"pcp-dstat 6.2.0 CSV Output"
"Author:","PCP team <pcp@groups.io> and Dag Wieers <dag@wieers.com>",,,,"URL:","https://pcp.io/ and http://dag.wieers.com/home-made/dstat/"
"Host:","ubuntu",,,,"User:","ubuntu"
"Cmdline:","dstat -tcmndrylpg --tcp --output /tmp/devstack_logs/dstat-csv.log",,,,"Date:","21 Jan 2026 20:09:53 UTC"
"system","total usage",,,,,"memory usage",,,,"net/total",,"dsk/total",,"io/total",,"system",,"load avg",,,"procs",,,"paging",,"tcp sockets",,,,
"time","total usage:usr","total usage:sys","total usage:idl","total usage:wai","total usage:stl","used","free","buf","cach","net/total:recv","net/total:send","dsk/total:read","dsk/total:writ","read","writ","int","csw","1m","5m","15m","run","blk","new","in","out","lis","act","syn","tim","clo"
21-01 20:09:53,,989740,1707352,163684,4960156,,,,,,,1.190,0.980,0.550,2,0,,,,10,6,0,17,0
21-01 20:09:54,15.498,20.998,61.993,1.000,0,1007068,1689164,163828,4960780,38003.841,12479.634,0,2675.707,0,101.989,6983,5975,1.190,0.980,0.550,2,0,560.939,0,0,10,6,0,17,0
21-01 20:09:55,27.748,18.499,51.997,0,0.250,1016912,1678868,163940,4961024,22230.661,9301.440,0,1335.920,0,46.997,5524,5570,1.180,0.980,0.550,2,0,348.979,0,0,10,6,0,17,0
21-01 20:09:56,28.458,15.727,54.170,0.499,0,1094196,1600900,164088,5028828,44507.436,12501.584,0,1609.629,0,50.925,6320,6941,1.180,0.980,0.550,5,0,229.662,0,0,11,5,0,17,1
21-01 20:09:57,19.240,7.246,72.214,0.250,0,1155100,1538832,164212,5087060,19260.358,11579.204,15.992,4641.676,0.999,47.976,3064,2599,1.180,0.980,0.550,1,0,86.956,0,0,11,6,0,17,2
21-01 20:09:58,30.276,14.513,53.797,1.001,0.250,1175376,1493320,164744,5109692,187414.792,8641.552,0,2790.439,0,94.082,4761,3295,1.180,0.980,0.550,2,0,175.153,0,0,11,6,0,19,2
21-01 20:09:59,41.933,7.987,48.422,0.250,0,1243684,1399204,165388,5131388,10534.111,1617.407,31.949,3670.116,1.997,66.893,3522,2177,1.180,0.980,0.550,2,0,25.958,0,0,11,6,0,19,2
21-01 20:10:00,43.933,5.492,47.678,1.498,0,1300416,1321008,165800,5150472,11934.876,1617.544,0,4305.462,0,193.706,4154,3408,1.240,1,0.560,8,0,0.998,0,0,11,8,0,19,2
21-01 20:10:01,29.604,8.530,43.904,15.806,0,1301076,1297208,167756,5169136,9840.557,1625.709,0,43035.126,0,3012.579,16729,23943,1.240,1,0.560,1,1,46.162,0,0,11,8,0,19,2
21-01 20:10:02,32.948,7.239,42.184,15.975,0.250,1300408,1265384,169220,5197420,8762.244,1617.461,0,52996.800,0,3637.290,17146,24145,1.240,1,0.560,3,0,35.944,0,0,11,8,0,19,2
21-01 20:10:03,37.031,7.006,51.543,2.752,0.250,1267048,1288752,169928,5205188,16032.328,3691.068,0,12338.257,0,770.641,5157,4710,1.240,1,0.560,2,0,75.062,0,0,11,7,0,19,2
21-01 20:10:04,46.031,5.254,48.533,0.250,0,1298004,1275876,169948,5187504,9142.202,2113.434,0,1753.189,0,176.119,3096,1559,1.240,1,0.560,2,0,18.012,0,0,11,4,0,19,0
21-01 20:10:05,38.174,6.238,53.144,1.248,0,1359056,1209320,170060,5192380,13659.740,3784.448,0,8347.342,0,521.958,4045,3329,1.310,1.020,0.570,2,0,26.946,0,0,11,4,0,19,1
21-01 20:10:06,41.744,5.999,51.242,0.250,0.250,1357952,1208948,170084,5193616,15636.670,2999.553,0,463.931,0,9.999,2875,1642,1.310,1.020,0.570,1,0,18.997,0,0,11,5,0,19,0
21-01 20:10:07,27.577,23.817,47.383,0.251,0,1227640,1331920,170592,5199128,10968.792,3398.541,0,7605.350,0,371.042,13972,20085,1.310,1.020,0.570,4,0,455.278,0,0,11,4,0,19,0
21-01 20:10:08,33.201,23.465,41.438,0,0,1238056,1320548,170676,5200280,7472.905,1617.598,0,119.822,0,8.987,13207,20236,1.310,1.020,0.570,2,0,354.474,0,0,11,4,0,19,0
21-01 20:10:09,52.387,18.211,27.940,0.249,0.499,1219556,1352448,170732,5188360,9726.947,1616.501,0,2211.214,0,41.909,5800,4903,1.310,1.020,0.570,3,0,203.559,0,0,11,5,0,19,0
21-01 20:10:10,67.485,7.526,24.335,0,0.251,1292296,1279412,170744,5188760,8538.784,1667.817,0,184.644,0,2.007,3847,1624,1.440,1.050,0.580,3,0,58.203,0,0,11,5,0,19,0
21-01 20:10:11,42.366,9.719,47.599,0,0,1318576,1251600,170780,5190236,10291.436,1656.758,0,7.975,0,1.994,3128,2878,1.440,1.050,0.580,2,0,17.943,0,0,11,5,0,19,0
21-01 20:10:12,13.513,8.007,77.072,0,0,1327176,1242144,170808,5191044,9653.033,1621.517,0,1289.206,0,11.010,3841,4873,1.440,1.050,0.580,0,0,118.111,0,0,11,4,0,20,0
21-01 20:10:13,20.243,7.247,71.725,0,0,1343664,1225668,170812,5191044,7065.494,1457.483,0,15134.631,0,71.974,3040,10690,1.440,1.050,0.580,1,0,57.979,0,0,11,4,0,21,0
21-01 20:10:14,23.502,2.500,73.506,0,0,1392044,1177284,170812,5191048,9693.727,1620.122,0,1656.124,0,4.000,1768,1169,1.440,1.050,0.580,1,0,0,0,0,11,4,0,21,0
21-01 20:10:15,23.504,2.000,72.261,1.500,0,1408888,1160104,170908,5191288,9623.441,1620.243,0,1380.207,0,187.028,3746,4470,1.410,1.050,0.580,1,0,1.000,0,0,11,4,0,23,0
21-01 20:10:16,19.046,7.267,72.174,0.501,0.501,1385260,1183288,171208,5191392,6697.109,1623.906,372.897,2578.201,20.048,146.352,2667,2125,1.410,1.050,0.580,1,0,42.101,0,0,11,4,0,16,0
21-01 20:10:17,23.687,2.493,72.805,0.249,0,1405036,1163128,171248,5191692,10189.692,1615.670,147.604,1140.942,35.904,24.933,2605,2437,1.410,1.050,0.580,1,0,0.997,0,0,11,16,0,17,0
21-01 20:10:18,20.753,6.251,71.762,0.500,0.500,1403884,1164104,171256,5191824,7751.272,1620.266,120.020,13134.156,30.005,53.009,2866,2157,1.410,1.050,0.580,1,0,45.007,0,0,11,28,0,18,0
21-01 20:10:19,22.491,3.249,73.470,0.250,0,1410532,1157436,171256,5191840,9279.234,1619.343,0,51.979,0,3.998,2127,1620,1.410,1.050,0.580,1,0,0,0,0,11,28,0,18,0
21-01 20:10:20,31.478,12.741,54.212,0,0,1462172,1105780,171256,5191856,9664.160,1618.854,0,11.992,0,2.998,3776,2462,1.450,1.060,0.590,2,0,155.890,0,0,11,28,0,18,0
21-01 20:10:21,45.644,5.768,47.901,0,0,1507204,1060348,171260,5192252,5394.042,1462.621,0,180.570,0,19.060,6237,8235,1.450,1.060,0.590,2,0,1.003,0,0,11,28,0,18,0
21-01 20:10:22,61.793,28.019,10.007,0,0,1530896,1036608,171260,5192300,9479.564,1621.123,0,2457.702,0,32.022,5767,4990,1.450,1.060,0.590,6,0,578.400,0,0,11,28,0,18,0
21-01 20:10:23,86.185,13.490,0.250,0,0.250,1715696,851788,171260,5192312,7442.415,1618.785,0,23190.598,0,182.863,6300,4885,1.450,1.060,0.590,7,0,0,0,0,11,29,0,18,0
21-01 20:10:24,82.525,14.254,3.001,0,0.250,1661236,905972,171276,5192552,9298.811,1620.490,0,1048.317,0,53.016,8295,13238,1.450,1.060,0.590,3,0,198.060,0,0,11,30,0,17,0
21-01 20:10:25,25.971,7.991,64.178,0,0,1587908,979252,171288,5192588,8506.485,1618.190,0,235.736,0,21.975,3392,3251,1.500,1.080,0.600,1,0,111.875,0,0,11,28,0,17,0
21-01 20:10:26,22.471,3.745,72.656,0.250,0,1547472,1019668,171296,5192600,9795.333,1617.908,0,227.706,0,19.974,2964,3200,1.500,1.080,0.600,2,0,12.983,0,0,11,28,0,17,0
21-01 20:10:27,19.295,7.267,72.671,0,0.501,1525376,1041764,171296,5192600,9227.695,1623.818,0,416.980,0,26.061,2571,1899,1.500,1.080,0.600,1,0,55.130,0,0,11,28,0,17,0
21-01 20:10:28,18.755,7.752,71.768,0,0,1438148,1128948,171308,5192628,5677.439,1714.435,0,152.039,0,20.005,3944,3974,1.500,1.080,0.600,2,0,98.025,0,0,11,28,0,16,0
21-01 20:10:29,17.254,29.506,53.011,0.250,0,1432792,1134288,171312,5192640,4842.000,1458.301,0,220.045,0,20.004,6612,5767,1.500,1.080,0.600,5,0,824.170,0,0,11,28,0,16,0
21-01 20:10:30,82.221,16.994,0.250,0,0,1612564,954484,171312,5192672,10110.393,1619.422,0,179.936,0,9.996,5243,3245,1.780,1.150,0.620,5,0,115.959,0,0,11,28,0,16,0
21-01 20:10:31,81.147,10.237,7.990,0,0,1674456,892352,171312,5192908,7198.892,1617.953,0,1494.110,0,61.922,8923,14326,1.780,1.150,0.620,5,0,0.999,0,0,11,31,0,16,0
21-01 20:10:32,74.701,23.485,0.750,0.250,0,1576964,989692,171348,5193024,9301.869,1618.933,0,3617.615,0,234.845,7032,7921,1.780,1.150,0.620,6,0,309.796,0,0,11,28,0,16,0
21-01 20:10:33,84.449,15.286,0.501,0,0.752,1702460,864160,171348,5193036,7157.904,1623.835,0,92458.355,0,285.675,6016,4031,1.780,1.150,0.620,7,0,0,0,0,11,29,0,16,0
21-01 20:10:34,87.362,10.234,1.747,0,0,1682024,884152,171368,5193456,9237.377,1617.440,0,3390.632,0,100.840,7853,14506,1.780,1.150,0.620,7,0,41.934,0,0,11,29,0,16,0
21-01 20:10:35,48.928,16.725,33.950,0,0.250,1571176,994932,171380,5193512,6440.469,1617.606,0,263.610,0,24.963,6343,7813,1.880,1.180,0.640,2,0,255.622,0,0,11,28,0,16,0
21-01 20:10:36,42.555,9.012,47.561,0,0,1553808,1012120,171404,5193668,6174.983,1622.097,0,244.316,0,20.026,4939,4667,1.880,1.180,0.640,5,0,81.105,0,0,11,29,0,16,0
21-01 20:10:37,63.352,21.034,15.275,0,0,1525032,1040852,171404,5193712,10429.780,1460.350,0,212.342,0,15.024,5771,5744,1.880,1.180,0.640,3,0,297.479,0,0,11,28,0,16,0
21-01 20:10:38,65.248,7.500,25.749,0.250,0,1516480,1049296,171432,5193792,8550.707,1619.944,0,2963.898,0,119.996,8176,11153,1.880,1.180,0.640,4,0,39.999,0,0,11,28,0,17,0
21-01 20:10:39,73.663,23.472,2.747,0,0.250,1575008,990752,171432,5193808,7261.458,1618.097,0,187.779,0,8.989,5254,3247,1.880,1.180,0.640,4,0,217.744,0,0,11,28,0,17,0
21-01 20:10:40,77.589,10.262,11.513,0,0,1499516,1066016,171436,5194028,10083.585,1621.863,0,260.299,0,22.025,8142,12331,2.050,1.220,0.650,3,0,90.104,0,0,11,29,0,19,0
21-01 20:10:41,56.499,18.250,24.249,0.250,0.250,1554096,1011276,171448,5194180,9179.802,1619.965,0,419.991,0,37.999,5039,3504,2.050,1.220,0.650,3,0,234.995,0,0,11,28,0,19,0
21-01 20:10:42,62.888,12.478,23.708,0,0,1559296,1005976,171464,5194264,10980.460,1617.122,0,842.501,0,44.920,7741,11061,2.050,1.220,0.650,4,0,164.707,0,0,11,28,0,21,0
21-01 20:10:43,63.895,17.721,17.970,0.499,0.499,1589868,975368,171464,5194276,11057.754,1617.331,0,5962.162,0,386.362,4836,2375,2.050,1.220,0.650,3,0,139.769,0,0,11,28,0,21,0
21-01 20:10:44,60.209,12.794,25.840,0,0,1571996,992904,171472,5194704,7477.911,1463.069,0,317.099,0,25.087,7731,10576,2.050,1.220,0.650,6,0,219.761,0,0,11,28,0,21,0
21-01 20:10:45,62.205,13.990,23.483,0,0,1595772,969108,171472,5194724,11032.937,1618.817,0,219.839,0,10.992,3882,1860,2.120,1.250,0.670,5,0,67.950,0,0,11,29,0,16,0
21-01 20:10:46,57.158,13.229,27.955,0.250,0,1473428,1091244,171488,5194916,7338.216,1617.403,0,343.448,0,34.944,7749,9802,2.120,1.250,0.670,3,0,111.820,0,0,11,28,0,18,0
21-01 20:10:47,64.098,10.767,25.038,0,0,1542636,1022004,171496,5194940,5601.589,1622.488,0,240.369,0,14.021,4270,2833,2.120,1.250,0.670,3,0,0,0,0,11,28,0,18,0
21-01 20:10:48,58.805,22.271,18.267,0,0.250,1484284,1080272,171504,5195016,9406.850,1621.526,0,832.784,0,50.047,7637,9906,2.120,1.250,0.670,5,0,415.391,0,0,11,28,0,19,0
21-01 20:10:49,78.002,22.000,0,0,0,1618340,946168,171512,5195056,8888.197,1620.036,0,300.007,0,20.000,5591,4360,2.120,1.250,0.670,7,0,339.008,0,0,11,28,0,16,0
21-01 20:10:50,81.390,16.727,0.749,0,0.499,1736588,827752,171520,5195220,9387.284,1617.809,0,347.529,0,19.973,7873,9608,2.590,1.370,0.710,7,0,297.597,0,0,11,30,0,16,0
21-01 20:10:51,76.290,24.013,0.500,0,0.250,1610148,953908,171528,5195496,7436.892,1662.870,0,656.343,0,50.026,7203,8274,2.590,1.370,0.710,9,0,443.232,0,0,11,28,0,16,0
21-01 20:10:52,77.044,22.263,0.250,0,0,1629452,934556,171528,5195548,5543.177,1458.836,0,332.190,0,23.013,6054,6171,2.590,1.370,0.710,5,0,360.206,0,0,11,28,0,16,0
21-01 20:10:53,85.786,10.723,2.993,0,0,1684996,878944,171528,5195616,10014.046,1615.973,0,2549.647,0,96.759,7869,10685,2.590,1.370,0.710,7,0,35.911,0,0,11,30,0,16,0
21-01 20:10:54,40.831,26.052,32.314,0,0,1446720,1117008,171528,5195828,8098.105,1623.228,0,20.040,0,5.010,7904,10823,2.590,1.370,0.710,2,0,618.229,0,0,11,28,0,16,0
21-01 20:10:55,36.275,36.025,27.519,0,0,1495484,1068164,171528,5195908,10133.028,1621.124,0,48.033,0,12.008,6289,5708,2.630,1.390,0.720,5,0,890.618,0,0,11,28,0,16,0
21-01 20:10:56,85.020,11.718,2.244,0,0,1631412,932188,171528,5195956,10020.928,1615.635,0,127.655,0,9.973,5627,5514,2.630,1.390,0.720,4,0,58.841,0,0,11,30,0,18,0
21-01 20:10:57,74.205,19.805,5.265,0.251,0.251,1546320,1017064,171544,5196156,9578.444,1624.485,0,2406.644,0,125.346,7294,9334,2.630,1.390,0.720,5,0,268.742,0,0,11,28,0,18,0
21-01 20:10:58,84.159,11.238,3.996,0,0.499,1606052,957292,171544,5196196,9878.289,1618.245,0,179.805,0,7.991,5840,6196,2.630,1.390,0.720,4,0,0,0,0,11,31,0,20,0
21-01 20:10:59,59.291,8.256,31.772,0,0,1619644,943280,171552,5196608,5622.925,1621.132,0,388.271,0,24.017,12860,21630,2.630,1.390,0.720,4,0,30.021,0,0,11,31,0,23,0
21-01 20:11:00,79.926,15.735,3.497,0,0.250,1561520,1001356,171560,5196648,5060.310,1618.500,0,419.611,0,43.959,6751,7049,2.820,1.450,0.740,4,0,89.917,0,0,11,29,0,23,0
21-01 20:11:01,79.568,8.507,11.260,0,0,1624728,937932,171560,5196864,9459.078,1459.246,0,160.137,0,9.008,8093,11760,2.820,1.450,0.740,2,0,0,0,0,11,32,0,21,0
21-01 20:11:02,64.267,11.503,22.506,0,0,1615964,946416,171564,5197140,7555.053,1620.440,0,144.039,0,9.002,11248,18906,2.820,1.450,0.740,4,0,129.035,0,0,11,28,0,21,0
21-01 20:11:03,80.233,18.439,1.246,0,0.249,1589824,972520,171568,5197172,11777.823,1614.629,0,115.615,0,6.977,5221,3307,2.820,1.450,0.740,5,0,131.562,0,0,11,30,0,21,0
21-01 20:11:04,75.008,8.529,16.557,0,0,1597832,964268,171572,5197412,9437.502,1625.598,0,252.871,0,22.076,9188,16451,2.820,1.450,0.740,5,0,4.014,0,0,11,28,0,22,0
21-01 20:11:05,80.500,18.500,0.750,0,0.250,1595964,965960,171580,5197580,12126.020,1662.003,0,208.000,0,23.000,5662,4408,2.910,1.500,0.760,4,0,124.000,0,0,11,28,0,22,0
21-01 20:11:06,76.626,12.979,8.985,0.250,0.250,1556368,1005476,171584,5197656,7709.510,1617.380,0,299.515,0,30.950,7018,10067,2.910,1.500,0.760,5,0,119.806,0,0,11,30,0,22,0
21-01 20:11:07,79.629,16.026,3.756,0,0,1554824,1006820,171584,5197856,6946.283,1622.636,0,148.241,0,8.013,6193,10120,2.910,1.500,0.760,4,0,141.229,0,0,11,29,0,23,0
21-01 20:11:08,80.581,15.218,3.493,0,0.249,1563364,998212,171588,5197920,5533.392,1616.609,0,151.682,0,9.979,6114,8274,2.910,1.500,0.760,5,0,85.820,0,0,11,29,0,23,0
21-01 20:11:09,81.924,14.280,3.257,0,0,1598264,963128,171588,5198104,10335.915,1461.098,0,3491.403,0,145.308,6072,6372,2.910,1.500,0.760,4,0,68.144,0,0,11,28,0,23,0
21-01 20:11:10,78.721,14.245,7.247,0.250,0.250,1618836,942464,171612,5198172,7757.143,1619.404,0,463.829,0,44.983,6653,9026,3.160,1.570,0.790,3,0,137.949,0,0,11,28,0,24,0
21-01 20:11:11,61.866,13.221,23.449,0,0,1568796,992492,171616,5198180,11017.054,1616.487,0,291.367,0,26.941,4825,3656,3.160,1.570,0.790,3,0,119.740,0,0,11,28,0,24,0
21-01 20:11:12,63.546,11.463,24.920,0,0.249,1574316,986632,171616,5198520,7207.812,1614.805,0,239.230,0,17.942,6790,9136,3.160,1.570,0.790,3,0,96.689,0,0,11,28,0,26,0
21-01 20:11:13,64.166,16.543,18.047,0,0.251,1588872,972048,171616,5198564,10059.097,1666.323,0,188.489,0,8.021,5068,13738,3.160,1.570,0.790,4,0,122.317,0,0,11,28,0,24,0
21-01 20:11:14,56.679,9.530,33.606,0,0,1594408,966396,171628,5198676,7796.689,1625.146,0,601.906,0,65.206,7365,10993,3.160,1.570,0.790,2,0,86.273,0,0,11,29,0,25,0
21-01 20:11:15,39.132,11.715,48.105,0.249,0,1527776,1033020,171636,5198676,7005.834,1615.120,0,263.205,0,21.934,3723,2575,3.150,1.600,0.800,2,0,134.593,0,0,11,28,0,25,0
21-01 20:11:16,45.754,4.250,48.254,0.250,0,1559684,1000968,171636,5198820,11166.962,1620.140,0,196.017,0,16.001,5004,6127,3.150,1.600,0.800,2,0,0,0,0,11,28,0,25,0
21-01 20:11:17,37.998,14.249,47.747,0,0,1514580,1046056,171640,5198828,7544.539,1619.901,0,787.952,0,51.997,3935,2645,3.150,1.600,0.800,2,0,137.992,0,0,11,28,0,25,0
21-01 20:11:18,42.364,8.774,47.378,0.501,0.251,1467988,1092460,171648,5198972,6112.520,1461.951,0,421.138,0,49.133,5270,6511,3.150,1.600,0.800,2,0,64.173,0,0,11,32,0,22,0
21-01 20:11:19,43.875,6.482,48.612,0,0,1454420,1106020,171648,5198980,14290.352,1615.405,0,131.626,0,8.974,3178,2050,3.150,1.600,0.800,2,0,4.986,0,0,11,32,0,22,0
21-01 20:11:20,43.747,8.249,47.747,0,0,1449852,1110388,171652,5199172,8549.438,1619.894,0,331.978,0,30.998,5929,7600,2.970,1.580,0.800,2,0,47.997,0,0,11,32,0,22,0
21-01 20:11:21,44.846,6.013,48.605,0.251,0.251,1519028,1041204,171652,5199180,14489.172,1623.493,0,140.302,0,6.013,3165,2094,2.970,1.580,0.800,3,0,0,0,0,11,32,0,22,0
21-01 20:11:22,37.499,14.250,46.498,0,0.250,1395004,1165108,171664,5199284,10511.644,1619.945,0,319.989,0,35.999,6965,8522,2.970,1.580,0.800,3,0,262.991,0,0,11,32,0,21,0
21-01 20:11:23,23.008,3.751,73.024,0.250,0,1442124,1117984,171664,5199288,8000.628,1620.532,0,228.075,0,13.004,2280,1834,2.970,1.580,0.800,1,0,20.007,0,0,11,33,0,22,0
21-01 20:11:24,15.007,13.757,69.784,0,0.250,1414068,1145880,171668,5199444,9541.624,1620.786,0,268.130,0,29.014,5282,5255,2.970,1.580,0.800,1,0,263.128,0,0,11,32,0,22,0
21-01 20:11:25,20.700,4.489,73.573,0,0,1445784,1114156,171672,5199448,7821.209,1616.117,0,187.549,0,9.976,1855,1340,2.820,1.580,0.800,2,0,20.950,0,0,11,33,0,22,0
21-01 20:11:26,21.768,5.254,72.058,0,0,1392068,1167836,171684,5199472,10884.811,1459.181,0,584.473,0,39.032,4074,4624,2.820,1.580,0.800,2,0,46.037,0,0,11,32,0,22,0
21-01 20:11:27,22.514,3.252,73.547,0,0,1396592,1163300,171688,5199476,11195.127,1621.032,0,112.071,0,6.004,1962,1708,2.820,1.580,0.800,2,0,0,0,0,11,32,0,22,0
21-01 20:11:28,21.518,5.505,71.810,0.500,0.250,1372612,1187240,171692,5199512,9510.979,1715.439,0,1513.270,0,17.014,5057,6320,2.820,1.580,0.800,2,0,71.060,0,0,11,32,0,23,0
21-01 20:11:29,15.734,21.728,61.189,0.250,0,1390800,1168848,171736,5199664,5110.863,1618.373,0,3360.622,0,198.800,6660,5238,2.820,1.580,0.800,2,0,554.443,0,0,11,32,0,25,0
21-01 20:11:30,43.026,7.505,48.779,0,0.250,1528284,1030024,171864,5200736,5394.240,1620.974,0,720.433,0,17.010,2815,1876,2.750,1.580,0.810,3,0,2.001,0,0,11,32,0,25,0
21-01 20:11:31,35.276,6.255,44.032,13.260,0,1519916,1032496,172668,5205332,5744.204,1621.186,0,22792.679,0,2094.533,14614,20007,2.750,1.580,0.810,2,0,88.064,0,0,11,36,0,25,0
21-01 20:11:32,31.733,8.495,40.478,16.741,0.500,1539600,1009532,173360,5207828,9325.977,1619.128,0,42637.034,0,3480.125,18777,27086,2.750,1.580,0.810,1,1,71.961,0,0,11,36,0,25,0
21-01 20:11:33,40.494,7.249,40.494,10.248,0,1458592,1090316,173596,5207796,7501.886,1619.760,0,32375.194,0,2370.648,11069,17381,2.750,1.580,0.810,2,0,17.997,0,0,11,32,0,25,0
21-01 20:11:34,43.815,6.722,47.798,0.747,0,1527108,1021772,173612,5207808,10156.162,1451.876,0,1302.506,0,124.475,3680,2696,2.750,1.580,0.810,2,0,2.987,0,0,11,34,0,25,0
21-01 20:11:35,33.596,7.772,41.869,14.040,0,1498748,1049084,174176,5208288,7683.901,1624.631,0,16559.198,0,2483.077,18057,26593,2.770,1.610,0.820,3,0,1.003,0,0,11,34,0,25,0
21-01 20:11:36,30.494,7.999,59.239,2.250,0,1454996,1092752,174228,5208316,9735.230,1619.705,0,4819.124,0,402.927,5029,5068,2.770,1.610,0.820,1,0,99.982,0,0,11,32,0,25,0
21-01 20:11:37,22.737,3.498,72.708,0.250,0,1480752,1066968,174236,5208336,13108.476,1619.071,0,939.461,0,46.973,2031,1552,2.770,1.610,0.820,1,0,0.999,0,0,11,32,0,25,0
21-01 20:11:38,22.500,3.750,71.001,1.750,0,1519608,1028064,174284,5208336,8163.105,1620.021,0,7556.097,0,414.005,3079,2903,2.770,1.610,0.820,1,0,2.000,0,0,11,32,0,24,0
21-01 20:11:39,21.502,3.750,74.008,0.250,0.250,1481216,1066436,174292,5208348,5880.627,1620.173,0,152.016,0,12.001,1828,1289,2.770,1.610,0.820,1,0,1.000,0,0,11,32,0,24,0
21-01 20:11:40,21.752,3.750,73.257,0.500,0,1476872,1070684,174300,5208420,11282.084,1620.156,0,524.050,0,75.007,2002,1235,2.630,1.600,0.820,2,0,5.000,0,0,11,32,0,24,0
21-01 20:11:41,22.745,3.499,73.483,0,0.250,1498024,1049532,174300,5208420,10343.617,1619.627,0,3.999,0,1.000,1835,1232,2.630,1.600,0.820,1,0,0,0,0,11,32,0,24,0
21-01 20:11:42,22.752,3.000,73.258,0,0,1473052,1074416,174300,5208508,12180.295,1458.155,0,0,0,0,1870,1191,2.630,1.600,0.820,1,0,4.000,0,0,11,32,0,20,0
21-01 20:11:43,22.499,4.750,72.495,0,0,1453212,1094172,174312,5208536,13642.094,1619.892,0,139.991,0,3.000,2106,1516,2.630,1.600,0.820,1,0,7.000,0,0,11,32,0,20,0
21-01 20:11:44,22.749,4.000,71.745,1.250,0,1462884,1084476,174336,5208536,9814.378,1619.897,0,7251.540,0,317.980,2707,2513,2.630,1.600,0.820,1,0,2.000,0,0,11,32,0,20,0
21-01 20:11:45,21.747,3.999,72.489,0.500,0,1465644,1081704,174348,5208560,12984.038,1619.755,0,3699.441,0,260.961,2448,1915,2.500,1.590,0.830,1,0,1.000,0,0,11,32,0,20,0
21-01 20:11:46,22.757,3.251,73.271,0,0.500,1469312,1078004,174348,5208592,10485.025,1620.467,0,88.025,0,4.001,1833,1251,2.500,1.590,0.830,1,0,1.000,0,0,11,32,0,18,0
21-01 20:11:47,21.994,3.999,73.479,0,0,1486304,1061012,174348,5208592,11336.685,1619.526,0,3.999,0,1.000,1876,1321,2.500,1.590,0.830,1,0,1.999,0,0,11,32,0,18,0
21-01 20:11:48,16.297,9.026,73.213,0,0.251,1450380,1096772,174356,5208728,11427.196,1624.720,0,0,0,0,3064,2059,2.500,1.590,0.830,2,0,121.353,0,0,11,32,0,18,0
21-01 20:11:49,7.497,22.990,67.470,0,0.250,1440060,1107032,174356,5208752,5643.517,1619.288,0,703.690,0,7.996,5628,4077,2.500,1.590,0.830,1,0,395.826,0,0,11,32,0,18,0
21-01 20:11:50,7.999,20.748,69.992,0,0,1414940,1131976,174360,5208920,8878.974,1661.808,0,607.930,0,38.995,5720,4036,2.300,1.560,0.820,1,0,364.958,0,0,11,32,0,17,0
21-01 20:11:51,8.003,21.757,68.772,0,0,1398900,1147972,174360,5208948,8911.821,1458.462,0,228.072,0,3.001,6086,4589,2.300,1.560,0.820,2,0,449.142,0,0,11,32,0,17,0
21-01 20:11:52,20.702,4.739,73.580,0,0,1454256,1092620,174360,5208944,9949.020,1616.267,0,0,0,0,2187,1673,2.300,1.560,0.820,1,0,42.901,0,0,11,32,0,17,0
21-01 20:11:53,22.758,3.001,73.525,0,0.250,1447804,1099056,174360,5208960,10334.536,1620.554,0,24.008,0,3.001,1795,1166,2.300,1.560,0.820,1,0,3.001,0,0,11,32,0,17,0
21-01 20:11:54,21.242,4.498,73.971,0,0.250,1486724,1060156,174360,5208940,5473.871,1619.370,0,0,0,0,1758,1259,2.300,1.560,0.820,1,0,1.999,0,0,11,32,0,17,0
21-01 20:11:55,22.756,3.251,72.769,0,0,1474796,1072016,174368,5209000,9597.487,1620.420,0,448.116,0,32.008,2062,1635,2.190,1.550,0.820,1,0,1.000,0,0,11,32,0,17,0
21-01 20:11:56,21.489,4.248,73.462,0,0,1482132,1064692,174368,5208988,7379.214,1619.169,0,0,0,0,1804,1145,2.190,1.550,0.820,1,0,1.999,0,0,11,32,0,17,0
21-01 20:11:57,22.758,3.001,73.527,0,0,1463304,1083524,174368,5208980,5549.065,1620.603,0,12.004,0,1.000,1775,1222,2.190,1.550,0.820,1,0,1.000,0,0,11,32,0,17,0
21-01 20:11:58,22.023,4.004,73.578,0,0.250,1475408,1071420,174368,5208980,9875.446,1621.715,0,40.042,0,1.001,1821,1234,2.190,1.550,0.820,1,0,2.002,0,0,11,32,0,13,0
21-01 20:11:59,22.725,2.997,73.920,0,0,1451588,1095232,174368,5208988,7773.612,1456.428,0,23.974,0,1.998,1755,1182,2.190,1.550,0.820,1,0,0.999,0,0,11,32,0,13,0
21-01 20:12:00,22.288,3.005,73.374,0.250,0,1499116,1047700,174368,5208992,9942.848,1622.750,0,765.297,0,93.158,1906,1133,2.100,1.540,0.820,1,0,3.005,0,0,11,32,0,13,0
21-01 20:12:01,22.231,3.747,73.436,0,0,1459160,1087668,174368,5208980,8079.001,1618.598,0,0,0,0,1801,1265,2.100,1.540,0.820,1,0,0.999,0,0,11,32,0,13,0
21-01 20:12:02,22.529,3.254,73.845,0,0.501,1444852,1101948,174368,5209004,8000.241,1622.076,0,24.031,0,1.001,1787,1125,2.100,1.540,0.820,1,0,4.005,0,0,11,32,0,13,0
21-01 20:12:03,22.240,3.249,73.467,0,0,1473504,1073384,174368,5208916,9956.467,1619.263,0,0,0,0,1779,1200,2.100,1.540,0.820,1,0,0,0,0,11,32,0,10,0
21-01 20:12:04,22.240,3.498,73.966,0,0,1461808,1084992,174368,5209004,10402.184,1619.250,0,95.956,0,1.999,1750,1060,2.100,1.540,0.820,1,0,2.999,0,0,11,32,0,10,0
21-01 20:12:05,21.738,3.998,72.959,0,0,1444604,1102188,174376,5209004,10420.207,1619.100,0,2402.664,0,47.973,2072,1747,2.010,1.530,0.820,1,0,0.999,0,0,11,32,0,10,0
21-01 20:12:06,22.233,3.497,73.444,0,0,1467876,1078936,174376,5208984,8155.767,1660.731,0,127.902,0,24.981,1768,1198,2.010,1.530,0.820,1,0,1.998,0,0,11,32,0,10,0
21-01 20:12:07,22.798,3.006,73.905,0,0,1453240,1093552,174376,5209004,9750.387,1461.055,0,20.042,0,1.002,1793,1167,2.010,1.530,0.820,1,0,1.002,0,0,11,32,0,8,0
21-01 20:12:08,22.740,3.499,73.719,0,0.250,1453240,1093552,174376,5209004,8442.393,1619.308,0,19.991,0,1.000,1760,1288,2.010,1.530,0.820,1,0,1.000,0,0,11,32,0,8,0
21-01 20:12:09,21.496,3.499,73.486,0,0,1468188,1078616,174376,5208992,7694.556,1619.696,0,0,0,0,1800,1315,2.010,1.530,0.820,3,0,2.000,0,0,11,32,0,8,0
21-01 20:12:10,19.274,8.010,72.592,0.250,0,1460588,1086180,174376,5209028,5601.070,1622.047,0,208.263,0,5.006,2486,1601,1.930,1.520,0.820,1,0,76.096,0,0,11,32,0,8,0
21-01 20:12:11,10.996,18.494,69.227,0,0.500,1442720,1104028,174376,5209048,8963.995,1619.457,0,311.895,0,33.989,5416,3979,1.930,1.520,0.820,1,0,383.871,0,0,11,32,0,7,0
21-01 20:12:12,21.694,3.740,73.310,0,0,1451708,1095028,174376,5209060,7811.754,1615.812,0,0,0,0,1761,1243,1.930,1.520,0.820,2,0,0.997,0,0,11,32,0,7,0
21-01 20:12:13,28.024,5.505,66.308,0,0.250,1434600,1111876,174380,5209304,10890.454,1663.444,0,0,0,0,2740,10840,1.930,1.520,0.820,2,0,45.039,0,0,11,32,0,8,0
21-01 20:12:14,22.977,2.747,73.426,0,0,1453916,1092560,174380,5209304,7702.199,1618.361,0,7.992,0,0.999,1725,1117,1.930,1.520,0.820,2,0,0,0,0,11,32,0,8,0
21-01 20:12:15,10.284,21.571,67.221,0.251,0,1431748,1114564,174388,5209456,10088.155,1462.808,40.132,1003.297,2.007,87.287,6027,4741,1.930,1.530,0.830,2,0,420.382,0,0,11,32,0,5,0
21-01 20:12:16,7.748,22.243,67.979,0,0,1408176,1138104,174388,5209484,7999.484,1619.491,0,183.942,0,4.998,6191,4768,1.930,1.530,0.830,1,0,479.849,0,0,11,32,0,5,0
21-01 20:12:17,8.253,22.757,68.272,0,0.250,1409216,1137032,174388,5209516,7173.323,1620.525,0,492.159,0,32.010,6430,5094,1.930,1.530,0.830,1,0,516.167,0,0,11,32,0,5,0
21-01 20:12:18,7.748,22.244,68.482,0,0,1402640,1143520,174388,5209560,10231.291,1619.571,0,1287.659,0,13.996,6409,4967,1.930,1.530,0.830,1,0,528.860,0,0,11,32,0,5,0
21-01 20:12:19,8.252,22.755,67.515,0,0.250,1407776,1138360,174388,5209580,7432.646,1620.359,0,1020.226,0,12.003,5933,4314,1.930,1.530,0.830,1,0,436.097,0,0,11,32,0,5,0
21-01 20:12:20,7.731,21.697,68.832,0,0,1379932,1166184,174388,5209600,5784.886,1616.057,0,853.917,0,9.976,5468,3748,1.860,1.520,0.830,1,0,342.165,0,0,11,32,0,5,0
21-01 20:12:21,7.513,21.538,68.873,0,0.250,1368808,1177272,174388,5209620,9783.436,1622.892,0,500.893,0,10.018,5270,3653,1.860,1.520,0.830,1,0,309.552,0,0,11,32,0,5,0
21-01 20:12:22,7.988,20.719,69.145,0,0,1372464,1173592,174388,5209644,8180.621,1617.552,0,119.819,0,4.992,5371,3801,1.860,1.520,0.830,2,0,334.494,0,0,11,32,0,5,0
21-01 20:12:23,8.516,22.292,68.379,0,0.250,1363392,1182632,174388,5209672,11672.055,1460.760,0,376.712,0,38.072,5734,4185,1.860,1.520,0.830,1,0,409.774,0,0,11,32,0,5,0
21-01 20:12:24,7.977,21.688,68.804,0,0,1355436,1190428,174388,5209828,9658.506,1615.402,0,47.864,0,11.966,5995,4446,1.860,1.520,0.830,1,0,450.717,0,0,11,32,0,5,0
21-01 20:12:25,20.052,26.068,52.638,0.251,0,1359008,1186784,174428,5209860,6672.447,1624.247,0,1070.800,0,60.157,7211,6599,1.790,1.510,0.830,5,0,678.775,0,0,11,32,0,7,0
21-01 20:12:26,60.781,16.258,21.261,0,0,1520304,1025048,174532,5210192,13265.689,1620.817,0,668.337,0,43.022,4980,3544,1.790,1.510,0.830,3,0,247.125,0,0,11,32,0,11,0
21-01 20:12:27,54.489,10.498,26.245,7.998,0.500,1614656,920272,175404,5218728,9798.013,1619.671,371.925,29466.023,2.999,2240.546,14093,19753,1.790,1.510,0.830,2,1,69.986,0,0,11,38,0,10,0
21-01 20:12:28,38.505,12.502,30.754,15.752,0.250,1624752,900156,176112,5227552,6064.857,1714.242,0,80347.359,0,5633.796,26717,40251,1.790,1.510,0.830,2,0,154.022,0,0,11,36,0,12,0
21-01 20:12:29,38.244,8.249,30.745,19.247,0,1647872,867676,176356,5236332,9056.609,1619.751,0,71005.092,0,5201.201,26190,39899,1.790,1.510,0.830,2,4,59.991,0,0,11,36,0,14,1
21-01 20:12:30,41.989,12.247,28.493,15.496,0,1691220,817276,176636,5242832,6905.261,1619.592,0,53658.487,0,4104.966,19627,29532,2.050,1.570,0.850,3,1,99.975,0,0,11,36,0,15,0
21-01 20:12:31,42.744,18.498,24.747,11.748,0,1640632,861460,177048,5248880,9378.780,1457.810,371.952,44126.258,5.999,3115.595,17398,28785,2.050,1.570,0.850,5,1,327.957,0,0,11,35,0,12,0
21-01 20:12:32,42.758,20.004,24.004,11.252,0,1625440,871324,177316,5253388,9589.795,1620.303,1792.335,49294.225,34.006,3252.609,19697,33543,2.050,1.570,0.850,2,1,260.049,0,0,11,34,0,12,0
21-01 20:12:33,31.000,10.250,38.500,17.250,0,1650744,841276,177508,5257776,6143.057,1620.015,0,48332.445,0,3591.033,18237,27596,2.050,1.570,0.850,3,0,74.001,0,0,11,35,0,12,0
21-01 20:12:34,32.232,7.246,43.226,14.492,0.250,1640052,848168,177612,5261380,9949.406,1619.090,0,44674.884,0,3678.932,19399,32133,2.050,1.570,0.850,2,0,47.973,0,0,11,35,0,12,0
21-01 20:12:35,31.257,10.502,41.759,14.753,0,1555044,932980,177784,5261368,7208.586,1620.356,0,36255.976,0,3129.689,18326,27689,2.040,1.580,0.860,3,0,95.021,0,0,11,34,0,12,0
21-01 20:12:36,36.754,6.751,40.754,12.501,0.500,1574568,912404,177972,5262212,9605.986,1620.166,0,25142.582,0,2395.246,15263,22614,2.040,1.580,0.860,2,1,27.003,0,0,11,35,0,14,0
21-01 20:12:37,31.510,9.003,42.263,15.255,0,1553264,933256,178208,5262396,7083.252,1620.515,0,40372.833,0,3433.091,20091,31480,2.040,1.580,0.860,4,0,60.019,0,0,11,34,0,14,0
21-01 20:12:38,34.734,7.497,42.980,13.494,0.250,1613496,871060,178272,5264248,9989.347,1619.246,0,35239.584,0,3068.571,17282,25620,2.040,1.580,0.860,6,1,32.985,0,0,11,36,0,14,0
21-01 20:12:39,38.027,7.505,39.528,13.760,0,1602140,880376,178320,5266204,7559.288,1621.134,0,37186.012,0,3247.272,19040,31036,2.040,1.580,0.860,3,0,39.027,0,0,11,37,0,15,0
21-01 20:12:40,30.246,10.748,40.744,16.248,0,1557572,922252,178396,5268732,5372.229,1457.791,0,40230.225,0,3521.494,19215,27987,2.200,1.620,0.880,2,0,93.987,0,0,11,36,0,15,0
21-01 20:12:41,33.221,6.994,41.463,14.987,0,1577388,900136,178500,5270860,6856.915,1618.564,0,39069.329,0,3220.142,18371,27342,2.200,1.620,0.880,2,1,44.960,0,0,11,36,0,16,0
21-01 20:12:42,29.258,9.253,44.262,15.504,0,1540560,934408,178624,5273228,11145.147,1620.458,0,35778.102,0,3179.898,17651,25714,2.200,1.620,0.880,5,0,98.028,0,0,11,36,0,16,0
21-01 20:12:43,32.252,10.251,40.003,15.501,0.250,1518844,953816,178684,5275356,10114.768,1620.123,0,39759.020,0,3339.254,19393,29084,2.200,1.620,0.880,1,1,135.010,0,0,11,36,0,17,0
21-01 20:12:44,34.005,8.251,39.756,14.752,0,1589208,882024,178712,5276716,10986.659,1620.245,0,35261.324,0,2909.439,16684,24189,2.200,1.620,0.880,1,1,30.005,0,0,11,36,0,17,0
21-01 20:12:45,31.764,9.004,41.769,15.007,0.250,1601964,873400,178740,5272532,7953.563,1620.726,0,36340.280,0,3225.445,17744,29320,2.340,1.660,0.900,2,0,52.023,0,0,11,36,0,17,0
21-01 20:12:46,34.751,8.500,38.501,15.751,0.250,1648920,826304,178764,5272648,8961.321,1620.058,0,43797.571,0,3516.126,15286,27411,2.340,1.660,0.900,2,0,39.001,0,0,11,36,0,17,0
21-01 20:12:47,31.502,14.001,48.753,4.250,0,1489508,985648,178776,5272704,9392.622,1620.107,0,17153.135,0,1056.070,9658,11440,2.340,1.660,0.900,2,0,346.023,0,0,11,32,0,18,0
21-01 20:12:48,11.742,24.483,62.457,0.250,0,1470532,1004492,178780,5272832,6994.212,1618.892,0,819.439,0,56.961,6786,5668,2.340,1.660,0.900,3,0,615.579,0,0,11,32,0,20,0
21-01 20:12:49,63.362,11.226,23.449,1.247,0,1592216,882072,178828,5273520,5042.056,1454.842,0,5476.113,0,321.303,5271,3746,2.340,1.660,0.900,4,0,49.892,0,0,11,32,0,24,0
21-01 20:12:50,67.296,8.756,23.266,0,0,1693292,777772,178948,5276416,9283.366,1663.141,0,3534.424,0,120.082,4148,2178,2.400,1.680,0.910,4,0,3.002,0,0,11,32,0,24,0
21-01 20:12:51,51.353,7.265,32.315,8.768,0.501,1765524,696944,179100,5284340,9292.564,1623.243,0,29895.722,0,1965.927,12425,16099,2.400,1.680,0.910,1,2,99.198,0,0,11,38,0,24,0
21-01 20:12:52,21.250,8.250,47.251,20.000,0,1765812,687144,179244,5293416,10655.141,1620.021,0,77709.028,0,5536.073,26666,40691,2.400,1.680,0.910,1,1,184.002,0,0,11,38,0,24,0
21-01 20:12:53,19.492,7.997,46.981,22.241,0,1773724,671016,179292,5301336,7858.740,1619.328,0,83481.370,0,5863.568,27432,42157,2.400,1.680,0.910,0,1,167.930,0,0,11,38,0,24,0
21-01 20:12:54,29.762,7.253,42.018,19.258,0,1774380,663960,179360,5307408,11879.965,1620.677,0,64346.893,0,4975.079,22689,36970,2.400,1.680,0.910,2,2,135.056,0,0,11,38,0,24,0
21-01 20:12:55,34.237,10.996,32.487,19.492,0,1692292,737796,179436,5315352,7847.976,1619.376,0,58701.381,0,4528.255,23489,34394,2.930,1.800,0.950,1,1,192.926,0,0,11,36,0,24,0
21-01 20:12:56,39.987,8.997,31.489,17.744,0.500,1760284,662700,179492,5322152,5403.180,1619.455,0,74322.970,0,5017.310,23310,34676,2.930,1.800,0.950,1,1,49.983,0,0,11,36,0,24,0
21-01 20:12:57,29.025,8.257,41.535,18.266,0,1709216,701260,179524,5334120,8756.481,1621.385,0,50735.344,0,3636.106,19534,28875,2.930,1.800,0.950,0,1,81.069,0,0,11,36,0,24,0
21-01 20:12:58,15.486,7.244,52.204,21.731,0,1704880,703580,179544,5336044,10333.889,1456.716,0,75565.375,0,5427.215,23647,38159,2.930,1.800,0.950,2,2,59.947,0,0,11,36,0,24,0
21-01 20:12:59,27.975,5.245,47.958,16.485,0.250,1697852,707760,179560,5338776,5976.731,1618.573,0,57113.647,0,4213.285,19540,30769,2.930,1.800,0.950,3,0,65.942,0,0,11,36,0,24,0
21-01 20:13:00,24.262,11.756,62.782,0.250,0,1487752,917828,179560,5338800,11707.888,1620.815,0,1036.521,0,56.028,3904,2957,2.770,1.790,0.950,2,0,249.125,0,0,11,32,0,24,0
21-01 20:13:01,21.982,4.247,72.192,0.500,0,1542480,863088,179560,5338804,7188.253,1618.706,0,4752.201,0,72.942,2081,1596,2.770,1.790,0.950,2,0,0.999,0,0,11,32,0,24,0
21-01 20:13:02,24.265,2.251,71.293,1.251,0,1570608,834956,179560,5338808,9301.663,1620.987,0,4546.768,0,247.150,2939,2880,2.770,1.790,0.950,2,0,3.002,0,0,11,34,0,24,0
21-01 20:13:03,20.986,4.747,73.450,0,0.250,1485612,919952,179560,5338808,13771.703,1618.907,0,0,0,0,2217,1463,2.770,1.790,0.950,3,0,27.981,0,0,11,32,0,24,0
21-01 20:13:04,22.735,3.248,72.952,0,0,1538180,867416,179560,5338804,8576.313,1618.926,0,39.973,0,3.997,1938,1360,2.770,1.790,0.950,2,0,2.998,0,0,11,34,0,24,0
21-01 20:13:05,18.553,18.553,61.925,0,0.251,1474044,931524,179564,5338828,13506.262,1624.602,0,1351.830,0,165.469,5463,4847,2.630,1.770,0.950,3,0,549.557,0,0,11,32,0,24,0
21-01 20:13:06,10.998,32.743,55.737,0,0.250,1469472,936012,179564,5338892,8475.081,1499.660,0,503.886,0,28.993,7600,6771,2.630,1.770,0.950,1,0,918.792,0,0,11,32,0,24,0
21-01 20:13:07,7.986,21.214,69.383,0.250,0,1466556,938852,179564,5338968,5820.146,1617.262,0,131.777,0,9.983,6196,4838,2.630,1.770,0.950,1,0,487.175,0,0,11,32,0,24,0
21-01 20:13:08,9.011,20.524,68.832,0,0,1405432,999944,179564,5339000,11498.656,1621.926,0,28.033,0,7.008,5675,3981,2.630,1.770,0.950,1,0,340.404,0,0,11,32,0,24,0
21-01 20:13:09,12.756,19.759,66.279,0,0,1405612,999624,179564,5339584,9762.287,1620.712,0,20.009,0,5.002,5742,5139,2.630,1.770,0.950,2,0,264.116,0,0,11,32,0,24,0
21-01 20:13:10,32.910,14.710,51.360,0,0.249,1457420,947772,179572,5339632,11453.723,1615.588,0,0,0,0,4717,4354,2.500,1.760,0.950,2,0,192.474,0,0,11,33,0,24,0
21-01 20:13:11,42.288,8.257,48.794,0,0.250,1565308,839784,179576,5339728,6979.245,1621.451,0,36.032,0,3.003,2813,1652,2.500,1.760,0.950,2,0,0,0,0,11,33,0,24,0
21-01 20:13:12,46.020,5.502,47.520,0.250,0,1616040,788496,179616,5340216,5425.305,1620.689,0,600.255,0,32.014,3717,2813,2.500,1.760,0.950,2,0,20.009,0,0,11,49,0,24,0
21-01 20:13:13,34.797,15.020,48.815,0,0,1664980,735612,179656,5343480,9748.080,1622.177,0,857.150,0,67.090,7807,21771,2.500,1.760,0.950,1,0,304.408,0,0,11,48,0,26,0
21-01 20:13:14,16.960,14.216,68.090,0,0,1677468,723008,179656,5343764,8962.878,1658.093,0,83.803,0,3.991,6427,8160,2.500,1.760,0.950,0,0,226.466,0,0,11,48,0,26,0
21-01 20:13:15,0.750,1.001,97.061,0.250,0.250,1675184,725284,179656,5343772,9474.969,1458.919,0,472.298,0,35.022,1068,1543,2.300,1.730,0.950,0,0,3.002,0,0,11,48,0,26,0
21-01 20:13:16,0.250,0.250,98.087,0,0,1672496,727972,179656,5343772,8033.627,1617.308,0,866.558,0,6.988,734,1001,2.300,1.730,0.950,0,0,0.998,0,0,11,48,0,25,0
21-01 20:13:17,0.751,0.751,97.942,0,0,1669988,730480,179656,5343772,9648.926,1623.184,0,4.008,0,1.002,791,966,2.300,1.730,0.950,0,0,3.006,0,0,11,48,0,25,0
21-01 20:13:18,0.250,0.250,98.126,0,0.250,1666976,733492,179656,5343768,11930.921,1617.955,0,0,0,0,729,910,2.300,1.730,0.950,0,0,0.999,0,0,11,48,0,25,0
21-01 20:13:19,15.031,15.031,68.640,0,0,1689016,711460,179656,5344208,9211.813,1623.315,0,0,0,0,6067,7449,2.300,1.730,0.950,1,0,281.575,0,0,11,48,0,25,0
21-01 20:13:20,12.261,14.763,72.314,0,0.500,1646356,754108,179656,5343784,6001.274,1621.425,0,4.004,0,1.001,4503,4462,2.270,1.740,0.950,2,0,269.237,0,0,12,48,0,25,0
21-01 20:13:21,14.990,17.738,65.707,0,0,1634000,766384,179656,5344172,12870.487,1856.772,0,91.939,0,3.997,6120,6049,2.270,1.740,0.950,2,0,258.829,0,0,12,48,0,25,0
21-01 20:13:22,13.242,12.243,72.706,0.500,0,1630844,769552,179656,5343832,8084.103,1619.019,0,3529.862,0,123.925,4911,5722,2.270,1.740,0.950,0,0,251.847,0,0,12,64,0,25,0
21-01 20:13:23,6.753,13.255,78.279,0,0.250,1646144,754224,179656,5344288,9337.493,1458.546,0,8.003,0,2.001,4658,4989,2.270,1.740,0.950,1,0,204.076,0,0,14,64,0,25,0
21-01 20:13:24,16.003,12.253,70.014,0,0,1632036,768164,179656,5344016,9443.938,1620.333,0,28.006,0,6.001,5192,5819,2.270,1.740,0.950,2,0,222.046,0,0,14,66,0,25,0
21-01 20:13:25,8.499,20.998,69.243,0.250,0,1632528,767632,179656,5344056,9998.978,1619.834,0,451.954,0,33.997,5997,4668,2.170,1.720,0.950,1,0,377.961,0,0,14,66,0,25,0
21-01 20:13:26,14.512,19.266,65.053,0,0.250,1640112,760028,179656,5344504,8516.943,1747.425,0,120.098,0,13.011,6488,6775,2.170,1.720,0.950,1,0,327.267,0,0,14,66,0,25,0
21-01 20:13:27,26.995,19.996,52.490,0,0,1705756,694200,179664,5344252,5772.885,1619.687,0,463.910,0,6.999,5947,4916,2.170,1.720,0.950,2,0,431.917,0,0,14,66,0,25,0
21-01 20:13:28,30.683,23.200,45.152,0,0.249,1774348,624256,179728,5345488,5425.212,1710.284,0,299.350,0,6.985,7354,8621,2.170,1.720,0.950,4,0,582.734,0,0,14,66,0,25,0
21-01 20:13:29,30.720,25.476,42.709,0,0,1940684,457572,179748,5346108,9896.490,1618.445,0,435.581,0,12.988,6883,6211,2.170,1.720,0.950,2,0,444.573,0,0,14,70,0,19,0
21-01 20:13:30,54.039,21.265,24.017,0,0,2011800,386224,179760,5346388,9776.000,1621.161,0,40.029,0,6.004,5272,5832,2.160,1.730,0.960,4,0,402.288,0,0,14,70,0,19,0
21-01 20:13:31,57.898,26.568,14.036,0,0.501,2146036,251420,179772,5347220,8889.791,1551.979,0,605.553,0,11.028,6348,7597,2.160,1.730,0.960,3,0,482.236,0,0,14,70,0,19,0
21-01 20:13:32,66.435,20.230,13.737,0,0.250,2229736,166060,179864,5348304,9470.758,1618.421,0,1654.386,0,49.951,5873,5807,2.160,1.730,0.960,5,0,341.667,0,0,14,70,0,19,0
21-01 20:13:33,70.949,25.981,2.248,0.749,0,2380872,156780,165544,5223156,9366.316,1688.795,595.575,467.666,68.951,23.983,6146,7023,2.160,1.730,0.960,4,0,379.729,0,0,14,74,0,16,0
21-01 20:13:34,60.979,24.492,7.747,4.748,0.250,2463000,140556,164928,5160076,9158.888,1619.450,2399.185,32125.085,133.954,2106.284,16538,26708,2.160,1.730,0.960,5,1,356.879,0,0,14,74,0,16,0
21-01 20:13:35,71.596,23.782,2.754,1.502,0,2602196,151484,165120,5013436,4865.551,1622.184,176.237,11459.428,33.044,830.118,11095,18162,2.550,1.820,0.990,5,0,380.512,0,0,14,80,0,19,0
21-01 20:13:36,62.747,23.249,12.249,1.250,0,2680780,196036,164732,4893088,12689.294,1619.910,607.966,10343.425,45.997,416.977,9644,15157,2.550,1.820,0.990,4,0,351.980,0,0,14,93,0,25,0
21-01 20:13:37,51.527,26.264,21.011,0,0.500,2816104,131876,164696,4823828,10003.256,1620.852,20.011,916.482,5.003,52.027,8236,11551,2.550,1.820,0.990,3,0,553.291,0,0,14,93,0,23,0
21-01 20:13:38,39.127,19.938,40.374,0.748,0.249,2869864,148300,164700,4755480,5568.563,1614.943,39.875,3596.738,2.991,177.444,6617,8335,2.550,1.820,0.990,2,0,268.160,0,0,14,95,0,23,0
21-01 20:13:39,55.765,15.004,28.508,0,0,3019348,130700,164592,4626300,9407.575,1458.399,2072.567,3100.849,26.007,13.004,5543,7815,2.550,1.820,0.990,3,0,137.038,0,0,14,98,0,26,0
21-01 20:13:40,23.574,14.797,59.688,0.502,0.251,3061520,154628,164608,4561492,9346.481,1625.126,8.025,1705.379,2.006,110.348,5269,5037,2.500,1.820,1,3,0,228.721,0,0,14,101,0,27,0
21-01 20:13:41,7.747,19.991,70.469,0,0,3077012,139084,164608,4561528,10496.386,1709.249,3.998,1735.237,1.000,146.935,5886,4172,2.500,1.820,1,1,0,331.854,0,0,14,101,0,26,0
21-01 20:13:42,7.245,19.737,71.203,0,0.999,3077984,138080,164608,4561560,8115.675,1618.938,0,47.969,0,3.997,5591,4013,2.500,1.820,1,1,0,337.778,0,0,14,101,0,26,0
21-01 20:13:43,17.703,9.973,71.060,0,0,3120964,162536,164608,4495568,6446.800,1615.689,59.840,0,4.987,0,2838,2072,2.500,1.820,1,2,0,99.734,0,0,14,101,0,26,0
21-01 20:13:44,23.288,3.005,72.620,0.751,0,3137028,146436,164612,4495604,12085.967,1622.681,12.020,705.165,3.005,25.041,2823,2717,2.500,1.820,1,1,0,0,0,0,14,103,0,26,0
21-01 20:13:45,19.730,6.993,72.177,0,0,3152104,131348,164612,4495616,8059.840,1618.361,0,63.935,0,2.997,2647,1876,2.380,1.810,1,1,0,63.935,0,0,14,105,0,24,0
21-01 20:13:46,22.989,4.998,69.967,1.249,0,3163212,186112,164624,4431296,5807.290,1619.244,39.981,4250.017,3.998,232.891,3584,3844,2.380,1.810,1,1,0,1.000,0,0,14,110,0,25,0
21-01 20:13:47,24.001,5.000,67.003,2.000,0.500,3169680,179144,164624,4431796,9283.460,1458.072,272.013,3260.162,16.001,316.016,5962,8154,2.380,1.810,1,1,0,3.000,0,0,14,113,0,25,0
21-01 20:13:48,22.066,9.529,67.703,0.502,0.251,3151024,197612,164624,4431964,9673.016,1624.874,0,958.876,0,78.235,4587,4785,2.380,1.810,1,1,0,112.337,0,0,14,114,0,26,0
21-01 20:13:49,29.213,5.743,63.419,0,0,3244372,170364,164624,4367508,13928.224,1617.935,3.995,491.373,0.999,36.953,3240,2910,2.380,1.810,1,3,0,3.995,0,0,14,119,0,19,0
21-01 20:13:50,28.197,4.741,65.127,0.998,0,3252876,161824,164624,4367544,8972.064,1658.869,7.985,1209.716,1.996,133.748,4625,5992,2.350,1.810,1,1,0,2.994,0,0,14,123,0,19,0
21-01 20:13:51,40.267,12.255,46.769,0.250,0,3296928,117728,164632,4367576,10420.338,1620.675,0,2881.199,0,80.033,4569,4021,2.350,1.810,1,2,0,100.042,0,0,14,122,0,19,0
21-01 20:13:52,39.254,6.501,53.506,0,0.250,3333304,208320,164532,4243972,12368.288,1710.178,180.019,412.043,1.000,24.002,3080,1953,2.350,1.810,1,1,0,13.001,0,0,14,122,0,19,0
21-01 20:13:53,20.280,6.009,72.608,0.250,0,3406068,135568,164532,4243976,11409.038,1622.423,0,2611.901,0,272.407,2384,1567,2.350,1.810,1,2,0,43.064,0,0,14,122,0,19,0
21-01 20:13:54,20.251,6.250,72.502,0.250,0,3399044,142564,164532,4244004,10166.322,1620.051,0,304.010,0,16.001,2637,1974,2.350,1.810,1,1,0,51.002,0,0,14,122,0,19,0
21-01 20:13:55,23.462,3.494,72.381,0.250,0,3397080,144456,164532,4244076,7499.709,1455.615,19.967,491.195,4.992,44.926,2348,2045,2.240,1.800,1,1,0,0,0,0,14,123,0,19,0
21-01 20:13:56,19.778,7.511,70.601,0.250,0.250,3366596,174744,164536,4244268,10944.716,1622.330,32.046,636.915,2.003,64.092,3568,3407,2.240,1.800,1,1,0,82.118,0,0,14,122,0,19,0
21-01 20:13:57,23.961,2.246,72.881,0,0.250,3372580,168748,164536,4244280,7537.689,1617.358,0,311.491,0,18.969,2105,1634,2.240,1.800,1,2,0,1.997,0,0,14,124,0,19,0
21-01 20:13:58,19.748,6.999,72.493,0,0,3414348,126968,164536,4244292,5972.432,1619.846,0,739.930,0,17.998,2443,1770,2.240,1.800,1,2,0,53.995,0,0,14,124,0,19,0
21-01 20:13:59,30.594,4.765,61.438,1.505,0.251,3417032,186852,164536,4183244,5265.097,1624.968,224.687,2146.563,14.043,260.797,8902,15041,2.240,1.800,1,1,0,31.095,0,0,14,134,0,22,0
21-01 20:14:00,21.677,7.226,68.769,0.997,0,3386108,217628,164536,4183392,9380.524,1614.582,95.679,2364.067,5.980,173.418,4607,5499,2.300,1.820,1.010,1,0,52.823,0,0,14,133,0,23,0
21-01 20:14:01,22.299,3.508,73.410,0.251,0.251,3421328,182364,164536,4183436,7684.732,1623.535,32.070,917.999,2.004,58.127,2340,1935,2.300,1.820,1.010,1,0,0,0,0,14,134,0,24,0
21-01 20:14:02,23.279,7.760,64.330,3.004,0,3423740,179884,164544,4183496,10002.388,1622.009,0,14265.668,0,1055.307,10425,14683,2.300,1.820,1.010,2,0,1.001,0,0,14,134,0,24,0
21-01 20:14:03,24.671,7.974,65.291,0.249,0,3359188,244368,164544,4183564,8558.587,1453.345,0,1762.355,0,122.607,6671,9583,2.300,1.820,1.010,4,0,68.780,0,0,14,135,0,24,0
21-01 20:14:04,23.282,3.004,72.598,0.501,0,3393436,210096,164544,4183588,9355.673,1622.197,0,925.253,0,83.113,2992,3178,2.300,1.820,1.010,3,0,0,0,0,14,136,0,24,0
21-01 20:14:05,17.735,10.741,70.191,0.500,0.250,3409344,194148,164544,4183612,9938.686,1660.611,0,755.368,0,63.947,4038,3764,2.200,1.800,1.010,2,0,147.876,0,0,14,135,0,24,0
21-01 20:14:06,23.535,3.505,71.857,0,0.501,3437276,166200,164544,4183628,5978.902,1622.416,0,536.799,0,38.057,2938,2784,2.200,1.800,1.010,1,0,1.001,0,0,14,136,0,24,0
21-01 20:14:07,23.254,4.251,69.513,1.000,0,3433700,169668,164552,4183728,5043.925,1620.297,0,1400.257,0,147.027,5317,7340,2.200,1.800,1.010,1,0,0,0,0,14,136,0,24,0
21-01 20:14:08,32.745,8.749,56.491,0.250,0,3436056,166884,164552,4184140,10492.280,1619.734,31.995,1639.731,2.000,138.977,13672,22802,2.200,1.800,1.010,4,0,3.000,0,0,14,140,0,24,0
21-01 20:14:09,36.195,14.728,46.179,0.499,0,3455784,147036,164552,4184228,11130.998,1945.029,15.976,1681.432,0.998,149.771,9180,12544,2.200,1.800,1.010,1,0,285.564,0,0,14,139,0,25,0
21-01 20:14:10,23.992,3.749,72.475,0,0,3491156,173632,164552,4123820,15192.696,1795.373,0,515.820,0,28.990,2331,1741,2.180,1.810,1.020,1,0,0,0,0,14,139,0,25,0
21-01 20:14:11,9.996,17.243,69.722,0.250,0.250,3460908,203860,164552,4123840,7473.992,1617.349,0,499.799,0,23.990,4883,3404,2.180,1.810,1.020,2,0,251.899,0,0,14,139,0,25,0
21-01 20:14:12,11.257,21.013,67.041,0.250,0,3391160,273564,164552,4124340,10268.260,1711.043,0,596.364,0,38.023,6700,6664,2.180,1.810,1.020,1,0,450.275,0,0,14,139,0,25,0
21-01 20:14:13,25.832,17.555,54.923,0.251,0,3418588,246104,164552,4124264,8692.452,1625.132,24.076,2271.173,2.006,125.396,6418,6812,2.180,1.810,1.020,3,0,335.058,0,0,14,139,0,25,0
21-01 20:14:14,33.712,25.471,39.955,0.250,0,3464920,199452,164564,4124228,5875.383,1785.988,7.991,279.685,1.998,27.968,6928,12847,2.180,1.810,1.020,2,0,508.427,0,0,14,141,0,24,0
21-01 20:14:15,29.231,16.739,53.215,0,0.250,3496252,167900,164564,4124764,9654.677,1688.894,3.997,467.694,0.999,24.984,6909,8651,2.090,1.790,1.020,4,0,248.837,0,0,16,145,0,24,0
21-01 20:14:16,56.854,27.801,14.026,0.501,0.250,3641284,141068,164568,4009516,8653.861,1622.975,12.022,4688.593,3.006,261.479,8502,13702,2.090,1.790,1.020,3,0,605.109,0,0,16,151,0,24,0
21-01 20:14:17,56.356,22.193,20.199,0,0.249,3729008,146324,164212,3918260,7623.581,1615.884,7.980,422.923,1.995,30.921,8374,13583,2.090,1.790,1.020,6,0,300.235,0,0,16,167,0,24,0
21-01 20:14:18,39.332,24.050,36.576,0,0,3808600,162348,164212,3823460,11879.640,1623.367,4.008,769.596,1.002,25.052,8223,8019,2.090,1.790,1.020,4,0,555.151,0,0,16,169,0,24,0
21-01 20:14:19,20.239,23.237,54.720,0,0,3838216,132628,164220,3823556,6205.580,1709.058,0,415.771,0,28.984,6187,4816,2.090,1.790,1.020,2,0,417.770,0,0,17,171,0,24,0
21-01 20:14:20,18.227,15.730,63.671,0.749,0,3852260,162656,164220,3780172,9857.742,1456.189,7.990,411.488,1.998,30.961,6249,7386,2.400,1.860,1.050,3,1,235.707,0,0,17,171,0,24,0
21-01 20:14:21,30.043,24.535,44.814,0,0,3911800,155940,164096,3728396,8328.812,1622.301,8.011,2832.016,2.003,71.101,7209,6455,2.400,1.860,1.050,2,0,532.756,0,0,17,171,0,24,0
21-01 20:14:22,40.187,19.349,38.699,1.240,0.496,3974216,147564,164104,3675644,6005.240,1607.483,7.938,10319.645,1.985,862.286,7946,8453,2.400,1.860,1.050,6,0,260.968,0,0,17,179,0,24,0
21-01 20:14:23,34.851,26.327,37.108,0,0.251,4074412,158928,164108,3566624,11732.159,1694.935,184.537,1083.154,6.018,117.342,8608,10783,2.400,1.860,1.050,4,0,603.758,0,0,17,183,0,24,0
21-01 20:14:24,29.842,26.582,43.133,0.251,0.251,4164620,154776,164112,3482568,7364.737,1625.017,16.050,493.524,4.012,38.118,8062,10416,2.400,1.860,1.050,1,0,509.573,0,0,17,189,0,24,0
21-01 20:14:25,9.524,21.054,67.924,0,0,4162232,156952,164112,3482732,6215.956,1624.169,4.010,324.834,1.003,24.062,6206,5032,2.290,1.850,1.050,1,0,378.973,0,0,17,195,0,24,0
21-01 20:14:26,20.462,16.719,61.636,0.499,0,4194888,123996,164112,3483032,10888.918,1617.018,227.580,523.035,6.987,26.950,6755,8253,2.290,1.850,1.050,2,0,260.520,0,0,17,195,0,24,0
21-01 20:14:27,43.572,11.770,43.572,0.250,0,4322424,130948,164112,3351004,9106.109,1622.692,148.246,404.671,6.010,38.063,4184,3053,2.290,1.850,1.050,2,0,67.111,0,0,17,211,0,24,2
21-01 20:14:28,44.632,8.727,44.881,0,0,4433844,142020,164112,3231048,10478.193,1547.892,219.418,311.174,11.968,27.926,3662,2293,2.290,1.850,1.050,3,0,4.987,0,0,17,211,0,24,2
21-01 20:14:29,29.062,16.034,54.366,0.251,0,4358272,216480,164120,3232136,6989.922,1623.466,942.011,513.095,14.030,35.075,5403,5213,2.290,1.850,1.050,2,0,309.661,0,0,17,215,0,24,2
21-01 20:14:30,36.491,25.494,36.991,0,0,4412112,161116,164128,3233656,5388.713,1709.592,299.928,383.908,5.999,23.994,7779,10340,2.510,1.900,1.070,3,0,532.873,0,0,17,223,0,22,0
21-01 20:14:31,42.954,23.091,32.277,0.497,0.248,4430524,140640,164132,3235696,9153.869,1608.904,1191.781,556.164,22.842,32.774,7311,8741,2.510,1.900,1.070,4,0,293.973,0,0,17,225,0,22,0
21-01 20:14:32,69.470,18.878,11.578,0.252,0.252,4568960,119420,164148,3121184,9785.160,1631.028,592.003,1284.686,18.123,47.320,6134,5782,2.510,1.900,1.070,5,0,159.076,0,0,17,234,0,24,0
21-01 20:14:33,70.356,15.468,10.978,2.994,0.249,4629256,136188,164176,3046004,9471.661,1616.699,5784.190,862.240,329.328,26.945,5746,4927,2.510,1.900,1.070,2,2,24.949,0,0,17,238,0,24,0
21-01 20:14:34,52.306,19.771,24.526,1.502,0.250,4644568,155492,164248,3011956,9512.194,1621.738,1649.768,2538.721,169.181,161.173,7503,9534,2.510,1.900,1.070,5,0,259.278,0,0,17,239,0,28,0
21-01 20:14:35,38.801,27.036,33.294,0.250,0,4666452,167636,164248,2978996,11444.090,1622.139,0,516.681,0,41.054,7417,9150,2.630,1.940,1.080,2,0,455.601,0,0,17,239,0,28,0
21-01 20:14:36,49.273,21.010,28.263,0.250,0,4674180,158220,164252,2980300,7633.578,1620.760,16.008,9216.320,4.002,109.051,6624,8194,2.630,1.940,1.080,4,0,321.151,0,0,17,239,0,30,0
21-01 20:14:37,55.683,27.717,14.982,0.250,0,4685872,222092,164252,2907848,5855.005,1456.260,247.704,2528.979,6.992,61.926,7391,9159,2.630,1.940,1.080,4,0,504.397,0,0,17,241,0,31,0
21-01 20:14:38,62.466,21.988,14.242,1.249,0,4802760,142464,164824,2870500,6147.633,1619.113,1659.091,10322.347,82.955,1002.451,9471,12792,2.630,1.940,1.080,4,0,258.858,0,0,17,249,0,24,0
21-01 20:14:39,55.400,27.201,15.971,0,0,4840836,141512,164832,2834472,10267.394,1686.943,83.848,982.220,4.991,64.882,7544,8261,2.630,1.940,1.080,4,0,493.106,0,0,17,249,0,24,0
21-01 20:14:40,55.449,20.072,23.083,0.251,0.251,4874212,137100,164836,2806220,8275.742,1716.168,578.078,818.943,38.137,45.162,8861,15634,2.660,1.950,1.090,4,0,277.999,0,0,17,259,0,25,0
21-01 20:14:41,69.252,18.932,11.957,0,0.249,5006580,139728,164840,2673152,10245.353,1614.226,0,577.933,0,17.936,5039,4019,2.660,1.950,1.090,6,0,94.661,0,0,17,259,0,25,0
21-01 20:14:42,68.847,15.522,13.018,0.751,0.250,5017152,184664,164848,2618912,7989.281,1622.291,1982.800,961.357,102.144,84.119,8547,18863,2.660,1.950,1.090,5,0,21.030,0,0,17,268,0,26,0
21-01 20:14:43,57.366,21.042,20.792,0,0,5058676,142364,164848,2619688,10467.138,1623.278,1194.412,605.222,16.032,33.067,6748,6597,2.660,1.950,1.090,2,0,304.615,0,0,17,269,0,26,0
21-01 20:14:44,47.620,29.420,20.694,0.748,0,5059612,137252,165124,2623956,9736.501,1615.603,4631.395,1782.150,74.796,102.720,8429,10255,2.660,1.950,1.090,7,0,553.494,0,0,17,269,0,26,0
21-01 20:14:45,61.767,21.006,17.755,0,0.250,5084564,137008,164936,2599472,7582.051,1458.395,892.241,628.170,19.005,36.010,6359,7562,2.920,2.020,1.120,8,0,190.051,0,0,18,270,0,26,0
21-01 20:14:46,76.548,18.762,2.001,1.751,0,5153928,130928,164828,2537756,7110.479,1621.021,2817.775,1172.739,185.117,60.038,6906,6508,2.920,2.020,1.120,5,0,100.063,0,0,18,272,0,26,0
21-01 20:14:47,82.904,13.275,2.755,1.252,0,5282088,129460,164864,2414352,13191.436,1623.006,1975.660,1114.064,96.178,52.097,6044,4285,2.920,2.020,1.120,5,0,12.022,0,0,18,272,0,28,0
21-01 20:14:48,56.416,17.724,24.463,0.250,0.250,5305620,136936,164868,2384168,7621.621,2653.039,1074.396,1086.378,27.958,93.860,8018,9433,2.920,2.020,1.120,3,0,225.663,0,0,18,280,0,31,0
21-01 20:14:49,40.507,10.002,47.508,1.250,0,5257144,216304,164876,2354164,19242.111,3589.580,988.160,4188.677,28.005,348.056,6009,7145,2.920,2.020,1.120,1,0,46.007,0,0,18,283,0,34,0
21-01 20:14:50,22.255,7.251,68.014,0.250,0.500,5245248,227228,164876,2355160,890398.595,20118.148,816.168,516.106,9.002,41.008,4880,5131,2.770,2,1.120,2,0,9.002,0,0,18,288,0,34,0
21-01 20:14:51,25.386,6.969,64.460,0,0,5248980,215448,164876,2363192,8284835.304,67776.800,509.705,398.207,3.982,25.883,6430,3972,2.770,2,1.120,3,0,8.960,0,0,18,288,0,33,0
21-01 20:14:52,10.799,11.050,75.339,0.753,0.251,5225716,229256,164880,2372628,7438679.398,42376.474,2547.450,502.258,29.131,42.190,6248,4391,2.770,2,1.120,1,0,180.813,0,0,18,291,0,33,0
21-01 20:14:53,19.484,7.744,69.442,1.998,0,5282532,172412,164880,2372656,6878.289,1498.756,15.987,13444.837,0.999,1045.132,4108,2833,2.770,2,1.120,2,0,81.932,0,0,18,293,0,33,0
21-01 20:14:54,24.491,3.499,69.973,0.250,0,5297804,156716,164880,2373084,7716.042,1619.379,287.890,1059.594,13.995,69.973,4665,5747,2.770,2,1.120,1,0,0,0,0,18,298,0,35,0
21-01 20:14:55,25.758,5.752,67.270,1.000,0,5215572,222480,164892,2389504,9973.953,1620.480,304.090,924.274,16.005,89.026,6524,9306,2.710,2,1.120,4,0,3.001,0,0,18,299,0,39,0
21-01 20:14:56,9.722,19.943,67.558,0.249,0.249,5244504,193396,164896,2389636,7736.066,1615.420,59.830,27585.785,3.989,65.813,6229,5473,2.710,2,1.120,1,0,462.688,0,0,18,299,0,39,0
21-01 20:14:57,23.063,4.011,71.695,0,0,5288284,149612,164896,2389640,8997.468,1624.417,0,3144.551,0,29.079,2471,2099,2.710,2,1.120,1,0,7.019,0,0,18,299,0,39,0
21-01 20:14:58,8.511,19.275,70.592,0.250,0,5291104,146732,164900,2389680,6841.927,1622.116,0,825.077,0,44.057,6117,4929,2.710,2,1.120,1,0,346.452,0,0,18,299,0,39,0
21-01 20:14:59,7.992,13.985,74.172,1.748,0.250,5289460,148308,164904,2389760,8598.951,1618.297,39.958,2321.557,3.996,257.729,5480,5084,2.710,2,1.120,1,0,315.668,0,0,18,299,0,39,0
21-01 20:15:00,6.982,3.241,87.770,0.249,0.499,5303824,133936,164908,2389764,11436.974,1615.758,3.990,319.162,0.997,22.940,1851,2058,2.490,1.970,1.120,4,0,8.976,0,0,18,299,0,39,0
21-01 20:15:01,23.846,4.016,71.035,0,0,5304468,153812,164908,2369808,5845.426,1463.867,0,64.258,0,10.040,2523,2248,2.490,1.970,1.120,1,0,3.012,0,0,18,300,0,39,0
21-01 20:15:02,13.993,13.993,69.717,0,0,5272408,185728,164912,2369932,9774.329,1619.226,75.964,127.939,6.997,14.993,5025,4113,2.490,1.970,1.120,1,0,184.912,0,0,18,307,0,39,0
21-01 20:15:03,11.254,17.756,70.525,0,0.250,5239352,218444,164912,2370256,7539.723,1620.585,4.001,0,1.000,0,5796,4616,2.490,1.970,1.120,1,0,233.084,0,0,18,307,0,34,0
21-01 20:15:04,13.984,15.233,69.921,0.250,0,5257012,200616,164912,2370408,6110.103,1618.173,3.995,619.301,0.999,1.998,4991,3851,2.490,1.970,1.120,1,0,185.790,0,0,18,307,0,34,0
21-01 20:15:05,23.261,4.252,70.534,0.500,0,5316732,140892,164912,2370412,10911.293,1662.807,36.017,308.149,3.001,39.019,2878,2732,2.370,1.950,1.120,2,0,4.002,0,0,18,311,0,34,0
21-01 20:15:06,24.493,3.499,70.229,0.500,0.250,5365828,121072,164912,2341964,7900.634,1619.515,419.874,419.874,13.996,43.987,2904,2904,2.370,1.950,1.120,2,0,4.999,0,0,18,315,0,34,0
21-01 20:15:07,23.492,3.499,71.977,0,0,5281516,205352,164912,2341996,11282.318,1619.472,39.987,199.935,4.998,10.996,2280,1963,2.370,1.950,1.120,2,0,4.998,0,0,18,311,0,34,0
21-01 20:15:08,23.238,4.747,70.212,0.250,0.250,5340172,146668,164912,2342024,10247.509,1619.132,0,871.533,0,133.928,2792,2201,2.370,1.950,1.120,1,0,2.998,0,0,18,311,0,34,0
21-01 20:15:09,23.550,4.760,70.148,0.251,0,5322320,164340,164912,2342204,9224.502,1531.237,32.068,268.568,2.004,20.042,3397,3337,2.370,1.950,1.120,2,0,16.034,0,0,18,311,0,34,0
21-01 20:15:10,24.468,2.996,71.657,0,0,5322568,164088,164912,2342208,10198.830,1617.911,0,147.809,0,8.988,2433,2052,2.260,1.940,1.120,1,0,0,0,0,18,311,0,34,0
21-01 20:15:11,16.018,12.264,70.829,0,0.250,5298384,188140,164920,2342364,8388.297,1621.798,396.439,396.439,6.007,14.016,4657,3806,2.260,1.940,1.120,1,0,246.273,0,0,18,311,0,33,0
21-01 20:15:12,12.488,16.234,69.183,0,0,5305972,180372,164920,2342544,5284.917,1618.443,67.935,303.708,3.996,18.982,5493,4576,2.260,1.940,1.120,2,0,337.675,0,0,18,311,0,33,0
21-01 20:15:13,20.748,3.500,74.244,0.250,0.250,5323532,162628,165072,2342576,13950.937,2933.776,143.989,175.987,6.999,12.999,2639,2307,2.260,1.940,1.120,0,0,32.997,0,0,18,312,0,33,0
21-01 20:15:14,26.497,5.249,66.993,0,0,5334964,144020,165856,2348840,11082.924,2627.745,411.960,1031.900,17.998,17.998,3274,8813,2.260,1.940,1.120,1,0,37.996,0,0,18,311,0,34,0
21-01 20:15:15,18.729,2.747,77.164,0.749,0,5332268,146492,165868,2349052,20542.006,4613.835,195.781,463.481,9.989,23.973,2499,2320,2.160,1.920,1.110,1,0,16.981,0,0,18,312,0,33,0
21-01 20:15:16,24.273,5.005,68.815,0,0.250,5322140,150272,166452,2354668,9886.314,1795.692,4.004,1265.192,1.001,37.035,10679,19145,2.160,1.920,1.110,1,0,11.010,0,0,18,311,0,33,0
21-01 20:15:17,16.766,3.253,79.077,0.250,0,5321496,150260,166512,2355248,12017.771,4395.305,64.063,668.655,9.009,15.015,2096,2010,2.160,1.920,1.110,1,0,4.004,0,0,18,312,0,33,0
21-01 20:15:18,22.689,6.483,68.567,0,0.249,5320524,151020,166560,2355412,9587.428,1657.579,0,167.553,0,1.995,10207,18644,2.160,1.920,1.110,1,0,18.949,0,0,18,312,0,33,0
21-01 20:15:19,17.040,10.775,70.164,0.251,0,5263208,219084,166644,2344644,7353.163,1798.197,0,1363.182,0,53.124,4674,4206,2.160,1.920,1.110,1,0,209.489,0,0,18,313,0,33,0
21-01 20:15:20,21.467,5.991,70.890,0.250,0.250,5306052,176232,166644,2344652,9087.850,1617.482,0,259.596,0,22.964,2965,2751,2.070,1.910,1.110,4,0,60.905,0,0,18,313,0,33,0
21-01 20:15:21,21.299,7.517,70.661,0.251,0.251,5296276,185636,166644,2345024,7841.917,1623.710,32.073,280.641,2.005,21.048,3723,3487,2.070,1.910,1.110,1,0,117.268,0,0,18,313,0,35,0
21-01 20:15:22,22.487,4.747,71.708,0,0,5313828,168080,166644,2345028,10489.886,1619.056,0,155.909,0,8.995,2381,2041,2.070,1.910,1.110,3,0,0.999,0,0,18,313,0,35,0
21-01 20:15:23,20.247,7.499,70.988,0,0,5339336,142564,166644,2345036,9620.367,1619.725,0,3.999,0,1.000,3109,2689,2.070,1.910,1.110,4,0,69.988,0,0,18,313,0,35,0
21-01 20:15:24,24.243,3.499,70.231,1.000,0,5362052,144688,166644,2321032,6140.346,1619.564,47.987,3331.103,2.999,408.890,2960,2337,2.070,1.910,1.110,2,0,0,0,0,18,313,0,35,0
21-01 20:15:25,20.514,6.755,71.048,0,0,5306060,200600,166644,2321112,7012.701,1458.978,64.043,16126.811,4.003,61.041,3119,2932,1.980,1.890,1.110,2,0,56.038,0,0,18,313,0,35,0
21-01 20:15:26,22.218,5.243,70.899,0.250,0,5268940,237688,166644,2321144,9577.321,1617.690,11.983,151.783,0.999,7.989,3009,2710,1.980,1.890,1.110,1,0,31.954,0,0,18,313,0,37,0
21-01 20:15:27,24.022,3.003,72.067,0,0.250,5318580,188044,166644,2321148,5904.470,1621.502,0,156.145,0,11.010,2499,2195,1.980,1.890,1.110,3,0,0,0,0,18,315,0,37,0
21-01 20:15:28,20.987,6.246,70.955,0.250,0.250,5361708,144864,166644,2321200,9266.146,1712.918,31.980,463.707,1.999,32.979,3262,3108,1.980,1.890,1.110,1,0,46.970,0,0,18,313,0,37,0
21-01 20:15:29,26.493,6.248,65.234,0.250,0.250,5365228,141192,166644,2321352,6820.311,1619.599,15.996,331.918,1.000,30.992,4698,6109,1.980,1.890,1.110,2,0,34.991,0,0,18,315,0,40,0
21-01 20:15:30,26.284,4.756,68.839,0,0.250,5374256,132040,166644,2321492,9741.528,1622.086,0,1065.370,0,100.129,3012,2551,1.900,1.880,1.110,1,0,0,0,0,18,315,0,40,0
21-01 20:15:31,15.755,9.253,71.024,2.001,0,5331244,173852,167180,2322156,10392.448,2743.910,1080.358,496.165,240.080,51.017,4992,5057,1.900,1.880,1.110,0,1,180.060,0,0,18,317,0,40,0
21-01 20:15:32,3.494,2.745,92.841,0.250,0,5306820,198264,167184,2322208,19643.293,4376.490,19.966,383.342,4.991,24.957,1754,2046,1.900,1.880,1.110,2,0,24.957,0,0,18,315,0,41,0
21-01 20:15:33,4.985,6.481,86.745,0.249,0,5306992,198080,167184,2322220,12240.998,4814.839,0,466.628,0,22.933,2932,2872,1.900,1.880,1.110,2,0,101.701,0,0,18,315,0,41,2
21-01 20:15:34,13.559,13.810,69.554,1.004,0,5312184,191612,167192,2323488,11295.345,1651.214,1177.142,2651.584,134.588,135.592,5339,4624,1.900,1.880,1.110,1,0,210.921,0,0,18,315,0,42,0
21-01 20:15:35,19.006,4.501,71.521,4.001,0,5326764,160656,167204,2339708,5541.635,1620.478,6777.999,1284.379,492.145,31.009,3282,3581,1.830,1.860,1.110,3,0,4.001,0,0,18,315,0,42,0
21-01 20:15:36,13.733,2.247,81.647,0.499,0.250,5320932,160416,167204,2345748,47832.885,5817.689,870.905,1370.278,10.986,61.922,2638,2571,1.830,1.860,1.110,1,0,16.979,0,0,18,315,0,35,2
21-01 20:15:37,16.522,10.264,70.343,1.252,0.250,5276160,202968,167204,2347952,8501.283,1946.584,1185.574,3320.407,19.025,107.142,5014,4825,1.830,1.860,1.110,1,0,187.249,0,0,18,317,0,35,0
21-01 20:15:38,19.447,8.477,71.057,0,0.249,5341920,137204,167204,2347956,10407.784,1615.620,0,119.676,0,7.978,3292,2966,1.830,1.860,1.110,1,0,116.684,0,0,18,317,0,35,0
21-01 20:15:39,22.019,6.005,70.559,0.250,0.250,5294000,185100,167204,2347980,9500.991,1621.364,0,148.125,0,15.013,3292,2987,1.830,1.860,1.110,1,0,47.040,0,0,18,317,0,36,0
21-01 20:15:40,25.010,3.251,71.279,0,0,5346820,132268,167204,2347992,6112.459,1620.652,0,528.212,0,19.008,2592,2301,1.760,1.850,1.110,1,0,0,0,0,18,317,0,31,0
21-01 20:15:41,23.029,4.756,70.840,0.501,0,5328616,150264,167204,2348200,9951.614,1459.850,192.244,312.396,11.014,33.042,2947,2636,1.760,1.850,1.110,1,0,14.018,0,0,18,317,0,32,0
21-01 20:15:42,24.513,3.252,70.036,0.500,0,5350996,126172,167204,2349912,8673.459,1620.833,1680.864,396.204,52.027,55.028,3487,3948,1.760,1.850,1.110,1,0,3.002,0,0,18,320,0,32,0
21-01 20:15:43,23.966,5.992,67.405,0.999,0,5302060,174536,167204,2350484,6004.507,1617.712,527.254,974.621,31.955,109.845,4502,5453,1.760,1.850,1.110,1,0,10.984,0,0,18,319,0,32,0
21-01 20:15:44,38.960,8.242,50.948,0.749,0,5332904,175064,167204,2320184,10609.142,1618.344,527.460,2952.978,4.995,408.582,4152,3112,1.760,1.850,1.110,1,1,7.992,0,0,18,320,0,27,0
21-01 20:15:45,29.324,14.035,55.139,1.003,0,5291604,216032,167204,2320524,12157.557,1624.082,785.975,1507.790,15.038,143.360,7012,8328,1.780,1.850,1.110,2,0,241.607,0,0,18,319,0,27,0
21-01 20:15:46,9.250,23.251,66.002,0,0,5291508,216104,167204,2320544,9422.280,1620.048,0,532.016,0,39.001,7273,6567,1.780,1.850,1.110,1,0,644.019,0,0,18,319,0,27,0
21-01 20:15:47,8.496,22.990,65.720,1.249,0,5294988,212588,167204,2320580,7360.650,1619.263,0,2874.692,0,175.920,7561,7047,1.780,1.850,1.110,1,0,624.716,0,0,18,321,0,27,0
21-01 20:15:48,8.991,22.477,66.682,0.250,0.749,5300664,206800,167208,2320688,5901.994,1618.353,79.919,363.630,4.995,32.966,7146,6532,1.780,1.850,1.110,3,0,578.411,0,0,18,321,0,22,0
21-01 20:15:49,9.014,23.035,66.850,0,0,5309300,198128,167208,2320724,9537.325,1622.437,0,280.421,0,30.045,7186,6303,1.780,1.850,1.110,1,0,590.888,0,0,18,321,0,22,0
21-01 20:15:50,7.999,22.746,67.489,0,0,5283664,223720,167208,2320768,10632.232,1457.758,0,1987.670,0,43.993,7606,7092,1.720,1.840,1.110,1,0,653.891,0,0,18,321,0,22,0
21-01 20:15:51,10.749,19.999,67.496,0.250,0.250,5287288,220032,167208,2320832,11783.268,1619.899,15.999,479.970,1.000,30.998,6764,5945,1.720,1.840,1.110,2,1,469.971,0,0,18,321,0,22,0
21-01 20:15:52,17.903,9.200,71.365,0.249,0,5333524,273904,167412,2232008,8705.002,1611.301,15.914,2856.577,3.979,27.850,2945,2777,1.720,1.840,1.110,3,0,43.764,0,0,18,321,0,18,0
21-01 20:15:53,21.540,3.256,74.388,0,0,5347248,256444,167648,2235500,16455.431,2897.358,16.030,685.267,3.006,12.022,2454,1977,1.720,1.840,1.110,0,0,16.030,0,0,18,322,0,18,0
21-01 20:15:54,13.244,1.499,82.961,1.000,0,5355620,247136,167748,2236328,21561.804,10715.933,699.669,1323.374,46.978,51.975,2083,2085,1.720,1.840,1.110,0,0,0,0,0,18,322,0,18,0
21-01 20:15:55,12.753,2.000,82.517,1.250,0,5351932,249640,167864,2237372,24467.942,11729.369,556.112,1736.351,53.011,71.014,2375,2576,1.580,1.810,1.110,1,0,0,0,0,18,322,0,18,0
21-01 20:15:56,15.994,1.749,79.720,1.000,0.250,5372360,227800,167952,2238692,16309.911,9365.503,1135.576,1087.594,53.980,32.988,2024,1912,1.580,1.810,1.110,0,0,0,0,0,18,322,0,12,0
21-01 20:15:57,13.546,1.505,83.034,0.753,0,5370880,228532,168060,2239328,25045.571,10813.947,606.071,1204.114,52.178,39.134,2053,2081,1.580,1.810,1.110,1,0,0,0,0,18,322,0,12,0
21-01 20:15:58,13.992,0.999,83.203,0.750,0.500,5378628,219356,168180,2240624,21462.925,11416.577,803.548,1179.336,49.972,41.976,2093,1989,1.580,1.810,1.110,0,0,0,0,0,18,322,0,12,0
21-01 20:15:59,20.254,4.001,72.264,2.250,0,5389508,165516,169196,2282536,10794.165,2418.485,14426.894,2404.482,149.030,83.017,3008,2765,1.580,1.810,1.110,1,0,1.000,0,0,18,322,0,12,0
21-01 20:16:00,24.233,2.998,70.951,0.749,0,5387224,150120,169816,2299420,7276.946,1618.876,0,2866.010,0,269.813,3040,2422,1.530,1.790,1.110,2,0,0,0,0,18,322,0,12,0
21-01 20:16:01,23.989,3.249,70.719,1.000,0.250,5377208,171684,170184,2288600,9906.596,1619.280,0,7812.527,0,308.863,2896,2478,1.530,1.790,1.110,4,0,0,0,0,18,322,0,12,0
21-01 20:16:02,22.503,3.500,71.510,1.500,0,5378268,154800,171172,2303152,8951.229,1620.222,0,2924.401,0,138.019,3074,2908,1.530,1.790,1.110,1,0,1.000,0,0,18,322,0,12,0
21-01 20:16:03,23.544,3.256,71.633,0.751,0.250,5362256,165092,172168,2308304,5464.183,1623.025,4.007,2143.995,1.002,78.146,2736,2480,1.530,1.790,1.110,2,0,0,0,0,18,322,0,12,0
21-01 20:16:04,22.969,2.996,71.905,0.250,0,5278520,262128,172476,2294720,5782.320,1791.621,3.995,882.828,0.999,32.956,2328,1992,1.530,1.790,1.110,2,0,1.997,0,0,18,321,0,12,0
21-01 20:16:05,18.740,3.998,75.709,0.250,0.250,5318704,220840,172496,2295800,17220.750,3724.000,31.983,963.482,0.999,43.976,2796,2881,1.490,1.780,1.110,2,0,33.982,0,0,18,322,0,12,0
21-01 20:16:06,23.051,4.510,70.906,0.251,0,5314092,220204,172616,2300868,12005.421,1635.600,0,12423.341,0,74.163,2863,2467,1.490,1.780,1.110,1,0,20.044,0,0,18,321,0,12,0
21-01 20:16:07,17.980,3.746,76.912,0.499,0,5316164,211740,173056,2306332,16590.087,4721.617,0,1158.679,0,26.969,5845,9745,1.490,1.780,1.110,1,0,5.993,0,0,18,321,0,12,0
21-01 20:16:08,23.758,5.252,68.274,0.250,0,5330588,196660,173112,2306808,8440.966,1662.584,0,1584.557,0,10.004,12919,24109,1.490,1.780,1.110,1,0,13.005,0,0,18,321,0,12,0
21-01 20:16:09,21.245,6.998,71.234,0,0,5285012,254412,173156,2294936,10975.554,1619.639,0,699.844,0,32.993,4089,5182,1.490,1.780,1.110,2,0,15.996,0,0,18,321,0,12,0
21-01 20:16:10,23.489,4.748,70.217,0,0.250,5320668,218920,173156,2294884,11900.343,1661.210,0,651.690,0,12.994,6677,10148,1.450,1.770,1.100,2,0,53.974,0,0,18,321,0,12,0
21-01 20:16:11,23.246,5.249,69.989,0,0.250,5358000,181540,173160,2294912,5740.091,1619.744,0,3559.437,0,19.997,7128,11908,1.450,1.770,1.100,4,0,24.996,0,0,18,321,0,12,0
21-01 20:16:12,18.496,2.999,76.982,0.250,0.250,5325688,207812,173196,2300916,15522.400,3969.080,0,739.828,0,9.998,2279,1995,1.450,1.770,1.100,2,0,13.997,0,0,18,321,0,12,0
21-01 20:16:13,18.262,3.252,77.300,0,0,5341768,190424,173200,2302220,14775.511,4555.933,0,408.263,0,6.004,2228,2021,1.450,1.770,1.100,1,0,17.011,0,0,18,322,0,12,0
21-01 20:16:14,27.019,8.256,63.294,0.500,0.250,5336096,190840,173288,2306948,5496.836,1675.169,0,904.631,0,14.010,10724,29766,1.450,1.770,1.100,1,0,50.035,0,0,18,321,0,13,0
21-01 20:16:15,22.721,7.241,66.914,0.999,0,5338612,188068,173304,2307156,9465.883,1617.929,31.959,3799.137,0.999,172.779,11116,20078,1.420,1.750,1.100,1,0,19.974,0,0,18,321,0,13,0
21-01 20:16:16,21.782,5.007,71.354,0.250,0,5324968,214340,173320,2294964,7300.688,1622.375,0,1566.293,0,120.176,2635,2127,1.420,1.750,1.100,2,0,22.032,0,0,18,321,0,13,0
21-01 20:16:17,22.474,4.994,71.418,0,0,5316956,222336,173320,2294980,11163.253,1660.104,0,11.986,0,2.997,3299,2860,1.420,1.750,1.100,3,0,93.893,0,0,18,321,0,12,0
21-01 20:16:18,22.766,4.503,71.300,0,0,5328496,200488,173372,2305188,9337.558,1621.139,0,12.008,0,3.002,2503,2232,1.420,1.750,1.100,2,0,3.002,0,0,18,321,0,12,0
21-01 20:16:19,14.199,1.993,82.207,0.249,0,5330576,197876,173392,2305648,19389.773,7406.557,3.986,1522.564,0.996,36.868,2221,2269,1.420,1.750,1.100,1,0,15.943,0,0,18,322,0,12,0
21-01 20:16:20,12.760,1.251,83.568,0.751,0,5338488,189704,173452,2305844,24577.959,10740.722,0,1273.034,0,54.044,2219,2322,1.300,1.720,1.100,0,0,1.001,0,0,18,322,0,12,0
21-01 20:16:21,8.254,1.501,88.792,0.500,0.750,5336236,191592,173488,2306172,49710.674,8270.939,0,1044.497,0,56.027,2083,2574,1.300,1.720,1.100,0,0,1.000,0,0,18,323,0,12,0
21-01 20:16:22,5.763,0.752,91.957,0.501,0,5333364,194172,173564,2306368,128467.959,8287.641,0,1058.381,0,50.113,1620,1986,1.300,1.720,1.100,0,0,1.002,0,0,18,323,0,12,0
21-01 20:16:23,15.701,1.495,81.245,0.249,0,5356152,171196,173592,2306524,21687.896,7945.051,0,949.020,0,35.887,1932,1858,1.300,1.720,1.100,3,0,0,0,0,18,323,0,12,0
21-01 20:16:24,13.494,1.249,83.962,0.250,0.250,5355520,171572,173652,2306712,23392.359,10899.042,0,1171.467,0,43.980,1922,1922,1.300,1.720,1.100,1,0,0,0,0,18,323,0,12,0
21-01 20:16:25,14.286,1.754,82.205,0.501,0.251,5368640,157872,173700,2307156,288681.956,12839.978,0,1599.985,0,67.167,2448,2642,1.280,1.710,1.100,0,0,0,0,0,18,323,0,10,0
21-01 20:16:26,6.243,1.998,88.149,1.498,0.250,5346036,180060,173756,2307388,80793.381,15344.410,27.968,13440.592,3.995,246.717,2222,2233,1.280,1.710,1.100,0,0,0,0,0,18,323,0,10,0
21-01 20:16:27,11.027,1.754,85.708,0.501,0,5343496,182036,173920,2307680,57277.172,12004.168,104.253,1435.488,6.015,60.146,1959,2110,1.280,1.710,1.100,1,0,0,0,0,18,323,0,10,0
21-01 20:16:28,10.994,2.249,84.952,0.500,0,5341216,172708,173984,2319136,1466713.296,22496.335,0,2426.634,0,51.971,2794,2738,1.280,1.710,1.100,0,0,0.999,0,0,18,323,0,10,0
21-01 20:16:29,7.741,1.998,87.145,0.749,0.250,5332528,163048,174044,2337312,9443689.402,54571.138,0,4886.103,0,55.932,4342,2866,1.280,1.710,1.100,2,0,4.994,0,0,18,323,0,8,0
21-01 20:16:30,9.486,2.996,84.377,0.999,0.250,5344088,129476,174188,2358996,6882296.029,40777.596,163.761,13156.833,3.994,85.875,3949,3585,1.170,1.680,1.090,1,0,0.999,0,0,18,323,0,8,0
21-01 20:16:31,22.034,6.510,68.107,2.254,0.250,5341984,128604,177340,2356928,6714.508,1622.539,0,61323.968,0,558.875,3753,3044,1.170,1.680,1.090,1,0,1.002,0,0,18,323,0,8,0
21-01 20:16:32,25.278,6.257,67.325,0.501,0,5346852,132468,178252,2346384,9872.032,1621.812,0,1337.495,0,31.035,4267,5542,1.170,1.680,1.090,2,0,2.002,0,0,18,323,0,8,0
21-01 20:16:33,26.391,3.486,68.218,0.249,0,5350520,134632,178536,2340388,7806.717,1613.328,0,916.211,0,26.889,2986,2660,1.170,1.680,1.090,3,0,0,0,0,18,323,0,6,0
21-01 20:16:34,23.050,4.259,71.154,1.002,0,5357336,120216,179516,2345820,6141.301,1623.516,0,2309.001,0,107.232,3073,2915,1.170,1.680,1.090,2,0,0,0,0,18,323,0,6,0
21-01 20:16:35,24.505,3.501,70.013,1.000,0.250,5346084,134764,180280,2341052,5240.964,1620.298,36.007,2676.492,2.000,104.019,3295,3372,1.160,1.670,1.090,1,0,1.000,0,0,18,323,0,6,0
21-01 20:16:36,24.406,3.985,69.732,0.747,0.249,5353988,133012,181640,2332836,10661.079,1613.806,0,3175.810,0,203.220,3148,2762,1.160,1.670,1.090,1,0,0.996,0,0,18,323,0,6,0
21-01 20:16:37,23.110,4.773,71.339,1.005,0,5360956,122496,182672,2334688,9410.673,1627.727,0,48920.227,0,224.064,3106,2749,1.160,1.670,1.090,1,0,0,0,0,18,323,0,5,0
21-01 20:16:38,19.707,2.495,75.585,0.499,0,5353048,159336,183120,2304508,15476.178,4200.820,0,1923.796,0,76.832,2533,2408,1.160,1.670,1.090,1,0,0,0,0,18,321,0,5,0
21-01 20:16:39,23.009,4.252,71.779,0,0.250,5320628,191876,183120,2304424,8595.480,2535.026,0,460.186,0,18.007,2791,2409,1.160,1.670,1.090,0,0,35.014,0,0,18,322,0,5,0
21-01 20:16:40,19.299,3.258,76.694,0.251,0,5309436,196684,183204,2310440,15185.328,2831.146,0,1483.745,0,21.053,2314,2143,1.150,1.660,1.090,1,0,2.005,0,0,18,321,0,5,0
21-01 20:16:41,17.478,2.996,77.650,0.250,0,5326848,177848,183212,2311724,15998.463,4547.163,0,950.779,0,119.846,2422,2107,1.150,1.660,1.090,1,0,18.976,0,0,18,322,0,3,0
21-01 20:16:42,22.272,7.507,69.068,0,0.250,5335036,163720,183560,2316288,6186.060,1795.759,0,1861.824,0,17.017,10142,18622,1.150,1.660,1.090,1,1,15.015,0,0,18,321,0,3,0
21-01 20:16:43,24.215,6.241,66.902,0,0,5338676,159720,183592,2316552,10705.316,1617.630,0,1393.958,0,10.984,9228,16485,1.150,1.660,1.090,1,0,18.972,0,0,18,321,0,3,0
21-01 20:16:44,35.701,11.734,52.179,0,0.250,5375308,122940,183628,2316628,9098.589,1617.793,511.303,83.886,3.995,0.999,3403,2181,1.150,1.660,1.090,2,0,14.980,0,0,18,321,0,3,0
21-01 20:16:45,33.021,8.756,56.286,0.500,0,5333732,206876,183636,2276540,7578.807,1621.028,740.470,1657.051,7.004,55.035,3611,2947,1.220,1.660,1.090,1,0,10.006,0,0,18,321,0,3,0
21-01 20:16:46,22.795,5.010,70.138,0.751,0,5349836,187896,183636,2279400,13163.812,1623.183,408.802,2052.024,11.022,56.110,4391,5321,1.220,1.660,1.090,2,0,2.004,0,0,18,323,0,4,0
21-01 20:16:47,25.520,6.005,64.301,2.502,0,5279344,257352,183636,2280436,11039.729,1459.154,992.785,3494.763,52.041,353.279,8538,11832,1.220,1.660,1.090,2,0,55.044,0,0,18,323,0,7,0
21-01 20:16:48,11.509,18.515,68.305,1.001,0,5274184,261448,183636,2281496,11377.228,1621.315,864.701,3366.731,8.006,182.148,6801,6065,1.220,1.660,1.090,2,0,384.312,0,0,18,323,0,9,0
21-01 20:16:49,10.989,4.496,69.432,13.237,0.500,5262912,240480,183640,2313720,12673.518,1618.406,32320.169,1090.926,1797.230,33.967,6181,6004,1.220,1.660,1.090,0,1,10.989,0,0,18,323,0,9,0
21-01 20:16:50,8.239,4.245,73.405,11.485,0,5253812,239488,183648,2323864,9864.223,2631.591,10003.043,3028.078,1676.828,124.838,5951,6359,1.200,1.650,1.090,0,0,6.991,0,0,18,324,0,9,0
21-01 20:16:51,2.993,0.998,94.526,0,0.249,5254256,239040,183648,2323868,30647.296,3454.804,0,199.527,0,23.943,1652,2348,1.200,1.650,1.090,0,0,0.998,0,0,18,324,0,9,0
21-01 20:16:52,2.759,2.257,93.288,0.251,0.251,5253356,239636,183648,2324184,103369.793,4048.486,276.854,11138.351,6.019,59.183,1785,2400,1.200,1.650,1.090,0,0,3.009,0,0,18,324,0,9,0
21-01 20:16:53,43.012,9.002,46.763,0.750,0,5002964,489684,183660,2324516,34550.416,2623.715,188.051,820.224,12.003,19.005,3861,2439,1.200,1.650,1.090,3,0,27.007,0,0,18,305,0,13,0
21-01 20:16:54,67.459,14.491,17.989,0,0,5019188,473448,183660,2324524,9730.107,1619.020,3.998,223.864,0.999,12.992,4421,2348,1.200,1.650,1.090,4,0,6.996,0,0,18,301,0,13,0
21-01 20:16:55,86.187,13.028,0.501,0,0,4935804,556328,183668,2325024,10219.167,1461.169,304.661,617.339,8.017,40.087,5519,3709,1.500,1.710,1.110,5,0,8.017,0,0,18,278,0,15,0
21-01 20:16:56,79.951,12.453,5.978,0,0.249,5101412,389248,183668,2326484,10383.147,1613.961,51.806,3718.087,3.985,458.285,8083,9410,1.500,1.710,1.110,3,1,2.989,0,0,18,282,0,21,0
21-01 20:16:57,43.866,9.776,44.618,1.003,0,5168916,320544,183668,2327684,9137.097,1624.284,84.222,96514.536,6.016,1123.964,9338,10573,1.500,1.710,1.110,5,0,2.005,0,0,18,286,0,25,0
21-01 20:16:58,1.499,0.250,96.437,0.250,0,5165872,323588,183668,2327680,7293.201,1618.935,0,111.926,0,7.995,1178,1689,1.500,1.710,1.110,0,0,0,0,0,18,286,0,25,0
21-01 20:16:59,2.499,1.000,95.963,0,0.500,5158184,331148,183668,2327808,11011.722,1619.371,0,199.922,0,22.991,1326,1860,1.500,1.710,1.110,0,0,0,0,0,18,286,0,25,0
21-01 20:17:00,0.999,0.500,96.905,0,0,5150344,338988,183668,2327808,9273.930,1618.417,0,159.844,0,7.992,1022,1529,1.380,1.680,1.110,0,0,0,0,0,18,286,0,25,0
21-01 20:17:01,2.002,1.001,95.840,0.500,0,5142532,346800,183668,2327808,10447.857,1621.530,0,1245.175,0,27.025,1224,1710,1.380,1.680,1.110,0,0,3.003,0,0,18,286,0,25,0
21-01 20:17:02,1.248,0.998,96.561,0,0.250,5134720,354612,183668,2327808,7141.991,1616.829,0,471.076,0,19.961,1161,1637,1.380,1.680,1.110,0,0,0.998,0,0,18,286,0,25,0
21-01 20:17:03,1.505,3.762,93.297,0.251,0.251,5126604,362744,183676,2327820,9670.754,1462.651,4.013,85736.654,1.003,462.471,2583,2519,1.380,1.680,1.110,0,0,0,0,0,18,286,0,25,0
21-01 20:17:04,1.499,0.500,97.200,0,0.250,5120180,369164,183676,2327824,9211.253,1619.166,0,31.984,0,3.998,1000,1476,1.380,1.680,1.110,0,0,0,0,0,18,286,0,25,0
21-01 20:17:05,1.751,0.750,96.290,0,0,5108532,380808,183676,2327828,6094.503,1620.665,0,144.059,0,16.007,1311,1922,1.270,1.650,1.100,0,0,1.000,0,0,18,286,0,25,0
21-01 20:17:06,1.750,5.249,90.975,0.750,0.250,5111316,378024,183676,2327828,5981.384,1619.562,0,319.914,0,27.992,1535,1988,1.270,1.650,1.100,0,0,1.000,0,0,18,286,0,25,0
21-01 20:17:07,1.749,1.000,95.209,1.000,0,5107692,381640,183676,2327836,10174.606,1619.301,0,4506.054,0,552.761,2185,1869,1.270,1.650,1.100,0,0,0,0,0,18,286,0,25,0
21-01 20:17:08,1.751,0.250,96.802,0,0,5104112,385220,183676,2327836,7606.078,1620.869,0,308.165,0,22.012,1129,1594,1.270,1.650,1.100,2,0,0,0,0,18,286,0,25,0
21-01 20:17:09,2.250,1.000,95.998,0.250,0,5098264,391064,183676,2327840,9224.778,1619.961,0,127.997,0,20.999,1308,1826,1.270,1.650,1.100,3,0,0,0,0,18,286,0,25,0
21-01 20:17:10,0.748,0.499,97.025,0,0,5095860,393468,183676,2327840,7028.710,1454.629,0,175.593,0,10.975,1015,1476,1.170,1.620,1.100,0,0,0,0,0,18,286,0,25,0
21-01 20:17:11,1.503,0.751,96.180,0,0,5093972,395348,183676,2327848,9334.512,1623.045,0,160.301,0,14.026,1138,1753,1.170,1.620,1.100,0,0,0,0,0,18,286,0,25,0
21-01 20:17:12,1.499,0.750,96.949,0,0,5091608,397712,183676,2327848,10006.773,1619.154,0,0,0,0,1103,1503,1.170,1.620,1.100,0,0,0.999,0,0,18,286,0,25,0
21-01 20:17:13,0.998,0.998,96.823,0,0.250,5089052,400268,183676,2327848,5890.233,1617.044,0,0,0,0,1037,1505,1.170,1.620,1.100,0,0,0,0,0,18,286,0,25,0
21-01 20:17:14,6.267,3.760,89.490,0,0.501,5106864,382456,183676,2327848,4958.311,1624.361,0,16.043,0,2.005,2145,7025,1.170,1.620,1.100,0,0,36.097,0,0,18,286,0,26,0
21-01 20:17:15,0.999,0.499,96.883,0.250,0,5105292,384028,183676,2327848,9749.257,1618.051,0,99.880,0,5.993,1080,1504,1.080,1.600,1.090,0,0,0,0,0,18,286,0,26,0
21-01 20:17:16,9.268,20.040,68.636,0.250,0.250,5108408,380704,183676,2328056,7561.979,1623.215,180.357,68.135,9.018,7.014,6595,5489,1.080,1.600,1.090,1,0,503.998,0,0,18,286,0,26,0
21-01 20:17:17,8.224,19.938,69.783,0,0,5104804,384260,183676,2328104,10398.598,1614.968,15.950,127.602,0.997,13.957,6481,5633,1.080,1.600,1.090,1,0,421.686,0,0,18,286,0,26,0
21-01 20:17:18,8.525,20.059,69.205,0,0,5103148,385888,183676,2328132,7617.592,1462.337,0,308.916,0,21.062,6739,5852,1.080,1.600,1.090,1,0,523.553,0,0,18,286,0,25,0
21-01 20:17:19,8.507,21.268,67.556,0.250,0,5096580,392284,183680,2328300,9121.552,1621.342,136.113,136.113,3.002,16.013,6829,6026,1.080,1.600,1.090,1,0,518.429,0,0,18,286,0,25,0
21-01 20:17:20,14.733,12.736,70.171,0.499,0.250,5091760,396752,183832,2328500,9752.075,1618.187,335.624,271.696,34.961,22.974,4821,4095,1.070,1.590,1.090,1,0,229.743,0,0,18,286,0,25,0
21-01 20:17:21,8.745,3.248,86.450,0.250,0.250,5113796,374532,183836,2328680,20830.061,2468.585,151.913,207.881,3.998,20.988,2716,2971,1.070,1.590,1.090,0,0,27.984,0,0,18,287,0,25,0
21-01 20:17:22,1.745,1.247,94.751,0,0.249,5113648,374280,183836,2329080,429328.261,12477.254,0,131.654,0,7.979,1736,1817,1.070,1.590,1.090,0,0,0.997,0,0,18,287,0,25,0
21-01 20:17:23,2.756,1.503,93.711,0.251,0.251,5114000,372796,183836,2330212,1209320.667,32184.460,0,180.406,0,11.025,2688,2353,1.070,1.590,1.090,1,0,0,0,0,18,287,0,25,0
21-01 20:17:24,2.501,1.001,95.048,0,0,5111252,374960,183836,2330796,614496.197,16153.128,0,2165.089,0,8.004,1702,1820,1.070,1.590,1.090,0,0,0,0,0,18,287,0,25,0
21-01 20:17:25,2.496,0.998,94.848,0,0,5111336,374268,183836,2331408,650799.337,16048.215,0,0,0,0,1889,2018,0.980,1.560,1.080,0,0,0,0,0,18,287,0,25,0
21-01 20:17:26,2.254,1.503,94.186,0,0,5110712,374268,183836,2332032,731650.169,17024.557,0,1354.670,0,5.010,1903,1901,0.980,1.560,1.080,0,0,0,0,0,18,287,0,25,0
21-01 20:17:27,1.499,1.249,95.437,0.750,0.500,5110740,374044,183836,2332228,109435.832,4070.316,31.979,1179.222,0.999,207.863,1830,1993,0.980,1.560,1.080,0,0,0,0,0,18,287,0,25,0
21-01 20:17:28,3.251,1.000,94.021,0.250,0,5130940,353660,183836,2332412,190843.417,6071.349,0,544.121,0,22.005,1503,1734,0.980,1.560,1.080,1,0,1.000,0,0,18,289,0,25,0
21-01 20:17:29,2.993,1.496,94.518,0,0.249,5130580,353660,183836,2332772,374377.696,10109.203,0,530.698,0,20.949,1833,2148,0.980,1.560,1.080,0,0,1.995,0,0,18,289,0,25,0
21-01 20:17:30,6.024,1.506,90.112,0.502,0.251,5146160,337324,183984,2333380,273709.903,8451.995,662.665,405.632,62.250,10.040,1740,1920,0.900,1.530,1.080,1,0,2.008,0,0,18,288,0,26,0
21-01 20:17:31,10.995,13.993,69.716,4.248,0,5154060,304896,184776,2356872,7389.424,1619.216,2362.857,28282.315,104.949,1354.345,8797,10757,0.900,1.530,1.080,0,1,122.941,0,0,18,288,0,26,0
21-01 20:17:32,15.997,11.998,67.988,2.750,0,5141124,312572,184980,2361288,9803.243,1619.710,15.997,10490.119,1.000,944.831,6109,7293,0.900,1.530,1.080,1,0,88.984,0,0,18,288,0,26,0
21-01 20:17:33,22.512,8.004,67.787,1.001,0,5130144,322648,185044,2362164,7914.305,1620.882,0,5527.006,0,287.156,4006,3159,0.900,1.530,1.080,1,0,38.021,0,0,18,288,0,26,0
21-01 20:17:34,23.670,8.222,66.028,0.498,0.249,5143816,307856,185088,2363080,8626.961,1453.109,0,1327.531,0,78.735,3709,2968,0.900,1.530,1.080,4,0,32.889,0,0,18,288,0,24,0
21-01 20:17:35,25.313,7.268,64.912,0.752,0,5128464,317264,185356,2368072,7950.783,1624.041,116.289,1692.210,25.062,68.170,5634,6913,0.910,1.520,1.080,1,0,23.057,0,0,18,288,0,24,0
21-01 20:17:36,22.708,5.739,66.876,2.745,0.749,5128336,316272,185932,2367892,7200.642,1617.000,854.415,6535.875,134.750,281.478,5632,7114,0.910,1.520,1.080,1,0,16.969,0,0,18,288,0,26,0
21-01 20:17:37,15.486,10.490,70.684,1.748,0,5166940,215888,186108,2427896,6267.192,1618.500,4995.370,1434.670,252.766,27.974,3645,3393,0.910,1.520,1.080,1,0,43.959,0,0,18,288,0,26,0
21-01 20:17:38,21.501,5.500,72.002,0.500,0,5182412,198264,186252,2428092,10203.308,1620.049,312.009,3880.117,17.001,220.007,3184,2182,0.910,1.520,1.080,1,0,32.001,0,0,18,290,0,26,0
21-01 20:17:39,12.520,3.005,83.135,0.751,0,5146380,295876,186272,2368000,8701.110,1622.631,36.058,228.370,6.010,17.028,2337,2295,0.910,1.520,1.080,0,0,17.028,0,0,18,290,0,26,0
21-01 20:17:40,1.500,0.500,96.757,0,0,5137316,304936,186272,2368004,9264.660,1620.115,0,176.013,0,11.001,1132,1548,0.840,1.500,1.070,0,0,0,0,0,18,290,0,26,0
21-01 20:17:41,1.248,0.499,97.131,0,0,5103904,338348,186272,2368004,8140.060,1618.024,0,39.951,0,5.993,1033,1489,0.840,1.500,1.070,0,0,0,0,0,18,290,0,26,0
21-01 20:17:42,1.499,0.750,96.453,0,0.500,5103644,338608,186272,2368004,12071.139,1457.292,0,31.984,0,2.999,1143,1543,0.840,1.500,1.070,0,0,1.000,0,0,18,290,0,26,0
21-01 20:17:43,2.002,1.501,96.074,0,0,5103756,338496,186272,2368004,9885.623,1621.250,0,0,0,0,1245,1531,0.840,1.500,1.070,0,0,6.005,0,0,18,290,0,26,0
21-01 20:17:44,0.999,0.499,97.152,0,0,5103724,338528,186272,2368004,5147.794,1618.363,0,0,0,0,964,1403,0.840,1.500,1.070,0,0,0,0,0,18,290,0,26,0
21-01 20:17:45,1.500,0.750,96.510,0,0,5103720,338528,186272,2368008,5496.553,1620.163,0,88.009,0,9.001,1083,1554,0.770,1.470,1.060,0,0,0,0,0,18,290,0,26,0
21-01 20:17:46,1.501,1.001,96.594,0.500,0.250,5103720,338528,186272,2368008,12319.943,1621.572,0,104.101,0,13.013,1118,1547,0.770,1.470,1.060,0,0,0,0,0,18,290,0,26,0
21-01 20:17:47,1.499,0.749,96.180,0,0,5103892,338304,186272,2368060,6807.030,1618.818,31.977,135.901,0.999,14.989,1315,1948,0.770,1.470,1.060,0,0,0,0,0,18,290,0,23,0
21-01 20:17:48,1.749,0.250,96.463,0,0.250,5103892,338304,186272,2368060,9777.250,1619.379,0,419.839,0,30.988,1149,1614,0.770,1.470,1.060,0,0,0,0,0,18,290,0,23,0
21-01 20:17:49,1.749,0.999,95.944,0,0.500,5103892,338304,186272,2368060,9195.608,1619.051,0,287.831,0,18.989,1304,1864,0.770,1.470,1.060,0,0,0,0,0,18,290,0,23,0
21-01 20:17:50,1.754,1.002,95.963,0.251,0,5103880,338304,186272,2368072,9267.600,1461.248,0,256.570,0,23.051,1425,2040,0.710,1.450,1.060,0,0,1.002,0,0,18,290,0,23,0
21-01 20:17:51,1.501,0.500,96.333,0,0,5103880,338304,186272,2368072,9678.363,1621.401,0,84.073,0,12.010,1291,1880,0.710,1.450,1.060,0,0,1.001,0,0,18,290,0,20,0
21-01 20:17:52,0.998,0.998,97.033,0,0,5103876,338304,186272,2368076,5778.077,1616.385,0,11.973,0,1.996,1072,1527,0.710,1.450,1.060,0,0,0.998,0,0,18,290,0,20,0
21-01 20:17:53,1.250,0.750,96.770,0.500,0,5103876,338304,186272,2368076,11896.503,1620.341,0,280.059,0,21.004,1106,1535,0.710,1.450,1.060,0,0,0,0,0,18,290,0,20,0
21-01 20:17:54,1.500,0.750,97.007,0,0,5103872,338304,186272,2368080,7794.525,1620.109,0,692.047,0,142.010,1276,1503,0.710,1.450,1.060,0,0,0,0,0,18,290,0,20,0
21-01 20:17:55,1.755,1.003,96.250,0,0.251,5103836,338304,186272,2368116,5953.488,1624.225,0,0,0,0,1105,1537,0.650,1.420,1.050,0,0,0,0,0,18,290,0,16,0
21-01 20:17:56,1.246,0.748,96.722,0,0.499,5103836,338304,186272,2368116,9066.899,1615.350,0,0,0,0,987,1469,0.650,1.420,1.050,0,0,0,0,0,18,290,0,16,0
21-01 20:17:57,1.501,0.250,96.807,0,0,5103836,338304,186272,2368116,8050.757,1458.862,0,0,0,0,1092,1584,0.650,1.420,1.050,0,0,0,0,0,18,290,0,16,0
21-01 20:17:58,1.499,0.749,97.153,0,0,5103836,338304,186272,2368116,10711.306,1618.384,0,51.948,0,2.997,1070,1471,0.650,1.420,1.050,0,0,0,0,0,18,290,0,16,0
21-01 20:17:59,2.001,0.750,96.041,0.250,0,5103836,338304,186272,2368116,10844.633,1620.692,0,72.031,0,10.004,1296,1812,0.650,1.420,1.050,0,0,0,0,0,18,290,0,4,0
21-01 20:18:00,1.249,0.500,96.438,0.250,0.250,5103836,338304,186272,2368116,7218.344,1618.956,0,315.796,0,24.984,1135,1707,0.680,1.420,1.050,0,0,0,0,0,18,290,0,4,0
21-01 20:18:01,1.502,1.002,96.907,0,0,5103836,338304,186272,2368116,9418.236,1622.625,0,48.078,0,6.010,1024,1470,0.680,1.420,1.050,0,0,0,0,0,18,290,0,4,0
21-01 20:18:02,1.251,0.500,97.335,0,0.250,5103836,338304,186272,2368116,7866.900,1621.422,0,0,0,0,1017,1447,0.680,1.420,1.050,0,0,1.001,0,0,18,290,0,4,0
21-01 20:18:03,0.999,0.500,97.197,0,0,5103836,338304,186272,2368116,5214.176,1619.123,0,35.981,0,0.999,973,1430,0.680,1.420,1.050,0,0,0,0,0,18,290,0,4,0
21-01 20:18:04,1.499,0.750,96.216,0.500,0.250,5103792,338336,186276,2368124,9794.500,1619.421,3.999,3090.896,1.000,157.944,1254,1528,0.680,1.420,1.050,0,0,0,0,0,18,290,0,4,0
21-01 20:18:05,1.498,0.998,96.349,0,0,5103792,338336,186276,2368124,4904.296,1455.713,0,323.492,0,13.978,1317,1965,0.630,1.390,1.050,0,0,0.998,0,0,18,290,0,4,0
21-01 20:18:06,2.254,1.002,95.407,0.250,0,5103800,338336,186276,2368132,9374.433,1622.671,0,528.871,0,49.081,1631,2404,0.630,1.390,1.050,0,0,1.002,0,0,18,290,0,4,0
21-01 20:18:07,1.750,0.500,96.495,0,0,5103800,338336,186276,2368132,7039.630,1619.915,0,31.998,0,4.000,1120,1601,0.630,1.390,1.050,0,0,0,0,0,18,290,0,4,0
21-01 20:18:08,1.500,0.750,97.279,0,0,5103800,338336,186276,2368132,6951.057,1662.492,0,0,0,0,1095,1527,0.630,1.390,1.050,0,0,0,0,0,18,290,0,4,0
21-01 20:18:09,7.740,4.494,81.642,3.995,0,5127252,311484,186692,2370636,10370.322,1617.866,2896.180,59861.046,493.349,164.783,3105,3166,0.630,1.390,1.050,0,1,4.993,0,0,18,290,0,4,0
21-01 20:18:10,23.261,4.502,71.034,0.500,0.500,5114860,321936,186872,2371056,5903.803,1620.770,416.198,1032.490,69.033,32.015,3449,4020,0.660,1.390,1.050,1,0,5.002,0,0,18,294,0,5,0
21-01 20:18:11,22.567,4.513,71.713,0.501,0.251,5143672,292732,186872,2371448,8986.707,1624.829,16.048,216.644,1.003,21.063,3067,3105,0.660,1.390,1.050,1,0,5.015,0,0,18,299,0,7,0
21-01 20:18:12,22.214,5.241,70.635,0,0,5125328,310920,186872,2371604,10431.047,1455.634,0,319.481,0,34.943,3586,3865,0.660,1.390,1.050,1,0,10.982,0,0,18,298,0,8,0
21-01 20:18:13,29.814,5.762,63.386,0.251,0.251,5126856,309232,186872,2371768,9557.437,1665.561,0,272.583,0,29.062,4057,3956,0.660,1.390,1.050,4,0,25.054,0,0,18,298,0,10,0
21-01 20:18:14,47.992,8.249,42.743,0,0,4986908,449056,186872,2371796,8813.568,1619.737,0,119.981,0,7.999,4063,9937,0.660,1.390,1.050,4,0,40.993,0,0,18,290,0,13,0
21-01 20:18:15,68.936,7.993,22.479,0.250,0,5108548,327396,186872,2371968,5649.776,1688.439,0,3141.096,0,425.606,4972,2747,0.840,1.410,1.060,5,0,0,0,0,18,290,0,14,0
21-01 20:18:16,56.225,7.746,34.734,0,0,5041776,393944,186872,2372292,5656.436,1619.266,0,311.859,0,13.994,3920,2939,0.840,1.410,1.060,5,0,8.996,0,0,18,286,0,14,0
21-01 20:18:17,40.296,4.755,54.311,0,0,5072980,362440,186872,2372584,12178.784,1621.836,0,124.141,0,12.014,3422,3899,0.840,1.410,1.060,2,0,1.001,0,0,18,284,0,18,0
21-01 20:18:18,43.365,6.729,48.599,0,0,5083160,351504,186872,2373404,9411.711,1614.974,0,131.590,0,14.953,6643,8046,0.840,1.410,1.060,1,0,6.978,0,0,18,286,0,20,0
21-01 20:18:19,18.272,4.255,76.342,0.250,0.751,5115624,317988,186872,2374456,11288.584,1621.952,0,232.280,0,31.037,5171,8882,0.840,1.410,1.060,1,0,1.001,0,0,18,290,0,21,0
21-01 20:18:20,1.750,0.500,96.018,0,0,5115784,317764,186872,2374520,5430.010,1458.271,0,388.072,0,21.004,1340,1990,0.780,1.390,1.050,0,0,1.000,0,0,18,290,0,21,0
21-01 20:18:21,2.248,0.500,95.409,0.500,0,5115772,317764,186872,2374532,9314.090,1618.452,0,267.744,0,31.969,1522,2223,0.780,1.390,1.050,0,0,0.999,0,0,18,290,0,21,0
21-01 20:18:22,1.500,1.000,96.532,0,0,5115768,317764,186872,2374536,8051.674,1620.538,0,148.049,0,11.004,1120,1631,0.780,1.390,1.050,0,0,1.000,0,0,18,290,0,21,0
21-01 20:18:23,1.499,1.000,95.702,0.500,0,5115764,317764,186876,2374536,7475.274,1619.193,0,831.586,0,66.967,1445,2176,0.780,1.390,1.050,0,0,0,0,0,18,290,0,21,0
21-01 20:18:24,1.249,0.499,96.888,0,0.250,5115764,317764,186876,2374536,5414.756,1618.134,0,0,0,0,1028,1549,0.780,1.390,1.050,0,0,0,0,0,18,290,0,21,0
21-01 20:18:25,1.252,0.250,97.131,0,0.250,5115764,317764,186876,2374536,11809.934,1622.189,0,0,0,0,1075,1508,0.710,1.370,1.040,0,0,0,0,0,18,290,0,21,0
21-01 20:18:26,2.003,0.751,95.894,0,0.250,5115764,317764,186876,2374536,8862.268,1622.429,0,0,0,0,982,1443,0.710,1.370,1.040,0,0,0,0,0,18,290,0,21,0
21-01 20:18:27,1.496,0.748,96.724,0,0.249,5115764,317764,186876,2374536,9516.796,1615.382,0,0,0,0,1109,1543,0.710,1.370,1.040,0,0,0,0,0,18,290,0,21,0
21-01 20:18:28,2.002,1.251,95.085,0.751,0,5115764,317764,186876,2374536,7051.276,1459.299,0,2233.988,0,116.103,1553,2375,0.710,1.370,1.040,0,0,0,0,0,18,290,0,21,0
21-01 20:18:29,3.000,0.750,95.258,0.250,0,5115756,317764,186876,2374544,9798.841,1714.147,0,184.016,0,27.002,1551,2083,0.710,1.370,1.040,0,0,2.000,0,0,18,290,0,21,0
21-01 20:18:30,1.501,0.750,96.562,0,0,5115756,317764,186876,2374544,7771.961,1621.035,0,212.135,0,17.011,1158,1627,0.660,1.340,1.040,0,0,0,0,0,18,290,0,21,0
21-01 20:18:31,1.501,1.001,94.820,1.501,0.250,5115756,317764,186876,2374544,5500.061,1621.197,0,7985.896,0,968.715,1953,1740,0.660,1.340,1.040,0,0,0,0,0,18,290,0,21,0
21-01 20:18:32,1.749,0.749,96.671,0,0.250,5115752,317764,186876,2374548,9101.515,1618.669,0,0,0,0,1099,1513,0.660,1.340,1.040,0,0,0.999,0,0,18,290,0,20,0
21-01 20:18:33,1.498,0.499,97.111,0,0,5115752,317764,186876,2374548,7327.480,1617.677,0,0,0,0,1021,1472,0.660,1.340,1.040,0,0,0,0,0,18,290,0,20,0
21-01 20:18:34,4.754,2.502,91.573,0,0,5115360,318040,186876,2374664,4895.894,1621.290,0,1136.904,0,3.002,3038,4779,0.660,1.340,1.040,0,0,1.001,0,0,18,290,0,20,0
21-01 20:18:35,4.004,1.251,93.340,0.250,0.250,5115352,318040,186876,2374672,9313.944,1459.401,0,120.115,0,12.012,1913,2384,0.600,1.320,1.030,0,0,1.001,0,0,18,290,0,20,0
21-01 20:18:36,2.995,0.749,94.085,0.250,0.250,5115332,318040,186876,2374692,7136.501,1617.168,0,419.266,0,33.941,1759,2499,0.600,1.320,1.030,0,0,0.998,0,0,18,290,0,18,0
21-01 20:18:37,1.500,1.000,97.256,0,0.250,5115332,318040,186876,2374692,10281.623,1620.098,0,0,0,0,1130,1546,0.600,1.320,1.030,0,0,0,0,0,18,290,0,18,0
21-01 20:18:38,33.069,8.768,56.618,0.251,0.251,4730144,702792,186888,2375192,10007.816,1861.873,376.784,456.950,30.063,33.069,4181,3331,0.600,1.320,1.030,1,0,79.165,0,0,18,286,0,20,0
21-01 20:18:39,22.964,4.493,71.389,0,0,4806096,626784,186888,2375264,5973.714,1936.989,71.888,119.814,4.992,11.981,2430,2226,0.600,1.320,1.030,1,0,0,0,0,18,286,0,20,0
21-01 20:18:40,22.987,5.497,70.210,0.750,0,4885940,545716,186888,2376448,12239.012,1798.973,327.813,1355.226,30.982,115.934,3651,5203,0.640,1.320,1.030,1,0,16.990,0,0,18,290,0,22,0
21-01 20:18:41,21.769,5.755,71.061,0.250,0,4951968,479676,186888,2376460,12203.458,1621.390,8.007,292.250,2.002,13.011,2600,2247,0.640,1.320,1.030,1,0,6.005,0,0,18,290,0,22,0
21-01 20:18:42,19.268,2.252,77.574,0,0,4991320,440140,186888,2376644,6532.205,1621.540,0,16.015,0,2.002,2032,1789,0.640,1.320,1.030,1,0,2.002,0,0,18,290,0,22,0
21-01 20:18:43,1.747,0.998,95.563,0,0,4990568,440864,186888,2376652,10127.190,1580.908,0,7.984,0,1.996,1218,1519,0.640,1.320,1.030,0,0,5.988,0,0,18,290,0,22,0
21-01 20:18:44,1.250,1.000,97.028,0,0,4990792,440640,186888,2376652,7432.132,1760.505,0,0,0,0,952,1435,0.640,1.320,1.030,0,0,0,0,0,18,290,0,22,0
21-01 20:18:45,1.502,0.751,96.614,0,0.250,4986764,444660,186888,2376660,9913.689,1621.912,0,520.614,0,16.019,1230,1677,0.580,1.290,1.030,1,0,0,0,0,18,290,0,22,0
21-01 20:18:46,2.249,0.500,95.977,0,0.500,4983008,448416,186888,2376660,7483.225,1619.616,0,263.937,0,7.998,1097,1539,0.580,1.290,1.030,0,0,0,0,0,18,290,0,22,0
21-01 20:18:47,1.502,0.751,96.860,0,0.250,4979720,451704,186888,2376660,7640.675,1621.841,0,0,0,0,1087,1507,0.580,1.290,1.030,0,0,0,0,0,18,290,0,22,0
21-01 20:18:48,1.250,0.500,96.721,0,0,4976820,454604,186888,2376660,9471.139,1709.484,0,0,0,0,1092,1486,0.580,1.290,1.030,0,0,0,0,0,18,290,0,22,0
21-01 20:18:49,3.001,0.750,95.776,0,0,4971420,460004,186888,2376660,11121.976,1620.434,0,120.032,0,17.005,1360,1849,0.580,1.290,1.030,0,0,0,0,0,18,290,0,22,0
21-01 20:18:50,1.746,0.249,96.041,0.249,0,4969612,461808,186888,2376664,9970.316,1616.484,0,259.436,0,26.941,1360,2041,0.540,1.270,1.020,0,0,0,0,0,18,290,0,22,0
21-01 20:18:51,1.500,1.250,95.734,0,0,4968044,463372,186888,2376668,12354.941,1457.757,0,123.979,0,13.998,1282,1879,0.540,1.270,1.020,0,0,0,0,0,18,290,0,22,0
21-01 20:18:52,1.505,0.251,97.315,0,0.251,4966788,464628,186888,2376668,13689.271,1625.256,0,4.013,0,1.003,1147,1552,0.540,1.270,1.020,0,0,1.003,0,0,18,290,0,22,0
21-01 20:18:53,1.749,0.999,96.701,0,0.250,4965308,466108,186888,2376668,9312.245,1759.102,0,267.863,0,19.990,1078,1560,0.540,1.270,1.020,0,0,0,0,0,18,290,0,22,0
21-01 20:18:54,1.751,0.250,97.544,0,0,4964016,467400,186888,2376668,6455.924,1620.734,0,0,0,0,995,1488,0.540,1.270,1.020,0,0,0,0,0,18,290,0,22,0
21-01 20:18:55,2.748,0.999,94.441,0.250,0,4962864,468516,186888,2376704,6214.139,1618.994,0,355.779,0,27.983,1626,2101,0.490,1.250,1.020,0,0,0,0,0,18,290,0,22,0
21-01 20:18:56,1.250,0.750,96.718,0.250,0,4961860,469520,186888,2376704,12726.820,1619.468,0,59.980,0,7.997,1102,1501,0.490,1.250,1.020,0,0,0,0,0,18,290,0,22,0
21-01 20:18:57,1.746,0.748,96.555,0,0.249,4961152,470224,186888,2376708,7589.666,1616.734,0,0,0,0,1032,1493,0.490,1.250,1.020,0,0,0,0,0,18,290,0,22,0
21-01 20:18:58,1.755,0.752,97.028,0,0.251,4960552,470824,186888,2376708,9458.067,1714.908,0,4.011,0,1.003,1086,1518,0.490,1.250,1.020,0,0,0,0,0,18,290,0,22,0
21-01 20:18:59,6.730,1.496,89.737,0.499,0.499,4960500,470856,186888,2376728,8688.580,1453.747,0,358.950,0,48.857,2554,3692,0.490,1.250,1.020,0,0,0,0,0,18,290,0,22,0
21-01 20:19:00,1.252,0.501,96.664,0,0,4960500,470856,186888,2376728,9504.079,1622.745,0,204.346,0,14.024,1163,1688,0.530,1.250,1.010,0,0,0,0,0,18,290,0,22,0
21-01 20:19:01,1.248,0.749,97.128,0,0,4960500,470856,186888,2376728,8664.132,1617.971,0,131.835,0,8.989,1072,1574,0.530,1.250,1.010,0,0,0,0,0,18,290,0,22,0
21-01 20:19:02,1.999,1.000,94.715,1.250,0,4949236,482120,186888,2376728,7382.250,1619.397,0,4802.211,0,597.777,2162,1669,0.530,1.250,1.010,0,0,1.000,0,0,18,290,0,22,0
21-01 20:19:03,1.252,0.501,97.144,0,0,4941848,489508,186888,2376728,11992.804,1622.409,0,0,0,0,1063,1443,0.530,1.250,1.010,0,0,0,0,0,18,290,0,22,0
21-01 20:19:04,1.251,0.500,97.304,0,0,4942088,489268,186888,2376728,7622.266,1620.907,0,12.007,0,3.002,991,1456,0.530,1.250,1.010,0,0,0,0,0,18,290,0,22,0
21-01 20:19:05,1.746,0.499,96.304,0,0.499,4942088,489268,186888,2376728,7457.837,1616.713,0,99.797,0,11.976,1248,1851,0.490,1.220,1.010,0,0,0,0,0,18,290,0,22,0
21-01 20:19:06,1.750,1.000,95.736,0.250,0.250,4937396,493956,186888,2376732,10730.479,1457.793,0,335.952,0,27.996,1369,1962,0.490,1.220,1.010,0,0,0,0,0,18,290,0,22,0
21-01 20:19:07,1.503,0.501,97.428,0,0,4937392,493956,186888,2376736,9593.509,1622.962,0,40.073,0,6.011,1038,1541,0.490,1.220,1.010,0,0,0,0,0,18,290,0,22,0
21-01 20:19:08,2.255,2.756,93.712,0,0,4938648,492700,186888,2376736,10766.356,1755.972,0,0,0,0,1646,1833,0.490,1.220,1.010,1,0,38.086,0,0,18,290,0,22,0
21-01 20:19:09,12.750,15.250,69.999,0.250,0.250,4973108,458220,186888,2376756,8743.873,1619.977,0,151.998,0,21.000,5271,4523,0.490,1.220,1.010,1,0,272.996,0,0,18,290,0,22,0
21-01 20:19:10,22.759,3.501,71.779,0.250,0,5020304,410884,186888,2376892,6053.470,1760.718,0,200.082,0,13.005,2384,2349,0.530,1.220,1.010,2,0,0,0,0,18,292,0,23,0
21-01 20:19:11,32.030,7.201,59.094,0.745,0,5032020,398924,186888,2377132,9739.158,1608.957,162.882,1581.148,9.932,216.514,6452,8317,0.530,1.220,1.010,2,0,25.823,0,0,18,290,0,24,0
21-01 20:19:12,42.018,10.316,46.799,0.503,0,5135388,295340,186896,2377340,9314.420,1630.401,157.002,728.648,7.045,105.674,4855,4290,0.530,1.220,1.010,3,0,71.456,0,0,18,290,0,33,0
21-01 20:19:13,18.997,16.997,62.239,0,0,5114196,316468,186896,2377396,17891.740,2609.525,0,279.949,0,11.998,6061,5176,0.530,1.220,1.010,1,0,406.926,0,0,18,290,0,28,0
21-01 20:19:14,22.489,6.497,69.716,0,0.250,5156576,273948,186900,2378088,10206.090,1457.299,75.963,487.765,3.998,7.996,2570,3862,0.530,1.220,1.010,3,0,37.982,0,0,18,290,0,28,0
21-01 20:19:15,26.182,4.239,67.077,0.997,0.249,5205516,222132,187040,2379964,9837.557,1615.821,422.906,2677.076,53.861,118.693,3482,9503,0.570,1.220,1.010,1,0,3.990,0,0,18,290,0,29,0
21-01 20:19:16,23.514,4.253,71.293,0.250,0.250,5200948,224400,187120,2381768,9924.993,1620.979,16.010,500.302,3.002,14.008,2381,1940,0.570,1.220,1.010,1,0,3.002,0,0,18,290,0,29,0
21-01 20:19:17,25.069,4.512,67.686,0.752,0,5206416,218604,187120,2382096,7444.419,1624.456,0,2081.710,0,167.459,6357,9050,0.570,1.220,1.010,4,0,2.006,0,0,18,291,0,20,0
21-01 20:19:18,25.000,4.000,67.751,2.250,0.250,5216772,207012,187120,2383332,7073.076,1620.017,928.010,3256.035,60.001,271.003,5291,7394,0.570,1.220,1.010,2,0,1.000,0,0,18,299,0,22,0
21-01 20:19:19,10.722,1.995,85.275,0.249,0,5216964,206760,187120,2383388,9001.208,1615.729,31.916,1380.351,1.995,80.786,2477,2987,0.570,1.220,1.010,0,0,0,0,0,18,299,0,23,0
21-01 20:19:20,16.032,3.758,76.654,1.754,0,5216464,206760,187120,2383888,7277.660,1623.270,96.194,2212.457,6.012,284.573,6006,9132,0.520,1.200,1,1,0,0,0,0,18,302,0,23,0
21-01 20:19:21,24.988,4.998,65.967,1.999,0,5216620,206256,187120,2384232,11225.406,1619.193,0,4549.733,0,384.808,8830,13299,0.520,1.200,1,2,0,1.000,0,0,18,303,0,21,0
21-01 20:19:22,7.501,2.500,86.262,2.250,0,5212972,209828,187120,2384308,7629.060,1458.203,16.002,7501.042,1.000,862.120,4154,5104,0.520,1.200,1,0,0,1.000,0,0,18,301,0,22,0
21-01 20:19:23,20.272,4.255,70.076,3.504,0.250,5207552,214888,187120,2384668,10113.910,1621.749,64.069,7996.626,3.003,618.667,8217,12108,0.520,1.200,1,3,0,0,0,0,18,302,0,22,0
21-01 20:19:24,24.256,5.251,67.016,2.251,0.250,5208032,214228,187124,2384844,8038.868,1620.377,0,3800.883,0,350.081,8653,12492,0.520,1.200,1,2,1,0,0,0,18,301,0,26,0
21-01 20:19:25,1.991,0.747,95.087,0.249,0,5208256,214004,187124,2384844,8476.187,1612.995,0,876.195,0,53.766,1531,2171,0.480,1.180,1,3,0,0,0,0,18,302,0,26,0
21-01 20:19:26,25.598,5.019,65.751,2.008,0.502,5206756,215332,187124,2385016,5068.381,1626.218,0,3332.744,0,383.466,8669,12834,0.480,1.180,1,1,0,0,0,0,18,302,0,26,0
21-01 20:19:27,24.717,3.995,68.158,0.999,0,5206732,214852,187124,2385520,12444.195,1617.815,0,1585.858,0,174.764,8252,12053,0.480,1.180,1,1,0,0,0,0,18,302,0,28,0
21-01 20:19:28,24.765,5.503,63.537,3.752,0,5204912,216292,187128,2385896,9738.747,1620.957,0,8877.239,0,706.417,9880,14416,0.480,1.180,1,1,0,0,0,0,18,302,0,28,0
21-01 20:19:29,12.989,2.748,82.182,0.500,0,5204492,216536,187128,2386072,9873.803,1712.578,0,1095.091,0,65.945,4075,5686,0.480,1.180,1,0,0,2.998,0,0,18,305,0,28,0
21-01 20:19:30,17.275,3.755,74.857,1.753,0,5205008,215920,187132,2386168,7338.470,1622.315,0,2567.663,0,295.421,6757,10090,0.840,1.240,1.020,4,0,0,0,0,18,305,0,28,0
21-01 20:19:31,24.719,5.493,66.168,1.998,0.499,5203752,216840,187132,2386504,9293.453,1456.191,0,2964.317,0,315.608,8951,13316,0.840,1.240,1.020,1,0,0,0,0,18,305,0,28,0
21-01 20:19:32,12.244,2.998,80.709,1.249,0,5203672,216548,187132,2386876,8815.496,1619.173,287.853,2210.871,15.992,210.892,5081,7356,0.840,1.240,1.020,0,0,0.999,0,0,18,304,0,28,0
21-01 20:19:33,10.512,2.253,84.094,1.502,0.250,5205756,214112,187132,2387228,5348.949,1621.804,100.111,2418.690,6.007,230.256,4129,5553,0.840,1.240,1.020,0,0,0,0,0,18,304,0,28,0
21-01 20:19:34,7.505,3.002,87.811,0,0.250,5206336,213404,187132,2387356,9718.768,1621.129,0,436.304,0,25.017,3768,5586,0.840,1.240,1.020,2,0,1.001,0,0,18,305,0,28,0
21-01 20:19:35,10.470,2.493,83.514,2.244,0,5207264,212396,187132,2387436,7480.903,1615.444,0,5823.577,0,452.723,4956,6633,0.780,1.220,1.010,0,0,0,0,0,18,304,0,31,0
21-01 20:19:36,20.266,4.003,71.805,1.751,0,5206960,212396,187132,2387740,8180.267,1621.242,0,3210.460,0,338.259,6756,10445,0.780,1.220,1.010,2,0,0,0,0,18,305,0,31,0
21-01 20:19:37,25.248,5.000,65.496,2.250,0.250,5207504,211668,187132,2387924,12176.218,1619.896,0,3967.745,0,448.971,9538,14269,0.780,1.220,1.010,2,0,0,0,0,18,305,0,32,0
21-01 20:19:38,15.260,3.252,77.548,2.502,0.250,5202168,216752,187132,2388160,9540.961,1621.013,0,8793.494,0,1036.648,6887,8023,0.780,1.220,1.010,0,0,0,0,0,18,304,0,35,0
21-01 20:19:39,11.263,2.503,82.845,1.251,0,5201580,217248,187132,2388252,9776.230,1513.739,0,2370.723,0,183.210,4457,6631,0.780,1.220,1.010,1,0,0,0,0,18,304,0,35,0
21-01 20:19:40,25.717,5.243,62.670,4.744,0,5201800,216744,187136,2388532,8807.714,1563.996,0,10566.460,0,888.861,10541,15848,0.870,1.230,1.020,1,0,1.997,0,0,18,305,0,35,0
21-01 20:19:41,24.000,5.000,67.499,1.250,0.250,5203940,214256,187136,2388876,6352.895,1619.973,0,3811.937,0,357.994,8362,11925,0.870,1.230,1.020,1,0,0,0,0,18,305,0,32,0
21-01 20:19:42,24.534,5.257,64.589,3.254,0.501,5203884,214004,187136,2389196,11699.113,1622.234,0,4386.041,0,490.676,9267,14001,0.870,1.230,1.020,1,1,1.001,0,0,18,305,0,32,0
21-01 20:19:43,25.008,5.502,67.021,1.250,0,5205308,212244,187140,2389512,8872.845,1620.520,0,2256.723,0,224.072,8102,12356,0.870,1.230,1.020,1,0,6.002,0,0,18,305,0,35,0
21-01 20:19:44,23.969,5.493,64.168,3.745,0,5205772,211488,187140,2389804,6255.011,1617.934,0,8652.949,0,724.075,9977,14481,0.870,1.230,1.020,1,3,0,0,0,18,305,0,35,0
21-01 20:19:45,24.510,4.752,67.776,1.751,0.250,5205220,211836,187140,2390008,13148.103,1620.629,0,2809.090,0,289.112,8425,12442,0.960,1.250,1.020,3,0,0,0,0,18,305,0,37,0
21-01 20:19:46,11.974,2.495,82.570,0.998,0.499,5204844,212008,187140,2390212,9909.365,1616.471,0,6374.084,0,179.608,4644,6638,0.960,1.250,1.020,0,0,0,0,0,18,304,0,37,0
21-01 20:19:47,8.007,2.502,86.828,1.251,0,5205168,211576,187140,2390320,11564.385,1621.456,16.014,1841.654,1.001,179.161,3504,4978,0.960,1.250,1.020,2,0,0,0,0,18,304,0,38,0
21-01 20:19:48,8.018,1.503,88.952,0.251,0,5206176,210568,187140,2390320,8655.664,1623.689,0,886.013,0,105.239,2786,3979,0.960,1.250,1.020,1,0,0,0,0,18,305,0,38,0
21-01 20:19:49,25.999,5.250,63.248,3.750,0,5206252,210092,187144,2390716,5755.861,1457.965,0,5639.864,0,619.985,10587,16027,0.960,1.250,1.020,2,0,0,0,0,18,305,0,38,0
21-01 20:19:50,23.404,5.478,65.481,2.739,0.249,5206352,209684,187148,2391020,9371.506,1752.800,47.804,9855.518,1.992,660.288,9396,13860,0.970,1.240,1.020,0,0,0,0,0,18,304,0,38,0
21-01 20:19:51,2.250,1.000,95.006,0.750,0,5206300,209684,187148,2391072,7692.475,1620.100,0,860.053,0,55.003,1671,2436,0.970,1.240,1.020,1,0,0,0,0,18,305,0,38,0
21-01 20:19:52,25.357,4.770,65.778,2.260,0,5206512,209184,187148,2391360,9454.899,1626.865,0,3775.934,0,394.665,8402,12339,0.970,1.240,1.020,3,0,1.004,0,0,18,305,0,38,0
21-01 20:19:53,23.976,5.494,65.433,3.496,0.250,5206976,208400,187148,2391680,9860.926,1618.347,0,10245.533,0,1269.703,10279,13188,0.970,1.240,1.020,1,0,0,0,0,18,305,0,39,0
21-01 20:19:54,11.460,2.740,82.212,1.495,0.249,5206908,208400,187148,2391748,11848.499,1614.346,0,2236.168,0,199.302,4910,7050,0.970,1.240,1.020,0,0,0,0,0,18,304,0,40,0
21-01 20:19:55,13.807,4.017,78.827,2.008,0,5206776,208400,187148,2391880,8267.347,1626.759,0,6523.101,0,483.007,5382,8073,0.890,1.220,1.020,1,0,0,0,0,18,305,0,40,0
21-01 20:19:56,25.947,5.489,63.621,3.243,0.249,5207036,207896,187148,2392124,5869.057,1616.710,0,4139.576,0,490.003,8965,13474,0.890,1.220,1.020,2,0,0,0,0,18,305,0,41,0
21-01 20:19:57,23.701,3.992,67.362,1.746,0,5209120,205376,187148,2392560,6822.993,1455.013,47.902,3013.813,1.996,331.320,8695,12814,0.890,1.220,1.020,1,0,0,0,0,18,304,0,45,0
21-01 20:19:58,4.248,1.499,93.214,0.750,0,5209120,205376,187148,2392560,11905.371,1619.370,0,1171.545,0,74.971,1841,2431,0.890,1.220,1.020,1,0,0,0,0,18,305,0,45,0
21-01 20:19:59,25.599,5.521,63.245,3.765,0,5208764,205376,187160,2392904,6920.760,1626.288,0,6677.821,0,674.609,9936,15362,0.890,1.220,1.020,0,1,0,0,0,18,305,0,46,0
21-01 20:20:00,24.994,4.749,66.235,2.999,0.250,5208960,204872,187160,2393196,10691.585,1619.634,0,7870.222,0,514.884,8881,12967,0.980,1.230,1.020,2,0,1.000,0,0,18,306,0,47,0
21-01 20:20:01,24.771,4.003,66.557,2.252,0.250,5208772,204620,187160,2393636,9296.936,1621.384,96.082,3394.898,5.004,321.274,7751,10508,0.980,1.230,1.020,1,0,0,0,0,18,305,0,48,0
21-01 20:20:02,24.000,6.000,65.250,3.250,0,5209400,203616,187160,2394012,10408.039,1620.006,32.000,5192.020,1.000,540.002,9312,14489,0.980,1.230,1.020,1,0,1.000,0,0,18,305,0,49,0
21-01 20:20:03,24.717,5.493,65.413,2.497,0.499,5209820,202860,187160,2394348,8777.319,1617.847,0,7833.575,0,570.241,9224,14727,0.980,1.230,1.020,1,0,0,0,0,18,305,0,50,0
21-01 20:20:04,4.244,1.748,90.128,0.999,0,5209896,202608,187160,2394524,6598.085,1617.814,0,1785.587,0,181.754,2758,4163,0.980,1.230,1.020,0,0,0,0,0,18,304,0,52,0
21-01 20:20:05,21.793,5.010,69.888,2.755,0,5210124,202104,187160,2394800,6726.280,1623.205,0,3146.212,0,375.742,7944,11928,1.060,1.250,1.030,1,0,0,0,0,18,305,0,53,0
21-01 20:20:06,24.279,5.256,66.329,2.002,0,5211012,200592,187160,2395424,12603.998,1459.737,0,3015.588,0,326.388,9077,13271,1.060,1.250,1.030,1,0,0,0,0,18,304,0,54,1
21-01 20:20:07,12.235,3.745,80.902,1.998,0,5211520,199836,187160,2395672,8116.203,1618.047,0,3671.568,0,324.608,5497,8018,1.060,1.250,1.030,0,0,0,0,0,18,304,0,56,0
21-01 20:20:08,12.762,3.003,78.824,3.003,0.500,5212216,198828,187160,2395984,10216.597,1663.563,32.030,8387.880,1.001,765.719,5803,7535,1.060,1.250,1.030,0,1,0,0,0,18,306,0,60,0
21-01 20:20:09,4.228,0.995,91.033,1.990,0,5212664,198380,187160,2395984,11293.092,1611.735,0,5917.656,0,722.296,3051,2833,1.060,1.250,1.030,3,0,0,0,0,18,307,0,61,0
21-01 20:20:10,24.556,5.513,65.649,3.508,0.251,5212596,198128,187160,2396304,10406.606,1623.683,0,5668.859,0,500.134,9307,13450,1.140,1.260,1.030,1,1,0,0,0,18,307,0,62,0
21-01 20:20:11,24.067,4.763,66.434,2.006,0,5213928,196616,187160,2396484,7229.982,1624.490,0,3168.758,0,305.845,8082,11777,1.140,1.260,1.030,1,0,0,0,0,18,307,0,64,0
21-01 20:20:12,24.434,5.236,66.072,1.745,0.249,5214676,195608,187160,2396744,5151.149,1615.656,0,2991.955,0,338.091,9030,13270,1.140,1.260,1.030,1,0,1.995,0,0,18,307,0,65,0
21-01 20:20:13,24.506,5.251,65.015,3.251,0,5215596,194348,187160,2397084,9705.195,1662.376,0,8161.846,0,623.141,9903,14399,1.140,1.260,1.030,1,0,0,0,0,18,307,0,66,0
21-01 20:20:14,8.008,2.503,87.840,0.501,0,5216060,193844,187160,2397124,9507.714,1459.491,60.061,1081.105,3.003,72.074,3264,4482,1.140,1.260,1.030,0,0,0,0,0,18,307,0,56,0
21-01 20:20:15,24.283,7.760,64.337,2.003,0,5225432,184056,187164,2397516,7300.869,1622.193,76.103,2431.286,11.015,295.399,8904,17309,1.120,1.250,1.030,1,0,40.054,0,0,18,307,0,57,0
21-01 20:20:16,25.244,4.749,66.236,2.000,0.500,5226384,182796,187164,2397824,11870.408,1619.646,0,2839.380,0,321.930,9052,13760,1.120,1.250,1.030,1,0,0,0,0,18,307,0,58,0
21-01 20:20:17,23.252,4.250,68.005,2.000,0,5226536,182292,187168,2398172,9805.751,1620.124,32.002,3828.293,2.000,361.028,9126,13764,1.120,1.250,1.030,1,0,0,0,0,18,310,0,58,0
21-01 20:20:18,25.009,5.252,65.274,2.501,0.250,5226588,182040,187172,2398368,10875.010,1620.598,0,4605.698,0,522.193,9383,14509,1.120,1.250,1.030,1,0,0,0,0,18,309,0,55,0
21-01 20:20:19,24.147,5.726,65.968,2.738,0,5227064,181284,187172,2398648,7557.704,1613.107,0,8495.696,0,577.532,8939,13195,1.120,1.250,1.030,1,0,0,0,0,18,309,0,57,0
21-01 20:20:20,17.545,3.760,75.692,1.504,0.251,5226808,181284,187172,2398904,6153.649,1624.130,0,3432.729,0,280.714,5976,8275,1.110,1.250,1.030,0,0,1.003,0,0,18,306,0,60,0
21-01 20:20:21,10.515,2.253,84.117,1.252,0,5226728,181284,187172,2398984,10555.702,1622.260,0,1654.304,0,204.285,3908,5477,1.110,1.250,1.030,0,0,0,0,0,18,306,0,62,0
21-01 20:20:22,1.495,1.245,95.150,0.249,0,5226704,181284,187172,2399008,7154.714,1452.663,0,848.881,0,46.828,1478,2075,1.110,1.250,1.030,1,0,0.996,0,0,18,307,0,58,0
21-01 20:20:23,24.347,4.267,67.017,2.761,0,5226884,180780,187172,2399332,5361.397,1626.491,0,3449.768,0,425.699,8624,13136,1.110,1.250,1.030,1,0,0,0,0,18,307,0,59,0
21-01 20:20:24,25.963,5.242,62.160,4.993,0.250,5227060,180304,187172,2399632,9271.627,1617.667,0,13864.003,0,1607.681,11652,15622,1.110,1.250,1.030,3,0,0,0,0,18,307,0,59,0
21-01 20:20:25,24.036,5.258,66.350,2.504,0,5227480,179548,187172,2399968,7627.486,1622.443,0,7323.028,0,513.774,8781,13078,1.110,1.250,1.030,2,0,0,0,0,18,307,0,59,0
21-01 20:20:26,4.239,1.745,90.757,1.247,0.249,5227696,179296,187172,2400004,12118.553,1615.674,0,2932.149,0,207.445,2630,3844,1.110,1.250,1.030,0,0,0,0,0,18,306,0,56,0
21-01 20:20:27,21.804,4.511,68.919,3.007,0,5227424,179296,187172,2400276,9229.695,1623.993,0,3773.278,0,435.070,8620,12831,1.110,1.250,1.030,1,0,0,0,0,18,307,0,56,0
21-01 20:20:28,24.965,5.243,65.657,1.997,0.250,5227764,178792,187172,2400440,5503.220,1617.713,0,3471.093,0,389.449,9127,13358,1.110,1.250,1.030,1,0,0,0,0,18,307,0,56,0
21-01 20:20:29,15.945,3.488,75.987,1.993,0.249,5227508,178792,187172,2400696,9204.083,1708.077,0,2909.909,0,296.970,6394,8990,1.110,1.250,1.030,0,0,0,0,0,18,306,0,60,0
21-01 20:20:30,10.276,2.256,84.467,1.003,0,5227428,178792,187172,2400776,6689.151,1624.164,0,1752.493,0,159.409,4037,5623,1.020,1.220,1.030,2,1,0,0,0,18,307,0,59,0
21-01 20:20:31,25.262,6.003,63.280,4.002,0,5227852,178064,187172,2401080,10472.950,1458.689,0,10364.899,0,875.414,10334,16168,1.020,1.220,1.030,1,0,0,0,0,18,307,0,59,0
21-01 20:20:32,24.300,6.012,66.137,2.505,0.251,5228432,177056,187172,2401508,7617.749,1623.356,16.033,3691.632,1.002,362.750,8829,13278,1.020,1.220,1.030,1,0,1.002,0,0,18,306,0,62,0
21-01 20:20:33,1.996,0.749,95.316,0.250,0.250,5228408,177056,187172,2401532,9494.687,1616.881,0,1836.458,0,99.807,1558,2237,1.020,1.220,1.030,1,0,0,0,0,18,307,0,62,0
21-01 20:20:34,26.045,7.012,62.359,2.504,0,5232496,172532,187172,2401968,7110.390,1622.828,0,3365.865,0,415.724,9933,16063,1.020,1.220,1.030,2,0,1.002,0,0,18,307,0,62,0
21-01 20:20:35,30.374,5.975,59.504,1.992,0,5232712,171780,187172,2402504,5469.370,1613.325,159.341,5071.018,9.959,432.212,10509,15713,1.100,1.240,1.030,1,0,0,0,0,18,307,0,63,0
21-01 20:20:36,14.791,4.262,76.210,3.259,0.251,5232600,171780,187172,2402616,5034.877,1624.477,0,8503.437,0,561.548,6412,9159,1.100,1.240,1.030,0,0,0,0,0,18,306,0,67,0
21-01 20:20:37,13.496,3.499,79.479,1.999,0.250,5232460,171780,187172,2402756,10467.281,1619.579,15.996,3735.030,1.000,304.921,5662,8076,1.100,1.240,1.030,4,0,0,0,0,18,307,0,68,0
21-01 20:20:38,25.276,5.756,65.066,2.753,0,5232312,171780,187172,2402904,8475.570,1621.640,0,3871.915,0,445.450,9125,13688,1.100,1.240,1.030,0,1,0,0,0,18,307,0,68,0
21-01 20:20:39,23.226,4.745,66.182,2.747,0,5228600,174976,187172,2403420,9704.030,1456.504,0,10009.716,0,1246.719,9776,12155,1.100,1.240,1.030,1,0,0,0,0,18,307,0,62,0
21-01 20:20:40,25.245,5.999,63.738,2.999,0,5228312,174976,187172,2403708,8225.496,1619.704,0,4127.245,0,485.911,9794,14557,1.090,1.230,1.030,1,0,2.000,0,0,18,307,0,62,0
21-01 20:20:41,23.941,7.980,63.843,2.743,0.499,5230352,165236,187176,2411404,11012.850,1616.016,0,4828.097,0,621.468,8601,11647,1.090,1.230,1.030,0,0,1.995,0,0,18,306,0,63,0
21-01 20:20:42,3.006,1.753,91.172,2.254,0.250,5230604,164984,187176,2411404,10042.992,1623.069,0,7217.649,0,444.841,2860,3968,1.090,1.230,1.030,1,0,1.002,0,0,18,307,0,63,0
21-01 20:20:43,24.057,6.014,64.153,4.010,0,5233296,161964,187176,2411712,5785.814,1623.877,0,5761.757,0,651.556,9549,14225,1.090,1.230,1.030,1,0,6.014,0,0,18,307,0,62,0
21-01 20:20:44,23.989,5.248,67.219,1.749,0.250,5235048,159948,187176,2411976,6445.018,1619.251,0,2534.827,0,259.880,8260,12435,1.090,1.230,1.030,1,0,0,0,0,18,307,0,64,0
21-01 20:20:45,20.493,3.999,71.975,1.999,0,5234968,159696,187176,2412308,11347.049,1619.436,15.994,3374.825,1.000,330.885,7518,10617,1.160,1.250,1.040,0,0,0,0,0,18,306,0,66,0
21-01 20:20:46,6.756,1.251,89.829,0.751,0,5235216,159444,187176,2412312,9011.947,1621.430,32.028,1557.373,1.001,137.121,2713,3649,1.160,1.250,1.040,1,0,0,0,0,18,307,0,67,0
21-01 20:20:47,23.450,5.738,63.616,4.491,0,5235044,159192,187176,2412736,11079.581,1508.811,0,11240.241,0,922.051,11114,16342,1.160,1.250,1.040,1,0,0,0,0,18,307,0,62,0
21-01 20:20:48,25.533,5.758,64.835,3.004,0,5235060,158940,187180,2412968,6766.870,1568.055,0,4850.358,0,468.614,9397,14416,1.160,1.250,1.040,2,0,0,0,0,18,307,0,63,0
21-01 20:20:49,21.967,4.993,69.148,1.498,0.250,5235872,157680,187180,2413416,9384.094,1617.603,0,2923.667,0,300.555,8023,11708,1.160,1.250,1.040,1,0,0,0,0,18,306,0,66,0
21-01 20:20:50,4.491,0.998,92.570,0.499,0.499,5235976,157428,187180,2413564,7181.001,1616.848,0,1197.665,0,92.819,1884,2669,1.070,1.230,1.030,1,0,0,0,0,18,307,0,66,0
21-01 20:20:51,23.800,5.010,66.639,2.505,0.251,5237352,155664,187184,2413948,5396.231,1623.379,0,3471.224,0,388.809,8843,12451,1.070,1.230,1.030,3,0,0,0,0,18,307,0,68,0
21-01 20:20:52,25.951,5.490,63.131,4.242,0,5237476,155412,187184,2414076,10266.653,1616.953,0,10683.867,0,849.399,10492,15470,1.070,1.230,1.030,2,0,0.998,0,0,18,306,0,68,0
21-01 20:20:53,23.074,4.765,68.471,1.505,0,5239896,152640,187184,2414428,8813.415,1625.240,0,2463.944,0,202.653,7200,10064,1.070,1.230,1.030,1,0,0,0,0,18,307,0,69,0
21-01 20:20:54,23.739,5.497,65.470,2.499,0,5240160,152136,187184,2414668,6000.245,1619.257,0,4230.058,0,471.783,9177,13741,1.070,1.230,1.030,2,0,0,0,0,18,307,0,69,0
21-01 20:20:55,24.762,5.002,65.782,1.501,0,5241536,150372,187184,2415056,10229.976,1620.788,0,11493.590,0,286.139,9091,13003,1.060,1.220,1.030,1,0,0,0,0,18,307,0,71,0
21-01 20:20:56,24.777,5.506,65.571,2.252,0.250,5241928,149628,187184,2415392,8426.122,1459.580,0,4685.072,0,339.367,8963,12824,1.060,1.220,1.030,1,0,0,0,0,18,307,0,71,0
21-01 20:20:57,25.461,4.743,64.152,3.495,0,5242648,148620,187184,2415680,10773.600,1617.538,0,8391.227,0,658.997,9834,14654,1.060,1.220,1.030,2,0,0,0,0,18,307,0,72,0
21-01 20:20:58,24.009,5.752,67.026,2.001,0.500,5242852,148116,187184,2415980,5744.230,1620.629,0,2568.997,0,296.115,8416,12456,1.060,1.220,1.030,3,0,0,0,0,18,307,0,73,0
21-01 20:20:59,26.261,5.002,65.278,2.251,0,5243452,147108,187184,2416388,6330.740,1662.720,0,3801.646,0,399.173,8991,13603,1.060,1.220,1.030,1,0,0,0,0,18,307,0,67,0
21-01 20:21:00,20.717,5.242,70.636,1.498,0,5244152,146100,187184,2416696,8841.730,1617.390,0,2967.211,0,284.541,7028,9735,1.140,1.240,1.030,0,0,0,0,0,18,306,0,68,0
21-01 20:21:01,5.989,0.749,90.836,0.998,0.250,5244128,146100,187184,2416720,10005.939,1617.081,0,1649.023,0,131.762,2356,3166,1.140,1.240,1.030,5,0,0,0,0,18,307,0,68,0
21-01 20:21:02,25.064,5.514,63.411,4.010,0,5244108,145596,187184,2417228,5789.697,1624.123,0,10755.301,0,910.311,11008,16528,1.140,1.240,1.030,1,0,1.003,0,0,18,307,0,70,0
21-01 20:21:03,24.028,5.256,67.079,2.253,0,5245220,144336,187184,2417376,10029.793,1621.907,0,2695.169,0,293.345,8602,13281,1.140,1.240,1.030,0,1,0,0,0,18,307,0,66,0
21-01 20:21:04,24.467,5.493,66.661,1.748,0.250,5245720,143356,187184,2417856,6498.284,1617.830,0,2983.997,0,347.534,9496,14487,1.140,1.240,1.030,1,0,0,0,0,18,307,0,68,0
21-01 20:21:05,16.449,3.240,76.265,1.994,0,5246856,142096,187184,2417980,12135.546,1453.514,0,3014.696,0,291.102,6348,9273,1.130,1.230,1.030,0,0,0,0,0,18,306,0,69,0
21-01 20:21:06,11.302,2.763,83.385,1.005,0,5246668,142096,187184,2418168,7883.391,1627.513,0,2129.832,0,213.988,4571,6544,1.130,1.230,1.030,2,0,0,0,0,18,307,0,69,0
21-01 20:21:07,25.006,6.002,63.516,3.501,0,5248864,139576,187184,2418492,7863.984,1760.444,0,9866.490,0,745.188,10283,15074,1.130,1.230,1.030,1,0,0,0,0,18,307,0,63,0
21-01 20:21:08,24.886,4.479,67.191,1.742,0.249,5249460,138820,187184,2418652,14739.276,1654.398,0,2464.675,0,287.678,8574,12648,1.130,1.230,1.030,2,0,0,0,0,18,307,0,66,0
21-01 20:21:09,11.287,3.010,83.776,1.505,0.251,5249492,138568,187184,2418872,8326.396,1625.348,0,2259.434,0,223.736,4382,6234,1.130,1.230,1.030,0,0,0,0,0,18,306,0,69,0
21-01 20:21:10,14.987,4.246,77.431,1.748,0.250,5250116,137824,187184,2418976,9603.439,1618.557,0,2589.691,0,284.746,6178,8941,1.120,1.230,1.030,2,0,0,0,0,18,307,0,70,0
21-01 20:21:11,25.522,5.004,65.306,2.002,0.250,5251240,136564,187184,2419112,8174.002,1621.389,0,3635.114,0,396.339,9187,13540,1.120,1.230,1.030,1,0,0,0,0,18,308,0,63,0
21-01 20:21:12,7.243,2.747,86.915,1.499,0,5251204,136312,187184,2419400,10332.850,1618.410,0,2305.735,0,223.780,3641,5205,1.120,1.230,1.030,0,0,0.999,0,0,18,306,0,64,0
21-01 20:21:13,8.991,2.248,85.169,1.748,0,5250980,136312,187184,2419624,10373.142,1456.616,0,2489.634,0,261.751,3950,5490,1.120,1.230,1.030,0,0,0,0,0,18,306,0,66,0
21-01 20:21:14,13.027,2.505,82.922,0.752,0,5250948,136312,187184,2419656,7369.266,1623.363,0,1980.102,0,177.367,3709,5118,1.120,1.230,1.030,1,0,0,0,0,18,307,0,67,0
21-01 20:21:15,28.255,8.502,58.010,3.501,0,5262808,157260,185856,2388340,10110.797,1620.288,0,16374.910,0,845.150,10702,23880,1.190,1.240,1.040,1,0,37.007,0,0,18,307,0,70,0
21-01 20:21:16,5.481,1.246,89.693,1.495,0.498,5262820,157196,185856,2388392,10762.179,1614.476,0,1590.558,0,168.424,2794,4069,1.190,1.240,1.040,1,0,0,0,0,18,306,0,66,0
21-01 20:21:17,21.527,4.756,70.339,1.752,0.501,5263380,156364,185856,2388664,7331.326,1622.063,0,3087.928,0,347.442,7790,11383,1.190,1.240,1.040,2,0,0,0,0,18,307,0,66,0
21-01 20:21:18,23.801,5.011,68.146,1.253,0,5263328,156112,185856,2388968,10233.869,1623.469,0,2272.857,0,210.450,8222,12053,1.190,1.240,1.040,2,0,0,0,0,18,307,0,66,0
21-01 20:21:19,9.748,2.999,83.984,1.750,0,5263772,155608,185856,2389028,10007.065,1619.687,0,3211.379,0,225.956,4157,6005,1.190,1.240,1.040,0,0,0,0,0,18,306,0,67,0
21-01 20:21:20,9.718,2.492,84.224,1.246,0,5263676,155608,185856,2389124,13138.886,1614.702,0,2284.504,0,245.195,3858,5743,1.170,1.240,1.040,1,0,0,0,0,18,306,0,66,0
21-01 20:21:21,9.761,2.753,85.093,1.001,0,5263804,155356,185856,2389248,13199.490,1459.602,0,1513.662,0,151.166,3780,5421,1.170,1.240,1.040,1,0,0,0,0,18,307,0,67,0
21-01 20:21:22,24.328,5.267,62.951,4.765,0,5260796,157940,185856,2389672,8245.285,1625.181,0,11504.675,0,927.958,10371,16177,1.170,1.240,1.040,3,0,1.003,0,0,18,307,0,67,0
21-01 20:21:23,24.948,5.489,66.361,1.996,0.249,5260868,157688,185856,2389852,5597.294,1616.619,0,2506.758,0,296.380,8782,12767,1.170,1.240,1.040,1,0,0,0,0,18,307,0,70,0
21-01 20:21:24,21.990,4.998,67.970,1.749,0.250,5261172,157196,185856,2390040,11348.005,1619.287,0,2514.893,0,280.876,8057,11903,1.170,1.240,1.040,0,0,0,0,0,18,306,0,67,0
21-01 20:21:25,3.243,1.247,93.807,0.748,0.249,5261120,157196,185856,2390092,7927.725,1616.681,0,1065.812,0,62.871,1688,2330,1.080,1.210,1.030,1,0,0,0,0,18,307,0,67,0
21-01 20:21:26,9.013,2.253,85.869,1.252,0.250,5261260,156692,185860,2390452,10494.558,1622.250,0,2126.951,0,221.307,3679,5195,1.080,1.210,1.030,1,0,0,0,0,18,306,0,69,0
21-01 20:21:27,17.485,3.996,74.434,1.748,0.250,5261136,156692,185860,2390576,7895.019,1618.569,0,4935.635,0,321.716,6675,10059,1.080,1.210,1.030,3,0,0,0,0,18,307,0,70,0
21-01 20:21:28,26.778,5.255,61.814,4.254,0,5261052,156440,185860,2390912,9244.528,1621.671,0,10370.688,0,885.913,11218,16881,1.080,1.210,1.030,1,0,0,0,0,18,307,0,69,0
21-01 20:21:29,24.538,4.257,67.604,1.252,0,5261640,155684,185860,2391080,9935.261,1554.388,0,2896.449,0,235.362,8619,12462,1.080,1.210,1.030,1,0,0,0,0,18,307,0,73,0
21-01 20:21:30,11.216,3.240,81.255,2.243,0.249,5262388,154704,185860,2391312,5225.216,1615.121,0,7597.051,0,453.630,4893,7024,1.070,1.210,1.030,0,0,0,0,0,18,306,0,75,0
21-01 20:21:31,8.999,2.750,84.739,1.250,0,5262292,154704,185860,2391408,8659.892,1619.793,0,2227.715,0,220.972,3885,5417,1.070,1.210,1.030,0,0,0,0,0,18,306,0,76,0
21-01 20:21:32,7.784,1.758,89.391,0.753,0.502,5258232,158764,185860,2391408,7033.768,1627.118,0,1225.360,0,107.470,2769,3861,1.070,1.210,1.030,1,0,1.004,0,0,18,307,0,70,0
21-01 20:21:33,25.149,5.229,62.002,4.731,0,5258336,158260,185860,2391808,6151.375,1613.541,15.936,10474.071,0.996,894.420,11458,17513,1.070,1.210,1.030,1,0,0,0,0,18,307,0,70,0
21-01 20:21:34,25.776,5.255,65.316,2.503,0,5258560,157756,185860,2392088,11796.969,1621.645,0,3759.815,0,407.413,9104,13778,1.070,1.210,1.030,5,0,0,0,0,18,306,0,75,0
21-01 20:21:35,6.243,3.746,88.397,0.749,0,5260756,155252,185860,2392396,7631.089,1618.110,0,1450.306,0,111.869,3959,6529,0.990,1.190,1.030,0,0,0.999,0,0,18,306,0,75,0
21-01 20:21:36,25.847,5.019,63.740,2.509,0.251,5260848,155000,185860,2392556,9647.344,1626.126,0,3396.797,0,382.441,8660,12502,0.990,1.190,1.030,1,0,0,0,0,18,306,0,72,0
21-01 20:21:37,15.723,3.744,76.370,1.497,0.250,5260600,155000,185860,2392804,12779.280,1455.526,0,2962.964,0,281.522,6007,8384,0.990,1.190,1.030,0,0,0,0,0,18,306,0,72,0
21-01 20:21:38,12.025,3.758,81.422,2.505,0.251,5260776,154748,185860,2392880,6249.184,1623.425,0,7207.205,0,491.036,5121,7714,0.990,1.190,1.030,0,1,0,0,0,18,307,0,72,0
21-01 20:21:39,25.009,5.002,66.023,2.501,0,5260976,154244,185860,2393184,10201.626,1620.576,0,3505.246,0,357.127,8183,11645,0.990,1.190,1.030,0,1,0,0,0,18,307,0,74,0
21-01 20:21:40,3.490,1.247,92.741,0.748,0.249,5260936,154244,185860,2393224,8419.483,1615.488,0,1603.521,0,128.641,2352,3310,0.910,1.170,1.020,0,0,1.994,0,0,18,306,0,73,0
21-01 20:21:41,9.743,2.498,82.693,1.999,0,5260324,154752,185860,2393328,7406.924,1618.890,0,6519.532,0,539.630,4720,6008,0.910,1.170,1.020,0,0,1.999,0,0,18,306,0,75,0
21-01 20:21:42,14.278,3.507,78.154,2.505,0.751,5260108,154752,185860,2393544,10103.905,1623.198,0,3286.475,0,238.470,5253,7565,0.910,1.170,1.020,1,0,1.002,0,0,18,307,0,75,0
21-01 20:21:43,24.283,6.259,65.090,2.253,0,5261000,153568,185860,2393840,13211.183,1622.233,0,3388.664,0,372.513,9238,13689,0.910,1.170,1.020,3,0,6.008,0,0,18,307,0,76,0
21-01 20:21:44,23.396,5.227,66.206,3.485,0,5260788,153568,185860,2394048,9367.417,1612.840,0,9458.015,0,720.800,8956,13255,0.910,1.170,1.020,0,0,0,0,0,18,306,0,76,0
21-01 20:21:45,3.763,1.254,93.585,0,0,5260780,153568,185860,2394056,9422.742,1463.240,0,618.214,0,36.129,1751,2305,0.830,1.150,1.010,0,1,0,0,0,18,307,0,76,0
21-01 20:21:46,24.511,4.752,65.779,2.501,0.500,5260660,153316,185860,2394428,7324.214,1620.711,0,4313.893,0,438.192,9124,13308,0.830,1.150,1.010,1,0,0,0,0,18,307,0,78,0
21-01 20:21:47,9.487,2.247,84.883,1.748,0,5260684,153064,185860,2394656,11435.197,1617.764,0,2360.737,0,227.685,4079,5792,0.830,1.150,1.010,0,0,0,0,0,18,306,0,80,0
21-01 20:21:48,17.282,3.256,76.393,1.753,0.250,5260584,153064,185860,2394752,11618.739,1623.037,0,2797.234,0,289.542,6395,9088,0.830,1.150,1.010,1,1,0,0,0,18,307,0,76,0
21-01 20:21:49,18.455,4.240,73.070,2.244,0.249,5260728,151804,185860,2395868,11258.320,1616.027,0,3511.367,0,318.218,7054,10526,0.830,1.150,1.010,1,0,0,0,0,18,306,0,81,0
21-01 20:21:50,8.770,1.754,87.194,0.752,0,5260712,151804,185860,2395884,9768.771,1623.618,0,1960.369,0,169.377,3409,5064,0.850,1.150,1.010,2,0,0,0,0,18,308,0,81,0
21-01 20:21:51,25.760,4.502,64.025,3.501,0,5261492,150544,185860,2396364,11355.448,1620.635,16.006,9359.667,1.000,686.269,9204,13963,0.850,1.150,1.010,2,0,0,0,0,18,307,0,82,0
21-01 20:21:52,6.985,1.746,88.310,0.998,0,5262172,149788,185860,2396440,12831.399,1616.523,0,1576.609,0,164.646,3010,4366,0.850,1.150,1.010,0,0,0.998,0,0,18,306,0,76,0
21-01 20:21:53,20.285,4.007,73.128,2.254,0.250,5262412,149284,185860,2396700,5880.288,1460.555,0,3133.482,0,355.622,7105,10476,0.850,1.150,1.010,1,0,0,0,0,18,306,0,77,0
21-01 20:21:54,15.956,2.244,79.279,0.249,0.499,5089644,321640,185868,2397104,9413.771,257672.060,11.967,1176.721,2.992,58.836,2225,2090,0.850,1.150,1.010,0,0,0,0,0,18,306,0,77,0
21-01 20:21:55,1.751,1.251,95.813,0.250,0,5089608,321640,185868,2397140,10644.969,1621.061,0,712.466,0,44.029,1405,1782,0.780,1.130,1.010,0,0,0,0,0,18,306,0,77,0
21-01 20:21:56,1.000,0.750,96.211,0,0,5089608,321640,185868,2397140,9512.190,1619.351,0,679.728,0,34.986,1243,1780,0.780,1.130,1.010,1,0,0,0,0,18,306,0,77,0
21-01 20:21:57,1.248,0.999,95.857,0.999,0.250,5089608,321640,185868,2397140,8937.650,1617.584,0,1609.596,0,96.855,1445,1993,0.780,1.130,1.010,0,0,0,0,0,18,306,0,72,0
21-01 20:21:58,2.001,0.751,96.568,0.250,0,5089608,321640,185868,2397140,7454.220,1621.135,0,800.561,0,15.011,1223,1693,0.780,1.130,1.010,0,0,0,0,0,18,306,0,72,0
21-01 20:21:59,2.248,0.999,95.162,0,0,5089604,321640,185868,2397144,11323.516,1618.502,0,291.730,0,28.973,1469,2027,0.780,1.130,1.010,1,0,0,0,0,18,306,0,72,0
21-01 20:22:00,1.752,0.751,95.863,0,0.250,5089604,321640,185868,2397144,8272.748,1621.911,0,853.005,0,19.022,1406,1855,0.720,1.110,1,0,0,0,0,0,18,306,0,72,0
21-01 20:22:01,1.747,0.999,95.612,0.749,0.250,5082012,329232,185868,2397144,5693.791,1455.901,0,4581.395,0,283.591,1383,1638,0.720,1.110,1,0,0,0,0,0,18,306,0,69,0
21-01 20:22:02,1.252,0.501,97.408,0,0,5082012,329232,185868,2397144,7199.678,1622.632,0,0,0,0,998,1504,0.720,1.110,1,1,0,1.002,0,0,18,306,0,69,0
21-01 20:22:03,2.748,0.749,94.426,0.500,0,5081860,329232,185868,2397296,10245.923,1618.724,0,755.404,0,78.938,1619,2305,0.720,1.110,1,0,0,0,0,0,18,306,0,69,0
21-01 20:22:04,1.504,0.752,97.036,0,0,5081856,329232,185868,2397300,7621.456,1624.787,0,72.213,0,8.024,1042,1503,0.720,1.110,1,0,0,0,0,0,18,306,0,69,0
21-01 20:22:05,2.001,1.001,95.821,0,0.250,5081856,329232,185868,2397300,9785.216,1621.196,0,160.118,0,24.018,1447,2011,0.660,1.090,1,0,0,0,0,0,18,306,0,65,0
21-01 20:22:06,1.749,0.500,95.672,0.250,0,5081844,329232,185868,2397312,9392.370,1618.685,0,383.688,0,31.974,1319,1983,0.660,1.090,1,0,0,0,0,0,18,306,0,65,0
21-01 20:22:07,1.500,0.500,97.230,0,0.500,5081844,329232,185868,2397312,12031.471,1619.659,0,31.993,0,3.999,1064,1494,0.660,1.090,1,0,0,0,0,0,18,306,0,65,0
21-01 20:22:08,1.496,0.748,96.263,0,0,5081844,329232,185868,2397312,7809.786,1562.157,0,67.833,0,8.978,1153,1588,0.660,1.090,1,0,0,0,0,0,18,306,0,65,0
21-01 20:22:09,2.005,0.501,95.986,0.501,0.251,5081844,329232,185868,2397312,7083.386,1515.720,0,280.689,0,25.062,1390,1967,0.660,1.090,1,0,0,0,0,0,18,306,0,60,0
21-01 20:22:10,1.495,0.997,96.444,0,0,5081844,329232,185868,2397312,11513.478,1614.877,0,279.115,0,18.940,1246,1677,0.610,1.070,0.990,0,0,0,0,0,18,306,0,60,0
21-01 20:22:11,1.755,1.003,96.538,0,0,5081844,329232,185868,2397312,7780.249,1624.855,0,32.096,0,4.012,1078,1521,0.610,1.070,0.990,0,0,0,0,0,18,306,0,60,0
21-01 20:22:12,1.246,0.499,96.961,0,0,5082096,328980,185868,2397312,5577.374,1615.185,0,0,0,0,1021,1482,0.610,1.070,0.990,0,0,0.997,0,0,18,306,0,60,0
21-01 20:22:13,1.249,0.750,96.194,0.750,0.250,5082088,328980,185868,2397320,10127.114,1619.059,0,363.789,0,30.982,1416,2028,0.610,1.070,0.990,0,0,0,0,0,18,306,0,56,0
21-01 20:22:14,1.504,0.752,97.280,0,0,5082088,328980,185868,2397320,7304.035,1624.679,0,36.104,0,5.014,1059,1496,0.610,1.070,0.990,0,0,0,0,0,18,306,0,56,0
21-01 20:22:15,6.486,3.742,88.557,0,0.249,5074644,336424,185868,2397320,10486.148,1616.477,0,299.348,0,56.876,2538,8709,0.560,1.050,0.990,0,0,35.922,0,0,18,306,0,57,0
21-01 20:22:16,1.250,0.250,96.531,0,0.500,5074640,336424,185868,2397324,8819.834,1458.469,0,68.022,0,7.002,1047,1487,0.560,1.050,0.990,0,0,0,0,0,18,306,0,57,0
21-01 20:22:17,1.502,1.001,97.115,0,0,5074636,336424,185868,2397328,5956.030,1621.914,0,0,0,0,1032,1457,0.560,1.050,0.990,0,0,0,0,0,18,306,0,50,0
21-01 20:22:18,1.751,0.500,96.572,0,0,5074636,336424,185868,2397328,9708.240,1621.209,0,68.051,0,10.007,1245,1688,0.560,1.050,0.990,0,0,0,0,0,18,306,0,50,0
21-01 20:22:19,2.000,0.750,95.758,0.250,0,5074636,336424,185868,2397328,9962.860,1620.140,0,292.025,0,29.003,1486,2077,0.560,1.050,0.990,0,0,0,0,0,18,306,0,50,0
21-01 20:22:20,1.996,0.499,95.802,0,0,5074636,336424,185868,2397328,5503.641,1616.663,0,383.209,0,27.942,1386,2070,0.510,1.040,0.980,1,0,0,0,0,18,306,0,50,0
21-01 20:22:21,2.749,1.000,94.959,0.500,0.250,5074632,336424,185868,2397332,10693.354,1619.296,0,535.767,0,49.978,1576,2143,0.510,1.040,0.980,1,0,0,0,0,18,306,0,46,0
21-01 20:22:22,1.250,0.750,96.780,0,0.250,5074632,336424,185868,2397332,5695.742,1620.496,0,4.001,0,1.000,1017,1473,0.510,1.040,0.980,0,0,1.000,0,0,18,306,0,46,0
21-01 20:22:23,1.750,0.750,94.252,1.000,0,5074624,336424,185868,2397340,11958.235,1620.032,0,3480.069,0,179.004,1962,2692,0.510,1.040,0.980,1,0,0,0,0,18,306,0,46,0
21-01 20:22:24,2.004,0.501,96.949,0,0.251,5074624,336424,185868,2397340,7907.214,1178.416,0,36.074,0,4.008,1041,1456,0.510,1.040,0.980,0,0,0,0,0,18,306,0,46,0
21-01 20:22:25,4.995,1.748,91.914,0,0.250,5084696,326344,185872,2397344,132518.690,1544.563,0,455.576,0,3.996,1442,1651,0.470,1.020,0.970,0,0,3.996,0,0,18,306,0,40,0
21-01 20:22:26,12.996,4.998,81.222,0,0,5087244,323668,185900,2397444,427096.618,8894.931,107.963,7.997,4.998,1.000,2679,2130,0.470,1.020,0.970,1,0,34.988,0,0,18,306,0,40,0
21-01 20:22:27,14.797,6.270,77.494,0,0.251,5099244,307048,185912,2402052,149172.146,2881.061,16.050,4.013,1.003,1.003,2526,2038,0.470,1.020,0.970,1,0,28.088,0,0,18,306,0,40,0
