"pcp-dstat 5.3.6 CSV Output"
"Author:","PCP team <pcp@groups.io> and Dag Wieers <dag@wieers.com>",,,,"URL:","https://pcp.io/ and http://dag.wieers.com/home-made/dstat/"
"Host:","ubuntu",,,,"User:","ubuntu"
"Cmdline:","dstat -tcmndrylpg --tcp --output /tmp/devstack_logs/dstat-csv.log",,,,"Date:","22 May 2024 14:26:13 UTC"
"system","total usage",,,,,"memory usage",,,,"net/total",,"dsk/total",,"io/total",,"system",,"load avg",,,"procs",,,"paging",,"tcp sockets",,,,
"time","total usage:usr","total usage:sys","total usage:idl","total usage:wai","total usage:stl","used","free","buf","cach","net/total:recv","net/total:send","dsk/total:read","dsk/total:writ","read","writ","int","csw","1m","5m","15m","run","blk","new","in","out","lis","act","syn","tim","clo"
22-05 14:26:13,,1005824,1955784,161964,4693464,,,,,,,1.290,0.870,0.510,4,0,,,,9,4,4,17,2
22-05 14:26:14,30.717,20.728,47.699,0.250,0,1008872,1949996,161984,4695864,6830.718,1618.275,1162.760,1834.045,13.985,66.929,3990,7007,1.270,0.880,0.520,2,0,633.325,0,0,9,4,4,17,2
22-05 14:26:15,34.484,20.241,42.980,1.249,0,1007632,1918432,162636,4724928,8298.224,1619.263,0,4018.172,0,155.929,4547,9533,1.270,0.880,0.520,2,0,371.831,0,0,9,4,4,17,2
22-05 14:26:16,33.444,11.231,54.159,1.248,0,1133116,1756716,163840,4881188,40312.316,1617.285,0,3386.314,0,139.765,3739,7274,1.270,0.880,0.520,2,0,48.918,0,0,10,4,4,17,2
22-05 14:26:17,34.068,10.771,52.855,0.751,0,1064388,1833560,164364,4871364,20429.614,4362.673,80.159,1995.968,1.002,64.127,2386,2954,1.270,0.880,0.520,3,0,148.295,0,0,10,4,4,17,0
22-05 14:26:18,41.004,12.251,46.004,0,0.250,1160336,1736120,164384,4872844,6820.655,1512.145,652.063,1328.128,18.002,29.003,10348,20145,1.270,0.880,0.520,2,0,155.015,0,0,10,4,4,19,0
22-05 14:26:19,46.754,4.500,47.754,0.750,0,1199768,1695368,164388,4874012,13859.303,1620.152,112.011,6148.578,4.000,292.027,5667,9611,1.330,0.890,0.520,3,0,6.001,0,0,10,6,4,19,0
22-05 14:26:20,34.248,8.749,43.497,13.749,0.250,1193084,1693600,165100,4881632,10261.282,1693.881,0,31221.814,0,2677.813,18328,32584,1.330,0.890,0.520,4,0,62.996,0,0,10,6,4,13,0
22-05 14:26:21,37.421,8.731,40.664,9.480,0,1098284,1785640,165776,4883588,7532.010,1604.593,0,41575.735,0,2959.717,12324,20430,1.330,0.890,0.520,4,0,101.784,0,0,10,4,4,13,0
22-05 14:26:22,39.237,3.999,56.481,0,0.250,1145472,1738452,165776,4883588,13375.399,1619.443,0,3.999,0,1.000,1400,1558,1.330,0.890,0.520,2,0,49.983,0,0,10,4,4,13,0
22-05 14:26:23,22.785,3.255,71.358,1.753,0.250,1087680,1796208,165792,4883600,15441.440,1622.463,0,12843.496,0,648.985,2232,2151,1.330,0.890,0.520,2,0,10.015,0,0,10,4,4,13,0
22-05 14:26:24,24.437,1.496,74.060,0,0,1142496,1741524,165800,4883600,8647.767,1615.846,0,155.600,0,10.972,877,1108,1.300,0.900,0.530,2,0,0,0,0,10,4,4,13,0
22-05 14:26:25,14.544,12.287,71.717,0.251,0,1080344,1803652,165808,4883616,9906.025,1516.597,0,284.863,0,15.046,2407,4199,1.300,0.900,0.530,1,0,281.854,0,0,10,4,4,13,0
22-05 14:26:26,10.985,19.973,68.656,0,0,1083080,1800720,165808,4883776,12702.597,1617.784,0,43.940,0,9.986,2842,4320,1.300,0.900,0.530,2,0,367.497,0,0,10,4,4,13,0
22-05 14:26:27,24.290,17.529,56.845,0,0,1089920,1793672,165808,4884436,11907.838,1696.827,56.093,8.013,1.002,2.003,5613,10535,1.300,0.900,0.530,3,0,252.421,0,0,10,4,4,14,0
22-05 14:26:28,47.500,6.250,45.750,0,0,1210068,1673056,165832,4884900,11031.945,1565.992,20.000,20551.897,4.000,78.000,1686,1806,1.300,0.900,0.530,2,0,53.000,0,0,10,5,4,12,0
22-05 14:26:29,47.501,4.500,47.501,0.250,0,1258664,1621768,165940,4887316,79917.439,1620.029,568.010,796.014,5.000,103.002,1632,3828,1.360,0.910,0.540,3,0,0,0,0,10,5,4,12,0
22-05 14:26:30,10.726,5.737,81.567,0,0,1259704,1619868,165940,4887820,7125.981,1616.366,0,1664.259,0,7.982,1540,2898,1.360,0.910,0.540,1,0,117.735,0,0,10,4,4,12,0
22-05 14:26:31,3.003,3.003,93.347,0.250,0,1268220,1611312,165980,4887816,12404.926,1621.690,0,860.897,0,44.046,1379,1907,1.360,0.910,0.540,1,0,21.022,0,0,10,4,4,12,0
22-05 14:26:32,22.988,2.499,73.961,0,0.250,1346164,1533444,165980,4887828,6272.732,1511.213,0,0,0,0,819,1156,1.360,0.910,0.540,1,0,0,0,0,10,4,4,12,0
22-05 14:26:33,23.515,3.002,71.546,1.501,0.250,1366600,1512696,166008,4888044,7522.875,1621.050,0,34866.594,0,277.180,2677,4885,1.360,0.910,0.540,2,0,1.001,0,0,10,10,4,12,0
22-05 14:26:34,22.028,4.756,72.340,0.501,0,1319424,1559616,166040,4888260,9624.020,1622.026,36.045,2495.116,3.004,150.188,1763,2399,1.330,0.920,0.540,1,0,42.053,0,0,10,4,4,14,0
22-05 14:26:35,21.969,3.994,72.149,0.499,0,1280468,1598072,166040,4888568,11144.409,1617.737,235.670,4433.797,58.918,147.793,1991,2912,1.330,0.920,0.540,1,0,26.962,0,0,10,28,4,15,0
22-05 14:26:36,21.727,4.995,73.174,0,0,1342200,1536332,166040,4888576,25819.019,1564.365,0,0,0,0,1267,1665,1.330,0.920,0.540,4,0,20.978,0,0,10,29,3,15,0
22-05 14:26:37,33.071,10.522,56.621,0,0,1376760,1501748,166040,4888600,11286.085,1623.464,0,20.043,0,5.011,1946,2564,1.330,0.920,0.540,2,0,156.334,0,0,10,28,3,15,0
22-05 14:26:38,42.777,11.007,44.278,0.500,0,1310416,1567628,166056,4889008,12437.935,1621.034,0,860.549,0,24.015,5345,10169,1.330,0.920,0.540,4,0,219.140,0,0,10,28,3,17,0
22-05 14:26:39,81.973,15.995,1.749,0,0.250,1548404,1329552,166056,4889060,8715.159,1619.472,0,1943.366,0,13.995,2432,4216,1.620,0.980,0.560,6,0,358.883,0,0,10,28,3,17,0
22-05 14:26:40,80.700,14.241,5.247,0,0.250,1414380,1463196,166060,4889432,9004.381,1457.091,0,383.761,0,33.979,4241,11251,1.620,0.980,0.560,2,0,199.875,0,0,10,29,3,16,0
22-05 14:26:41,30.002,8.251,61.505,0,0,1323604,1553804,166068,4889592,10098.757,1620.122,0,308.023,0,27.002,2409,5273,1.620,0.980,0.560,1,0,110.008,0,0,10,28,3,17,0
22-05 14:26:42,23.748,2.000,72.993,0.250,0,1358628,1518776,166072,4889592,9055.140,1619.846,0,187.982,0,19.998,1890,3114,1.620,0.980,0.560,1,0,0,0,0,10,28,3,16,0
22-05 14:26:43,21.237,5.497,72.954,0,0.250,1357952,1519432,166072,4889612,8552.637,1618.985,0,915.426,0,45.971,1564,2171,1.620,0.980,0.560,1,0,67.957,0,0,10,29,3,16,0
22-05 14:26:44,14.998,12.499,69.493,0,0,1302360,1574988,166076,4889640,10972.892,1693.829,0,1583.840,0,34.996,3211,4982,1.570,0.980,0.560,2,0,229.977,0,0,10,28,3,16,0
22-05 14:26:45,12.517,26.535,59.579,0,0,1329524,1547812,166080,4889648,8543.354,1696.254,0,2435.236,0,25.033,3140,4792,1.570,0.980,0.560,4,0,583.776,0,0,10,28,3,16,0
22-05 14:26:46,84.244,15.499,0.500,0,0,1570860,1306424,166088,4889692,8607.372,1619.882,0,635.954,0,45.997,2310,3709,1.570,0.980,0.560,6,0,226.983,0,0,10,29,3,16,0
22-05 14:26:47,76.742,9.499,13.499,0.500,0,1507764,1368704,166116,4890468,14046.595,1627.837,0,475.952,0,67.993,5775,14053,1.570,0.980,0.560,10,0,53.995,0,0,10,29,3,18,0
22-05 14:26:48,81.838,15.719,1.747,0,0.499,1530168,1346240,166140,4890504,7974.187,1616.794,0,2479.084,0,160.681,3570,6310,1.570,0.980,0.560,8,0,223.557,0,0,10,29,3,18,0
22-05 14:26:49,84.156,11.453,3.735,0,0,1518128,1357664,166140,4891048,8481.286,1559.616,0,68101.262,0,175.283,5572,16205,2.010,1.080,0.600,8,0,87.641,0,0,10,29,3,18,0
22-05 14:26:50,53.084,10.315,35.725,0,0,1391340,1484248,166144,4891240,7678.273,1672.515,0,3968.953,0,125.791,3749,9026,2.010,1.080,0.600,3,0,215.354,0,0,10,28,3,21,0
22-05 14:26:51,44.749,6.000,48.749,0.500,0.250,1429464,1446120,166144,4891244,6315.918,1619.979,0,391.995,0,24.000,1732,3528,2.010,1.080,0.600,6,0,30.000,0,0,10,28,3,21,0
22-05 14:26:52,59.754,18.501,21.502,0,0,1443080,1432308,166144,4891404,7158.515,1694.122,0,1028.074,0,26.002,3718,7380,2.010,1.080,0.600,4,0,378.027,0,0,10,28,3,21,0
22-05 14:26:53,59.802,13.011,26.773,0,0,1322452,1552172,166148,4892164,10951.528,1621.411,0,560.488,0,50.044,5225,11619,2.010,1.080,0.600,5,0,252.219,0,0,10,28,3,21,0
22-05 14:26:54,84.671,9.491,5.745,0,0,1548096,1326432,166148,4892208,9910.743,1618.488,0,499.533,0,12.988,2752,4077,2.170,1.130,0.620,5,0,5.994,0,0,10,30,3,21,0
22-05 14:26:55,67.252,14.000,18.251,0,0,1390888,1483252,166148,4892588,7396.207,1620.045,0,572.016,0,45.001,6694,15612,2.170,1.130,0.620,4,0,326.009,0,0,10,28,3,24,0
22-05 14:26:56,61.973,6.747,31.986,0,0,1491064,1382984,166148,4892656,9453.831,1511.334,0,247.891,0,10.995,3422,8522,2.170,1.130,0.620,4,0,0,0,0,10,31,3,25,0
22-05 14:26:57,63.879,14.223,21.210,0,0.250,1467032,1406828,166164,4892824,10891.372,1616.938,0,495.062,0,50.904,3069,6494,2.170,1.130,0.620,4,0,298.435,0,0,10,28,3,24,0
22-05 14:26:58,57.633,12.780,28.566,0,0.251,1338912,1534716,166172,4893040,6478.986,1569.631,0,312.723,0,28.065,5924,12317,2.170,1.130,0.620,5,0,263.610,0,0,10,28,3,28,0
22-05 14:26:59,68.669,6.742,24.971,0,0,1490372,1383132,166172,4893224,79494.435,1618.096,0,5381.666,0,364.571,2795,4864,2.230,1.160,0.630,3,0,23.972,0,0,10,31,3,27,0
22-05 14:27:00,64.829,8.260,26.782,0,0.250,1455392,1418032,166180,4893296,7941.617,1696.054,0,408.495,0,38.046,2856,6031,2.230,1.160,0.630,4,0,112.136,0,0,10,28,3,27,0
22-05 14:27:01,61.232,12.496,24.493,0.250,0,1360464,1512736,166188,4893496,11900.585,1693.514,0,483.861,0,47.986,5095,11681,2.230,1.160,0.630,7,0,321.908,0,0,10,28,3,31,0
22-05 14:27:02,84.795,14.258,1.501,0,0.250,1572556,1300600,166188,4893540,6115.253,1620.862,0,432.230,0,33.018,3217,6232,2.230,1.160,0.630,7,0,206.110,0,0,10,30,3,32,0
22-05 14:27:03,82.971,14.495,1.250,0,0,1508120,1364588,166192,4893956,8211.093,1511.465,0,519.816,0,39.986,4284,7848,2.230,1.160,0.630,9,0,275.902,0,0,10,28,3,33,0
22-05 14:27:04,80.744,12.749,4.750,0,0,1506444,1365880,166192,4894324,11921.142,1619.883,0,707.949,0,37.997,7048,14022,2.620,1.260,0.670,8,0,270.980,0,0,10,29,3,33,0
22-05 14:27:05,70.918,17.979,9.239,0,0,1499452,1372772,166196,4894416,17365.925,1618.129,0,231.732,0,12.985,5362,11469,2.620,1.260,0.670,7,0,454.475,0,0,10,30,3,33,0
22-05 14:27:06,39.765,22.509,36.514,0,0,1317472,1554424,166196,4894736,8737.390,1620.629,0,236.092,0,14.005,6251,13171,2.620,1.260,0.670,2,0,768.298,0,0,10,28,3,33,0
22-05 14:27:07,22.270,26.273,50.544,0,0,1362212,1509648,166204,4894760,13342.702,1567.375,0,224.197,0,18.016,3829,6467,2.620,1.260,0.670,6,0,852.748,0,0,10,28,3,33,0
22-05 14:27:08,78.929,14.737,5.745,0,0.749,1532540,1339076,166204,4895004,10366.639,1618.538,0,927.163,0,72.934,3883,7827,2.620,1.260,0.670,4,0,311.719,0,0,10,29,3,33,0
22-05 14:27:09,78.572,12.261,8.258,0,0,1454412,1416928,166212,4895260,14697.389,1715.563,0,732.667,0,58.053,4216,8808,2.730,1.310,0.680,4,0,268.244,0,0,10,28,3,30,0
22-05 14:27:10,74.250,9.250,15.750,0,0.250,1550104,1320664,166212,4895812,9730,1620,0,148,0,7,5165,17103,2.730,1.310,0.680,3,0,0,0,0,10,31,3,32,0
22-05 14:27:11,66.842,10.475,22.198,0,0,1439016,1431164,166220,4896388,10565.088,1616.189,0,411.031,0,43.896,7469,19765,2.730,1.310,0.680,8,0,89.788,0,0,10,29,3,33,0
22-05 14:27:12,83.447,11.527,4.761,0,0,1541784,1328212,166220,4896564,9133.528,1515.572,0,276.652,0,23.054,4251,11141,2.730,1.310,0.680,7,0,30.071,0,0,10,30,3,36,0
22-05 14:27:13,65.732,9.997,23.494,0,0,1460072,1408512,166220,4897936,9129.562,1619.568,0,3.999,0,1.000,6536,19442,2.730,1.310,0.680,4,0,105.972,0,0,10,30,3,43,0
22-05 14:27:14,79.518,11.003,7.752,0,0,1492048,1376104,166220,4898352,10320.384,1620.374,0,0,0,0,3918,11339,2.830,1.350,0.700,5,0,161.037,0,0,10,29,3,43,0
22-05 14:27:15,77.250,9.750,12.750,0,0,1414636,1452872,166220,4898972,13064,1620,0,104,0,11,6731,14683,2.830,1.350,0.700,6,0,96,0,0,10,29,3,43,0
22-05 14:27:16,84.001,11.250,4.500,0.250,0,1498176,1369220,166220,4899084,13680.205,1640.025,0,284.004,0,26.000,3650,5624,2.830,1.350,0.700,5,0,98.001,0,0,10,29,3,43,0
22-05 14:27:17,77.492,10.749,10.249,0,0.250,1502296,1363208,166224,4900964,7273.244,1619.832,0,355.963,0,33.996,6032,14474,2.830,1.350,0.700,7,0,123.987,0,0,10,29,3,43,0
22-05 14:27:18,81.320,10.976,7.733,0,0.499,1529224,1336020,166228,4901208,5477.872,1616.421,0,183.594,0,9.978,3831,9201,2.830,1.350,0.700,5,0,105.766,0,0,10,29,3,43,0
22-05 14:27:19,78.430,14.283,6.014,0,0,1459424,1405612,166232,4901408,29344.316,1515.477,0,300.690,0,27.062,4662,8806,2.920,1.400,0.720,5,0,188.432,0,0,10,29,3,41,0
22-05 14:27:20,78.255,12.251,10.001,0,0,1403752,1460976,166248,4901692,12519.789,1620.102,0,572.036,0,50.003,5020,10835,2.920,1.400,0.720,4,0,193.012,0,0,10,28,3,41,0
22-05 14:27:21,64.996,9.499,25.248,0.250,0.250,1471800,1392664,166256,4901920,8312.443,1661.889,0,8771.412,0,192.987,4560,8460,2.920,1.400,0.720,6,0,103.993,0,0,10,29,3,43,0
22-05 14:27:22,66.014,8.752,25.506,0,0,1408768,1455500,166268,4902092,8293.808,1620.353,0,296.065,0,22.005,4525,8119,2.920,1.400,0.720,4,0,77.017,0,0,10,29,3,44,0
22-05 14:27:23,64.977,9.497,24.741,0,0,1415280,1448784,166280,4902284,7407.400,1619.432,0,2815.012,0,40.986,4045,7555,2.920,1.400,0.720,5,0,120.958,0,0,10,29,3,44,0
22-05 14:27:24,65.066,9.009,25.776,0,0,1423752,1440216,166288,4902368,6702.783,1621.641,0,332.336,0,29.029,3906,8352,2.930,1.420,0.730,4,0,35.035,0,0,10,28,3,44,0
22-05 14:27:25,66.444,8.243,24.979,0.250,0,1438360,1425408,166296,4902544,7629.614,1638.628,0,299.749,0,26.977,3666,7413,2.930,1.420,0.730,3,0,64.946,0,0,10,28,3,44,0
22-05 14:27:26,62.024,12.005,25.260,0,0,1428784,1434772,166296,4902752,9245.615,1694.663,0,368.144,0,38.015,4881,9743,2.930,1.420,0.730,4,0,132.052,0,0,10,29,3,44,0
22-05 14:27:27,60.983,16.495,22.244,0,0,1471540,1391824,166296,4902944,7883.816,1511.581,0,471.869,0,35.990,4985,12644,2.930,1.420,0.730,4,0,317.912,0,0,10,29,3,45,0
22-05 14:27:28,60.489,13.498,25.995,0.250,0,1464776,1398396,166296,4903128,12347.765,1693.693,0,227.959,0,8.998,3099,6272,2.930,1.420,0.730,4,0,138.975,0,0,10,28,3,47,0
22-05 14:27:29,60.946,11.490,27.226,0,0,1439548,1423108,166312,4903612,83247.577,1618.553,0,347.689,0,32.971,4130,8602,3.020,1.470,0.750,3,0,131.882,0,0,10,29,3,51,0
22-05 14:27:30,24.750,17.250,57.249,0.250,0.500,1321456,1540944,166316,4903864,9379.850,1619.974,0,483.992,0,49.999,3927,8932,3.020,1.470,0.750,2,0,354.994,0,0,10,28,3,51,0
22-05 14:27:31,9.262,24.282,65.085,0.501,0,1321228,1541016,166336,4904000,7499.802,1622.120,0,2246.937,0,141.185,3460,5170,3.020,1.470,0.750,2,0,460.602,0,0,10,28,3,53,0
22-05 14:27:32,44.224,6.996,48.971,0,0.500,1463744,1397924,166432,4904440,8371.120,1619.056,0,315.816,0,10.994,1559,1977,3.020,1.470,0.750,3,0,58.966,0,0,10,28,3,53,0
22-05 14:27:33,39.003,6.751,45.004,9.501,0,1413740,1441508,167176,4909584,8354.702,1694.142,316.027,18581.561,18.002,1673.141,10381,16713,3.020,1.470,0.750,2,0,88.007,0,0,10,32,3,53,0
22-05 14:27:34,40.984,6.497,38.235,11.995,0,1482000,1369312,167908,4912628,7513.092,1565.394,0,37021.673,0,3365.697,16018,26920,3.660,1.630,0.810,3,1,53.979,0,0,10,32,3,53,0
22-05 14:27:35,44.909,5.738,45.657,3.493,0,1388016,1463664,168048,4912104,10117.401,1508.928,0,11652.276,0,942.082,5437,8516,3.660,1.630,0.810,2,0,12.974,0,0,10,28,3,53,0
22-05 14:27:36,42.338,6.263,45.846,5.511,0,1488760,1362360,168332,4912368,14355.947,1623.386,0,12241.536,0,1597.332,10511,16776,3.660,1.630,0.810,2,0,3.006,0,0,10,30,3,50,0
22-05 14:27:37,39.752,8.250,45.003,7.500,0.250,1353056,1497308,168804,4912632,9046.516,1620.092,0,20857.189,0,2010.115,12171,19632,3.660,1.630,0.810,1,0,99.006,0,0,10,28,3,50,0
22-05 14:27:38,22.994,3.249,73.981,0,0.250,1424844,1425516,168808,4912632,14648.235,1619.584,0,259.933,0,14.996,1141,1431,3.660,1.630,0.810,1,0,1.999,0,0,10,28,3,50,0
22-05 14:27:39,23.456,1.996,73.361,0,0,1374436,1475908,168812,4912644,8130.601,1616.938,0,155.705,0,10.979,1008,1182,3.440,1.610,0.810,3,0,0.998,0,0,10,28,3,50,0
22-05 14:27:40,24.013,2.501,72.540,0.250,0,1440172,1410136,168848,4912644,12726.936,1620.883,0,1244.678,0,84.046,1396,1724,3.440,1.610,0.810,5,0,2.001,0,0,10,32,3,48,0
22-05 14:27:41,23.470,1.997,73.157,0.250,0,1394008,1456276,168848,4912664,11073.947,1733.800,0,1234.434,0,40.948,1003,1131,3.440,1.610,0.810,3,1,0.999,0,0,10,32,3,48,0
22-05 14:27:42,23.067,2.758,73.462,0.251,0,1334532,1515740,168848,4912676,6581.019,1624.695,0,2591.489,0,146.423,1321,1196,3.440,1.610,0.810,1,0,3.009,0,0,10,32,3,47,0
22-05 14:27:43,22.998,2.250,73.494,0,0,1418168,1432104,168848,4912676,7481.349,1457.873,0,4.000,0,1.000,972,1203,3.440,1.610,0.810,1,0,2.000,0,0,10,32,3,47,0
22-05 14:27:44,22.754,3.001,74.264,0,0.250,1355596,1494624,168852,4912724,8441.579,1620.303,0,0,0,0,853,1111,3.250,1.600,0.810,1,0,1.000,0,0,10,32,3,47,0
22-05 14:27:45,22.206,3.244,73.356,0,0,1429180,1421040,168852,4912724,8806.660,1616.816,0,179.646,0,0,978,1239,3.250,1.600,0.810,2,1,3.992,0,0,10,32,3,47,0
22-05 14:27:46,23.265,3.002,73.797,0,0,1370004,1480064,168860,4912832,8373.284,1621.023,0,4.003,0,2.001,915,1076,3.250,1.600,0.810,3,0,1.001,0,0,10,32,3,47,0
22-05 14:27:47,23.239,2.749,73.216,0,0,1393004,1457028,168872,4912856,12276.304,1619.249,0,423.803,0,30.986,1169,1607,3.250,1.600,0.810,2,0,1.000,0,0,10,32,3,47,0
22-05 14:27:48,23.744,2.249,73.983,0,0,1437600,1412428,168872,4912856,11069.399,1619.619,0,0,0,0,916,1094,3.250,1.600,0.810,3,0,2.000,0,0,10,32,3,45,0
22-05 14:27:49,22.251,3.500,73.752,0,0,1339240,1510724,168880,4912908,10226.297,1662.048,0,8.000,0,2.000,835,1100,3.070,1.590,0.810,4,0,2.000,0,0,10,32,3,45,0
22-05 14:27:50,22.750,3.250,74.000,0,0,1417332,1432632,168880,4912908,8372.025,1694.005,0,0,0,0,913,1132,3.070,1.590,0.810,3,0,2.000,0,0,10,32,3,45,0
22-05 14:27:51,16.524,9.514,72.607,0,0,1332328,1517532,168888,4913008,7394.863,1460.145,0,0,0,0,1564,2211,3.070,1.590,0.810,2,0,139.204,0,0,10,32,3,45,0
22-05 14:27:52,9.257,20.266,68.555,0.500,0.250,1339692,1510060,168904,4913076,9005.258,1847.489,0,1797.449,0,65.052,3147,4576,3.070,1.590,0.810,1,0,424.342,0,0,10,32,4,42,0
22-05 14:27:53,9.998,18.996,70.485,0,0,1341968,1507452,168908,4913368,7846.376,1693.649,0,783.838,0,6.999,2735,4005,3.070,1.590,0.810,1,0,341.929,0,0,10,32,4,42,0
22-05 14:27:54,9.482,19.214,70.118,0,0.250,1341704,1507688,168908,4913396,7174.498,1616.957,0,91.827,0,0.998,2773,4054,2.900,1.580,0.810,3,0,360.322,0,0,10,32,4,42,0
22-05 14:27:55,19.991,6.497,72.719,0,0,1406824,1442572,168908,4913392,7856.637,1735.257,0,3.998,0,1.000,1361,1842,2.900,1.580,0.810,1,0,74.968,0,0,10,32,4,42,0
22-05 14:27:56,22.479,2.997,73.680,0,0,1347840,1501536,168908,4913408,9079.393,1618.466,0,15.985,0,0.999,967,1148,2.900,1.580,0.810,1,0,2.997,0,0,10,32,4,39,0
22-05 14:27:57,23.495,3.249,73.486,0,0,1426696,1422688,168912,4913396,7700.521,1777.659,0,471.909,0,31.994,1200,1618,2.900,1.580,0.810,1,0,2.000,0,0,10,32,4,39,0
22-05 14:27:58,23.287,2.754,73.616,0,0,1372224,1477140,168912,4913416,7149.217,1622.546,0,20.031,0,1.002,927,1123,2.900,1.580,0.810,1,0,1.002,0,0,10,32,4,34,0
22-05 14:27:59,22.747,2.750,73.989,0,0,1441256,1408120,168912,4913404,84813.024,1531.766,0,0,0,0,1096,1179,2.750,1.570,0.810,1,0,2.000,0,0,10,32,4,34,0
22-05 14:28:00,23.249,2.250,73.246,0.500,0,1394840,1454536,168912,4913404,9147.442,1619.901,0,1919.883,0,202.988,1309,1150,2.750,1.570,0.810,3,0,1.000,0,0,10,32,4,32,0
22-05 14:28:01,23.742,2.999,73.475,0,0.250,1440956,1408420,168912,4913404,8521.077,1619.445,0,15.995,0,1.999,980,1147,2.750,1.570,0.810,4,0,1.999,0,0,10,32,4,32,0
22-05 14:28:02,24.009,1.751,73.778,0,0,1413756,1435628,168912,4913396,8795.377,1620.622,0,48.018,0,2.001,1003,1179,2.750,1.570,0.810,1,1,3.001,0,0,10,32,4,28,0
22-05 14:28:03,23.002,2.750,73.755,0,0,1356508,1492852,168912,4913416,9674.706,1620.118,0,20.001,0,2.000,941,1056,2.750,1.570,0.810,3,0,1.000,0,0,10,32,4,28,0
22-05 14:28:04,23.500,2.250,73.502,0,0,1431612,1417760,168912,4913404,9832.206,1620.034,0,8.000,0,1.000,975,1133,2.610,1.560,0.810,1,0,2.000,0,0,10,32,4,26,0
22-05 14:28:05,22.746,3.499,73.489,0,0.250,1386524,1462860,168912,4913392,10308.402,1619.749,0,11.998,0,1.000,992,1176,2.610,1.560,0.810,1,0,3.000,0,0,10,32,4,26,0
22-05 14:28:06,23.250,2.750,73.750,0,0,1441876,1407504,168912,4913392,8463.966,1619.994,0,1671.993,0,5.000,987,1158,2.610,1.560,0.810,3,0,2.000,0,0,10,32,3,26,0
22-05 14:28:07,22.259,4.252,72.779,0.250,0,1391532,1457916,168912,4913328,11026.322,1458.572,0,968.380,0,133.052,1417,1652,2.610,1.560,0.810,1,0,1.000,0,0,10,32,3,26,0
22-05 14:28:08,24.238,2.249,73.715,0,0,1443948,1405500,168912,4913328,10225.123,1693.192,0,179.914,0,10.995,1081,1224,2.610,1.560,0.810,3,0,1.999,0,0,10,32,3,26,0
22-05 14:28:09,23.494,2.249,73.483,0,0,1346448,1502912,168912,4913416,9811.665,1713.592,0,11.997,0,1.000,981,1176,2.480,1.550,0.820,1,0,2.000,0,0,10,32,3,26,0
22-05 14:28:10,23.004,2.750,74.013,0,0.250,1424304,1425072,168912,4913400,8715.499,1620.279,0,0,0,0,1048,1217,2.480,1.550,0.820,3,0,2.000,0,0,10,32,3,24,0
22-05 14:28:11,23.802,2.004,74.163,0,0,1371848,1477508,168912,4913420,12303.030,1623.567,0,120.264,0,3.007,934,1129,2.480,1.550,0.820,1,0,1.002,0,0,10,32,3,24,0
22-05 14:28:12,22.702,2.994,73.845,0,0,1392160,1457208,168912,4913408,8136.929,1616.608,0,19.958,0,0.998,910,1165,2.480,1.550,0.820,1,0,0.998,0,0,10,32,3,20,0
22-05 14:28:13,23.000,3.000,73.500,0.500,0,1441040,1408324,168916,4913408,18585.907,1619.992,0,107.999,0,5.000,1022,1185,2.480,1.550,0.820,3,0,2.000,0,0,10,32,3,20,0
22-05 14:28:14,13.252,16.002,69.759,0,0,1347528,1501756,168920,4913452,9119.140,1620.203,0,96.012,0,8.001,2794,4174,2.360,1.550,0.820,1,0,392.049,0,0,10,32,3,20,0
22-05 14:28:15,23.512,3.252,73.036,0,0,1418060,1431000,168920,4913676,9360.587,1458.715,0,0,0,0,1047,1301,2.360,1.550,0.820,4,0,2.001,0,0,10,32,3,13,0
22-05 14:28:16,23.490,2.499,73.469,0,0,1392656,1456312,168920,4913732,8778.252,1619.309,0,19.991,0,1.000,1065,1275,2.360,1.550,0.820,3,0,8.996,0,0,10,32,3,13,0
22-05 14:28:17,20.007,8.253,71.024,0,0,1337304,1511652,168920,4913740,9493.199,1620.546,0,432.146,0,28.009,1840,2834,2.360,1.550,0.820,2,0,163.055,0,0,10,32,3,13,0
22-05 14:28:18,9.266,19.784,70.122,0,0,1339996,1508860,168920,4913836,8055.969,1622.814,0,312.542,0,17.030,3155,4862,2.360,1.550,0.820,1,0,467.811,0,0,10,32,3,13,0
22-05 14:28:19,10.495,19.491,68.719,0,0,1340940,1507868,168920,4913864,7272.684,1619.262,0,215.902,0,4.998,3122,4768,2.170,1.520,0.810,1,0,460.790,0,0,10,32,3,13,0
22-05 14:28:20,9.750,19.500,68.750,0,0,1342228,1506544,168920,4913896,10092,1620,0,968,0,14,3008,4410,2.170,1.520,0.810,1,0,427,0,0,10,32,3,13,0
22-05 14:28:21,10.257,20.014,69.049,0,0,1342284,1506464,168920,4913916,10163.226,1621.153,0,1216.865,0,14.010,3132,4809,2.170,1.520,0.810,1,0,481.342,0,0,10,32,3,13,0
22-05 14:28:22,8.490,20.725,68.916,0.250,0,1342032,1506688,168928,4913936,12041.249,1510.150,0,1685.935,0,27.966,3669,5858,2.170,1.520,0.810,1,0,578.292,0,0,10,32,3,13,0
22-05 14:28:23,8.745,19.239,70.708,0,0.250,1341916,1506764,168928,4913976,7744.392,1565.069,0,167.900,0,6.996,3045,4424,2.170,1.520,0.810,1,0,409.756,0,0,10,32,3,10,0
22-05 14:28:24,11.516,19.276,68.092,0,0,1344136,1504512,168928,4914008,12941.445,1696.287,0,300.405,0,10.013,3132,4798,2.160,1.530,0.820,4,0,483.652,0,0,10,34,3,10,0
22-05 14:28:25,46.919,22.711,30.947,0,0,1476672,1371800,168992,4914116,8527.359,1617.223,0,1046.204,0,66.885,4035,6808,2.160,1.530,0.820,4,0,655.874,0,0,10,32,3,16,0
22-05 14:28:26,62.385,8.518,24.052,5.512,0.501,1621992,1220500,169396,4919316,10504.753,1623.517,412.894,12851.837,5.011,1045.264,6523,11134,2.160,1.530,0.820,3,1,51.111,0,0,10,36,3,16,0
22-05 14:28:27,42.999,11.250,30.749,14.250,0,1613756,1217672,170176,4928700,10161.807,1619.969,0,70782.655,0,5093.903,20483,38186,2.160,1.530,0.820,1,2,174.997,0,0,10,36,3,19,0
22-05 14:28:28,41.026,11.007,33.772,16.260,0.250,1584172,1236732,170608,4938384,6986.471,1621.037,0,70809.318,0,5348.423,22139,38742,2.160,1.530,0.820,2,1,154.099,0,0,10,36,3,21,0
22-05 14:28:29,44.997,9.749,34.497,9.749,0,1638444,1174992,171120,4945120,84377.756,1661.877,0,63559.297,0,4850.641,20881,34875,2.390,1.590,0.840,2,2,35.997,0,0,10,36,3,19,0
22-05 14:28:30,41.883,15.706,29.917,10.471,0,1560972,1244272,171464,4952780,6854.902,1507.799,362.989,57168.728,5.983,4372.817,21439,39015,2.390,1.590,0.840,3,0,299.167,0,0,10,35,3,21,0
22-05 14:28:31,40.322,16.780,30.304,11.020,0,1558904,1239336,171852,4958828,5688.131,1642.926,1085.934,47549.686,15.027,3589.393,18085,33718,2.390,1.590,0.840,4,1,167.298,0,0,10,34,3,17,0
22-05 14:28:32,40.519,10.005,36.517,11.505,0,1561496,1231176,172148,4963900,6036.886,1620.775,528.253,42280.210,8.004,3498.672,17057,34774,2.390,1.590,0.840,2,0,113.054,0,0,10,35,3,20,0
22-05 14:28:33,35.388,7.975,42.616,12.959,0.249,1537476,1254984,172364,4963832,8718.484,1614.903,0,37449.808,0,3619.577,15460,29127,2.390,1.590,0.840,2,0,82.739,0,0,10,34,3,18,0
22-05 14:28:34,38.368,8.275,41.879,11.536,0,1558124,1231828,172528,4966128,7156.048,1625.007,0,40496.771,0,3606.110,14034,30102,2.350,1.590,0.850,2,2,39.121,0,0,10,35,3,20,0
22-05 14:28:35,35.226,9.743,44.470,9.743,0,1526112,1262688,172684,4967092,7057.243,1618.909,0,44665.895,0,3712.498,16632,31484,2.350,1.590,0.850,3,0,45.969,0,0,10,34,3,20,0
22-05 14:28:36,42.281,7.005,40.780,10.258,0,1555528,1231188,172876,4968936,8482.260,1621.196,0,32411.920,0,3033.239,15244,28874,2.350,1.590,0.850,2,0,37.027,0,0,10,35,3,21,0
22-05 14:28:37,37.473,8.744,42.720,10.742,0,1514540,1269368,173040,4971516,11623.736,1510.926,0,45567.601,0,3792.304,16996,34423,2.350,1.590,0.850,5,0,90.935,0,0,10,36,3,23,0
22-05 14:28:38,35.523,8.255,42.528,13.259,0,1556480,1223756,173248,4974876,12882.477,1621.067,0,42051.670,0,3623.384,17421,30712,2.350,1.590,0.850,2,1,36.024,0,0,10,37,3,23,0
22-05 14:28:39,35.023,9.506,41.777,14.259,0,1547956,1228716,173412,4978152,10775.025,1567.022,0,42847.937,0,3826.495,18035,31768,2.490,1.630,0.870,7,0,112.073,0,0,10,36,3,23,0
22-05 14:28:40,37.221,6.995,41.967,12.490,0.250,1532360,1241440,173540,4980820,7985.787,1660.708,0,33797.705,0,3134.561,15958,27231,2.490,1.630,0.870,7,2,104.918,0,0,10,36,3,24,0
22-05 14:28:41,39.000,6.750,40.250,14.500,0,1568368,1210472,173632,4975668,7202.072,1620.016,0,51352.514,0,4329.043,18735,36021,2.490,1.630,0.870,2,1,9.000,0,0,10,36,3,24,0
22-05 14:28:42,37.004,11.001,47.505,3.750,0.250,1442664,1335920,173660,4975896,8336.875,1620.170,0,15121.588,0,1248.131,6991,11815,2.490,1.630,0.870,3,0,206.022,0,0,10,33,3,25,0
22-05 14:28:43,18.494,15.495,64.480,1.999,0.250,1381656,1396860,173684,4975924,8773.298,1689.480,0,11888.338,0,700.784,5421,8680,2.490,1.630,0.870,1,0,252.922,0,0,10,32,3,26,0
22-05 14:28:44,9.753,23.008,66.273,0,0,1381644,1396716,173684,4976080,9499.315,1620.566,0,3025.056,0,245.086,3331,4564,2.290,1.610,0.860,3,0,458.160,0,0,10,34,3,27,0
22-05 14:28:45,59.497,12.999,25.999,0.250,0.250,1559312,1218368,173732,4976712,8755.562,1511.924,0,4963.752,0,287.986,2839,3909,2.290,1.610,0.860,4,1,149.993,0,0,10,32,3,32,0
22-05 14:28:46,64.134,11.479,24.206,0.250,0,1763228,1011516,173872,4979228,7929.663,1617.076,0,2571.351,0,115.791,1689,1892,2.290,1.610,0.860,3,0,1.996,0,0,10,32,3,32,0
22-05 14:28:47,40.356,6.267,40.858,13.536,0,1771816,992196,174072,4989268,12412.732,1570.140,0,40787.557,0,3222.498,17199,27589,2.290,1.610,0.860,0,4,156.412,0,0,10,38,3,32,0
22-05 14:28:48,24.474,6.993,45.452,20.978,0,1772436,981876,174248,4998512,12790.429,1618.283,0,75284.124,0,5728.922,25268,41677,2.290,1.610,0.860,0,1,182.806,0,0,10,38,3,32,0
22-05 14:28:49,33.743,6.499,40.491,18.246,0,1773432,971544,174412,5007340,10225.791,1661.641,0,77407.280,0,5833.740,23948,41664,2.180,1.600,0.860,1,1,119.974,0,0,10,38,3,32,0
22-05 14:28:50,41.303,10.514,38.550,11.515,0,1692248,1043816,174496,5015880,6950.981,1622.096,0,63534.086,0,4816.223,20978,34345,2.180,1.600,0.860,4,0,208.269,0,0,10,36,3,32,0
22-05 14:28:51,45.712,7.743,30.474,16.236,0,1752336,976532,174600,5022724,7139.988,1510.728,0,65420.916,0,4819.942,18166,33765,2.180,1.600,0.860,3,0,107.909,0,0,10,36,3,32,0
22-05 14:28:52,37.279,11.009,36.779,17.013,0,1648312,1068548,174660,5034184,9265.218,1621.263,0,81511.497,0,5655.406,18706,37324,2.180,1.600,0.860,0,0,75.058,0,0,10,36,3,32,0
22-05 14:28:53,26.251,6.750,49.251,18.000,0,1648888,1060260,174724,5041580,7634.198,1620.042,0,63681.656,0,5085.132,19720,37927,2.180,1.600,0.860,2,1,30.001,0,0,10,36,3,32,0
22-05 14:28:54,31.412,11.219,51.605,4.487,0.249,1391732,1316724,174732,5042248,7337.404,1615.465,0,16182.576,0,1129.829,5291,9209,2.090,1.590,0.860,2,0,234.342,0,0,10,32,3,32,0
22-05 14:28:55,20.497,5.499,72.490,0.250,0.250,1450412,1258036,174732,5042252,6293.169,1639.784,0,1607.788,0,71.990,1335,1785,2.090,1.590,0.860,1,0,26.996,0,0,10,32,3,32,0
22-05 14:28:56,22.502,3.500,72.256,1.000,0,1509628,1198816,174732,5042256,6574.585,1620.144,0,3820.340,0,243.022,1504,2327,2.090,1.590,0.860,3,0,2.000,0,0,10,36,3,32,0
22-05 14:28:57,23.045,4.008,73.143,0,0,1423616,1284816,174732,5042260,11175.782,1697.308,0,3350.530,0,23.045,1322,1808,2.090,1.590,0.860,1,0,27.053,0,0,10,32,3,32,0
22-05 14:28:58,22.744,2.499,73.481,0,0.250,1493340,1215012,174732,5042340,6064.448,1585.594,0,203.948,0,6.998,944,1187,2.090,1.590,0.860,2,0,1.000,0,0,10,32,3,32,0
22-05 14:28:59,20.251,7.250,71.504,0,0,1397048,1311300,174736,5042336,82118.763,1694.098,0,108.006,0,20.001,1826,2469,2,1.580,0.860,2,0,125.007,0,0,10,32,3,32,0
22-05 14:29:00,15.496,31.991,50.985,0,0,1396596,1311668,174736,5042412,11450.691,1619.532,0,715.793,0,54.984,5434,9167,2,1.580,0.860,1,0,1177.660,0,0,10,32,3,32,0
22-05 14:29:01,11.253,20.005,68.766,0,0,1394148,1314028,174736,5042480,10806.529,1662.389,0,248.058,0,19.004,2773,3765,2,1.580,0.860,1,0,391.092,0,0,10,32,3,32,0
22-05 14:29:02,9.500,18.000,70.749,0,0,1398852,1309292,174736,5042512,5641.921,1619.977,0,47.999,0,5.000,2656,3929,2,1.580,0.860,1,0,329.995,0,0,10,32,3,32,0
22-05 14:29:03,9.250,21.500,69.000,0,0,1398184,1309912,174736,5042540,9631.990,1639.998,0,36.000,0,9.000,2774,4232,2,1.580,0.860,1,0,362.000,0,0,10,32,3,32,0
22-05 14:29:04,17.004,14.253,67.265,0,0,1400600,1307408,174736,5042576,11430.538,1620.360,0,12.003,0,3.001,4934,9290,2,1.580,0.870,1,0,180.040,0,0,10,32,3,32,0
22-05 14:29:05,45.664,9.233,43.917,0,0,1511664,1196248,174748,5043120,8314.336,1509.157,0,63.880,0,2.994,1698,2191,2,1.580,0.870,2,0,122.769,0,0,10,33,3,32,0
22-05 14:29:06,48.328,6.260,45.324,0,0.250,1591520,1114348,174748,5045128,11464.619,1622.635,0,236.384,0,2.003,2805,9509,2,1.580,0.870,2,0,3.005,0,0,10,41,3,32,0
22-05 14:29:07,41.740,7.248,50.238,0.250,0,1639340,1064996,174808,5046308,7452.264,1619.623,83.980,1047.756,1.000,94.978,2079,2580,2,1.580,0.870,1,0,75.982,0,0,10,48,3,33,0
22-05 14:29:08,14.729,10.485,73.894,0.250,0.250,1662156,1042104,174808,5046336,11840.949,1712.534,0,235.661,0,7.988,2116,2949,2,1.580,0.870,1,0,186.731,0,0,10,48,3,33,0
22-05 14:29:09,0.750,0.750,98.004,0,0,1662328,1041880,174808,5046368,42613.918,3669.165,0,168.008,0,15.001,906,1342,1.840,1.560,0.870,1,0,0,0,0,10,49,3,33,0
22-05 14:29:10,0.500,1.000,97.723,0.250,0.250,1662464,1041656,174808,5046456,135969.792,4468.744,0,1451.592,0,24.993,894,1223,1.840,1.560,0.870,2,0,0,0,0,10,49,3,33,0
22-05 14:29:11,16.777,8.514,72.618,1.252,0,1679392,1023284,174904,5047492,25802.852,2225.610,4.006,4627.506,1.002,310.504,2740,3663,1.840,1.560,0.870,2,0,70.114,0,0,10,48,3,34,0
22-05 14:29:12,15.261,9.507,73.055,1.251,0,1693152,960196,174912,5094916,7141.335,1621.211,64.048,4599.436,4.003,132.099,2186,2819,1.840,1.560,0.870,2,0,36.027,0,0,10,48,3,34,0
22-05 14:29:13,15.493,11.245,73.215,0,0,1680768,972576,174912,5094916,10331.051,1511.276,0,3.998,0,1.000,1732,1926,1.840,1.560,0.870,2,0,76.963,0,0,10,48,3,34,0
22-05 14:29:14,22.218,3.245,74.143,0,0,1719256,934044,174912,5094920,9761.855,1701.534,0,0,0,0,1077,1165,1.770,1.550,0.870,3,0,10.984,0,0,10,48,3,34,0
22-05 14:29:15,22.003,4.251,72.760,0.500,0,1724188,929068,174912,5094952,11175.565,1620.227,0,4404.617,0,226.032,1685,1480,1.770,1.550,0.870,1,0,25.004,0,0,10,48,3,34,0
22-05 14:29:16,17.001,8.750,73.002,0.250,0,1654208,1046428,175184,5048072,9504.323,1620.055,420.014,20.001,17.001,3.000,1713,2235,1.770,1.550,0.870,2,0,108.004,0,0,10,48,3,34,0
22-05 14:29:17,16.969,14.723,66.878,0,0,1656304,1044168,175188,5048244,6971.298,1617.054,0,2703.075,0,13.975,4218,7770,1.770,1.550,0.870,3,0,252.540,0,0,10,48,3,34,0
22-05 14:29:18,2.252,2.252,94.602,0,0,1653796,1046568,175188,5048092,10257.078,1567.693,0,0,0,0,1579,3584,1.770,1.550,0.870,1,0,28.030,0,0,10,48,3,34,0
22-05 14:29:19,0.501,0.501,98.669,0,0,1653796,1046568,175188,5048092,7246.442,1514.601,0,236.406,0,10.017,728,1227,1.630,1.520,0.860,0,0,3.005,0,0,10,48,3,34,0
22-05 14:29:20,0.499,0,97.791,0.249,0.249,1654020,1046328,175188,5048092,7801.360,1616.552,0,351.251,0,21.953,749,1073,1.630,1.520,0.860,0,0,2.994,0,0,10,48,3,34,0
22-05 14:29:21,0.500,0,98.535,0,0,1654020,1046328,175188,5048092,6540.296,1620.569,0,4.001,0,1.000,605,938,1.630,1.520,0.860,2,0,1.000,0,0,10,48,3,34,0
22-05 14:29:22,6.999,10.249,81.239,0,0.250,1599324,1101056,175188,5048572,13736.063,1845.740,0,343.952,0,9.999,3291,5061,1.630,1.520,0.860,1,0,166.976,0,0,10,48,4,34,0
22-05 14:29:23,14.513,13.262,71.065,0,0,1639768,1060552,175188,5048228,9334.494,1695.543,0,4.004,0,1.001,3571,6900,1.630,1.520,0.860,1,0,232.211,0,0,10,48,4,34,0
22-05 14:29:24,13.962,16.954,68.064,0,0,1649948,1050316,175188,5048304,8975.533,1852.949,0,3.989,0,0.997,3353,8067,1.820,1.560,0.880,3,0,284.225,0,0,11,48,4,34,0
22-05 14:29:25,11.020,10.018,77.888,0,0,1646328,1053900,175188,5048276,10839.185,1697.004,0,240.426,0,12.021,2307,6348,1.820,1.560,0.880,1,0,178.316,0,0,11,48,4,34,0
22-05 14:29:26,8.017,12.277,79.173,0,0,1651148,1048924,175188,5048792,7468.273,1569.420,0,0,0,0,2711,4365,1.820,1.560,0.880,1,0,179.391,0,0,13,48,4,28,0
22-05 14:29:27,16.737,14.988,66.697,0,0,1646432,1053620,175188,5048092,9917.165,1584.748,0,31.975,0,6.994,4507,11018,1.820,1.560,0.880,1,0,281.777,0,0,13,50,4,29,0
22-05 14:29:28,7.255,21.016,70.303,0,0.250,1651280,1048652,175188,5048476,9517.157,1621.219,0,32.024,0,8.006,2588,4240,1.820,1.560,0.880,1,0,329.248,0,0,13,50,4,24,0
22-05 14:29:29,16.745,15.996,66.232,0,0.250,1654240,1045644,175188,5048512,84640.385,1619.548,0,183.949,0,14.996,4352,8903,3.040,1.820,0.970,2,0,173.951,0,0,13,50,4,24,0
22-05 14:29:30,38.034,17.265,43.539,0,0,1728532,971268,175200,5048580,9344.326,1695.511,0,556.496,0,29.026,4977,10448,3.040,1.820,0.970,2,0,368.328,0,0,13,50,4,20,0
22-05 14:29:31,24.198,4.740,70.848,0,0,1767800,930724,175280,5049696,7014.911,1616.523,0,622.661,0,6.985,1944,3559,3.040,1.820,0.970,1,0,27.940,0,0,13,54,4,22,0
22-05 14:29:32,24.967,4.993,69.410,0,0,1841100,857368,175288,5049748,7919.689,1617.894,0,3.995,0,0.999,1158,1503,3.040,1.820,0.970,2,0,11.984,0,0,13,58,4,21,0
22-05 14:29:33,17.518,3.504,78.332,0,0,1882436,815312,175292,5050436,8292.641,1501.565,0,32.033,0,2.002,2019,3346,3.040,1.820,0.970,0,0,4.004,0,0,13,58,4,21,0
22-05 14:29:34,0.749,0.500,98.679,0,0,1882436,815312,175292,5050436,8481.935,1708.778,0,0,0,0,682,1006,2.870,1.810,0.970,2,0,0.999,0,0,13,58,4,19,0
22-05 14:29:35,10.026,8.773,79.459,0.251,0,1823636,874112,175292,5050452,10184.755,1624.267,0,2951.754,0,179.471,3345,4984,2.870,1.810,0.970,3,0,138.363,0,0,13,56,4,19,2
22-05 14:29:36,18.253,16.003,63.261,0,0.250,1873960,823504,175292,5050808,11246.002,1620.288,0,0,0,0,5760,12453,2.870,1.810,0.970,0,0,244.043,0,0,13,58,3,18,2
22-05 14:29:37,20.688,17.448,59.822,0,0,1885152,812552,175292,5050492,31789.395,1615.193,0,47.858,0,9.970,4873,10224,2.870,1.810,0.970,2,0,277.175,0,0,13,50,3,20,4
22-05 14:29:38,18.276,13.519,67.344,0.250,0,1893316,804312,175292,5050508,11776.487,1696.375,0,6160.625,0,226.317,4070,11276,2.870,1.810,0.970,1,0,213.299,0,0,13,58,3,18,4
22-05 14:29:39,11.503,4.751,82.024,0.500,0,1759380,938244,175292,5050492,9402.746,1620.473,80.023,252.074,3.001,27.008,1596,2342,2.640,1.780,0.960,6,0,54.016,0,0,13,50,3,24,0
22-05 14:29:40,33.299,22.533,44.315,0.501,0.250,1732676,964840,175292,5050600,8624.721,1460.154,0,7106.482,0,345.510,4069,6826,2.640,1.780,0.960,2,0,540.798,0,0,13,50,3,24,0
22-05 14:29:41,37.922,20.458,40.666,0,0.249,1805128,891580,175296,5051368,9795.782,1616.663,0,67.860,0,8.981,3592,9184,2.640,1.780,0.960,2,0,344.289,0,0,13,58,3,27,0
22-05 14:29:42,43.093,14.281,41.089,0,0,1904568,792072,175304,5051392,8406.124,1665.591,0,40.086,0,10.022,2907,7172,2.640,1.780,0.960,3,0,213.460,0,0,13,58,3,27,0
22-05 14:29:43,33.498,5.750,60.247,0,0,1984096,711964,175340,5051936,7603.574,1661.907,0,41977.649,0,40.998,1442,3465,2.640,1.780,0.960,2,0,4.000,0,0,13,58,3,26,0
22-05 14:29:44,23.751,2.250,73.004,0.250,0,2024708,668940,175656,5053740,9262.509,1710.094,152.008,0,38.002,0,1090,1668,2.510,1.760,0.960,2,0,5.000,0,0,13,60,3,26,0
22-05 14:29:45,24.736,5.747,53.970,14.492,0,2030848,646300,175704,5070076,8777.181,1619.111,0,37875.207,0,3084.307,16167,27339,2.510,1.760,0.960,1,1,3.998,0,0,13,60,3,23,0
22-05 14:29:46,40.011,15.754,40.011,4.501,0,2206232,464656,175824,5075736,10940.888,1620.428,0,9082.398,0,879.232,10093,25664,2.510,1.760,0.960,4,0,137.036,0,0,14,85,3,34,0
22-05 14:29:47,13.994,19.742,64.973,0.750,0.250,2217336,453012,175824,5076220,9831.939,1457.398,0,4961.951,0,158.934,4050,6965,2.510,1.760,0.960,0,0,451.813,0,0,14,85,3,30,0
22-05 14:29:48,15.722,17.219,66.380,0,0,2220924,449180,175824,5076748,11153.856,1617.080,0,1046.111,0,54.901,5145,8430,2.510,1.760,0.960,2,0,283.488,0,0,14,85,3,30,0
22-05 14:29:49,41.235,9.247,48.982,0.250,0,2329972,340108,175824,5076856,12525.453,1619.412,0,4706.292,0,239.913,2720,3917,2.470,1.770,0.970,2,0,125.954,0,0,14,86,3,30,0
22-05 14:29:50,29.018,12.257,58.035,0.500,0,2383284,285912,175844,5077632,7724.720,1620.990,0,848.518,0,66.040,2436,4615,2.470,1.770,0.970,2,0,155.095,0,0,14,89,3,31,0
22-05 14:29:51,8.012,19.530,71.108,0.250,0,2387340,281804,175844,5077668,8160.355,1622.456,0,753.140,0,50.076,3055,4689,2.470,1.770,0.970,1,0,350.531,0,0,14,89,3,31,0
22-05 14:29:52,9.747,17.995,71.228,0,0.250,2386864,282240,175844,5077704,9723.064,1619.511,0,563.830,0,24.992,3376,4988,2.470,1.770,0.970,1,0,412.875,0,0,14,89,3,31,0
22-05 14:29:53,19.518,6.006,73.319,0,0,2442276,226812,175844,5077720,7232.821,1621.529,0,0,0,0,1380,1934,2.470,1.770,0.970,1,0,74.070,0,0,14,90,3,31,0
22-05 14:29:54,21.699,5.238,72.331,0,0,2419448,249608,175844,5077748,7342.803,1618.210,0,0,0,0,1819,2687,2.350,1.750,0.970,3,0,62.853,0,0,14,91,3,33,0
22-05 14:29:55,24.291,4.007,70.619,0.501,0.501,2466852,202036,175856,5077904,8568.498,1622.746,0,605.024,0,74.125,2788,4586,2.350,1.750,0.970,2,0,1.002,0,0,14,95,3,33,0
22-05 14:29:56,27.702,7.986,62.392,0.499,0,2453524,215036,175856,5078184,12654.058,1617.196,0,1489.417,0,183.681,4001,7165,2.350,1.750,0.970,4,0,119.792,0,0,14,107,3,35,0
22-05 14:29:57,30.774,2.502,65.802,0.250,0,2516088,152300,175856,5078340,8724.936,1621.289,0,888.707,0,56.045,1672,2522,2.350,1.750,0.970,2,0,0,0,0,14,109,3,35,0
22-05 14:29:58,32.656,5.484,58.831,0.997,0,2518564,149732,175860,5078392,12613.798,1657.244,0,1802.826,0,163.531,3040,5101,2.350,1.750,0.970,2,0,92.734,0,0,14,107,3,36,0
22-05 14:29:59,41.595,5.513,49.864,2.005,0,2574792,134056,173908,5040676,85032.895,1623.722,308.708,11301.904,15.034,772.771,3076,2292,2.320,1.760,0.970,2,0,8.018,0,0,14,107,3,37,0
22-05 14:30:00,19.536,8.015,72.135,0.501,0,2572800,135048,173908,5041676,10136.905,1623.027,977.824,404.755,35.065,25.047,1544,1910,2.320,1.760,0.970,1,0,56.105,0,0,14,109,3,37,0
22-05 14:30:01,21.155,5.476,71.929,0.249,0,2549116,158700,173908,5041708,11172.083,1525.185,0,314.594,0,23.893,1543,2120,2.320,1.760,0.970,1,0,51.769,0,0,14,111,3,38,0
22-05 14:30:02,22.789,3.756,72.123,1.002,0,2599840,126976,173824,5022868,8548.610,1622.773,120.205,1819.109,4.007,263.450,2044,2756,2.320,1.760,0.970,6,0,0,0,0,14,115,3,38,0
22-05 14:30:03,20.805,6.267,72.441,0.251,0,2586504,140100,173824,5023080,10790.498,1698.486,68.180,477.260,2.005,39.103,1685,2645,2.320,1.760,0.970,1,0,82.217,0,0,14,113,3,39,0
22-05 14:30:04,21.995,4.999,72.734,0,0,2582988,143596,173824,5023100,10607.698,1693.632,0,299.935,0,16.996,1468,2006,2.220,1.750,0.970,1,0,54.988,0,0,14,113,3,40,0
22-05 14:30:05,24.233,4.497,70.199,0.999,0,2622332,120948,173328,5006944,10188.644,1618.831,1554.877,1958.586,25.981,180.869,2443,3854,2.220,1.750,0.970,1,0,0,0,0,14,115,3,40,0
22-05 14:30:06,24.021,5.255,67.059,2.252,0,2602420,156196,173232,4991748,7768.805,1695.485,900.789,5933.197,134.117,447.392,4072,6715,2.220,1.750,0.970,1,0,55.048,0,0,14,113,3,41,0
22-05 14:30:07,24.735,1.999,72.707,0.250,0,2636528,122008,173232,4991828,10927.498,1619.037,35.979,519.691,2.998,44.973,1715,2501,2.220,1.750,0.970,1,0,1.999,0,0,14,119,3,41,0
22-05 14:30:08,34.777,4.503,59.796,0.751,0.500,2593140,182820,173172,4974600,9739.509,1459.125,236.182,2902.238,10.008,334.258,3629,5904,2.220,1.750,0.970,2,0,21.016,0,0,14,119,3,42,0
22-05 14:30:09,30.246,5.499,63.992,0,0.250,2652896,122224,173176,4975436,8444.987,1713.794,611.927,603.928,12.998,48.994,1921,3089,2.120,1.730,0.970,1,0,49.994,0,0,14,120,3,42,0
22-05 14:30:10,20.949,7.981,69.332,0.748,0.249,2624388,150240,173176,4975928,9299.477,1689.907,434.947,857.922,11.971,103.749,2946,4712,2.120,1.730,0.970,2,0,146.645,0,0,14,120,3,43,0
22-05 14:30:11,24.063,2.256,73.191,0.251,0,2660056,131116,173148,4959580,9296.245,1624.236,344.899,485.266,5.013,29.076,1369,1924,2.120,1.730,0.970,2,0,0,0,0,14,122,3,42,0
22-05 14:30:12,26.004,1.750,71.010,0.500,0,2661268,129856,173148,4959628,8307.163,1620.227,0,960.134,0,101.014,2410,4292,2.120,1.730,0.970,2,0,0,0,0,14,122,3,42,0
22-05 14:30:13,40.941,11.733,45.185,0.999,0,2635524,150640,173160,4964576,10552.867,2031.087,4801.115,1585.726,104.850,136.804,4390,8853,2.120,1.730,0.970,5,0,288.586,0,0,14,120,3,43,0
22-05 14:30:14,36.720,4.496,58.702,0.250,0,2678488,123452,173108,4949180,7835.559,1958.390,863.290,1079.113,20.983,88.927,2334,4045,2.110,1.740,0.980,3,0,0,0,0,14,120,3,44,0
22-05 14:30:15,9.514,18.276,71.103,0.250,0,2630964,170764,173112,4949388,11795.067,1664.408,156.226,476.690,12.017,28.041,2632,3993,2.110,1.740,0.980,1,0,296.429,0,0,14,120,3,44,0
22-05 14:30:16,10.256,19.511,67.539,0.250,0,2638324,163240,173248,4949444,7574.348,1458.837,156.090,648.372,8.005,46.026,3103,4976,2.110,1.740,0.980,1,0,338.194,0,0,14,120,3,44,0
22-05 14:30:17,24.246,15.997,59.239,0.250,0,2666240,134972,173248,4949828,9370.304,1619.707,255.954,443.920,16.997,23.996,5757,10433,2.110,1.740,0.980,2,0,235.957,0,0,14,120,3,44,0
22-05 14:30:18,33.258,20.755,44.510,0.750,0,2701784,124600,172920,4925248,9306.159,1778.413,700.162,4056.941,59.014,426.099,4064,5965,2.110,1.740,0.980,2,0,476.110,0,0,14,120,3,44,0
22-05 14:30:19,40.757,21.754,35.006,1.250,0,2808968,118768,169644,4829080,7487.325,1690.299,4444.787,2320.411,206.036,137.024,7871,19828,2.260,1.770,1,3,0,217.038,0,0,16,132,3,44,0
22-05 14:30:20,52.246,26.748,20.498,0.750,0.500,2896628,125168,166344,4740408,10633.192,1619.877,835.936,5287.598,132.990,404.969,4483,7186,2.260,1.770,1,3,0,677.948,0,0,16,132,3,44,0
22-05 14:30:21,61.138,19.714,16.719,0.749,0.250,2992716,129320,164108,4644272,9941.826,1617.044,1429.387,1517.227,89.836,242.557,6639,21450,2.260,1.770,1,6,0,248.546,0,0,16,138,3,44,0
22-05 14:30:22,40.829,25.800,32.813,1.503,0,3072040,131944,163988,4564148,6716.944,1623.128,164.317,5915.399,16.031,404.780,4411,7341,2.260,1.770,1,3,0,600.157,0,0,16,148,3,44,0
22-05 14:30:23,23.216,20.720,54.420,0,0,3106808,127164,163984,4534992,9687.836,1545.740,151.778,375.451,4.993,14.978,3427,5644,2.260,1.770,1,3,0,380.444,0,0,17,148,3,44,0
22-05 14:30:24,23.530,18.023,56.822,0.751,0,3129392,129592,163952,4510592,7539.515,1622.047,1918.421,2427.063,132.167,371.469,6067,10195,2.320,1.800,1.010,3,0,269.340,0,0,17,148,3,44,0
22-05 14:30:25,32.750,22.250,43.249,0.500,0,3195664,122504,163944,4453260,6863.918,1619.981,147.998,4023.952,10.000,196.998,4350,8981,2.320,1.800,1.010,2,0,470.994,0,0,17,148,3,44,0
22-05 14:30:26,43.733,18.993,34.487,0,0,3289796,131452,163968,4351928,8004.894,1619.372,883.657,691.732,30.988,55.978,5731,15432,2.320,1.800,1.010,3,0,260.899,0,0,17,164,3,44,0
22-05 14:30:27,32.754,24.753,41.256,0.250,0,3379512,119220,163968,4278200,8275.134,1690.232,48.007,5128.703,3.000,411.056,4270,7316,2.320,1.800,1.010,4,0,548.075,0,0,17,164,3,44,0
22-05 14:30:28,24.243,25.993,49.236,0.250,0.250,3425680,123416,163984,4226684,7847.771,1693.519,7.998,439.875,1.999,26.992,4899,12061,2.320,1.800,1.010,3,0,468.867,0,0,17,170,3,44,0
22-05 14:30:29,11.250,19.500,66.251,0.750,0,3432804,120676,163984,4222732,83710.670,1620.013,0,5120.041,0,425.003,5096,7077,2.380,1.820,1.020,1,0,367.003,0,0,17,176,3,44,0
22-05 14:30:30,30.519,11.007,57.785,0,0,3484572,118832,163984,4173420,8499.159,1512.918,48.029,232.141,5.003,11.007,3754,7104,2.380,1.820,1.020,2,0,151.092,0,0,17,176,3,44,0
22-05 14:30:31,45.180,7.488,45.430,0.250,0,3600424,138316,163984,4040864,6605.820,1563.591,419.354,1194.160,13.978,187.711,2029,2296,2.380,1.820,1.020,3,0,0.998,0,0,17,176,3,44,0
22-05 14:30:32,47.458,6.744,45.210,0.500,0,3647808,162096,164120,3971132,10613.586,1618.564,3384.998,683.394,65.942,71.936,2167,3678,2.380,1.820,1.020,3,0,4.996,0,0,17,182,3,40,0
22-05 14:30:33,45.612,29.072,25.312,0.251,0.501,3633192,169376,164140,3978368,8767.568,1666.099,2626.461,417.026,55.136,27.067,5959,13227,2.380,1.820,1.020,3,0,678.670,0,0,17,182,3,40,0
22-05 14:30:34,45.228,23.988,29.485,0,0,3639492,160128,164152,3981492,9097.506,1709.156,55.972,811.599,3.998,57.971,6298,11809,2.510,1.850,1.030,3,0,383.810,0,0,17,196,3,40,0
22-05 14:30:35,63.140,20.632,16.158,0.249,0.249,3752912,122412,164152,3907840,6946.433,1684.406,735.809,676.149,19.887,51.705,5224,9955,2.510,1.850,1.030,4,0,200.856,0,0,17,211,3,41,0
22-05 14:30:36,79.387,15.325,4.020,0.251,0,3844948,136780,164172,3804008,9566.589,1627.928,639.112,18900.043,23.113,538.623,3695,5840,2.510,1.850,1.030,5,0,62.303,0,0,17,221,3,42,0
22-05 14:30:37,77.568,16.461,5.737,0.249,0,3859032,133456,164264,3793696,9056.762,1616.210,554.699,4685.014,36.913,278.347,7218,41108,2.510,1.850,1.030,7,0,40.904,0,0,17,222,3,45,0
22-05 14:30:38,46.699,24.856,26.613,0.251,0,3864576,158868,164264,3763048,12376.700,1464.235,735.130,2197.356,44.188,198.847,7264,22076,2.510,1.850,1.030,3,0,453.933,0,0,17,227,3,46,0
22-05 14:30:39,39.718,16.986,41.717,0.500,0,3853956,181392,164268,3751216,9202.675,1618.712,207.835,687.453,9.992,52.958,6309,12772,2.710,1.900,1.060,1,0,210.832,0,0,17,227,3,47,0
22-05 14:30:40,52.499,22.750,23.750,0.250,0,3954448,136060,164268,3696204,20607.691,1619.976,0,14443.783,0,622.991,5241,7554,2.710,1.900,1.060,5,0,535.992,0,0,17,227,3,41,0
22-05 14:30:41,60.747,19.499,18.499,0.500,0.250,4001580,133084,164356,3652580,7771.619,1661.919,171.992,887.956,24.999,57.997,6792,15309,2.710,1.900,1.060,8,0,211.990,0,0,17,233,3,43,0
22-05 14:30:42,53.759,24.004,21.504,0.250,0,4052964,125824,164356,3609116,6439.120,1620.282,56.010,5765.003,5.001,455.079,5001,9011,2.710,1.900,1.060,5,0,573.100,0,0,17,235,3,40,0
22-05 14:30:43,61.249,18.250,18.500,0.250,0.500,4095264,130548,164368,3562792,9739.786,1619.964,199.996,1107.976,15.000,81.998,6544,15109,2.710,1.900,1.060,5,0,257.994,0,0,17,243,3,42,0
22-05 14:30:44,67.048,9.257,23.016,0.250,0,4198756,161836,164368,3430824,15703.244,1781.275,28.020,6188.431,2.001,542.388,3287,3498,2.730,1.920,1.070,4,0,6.004,0,0,17,247,3,43,0
22-05 14:30:45,63.197,11.490,22.981,0.250,0.250,4241040,190144,164384,3361624,7557.614,1456.769,319.730,1027.132,19.983,85.927,5198,9312,2.730,1.920,1.070,4,0,79.932,0,0,17,255,3,47,0
22-05 14:30:46,47.754,23.752,27.752,0.250,0,4250344,180740,164388,3361884,13923.030,1620.120,912.067,556.041,12.001,37.003,4323,7496,2.730,1.920,1.070,4,0,581.043,0,0,17,255,3,46,0
22-05 14:30:47,49.533,21.514,27.268,0.250,0,4282224,144304,164612,3366180,7871.234,1621.078,4226.811,1624.080,83.055,83.055,5947,12835,2.730,1.920,1.070,4,0,267.178,0,0,18,255,3,47,0
22-05 14:30:48,71.700,13.990,13.241,0.250,0,4320580,163756,164616,3309824,8628.012,1618.876,807.440,767.467,11.992,54.962,2731,4588,2.730,1.920,1.070,3,0,197.863,0,0,18,258,3,37,0
22-05 14:30:49,60.501,12.500,25.750,0,0,4416008,132172,164632,3247280,15208.137,1662.015,772.007,440.004,7.000,17.000,2299,2835,2.750,1.940,1.080,4,0,13.000,0,0,18,258,3,37,0
22-05 14:30:50,32.174,15.214,51.129,0,0,4436048,133632,164660,3226072,14117.556,2650.720,885.901,1017.589,14.965,56.865,4387,9162,2.750,1.940,1.080,4,0,221.475,0,0,18,260,3,37,0
22-05 14:30:51,19.484,6.245,73.191,0,0,4412248,172728,164668,3210872,29106.686,4950.035,775.379,327.737,7.994,15.987,1843,2602,2.750,1.940,1.080,3,0,7.994,0,0,18,263,3,37,1
22-05 14:30:52,21.052,5.263,72.929,0.752,0,4437480,147452,164672,3210912,8472.809,2585.350,545.339,1535.772,6.015,96.236,2323,3521,2.750,1.940,1.080,1,0,9.022,0,0,18,265,4,37,0
22-05 14:30:53,21.757,6.252,70.523,0,0,4444220,139664,164672,3211960,1113367.525,20786.880,768.254,868.287,6.002,46.015,3224,5101,2.750,1.940,1.080,1,0,13.004,0,0,18,273,4,37,0
22-05 14:30:54,18.192,5.732,74.513,0.249,0.249,4438824,143760,164672,3213260,1363177.008,28523.211,765.563,311.010,5.981,26.914,3198,3495,2.610,1.930,1.080,3,0,6.978,0,0,18,273,4,35,0
22-05 14:30:55,4.255,1.752,92.365,0.501,0.250,4439844,141744,164676,3214252,1080884.782,21398.663,32.040,400.499,2.002,40.050,2671,3292,2.610,1.930,1.080,1,0,3.004,0,0,18,279,4,35,0
22-05 14:30:56,4.755,2.002,92.354,0,0.250,4440548,139504,164676,3215788,1537359.066,29843.604,0,220.248,0,20.023,2672,3040,2.610,1.930,1.080,0,0,2.002,0,0,18,279,4,33,0
22-05 14:30:57,3.745,1.248,93.385,0.250,0,4439868,138832,164676,3217140,1480415.089,30160.902,0,1258.452,0,73.909,2412,3012,2.610,1.930,1.080,2,0,0,0,0,18,279,4,33,0
22-05 14:30:58,2.998,0.999,93.924,0.500,0,4438764,138832,164676,3218244,1121441.240,24082.613,0,1330.929,0,73.940,2235,3088,2.610,1.930,1.080,1,0,0,0,0,18,279,4,32,0
22-05 14:30:59,3.745,1.248,93.137,0,0,4438948,137236,164676,3219656,1568867.826,31413.832,0,838.981,0,3.995,2551,2763,2.480,1.910,1.080,1,0,0,0,0,18,279,4,32,0
22-05 14:31:00,3.503,2.252,92.576,0,0.250,4440356,133852,164676,3221632,2085328.225,43081.456,0,80.066,0,6.005,3369,3328,2.480,1.910,1.080,1,0,2.002,0,0,18,283,4,31,0
22-05 14:31:01,4.258,0.501,92.922,0,0.250,4441036,131780,164676,3223024,1476944.439,30981.191,0,0,0,0,2492,2775,2.480,1.910,1.080,1,0,0,0,0,18,283,4,31,0
22-05 14:31:02,1.749,1.249,95.692,0,0.250,4441408,130184,164676,3224248,1292494.748,26881.710,0,7.995,0,1.999,2307,2640,2.480,1.910,1.080,2,0,0,0,0,18,283,4,30,0
22-05 14:31:03,2.747,0.749,93.890,0.250,0,4442448,127692,164676,3225700,1526387.074,32140.332,0,159.813,0,14.982,2902,3344,2.480,1.910,1.080,1,0,0,0,0,18,283,4,30,0
22-05 14:31:04,5.252,2.001,91.786,0,0,4444864,124108,164680,3226864,1335190.054,27016.482,4.002,292.113,1.000,28.011,2493,2993,2.280,1.880,1.070,3,0,15.006,0,0,18,286,4,30,0
22-05 14:31:05,14.013,12.762,71.068,0.751,0,4453552,130128,164680,3212192,9635.259,1621.558,2346.255,8051.738,36.035,846.814,4462,4710,2.280,1.880,1.070,2,0,244.235,0,0,18,286,4,28,0
22-05 14:31:06,25.749,3.500,69.997,0.250,0,4483428,134228,164680,3178560,7929.699,1619.938,119.995,12951.508,7.000,91.997,2451,4540,2.280,1.880,1.070,1,0,2.000,0,0,18,292,4,30,0
22-05 14:31:07,24.532,4.256,68.841,0.501,0,4492336,139456,164680,3164740,7948.516,1514.003,468.620,660.874,25.033,60.079,4303,8822,2.280,1.880,1.070,7,0,2.003,0,0,18,295,3,32,0
22-05 14:31:08,11.008,18.262,69.047,0,0,4453472,178024,164680,3165076,11655.949,1641.119,216.147,344.235,8.005,30.020,3761,6207,2.280,1.880,1.070,1,0,465.317,0,0,18,292,3,33,0
22-05 14:31:09,22.232,4.746,70.694,1.749,0,4450068,188716,164684,3157784,9060.779,1786.576,255.796,21171.127,4.996,238.810,2005,2348,2.420,1.910,1.090,1,0,28.977,0,0,18,292,3,31,0
22-05 14:31:10,8.998,18.745,70.981,0.250,0,4454932,183956,164684,3157752,8291.770,1619.564,0,987.734,0,56.985,3401,5387,2.420,1.910,1.090,2,0,361.903,0,0,18,292,3,31,0
22-05 14:31:11,7.990,11.985,79.401,0,0,4455328,183484,164684,3157828,12340.636,1617.986,39.950,135.831,3.995,9.988,2630,4165,2.420,1.910,1.090,1,0,269.664,0,0,18,292,3,30,0
22-05 14:31:12,10.251,2.250,87.256,0,0.250,4485564,153248,164684,3157828,8558.582,1620.110,0,0,0,0,1301,1987,2.420,1.910,1.090,3,0,9.001,0,0,18,292,3,30,0
22-05 14:31:13,22.737,5.997,70.460,0.250,0.500,4458088,180696,164684,3157856,8904.942,1619.080,0,239.864,0,29.983,2305,3715,2.420,1.910,1.090,2,0,66.962,0,0,18,296,3,30,0
22-05 14:31:14,13.024,15.027,70.379,0,0,4462628,175924,164688,3158084,7519.739,1622.965,8.015,609.113,2.004,47.086,3087,4975,2.230,1.880,1.080,1,0,248.454,0,0,18,296,3,30,0
22-05 14:31:15,16.759,12.507,70.540,0,0,4471228,167188,164688,3158220,6963.900,1458.817,4.002,152.085,1.001,11.006,2816,4537,2.230,1.880,1.080,1,0,226.127,0,0,18,296,3,28,0
22-05 14:31:16,23.053,4.710,69.901,1.239,0,4529752,130680,164700,3136468,11338.882,1606.243,194.336,2264.604,9.915,332.155,2033,2549,2.230,1.880,1.080,3,0,2.975,0,0,18,296,3,28,0
22-05 14:31:17,24.668,3.021,71.738,0.503,0,4565976,132512,164700,3098604,8870.381,1631.103,430.933,632.304,23.158,93.637,1969,2975,2.230,1.880,1.080,3,1,2.014,0,0,18,300,3,28,0
22-05 14:31:18,24.046,2.755,72.137,0.501,0,4504956,192172,164700,3099964,13507.719,1623.090,1266.411,292.557,51.097,25.048,1771,2421,2.230,1.880,1.080,1,0,5.010,0,0,18,296,3,28,0
22-05 14:31:19,22.943,3.990,72.322,0,0,4556032,141044,164700,3100016,20028.669,1685.848,0,175.568,0,9.975,1855,2568,2.530,1.950,1.110,2,0,4.988,0,0,18,299,3,28,0
22-05 14:31:20,25.025,3.253,71.071,0,0,4486044,210880,164700,3100168,9473.483,1621.623,4.004,328.329,1.001,18.018,1639,2323,2.530,1.950,1.110,2,0,16.016,0,0,18,296,3,28,0
22-05 14:31:21,22.156,5.726,70.701,0,0,4445168,251632,164700,3100292,8075.815,1613.171,0,79.663,0,6.970,1797,2707,2.530,1.950,1.110,2,0,60.743,0,0,18,296,3,28,0
22-05 14:31:22,8.298,18.859,70.407,0.251,0,4456456,239156,164708,3101440,12956.826,1520.783,1504.690,913.274,20.116,37.215,3450,5427,2.530,1.950,1.110,1,0,383.213,0,0,18,298,3,28,0
22-05 14:31:23,20.707,8.233,71.351,0.748,0,4482996,212220,164712,3101832,7993.302,1562.735,451.058,171.641,78.835,15.967,2330,3698,2.530,1.950,1.110,2,0,143.700,0,0,18,298,3,28,0
22-05 14:31:24,24.724,3.247,69.176,0,0.250,4505224,189792,164728,3102016,9339.997,1692.188,143.846,311.666,3.996,15.983,8172,16581,2.730,2,1.130,5,0,4.995,0,0,18,298,3,28,0
22-05 14:31:25,20.007,3.751,75.278,0,0,4495236,199196,164744,3102552,15791.811,4536.669,288.106,256.094,9.003,7.003,2342,3798,2.730,2,1.130,4,0,8.003,0,0,18,299,3,28,0
22-05 14:31:26,26.233,1.999,71.952,0.250,0.250,4501832,192396,164756,3102744,10824.812,2449.374,0,207.862,0,8.994,1547,2161,2.730,2,1.130,3,0,1.999,0,0,18,299,3,28,0
22-05 14:31:27,24.006,5.501,69.518,0,0,4524476,167980,164904,3104144,8742.256,1620.418,0,444.115,0,18.005,9054,18470,2.730,2,1.130,1,0,6.002,0,0,18,299,3,28,0
22-05 14:31:28,25.512,7.503,65.280,0,0.250,4459680,232680,164904,3104240,10880.929,1794.813,248.112,648.294,27.012,45.020,2689,5927,2.730,2,1.130,4,0,111.050,0,0,18,298,3,29,0
22-05 14:31:29,18.006,11.253,71.022,0,0,4497572,194884,164904,3104144,94675.255,1512.467,0,188.058,0,9.003,2594,3742,2.590,1.980,1.130,2,0,194.060,0,0,18,298,3,28,0
22-05 14:31:30,20.503,8.251,70.759,0,0,4449228,243012,164904,3104360,12003.488,1650.205,24.003,28.003,2.000,3.000,2179,3422,2.590,1.980,1.130,1,0,112.014,0,0,18,298,3,30,0
22-05 14:31:31,23.113,3.479,72.320,0,0,4507160,185052,164904,3104388,12726.393,1610.432,0,0,0,0,1585,2338,2.590,1.980,1.130,2,0,0,0,0,18,298,3,30,0
22-05 14:31:32,27.985,5.799,65.803,0.252,0,4504800,187360,164904,3104440,8695.117,1633.738,24.204,278.341,3.025,21.178,2946,5106,2.590,1.980,1.130,3,0,70.594,0,0,18,298,3,30,0
22-05 14:31:33,22.667,5.231,70.493,0.249,0,4477820,214068,164904,3104712,9499.318,1729.685,0,271.011,0,28.895,2220,3481,2.590,1.980,1.130,3,0,55.796,0,0,18,298,3,30,0
22-05 14:31:34,22.784,4.757,72.109,0,0,4461336,230540,164904,3104724,8320.556,1696.560,0,116.175,0,8.012,1744,2712,2.460,1.970,1.130,2,0,28.042,0,0,18,298,3,32,0
22-05 14:31:35,25.001,1.750,71.753,0,0,4497324,194504,164904,3104772,8860.363,1620.066,32.001,336.014,2.000,35.001,1798,2962,2.460,1.970,1.130,2,0,0,0,0,18,298,3,33,0
22-05 14:31:36,23.985,4.997,70.957,0.500,0,4503804,188016,164904,3104780,9522.191,1585.033,0,147.910,0,8.995,1905,2788,2.460,1.970,1.130,3,0,48.970,0,0,18,298,3,33,0
22-05 14:31:37,22.243,4.249,71.727,0,0,4494924,196880,164904,3104796,13039.853,1619.485,0,107.966,0,5.998,1815,2582,2.460,1.970,1.130,2,0,27.991,0,0,18,298,3,32,0
22-05 14:31:38,22.065,5.516,70.205,1.003,0.251,4479176,212572,164904,3104852,15047.043,1570.597,16.047,2483.269,1.003,353.033,3057,4299,2.460,1.970,1.130,1,0,88.258,0,0,18,298,3,32,0
22-05 14:31:39,23.697,4.241,71.340,0,0.249,4451736,240008,164904,3104856,11835.512,1616.383,0,211.527,0,10.975,1682,2618,2.340,1.950,1.130,4,0,34.922,0,0,18,298,3,29,0
22-05 14:31:40,23.555,4.009,72.168,0,0,4513580,178144,164904,3104876,10877.257,1697.943,0,160.372,0,10.023,1507,2217,2.340,1.950,1.130,1,0,12.028,0,0,18,298,3,29,0
22-05 14:31:41,23.703,3.244,71.110,0,0,4498440,192832,164904,3105328,9487.263,1616.807,311.385,207.590,24.951,15.968,1858,2734,2.340,1.950,1.130,2,0,13.972,0,0,18,298,3,31,0
22-05 14:31:42,27.984,3.998,65.463,1.249,0,4462288,228176,164908,3106132,10903.839,1619.085,503.715,1387.216,38.978,201.886,3792,7076,2.340,1.950,1.130,2,0,4.997,0,0,18,302,3,32,0
22-05 14:31:43,26.268,3.502,69.547,0.751,0.250,4512928,177524,164908,3106144,7206.879,1621.097,0,4899.317,0,297.201,2694,4412,2.340,1.950,1.130,2,0,0,0,0,18,304,3,27,0
22-05 14:31:44,23.285,5.008,68.604,1.002,0,4464492,225600,164908,3106504,8697.194,1514.297,32.049,1810.747,3.005,184.280,3776,6395,2.240,1.930,1.120,2,0,74.112,0,0,18,302,3,28,0
22-05 14:31:45,11.231,20.465,67.884,0,0,4471280,218792,164908,3106524,11254.743,1617.233,0,471.194,0,38.933,3965,6454,2.240,1.930,1.120,2,0,574.018,0,0,18,302,3,23,0
22-05 14:31:46,9.768,21.539,67.122,0.250,0,4471412,218620,164912,3106560,7748.086,1568.852,0,480.874,0,39.071,4296,7288,2.240,1.930,1.120,1,0,621.129,0,0,18,302,3,23,0
22-05 14:31:47,11.001,20.001,66.504,1.000,0,4470760,219240,164924,3106580,9854.572,1620.094,4.000,3372.196,1.000,372.022,4619,7311,2.240,1.930,1.120,2,0,606.035,0,0,18,302,3,23,0
22-05 14:31:48,9.472,21.687,67.553,0,0,4476440,213520,164924,3106620,7749.356,1615.280,0,1419.851,0,118.653,3811,6005,2.240,1.930,1.120,3,0,520.479,0,0,18,302,3,22,0
22-05 14:31:49,9.782,21.069,68.475,0,0.251,4479380,210532,164924,3106652,9541.362,1699.587,0,36.119,0,9.030,3794,6262,2.140,1.920,1.120,1,0,537.768,0,0,18,302,3,22,0
22-05 14:31:50,9.493,21.733,67.697,0,0,4471356,218528,164924,3106680,12854.025,1688.690,0,27.978,0,6.995,3424,5312,2.140,1.920,1.120,1,0,420.674,0,0,18,302,3,22,0
22-05 14:31:51,11.484,19.223,68.404,0.250,0,4471728,218116,164924,3106704,8176.536,1509.883,39.944,143.798,1.997,12.982,3372,5360,2.140,1.920,1.120,2,0,395.446,0,0,18,302,3,22,0
22-05 14:31:52,18.272,9.762,69.583,0,0,4484680,285976,164932,3033884,8127.745,1621.945,116.139,2250.699,13.016,32.038,9128,17530,2.140,1.920,1.120,2,0,70.084,0,0,18,302,3,21,0
22-05 14:31:53,24.149,4.730,70.457,0.498,0.249,4511792,253840,164968,3038452,8908.894,1613.281,59.751,1908.053,1.992,36.847,1851,2898,2.140,1.920,1.120,3,0,2.988,0,0,18,302,3,21,0
22-05 14:31:54,17.089,1.508,79.916,0.503,0,4516420,248576,164984,3039040,20212.225,7910.180,365.905,1322.887,17.089,66.345,1856,2871,1.970,1.890,1.120,2,0,0,0,0,18,303,3,21,0
22-05 14:31:55,14.959,1.496,81.774,0.997,0.249,4515768,248352,165032,3039836,24822.292,13397.915,502.609,1244.555,49.862,45.873,1571,2267,1.970,1.890,1.120,2,0,0,0,0,18,303,3,21,0
22-05 14:31:56,15.974,1.498,81.369,0.499,0,4528956,234492,165032,3040476,23246.666,9717.394,535.141,1090.249,28.954,53.913,1797,2504,1.970,1.890,1.120,2,0,1.997,0,0,18,303,3,21,0
22-05 14:31:57,16.516,0.751,80.578,0.751,0,4533284,229704,165076,3040860,32154.997,13435.952,352.340,1265.220,38.037,46.044,1706,2476,1.970,1.890,1.120,2,0,0,0,0,18,303,3,21,0
22-05 14:31:58,20.557,2.006,76.211,1.504,0.251,4533852,202264,165112,3067660,17804.389,8288.994,12458.560,2121.886,233.648,27.075,2051,2665,1.970,1.890,1.120,1,0,0,0,0,18,303,3,21,0
22-05 14:31:59,22.253,4.751,71.510,0.750,0,4537272,175880,165492,3088660,81027.263,1662.231,4.001,2388.332,1.000,92.013,1975,2622,1.890,1.870,1.120,3,0,0,0,0,18,303,3,21,0
22-05 14:32:00,20.451,5.238,72.078,1.995,0,4551180,140420,166164,3107860,8697.292,1616.152,0,3455.772,0,161.615,2140,3072,1.890,1.870,1.120,4,0,0,0,0,18,303,3,21,0
22-05 14:32:01,22.563,4.011,71.699,1.253,0,4553364,139104,166660,3104780,9325.907,1798.998,0,7344.403,0,415.153,2248,2616,1.890,1.870,1.120,2,0,0,0,0,18,302,3,21,0
22-05 14:32:02,22.498,4.250,71.994,0,0,4516284,174564,166660,3106352,9593.242,1619.872,87.993,19.998,8.999,2.000,1496,2206,1.890,1.870,1.120,4,0,6.000,0,0,18,302,3,21,0
22-05 14:32:03,24.452,5.988,67.866,0.499,0.250,4513204,177372,166660,3106608,9074.115,1455.132,0,1756.538,0,20.959,8335,17207,1.890,1.870,1.120,2,0,11.976,0,0,18,302,3,21,0
22-05 14:32:04,23.487,5.747,69.211,0.250,0,4521896,168592,166660,3106692,9156.863,1619.092,3.998,979.451,0.999,47.973,9962,19486,1.820,1.860,1.120,1,0,12.993,0,0,18,302,3,21,0
22-05 14:32:05,23.467,4.244,71.898,0,0,4477432,213116,166660,3106600,9951.908,1691.605,0,15.977,0,1.997,1962,2813,1.820,1.860,1.120,2,0,50.928,0,0,18,302,3,21,0
22-05 14:32:06,23.737,7.996,66.963,0,0,4516972,173580,166668,3106616,16438.844,1619.098,0,75613.883,0,230.871,10148,19427,1.820,1.860,1.120,2,0,12.993,0,0,18,302,3,21,0
22-05 14:32:07,23.557,7.268,67.414,0,0,4523884,166556,166668,3106724,12362.065,1623.949,0,96.234,0,3.007,12742,25648,1.820,1.860,1.120,3,0,17.041,0,0,18,302,3,21,0
22-05 14:32:08,24.711,3.994,70.639,0,0,4486984,203564,166668,3106616,9912.447,1617.462,0,115.818,0,8.986,4934,9610,1.820,1.860,1.120,3,0,8.986,0,0,18,302,3,15,0
22-05 14:32:09,23.501,3.250,72.003,0,0,4500856,189692,166668,3106616,9232.425,1714.079,0,4.000,0,1.000,1390,1902,1.750,1.840,1.110,2,0,8.000,0,0,18,302,3,15,0
22-05 14:32:10,21.576,6.272,72.255,0,0,4478240,212304,166668,3106620,11518.661,1625.739,0,1340.733,0,5.018,1926,2973,1.750,1.840,1.110,3,0,87.308,0,0,18,302,3,15,0
22-05 14:32:11,21.423,5.480,70.498,0,0,4517720,155392,167224,3121620,8413.895,1452.802,7.971,247.116,1.993,48.825,7195,14029,1.750,1.840,1.110,4,0,13.950,0,0,18,302,3,15,0
22-05 14:32:12,21.532,2.003,76.114,0,0.250,4523072,148116,167348,3123036,13024.537,4536.805,8.012,1201.803,1.002,8.012,1399,2196,1.750,1.840,1.110,1,0,3.005,0,0,18,303,3,15,0
22-05 14:32:13,19.470,2.247,77.631,0.499,0,4524244,146644,167364,3123284,31584.707,17305.540,0,1869.142,0,74.886,1859,2959,1.750,1.840,1.110,2,0,0,0,0,18,303,3,15,0
22-05 14:32:14,5.747,1.749,91.208,0.750,0,4524612,145944,167444,3123480,128331.096,9145.802,0,1223.438,0,72.967,1690,2674,1.690,1.830,1.110,2,0,0,0,0,18,304,3,15,0
22-05 14:32:15,15.530,1.252,81.658,0.501,0.250,4537140,133120,167532,3123616,35391.553,11081.465,24.047,1021.980,4.008,42.082,1539,2310,1.690,1.830,1.110,1,0,0,0,0,18,304,3,15,0
22-05 14:32:16,20.247,1.250,76.989,0.500,0,4543200,126860,167604,3123704,28475.985,16019.741,0,1527.785,0,65.991,1946,2929,1.690,1.830,1.110,0,0,2.000,0,0,18,304,3,15,0
22-05 14:32:17,8.763,1.001,89.383,0.250,0,4548196,136080,167636,3109476,201641.841,8458.578,0,2303.425,0,87.130,1730,2342,1.690,1.830,1.110,3,0,0,0,0,18,304,3,15,0
22-05 14:32:18,4.483,0.747,93.406,0.747,0,4548420,135604,167784,3109512,48852.879,9016.755,0,1040.165,0,53.802,1549,2301,1.690,1.830,1.110,1,0,0,0,0,18,304,3,15,0
22-05 14:32:19,7.019,0.752,89.749,1.003,0.251,4548592,134876,167968,3109756,97565.549,13690.965,24.067,1532.249,4.011,75.209,1654,2305,1.550,1.800,1.110,2,0,0,0,0,18,304,3,15,0
22-05 14:32:20,16.526,0.751,81.376,0.501,0.250,4548868,134400,168044,3109876,30912.884,10142.711,76.118,1017.576,6.009,42.065,1568,2200,1.550,1.800,1.110,1,0,0,0,0,18,304,3,15,0
22-05 14:32:21,12.226,2.745,83.333,0,0,4540160,129104,168080,3123776,2522420.115,44643.623,43.912,1369.259,6.986,13.972,3347,3312,1.550,1.800,1.110,1,0,2.994,0,0,18,304,3,15,0
22-05 14:32:22,8.011,3.255,85.118,0.751,0,4548484,134732,168124,3110060,7409809.044,78400.054,16.022,38177.104,3.004,423.589,5739,5272,1.550,1.800,1.110,1,0,1.001,0,0,18,304,3,15,0
22-05 14:32:23,8.475,2.991,84.004,0.997,0,4544032,143892,168240,3105148,8590787.175,84607.270,219.358,18354.259,18.945,142.583,5568,5202,1.550,1.800,1.110,1,0,6.980,0,0,18,304,4,15,0
22-05 14:32:24,23.331,3.010,72.000,1.756,0,4553828,133972,168536,3104556,193860.471,4533.750,76.265,12864.692,6.021,259.903,2420,3539,1.510,1.780,1.110,1,0,2.007,0,0,18,304,4,15,0
22-05 14:32:25,19.431,6.477,70.999,1.246,0,4550516,133296,171736,3101380,7292.266,1614.303,23.916,37200.719,2.989,287.984,2231,2959,1.510,1.780,1.110,1,0,0,0,0,18,304,4,15,0
22-05 14:32:26,22.295,5.261,70.641,1.253,0,4550768,146276,172428,3086064,6771.536,1589.177,0,2521.040,0,114.228,1907,2784,1.510,1.780,1.110,2,0,2.004,0,0,18,304,4,15,0
22-05 14:32:27,21.193,5.236,72.055,0.997,0,4550784,126092,173376,3102524,7511.688,1603.664,0,2313.744,0,88.760,1752,2716,1.510,1.780,1.110,3,0,0,0,0,18,304,4,15,0
22-05 14:32:28,26.842,6.272,65.977,0.502,0.251,4552836,133976,174728,3089592,8565.508,1625.600,0,2067.121,0,38.131,2119,5067,1.510,1.780,1.110,1,0,34.118,0,0,18,304,4,15,0
22-05 14:32:29,19.691,3.739,73.781,1.246,0,4550064,128652,175784,3094636,85430.017,2937.268,55.834,2480.625,0.997,90.730,1962,2628,1.470,1.770,1.110,2,0,0,0,0,18,305,4,15,0
22-05 14:32:30,22.019,4.004,73.065,0,0,4511224,200296,175800,3061816,13134.624,3046.696,236.209,11886.520,16.014,38.034,1573,2089,1.470,1.770,1.110,2,0,6.005,0,0,18,302,4,15,0
22-05 14:32:31,24.067,5.766,69.194,0.251,0,4528076,181500,175884,3063560,8074.601,1694.744,4.011,1941.434,1.003,59.166,9150,18051,1.470,1.770,1.110,2,0,12.034,0,0,18,302,4,13,0
22-05 14:32:32,24.764,3.252,70.790,0,0,4518960,190532,175884,3063644,6089.483,1620.927,0,1913.094,0,18.010,2410,4381,1.470,1.770,1.110,1,0,5.003,0,0,18,302,4,13,0
22-05 14:32:33,27.978,6.745,63.451,0.250,0,4510808,198344,175884,3063976,6554.933,1552.800,0,615.524,0,44.965,9326,19158,1.470,1.770,1.110,1,0,7.994,0,0,18,302,4,15,0
22-05 14:32:34,26.010,2.751,70.526,0,0,4492564,215352,176196,3064808,9259.445,1620.603,428.159,1056.393,10.004,56.021,1804,2725,1.510,1.770,1.110,2,0,6.002,0,0,18,302,4,15,0
22-05 14:32:35,24.903,3.735,69.977,1.245,0.249,4507148,197320,176304,3067536,7510.716,1559.918,808.846,1908.559,33.868,84.670,3920,7590,1.510,1.770,1.110,2,0,0,0,0,18,307,4,19,0
22-05 14:32:36,24.847,6.024,65.506,2.008,0,4466524,237424,176304,3068052,10669.751,1626.364,554.168,7047.577,29.114,720.821,5266,8962,1.510,1.770,1.110,1,0,86.338,0,0,18,304,4,21,0
22-05 14:32:37,10.723,19.202,69.575,0.499,0.249,4475144,227728,176304,3069128,16326.873,1615.929,945.618,570.563,13.965,35.910,3520,5351,1.510,1.770,1.110,1,0,346.128,0,0,18,304,4,20,0
22-05 14:32:38,7.251,4.750,71.505,14.501,0,4458012,208916,176312,3105052,10902.796,1694.124,35994.628,568.041,2287.167,20.001,4158,6733,1.510,1.770,1.110,1,1,19.001,0,0,18,304,4,20,0
22-05 14:32:39,7.254,3.252,81.289,7.504,0,4457664,203124,176316,3111172,7952.857,2714.316,5998.909,3617.755,1155.560,135.066,3950,4863,1.390,1.750,1.100,2,0,6.003,0,0,18,305,4,20,0
22-05 14:32:40,2.246,0.499,96.085,0,0,4458164,202620,176316,3111176,45371.143,4702.930,0,0,0,0,1095,1786,1.390,1.750,1.100,1,0,0,0,0,18,305,4,20,0
22-05 14:32:41,9.500,3.000,86.250,0.250,0,4459452,199940,176348,3112496,17495.930,3689.985,1215.995,687.997,40.000,14.000,1446,2266,1.390,1.750,1.100,3,0,17.000,0,0,18,304,4,15,0
22-05 14:32:42,17.530,8.264,72.124,1.002,0,4494916,148368,176360,3128504,7577.010,1622.786,13423.047,0,275.473,0,3199,5431,1.390,1.750,1.100,2,0,55.095,0,0,18,304,4,15,0
22-05 14:32:43,21.485,5.996,70.951,1.749,0.250,4532304,129800,176384,3109840,8920.836,2620.189,2514.263,479.669,145.899,33.977,2286,3413,1.390,1.750,1.100,2,0,4.997,0,0,18,305,4,14,0
22-05 14:32:44,21.063,2.508,75.727,0.502,0,4509960,151032,176504,3110684,149832.197,5949.838,152.457,834.502,10.030,30.090,3737,6571,1.360,1.730,1.100,2,0,6.018,0,0,18,304,4,14,0
22-05 14:32:45,44.390,7.232,46.385,0,0.249,4527884,132988,176504,3110780,8439.147,1616.007,857.880,0,9.975,0,10160,19939,1.360,1.730,1.100,2,0,9.975,0,0,18,304,4,13,0
22-05 14:32:46,30.212,3.246,64.669,0.250,0,4503148,157436,176508,3111056,7997.939,1691.872,287.638,910.854,5.992,78.901,2453,3725,1.360,1.730,1.100,2,0,9.987,0,0,18,304,4,13,0
22-05 14:32:47,14.749,1.000,82.994,0.250,0,4503588,155484,176620,3112424,777216.149,20417.612,0,1743.881,0,49.997,1892,2340,1.360,1.730,1.100,1,0,2.000,0,0,18,306,4,13,0
22-05 14:32:48,14.300,1.254,83.040,0.502,0,4505400,151228,176780,3114604,1305846.545,20531.800,0,2183.636,0,25.088,2001,2488,1.360,1.730,1.100,1,0,2.007,0,0,18,306,4,13,0
22-05 14:32:49,8.982,2.245,86.823,0.499,0,4513352,132528,176900,3125128,5511810.953,35152.430,0,6151.476,0,40.917,2876,2569,1.250,1.700,1.100,1,0,3.992,0,0,18,306,4,13,0
22-05 14:32:50,7.746,1.999,90.457,0.250,0.250,4512988,131632,177020,3126220,634225.377,8799.829,3.998,1167.447,1.000,17.991,1545,2162,1.250,1.700,1.100,2,0,2.999,0,0,18,306,4,13,0
22-05 14:32:51,6.742,0.749,90.647,0.499,0,4512612,131408,177120,3126684,275379.792,7072.930,0,807.079,0,17.979,1449,2280,1.250,1.700,1.100,2,0,1.998,0,0,18,306,4,13,0
22-05 14:32:52,6.751,1.500,89.515,0.750,0.250,4513012,130244,177292,3127184,297711.825,9424.546,0,2568.421,0,261.043,1802,2503,1.250,1.700,1.100,5,0,2.000,0,0,18,306,4,13,0
22-05 14:32:53,9.514,2.253,86.632,0.501,0,4513272,127948,177336,3129052,1026984.016,15822.050,0,2519.830,0,61.093,2096,3127,1.250,1.700,1.100,1,0,6.009,0,0,18,306,4,13,0
22-05 14:32:54,9.738,1.498,86.890,0.749,0,4516436,123300,177360,3130412,785728.910,11997.775,0,2157.262,0,78.900,2004,2964,1.230,1.690,1.100,1,0,2.996,0,0,18,306,4,13,0
22-05 14:32:55,4.997,1.249,90.698,0.500,0,4511144,133636,177516,3125172,950977.090,10629.909,0,6476.289,0,191.890,1757,2331,1.230,1.690,1.100,0,0,3.998,0,0,18,306,4,13,0
22-05 14:32:56,12.047,3.012,84.077,0.502,0.251,4531452,134516,177572,3104344,620379.656,6113.776,0,1228.779,0,29.113,1784,2718,1.230,1.690,1.100,3,0,5.020,0,0,18,306,4,13,0
22-05 14:32:57,22.170,0.996,75.230,0,0,4502276,163492,177576,3104536,236673.867,7713.294,0,526.110,0,34.875,1586,1965,1.230,1.690,1.100,1,0,0,0,0,18,306,4,13,0
22-05 14:32:58,21.013,1.251,76.299,0.500,0,4523768,135448,177636,3110960,3430318.683,27898.744,0,4158.645,0,23.015,2667,2520,1.230,1.690,1.100,2,0,2.001,0,0,18,306,4,13,0
22-05 14:32:59,6.254,1.501,91.309,0.250,0,4523008,134328,177776,3112632,971473.543,11983.753,0,1524.987,0,21.014,1728,2121,1.130,1.660,1.090,1,0,3.002,0,0,18,306,4,13,0
22-05 14:33:00,6.992,4.495,86.397,0.499,0,4526292,129352,177884,3114144,816769.777,9490.668,0,137320.040,0,1042.755,4037,5722,1.130,1.660,1.090,1,0,2.996,0,0,18,306,4,13,0
22-05 14:33:01,9.490,2.997,85.411,0.499,0,4520588,155432,177880,3094668,11880819.425,48668.190,0,11763.719,0,20.978,3856,2477,1.130,1.660,1.090,2,0,1.998,0,0,18,306,4,13,0
22-05 14:33:02,15.507,1.501,82.288,0.250,0,4528532,143432,177904,3098652,2278262.392,18488.597,0,2673.243,0,16.007,2177,2396,1.130,1.660,1.090,6,0,2.001,0,0,18,306,4,13,0
22-05 14:33:03,20.327,1.004,77.041,0.502,0.251,4529932,140100,178080,3100328,1100557.308,18415.648,0,2172.215,0,49.186,2280,2963,1.130,1.660,1.090,1,0,3.011,0,0,18,306,4,13,0
22-05 14:33:04,21.209,2.495,74.107,0.749,0,4537792,165528,178080,3068368,12730465.280,52075.286,0,12994.868,0,57.888,4033,2096,1.200,1.670,1.090,1,0,1.996,0,0,18,306,4,13,0
22-05 14:33:05,9.499,1.000,87.986,0.500,0,4538640,163604,178240,3069200,470498.543,10107.443,0,1631.749,0,102.984,1630,2149,1.200,1.670,1.090,1,0,2.000,0,0,18,306,4,13,0
22-05 14:33:06,13.781,1.253,84.439,0.501,0,4540932,160168,178464,3070052,492618.451,14771.117,0,1739.901,0,48.108,1945,2983,1.200,1.670,1.090,0,0,4.009,0,0,18,306,4,13,0
22-05 14:33:07,10.218,1.246,85.985,0.748,0,4545956,148400,178668,3076496,3411867.389,19245.627,0,4625.730,0,57.822,2332,2629,1.200,1.670,1.090,2,0,2.991,0,0,18,306,4,13,0
22-05 14:33:08,19.249,1.000,78.245,0.500,0,4564724,127340,178816,3078556,359297.724,6859.575,995.938,879.945,10.999,17.999,1561,2205,1.200,1.670,1.090,2,0,4.000,0,0,18,306,4,13,0
22-05 14:33:09,16.266,0.500,82.579,0,0,4535956,156080,178856,3078544,59441.707,4703.487,0,308.294,0,7.007,1296,1858,1.100,1.640,1.090,1,0,0,0,0,18,306,4,13,0
22-05 14:33:10,7.249,1.250,90.484,0.250,0,4536564,154568,178968,3079272,342696.343,10339.170,0,967.829,0,20.996,1456,2102,1.100,1.640,1.090,1,0,2.000,0,0,18,306,4,13,0
22-05 14:33:11,9.508,1.752,87.575,0.250,0.500,4538528,151572,179056,3080184,513114.305,9229.956,0,960.828,0,15.013,1480,2175,1.100,1.640,1.090,1,0,1.001,0,0,18,306,4,13,0
22-05 14:33:12,12.495,1.249,83.965,0.500,0,4540388,147076,179252,3082544,1244397.575,16377.203,0,2219.079,0,32.986,1722,2284,1.100,1.640,1.090,2,0,2.999,0,0,18,306,4,13,0
22-05 14:33:13,14.240,0.749,82.942,0.500,0.250,4542096,144556,179412,3083128,361982.802,12696.049,0,1466.966,0,61.956,2058,3041,1.100,1.640,1.090,1,0,1.999,0,0,18,308,4,13,0
22-05 14:33:14,13.222,1.247,83.825,0.748,0,4545904,136800,179624,3086784,1965262.601,18586.155,0,3233.243,0,52.889,2027,2431,1.100,1.630,1.090,2,0,1.996,0,0,18,308,4,13,0
22-05 14:33:15,13.781,1.002,83.437,0.251,0,4546700,134392,179776,3088132,773495.630,16930.925,0,1579.538,0,27.061,1915,2334,1.100,1.630,1.090,2,0,3.007,0,0,18,308,4,13,0
22-05 14:33:16,18.478,1.249,79.155,0.499,0,4547748,132432,179884,3088936,449210.397,9850.190,15.981,1618.060,0.999,118.857,2060,3087,1.100,1.630,1.090,3,0,4.994,0,0,18,308,4,13,0
22-05 14:33:17,23.248,1.500,74.745,1.000,0,4548252,130752,180000,3089924,489334.279,9882.279,0,4499.672,0,198.985,2149,2922,1.100,1.630,1.090,1,0,3.000,0,0,18,308,4,13,0
22-05 14:33:18,18.502,1.500,77.258,0.500,0,4554924,135408,180120,3078476,1588527.561,19333.088,0,2284.247,0,26.003,2053,2476,1.100,1.630,1.090,4,0,2.000,0,0,18,308,4,13,0
22-05 14:33:19,24.273,2.252,72.820,0,0,4575144,136824,180176,3056728,38063.541,3567.425,0,232.223,0,7.007,1383,1879,1.090,1.620,1.090,2,0,1.001,0,0,18,308,4,13,0
22-05 14:33:20,27.316,2.757,70.670,0,0,4584496,127272,180204,3056868,7878.941,1698.082,0,40.096,0,2.005,5786,11171,1.090,1.620,1.090,2,0,5.012,0,0,18,308,4,13,0
22-05 14:33:21,26.506,2.250,69.515,0.250,0,4586848,138640,180188,3043188,10394.193,1620.342,0,264.056,0,54.011,7523,15527,1.090,1.620,1.090,3,0,1.000,0,0,18,308,4,13,0
22-05 14:33:22,22.244,4.999,71.479,0,0,4581616,139696,181260,3044484,11246.727,1457.576,51.985,19.994,4.999,4.999,2911,4915,1.090,1.620,1.090,3,0,3.999,0,0,18,308,4,13,0
22-05 14:33:23,26.457,7.987,62.897,0,0,4594552,140560,181484,3030196,9684.079,1617.341,15.974,2148.468,1.997,25.957,23196,48122,1.090,1.620,1.090,4,0,7.987,0,0,18,308,4,13,0
22-05 14:33:24,22.247,8.249,67.492,0.500,0,4598408,128384,182828,3034744,7345.133,1619.809,27.997,2131.748,4.999,21.997,13928,33590,1.080,1.610,1.090,1,0,0,0,0,18,308,4,13,0
22-05 14:33:25,24.005,3.751,71.516,0,0.250,4566828,188172,182852,3008980,8045.770,1620.356,0,8.002,0,2.000,2216,3665,1.080,1.610,1.090,2,0,1.000,0,0,18,308,4,13,0
22-05 14:33:26,26.224,1.998,70.681,0,0,4573552,180644,182876,3009760,8593.587,1618.416,0,1086.936,0,11.988,1549,2306,1.080,1.610,1.090,3,0,1.998,0,0,18,308,4,13,0
22-05 14:33:27,26.004,2.500,72.262,0,0.500,4572260,182216,182888,3009468,7937.333,1620.272,0,12.002,0,3.001,1394,2010,1.080,1.610,1.090,4,0,2.000,0,0,18,308,4,13,0
22-05 14:33:28,29.340,3.511,66.455,0,0,4572360,181968,182900,3009604,6584.306,1536.739,0,4.012,0,1.003,2292,4339,1.080,1.610,1.090,3,0,35.108,0,0,18,308,4,14,0
22-05 14:33:29,26.234,0.750,72.205,0,0,4576048,178216,182900,3009668,79749.917,1618.983,0,7.995,0,1.999,1349,1674,1.070,1.600,1.090,1,0,0,0,0,18,308,4,14,0
22-05 14:33:30,25.505,1.000,72.264,0,0,4562448,183332,182900,3018120,7011.388,1620.321,0,872.173,0,32.006,1381,1979,1.070,1.600,1.090,1,0,0,0,0,18,308,4,13,0
22-05 14:33:31,23.000,2.500,71.499,1.500,0,4560508,161420,183188,3039196,14961.835,1619.982,0,27323.699,0,338.996,2118,2966,1.070,1.600,1.090,1,0,0,0,0,18,308,4,13,0
22-05 14:33:32,22.899,2.489,71.934,0.747,0,4560572,139772,184224,3056940,6796.138,1612.913,0,1947.443,0,117.484,1696,2424,1.070,1.600,1.090,2,0,0,0,0,18,308,4,13,0
22-05 14:33:33,24.104,3.264,70.806,0.753,0.251,4545960,135456,184972,3073476,8874.400,1669.223,0,2442.569,0,74.322,1797,2855,1.070,1.600,1.090,1,0,0,0,0,18,308,4,13,0
22-05 14:33:34,24.210,2.995,71.630,0.749,0,4547512,134712,185568,3070600,7557.372,1617.297,0,1956.730,0,74.875,1701,2506,1.070,1.590,1.090,2,0,0,0,0,18,308,4,11,0
22-05 14:33:35,25.022,6.756,67.308,0.751,0,4545232,137472,188896,3062852,8813.606,1533.323,0,2109.821,0,72.062,2692,4654,1.070,1.590,1.090,2,0,0,0,0,18,308,4,13,0
22-05 14:33:36,23.440,5.237,70.319,0.499,0,4548276,139612,191060,3053068,9798.846,1615.852,0,20786.641,0,96.752,1863,2912,1.070,1.590,1.090,2,0,1.995,0,0,18,308,4,6,0
22-05 14:33:37,21.028,5.257,71.345,1.001,0,4541884,143232,192124,3054416,11675.517,1622.156,0,3160.200,0,147.196,1903,2621,1.070,1.590,1.090,1,0,0,0,0,18,308,4,6,0
22-05 14:33:38,22.218,4.993,71.897,0.499,0,4543400,148580,193096,3044368,13003.392,1617.685,0,2164.902,0,47.931,1669,2479,1.070,1.590,1.090,2,0,0,0,0,18,308,4,3,0
22-05 14:33:39,21.315,8.275,67.957,1.755,0,4543904,139500,194660,3049468,9119.742,1624.943,132.403,164079.129,3.009,744.264,3366,4599,1.060,1.580,1.090,2,0,0,0,0,18,308,4,3,0
22-05 14:33:40,20.746,6.249,71.487,0.500,0,4543944,131108,196272,3053064,10688.065,1619.707,0,1167.789,0,30.994,1481,2196,1.060,1.580,1.090,1,0,0,0,0,18,308,4,3,0
22-05 14:33:41,24.158,3.487,71.229,0,0,4552456,135036,196468,3039916,7808.321,1613.866,0,0,0,0,1425,2170,1.060,1.580,1.090,2,0,0,0,0,18,308,4,3,0
22-05 14:33:42,25.260,2.001,71.530,0,0.250,4550500,144000,196564,3033172,9938.124,1458.605,0,0,0,0,1376,1983,1.060,1.580,1.090,2,0,0,0,0,18,308,4,3,0
22-05 14:33:43,25.535,2.253,70.846,0.250,0,4573472,173040,196864,2980304,9234.550,1970.678,0,3244.409,0,27.037,1680,2584,1.060,1.580,1.090,1,0,0,0,0,18,306,4,3,0
22-05 14:33:44,26.832,8.526,60.685,2.257,0,4491816,248648,196868,2986228,14820.083,1699.169,5946.088,154879.142,74.226,547.666,13506,25421,1.220,1.600,1.100,2,0,8.024,0,0,18,306,4,3,0
22-05 14:33:45,41.843,7.223,49.813,0.498,0,4487220,253124,196996,2986224,9942.774,1687.681,1219.434,1422.674,37.858,108.593,2051,2304,1.220,1.600,1.100,4,0,11.955,0,0,18,306,4,3,0
22-05 14:33:46,33.784,11.011,52.303,0,0.250,4513180,226816,196996,2986572,10188.300,1621.639,256.259,652.660,2.002,14.014,34761,73962,1.220,1.600,1.100,3,0,6.006,0,0,18,306,4,3,0
22-05 14:33:47,23.019,3.753,72.311,0,0.250,4513560,226396,196996,2986612,8411.091,1695.429,0,496.418,0,22.019,1486,2064,1.220,1.600,1.100,4,0,7.006,0,0,18,306,4,3,0
22-05 14:33:48,61.943,7.993,29.973,0,0,4128860,610684,196996,2987008,14588.637,2093.083,91.916,371.660,2.997,28.973,2542,3647,1.220,1.600,1.100,4,0,17.984,0,0,18,278,4,8,0
22-05 14:33:49,76.725,13.540,9.277,0.251,0,4194388,544756,196996,2987400,7088.770,1624.761,385.128,0,13.038,0,2792,4050,1.520,1.660,1.120,6,0,4.012,0,0,18,274,4,8,0
22-05 14:33:50,83.997,14.499,1.250,0.250,0.250,4359468,378472,196996,2988604,8427.671,1457.943,867.966,1735.932,70.997,276.989,3307,4031,1.520,1.660,1.120,6,0,5.000,0,0,18,276,4,8,0
22-05 14:33:51,75.000,11.250,12.750,0.250,0,4429724,304160,196996,2992660,9591.981,1693.997,515.999,1091.998,79.000,47.000,11273,21860,1.520,1.660,1.120,3,0,3.000,0,0,18,284,4,18,0
22-05 14:33:52,26.051,6.203,66.243,0,0,4436100,297608,196996,2992836,20225.196,1607.695,0,59.544,0,0.992,2566,4077,1.520,1.660,1.120,3,0,0,0,0,18,282,4,19,0
22-05 14:33:53,26.192,3.778,69.762,0,0.252,4444464,289208,196996,2992876,7420.459,1859.648,36.266,386.839,4.030,31.229,2458,3914,1.520,1.660,1.120,1,0,2.015,0,0,18,280,5,19,0
22-05 14:33:54,26.500,3.000,69.250,0.250,0,4499640,234020,196996,2992888,13458.067,1694.008,8.000,212.001,1.000,15.000,2172,3385,1.480,1.650,1.120,1,0,1.000,0,0,18,282,5,19,0
22-05 14:33:55,19.467,4.243,75.621,0.499,0,4559776,172308,196996,2994464,136317.715,65595.226,363.381,6397.099,8.985,320.454,5499,8903,1.480,1.650,1.120,2,0,1.997,0,0,18,282,5,24,0
22-05 14:33:56,13.485,3.496,81.908,0,0,4575528,156460,196996,2994560,146074.812,66426.337,31.964,143.838,2.997,11.987,3456,5228,1.480,1.650,1.120,2,0,2.997,0,0,18,286,5,24,0
22-05 14:33:57,10.510,1.752,86.584,0.250,0,4578600,153224,196996,2994724,48818.158,19973.294,0,628.607,0,62.060,3310,6726,1.480,1.650,1.120,1,0,1.001,0,0,18,290,5,24,0
22-05 14:33:58,2.745,0.998,94.339,0,0,4482968,248856,196996,2994720,8784.995,1701.095,0,67.884,0,8.985,1746,3024,1.480,1.650,1.120,1,0,0,0,0,18,279,5,25,0
22-05 14:33:59,2.002,0.751,96.613,0,0.250,4483192,248632,196996,2994720,82796.955,1621.899,0,0,0,0,1251,1784,1.360,1.620,1.110,2,0,0,0,0,18,279,5,25,0
22-05 14:34:00,1.500,1.000,95.487,0.750,0,4483192,248632,196996,2994720,9760.682,1767.761,0,5703.230,0,688.907,2370,2105,1.360,1.620,1.110,1,0,0,0,0,18,279,5,25,0
22-05 14:34:01,2.498,0.750,95.939,0.250,0.250,4483188,248632,196996,2994724,8554.576,1618.974,0,95.939,0,9.994,1260,2018,1.360,1.620,1.110,1,0,0,0,0,18,279,5,25,0
22-05 14:34:02,2.000,0.750,96.493,0,0,4483188,248632,196996,2994724,9837.262,1619.879,0,0,0,0,1128,1822,1.360,1.620,1.110,1,0,0,0,0,18,279,5,25,0
22-05 14:34:03,2.753,1.001,96.364,0,0,4483188,248632,196996,2994724,6609.846,1621.925,0,76.090,0,12.014,1257,2124,1.360,1.620,1.110,1,0,0,0,0,18,279,5,25,0
22-05 14:34:04,2.001,0.500,96.294,0,0.250,4483188,248632,196996,2994724,7443.417,1620.744,0,196.090,0,15.007,1117,1798,1.250,1.590,1.100,1,0,0,0,0,18,279,5,25,0
22-05 14:34:05,1.748,0.749,96.905,0,0,4483188,248632,196996,2994724,9001.215,1456.578,0,0,0,0,1092,1722,1.250,1.590,1.100,1,0,0,0,0,18,279,5,25,0
22-05 14:34:06,2.001,0.750,96.061,0,0,4483188,248632,196996,2994724,14849.429,1621.029,0,0,0,0,1203,1819,1.250,1.590,1.100,2,0,2.001,0,0,18,279,5,25,0
22-05 14:34:07,3.245,1.248,94.847,0.250,0,4483676,248140,196996,2994728,9326.909,1617.383,0,223.638,0,34.943,1659,2741,1.250,1.590,1.100,1,0,0,0,0,18,279,5,25,0
22-05 14:34:08,1.751,0.500,96.543,0.250,0,4483676,248140,196996,2994728,12899.715,1694.751,0,340.151,0,23.010,1198,1914,1.250,1.590,1.100,1,0,0,0,0,18,279,5,25,0
22-05 14:34:09,1.752,0.751,96.606,0,0,4483676,248140,196996,2994728,8795.640,1789.962,0,4.004,0,1.001,1076,1744,1.150,1.570,1.100,1,0,0,0,0,18,279,5,25,0
22-05 14:34:10,2.500,1.500,95.489,0,0,4486356,245620,196996,2994728,7929.064,1619.809,0,32844.124,0,84.990,1380,2063,1.150,1.570,1.100,1,0,0,0,0,18,279,5,25,0
22-05 14:34:11,1.500,0.750,96.529,0,0,4486356,245620,196996,2994728,7272.160,1620.481,0,0,0,0,1113,1778,1.150,1.570,1.100,1,0,0,0,0,18,279,5,25,0
22-05 14:34:12,2.250,0,96.256,0,0.250,4486356,245620,196996,2994728,9714.593,1512.092,0,0,0,0,1071,1752,1.150,1.570,1.100,1,0,0,0,0,18,279,5,25,0
22-05 14:34:13,8.497,11.996,78.721,0,0,4496900,235048,196996,2994756,9932.365,1607.412,15.994,907.668,2.999,18.993,3072,4968,1.150,1.570,1.100,1,0,341.875,0,0,18,279,5,25,0
22-05 14:34:14,10.513,17.522,71.089,0,0,4508600,223312,196996,2994792,12153.167,1622.024,0,284.355,0,20.025,3969,7310,1.060,1.540,1.090,1,0,573.716,0,0,18,279,5,25,0
22-05 14:34:15,9.752,19.504,68.763,0,0,4514908,216068,196996,2995728,11932.243,1620.305,1012.190,35974.763,16.003,162.030,4284,7116,1.060,1.540,1.090,1,0,563.106,0,0,18,279,5,25,0
22-05 14:34:16,11.007,16.760,69.541,0.250,0,4514544,216640,196996,2995940,9067.395,1695.009,20.012,664.395,1.001,14.008,4244,7101,1.060,1.540,1.090,3,0,555.330,0,0,18,279,5,25,0
22-05 14:34:17,13.465,3.241,81.037,0.249,0.249,4515672,214460,197008,2996980,8520.582,2267.035,394.961,410.919,8.976,42.887,2889,4945,1.060,1.540,1.090,2,0,45.879,0,0,18,280,5,25,0
22-05 14:34:18,1.749,0.749,95.674,0,0,4515568,214236,197008,2997308,358139.637,9532.431,0,0,0,0,1427,1924,1.060,1.540,1.090,1,0,0,0,0,18,280,5,25,0
22-05 14:34:19,2.501,1.251,93.296,0,0.250,4516540,211968,197008,2998604,1377653.673,31227.270,0,0,0,0,2420,2509,0.970,1.510,1.080,1,0,0,0,0,18,280,5,25,0
22-05 14:34:20,2.000,1.250,96.491,0,0.250,4517004,211268,197008,2998840,253513.930,7771.293,0,2567.766,0,33.997,1425,2069,0.970,1.510,1.080,2,0,0,0,0,18,280,5,25,0
22-05 14:34:21,2.497,0.999,96.121,0.250,0,4516936,211268,197008,2998908,82563.200,3013.955,0,531.287,0,112.849,1413,1843,0.970,1.510,1.080,1,0,0,0,0,18,280,5,25,0
22-05 14:34:22,2.500,1.500,93.983,0,0,4517328,210568,197008,2999216,335704.916,8986.418,0,0,0,0,1433,1938,0.970,1.510,1.080,1,0,0,0,0,18,280,5,25,0
22-05 14:34:23,4.007,1.252,93.172,0.501,0,4517692,209616,197008,2999804,617466.461,15574.767,0,641.184,0,40.074,2051,2910,0.970,1.510,1.080,2,0,0,0,0,18,280,5,25,0
22-05 14:34:24,3.501,1.000,94.781,0,0,4517456,209616,197008,3000040,256685.910,7771.510,0,1520.491,0,26.008,1507,2341,0.890,1.490,1.080,1,0,0,0,0,18,280,5,25,0
22-05 14:34:25,2.997,0.999,94.400,0,0,4520536,206340,197008,3000236,204877.649,5020.698,0,195.793,0,2.997,1270,1941,0.890,1.490,1.080,1,0,0,0,0,18,280,5,25,0
22-05 14:34:26,3.250,0.750,94.498,0,0,4521036,205584,197008,3000492,312787.868,6181.839,0,235.994,0,12.000,1462,2203,0.890,1.490,1.080,1,0,2.000,0,0,18,280,5,25,0
22-05 14:34:27,3.755,1.502,93.126,0.501,0,4520788,205584,197012,3000736,187841.210,4596.196,0,2443.294,0,145.196,2203,3480,0.890,1.490,1.080,1,0,0,0,0,18,280,5,25,0
22-05 14:34:28,7.243,2.747,88.909,0.499,0,4522536,203596,197016,3000972,250389.601,4539.352,3.996,803.178,0.999,35.963,1947,4082,0.890,1.490,1.080,4,0,33.965,0,0,18,279,5,27,0
22-05 14:34:29,14.788,11.529,68.925,3.258,0.251,4542364,159728,197320,3024520,81182.610,1624.133,5088.951,23195.031,198.505,869.212,8246,13524,0.900,1.480,1.080,5,0,89.227,0,0,18,279,5,26,0
22-05 14:34:30,12.994,14.493,68.719,3.748,0,4540652,155132,197564,3029668,6365.085,1619.258,3.998,13425.851,1.000,1319.396,6334,10304,0.900,1.480,1.080,1,0,118.946,0,0,18,279,5,26,0
22-05 14:34:31,24.200,6.986,67.361,0.748,0.249,4555524,139656,197588,3030188,11406.525,1616.673,3.992,1556.796,0.998,102.788,2805,3713,0.900,1.480,1.080,3,0,65.864,0,0,18,279,5,26,0
22-05 14:34:32,23.546,8.016,67.631,0.751,0,4557600,136208,197796,3031108,7316.164,1589.076,0,1619.135,0,90.175,2716,3693,0.900,1.480,1.080,1,0,60.116,0,0,18,279,5,26,0
22-05 14:34:33,23.780,7.509,67.836,0.250,0,4563588,127188,197964,3033568,8795.117,1696.144,0,1481.873,0,74.094,2591,3617,0.900,1.480,1.080,1,0,48.061,0,0,18,279,5,26,0
22-05 14:34:34,15.501,11.501,70.506,2.250,0,4556780,138024,197296,3029612,7240.666,1640.151,2432.224,4732.435,546.050,128.012,2727,3763,0.910,1.470,1.080,1,0,27.002,0,0,18,279,5,26,0
22-05 14:34:35,17.726,9.737,71.404,0.250,0,4564868,140920,197244,3019816,8222.965,1617.829,11.984,59.920,0.999,6.991,1993,2686,0.910,1.470,1.080,1,0,45.938,0,0,18,279,5,24,0
22-05 14:34:36,26.276,18.768,51.050,1.501,0.250,4408440,278956,197588,3038020,9377.227,1621.596,21525.181,204.201,273.269,5.005,5728,9408,0.910,1.470,1.080,4,2,143.141,0,0,18,271,0,30,0
22-05 14:34:37,53.780,6.504,39.022,0.250,0,4328452,358284,197608,3038680,10375.852,1847.042,232.131,428.242,21.012,39.022,2379,3189,0.910,1.470,1.080,2,0,10.006,0,0,18,273,1,30,0
22-05 14:34:38,47.126,8.976,43.635,0.249,0,4397308,289016,197608,3039200,13983.210,1689.555,59.843,0,14.961,0,2121,3590,0.910,1.470,1.080,2,0,28.924,0,0,18,281,1,34,0
22-05 14:34:39,23.740,7.996,65.721,0.250,0.250,4183292,553960,197616,2989464,12944.292,1511.334,607.732,11.995,23.989,2.999,2190,3103,0.840,1.450,1.070,1,0,31.986,0,0,18,273,1,38,0
22-05 14:34:40,2.248,0.999,95.917,0,0,4183516,553736,197616,2989464,9713.578,1692.533,0,707.387,0,21.981,1196,1904,0.840,1.450,1.070,1,0,0,0,0,18,273,1,38,0
22-05 14:34:41,2.500,0.500,95.493,0,0,4183516,553736,197616,2989464,6283.548,1619.883,0,195.986,0,12.999,1169,1953,0.840,1.450,1.070,1,0,0,0,0,18,273,1,38,0
22-05 14:34:42,2.755,0.751,95.669,0,0,4183512,553736,197616,2989468,7681.550,1622.863,0,0,0,0,1060,1727,0.840,1.450,1.070,2,0,0,0,0,18,273,1,38,0
22-05 14:34:43,3.499,0.750,93.477,0.250,0,4183736,553512,197616,2989468,9407.648,1565.609,0,383.904,0,24.994,1661,2701,0.840,1.450,1.070,2,0,0,0,0,18,273,1,38,0
22-05 14:34:44,2.751,1.000,95.544,0.250,0,4183956,553288,197616,2989472,7287.367,1694.783,0,264.122,0,18.008,1107,1824,0.840,1.450,1.070,2,0,0,0,0,18,273,1,38,0
22-05 14:34:45,1.248,0.499,96.619,0,0,4183956,553288,197616,2989472,8658.242,1659.746,0,3.995,0,0.999,1063,1739,0.770,1.420,1.070,1,0,0,0,0,18,273,1,38,0
22-05 14:34:46,3.499,2.000,93.985,0.250,0,4184452,552792,197616,2989472,9138.501,1737.715,0,383.937,0,16.997,1531,2477,0.770,1.420,1.070,1,0,2.000,0,0,18,273,2,38,0
22-05 14:34:47,16.003,2.250,80.766,0.500,0,4184416,552792,197616,2989508,13128.613,1620.322,0,1136.226,0,130.026,3070,5490,0.770,1.420,1.070,1,0,0,0,0,18,273,2,38,0
22-05 14:34:48,1.750,1.000,96.981,0,0,4184400,552792,197616,2989524,8836.286,1693.671,0,103.980,0,6.999,1085,1844,0.770,1.420,1.070,1,0,0,0,0,18,273,2,38,0
22-05 14:34:49,1.250,0.750,97.276,0,0.250,4184400,552792,197616,2989524,9217.452,1620.431,0,104.028,0,7.002,1079,1811,0.770,1.420,1.070,1,0,0,0,0,18,273,2,38,0
22-05 14:34:50,2.249,0.750,96.438,0.500,0.250,4184400,552792,197616,2989524,6951.558,1638.953,0,463.704,0,31.980,1126,1906,0.710,1.400,1.060,0,0,0,0,0,18,273,2,33,0
22-05 14:34:51,1.753,0,95.910,0.250,0,4184400,552792,197616,2989524,6186.306,1664.774,0,3217.360,0,306.511,1435,1956,0.710,1.400,1.060,1,0,0,0,0,18,273,2,33,0
22-05 14:34:52,1.749,0.500,95.678,0.749,0,4184400,552792,197616,2989524,10949.810,1734.702,0,3145.647,0,380.715,1774,1831,0.710,1.400,1.060,1,0,0,0,0,18,273,2,22,0
22-05 14:34:53,1.998,0.999,95.658,0.250,0.250,4184400,552792,197616,2989524,7652.608,1510.541,0,159.846,0,18.982,1316,2238,0.710,1.400,1.060,1,0,0,0,0,18,273,2,22,0
22-05 14:34:54,2.502,0.751,96.319,0,0,4184400,552792,197616,2989524,10981.852,1695.212,0,176.126,0,11.008,1108,1854,0.710,1.400,1.060,1,0,0,0,0,18,273,2,22,0
22-05 14:34:55,1.752,0.751,96.115,0,0,4184400,552792,197616,2989524,7951.494,1621.937,0,32.038,0,4.005,1071,1742,0.650,1.370,1.050,1,0,0,0,0,18,273,2,22,0
22-05 14:34:56,2.497,0.499,96.117,0,0,4184652,552540,197616,2989524,8220.655,1843.456,0,0,0,0,1262,1988,0.650,1.370,1.050,2,0,1.997,0,0,18,273,3,17,0
22-05 14:34:57,3.998,0.999,93.196,0.500,0,4184640,552540,197616,2989536,9866.238,1734.987,0,451.736,0,71.958,2010,3345,0.650,1.370,1.050,1,0,0.999,0,0,18,273,3,17,0
22-05 14:34:58,1.250,1.000,96.037,0.250,0,4184640,552540,197616,2989536,7528.921,1566.608,0,428.166,0,31.012,1186,1942,0.650,1.370,1.050,1,0,0,0,0,18,273,3,17,0
22-05 14:34:59,1.502,0.250,97.109,0,0,4184640,552540,197616,2989536,80249.800,1513.694,0,0,0,0,1173,1722,0.650,1.370,1.050,1,0,0,0,0,18,273,3,17,0
22-05 14:35:00,5.001,0.750,93.768,0,0,4184632,552540,197616,2989544,27942.253,10816.033,0,0,0,0,1351,1997,0.600,1.350,1.050,1,0,0,0,0,18,273,3,16,0
22-05 14:35:01,1.498,1.498,96.151,0,0.250,4184632,552540,197616,2989544,7608.133,1618.327,0,767.207,0,4.995,1134,1806,0.600,1.350,1.050,1,0,0,0,0,18,273,3,16,0
22-05 14:35:02,2.503,0.501,96.623,0,0,4184632,552540,197616,2989544,6532.303,1696.156,0,4.005,0,1.001,1097,1779,0.600,1.350,1.050,1,0,0,0,0,18,273,3,16,0
22-05 14:35:03,3.247,0.999,94.909,0.250,0,4184620,552540,197616,2989556,7149.123,1618.443,0,303.708,0,31.969,1428,2362,0.600,1.350,1.050,1,0,0,0,0,18,275,3,16,0
22-05 14:35:04,1.500,1.000,96.013,0,0,4184616,552540,197616,2989560,9431.292,1694.232,0,240.033,0,21.003,1146,1809,0.600,1.350,1.050,1,0,0,0,0,18,275,3,16,0
22-05 14:35:05,1.249,0.750,97.189,0,0,4184616,552540,197616,2989560,7535.283,1618.987,0,0,0,0,1070,1713,0.550,1.330,1.040,1,0,0,0,0,18,275,3,16,0
22-05 14:35:06,1.751,1.000,94.783,0.250,0,4185060,552092,197620,2989560,8927.107,1684.586,0,49605.263,0,51.018,1321,2051,0.550,1.330,1.040,1,0,2.001,0,0,18,275,4,16,0
22-05 14:35:07,3.503,1.001,94.838,0.500,0,4185076,552092,197620,2989556,7677.132,1621.506,0,1541.432,0,197.183,1976,2664,0.550,1.330,1.040,1,0,3.003,0,0,18,275,4,16,0
22-05 14:35:08,1.496,0.997,96.240,0.249,0.249,4185076,552092,197620,2989556,7108.820,1763.243,0,343.074,0,23.935,1064,1703,0.550,1.330,1.040,0,0,0,0,0,18,275,4,16,0
22-05 14:35:09,9.515,2.754,85.383,0.501,0,4208484,527648,197648,2990564,11694.278,1716.683,1033.616,8.013,90.141,1.002,1301,1975,0.550,1.330,1.040,2,0,5.008,0,0,18,275,4,16,0
22-05 14:35:10,24.825,3.761,71.465,0.251,0.251,4206712,527664,198348,2991112,7829.520,1699.104,714.145,798.398,40.121,13.039,2703,4846,0.590,1.320,1.040,1,0,5.015,0,0,18,279,4,16,0
22-05 14:35:11,25.212,2.746,71.393,0.250,0,4216452,517764,198348,2991272,9138.256,1617.567,15.976,115.826,0.998,14.977,1933,3025,0.590,1.320,1.040,2,0,4.992,0,0,18,283,4,17,0
22-05 14:35:12,24.761,3.001,71.281,0.250,0,4232624,501564,198348,2991300,9227.986,1694.732,0,224.097,0,20.009,2065,3203,0.590,1.320,1.040,5,0,5.002,0,0,18,283,4,17,0
22-05 14:35:13,23.469,4.494,70.156,0.250,0,4206244,527872,198348,2991372,9962.650,1497.993,31.957,391.475,1.997,50.932,2681,4264,0.590,1.320,1.040,2,0,9.987,0,0,18,283,4,18,0
22-05 14:35:14,32.328,5.263,61.649,0.752,0,4207916,526060,198348,2991512,18089.650,1698.098,0,1655.996,0,112.271,2473,3535,0.590,1.320,1.040,3,0,19.046,0,0,18,283,4,18,0
22-05 14:35:15,41.517,6.253,51.020,0,0.250,3991544,742416,198348,2991440,15342.152,1620.650,0,12.005,0,2.001,1580,1742,0.780,1.350,1.050,3,0,4.002,0,0,18,275,4,20,0
22-05 14:35:16,73.788,13.168,12.422,0,0,4011804,721976,198348,2991732,10530.050,1609.917,3.975,159.004,0.994,17.888,2275,2935,0.780,1.350,1.050,5,0,7.950,0,0,18,271,4,20,0
22-05 14:35:17,83.765,13.332,1.006,0.755,0,3993380,738680,198356,2993516,9110.054,1630.030,1046.439,2189.472,124.768,115.712,4015,7137,0.780,1.350,1.050,4,0,6.037,0,0,18,265,4,20,0
22-05 14:35:18,64.045,6.505,28.770,0.250,0.250,4095300,634356,198356,2995908,8343.816,1695.182,196.137,4771.326,12.008,554.386,6860,11605,0.780,1.350,1.050,3,0,3.002,0,0,18,265,4,25,0
22-05 14:35:19,37.458,6.243,55.188,0.250,0,4102932,625724,198356,2996924,128128.215,62167.750,3.995,299.661,0.999,31.964,5248,8072,0.780,1.350,1.050,2,0,7.991,0,0,18,261,4,31,0
22-05 14:35:20,33.506,5.251,60.761,0,0,4171812,556760,198356,2997008,151213.521,70058.751,172.031,156.028,23.004,8.001,2746,2925,0.960,1.380,1.060,2,0,1.000,0,0,18,264,4,31,1
22-05 14:35:21,22.173,3.737,72.250,0.498,0,4181088,546204,198356,2998288,90123.533,38479.017,31.890,601.920,5.979,45.842,6456,11697,0.960,1.380,1.060,1,0,2.990,0,0,18,273,4,35,0
22-05 14:35:22,2.753,0.751,95.854,0,0,4180952,546204,198356,2998424,7446.057,1695.835,0,192.208,0,1.001,1184,1836,0.960,1.380,1.060,1,0,0,0,0,18,273,4,35,0
22-05 14:35:23,3.251,1.251,92.039,1.751,0.250,4181396,545756,198356,2998428,10142.270,1846.777,0,9351.937,0,838.353,3169,2970,0.960,1.380,1.060,2,0,0,0,0,18,273,5,35,0
22-05 14:35:24,2.749,0.500,95.723,0.250,0,4181392,545756,198356,2998432,8433.647,1693.528,0,507.858,0,39.989,1250,2054,0.960,1.380,1.060,2,0,0,0,0,18,273,5,35,0
22-05 14:35:25,1.998,1.248,95.632,0.250,0,4181600,545532,198356,2998416,8761.154,1617.997,0,155.807,0,8.989,1374,2388,0.960,1.370,1.060,1,0,0,0,0,18,273,5,35,0
22-05 14:35:26,2.251,1.500,95.526,0,0,4182100,545032,198356,2998416,9288.536,1532.418,0,204.056,0,18.005,1336,2100,0.960,1.370,1.060,3,0,2.001,0,0,18,273,5,35,0
22-05 14:35:27,2.499,0.500,96.479,0,0.250,4182352,544780,198356,2998416,9176.009,1661.639,0,1107.760,0,125.973,1297,1781,0.960,1.370,1.060,1,0,0,0,0,18,273,5,35,0
22-05 14:35:28,7.001,3.000,89.510,0,0,4185444,541684,198356,2998488,10945.226,1694.190,0,0,0,0,1765,3251,0.960,1.370,1.060,1,0,34.004,0,0,18,273,5,36,0
22-05 14:35:29,2.252,0.500,96.570,0,0,4185676,541532,198356,2998420,81481.074,1621.175,0,0,0,0,1218,1746,0.960,1.370,1.060,1,0,0,0,0,18,273,5,34,0
22-05 14:35:30,2.249,0.500,96.446,0,0.250,4185676,541532,198356,2998420,10366.164,1693.047,0,0,0,0,1033,1703,1.050,1.380,1.070,1,0,0,0,0,18,273,5,34,0
22-05 14:35:31,3.506,1.252,94.665,0.250,0,4186428,540776,198356,2998424,6010.470,1622.827,0,144.251,0,21.037,1449,2495,1.050,1.380,1.070,1,0,0,0,0,18,273,5,34,0
22-05 14:35:32,4.989,0.499,93.790,0.249,0,4186896,540272,198356,2998460,11145.013,1454.738,31.928,283.365,1.996,19.955,1428,2259,1.050,1.380,1.070,1,0,0,0,0,18,273,5,34,0
22-05 14:35:33,2.504,0.751,95.906,0,0,4186888,540272,198356,2998468,6847.154,1622.643,0,108.176,0,13.021,1338,2225,1.050,1.380,1.070,1,0,0,0,0,18,273,5,34,0
22-05 14:35:34,1.748,0.749,96.379,0,0,4186888,540272,198356,2998468,7862.109,1617.965,0,0,0,0,1067,1714,1.050,1.380,1.070,1,0,0,0,0,18,273,5,34,0
22-05 14:35:35,2.999,0.750,96.212,0,0,4186888,540272,198356,2998468,8446.664,1619.360,0,0,0,0,1136,1839,1.120,1.390,1.070,2,0,0,0,0,18,273,5,34,0
22-05 14:35:36,5.261,2.505,90.446,0,0,4187532,539520,198356,2998576,9873.386,1623.517,0,288.625,0,21.046,2192,4139,1.120,1.390,1.070,1,0,2.004,0,0,18,273,5,36,0
22-05 14:35:37,1.999,0.500,96.466,0,0,4187516,539520,198356,2998592,9992.503,1619.433,0,0,0,0,1207,1815,1.120,1.390,1.070,1,0,0,0,0,18,273,5,30,0
22-05 14:35:38,1.747,0.499,96.849,0,0,4187516,539520,198356,2998592,11334.285,1765.241,0,0,0,0,1145,1797,1.120,1.390,1.070,1,0,0,0,0,18,273,5,30,0
22-05 14:35:39,16.757,8.253,73.781,0.250,0,3957544,768936,198500,2998928,10560.425,1696.711,448.188,184.077,27.011,21.009,2501,4220,1.120,1.390,1.070,3,0,74.031,0,0,18,218,5,34,0
22-05 14:35:40,43.474,7.995,47.471,0,0.250,4019172,707312,198500,2998940,7713.318,1970.804,0,267.837,0,13.992,1585,2132,1.270,1.420,1.080,5,0,0,0,0,18,218,5,34,0
22-05 14:35:41,47.440,9.789,43.424,0,0,3912068,813888,198504,2999464,7578.344,2022.096,0,473.897,0,35.141,2656,4719,1.270,1.420,1.080,4,0,5.020,0,0,17,209,5,36,0
22-05 14:35:42,29.643,6.975,62.275,0.498,0.249,3816708,909244,198504,2999464,8511.317,1793.534,7.971,446.391,1.993,26.903,1686,2651,1.270,1.420,1.080,2,0,7.971,0,0,17,201,5,40,0
22-05 14:35:43,25.006,3.251,70.517,0.500,0,3855080,870184,198504,3000168,7943.883,1620.384,388.092,124.029,60.014,12.003,1975,3426,1.270,1.420,1.080,2,0,0,0,0,17,201,5,40,0
22-05 14:35:44,25.501,2.000,71.003,0.500,0,3890360,834064,198504,3001008,13308.652,1704.084,604.030,392.019,69.003,19.001,1771,2402,1.270,1.420,1.080,2,0,0,0,0,17,203,5,40,0
22-05 14:35:45,25.783,1.752,71.591,0,0,3954488,769936,198504,3001008,9546.085,1762.231,0,4.005,0,1.001,1283,1687,1.330,1.430,1.090,3,0,0,0,0,17,203,5,40,0
22-05 14:35:46,47.331,11.269,40.820,0.751,0,4013588,707640,198504,3004220,8138.006,1622.793,941.621,853.469,94.162,115.198,4819,18016,1.330,1.430,1.090,1,0,8.014,0,0,18,228,5,50,0
22-05 14:35:47,10.975,1.497,86.057,0,0.249,4027824,693316,198504,3004308,9420.888,1454.740,31.928,1089.558,1.996,69.843,1910,3579,1.330,1.430,1.090,1,0,0,0,0,18,228,5,51,0
22-05 14:35:48,2.496,0.749,94.583,0.998,0,4028496,692644,198504,3004308,10972.677,1617.152,0,7203.315,0,605.933,1718,2026,1.330,1.430,1.090,2,0,0,0,0,18,228,5,51,0
22-05 14:35:49,3.503,0.751,96.069,0,0,4028512,692644,198504,3004308,11384.128,1711.222,0,0,0,0,1246,1908,1.330,1.430,1.090,1,0,0,0,0,18,228,5,51,0
22-05 14:35:50,1.000,0.750,96.767,0,0,4028512,692644,198504,3004308,8421.474,1620.284,0,0,0,0,1097,1765,1.220,1.410,1.080,2,0,0,0,0,18,228,5,51,0
22-05 14:35:51,3.505,0.501,94.636,0.250,0,4028508,692644,198504,3004312,11522.535,1696.434,0,160.230,0,24.034,1618,2608,1.220,1.410,1.080,1,0,0,0,0,18,228,5,51,0
22-05 14:35:52,1.249,0.999,96.440,0.250,0,4028504,692644,198508,3004312,13500.630,1618.996,0,299.814,0,23.985,1185,1967,1.220,1.410,1.080,2,0,0,0,0,18,228,5,51,0
22-05 14:35:53,2.997,1.249,94.411,0.250,0,4029336,691888,198508,3004312,9105.377,1618.467,0,667.368,0,39.962,1705,2723,1.220,1.410,1.080,1,0,3.996,0,0,18,228,5,51,0
22-05 14:35:54,2.003,1.252,96.386,0.501,0,4029332,691888,198508,3004316,8337.731,1728.432,0,3665.157,0,310.437,1600,1899,1.220,1.410,1.080,1,0,0,0,0,18,228,5,51,0
22-05 14:35:55,1.750,0.750,96.737,0,0,4029332,691888,198508,3004316,8418.847,1565.785,0,0,0,0,1104,1809,1.130,1.380,1.080,2,0,0,0,0,18,228,5,51,0
22-05 14:35:56,8.019,1.754,89.208,0.501,0,4038608,682564,198508,3004364,7593.747,1665.893,32.075,400.937,1.002,54.126,1865,3276,1.130,1.380,1.080,2,0,4.009,0,0,18,240,5,51,0
22-05 14:35:57,29.645,2.242,69.004,0,0.249,4064784,656356,198508,3004392,7658.750,1614.256,31.887,565.986,2.989,36.869,2188,3624,1.130,1.380,1.080,2,0,0,0,0,18,240,5,51,0
22-05 14:35:58,1.500,0.750,96.528,0,0,4064764,656356,198508,3004412,10500.993,1620.462,0,0,0,0,1116,1909,1.130,1.380,1.080,1,0,0,0,0,18,240,5,51,0
22-05 14:35:59,2.001,0.250,97.560,0,0,4064988,656132,198508,3004412,86699.754,1711.061,0,36.022,0,4.002,1255,1846,1.130,1.380,1.080,2,0,0,0,0,18,240,5,51,0
22-05 14:36:00,0.749,0.250,96.922,0,0,4064988,656132,198508,3004412,8219.424,1618.705,0,0,0,0,1064,1794,1.040,1.360,1.070,1,0,0,0,0,18,240,5,51,0
22-05 14:36:01,2.499,1.249,94.448,0.250,0.500,4065236,655880,198508,3004416,8275.482,1693.076,0,319.825,0,49.973,1612,2728,1.040,1.360,1.070,1,0,1.999,0,0,18,244,5,51,0
22-05 14:36:02,1.500,0.500,95.758,0.500,0,4065236,655880,198508,3004416,7374.619,1458.122,0,2252.189,0,118.010,1363,2337,1.040,1.360,1.070,1,0,0,0,0,18,244,5,51,0
22-05 14:36:03,3.254,0.751,95.112,0,0,4065236,655880,198508,3004416,7210.487,1621.909,0,608.716,0,91.107,1364,2272,1.040,1.360,1.070,1,0,0,0,0,18,244,5,51,0
22-05 14:36:04,2.501,0.500,96.778,0.250,0.250,4065236,655880,198508,3004416,10575.024,1662.475,0,200.057,0,15.004,1144,1861,1.040,1.360,1.070,1,0,0,0,0,18,244,5,51,0
22-05 14:36:05,1.999,0.750,96.959,0,0,4065236,655880,198508,3004416,8234.550,1619.322,0,0,0,0,1099,1764,0.950,1.340,1.070,1,0,0,0,0,18,244,5,51,0
22-05 14:36:06,2.500,1.000,95.487,0,0,4065976,655128,198508,3004428,9320.779,1619.788,0,99.987,0,11.998,1343,2290,0.950,1.340,1.070,2,0,2.000,0,0,18,244,5,51,0
22-05 14:36:07,2.253,0.501,96.618,0,0,4066480,654624,198508,3004428,8616.564,1621.989,0,404.496,0,38.047,1477,2681,0.950,1.340,1.070,1,0,1.001,0,0,18,246,5,51,0
22-05 14:36:08,1.748,0.999,96.638,0,0,4066476,654624,198508,3004432,9149.423,1618.129,0,0,0,0,1123,1866,0.950,1.340,1.070,1,0,0,0,0,18,246,5,51,0
22-05 14:36:09,1.750,0.250,96.232,0,0,4066348,654624,198508,3004560,11065.986,1695.691,0,3.999,0,1.000,1131,1841,0.950,1.340,1.070,1,0,0,0,0,18,246,5,51,0
22-05 14:36:10,2.251,0.250,97.297,0,0,4066348,654624,198508,3004560,12343.937,1566.754,0,0,0,0,1118,1814,0.880,1.310,1.060,1,0,0,0,0,18,246,5,51,0
22-05 14:36:11,2.999,0.750,94.713,0.500,0,4066348,654624,198508,3004560,7698.982,1619.365,0,163.936,0,23.991,1480,2611,0.880,1.310,1.060,1,0,0,0,0,18,246,5,51,0
22-05 14:36:12,12.499,14.499,71.746,0,0,4108108,612844,198508,3004580,7927.556,1833.897,0,291.984,0,20.999,3106,5013,0.880,1.310,1.060,2,0,350.980,0,0,18,246,5,50,0
22-05 14:36:13,25.023,2.752,71.314,0,0,4151948,568996,198508,3004588,8843.960,1621.459,0,100.090,0,13.012,1904,3132,0.880,1.310,1.060,2,0,0,0,0,18,250,5,50,0
22-05 14:36:14,26.999,2.750,67.996,1.000,0,4181804,539008,198512,3004716,10997.428,1619.916,67.996,2735.858,7.000,175.991,3151,5350,0.880,1.310,1.060,6,0,2.000,0,0,18,253,5,50,0
22-05 14:36:15,25.291,4.007,69.113,0.250,0,4160684,559792,198516,3005048,8966.625,1622.647,64.105,368.601,5.008,53.087,2729,4737,1.130,1.360,1.080,1,0,21.034,0,0,18,255,5,60,0
22-05 14:36:16,13.989,14.488,70.194,0.250,0,4127544,592908,198516,3005072,11392.863,1510.788,0,415.667,0,21.982,3452,5545,1.130,1.360,1.080,1,0,322.741,0,0,18,251,5,60,0
22-05 14:36:17,16.738,9.493,72.197,0.250,0,4167896,552336,198520,3005288,42264.935,2566.114,135.900,19.985,19.985,2.998,2448,4011,1.130,1.360,1.080,2,0,190.860,0,0,18,251,5,60,0
22-05 14:36:18,23.296,4.258,72.392,0,0,4221476,496672,198644,3007044,8168.058,1569.085,24.047,8.016,4.008,1.002,1259,1964,1.130,1.360,1.080,1,0,2.004,0,0,18,251,5,56,0
22-05 14:36:19,23.654,3.735,71.709,0.249,0,4218352,498124,198724,3008404,11764.237,1613.449,0,2438.101,0,124.495,1696,2313,1.130,1.360,1.080,2,0,2.988,0,0,18,251,5,56,0
22-05 14:36:20,27.346,2.760,68.240,0.502,0.251,4229492,486560,198728,3008828,15534.526,1625.706,44.155,790.776,4.014,64.225,4507,8472,1.200,1.370,1.080,1,0,0,0,0,18,255,5,51,0
22-05 14:36:21,30.009,3.001,63.769,1.751,0,4248492,466400,198728,3009992,16436.783,4371.272,864.251,2368.689,66.019,259.075,4082,7159,1.200,1.370,1.080,2,0,4.001,0,0,18,262,5,54,0
22-05 14:36:22,15.448,1.993,80.975,0.747,0.249,4252572,461892,198728,3010420,17119.827,4274.475,191.350,984.654,9.966,145.506,3397,5895,1.200,1.370,1.080,1,0,1.993,0,0,18,261,5,51,0
22-05 14:36:23,7.759,1.752,87.857,1.502,0.250,4254900,459372,198728,3010608,15561.939,3728.538,16.019,3448.196,1.001,248.302,2783,4899,1.200,1.370,1.080,2,0,0,0,0,18,261,5,51,0
22-05 14:36:24,8.741,0.999,88.163,0.999,0,4256324,457888,198728,3010668,19472.878,8045.100,63.937,5027.063,3.996,611.400,3520,4639,1.200,1.370,1.080,2,0,0,0,0,18,262,5,52,0
22-05 14:36:25,10.759,2.502,84.572,0.751,0,4261856,452120,198728,3010904,19300.405,6586.599,0,1973.678,0,141.120,3075,5797,1.260,1.380,1.090,3,0,2.002,0,0,18,265,5,53,0
22-05 14:36:26,28.561,4.510,65.640,1.503,0,4281100,432716,198728,3011064,10536.400,1569.336,16.034,2164.602,1.002,239.509,4660,9097,1.260,1.380,1.090,3,0,5.011,0,0,18,271,5,56,0
22-05 14:36:27,13.714,1.995,81.287,1.247,0,4282256,431204,198732,3011412,11059.047,4351.607,15.958,2629.117,0.997,244.360,3725,6680,1.260,1.380,1.090,2,0,0,0,0,18,270,5,59,0
22-05 14:36:28,9.745,2.749,86.457,0.750,0.250,4292908,420372,198732,3011936,13778.111,5891.054,0,1231.384,0,118.941,2752,4675,1.260,1.380,1.090,3,0,11.994,0,0,18,271,5,59,0
22-05 14:36:29,19.271,4.255,75.583,0.751,0,4289076,424144,198732,3011652,96582.468,8691.491,0,1801.968,0,140.153,4727,9577,1.260,1.380,1.090,2,0,22.024,0,0,18,274,5,61,0
22-05 14:36:30,25.995,3.499,66.237,2.500,0,4290252,422632,198732,3011988,9464.136,4078.197,0,6958.629,0,575.887,6717,12297,1.240,1.370,1.090,1,0,1.000,0,0,18,275,5,62,0
22-05 14:36:31,8.753,1.751,88.031,1.000,0,4290232,422632,198732,3012008,14583.104,1794.628,0,2304.807,0,186.065,2860,5028,1.240,1.370,1.090,2,0,0,0,0,18,275,5,62,0
22-05 14:36:32,9.733,1.996,87.097,1.248,0,4290836,421876,198732,3012160,17133.947,4352.366,0,1249.808,0,152.732,2817,4988,1.240,1.370,1.090,1,0,0,0,0,18,274,5,63,0
22-05 14:36:33,13.295,1.756,83.283,1.254,0,4291252,421120,198732,3012500,11968.622,4321.668,0,2833.617,0,383.301,3534,5764,1.240,1.370,1.090,0,0,1.003,0,0,18,276,5,65,0
22-05 14:36:34,18.491,1.749,78.211,0.750,0,4295168,416836,198732,3012868,10595.660,3062.457,147.925,895.549,7.996,70.964,2610,4482,1.240,1.370,1.090,0,0,0,0,0,18,277,5,67,0
22-05 14:36:35,5.496,1.499,91.431,0.500,0.250,4295132,416836,198732,3012904,32722.131,11429.314,0,891.323,0,91.930,2195,3747,1.220,1.370,1.090,1,0,0,0,0,18,277,5,67,0
22-05 14:36:36,15.992,2.998,78.209,0.500,0,4296044,415580,198732,3013248,34293.859,12875.189,31.983,1119.408,1.999,125.933,4056,7800,1.220,1.370,1.090,2,0,1.999,0,0,18,277,5,68,0
22-05 14:36:37,10.980,1.497,85.347,0.998,0.250,4296656,414852,198732,3013364,36328.935,12751.163,63.886,1050.119,3.993,120.784,2966,4747,1.220,1.370,1.090,2,0,0,0,0,18,276,5,68,0
22-05 14:36:38,21.778,3.004,72.343,1.001,0.250,4297320,414096,198732,3013456,12514.018,1622.076,0,1349.728,0,160.205,4408,8029,1.220,1.370,1.090,2,0,1.001,0,0,18,279,5,68,0
22-05 14:36:39,27.473,3.996,66.683,0.999,0,4297832,413088,198732,3013952,11362.637,1618.382,0,3840.160,0,297.702,5742,10419,1.220,1.370,1.090,3,0,0,0,0,18,280,5,70,0
22-05 14:36:40,25.296,3.757,67.122,2.004,0.250,4298812,411828,198736,3014228,9104.589,1622.957,0,4784.718,0,357.652,6740,12372,1.200,1.360,1.090,2,0,0,0,0,18,280,5,63,0
22-05 14:36:41,29.000,4.000,64.501,1.750,0,4301256,409056,198744,3014548,8170.139,1566.027,0,3064.052,0,294.005,6095,11411,1.200,1.360,1.090,3,0,2.000,0,0,18,282,5,65,0
22-05 14:36:42,27.060,3.257,67.900,0.752,0,4303640,406284,198744,3014936,12405.428,1623.590,0,1423.147,0,174.386,5205,10038,1.200,1.360,1.090,2,0,1.002,0,0,18,283,5,58,0
22-05 14:36:43,19.882,2.485,74.307,1.491,0,4306420,403008,198744,3015432,8739.936,1610.407,222.674,1578.596,13.917,182.910,5046,8964,1.200,1.360,1.090,1,0,0,0,0,18,282,5,58,0
22-05 14:36:44,12.775,2.505,84.668,0.751,0,4311416,397968,198748,3015472,17410.560,4115.169,0,2865.688,0,238.473,3208,5425,1.200,1.360,1.090,0,0,2.004,0,0,18,287,5,62,0
22-05 14:36:45,5.750,1.250,89.996,2.250,0,4312524,396792,198748,3015540,9703.544,1793.916,63.997,5515.741,4.000,876.959,3240,3261,1.110,1.340,1.080,2,0,0,0,0,18,287,5,63,0
22-05 14:36:46,7.510,2.253,89.120,0.501,0,4312532,396540,198756,3015776,14493.566,4274.771,0,1241.676,0,152.205,2905,4713,1.110,1.340,1.080,2,0,2.003,0,0,18,286,5,63,0
22-05 14:36:47,17.489,2.249,77.951,0.999,0,4313324,395280,198764,3016236,30813.495,13439.493,0,1702.922,0,196.875,3962,6581,1.110,1.340,1.080,1,0,1.999,0,0,18,286,5,57,0
22-05 14:36:48,12.522,2.254,84.399,1.002,0,4316056,392508,198764,3016276,12541.110,3912.898,0,1150.027,0,146.258,2685,4689,1.110,1.340,1.080,2,0,0,0,0,18,286,5,62,0
22-05 14:36:49,8.751,2.250,84.764,2.500,0,4317204,391304,198764,3016332,30846.059,12656.076,0,9557.567,0,411.067,3281,5205,1.110,1.340,1.080,1,0,0,0,0,18,288,5,63,0
22-05 14:36:50,3.743,0.749,92.817,0.998,0,4317312,391080,198764,3016448,7366.459,1864.320,0,5381.377,0,341.326,2140,3516,1.180,1.350,1.090,1,0,0,0,0,18,286,5,63,0
22-05 14:36:51,15.489,1.249,79.444,0.999,0,4317740,390324,198764,3016776,30510.582,12807.009,0,987.307,0,161.886,3191,5645,1.180,1.350,1.090,2,0,0.999,0,0,18,288,5,65,0
22-05 14:36:52,11.997,2.249,85.225,0.500,0,4318604,389316,198764,3016920,8463.546,1661.518,15.995,1627.528,1.000,170.950,2856,5238,1.180,1.350,1.090,1,0,0,0,0,18,288,5,66,0
22-05 14:36:53,12.726,3.992,79.849,1.248,0.749,4322792,385032,198780,3017004,16067.520,4431.593,0,1796.592,0,181.655,3252,5622,1.180,1.350,1.090,1,0,0.998,0,0,18,289,6,69,0
22-05 14:36:54,7.533,2.009,89.895,0.753,0,4322652,385032,198780,3017144,10449.927,1950.573,0,1044.591,0,83.366,1925,3324,1.180,1.350,1.090,3,0,0,0,0,18,289,6,70,0
22-05 14:36:55,10.975,1.497,86.555,0.499,0,4322692,384780,198780,3017356,35255.745,13563.509,0,1201.299,0,135.695,2717,4619,1.240,1.360,1.090,1,0,0,0,0,18,288,6,73,0
22-05 14:36:56,7.002,2.501,89.770,0.500,0,4323660,383772,198780,3017396,8492.936,1694.386,0,1064.243,0,102.023,2163,3594,1.240,1.360,1.090,1,0,2.000,0,0,18,288,6,74,0
22-05 14:36:57,5.258,1.753,91.646,0.250,0,4323896,383520,198780,3017412,13219.111,1696.710,0,853.363,0,71.114,1861,3170,1.240,1.360,1.090,2,0,0,0,0,18,288,6,74,0
22-05 14:36:58,5.509,0.501,92.401,0.250,0,4323864,383520,198780,3017444,8912.572,1618.646,0,629.028,0,57.093,1712,3033,1.240,1.360,1.090,2,0,0,0,0,18,288,6,74,0
22-05 14:36:59,5.477,1.743,91.372,0.249,0,4323844,383520,198780,3017464,81329.216,1655.146,0,593.542,0,58.757,1859,3007,1.240,1.360,1.090,1,0,0,0,0,18,288,6,75,0
22-05 14:37:00,11.017,2.254,85.884,0.751,0,4323964,383268,198780,3017596,18060.192,7117.110,0,2267.540,0,136.213,2547,4492,1.140,1.340,1.080,1,0,0,0,0,18,288,6,77,0
22-05 14:37:01,8.500,1.750,87.502,1.250,0,4323908,383268,198780,3017652,9897.228,3064.070,0,1236.028,0,145.003,2637,5084,1.140,1.340,1.080,2,0,0,0,0,18,290,6,79,0
22-05 14:37:02,6.501,2.750,87.007,2.250,0,4324096,383016,198780,3017716,18654.586,4674.397,0,7072.601,0,543.046,3320,6341,1.140,1.340,1.080,1,0,0,0,0,18,288,6,79,0
22-05 14:37:03,15.480,2.247,80.645,1.248,0.250,4323936,383016,198780,3017876,39263.761,15074.328,0,1617.889,0,202.735,3308,5854,1.140,1.340,1.080,2,0,0,0,0,18,288,6,83,0
22-05 14:37:04,10.766,1.502,86.377,0.501,0,4324312,381756,198780,3018760,6922.141,1696.485,0,1297.901,0,176.258,2896,4992,1.140,1.340,1.080,1,0,0,0,0,18,288,6,85,0
22-05 14:37:05,10.507,2.752,85.808,0.751,0,4324800,381000,198780,3019028,16090.861,4054.737,16.011,1004.678,1.001,137.093,2806,4900,1.050,1.320,1.080,1,0,0,0,0,18,289,6,89,0
22-05 14:37:06,7.986,1.747,88.099,0.749,0,4325048,380748,198780,3019032,16775.214,4436.387,0,1142.040,0,143.753,2527,4441,1.050,1.320,1.080,1,1,1.997,0,0,18,288,6,91,0
22-05 14:37:07,5.252,1.250,92.781,0.500,0,4324864,380748,198780,3019216,8464.853,1694.571,0,824.278,0,75.025,1872,3099,1.050,1.320,1.080,2,0,0,0,0,18,289,6,91,0
22-05 14:37:08,7.502,1.500,89.026,0.750,0.250,4324792,380748,198780,3019288,12750.659,3981.143,0,1212.348,0,138.040,2481,4364,1.050,1.320,1.080,1,0,0,0,0,18,288,6,92,0
22-05 14:37:09,12.263,2.002,84.338,1.001,0.250,4325324,380020,198780,3019484,36860.630,12989.613,0,1253.313,0,154.162,3058,5216,1.050,1.320,1.080,2,0,0,0,0,18,288,6,94,0
22-05 14:37:10,18.743,2.999,74.473,3.499,0,4325188,380020,198780,3019620,10470.220,1693.389,0,6757.561,0,744.731,5065,8010,0.970,1.290,1.070,2,0,0,0,0,18,290,6,95,0
22-05 14:37:11,28.009,4.251,63.021,3.001,0,4326060,378760,198780,3020008,13630.539,1620.540,48.016,8250.747,2.001,670.223,7279,13472,0.970,1.290,1.070,1,0,0,0,0,18,289,6,98,0
22-05 14:37:12,20.207,3.742,73.346,1.497,0,4326628,377752,198780,3020448,8484.132,1528.780,0,2422.897,0,225.525,5010,9416,0.970,1.290,1.070,1,0,0,0,0,18,288,6,98,0
22-05 14:37:13,10.551,1.758,85.914,1.256,0,4327888,376492,198780,3020448,8852.705,1627.853,0,2745.243,0,238.149,3006,5206,0.970,1.290,1.070,1,1,0,0,0,18,288,6,103,0
22-05 14:37:14,3.730,0.746,93.004,0.497,0,4327796,376492,198780,3020540,12515.281,4443.313,0,986.740,0,84.549,1839,3242,0.970,1.290,1.070,2,0,0,0,0,18,288,6,103,0
22-05 14:37:15,8.268,2.255,88.189,1.002,0.251,4327708,376492,198780,3020624,14182.407,4302.224,0,1419.042,0,158.339,2653,4608,0.890,1.270,1.070,1,0,0,0,0,18,288,6,102,0
22-05 14:37:16,12.987,2.997,83.165,0.999,0,4328224,375736,198780,3020864,10316.457,3828.088,0,1654.309,0,180.815,3550,6461,0.890,1.270,1.070,1,0,1.998,0,0,18,288,6,104,0
22-05 14:37:17,9.982,1.497,86.092,0.998,0,4328288,375484,198780,3021052,21791.925,8112.082,0,1285.636,0,142.738,2496,4524,0.890,1.270,1.070,2,0,0,0,0,18,289,6,95,0
22-05 14:37:18,9.809,2.012,86.019,0.755,0,4328536,375232,198780,3021056,20278.421,6474.084,16.097,1275.701,1.006,133.808,2905,5343,0.890,1.270,1.070,2,0,0,0,0,18,289,6,96,0
22-05 14:37:19,30.168,4.239,63.578,0.997,0,4329164,374224,198784,3021432,12492.246,1615.635,0,2449.382,0,277.251,5279,9970,0.890,1.270,1.070,3,0,0,0,0,18,289,6,101,0
22-05 14:37:20,26.255,4.251,68.014,1.750,0.250,4330408,372712,198784,3021700,31802.488,1694.346,0,6801.387,0,465.095,6405,13162,0.900,1.270,1.070,2,0,0,0,0,18,289,6,102,0
22-05 14:37:21,27.536,3.505,64.834,2.503,0,4333068,369716,198784,3022036,8062.465,1622.105,32.042,8154.585,1.001,897.165,6680,11143,0.900,1.270,1.070,1,0,0,0,0,18,290,6,101,0
22-05 14:37:22,27.012,3.752,67.281,1.501,0,4333728,368708,198784,3022384,7227.288,1694.771,0,2845.295,0,269.122,5651,10273,0.900,1.270,1.070,1,0,0,0,0,18,288,6,104,0
22-05 14:37:23,25.738,3.249,67.719,1.000,0,4335188,366948,198784,3022680,9597.671,1619.270,0,2406.914,0,241.891,6050,11493,0.900,1.270,1.070,2,0,1.999,0,0,18,289,6,101,0
22-05 14:37:24,26.282,4.005,66.081,1.252,0,4335216,366696,198784,3022904,9417.555,1662.039,0,1962.408,0,235.289,4984,9276,0.900,1.270,1.070,1,0,0,0,0,18,290,6,105,0
22-05 14:37:25,25.220,5.244,67.669,1.249,0.250,4336940,364680,198784,3023196,8318.101,1564.139,0,2001.618,0,204.756,6099,11523,1.070,1.300,1.080,2,0,0,0,0,18,289,6,105,0
22-05 14:37:26,9.728,2.245,83.557,1.995,0,4337252,364176,198784,3023388,7867.872,1616.276,0,5966.254,0,419.035,3911,6937,1.070,1.300,1.080,1,0,1.995,0,0,18,288,6,105,0
22-05 14:37:27,7.496,1.999,89.951,0.500,0.250,4337424,363924,198784,3023468,9196.988,1619.118,31.983,667.636,0.999,77.958,2269,3827,1.070,1.300,1.080,2,0,0,0,0,18,288,6,99,0
22-05 14:37:28,10.006,2.251,85.800,0.750,0,4337836,363168,198784,3023812,12263.137,4456.594,0,1432.834,0,150.087,2915,5034,1.070,1.300,1.080,2,0,0,0,0,18,288,6,103,0
22-05 14:37:29,15.266,4.755,77.832,0.501,0,4344028,356908,198784,3023848,82232.084,3067.248,0,880.933,0,89.094,3623,6684,1.070,1.300,1.080,1,0,34.036,0,0,18,289,6,109,0
22-05 14:37:30,5.249,1.250,91.737,1.000,0.250,4343824,356908,198784,3024052,38859.560,11436.399,0,1007.859,0,115.984,2493,3882,1.220,1.320,1.090,3,0,0,0,0,18,289,6,107,0
22-05 14:37:31,8.224,1.246,86.976,0.498,0,4343792,356908,198784,3024084,29509.896,10636.442,0,2595.810,0,123.610,2921,4716,1.220,1.320,1.090,1,0,0,0,0,18,288,6,107,0
22-05 14:37:32,12.528,2.005,83.941,0.752,0,4343528,356908,198784,3024348,8806.016,1461.322,0,1258.861,0,141.321,3377,5760,1.220,1.320,1.090,1,0,0,0,0,18,288,6,106,0
22-05 14:37:33,11.762,1.501,85.084,1.001,0,4343692,356656,198784,3024436,15423.315,4284.254,0,1473.463,0,163.162,2969,5162,1.220,1.320,1.090,0,0,0,0,0,18,289,6,111,0
22-05 14:37:34,9.517,1.503,86.901,0.751,0,4344196,356152,198784,3024436,10574.368,1871.250,0,1394.422,0,148.258,2854,4876,1.220,1.320,1.090,2,1,0,0,0,18,288,6,114,0
22-05 14:37:35,4.484,1.246,92.417,0.498,0,4343976,356152,198784,3024656,13899.974,4439.024,0,1713.832,0,166.401,2093,3441,1.120,1.300,1.080,1,0,0,0,0,18,288,6,113,0
22-05 14:37:36,7.242,2.248,89.151,0.999,0,4344444,355652,198784,3024688,14318.121,1618.205,0,1126.750,0,100.888,2187,3496,1.120,1.300,1.080,1,0,1.998,0,0,18,288,6,113,0
22-05 14:37:37,15.277,2.004,81.146,0.250,0,4344408,355400,198784,3024976,11959.527,1697.055,0,705.269,0,64.115,3113,5702,1.120,1.300,1.080,1,0,0,0,0,18,288,6,117,0
22-05 14:37:38,11.506,1.501,84.045,0.750,0,4344860,354896,198784,3025028,19554.462,6001.211,0,1024.548,0,112.060,2820,4598,1.120,1.300,1.080,5,0,0,0,0,18,288,6,122,0
22-05 14:37:39,13.042,3.762,80.257,2.759,0.502,4345268,354420,198784,3025096,34088.082,10704.254,0,7279.294,0,545.746,4908,8014,1.120,1.300,1.080,2,0,0,0,0,18,289,6,122,0
22-05 14:37:40,29.117,3.982,65.701,1.493,0.249,4345472,353916,198784,3025396,12274.092,1612.654,0,2405.045,0,263.798,5098,9486,1.110,1.300,1.080,1,0,0,0,0,18,290,6,121,0
22-05 14:37:41,25.581,4.263,66.209,2.508,0,4346048,352912,198784,3025824,10607.552,1699.375,0,8864.037,0,996.151,7474,12012,1.110,1.300,1.080,2,0,0,0,0,18,290,6,124,0
22-05 14:37:42,9.479,1.746,87.306,0.748,0,4345984,352912,198784,3025888,8321.476,1616.402,0,1524.606,0,145.676,2997,5277,1.110,1.300,1.080,2,0,0,0,0,18,288,6,121,0
22-05 14:37:43,11.497,2.499,84.481,1.250,0,4345764,352912,198784,3026108,11747.357,4384.014,0,1751.606,0,200.955,3570,6001,1.110,1.300,1.080,1,0,0,0,0,18,288,6,126,0
22-05 14:37:44,12.988,2.248,82.422,0.749,0,4346060,352408,198788,3026312,19630.449,7952.485,0,1482.599,0,150.857,3148,5338,1.110,1.300,1.080,2,0,0,0,0,18,289,6,132,0
22-05 14:37:45,4.515,0.502,93.303,0.251,0,4346040,352408,198788,3026332,9888.067,2494.088,0,1079.501,0,85.277,1735,2908,1.020,1.270,1.080,1,0,0,0,0,18,289,6,133,0
22-05 14:37:46,10.479,2.495,84.832,1.248,0,4347236,351148,198788,3026396,30722.201,12617.031,0,2095.852,0,172.658,3184,5287,1.020,1.270,1.080,1,0,1.996,0,0,18,289,6,132,0
22-05 14:37:47,10.251,1.250,86.754,0.250,0,4349324,348880,198788,3026576,45292.265,19546.977,0,1108.055,0,93.005,2527,3922,1.020,1.270,1.080,1,0,0,0,0,18,290,6,136,0
22-05 14:37:48,22.303,3.759,70.417,3.007,0,4349420,348628,198800,3026720,29906.999,11044.219,0,6150.602,0,528.254,6131,10798,1.020,1.270,1.080,2,0,0,0,0,18,290,6,134,0
22-05 14:37:49,27.243,2.999,65.983,1.750,0,4350524,347116,198800,3027128,11988.871,1767.539,0,4174.910,0,346.909,6058,11031,1.020,1.270,1.080,2,0,0,0,0,18,289,6,137,0
22-05 14:37:50,17.961,3.492,76.582,0.998,0.249,4350740,346612,198800,3027416,7064.529,1616.460,0,1931.769,0,170.626,4637,8853,1.180,1.300,1.090,1,0,0,0,0,18,288,6,131,0
22-05 14:37:51,12.273,3.006,82.155,2.004,0.250,4351708,345436,198800,3027624,9921.692,3111.863,0,6163.612,0,681.284,4195,6000,1.180,1.300,1.090,2,0,0,0,0,18,289,6,137,0
22-05 14:37:52,4.000,1.000,93.498,0.250,0,4351704,345436,198800,3027628,27577.366,9137.790,0,731.983,0,43.999,1583,2517,1.180,1.300,1.090,2,0,0,0,0,18,289,6,134,0
22-05 14:37:53,28.274,3.253,65.056,2.002,0,4351412,345436,198800,3027920,11712.131,1621.403,0,2658.299,0,327.283,5848,10623,1.180,1.300,1.090,3,0,0,0,0,18,290,6,138,0
22-05 14:37:54,25.694,4.989,66.107,2.495,0,4352144,344176,198800,3028448,10016.275,1756.191,0,8457.655,0,576.749,7000,12274,1.180,1.300,1.090,4,0,0,0,0,18,289,6,138,0
22-05 14:37:55,19.489,2.998,75.207,0.999,0.250,4357920,338128,198800,3028720,33990.625,13576.262,0,1679.043,0,214.878,4940,8649,1.170,1.300,1.090,1,0,0,0,0,18,288,6,140,0
22-05 14:37:56,11.005,2.001,84.785,1.000,0,4359208,336616,198804,3028940,12417.128,4258.759,0,1292.534,0,147.061,3078,5251,1.170,1.300,1.090,2,0,2.001,0,0,18,289,6,137,0
22-05 14:37:57,8.019,1.754,87.204,0.752,0,4359692,336112,198808,3028956,9606.527,1798.217,32.075,1307.065,1.002,163.383,2673,4492,1.170,1.300,1.090,4,0,0,0,0,18,289,6,137,0
22-05 14:37:58,6.227,0.747,90.171,0.498,0,4359804,335860,198812,3029092,12592.001,4465.687,0,1239.472,0,118.567,2439,4193,1.170,1.300,1.090,1,0,0,0,0,18,288,6,138,0
22-05 14:37:59,15.489,2.248,80.941,1.249,0,4359592,335860,198812,3029304,85338.215,4242.928,0,1494.918,0,195.858,3204,5714,1.170,1.300,1.090,1,0,0,0,0,18,288,6,139,0
22-05 14:38:00,14.513,2.252,81.073,0.751,0,4359492,335608,198812,3029656,18537.684,3835.452,0,1072.966,0,81.073,2592,4458,1.070,1.280,1.080,1,1,0,0,0,18,288,6,138,0
22-05 14:38:01,8.269,2.004,88.699,0.501,0.251,4359468,335608,198812,3029680,29469.983,10693.944,0,1379.088,0,164.368,2704,4700,1.070,1.280,1.080,1,0,0,0,0,18,289,6,138,0
22-05 14:38:02,8.982,0.998,88.824,0.749,0,4359652,335356,198812,3029748,34136.478,12930.424,0,1365.299,0,140.722,2499,4367,1.070,1.280,1.080,1,0,0,0,0,18,288,6,137,0
22-05 14:38:03,11.737,2.497,83.654,0.999,0,4361992,332836,198812,3029928,31897.573,12891.278,0,1869.865,0,196.775,3454,5885,1.070,1.280,1.080,1,0,0,0,0,18,288,6,137,0
22-05 14:38:04,9.248,2.499,86.230,0.750,0,4362180,332584,198812,3029992,31870.510,12902.968,0,1479.652,0,166.961,2857,5185,1.070,1.280,1.080,1,0,0,0,0,18,288,6,131,0
22-05 14:38:05,17.826,1.758,76.578,2.009,0,4362228,332332,198812,3030196,10486.905,1701.285,0,6511.884,0,493.112,4759,8768,0.990,1.250,1.070,2,0,0,0,0,18,290,6,133,0
22-05 14:38:06,27.905,3.488,65.526,1.495,0,4362716,331576,198816,3030460,8365.457,1453.042,0,2547.309,0,276.058,5515,10165,0.990,1.250,1.070,2,0,1.993,0,0,18,289,6,131,0
22-05 14:38:07,24.763,4.002,68.286,1.251,0,4363840,330064,198816,3030848,9148.876,1620.864,96.051,1965.047,5.003,222.118,5766,10992,0.990,1.250,1.070,2,0,0,0,0,18,289,6,132,0
22-05 14:38:08,25.991,5.248,66.227,1.499,0,4364076,329308,198816,3031368,10556.358,1619.441,0,2347.190,0,248.914,5074,10372,0.990,1.250,1.070,4,0,0,0,0,18,290,6,133,0
22-05 14:38:09,26.963,3.246,67.657,1.248,0.250,4365020,328048,198816,3031684,11184.621,1711.646,0,2057.171,0,226.688,5297,10588,0.990,1.250,1.070,2,0,0,0,0,18,289,6,136,0
22-05 14:38:10,20.255,3.501,74.267,1.500,0.250,4366260,326536,198816,3031956,13575.190,4367.026,0,2196.516,0,249.059,5225,10194,0.990,1.250,1.070,2,0,0,0,0,18,288,6,135,0
22-05 14:38:11,9.000,2.500,84.249,2.750,0.250,4366328,326284,198816,3032140,15583.766,4284.936,0,7395.889,0,550.992,4232,7315,0.990,1.250,1.070,1,0,0,0,0,18,288,6,135,0
22-05 14:38:12,8.040,1.256,87.430,3.015,0,4366804,325808,198816,3032140,7583.302,1628.008,0,8710.849,0,916.508,3021,3989,0.990,1.250,1.070,2,0,0,0,0,18,289,6,135,0
22-05 14:38:13,5.238,1.497,92.047,0.748,0,4366708,325808,198816,3032236,22530.433,4187.787,0,1037.717,0,119.737,2444,4090,0.990,1.250,1.070,1,0,0,0,0,18,288,6,133,0
22-05 14:38:14,6.745,1.999,90.435,0.749,0,4367264,325080,198820,3032404,13351.387,3829.243,0,975.298,0,97.929,2214,3930,0.990,1.250,1.070,1,0,0,0,0,18,288,6,133,0
22-05 14:38:15,8.494,2.248,86.939,0.500,0,4367148,325080,198820,3032520,13396.582,4281.990,0,1119.213,0,119.916,2656,4487,0.910,1.230,1.070,1,0,0,0,0,18,288,6,127,0
22-05 14:38:16,8.986,1.997,87.865,0.998,0,4367440,324336,198820,3032956,10878.345,3826.142,0,1082.343,0,113.826,2700,4499,0.910,1.230,1.070,1,0,1.997,0,0,18,288,6,127,0
22-05 14:38:17,9.254,1.751,87.789,0.500,0,4367740,323832,198820,3033160,14492.362,4286.882,0,2517.105,0,119.052,2562,4395,0.910,1.230,1.070,1,0,0,0,0,18,288,6,125,0
22-05 14:38:18,6.761,2.254,90.393,0.501,0,4367740,323832,198820,3033160,11180.688,3838.072,0,889.407,0,95.151,2099,3716,0.910,1.230,1.070,1,0,0,0,0,18,288,6,125,0
22-05 14:38:19,5.760,0.751,91.908,0.250,0,4367652,323832,198820,3033248,6883.868,1622.798,0,797.375,0,62.107,1866,3230,0.910,1.230,1.070,3,0,0,0,0,18,289,6,122,0
22-05 14:38:20,6.244,1.249,90.161,0.999,0.250,4367584,323832,198820,3033316,13294.918,4118.947,0,1138.879,0,128.873,2424,4067,0.840,1.210,1.060,1,0,0,0,0,18,288,6,122,0
22-05 14:38:21,8.992,2.248,85.922,1.748,0,4367508,323832,198820,3033392,17672.953,3828.524,0,5970.579,0,423.615,3824,6361,0.840,1.210,1.060,1,0,0,0,0,18,288,6,115,0
22-05 14:38:22,11.505,1.251,86.039,0.750,0,4367712,323328,198820,3033692,17438.935,3833.744,0,1144.521,0,129.059,3111,5375,0.840,1.210,1.060,1,0,0,0,0,18,288,6,116,0
22-05 14:38:23,9.984,2.995,84.114,1.248,0,4369292,321564,198836,3033864,29819.752,12213.239,0,1541.506,0,141.771,3475,5410,0.840,1.210,1.060,1,0,0.998,0,0,18,289,7,112,0
22-05 14:38:24,10.530,2.256,85.241,1.003,0,4369248,321564,198836,3033908,12970.707,2650.501,0,1107.133,0,110.312,3228,6176,0.840,1.210,1.060,2,0,0,0,0,18,290,7,112,0
22-05 14:38:25,30.493,3.749,64.235,1.250,0.250,4369476,321060,198836,3034184,7544.220,1619.618,0,2567.394,0,314.926,5154,10598,0.930,1.220,1.070,1,1,0,0,0,18,289,7,111,0
22-05 14:38:26,26.303,4.760,67.386,1.002,0,4370456,319800,198840,3034460,8338.853,1697.431,0,3202.472,0,295.597,6038,11914,0.930,1.220,1.070,5,0,2.004,0,0,18,287,7,112,0
22-05 14:38:27,3.488,0.997,92.932,0.997,0.249,4370252,319800,198840,3034664,7904.910,1506.836,15.945,1550.686,0.997,112.614,1865,3237,0.930,1.220,1.070,1,0,0,0,0,18,288,7,111,0
22-05 14:38:28,14.733,2.497,81.408,1.249,0,4370852,319044,198844,3034816,7451.580,1690.090,0,2117.607,0,262.703,3799,7286,0.930,1.220,1.070,1,0,0,0,0,18,288,7,112,0
22-05 14:38:29,19.047,6.767,71.926,2.005,0,4376552,313088,198844,3035056,81156.753,1623.977,0,4980.197,0,393.965,5201,12203,0.930,1.220,1.070,2,0,34.083,0,0,18,291,7,109,0
22-05 14:38:30,27.782,3.254,65.827,1.502,0,4376556,312836,198844,3035304,7606.847,1695.972,0,3900.536,0,352.410,5429,10411,0.940,1.220,1.070,1,1,0,0,0,18,289,7,113,0
22-05 14:38:31,25.505,5.251,66.764,1.250,0,4378488,310568,198844,3035640,5699.203,1620.342,0,2436.514,0,240.051,5686,11367,0.940,1.220,1.070,1,0,0,0,0,18,289,7,108,0
22-05 14:38:32,27.956,3.744,66.395,1.248,0,4378500,310316,198844,3035880,6613.504,1617.433,0,2204.501,0,279.556,4823,9312,0.940,1.220,1.070,2,0,0,0,0,18,289,7,113,0
22-05 14:38:33,25.550,4.008,67.132,2.254,0,4380400,308132,198844,3036164,10616.851,1623.188,0,8793.270,0,994.954,7086,11787,0.940,1.220,1.070,1,0,0,0,0,18,289,7,112,0
22-05 14:38:34,27.503,3.500,66.257,1.500,0,4380312,307628,198844,3036756,6506.703,1512.163,0,2324.251,0,288.031,5337,10633,0.940,1.220,1.070,2,1,0,0,0,18,290,7,115,0
22-05 14:38:35,25.118,4.477,66.651,1.990,0,4380044,307628,198848,3037020,6635.225,1611.554,0,7488.751,0,518.284,6249,11545,0.940,1.210,1.070,1,0,0,0,0,18,289,7,110,0
22-05 14:38:36,25.798,4.759,68.126,2.004,0.250,4380504,306876,198848,3037312,25771.703,1568.904,0,2396.436,0,346.642,6621,12306,0.940,1.210,1.070,1,0,2.004,0,0,18,289,7,111,0
22-05 14:38:37,30.023,4.503,61.046,1.501,0.250,4380344,306624,198848,3037724,8762.598,1621.221,0,3038.288,0,332.250,6750,13259,0.940,1.210,1.070,4,0,0,0,0,18,289,7,114,0
22-05 14:38:38,25.781,2.753,68.082,1.252,0.250,4380056,306624,198848,3038012,12002.475,1696.045,0,1834.212,0,183.221,5920,12143,0.940,1.210,1.070,1,0,0,0,0,18,289,7,121,0
22-05 14:38:39,22.479,1.499,72.183,0.999,0,4380088,306120,198848,3038484,18644.642,4266.028,31.970,2401.764,0.999,279.740,5161,9217,0.940,1.210,1.070,1,0,0,0,0,18,289,7,115,0
22-05 14:38:40,7.498,1.500,88.475,0.500,0.250,4380072,306120,198848,3038500,12967.278,4004.851,0,1535.559,0,132.962,2592,4373,0.950,1.210,1.070,2,0,0,0,0,18,288,7,115,0
22-05 14:38:41,7.492,1.998,87.651,1.249,0,4380008,306120,198848,3038564,25566.136,10657.967,0,1498.308,0,163.815,2889,4707,0.950,1.210,1.070,2,0,0,0,0,18,289,7,108,0
22-05 14:38:42,9.738,1.748,85.146,1.998,0,4380044,305868,198848,3038780,12586.695,4257.822,0,5713.053,0,419.490,3637,6581,0.950,1.210,1.070,2,0,0,0,0,18,288,7,109,0
22-05 14:38:43,20.295,3.758,73.914,2.255,0,4380584,305168,198848,3038940,19291.789,5832.937,16.036,8222.237,1.002,1025.274,5203,8358,0.950,1.210,1.070,1,0,0,0,0,18,289,7,103,0
22-05 14:38:44,9.271,1.002,87.696,0.752,0,4380668,304916,198848,3039108,25016.787,8647.283,0,1639.656,0,128.286,2595,4249,0.950,1.210,1.070,1,0,0,0,0,18,289,7,103,0
22-05 14:38:45,24.550,4.216,65.963,1.736,0,4380772,304664,198848,3039256,8040.494,1648.569,3.968,2598.827,0.992,343.204,5763,11370,1.030,1.220,1.070,4,0,0,0,0,18,290,7,99,0
22-05 14:38:46,29.379,3.515,65.036,1.507,0,4381060,304160,198848,3039472,8750.511,1627.161,0,2840.501,0,278.224,5618,9924,1.030,1.220,1.070,3,0,2.009,0,0,18,289,7,103,0
22-05 14:38:47,27.297,5.009,65.111,1.252,0.250,4380848,303908,198848,3039936,33216.801,11544.742,0,2724.659,0,270.462,6644,12064,1.030,1.220,1.070,3,0,0,0,0,18,289,7,98,0
22-05 14:38:48,5.763,1.253,91.454,0.752,0,4380804,303908,198848,3039980,13665.515,3525.873,0,4069.086,0,169.378,2326,3816,1.030,1.220,1.070,1,1,0,0,0,18,289,7,98,0
22-05 14:38:49,18.229,2.997,77.161,1.748,0,4382396,301892,198848,3040404,31074.327,12759.352,51.940,1977.730,9.989,217.750,4375,7697,1.030,1.220,1.070,1,0,0,0,0,18,288,7,94,0
22-05 14:38:50,13.016,3.504,79.850,2.003,0,4387400,296852,198848,3040440,7104.888,1622.029,0,5282.609,0,418.524,4643,8328,0.950,1.200,1.070,1,0,0,0,0,18,290,7,95,0
22-05 14:38:51,29.982,3.498,64.711,1.999,0,4387624,296348,198848,3040720,5752.548,1619.029,0,4957.026,0,452.728,6104,11334,0.950,1.200,1.070,3,0,0,0,0,18,289,7,93,0
22-05 14:38:52,25.435,4.987,67.078,1.247,0.249,4389056,294332,198848,3041304,12025.119,4189.242,0,2262.191,0,273.298,6350,12471,0.950,1.200,1.070,2,0,0,0,0,18,289,7,95,0
22-05 14:38:53,6.765,1.754,88.946,1.253,0.251,4389544,293828,198848,3041316,8472.623,1797.952,0,1916.212,0,128.282,2463,4130,0.950,1.200,1.070,1,0,2.004,0,0,18,289,7,90,0
22-05 14:38:54,7.484,1.746,88.310,0.499,0,4389464,293828,198848,3041396,35009.834,10647.141,0,1524.726,0,158.659,2758,4408,0.950,1.200,1.070,1,0,0,0,0,18,288,7,90,0
22-05 14:38:55,12.763,2.503,83.587,0.751,0,4389280,293828,198848,3041580,50743.621,22317.143,0,1441.495,0,142.147,3305,5135,0.950,1.200,1.070,2,0,0,0,0,18,288,7,90,0
22-05 14:38:56,17.465,3.992,75.596,1.497,0.249,4389664,293324,198852,3041696,8011.720,1616.715,0,1592.764,0,205.582,4674,8509,0.950,1.200,1.070,1,0,1.996,0,0,18,290,7,86,0
22-05 14:38:57,26.083,4.765,64.706,2.257,0,4389748,292820,198852,3042116,10362.975,1516.827,0,8374.648,0,614.957,6799,12339,0.950,1.200,1.070,3,0,0,0,0,18,289,7,89,1
22-05 14:38:58,23.194,2.743,69.332,1.746,0,4391236,291056,198852,3042392,12266.316,4257.696,0,2517.907,0,242.413,5833,11480,0.950,1.200,1.070,1,0,0,0,0,18,289,7,89,0
22-05 14:38:59,7.016,1.002,90.701,0.251,0,4391436,290804,198852,3042444,82186.454,1818.036,0,1242.759,0,100.222,2104,3220,0.950,1.200,1.070,1,0,0,0,0,18,289,7,89,0
22-05 14:39:00,8.984,2.246,87.840,1.248,0,4391472,290552,198852,3042660,34269.766,12858.649,31.942,1377.498,0.998,144.737,2696,4381,0.880,1.180,1.060,1,0,0,0,0,18,288,7,89,0
22-05 14:39:01,25.583,3.511,67.720,1.505,0,4391580,290300,198852,3042804,11611.703,1699.518,0,2311.505,0,282.919,5435,10377,0.880,1.180,1.060,1,0,0,0,0,18,290,7,93,0
22-05 14:39:02,26.396,2.739,67.983,0.996,0,4391968,289544,198852,3043172,5494.429,1613.665,0,2123.663,0,196.230,5497,11139,0.880,1.180,1.060,2,0,0,0,0,18,289,7,92,0
22-05 14:39:03,26.820,4.512,64.920,3.509,0,4393988,287388,198856,3043304,8925.331,1624.246,0,10347.047,0,1169.056,6125,10280,0.880,1.180,1.060,2,0,0,0,0,18,290,7,95,0
22-05 14:39:04,26.212,3.245,66.904,1.747,0,4394824,286128,198856,3043728,7128.742,1583.721,0,2240.776,0,240.654,5389,10819,0.880,1.180,1.060,3,0,0,0,0,18,289,7,100,0
22-05 14:39:05,22.752,3.750,70.008,2.250,0,4396048,284616,198856,3044012,18813.032,4355.470,0,7792.842,0,611.066,6231,12170,0.890,1.180,1.060,1,0,0,0,0,18,289,7,102,0
22-05 14:39:06,8.261,1.502,88.615,1.001,0,4396040,284616,198856,3044020,13737.818,4305.584,0,1189.543,0,146.190,2815,4793,0.890,1.180,1.060,1,0,2.003,0,0,18,289,7,100,0
22-05 14:39:07,4.241,2.245,93.057,0.249,0,4395984,284616,198856,3044076,13228.564,1864.134,0,842.253,0,97.797,1911,2953,0.890,1.180,1.060,2,0,0,0,0,18,289,7,100,0
22-05 14:39:08,10.987,1.998,85.403,1.249,0.499,4396308,284112,198856,3044256,12267.003,3847.610,0,1406.395,0,148.830,3072,5321,0.890,1.180,1.060,1,0,0,0,0,18,288,7,97,0
22-05 14:39:09,8.760,1.752,87.095,0.751,0,4396260,284112,198856,3044304,30615.432,13064.266,0,1141.246,0,122.133,2734,4577,0.890,1.180,1.060,1,0,0,0,0,18,288,7,98,0
22-05 14:39:10,14.046,2.508,80.514,1.254,0,4396420,283888,198856,3044368,7787.535,1625.329,0,1757.764,0,225.740,4087,8038,0.890,1.170,1.060,2,0,0,0,0,18,290,7,96,0
22-05 14:39:11,28.153,3.737,64.279,1.744,0,4396656,283384,198856,3044636,8339.363,1761.949,0,3272.761,0,362.754,5886,10894,0.890,1.170,1.060,2,0,0,0,0,18,289,7,101,0
22-05 14:39:12,24.014,5.253,68.790,1.251,0,4398864,280864,198856,3044948,8256.830,1554.910,0,2197.285,0,200.117,5800,11789,0.890,1.170,1.060,3,0,0,0,0,18,290,7,100,0
22-05 14:39:13,12.985,1.998,79.405,3.496,0,4399344,280136,198856,3045196,14856.291,4481.658,15.981,11857.865,0.999,1034.767,5736,8676,0.890,1.170,1.060,1,1,0,0,0,18,288,7,101,0
22-05 14:39:14,8.266,1.503,87.919,0.751,0.250,4399164,280136,198856,3045376,15923.605,5831.208,0,3117.993,0,258.497,2925,4653,0.890,1.170,1.060,1,0,0,0,0,18,289,7,101,0
22-05 14:39:15,17.183,3.237,77.197,1.245,0,4399492,279632,198856,3045552,24484.824,8667.952,47.812,1948.347,1.992,231.092,4655,8499,0.820,1.150,1.050,2,0,0,0,0,18,289,7,106,0
22-05 14:39:16,28.581,3.259,65.436,1.755,0,4399712,279128,198856,3045836,7453.174,1624.616,0,3437.767,0,343.977,4794,9318,0.820,1.150,1.050,3,0,2.006,0,0,18,289,7,112,0
22-05 14:39:17,28.075,4.011,66.677,1.504,0.251,4400432,278120,198856,3046124,12410.964,1624.314,0,2490.615,0,266.708,5977,11968,0.820,1.150,1.050,1,0,0,0,0,18,289,7,119,0
22-05 14:39:18,17.437,2.491,76.973,1.744,0,4401104,277112,198856,3046460,11203.689,4458.957,0,2391.396,0,260.064,4770,8957,0.820,1.150,1.050,1,0,0,0,0,18,288,7,122,0
22-05 14:39:19,8.767,1.753,87.174,0.751,0,4401172,276860,198856,3046644,25554.905,10490.898,0,2188.359,0,192.383,2928,4660,0.820,1.150,1.050,2,0,0,0,0,18,289,7,122,0
22-05 14:39:20,9.232,2.994,86.081,1.747,0,4401672,276356,198856,3046648,13898.647,4064.002,0,5181.802,0,346.318,3036,4871,0.760,1.130,1.050,1,0,0,0,0,18,288,7,123,0
22-05 14:39:21,8.279,2.258,87.052,1.254,0.251,4401608,276356,198856,3046712,30808.027,10781.455,0,2267.879,0,189.659,3330,5372,0.760,1.130,1.050,2,0,1.003,0,0,18,289,7,123,0
22-05 14:39:22,25.485,3.998,66.710,1.499,0,4402516,275096,198856,3047064,13663.884,1619.038,0,2558.480,0,303.820,6389,11620,0.760,1.130,1.050,2,0,0,0,0,18,288,7,128,0
22-05 14:39:23,28.778,3.253,65.064,1.251,0,4403284,274088,198860,3047300,12143.986,1641.620,0,2642.608,0,274.271,5334,10026,0.760,1.130,1.050,3,0,0,0,0,18,289,7,135,0
22-05 14:39:24,24.927,4.487,69.049,0.997,0,4405012,272072,198860,3047588,8640.864,1615.301,0,1970.268,0,179.478,5193,10191,0.760,1.130,1.050,2,0,0,0,0,18,289,7,136,0
22-05 14:39:25,28.329,4.011,64.431,1.755,0.251,4406728,270056,198860,3047888,12216.242,1698.762,0,2924.197,0,335.942,6234,11974,0.780,1.130,1.050,1,0,0,0,0,18,290,7,138,0
22-05 14:39:26,26.467,3.496,68.165,1.248,0.250,4407084,269300,198860,3048288,10189.304,1510.118,0,1945.576,0,186.767,5234,10134,0.780,1.130,1.050,3,0,1.998,0,0,18,289,7,137,0
22-05 14:39:27,27.717,3.746,66.171,1.498,0,4408064,268040,198860,3048568,7848.582,1618.058,0,2161.406,0,242.709,5489,10799,0.780,1.130,1.050,3,0,0,0,0,18,290,7,146,0
22-05 14:39:28,27.483,4.497,64.961,2.249,0,4408784,267032,198860,3048856,9236.430,1766.935,0,7803.295,0,542.673,6727,12307,0.780,1.130,1.050,2,0,0,0,0,18,289,7,147,0
22-05 14:39:29,27.541,5.759,62.845,1.502,0,4416460,259024,198860,3049188,82169.748,1770.667,0,10199.360,0,1098.655,8374,14026,0.780,1.130,1.050,4,0,34.051,0,0,18,289,7,150,0
22-05 14:39:30,28.223,3.746,65.436,1.998,0,4416236,259024,198860,3049412,6519.669,1618.429,0,2077.982,0,235.771,5400,9812,0.870,1.150,1.050,2,0,0,0,0,18,289,7,148,0
22-05 14:39:31,26.715,3.246,67.162,0.999,0,4418200,256756,198860,3049716,7090.704,1637.853,0,1809.628,0,200.737,6064,11375,0.870,1.150,1.050,2,1,0,0,0,18,289,7,148,0
22-05 14:39:32,7.744,1.249,88.437,0.999,0,4418000,256756,198860,3049916,12047.362,4366.869,0,1850.673,0,179.871,2853,4691,0.870,1.150,1.050,1,0,0,0,0,18,288,7,145,0
22-05 14:39:33,12.530,2.506,83.198,1.002,0.251,4418168,256504,198860,3050000,14183.828,4345.364,0,1956.667,0,202.483,3679,6211,0.870,1.150,1.050,2,0,0,0,0,18,288,7,146,0
22-05 14:39:34,11.750,2.000,84.000,1.000,0,4418448,256000,198860,3050224,22076.044,4369.009,0,1536.003,0,185.000,3350,5412,0.870,1.150,1.050,1,0,0,0,0,18,288,7,144,0
22-05 14:39:35,11.987,2.248,83.159,0.999,0,4418368,256000,198860,3050304,11906.962,1766.066,0,1650.193,0,172.811,3085,5491,0.800,1.130,1.050,2,0,0,0,0,18,288,7,145,0
22-05 14:39:36,6.255,1.001,90.575,1.751,0.250,4418464,255748,198860,3050460,12048.036,4299.582,0,5724.769,0,368.307,2652,4709,0.800,1.130,1.050,6,0,2.002,0,0,18,289,7,139,0
22-05 14:39:37,17.500,3.000,76.750,0.750,0,4418752,255244,198860,3050676,55214.945,21750.978,0,1787.998,0,204.000,4792,8573,0.800,1.130,1.050,4,0,0,0,0,18,289,7,142,0
22-05 14:39:38,11.496,1.999,83.973,1.250,0,4419104,254768,198860,3050800,45324.632,15270.159,0,1635.482,0,193.939,3658,5814,0.800,1.130,1.050,1,0,0,0,0,18,288,7,142,0
22-05 14:39:39,10.022,2.505,85.938,0.752,0.501,4418904,254768,198860,3051000,42865.962,12930.343,0,1246.733,0,129.283,3040,4803,0.800,1.130,1.050,1,0,0,0,0,18,288,7,128,0
22-05 14:39:40,15.686,2.988,78.678,1.743,0,4418816,254768,198860,3051088,7013.267,1505.831,0,1736.884,0,223.086,4172,8190,0.740,1.110,1.040,4,0,0,0,0,18,290,7,129,0
22-05 14:39:41,28.647,3.769,64.832,1.256,0,4419468,253760,198860,3051444,11219.511,1628.347,0,2910.921,0,312.602,5519,11324,0.740,1.110,1.040,2,0,0,0,0,18,289,7,130,0
22-05 14:39:42,27.495,3.999,65.737,1.500,0,4420044,252752,198860,3051876,9170.212,1619.684,0,2483.516,0,254.950,5454,11747,0.740,1.110,1.040,1,0,0,0,0,18,289,7,132,0
22-05 14:39:43,29.734,3.498,64.465,1.749,0,4420460,252248,198860,3051964,8113.538,1619.109,0,6456.449,0,534.706,6203,12077,0.740,1.110,1.040,1,0,0,0,0,18,289,7,133,0
22-05 14:39:44,14.209,2.493,78.275,2.742,0,4421128,251268,198860,3052276,12649.708,4431.287,0,9157.726,0,1019.076,4800,7748,0.740,1.110,1.040,1,1,0,0,0,18,288,7,134,0
22-05 14:39:45,8.249,1.750,87.743,1.000,0,4420940,251268,198860,3052464,15002.725,4362.629,15.999,4059.655,1.000,221.981,2617,4853,0.680,1.090,1.030,1,0,0,0,0,18,288,7,133,0
22-05 14:39:46,14.278,2.755,81.659,1.002,0,4421460,250512,198860,3052700,9578.669,1697.308,0,1991.882,0,201.393,3384,6726,0.680,1.090,1.030,4,0,2.004,0,0,18,289,7,134,0
22-05 14:39:47,6.488,1.747,90.334,0.749,0,4421432,250512,198860,3052728,36153.442,12696.626,0,1413.398,0,118.781,2206,3659,0.680,1.090,1.030,2,0,0,0,0,18,288,7,128,0
22-05 14:39:48,10.745,1.749,85.962,0.750,0.250,4421380,250512,198860,3052780,49238.483,12950.341,0,1619.292,0,158.931,2909,5011,0.680,1.090,1.030,1,0,0,0,0,18,288,7,128,0
22-05 14:39:49,24.592,2.509,72.020,1.506,0,4421388,250260,198860,3053024,30510.414,1626.098,0,1971.393,0,204.768,4117,8334,0.680,1.090,1.030,6,0,0,0,0,18,289,7,126,0
22-05 14:39:50,26.687,3.492,67.092,0.748,0.748,4421616,249756,198860,3053300,11062.015,1690.030,0,2314.563,0,231.456,5536,10686,0.790,1.100,1.040,4,0,0,0,0,18,289,7,129,0
22-05 14:39:51,25.786,5.007,64.591,2.754,0,4422584,248496,198860,3053592,8906.549,1664.345,0,7702.853,0,611.862,7951,14728,0.790,1.100,1.040,3,0,0,0,0,18,289,7,132,0
22-05 14:39:52,5.487,0.748,92.037,0.748,0,4422624,248244,198860,3053804,13317.171,4468.655,0,1113.422,0,103.760,2355,4208,0.790,1.100,1.040,1,0,0,0,0,18,288,7,134,0
22-05 14:39:53,13.485,2.997,81.162,0.749,0,4424332,246484,198860,3053860,33200.011,13093.806,0,1853.990,0,175.809,3690,6194,0.790,1.100,1.040,1,0,0.999,0,0,18,288,8,132,0
22-05 14:39:54,21.096,2.763,74.087,1.256,0,4425120,245476,198860,3054080,8659.426,1539.007,0,1683.666,0,187.855,4463,8689,0.790,1.100,1.040,1,0,0,0,0,18,289,8,136,0
22-05 14:39:55,28.423,5.236,65.075,1.496,0,4426088,244216,198860,3054372,33115.852,10776.988,0,3071.731,0,313.157,5979,11856,0.800,1.100,1.040,2,0,0,0,0,18,289,8,139,0
22-05 14:39:56,7.493,1.249,88.921,1.499,0,4426520,243712,198860,3054444,16171.591,4436.047,0,2813.493,0,226.798,2917,5146,0.800,1.100,1.040,1,0,1.998,0,0,18,288,8,141,0
22-05 14:39:57,8.756,0.751,88.562,0.500,0,4426596,243460,198860,3054620,12560.805,4288.006,0,1685.181,0,174.122,2575,4558,0.800,1.100,1.040,1,0,0,0,0,18,288,8,138,0
22-05 14:39:58,6.749,1.500,90.489,0.750,0,4426548,243460,198860,3054668,13336.320,4368.450,0,2051.741,0,150.981,2458,4364,0.800,1.100,1.040,2,0,0,0,0,18,288,8,139,0
22-05 14:39:59,8.991,1.998,85.912,0.999,0,4426512,243460,198860,3054740,96818.761,8073.724,0,1806.149,0,227.767,3204,5739,0.800,1.100,1.040,1,0,0,0,0,18,289,8,135,0
22-05 14:40:00,15.283,3.007,79.173,1.754,0,4426504,243208,198860,3055000,32426.690,13667.796,0,5584.173,0,430.939,4332,7971,0.740,1.080,1.030,0,0,0,0,0,18,289,8,136,0
22-05 14:40:01,8.497,1.749,87.464,1.000,0,4426732,242956,198860,3055024,11851.177,4120.323,0,1415.424,0,174.929,2861,5477,0.740,1.080,1.030,1,0,0,0,0,18,289,8,134,0
22-05 14:40:02,4.999,1.250,92.991,0.500,0,4426556,242956,198860,3055200,9659.024,1793.819,0,763.923,0,58.994,1649,2885,0.740,1.080,1.030,2,0,0,0,0,18,289,8,134,0
22-05 14:40:03,10.230,1.747,85.582,0.749,0,4426600,242452,198860,3055660,16717.201,4318.527,0,1525.008,0,178.649,3087,5804,0.740,1.080,1.030,1,0,0,0,0,18,288,8,129,0
22-05 14:40:04,9.241,1.249,87.411,0.499,0,4426552,242452,198860,3055708,45361.912,19698.986,0,1010.973,0,94.904,2503,4200,0.740,1.080,1.030,3,0,0,0,0,18,289,8,129,0
22-05 14:40:05,4.003,1.251,91.825,2.002,0,4426768,242228,198860,3055716,15704.847,3615.958,0,8150.667,0,939.769,3136,2858,0.680,1.070,1.030,3,0,0,0,0,18,290,8,122,0
22-05 14:40:06,6.261,1.503,90.159,0.250,0.250,4426996,241976,198860,3055740,33224.675,15681.694,0,893.578,0,88.156,2164,3458,0.680,1.070,1.030,1,0,2.004,0,0,18,289,8,122,0
22-05 14:40:07,11.752,1.500,84.518,1.250,0.500,4426796,241976,198860,3055940,54785.505,22110.643,0,1560.328,0,177.037,3545,5811,0.680,1.070,1.030,2,1,0,0,0,18,288,8,120,0
22-05 14:40:08,12.007,2.752,83.796,0.750,0,4426920,241752,198860,3056040,9093.974,1458.798,0,1240.679,0,128.070,3455,6239,0.680,1.070,1.030,1,0,0,0,0,18,290,8,120,0
22-05 14:40:09,25.043,4.257,65.613,2.504,0,4427876,240492,198860,3056328,10494.999,1865.199,0,8506.589,0,666.142,7004,12492,0.680,1.070,1.030,3,0,0,0,0,18,289,8,120,0
22-05 14:40:10,5.223,0.995,92.027,0.497,0,4427960,240240,198860,3056496,14630.725,4342.657,0,974.984,0,89.539,2113,3608,0.620,1.050,1.020,2,0,0,0,0,18,288,8,121,0
22-05 14:40:11,19.834,4.268,75.318,1.255,0.251,4428148,239736,198860,3056812,30769.092,12836.272,0,1936.186,0,223.947,4755,8048,0.620,1.050,1.020,2,0,0,0,0,18,289,8,115,0
22-05 14:40:12,11.985,1.248,82.399,0.499,0,4428348,239484,198860,3056860,10807.750,1857.722,0,1314.389,0,132.837,3217,5720,0.620,1.050,1.020,2,0,0,0,0,18,290,8,116,0
22-05 14:40:13,27.230,3.747,66.952,1.499,0,4429560,237972,198860,3057160,9629.038,1692.776,0,2841.945,0,275.801,6011,11627,0.620,1.050,1.020,3,0,0,0,0,18,289,8,114,0
22-05 14:40:14,19.998,1.750,75.491,1.250,0,4430296,236964,198860,3057432,13136.424,4365.476,0,2251.730,0,262.968,4879,9239,0.620,1.050,1.020,1,0,0,0,0,18,288,8,115,0
22-05 14:40:15,11.026,2.255,84.701,1.002,0,4430564,236460,198860,3057668,11860.085,1515.589,0,1924.557,0,200.475,2952,5286,0.570,1.030,1.020,1,1,0,0,0,18,289,8,109,0
22-05 14:40:16,12.974,2.495,81.090,1.996,0,4430488,236460,198860,3057744,31713.303,12876.543,0,7273.620,0,481.049,4789,7996,0.570,1.030,1.020,1,0,1.996,0,0,18,288,8,109,0
22-05 14:40:17,11.002,2.000,85.269,1.000,0,4430752,235956,198860,3057984,10970.413,4366.961,0,1748.385,0,186.041,3082,5446,0.570,1.030,1.020,1,0,0,0,0,18,288,8,98,0
22-05 14:40:18,10.749,2.500,84.491,0.500,0,4430680,235956,198860,3058056,21865.639,6133.338,0,1331.856,0,138.985,2981,5081,0.570,1.030,1.020,2,0,0,0,0,18,289,8,98,0
22-05 14:40:19,7.243,1.249,89.409,0.749,0.250,4430668,235956,198860,3058068,22383.236,8359.498,0,1082.899,0,80.918,2533,4491,0.570,1.030,1.020,2,0,0,0,0,18,289,8,98,0
22-05 14:40:20,27.506,4.001,66.015,1.500,0,4430596,235704,198864,3058388,7837.834,1620.379,16.004,2528.592,1.000,282.066,5463,9979,0.610,1.030,1.020,3,0,0,0,0,18,290,8,97,0
22-05 14:40:21,28.259,3.501,64.020,1.500,0,4431372,234696,198864,3058620,14136.510,1620.517,0,2676.854,0,320.102,5912,11584,0.610,1.030,1.020,2,0,0,0,0,18,289,8,100,0
22-05 14:40:22,24.571,3.761,69.952,0.752,0,4432340,233436,198864,3058912,5852.862,1624.681,0,1737.004,0,153.442,5737,10598,0.610,1.030,1.020,4,0,0,0,0,18,289,8,99,0
22-05 14:40:23,9.714,2.740,82.691,2.740,0.249,4432236,233196,198864,3059236,12070.951,4245.157,15.941,7667.385,0.996,556.922,4432,7814,0.610,1.030,1.020,1,0,2.989,0,0,18,288,8,100,0
22-05 14:40:24,19.498,2.000,76.741,1.250,0,4431976,233196,198864,3059496,10168.841,3677.581,0,2403.726,0,307.965,4521,8163,0.610,1.030,1.020,1,0,0,0,0,18,289,8,88,0
22-05 14:40:25,9.523,1.504,86.957,1.002,0,4432180,232944,198864,3059544,31988.228,10944.080,0,1932.605,0,167.399,2705,4594,0.640,1.030,1.010,6,0,0,0,0,18,288,8,88,0
22-05 14:40:26,6.748,1.000,87.720,2.499,0,4432196,232692,198864,3059780,12045.928,4368.523,0,9356.837,0,1129.618,4516,4558,0.640,1.030,1.010,3,0,1.999,0,0,18,288,8,85,0
22-05 14:40:27,13.233,1.997,82.396,0.999,0,4432120,232692,198864,3059856,33040.270,12865.751,0,1494.113,0,152.807,3334,5512,0.640,1.030,1.010,1,0,0,0,0,18,288,8,86,0
22-05 14:40:28,17.224,3.744,76.134,1.248,0,4432140,232440,198864,3060088,5964.904,1617.533,0,1661.466,0,211.677,4754,8855,0.640,1.030,1.010,1,0,0,0,0,18,290,8,75,0
22-05 14:40:29,33.874,5.269,58.464,1.756,0,4434804,229376,198864,3060488,80205.874,1625.958,0,3693.533,0,361.324,6062,13387,0.640,1.030,1.010,1,0,34.125,0,0,18,290,8,81,0
22-05 14:40:30,24.524,4.004,68.816,1.001,0.500,4435076,227944,198864,3061632,7783.488,1621.560,0,2142.061,0,197.190,6089,11607,0.670,1.030,1.010,1,0,0,0,0,18,289,8,76,0
22-05 14:40:31,21.684,3.739,72.281,1.246,0.249,4435528,227188,198864,3061936,10300.830,4195.305,0,2532.337,0,310.062,5941,11071,0.670,1.030,1.010,1,0,0.997,0,0,18,290,8,77,0
22-05 14:40:32,10.789,2.007,83.298,2.258,0,4435468,227188,198864,3061996,6202.167,1625.811,0,6515.286,0,481.722,3740,6919,0.670,1.030,1.010,1,0,0,0,0,18,291,8,73,0
22-05 14:40:33,12.463,1.745,82.254,1.496,0,4435500,226936,198864,3062216,34925.642,12843.623,0,2289.160,0,243.273,3817,6655,0.670,1.030,1.010,2,0,0,0,0,18,290,8,73,0
22-05 14:40:34,12.502,3.001,83.015,1.000,0,4435632,226684,198864,3062336,19017.328,4518.791,0,1696.297,0,167.029,3259,5493,0.670,1.030,1.010,1,0,0,0,0,18,288,8,74,0
22-05 14:40:35,11.987,1.998,83.910,0.749,0,4435688,226432,198864,3062532,15118.778,5887.683,0,1338.564,0,145.844,3239,5312,0.620,1.010,1.010,1,0,0,0,0,18,289,8,74,0
22-05 14:40:36,9.013,2.003,86.121,0.501,0,4435872,226180,198864,3062600,27032.981,8694.215,0,1089.531,0,97.136,2969,4899,0.620,1.010,1.010,3,0,2.003,0,0,18,289,8,71,0
22-05 14:40:37,29.750,3.000,64.749,1.000,0,4435612,226180,198864,3062860,11563.827,1693.975,0,2359.965,0,273.996,4923,9653,0.620,1.010,1.010,2,0,0,0,0,18,290,8,74,0
22-05 14:40:38,24.995,5.999,65.486,2.749,0,4436596,224920,198864,3063136,10445.785,1511.680,0,6762.566,0,515.891,6280,12582,0.620,1.010,1.010,1,0,0,0,0,18,290,8,74,0
22-05 14:40:39,14.476,3.494,79.867,1.248,0,4436280,224668,198864,3063704,12585.021,4341.762,0,3014.974,0,312.479,4989,8615,0.620,1.010,1.010,1,0,0,0,0,18,288,8,78,0
22-05 14:40:40,12.501,1.000,84.254,0.750,0.250,4436700,223940,198864,3064012,22197.021,9034.416,16.001,1416.065,1.000,164.008,3367,5537,0.570,0.990,1,1,0,0,0,0,18,288,8,79,0
22-05 14:40:41,10.522,2.756,85.681,1.002,0,4436640,223940,198864,3064072,32814.402,12875.231,0,1491.154,0,154.326,3174,5113,0.570,0.990,1,1,0,0,0,0,18,289,8,79,0
22-05 14:40:42,8.493,2.498,87.682,0.749,0,4436464,223940,198864,3064248,22559.404,8286.537,0,1374.928,0,139.891,2778,4532,0.570,0.990,1,2,0,0,0,0,18,289,8,74,0
22-05 14:40:43,12.238,1.998,84.917,0.500,0.250,4436456,223940,198864,3064256,20420.050,6442.705,0,1090.934,0,109.893,2801,5295,0.570,0.990,1,3,0,0,0,0,18,290,8,74,0
22-05 14:40:44,28.858,3.764,65.245,1.506,0,4437324,222680,198864,3064648,15305.380,1626.096,0,2441.152,0,289.084,5762,10861,0.570,0.990,1,3,0,0,0,0,18,288,8,72,0
22-05 14:40:45,6.478,1.495,89.943,0.498,0,4437616,222204,198864,3064832,14018.128,4354.131,0,2902.089,0,211.278,2577,4497,0.520,0.980,1,1,0,0,0,0,18,288,8,73,0
22-05 14:40:46,11.020,3.256,82.899,2.254,0,4438384,221252,198864,3065016,35083.115,12797.022,0,11432.567,0,1163.092,4826,5626,0.520,0.980,1,0,0,2.004,0,0,18,288,8,73,0
22-05 14:40:47,24.997,4.249,67.990,1.250,0,4440312,219236,198868,3065100,28830.964,10614.514,0,2647.629,0,280.961,5160,9656,0.520,0.980,1,4,0,0,0,0,18,289,8,75,0
22-05 14:40:48,17.974,3.245,74.392,2.496,0,4440976,218228,198868,3065444,15761.036,4352.658,0,7213.490,0,531.226,5684,10940,0.520,0.980,1,2,0,0,0,0,18,288,8,77,0
22-05 14:40:49,13.744,2.249,82.216,1.499,0,4441016,217976,198868,3065656,9860.947,3136.711,0,2930.795,0,245.899,3428,6095,0.520,0.980,1,2,0,0,0,0,18,289,8,78,0
22-05 14:40:50,4.517,1.255,92.089,0.502,0,4440976,217976,198868,3065696,16547.846,2936.799,0,871.203,0,77.284,1840,3163,0.480,0.960,0.990,3,0,0,0,0,18,289,8,73,0
22-05 14:40:51,7.968,2.241,87.895,0.996,0.249,4441056,217724,198868,3065868,33140.114,12913.828,0,1322.656,0,152.384,2959,5010,0.480,0.960,0.990,1,0,0,0,0,18,288,8,73,0
22-05 14:40:52,8.247,1.500,87.473,0.500,0.250,4441008,217724,198868,3065916,45110.016,12878.008,0,1447.551,0,145.955,2686,4469,0.480,0.960,0.990,1,0,0,0,0,18,288,8,64,0
22-05 14:40:53,10.501,3.000,84.259,1.250,0,4441028,217472,198868,3066148,13401.394,4251.442,0,1784.186,0,194.020,3120,5535,0.480,0.960,0.990,1,0,0,0,0,18,288,8,65,0
22-05 14:40:54,12.004,2.251,84.025,0.750,0,4441200,217220,198868,3066228,20846.150,8720.573,0,1548.457,0,163.048,2816,4908,0.480,0.960,0.990,1,0,0,0,0,18,289,8,61,0
22-05 14:40:55,13.547,2.007,81.281,2.258,0.251,4441244,216968,198868,3066436,27009.236,10664.815,0,6482.377,0,482.666,3820,6939,0.440,0.940,0.990,0,1,0,0,0,18,289,8,62,0
22-05 14:40:56,5.503,1.251,91.301,0.250,0,4441708,216464,198868,3066476,18783.444,4538.523,0,860.478,0,92.051,2053,3514,0.440,0.940,0.990,2,0,2.001,0,0,18,289,8,56,0
22-05 14:40:57,9.466,1.744,87.184,0.996,0,4441664,216464,198868,3066520,18052.667,8023.961,0,1482.634,0,183.337,2803,4982,0.440,0.940,0.990,2,0,0,0,0,18,291,8,56,0
22-05 14:40:58,8.749,1.750,86.244,0.500,0,4441488,216464,198868,3066696,44882.724,17849.697,0,1391.898,0,153.989,3001,4885,0.440,0.940,0.990,1,0,0,0,0,18,290,8,55,0
22-05 14:40:59,7.998,1.500,89.483,0.500,0,4441444,216464,198868,3066740,96531.562,10254.041,0,927.823,0,83.984,2565,3861,0.440,0.940,0.990,1,0,0,0,0,18,292,8,55,0
22-05 14:41:00,21.300,3.258,72.921,1.504,0,4441444,216212,198868,3066992,28412.798,10869.554,0,2044.807,0,193.455,4211,7738,0.400,0.930,0.980,2,0,0,0,0,18,291,8,57,0
22-05 14:41:01,26.469,4.495,66.173,1.249,0,4441912,215204,198872,3067528,10479.875,1618.128,0,2936.602,0,294.659,5723,11284,0.400,0.930,0.980,3,0,0,0,0,18,292,8,59,0
22-05 14:41:02,25.470,4.994,67.172,1.249,0.250,4442836,213452,198872,3068340,11390.696,4132.174,31.963,2509.069,0.999,280.672,5695,11010,0.400,0.930,0.980,1,0,0,0,0,18,291,8,61,0
22-05 14:41:03,5.519,2.258,89.808,1.003,0,4443008,213200,198872,3068420,9255.757,1932.631,0,2087.161,0,175.602,2473,4195,0.400,0.930,0.980,1,0,0,0,0,18,291,8,60,0
22-05 14:41:04,10.733,2.246,84.865,2.246,0,4442800,213200,198872,3068628,15605.203,4358.075,0,6162.208,0,474.246,3854,6851,0.400,0.930,0.980,2,0,0,0,0,18,290,8,62,0
22-05 14:41:05,10.993,1.749,84.947,0.750,0,4442508,213200,198872,3068920,12823.972,4435.224,0,1810.866,0,184.884,3202,5532,0.450,0.930,0.980,1,0,0,0,0,18,290,8,62,0
22-05 14:41:06,16.772,1.252,80.356,0.250,0,4444712,210680,198872,3069236,10081.277,1622.136,0,668.881,0,31.041,2121,3236,0.450,0.930,0.980,2,0,2.003,0,0,18,291,8,62,0
22-05 14:41:07,27.542,2.754,66.351,2.003,0.250,4451368,203624,198872,3069636,11180.939,1514.294,0,8348.648,0,996.510,3735,4993,0.450,0.930,0.980,3,0,0,0,0,18,291,8,64,0
22-05 14:41:08,6.224,1.245,90.372,0.498,0,4451248,203372,198872,3070008,35790.147,12828.288,0,1083.464,0,104.562,2345,3852,0.450,0.930,0.980,1,0,0,0,0,18,290,8,64,0
22-05 14:41:09,9.504,1.751,87.036,1.000,0.250,4451080,203372,198872,3070176,31160.838,13055.379,0,1208.498,0,126.052,2878,4749,0.450,0.930,0.980,1,0,0,0,0,18,290,8,63,0
22-05 14:41:10,9.264,1.753,86.885,0.751,0.250,4451148,203120,198872,3070360,30453.294,12922.068,0,1802.800,0,198.308,3014,4953,0.740,0.980,1,1,0,0,0,0,18,290,8,64,0
22-05 14:41:11,21.030,3.255,74.606,1.252,0,4451188,202868,198872,3070572,12911.308,1622.300,0,1706.420,0,216.307,4630,8679,0.740,0.980,1,2,0,0,0,0,18,291,8,63,0
22-05 14:41:12,18.938,2.741,74.259,1.744,0,4451904,201860,198872,3070864,14855.749,4424.629,0,3002.249,0,304.013,5235,9574,0.740,0.980,1,1,0,0,0,0,18,290,8,64,0
22-05 14:41:13,13.047,2.509,83.046,1.004,0,4452624,201104,198872,3070900,9856.177,1625.802,0,2284.152,0,159.570,2945,5450,0.740,0.980,1,4,0,1.004,0,0,18,294,8,65,0
22-05 14:41:14,25.493,3.249,69.982,0.500,0,4454568,198836,198872,3071224,7530.035,1619.577,111.971,1247.674,5.998,109.971,4190,9242,0.740,0.980,1,1,0,1.999,0,0,18,294,8,81,0
22-05 14:41:15,25.740,3.998,67.473,1.749,0.250,4455496,197588,198872,3071528,6963.250,1585.374,0,6345.494,0,424.832,6188,12179,0.760,0.980,1,3,0,0,0,0,18,294,8,89,0
22-05 14:41:16,26.758,4.001,68.019,0.750,0,4457016,195572,198872,3072024,14075.011,3981.135,0,1568.447,0,159.045,4586,8369,0.760,0.980,1,2,0,2.001,0,0,18,293,8,104,0
22-05 14:41:17,6.494,1.499,87.673,2.248,0,4456996,195572,198872,3072044,26321.810,10660.608,0,8304.684,0,803.292,3867,4670,0.760,0.980,1,1,0,0,0,0,18,294,8,104,0
22-05 14:41:18,27.488,3.498,65.972,1.749,0,4457428,194816,198872,3072368,15575.318,1639.297,0,2502.926,0,243.895,5562,10553,0.760,0.980,1,2,0,0,0,0,18,294,8,106,0
22-05 14:41:19,7.752,2.251,87.270,1.000,0,4457604,194312,198872,3072696,18248.088,4446.996,0,2604.583,0,261.058,3055,5296,0.760,0.980,1,1,0,0,0,0,18,293,8,106,0
22-05 14:41:20,8.481,1.995,88.050,1.247,0,4457804,194060,198872,3072748,12962.510,4356.090,0,2107.206,0,207.528,2856,4880,0.780,0.980,1,1,0,0,0,0,18,293,8,106,0
22-05 14:41:21,8.760,1.251,87.349,0.501,0,4457756,194060,198872,3072796,12694.434,4296.886,0,1577.794,0,166.189,2873,4767,0.780,0.980,1,2,0,0,0,0,18,293,8,101,0
22-05 14:41:22,7.238,0.998,89.358,0.998,0,4457568,194060,198872,3072984,21631.606,4325.123,0,1222.057,0,134.786,2582,4207,0.780,0.980,1,1,0,0,0,0,18,293,8,102,0
22-05 14:41:23,14.523,2.754,80.630,1.753,0,4461476,190028,198876,3073108,13002.896,1891.039,0,4447.147,0,281.452,3320,5502,0.780,0.980,1,3,0,1.002,0,0,18,294,9,102,0
22-05 14:41:24,7.756,1.501,88.564,0.500,0,4462544,188768,198876,3073300,11645.443,3982.888,0,1933.402,0,154.112,2366,3971,0.780,0.980,1,1,0,0,0,0,18,293,9,102,0
22-05 14:41:25,6.750,1.250,90.497,0.750,0,4463264,188012,198876,3073336,14422.538,3777.879,0,1027.967,0,93.997,2261,3718,0.720,0.970,0.990,1,0,0,0,0,18,293,9,101,0
22-05 14:41:26,6.499,2.250,90.481,0.250,0,4463360,187760,198876,3073492,10960.753,3979.184,0,991.797,0,97.980,2227,3776,0.720,0.970,0.990,1,0,2.000,0,0,18,293,9,101,0
22-05 14:41:27,8.496,1.999,87.211,0.750,0,4463316,187760,198876,3073536,33171.040,12876.193,0,1139.486,0,131.940,2694,4571,0.720,0.970,0.990,1,0,0,0,0,18,293,9,99,0
22-05 14:41:28,16.484,3.497,79.174,0.999,0.250,4463268,187760,198876,3073584,7618.709,1702.371,0,1454.608,0,165.841,3674,6912,0.720,0.970,0.990,5,0,0,0,0,18,295,9,100,0
22-05 14:41:29,26.586,6.270,64.458,1.003,0,4476724,173900,198876,3074504,81918.679,1591.141,0,1946.288,0,224.726,5948,10710,0.720,0.970,0.990,16,0,32.104,0,0,18,293,9,101,0
22-05 14:41:30,7.965,2.240,87.366,0.747,0.249,4461916,188476,198880,3074216,12672.330,4577.889,0,2465.171,0,149.344,2717,6893,0.820,0.980,1,2,0,1.991,0,0,18,294,9,102,0
22-05 14:41:31,8.754,1.751,87.542,1.251,0,4461860,188476,198880,3074272,16161.741,4298.059,0,1948.934,0,214.103,3242,5512,0.820,0.980,1,2,0,0,0,0,18,293,9,98,0
22-05 14:41:32,8.001,1.250,89.763,0.500,0,4461948,188224,198880,3074436,10648.512,3906.555,0,1052.149,0,102.014,2182,3703,0.820,0.980,1,2,0,0,0,0,18,293,9,99,0
22-05 14:41:33,10.024,2.506,84.699,2.005,0.501,4462128,187972,198880,3074508,34258.507,12858.217,0,5488.899,0,397.935,3734,6208,0.820,0.980,1,1,0,0,0,0,18,293,9,99,0
22-05 14:41:34,16.035,2.004,79.675,0.251,0,4462020,187720,198880,3074868,9037.901,1697.738,0,1270.798,0,138.305,3367,6226,0.820,0.980,1,7,0,0,0,0,18,295,9,102,0
22-05 14:41:35,17.699,2.991,77.029,0.249,0,4284800,364608,198888,3075192,18052.136,281600.960,263.244,1587.439,3.989,117.662,2100,3513,0.830,0.980,1,1,0,13.960,0,0,18,293,9,101,0
22-05 14:41:36,2.499,1.000,95.728,0.250,0,4285024,364384,198888,3075192,8979.953,1693.614,0,795.819,0,46.989,1315,2202,0.830,0.980,1,2,0,2.000,0,0,18,293,9,101,0
22-05 14:41:37,2.749,1.000,94.963,0.500,0,4285480,363920,198888,3075200,9898.150,1619.370,0,2411.062,0,146.943,1436,2495,0.830,0.980,1,3,0,0,0,0,18,293,9,98,0
22-05 14:41:38,2.247,0.499,94.893,1.748,0,4286152,363248,198888,3075200,12867.511,1618.178,0,6524.653,0,836.059,2775,2163,0.830,0.980,1,3,0,0,0,0,18,293,9,98,0
22-05 14:41:39,2.507,0.501,96.776,0,0,4286152,363248,198888,3075200,14479.237,1847.261,0,64.183,0,6.017,1166,1878,0.830,0.980,1,1,0,0,0,0,18,293,9,91,0
22-05 14:41:40,1.499,0.750,96.437,0,0,4286152,363248,198888,3075200,16890.953,1712.880,0,67.956,0,5.996,1158,1937,0.770,0.970,0.990,1,0,0,0,0,18,293,9,91,0
22-05 14:41:41,10.267,2.504,86.142,0.501,0.250,4286264,362996,198888,3075336,10431.201,1622.676,0,564.932,0,106.175,2853,5678,0.770,0.970,0.990,1,0,0,0,0,18,294,9,92,0
22-05 14:41:42,2.994,0.499,94.564,0,0,4286248,362996,198888,3075352,7461.346,1582.891,0,399.216,0,24.951,1324,2164,0.770,0.970,0.990,1,0,0,0,0,18,293,9,92,0
22-05 14:41:43,2.498,1.249,95.675,0.250,0,4286240,362996,198888,3075360,10735.594,1618.733,0,119.906,0,15.987,1343,2300,0.770,0.970,0.990,1,0,0,0,0,18,293,9,92,0
22-05 14:41:44,1.747,0.749,95.596,0,0,4286232,362996,198888,3075368,7617.751,1617.399,0,275.557,0,22.963,1380,2398,0.770,0.970,0.990,0,0,0,0,0,18,293,9,92,0
22-05 14:41:45,2.501,1.000,95.790,0.250,0,4286228,362996,198888,3075372,8721.672,1694.713,0,496.209,0,52.022,1278,2294,0.700,0.950,0.990,2,0,0,0,0,18,293,9,92,0
22-05 14:41:46,2.501,1.001,94.799,0.250,0,4286160,362996,198888,3075440,8200.207,1694.869,0,296.152,0,19.010,1521,2489,0.700,0.950,0.990,2,0,2.001,0,0,18,293,9,89,0
22-05 14:41:47,3.507,0.501,94.190,0.251,0,4286384,362772,198888,3075440,27308.080,10765.714,0,1166.353,0,199.402,1594,2269,0.700,0.950,0.990,3,0,2.004,0,0,18,293,9,89,0
22-05 14:41:48,2.491,0.747,96.640,0,0,4286380,362772,198888,3075444,8111.800,1560.191,0,693.418,0,4.981,1094,1908,0.700,0.950,0.990,1,0,0,0,0,18,293,9,87,0
22-05 14:41:49,1.502,1.001,96.867,0,0,4286380,362772,198888,3075444,7208.686,1513.824,0,0,0,0,1019,1682,0.700,0.950,0.990,1,0,0,0,0,18,293,9,87,0
22-05 14:41:50,2.001,0.750,96.812,0,0,4286380,362772,198888,3075444,10736.839,1695.080,0,0,0,0,968,1766,0.650,0.930,0.980,1,0,0,0,0,18,293,9,83,0
22-05 14:41:51,3.254,0.501,94.127,0.501,0.250,4286372,362772,198888,3075452,7444.079,1622.196,0,348.472,0,51.069,1630,2863,0.650,0.930,0.980,1,0,0,0,0,18,293,9,83,0
22-05 14:41:52,1.247,0.499,95.797,0.249,0,4286372,362772,198888,3075452,7410.290,1616.573,0,375.205,0,26.943,1133,1909,0.650,0.930,0.980,1,0,0,0,0,18,293,9,83,0
22-05 14:41:53,3.255,1.502,94.405,0.501,0,4286372,362772,198888,3075448,8139.349,1622.661,0,629.032,0,39.064,1649,2735,0.650,0.930,0.980,2,0,3.005,0,0,18,293,9,83,0
22-05 14:41:54,2.001,1.001,96.319,0,0,4286372,362772,198888,3075448,7787.615,1621.169,0,264.190,0,23.017,1255,2212,0.650,0.930,0.980,1,0,0,0,0,18,293,9,82,0
22-05 14:41:55,3.747,0.749,93.920,0,0,4286356,362772,198888,3075464,29164.065,10898.682,0,231.802,0,15.986,1380,2142,0.600,0.920,0.980,2,0,0,0,0,18,293,9,82,0
22-05 14:41:56,2.497,0.999,96.152,0.250,0,4286224,362772,198888,3075596,12215.491,1530.433,0,87.910,0,8.991,1227,1938,0.600,0.920,0.980,1,0,1.998,0,0,18,293,9,80,0
22-05 14:41:57,2.254,0.501,96.902,0,0,4286224,362772,198888,3075596,10999.269,1696.664,0,76.120,0,7.011,1045,1798,0.600,0.920,0.980,1,0,0,0,0,18,293,9,80,0
22-05 14:41:58,2.000,1.000,96.523,0,0.500,4286224,362772,198888,3075596,9334.250,1620.391,0,32.008,0,4.001,1122,1900,0.600,0.920,0.980,1,0,0,0,0,18,293,9,80,0
22-05 14:41:59,1.250,0.750,96.487,0,0,4286224,362772,198888,3075596,80462.977,1693.768,0,7.999,0,1.000,1115,1687,0.600,0.920,0.980,2,0,0,0,0,18,293,9,80,0
22-05 14:42:00,1.997,0.499,96.365,0,0.250,4286224,362772,198888,3075596,8436.156,1617.729,0,0,0,0,1041,1863,0.550,0.900,0.970,2,0,0,0,0,18,293,9,80,0
22-05 14:42:01,3.243,0.249,94.785,0.249,0,4286224,362772,198888,3075596,7447.095,1690.163,0,303.311,0,38.912,1576,2799,0.550,0.900,0.970,1,0,0,0,0,18,293,9,80,0
22-05 14:42:02,2.254,1.252,96.182,0,0,4286224,362772,198888,3075596,7756.668,1623.069,0,312.591,0,19.036,1070,1796,0.550,0.900,0.970,1,0,0,0,0,18,293,9,74,0
22-05 14:42:03,2.754,0.250,96.145,0.250,0,4286212,362772,198892,3075604,7435.183,1534.308,0,192.289,0,27.041,1334,2332,0.550,0.900,0.970,2,0,0,0,0,18,293,9,74,0
22-05 14:42:04,2.251,0.750,96.036,0,0,4286212,362772,198892,3075604,13919.289,1694.644,0,272.103,0,23.009,1303,2176,0.550,0.900,0.970,1,0,0,0,0,18,293,9,71,0
22-05 14:42:05,1.000,0.750,96.460,0,0,4286204,362772,198892,3075612,8540.464,1531.366,0,239.901,0,16.993,1105,1934,0.500,0.890,0.970,1,0,0,0,0,18,293,9,71,0
22-05 14:42:06,4.745,1.748,92.159,0.250,0,4289056,359748,198900,3075776,115186.081,1162.850,295.708,231.771,6.993,9.990,1260,1937,0.500,0.890,0.970,4,0,4.995,0,0,18,293,9,70,0
22-05 14:42:07,9.778,4.764,84.741,0.251,0,4295092,353240,198912,3076236,351928.533,10124.785,164.468,92.262,9.026,4.011,1788,2391,0.500,0.890,0.970,1,0,35.100,0,0,18,293,9,70,0
22-05 14:42:08,17.490,5.247,76.457,0,0,4294916,341284,198916,3088332,125716.593,3707.894,131.925,3.998,6.996,0.999,1602,2248,0.500,0.890,0.970,2,0,27.984,0,0,18,293,9,68,0
