"pcp-dstat 5.0.3 CSV Output"
"Author:","PCP team <pcp@groups.io> and Dag Wieers <dag@wieers.com>",,,,"URL:","https://pcp.io/ and http://dag.wieers.com/home-made/dstat/"
"Host:","ubuntu",,,,"User:","ubuntu"
"Cmdline:","dstat -tcmndrylpg --tcp --output /tmp/devstack_logs/dstat-csv.log",,,,"Date:","10 Apr 2023 03:44:47 UTC"
"system","total usage",,,,,"memory usage",,,,"net/total",,"dsk/total",,"io/total",,"system",,"load avg",,,"procs",,,"paging",,"tcp sockets",,,,
"time","total usage:usr","total usage:sys","total usage:idl","total usage:wai","total usage:stl","used","free","buf","cach","net/total:recv","net/total:send","dsk/total:read","dsk/total:writ","read","writ","int","csw","1m","5m","15m","run","blk","new","in","out","lis","act","syn","tim","clo"
10-04 03:44:47,,916584,1201828,202984,5474964,,,,,,,0.990,0.740,0.510,1,0,,,,8,4,0,8,2
10-04 03:44:48,9.487,20.221,68.902,0.999,0.250,918428,1199272,203048,5475384,218079.673,9623.306,0,631.102,0,18.973,2791,4210,0.990,0.740,0.510,2,0,371.471,0,0,8,4,0,8,2
10-04 03:44:49,15.753,19.753,62.261,0.500,0.500,901852,1215536,203112,5475976,89095.681,7376.298,0,508.089,0,16.003,3267,5708,0.990,0.740,0.510,1,0,312.055,0,0,8,4,0,8,2
10-04 03:44:50,18.495,17.995,62.484,0.500,0.250,901452,1214848,203136,5477020,172759.737,8908.666,0,555.854,0,12.997,3346,6585,0.990,0.740,0.510,1,0,204.946,0,0,8,4,0,8,2
10-04 03:44:51,20.248,13.499,66.243,0,0,1047744,1067992,203184,5601896,146839.875,8934.080,0,755.922,0,18.998,3318,7058,0.990,0.740,0.510,2,0,93.990,0,0,9,6,0,8,2
10-04 03:44:52,19.736,7.994,68.200,2.248,0,1051924,1063380,203220,5602188,65606.042,6281.408,0,10896.035,0,134.901,1884,2167,0.990,0.740,0.510,1,1,91.933,0,0,9,6,0,8,2
10-04 03:44:53,9.751,10.501,63.006,15.752,0.250,1052728,1062412,203308,5602260,58331.833,17296.730,0,3976.398,0,117.012,2240,3145,1.070,0.760,0.520,2,0,176.018,0,0,9,6,0,9,2
10-04 03:44:54,24.278,3.504,69.330,2.002,0.250,1115752,998424,203396,5603000,60305.532,6336.306,196.226,1197.381,14.016,21.024,1315,1403,1.070,0.760,0.520,1,0,0,0,0,9,6,0,9,2
10-04 03:44:55,29.006,2.250,67.013,1.000,0.250,1126844,986052,203548,5603936,77959.890,13642.606,12.002,1600.306,1.000,25.005,1465,1823,1.070,0.760,0.520,0,1,1.000,0,0,9,8,0,9,2
10-04 03:44:56,12.986,6.993,59.686,19.729,0.250,1138900,971640,203820,5605840,85410.124,13192.963,0,10532.793,0,825.122,6205,13223,1.070,0.760,0.520,0,1,43.953,0,0,9,8,0,10,2
10-04 03:44:57,10.008,2.752,64.549,20.516,0,1145716,961608,204172,5608588,76531.547,11846.062,0,8662.627,0,644.493,4881,9473,1.070,0.760,0.520,1,0,12.009,0,0,9,8,0,9,2
10-04 03:44:58,8.749,2.750,66.490,19.747,0,1147904,956252,204416,5611456,732371.018,26230.882,0,6378.998,0,623.902,5380,9774,1.070,0.770,0.520,3,1,18.997,0,0,9,8,0,9,2
10-04 03:44:59,11.247,3.749,64.233,18.995,0.250,1151828,948432,204768,5614960,890031.482,30885.001,0,8569.780,0,670.826,6196,10621,1.070,0.770,0.520,0,1,16.996,0,0,9,8,0,9,2
10-04 03:45:00,13.748,3.000,59.741,20.247,0,1156532,940840,205056,5617468,633122.830,24807.428,0,6671.039,0,603.913,5639,9128,1.070,0.770,0.520,4,0,9.999,0,0,9,8,0,9,2
10-04 03:45:01,22.481,6.994,68.442,2.498,0.500,1090740,1006360,205164,5617588,83848.316,10691.987,0,1111.063,0,92.922,2264,3332,1.070,0.770,0.520,1,0,79.933,0,0,9,6,0,9,2
10-04 03:45:02,25.776,2.753,70.572,0.501,0,1145984,950888,205208,5617732,72236.609,6689.817,0,808.824,0,27.028,1212,1353,1.070,0.770,0.520,1,0,2.002,0,0,9,6,0,9,2
10-04 03:45:03,34.007,5.751,58.762,2.000,0,1064352,1030692,205404,5619252,90369.074,6033.207,0,42744.549,0,668.134,2846,2941,1.060,0.770,0.520,1,0,11.002,0,0,9,6,0,9,2
10-04 03:45:04,25.512,3.502,67.281,1.501,0.250,1110772,983464,205556,5619800,300135.663,11888.492,0,7611.517,0,409.189,2538,3199,1.060,0.770,0.520,1,0,5.002,0,0,9,6,0,9,2
10-04 03:45:05,23.468,4.744,68.907,2.746,0,1149340,944656,205676,5619880,57677.078,5891.041,0,7449.935,0,408.448,2260,2973,1.060,0.770,0.520,1,0,0,0,0,9,6,0,9,2
10-04 03:45:06,28.024,10.509,58.050,2.002,0.250,1077764,1009364,205988,5625628,895510.871,22891.526,0,8122.929,0,383.327,3814,4841,1.060,0.770,0.520,3,0,154.131,0,0,9,6,0,9,2
10-04 03:45:07,16.002,18.753,63.009,0.500,0.500,1065264,1020980,206032,5626412,417919.091,15199.113,0,2528.351,0,97.013,3332,4943,1.060,0.770,0.520,1,0,357.050,0,0,9,6,0,9,2
10-04 03:45:08,20.253,16.753,61.010,0.500,0,1067416,1017440,206076,5627788,621047.199,17921.065,0,2828.484,0,25.004,3853,5548,1.060,0.780,0.530,2,0,206.035,0,0,9,6,0,9,2
10-04 03:45:09,39.014,16.256,43.015,1.250,0,1162940,921004,206132,5628676,166677.004,9419.391,324.117,528.190,4.001,9.003,3610,6068,1.060,0.780,0.530,3,0,179.064,0,0,9,7,0,9,2
10-04 03:45:10,45.758,5.251,45.008,3.251,0,1252544,830108,206204,5629648,62904.505,6187.033,372.062,828.138,10.002,44.007,1595,1781,1.060,0.780,0.530,3,0,0,0,0,9,7,0,9,2
10-04 03:45:11,48.734,5.248,44.236,0.750,0.250,1282508,798840,206276,5630744,31276.991,4996.401,0,799.744,0,26.991,2351,4320,1.060,0.780,0.530,3,0,0,0,0,9,7,0,9,2
10-04 03:45:12,36.485,11.245,52.478,0.250,0,1321208,758176,206400,5632168,193274.825,11014.374,0,951.600,0,7.997,3216,5872,1.060,0.780,0.530,1,1,144.939,0,0,9,6,0,10,2
10-04 03:45:13,26.235,2.998,69.211,0.750,0.250,1379796,699160,206432,5632504,139392.964,7574.705,0,1567.111,0,19.989,1254,1331,1.130,0.800,0.540,2,0,0.999,0,0,9,6,0,10,2
10-04 03:45:14,35.016,2.501,61.528,0.500,0,1401576,676880,206480,5632908,53429.097,30684.839,0,568.256,0,31.014,1529,2029,1.130,0.800,0.540,2,0,3.001,0,0,9,12,0,10,2
10-04 03:45:15,24.232,3.747,68.199,1.999,0.250,1323616,754524,206556,5633144,70298.557,41224.247,0,3301.537,0,265.802,3090,4916,1.130,0.800,0.540,2,0,43.967,0,0,9,6,0,12,2
10-04 03:45:16,38.049,6.258,54.320,2.003,0.250,1342356,733840,206688,5634600,69264.867,4529.812,88.113,204.262,12.015,4.005,1305,1544,1.130,0.800,0.540,3,0,5.006,0,0,9,6,0,12,2
10-04 03:45:17,42.747,6.250,47.247,3.500,0,1363808,708224,206984,5637572,130140.061,123221.483,215.987,2247.863,53.997,25.998,3063,4693,1.130,0.800,0.540,2,0,8.000,0,0,9,33,0,12,2
10-04 03:45:18,41.954,6.243,48.697,1.498,0,1341332,710228,207460,5655652,10157.979,2469.321,0,14640.115,0,187.796,1959,2125,1.200,0.820,0.540,3,0,44.951,0,0,9,32,0,12,2
10-04 03:45:19,42.753,6.250,48.753,1.500,0.500,1374596,665440,208224,5664780,68065.016,60655.579,0,2232.132,0,84.005,1835,2235,1.200,0.820,0.540,2,1,0,0,0,9,32,0,9,2
10-04 03:45:20,49.498,13.250,30.749,7.000,0,1379416,647860,208968,5675220,9832.656,1619.943,0,2067.928,0,90.997,2172,2879,1.200,0.820,0.540,4,0,158.994,0,0,9,32,0,9,2
10-04 03:45:21,62.573,8.760,24.528,4.005,0,1441968,562124,209560,5695888,284066.802,266629.557,0,1641.906,0,57.066,2592,4500,1.200,0.820,0.540,7,1,2.002,0,0,9,38,0,11,2
10-04 03:45:22,52.498,19.999,23.249,2.500,0,1373500,625304,209960,5699972,443416.820,435402.149,27.999,2023.917,2.000,94.996,4842,10550,1.200,0.820,0.540,7,0,381.984,0,0,9,37,0,12,2
10-04 03:45:23,86.994,12.999,0,0,0,1564348,434444,209960,5699980,13363.145,3391.783,0,11415.269,0,467.970,2913,2875,1.510,0.890,0.570,7,0,170.989,0,0,9,37,0,12,2
10-04 03:45:24,85.423,12.452,1.494,0.249,0.249,1524804,494140,209996,5680524,722008.707,712330.773,0,1733.361,0,90.653,6088,10708,1.510,0.890,0.570,9,0,65.748,0,0,9,36,0,12,0
10-04 03:45:25,76.553,16.315,7.279,0,0,1436532,582388,210008,5680644,538388.017,514759.447,0,1445.725,0,72.286,5551,12535,1.510,0.890,0.570,6,0,187.743,0,0,9,35,0,12,0
10-04 03:45:26,43.756,9.251,45.006,0,0.250,1335688,683108,210024,5680764,82940.948,75529.970,0,944.125,0,48.006,6365,12952,1.510,0.890,0.570,4,0,120.016,0,0,9,34,0,12,0
10-04 03:45:27,45.980,6.747,45.980,0.500,0.250,1378412,640176,210044,5680908,218931.640,206891.830,0,1863.197,0,42.981,7046,13565,1.510,0.890,0.570,3,0,10.995,0,0,9,34,0,12,0
10-04 03:45:28,41.944,8.988,48.186,0.250,0,1335016,683608,210100,5680836,10938.419,1456.059,0,4350.201,0,253.662,2278,2665,1.550,0.900,0.580,3,0,73.901,0,0,9,34,0,12,0
10-04 03:45:29,43.753,6.250,48.753,0,0,1338384,680056,210108,5680964,135765.874,128088.429,0,252.015,0,8.000,2031,2750,1.550,0.900,0.580,4,0,12.001,0,0,9,35,0,12,0
10-04 03:45:30,38.063,16.026,45.825,0.501,0,1281400,736976,210136,5681000,86880.919,79352.535,0,869.430,0,62.102,2912,4625,1.550,0.900,0.580,3,0,297.489,0,0,9,34,0,13,0
10-04 03:45:31,37.744,28.746,32.245,0,0.250,1292780,725580,210136,5681016,12829.101,1619.760,0,51.992,0,12.998,2913,5455,1.550,0.900,0.580,7,0,713.894,0,0,9,34,0,13,0
10-04 03:45:32,85.761,13.252,0.500,0,0,1484244,534068,210136,5681032,11272.420,1620.204,0,196.025,0,13.002,1981,2312,1.550,0.900,0.580,7,0,90.011,0,0,9,34,0,13,0
10-04 03:45:33,77.666,8.241,13.485,0.250,0,1557108,460952,210160,5681252,1008724.543,997663.533,0,1434.445,0,63.931,5570,13240,1.820,0.970,0.600,2,0,0,0,0,9,39,0,14,0
10-04 03:45:34,71.286,10.967,15.204,0.499,0,1426232,591544,210212,5681464,883351.180,873163.762,0,654.037,0,95.713,6057,13489,1.820,0.970,0.600,8,0,93.719,0,0,9,35,0,16,0
10-04 03:45:35,86.746,12.034,0.501,0,0.752,1461552,556184,210236,5681480,64386.536,55585.585,0,232.660,0,23.065,2193,3423,1.820,0.970,0.600,8,0,163.463,0,0,9,34,0,16,0
10-04 03:45:36,87.121,11.766,1.252,0,0,1577444,439924,210252,5681816,1119274.553,1107982.880,0,452.628,0,40.056,5088,12356,1.820,0.970,0.600,6,0,64.089,0,0,9,37,0,16,0
10-04 03:45:37,81.166,11.488,6.244,0,0,1440444,576648,210280,5682052,1284247.383,1265941.421,0,543.435,0,47.950,5659,16629,1.820,0.970,0.600,4,0,149.844,0,0,9,37,0,16,0
10-04 03:45:38,45.540,11.760,41.286,0.751,0,1303376,713568,210296,5682236,478830.019,471627.731,0,1885.646,0,235.205,4251,9027,1.920,1.010,0.610,2,0,152.133,0,0,9,34,0,18,0
10-04 03:45:39,44.950,6.243,48.446,0,0.250,1372140,644660,210296,5682276,107514.261,99037.781,0,239.731,0,19.978,1886,2633,1.920,1.010,0.610,3,0,0,0,0,9,36,0,18,0
10-04 03:45:40,47.297,17.768,34.034,0.751,0,1356296,660408,210312,5682348,602267.267,595108.108,0,556.557,0,53.053,4169,9941,1.920,1.010,0.610,4,0,330.330,0,0,9,35,0,18,0
10-04 03:45:41,74.478,10.497,14.746,0,0,1428760,587784,210312,5682508,211625.570,205082.501,0,259.923,0,14.996,2419,4170,1.920,1.010,0.610,3,0,51.985,0,0,9,34,0,18,0
10-04 03:45:42,60.776,9.754,29.513,0.250,0,1315184,700252,210348,5683572,952918.849,946023.898,0,664.284,0,75.032,4547,14074,1.920,1.010,0.610,5,0,130.056,0,0,9,34,0,18,0
10-04 03:45:43,84.008,14.501,1.000,0,0,1466964,548456,210352,5683580,62510.751,53649.936,0,276.025,0,21.002,2164,3001,2.160,1.070,0.640,5,0,137.013,0,0,9,34,0,18,0
10-04 03:45:44,66.240,8.749,24.496,0.250,0.250,1504556,510488,210368,5683932,1211969.357,1201645.947,0,2167.666,0,57.991,5475,15201,2.160,1.070,0.640,5,0,0,0,0,9,37,0,19,0
10-04 03:45:45,58.254,17.751,22.752,0.250,0.500,1338552,676400,210392,5684000,534540.814,511403.264,0,556.037,0,59.004,4692,10044,2.160,1.070,0.640,4,0,329.022,0,0,9,34,0,20,0
10-04 03:45:46,67.233,8.498,24.744,0,0,1440180,574748,210396,5684020,290543.330,278216.498,0,247.936,0,16.996,2464,4231,2.160,1.070,0.640,5,0,0,0,0,9,36,0,20,0
10-04 03:45:47,68.736,15.997,13.997,0.250,0,1340964,673732,210416,5684224,925359.928,913391.322,0,723.855,0,76.985,5838,13990,2.160,1.070,0.640,5,0,253.949,0,0,9,34,0,21,0
10-04 03:45:48,66.507,10.501,23.003,0,0,1435436,579096,210416,5684388,156114.485,140802.770,0,236.026,0,12.001,2057,3223,2.310,1.120,0.660,4,0,51.006,0,0,9,35,0,21,0
10-04 03:45:49,70.517,15.004,13.503,0,0,1384284,630016,210420,5684608,978503.927,969628.832,0,26670.294,0,173.041,4635,13132,2.310,1.120,0.660,6,0,241.057,0,0,9,35,0,24,0
10-04 03:45:50,71.008,9.751,19.002,0,0,1438272,576008,210420,5684620,178868.570,168208.344,0,248.029,0,14.002,1800,3422,2.310,1.120,0.660,4,0,51.006,0,0,9,35,0,24,0
10-04 03:45:51,62.248,10.750,25.999,0.250,0.250,1298860,715184,210432,5684840,765566.736,756236.044,0,551.982,0,63.998,5449,12490,2.310,1.120,0.660,5,0,115.996,0,0,9,34,0,24,0
10-04 03:45:52,66.497,8.750,24.499,0,0,1432148,581892,210432,5684844,62844.361,52966.775,0,215.991,0,16.999,1784,2090,2.310,1.120,0.660,5,0,3.000,0,0,9,34,0,24,0
10-04 03:45:53,64.751,13.000,20.750,0.500,0,1355780,657976,210460,5685064,852446.901,842261.687,0,696.015,0,71.001,5815,13155,2.290,1.140,0.660,7,0,245.005,0,0,9,34,0,25,0
10-04 03:45:54,82.010,17.752,0.500,0,0.250,1484792,528920,210468,5685100,69639.426,59610.213,0,42833.183,0,202.024,2384,3618,2.290,1.140,0.660,8,0,227.027,0,0,9,35,0,23,0
10-04 03:45:55,82.772,14.959,1.247,0,0,1414428,598836,210496,5685508,634946.089,627938.402,0,1623.526,0,77.786,5005,11415,2.290,1.140,0.660,9,0,210.420,0,0,9,35,0,24,0
10-04 03:45:56,86.131,14.021,0,0,0.501,1508348,504860,210504,5685552,148477.835,138964.365,0,284.433,0,15.023,2676,9176,2.290,1.140,0.660,7,0,208.317,0,0,9,35,0,25,0
10-04 03:45:57,85.084,13.764,1.251,0,0,1489264,523556,210532,5685904,796275.109,784661.600,0,624.619,0,56.056,5190,12259,2.290,1.140,0.660,7,0,191.189,0,0,9,36,0,26,0
10-04 03:45:58,82.748,14.500,2.000,0,0,1430120,582460,210544,5686128,1103265.212,1094161.458,0,567.985,0,41.999,4299,13831,2.660,1.230,0.700,7,0,216.994,0,0,9,34,0,27,0
10-04 03:45:59,54.490,22.996,19.497,0,0,1380540,631808,210556,5686344,819572.575,809674.307,0,799.860,0,36.994,4538,13342,2.660,1.230,0.700,5,0,582.898,0,0,9,35,0,28,0
10-04 03:46:00,25.486,26.486,46.725,0.250,0.250,1249612,762652,210588,5686392,304164.056,294378.330,0,379.795,0,23.987,3418,7421,2.660,1.230,0.700,4,0,543.707,0,0,9,34,0,28,0
10-04 03:46:01,15.258,26.513,59.029,0,0,1267524,744716,210588,5686416,10341.098,1458.719,0,212.105,0,16.008,2947,4614,2.660,1.230,0.700,6,0,509.251,0,0,9,34,0,28,0
10-04 03:46:02,65.669,27.217,5.244,0,0.250,1419940,592268,210588,5686448,11171.282,2948.379,0,175.784,0,16.979,2550,5123,2.660,1.230,0.700,8,0,585.281,0,0,9,34,0,28,0
10-04 03:46:03,83.873,14.521,1.252,0,0.250,1466416,545512,210600,5686716,669250.460,659076.524,0,869.276,0,74.109,4600,9375,2.930,1.310,0.730,5,0,199.293,0,0,9,37,0,28,0
10-04 03:46:04,82.265,15.003,2.250,0,0.250,1413276,598680,210616,5686668,538008.918,524783.511,0,576.105,0,64.012,3874,9584,2.930,1.310,0.730,7,0,241.044,0,0,9,34,0,28,0
10-04 03:46:05,86.505,13.001,0.750,0,0,1492688,518968,210648,5686912,417662.313,407160.651,0,316.020,0,30.002,3033,6704,2.930,1.310,0.730,9,0,28.002,0,0,9,35,0,28,0
10-04 03:46:06,74.992,9.499,14.748,0.250,0,1551988,458904,210656,5687656,1316254.844,1306418.907,0,595.936,0,48.995,7072,18098,2.930,1.310,0.730,4,0,41.995,0,0,9,38,0,30,0
10-04 03:46:07,57.192,7.492,34.715,0.250,0,1569368,441232,210680,5687916,1287377.599,1278717.381,0,567.425,0,52.946,7630,17280,2.930,1.310,0.730,2,0,0,0,0,9,39,0,35,0
10-04 03:46:08,69.558,10.759,19.016,0,0.250,1421144,589204,210712,5688124,1079340.646,1070403.139,0,916.770,0,112.094,7578,15810,2.940,1.340,0.740,6,0,76.064,0,0,9,34,0,35,0
10-04 03:46:09,85.381,14.230,0.499,0,0.250,1471724,538448,210712,5688296,49042.586,41055.727,0,315.560,0,18.974,2071,2598,2.940,1.340,0.740,9,0,119.833,0,0,9,35,0,35,0
10-04 03:46:10,84.990,12.748,1.500,0,0.250,1571672,438364,210744,5688396,743376.538,734831.555,0,491.941,0,37.995,4531,9190,2.940,1.340,0.740,5,0,0,0,0,9,38,0,35,0
10-04 03:46:11,50.320,5.007,43.561,0.250,0.250,1572424,437104,210784,5688852,1260269.816,1252291.695,0,556.776,0,53.074,7698,17644,2.940,1.340,0.740,3,0,0,0,0,9,39,0,39,0
10-04 03:46:12,46.985,4.749,45.236,0.250,0,1573584,435648,210816,5689100,1195401.621,1177871.038,0,483.850,0,45.986,7515,15602,2.940,1.340,0.740,2,0,1.999,0,0,9,39,0,43,0
10-04 03:46:13,60.629,9.731,29.691,0,0,1538584,470132,210824,5689596,1165115.109,1155390.597,0,471.056,0,42.914,6298,15364,2.860,1.350,0.750,5,0,71.856,0,0,9,38,0,45,0
10-04 03:46:14,77.943,9.524,11.529,0.251,0,1339472,668992,210860,5689804,701830.944,693606.531,0,2430.031,0,59.147,4967,11189,2.860,1.350,0.750,5,0,92.229,0,0,9,35,0,46,0
10-04 03:46:15,81.143,16.229,1.498,0,0,1491708,515400,210880,5691140,502090.245,492290.162,0,371.510,0,29.961,4030,8107,2.860,1.350,0.750,6,0,153.797,0,0,9,35,0,46,0
10-04 03:46:16,81.819,9.758,7.256,0.500,0,1511636,493976,210908,5692596,984037.512,972774.995,0,528.447,0,56.047,5311,12030,2.860,1.350,0.750,6,0,5.004,0,0,9,38,0,46,0
10-04 03:46:17,82.539,13.256,3.752,0,0.500,1481144,524228,210924,5692812,975105.299,964757.436,0,480.226,0,46.022,6222,12627,2.860,1.350,0.750,5,0,99.047,0,0,9,35,0,44,0
10-04 03:46:18,82.246,15.249,2.500,0,0.250,1477028,527968,210952,5693156,731690.074,721841.517,0,411.981,0,32.999,5679,11452,3.030,1.410,0.770,6,0,138.994,0,0,9,36,0,44,0
10-04 03:46:19,82.620,14.142,1.737,0,0.248,1463024,541688,210976,5693416,862196.887,852604.042,0,7848.150,0,217.343,5963,13469,3.030,1.410,0.770,8,0,127.031,0,0,9,35,0,44,0
10-04 03:46:20,83.135,13.604,3.275,0,0,1526540,477900,210988,5693660,1009539.846,1000807.164,0,431.293,0,37.285,6179,12997,3.030,1.410,0.770,4,0,66.508,0,0,9,37,0,44,0
10-04 03:46:21,77.177,10.990,9.491,0,0,1527944,476104,211040,5693980,1332945.698,1324608.543,0,567.466,0,61.942,7214,18004,3.030,1.410,0.770,4,0,30.971,0,0,9,38,0,48,0
10-04 03:46:22,80.822,13.762,5.505,0.250,0,1460120,543528,211064,5694352,674516.995,662195.016,0,420.375,0,42.037,4786,10512,3.030,1.410,0.770,6,0,124.111,0,0,9,35,0,49,0
10-04 03:46:23,86.024,13.004,1.000,0,0,1543452,460116,211080,5694412,662785.254,654840.046,0,304.085,0,28.008,5755,9786,3.190,1.470,0.790,6,0,37.010,0,0,9,35,0,46,0
10-04 03:46:24,66.974,7.747,24.741,0.250,0,1577152,425952,211120,5694824,1113305.604,1103389.402,0,695.734,0,61.976,7167,15327,3.190,1.470,0.790,7,0,0,0,0,9,38,0,48,0
10-04 03:46:25,75.479,14.996,7.748,0,0,1377508,625360,211176,5695000,974037.062,964967.529,0,723.803,0,72.980,4267,14092,3.190,1.470,0.790,5,0,266.927,0,0,9,35,0,49,0
10-04 03:46:26,84.039,13.006,2.001,0,0.500,1471828,530828,211176,5695208,483066.109,473616.705,0,276.129,0,19.009,2758,6971,3.190,1.470,0.790,6,0,55.026,0,0,9,35,0,49,0
10-04 03:46:27,80.987,12.498,6.249,0,0.500,1492516,509872,211196,5695452,1048069.309,1040274.556,0,403.935,0,39.994,5321,14086,3.190,1.470,0.790,6,0,35.994,0,0,9,35,0,50,0
10-04 03:46:28,81.779,15.005,2.751,0,0,1383904,618240,211220,5695664,727129.495,704148.452,0,432.151,0,53.019,3686,10686,3.260,1.520,0.810,5,0,174.061,0,0,9,34,0,50,0
10-04 03:46:29,84.439,11.242,3.997,0,0,1510928,490868,211240,5695972,564098.593,549612.081,0,423.693,0,52.962,3274,7563,3.260,1.520,0.810,6,0,0.999,0,0,9,34,0,50,0
10-04 03:46:30,79.604,15.222,4.492,0,0,1469472,531912,211276,5696336,1052760.185,1039027.385,0,1341.538,0,72.866,5556,13402,3.260,1.520,0.810,6,0,130.760,0,0,9,35,0,52,0
10-04 03:46:31,79.351,14.769,5.257,0,0,1439400,561720,211312,5696552,862253.337,851233.364,0,368.467,0,33.042,4516,12038,3.260,1.520,0.810,6,0,97.123,0,0,9,35,0,51,0
10-04 03:46:32,84.829,13.262,1.001,0,0,1456872,544072,211316,5696720,572804.145,563264.215,0,252.236,0,22.021,2948,8650,3.260,1.520,0.810,6,0,84.079,0,0,9,35,0,51,0
10-04 03:46:33,82.753,13.001,3.500,0,0,1381188,619552,211332,5696904,610006.400,600820.033,0,476.019,0,53.002,3617,9609,3.240,1.540,0.820,6,0,130.005,0,0,9,35,0,51,0
10-04 03:46:34,82.759,13.752,3.500,0,0.250,1466988,533440,211368,5697172,513359.496,504691.525,0,484.054,0,57.006,4648,10108,3.240,1.540,0.820,5,0,103.012,0,0,9,35,0,51,0
10-04 03:46:35,77.742,14.998,5.249,0,0,1443104,557104,211380,5697372,678242.819,669255.736,0,611.938,0,48.995,4879,10947,3.240,1.540,0.820,4,1,159.984,0,0,9,34,0,49,1
10-04 03:46:36,83.276,13.504,2.001,0.500,0.750,1442080,558072,211392,5697416,520874.471,512072.743,0,244.076,0,22.007,3747,8477,3.240,1.540,0.820,5,0,89.028,0,0,9,36,0,49,0
10-04 03:46:37,74.947,11.742,13.490,0,0,1387476,612268,211420,5697784,958516.453,950583.086,0,543.614,0,47.966,4854,12756,3.240,1.540,0.820,4,1,130.907,0,0,9,35,0,49,0
10-04 03:46:38,63.216,12.493,24.487,0,0,1416228,583312,211444,5697960,408288.932,398886.000,0,511.724,0,57.969,3311,7470,3.220,1.560,0.830,4,0,146.921,0,0,9,34,0,50,0
10-04 03:46:39,64.850,9.977,23.695,0.249,0,1432140,567344,211452,5698004,458797.050,450056.319,0,283.343,0,26.938,3613,6798,3.220,1.560,0.830,3,1,65.847,0,0,9,35,0,49,0
10-04 03:46:40,63.461,11.288,24.582,0,0.251,1430032,569160,211488,5698248,859386.899,850696.970,0,377.256,0,36.120,5093,10955,3.220,1.560,0.830,3,0,70.234,0,0,9,36,0,51,0
10-04 03:46:41,60.435,14.484,24.474,0,0,1394972,603968,211512,5698460,436003.117,419899.509,0,539.417,0,63.931,3983,8315,3.220,1.560,0.830,4,0,128.861,0,0,9,35,0,53,0
10-04 03:46:42,64.722,11.245,23.740,0,0,1419780,578980,211520,5698628,330560.181,320776.349,0,383.836,0,29.987,2893,5343,3.220,1.560,0.830,4,0,104.955,0,0,9,35,0,54,0
10-04 03:46:43,64.600,11.267,24.538,0.250,0,1425012,573600,211544,5698748,666096.782,657914.083,0,472.734,0,45.070,5067,9627,3.200,1.590,0.840,4,0,95.148,0,0,9,35,0,55,0
10-04 03:46:44,66.241,8.499,24.497,0,0,1342200,656120,211556,5699020,816307.431,807089.657,0,503.933,0,46.994,5488,12057,3.200,1.590,0.840,6,0,36.995,0,0,9,34,0,57,0
10-04 03:46:45,48.925,11.982,37.692,0,0.499,1330136,668056,211568,5699136,408960.201,399350.999,0,2607.984,0,45.929,3623,7556,3.200,1.590,0.840,2,0,198.694,0,0,9,34,0,52,0
10-04 03:46:46,44.242,5.999,48.241,0.250,0.250,1366132,632020,211584,5699160,339037.600,329808.326,0,239.955,0,19.996,2226,4615,3.200,1.590,0.840,2,0,1.000,0,0,9,35,0,52,0
10-04 03:46:47,45.831,5.760,48.586,0,0.250,1363220,634780,211592,5699300,203579.317,194808.838,0,364.644,0,34.060,2059,3753,3.200,1.590,0.840,2,0,6.011,0,0,9,35,0,52,0
10-04 03:46:48,41.983,8.996,46.981,0.250,0,1327136,670660,211604,5699488,639927.070,629881.229,0,339.859,0,28.988,3873,8362,3.100,1.600,0.850,2,0,63.974,0,0,9,35,0,52,0
10-04 03:46:49,44.201,7.492,48.196,0.250,0,1341000,656780,211604,5699500,175765.022,168108.559,0,279.688,0,21.975,2062,3468,3.100,1.600,0.850,2,0,7.991,0,0,9,34,0,52,0
10-04 03:46:50,44.992,4.999,48.241,1.000,0,1389480,608260,211616,5699528,281318.237,273552.666,0,7542.612,0,234.957,2697,4399,3.100,1.600,0.850,3,0,0,0,0,9,35,0,50,0
10-04 03:46:51,36.041,16.018,46.803,0.250,0,1303092,694588,211632,5699572,313157.747,303886.215,0,396.450,0,38.043,3751,6945,3.100,1.600,0.850,4,0,271.308,0,0,9,34,0,50,0
10-04 03:46:52,40.991,10.998,47.240,0,0,1366052,631484,211640,5699708,192799.970,182708.170,0,343.925,0,25.994,2603,4175,3.100,1.600,0.850,3,0,111.976,0,0,9,35,0,50,0
10-04 03:46:53,45.286,7.005,48.038,0.751,0.250,1349168,648320,211648,5699744,355770.924,349567.061,0,364.286,0,35.027,3433,5954,3.010,1.600,0.860,3,0,32.025,0,0,9,35,0,51,0
10-04 03:46:54,42.448,8.490,47.941,0,0.250,1357400,640052,211660,5699768,266496.210,259213.168,0,223.725,0,17.978,2670,4504,3.010,1.600,0.860,3,0,46.942,0,0,9,34,0,51,0
10-04 03:46:55,43.994,6.499,48.244,0,0.500,1325732,671692,211664,5699792,527245.876,519755.872,0,343.954,0,23.997,3707,7163,3.010,1.600,0.860,2,0,4.999,0,0,9,34,0,51,0
10-04 03:46:56,49.191,9.489,40.701,0.250,0,1390968,606380,211668,5699852,508806.958,502161.912,0,267.680,0,19.976,3737,10587,3.010,1.600,0.860,3,0,84.898,0,0,9,35,0,54,0
10-04 03:46:57,37.587,17.541,44.854,0.251,0,1325288,671788,211668,5700108,279840.551,270379.659,0,396.918,0,34.079,3517,7209,3.010,1.600,0.860,1,0,319.740,0,0,9,35,0,56,0
10-04 03:46:58,19.978,6.493,72.918,0.250,0,1297024,700044,211672,5700112,21584.696,11498.053,0,231.739,0,19.978,1686,2305,2.850,1.590,0.860,1,0,100.886,0,0,9,34,0,52,0
10-04 03:46:59,23.242,2.999,73.474,0,0,1324036,673016,211676,5700120,79917.949,55605.482,0,183.935,0,15.994,1492,1792,2.850,1.590,0.860,1,0,0,0,0,9,34,0,52,0
10-04 03:47:00,18.756,6.752,71.273,0.750,0.250,1270732,726168,211684,5700264,173247.132,157750.111,0,1032.334,0,83.027,2754,4512,2.850,1.590,0.860,1,0,94.030,0,0,9,34,0,51,0
10-04 03:47:01,22.501,4.000,73.755,0,0.500,1321488,675404,211684,5700272,14628.951,1662.108,0,208.014,0,10.001,1145,1234,2.850,1.590,0.860,1,0,1.000,0,0,9,34,0,51,0
10-04 03:47:02,24.243,3.499,71.229,0.250,0.250,1323196,673536,211688,5700428,352030.559,334700.602,0,207.939,0,17.995,2921,5325,2.850,1.590,0.860,1,0,1.999,0,0,9,36,0,51,0
10-04 03:47:03,22.028,4.506,72.341,0,0,1293312,703416,211692,5700424,126221.544,116484.236,0,232.294,0,23.029,1840,2976,2.620,1.570,0.850,3,0,32.040,0,0,9,35,0,51,0
10-04 03:47:04,24.229,2.248,72.687,0.500,0.250,1322624,674088,211692,5700440,80080.090,55130.871,0,355.689,0,21.981,1289,1861,2.620,1.570,0.850,2,0,0,0,0,9,35,0,51,0
10-04 03:47:05,24.991,2.999,71.475,0.500,0.250,1323664,673008,211692,5700476,522022.858,514329.528,0,1607.442,0,95.967,2794,6411,2.620,1.570,0.850,1,0,0,0,0,9,36,0,52,0
10-04 03:47:06,21.033,5.258,73.115,0,0.250,1290552,706108,211692,5700488,41070.398,32057.266,0,0,0,0,1444,1946,2.620,1.570,0.850,2,0,58.091,0,0,9,35,0,52,0
10-04 03:47:07,23.005,3.251,73.515,0,0,1324724,671804,211692,5700620,80056.492,70915.609,0,44.009,0,6.001,1371,2030,2.620,1.570,0.850,2,0,0,0,0,9,36,0,52,0
10-04 03:47:08,20.714,5.491,72.625,0.250,0,1299744,696784,211692,5700620,80476.500,72322.533,0,351.395,0,31.945,1833,2731,2.490,1.560,0.850,2,0,92.840,0,0,9,35,0,45,0
10-04 03:47:09,22.755,3.251,73.767,0,0.250,1325248,671268,211692,5700632,107313.467,101199.073,0,60.014,0,7.002,1423,2219,2.490,1.560,0.850,2,0,0,0,0,9,35,0,45,0
10-04 03:47:10,17.750,9.250,71.500,0.500,0.250,1290692,705792,211700,5700656,127358.509,120281.481,0,576.002,0,46.000,2355,3893,2.490,1.560,0.850,2,0,101.000,0,0,9,34,0,45,0
10-04 03:47:11,22.996,2.750,73.488,0.250,0,1326188,670292,211700,5700660,71069.558,62741.899,0,211.966,0,14.998,1409,1838,2.490,1.560,0.850,1,0,0,0,0,9,35,0,45,0
10-04 03:47:12,19.246,7.498,72.234,0.500,0.500,1281784,714684,211700,5700668,158797.065,149704.065,0,167.963,0,21.995,2486,4054,2.490,1.560,0.850,1,0,96.979,0,0,9,34,0,38,0
10-04 03:47:13,22.505,3.001,73.016,0,0,1322612,673844,211700,5700680,71255.748,54927.139,0,144.032,0,8.002,1321,1783,2.370,1.550,0.850,2,0,0,0,0,9,34,0,38,0
10-04 03:47:14,23.999,3.500,71.747,0.250,0.250,1263228,733056,211704,5700840,411763.059,401966.510,0,287.987,0,33.998,2550,6119,2.370,1.550,0.850,2,0,13.999,0,0,9,34,0,33,0
10-04 03:47:15,22.541,3.506,74.136,0,0,1314860,681420,211708,5700840,9881.181,1622.986,0,108.199,0,6.011,1195,1381,2.370,1.550,0.850,1,0,18.033,0,0,9,34,0,33,0
10-04 03:47:16,23.495,3.249,72.734,0,0.250,1325748,670520,211716,5700844,214431.897,207145.464,0,695.850,0,18.996,1792,3562,2.370,1.550,0.850,2,0,0,0,0,9,35,0,33,0
10-04 03:47:17,23.221,5.244,71.911,0.250,0,1261388,734832,211724,5700884,400083.697,389720.475,0,331.591,0,24.969,2947,6143,2.370,1.550,0.850,2,0,61.924,0,0,9,34,0,34,0
10-04 03:47:18,22.244,18.495,58.233,0.250,0.250,1307548,688412,211756,5701108,23382.336,13338.199,0,295.916,0,23.993,2733,4300,2.420,1.570,0.870,2,0,345.901,0,0,9,34,0,36,0
10-04 03:47:19,44.509,5.751,49.010,0.250,0.250,1414052,581092,211840,5701808,9444.965,1620.337,20.004,248.052,1.000,8.002,1205,1223,2.420,1.570,0.870,2,0,1.000,0,0,9,34,0,36,0
10-04 03:47:20,24.538,6.009,49.327,19.030,0.250,1449232,543472,212104,5703856,28615.841,19128.975,348.546,5929.291,23.036,435.683,4282,7698,2.420,1.570,0.870,1,1,28.044,0,0,9,38,0,36,0
10-04 03:47:21,29.692,4.741,43.914,20.460,0.250,1396640,594116,212352,5705508,14716.347,7870.676,0,8431.584,0,743.552,5259,9261,2.420,1.570,0.870,1,1,34.932,0,0,9,38,0,36,0
10-04 03:47:22,30.553,5.510,46.831,17.781,0,1443684,545416,212484,5706996,16459.409,7846.543,0,5934.243,0,608.049,5198,9473,2.420,1.570,0.870,2,1,30.052,0,0,9,38,0,31,0
10-04 03:47:23,30.002,5.000,46.752,18.001,0,1386376,601384,212572,5708248,18435.977,9089.482,0,4996.265,0,550.029,4502,8763,2.470,1.590,0.880,1,2,35.002,0,0,9,38,0,31,0
10-04 03:47:24,30.241,5.248,51.234,11.496,0.250,1434836,551652,212776,5709212,19696.894,9830.952,0,4526.597,0,545.831,4035,8562,2.470,1.590,0.880,1,1,18.994,0,0,9,38,0,29,0
10-04 03:47:25,32.463,5.494,49.694,12.486,0,1365020,621440,212916,5709060,38019.114,28219.169,0,5086.263,0,641.277,4119,9492,2.470,1.590,0.880,1,1,7.991,0,0,9,40,0,29,0
10-04 03:47:26,44.242,5.749,48.741,0.250,0,1387652,598792,212920,5709072,12850.725,5930.950,0,495.912,0,33.994,1376,1658,2.470,1.590,0.880,2,0,6.999,0,0,9,34,0,28,0
10-04 03:47:27,42.009,7.001,47.510,3.751,0,1453036,533340,212968,5709088,77623.611,69161.801,0,1752.375,0,261.056,3085,5617,2.470,1.590,0.880,1,1,2.000,0,0,9,38,0,28,0
10-04 03:47:28,32.297,7.261,54.329,4.006,0.501,1417504,568236,213304,5709372,253303.076,244403.073,0,12526.301,0,1430.089,9894,19063,2.510,1.620,0.890,1,1,2.003,0,0,9,38,0,27,0
10-04 03:47:29,36.203,7.241,54.180,1.997,0.250,1456480,528672,213676,5709576,235473.884,224390.293,0,5568.761,0,1019.674,8742,16776,2.510,1.620,0.890,2,1,0.999,0,0,9,38,0,27,0
10-04 03:47:30,33.985,8.746,55.725,1.249,0,1328428,656620,213732,5709620,57645.886,47290.577,0,1311.406,0,225.898,3429,5543,2.510,1.620,0.890,1,0,99.955,0,0,9,34,0,27,0
10-04 03:47:31,22.751,3.000,73.002,0.500,0,1379624,605420,213732,5709624,11563.347,1620.049,0,1800.054,0,173.005,1436,1278,2.510,1.620,0.890,1,0,1.000,0,0,9,34,0,25,0
10-04 03:47:32,22.008,4.001,71.524,1.751,0.250,1329728,655272,213764,5709636,22408.641,1620.553,0,6902.354,0,404.138,2272,3027,2.510,1.620,0.890,1,0,4.001,0,0,9,34,0,25,0
10-04 03:47:33,22.748,3.500,71.993,1.000,0,1372764,612212,213784,5709640,11830.912,1619.851,0,6947.361,0,415.962,2145,2957,2.390,1.610,0.890,1,0,1.000,0,0,9,34,0,25,0
10-04 03:47:34,23.493,2.749,71.230,1.500,0.250,1305708,679252,213836,5709604,11376.758,1619.538,0,7029.996,0,411.883,2162,3219,2.390,1.610,0.890,1,0,1.999,0,0,9,34,0,25,0
10-04 03:47:35,22.254,3.000,73.012,0.500,0.250,1367616,617284,213844,5709656,12341.012,1620.264,0,2892.471,0,155.025,1404,1904,2.390,1.610,0.890,1,0,0,0,0,9,34,0,25,0
10-04 03:47:36,21.777,3.504,73.843,0.250,0,1302160,682624,213852,5709764,12179.346,1622.044,0,212.267,0,48.061,1178,1207,2.390,1.610,0.890,1,0,3.004,0,0,9,34,0,25,0
10-04 03:47:37,22.738,3.748,73.961,0,0,1324080,660692,213852,5709776,8885.309,1619.145,0,0,0,0,1073,1191,2.390,1.610,0.890,1,0,1.999,0,0,9,34,0,24,0
10-04 03:47:38,20.982,4.246,73.686,0,0,1369752,615016,213852,5709776,10762.669,1510.690,0,0,0,0,997,1146,2.280,1.600,0.890,1,0,0.999,0,0,9,34,0,24,0
10-04 03:47:39,21.256,4.751,73.019,0.500,0.500,1302148,682584,213864,5709796,7354.949,1620.429,0,496.131,0,36.010,1235,1626,2.280,1.600,0.890,1,0,2.001,0,0,9,34,0,23,0
10-04 03:47:40,22.746,2.500,73.736,0,0,1284172,700468,213864,5709884,11622.745,1565.696,0,99.981,0,3.999,1009,1154,2.280,1.600,0.890,1,0,1.000,0,0,9,34,0,23,0
10-04 03:47:41,22.263,3.502,73.793,0,0.250,1345936,638704,213864,5709884,7980.653,1620.945,0,0,0,0,992,1178,2.280,1.600,0.890,1,0,1.001,0,0,9,34,0,19,0
10-04 03:47:42,21.494,4.749,73.478,0,0,1335808,648816,213864,5709900,10263.982,1619.524,0,0,0,0,1073,1251,2.280,1.600,0.890,2,0,3.999,0,0,9,34,0,19,0
10-04 03:47:43,22.742,2.999,73.973,0,0,1384540,600084,213864,5709900,18310.244,1619.402,0,0,0,0,1057,1203,2.180,1.590,0.890,2,0,1.000,0,0,9,34,0,17,0
10-04 03:47:44,11.764,16.519,70.832,0,0.250,1284260,700244,213872,5710012,9767.301,1621.877,0,352.408,0,4.005,2373,3738,2.180,1.590,0.890,2,0,321.372,0,0,9,34,0,17,0
10-04 03:47:45,9.237,19.223,69.903,0,0.250,1284276,700164,213876,5710072,9935.150,1617.745,0,675.059,0,10.985,2682,4158,2.180,1.590,0.890,3,0,372.481,0,0,9,34,0,14,0
10-04 03:47:46,10.256,18.511,69.541,0,0,1283520,700876,213876,5710108,10902.422,1620.955,0,336.198,0,7.004,2707,4288,2.180,1.590,0.890,1,0,385.227,0,0,9,34,0,14,0
10-04 03:47:47,15.247,11.997,71.735,0,0.750,1311852,672536,213876,5710108,11526.591,1619.661,0,0,0,0,2040,2883,2.180,1.590,0.890,1,0,205.957,0,0,9,34,0,14,0
10-04 03:47:48,21.752,3.750,73.756,0,0,1373112,611276,213876,5710108,10576.920,1512.132,0,0,0,0,1137,1216,2.080,1.580,0.890,1,0,1.000,0,0,9,34,0,14,0
10-04 03:47:49,22.504,4.501,73.262,0.500,0.250,1315884,668504,213876,5710108,10617.731,1620.264,0,480.078,0,34.006,1372,1633,2.080,1.580,0.890,1,0,2.000,0,0,9,34,0,13,0
10-04 03:47:50,22.250,3.250,73.751,0,0,1373876,610512,213876,5710108,10674.096,1620.015,0,0,0,0,1094,1173,2.080,1.580,0.890,1,0,1.000,0,0,9,34,0,13,0
10-04 03:47:51,22.267,3.503,74.055,0,0,1317436,666944,213876,5710112,12392.195,1567.163,0,16.012,0,1.001,1129,1245,2.080,1.580,0.890,1,0,2.001,0,0,9,34,0,12,0
10-04 03:47:52,21.977,4.495,73.173,0.250,0,1373788,610588,213876,5710112,11701.643,1618.291,0,2145.734,0,76.919,1189,1316,2.080,1.580,0.890,1,0,2.997,0,0,9,34,0,12,0
10-04 03:47:53,23.253,2.500,73.760,0,0.250,1315464,668912,213876,5710112,10513.472,1620.227,0,12.002,0,1.000,1054,1233,2,1.570,0.890,1,0,2.000,0,0,9,34,0,11,0
10-04 03:47:54,22.778,3.004,73.088,0,0.250,1373452,610920,213876,5710112,10022.107,1621.959,0,224.271,0,2.002,1087,1327,2,1.570,0.890,1,0,1.001,0,0,9,34,0,11,0
10-04 03:47:55,22.008,3.501,74.027,0,0.250,1314684,669696,213876,5710104,9482.509,1724.638,0,12.004,0,1.000,1006,1221,2,1.570,0.890,3,0,2.001,0,0,9,34,0,10,0
10-04 03:47:56,22.250,2.750,73.999,0,0,1373176,611204,213876,5710104,12465.875,1619.984,0,0,0,0,975,1171,2,1.570,0.890,1,0,1.000,0,0,9,34,0,10,0
10-04 03:47:57,26.722,5.994,66.181,0,0.250,1312940,671432,213876,5710112,10636.927,2651.240,0,31.967,0,3.996,1635,5413,2,1.570,0.890,1,0,35.963,0,0,9,34,0,5,0
10-04 03:47:58,22.998,3.000,73.742,0,0,1371876,612496,213876,5710112,8523.088,1619.827,0,0,0,0,998,1091,1.920,1.560,0.900,1,0,1.000,0,0,9,34,0,5,0
10-04 03:47:59,22.500,3.250,73.251,0.250,0.250,1309348,674992,213884,5710136,11285.226,1620.032,0,412.008,0,33.001,1304,1602,1.920,1.560,0.900,1,0,2.000,0,0,9,34,0,5,0
10-04 03:48:00,22.238,3.498,73.462,0,0,1373096,611260,213884,5710120,8616.537,1619.161,0,0,0,0,1015,1140,1.920,1.560,0.900,1,0,0.999,0,0,9,34,0,5,0
10-04 03:48:01,22.035,3.255,74.117,0,0.250,1305224,679204,213884,5710048,9057.247,1622.552,0,16.025,0,1.002,1024,1197,1.920,1.560,0.900,2,0,2.003,0,0,9,34,0,5,0
10-04 03:48:02,21.502,3.750,73.258,0.250,0,1362112,622316,213884,5710048,11489.264,1662.183,0,436.048,0,59.006,1155,1264,1.920,1.560,0.900,3,0,2.000,0,0,9,34,0,5,0
10-04 03:48:03,22.714,3.245,74.132,0,0.250,1297316,687016,213884,5710140,9407.005,1563.508,0,87.860,0,0.998,1003,1194,1.840,1.550,0.900,2,0,1.997,0,0,9,34,0,5,0
10-04 03:48:04,21.744,3.999,73.229,0.250,0,1316656,667676,213888,5710136,10561.969,1661.523,0,63.982,0,2.999,1159,1289,1.840,1.550,0.900,2,0,2.999,0,0,9,34,0,5,0
10-04 03:48:05,22.505,3.001,74.015,0,0,1373404,610944,213888,5710120,9914.042,1620.334,0,0,0,0,1137,1229,1.840,1.550,0.900,2,0,1.000,0,0,9,34,0,4,0
10-04 03:48:06,22.787,3.255,73.619,0,0.250,1314164,670164,213888,5710140,9796.841,1622.624,0,20.032,0,1.002,1112,1247,1.840,1.550,0.900,2,0,2.003,0,0,9,34,0,4,0
10-04 03:48:07,23.502,2.000,73.756,0,0,1299516,684812,213888,5710140,10022.772,1512.116,0,28.002,0,2.000,993,1186,1.840,1.550,0.900,3,0,1.000,0,0,9,34,0,4,0
10-04 03:48:08,21.749,3.250,74.248,0,0.250,1290224,694104,213888,5710140,11162.732,1619.961,0,16.000,0,1.000,970,1151,1.770,1.540,0.900,2,0,2.000,0,0,9,34,0,4,0
10-04 03:48:09,22.246,3.499,73.486,0.250,0.500,1352256,632080,213892,5710128,10126.025,1619.684,0,379.926,0,30.994,1204,1667,1.770,1.540,0.900,3,0,1.000,0,0,9,34,0,4,0
10-04 03:48:10,22.000,3.000,73.750,0,0,1382468,601856,213892,5710140,9533.038,1620.006,0,12.000,0,1.000,943,1141,1.770,1.540,0.900,2,0,1.000,0,0,9,34,0,4,0
10-04 03:48:11,11.237,18.230,69.172,0,0,1286788,697504,213892,5710172,11413.183,1618.183,0,95.892,0,7.991,2657,4136,1.770,1.540,0.900,2,0,387.565,0,0,9,34,0,4,0
10-04 03:48:12,22.246,3.249,73.735,0,0.250,1348880,635396,213896,5710184,10655.858,1619.674,0,59.988,0,2.000,1085,1212,1.770,1.540,0.900,2,0,2.999,0,0,9,34,0,4,0
10-04 03:48:13,22.532,3.255,73.855,0,0,1294656,689348,213896,5710424,10924.535,1622.307,0,0,0,0,1112,1224,1.710,1.530,0.900,2,0,9.013,0,0,9,34,0,4,0
10-04 03:48:14,21.752,3.500,73.757,0,0.250,1360228,623772,213896,5710428,17635.640,1566.146,0,132.012,0,2.000,987,1230,1.710,1.530,0.900,3,0,1.000,0,0,9,34,0,4,0
10-04 03:48:15,17.242,11.995,69.969,0,0,1284708,699236,213896,5710484,23771.350,1619.275,0,15.993,0,1.000,1992,2938,1.710,1.530,0.900,2,0,221.901,0,0,9,34,0,4,0
10-04 03:48:16,8.749,19.748,69.991,0,0.250,1284460,699448,213896,5710520,15545.041,1511.810,0,95.988,0,5.999,2695,4099,1.710,1.530,0.900,3,0,363.954,0,0,9,34,0,4,0
10-04 03:48:17,10.490,19.732,69.187,0,0.250,1285484,698404,213896,5710540,11095.825,1618.516,0,579.469,0,80.926,2850,4339,1.710,1.530,0.900,3,0,387.645,0,0,9,34,0,4,0
10-04 03:48:18,9.011,20.024,69.332,0.250,0,1284812,699040,213896,5710576,13491.974,1621.920,0,572.678,0,11.013,2691,4215,1.650,1.520,0.900,2,0,363.430,0,0,9,34,0,3,0
10-04 03:48:19,11.242,18.987,67.702,0.749,0.749,1284940,698884,213908,5710592,8793.765,1618.852,0,2957.903,0,115.918,3008,4768,1.650,1.520,0.900,3,0,384.727,0,0,9,34,0,3,0
10-04 03:48:20,10.249,19.999,68.746,0,0,1284692,699112,213908,5710612,12997.194,1619.900,0,879.945,0,9.999,2673,4027,1.650,1.520,0.900,3,0,382.976,0,0,9,34,0,1,0
10-04 03:48:21,10.752,19.003,69.012,0,0.250,1284940,698844,213908,5710632,10794.814,1620.272,0,880.148,0,10.002,2656,4084,1.650,1.520,0.900,2,0,379.064,0,0,9,34,0,1,0
10-04 03:48:22,9.498,18.495,70.982,0,0,1284568,699184,213908,5710664,9467.624,1619.593,0,335.916,0,55.986,2739,4190,1.650,1.520,0.900,2,0,364.908,0,0,9,34,0,1,0
10-04 03:48:23,9.500,18.500,70.499,0,0.500,1285240,698488,213908,5710688,9629.856,1619.976,0,79.999,0,5.000,2604,3906,1.520,1.500,0.890,3,0,344.995,0,0,9,34,0,1,0
10-04 03:48:24,17.017,22.022,59.810,0.751,0.250,1299764,683932,213912,5710716,21559.754,13357.478,0,540.545,0,26.026,2987,4847,1.520,1.500,0.890,2,0,454.459,0,0,9,34,0,3,0
10-04 03:48:25,57.248,24.749,17.499,0,0,1396860,586592,213948,5710856,42942.325,24961.027,0,731.971,0,50.998,2922,5674,1.520,1.500,0.890,5,0,581.977,0,0,9,34,0,7,0
10-04 03:48:26,73.681,19.482,2.747,2.997,0,1546784,417952,214060,5726300,8780.825,1762.359,3189.031,13831.123,28.973,117.890,2534,4526,1.520,1.500,0.890,4,0,279.740,0,0,9,34,0,7,0
10-04 03:48:27,52.748,11.000,24.999,10.500,0,1590988,368064,214372,5731052,43312.311,35857.602,395.985,9947.612,4.000,580.977,5706,9414,1.520,1.500,0.890,3,1,35.999,0,0,9,40,0,8,0
10-04 03:48:28,28.493,6.498,40.990,21.495,0.250,1603604,353116,214588,5733028,21183.958,10060.606,0,6630.422,0,541.871,5426,9110,1.800,1.550,0.920,4,2,30.993,0,0,9,40,0,8,0
10-04 03:48:29,31.502,6.751,37.503,23.752,0.500,1585072,369172,214696,5735348,20559.624,10208.806,0,6744.533,0,527.042,5320,9477,1.800,1.550,0.920,2,3,51.004,0,0,9,40,0,8,0
10-04 03:48:30,30.997,6.249,41.746,19.748,0,1586016,365928,214788,5737460,22902.733,14224.592,0,7195.288,0,631.937,5448,10198,1.800,1.550,0.920,4,2,31.997,0,0,9,40,0,8,0
10-04 03:48:31,46.277,9.506,24.014,19.011,0.250,1557752,391680,214936,5739756,21958.021,10861.441,0,8312.930,0,691.410,5185,10535,1.800,1.550,0.920,6,1,81.048,0,0,9,38,0,8,0
10-04 03:48:32,50.453,8.492,19.482,20.981,0,1605840,340980,215080,5742104,27715.391,20530.030,0,8679.980,0,726.329,5367,10151,1.800,1.550,0.920,3,1,33.969,0,0,9,39,0,8,0
10-04 03:48:33,46.811,10.764,32.543,8.011,0,1520372,423376,215252,5744888,304819.228,298172.500,0,8967.775,0,716.941,7058,12893,2.220,1.640,0.950,1,1,136.179,0,0,9,38,0,9,0
10-04 03:48:34,29.491,7.248,57.483,7.248,0,1570372,370936,215412,5747104,17004.882,10051.974,0,8081.567,0,689.792,5815,9980,2.220,1.640,0.950,6,1,27.992,0,0,9,38,0,9,0
10-04 03:48:35,31.244,4.249,45.991,16.997,0.250,1578136,360776,215588,5749272,381773.845,374522.215,0,7958.496,0,675.872,7065,13197,2.220,1.640,0.950,2,1,17.997,0,0,9,39,0,11,0
10-04 03:48:36,35.278,7.256,38.530,17.514,0.250,1584956,351368,215828,5751552,504444.989,488949.826,0,7457.854,0,629.494,8725,16165,2.220,1.640,0.950,2,1,18.014,0,0,9,39,0,12,0
10-04 03:48:37,33.229,6.996,43.222,16.489,0.250,1556824,377132,215952,5753688,146451.710,137208.598,0,8090.846,0,668.574,6502,11865,2.220,1.640,0.950,1,1,37.976,0,0,9,44,0,13,0
10-04 03:48:38,39.471,6.245,37.973,15.739,0,1594248,336480,216020,5756756,90335.687,80185.026,0,8409.920,0,652.528,5571,10104,2.200,1.650,0.960,6,0,24.982,0,0,9,46,0,13,0
10-04 03:48:39,37.025,19.513,31.521,11.258,0.250,1500364,427984,216116,5759312,534813.208,527576.279,256.174,8361.694,2.001,664.452,8976,18831,2.200,1.650,0.960,2,1,318.217,0,0,9,41,0,13,0
10-04 03:48:40,43.280,15.010,26.268,14.010,0,1519540,406516,216284,5760948,538384.639,530306.032,256.178,8421.845,2.001,717.498,11107,21612,2.200,1.650,0.960,1,1,81.056,0,0,9,40,0,14,0
10-04 03:48:41,33.498,17.999,35.247,13.249,0,1492876,430596,216372,5763268,18023.702,7281.476,1411.898,9316.329,21.998,717.948,6529,11712,2.200,1.650,0.960,2,0,204.985,0,0,9,40,0,14,0
10-04 03:48:42,28.232,6.996,46.221,18.238,0.250,1518032,403236,216492,5765236,150245.144,141027.025,0,9413.994,0,858.452,6234,12264,2.200,1.650,0.960,3,0,7.995,0,0,9,41,0,14,0
10-04 03:48:43,30.242,4.499,47.237,15.996,0.500,1519112,399464,216560,5767744,494995.826,487163.902,0,9961.360,0,883.766,7227,15551,2.260,1.670,0.970,1,1,2.999,0,0,9,41,0,15,0
10-04 03:48:44,29.758,6.002,45.263,18.005,0,1447476,468852,216640,5769872,340997.456,330915.664,0,10062.787,0,1008.279,7679,15112,2.260,1.670,0.970,2,1,31.009,0,0,9,40,0,16,0
10-04 03:48:45,28.480,5.746,43.220,21.235,0.250,1500708,414136,216696,5771200,20408.653,11511.907,0,7846.484,0,782.450,5386,10351,2.260,1.670,0.970,1,1,18.987,0,0,9,40,0,16,0
10-04 03:48:46,34.049,5.508,45.065,15.522,0,1505764,407292,216788,5772808,521469.351,513010.196,0,7875.317,0,762.095,7836,15774,2.260,1.670,0.970,2,1,3.004,0,0,9,41,0,17,0
10-04 03:48:47,32.949,4.992,48.424,11.232,0,1509356,401276,216860,5775148,605362.030,596200.331,0,7763.881,0,733.854,9075,17157,2.260,1.670,0.970,4,0,8.986,0,0,9,40,0,20,0
10-04 03:48:48,27.769,7.255,45.282,18.513,0,1486516,422696,216940,5776404,26136.217,9749.796,0,8541.954,0,779.543,6193,10698,2.480,1.730,0.990,4,0,69.048,0,0,9,40,0,20,0
10-04 03:48:49,31.762,5.502,50.769,10.504,0.500,1512848,393936,217096,5778616,76670.058,67670.647,0,9107.452,0,850.322,6285,11191,2.480,1.730,0.990,2,1,6.002,0,0,9,40,0,20,0
10-04 03:48:50,32.500,5.750,45.000,15.750,0,1473492,433676,217308,5778004,247819.522,240580.594,0,8711.913,0,1013.990,6909,14712,2.480,1.730,0.990,1,1,39.000,0,0,9,40,0,20,0
10-04 03:48:51,36.019,6.003,46.025,11.006,0.250,1514928,392360,217520,5777636,68801.878,60019.170,0,8472.541,0,977.524,5626,12292,2.480,1.730,0.990,1,1,9.005,0,0,9,40,0,20,0
10-04 03:48:52,31.220,8.742,44.957,14.486,0,1478772,427468,217660,5778524,111839.082,88162.716,0,9934.503,0,1008.036,6996,13353,2.480,1.730,0.990,3,2,81.922,0,0,9,40,0,20,0
10-04 03:48:53,31.759,5.001,44.512,17.255,0.250,1515748,389832,217748,5779080,69149.223,61993.234,0,11791.278,0,1043.290,6288,11575,2.440,1.730,1,3,2,15.004,0,0,9,40,0,21,0
10-04 03:48:54,32.768,6.254,44.525,15.759,0,1461728,444108,217840,5778720,338842.429,329978.448,0,8949.029,0,941.529,7289,15230,2.440,1.730,1,2,1,50.028,0,0,9,40,0,22,0
10-04 03:48:55,28.739,6.997,43.234,19.243,0,1508160,396700,217944,5779588,16019.089,6706.525,0,7869.096,0,825.695,6128,10551,2.440,1.730,1,2,1,6.997,0,0,9,40,0,22,0
10-04 03:48:56,32.971,5.495,46.708,14.237,0,1519928,383816,218084,5780536,327195.796,315304.379,0,7605.231,0,789.298,7509,14072,2.440,1.730,1,3,2,14.987,0,0,9,40,0,22,0
10-04 03:48:57,22.264,7.505,54.533,13.258,0.250,1456280,446296,218172,5781604,16315.904,6449.915,0,6728.084,0,663.403,7166,14910,2.440,1.730,1,1,0,115.070,0,0,9,40,0,23,0
10-04 03:48:58,11.001,2.500,64.005,19.752,0.250,1456384,445320,218264,5782364,15252.174,6277.483,0,11316.871,0,891.069,5767,9971,2.490,1.760,1.010,0,1,15.001,0,0,9,40,0,23,0
10-04 03:48:59,12.744,3.248,64.217,17.991,0.500,1456132,444752,218388,5783048,20515.599,11060.392,0,6692.607,0,681.654,5783,10102,2.490,1.760,1.010,2,1,11.994,0,0,9,40,0,22,0
10-04 03:49:00,7.500,3.000,66.501,20.250,0,1456208,443572,218452,5784044,21355.192,10357.093,0,8384.075,0,829.007,6215,10704,2.490,1.760,1.010,1,1,21.000,0,0,9,40,0,22,0
10-04 03:49:01,9.246,2.999,67.969,18.242,0,1456088,442752,218484,5784936,27416.608,11018.020,0,7656.539,0,737.667,5801,10051,2.490,1.760,1.010,0,1,5.997,0,0,9,40,0,22,0
10-04 03:49:02,7.761,3.255,66.092,21.280,0.250,1456840,440696,218536,5786160,17019.743,8885.395,0,8467.813,0,750.046,5390,10020,2.490,1.760,1.010,0,1,11.015,0,0,9,40,0,22,0
10-04 03:49:03,7.491,3.246,66.666,19.725,0.250,1456496,440296,218580,5786832,24615.083,16412.386,0,7842.150,0,734.078,5675,10119,2.530,1.780,1.020,0,2,20.974,0,0,9,40,0,22,0
10-04 03:49:04,9.507,2.752,65.547,19.764,0,1456164,439508,218632,5787868,19935.373,13350.626,0,8330.006,0,763.551,5812,10130,2.530,1.780,1.020,3,0,9.006,0,0,9,40,0,22,0
10-04 03:49:05,8.993,3.497,64.948,21.732,0.500,1456452,438184,218672,5788832,18484.065,11601.626,0,7889.625,0,769.378,6016,10408,2.530,1.780,1.020,1,0,8.993,0,0,9,40,0,22,0
10-04 03:49:06,7.500,3.500,66.503,20.251,0,1457504,436200,218724,5789688,15788.742,8978.422,0,8832.415,0,828.039,5889,10798,2.530,1.780,1.020,1,0,9.000,0,0,9,40,0,22,0
10-04 03:49:07,8.748,2.499,66.735,18.746,0.250,1458544,434248,218780,5790524,17269.011,7661.230,0,7942.165,0,781.819,6141,10498,2.530,1.780,1.020,0,1,35.992,0,0,9,40,0,22,0
10-04 03:49:08,7.500,3.250,65.501,20.500,0.250,1459052,432876,218828,5791304,20695.352,14072.239,0,7720.131,0,789.013,5970,10438,2.570,1.800,1.030,0,1,24.000,0,0,9,40,0,22,0
10-04 03:49:09,9.267,3.506,65.621,19.286,0,1458716,432436,218848,5792040,17483.292,12139.422,0,6780.524,0,765.414,6038,10483,2.570,1.800,1.030,1,2,24.044,0,0,9,40,0,22,0
10-04 03:49:10,9.232,2.495,66.623,19.213,0.499,1458312,431932,218884,5792912,17407.908,9866.244,0,6715.234,0,618.824,5303,9164,2.570,1.800,1.030,0,1,5.989,0,0,9,40,0,22,0
10-04 03:49:11,8.509,2.002,66.572,20.022,0,1458908,430640,218936,5793512,24069.923,6578.085,0,8152.781,0,799.861,5855,10361,2.570,1.800,1.030,1,1,9.010,0,0,9,40,0,22,0
10-04 03:49:12,12.504,4.001,65.270,17.505,0.250,1461700,427112,218952,5794184,24776.681,15506.807,0,7790.415,0,771.239,6061,10325,2.570,1.800,1.030,1,1,17.005,0,0,9,40,0,22,0
10-04 03:49:13,10.743,2.748,64.956,18.987,0.250,1462664,425568,219000,5794696,18573.444,7336.041,0,7766.750,0,777.474,6157,10417,2.520,1.800,1.030,0,1,8.994,0,0,9,40,0,22,0
10-04 03:49:14,15.506,10.004,70.776,3.001,0.250,1347172,541252,219000,5794488,14305.307,3176.178,0,3437.275,0,247.092,2810,4291,2.520,1.800,1.030,3,0,137.051,0,0,9,34,0,23,0
10-04 03:49:15,10.500,20.000,67.501,0.500,0,1344476,543904,219008,5794524,8096.065,1620.013,0,2676.021,0,146.001,2958,4496,2.520,1.800,1.030,1,0,390.003,0,0,9,34,0,23,0
10-04 03:49:16,15.252,24.504,56.758,2.250,0.750,1356388,531828,219028,5794664,38459.615,29927.369,0,3956.578,0,335.049,3777,5954,2.520,1.800,1.030,1,1,483.071,0,0,9,38,0,26,0
10-04 03:49:17,63.271,11.754,23.758,1.000,0,1512040,375604,219080,5795124,14683.890,8397.796,0,7186.393,0,431.144,2725,3656,2.520,1.800,1.030,3,0,20.007,0,0,9,34,0,29,0
10-04 03:49:18,64.511,10.752,24.254,0.250,0,1645468,239772,219192,5797044,11097.909,1620.279,0,1936.333,0,106.018,1822,1701,2.560,1.820,1.040,3,0,0,0,0,9,34,0,29,0
10-04 03:49:19,45.242,7.749,35.994,10.248,0.250,1698260,183304,219376,5800216,37810.534,29649.930,0,14769.474,0,811.861,4682,7243,2.560,1.820,1.040,1,2,11.998,0,0,9,40,0,29,0
10-04 03:49:20,16.237,3.997,48.462,29.227,0,1697696,181572,219448,5802388,14898.335,7729.947,0,12310.361,0,837.344,6559,11811,2.560,1.820,1.040,0,2,53.958,0,0,9,40,0,29,0
10-04 03:49:21,13.493,3.748,55.472,25.737,0.250,1698012,178452,219468,5805096,18026.860,10598.626,0,8047.920,0,560.716,5767,10318,2.560,1.820,1.040,0,2,32.983,0,0,9,40,0,29,0
10-04 03:49:22,10.756,3.502,57.784,25.015,0.250,1699268,174972,219520,5807156,22431.032,10841.299,0,8128.723,0,632.367,5826,10006,2.560,1.820,1.040,0,1,38.022,0,0,9,40,0,29,0
10-04 03:49:23,13.744,2.999,57.224,23.489,0.250,1701340,170940,219572,5809012,18992.245,9515.613,0,6540.985,0,601.723,6136,10408,2.680,1.860,1.060,0,2,50.976,0,0,9,40,0,29,0
10-04 03:49:24,12.495,3.748,56.975,26.239,0.250,1702624,167396,219608,5811160,22806.011,11535.947,0,7928.527,0,620.728,5956,10057,2.680,1.860,1.060,3,2,32.986,0,0,9,40,0,29,0
10-04 03:49:25,9.754,4.502,58.776,25.261,0,1703620,164372,219624,5813120,19200.391,10017.378,0,7335.205,0,563.246,5439,9611,2.680,1.860,1.060,0,2,36.016,0,0,9,40,0,25,0
10-04 03:49:26,10.994,3.498,54.970,27.485,0.250,1710648,155268,219680,5815088,20642.873,9343.964,0,8487.425,0,688.629,6061,10617,2.680,1.860,1.060,0,1,35.981,0,0,9,40,0,25,0
10-04 03:49:27,13.512,3.253,56.052,26.024,0,1711296,152716,219708,5816916,24886.020,8754.098,0,7571.003,0,631.584,5939,10227,2.680,1.860,1.060,1,1,48.044,0,0,9,40,0,22,0
10-04 03:49:28,10.244,4.497,58.465,25.485,0.500,1711656,150544,219748,5818640,16193.381,8450.980,0,8267.089,0,617.633,5935,10115,2.620,1.860,1.070,0,1,41.975,0,0,9,40,0,22,0
10-04 03:49:29,11.993,3.498,54.468,27.734,0.250,1712024,147992,219788,5820732,36619.285,10228.934,0,9538.344,0,689.591,6386,10595,2.620,1.860,1.070,0,2,29.982,0,0,9,40,0,22,0
10-04 03:49:30,11.512,3.754,55.807,25.526,0,1713352,144448,219812,5822852,25299.882,10057.289,0,9033.241,0,713.730,6405,10994,2.620,1.860,1.070,0,1,21.022,0,0,9,40,0,22,0
10-04 03:49:31,20.232,2.498,51.455,22.980,0.250,1714916,139864,219820,5825692,22093.668,10290.995,0,9843.387,0,758.336,6330,10867,2.620,1.860,1.070,2,1,23.979,0,0,9,40,0,22,0
10-04 03:49:32,29.045,7.762,45.321,16.025,0,1637292,215588,219860,5827500,33417.998,21908.089,0,9306.481,0,724.127,6313,10790,2.620,1.860,1.070,1,2,100.156,0,0,9,42,0,22,0
10-04 03:49:33,32.234,5.997,33.233,27.736,0,1687712,162968,219892,5829596,18363.635,9708.049,0,8491.669,0,691.647,5573,9816,3.130,1.980,1.110,2,2,47.976,0,0,9,42,0,21,0
10-04 03:49:34,32.021,5.754,36.524,25.267,0.250,1605076,243308,219904,5831812,25687.826,15226.974,0,9646.318,0,712.467,5625,9868,3.130,1.980,1.110,2,1,62.041,0,0,9,42,0,21,0
10-04 03:49:35,8.741,4.496,57.943,24.726,0.250,1604192,242356,219924,5833568,20510.715,9231.870,0,9590.515,0,757.251,5833,10565,3.130,1.980,1.110,1,2,81.919,0,0,9,42,0,19,0
10-04 03:49:36,9.994,3.748,55.719,29.983,0.250,1603972,240592,219952,5835476,17778.080,8625.187,0,9742.564,0,806.550,5652,10497,3.130,1.980,1.110,0,1,32.982,0,0,9,42,0,19,0
10-04 03:49:37,9.997,4.249,56.986,27.993,0,1606212,236008,219996,5837668,16605.815,9228.674,0,10697.304,0,896.774,5609,10493,3.130,1.980,1.110,0,3,11.997,0,0,9,42,0,17,0
10-04 03:49:38,10.263,3.254,60.078,24.532,0.250,1612540,227912,220024,5839364,24604.962,9068.780,0,9472.305,0,817.061,5246,10071,3.360,2.040,1.130,1,1,33.043,0,0,9,42,0,17,0
10-04 03:49:39,13.994,4.248,58.975,20.491,0.250,1613704,225456,220056,5840576,70597.067,60817.214,0,9583.936,0,874.629,6235,11061,3.360,2.040,1.130,3,0,26.989,0,0,9,42,0,17,0
10-04 03:49:40,18.249,2.750,56.748,20.499,0,1618056,218588,220080,5843012,120398.545,112699.830,0,11519.574,0,772.971,5376,10201,3.360,2.040,1.130,0,2,0,0,0,9,42,0,17,0
10-04 03:49:41,8.996,2.999,59.471,26.237,0.250,1620032,213484,220084,5845976,20249.240,12368.039,0,11802.311,0,839.595,5587,10579,3.360,2.040,1.130,1,1,0,0,0,9,42,0,17,0
10-04 03:49:42,8.002,3.001,61.017,26.007,0,1621796,207640,220108,5849844,21257.037,11596.293,0,13915.952,0,909.258,5541,10945,3.360,2.040,1.130,0,2,2.001,0,0,9,42,0,16,0
10-04 03:49:43,8.005,4.253,59.787,26.016,0.250,1624040,202664,220152,5852456,21262.225,13293.268,0,12007.469,0,825.513,5870,10391,3.330,2.060,1.140,0,1,0,0,0,9,42,0,16,0
10-04 03:49:44,8.995,3.498,60.717,25.486,0.250,1626212,197700,220220,5855064,21396.253,11574.646,0,12041.389,0,853.531,6003,10485,3.330,2.060,1.140,2,1,0,0,0,9,42,0,14,0
10-04 03:49:45,10.004,2.751,60.775,24.760,0.250,1629572,191480,220272,5857776,21544.855,11893.888,0,10648.376,0,771.317,5660,10292,3.330,2.060,1.140,1,2,12.005,0,0,9,42,0,14,0
10-04 03:49:46,14.740,3.248,61.708,18.987,0.250,1630348,189432,220288,5859000,17833.784,8448.213,0,7774.674,0,708.515,6348,11566,3.330,2.060,1.140,0,1,5.996,0,0,9,42,0,14,0
10-04 03:49:47,35.793,6.508,54.065,4.255,0,1389580,429668,220300,5859508,14628.613,5239.308,0,4873.868,0,373.450,3868,6153,3.330,2.060,1.140,1,0,92.111,0,0,9,34,0,14,0
10-04 03:49:48,17.228,9.738,70.661,0.499,0,1422476,396696,220304,5859580,11573.487,1617.971,0,3455.667,0,193.757,2294,3023,3.310,2.080,1.160,1,0,157.802,0,0,9,34,0,10,0
10-04 03:49:49,20.752,5.001,72.507,0.750,0.250,1474260,344912,220312,5859572,18921.949,1620.167,0,4844.499,0,198.020,1687,1992,3.310,2.080,1.160,1,0,1.000,0,0,9,34,0,10,0
10-04 03:49:50,24.260,2.751,70.278,1.751,0.250,1510904,308240,220316,5859592,86647.572,77046.742,0,7478.984,0,449.179,2784,3754,3.310,2.080,1.160,1,0,0,0,0,9,40,0,10,0
10-04 03:49:51,22.525,4.004,71.580,1.502,0.250,1430088,389056,220332,5859576,11107.463,2219.490,0,7312.204,0,426.479,2357,3241,3.310,2.080,1.160,1,0,29.033,0,0,9,34,0,10,0
10-04 03:49:52,21.466,4.243,73.384,0.250,0,1474784,344340,220336,5859592,10665.213,1617.454,0,2212.517,0,126.800,1425,1695,3.310,2.080,1.160,1,0,1.997,0,0,9,34,0,10,0
10-04 03:49:53,23.533,2.754,70.349,2.003,0,1504836,314288,220352,5859576,16526.186,9714.630,0,7362.329,0,434.610,2455,3458,3.280,2.090,1.170,1,0,0,0,0,9,36,0,10,0
10-04 03:49:54,17.748,23.747,56.993,1.750,0,1392076,426972,220356,5859624,9465.864,1818.782,0,7519.098,0,452.946,3969,6606,3.280,2.090,1.170,2,0,552.934,0,0,9,34,0,9,0
10-04 03:49:55,19.506,35.261,41.263,1.000,0.250,1397372,421104,220380,5860204,18356.599,2660.812,512.156,3040.927,7.002,166.051,5172,10094,3.280,2.090,1.170,4,0,1016.310,0,0,10,14,0,9,20
10-04 03:49:56,17.743,25.240,55.979,1.000,0,1386128,432076,220384,5860744,10153.101,1511.420,0,7641.066,0,402.845,4864,8257,3.280,2.090,1.170,1,0,460.823,0,0,10,14,0,8,20
10-04 03:49:57,32.506,21.754,42.758,1.500,0.500,1412984,405092,220392,5860416,10756.033,2762.522,0,7293.378,0,386.073,4796,16755,3.280,2.090,1.170,3,0,273.052,0,0,10,14,0,9,20
10-04 03:49:58,18.252,23.503,56.007,1.250,0,1447360,369844,220400,5861012,14918.880,1724.217,28.004,7920.998,1.000,425.054,4155,6952,3.500,2.160,1.190,3,0,355.045,0,0,12,14,0,8,20
10-04 03:49:59,25.489,16.493,56.226,1.249,0.250,1460164,356996,220400,5861032,10596.571,1619.323,0,6153.428,0,373.844,3748,9730,3.500,2.160,1.190,2,0,158.934,0,0,12,14,0,8,20
10-04 03:50:00,24.989,20.741,53.226,0,0,1503768,312832,220400,5861404,10645.188,1619.268,0,255.884,0,6.997,2908,4789,3.500,2.160,1.190,4,0,361.836,0,0,14,14,0,8,20
10-04 03:50:01,18.491,16.742,63.719,0,0,1493172,323268,220400,5861796,9528.369,1619.213,0,11.994,0,2.999,3822,8795,3.500,2.160,1.190,1,0,181.912,0,0,14,14,0,8,20
10-04 03:50:02,34.504,13.502,51.007,0,0,1559480,256812,220400,5861456,12836.643,1620.207,0,0,0,0,2311,3153,3.500,2.160,1.190,2,0,93.012,0,0,14,14,0,8,20
10-04 03:50:03,77.115,19.779,3.255,0,0,1748272,134540,215884,5810172,9635.308,1664.472,104.155,4362.478,6.009,396.589,3812,4950,4.260,2.340,1.260,13,2,32.048,0,0,16,14,0,8,20
10-04 03:50:04,80.240,19.498,0,0,0.500,1944356,130904,212660,5624212,9966.804,1619.806,1727.793,347.958,28.997,18.998,2586,3532,4.260,2.340,1.260,13,0,1.000,0,0,16,14,0,8,20
10-04 03:50:05,53.965,21.986,22.485,1.249,0.500,2039096,227964,208840,5441312,8929.178,1499.023,2838.150,215.859,96.937,8.994,3231,5305,4.260,2.340,1.260,0,1,127.917,0,0,16,14,0,8,20
10-04 03:50:06,10.005,16.759,64.034,8.254,0,2040492,222260,208848,5445576,11113.846,1620.853,4138.177,12.006,60.032,3.002,2733,4045,4.260,2.340,1.260,1,3,277.146,0,0,16,14,0,8,20
10-04 03:50:07,13.753,16.753,59.012,8.252,0,2031496,228728,208848,5448044,9654.941,1620.326,2656.534,16.003,58.012,4.001,3648,6951,4.260,2.340,1.260,1,0,180.036,0,0,16,14,0,8,20
10-04 03:50:08,21.219,16.476,53.173,8.488,0,2054880,201516,209012,5451400,9885.626,1617.648,3510.895,0,109.840,0,4027,6274,4,2.310,1.250,1,1,172.749,0,0,16,14,0,8,20
10-04 03:50:09,20.246,4.499,70.735,3.749,0,2089960,163368,209020,5454216,10221.813,1719.632,2707.421,0,37.992,0,1524,2060,4,2.310,1.250,2,0,15.997,0,0,16,14,0,8,20
10-04 03:50:10,9.999,1.500,87.239,0,0.250,2104748,147880,209020,5454800,10166.699,1719.780,251.968,167.978,24.997,3.000,1404,2185,4,2.310,1.250,1,0,18.998,0,0,17,14,0,8,20
10-04 03:50:11,14.255,9.253,75.526,0,0.250,2142632,130360,208416,5436676,14763.152,4245.482,48.017,3417.193,11.004,351.123,2552,2889,4,2.310,1.250,2,0,92.032,0,0,17,14,0,9,20
10-04 03:50:12,22.255,3.751,71.266,2.250,0.500,2168604,138692,207564,5404068,104954.090,88289.424,1676.369,112.025,85.019,23.005,1924,2784,4,2.310,1.250,1,0,2.000,0,0,17,14,0,9,10
10-04 03:50:13,21.999,4.750,70.496,1.500,0,2108072,198044,207568,5405168,230602.703,218291.466,847.947,467.971,28.998,45.997,2463,4998,3.760,2.290,1.250,1,0,9.999,0,0,17,18,0,14,0
10-04 03:50:14,12.250,18.000,67.500,0.500,0,2107040,198916,207580,5405316,11272.921,1619.989,83.999,383.997,5.000,25.000,3027,4837,3.760,2.290,1.250,1,0,375.997,0,0,17,18,0,13,0
10-04 03:50:15,10.005,17.258,68.532,2.751,0.750,2106892,198444,207580,5405932,8945.240,1512.717,388.184,8.004,11.005,2.001,2907,4519,3.760,2.290,1.250,1,1,319.151,0,0,17,18,0,13,0
10-04 03:50:16,10.747,19.244,67.229,0,0,2107644,197436,207584,5406124,12670.996,3304.956,67.979,39.987,6.998,9.997,2952,4706,3.760,2.290,1.250,2,0,322.898,0,0,17,18,0,12,0
10-04 03:50:17,20.988,16.241,61.964,0.999,0.250,2122784,179156,207584,5408008,9694.406,1619.066,1707.015,0,21.987,0,4556,8832,3.760,2.290,1.250,1,0,84.951,0,0,17,18,0,12,0
10-04 03:50:18,46.009,11.502,42.258,0.750,0,2206464,126292,207128,5378916,11672.183,1986.371,64.012,2480.464,2.000,345.065,2835,3486,3.620,2.290,1.260,2,0,125.023,0,0,17,19,0,8,0
10-04 03:50:19,37.037,8.759,48.798,4.004,0,2266664,127416,206412,5320252,9037.975,1621.610,240.239,504.501,37.037,41.041,1793,2269,3.620,2.290,1.260,2,0,0,0,0,17,19,0,8,0
10-04 03:50:20,44.198,4.994,48.443,1.498,0,2318976,134408,205404,5262844,9187.150,1618.089,275.674,31.962,3.995,3.995,1519,1872,3.620,2.290,1.260,2,0,0,0,0,17,19,0,8,0
10-04 03:50:21,47.528,9.255,42.275,1.001,0.250,2362160,147684,205008,5207720,65059.865,56045.619,40.023,524.305,3.002,41.024,3573,9209,3.620,2.290,1.260,2,0,3.002,0,0,17,35,0,8,0
10-04 03:50:22,26.002,10.501,61.504,1.250,0.250,2373816,135840,205016,5207904,9203.543,2689.159,44.003,340.020,9.001,20.001,2555,3866,3.620,2.290,1.260,1,0,185.011,0,0,17,34,0,8,0
10-04 03:50:23,12.739,6.495,67.943,11.241,0.250,2421132,145100,204760,5152744,21684.871,2901.574,1155.034,6142.865,26.977,388.675,2661,2955,3.410,2.270,1.260,1,0,67.943,0,0,17,34,0,8,0
10-04 03:50:24,10.504,0.750,84.280,3.501,0,2427312,138288,204776,5153360,12856.577,2293.817,628.224,380.135,13.005,22.008,1448,2047,3.410,2.270,1.260,0,0,2.001,0,0,17,35,0,8,0
10-04 03:50:25,10.002,4.501,81.513,3.501,0,2426432,136012,204804,5156476,173821.638,5272.838,2980.474,256.041,43.007,7.001,1536,2086,3.410,2.270,1.260,1,0,7.001,0,0,17,34,0,9,0
10-04 03:50:26,15.494,8.247,69.222,5.498,0.250,2429628,131264,205200,5157596,9204.245,1713.301,515.790,4394.207,28.988,279.886,2607,3972,3.410,2.270,1.260,1,0,55.977,0,0,17,34,0,9,0
10-04 03:50:27,15.254,11.003,68.518,4.751,0.250,2416644,182068,205440,5121300,10542.773,1566.412,1056.278,3700.973,92.024,197.052,3011,3234,3.410,2.270,1.260,1,0,69.018,0,0,17,34,0,9,0
10-04 03:50:28,12.260,4.754,70.307,12.260,0.250,2448996,145988,205468,5124832,10365.396,1621.313,3522.854,0,72.058,0,2091,3217,3.220,2.250,1.250,2,0,36.029,0,0,17,34,0,9,0
10-04 03:50:29,22.247,2.500,72.490,2.000,0.250,2410064,228616,205484,5081540,9551.691,1723.764,299.959,415.943,16.998,13.998,1574,2158,3.220,2.250,1.250,2,0,21.997,0,0,17,34,0,9,0
10-04 03:50:30,14.243,7.496,72.466,4.498,0,2409848,226696,205800,5083340,11595.562,1619.241,2067.031,7.996,82.961,1.000,2055,3135,3.220,2.250,1.250,2,0,113.947,0,0,17,34,0,9,0
10-04 03:50:31,17.500,19.000,62.249,0.750,0.250,2402564,232620,205800,5083768,9095.827,1619.969,31.999,0,6.000,0,3946,9199,3.220,2.250,1.250,1,0,217.996,0,0,17,34,0,9,0
10-04 03:50:32,8.995,4.747,83.454,1.999,0,2415260,218352,205804,5084780,9604.737,1619.113,1515.170,0,33.981,0,2050,3396,3.220,2.250,1.250,0,0,44.975,0,0,17,34,0,9,0
10-04 03:50:33,1.751,0.500,96.534,0.250,0,2415564,217768,205804,5084992,9939.489,1620.569,80.028,0,1.000,0,1259,1991,2.960,2.210,1.250,0,0,3.001,0,0,17,34,0,9,0
10-04 03:50:34,1.250,0.750,96.216,0,0.250,2415580,217752,205804,5084992,10468.305,1619.428,0,227.920,0,1.999,1307,1990,2.960,2.210,1.250,0,0,2.999,0,0,17,34,0,9,0
10-04 03:50:35,8.505,4.253,85.803,0,0.250,2402956,230376,205804,5084992,16356.075,1512.932,0,20.012,0,5.003,1443,2132,2.960,2.210,1.250,0,0,4.002,0,0,17,34,0,9,0
10-04 03:50:36,10.255,11.256,77.539,0.250,0,2377372,256064,205804,5085396,9466.800,1620.822,12.006,0,1.001,0,4765,8453,2.960,2.210,1.250,3,0,171.087,0,0,17,34,0,9,0
10-04 03:50:37,23.483,19.486,53.961,0.749,0.500,2381264,251160,205804,5085908,10317.489,1564.861,575.581,3.997,9.993,0.999,4797,8850,2.960,2.210,1.250,0,0,190.861,0,0,17,34,0,9,0
10-04 03:50:38,16.248,18.998,59.994,3.500,0.250,2426416,204456,205832,5087028,8504.082,1767.809,1087.883,4.000,33.996,1.000,4526,7951,2.880,2.200,1.250,2,0,337.963,0,0,18,34,0,9,0
10-04 03:50:39,23.263,15.759,59.283,0,0.250,2409892,220092,205832,5087108,10967.065,1811.001,0,136.075,0,4.002,4900,8639,2.880,2.200,1.250,15,0,101.056,0,0,18,34,0,9,0
10-04 03:50:40,10.492,12.490,75.939,0,0,2424868,204740,205832,5087184,11812.526,1718.622,23.981,223.820,1.998,10.991,3200,6095,2.880,2.200,1.250,0,0,128.897,0,0,18,34,0,9,0
10-04 03:50:41,16.762,16.012,66.049,0,0,2403028,226492,205832,5087564,8866.526,1621.193,0,0,0,0,4490,9712,2.880,2.200,1.250,6,0,183.135,0,0,20,34,0,9,0
10-04 03:50:42,14.748,19.747,63.741,0,0.250,2420428,208892,205832,5087260,34635.978,26509.156,0,0,0,0,3514,7349,2.880,2.200,1.250,1,0,272.960,0,0,20,36,0,9,0
10-04 03:50:43,9.250,20.001,68.503,0,0.500,2420196,208968,205832,5087396,12791.486,1620.062,0,24.001,0,6.000,2992,4894,2.650,2.170,1.240,1,0,326.012,0,0,20,36,0,9,0
10-04 03:50:44,21.768,15.763,61.301,0,0,2405324,223852,205832,5087424,9219.717,1621.357,0,4.003,0,1.001,3046,8291,2.650,2.170,1.240,2,0,111.093,0,0,20,36,0,9,0
10-04 03:50:45,35.740,21.244,40.988,0.750,0,2458760,169860,205868,5087660,25658.585,1619.532,183.947,191.945,8.997,7.998,4023,8259,2.650,2.170,1.240,5,0,323.906,0,0,20,36,0,9,0
10-04 03:50:46,33.003,13.751,50.004,2.000,0.250,2498864,129244,205868,5088108,30884.749,3252.289,224.020,4.000,31.003,1.000,4384,8279,2.650,2.170,1.240,1,0,71.006,0,0,20,36,0,10,0
10-04 03:50:47,23.480,5.995,65.443,5.495,0,2532268,125060,205924,5060796,86397.353,77917.679,187.838,46815.551,12.989,423.634,3572,5328,2.650,2.170,1.240,3,0,6.994,0,0,20,40,0,13,0
10-04 03:50:48,23.520,6.506,67.808,0.751,0.250,2604976,136100,205904,4979644,63393.392,53169.620,52.045,0,5.004,0,2014,2856,2.520,2.150,1.240,1,0,9.008,0,0,20,44,0,15,0
10-04 03:50:49,20.498,5.999,71.494,0.250,0.500,2626648,141324,205904,4953340,8693.226,1655.853,0,487.957,0,4.000,1785,2574,2.520,2.150,1.240,1,0,4.000,0,0,20,44,0,15,0
10-04 03:50:50,16.986,6.494,67.942,6.744,0,2650804,143204,205912,4928048,15039.232,4349.307,471.600,6870.167,24.979,503.572,3903,5515,2.520,2.150,1.240,0,1,30.974,0,0,20,44,0,15,0
10-04 03:50:51,12.497,11.247,65.733,8.998,0,2591592,201172,205912,4929992,12402.701,2109.439,1571.582,0,40.989,0,4105,7580,2.520,2.150,1.240,1,0,165.956,0,0,20,42,0,15,2
10-04 03:50:52,23.272,21.521,55.553,0,0.250,2613560,177608,205912,4929836,38810.219,26656.564,120.115,4.004,6.006,1.001,5802,10238,2.520,2.150,1.240,1,0,217.208,0,0,19,42,0,16,2
10-04 03:50:53,21.252,18.002,59.256,0,0,2637436,153448,205912,4930336,12975.272,1620.159,0,0,0,0,4583,9929,3.280,2.310,1.300,1,0,164.016,0,0,20,42,0,16,2
10-04 03:50:54,27.727,24.730,44.713,0,0,2654496,136028,205912,4930404,38177.465,28320.607,0,0,0,0,6887,12720,3.280,2.310,1.300,1,0,246.796,0,0,18,36,0,18,4
10-04 03:50:55,17.251,11.751,69.504,0.250,0.500,2662016,128448,205912,4930416,108882.880,100995.454,4.000,140.008,1.000,4.000,3888,6555,3.280,2.310,1.300,0,0,197.011,0,0,20,44,0,19,4
10-04 03:50:56,17.261,14.759,67.042,0,0.250,2636264,154104,205912,4930056,18580.594,1512.944,0,0,0,0,4126,6815,3.280,2.310,1.300,0,0,72.045,0,0,20,44,0,19,4
10-04 03:50:57,16.010,7.004,75.545,0.750,0,2533408,256772,206052,4930088,14054.433,3018.811,168.101,0,8.005,0,1676,12964,3.280,2.310,1.300,7,0,76.046,0,0,20,36,0,24,0
10-04 03:50:58,38.197,21.969,37.947,0.499,0,2477516,312368,206052,4930352,10061.005,2193.948,95.867,263.633,3.994,2.996,3160,7858,3.090,2.290,1.300,3,0,356.504,0,0,20,36,0,25,0
10-04 03:50:59,32.544,22.030,45.312,0,0,2516772,272968,206052,4930492,9889.440,1816.469,0,308.419,0,15.020,3079,5163,3.090,2.290,1.300,2,0,379.516,0,0,20,36,0,25,0
10-04 03:51:00,41.728,20.989,36.231,0,0,2591488,197744,206056,4930892,137597.587,129566.755,0,7.996,0,1.999,5076,8860,3.090,2.290,1.300,3,0,129.933,0,0,20,44,0,30,0
10-04 03:51:01,46.260,16.754,34.757,1.750,0.500,2677176,139524,206060,4904596,12721.710,1658.353,544.116,4224.900,9.002,397.085,3362,5881,3.090,2.290,1.300,2,0,191.041,0,0,20,44,0,30,0
10-04 03:51:02,42.706,8.241,46.702,0.999,0.250,2736784,133768,206056,4852680,11153.478,1860.079,35.963,0,4.995,0,2117,3716,3.090,2.290,1.300,1,0,5.994,0,0,20,44,0,30,0
10-04 03:51:03,24.747,4.749,70.492,0.500,0,2768436,125092,206384,4829300,9920.819,1819.783,131.984,0,4.999,0,1659,3048,2.930,2.270,1.300,0,1,4.999,0,0,20,44,0,30,0
10-04 03:51:04,17.497,2.750,65.740,12.998,0,2784204,133588,207468,4804452,70992.564,58020.471,1083.841,2595.618,65.990,109.984,2482,3878,2.930,2.270,1.300,3,1,4.999,0,0,20,46,0,30,0
10-04 03:51:05,14.758,4.252,53.779,24.763,0.250,2801532,129900,207472,4791112,192240.194,182619.980,8.004,5771.128,2.001,445.241,4598,8143,2.930,2.270,1.300,4,3,4.002,0,0,20,48,0,30,0
10-04 03:51:06,20.514,3.502,54.286,19.513,0.250,2783884,158620,207472,4780360,312384.610,301183.094,0,19417.029,0,722.485,5623,8995,2.930,2.270,1.300,1,1,4.003,0,0,20,48,0,30,0
10-04 03:51:07,21.234,4.247,56.457,15.988,0.250,2787464,150060,207476,4785212,427745.341,420290.000,0,7406.379,0,312.763,5343,9158,2.930,2.270,1.300,1,1,3.997,0,0,20,48,0,30,0
10-04 03:51:08,35.753,16.251,38.503,9.001,0,2893780,142148,207572,4688476,269473.210,254756.107,192.014,8828.662,14.001,644.048,8641,14470,2.930,2.280,1.310,3,0,74.006,0,0,21,73,0,38,0
10-04 03:51:09,16.261,19.012,62.290,0.750,0,2905804,129900,207576,4688632,87516.711,81133.575,28.018,388.252,1.001,25.016,3547,6301,2.930,2.280,1.310,2,0,374.243,0,0,21,73,0,38,0
10-04 03:51:10,12.488,17.983,67.436,0,0.500,2905708,129952,207576,4688656,8519.923,3315.857,0,347.670,0,21.979,2912,4668,2.930,2.280,1.310,1,0,308.707,0,0,21,73,0,38,0
10-04 03:51:11,21.745,14.247,58.986,2.499,0,2897484,136560,207584,4689132,9799.697,1619.619,355.916,6942.369,13.997,373.912,5251,9515,2.930,2.280,1.310,9,1,79.981,0,0,21,73,0,38,0
10-04 03:51:12,44.303,12.765,39.797,3.254,0.250,3001324,135780,207524,4590084,10950.063,1984.367,240.287,2274.714,13.016,343.410,2995,3545,2.930,2.280,1.310,3,0,128.153,0,0,21,74,0,37,0
10-04 03:51:13,43.212,6.744,48.208,0,0,3057544,140244,207532,4530832,7683.246,1618.577,0,0,0,0,1672,2234,2.940,2.290,1.320,3,0,0,0,0,21,74,0,37,0
10-04 03:51:14,18.484,14.987,62.944,1.499,0.500,3066984,130292,207536,4531244,52381.747,46566.881,0,899.206,0,51.954,3297,5522,2.940,2.290,1.320,2,0,227.799,0,0,21,77,0,32,0
10-04 03:51:15,10.763,16.770,70.585,0.250,0.250,3065716,131500,207536,4531304,9607.539,1909.293,0,300.361,0,17.020,3209,5258,2.940,2.290,1.320,1,0,334.402,0,0,21,77,0,32,0
10-04 03:51:16,10.254,18.257,69.775,0.500,0.250,3067056,130096,207536,4531368,10280.722,3361.217,32.012,240.087,3.001,18.007,3348,5648,2.940,2.290,1.320,3,0,344.125,0,0,21,77,0,32,0
10-04 03:51:17,18.510,7.004,68.535,4.252,0,3094468,127040,207416,4507772,8942.596,2849.465,20.010,2237.150,5.003,227.117,2368,3308,2.940,2.290,1.320,1,0,88.045,0,0,21,77,0,32,0
10-04 03:51:18,26.256,3.751,69.266,0.750,0.250,3121100,124424,207424,4484352,128853.121,121084.365,4.001,552.125,1.000,96.022,2005,3287,2.780,2.270,1.310,3,0,4.001,0,0,21,85,0,32,0
10-04 03:51:19,29.688,3.493,64.864,0.249,0.249,3139292,130000,207424,4460984,344483.928,335066.695,0,718.492,0,123.740,2905,5114,2.780,2.270,1.310,2,0,0,0,0,21,87,0,33,0
10-04 03:51:20,20.257,5.752,71.525,1.250,0.250,3114240,154792,207424,4461244,17534.032,1855.638,248.085,0,21.007,0,1682,2434,2.780,2.270,1.310,2,0,65.022,0,0,21,87,0,33,0
10-04 03:51:21,23.998,2.500,72.243,0,0.250,3138992,130032,207424,4461248,87921.999,81230.608,0,51.995,0,4.000,1779,2826,2.780,2.270,1.310,2,0,0,0,0,21,87,0,33,0
10-04 03:51:22,24.775,4.755,68.570,1.251,0,3160132,131352,207436,4439012,287174.354,277742.686,0,1245.276,0,207.212,3334,5248,2.780,2.270,1.310,1,0,2.002,0,0,21,91,0,33,0
10-04 03:51:23,27.969,3.496,64.429,2.497,0,3180396,133548,207432,4416560,334547.322,325868.937,0,2337.410,0,316.649,3829,6129,2.640,2.250,1.310,1,0,2.997,0,0,21,92,0,34,0
10-04 03:51:24,20.521,7.258,70.824,0.751,0.250,3155008,158680,207432,4416816,18222.934,11350.793,168.175,624.649,10.010,45.047,2166,3190,2.640,2.250,1.310,2,0,115.120,0,0,21,96,0,34,0
10-04 03:51:25,24.270,2.252,71.808,0,0,3180652,133096,207432,4416756,161127.030,151715.434,0,508.410,0,29.023,2211,3689,2.640,2.250,1.310,1,0,0,0,0,21,99,0,34,0
10-04 03:51:26,25.999,1.500,69.248,2.000,0.750,3189336,124180,207432,4416984,487273.280,481424.409,0,2807.938,0,234.995,3549,5971,2.640,2.250,1.310,2,1,0,0,0,21,98,0,33,0
10-04 03:51:27,21.214,7.737,67.136,1.997,0,3161336,175192,207432,4394316,120110.653,113384.041,59.899,1900.782,4.992,256.566,2909,3927,2.640,2.250,1.310,1,0,91.845,0,0,21,96,0,34,0
10-04 03:51:28,24.038,2.754,72.616,0,0,3192728,143756,207432,4394368,31764.665,23725.843,0,340.543,0,20.032,1591,2200,2.510,2.230,1.310,1,1,0,0,0,21,97,0,34,0
10-04 03:51:29,23.719,4.244,70.158,0.250,0.250,3133044,203400,207432,4394408,228325.350,216983.186,0,607.206,0,51.932,3092,5044,2.510,2.230,1.310,2,0,55.927,0,0,21,96,0,35,0
10-04 03:51:30,22.242,3.249,72.475,0.250,0,3180120,156324,207432,4394408,11379.017,1958.315,0,231.919,0,17.994,1516,2040,2.510,2.230,1.310,1,0,1.000,0,0,21,96,0,35,0
10-04 03:51:31,25.004,2.500,71.511,0.250,0.250,3195520,140920,207432,4394412,242955.873,234071.451,0,60.010,0,6.001,2557,4152,2.510,2.230,1.310,2,0,0,0,0,21,96,0,36,0
10-04 03:51:32,21.514,5.253,71.796,0,0.500,3170788,165632,207432,4394432,11086.139,1673.077,0,0,0,0,1641,2326,2.510,2.230,1.310,1,0,55.035,0,0,21,96,0,36,0
10-04 03:51:33,24.262,3.001,70.535,0.250,0,3196712,139692,207432,4394448,242462.261,226410.300,0,148.073,0,18.009,2783,4685,2.390,2.210,1.310,1,0,0,0,0,21,98,0,36,0
10-04 03:51:34,22.253,6.751,70.010,0.500,0,3154700,181672,207436,4394476,144002.736,132577.091,0,1312.189,0,122.018,2783,4414,2.390,2.210,1.310,1,0,83.012,0,0,21,96,0,37,0
10-04 03:51:35,24.497,2.250,71.990,0.250,0,3196784,139424,207436,4394624,12137.301,1854.740,0,303.957,0,19.997,1466,2014,2.390,2.210,1.310,2,0,2.000,0,0,21,96,0,37,0
10-04 03:51:36,30.506,7.752,60.012,0.250,0.250,3210564,193140,207424,4328368,245253.070,235434.145,0,2000.392,0,297.058,3616,4978,2.390,2.210,1.310,3,0,5.001,0,0,21,96,0,38,0
10-04 03:51:37,20.978,5.494,70.675,1.249,0,3184632,218760,207424,4328680,12355.952,4175.591,295.688,295.688,14.984,25.973,1934,2748,2.390,2.210,1.310,2,0,56.940,0,0,21,96,0,38,0
10-04 03:51:38,25.257,2.251,71.020,0.250,0.500,3209952,193432,207424,4328688,142113.934,133234.439,0,168.047,0,21.006,2131,3404,2.280,2.190,1.310,2,0,0,0,0,21,99,0,38,0
10-04 03:51:39,28.235,3.998,62.216,3.748,0.250,3210928,191836,207424,4328988,476460.188,469474.953,0,1523.179,0,227.877,3896,7426,2.280,2.190,1.310,1,0,0,0,0,21,96,0,39,0
10-04 03:51:40,22.258,5.752,71.277,0.250,0,3186904,215856,207424,4328992,8347.147,1747.659,0,868.327,0,52.020,1825,2657,2.280,2.190,1.310,1,0,54.020,0,0,21,96,0,39,0
10-04 03:51:41,23.260,3.251,71.529,0.500,0,3211312,191420,207424,4329020,154391.300,145762.763,0,836.343,0,52.021,2276,3609,2.280,2.190,1.310,1,0,0,0,0,21,99,0,39,0
10-04 03:51:42,27.245,3.249,66.738,2.749,0,3215192,187468,207428,4329088,493858.118,484858.756,0,5035.084,0,330.940,3541,5968,2.280,2.190,1.310,1,0,2.000,0,0,21,98,0,39,0
10-04 03:51:43,27.231,2.248,66.702,0.999,0.500,3219388,183104,207428,4329252,512406.654,495864.449,0,831.407,0,99.929,2924,4691,2.250,2.180,1.310,2,0,0.999,0,0,21,100,0,39,0
10-04 03:51:44,24.743,6.498,66.482,0.500,0.500,3178856,223596,207432,4329288,294536.119,285103.741,0,695.807,0,75.979,2662,4230,2.250,2.180,1.310,1,0,70.980,0,0,21,98,0,40,0
10-04 03:51:45,23.522,2.002,72.568,0,0,3221448,180984,207432,4329308,14069.112,7105.622,0,320.299,0,18.017,1503,2111,2.250,2.180,1.310,1,0,0,0,0,21,99,0,40,0
10-04 03:51:46,26.473,2.497,69.179,1.249,0,3223892,178496,207436,4329344,395722.593,388174.345,0,675.306,0,81.916,3172,5673,2.250,2.180,1.310,1,0,0,0,0,21,100,0,41,0
10-04 03:51:47,21.999,9.500,65.247,1.750,0.250,3181224,219860,207440,4330644,38137.513,30580.807,1191.954,603.976,15.999,51.998,2603,4072,2.250,2.180,1.310,1,0,148.994,0,0,21,98,0,41,0
10-04 03:51:48,22.776,4.005,72.332,0.250,0,3221424,179560,207440,4330728,45623.509,36856.611,0,460.520,0,25.028,1702,2369,2.150,2.160,1.310,1,0,0,0,0,21,99,0,41,0
10-04 03:51:49,25.264,2.501,69.288,0.750,0.500,3226004,174960,207440,4330748,562560.846,554959.673,0,2457.349,0,203.112,3207,6194,2.150,2.160,1.310,1,0,0,0,0,21,100,0,36,0
10-04 03:51:50,26.472,1.998,68.678,1.498,0.250,3227708,173164,207440,4330800,682724.092,675722.464,0,879.074,0,114.879,3253,5398,2.150,2.160,1.310,1,0,0,0,0,21,100,0,36,0
10-04 03:51:51,41.804,13.017,44.557,1.252,0,3187044,212944,207444,4331656,617805.351,608391.216,640.826,720.929,24.031,64.083,3796,6473,2.150,2.160,1.310,3,0,203.262,0,0,21,101,0,37,0
10-04 03:51:52,39.183,8.735,49.665,1.747,0,3233288,166568,207448,4331752,431821.131,423795.919,75.870,1054.189,3.993,115.801,3354,5899,2.150,2.160,1.310,2,0,91.842,0,0,21,101,0,37,0
10-04 03:51:53,24.761,3.251,70.781,0.250,0,3253196,146604,207448,4331808,152374.826,144698.510,0,408.176,0,27.012,2146,3482,2.060,2.140,1.310,1,0,0,0,0,21,104,0,36,0
10-04 03:51:54,14.506,12.755,70.277,0.250,0.500,3190380,209392,207448,4331832,114964.951,105586.284,0,392.153,0,27.011,2870,4983,2.060,2.140,1.310,1,0,226.088,0,0,21,101,0,37,0
10-04 03:51:55,13.004,17.755,68.021,0.500,0.250,3191096,208648,207448,4331860,9659.985,1907.589,4.001,344.106,1.000,24.007,3052,4868,2.060,2.140,1.310,2,0,341.105,0,0,21,101,0,35,0
10-04 03:51:56,22.642,14.929,61.953,0.498,0,3192548,205948,207448,4331868,9935.429,1612.280,0,1158.453,0,75.638,2996,9275,2.060,2.140,1.310,3,0,106.490,0,0,21,101,0,35,0
10-04 03:51:57,31.914,22.616,44.478,0.251,0.251,3257204,141104,207448,4331928,13498.287,1698.720,0,192.991,0,13.067,3372,5809,2.060,2.140,1.310,2,0,401.059,0,0,21,101,0,34,0
10-04 03:51:58,41.230,21.990,33.234,0.500,0,3284524,170092,207324,4278740,12518.029,3427.365,167.920,4961.633,7.996,464.778,4673,11414,2.220,2.180,1.320,2,0,364.826,0,0,21,101,0,35,0
10-04 03:51:59,51.760,23.005,24.255,0.500,0,3403580,139124,207344,4192284,166457.291,144531.906,280.056,4204.841,8.002,481.096,6861,12822,2.220,2.180,1.320,4,3,201.040,0,0,23,113,0,28,0
10-04 03:52:00,55.328,24.923,18.443,0.498,0.249,3473816,137684,207340,4124716,17420.891,2525.157,19.938,1985.832,3.988,198.384,4771,8438,2.220,2.180,1.320,3,0,455.585,0,0,23,113,0,28,0
10-04 03:52:01,57.441,22.380,18.650,1.741,0.249,3557696,121188,207344,4057544,11333.107,1607.364,954.869,147.209,22.877,14.920,5356,9030,2.220,2.180,1.320,21,0,234.739,0,0,23,113,0,23,0
10-04 03:52:02,56.222,26.472,15.631,0.504,0,3635020,133620,207344,3971016,64481.191,58787.403,871.313,330.776,50.423,24.203,7319,13621,2.220,2.180,1.320,2,0,329.768,0,0,23,129,0,23,0
10-04 03:52:03,31.489,23.492,41.986,1.250,0,3685092,135412,207344,3920624,10024.652,2209.262,131.956,355.881,12.996,10.996,3284,32121,2.200,2.170,1.320,2,0,394.868,0,0,23,129,0,23,0
10-04 03:52:04,28.009,20.507,49.517,0.250,0.500,3709204,131200,207300,3901664,18703.303,8565.887,8.003,540.182,1.000,45.015,3636,6115,2.200,2.170,1.320,4,0,328.111,0,0,24,129,0,23,0
10-04 03:52:05,26.004,17.253,54.508,0.750,0,3722332,138412,207096,3881848,12838.926,5613.842,116.017,220.033,6.001,18.003,5322,10410,2.200,2.170,1.320,1,1,156.023,0,0,24,129,0,23,0
10-04 03:52:06,34.255,25.503,34.505,4.501,0.250,3753804,186852,206236,3805044,8979.212,1620.219,164.022,156.021,10.001,9.001,3262,5636,2.200,2.170,1.320,2,0,383.052,0,0,24,129,0,23,0
10-04 03:52:07,37.879,19.063,42.830,0,0.248,3783976,155468,206236,3805272,19900.892,1645.864,0,15.845,0,3.961,4191,6748,2.200,2.170,1.320,2,0,182.214,0,0,24,129,0,23,0
10-04 03:52:08,50.990,23.223,24.233,0.505,0,3893604,130064,205444,3725032,136681.604,128333.310,351.380,399.846,14.136,27.262,4846,9538,2.420,2.220,1.340,6,0,349.360,0,0,24,139,0,23,0
10-04 03:52:09,38.238,23.742,34.739,2.499,0,3943840,135388,204856,3670996,33917.248,27739.207,191.939,11148.466,6.998,871.724,6664,10173,2.420,2.220,1.340,2,0,509.838,0,0,24,147,0,15,0
10-04 03:52:10,31.477,21.484,45.217,0,0,3974868,149756,204220,3627368,103488.453,96465.580,0,335.755,0,20.985,3652,6582,2.420,2.220,1.340,4,0,374.726,0,0,24,149,0,16,0
10-04 03:52:11,26.991,26.991,43.486,0,0.250,4010456,160392,204128,3584204,35159.749,27303.263,0,427.863,0,32.989,5915,11546,2.420,2.220,1.340,1,0,303.903,0,0,24,155,0,16,0
10-04 03:52:12,24.011,17.508,57.525,0.250,0.250,4038368,130948,204128,3583820,18693.281,11207.965,60.027,268.119,2.001,16.007,3646,7660,2.420,2.220,1.340,2,0,120.053,0,0,24,157,0,16,0
10-04 03:52:13,41.309,11.016,45.566,1.252,0,4123440,126136,203224,3508716,10408.979,1622.335,1217.752,252.363,38.055,15.022,2431,3309,2.390,2.220,1.350,2,0,49.071,0,0,24,157,0,16,0
10-04 03:52:14,43.332,9.214,44.079,0.996,0.249,4202960,138372,202268,3419756,25445.171,16615.466,151.412,282.901,10.957,31.876,2421,3326,2.390,2.220,1.350,10,0,1.992,0,0,24,157,0,16,0
10-04 03:52:15,42.160,7.278,46.175,4.768,0.251,4253840,124096,202404,3383956,15528.823,7191.240,935.544,5292.046,26.099,511.939,3047,2905,2.390,2.220,1.350,2,0,2.008,0,0,24,159,0,16,0
10-04 03:52:16,43.992,17.997,35.494,2.250,0,4180552,223700,202100,3359136,133559.894,126958.036,1107.808,375.935,21.996,28.995,5379,11163,2.390,2.220,1.350,4,0,257.955,0,0,24,163,0,17,0
10-04 03:52:17,44.257,28.005,24.504,2.750,0,4244828,152456,202396,3365520,22103.691,12390.069,4392.734,344.057,77.013,20.003,4640,8433,2.390,2.220,1.350,3,0,490.082,0,0,24,163,0,16,0
10-04 03:52:18,44.265,25.471,27.697,1.236,0.247,4246540,147280,202424,3368100,304725.258,287740.244,684.505,581.631,25.718,46.491,5964,14794,2.280,2.200,1.350,11,0,262.130,0,0,24,181,0,17,0
10-04 03:52:19,64.966,20.476,14.156,0.253,0,4278884,146416,201976,3339048,86901.920,80199.034,424.681,396.369,21.234,16.178,3504,6894,2.280,2.200,1.350,5,0,191.107,0,0,24,180,0,17,0
10-04 03:52:20,71.451,17.488,2.748,7.995,0,4383556,141648,201140,3245312,95583.907,83883.875,1131.230,13226.992,36.975,614.581,3828,5365,2.280,2.200,1.350,3,2,29.980,0,0,24,180,0,17,0
10-04 03:52:21,66.881,15.722,8.485,7.736,0.250,4423076,131312,201140,3217356,219429.319,211658.190,195.651,882.425,7.986,63.886,4110,7739,2.280,2.200,1.350,4,0,42.923,0,0,24,194,0,17,0
10-04 03:52:22,59.150,15.790,9.775,14.537,0.501,4442252,134732,201196,3195328,19583.566,9543.154,4792.129,1640.151,344.873,60.152,4471,7322,2.280,2.200,1.350,5,0,43.109,0,0,24,198,0,17,0
10-04 03:52:23,69.423,20.477,8.241,0.499,0,4485900,146832,200240,3142336,699393.673,689627.513,235.738,1506.328,7.991,95.894,17856,35658,2.740,2.290,1.380,5,0,53.940,0,0,24,203,0,22,0
10-04 03:52:24,42.773,22.762,30.767,2.001,0,4464092,168200,200244,3142708,235535.073,226359.045,8.004,2041.119,2.001,193.106,5397,10218,2.740,2.290,1.380,5,0,405.222,0,0,24,206,0,23,0
10-04 03:52:25,42.489,19.745,37.740,0.250,0,4482116,148292,200244,3143408,77490.465,69997.451,59.984,919.756,5.998,50.986,4244,11014,2.740,2.290,1.380,2,0,167.955,0,0,24,209,0,23,0
10-04 03:52:26,48.764,22.006,25.757,1.000,0.250,4475776,185352,199964,3114788,224648.924,218195.058,268.077,1172.339,6.002,76.022,5097,10505,2.740,2.290,1.380,4,1,363.105,0,0,24,210,0,24,0
10-04 03:52:27,58.269,22.507,19.256,0.250,0,4558404,131700,199784,3086392,7513.419,1620.522,168.054,676.218,16.005,36.012,4203,8248,2.740,2.290,1.380,11,0,278.090,0,0,24,210,0,23,0
10-04 03:52:28,62.709,21.986,11.742,2.748,0,4563056,187516,199768,3030724,317893.826,311330.145,1075.292,20542.483,48.968,850.440,6448,12284,2.760,2.300,1.390,5,0,293.807,0,0,24,214,0,25,0
10-04 03:52:29,57.025,22.510,14.256,5.002,0,4655480,122052,199208,3006360,48782.269,27881.156,144.063,5450.376,17.007,491.214,6574,12849,2.760,2.300,1.390,17,0,364.159,0,0,24,216,0,25,0
10-04 03:52:30,62.766,21.756,14.504,0,0.250,4709376,124588,197920,2954880,210398.441,190850.476,160.041,832.211,7.002,42.011,5020,9475,2.760,2.300,1.390,9,0,162.041,0,0,24,220,0,26,0
10-04 03:52:31,67.990,13.498,16.997,0.750,0.250,4772792,130340,196300,2890680,166880.467,157561.893,75.988,731.888,13.998,58.991,4205,8426,2.760,2.300,1.390,3,0,82.987,0,0,24,222,0,29,0
10-04 03:52:32,61.170,11.735,20.973,5.493,0,4848648,140140,194344,2809680,169004.956,161098.250,271.646,5680.604,7.990,527.313,3552,4164,2.760,2.300,1.390,2,2,0.999,0,0,24,222,0,28,0
10-04 03:52:33,58.271,9.003,26.259,7.253,0.250,4844000,170964,193712,2785016,412842.623,402510.904,468.169,644.232,51.018,39.014,4170,7692,2.780,2.320,1.400,2,1,12.004,0,0,24,231,0,29,0
10-04 03:52:34,64.552,14.011,18.515,2.002,0,4832900,205632,193400,2763072,119626.898,112442.078,1785.446,1032.837,51.041,115.093,4513,9898,2.780,2.320,1.400,5,0,63.051,0,0,24,240,0,34,0
10-04 03:52:35,49.701,23.976,23.976,0.749,0.250,4856784,181132,193468,2763572,283492.775,275815.391,255.746,955.053,1.998,64.936,4658,9413,2.780,2.320,1.400,3,0,414.589,0,0,24,240,0,34,0
10-04 03:52:36,54.060,22.525,21.524,0.250,0,4847176,189972,193492,2764644,21964.183,9580.548,1017.120,696.767,32.035,55.061,4350,7976,2.780,2.320,1.400,2,1,314.346,0,0,24,240,0,33,0
10-04 03:52:37,48.124,30.919,14.462,4.987,0,4910352,130320,193416,2762488,184340.057,175878.134,8114.828,7487.465,91.761,630.355,7722,11885,2.780,2.320,1.400,6,2,240.373,0,0,25,242,0,33,0
10-04 03:52:38,72.940,15.290,6.768,4.762,0,4938156,135856,192652,2730812,113380.242,104932.244,3015.853,633.650,47.123,58.151,3841,6275,2.960,2.360,1.420,4,0,93.243,0,0,25,245,0,32,0
10-04 03:52:39,73.745,16.249,3.250,7.250,0.250,5037568,129712,190188,2644432,108305.635,98254.319,2171.852,583.960,145.990,37.997,3737,5650,2.960,2.360,1.420,5,0,8.999,0,0,25,247,0,32,0
10-04 03:52:40,81.267,13.003,3.251,1.500,0.250,5054688,156256,189288,2608196,199805.160,192878.733,1096.226,1016.209,53.011,60.012,3756,5967,2.960,2.360,1.420,7,0,17.004,0,0,25,247,0,31,0
10-04 03:52:41,52.391,14.969,30.686,1.247,0,5085496,141228,189076,2594012,62731.890,54287.539,798.331,542.865,37.921,36.923,4213,8042,2.960,2.360,1.420,2,0,198.585,0,0,25,248,0,33,0
10-04 03:52:42,43.014,6.752,47.266,0.500,0.250,5108828,131744,188764,2581420,242492.265,230274.221,404.134,556.184,8.003,48.016,3277,5728,2.960,2.360,1.420,5,0,6.002,0,0,25,247,0,33,0
10-04 03:52:43,44.768,7.753,47.519,0,0.250,5077348,163136,188784,2581484,14679.769,2771.089,392.154,296.116,5.002,18.007,2375,3053,3.200,2.420,1.440,2,0,16.006,0,0,25,248,0,33,0
10-04 03:52:44,45.266,8.753,44.516,0.750,0,5079184,160932,188864,2581732,262884.901,252423.125,512.185,692.250,4.001,77.028,3588,6169,3.200,2.420,1.440,3,0,7.003,0,0,25,254,0,32,0
10-04 03:52:45,27.749,8.000,62.498,0.250,0,5027216,212724,188888,2581880,63279.848,52690.209,255.991,415.986,2.000,39.999,2666,3924,3.200,2.420,1.440,1,0,44.998,0,0,25,254,0,33,0
10-04 03:52:46,22.728,5.744,70.182,0.250,0.250,5017180,222596,188920,2581988,151168.820,52254.470,511.505,483.532,3.996,44.957,2565,3760,3.200,2.420,1.440,1,0,9.990,0,0,25,259,0,33,0
10-04 03:52:47,22.767,4.253,71.804,0,0,5029864,209640,188928,2582252,438786.845,9757.357,256.193,272.205,2.002,16.012,2099,2864,3.200,2.420,1.440,1,0,5.004,0,0,25,259,0,33,0
10-04 03:52:48,22.003,6.251,70.259,0.250,0.250,5012928,224980,188936,2583840,1440467.177,41179.065,532.065,260.032,7.001,21.003,2639,3579,3.020,2.400,1.440,3,0,6.001,0,0,25,262,0,32,0
10-04 03:52:49,24.237,6.247,68.714,0.250,0.250,5035736,200420,188952,2585544,1718211.812,26761.057,255.867,555.710,1.999,39.979,2829,3483,3.020,2.400,1.440,1,0,6.996,0,0,25,262,0,32,0
10-04 03:52:50,23.279,4.255,71.088,0.250,0.250,5025700,208048,188956,2587912,2478409.663,15167.854,512.637,152.189,4.005,10.012,2711,2987,3.020,2.400,1.440,1,0,8.010,0,0,25,262,0,32,0
10-04 03:52:51,15.471,3.244,79.350,0.499,0,5014272,216092,188992,2591260,3493818.202,33103.335,255.516,227.569,1.996,29.943,3316,3677,3.020,2.400,1.440,0,0,0.998,0,0,25,262,0,32,0
10-04 03:52:52,4.004,1.501,91.587,0.250,0.250,5014804,212024,189012,2594776,3706660.034,20490.486,0,284.270,0,24.023,2858,3224,3.020,2.400,1.440,0,0,0,0,0,25,262,0,31,0
10-04 03:52:53,6.256,5.756,86.083,0.250,0.250,5015296,207956,189032,2598332,3425135.681,16210.659,88.085,100.097,2.002,11.011,2999,3542,2.780,2.360,1.430,0,1,86.083,0,0,25,261,0,31,1
10-04 03:52:54,18.237,9.993,68.703,2.498,0.250,5047728,173692,189064,2600132,20837.664,14174.248,1846.729,683.530,19.986,59.959,3040,4906,2.780,2.360,1.430,3,0,164.887,0,0,25,261,0,30,0
10-04 03:52:55,25.267,3.002,70.299,0,0.250,5075732,145656,189080,2600148,80079.255,71545.366,0,164.113,0,15.010,2146,3432,2.780,2.360,1.430,2,0,0,0,0,25,262,0,30,0
10-04 03:52:56,25.976,3.497,68.936,0,0,5076532,144816,189084,2600168,309339.933,301477.229,0,195.818,0,23.978,2988,5268,2.780,2.360,1.430,3,0,0,0,0,25,267,0,31,0
10-04 03:52:57,27.019,3.502,68.299,0.500,0,5079676,141616,189084,2600224,2259921.324,2251729.483,0,340.243,0,35.025,3707,7201,2.780,2.360,1.430,4,0,3.002,0,0,25,271,0,32,0
10-04 03:52:58,31.202,6.989,58.661,0.499,0,5095304,149712,188836,2577960,8969234.886,8961200.131,95.854,351.464,8.986,30.953,4000,12306,2.720,2.350,1.440,1,0,33.948,0,0,25,271,0,32,0
10-04 03:52:59,27.551,3.757,67.125,1.002,0.501,5100980,143876,188836,2578120,446814.735,436387.371,0,633.176,0,74.138,4168,8421,2.720,2.350,1.440,1,0,3.006,0,0,25,275,0,32,0
10-04 03:53:00,32.993,7.248,58.488,1.250,0.250,5102084,137756,188508,2583756,55682368.655,55672977.656,75.984,16460.494,6.999,51.989,4469,8397,2.720,2.350,1.440,1,0,21.995,0,0,25,278,0,40,0
10-04 03:53:01,14.978,15.726,64.404,2.247,0.250,5042196,197452,188572,2583884,59059.588,42059.038,47.928,674.990,4.993,68.897,3773,6333,2.720,2.350,1.440,2,0,305.543,0,0,25,279,0,41,0
10-04 03:53:02,21.475,6.742,69.670,0.499,0,5080396,159016,188588,2584100,14432.489,1618.149,0,271.689,0,19.977,2584,4159,2.720,2.350,1.440,1,0,161.815,0,0,25,279,0,41,0
10-04 03:53:03,13.783,2.255,82.450,0,0,5102608,136768,188592,2584132,11870.810,2561.216,0,208.506,0,14.034,1846,2792,2.580,2.330,1.440,0,0,2.005,0,0,25,279,2,41,0
10-04 03:53:04,8.251,1.750,85.762,1.250,0.250,5040948,198296,188680,2584176,26194.720,16886.398,0,1116.158,0,97.014,2322,3673,2.580,2.330,1.440,2,0,4.001,0,0,25,279,1,41,0
10-04 03:53:05,11.240,17.985,67.443,1.499,0.500,5043508,195332,188748,2584480,16228.190,7389.711,3.997,831.293,0.999,76.935,3792,6771,2.580,2.330,1.440,2,0,389.668,0,0,25,283,0,42,0
10-04 03:53:06,14.262,17.264,67.306,0.500,0.250,5050248,187964,188768,2585072,19034.742,9253.653,28.023,288.238,2.002,28.023,3458,5698,2.580,2.330,1.440,1,0,313.259,0,0,25,283,0,42,0
10-04 03:53:07,9.736,2.996,85.873,0.749,0,5060332,177640,188788,2585292,31991.557,23282.472,63.905,307.544,0.999,20.969,2126,3281,2.580,2.330,1.440,2,0,9.985,0,0,25,285,0,42,0
10-04 03:53:08,28.500,5.500,61.751,2.750,0,5097692,140908,188792,2584660,27919.363,18784.244,0,7796.101,0,789.010,3038,3636,2.450,2.310,1.430,2,0,1.000,0,0,25,285,0,42,0
10-04 03:53:09,28.015,3.752,67.035,0.500,0.250,5109900,128560,188852,2584704,292203.946,285765.598,0,904.470,0,84.044,3569,7036,2.450,2.310,1.430,3,0,2.001,0,0,25,292,0,42,0
10-04 03:53:10,14.996,13.496,68.480,1.000,0.250,5050200,188008,188860,2584912,12375.411,6503.114,31.991,371.892,3.999,18.994,2932,4690,2.450,2.310,1.430,1,0,188.945,0,0,25,291,0,41,0
10-04 03:53:11,13.755,16.006,67.026,0.500,0.250,5052200,185612,188888,2585260,25002.551,17337.623,28.011,380.145,2.001,38.015,3487,5786,2.450,2.310,1.430,3,0,207.079,0,0,25,293,0,41,0
10-04 03:53:12,14.488,15.487,67.692,0.749,0.250,5059700,177752,188892,2585616,8443.781,1564.662,15.986,2138.172,2.997,112.903,3277,5335,2.450,2.310,1.430,1,0,208.821,0,0,25,293,0,41,0
10-04 03:53:13,24.000,2.750,71.501,0,0,5113880,123572,188892,2585616,10282.175,1855.032,0,452.008,0,9.000,1875,2748,2.340,2.280,1.430,3,0,4.000,0,0,25,293,0,41,0
10-04 03:53:14,25.524,5.755,68.314,0.250,0,5154924,127116,186516,2545780,16402.484,10555.965,0,356.336,0,33.031,2159,3310,2.340,2.280,1.430,1,0,3.003,0,0,25,293,0,41,0
10-04 03:53:15,25.013,3.002,68.785,1.501,0,5175112,165144,185628,2490760,59325.434,37570.274,164.084,340.175,5.003,43.022,2449,3679,2.340,2.280,1.430,2,0,2.001,0,0,25,297,0,41,0
10-04 03:53:16,35.187,5.989,56.899,0.749,0.749,5094404,245548,185656,2490968,184884.905,171694.384,59.893,602.927,6.988,61.890,3090,6718,2.340,2.280,1.430,1,0,5.989,0,0,25,293,0,44,0
10-04 03:53:17,24.016,4.753,71.047,0,0.250,5135248,204588,185660,2491080,20553.709,1621.081,0,208.139,0,9.006,1915,2634,2.340,2.280,1.430,1,0,0,0,0,25,293,0,43,0
10-04 03:53:18,25.783,4.255,69.589,0.501,0,5163884,175884,185668,2491104,94923.071,83280.098,0,16220.860,0,55.071,2188,3409,2.230,2.260,1.430,1,0,5.006,0,0,25,298,0,43,0
10-04 03:53:19,28.008,3.751,65.768,1.750,0,5069388,270272,185828,2491048,157629.718,147010.840,120.033,888.241,3.001,80.022,2918,4905,2.230,2.260,1.430,1,0,22.006,0,0,25,295,0,42,0
10-04 03:53:20,24.192,3.990,71.080,0,0,5115112,224384,185828,2491196,10116.831,1616.139,0,171.590,0,8.979,1762,2559,2.230,2.260,1.430,1,0,0.998,0,0,25,295,0,42,0
10-04 03:53:21,25.537,4.006,69.349,0,0,5057180,282176,185848,2491316,19862.403,10362.819,0,280.401,0,33.047,2321,3594,2.230,2.260,1.430,1,0,56.080,0,0,25,295,0,42,0
10-04 03:53:22,10.002,17.003,69.014,1.250,0.500,5054940,283328,185984,2492232,13361.699,5173.045,1284.259,732.148,20.004,35.007,3317,5485,2.230,2.260,1.430,1,0,312.063,0,0,25,295,0,42,0
10-04 03:53:23,17.741,8.995,69.713,2.499,0.500,5055464,281996,185988,2493036,9507.961,1804.044,791.580,127.932,37.980,9.995,2711,4404,2.130,2.240,1.430,2,0,193.897,0,0,25,295,0,41,0
10-04 03:53:24,19.769,4.755,68.816,5.005,0,5077296,259368,186008,2493808,21516.678,12112.640,776.746,388.373,110.106,38.037,2507,3714,2.130,2.240,1.430,1,0,20.019,0,0,25,295,0,41,0
10-04 03:53:25,23.459,2.995,70.128,1.997,0,5095660,239748,186008,2495064,11183.518,4824.596,1201.906,143.750,128.776,11.979,2097,3240,2.130,2.240,1.430,0,1,2.995,0,0,25,295,0,34,0
10-04 03:53:26,24.011,3.251,69.781,1.501,0.250,5105036,229952,186104,2495388,22879.227,15742.037,368.165,244.109,23.010,26.012,2171,3259,2.130,2.240,1.430,1,0,3.001,0,0,25,295,0,34,0
10-04 03:53:27,21.533,5.258,67.102,3.505,0.250,5112496,219508,186104,2498372,8000.160,1734.637,3188.847,248.378,63.096,21.032,8117,16499,2.130,2.240,1.430,3,0,9.014,0,0,25,295,0,33,0
10-04 03:53:28,21.710,3.993,74.115,0,0,5092392,239388,186104,2498596,22324.347,4360.060,0,79.855,0,0.998,1861,2835,2.040,2.220,1.420,0,0,2.995,0,0,25,295,1,33,0
10-04 03:53:29,4.750,1.500,90.756,1.000,0.250,5092552,239080,186184,2498648,33748.362,18679.308,0,772.054,0,79.006,2446,4061,2.040,2.220,1.420,0,0,0,0,0,25,296,0,31,0
10-04 03:53:30,4.251,1.250,93.021,0.500,0.250,5093088,238292,186220,2498864,16592.717,2774.622,4.001,200.045,1.000,13.003,1660,2624,2.040,2.220,1.420,0,0,0,0,0,25,297,0,31,0
10-04 03:53:31,3.750,0.750,92.255,0,0,5093592,237788,186252,2498832,30626.684,14712.809,0,280.015,0,39.002,2227,3533,2.040,2.220,1.420,1,0,0,0,0,25,297,0,26,0
10-04 03:53:32,2.748,0.749,94.179,0.250,0.250,5093736,237536,186264,2498928,83206.346,3787.148,0,299.774,0,20.984,1804,2791,2.040,2.220,1.420,1,0,0,0,0,25,297,0,26,0
10-04 03:53:33,10.494,1.499,84.948,0.500,0,5095936,234512,186348,2499668,70855.990,3032.159,0,299.818,0,6.996,1851,2862,1.880,2.180,1.420,0,0,1.999,0,0,25,297,0,25,0
10-04 03:53:34,4.763,0.501,91.757,0.501,0.501,5095884,234228,186388,2499964,315289.387,19455.573,0,569.598,0,38.107,2131,3133,1.880,2.180,1.420,0,1,0,0,0,25,297,0,25,0
10-04 03:53:35,20.450,6.484,72.075,0.499,0,5132900,191376,186772,2505408,601452.275,13009.426,0,1077.385,0,22.944,2432,3138,1.880,2.180,1.420,2,0,4.988,0,0,25,297,0,21,0
10-04 03:53:36,41.550,9.011,48.058,0.501,0,5138608,185512,186848,2505484,18674.559,10667.887,552.668,660.798,7.008,35.042,2449,3347,1.880,2.180,1.420,3,0,7.008,0,0,25,297,0,21,0
10-04 03:53:37,46.519,10.004,42.017,1.251,0,5134996,186788,187068,2507576,14006.827,5278.196,380.158,696.290,20.008,20.008,2573,3454,1.880,2.180,1.420,2,0,7.003,0,0,25,297,0,21,0
10-04 03:53:38,32.749,5.500,59.499,0.750,0.250,5100088,220864,187284,2508192,31941.457,14388.755,279.995,383.993,6.000,22.000,2485,4186,1.810,2.160,1.410,1,0,1.000,0,0,25,297,0,21,0
10-04 03:53:39,22.011,2.001,65.784,9.255,0.250,5107168,211204,187440,2510416,21531.218,14909.768,172.090,3946.056,16.008,457.238,2863,3724,1.810,2.160,1.410,1,0,0,0,0,25,297,0,21,0
10-04 03:53:40,23.483,5.496,70.448,0.500,0,5121344,193604,188112,2513044,9615.913,1618.807,0,751.446,0,11.991,1817,2667,1.810,2.160,1.410,3,0,1.999,0,0,25,297,0,21,0
10-04 03:53:41,26.527,5.506,65.818,0,0.250,5127780,187276,188128,2513048,19932.630,11690.099,0,760.787,0,41.042,9853,19593,1.810,2.160,1.410,2,0,12.012,0,0,25,297,0,19,0
10-04 03:53:42,16.721,10.981,69.629,0.998,0.250,5058164,264336,188144,2505580,11591.819,1856.767,91.840,750.693,3.993,23.958,2659,4252,1.810,2.160,1.410,1,0,172.699,0,0,25,295,0,19,0
10-04 03:53:43,19.538,8.767,69.888,0,0,5095880,226612,188144,2505588,9456.611,1858.658,0,0,0,0,2364,3753,1.740,2.140,1.410,1,0,133.262,0,0,25,295,0,19,0
10-04 03:53:44,25.496,4.249,68.739,0.250,0.250,5119852,202340,188200,2505812,154782.770,144947.374,0,2459.599,0,227.963,2735,4200,1.740,2.140,1.410,4,0,0,0,0,25,299,0,20,0
10-04 03:53:45,22.989,6.497,69.467,0.500,0.250,5059076,262896,188220,2506012,209737.116,202010.833,155.925,167.919,2.999,16.992,3059,5413,1.740,2.140,1.410,2,0,82.960,0,0,25,295,0,20,0
10-04 03:53:46,24.460,4.992,68.387,0.250,0,5099440,222500,188240,2506024,24748.116,12757.924,0,227.624,0,27.954,2212,3436,1.740,2.140,1.410,1,0,30.949,0,0,25,295,0,21,0
10-04 03:53:47,26.027,3.003,69.823,0,0.250,5119116,202812,188244,2506032,193272.196,181098.524,0,184.192,0,11.011,2495,4364,1.740,2.140,1.410,1,0,0,0,0,25,295,0,21,0
10-04 03:53:48,22.744,6.998,69.481,0.250,0.250,5095584,226296,188264,2506060,11907.713,3976.902,0,155.957,0,13.996,2224,3466,1.760,2.140,1.410,1,0,71.980,0,0,25,295,0,21,0
10-04 03:53:49,27.506,3.501,68.264,0.250,0,5117632,204056,188316,2506200,104398.611,97144.109,0,448.093,0,55.011,2697,4473,1.760,2.140,1.410,1,0,0,0,0,25,295,0,21,0
10-04 03:53:50,23.268,4.503,69.054,0.250,0.500,5078912,242732,188324,2506236,192332.250,183364.291,0,288.224,0,24.019,2414,4330,1.760,2.140,1.410,2,0,58.045,0,0,25,295,0,22,0
10-04 03:53:51,25.495,3.499,68.987,0.750,0,5117800,203796,188364,2506244,50945.575,41549.313,3.999,387.928,1.000,44.992,2428,3692,1.760,2.140,1.410,3,0,0,0,0,25,296,0,22,0
10-04 03:53:52,24.698,4.491,68.606,0.249,0,5072764,248788,188380,2506272,233453.514,217025.030,0,243.488,0,18.960,2779,4642,1.760,2.140,1.410,2,0,27.941,0,0,25,295,0,25,0
10-04 03:53:53,25.738,2.749,70.716,0,0.250,5118488,203056,188380,2506280,33221.253,22771.206,0,119.943,0,7.996,1990,2859,1.700,2.120,1.410,2,0,2.999,0,0,25,296,0,25,0
10-04 03:53:54,27.809,6.013,63.135,0.501,0.251,5058668,262740,188468,2506312,268270.294,259717.015,0,841.799,0,81.173,3363,6385,1.700,2.120,1.410,4,0,32.069,0,0,25,295,0,27,0
10-04 03:53:55,24.491,4.998,69.976,0.500,0,5106932,214412,188484,2506360,12787.537,4969.266,0,243.915,0,19.993,2011,3021,1.700,2.120,1.410,2,0,17.994,0,0,25,295,0,27,0
10-04 03:53:56,26.500,3.250,68.999,0.500,0.250,5121324,200016,188528,2506320,261111.561,251854.718,0,327.994,0,34.999,2896,5193,1.700,2.120,1.410,2,0,0,0,0,25,295,0,29,0
10-04 03:53:57,24.282,4.256,70.094,0.250,0,5098040,223224,188536,2506388,11006.705,1734.317,0,148.198,0,6.008,2135,2936,1.700,2.120,1.410,3,0,29.039,0,0,25,295,0,29,0
10-04 03:53:58,30.482,5.997,63.214,0,0,5147504,173744,188548,2506392,92139.020,82288.684,0,131.924,0,7.995,2918,6790,1.640,2.100,1.410,2,0,33.980,0,0,25,295,0,27,0
10-04 03:53:59,23.774,6.506,67.066,0.751,0.500,5062184,258700,188648,2506656,214920.772,205672.616,0,1161.150,0,110.109,3608,6503,1.640,2.100,1.410,2,0,89.088,0,0,25,295,0,28,0
10-04 03:54:00,27.216,3.745,68.415,0.250,0.250,5105284,215592,188652,2506660,12124.856,2191.263,0,171.785,0,9.988,1833,2838,1.640,2.100,1.410,2,0,0.999,0,0,25,293,0,27,2
10-04 03:54:01,26.018,3.002,68.798,0.250,0,5118864,201968,188688,2506668,223288.516,215665.240,0,352.244,0,42.029,3176,5548,1.640,2.100,1.410,1,0,0,0,0,25,296,0,28,2
10-04 03:54:02,24.514,4.753,70.039,0,0,5093588,227200,188704,2506696,50598.931,34745.179,0,612.338,0,40.022,2265,3331,1.640,2.100,1.410,1,0,49.027,0,0,25,293,0,20,2
10-04 03:54:03,25.691,2.744,69.341,0,0,5118024,202756,188708,2506700,98598.224,88129.303,0,63.853,0,5.986,2090,3151,1.590,2.080,1.410,1,0,1.995,0,0,25,293,0,21,2
10-04 03:54:04,27.802,3.006,68.629,0.501,0.501,5066052,254684,188736,2506716,214560.803,207191.935,0,476.898,0,48.091,3025,5037,1.590,2.080,1.410,1,0,14.026,0,0,25,293,0,22,2
10-04 03:54:05,25.491,3.749,69.476,0.250,0,5109900,210788,188748,2506732,17760.979,8820.010,0,123.958,0,13.995,2038,2931,1.590,2.080,1.410,2,0,1.000,0,0,25,293,0,23,2
10-04 03:54:06,25.508,3.251,69.272,0.500,0.250,5120740,199920,188756,2506752,259136.405,249489.338,0,372.118,0,45.014,3345,6023,1.590,2.080,1.410,2,0,0,0,0,25,295,0,22,2
10-04 03:54:07,32.946,6.489,57.157,2.746,0.250,5089152,230460,188944,2507560,315957.725,307431.657,0,1281.905,0,159.739,4333,7390,1.590,2.080,1.410,4,0,9.984,0,0,25,295,0,23,2
10-04 03:54:08,27.044,4.758,66.108,0,0,5142848,176972,188988,2507308,90919.654,83661.787,0,440.721,0,35.057,2497,4026,1.540,2.070,1.400,5,0,0,0,0,25,295,0,23,2
10-04 03:54:09,30.450,3.744,64.645,1.248,0.250,5128660,190840,189092,2507524,388903.698,380836.855,0,914.508,0,114.813,3945,6642,1.540,2.070,1.400,2,0,0,0,0,25,297,0,24,2
10-04 03:54:10,24.241,6.748,63.227,4.248,0.250,5068384,250776,189196,2507752,323349.594,314926.626,19.993,5961.854,1.999,548.802,3977,5726,1.540,2.070,1.400,3,0,104.962,0,0,25,295,0,25,2
10-04 03:54:11,12.512,19.518,65.061,0,0,5069268,249800,189224,2507816,21819.423,13419.561,0,592.555,0,58.054,3823,6528,1.540,2.070,1.400,1,0,410.384,0,0,25,295,0,25,2
10-04 03:54:12,10.011,20.772,66.822,0,0,5068916,250076,189228,2507888,9976.795,1733.876,0,240.260,0,20.022,3470,5768,1.540,2.070,1.400,2,0,393.426,0,0,25,295,0,25,2
10-04 03:54:13,10.724,21.199,66.590,0.249,0.499,5069748,249220,189232,2507908,20300.117,2488.009,0,299.279,0,20.950,3515,5910,1.420,2.030,1.400,5,0,411.010,0,0,25,295,0,25,2
10-04 03:54:14,15.524,18.028,63.848,1.002,0.250,5068892,249652,189248,2508316,19667.229,10794.591,0,3749.763,0,232.357,4381,7314,1.420,2.030,1.400,3,1,444.683,0,0,25,295,0,25,2
10-04 03:54:15,10.750,20.499,65.747,0.750,0.250,5070628,247884,189264,2508332,12496.488,5670.767,0,5411.778,0,69.997,3763,6199,1.420,2.030,1.400,3,0,437.982,0,0,25,295,0,25,2
10-04 03:54:16,14.009,19.762,63.540,1.001,0,5070524,247912,189288,2508368,20583.906,12533.859,0,1148.720,0,181.114,4315,6973,1.420,2.030,1.400,1,3,442.277,0,0,25,295,0,25,2
10-04 03:54:17,12.750,19.250,63.748,3.000,0.250,5069560,248812,189312,2508408,14017.664,4868.883,0,1107.973,0,130.997,3908,6343,1.420,2.030,1.400,1,0,407.990,0,0,25,295,0,25,2
10-04 03:54:18,16.732,20.977,59.686,0.499,0.499,5070332,247896,189328,2508532,172687.189,165062.393,0,423.544,0,37.959,4721,9296,1.470,2.030,1.400,1,1,415.553,0,0,25,295,0,25,2
10-04 03:54:19,15.758,9.255,66.784,5.753,0,5082588,234800,189368,2509332,28745.632,17241.776,764.389,472.240,32.016,50.025,3349,5424,1.470,2.030,1.400,1,0,169.086,0,0,25,295,0,25,2
10-04 03:54:20,17.506,9.754,70.025,1.751,0,5100224,305548,189400,2429564,11940.299,3865.392,72.026,2576.928,7.003,29.010,2151,3305,1.470,2.030,1.400,0,1,14.005,0,0,25,295,0,25,2
10-04 03:54:21,21.720,7.240,66.158,3.246,0.250,5101936,289640,189660,2443492,19135.497,11705.787,495.314,1497.925,54.924,42.941,9045,18042,1.470,2.030,1.400,1,0,7.989,0,0,25,295,0,25,2
10-04 03:54:22,15.743,5.498,69.969,6.497,0,5123708,249092,189744,2462184,13796.957,5273.690,15996.993,1447.366,133.941,39.982,2158,2947,1.470,2.030,1.400,0,1,3.998,0,0,25,295,0,25,2
10-04 03:54:23,18.252,1.750,73.508,5.251,0,5118296,244468,189768,2472196,20811.352,1929.218,10293.163,0,86.010,0,1840,2694,1.430,2.010,1.400,0,0,2.000,0,0,25,295,1,25,2
10-04 03:54:24,4.754,1.001,92.082,0.500,0.500,5118096,244500,189772,2472360,26765.714,14708.031,0,528.468,0,45.040,1975,3154,1.430,2.010,1.400,1,1,0,0,0,25,296,0,25,2
10-04 03:54:25,6.255,1.251,89.567,1.751,0,5118688,243492,189796,2472752,16048.956,7359.483,212.158,360.268,6.004,28.021,1910,3025,1.430,2.010,1.400,1,0,0,0,0,25,296,0,25,2
10-04 03:54:26,6.992,1.249,88.904,0.749,0.499,5120448,241224,189824,2473232,17225.379,11232.857,0,507.451,0,29.968,1979,3085,1.430,2.010,1.400,0,0,0,0,0,25,296,0,25,2
10-04 03:54:27,14.250,1.500,82.500,0.250,0,5124820,233160,189856,2476892,9784.039,2580.010,4.000,616.002,1.000,21.000,1813,2680,1.430,2.010,1.400,1,0,0,0,0,25,296,0,25,2
10-04 03:54:28,7.994,0.749,89.179,0.250,0,5124032,231900,189868,2478928,13932.895,5602.535,0,387.691,0,14.988,1771,2791,1.310,1.980,1.390,3,0,0,0,0,25,296,0,25,2
10-04 03:54:29,10.527,1.755,85.974,0.501,0.251,5124512,231160,189908,2479148,46350.790,21812.844,0,657.714,0,51.133,2612,3909,1.310,1.980,1.390,2,0,0,0,0,25,296,0,25,2
10-04 03:54:30,7.482,0.499,88.792,1.746,0.249,5128580,225584,189920,2480644,18812.978,4095.417,710.338,343.197,5.986,13.967,1802,2689,1.310,1.980,1.390,1,0,0,0,0,25,296,0,25,2
10-04 03:54:31,8.505,1.501,87.797,1.001,0,5128912,224860,189956,2481000,28370.065,15123.030,80.043,700.372,2.001,44.023,2266,3476,1.310,1.980,1.390,1,0,0,0,0,25,296,0,25,2
10-04 03:54:32,6.996,0.750,89.452,1.249,0.250,5129400,224072,189992,2481264,13063.998,4903.372,139.925,775.584,0.999,40.978,1836,2827,1.310,1.980,1.390,1,0,0,0,0,25,296,0,25,2
10-04 03:54:33,7.751,1.500,89.008,0.500,0.250,5130776,222300,190008,2481640,12892.199,3717.346,180.017,336.031,2.000,9.001,1776,2681,1.210,1.950,1.380,2,0,2.000,0,0,25,296,0,25,2
10-04 03:54:34,8.513,0.501,87.886,1.502,0,5131280,221576,190024,2481840,23829.889,14103.833,92.143,673.042,4.006,40.062,2059,3204,1.210,1.950,1.380,2,0,0,0,0,25,296,0,25,2
10-04 03:54:35,19.223,3.994,75.643,0,0.250,5159872,192280,190044,2482536,19221.840,10901.596,0,519.266,0,38.945,2051,3132,1.210,1.950,1.380,1,0,2.996,0,0,25,296,0,26,2
10-04 03:54:36,30.539,6.258,62.580,0,0,5149628,200988,190100,2484008,19473.946,12330.796,512.657,728.934,4.005,42.054,2271,3342,1.210,1.950,1.380,1,0,8.010,0,0,25,296,0,26,2
10-04 03:54:37,30.504,5.751,63.008,0.500,0.250,5159724,190720,190120,2484160,14554.878,7796.006,320.041,592.076,3.000,25.003,2066,2882,1.210,1.950,1.380,2,0,4.001,0,0,25,296,0,25,2
10-04 03:54:38,12.733,2.746,82.889,0.999,0.250,5137488,212660,190148,2484428,22399.008,15395.386,255.658,407.454,1.997,20.972,1998,3033,1.110,1.910,1.370,0,0,0.999,0,0,25,296,0,25,2
10-04 03:54:39,9.253,1.500,86.278,1.250,0,5139524,210172,190212,2484808,26190.617,16384.390,0,900.296,0,64.021,2273,3724,1.110,1.910,1.370,1,0,0,0,0,25,296,0,25,2
10-04 03:54:40,8.501,1.750,87.511,1.500,0,5139800,209164,190216,2485536,17067.168,10576.343,44.006,4828.613,1.000,437.056,2116,2709,1.110,1.910,1.370,0,0,0,0,0,25,296,0,25,2
10-04 03:54:41,7.499,1.750,88.485,1.000,0.500,5140332,208628,190256,2485500,21852.285,14254.577,0,615.895,0,40.993,1976,3281,1.110,1.910,1.370,1,1,0,0,0,25,296,0,25,2
10-04 03:54:42,12.494,1.000,83.713,1.000,0,5141948,206644,190264,2485860,23822.351,6604.048,31.986,375.832,1.000,14.993,1714,2644,1.110,1.910,1.370,0,0,0,0,0,25,296,0,25,2
10-04 03:54:43,9.004,0.750,88.786,1.000,0.250,5142168,206392,190284,2485872,10483.225,3587.446,8.003,432.174,1.000,17.007,1699,2565,1.020,1.880,1.370,0,1,2.001,0,0,25,296,0,25,2
10-04 03:54:44,8.507,1.751,87.824,1.001,0.250,5143160,204880,190336,2486340,20283.119,11680.859,232.196,600.507,3.003,35.030,2006,3084,1.020,1.880,1.370,5,0,0,0,0,25,296,0,25,2
10-04 03:54:45,25.482,2.248,70.202,0.749,0,5145276,198476,190460,2490492,24522.080,14199.203,195.865,1151.206,0.999,48.966,2266,3394,1.020,1.880,1.370,1,0,0,0,0,25,296,0,24,2
10-04 03:54:46,20.985,5.496,70.700,1.749,0,5180692,144100,190876,2509012,19988.928,12113.472,0,2738.072,0,140.901,2569,3796,1.020,1.880,1.370,1,0,0,0,0,25,296,0,25,2
10-04 03:54:47,20.249,4.500,70.998,3.000,0,5152760,160480,191480,2519960,9397.727,1619.953,43.999,3355.903,2.000,128.996,2409,3346,1.020,1.880,1.370,1,0,0,0,0,25,296,0,23,2
10-04 03:54:48,21.786,3.756,71.117,2.254,0.250,5151612,138556,191872,2542636,12518.606,3362.535,0,1430.354,0,60.099,1985,2954,1.100,1.880,1.370,1,0,0,0,0,25,296,0,23,2
10-04 03:54:49,18.994,5.248,67.977,5.998,0,5158452,129764,191900,2545432,29161.173,19105.561,6861.688,2383.197,59.980,107.964,2740,4264,1.100,1.880,1.370,1,1,1.000,0,0,25,296,0,22,2
10-04 03:54:50,19.491,3.748,69.968,4.998,0.750,5108940,190724,191692,2535276,11882.558,2655.784,12330.353,375.828,108.950,12.994,2047,2920,1.100,1.880,1.370,3,0,2.999,0,0,25,295,0,22,2
10-04 03:54:51,22.995,7.748,67.734,0,0,5134772,163052,191700,2537092,21128.119,11793.276,0,1407.675,0,40.991,7497,14630,1.100,1.880,1.370,2,0,9.998,0,0,25,295,0,21,2
10-04 03:54:52,24.770,4.253,69.306,0.751,0,5116524,181108,191708,2537272,13264.811,5946.847,0,1993.625,0,41.033,3783,7287,1.100,1.880,1.370,2,0,8.007,0,0,25,295,0,21,2
10-04 03:54:53,26.956,4.493,66.392,0,0,5138836,158768,191708,2537280,18218.450,2005.747,0,0,0,0,6926,13409,1.090,1.870,1.370,3,0,7.987,0,0,25,295,0,18,2
10-04 03:54:54,23.550,5.261,69.398,0,0,5120752,176780,191708,2537352,14363.666,7628.286,0,749.600,0,30.064,3815,6908,1.090,1.870,1.370,2,0,8.017,0,0,25,295,0,18,2
10-04 03:54:55,21.451,6.236,70.339,0,0,5079680,217948,191716,2537248,14803.116,7732.301,0,211.516,0,13.968,1966,2981,1.090,1.870,1.370,3,0,11.973,0,0,25,295,0,16,2
10-04 03:54:56,24.766,6.504,65.293,0.250,0.500,5083768,213844,191724,2537256,16024.560,7504.946,0,16534.896,0,202.133,8151,17313,1.090,1.870,1.370,3,0,49.032,0,0,25,295,0,16,2
10-04 03:54:57,23.524,6.257,70.323,0.501,0.250,5132312,165240,191736,2537304,10778.209,1733.803,0,392.408,0,20.021,1991,2698,1.090,1.870,1.370,2,0,11.011,0,0,25,295,0,14,2
10-04 03:54:58,24.467,6.242,66.911,0,0,5122600,174836,191752,2537408,11924.141,1852.536,0,79.894,0,0.999,8108,16876,1.090,1.850,1.360,2,0,9.987,0,0,25,295,0,14,2
10-04 03:54:59,32.283,10.261,55.056,0.501,0,5138516,158912,191764,2537440,23806.378,16136.524,0,552.566,0,52.053,10046,22490,1.090,1.850,1.360,2,0,47.048,0,0,25,295,0,14,2
10-04 03:55:00,24.755,3.251,70.765,0.250,0.250,5102168,195388,191768,2537308,11592.504,2194.474,0,264.057,0,11.002,1898,2641,1.090,1.850,1.360,2,0,3.001,0,0,25,295,0,14,2
10-04 03:55:01,29.716,14.983,52.689,1.748,0.250,5128180,167628,191792,2537804,22808.610,13390.507,515.404,499.422,27.968,39.954,3768,6663,1.090,1.850,1.360,2,0,333.614,0,0,25,295,0,14,1
10-04 03:55:02,28.250,4.000,65.750,0.250,0,5133780,161824,191804,2538004,11318.057,1844.009,52.000,712.004,2.000,41.000,2398,3560,1.090,1.850,1.360,2,0,78.000,0,0,25,295,0,14,1
10-04 03:55:03,21.739,6.996,70.464,0,0.250,5104848,190760,191808,2537996,10955.336,1854.041,0,3.998,0,0.999,2343,3603,1.080,1.840,1.360,4,0,97.949,0,0,25,295,0,12,1
10-04 03:55:04,24.549,6.262,66.883,0.250,0.250,5116452,165784,192180,2550996,21565.765,11893.585,0,412.819,0,37.074,8098,16516,1.080,1.840,1.360,2,0,9.018,0,0,25,295,0,12,1
10-04 03:55:05,25.965,5.243,68.159,0,0,5118148,161208,192228,2553840,19877.543,10968.401,0,1509.990,0,26.964,2094,3007,1.080,1.840,1.360,5,0,3.995,0,0,25,295,0,10,1
10-04 03:55:06,18.748,1.000,79.740,0.250,0,5119376,159820,192240,2553984,15260.138,7736.056,0,627.923,0,92.989,1963,2791,1.080,1.840,1.360,1,0,0,0,0,25,296,0,10,1
10-04 03:55:07,8.753,3.501,86.277,0.250,0.250,5125500,152520,192248,2555152,19064.062,6544.081,0,444.141,0,25.008,2050,3126,1.080,1.840,1.360,3,0,4.001,0,0,25,296,0,9,1
10-04 03:55:08,10.005,1.501,86.290,0.750,0.250,5126588,151480,192264,2555088,13880.371,6628.042,0,420.193,0,24.011,2155,3705,0.990,1.810,1.350,1,0,0,0,0,25,296,0,9,1
10-04 03:55:09,11.991,3.497,82.689,0.749,0.250,5124880,153564,192288,2554688,25918.898,19840.378,0,1167.140,0,73.946,2398,3876,0.990,1.810,1.350,2,0,0,0,0,25,296,0,8,1
10-04 03:55:10,14.259,0.750,83.305,0.250,0,5126892,146036,192292,2560200,12725.386,5313.502,0,232.153,0,7.005,1699,2533,0.990,1.810,1.350,2,0,0,0,0,25,296,0,8,1
10-04 03:55:11,8.744,1.499,85.688,2.248,0.250,5126820,145848,192316,2560436,20275.341,12833.721,0,7126.847,0,460.667,2468,3420,0.990,1.810,1.350,3,0,0,0,0,25,296,0,7,1
10-04 03:55:12,8.265,1.002,89.668,0.250,0,5126640,145848,192332,2560708,20479.317,5590.460,0,733.372,0,40.075,1805,2632,0.990,1.810,1.350,1,0,0,0,0,25,296,0,7,1
10-04 03:55:13,6.987,1.497,89.578,0,0,5130856,140776,192340,2561556,10351.147,4448.468,0,363.303,0,9.981,1651,2596,0.910,1.780,1.350,1,0,1.996,0,0,25,296,0,7,1
10-04 03:55:14,9.258,0.751,87.823,0.250,0.250,5131412,140020,192348,2561748,19262.065,10148.464,0,596.497,0,32.027,1850,2972,0.910,1.780,1.350,1,0,0,0,0,25,296,0,7,1
10-04 03:55:15,7.754,0.500,89.300,0.750,0.750,5131548,139800,192364,2561816,37379.858,11302.307,0,436.243,0,28.016,1842,2873,0.910,1.780,1.350,0,0,0,0,0,25,296,1,7,1
10-04 03:55:16,5.251,1.000,92.511,0,0,5131572,139768,192376,2561812,20290.374,11889.391,0,20214.365,0,58.007,1901,3058,0.910,1.780,1.350,0,0,0,0,0,25,297,0,8,1
10-04 03:55:17,3.245,2.247,93.865,0,0,5131548,139736,192380,2561864,43375.842,9555.307,0,655.061,0,16.976,1768,2643,0.910,1.780,1.350,0,0,0.999,0,0,25,297,0,7,1
10-04 03:55:18,3.503,0.751,93.828,0,0,5131864,138980,192392,2562288,175214.129,5665.725,0,116.097,0,10.008,1752,2705,0.840,1.750,1.340,0,0,0,0,0,25,297,0,7,1
10-04 03:55:19,10.756,2.751,84.796,0.250,0,5131768,137908,192424,2563408,704189.671,141339.606,0,220.119,0,31.017,3371,6791,0.840,1.750,1.340,2,0,0,0,0,25,297,0,9,1
10-04 03:55:20,5.000,1.000,92.241,0.250,0.750,5132736,136144,192468,2564160,377951.961,6123.400,0,1323.870,0,13.999,1877,2715,0.840,1.750,1.340,0,0,0,0,0,25,297,0,7,1
10-04 03:55:21,7.489,1.997,87.872,0.749,0,5132640,134444,192528,2565896,966771.348,27314.258,0,43173.183,0,147.785,2688,3679,0.840,1.750,1.340,0,0,1.997,0,0,25,297,0,7,1
10-04 03:55:22,5.753,1.251,89.292,1.000,0.250,5137692,124804,192552,2570460,2412533.828,31795.785,0,4558.120,0,42.020,2964,2946,0.840,1.750,1.340,0,0,0,0,0,25,297,0,7,1
10-04 03:55:23,5.002,0.250,92.786,0.250,0,5138040,124456,192592,2570420,32634.695,4867.894,0,292.114,0,9.004,1685,2579,0.770,1.720,1.330,0,0,2.001,0,0,25,297,0,7,1
10-04 03:55:24,9.253,0.750,87.031,1.000,0,5138028,124176,192612,2570692,20310.149,10217.597,0,616.217,0,32.011,2007,3115,0.770,1.720,1.330,0,0,0,0,0,25,297,0,7,1
10-04 03:55:25,9.491,1.499,86.920,0.749,0,5138380,123640,192632,2570856,16881.452,10390.430,0,399.632,0,19.982,1934,3025,0.770,1.720,1.330,0,0,0,0,0,25,297,0,7,1
10-04 03:55:26,12.001,1.750,85.005,0.750,0.500,5142764,129704,192444,2562084,16673.900,9736.526,0,656.035,0,22.001,1879,2901,0.770,1.720,1.330,1,0,2.000,0,0,25,297,0,7,1
10-04 03:55:27,10.751,1.000,86.506,0.750,0.250,5142208,129736,192464,2562620,14041.983,5708.400,0,712.050,0,38.003,1882,2757,0.770,1.720,1.330,0,0,0,0,0,25,297,0,7,1
10-04 03:55:28,7.998,0.500,89.976,0,0,5142172,129516,192484,2562856,12017.755,4457.796,0,283.923,0,8.998,1649,2552,0.710,1.690,1.330,1,0,0,0,0,25,297,0,7,1
10-04 03:55:29,9.262,1.252,87.617,1.001,0.250,5142100,129384,192540,2563004,27842.197,20572.485,0,801.070,0,57.076,2309,3666,0.710,1.690,1.330,1,0,0,0,0,25,297,0,7,1
10-04 03:55:30,12.490,0.749,85.932,0,0,5145060,125588,192552,2563828,12990.789,4138.747,0,259.796,0,5.995,1625,2541,0.710,1.690,1.330,0,0,0,0,0,25,297,0,7,1
10-04 03:55:31,8.744,0.999,87.189,0.250,0.500,5145808,124548,192604,2564068,26279.499,17409.744,0,567.600,0,49.965,2288,3622,0.710,1.690,1.330,0,0,0,0,0,25,297,0,7,1
10-04 03:55:32,11.503,1.000,85.773,0.500,0,5147924,122312,192636,2564156,13426.639,4167.129,0,1092.296,0,47.013,1874,2826,0.710,1.690,1.330,1,0,0,0,0,25,297,0,7,1
10-04 03:55:33,12.497,1.750,84.478,0.500,0.250,5152732,127696,192476,2554788,685549.185,29030.597,0,835.787,0,5.998,2337,3025,0.730,1.680,1.320,1,0,3.999,0,0,25,297,0,7,1
10-04 03:55:34,6.260,2.754,86.883,1.002,0,5155348,123892,192556,2555948,634128.021,21923.675,0,1221.877,0,35.054,2576,3692,0.730,1.680,1.320,2,0,13.020,0,0,25,297,0,7,1
10-04 03:55:35,6.248,1.500,91.224,0.500,0,5155492,123640,192616,2555996,38703.047,13719.117,0,435.877,0,23.993,1888,2884,0.730,1.680,1.320,1,0,0,0,0,25,297,0,8,1
10-04 03:55:36,5.742,1.248,91.126,0.499,0.499,5155696,123104,192684,2556260,176096.628,15270.156,0,615.160,0,33.954,2144,3089,0.730,1.680,1.320,0,0,0.999,0,0,25,297,0,7,1
10-04 03:55:37,6.750,4.500,86.751,1.000,0.250,5167104,122504,192568,2545736,231111.698,14209.227,0,17244.276,0,97.002,2163,2977,0.730,1.680,1.320,1,0,2.000,0,0,25,297,0,7,1
10-04 03:55:38,9.022,2.256,85.208,0.752,0,5144752,153684,192424,2537668,1194969.531,24943.838,0,1403.423,0,19.046,2801,3458,0.750,1.670,1.320,1,0,1.002,0,0,25,297,0,7,1
10-04 03:55:39,5.985,2.244,89.020,0.997,0,5144896,152176,192536,2538020,144843.001,22249.396,3.990,997.418,0.997,55.855,2282,3539,0.750,1.670,1.320,0,0,0.997,0,0,25,297,0,7,1
10-04 03:55:40,5.259,1.502,91.148,0.501,0.501,5144996,151452,192576,2538476,375020.909,12387.179,0,324.529,0,7.011,2042,2857,0.750,1.670,1.320,0,0,2.003,0,0,25,297,0,7,1
10-04 03:55:41,8.742,2.747,85.669,0.749,0,5144676,145024,192600,2545200,3708185.181,84796.037,0,263.751,0,27.974,5174,5164,0.750,1.670,1.320,0,0,0,0,0,25,297,0,7,1
10-04 03:55:42,6.747,2.999,83.718,1.749,0.500,5141964,136960,192624,2555952,5618114.172,79930.987,0,11307.613,0,410.841,5898,4549,0.750,1.670,1.320,0,0,0,0,0,25,297,0,7,1
10-04 03:55:43,8.005,2.752,88.055,0.750,0,5146032,137000,192588,2552872,1141684.128,20709.882,0,10190.338,0,17.011,2571,3055,0.850,1.670,1.330,0,0,3.002,0,0,25,297,0,7,1
10-04 03:55:44,9.261,1.251,84.849,1.001,0.250,5145528,137224,192640,2553100,120933.734,14964.538,0,840.986,0,48.056,2151,3280,0.850,1.670,1.330,0,0,1.001,0,0,25,297,0,7,1
10-04 03:55:45,8.490,0.749,88.400,0,0.250,5145224,137348,192696,2553224,87992.744,19874.581,0,467.473,0,27.968,2216,3215,0.850,1.670,1.330,1,0,0,0,0,25,297,0,7,1
10-04 03:55:46,11.251,0.750,85.756,0.750,0,5145780,136624,192728,2553360,55162.917,15856.126,4.000,360.026,1.000,26.002,2134,3121,0.850,1.670,1.330,0,0,0,0,0,25,297,0,7,1
10-04 03:55:47,12.006,0.500,85.295,0.500,0,5147304,134640,192748,2553800,14077.447,3313.753,0,1965.040,0,33.017,1798,2700,0.850,1.670,1.330,1,0,0,0,0,25,297,0,7,1
10-04 03:55:48,25.245,2.999,70.236,0.250,0.250,5147300,130828,192980,2557384,12010.598,3528.294,0,587.882,0,29.994,1975,2730,0.950,1.680,1.330,1,0,0,0,0,25,297,0,7,1
10-04 03:55:49,18.489,5.996,68.957,5.247,0.500,5149740,123028,195204,2561072,29239.842,17493.137,0,4485.215,0,135.916,2662,4203,0.950,1.680,1.330,1,0,0.999,0,0,25,297,0,7,1
10-04 03:55:50,21.525,5.256,70.332,1.251,0,5152436,125208,195604,2556624,19171.258,1621.883,0,1041.209,0,31.036,1836,2696,0.950,1.680,1.330,1,0,0,0,0,25,297,0,7,1
10-04 03:55:51,22.758,7.003,69.525,1.751,0.250,5159624,172288,196108,2503784,19694.169,10483.816,16.006,2520.918,3.001,96.035,2379,3539,0.950,1.680,1.330,1,0,0,0,0,25,297,0,7,1
10-04 03:55:52,22.262,5.003,70.037,2.501,0,5158396,136420,196628,2540392,13117.953,5409.867,24.013,5767.057,3.002,77.041,1990,2937,0.950,1.680,1.330,3,0,0,0,0,25,297,0,7,1
10-04 03:55:53,18.221,4.493,71.386,5.741,0,5158704,125632,197400,2550080,12146.602,2057.714,0,1821.092,0,73.882,2142,3035,0.950,1.670,1.330,3,0,1.997,0,0,25,297,0,7,1
10-04 03:55:54,22.906,4.482,69.464,1.245,0,5157204,122804,197956,2554092,22779.127,14415.593,0,1246.862,0,55.770,2223,3463,0.950,1.670,1.330,7,0,0,0,0,25,297,0,7,1
10-04 03:55:55,23.308,5.514,69.173,0.251,0,5158544,138100,198216,2538316,16677.644,9160.875,8.020,2245.607,2.005,49.123,1990,3069,0.950,1.670,1.330,2,0,0,0,0,25,297,0,7,1
10-04 03:55:56,23.030,3.755,69.091,2.003,0.751,5158092,128320,198752,2548440,23424.991,13966.478,0,2098.777,0,87.115,2207,3407,0.950,1.670,1.330,2,0,0,0,0,25,299,0,7,1
10-04 03:55:57,7.758,1.001,88.845,1.001,0.250,5158600,126196,198912,2549888,12427.272,2039.178,276.295,3427.661,28.030,44.047,1877,2893,0.950,1.670,1.330,0,0,1.001,0,0,25,300,0,7,1
10-04 03:55:58,6.497,1.000,91.459,0.500,0,5158540,126228,198912,2549920,15294.148,3623.377,31.986,75.966,3.998,2.999,1643,2539,1.040,1.670,1.330,1,0,0,0,0,25,300,0,7,1
10-04 03:55:59,29.515,8.004,59.279,1.501,0,5111488,201900,198952,2521296,27947.778,17984.867,356.176,680.335,32.016,45.022,3715,8949,1.040,1.670,1.330,1,0,39.019,0,0,25,297,0,8,1
10-04 03:56:00,22.732,5.496,69.446,0.250,0,5140020,171404,198988,2523212,10654.785,2192.310,103.920,0,3.997,0,3633,6343,1.040,1.670,1.330,3,0,7.994,0,0,25,297,0,7,1
10-04 03:56:01,24.789,7.261,66.355,0.250,0.250,5144000,167348,199008,2523268,21920.525,14048.126,0,2047.224,0,35.055,7953,16414,1.040,1.670,1.330,2,0,8.013,0,0,25,297,0,7,1
10-04 03:56:02,24.960,2.995,70.387,0.250,0.499,5117600,193640,199012,2523372,10888.535,1563.492,0,1964.848,0,32.947,1929,2816,1.040,1.670,1.330,2,0,0.998,0,0,25,297,0,7,1
10-04 03:56:03,23.542,8.766,65.869,0,0.250,5146680,164544,199012,2523388,18429.265,2082.759,0,24.043,0,6.011,6650,15035,1.110,1.680,1.340,4,0,12.022,0,0,25,297,0,7,1
10-04 03:56:04,23.443,4.738,69.830,0.499,0,5113912,197228,199020,2523464,21442.937,10208.214,0,694.314,0,30.925,2155,3199,1.110,1.680,1.340,2,0,2.993,0,0,25,297,0,7,1
10-04 03:56:05,24.765,4.503,68.792,0.250,0,5108768,202444,199028,2523384,22064.592,9544.880,4.002,124.076,1.001,16.010,2014,2883,1.110,1.680,1.340,2,0,7.004,0,0,25,297,0,8,1
10-04 03:56:06,25.500,3.750,70.001,0.500,0,5112036,197152,199200,2525220,17403.331,8677.165,92.002,748.014,4.000,19.000,2083,2982,1.110,1.680,1.340,2,0,2.000,0,0,25,297,0,8,1
10-04 03:56:07,22.767,4.503,68.802,2.752,0.250,5120052,187732,199316,2526504,368384.499,360981.902,536.406,2017.525,17.013,115.087,3814,6709,1.110,1.680,1.340,4,0,0,0,0,25,319,0,11,1
10-04 03:56:08,32.747,6.749,57.995,2.000,0.250,5130516,176156,199492,2527440,556645.129,550807.631,0,1075.907,0,146.987,5249,9032,1.180,1.680,1.340,3,0,4.000,0,0,25,321,0,17,1
10-04 03:56:09,33.490,17.495,45.737,2.249,0.500,5107864,199000,199548,2527188,326497.948,317309.567,127.964,1019.709,1.000,140.960,5183,9505,1.180,1.680,1.340,6,0,307.912,0,0,25,319,0,18,1
10-04 03:56:10,13.006,11.255,69.281,6.003,0,5078472,223760,199556,2531812,23639.449,15643.915,4586.027,248.110,92.041,10.004,2787,4225,1.180,1.680,1.340,1,1,132.058,0,0,25,319,0,20,1
10-04 03:56:11,13.743,6.497,68.215,11.994,0,5055388,224052,199712,2554444,19654.956,11522.112,22740.380,575.706,1455.256,31.984,4757,6349,1.180,1.680,1.340,1,1,9.995,0,0,25,319,0,20,1
10-04 03:56:12,6.244,2.997,68.687,19.982,0,5055464,208648,199736,2569728,11011.847,1618.508,14750.400,4443.903,1539.581,230.787,4966,6740,1.180,1.680,1.340,0,1,0,0,0,25,319,0,20,1
10-04 03:56:13,7.253,3.251,68.026,20.758,0.250,5057320,203536,199876,2572844,10314.920,2191.833,2961.125,13737.220,206.078,553.210,2721,3010,1.170,1.670,1.340,0,1,6.002,0,0,25,319,0,20,1
10-04 03:56:14,3.503,2.002,88.325,4.504,0.500,5058372,202056,200028,2573340,16472.903,9420.951,888.750,516.436,76.064,34.029,2097,3375,1.170,1.670,1.340,1,0,1.001,0,0,25,320,0,20,1
10-04 03:56:15,5.241,1.498,87.109,4.243,0.250,5062176,197392,200036,2574032,23978.060,11230.761,638.962,123.799,143.767,21.964,2019,3277,1.170,1.670,1.340,3,0,0,0,0,25,320,0,20,1
10-04 03:56:16,4.499,0.500,92.235,0.250,0,5062392,197172,200040,2574032,135748.416,15251.575,0,135.978,0,20.997,1890,3102,1.170,1.670,1.340,0,0,0,0,0,25,320,0,21,1
10-04 03:56:17,4.251,1.500,93.012,0,0,5064396,195136,200048,2574040,1803308.037,40169.302,0,408.054,0,26.003,2910,2841,1.170,1.670,1.340,1,0,0,0,0,25,320,0,20,1
10-04 03:56:18,12.766,7.009,76.594,1.752,0,5109084,148032,200068,2576436,4252557.889,50294.712,2390.934,216.265,24.029,29.036,5628,6995,1.160,1.660,1.340,1,0,1.001,0,0,25,320,0,20,1
10-04 03:56:19,13.241,2.748,80.946,0.999,0.500,5140164,146192,200064,2547944,39253.739,28635.843,59.960,923.382,3.997,105.929,2849,4940,1.160,1.660,1.340,1,0,0,0,0,25,322,0,20,1
10-04 03:56:20,8.497,2.749,86.721,1.749,0,5046664,239212,200156,2548316,126340.055,143537.346,283.906,415.862,10.996,1.000,1986,2812,1.160,1.660,1.340,0,0,10.996,0,0,25,321,0,20,1
10-04 03:56:21,8.000,3.250,87.252,0.250,0.250,5046484,238956,200176,2548640,115345.192,107781.048,0,412.008,0,24.000,3439,6164,1.160,1.660,1.340,0,0,0,0,0,25,321,0,20,1
10-04 03:56:22,3.248,0.500,93.707,0.250,0.250,5046368,239052,200192,2548644,15897.639,5325.534,0,423.804,0,29.986,1713,2805,1.160,1.660,1.340,1,0,0,0,0,25,321,0,20,1
10-04 03:56:23,3.252,3.002,92.305,0,0,5046260,239128,200192,2548644,9986.952,1694.010,0,80023.694,0,248.148,1935,2485,1.060,1.630,1.330,1,0,2.001,0,0,25,321,0,20,1
10-04 03:56:24,3.254,1.001,93.604,0.501,0.501,5046156,239208,200216,2548644,18751.908,9260.325,0,1621.808,0,30.033,1831,3103,1.060,1.630,1.330,0,0,0,0,0,25,321,0,20,1
10-04 03:56:25,3.250,1.000,92.751,0.250,0,5046156,239176,200232,2548660,18213.164,9086.082,0,112.001,0,20.000,1740,2971,1.060,1.630,1.330,1,0,0,0,0,25,321,0,20,1
10-04 03:56:26,3.744,0.499,94.093,0.250,0.250,5046116,239208,200240,2548660,16130.111,7840.929,0,87.854,0,13.977,1790,3047,1.060,1.630,1.330,0,0,0,0,0,25,321,0,20,1
10-04 03:56:27,3.006,1.002,94.427,0.250,0,5046136,239176,200252,2548660,11342.312,1735.261,0,304.572,0,22.041,1713,2687,1.060,1.630,1.330,0,0,0,0,0,25,321,0,20,1
10-04 03:56:28,3.244,1.996,93.571,0,0.250,5046832,238480,200260,2548652,11158.709,1963.254,0,53366.177,0,141.730,1764,2655,1.060,1.620,1.330,0,0,0,0,0,25,321,0,20,1
10-04 03:56:29,5.010,1.253,91.684,0.752,0.251,5046556,238672,200300,2548688,25733.622,15170.432,0,1515.039,0,69.139,2333,3994,1.060,1.620,1.330,0,0,0,0,0,25,321,0,20,1
10-04 03:56:30,2.246,0.998,94.824,0,0.250,5046556,238672,200300,2548688,13846.232,1903.458,0,0,0,0,1728,2704,1.060,1.620,1.330,0,0,0,0,0,25,321,0,20,1
10-04 03:56:31,4.750,1.750,92.005,0.250,0,5046500,238704,200324,2548688,30674.748,20346.160,0,192.011,0,33.002,2122,3570,1.060,1.620,1.330,1,0,0,0,0,25,321,0,20,1
10-04 03:56:32,3.007,1.253,94.732,0.251,0.251,5046532,238672,200328,2548684,8429.636,1515.710,0,396.972,0,30.074,1666,2715,1.060,1.620,1.330,0,0,0,0,0,25,321,0,20,1
10-04 03:56:33,3.999,0.750,94.217,0,0,5046484,238688,200328,2548700,14200.044,4342.484,0,1891.340,0,9.997,1732,2679,0.970,1.600,1.320,0,0,1.999,0,0,25,321,0,20,1
10-04 03:56:34,4.494,1.248,92.630,0.250,0.499,5046440,238720,200340,2548700,23939.974,13786.133,0,403.477,0,23.969,2011,3196,0.970,1.600,1.320,0,0,0,0,0,25,321,0,20,1
10-04 03:56:35,12.256,3.001,82.291,0,0.250,5068608,216496,200360,2548704,16566.200,9409.658,4.002,92.046,1.000,16.008,1993,3061,0.970,1.600,1.320,1,0,3.001,0,0,25,321,0,20,1
10-04 03:56:36,21.250,4.750,72.500,0.250,0,5076172,208888,200376,2548712,14821.911,7853.953,511.997,167.999,4.000,15.000,2241,3146,0.970,1.600,1.320,1,0,5.000,0,0,25,321,0,20,1
10-04 03:56:37,22.522,5.505,71.321,0.250,0,5066024,218968,200404,2548716,22933.911,5281.276,256.256,356.356,2.002,26.026,2113,2970,0.970,1.600,1.320,1,0,7.007,0,0,25,321,0,20,1
10-04 03:56:38,12.480,3.993,80.868,0.499,0.250,5044872,240096,200428,2548716,22401.486,12985.833,255.583,2452.003,1.997,25.958,2109,3246,1.050,1.600,1.320,0,0,0.998,0,0,25,321,0,20,1
10-04 03:56:39,4.001,1.750,90.517,1.000,0.750,5045056,239572,200464,2548716,25431.654,17265.160,0,760.139,0,82.015,2429,4055,1.050,1.600,1.320,0,0,0,0,0,25,321,0,20,1
10-04 03:56:40,3.254,1.001,93.618,0.751,0,5044912,239604,200464,2548828,8467.678,1622.045,56.071,4.005,8.010,1.001,1601,2558,1.050,1.600,1.320,0,0,0,0,0,25,321,0,20,1
10-04 03:56:41,4.245,1.249,92.898,0.250,0,5044948,239540,200488,2548832,23317.467,12784.002,0,255.720,0,38.957,2073,3353,1.050,1.600,1.320,0,0,0,0,0,25,321,0,20,1
10-04 03:56:42,3.253,1.251,94.848,0.250,0,5044904,239540,200512,2548852,10321.662,1733.791,0,396.409,0,30.031,1685,2747,1.050,1.600,1.320,2,0,0,0,0,25,321,0,20,1
10-04 03:56:43,3.242,0.748,93.012,1.247,0.249,5044848,239580,200516,2548864,11666.181,3073.145,3.990,1639.809,0.997,270.309,1932,2692,0.970,1.580,1.320,0,0,1.995,0,0,25,321,0,20,1
10-04 03:56:44,3.751,0.750,93.783,0,0.250,5044804,239604,200520,2548880,24682.713,7560.669,0,356.126,0,28.010,1898,3057,0.970,1.580,1.320,0,0,0,0,0,25,321,0,20,1
10-04 03:56:45,4.753,0.750,92.811,0.750,0.250,5044856,239540,200528,2548884,25836.897,14745.644,0,92.060,0,12.008,1997,3148,0.970,1.580,1.320,0,0,0,0,0,25,321,0,20,1
10-04 03:56:46,3.506,2.003,93.163,0.250,0.250,5044816,239572,200536,2548884,20177.209,10909.036,0,88.154,0,13.023,1905,2907,0.970,1.580,1.320,0,0,0,0,0,25,321,0,21,1
10-04 03:56:47,7.249,1.500,89.743,0,0,5045824,238564,200540,2548880,12557.021,1619.874,0,371.971,0,22.998,1793,2593,0.970,1.580,1.320,0,0,1.000,0,0,25,321,0,21,1
10-04 03:56:48,2.993,0.998,94.043,0,0,5045752,238628,200540,2548888,12840.712,3391.528,0,3045.291,0,75.833,1809,2636,0.890,1.550,1.310,0,0,0,0,0,25,321,0,20,1
10-04 03:56:49,4.752,1.251,91.540,1.251,0.750,5045760,238564,200564,2548920,26968.920,18434.148,0,676.299,0,74.033,2362,3925,0.890,1.550,1.310,2,0,0,0,0,25,321,0,20,1
10-04 03:56:50,2.750,1.250,95.237,0,0,5045760,238564,200564,2548920,10541.556,1295.822,0,0,0,0,1527,2434,0.890,1.550,1.310,3,0,0,0,0,25,321,0,20,1
10-04 03:56:51,3.252,0.751,93.071,0.250,0,5045752,238572,200588,2548896,27890.280,10235.810,0,176.134,0,29.022,1887,3361,0.890,1.550,1.310,0,0,0,0,0,25,321,0,20,1
10-04 03:56:52,2.748,0.999,93.922,0.250,0,5045696,238572,200600,2548940,12751.391,3895.759,0,395.671,0,30.974,1542,2677,0.890,1.550,1.310,1,0,0,0,0,25,321,0,20,1
10-04 03:56:53,2.255,0.752,94.691,0,0.251,5045664,238604,200600,2548940,7735.618,459.929,0,388.785,0,12.024,1424,2450,0.820,1.520,1.300,0,0,2.004,0,0,25,321,0,20,1
10-04 03:56:54,7.737,1.997,82.362,6.240,0.499,5045576,238604,200624,2549004,121984.919,9887.458,55.906,347.419,5.990,30.948,1923,3112,0.820,1.520,1.300,1,0,3.993,0,0,25,321,0,20,1
10-04 03:56:55,7.765,4.258,84.414,0.250,0.250,5055036,229012,200652,2549092,241029.284,13808.886,0,160.312,0,18.035,2038,3060,0.820,1.520,1.300,1,0,17.033,0,0,25,321,0,20,1
10-04 03:56:56,9.735,2.996,83.126,1.248,0,5046400,237516,200676,2549200,133713.633,13366.071,187.720,179.732,6.990,12.981,2035,2977,0.820,1.520,1.300,0,0,15.976,0,0,25,321,0,20,1
10-04 03:56:57,13.998,4.249,79.241,2.000,0,5055996,224704,200684,2552392,125949.138,1397.835,387.954,423.950,36.996,20.998,2045,2804,0.820,1.520,1.300,1,0,22.997,0,0,25,321,0,20,1
