"pcp-dstat 5.0.3 CSV Output"
"Author:","PCP team <pcp@groups.io> and Dag Wieers <dag@wieers.com>",,,,"URL:","https://pcp.io/ and http://dag.wieers.com/home-made/dstat/"
"Host:","ubuntu",,,,"User:","ubuntu"
"Cmdline:","dstat -tcmndrylpg --tcp --output /tmp/devstack_logs/dstat-csv.log",,,,"Date:","12 Apr 2023 12:29:17 UTC"
"system","total usage",,,,,"memory usage",,,,"net/total",,"dsk/total",,"io/total",,"system",,"load avg",,,"procs",,,"paging",,"tcp sockets",,,,
"time","total usage:usr","total usage:sys","total usage:idl","total usage:wai","total usage:stl","used","free","buf","cach","net/total:recv","net/total:send","dsk/total:read","dsk/total:writ","read","writ","int","csw","1m","5m","15m","run","blk","new","in","out","lis","act","syn","tim","clo"
12-04 12:29:17,,910332,1198288,201036,5486040,,,,,,,0.970,1.010,0.690,1,0,,,,8,4,0,9,2
12-04 12:29:18,12.027,21.047,66.149,0.501,0,914224,1193836,201112,5486212,86056.541,7457.773,0,21331.976,0,132.298,3093,5609,0.970,1.010,0.690,1,0,381.859,0,0,8,4,0,9,2
12-04 12:29:19,12.763,19.520,66.067,0.501,0.250,915128,1192512,201140,5486548,163503.138,7429.504,0,568.574,0,15.015,2596,3968,0.970,1.010,0.690,2,0,333.337,0,0,8,4,0,9,2
12-04 12:29:20,19.009,18.259,62.530,0.500,0.250,897100,1209524,201204,5487748,154110.052,8151.970,0,592.288,0,14.007,3915,6397,0.970,1.010,0.690,3,0,213.104,0,0,8,4,0,9,2
12-04 12:29:21,21.468,15.227,61.659,0.749,0.250,1043200,1062420,201232,5613064,44027.707,4846.812,0,435.354,0,8.987,4163,8249,1.210,1.060,0.700,1,0,103.846,0,0,9,4,0,8,2
12-04 12:29:22,14.249,7.000,77.497,0.750,0.250,1050972,1054324,201292,5613172,67342.239,7857.678,0,419.983,0,12.999,1717,2256,1.210,1.060,0.700,1,0,94.996,0,0,9,6,0,8,2
12-04 12:29:23,18.257,12.755,67.526,0.500,0.250,1052240,1052752,201372,5613400,82226.904,18553.199,0,576.224,0,29.011,2263,3238,1.210,1.060,0.700,2,0,190.074,0,0,9,6,0,10,2
12-04 12:29:24,28.746,3.000,65.491,1.750,0,1095816,1008764,201420,5613832,35925.934,4455.372,51.993,843.881,4.999,17.997,1254,1398,1.210,1.060,0.700,1,0,1.000,0,0,9,6,0,10,2
12-04 12:29:25,24.504,4.251,69.261,1.000,0,1115484,987860,201600,5614680,97869.974,7192.100,144.022,1528.234,9.001,17.003,1417,1697,1.210,1.060,0.700,1,0,1.000,0,0,9,6,0,10,2
12-04 12:29:26,17.488,3.248,66.704,11.992,0,1135976,966056,201864,5615648,81443.641,16809.368,11.992,6031.826,0.999,438.696,3478,6150,1.440,1.100,0.720,1,1,6.995,0,0,9,8,0,10,2
12-04 12:29:27,10.506,3.502,62.038,21.513,0.250,1136064,963592,202156,5617664,159470.480,13652.260,0,9181.555,0,854.517,5431,9845,1.440,1.100,0.720,0,1,6.004,0,0,9,8,0,10,2
12-04 12:29:28,9.258,4.254,65.054,20.017,0.751,1143112,952440,202480,5621380,570789.902,22479.546,0,9908.174,0,676.558,5557,10218,1.440,1.100,0.720,5,1,18.015,0,0,9,8,0,10,2
12-04 12:29:29,15.248,3.500,63.743,15.998,0,1148824,942864,202872,5624764,1063817.235,37063.071,0,8155.136,0,700.926,6263,10560,1.440,1.100,0.720,5,0,18.998,0,0,9,8,0,10,2
12-04 12:29:30,13.241,4.247,65.205,17.238,0,1151760,936776,203160,5627468,496687.292,20935.513,0,8050.429,0,708.510,6153,10104,1.440,1.100,0.720,0,1,12.991,0,0,9,8,0,10,2
12-04 12:29:31,17.005,5.252,69.271,8.753,0,1063148,1024080,203340,5628556,107771.008,13114.895,0,3825.136,0,382.113,3911,6702,1.400,1.100,0.720,2,0,48.014,0,0,9,6,0,10,2
12-04 12:29:32,30.027,6.256,62.056,0.250,0,1124368,960988,203476,5630040,98551.682,6351.780,0,728.663,0,21.019,1445,1737,1.400,1.100,0.720,2,0,45.041,0,0,9,6,0,10,2
12-04 12:29:33,26.499,4.000,68.998,1.000,0,1149556,935080,203580,5630640,286811.682,11026.680,0,40190.834,0,499.986,2039,3016,1.400,1.100,0.720,2,0,1.000,0,0,9,6,0,10,2
12-04 12:29:34,26.755,3.251,68.762,0.500,0.500,1099312,985004,203736,5630768,78459.260,7796.318,0,7509.269,0,405.068,1652,2873,1.400,1.100,0.720,1,0,11.002,0,0,9,6,0,10,2
12-04 12:29:35,29.493,5.249,64.735,0.750,0.250,1158700,918840,204052,5636480,902814.450,22608.777,0,8138.120,0,405.906,2621,3379,1.400,1.100,0.720,2,0,2.000,0,0,9,6,0,10,2
12-04 12:29:36,27.968,5.743,63.677,0.999,0,1063184,1013212,204160,5637468,553612.132,16232.268,0,7703.111,0,365.578,2410,3794,1.370,1.100,0.730,2,0,84.902,0,0,9,6,0,10,2
12-04 12:29:37,13.511,20.267,65.555,0.500,0.250,1064900,1010552,204216,5638256,479446.900,16563.781,0,2926.435,0,115.096,3313,5104,1.370,1.100,0.730,2,0,364.303,0,0,9,6,0,10,2
12-04 12:29:38,15.731,17.978,64.421,0.250,0,1068092,1006832,204280,5639044,72511.738,6596.879,0,2113.398,0,26.967,2835,6118,1.370,1.100,0.730,1,0,259.680,0,0,9,6,0,10,2
12-04 12:29:39,36.551,17.775,44.062,1.502,0,1130616,943724,204324,5639380,159783.217,9219.880,196.274,512.716,3.004,9.013,3230,7364,1.370,1.100,0.730,2,0,185.259,0,0,9,7,0,10,2
12-04 12:29:40,45.450,5.244,46.449,2.747,0.250,1232116,841700,204380,5639772,30207.892,4884.646,147.838,351.615,4.995,8.990,1229,1367,1.370,1.100,0.730,2,0,1.998,0,0,9,7,0,10,2
12-04 12:29:41,52.002,3.500,44.002,0.250,0.250,1273940,797856,204460,5641380,192614.897,8804.361,352.014,740.030,4.000,8.000,1537,1645,1.420,1.120,0.730,2,1,1.000,0,0,9,7,0,10,2
12-04 12:29:42,40.211,11.988,47.704,0,0.250,1300012,769224,204584,5643476,139057.366,8333.991,0,1238.810,0,8.991,2637,7551,1.420,1.120,0.730,1,0,141.864,0,0,9,6,0,11,2
12-04 12:29:43,33.034,5.756,59.560,1.001,0,1359820,709184,204616,5643644,27733.149,4053.114,0,11099.266,0,323.328,1754,1422,1.420,1.120,0.730,1,0,2.002,0,0,9,6,0,11,2
12-04 12:29:44,27.026,2.502,69.316,0.250,0,1384960,683732,204632,5643928,90461.210,5404.150,0,444.424,0,10.010,1116,1187,1.420,1.120,0.730,2,0,0,0,0,9,6,0,11,2
12-04 12:29:45,38.205,4.994,54.187,1.249,0.250,1409968,657032,204832,5645276,78247.763,65403.739,0,2936.576,0,252.705,2974,5083,1.420,1.120,0.730,2,0,4.994,0,0,9,12,0,11,2
12-04 12:29:46,41.971,9.993,47.467,0.250,0,1323204,740152,205116,5647916,11223.155,2129.511,3.997,847.408,0.999,17.987,2284,3245,1.470,1.130,0.740,1,1,47.966,0,0,9,6,0,13,2
12-04 12:29:47,38.810,5.258,48.575,7.261,0,1355464,692168,205360,5661824,94149.932,78354.449,84.130,2744.254,11.017,72.112,1896,2625,1.470,1.130,0.740,2,1,2.003,0,0,9,18,0,13,2
12-04 12:29:48,29.969,5.994,48.949,14.735,0.499,1393944,643264,205804,5670872,55170.402,47217.705,215.775,11064.449,53.944,201.789,2103,2653,1.470,1.130,0.740,4,0,2.997,0,0,9,32,0,12,2
12-04 12:29:49,37.506,9.001,53.508,0.500,0,1351984,672832,206632,5680680,11454.730,1512.228,0,1944.294,0,72.011,1638,1971,1.470,1.130,0.740,3,0,45.007,0,0,9,32,0,12,2
12-04 12:29:50,37.769,8.004,48.775,4.002,0,1312392,698984,207252,5691928,69000.845,60691.649,0,1792.905,0,66.033,1906,2588,1.470,1.130,0.740,3,0,64.032,0,0,9,32,0,9,2
12-04 12:29:51,58.311,13.764,27.779,0.501,0.250,1416760,573016,208012,5710580,9659.094,1695.772,0,1942.029,0,63.066,1784,2234,1.590,1.160,0.750,3,0,98.103,0,0,9,32,1,9,2
12-04 12:29:52,47.421,4.493,46.423,0.250,0,1384684,604716,208024,5710936,598266.476,584852.729,27.954,547.092,1.997,27.954,3768,8483,1.590,1.160,0.750,3,0,12.978,0,0,9,38,0,11,2
12-04 12:29:53,71.381,18.784,9.267,0.250,0,1457076,552324,208040,5691508,132012.980,125640.299,0,829.521,0,47.086,3107,6234,1.590,1.160,0.750,8,0,504.926,0,0,9,34,0,11,0
12-04 12:29:54,85.752,14.250,0,0,0,1584536,425268,208044,5691260,174656.890,166447.661,0,700.020,0,17.000,2418,3536,1.590,1.160,0.750,9,0,78.002,0,0,9,35,0,11,0
12-04 12:29:55,87.958,11.495,0.250,0,0,1498252,511220,208068,5691540,551482.046,542726.205,0,931.558,0,68.967,8971,17892,1.590,1.160,0.750,8,0,56.973,0,0,9,36,0,12,0
12-04 12:29:56,60.681,15.982,21.725,0.250,0.499,1305172,704052,208084,5691780,587140.770,581273.417,0,2341.347,0,53.939,5887,13118,1.620,1.180,0.760,3,0,271.692,0,0,9,34,0,12,0
12-04 12:29:57,44.313,9.513,45.565,0.250,0,1377616,631604,208096,5691772,58883.497,52784.849,0,925.312,0,44.062,9319,19631,1.620,1.180,0.760,3,0,15.021,0,0,9,34,0,12,0
12-04 12:29:58,42.435,10.234,47.677,0.749,0,1292508,716548,208140,5691968,164996.236,156887.707,0,4437.176,0,226.651,2899,4986,1.620,1.180,0.760,4,0,72.888,0,0,9,34,0,12,0
12-04 12:29:59,41.988,8.997,48.986,0,0.500,1340600,668404,208152,5691976,60250.070,52119.354,0,1211.660,0,87.975,1740,1960,1.620,1.180,0.760,3,0,13.996,0,0,9,34,0,12,0
12-04 12:30:00,39.039,13.263,45.546,0.250,0,1282232,726744,208176,5691980,163195.828,155852.411,0,1065.076,0,72.073,2980,5409,1.620,1.180,0.760,5,0,294.297,0,0,9,34,0,12,0
12-04 12:30:01,28.524,27.523,42.536,0,0,1284760,724180,208180,5692012,8665.253,1621.357,0,180.151,0,19.016,2971,5447,1.970,1.260,0.790,5,0,659.552,0,0,9,34,0,12,0
12-04 12:30:02,85.505,14.001,0,0,0,1491348,517556,208180,5692048,30006.680,24310.361,0,132.007,0,12.001,1831,2468,1.970,1.260,0.790,6,0,144.008,0,0,9,36,0,12,0
12-04 12:30:03,73.950,9.743,14.990,0,0,1557000,451660,208196,5692272,1087902.578,1073268.471,0,291.803,0,29.980,5423,14017,1.970,1.260,0.790,3,1,0,0,0,9,38,0,15,0
12-04 12:30:04,78.758,11.001,9.751,0.250,0,1332684,675528,208252,5692660,765939.828,759045.145,0,1936.192,0,115.011,6212,12825,1.970,1.260,0.790,8,0,120.012,0,0,9,34,0,15,0
12-04 12:30:05,85.774,13.754,0.500,0,0.500,1500912,507320,208260,5692628,269689.862,260837.339,0,284.081,0,20.006,2954,5436,1.970,1.260,0.790,7,0,200.057,0,0,9,36,0,15,0
12-04 12:30:06,86.002,11.250,1.750,0,0.250,1619968,387980,208296,5692832,973427.309,967373.152,0,384.010,0,37.001,4415,12857,2.220,1.320,0.810,4,0,1.000,0,0,9,39,0,15,0
12-04 12:30:07,62.262,9.502,27.005,0,0,1499944,507744,208304,5693072,1226643.062,1220551.905,0,580.110,0,47.009,6463,15873,2.220,1.320,0.810,3,0,100.019,0,0,9,38,0,17,0
12-04 12:30:08,58.192,12.737,28.222,0.749,0.250,1308488,699148,208312,5693116,439195.608,433268.565,0,571.426,0,54.945,4220,8751,2.220,1.320,0.810,3,0,201.797,0,0,9,34,0,18,0
12-04 12:30:09,46.278,4.753,48.279,0,0,1370876,636620,208332,5693236,241553.657,234541.428,0,1913.154,0,208.125,2842,4512,2.220,1.320,0.810,2,0,0,0,0,9,35,0,18,0
12-04 12:30:10,56.020,18.007,25.259,0,0,1386936,620512,208344,5693268,554050.674,546401.890,0,556.202,0,45.016,4593,10485,2.220,1.320,0.810,4,0,334.122,0,0,9,35,0,18,0
12-04 12:30:11,72.674,7.992,18.980,0,0,1434836,572532,208348,5693344,200767.993,193281.861,0,175.815,0,9.990,2565,3817,2.360,1.360,0.830,4,0,49.948,0,0,9,35,0,18,0
12-04 12:30:12,57.057,15.515,25.525,0.250,0,1299584,706588,208384,5694500,865238.778,857443.013,0,828.826,0,76.076,6658,14777,2.360,1.360,0.830,5,0,262.261,0,0,9,34,0,19,0
12-04 12:30:13,85.774,14.504,0,0,0,1537844,468104,208388,5694528,11137.085,3517.974,80.022,236.065,2.001,9.002,2518,5635,2.360,1.360,0.830,7,0,250.069,0,0,9,34,0,16,0
12-04 12:30:14,66.245,13.249,18.499,0.750,0.750,1468156,536940,208424,5694996,1158077.251,1148921.873,0,8643.412,0,370.975,7360,15850,2.360,1.360,0.830,7,0,183.987,0,0,9,37,0,20,0
12-04 12:30:15,82.998,13.750,2.750,0.250,0,1403716,601332,208424,5695040,611516.158,603529.326,0,443.991,0,39.999,4448,9452,2.360,1.360,0.830,6,0,172.996,0,0,9,34,0,19,0
12-04 12:30:16,64.732,8.748,25.493,0.500,0.250,1402536,602252,208456,5695232,695916.751,679604.352,0,619.825,0,57.984,4214,9436,2.410,1.390,0.840,4,0,57.984,0,0,9,34,0,22,0
12-04 12:30:17,76.766,15.503,6.501,0,0,1375952,628776,208468,5695276,547465.968,541615.739,0,472.099,0,32.007,4322,9702,2.410,1.390,0.840,5,0,237.050,0,0,9,34,0,22,0
12-04 12:30:18,62.161,7.739,29.707,0,0,1443968,560500,208476,5695496,453276.362,441888.657,0,323.537,0,22.967,3349,6933,2.410,1.390,0.840,4,0,31.954,0,0,9,37,0,24,0
12-04 12:30:19,65.307,20.768,13.011,0.500,0,1413608,590660,208536,5695464,687339.109,680767.352,0,34778.466,0,193.169,5238,12496,2.410,1.390,0.840,5,0,470.412,0,0,8,34,0,24,0
12-04 12:30:20,70.666,9.239,19.227,0.499,0,1462072,541912,208536,5695724,162549.217,152598.019,0,375.555,0,20.975,2311,3742,2.410,1.390,0.840,3,0,141.832,0,0,8,34,0,24,0
12-04 12:30:21,61.847,12.269,23.787,1.252,0,1331936,671852,208544,5695908,749513.737,742196.248,0,785.233,0,73.115,4163,11491,2.460,1.420,0.850,4,0,155.244,0,0,8,34,0,26,0
12-04 12:30:22,66.170,9.738,23.472,0,0.250,1459580,544140,208556,5695952,196914.521,186546.025,0,395.523,0,28.965,2341,3587,2.460,1.420,0.850,4,0,37.954,0,0,8,37,0,26,0
12-04 12:30:23,68.831,17.270,12.765,0,0.250,1322300,681144,208588,5696196,707689.489,701654.355,0,800.947,0,71.084,4783,12122,2.460,1.420,0.850,8,0,392.464,0,0,8,34,0,29,0
12-04 12:30:24,81.769,17.004,0.250,0,0,1493592,509860,208592,5696184,84488.432,66293.247,0,34687.978,0,116.027,7990,16264,2.460,1.420,0.850,9,0,230.053,0,0,8,35,0,29,0
12-04 12:30:25,84.248,15.500,0.500,0,0.500,1491364,511520,208604,5696700,504081.910,491877.179,0,795.982,0,51.999,4423,30271,2.460,1.420,0.850,8,0,224.995,0,0,9,35,0,28,0
12-04 12:30:26,86.501,13.250,0,0,0,1447376,555216,208612,5696956,291273.748,279334.676,0,620.004,0,55.000,4094,7784,2.820,1.510,0.880,6,0,260.002,0,0,9,35,0,28,0
12-04 12:30:27,84.232,13.997,1.750,0,0,1502860,499500,208632,5697160,736680.140,726058.445,0,731.841,0,52.989,4782,10694,2.820,1.510,0.880,5,0,216.953,0,0,9,37,0,30,0
12-04 12:30:28,81.761,14.252,2.750,0.250,0,1434320,567912,208644,5697268,1231489.325,1213904.021,0,828.108,0,52.007,4097,16435,2.820,1.510,0.880,8,0,304.040,0,0,9,36,0,30,0
12-04 12:30:29,47.734,26.491,22.992,0,0,1319404,682524,208652,5697556,788253.935,779503.866,0,1035.653,0,45.985,5418,13846,2.820,1.510,0.880,3,0,659.779,0,0,9,35,0,30,0
12-04 12:30:30,21.995,25.995,51.739,0.500,0,1250716,751044,208656,5697712,240236.271,229752.441,0,439.909,0,26.994,3769,6776,2.820,1.510,0.880,4,0,521.892,0,0,9,34,0,30,0
12-04 12:30:31,25.511,28.763,44.270,0,0.250,1304588,697136,208668,5697736,9901.456,1512.681,0,272.122,0,27.012,3037,5867,2.840,1.540,0.900,6,0,735.331,0,0,9,34,0,30,0
12-04 12:30:32,81.181,18.484,0.749,0,0.250,1472164,529500,208684,5697780,141751.653,136171.390,0,539.542,0,40.965,2606,5245,2.840,1.540,0.900,8,0,452.616,0,0,9,36,0,30,0
12-04 12:30:33,80.827,13.263,4.004,0.250,0.250,1505404,496040,208720,5697960,806106.607,799317.151,0,1405.336,0,111.106,5596,12513,2.840,1.540,0.900,6,0,177.168,0,0,9,36,0,31,0
12-04 12:30:34,84.153,13.484,1.998,0,0,1451952,549140,208756,5698272,415721.920,405985.117,0,735.155,0,78.909,3875,8613,2.840,1.540,0.900,5,0,239.724,0,0,9,35,0,31,0
12-04 12:30:35,83.656,13.024,1.753,0,0.250,1497220,503744,208764,5698364,513329.413,506726.071,0,356.667,0,27.051,3401,7375,2.840,1.540,0.900,8,0,106.198,0,0,9,35,0,31,0
12-04 12:30:36,81.107,9.234,9.483,0.250,0,1566752,433600,208784,5698928,1190352.551,1182535.286,0,598.948,0,49.912,4527,13747,2.770,1.540,0.900,5,0,36.935,0,0,9,38,0,33,0
12-04 12:30:37,56.533,8.716,34.119,0.249,0,1514472,485508,208828,5699248,1072768.206,1064406.358,0,713.258,0,61.763,7314,14793,2.770,1.540,0.900,6,0,69.732,0,0,9,38,0,33,0
12-04 12:30:38,74.035,11.042,13.050,0,0,1454912,544732,208876,5699516,1050492.244,1043529.458,0,863.321,0,88.340,5664,14434,2.770,1.540,0.900,5,0,94.363,0,0,9,35,0,35,0
12-04 12:30:39,83.526,14.755,1.000,0,0,1488948,510548,208904,5699636,426430.473,417612.713,0,512.160,0,46.014,3182,7091,2.770,1.540,0.900,5,0,144.045,0,0,9,35,0,35,0
12-04 12:30:40,76.548,14.509,7.505,0.500,0.500,1582732,416424,208948,5700104,981196.210,972558.794,0,852.535,0,46.029,5490,14056,2.770,1.540,0.900,5,0,342.215,0,0,8,39,0,37,0
12-04 12:30:41,56.729,19.743,20.242,0,0,1585872,412748,209040,5700544,1362346.569,1347390.118,0,1403.479,0,107.960,7266,22085,2.950,1.600,0.920,4,0,792.706,0,0,8,39,0,45,0
12-04 12:30:42,64.804,24.771,9.758,0.500,0.500,1562556,435700,209100,5700804,1253422.354,1246084.234,0,1929.609,0,139.116,7321,19734,2.950,1.600,0.920,6,0,859.717,0,0,8,38,0,47,0
12-04 12:30:43,71.217,19.741,7.746,0.250,0,1472780,525024,209152,5701192,1082924.523,1075503.966,0,2155.000,0,138.936,7174,18184,2.950,1.600,0.920,8,0,750.652,0,0,8,36,0,48,0
12-04 12:30:44,80.251,17.500,1.500,0.250,0,1444044,551100,209192,5703808,709108.928,702754.839,0,1292.018,0,71.001,4032,12062,2.950,1.600,0.920,6,0,521.007,0,0,8,35,0,48,0
12-04 12:30:45,84.199,14.991,0.999,0,0,1556068,438912,209216,5703960,692483.817,685343.109,0,5196.877,0,222.866,4200,9741,2.950,1.600,0.920,8,0,354.787,0,0,8,36,0,49,0
12-04 12:30:46,82.249,15.750,1.000,0,0,1529724,464864,209228,5704332,969705.424,962497.525,0,1451.980,0,76.999,4176,12961,3.270,1.690,0.960,7,0,433.994,0,0,8,37,0,50,0
12-04 12:30:47,79.249,18.250,1.500,0,0,1496056,498264,209252,5704564,753237.727,743820.793,0,1587.989,0,95.999,4728,12121,3.270,1.690,0.960,6,0,516.996,0,0,8,36,0,50,0
12-04 12:30:48,82.538,16.758,1.501,0,0.500,1506956,487332,209260,5704580,605834.896,597748.160,0,1440.666,0,83.038,4106,10405,3.270,1.690,0.960,8,0,448.207,0,0,8,36,0,50,0
12-04 12:30:49,78.428,19.482,0.749,0.250,0,1537140,456872,209276,5704832,947334.558,937760.385,0,2158.010,0,101.906,7978,18581,3.270,1.690,0.960,8,0,444.590,0,0,8,36,0,52,0
12-04 12:30:50,77.098,16.663,4.477,0.497,0.249,1554772,438792,209280,5705240,948139.298,940820.444,0,8237.068,0,194.984,8499,35319,3.270,1.690,0.960,5,0,160.165,0,0,9,37,0,52,0
12-04 12:30:51,80.403,12.061,8.040,0.503,0,1508096,484908,209288,5705776,1325858.834,1310001.276,0,763.832,0,69.348,6842,20532,3.330,1.730,0.970,7,0,77.388,0,0,9,36,0,53,0
12-04 12:30:52,86.311,12.509,1.251,0,0.500,1484492,508476,209292,5705808,202751.156,194817.515,0,572.407,0,37.026,3147,5847,3.330,1.730,0.970,7,0,345.245,0,0,9,34,0,53,0
12-04 12:30:53,87.050,11.256,1.501,0,0,1516632,475944,209292,5706164,934882.557,909909.198,0,704.405,0,58.033,5442,11811,3.330,1.730,0.970,8,0,23.013,0,0,9,36,0,53,0
12-04 12:30:54,77.968,11.995,9.996,0,0,1512668,479600,209340,5706416,1248829.726,1238817.801,0,823.665,0,80.967,6234,17028,3.330,1.730,0.970,5,0,106.956,0,0,9,36,0,51,0
12-04 12:30:55,80.513,13.252,5.001,0,0,1466196,525660,209352,5706804,933382.875,924794.441,0,564.094,0,43.007,5054,12693,3.330,1.730,0.970,7,0,139.023,0,0,9,36,0,52,0
12-04 12:30:56,83.253,12.500,3.000,0,0,1457556,534252,209352,5706852,512384.396,502756.088,0,352.011,0,27.001,3787,7896,3.380,1.770,0.990,5,0,89.003,0,0,9,34,0,51,0
12-04 12:30:57,86.538,9.004,3.502,0,0.250,1492944,498672,209352,5707048,701247.146,690615.490,0,332.145,0,24.011,3388,8874,3.380,1.770,0.990,4,0,45.020,0,0,9,37,0,53,0
12-04 12:30:58,76.176,13.737,9.741,0,0,1393864,597228,209384,5707540,890110.154,882657.353,0,671.351,0,65.936,4904,13614,3.380,1.770,0.990,6,0,128.876,0,0,9,35,0,53,0
12-04 12:30:59,84.549,12.007,1.751,0,0,1483568,507532,209392,5707520,307243.430,296577.201,0,324.189,0,30.018,2476,5498,3.380,1.770,0.990,6,0,70.041,0,0,9,35,0,53,0
12-04 12:31:00,79.415,13.194,5.975,0,0.498,1454348,536260,209416,5707984,1046695.273,1036861.702,0,788.677,0,49.790,5514,13890,3.380,1.770,0.990,5,0,108.543,0,0,9,36,0,53,0
12-04 12:31:01,82.841,10.794,5.774,0,0,1434792,555608,209428,5708168,1014766.721,1006233.633,0,465.916,0,40.165,5187,13916,3.430,1.810,1.010,5,0,88.363,0,0,9,36,0,53,0
12-04 12:31:02,80.285,14.506,4.002,0.250,0.250,1444080,546144,209448,5708320,616300.009,607366.167,0,524.225,0,51.022,3853,10048,3.430,1.810,1.010,5,0,120.052,0,0,9,34,0,54,0
12-04 12:31:03,81.750,13.500,3.250,0,0,1456992,532984,209464,5708544,634885.174,623343.117,0,392.002,0,37.000,3925,9402,3.430,1.810,1.010,5,0,97.000,0,0,9,36,0,55,0
12-04 12:31:04,81.488,13.498,3.000,0,0,1456340,533100,209476,5709032,772546.753,754519.349,0,587.915,0,56.992,3575,11306,3.430,1.810,1.010,5,0,159.977,0,0,9,34,0,54,0
12-04 12:31:05,82.567,13.261,3.503,0.500,0.250,1461940,527484,209488,5709016,451685.220,443668.703,0,536.436,0,39.032,3867,7878,3.430,1.810,1.010,5,0,107.087,0,0,9,36,0,54,0
12-04 12:31:06,73.945,11.242,13.740,0.250,0.250,1419188,569820,209528,5709376,839367.832,831119.984,0,595.556,0,49.963,4534,11725,3.400,1.830,1.020,4,0,130.902,0,0,9,34,0,55,0
12-04 12:31:07,61.711,13.242,25.234,0,0.250,1359360,629604,209532,5709412,441341.424,433670.318,0,323.793,0,27.982,4019,7606,3.400,1.830,1.020,4,0,158.899,0,0,9,34,0,55,0
12-04 12:31:08,63.783,11.756,24.263,0.250,0,1379988,608804,209536,5709580,392682.017,384456.764,0,268.139,0,26.013,3475,6529,3.400,1.830,1.020,4,0,97.050,0,0,9,35,0,52,0
12-04 12:31:09,64.237,11.248,25.245,0.250,0,1441940,546780,209552,5709636,941264.334,933363.994,0,443.907,0,38.992,5895,12950,3.400,1.830,1.020,5,0,1.000,0,0,9,36,0,55,0
12-04 12:31:10,62.223,12.245,25.239,0.500,0,1327952,660536,209568,5709844,504369.130,497671.996,0,619.735,0,67.971,4325,9120,3.400,1.830,1.020,3,0,131.944,0,0,9,34,0,55,0
12-04 12:31:11,64.523,10.004,23.758,0.500,0,1439048,549260,209576,5710012,204373.348,195357.156,0,292.103,0,25.009,2457,4027,3.370,1.840,1.030,5,0,69.024,0,0,9,35,0,55,0
12-04 12:31:12,63.937,9.990,24.975,0.250,0,1421776,566120,209596,5710380,994843.110,983969.886,0,603.402,0,51.949,5724,13364,3.370,1.840,1.030,3,1,102.898,0,0,9,35,0,59,0
12-04 12:31:13,63.502,11.000,25.251,0,0.500,1366900,620928,209600,5710436,488908.667,479627.389,0,352.011,0,29.001,3702,8204,3.370,1.840,1.030,4,0,159.005,0,0,9,35,0,59,0
12-04 12:31:14,52.472,12.743,33.732,0.250,0,1345772,641792,209612,5710676,484019.146,474391.354,0,491.734,0,37.979,3857,12976,3.370,1.840,1.030,2,0,174.905,0,0,9,35,0,60,0
12-04 12:31:15,44.752,6.750,48.002,0.250,0,1344172,643376,209612,5710692,260101.404,250882.035,0,2816.113,0,99.004,2577,5079,3.370,1.840,1.030,2,0,32.001,0,0,9,34,0,60,0
12-04 12:31:16,44.804,5.256,47.807,0.751,0.501,1387228,600132,209616,5710876,372029.575,361913.487,0,408.488,0,39.047,2887,6443,3.260,1.850,1.030,3,0,0,0,0,9,35,0,58,0
12-04 12:31:17,46.013,5.001,48.264,0,0,1367776,619568,209624,5710884,457428.654,439871.563,0,372.108,0,28.008,3329,7462,3.260,1.850,1.030,3,0,6.002,0,0,9,35,0,58,0
12-04 12:31:18,43.691,7.240,47.685,0.250,0,1344444,642696,209636,5711072,364812.949,355249.926,0,271.631,0,18.974,2842,5677,3.260,1.850,1.030,2,0,65.911,0,0,9,35,0,54,0
12-04 12:31:19,45.063,5.508,48.067,0.250,0.250,1355984,631144,209636,5711084,168706.852,159676.227,0,296.414,0,24.034,2083,3220,3.260,1.850,1.030,2,0,6.008,0,0,9,34,0,54,0
12-04 12:31:20,42.738,8.997,47.237,1.000,0,1332188,654896,209648,5711116,276362.513,266538.303,0,3934.882,0,236.933,3200,5249,3.260,1.850,1.030,2,0,95.973,0,0,9,34,0,54,0
12-04 12:31:21,44.712,5.995,48.459,0,0,1317796,669252,209652,5711144,318891.348,310685.364,0,4400.238,0,89.923,2538,5297,3.160,1.850,1.040,2,0,39.966,0,0,9,34,0,54,0
12-04 12:31:22,38.878,12.710,46.354,0.249,0.498,1354700,632200,209652,5711292,373646.015,367024.872,0,510.392,0,44.859,3497,7363,3.160,1.850,1.040,3,0,246.224,0,0,9,34,0,52,0
12-04 12:31:23,43.389,7.273,48.656,0,0.251,1363528,623344,209652,5711316,59477.160,52745.524,0,236.761,0,16.052,1717,2350,3.160,1.850,1.040,2,0,32.103,0,0,9,34,0,52,0
12-04 12:31:24,44.973,6.996,47.722,0.250,0,1331692,655148,209652,5711344,368244.158,360570.739,0,283.831,0,24.985,2657,5903,3.160,1.850,1.040,2,0,45.973,0,0,9,34,0,49,0
12-04 12:31:25,44.032,7.505,48.035,0,0,1318544,668276,209652,5711364,481265.324,471135.929,0,328.240,0,21.015,2849,6404,3.160,1.850,1.040,3,0,41.030,0,0,9,34,0,50,0
12-04 12:31:26,46.230,4.998,48.729,0,0,1368596,618160,209664,5711412,356209.049,348980.194,0,423.816,0,27.988,2500,5428,3.060,1.850,1.040,3,0,17.992,0,0,9,35,0,49,0
12-04 12:31:27,39.015,13.255,45.768,0.750,0,1324988,661500,209668,5711676,500441.171,493011.288,0,552.214,0,45.017,4095,8577,3.060,1.850,1.040,2,0,194.075,0,0,9,34,0,51,0
12-04 12:31:28,22.236,12.242,65.458,0,0.250,1298676,687792,209668,5711696,8495.503,1670.919,0,179.884,0,9.994,1856,2795,3.060,1.850,1.040,1,0,223.855,0,0,9,34,0,49,0
12-04 12:31:29,23.289,3.255,73.371,0.250,0.501,1324520,661804,209672,5711836,193971.829,184801.662,0,224.371,0,15.025,1693,3272,3.060,1.850,1.040,1,0,0,0,0,9,35,0,49,0
12-04 12:31:30,18.733,7.493,72.186,0.250,0.250,1291684,694620,209680,5711844,34388.497,26504.491,0,335.702,0,31.972,1870,2774,3.060,1.850,1.040,1,0,96.914,0,0,9,34,0,49,0
12-04 12:31:31,23.246,2.500,73.489,0.250,0,1323460,662836,209684,5711844,72647.740,56230.284,0,215.967,0,15.998,1345,1824,2.900,1.840,1.040,1,0,0,0,0,9,34,0,49,0
12-04 12:31:32,23.747,3.749,70.490,0.500,0,1261884,724224,209708,5712008,404341.796,394301.192,0,1099.847,0,75.989,3331,6046,2.900,1.840,1.040,1,0,28.996,0,0,9,34,0,49,0
12-04 12:31:33,21.241,4.248,74.218,0,0,1317424,668680,209708,5712012,8774.262,1619.310,0,111.952,0,7.997,1109,1344,2.900,1.840,1.040,1,0,2.999,0,0,9,34,0,49,0
12-04 12:31:34,23.954,2.745,70.616,0.250,0.499,1321204,664868,209708,5712040,384076.718,376839.498,0,267.491,0,26.949,2962,5412,2.900,1.840,1.040,2,0,0,0,0,9,35,0,49,0
12-04 12:31:35,21.035,5.760,71.870,0,0,1277500,708544,209720,5712056,227003.962,219636.695,0,136.227,0,12.020,2243,3887,2.900,1.840,1.040,3,0,58.097,0,0,9,34,0,48,0
12-04 12:31:36,21.025,5.256,74.088,0,0.250,1318688,667348,209720,5712064,9177.913,1621.928,0,76.090,0,7.008,967,1228,2.750,1.820,1.040,2,0,0,0,0,9,34,0,48,0
12-04 12:31:37,19.765,6.255,72.054,0.751,0,1266068,719824,209720,5712208,151355.273,141171.585,0,344.260,0,30.023,2293,3683,2.750,1.820,1.040,2,0,92.070,0,0,9,34,0,46,0
12-04 12:31:38,22.969,2.746,73.651,0,0.250,1311984,673900,209720,5712212,10685.703,1617.835,0,39.947,0,3.995,1169,1252,2.750,1.820,1.040,2,0,0.999,0,0,9,34,0,46,0
12-04 12:31:39,23.993,2.999,72.478,0,0.250,1322776,663096,209728,5712212,225568.202,217056.798,0,159.951,0,22.993,2297,3926,2.750,1.820,1.040,2,0,0,0,0,9,34,0,45,0
12-04 12:31:40,19.501,6.750,72.754,0,0.250,1299616,686240,209728,5712228,24599.353,1620.089,0,148.008,0,8.000,1564,1913,2.750,1.820,1.040,2,0,103.006,0,0,9,34,0,45,0
12-04 12:31:41,23.743,3.249,72.480,0,0,1323832,662016,209732,5712232,212687.298,197312.542,0,267.926,0,20.994,2057,3346,2.600,1.810,1.040,2,0,0,0,0,9,35,0,44,0
12-04 12:31:42,18.004,7.251,72.515,0.750,0,1289324,696496,209736,5712256,26986.559,14510.989,0,236.049,0,20.004,1727,2436,2.600,1.810,1.040,1,0,95.020,0,0,9,34,0,44,0
12-04 12:31:43,22.507,3.001,73.524,0,0.500,1322168,663648,209736,5712260,71080.746,62011.844,0,136.044,0,9.003,1205,1626,2.600,1.810,1.040,1,0,0,0,0,9,35,0,34,0
12-04 12:31:44,22.248,4.999,70.242,0.250,0,1265588,720192,209740,5712292,397129.713,386040.922,0,723.921,0,57.994,3667,6379,2.600,1.810,1.040,1,0,30.997,0,0,9,34,0,34,0
12-04 12:31:45,22.755,2.501,74.015,0,0,1317672,668104,209740,5712296,14207.913,1620.332,0,112.023,0,8.002,1155,1288,2.600,1.810,1.040,1,0,1.000,0,0,9,34,0,33,0
12-04 12:31:46,23.243,3.749,70.729,0.500,0.250,1323044,662552,209756,5712456,462566.930,453756.503,0,975.715,0,64.981,3499,6844,2.480,1.800,1.040,1,0,0,0,0,9,35,0,33,0
12-04 12:31:47,16.267,14.015,69.825,0,0,1261140,724300,209760,5712608,152282.943,142752.745,0,160.171,0,12.013,2951,4810,2.480,1.800,1.040,2,0,250.268,0,0,9,34,0,30,0
12-04 12:31:48,39.209,10.988,48.699,0,0.250,1366664,618656,209792,5712720,31972.301,13274.009,0,467.507,0,23.975,1926,2672,2.480,1.800,1.040,2,0,158.833,0,0,9,34,0,32,0
12-04 12:31:49,38.027,6.004,49.035,6.254,0,1432480,550836,209960,5714452,24393.295,16566.746,368.261,2505.777,24.017,148.105,2238,3259,2.480,1.800,1.040,2,1,7.005,0,0,9,38,0,30,0
12-04 12:31:50,32.250,6.250,43.250,18.250,0.500,1357040,623836,210288,5716436,15201.985,7921.992,0,13483.987,0,1046.999,6833,11639,2.480,1.800,1.040,6,0,42.000,0,0,9,38,0,30,0
12-04 12:31:51,30.264,5.503,45.771,18.008,0.250,1419940,559136,210492,5718020,22032.047,9223.206,0,9612.383,0,911.416,6131,9968,2.520,1.820,1.050,3,0,31.014,0,0,9,38,0,28,0
12-04 12:31:52,30.247,6.249,46.495,15.998,0,1355492,621576,210812,5719620,15840.448,7778.238,0,5695.442,0,704.931,6003,10069,2.520,1.820,1.050,4,0,40.996,0,0,9,38,0,28,0
12-04 12:31:53,34.234,5.497,42.230,17.242,0.250,1417280,558332,211064,5720796,17189.041,10226.265,0,4893.734,0,611.717,5336,9236,2.520,1.820,1.050,2,0,21.990,0,0,9,38,0,28,0
12-04 12:31:54,32.512,6.502,44.266,16.756,0,1454720,520900,211204,5720608,33327.164,23881.717,0,5005.827,0,631.230,5794,9914,2.520,1.820,1.050,4,0,11.004,0,0,9,40,0,28,0
12-04 12:31:55,45.206,4.496,48.453,0.999,0,1383796,591748,211228,5720660,20893.817,10728.636,0,1031.004,0,126.877,2143,2837,2.520,1.820,1.050,3,0,7.992,0,0,9,34,0,28,0
12-04 12:31:56,41.792,6.006,47.548,3.003,0,1453840,521540,211324,5720720,94498.593,78349.428,0,2002.004,0,310.311,3952,6241,2.560,1.840,1.060,4,0,2.002,0,0,9,38,0,28,0
12-04 12:31:57,37.700,7.989,45.439,9.737,0.250,1400272,574640,211664,5720844,260572.657,251081.309,0,12754.998,0,1408.123,11699,19775,2.560,1.840,1.060,6,0,1.997,0,0,9,38,0,27,0
12-04 12:31:58,35.076,7.767,46.601,9.771,0,1446448,527744,212016,5721188,257864.112,249026.882,0,6189.468,0,1131.462,11253,19282,2.560,1.840,1.060,4,0,1.002,0,0,9,38,0,27,0
12-04 12:31:59,30.476,7.494,62.202,0,0,1321116,653044,212028,5721208,25341.335,7633.077,0,307.761,0,34.973,1842,2437,2.560,1.840,1.060,2,0,99.922,0,0,9,34,0,25,0
12-04 12:32:00,23.250,2.750,73.501,0.250,0.250,1370940,603212,212028,5721212,9905.079,1566.013,0,104.001,0,7.000,1197,1320,2.560,1.840,1.060,2,0,3.000,0,0,9,34,0,25,0
12-04 12:32:01,22.727,3.247,72.178,0.999,0.250,1307672,666464,212056,5721200,10247.762,1618.383,0,7324.683,0,412.588,2248,2958,2.350,1.810,1.060,2,0,1.998,0,0,9,34,0,25,0
12-04 12:32:02,22.502,4.250,72.255,1.000,0,1361968,612104,212088,5721232,10310.732,1620.115,0,6980.496,0,404.029,2193,3027,2.350,1.810,1.060,2,0,1.000,0,0,9,34,0,25,0
12-04 12:32:03,22.994,3.749,71.732,1.000,0.250,1290520,683536,212116,5721220,11160.165,1553.605,0,6934.239,0,405.897,2152,2942,2.350,1.810,1.060,2,0,1.000,0,0,9,34,0,23,0
12-04 12:32:04,22.502,3.500,73.008,0.250,0.250,1338836,635184,212124,5721248,10504.124,1732.185,0,924.099,0,53.006,1316,1546,2.350,1.810,1.060,2,0,1.000,0,0,9,34,0,23,0
12-04 12:32:05,21.752,3.750,73.756,0,0,1387724,586296,212124,5721248,7862.645,1620.133,0,0,0,0,1084,1234,2.350,1.810,1.060,2,0,1.000,0,0,9,34,0,21,0
12-04 12:32:06,22.760,2.751,73.783,0,0,1304768,669164,212132,5721328,9201.113,1620.724,0,0,0,0,1087,1285,2.240,1.790,1.060,2,0,4.002,0,0,9,34,0,21,0
12-04 12:32:07,22.750,3.250,73.000,0.250,0.250,1362616,611236,212132,5721376,12599.962,1619.995,0,407.999,0,27.000,1382,1738,2.240,1.790,1.060,2,0,1.000,0,0,9,34,0,20,0
12-04 12:32:08,22.237,3.248,73.957,0.250,0.250,1287492,686360,212132,5721376,9350.530,1619.053,0,35.979,0,3.998,1035,1233,2.240,1.790,1.060,2,0,0.999,0,0,9,34,0,20,0
12-04 12:32:09,22.755,2.751,73.766,0,0,1346492,627340,212140,5721388,9184.039,1620.360,0,0,0,0,997,1197,2.240,1.790,1.060,2,0,1.000,0,0,9,34,0,17,0
12-04 12:32:10,22.994,3.499,73.730,0,0.250,1312048,661728,212140,5721444,11095.993,1619.561,0,0,0,0,1048,1258,2.240,1.790,1.060,3,0,3.999,0,0,9,34,0,17,0
12-04 12:32:11,23.801,2.505,73.658,0,0,1291420,682340,212140,5721460,11141.922,1623.486,0,0,0,0,1058,1143,2.140,1.780,1.060,1,0,1.002,0,0,9,34,0,17,0
12-04 12:32:12,22.208,3.244,73.861,0,0,1361404,612356,212140,5721460,17159.620,1455.254,0,0,0,0,958,1094,2.140,1.780,1.060,2,0,1.996,0,0,9,34,0,17,0
12-04 12:32:13,20.768,5.505,73.313,0,0.250,1283484,690272,212148,5721456,11562.967,1621.398,0,0,0,0,1293,1623,2.140,1.780,1.060,2,0,70.060,0,0,9,34,0,12,0
12-04 12:32:14,13.244,22.490,62.971,0,0.500,1282940,690668,212148,5721600,13476.841,2760.738,0,855.609,0,9.995,3394,8462,2.140,1.780,1.060,2,0,485.778,0,0,9,34,0,13,0
12-04 12:32:15,10.250,19.500,70.499,0,0,1283816,689768,212152,5721620,9706.893,1619.982,0,363.996,0,7.000,2567,3941,2.140,1.780,1.060,1,0,344.996,0,0,9,34,0,13,0
12-04 12:32:16,10.247,18.995,69.732,0,0.250,1283116,690428,212152,5721660,10088.357,1619.576,0,87.977,0,1.000,2695,4205,2.050,1.770,1.060,1,0,384.899,0,0,9,34,0,11,0
12-04 12:32:17,20.773,4.755,72.581,0.751,0,1343652,629852,212156,5721688,9178.225,1621.807,0,2142.387,0,198.221,1557,1945,2.050,1.770,1.060,1,0,33.037,0,0,9,34,0,11,0
12-04 12:32:18,23.247,2.500,73.990,0,0.250,1382864,590652,212156,5721676,8597.848,1619.783,0,15.998,0,1.000,960,1108,2.050,1.770,1.060,1,0,1.000,0,0,9,34,0,10,0
12-04 12:32:19,22.226,2.997,73.920,0,0.250,1335440,638060,212156,5721692,11628.418,1618.249,0,0,0,0,892,1086,2.050,1.770,1.060,2,0,1.998,0,0,9,34,0,10,0
12-04 12:32:20,22.752,3.250,74.005,0,0.250,1382400,591108,212156,5721680,10502.693,1620.107,0,0,0,0,881,1133,2.050,1.770,1.060,2,0,3.000,0,0,9,34,0,10,0
12-04 12:32:21,23.249,2.500,73.748,0,0,1328740,644752,212156,5721696,8456.729,1511.952,0,15.999,0,1.000,917,1052,1.970,1.750,1.060,2,0,2.000,0,0,9,34,0,10,0
12-04 12:32:22,23.039,2.755,73.875,0.250,0,1378032,595468,212156,5721684,8979.202,1568.656,0,2323.934,0,173.293,1164,1193,1.970,1.750,1.060,2,0,1.002,0,0,9,34,0,9,0
12-04 12:32:23,21.956,3.493,73.352,0.249,0,1325900,647588,212156,5721696,9449.996,1616.749,0,243.510,0,2.994,1013,1069,1.970,1.750,1.060,1,0,1.996,0,0,9,34,0,9,0
12-04 12:32:24,22.793,2.254,73.888,0,0,1374060,599440,212156,5721684,21517.173,1623.030,0,0,0,0,1004,1098,1.970,1.750,1.060,2,0,1.002,0,0,9,34,0,9,0
12-04 12:32:25,22.215,3.494,74.133,0,0.250,1307252,666236,212156,5721696,9985.283,1617.454,0,11.981,0,0.998,898,1023,1.970,1.750,1.060,1,0,1.997,0,0,9,34,0,9,0
12-04 12:32:26,22.755,2.250,73.765,0,0.500,1371952,601556,212156,5721676,12757.564,1724.347,0,0,0,0,995,1048,1.890,1.740,1.060,2,0,1.000,0,0,9,34,0,8,0
12-04 12:32:27,23.239,2.249,72.967,0.500,0,1307712,665764,212168,5721696,9510.701,1619.268,0,419.810,0,32.985,1210,1525,1.890,1.740,1.060,1,0,1.999,0,0,9,34,0,8,0
12-04 12:32:28,22.252,3.250,73.758,0,0.250,1363420,610064,212168,5721688,8954.922,1620.167,0,0,0,0,964,1032,1.890,1.740,1.060,1,0,1.000,0,0,9,34,0,6,0
12-04 12:32:29,22.750,3.250,74.249,0,0,1302416,671056,212168,5721700,9175.917,1619.985,0,12.000,0,1.000,988,1050,1.890,1.740,1.060,1,0,1.000,0,0,9,34,0,6,0
12-04 12:32:30,23.272,2.753,73.569,0,0,1360628,612860,212168,5721684,9986.317,1663.552,0,0,0,0,944,1043,1.890,1.740,1.060,1,0,3.003,0,0,9,34,0,6,0
12-04 12:32:31,20.980,3.996,73.930,0,0.250,1290320,683152,212168,5721700,10264.239,1552.524,0,15.985,0,0.999,1007,1051,1.820,1.730,1.060,2,0,1.998,0,0,9,34,0,6,0
12-04 12:32:32,22.751,2.750,74.003,0,0,1339864,633696,212168,5721612,8822.300,1566.053,0,12.000,0,2.000,911,1055,1.820,1.730,1.060,2,0,1.000,0,0,9,34,0,6,0
12-04 12:32:33,23.468,1.997,73.150,0,0,1388976,584584,212168,5721612,9971.339,1617.784,0,135.814,0,2.996,929,1009,1.820,1.730,1.060,2,0,0.999,0,0,9,34,0,6,0
12-04 12:32:34,22.038,4.007,74.129,0,0.250,1304600,668872,212168,5721700,8599.947,1622.820,0,12.021,0,1.002,981,1039,1.820,1.730,1.060,2,0,4.007,0,0,9,34,0,6,0
12-04 12:32:35,22.243,2.999,73.727,0,0,1366964,606528,212168,5721680,8642.330,1619.500,0,0,0,0,888,1025,1.820,1.730,1.060,2,0,1.000,0,0,9,34,0,6,0
12-04 12:32:36,21.748,4.250,73.992,0,0,1301952,671520,212168,5721700,8429.098,1619.827,0,19.998,0,1.000,940,1065,1.750,1.720,1.060,2,0,2.000,0,0,9,34,0,6,0
12-04 12:32:37,23.501,2.250,72.503,0.750,0.250,1286660,686828,212180,5721672,17990.864,1714.082,0,448.022,0,36.002,1233,1565,1.750,1.720,1.060,1,0,1.000,0,0,9,34,0,6,0
12-04 12:32:38,22.249,3.500,73.998,0,0.250,1345236,628216,212180,5721708,7887.755,1619.950,0,0,0,0,915,1072,1.750,1.720,1.060,1,0,1.000,0,0,9,34,0,6,0
12-04 12:32:39,22.999,3.250,73.745,0,0,1328600,644848,212180,5721712,9817.382,1619.898,0,15.999,0,1.000,950,1053,1.750,1.720,1.060,2,0,2.000,0,0,9,34,0,6,0
12-04 12:32:40,22.002,3.750,73.256,0,0,1378772,594684,212180,5721700,10223.869,1620.138,0,0,0,0,1015,1110,1.750,1.720,1.060,2,0,3.000,0,0,9,34,0,5,0
12-04 12:32:41,16.259,12.007,71.039,0,0.250,1285016,688440,212180,5721700,10892.034,1512.838,0,84.047,0,7.004,2044,2843,1.690,1.700,1.050,4,0,248.137,0,0,9,34,0,5,0
12-04 12:32:42,15.493,11.995,72.469,0,0,1326604,646808,212184,5721740,10217.617,1619.305,0,47.979,0,2.999,1633,2264,1.690,1.700,1.050,2,0,140.940,0,0,9,34,0,3,0
12-04 12:32:43,23.023,2.252,73.825,0,0.250,1371220,601920,212184,5722012,8546.683,1567.593,0,76.077,0,2.002,1013,1153,1.690,1.700,1.050,3,0,0,0,0,9,34,0,3,0
12-04 12:32:44,21.738,3.498,73.461,0,0,1340420,632704,212184,5721996,8417.513,1619.137,0,0,0,0,1015,1147,1.690,1.700,1.050,2,0,9.995,0,0,9,34,0,3,0
12-04 12:32:45,21.998,4.500,73.242,0,0.250,1284832,688284,212184,5722004,7860.159,1619.827,0,0,0,0,1079,1343,1.690,1.700,1.050,3,0,34.996,0,0,9,34,0,3,0
12-04 12:32:46,10.507,19.012,68.543,0,0,1284612,688448,212184,5722060,12729.982,1621.016,0,64.040,0,4.003,2836,4401,1.560,1.670,1.050,1,0,429.269,0,0,9,34,0,3,0
12-04 12:32:47,8.998,20.495,68.734,0.250,0.250,1284296,688724,212192,5722092,19723.523,1619.632,0,755.828,0,39.991,2928,4730,1.560,1.670,1.050,2,0,393.911,0,0,9,34,0,3,0
12-04 12:32:48,10.498,19.745,68.984,0,0.250,1284624,688372,212192,5722116,11430.394,1619.631,0,851.806,0,52.988,2790,4181,1.560,1.670,1.050,2,0,398.909,0,0,9,34,0,1,0
12-04 12:32:49,9.506,20.263,69.795,0,0.500,1284316,688652,212192,5722140,11097.113,1621.039,0,968.621,0,11.007,2652,4030,1.560,1.670,1.050,1,0,389.250,0,0,9,34,0,1,0
12-04 12:32:50,10.998,18.497,68.740,0,0.250,1284408,688540,212192,5722160,7946.832,1511.778,0,879.871,0,9.999,2683,4121,1.560,1.670,1.050,1,0,392.942,0,0,9,34,0,1,0
12-04 12:32:51,11.748,18.497,69.239,0,0,1284648,688240,212192,5722220,8635.601,1619.738,0,879.857,0,9.998,2602,3906,1.510,1.660,1.050,3,0,370.940,0,0,9,34,0,1,0
12-04 12:32:52,9.743,18.487,70.200,0,0,1284364,688484,212192,5722244,9051.501,1618.838,0,331.762,0,6.995,2650,4147,1.510,1.660,1.050,1,0,373.732,0,0,9,34,0,1,0
12-04 12:32:53,8.507,20.016,70.808,0,0.250,1284760,688068,212192,5722264,10297.444,1567.285,0,384.315,0,60.049,2749,4143,1.510,1.660,1.050,1,0,388.318,0,0,9,34,0,1,0
12-04 12:32:54,14.989,23.733,60.707,0.250,0.500,1301480,671320,212200,5722284,36521.034,13334.519,0,543.613,0,23.983,3158,4944,1.510,1.660,1.050,3,0,480.658,0,0,9,34,0,3,0
12-04 12:32:55,57.334,25.788,15.022,0,0.250,1432124,540632,212240,5722284,41744.281,25106.857,0,837.229,0,55.081,2732,5432,1.510,1.660,1.050,8,0,593.872,0,0,9,34,0,7,0
12-04 12:32:56,75.721,19.742,2.499,2.249,0,1558664,394752,212392,5738408,9835.233,1723.340,3190.778,13570.802,28.989,92.964,2296,3977,1.710,1.700,1.060,5,0,266.898,0,0,9,34,0,7,0
12-04 12:32:57,47.944,8.740,24.222,17.979,0,1606536,341580,212732,5742736,49302.513,37196.629,395.539,9848.517,3.995,594.307,5837,9756,1.710,1.700,1.060,4,0,39.953,0,0,9,40,0,8,0
12-04 12:32:58,29.284,7.008,38.294,24.028,0,1594488,350932,212912,5745080,18732.749,10828.572,0,7484.690,0,569.661,5780,10230,1.710,1.700,1.060,1,1,48.056,0,0,9,40,0,8,0
12-04 12:32:59,32.203,5.242,40.940,20.720,0,1605904,336732,213212,5747436,22720.646,10101.171,0,7640.783,0,605.112,5489,9684,1.710,1.700,1.060,1,1,36.946,0,0,9,40,0,8,0
12-04 12:33:00,32.553,6.511,43.572,18.280,0.250,1577020,362876,213596,5749736,33286.623,14977.578,0,7989.110,0,597.981,5456,10029,1.710,1.700,1.060,1,1,36.059,0,0,9,40,0,8,0
12-04 12:33:01,34.249,7.750,41.748,16.749,0.250,1520688,417084,213852,5751540,18467.224,10925.541,0,7487.686,0,649.973,5580,9836,2.060,1.770,1.090,4,1,48.998,0,0,9,38,0,8,0
12-04 12:33:02,49.505,10.251,23.752,17.002,0.250,1573796,361216,214060,5754000,18335.852,9874.997,0,8424.851,0,705.071,6075,10024,2.060,1.770,1.090,3,1,67.007,0,0,9,38,0,8,0
12-04 12:33:03,40.952,8.240,30.215,20.726,0.250,1577196,354900,214180,5756676,204984.193,197597.799,0,8422.188,0,676.212,6587,11877,2.060,1.770,1.090,3,0,62.927,0,0,9,39,0,8,0
12-04 12:33:04,27.749,7.000,43.498,19.249,0,1540828,388620,214312,5759064,122258.132,111565.645,0,8915.572,0,707.966,6615,11739,2.060,1.770,1.090,3,1,88.996,0,0,9,38,0,8,0
12-04 12:33:05,30.522,5.504,46.784,17.513,0,1576904,350016,214396,5761420,38862.981,30599.031,0,8073.813,0,693.499,5100,9388,2.060,1.770,1.090,1,1,21.015,0,0,9,39,0,8,0
12-04 12:33:06,36.735,5.248,41.483,16.743,0,1579184,345448,214448,5763612,438773.929,428589.993,0,7093.170,0,582.767,7252,13434,2.290,1.830,1.110,3,1,2.999,0,0,9,39,0,9,0
12-04 12:33:07,34.471,5.246,44.213,13.489,0.250,1585260,337036,214524,5765788,554568.281,545341.096,0,8336.939,0,718.392,8666,16146,2.290,1.830,1.110,3,0,8.992,0,0,9,44,0,10,0
12-04 12:33:08,40.550,9.011,30.538,19.524,0.250,1487152,433372,214636,5767424,34614.507,27035.199,0,6744.282,0,607.746,6084,10171,2.290,1.830,1.110,4,1,79.097,0,0,9,40,0,10,0
12-04 12:33:09,38.015,20.258,27.010,12.755,0,1499504,417072,214748,5771120,181579.727,171904.011,256.098,11952.590,2.001,906.348,9118,17213,2.290,1.830,1.110,7,0,315.121,0,0,9,41,0,10,0
12-04 12:33:10,42.483,16.993,26.989,11.995,0.500,1528932,384748,214880,5773788,550592.213,541841.721,1139.543,10900.629,15.994,862.654,10634,22894,2.290,1.830,1.110,4,1,105.958,0,0,9,41,0,11,0
12-04 12:33:11,33.728,11.243,40.223,13.241,0,1454208,456620,215048,5776272,412605.855,402795.349,511.661,10896.786,3.997,932.383,8261,15955,2.350,1.850,1.120,0,2,156.896,0,0,9,40,0,11,0
12-04 12:33:12,28.236,4.748,59.221,5.747,0,1501464,406872,215120,5778620,18642.809,8646.737,0,10586.781,0,966.524,6260,10210,2.350,1.850,1.120,2,1,24.988,0,0,9,40,0,11,0
12-04 12:33:13,29.035,4.505,51.311,14.267,0,1516432,389656,215216,5780756,359319.950,342607.045,0,10316.287,0,1021.216,7692,14260,2.350,1.850,1.120,2,0,0,0,0,9,41,0,13,0
12-04 12:33:14,34.157,9.474,40.640,14.211,0,1503192,400880,215284,5782584,614067.578,605037.114,0,9075.342,0,870.634,9486,19656,2.350,1.850,1.120,2,0,51.859,0,0,9,41,0,14,0
12-04 12:33:15,29.825,7.519,46.116,16.792,0.251,1484244,418264,215396,5783972,31502.354,22004.429,0,7851.779,0,802.020,6427,11231,2.350,1.850,1.120,1,1,35.088,0,0,9,40,0,13,0
12-04 12:33:16,36.759,5.251,46.261,11.503,0.500,1507680,392752,215520,5785872,283910.138,276320.317,0,7225.734,0,680.163,7325,13385,2.640,1.920,1.150,1,1,3.001,0,0,9,41,0,13,0
12-04 12:33:17,29.965,7.242,43.449,18.978,0.250,1509072,388152,215588,5788960,651277.308,643126.828,0,9564.828,0,809.055,8855,17071,2.640,1.920,1.150,1,1,14.983,0,0,9,41,0,13,0
12-04 12:33:18,29.290,7.510,44.561,17.023,0,1469572,426048,215780,5790292,204510.339,195314.823,0,8407.443,0,786.070,6698,12382,2.640,1.920,1.150,1,1,66.090,0,0,9,40,0,13,0
12-04 12:33:19,31.768,5.253,44.526,15.759,0,1506048,389476,216008,5790132,24662.156,16193.295,0,8448.850,0,984.565,6574,12550,2.640,1.920,1.150,3,0,0,0,0,9,40,0,13,0
12-04 12:33:20,32.189,6.987,44.415,16.718,0,1453228,442936,216168,5789316,297421.924,290594.964,0,8627.521,0,930.223,7843,14835,2.640,1.920,1.150,2,1,41.920,0,0,9,40,0,14,0
12-04 12:33:21,35.048,6.008,39.554,17.524,0.250,1502976,392464,216332,5789876,9384.754,3400.621,0,8050.941,0,769.045,5498,10455,2.670,1.930,1.160,1,1,15.020,0,0,9,40,0,14,0
12-04 12:33:22,31.996,5.499,45.495,17.248,0.250,1452780,441392,216608,5790832,147547.589,139774.507,0,8766.965,0,857.899,6120,12273,2.670,1.930,1.160,3,1,23.997,0,0,9,40,0,14,0
12-04 12:33:23,27.502,9.001,45.254,17.751,0.250,1499520,393560,216816,5791688,10778.905,3639.306,0,11933.002,0,951.080,6073,10439,2.670,1.930,1.160,2,0,68.006,0,0,9,40,0,14,0
12-04 12:33:24,32.963,4.745,43.951,17.231,0.250,1518168,375248,216892,5791276,372856.401,364926.283,0,7891.162,0,815.087,7043,14404,2.670,1.930,1.160,2,2,2.997,0,0,9,41,0,14,0
12-04 12:33:25,30.773,6.505,43.532,18.263,0,1500140,392552,216944,5791924,34324.297,26223.327,0,8266.092,0,837.617,6191,10756,2.670,1.930,1.160,1,1,54.040,0,0,9,40,0,14,0
12-04 12:33:26,34.482,5.497,42.478,16.741,0,1519900,371888,216992,5792756,322665.891,316726.985,0,7104.299,0,741.614,7284,13324,2.670,1.930,1.160,2,0,14.992,0,0,9,40,0,15,0
12-04 12:33:27,15.487,5.496,61.200,16.237,0,1455892,434880,217036,5793712,22051.095,5220.761,0,6306.879,0,586.524,5367,9421,2.780,1.970,1.170,0,2,77.937,0,0,9,40,0,15,0
12-04 12:33:28,14.020,2.504,64.594,18.026,0.250,1455600,434312,217068,5794524,12067.582,6012.761,0,8059.743,0,819.194,5843,9623,2.780,1.970,1.170,0,3,15.022,0,0,9,40,0,15,0
12-04 12:33:29,11.235,3.246,64.915,18.226,0.499,1455136,433936,217136,5795276,21509.693,11136.345,0,10366.358,0,690.092,5841,9903,2.780,1.970,1.170,0,1,11.984,0,0,9,40,0,15,0
12-04 12:33:30,8.499,2.250,67.742,19.248,0.250,1454896,433148,217196,5796236,20094.729,11258.728,0,8051.090,0,812.908,6126,10417,2.780,1.970,1.170,0,1,22.997,0,0,9,40,0,15,0
12-04 12:33:31,8.754,3.752,67.278,17.757,0,1454136,432928,217260,5797140,20455.366,10713.382,0,7959.255,0,731.299,5829,9980,2.780,1.970,1.170,2,2,6.002,0,0,9,40,0,15,0
12-04 12:33:32,10.011,4.004,64.819,21.022,0,1455068,430944,217316,5798096,18190.464,9944.641,0,8573.173,0,826.885,6129,10645,2.630,1.950,1.170,5,0,12.013,0,0,9,40,0,15,0
12-04 12:33:33,8.739,2.497,65.669,19.726,0.250,1455428,429384,217376,5799184,22774.759,15493.788,0,8561.384,0,789.022,5916,10203,2.630,1.950,1.170,0,1,17.978,0,0,9,40,0,15,0
12-04 12:33:34,7.994,3.498,66.454,19.237,0.500,1455200,428628,217452,5800072,21468.080,11883.741,0,8074.388,0,772.463,5848,10438,2.630,1.950,1.170,0,1,11.992,0,0,9,40,0,15,0
12-04 12:33:35,9.775,2.256,68.427,18.799,0.251,1455352,427400,217488,5801088,18992.037,11536.788,0,8526.014,0,813.099,6196,10673,2.630,1.950,1.170,2,1,6.016,0,0,9,40,0,15,0
12-04 12:33:36,8.236,2.995,64.637,21.213,0,1456256,425888,217552,5801608,17998.539,10106.334,0,8940.372,0,837.536,6117,10664,2.630,1.950,1.170,2,1,8.984,0,0,9,40,0,15,0
12-04 12:33:37,8.259,2.753,67.073,18.770,0,1457008,424124,217608,5802544,16585.028,7031.643,0,7087.704,0,718.781,5873,9831,2.660,1.970,1.180,1,1,39.042,0,0,9,40,0,15,0
12-04 12:33:38,8.742,2.747,65.188,19.981,0.250,1457380,422800,217644,5803432,21198.925,14122.626,0,7013.358,0,720.318,5962,10332,2.660,1.970,1.180,1,0,20.980,0,0,9,40,0,15,0
12-04 12:33:39,11.490,2.997,66.691,19.982,0.500,1457232,422312,217676,5804004,19783.630,12113.364,0,6654.158,0,716.371,5779,10326,2.660,1.970,1.180,0,1,23.979,0,0,9,40,0,15,0
12-04 12:33:40,9.000,3.250,66.249,18.500,0,1457732,421076,217688,5804708,19844.762,12076.855,0,7143.914,0,730.991,5823,10147,2.660,1.970,1.180,0,1,11.000,0,0,9,40,0,15,0
12-04 12:33:41,8.502,5.001,66.765,19.254,0.250,1457316,420612,217744,5805508,11502.542,4377.968,0,7909.748,0,765.169,5724,10190,2.660,1.970,1.180,0,1,6.001,0,0,9,40,0,15,0
12-04 12:33:42,12.498,2.750,66.492,16.748,0,1460456,416736,217848,5806116,22775.244,15841.083,0,7643.075,0,801.903,6196,11126,2.770,2,1.200,1,1,14.998,0,0,9,40,0,15,0
12-04 12:33:43,11.009,3.253,67.553,16.012,0.500,1461084,415728,217960,5806372,16149.597,8137.347,0,7501.851,0,773.603,5780,10203,2.770,2,1.200,1,0,9.007,0,0,9,38,0,16,0
12-04 12:33:44,14.241,13.491,70.954,0.500,0,1346120,530720,217980,5806324,10119.372,2016.679,0,3046.005,0,182.880,2668,3901,2.770,2,1.200,1,0,251.835,0,0,9,34,0,16,0
12-04 12:33:45,11.758,18.763,67.298,0.751,0.250,1343052,533680,218000,5806412,9698.954,1621.162,0,2649.900,0,158.113,3056,4592,2.770,2,1.200,1,0,397.285,0,0,9,34,0,16,0
12-04 12:33:46,31.041,23.030,45.060,0.751,0,1410752,465824,218048,5806520,53327.499,36854.722,0,7730.219,0,463.613,4187,6614,2.770,2,1.200,3,0,376.498,0,0,9,34,0,22,0
12-04 12:33:47,65.500,13.000,24.250,0,0,1559996,315804,218076,5807268,11490.977,1661.997,0,1111.998,0,55.000,2034,2360,2.790,2.020,1.210,3,0,3.000,0,0,9,34,0,22,0
12-04 12:33:48,66.429,9.240,23.974,0.749,0,1679712,193092,218232,5809812,9822.451,1618.262,0,3216.545,0,131.858,1807,1581,2.790,2.020,1.210,3,0,0,0,0,9,34,0,22,0
12-04 12:33:49,28.230,5.746,44.718,20.735,0.500,1696872,172580,218344,5812540,40949.803,30836.014,0,10336.630,0,627.553,4945,8579,2.790,2.020,1.210,0,4,23.983,0,0,9,40,0,22,0
12-04 12:33:50,16.242,3.248,54.724,23.739,0.250,1695876,171092,218424,5814888,17729.614,8094.171,0,10415.074,0,705.666,6217,11399,2.790,2.020,1.210,0,1,52.975,0,0,9,40,0,22,0
12-04 12:33:51,12.516,3.254,58.823,25.281,0,1697112,167288,218512,5817256,19820.597,10092.525,0,8546.606,0,617.767,5734,9740,2.790,2.020,1.210,0,3,24.030,0,0,9,40,0,22,0
12-04 12:33:52,10.487,3.995,60.923,24.219,0.250,1699348,163004,218612,5819160,17437.837,9975.321,0,8740.890,0,639.188,5899,10021,3.210,2.120,1.250,0,1,35.954,0,0,9,40,0,22,0
12-04 12:33:53,15.156,2.982,55.406,24.597,0,1700000,160388,218672,5820988,19696.879,10015.901,0,7899.026,0,638.044,6294,10713,3.210,2.120,1.250,0,1,53.667,0,0,9,40,0,22,0
12-04 12:33:54,9.054,3.772,55.078,29.677,0.251,1702304,155488,218708,5823456,21375.419,12207.771,0,11267.164,0,937.589,6303,10118,3.210,2.120,1.250,0,2,33.198,0,0,9,40,0,22,0
12-04 12:33:55,10.253,3.001,55.769,28.009,0.250,1704000,151692,218732,5825448,29219.789,9697.249,0,8922.989,0,667.224,6099,10325,3.210,2.120,1.250,0,1,36.012,0,0,9,40,0,22,0
12-04 12:33:56,12.249,4.000,56.747,26.248,0.250,1712320,141076,218756,5827648,24208.596,10217.407,0,8875.485,0,687.960,6283,10753,3.210,2.120,1.250,0,2,41.998,0,0,9,40,0,16,0
12-04 12:33:57,13.251,3.250,59.502,23.001,0.250,1712916,138556,218784,5829480,18643.783,8469.356,0,7800.328,0,629.026,5979,10162,3.110,2.120,1.250,1,2,51.002,0,0,9,40,0,16,0
12-04 12:33:58,12.008,3.252,57.038,26.768,0,1713500,136020,218824,5831336,19358.047,9119.146,0,8753.900,0,654.441,5825,9820,3.110,2.120,1.250,0,2,39.026,0,0,9,40,0,15,0
12-04 12:33:59,12.492,2.748,57.462,25.733,0.250,1714200,133028,218852,5833532,29555.582,9932.474,0,10645.006,0,716.529,6329,11299,3.110,2.120,1.250,0,1,23.984,0,0,9,40,0,15,0
12-04 12:34:00,13.774,3.005,57.602,24.043,0.250,1715152,129988,218864,5835532,19135.890,9918.566,0,9252.386,0,709.256,7051,12103,3.110,2.120,1.250,3,1,20.035,0,0,9,40,0,15,0
12-04 12:34:01,27.490,5.748,40.985,24.491,0,1615292,228016,218908,5837284,17182.522,9953.248,0,9128.559,0,724.727,6146,10408,3.110,2.120,1.250,1,1,90.966,0,0,9,38,0,15,0
12-04 12:34:02,32.724,6.245,37.970,22.482,0,1661696,179796,218928,5839016,26408.794,20026.918,0,8828.910,0,748.399,5969,9806,3.100,2.130,1.260,1,1,36.970,0,0,9,42,0,15,0
12-04 12:34:03,34.530,4.254,39.784,21.268,0.250,1706056,132240,218948,5842104,17549.092,10356.907,0,9900.514,0,722.621,5032,9437,3.100,2.130,1.260,2,1,42.036,0,0,9,42,0,15,0
12-04 12:34:04,19.230,20.479,40.958,19.480,0.250,1726532,132120,217644,5826500,21457.920,14047.545,0,8866.876,0,671.309,4778,9263,3.100,2.130,1.260,0,2,47.951,0,0,9,44,0,15,0
12-04 12:34:05,22.994,7.248,42.989,26.743,0.500,1612704,244468,217672,5828088,16823.777,9157.701,123.969,10157.450,4.999,811.796,5856,10736,3.100,2.130,1.260,0,2,107.973,0,0,9,42,0,15,0
12-04 12:34:06,9.265,2.755,59.599,26.043,0,1612764,242672,217720,5829748,14845.659,8754.541,0,9423.653,0,726.206,5353,9721,3.100,2.130,1.260,1,1,30.050,0,0,9,42,0,15,0
12-04 12:34:07,8.988,3.995,59.172,25.716,0,1614756,238136,217748,5832124,19290.575,10132.645,0,10322.395,0,787.961,5755,10287,3.090,2.150,1.270,0,3,14.980,0,0,9,42,0,15,0
12-04 12:34:08,11.491,3.247,57.954,26.479,0.250,1615224,235688,217772,5833988,17099.543,9273.702,0,9600.444,0,769.394,5618,10691,3.090,2.150,1.270,3,1,35.972,0,0,9,42,0,13,0
12-04 12:34:09,15.519,3.504,58.570,18.772,0.250,1615372,234128,217788,5835332,100549.156,83110.317,0,9158.945,0,804.962,5943,10891,3.090,2.150,1.270,2,1,21.025,0,0,9,42,0,13,0
12-04 12:34:10,16.986,3.247,54.706,23.981,0.500,1616672,230236,217812,5837784,109454.436,90118.905,0,12010.392,0,861.311,6314,11010,3.090,2.150,1.270,3,2,1.998,0,0,9,42,0,12,0
12-04 12:34:11,7.751,2.250,63.255,23.252,0,1618244,225748,217848,5840568,26211.149,12083.991,0,12273.006,0,827.068,5634,10636,3.090,2.150,1.270,0,1,0,0,0,9,42,0,12,0
12-04 12:34:12,7.765,3.757,61.619,24.297,0,1619800,221416,217896,5843212,24031.525,12204.628,0,11911.060,0,878.701,5617,10947,2.920,2.130,1.270,0,1,0,0,0,9,42,0,12,0
12-04 12:34:13,8.484,2.745,61.634,24.205,0.250,1621780,216628,217936,5845892,22794.238,11969.545,119.775,11558.317,1.996,819.463,5821,10265,2.920,2.130,1.270,0,1,0,0,0,9,42,0,12,0
12-04 12:34:14,9.732,4.741,58.892,25.204,0,1638728,196528,217992,5848836,19931.505,12238.591,23.956,12157.739,1.996,847.448,6293,12416,2.920,2.130,1.270,8,1,31.942,0,0,9,42,0,10,0
12-04 12:34:15,15.279,6.512,50.596,27.552,0.501,1627560,206088,218044,5850296,25789.872,13193.001,8.015,9237.505,2.004,766.452,6420,12446,2.920,2.130,1.270,2,2,17.032,0,0,9,42,0,11,0
12-04 12:34:16,19.798,2.757,56.888,17.543,0.251,1627044,205332,218104,5851480,17501.476,8706.130,0,8155.794,0,785.907,6387,11181,2.920,2.130,1.270,4,1,3.007,0,0,9,42,0,10,0
12-04 12:34:17,26.937,12.970,53.875,4.490,0,1385304,446560,218108,5851976,12288.393,4365.836,7.981,4717.019,0.998,329.234,3897,6034,3.170,2.190,1.290,2,0,244.431,0,0,9,34,0,10,0
12-04 12:34:18,20.493,4.748,72.475,1.250,0,1441388,390388,218112,5852052,8852.910,1619.435,179.937,3262.861,13.995,181.937,1661,2117,3.170,2.190,1.290,1,0,5.998,0,0,9,34,0,10,0
12-04 12:34:19,22.249,3.500,70.495,3.000,0,1487856,343736,218116,5852232,17710.831,1619.893,23.998,7463.507,2.000,457.970,2561,3514,3.170,2.190,1.290,1,0,0,0,0,9,34,0,10,0
12-04 12:34:20,20.750,3.500,69.500,6.250,0.250,1510036,320804,218132,5852968,85258.574,77275.614,735.996,9603.952,20.000,438.998,2601,3928,3.170,2.190,1.290,1,0,2.000,0,0,9,40,0,9,0
12-04 12:34:21,21.271,4.755,73.073,0.501,0.250,1424092,406728,218132,5852984,8369.403,2219.228,0,2454.464,0,141.142,1508,2109,3.170,2.190,1.290,1,0,28.028,0,0,9,34,0,9,0
12-04 12:34:22,21.982,3.497,73.939,0,0.250,1478492,352328,218132,5852984,10481.395,1618.671,0,27.977,0,3.997,1054,1223,3.160,2.210,1.300,1,0,0.999,0,0,9,34,0,9,0
12-04 12:34:23,23.756,3.001,70.267,2.501,0,1391212,439596,218140,5852988,17222.271,10046.492,0,7345.822,0,425.105,2149,3565,3.160,2.210,1.300,1,0,9.002,0,0,9,34,0,9,0
12-04 12:34:24,14.018,30.539,51.315,2.753,0.250,1393452,437332,218152,5853000,9424.960,1622.058,108.137,2567.258,10.013,158.201,3622,6645,3.160,2.210,1.300,3,0,740.940,0,0,9,34,0,9,0
12-04 12:34:25,20.510,34.016,40.269,5.002,0,1402792,427308,218192,5853624,10680.148,2499.205,704.339,8612.151,19.009,547.264,5573,10555,3.160,2.210,1.300,2,0,938.452,0,0,10,14,0,9,20
12-04 12:34:26,16.217,22.704,60.129,0.249,0.249,1385876,443796,218204,5854296,10895.036,1616.741,0,7528.822,0,414.165,4143,7796,3.160,2.210,1.300,1,0,347.300,0,0,10,14,0,9,20
12-04 12:34:27,26.278,20.021,52.055,1.251,0,1414540,414952,218208,5853920,9703.295,1621.721,0,7479.936,0,398.423,5291,8915,2.980,2.190,1.300,3,0,239.254,0,0,10,14,0,8,20
12-04 12:34:28,18.735,25.230,52.209,3.747,0,1451240,377308,218212,5854660,8122.664,1660.705,43.966,9028.957,2.998,593.537,4392,6754,2.980,2.190,1.300,2,0,369.712,0,0,12,14,0,8,20
12-04 12:34:29,24.242,17.494,55.982,1.250,0.500,1453596,374800,218212,5854724,11091.417,1765.430,0,6937.759,0,416.865,5604,9542,2.980,2.190,1.300,3,0,109.964,0,0,12,14,0,8,20
12-04 12:34:30,29.293,22.032,48.320,0,0.250,1504092,323884,218216,5854988,7553.005,1622.364,12.018,76.111,1.001,9.013,3166,5266,2.980,2.190,1.300,1,0,372.543,0,0,14,14,0,8,20
12-04 12:34:31,18.257,17.507,63.024,0,0,1499124,328712,218216,5855368,7660.888,1620.611,0,16.006,0,4.002,4468,8297,2.980,2.190,1.300,11,0,216.081,0,0,14,14,0,8,20
12-04 12:34:32,33.194,14.975,51.412,0,0.250,1564656,263180,218216,5855032,17978.401,1617.247,0,0,0,0,2445,3284,3.070,2.220,1.320,2,0,94.839,0,0,14,14,0,8,20
12-04 12:34:33,77.460,16.294,5.766,0,0,1756224,137400,214752,5799364,8090.983,1624.414,8.022,605.646,2.005,30.082,2949,4232,3.070,2.220,1.320,14,1,31.084,0,0,16,14,0,8,20
12-04 12:34:34,82.380,17.474,0,0,0,1957160,122148,211728,5619996,13473.302,1617.635,2560.257,3654.657,45.933,333.512,2711,2440,3.070,2.220,1.320,15,0,3.994,0,0,16,14,0,8,20
12-04 12:34:35,51.202,18.982,28.473,0.749,0,2044668,210420,207792,5452624,10223.359,1456.626,2289.841,579.454,53.949,72.931,2662,3973,3.070,2.220,1.320,2,0,132.875,0,0,16,14,0,8,20
12-04 12:34:36,9.997,17.745,60.232,10.997,0.750,2044668,204732,207800,5458260,10289.913,1619.514,5354.394,19.994,70.979,4.999,2855,4395,3.070,2.220,1.320,2,0,316.905,0,0,16,14,0,8,20
12-04 12:34:37,16.757,18.008,61.277,2.001,0,2033044,214724,207808,5459492,10620.705,1714.760,800.355,12.005,32.014,3.001,4960,9503,2.900,2.200,1.310,2,0,168.074,0,0,16,14,0,8,20
12-04 12:34:38,21.525,13.516,55.566,8.009,0.250,2067944,172116,207976,5466664,9364.059,1722.034,7761.166,0,160.189,0,2800,4370,2.900,2.200,1.310,2,0,153.181,0,0,16,14,0,8,20
12-04 12:34:39,22.215,4.992,71.386,0.998,0,2105896,133488,207980,5467084,9554.808,1717.270,7.987,0,0.998,0,1652,2321,2.900,2.200,1.310,1,0,21.965,0,0,17,14,0,8,20
12-04 12:34:40,2.000,2.501,94.023,0,0,2108688,130644,207980,5467084,11460.751,4245.019,0,256.061,0,2.000,1320,2140,2.900,2.200,1.310,2,0,33.008,0,0,17,14,0,9,20
12-04 12:34:41,22.497,5.499,71.490,0,0.250,2152772,128540,206392,5428912,10677.569,1619.783,0,0,0,0,1684,2496,2.900,2.200,1.310,2,0,60.992,0,0,17,14,0,9,20
12-04 12:34:42,22.249,4.000,71.246,1.500,0.500,2175928,128332,205460,5407428,198157.516,181273.580,935.941,59.996,12.999,3.000,2105,4001,2.750,2.180,1.310,2,0,0,0,0,17,19,0,10,10
12-04 12:34:43,17.998,9.999,68.742,1.500,0,2119916,183324,205476,5408408,135184.643,127562.565,763.908,675.918,15.998,62.992,3053,5295,2.750,2.180,1.310,2,0,158.981,0,0,17,18,0,14,0
12-04 12:34:44,9.980,18.463,68.611,0.998,0.249,2120104,182972,205480,5408532,8911.971,1616.729,7.984,91.814,1.996,5.988,2898,4621,2.750,2.180,1.310,2,0,331.330,0,0,17,18,0,14,0
12-04 12:34:45,10.018,19.786,67.625,0.751,0.250,2120764,182040,205492,5408740,8924.448,1514.792,56.103,24.044,8.015,6.011,3002,4825,2.750,2.180,1.310,2,0,341.630,0,0,17,18,0,13,0
12-04 12:34:46,16.506,17.506,63.022,1.751,0,2107560,194560,205492,5408912,8550.942,1566.539,100.034,24.008,2.001,6.002,3969,6709,2.750,2.180,1.310,2,0,224.077,0,0,17,18,0,13,0
12-04 12:34:47,31.283,17.018,48.551,2.002,0.250,2167356,132216,205496,5410744,10618.234,1988.103,1477.563,0,18.019,0,4023,7078,2.610,2.160,1.310,2,0,183.194,0,0,17,19,0,7,0
12-04 12:34:48,28.458,3.495,47.431,18.972,0.250,2212264,134568,204480,5366804,8324.812,1617.632,171.749,4441.498,31.953,359.474,2407,2407,2.610,2.160,1.310,0,2,0,0,0,17,19,0,7,0
12-04 12:34:49,41.260,8.002,47.011,2.751,0,2286340,133228,204420,5295512,10731.490,1620.376,68.016,264.061,7.002,3.001,1684,2045,2.610,2.160,1.310,2,0,0,0,0,17,19,0,7,0
12-04 12:34:50,47.490,4.999,46.490,0.750,0.250,2334032,135352,204268,5246308,8976.043,1619.647,267.942,199.956,3.999,18.996,1672,1953,2.610,2.160,1.310,2,0,2.000,0,0,17,19,0,7,0
12-04 12:34:51,49.518,7.753,40.765,0.750,0,2376080,120216,204196,5219968,66015.964,58455.219,36.013,6298.286,2.001,340.123,3717,10012,2.610,2.160,1.310,2,0,3.001,0,0,17,34,0,8,0
12-04 12:34:52,14.501,14.501,65.253,4.750,0,2377696,131440,204124,5207416,10357.487,1789.084,1220.057,512.024,35.002,66.003,2940,4385,2.560,2.150,1.310,1,2,250.012,0,0,17,34,0,8,0
12-04 12:34:53,16.242,3.748,75.214,4.248,0.250,2429652,135328,203912,5152804,11824.407,2829.662,663.686,1227.419,16.992,168.920,1995,2553,2.560,2.150,1.310,0,0,2.999,0,0,17,34,0,8,0
12-04 12:34:54,5.249,2.000,89.733,1.750,0.250,2429952,134260,203924,5153664,176423.597,5559.916,787.846,275.946,12.997,8.998,1414,2007,2.560,2.150,1.310,0,1,2.000,0,0,17,34,0,8,1
12-04 12:34:55,11.754,6.502,71.525,9.753,0.250,2448196,125728,204116,5144064,17872.345,1686.599,2312.821,1968.699,40.014,150.053,2149,2962,2.560,2.150,1.310,0,1,26.009,0,0,17,34,0,9,0
12-04 12:34:56,14.509,6.254,69.545,8.255,0.250,2435816,148572,204500,5133368,9291.067,1567.023,724.473,3146.054,36.024,169.110,2355,3095,2.560,2.150,1.310,0,1,38.025,0,0,17,34,0,9,0
12-04 12:34:57,14.742,11.244,67.962,5.497,0,2433616,173320,204732,5111876,9423.732,1565.125,1427.202,2102.825,90.949,37.979,2796,3386,2.430,2.130,1.310,0,1,67.962,0,0,17,34,0,9,0
12-04 12:34:58,19.258,4.752,71.781,3.752,0,2457128,146248,204768,5115132,16139.924,1566.672,2833.215,0,66.028,0,1977,2716,2.430,2.130,1.310,1,0,25.011,0,0,17,34,0,9,0
12-04 12:34:59,18.745,4.499,71.732,3.249,0.250,2416808,229896,204772,5072124,11275.192,1723.571,703.825,331.917,17.996,12.997,1758,2554,2.430,2.130,1.310,1,0,68.983,0,0,17,34,0,9,0
12-04 12:35:00,13.248,7.749,71.739,5.749,0.750,2416940,227784,205076,5073916,10836.396,1619.760,2095.690,7.999,81.988,1.000,2057,3011,2.430,2.130,1.310,1,0,106.984,0,0,17,34,0,9,0
12-04 12:35:01,18.751,16.000,62.252,0.750,0,2402604,240784,205080,5074580,12117.327,1620.044,264.007,0,23.001,0,4417,10142,2.430,2.130,1.310,1,0,181.005,0,0,17,34,0,9,0
12-04 12:35:02,6.748,4.499,86.230,1.750,0,2413584,228424,205080,5075476,8876.923,1619.621,1335.687,0,25.994,0,1947,3562,2.320,2.110,1.310,0,0,38.991,0,0,17,34,0,9,0
12-04 12:35:03,2.250,1.000,95.992,0,0,2413460,228424,205080,5075552,9157.240,1661.862,71.994,4.000,1.000,1.000,1266,1951,2.320,2.110,1.310,0,0,3.000,0,0,17,34,0,9,0
12-04 12:35:04,1.250,0.750,97.007,0,0.250,2413604,228204,205080,5075628,9947.736,1620.120,0,0,0,0,1257,1953,2.320,2.110,1.310,0,0,3.000,0,0,17,34,0,9,0
12-04 12:35:05,7.755,3.502,87.312,0,0.751,2402460,239348,205080,5075628,11644.209,1621.143,0,188.133,0,6.004,1421,2073,2.320,2.110,1.310,0,0,4.003,0,0,17,34,0,9,0
12-04 12:35:06,13.012,13.762,71.313,0,0,2365324,276884,205080,5075972,12049.724,3362.993,0,4.004,0,1.001,4617,8643,2.320,2.110,1.310,8,0,195.174,0,0,17,34,0,10,0
12-04 12:35:07,21.471,17.477,59.670,0.250,0,2387196,254168,205080,5076260,11411.765,1509.984,563.248,3.995,8.988,0.999,4662,8258,2.210,2.100,1.310,1,0,168.775,0,0,17,34,0,10,0
12-04 12:35:08,13.472,23.451,59.874,1.497,0,2431696,209228,205088,5076404,16936.417,1764.293,159.665,0,15.966,0,4496,7818,2.210,2.100,1.310,1,0,334.298,0,0,18,34,0,10,0
12-04 12:35:09,25.333,20.317,53.927,0,0,2427928,212348,205108,5076524,9614.487,1761.770,20.066,4.013,4.013,1.003,6023,11418,2.210,2.100,1.310,29,0,206.677,0,0,18,34,0,10,0
12-04 12:35:10,3.498,5.497,89.209,0,0.250,2430392,209868,205108,5076568,12442.326,1719.216,3.998,303.861,1.000,12.994,2512,4185,2.210,2.100,1.310,1,0,54.975,0,0,18,34,0,10,0
12-04 12:35:11,20.762,17.260,61.786,0,0.500,2408668,231500,205108,5076960,10311.960,1662.961,0,0,0,0,4693,7825,2.210,2.100,1.310,1,0,186.108,0,0,20,34,0,10,0
12-04 12:35:12,14.482,18.227,65.918,0,0,2431244,208864,205108,5076584,34438.331,26480.191,0,0,0,0,3508,7025,2.120,2.080,1.310,1,0,264.672,0,0,20,36,0,10,0
12-04 12:35:13,12.249,17.748,68.743,0,0.250,2431352,208304,205108,5076924,7869.142,1619.823,0,23.997,0,5.999,2899,4748,2.120,2.080,1.310,1,0,333.964,0,0,20,36,0,10,0
12-04 12:35:14,21.014,16.511,61.290,0,0,2406644,232844,205108,5077096,10667.019,1621.067,0,4.003,0,1.001,3340,9054,2.120,2.080,1.310,6,0,97.064,0,0,20,36,0,10,0
12-04 12:35:15,42.002,25.501,31.001,0.500,0.250,2466216,172828,205140,5077684,13131.525,2762.110,184.007,172.007,9.000,8.000,4423,12884,2.120,2.080,1.310,3,0,357.014,0,0,20,36,0,11,0
12-04 12:35:16,29.254,12.252,55.758,2.500,0,2507184,131004,205164,5077916,9975.466,1620.238,232.034,4.001,35.005,1.000,2101,5109,2.120,2.080,1.310,1,0,70.010,0,0,20,36,0,10,0
12-04 12:35:17,24.483,5.496,61.208,7.495,0.500,2533328,134716,205200,5050340,84827.978,75669.242,151.896,47687.382,9.993,465.681,3516,4820,2.030,2.060,1.300,1,0,4.997,0,0,20,40,0,13,0
12-04 12:35:18,23.508,6.752,68.274,0.250,0,2612008,124844,205200,4983016,75038.188,55351.318,32.011,0,3.001,0,1761,2506,2.030,2.060,1.300,1,0,11.004,0,0,20,44,0,15,0
12-04 12:35:19,22.508,4.502,71.025,0.250,0,2624772,163664,205200,4932464,12328.426,1710.614,16.006,0,1.000,0,1592,2167,2.030,2.060,1.300,1,0,4.001,0,0,20,44,0,15,0
12-04 12:35:20,24.010,6.253,68.028,1.501,0.500,2615664,171072,205208,4934276,13622.640,4248.759,1316.545,516.214,28.012,3.001,3136,5623,2.030,2.060,1.300,1,0,59.024,0,0,20,44,0,15,0
12-04 12:35:21,22.477,19.230,55.942,0.749,0,2638908,146284,205208,4935052,12740.851,2107.825,459.526,0,13.986,0,5538,10536,2.030,2.060,1.300,1,0,192.801,0,0,20,42,0,15,2
12-04 12:35:22,19.246,22.745,52.489,4.249,0,2666504,131300,205208,4922616,37360.229,26677.451,367.923,8518.228,22.995,615.872,7839,12416,2.260,2.110,1.320,1,0,289.940,0,0,20,42,0,16,2
12-04 12:35:23,21.525,18.021,56.316,3.004,0.250,2660728,136880,205208,4922676,13002.252,3711.353,12.014,52.061,2.002,4.005,4783,8613,2.260,2.110,1.320,11,0,149.175,0,0,18,34,0,18,4
12-04 12:35:24,26.004,20.753,53.258,0,0.250,2654332,143192,205208,4922360,63565.789,42968.617,4.001,0,1.000,0,4499,9274,2.260,2.110,1.320,5,0,203.031,0,0,20,44,0,18,4
12-04 12:35:25,18.979,17.730,61.432,0,0,2643208,154072,205208,4922908,101896.099,84127.786,0,0,0,0,5061,9715,2.260,2.110,1.320,5,0,199.779,0,0,20,44,0,19,4
12-04 12:35:26,11.492,5.996,80.694,0,0,2512280,284984,205208,4922544,12660.201,2450.297,0,0,0,0,1802,2500,2.260,2.110,1.320,5,0,26.981,0,0,20,36,0,25,0
12-04 12:35:27,39.821,21.038,37.066,1.002,0,2470632,326264,205344,4922772,11072.809,1622.903,260.466,264.473,11.020,3.005,3251,5138,2.320,2.120,1.330,5,0,396.710,0,0,20,36,0,25,0
12-04 12:35:28,30.508,23.506,45.262,0,0.250,2513628,283332,205344,4922704,9842.608,1620.429,0,156.041,0,9.002,3214,5156,2.320,2.120,1.330,3,0,379.100,0,0,20,36,0,25,0
12-04 12:35:29,44.447,18.478,36.706,0,0.499,2572404,224032,205344,4923144,139447.500,129567.297,0,3.995,0,0.999,4604,8845,2.320,2.120,1.330,8,0,117.859,0,0,20,44,0,30,0
12-04 12:35:30,48.068,15.021,34.799,0.751,0.250,2661580,162492,205356,4897664,9547.491,1926.722,548.775,4221.966,10.014,415.587,3630,4876,2.320,2.120,1.330,3,0,191.270,0,0,20,44,0,30,0
12-04 12:35:31,44.481,8.246,47.729,0,0,2747356,122152,205360,4852768,9504.837,1807.208,0,0,0,0,1887,2821,2.320,2.120,1.330,5,0,3.998,0,0,20,44,0,30,0
12-04 12:35:32,25.971,5.244,67.674,0,0,2775020,131124,205552,4816364,9295.580,1817.962,3.996,0,0.999,0,2912,5004,2.300,2.120,1.340,2,0,4.994,0,0,20,44,0,30,0
12-04 12:35:33,16.003,3.001,66.011,12.502,0,2792192,132500,206904,4797108,62616.520,54568.167,1344.226,2484.417,73.012,98.016,2745,4267,2.300,2.120,1.340,0,1,5.001,0,0,20,46,0,30,0
12-04 12:35:34,14.740,4.247,51.464,27.980,0.250,2791464,131436,206908,4798840,183870.107,175271.135,7.994,5851.898,1.999,436.694,4813,8509,2.300,2.120,1.340,2,1,4.996,0,0,20,48,0,30,0
12-04 12:35:35,23.539,4.508,48.330,21.786,0.250,2794588,166304,206924,4761672,348263.510,339064.203,0,20305.789,0,765.273,5402,9947,2.300,2.120,1.340,1,1,5.008,0,0,20,48,0,30,0
12-04 12:35:36,20.726,3.246,55.435,18.229,0.250,2796084,159800,206936,4766560,406274.003,395574.618,0,7407.267,0,314.629,4684,9306,2.300,2.120,1.340,2,1,2.996,0,0,20,48,0,31,0
12-04 12:35:37,38.311,12.520,44.070,4.507,0.250,2895992,123792,207028,4703532,264766.979,253243.657,108.172,1646.618,10.016,106.169,5936,13635,2.430,2.150,1.350,2,0,12.019,0,0,21,73,0,38,0
12-04 12:35:38,14.986,18.982,62.690,1.748,0,2915432,132912,207028,4675272,93208.054,82643.249,131.873,411.603,9.990,21.979,3407,5918,2.430,2.150,1.350,1,0,333.678,0,0,21,73,0,39,0
12-04 12:35:39,11.988,18.981,67.181,0.250,0.250,2915572,132748,207028,4675296,12767.964,3118.816,15.984,383.608,0.999,22.977,3123,4911,2.430,2.150,1.350,2,0,324.669,0,0,21,73,0,39,0
12-04 12:35:40,20.492,17.243,59.725,1.249,0,2901836,145000,207028,4676084,11255.352,1798.257,259.893,6309.394,7.997,335.861,5696,9246,2.430,2.150,1.350,1,0,153.936,0,0,21,73,0,39,0
12-04 12:35:41,40.528,13.759,43.780,0.751,0.500,2992976,131116,206984,4602104,19306.302,1983.367,208.143,44.030,12.008,5.003,2901,4937,2.430,2.150,1.350,2,0,145.100,0,0,21,74,0,39,0
12-04 12:35:42,45.247,7.499,46.247,0,0,3069748,131672,206876,4526572,10641.244,1565.889,0,75.995,0,9.999,2152,3160,2.400,2.150,1.360,2,0,0,0,0,21,76,0,37,0
12-04 12:35:43,11.748,15.747,68.989,1.750,0,3073628,132896,206876,4521408,67457.207,58502.640,0,1255.799,0,71.988,3408,5720,2.400,2.150,1.360,1,0,290.953,0,0,21,77,0,37,0
12-04 12:35:44,8.747,18.994,70.478,0,0.500,3073508,132896,206876,4521568,12021.321,1619.504,0,0,0,0,3019,4770,2.400,2.150,1.360,1,0,313.904,0,0,21,77,0,33,0
12-04 12:35:45,9.489,19.228,70.169,0,0,3074320,132064,206876,4521588,12107.101,1904.813,0,123.858,0,11.986,3271,5371,2.400,2.150,1.360,1,0,323.628,0,0,21,77,0,33,0
12-04 12:35:46,19.564,6.772,70.228,1.756,0,3096088,133908,206852,4498508,11013.762,2805.108,300.977,116.378,31.101,11.036,2095,3174,2.400,2.150,1.360,1,0,65.212,0,0,21,77,0,33,0
12-04 12:35:47,24.958,3.494,68.883,0.499,0.250,3128076,125780,206852,4475164,209523.391,200626.534,3.993,327.443,0.998,44.924,2498,4233,2.290,2.130,1.350,2,0,2.995,0,0,21,88,0,33,0
12-04 12:35:48,27.042,6.510,64.100,1.502,0.250,3093544,183560,206852,4452508,264316.126,257000.692,608.952,196.307,30.047,18.028,2747,4612,2.290,2.130,1.350,1,0,65.102,0,0,21,85,0,34,0
12-04 12:35:49,22.980,3.497,71.937,0,0.250,3138328,138680,206852,4452604,88805.650,80439.937,0,0,0,0,1761,2624,2.290,2.130,1.350,1,0,0,0,0,21,85,0,34,0
12-04 12:35:50,26.979,4.497,64.700,1.749,0.250,3161788,137364,206860,4430824,347928.703,338101.310,0,2789.841,0,230.821,3778,7468,2.290,2.130,1.350,1,0,3.997,0,0,21,90,0,35,0
12-04 12:35:51,22.497,7.749,67.741,1.500,0,3114712,184332,206868,4430920,209840.301,194183.368,0,1155.847,0,134.982,3333,5789,2.290,2.130,1.350,1,0,113.985,0,0,21,90,0,36,0
12-04 12:35:52,22.002,3.750,71.507,1.000,0,3163848,135144,206868,4430972,11436.098,1620.156,88.008,404.039,9.001,24.002,1578,2154,2.180,2.110,1.350,2,0,1.000,0,0,21,90,0,36,0
12-04 12:35:53,26.997,2.750,69.493,0.500,0.250,3174104,124808,206872,4431048,257454.482,249893.261,0,1355.860,0,106.989,2685,4679,2.180,2.110,1.350,1,0,2.000,0,0,21,96,0,35,0
12-04 12:35:54,26.235,1.749,69.212,0.750,0.500,3183124,138644,206872,4408192,440674.866,432338.484,0,1015.437,0,122.932,2862,4911,2.180,2.110,1.350,3,0,0,0,0,21,96,0,35,0
12-04 12:35:55,21.764,7.505,69.043,0.500,0,3159156,162576,206872,4408364,87401.364,77615.277,108.067,612.381,4.002,56.035,2347,3731,2.180,2.110,1.350,1,0,92.057,0,0,21,94,0,35,0
12-04 12:35:56,24.267,3.252,72.552,0.250,0,3189852,131768,206872,4408476,129424.056,120119.366,0,356.256,0,21.015,1841,3091,2.180,2.110,1.350,1,0,0,0,0,21,97,0,35,0
12-04 12:35:57,27.021,7.005,65.301,0.250,0.250,3158924,162652,206872,4408488,128361.352,115952.747,0,396.307,0,25.019,2281,4045,2.090,2.090,1.350,1,0,58.045,0,0,21,94,0,36,0
12-04 12:35:58,24.233,3.497,71.199,0.500,0,3189256,132240,206872,4408568,91002.569,82431.732,0,407.707,0,28.979,1920,3025,2.090,2.090,1.350,2,0,0,0,0,21,94,0,37,0
12-04 12:35:59,23.486,4.747,71.209,0,0.500,3148592,172888,206872,4408580,165911.601,157613.372,0,143.917,0,11.993,1974,3403,2.090,2.090,1.350,1,0,52.970,0,0,21,94,0,38,0
12-04 12:36:00,23.289,3.756,71.618,0,0,3186932,134540,206872,4408588,9991.526,1858.073,0,120.199,0,13.022,1686,2519,2.090,2.090,1.350,1,0,2.003,0,0,21,94,0,38,0
12-04 12:36:01,23.708,3.993,69.129,0.998,0.250,3208092,139192,206852,4383392,333066.800,325705.689,0,702.769,0,67.881,3071,5788,2.090,2.090,1.350,1,0,5.990,0,0,21,98,0,38,0
12-04 12:36:02,20.746,6.249,69.988,1.500,0,3176592,170504,206852,4383580,126490.497,109025.466,151.974,647.890,4.999,66.989,2498,3970,2.160,2.110,1.360,1,0,83.986,0,0,21,96,0,39,0
12-04 12:36:03,23.496,2.500,71.988,0.250,0.250,3211788,135128,206856,4383756,53413.027,44311.556,0,351.941,0,18.997,1643,2544,2.160,2.110,1.360,1,0,0,0,0,21,97,0,39,0
12-04 12:36:04,26.749,2.750,70.248,0,0.250,3213508,133396,206856,4383768,205768.473,194702.717,0,463.990,0,31.999,2411,4509,2.160,2.110,1.360,1,0,0,0,0,21,96,0,40,0
12-04 12:36:05,22.263,5.753,71.042,0.750,0.250,3190036,156848,206856,4383784,13765.149,5278.125,0,344.204,0,31.018,1998,2985,2.160,2.110,1.360,1,0,57.034,0,0,21,96,0,40,0
12-04 12:36:06,28.983,7.496,60.964,0,0.250,3213948,178568,206856,4339184,186884.551,178272.641,0,9826.193,0,618.634,3362,4107,2.160,2.110,1.360,1,0,3.998,0,0,21,99,0,41,0
12-04 12:36:07,28.259,2.751,62.269,4.501,0,3230500,161776,206860,4339420,450679.063,442155.395,0,2412.755,0,287.090,4185,8037,2.150,2.110,1.360,0,1,4.001,0,0,21,106,0,40,0
12-04 12:36:08,21.749,5.500,71.245,0.500,0,3206604,185628,206860,4339456,13221.154,3019.807,0,943.940,0,63.996,2042,2992,2.150,2.110,1.360,2,0,53.997,0,0,21,104,0,41,0
12-04 12:36:09,25.034,3.004,70.847,0.250,0,3231032,161188,206860,4339468,130147.082,121008.508,0,881.213,0,55.076,1943,3696,2.150,2.110,1.360,1,0,0,0,0,21,107,0,41,0
12-04 12:36:10,25.215,3.495,69.155,0.749,0.499,3237044,154972,206860,4339672,529052.082,519800.794,0,1182.375,0,105.855,2914,5577,2.150,2.110,1.360,1,0,1.997,0,0,21,106,0,41,0
12-04 12:36:11,39.288,3.754,55.304,1.001,0.250,3243780,148192,206860,4339716,645083.892,637310.289,0,1385.355,0,141.138,3355,5893,2.150,2.110,1.360,3,0,0,0,0,21,106,0,41,0
12-04 12:36:12,26.466,6.242,64.666,0.749,0.250,3222608,169320,206860,4339756,137928.383,128932.033,0,946.774,0,74.903,2579,4010,2.140,2.100,1.370,1,0,70.908,0,0,21,104,0,42,0
12-04 12:36:13,25.288,2.504,71.859,0.250,0,3247400,144528,206860,4339756,91059.500,83762.481,0,612.926,0,33.050,1818,3003,2.140,2.100,1.370,1,0,0,0,0,21,104,0,42,0
12-04 12:36:14,24.461,3.994,67.891,2.496,0,3187744,204004,206864,4339932,360856.465,344823.214,0,1357.819,0,140.774,3282,5892,2.140,2.100,1.370,2,0,9.984,0,0,21,104,0,43,0
12-04 12:36:15,24.756,11.753,60.264,2.000,0,3224116,166256,206864,4341292,10587.403,2996.680,1328.302,644.146,23.005,42.010,2781,6747,2.140,2.100,1.370,1,0,172.039,0,0,21,104,0,43,0
12-04 12:36:16,25.015,4.002,69.793,1.251,0,3249640,140724,206868,4341296,86885.521,79223.802,0,3878.389,0,234.144,2585,3755,2.140,2.100,1.370,1,0,0,0,0,21,104,0,43,0
12-04 12:36:17,25.730,1.998,71.194,0,0.999,3251812,138504,206868,4341340,425229.046,418335.443,0,295.768,0,31.975,2275,4417,2.040,2.080,1.360,1,0,0,0,0,21,106,0,44,0
12-04 12:36:18,27.753,2.000,68.507,1.500,0,3254208,136048,206876,4341388,510884.686,503831.918,4.000,1016.111,1.000,127.014,3232,5437,2.040,2.080,1.360,1,0,0,0,0,21,106,0,44,0
12-04 12:36:19,37.523,6.504,54.533,0.500,0,3203456,186552,206876,4341620,802189.522,792396.608,72.044,752.454,4.002,75.045,3294,5555,2.040,2.080,1.360,2,0,69.042,0,0,21,104,0,40,0
12-04 12:36:20,36.235,11.745,47.231,3.998,0,3227224,161960,206876,4342376,491860.272,484022.423,627.748,1179.526,20.992,116.953,4396,7664,2.040,2.080,1.360,1,0,223.910,0,0,21,104,0,40,0
12-04 12:36:21,23.539,3.255,71.870,0,0,3262780,126404,206876,4342376,9559.975,1782.979,0,408.683,0,24.040,1755,2591,2.040,2.080,1.360,1,0,0,0,0,21,104,0,40,0
12-04 12:36:22,25.200,2.745,70.361,0.499,0,3266252,122916,206876,4342388,259568.353,250471.319,0,459.093,0,34.931,2334,4311,1.960,2.070,1.360,1,0,0,0,0,21,104,0,41,0
12-04 12:36:23,10.503,17.756,70.022,0.250,0.750,3204232,184936,206876,4342388,8591.698,1620.509,4.001,364.114,1.000,20.006,3102,5161,1.960,2.070,1.360,1,0,341.107,0,0,21,104,0,40,0
12-04 12:36:24,14.750,17.750,65.251,0,0.250,3206452,182536,206876,4342932,9905.168,1620.028,0,348.006,0,23.000,3780,7060,1.960,2.070,1.360,1,0,284.005,0,0,21,104,0,40,0
12-04 12:36:25,28.248,18.499,52.747,0,0,3249092,138660,206876,4342572,9920.365,1948.875,0,1051.933,0,62.996,4246,9298,1.960,2.070,1.360,3,0,222.986,0,0,21,104,0,37,0
12-04 12:36:26,33.988,21.992,43.984,0,0,3288452,121328,206876,4320760,11396.852,1689.385,0,235.914,0,18.993,3359,5957,1.960,2.070,1.360,5,0,391.857,0,0,21,104,0,37,0
12-04 12:36:27,41.562,19.028,38.557,1.252,0,3311272,142012,206888,4278524,30271.833,13902.590,112.166,88.131,8.012,8.012,4554,8503,1.960,2.070,1.370,2,0,205.304,0,0,21,106,0,31,1
12-04 12:36:28,53.755,26.502,18.502,1.000,0.500,3439124,128132,206896,4168368,139320.818,132572.197,164.015,1040.096,15.001,62.006,5612,13035,1.960,2.070,1.370,4,0,317.029,0,0,23,116,0,31,0
12-04 12:36:29,50.209,25.479,21.233,2.498,0.250,3504980,136308,206896,4096144,12991.412,4698.171,155.873,191.844,17.985,18.985,3659,6715,1.960,2.070,1.370,8,0,474.613,0,0,23,116,0,26,0
12-04 12:36:30,60.876,22.454,14.470,0.499,0,3596292,128100,206896,4014616,8062.528,1992.928,467.046,203.584,20.957,12.973,4720,9272,1.960,2.070,1.370,6,1,179.633,0,0,23,116,0,26,0
12-04 12:36:31,56.448,24.586,16.307,0.502,0.251,3668616,130332,206900,3941620,64226.628,57489.962,654.299,453.593,39.137,31.109,4526,14107,1.960,2.070,1.370,6,0,555.953,0,0,23,132,0,26,0
12-04 12:36:32,34.324,23.380,40.542,1.741,0,3710556,128212,206508,3903236,10900.991,3575.628,0,11847.129,0,825.757,4084,5465,2.050,2.080,1.370,4,0,371.093,0,0,23,132,0,26,0
12-04 12:36:33,30.368,18.823,49.442,0.753,0,3728588,128404,206300,3884496,16653.566,8609.379,0,453.759,0,34.132,3502,10232,2.050,2.080,1.370,8,0,116.451,0,0,24,132,0,26,0
12-04 12:36:34,32.323,20.637,44.756,0.497,0.249,3771940,126176,205868,3846460,8962.040,1611.198,175.044,190.957,5.967,9.946,3199,5536,2.050,2.080,1.370,4,0,357.049,0,0,24,132,0,26,0
12-04 12:36:35,35.573,21.795,42.086,0.251,0,3808388,137128,205336,3800380,9288.003,1981.053,368.754,104.213,25.051,12.025,3994,6875,2.050,2.080,1.370,5,0,250.513,0,0,24,132,0,26,0
12-04 12:36:36,48.221,25.115,24.864,0.251,0,3912820,124256,204624,3712408,147113.486,139803.018,253.159,562.575,10.046,33.152,7047,14831,2.050,2.080,1.370,6,0,287.315,0,0,24,144,0,27,0
12-04 12:36:37,31.694,23.958,42.425,0.998,0.250,3969924,132260,204292,3648996,28954.981,13360.459,255.550,411.275,9.982,33.940,3640,6335,2.040,2.080,1.380,3,0,403.289,0,0,24,146,0,27,0
12-04 12:36:38,34.514,22.259,40.766,0.500,0.500,4023764,121636,203864,3607484,129035.356,120955.140,160.064,540.215,11.004,37.015,4382,7690,2.040,2.080,1.380,4,1,415.165,0,0,24,158,0,18,0
12-04 12:36:39,19.487,21.736,55.214,3.248,0,4039588,159244,203868,3556168,24800.607,16937.804,39.974,7187.249,1.999,615.593,6230,9285,2.040,2.080,1.380,2,0,313.793,0,0,24,160,0,18,0
12-04 12:36:40,21.273,17.769,59.815,0,0,4029004,168216,203868,3556600,22769.568,4454.807,0,224.242,0,10.011,4725,9072,2.040,2.080,1.380,1,0,162.175,0,0,24,160,0,18,0
12-04 12:36:41,34.214,15.983,45.452,2.248,0.250,4101568,130784,203476,3523724,24329.405,10087.388,759.201,195.794,24.974,17.981,3358,4971,2.040,2.080,1.380,2,0,130.862,0,0,24,160,0,18,0
12-04 12:36:42,42.518,7.753,46.270,2.751,0,4184920,129352,202752,3445700,13335.734,1620.697,920.396,212.091,39.017,11.005,1967,2540,2.200,2.110,1.390,2,0,1.000,0,0,24,160,0,18,0
12-04 12:36:43,43.494,7.999,44.244,4.499,0,4247608,128980,202064,3385400,14031.162,7496.018,343.955,4303.436,21.997,453.941,3111,3154,2.200,2.110,1.390,1,1,0,0,0,24,160,0,18,0
12-04 12:36:44,41.301,9.011,45.306,3.254,0.501,4170192,251404,201820,3341812,128308.434,120922.372,1513.858,396.486,58.071,29.036,2945,4821,2.200,2.110,1.390,4,0,79.097,0,0,24,163,0,18,0
12-04 12:36:45,43.309,28.789,23.031,3.254,0.250,4229856,183744,201948,3349500,36973.136,26810.355,4782.485,384.521,103.140,15.020,7071,13829,2.200,2.110,1.390,4,0,540.733,0,0,24,166,0,18,0
12-04 12:36:46,50.210,23.731,23.981,0.250,0,4233684,176280,201960,3352640,167811.094,159260.865,563.554,575.544,7.994,36.971,4792,10457,2.200,2.110,1.390,5,0,355.718,0,0,24,184,0,18,0
12-04 12:36:47,59.255,20.502,19.002,0,0,4251548,155620,201968,3354464,220361.053,212557.343,72.007,1308.119,1.000,63.006,5225,11358,2.660,2.210,1.430,8,0,200.018,0,0,24,182,0,18,0
12-04 12:36:48,77.453,17.989,1.999,2.498,0,4378216,156284,200132,3235988,23158.966,6043.338,1027.377,13100.061,35.978,603.634,3912,4970,2.660,2.210,1.430,5,1,46.972,0,0,24,185,0,17,0
12-04 12:36:49,72.503,17.001,5.250,4.750,0,4447472,159784,198860,3166484,300577.827,294615.552,1124.052,1516.070,48.002,65.003,3815,8033,2.660,2.210,1.430,0,4,44.002,0,0,24,202,0,19,0
12-04 12:36:50,66.541,16.760,6.504,8.505,0.500,4463968,134376,198944,3175264,73038.846,65032.930,4034.477,1733.064,328.202,105.065,5041,11185,2.660,2.210,1.430,5,0,58.036,0,0,24,201,0,24,0
12-04 12:36:51,56.437,23.474,17.480,0.999,0,4496948,125152,198420,3153204,440953.809,432636.150,267.699,1170.685,14.983,76.914,12618,28037,2.660,2.210,1.430,4,0,371.583,0,0,24,206,0,25,0
12-04 12:36:52,48.551,22.274,28.530,0.751,0,4461272,174408,198180,3139496,371540.089,361896.887,104.110,2046.165,13.014,227.240,7085,15573,2.690,2.220,1.440,4,0,224.237,0,0,24,207,0,25,0
12-04 12:36:53,50.935,20.724,26.466,2.247,0,4531980,131016,198156,3114320,116276.213,106644.455,83.893,19651.024,7.990,772.019,5456,8548,2.690,2.220,1.440,4,0,299.619,0,0,24,209,0,25,0
12-04 12:36:54,52.990,25.245,19.996,1.000,0.250,4534716,157168,198024,3087016,189475.810,181605.313,291.944,2495.523,9.998,302.942,5928,10217,2.690,2.220,1.440,3,0,362.931,0,0,24,209,0,25,0
12-04 12:36:55,59.453,21.800,14.120,3.964,0,4627992,128268,197252,3025232,104318.789,95895.243,978.998,1957.996,51.526,226.914,5263,8111,2.690,2.220,1.440,4,0,204.123,0,0,24,209,0,25,0
12-04 12:36:56,61.831,23.723,14.133,0.252,0.252,4633464,162976,196260,2988156,258608.924,251294.165,56.531,1219.463,7.066,84.797,5068,12722,2.690,2.220,1.440,3,0,431.052,0,0,24,215,0,26,0
12-04 12:36:57,62.251,21.250,15.000,0.250,0,4702160,128172,196068,2956952,25223.454,16695.301,76.001,5420.098,4.000,473.009,6380,10247,3.600,2.420,1.500,4,1,111.002,0,0,24,217,0,26,0
12-04 12:36:58,70.716,16.873,10.669,0.744,0,4808492,135980,194676,2849516,336223.829,329404.350,146.890,1329.952,14.888,125.055,5175,12071,3.600,2.420,1.500,2,1,148.875,0,0,24,222,0,29,0
12-04 12:36:59,63.686,11.076,22.655,1.762,0.503,4841928,129288,194000,2824216,112869.479,105904.813,535.666,519.556,39.269,38.262,2816,4331,3.600,2.420,1.500,5,0,12.083,0,0,24,225,0,29,0
12-04 12:37:00,65.314,9.259,22.772,1.251,0,4897012,143964,192200,2759184,374335.228,366740.839,1181.149,880.857,21.020,63.061,3854,7387,3.600,2.420,1.500,4,0,6.006,0,0,24,230,0,32,0
12-04 12:37:01,56.265,21.006,20.505,2.001,0.250,4809560,243812,192176,2747624,237737.714,228902.346,872.234,7838.101,47.013,663.178,7045,11259,3.600,2.420,1.500,3,0,276.074,0,0,24,233,0,32,0
12-04 12:37:02,49.946,26.471,21.976,0.499,0,4868424,184564,192288,2747920,18280.312,9788.458,535.423,763.178,20.977,57.938,3593,6523,3.550,2.430,1.510,6,0,393.576,0,0,24,235,0,31,0
12-04 12:37:03,54.252,21.001,21.501,1.500,0,4877428,165352,192328,2756856,303984.247,289585.715,8456.313,1157.043,95.004,90.003,6768,13160,3.550,2.430,1.510,3,0,170.006,0,0,24,239,0,32,0
12-04 12:37:04,61.071,31.286,4.755,1.251,0.250,4956604,134068,191160,2712880,24313.082,13284.343,5013.791,1251.445,93.108,67.077,4996,9290,3.550,2.430,1.510,5,0,281.325,0,0,25,242,0,32,0
12-04 12:37:05,79.282,12.505,2.501,5.252,0,5021728,127736,189632,2659872,223751.619,209769.957,1552.629,504.204,103.042,27.011,3402,5508,3.550,2.430,1.510,3,2,11.004,0,0,25,244,0,32,0
12-04 12:37:06,79.969,13.995,3.249,2.499,0,5074324,122872,188664,2618696,83964.422,72609.827,1635.365,623.758,85.967,46.982,3270,4776,3.550,2.430,1.510,5,0,16.993,0,0,25,244,0,32,0
12-04 12:37:07,66.882,19.715,12.728,0.499,0.250,5100812,147356,188008,2571484,149499.834,140830.153,726.716,1042.159,44.921,63.887,4828,12718,3.590,2.450,1.530,2,0,199.647,0,0,25,245,1,33,0
12-04 12:37:08,45.372,7.520,45.372,1.253,0.501,5082540,164964,188440,2571684,182066.212,170976.414,661.778,629.692,15.040,62.167,3242,5338,3.590,2.450,1.530,2,0,11.030,0,0,25,246,0,32,0
12-04 12:37:09,41.449,8.739,48.441,0,0,5099436,147776,188460,2571884,70559.705,60967.437,515.370,335.590,4.994,19.976,2476,3718,3.590,2.450,1.530,3,0,9.988,0,0,25,248,0,32,0
12-04 12:37:10,44.473,7.495,46.471,0.999,0,5058508,188496,188512,2572044,232336.648,220178.150,519.679,1622.999,5.996,129.920,3685,6583,3.590,2.450,1.530,4,0,11.993,0,0,25,250,1,32,1
12-04 12:37:11,45.291,8.508,45.791,0.250,0,5083640,163208,188536,2572112,31793.742,21610.536,256.232,332.300,2.002,42.038,2569,3929,3.590,2.450,1.530,2,0,12.011,0,0,25,255,0,32,0
12-04 12:37:12,44.248,7.000,48.498,0.250,0,5083200,163576,188540,2572180,317533.981,264876.140,511.979,331.986,4.000,25.999,3142,5782,3.460,2.450,1.530,3,0,5.000,0,0,25,255,0,31,0
12-04 12:37:13,29.428,6.484,62.098,0.499,0.249,5040032,206252,188544,2572668,348111.128,57403.362,255.374,506.758,1.995,40.900,2753,4024,3.460,2.450,1.530,2,0,44.890,0,0,25,256,0,31,0
12-04 12:37:14,22.492,4.498,70.225,0,0,5056544,188696,188548,2573708,1112320.126,32343.518,511.818,323.885,3.999,28.990,2590,3561,3.460,2.450,1.530,1,0,4.998,0,0,25,256,0,31,0
12-04 12:37:15,26.576,7.772,65.437,0,0.752,5056120,186560,188548,2576252,2663146.620,51142.962,256.733,192.550,2.006,11.031,3282,6148,3.460,2.450,1.530,6,0,39.112,0,0,25,259,0,30,0
12-04 12:37:16,24.253,8.251,67.508,0.250,0,5049852,189252,188548,2579812,3694024.671,15778.925,256.031,148.018,2.000,9.001,3018,3836,3.460,2.450,1.530,1,0,7.001,0,0,25,259,0,31,0
12-04 12:37:17,23.473,6.243,68.672,0.499,0,5033908,200632,188548,2584376,5224312.181,26559.828,511.419,335.619,3.995,34.960,3662,4112,3.260,2.420,1.530,4,0,6.992,0,0,25,259,0,30,0
12-04 12:37:18,16.509,4.502,76.042,0.750,0,5032600,197976,188548,2588320,3692347.791,23245.785,256.141,332.183,2.001,35.019,3049,3538,3.260,2.420,1.530,1,0,13.007,0,0,25,258,0,30,1
12-04 12:37:19,14.973,12.727,69.373,2.246,0,5049592,178992,188548,2590316,13419.362,5357.164,1884.540,175.677,21.960,8.984,3045,5002,3.260,2.420,1.530,1,0,237.564,0,0,25,258,0,29,0
12-04 12:37:20,25.775,3.253,69.567,0.250,0.500,5091220,137288,188548,2590392,32606.302,25014.013,0,360.346,0,32.031,2137,3393,3.260,2.420,1.530,4,0,0,0,0,25,259,0,29,0
12-04 12:37:21,27.984,3.498,68.210,0.500,0,5093676,134800,188552,2590404,306225.858,299954.527,0,219.871,0,26.984,3233,5890,3.260,2.420,1.530,1,0,1.999,0,0,25,264,0,29,0
12-04 12:37:22,27.212,3.245,68.654,0.499,0.499,5095284,133076,188556,2590508,426862.527,420028.061,0,263.632,0,17.975,3725,6859,3.080,2.400,1.520,1,0,1.997,0,0,25,265,0,29,0
12-04 12:37:23,27.054,4.259,65.883,2.004,0,5111980,127444,188316,2580124,10834449.581,10827511.608,64.129,613.235,12.024,59.119,3745,7100,3.080,2.400,1.520,1,0,1.002,0,0,25,269,0,29,0
12-04 12:37:24,27.723,3.497,67.435,0.250,0,5119088,131140,188100,2570056,460537.581,454405.499,0,599.422,0,61.940,4542,8311,3.080,2.400,1.520,2,0,2.997,0,0,25,272,0,29,0
12-04 12:37:25,31.006,6.001,61.512,0.750,0.250,5120140,130968,187800,2570268,44768188.188,44761397.904,60.011,508.096,4.001,35.007,4064,7940,3.080,2.400,1.520,3,0,1.000,0,0,25,275,0,35,0
12-04 12:37:26,18.242,9.496,62.723,7.747,0.250,5059308,247208,186544,2518072,10979345.799,10970496.568,39.983,41790.197,2.999,953.594,4417,6084,3.080,2.400,1.520,3,0,151.935,0,0,25,272,0,38,0
12-04 12:37:27,13.750,16.250,67.501,0.750,0.500,5081172,225252,186548,2518160,17834.232,10792.140,44.001,364.005,4.000,28.000,3485,6026,2.910,2.380,1.520,3,0,335.004,0,0,25,272,0,38,0
12-04 12:37:28,22.263,2.501,72.291,0.500,0,5119808,186488,186572,2518244,27073.269,20163.372,0,428.242,0,52.029,2283,3702,2.910,2.380,1.520,0,0,2.001,0,0,25,276,1,38,0
12-04 12:37:29,3.248,0.749,92.936,0.500,0,5119192,187088,186576,2518240,15378.420,3701.453,0,527.637,0,35.975,1911,3060,2.910,2.380,1.520,0,0,0,0,0,25,277,0,38,0
12-04 12:37:30,13.773,12.020,72.869,1.002,0.250,5059888,246276,186580,2518336,28344.457,16661.308,0,2435.993,0,120.197,3125,5115,2.910,2.380,1.520,1,0,211.346,0,0,25,276,0,38,0
12-04 12:37:31,12.006,18.510,67.536,0,0,5058248,247832,186588,2518412,17907.616,9273.980,4.002,196.105,1.001,24.013,3683,6159,2.910,2.380,1.520,1,0,334.179,0,0,25,276,0,38,0
12-04 12:37:32,6.236,6.984,84.304,1.247,0.499,5058396,247584,186592,2518508,11864.463,2076.181,27.935,219.491,1.995,10.975,2366,3682,3,2.400,1.530,0,0,119.722,0,0,25,276,0,38,0
12-04 12:37:33,16.756,3.001,76.775,1.000,0.250,5092680,213264,186600,2518500,23287.685,14349.735,0,784.259,0,82.027,2284,3691,3,2.400,1.530,3,0,31.010,0,0,25,280,0,39,0
12-04 12:37:34,26.482,3.747,68.703,0.500,0,5119956,185780,186604,2518696,99116.304,92447.858,0,391.732,0,42.971,2738,4039,3,2.400,1.530,1,0,0,0,0,25,280,0,39,0
12-04 12:37:35,23.722,6.243,67.921,0.499,0.250,5062016,243500,186620,2518864,197904.233,186119.915,0,487.434,0,47.944,3190,5712,3,2.400,1.530,3,0,124.855,0,0,25,284,0,39,0
12-04 12:37:36,17.028,17.528,62.852,1.002,0,5060476,244700,186660,2519140,41964.024,13464.826,24.039,669.085,6.010,53.086,3510,5749,3,2.400,1.530,1,0,205.333,0,0,25,286,0,40,0
12-04 12:37:37,14.010,16.262,66.549,0.250,0.500,5060332,244352,186680,2519548,21402.795,14063.379,24.018,432.319,1.001,40.030,3473,5643,2.760,2.360,1.530,1,0,195.144,0,0,25,286,0,39,0
12-04 12:37:38,19.740,9.495,69.464,0.750,0.250,5096028,208472,186696,2519700,18844.333,11725.985,3.998,307.842,0.999,34.982,2563,4040,2.760,2.360,1.530,2,0,100.948,0,0,25,286,0,39,0
12-04 12:37:39,24.970,4.495,69.416,0,0,5137364,167136,186712,2519684,17926.220,7443.956,0,167.796,0,12.984,2012,2860,2.760,2.360,1.530,2,0,0.999,0,0,25,286,0,39,0
12-04 12:37:40,24.039,3.255,69.862,1.002,0.250,5182852,121428,186724,2519892,35018.134,26708.814,156.250,312.501,4.006,26.042,2014,3039,2.760,2.360,1.530,5,1,2.003,0,0,25,290,0,39,0
12-04 12:37:41,26.809,3.007,69.904,0.752,0,5098932,216464,186116,2510020,27282.267,18885.719,8.018,569.257,2.004,49.108,2332,3437,2.760,2.360,1.530,2,0,8.018,0,0,25,286,0,39,0
12-04 12:37:42,25.430,3.241,70.557,0,0.249,5141452,173908,186120,2510052,7922.348,1507.879,11.967,171.531,1.995,8.975,1900,2798,2.700,2.360,1.530,1,0,0,0,0,25,286,0,39,0
12-04 12:37:43,26.000,2.250,69.251,0.500,0,5176068,139236,186144,2510084,138869.361,128910.191,8.000,264.004,1.000,25.000,2592,4124,2.700,2.360,1.530,3,0,5.000,0,0,25,289,0,39,0
12-04 12:37:44,32.015,5.503,59.528,1.251,0.250,5087756,227316,186284,2510164,271095.330,261247.741,116.054,496.231,4.002,51.024,4203,8125,2.700,2.360,1.530,1,0,22.010,0,0,25,286,0,40,0
12-04 12:37:45,27.995,2.000,67.237,0,0.250,5130120,184860,186284,2510240,9471.172,2242.567,0,179.965,0,11.998,2052,2909,2.700,2.360,1.530,1,0,0,0,0,25,286,0,40,0
12-04 12:37:46,19.493,9.497,69.477,1.000,0,5069856,244196,186312,2511108,18086.887,7894.332,1131.618,539.818,15.995,28.990,2811,4472,2.700,2.360,1.530,2,0,136.954,0,0,25,286,0,40,0
12-04 12:37:47,11.752,17.752,67.009,1.500,0,5070068,243812,186364,2511228,19329.494,12660.633,124.016,452.058,16.002,35.005,3549,5889,2.480,2.320,1.520,0,1,353.046,0,0,25,286,0,40,0
12-04 12:37:48,18.753,5.251,70.509,4.751,0.250,5074104,238492,186384,2512492,27314.660,10403.394,1104.148,324.043,93.012,28.004,2513,4098,2.480,2.320,1.520,1,0,90.012,0,0,25,286,0,40,0
12-04 12:37:49,22.991,2.749,71.722,1.499,0,5095008,217032,186392,2513040,11761.425,4406.286,531.793,147.942,51.980,9.996,1875,2855,2.480,2.320,1.520,1,0,0,0,0,25,286,0,38,0
12-04 12:37:50,21.260,3.752,70.534,2.501,0.750,5103232,207364,186412,2514144,8433.115,1967.960,1040.508,316.154,120.059,15.007,2082,3182,2.480,2.320,1.520,2,0,4.002,0,0,25,286,0,38,0
12-04 12:37:51,22.746,3.749,69.238,2.750,0,5118748,191636,186444,2514304,22591.182,15376.401,147.975,239.959,14.997,29.995,2283,3518,2.480,2.320,1.520,2,0,3.999,0,0,25,286,0,31,0
12-04 12:37:52,21.253,6.251,66.760,3.000,0,5125092,182432,186444,2517164,8532.314,2019.311,3184.490,172.026,63.010,15.002,9178,18740,2.360,2.290,1.520,2,0,12.002,0,0,25,286,0,31,0
12-04 12:37:53,22.492,3.499,72.476,0.250,0,5105032,202096,186472,2517532,15246.908,7792.397,3.999,375.874,1.000,22.992,2028,3088,2.360,2.290,1.520,1,0,0,0,0,25,286,1,30,0
12-04 12:37:54,4.248,1.749,90.964,0.750,0.250,5104812,202064,186488,2517768,30762.818,13357.710,187.926,375.851,3.998,43.983,2343,3495,2.360,2.290,1.520,2,0,0,0,0,25,287,0,30,0
12-04 12:37:55,3.750,1.000,92.751,0.500,0,5105368,201496,186504,2517764,24993.250,3009.030,8.000,228.002,2.000,12.000,1888,2642,2.360,2.290,1.520,0,0,0,0,0,25,288,0,30,0
12-04 12:37:56,4.004,1.001,93.094,0.501,0,5105872,200992,186528,2517740,27517.931,8898.032,0,508.516,0,45.046,2120,3186,2.360,2.290,1.520,3,0,0,0,0,25,288,0,30,0
12-04 12:37:57,3.997,0.999,91.924,2.248,0.250,5105740,200960,186544,2517888,82765.884,13198.138,0,3333.257,0,398.672,2690,3111,2.170,2.260,1.510,0,0,0,0,0,25,288,0,30,0
12-04 12:37:58,12.252,1.250,84.017,0.750,0.500,5107388,198504,186632,2518608,83208.475,15710.111,0,612.121,0,40.008,2138,3298,2.170,2.260,1.510,1,0,0,0,0,25,288,0,28,0
12-04 12:37:59,4.249,0.750,93.469,0.250,0,5107832,197716,186656,2518928,332002.103,10059.700,0,255.916,0,11.996,1902,2708,2.170,2.260,1.510,0,0,0,0,0,25,288,0,28,0
12-04 12:38:00,11.779,2.005,84.211,0.251,0.251,5120860,178876,187032,2524344,567373.569,4373.944,0,1263.160,0,11.028,1911,2660,2.170,2.260,1.510,1,0,2.005,0,0,25,288,0,24,0
12-04 12:38:01,24.486,4.248,68.460,0.999,0,5122088,177528,187068,2524428,21495.404,10237.001,39.977,551.677,2.998,19.988,2131,3187,2.170,2.260,1.510,1,0,3.998,0,0,25,288,0,24,0
12-04 12:38:02,22.473,3.746,70.416,2.247,0.250,5125920,171260,187284,2526648,11053.846,1618.074,123.853,667.206,17.979,21.974,2122,3160,2.080,2.240,1.510,5,0,0,0,0,25,288,0,19,0
12-04 12:38:03,27.739,1.999,68.724,1.000,0,5110660,185760,187500,2527188,17342.358,11188.715,91.965,723.723,9.996,34.987,2507,3912,2.080,2.240,1.510,2,0,0,0,0,25,288,0,20,0
12-04 12:38:04,23.504,4.251,68.262,1.750,0.250,5113856,174484,188076,2534684,22786.010,15279.689,48.008,908.160,12.002,56.010,2475,3965,2.080,2.240,1.510,3,0,0,0,0,25,290,0,19,0
12-04 12:38:05,24.810,6.015,66.661,0.251,0,5137812,152972,188216,2532100,8567.717,1964.751,0,809.958,0,14.034,7813,16234,2.080,2.240,1.510,2,0,7.017,0,0,25,290,0,19,0
12-04 12:38:06,30.001,9.250,60.251,0.250,0.250,5178608,146740,186572,2501260,14730.265,8983.162,0,720.013,0,54.001,2320,3572,2.080,2.240,1.510,6,0,12.000,0,0,25,290,0,20,0
12-04 12:38:07,26.397,15.191,56.031,0.747,0.249,5107388,225780,186724,2493456,18855.220,11966.176,223.127,2143.612,7.969,199.220,3974,6240,2.070,2.230,1.510,2,0,305.803,0,0,25,288,0,20,0
12-04 12:38:08,46.433,9.287,43.421,0.251,0,5123136,210060,186772,2493404,19086.161,11615.743,514.024,405.597,4.016,41.162,2640,3789,2.070,2.230,1.510,2,0,8.032,0,0,25,288,0,18,0
12-04 12:38:09,44.896,6.984,47.140,0,0,5153960,179196,186776,2493424,230943.594,223359.243,255.406,219.489,1.995,12.970,3196,5052,2.070,2.230,1.510,2,0,4.988,0,0,25,292,0,19,0
12-04 12:38:10,28.991,7.748,62.730,0.250,0.250,5092688,240276,186792,2493596,117868.107,110396.446,379.881,163.949,2.999,9.997,2817,4403,2.070,2.230,1.510,1,0,114.964,0,0,25,288,0,20,0
12-04 12:38:11,25.754,4.501,69.261,0,0.500,5132268,200696,186804,2493584,22088.402,14844.286,0,208.032,0,25.004,2148,3035,2.070,2.230,1.510,2,0,2.000,0,0,25,289,0,20,0
12-04 12:38:12,23.246,5.749,69.237,0,0,5074596,258288,186828,2493640,189407.581,178426.634,0,375.930,0,21.996,2880,4999,2.150,2.240,1.520,2,0,70.987,0,0,25,288,0,20,0
12-04 12:38:13,26.751,2.500,70.254,0.250,0,5118828,214024,186844,2493656,19766.008,9470.483,0,204.010,0,24.001,2028,2856,2.150,2.240,1.520,2,0,1.000,0,0,25,288,0,20,0
12-04 12:38:14,26.257,3.001,66.768,0.750,0.250,5131972,200816,186896,2493668,238792.952,230817.782,0,484.132,0,59.016,3514,6275,2.150,2.240,1.520,4,0,0,0,0,25,290,0,20,0
12-04 12:38:15,24.034,4.757,70.100,0,0,5104404,228368,186900,2493680,49334.252,38550.896,0,160.228,0,10.014,2297,3425,2.150,2.240,1.520,2,0,58.083,0,0,25,288,0,20,0
12-04 12:38:16,31.773,6.004,61.043,0,0,5128872,203708,186920,2493852,83168.049,73772.378,0,264.188,0,25.018,3263,7239,2.150,2.240,1.520,1,0,34.024,0,0,25,289,0,20,0
12-04 12:38:17,24.946,5.488,67.853,0.499,0.499,5079824,252684,186956,2493888,195924.802,187943.043,0,482.957,0,38.916,3139,4946,2.060,2.220,1.520,1,0,27.940,0,0,25,288,0,22,0
12-04 12:38:18,25.488,3.748,69.966,0.250,0.250,5122616,209844,187000,2493892,27137.920,11362.523,0,299.855,0,36.982,2195,3166,2.060,2.220,1.520,1,0,1.000,0,0,25,288,0,22,0
12-04 12:38:19,26.757,2.501,68.519,0.750,0,5130132,202284,187028,2493904,281979.262,275528.495,0,380.104,0,47.013,3019,5561,2.060,2.220,1.520,2,0,0,0,0,25,289,0,23,0
12-04 12:38:20,23.304,5.763,69.913,0,0,5108544,223856,187036,2493912,12169.416,3452.061,0,188.440,0,13.030,2299,3433,2.060,2.220,1.520,1,0,49.115,0,0,25,288,0,23,0
12-04 12:38:21,26.000,3.000,69.750,0,0.250,5132652,199700,187068,2493928,94282.906,87423.913,0,244.000,0,24.000,2421,3733,2.060,2.220,1.520,1,0,2.000,0,0,25,288,0,23,0
12-04 12:38:22,25.188,4.738,69.330,0.249,0,5089912,242424,187088,2493924,175614.919,166449.366,0,299.267,0,17.956,2670,4289,2.050,2.220,1.520,2,0,28.929,0,0,25,288,0,24,0
12-04 12:38:23,25.996,3.749,69.240,0.500,0.500,5128060,204240,187104,2493944,17740.516,8686.784,0,247.965,0,26.996,2124,2867,2.050,2.220,1.520,2,0,0,0,0,25,288,0,24,0
12-04 12:38:24,27.750,2.000,67.000,0.750,0,5133604,198696,187156,2493892,284070.988,274496.921,0,616.004,0,68.000,4012,6621,2.050,2.220,1.520,5,0,0,0,0,25,288,0,24,0
12-04 12:38:25,24.070,6.018,68.449,0,0.251,5107980,224224,187156,2493988,11788.328,1860.418,0,212.619,0,10.029,2337,3577,2.050,2.220,1.520,2,0,90.263,0,0,25,288,0,24,0
12-04 12:38:26,28.935,4.490,66.849,0.249,0.249,5133520,198676,187156,2493996,102005.081,93274.759,0,279.370,0,22.948,2543,3960,2.050,2.220,1.520,5,0,0,0,0,25,289,0,16,2
12-04 12:38:27,23.215,6.241,64.903,2.496,0,5096784,235408,187168,2493988,164094.842,155747.314,0,4045.955,0,407.391,3295,4959,1.970,2.200,1.520,4,0,48.927,0,0,25,286,0,17,2
12-04 12:38:28,27.291,3.505,69.103,0.250,0.250,5132012,199992,187196,2494148,110266.297,98854.293,0,376.561,0,46.069,2725,4302,1.970,2.200,1.520,3,0,0,0,0,25,286,0,18,2
12-04 12:38:29,26.490,2.499,69.223,0.250,0.250,5076464,255540,187208,2494136,206433.078,195565.338,0,255.900,0,15.994,2560,4520,1.970,2.200,1.520,4,0,13.995,0,0,25,286,0,19,2
12-04 12:38:30,24.760,4.502,69.779,0,0,5126768,205192,187212,2494176,17755.422,8721.646,0,184.077,0,10.004,1961,2904,1.970,2.200,1.520,2,0,1.000,0,0,25,286,0,19,2
12-04 12:38:31,27.245,2.250,67.237,1.500,0,5134612,197348,187248,2494140,278752.250,270199.960,0,999.800,0,110.978,3600,6522,1.970,2.200,1.520,3,0,2.000,0,0,25,288,0,19,2
12-04 12:38:32,30.815,2.505,64.887,1.503,0.501,5086000,245384,187344,2494580,305489.026,288618.294,0,1286.725,0,158.335,3947,6480,2.050,2.210,1.520,2,0,5.011,0,0,25,288,0,20,2
12-04 12:38:33,25.507,4.251,69.768,0.500,0.250,5134408,196976,187356,2494568,21099.380,9240.356,0,432.110,0,28.007,2165,3032,2.050,2.210,1.520,3,0,1.000,0,0,25,288,0,21,2
12-04 12:38:34,26.651,3.736,66.753,0.498,0.249,5137036,193952,187388,2494932,341385.556,330822.618,23.912,677.495,2.989,81.698,3805,6619,2.050,2.210,1.520,1,0,0,0,0,25,290,0,21,2
12-04 12:38:35,30.533,2.503,65.321,2.252,0,5076848,253924,187448,2495084,451182.594,441957.502,0,1065.165,0,131.143,3774,6172,2.050,2.210,1.520,2,0,1.001,0,0,25,288,0,22,2
12-04 12:38:36,13.744,18.992,65.221,0.500,0,5077124,253468,187472,2495240,16897.616,9280.944,0,831.637,0,67.970,3813,6560,2.050,2.210,1.520,3,0,433.810,0,0,25,288,0,22,2
12-04 12:38:37,16.015,22.271,60.307,0.500,0,5077316,253208,187500,2495280,24419.979,12009.301,0,6053.697,0,167.157,4301,7070,2.040,2.210,1.530,2,0,461.434,0,0,25,288,0,22,2
12-04 12:38:38,13.757,20.011,64.785,0.750,0,5076292,254140,187544,2495328,18721.034,10796.787,0,744.399,0,51.027,3948,6855,2.040,2.210,1.530,2,0,458.246,0,0,25,288,0,22,2
12-04 12:38:39,11.507,20.513,65.291,0.250,1.001,5077068,253340,187556,2495340,24034.262,7032.466,0,296.188,0,23.015,3687,6070,2.040,2.210,1.530,2,0,435.276,0,0,25,288,0,22,2
12-04 12:38:40,11.235,20.473,65.165,0.499,0,5077280,252628,187688,2495708,11025.579,2526.695,0,4094.644,0,243.681,4289,7246,2.040,2.210,1.530,2,0,452.408,0,0,25,288,0,22,2
12-04 12:38:41,13.774,19.033,64.861,0.250,0,5077544,252196,187728,2495832,19794.909,11881.353,0,404.693,0,44.076,3878,6844,2.040,2.210,1.530,1,0,431.740,0,0,25,290,0,22,2
12-04 12:38:42,12.483,18.475,65.911,0.499,0,5076540,253144,187772,2495844,13970.057,5527.505,0,535.274,0,40.944,3756,6536,2.040,2.200,1.530,1,0,420.430,0,0,25,290,0,22,2
12-04 12:38:43,14.010,18.764,65.798,0.500,0.751,5077452,252196,187772,2495880,19212.102,11256.262,0,652.479,0,41.030,3769,6564,2.040,2.200,1.530,2,0,430.316,0,0,25,290,0,22,2
12-04 12:38:44,17.242,9.995,68.716,1.749,0.250,5088272,266752,187800,2471404,32402.155,22893.805,763.627,383.812,32.984,27.986,2980,4876,2.040,2.200,1.530,2,0,122.940,0,0,25,290,0,22,2
12-04 12:38:45,17.777,9.014,68.353,3.756,0,5107524,307944,188020,2417728,22381.707,5434.184,544.820,1874.823,59.089,40.060,3547,5960,2.040,2.200,1.530,4,0,8.012,0,0,25,290,0,21,2
12-04 12:38:46,27.682,8.729,60.851,0.748,0,5120416,280644,188444,2431728,161406.907,154185.628,223.452,1663.917,12.968,42.895,8912,18322,2.040,2.200,1.530,2,0,1.995,0,0,25,290,0,23,2
12-04 12:38:47,13.499,4.500,67.496,12.999,0,5122076,243768,188740,2466648,20415.714,12673.202,33329.900,703.956,287.982,29.998,2704,3588,1.960,2.180,1.530,2,0,4.000,0,0,25,290,0,23,2
12-04 12:38:48,17.508,1.251,78.788,0.500,0.500,5123228,242348,188780,2466876,20185.770,12354.980,128.062,432.209,1.000,40.019,2033,3237,1.960,2.180,1.530,1,0,0,0,0,25,291,0,23,2
12-04 12:38:49,3.997,0.749,93.686,0.250,0.250,5123228,242348,188784,2466872,17541.966,6102.813,0,147.899,0,9.993,1734,2686,1.960,2.180,1.530,0,0,0,0,0,25,291,0,23,2
12-04 12:38:50,6.751,1.250,88.759,1.250,0,5124692,240108,188832,2467296,12151.191,4125.404,208.020,732.072,5.000,35.003,1855,2806,1.960,2.180,1.530,1,0,0,0,0,25,291,0,23,2
12-04 12:38:51,8.250,1.000,88.254,0.500,0.250,5130544,233632,188872,2467864,16108.709,10370.456,0,624.027,0,25.001,1927,3109,1.960,2.180,1.530,3,0,2.000,0,0,25,291,0,23,2
12-04 12:38:52,12.737,1.748,82.166,0.999,0,5131624,227096,188928,2473264,12322.394,3630.286,35.963,327.665,8.991,13.986,1996,3103,1.880,2.160,1.520,0,0,0,0,0,25,291,0,23,2
12-04 12:38:53,10.510,1.501,87.084,1.001,0.250,5132100,226276,188968,2473564,18480.834,10133.779,0,560.541,0,33.032,1996,3038,1.880,2.160,1.520,0,0,0,0,0,25,291,0,23,2
12-04 12:38:54,7.749,1.250,88.491,1.000,0.250,5132276,225804,189016,2473812,18015.180,10083.982,0,467.953,0,28.997,2072,3174,1.880,2.160,1.520,1,0,0,0,0,25,291,0,23,2
12-04 12:38:55,6.750,1.500,89.495,1.750,0.250,5135988,220576,189060,2475284,12138.296,4135.760,707.959,543.968,5.000,26.998,1894,3030,1.880,2.160,1.520,0,0,0,0,0,25,291,0,23,2
12-04 12:38:56,7.249,0.750,88.742,1.250,0,5136548,219504,189100,2475756,18680.356,9899.129,219.981,891.922,3.000,53.995,2075,3250,1.880,2.160,1.520,0,0,0,0,0,25,291,0,23,2
12-04 12:38:57,7.751,1.500,88.014,1.250,0,5136656,219252,189152,2475848,24320.964,14260.324,0,552.090,0,38.006,2101,3268,1.730,2.130,1.520,1,0,0,0,0,25,291,0,23,2
12-04 12:38:58,10.006,1.001,83.798,4.252,0.250,5137532,217960,189204,2476212,32058.402,16285.348,204.117,6267.598,3.002,506.291,2539,3285,1.730,2.130,1.520,0,0,0,0,0,25,291,0,23,2
12-04 12:38:59,7.745,1.249,89.696,0.750,0.250,5138256,216984,189236,2476432,16198.265,4148.507,59.964,391.765,0.999,16.990,1788,2671,1.730,2.130,1.520,0,0,0,0,0,25,291,0,23,2
12-04 12:39:00,9.496,1.499,86.964,0.750,0,5141300,212416,189272,2477920,13523.401,4233.247,0,583.758,0,23.990,1764,2702,1.730,2.130,1.520,0,0,0,0,0,25,291,0,23,2
12-04 12:39:01,13.254,1.000,84.024,0.500,0,5144344,208840,189300,2478424,18565.254,11285.194,0,508.144,0,23.007,1995,3195,1.730,2.130,1.520,0,0,2.001,0,0,25,291,0,23,2
12-04 12:39:02,8.251,0.250,89.008,1.250,0.500,5144132,208636,189332,2478808,13595.183,4429.385,64.006,532.046,1.000,24.002,1751,2631,1.590,2.090,1.510,0,0,0,0,0,25,291,0,23,2
12-04 12:39:03,9.000,0.750,87.500,1.250,0,5144568,208100,189376,2478864,19980.020,11642.012,0,892.001,0,42.000,1895,3024,1.590,2.090,1.510,0,0,0,0,0,25,291,0,23,2
12-04 12:39:04,10.749,1.000,86.495,0.500,0.250,5146280,205548,189404,2479680,23706.530,14800.082,0,583.964,0,34.998,2222,3199,1.590,2.090,1.510,1,0,0,0,0,25,291,0,23,2
12-04 12:39:05,8.501,1.000,88.511,1.000,0,5146416,205140,189436,2479920,20048.546,10693.358,48.006,504.064,2.000,23.003,1825,2789,1.590,2.090,1.510,0,0,0,0,0,25,291,0,23,2
12-04 12:39:06,8.999,1.000,87.990,1.000,0.250,5147324,204004,189464,2480116,17488.024,10512.812,31.996,491.944,1.000,29.997,1997,3093,1.590,2.090,1.510,0,0,0,0,0,25,291,0,24,2
12-04 12:39:07,23.762,7.003,68.533,0.500,0,5175352,175528,189480,2480548,23546.467,13600.624,0,704.343,0,43.021,2650,4099,1.540,2.070,1.500,2,0,7.003,0,0,25,291,0,22,2
12-04 12:39:08,32.744,5.499,59.240,1.250,0.250,5203232,147676,189496,2480484,20880.409,15170.391,531.909,523.910,5.999,41.993,2520,3822,1.540,2.070,1.500,2,0,4.999,0,0,25,291,0,22,2
12-04 12:39:09,33.010,6.002,59.018,1.000,0.500,5174580,175756,189500,2481052,11103.453,3370.048,672.209,532.166,5.002,17.005,2081,2952,1.540,2.070,1.500,2,0,7.002,0,0,25,291,0,22,2
12-04 12:39:10,27.984,3.998,64.213,2.249,0,5157432,188908,189536,2484996,32175.403,11271.485,255.852,1319.237,1.999,44.974,2240,2974,1.540,2.070,1.500,3,1,0.999,0,0,25,291,0,22,2
12-04 12:39:11,19.508,3.751,69.277,5.752,0,5162420,167352,189756,2501344,23336.241,8975.554,0,1700.673,0,95.038,2452,3660,1.540,2.070,1.500,2,0,2.001,0,0,25,291,0,20,2
12-04 12:39:12,19.758,5.502,69.779,3.501,0.500,5162308,160984,190124,2507456,22211.240,1855.772,0,1744.726,0,59.025,2198,3098,1.500,2.060,1.500,1,0,0,0,0,25,291,0,20,2
12-04 12:39:13,19.495,3.749,70.482,5.249,0,5164692,146824,190724,2518616,18421.358,10115.451,43.989,2611.342,1.999,130.967,2515,3799,1.500,2.060,1.500,1,0,0,0,0,25,291,0,20,2
12-04 12:39:14,22.749,5.000,69.247,1.750,0.250,5164412,124836,191184,2540420,20167.032,8575.588,0,1955.906,0,78.996,2396,3250,1.500,2.060,1.500,2,0,0,0,0,25,291,0,20,2
12-04 12:39:15,19.750,4.750,69.500,5.000,0,5094176,212184,191048,2524424,11828.929,2602.984,11347.932,1383.992,101.999,42.000,2231,3032,1.500,2.060,1.500,1,1,2.000,0,0,25,290,0,20,2
12-04 12:39:16,27.986,9.745,60.719,1.249,0,5139524,165384,191052,2525876,20792.354,9939.911,831.574,679.652,6.996,36.981,3442,9232,1.500,2.060,1.500,1,0,41.979,0,0,25,290,0,21,2
12-04 12:39:17,26.080,6.771,65.451,0.251,0.251,5127000,176864,191052,2526916,21402.663,13220.561,0,1404.308,0,33.102,8237,17260,1.540,2.060,1.500,1,0,12.037,0,0,25,290,0,18,2
12-04 12:39:18,27.737,2.499,68.467,0.750,0.250,5144176,159540,191072,2527044,16667.916,11195.570,0,17195.660,0,193.906,2342,3258,1.540,2.060,1.500,2,0,1.999,0,0,25,290,0,18,2
12-04 12:39:19,23.953,7.236,65.871,0.499,0,5151668,152060,191080,2527096,12710.037,4401.356,0,702.620,0,15.969,7793,17342,1.540,2.060,1.500,2,0,11.976,0,0,25,290,0,18,2
12-04 12:39:20,25.257,2.751,70.020,0.250,0.250,5119816,183852,191080,2527156,9463.650,1967.551,0,380.106,0,17.005,1925,2634,1.540,2.060,1.500,2,0,3.001,0,0,25,290,0,18,2
12-04 12:39:21,24.733,4.747,69.452,0,0,5105452,198312,191096,2527044,16351.587,9079.662,0,231.838,0,21.985,2595,3860,1.540,2.060,1.500,4,0,53.962,0,0,25,290,0,17,2
12-04 12:39:22,27.254,5.251,66.009,0,0.250,5119848,183896,191096,2527064,9527.315,1859.257,0,204.028,0,11.002,7302,15173,1.580,2.050,1.510,1,0,8.001,0,0,25,290,0,17,2
12-04 12:39:23,25.749,7.250,66.497,0,0.250,5147824,155876,191120,2527084,17984.299,8201.680,0,275.989,0,27.999,7100,14983,1.580,2.050,1.510,1,0,14.999,0,0,25,290,0,17,2
12-04 12:39:24,24.254,6.751,66.760,0.250,0.250,5148552,154988,191148,2527216,17016.518,8845.309,0,512.076,0,30.004,6549,13155,1.580,2.050,1.510,2,0,9.001,0,0,25,290,0,15,2
12-04 12:39:25,24.565,4.011,69.936,0.251,0,5128708,174820,191160,2527216,8603.921,1624.327,0,284.759,0,15.040,3345,6372,1.580,2.050,1.510,1,0,8.021,0,0,25,290,0,15,2
12-04 12:39:26,23.439,5.735,69.569,0.249,0,5110024,193556,191180,2527128,15096.658,6194.856,0,434.867,0,32.914,2182,3216,1.580,2.050,1.510,2,0,8.977,0,0,25,290,0,14,2
12-04 12:39:27,25.795,3.256,70.121,0,0,5127180,176400,191184,2527124,17529.255,10411.971,0,252.436,0,20.035,2097,3032,1.530,2.040,1.500,3,0,4.007,0,0,25,290,0,14,2
12-04 12:39:28,26.455,3.494,65.887,2.745,0.749,5081344,222148,191228,2527168,22487.546,16098.472,0,2012.559,0,316.459,2957,4119,1.530,2.040,1.500,1,0,17.969,0,0,25,290,0,12,1
12-04 12:39:29,23.803,4.510,70.407,0.251,0.251,5107968,195612,191236,2527160,14750.880,1623.619,0,4610.276,0,190.424,2790,3673,1.530,2.040,1.500,2,0,81.181,0,0,25,290,0,12,1
12-04 12:39:30,21.949,7.981,68.091,0.249,0,5110884,179256,191668,2540172,17917.271,9106.790,0,997.676,0,18.956,7191,14192,1.530,2.040,1.500,1,0,7.981,0,0,25,290,0,10,1
12-04 12:39:31,24.246,4.999,69.737,0,0,5126516,160648,191832,2542984,26649.070,9614.221,0,899.834,0,16.997,2146,3240,1.530,2.040,1.500,1,0,5.999,0,0,25,290,0,10,1
12-04 12:39:32,10.507,1.501,86.306,0,0,5126876,160112,191860,2543132,11076.222,2452.599,0,252.164,0,11.007,1776,2842,1.490,2.020,1.500,1,0,0,0,0,25,291,0,10,1
12-04 12:39:33,4.746,0.999,92.176,0.250,0,5128348,158600,191868,2543164,20341.584,11574.659,0,267.784,0,27.977,1827,2959,1.490,2.020,1.500,0,0,0,0,0,25,291,0,11,1
12-04 12:39:34,8.748,1.750,87.483,1.500,0.500,5130024,156616,191888,2543452,21291.806,14135.215,0,535.894,0,33.993,2099,3433,1.490,2.020,1.500,0,0,0,0,0,25,291,0,9,1
12-04 12:39:35,13.984,0.749,83.405,0.499,0.499,5136140,149952,191900,2543968,15703.098,3917.534,0,611.303,0,17.980,1789,2695,1.490,2.020,1.500,1,0,0,0,0,25,291,0,9,1
12-04 12:39:36,10.517,2.003,84.640,0.751,0,5135360,145164,191920,2549516,17498.873,10562.428,0,757.249,0,50.083,2068,3251,1.490,2.020,1.500,1,0,0,0,0,25,291,0,8,1
12-04 12:39:37,11.254,3.501,81.275,0.750,0,5136520,154236,191748,2539828,23280.287,16785.254,0,620.194,0,49.015,2166,3435,1.370,1.990,1.490,0,0,0,0,0,25,291,0,8,1
12-04 12:39:38,7.494,0.500,88.434,1.249,0.250,5136052,154468,191800,2540012,18264.411,13040.298,0,547.593,0,42.968,2006,3332,1.370,1.990,1.490,0,0,0,0,0,25,291,0,7,1
12-04 12:39:39,7.503,1.000,89.533,0.750,0,5140040,149712,191824,2540756,14873.518,5300.967,0,464.172,0,19.007,1740,2696,1.370,1.990,1.490,5,0,0,0,0,25,291,0,7,1
12-04 12:39:40,6.749,1.500,89.736,1.000,0.250,5140456,148956,191852,2541068,11588.204,5687.118,0,599.907,0,25.996,1763,2676,1.370,1.990,1.490,0,0,0,0,0,25,291,0,7,1
12-04 12:39:41,8.000,1.250,88.497,0.750,0.250,5140860,148452,191908,2541112,38146.665,10329.638,0,427.985,0,24.999,1991,2914,1.370,1.990,1.490,0,0,2.000,0,0,25,291,1,7,1
12-04 12:39:42,3.000,0.750,93.758,0,0.250,5140820,148452,191924,2541136,19382.609,9549.793,0,208.017,0,11.001,1785,2817,1.260,1.950,1.480,0,0,0,0,0,25,292,0,7,1
12-04 12:39:43,4.749,0.750,93.473,0.250,0,5140732,148516,191944,2541140,50480.209,10503.922,0,135.960,0,11.996,1864,3042,1.260,1.950,1.480,0,0,1.000,0,0,25,292,0,7,1
12-04 12:39:44,3.498,1.749,90.699,0.250,0.250,5140832,148136,191964,2541396,144614.161,10446.161,0,44786.964,0,159.911,2261,3135,1.260,1.950,1.480,0,0,0,0,0,25,292,0,7,1
12-04 12:39:45,5.004,1.001,93.334,0,0.250,5140176,148072,191964,2542116,377570.926,10580.470,0,0,0,0,1840,2708,1.260,1.950,1.480,0,0,0,0,0,25,292,0,7,1
12-04 12:39:46,6.999,2.000,89.735,0.500,0.250,5141108,145960,192004,2543256,623124.054,26677.678,0,1455.764,0,26.996,2313,3401,1.260,1.950,1.480,0,0,0,0,0,25,292,0,7,1
12-04 12:39:47,8.000,1.500,87.503,0.750,0.250,5141280,145016,192096,2543936,424935.598,21542.689,0,616.020,0,38.001,2440,3577,1.160,1.920,1.480,0,0,2.000,0,0,25,292,0,7,1
12-04 12:39:48,11.005,2.501,83.789,0.250,0,5141088,141100,192128,2548008,2179884.106,132748.330,0,328.152,0,33.015,4362,6090,1.160,1.920,1.480,0,0,0,0,0,25,292,0,7,1
12-04 12:39:49,5.747,1.499,88.958,1.249,0.250,5146268,134204,192200,2549644,913403.527,15498.747,0,22849.307,0,66.969,2333,2810,1.160,1.920,1.480,0,0,0,0,0,25,292,0,7,1
12-04 12:39:50,9.003,2.251,88.033,0.750,0.250,5146160,133648,192236,2549920,10399.942,4279.622,0,440.167,0,16.006,1764,2566,1.160,1.920,1.480,2,0,0,0,0,25,292,0,7,1
12-04 12:39:51,8.497,1.000,87.973,1.000,0.250,5147244,132452,192268,2550000,20677.549,12718.032,0,631.803,0,47.985,2065,3255,1.160,1.920,1.480,0,0,1.999,0,0,25,292,0,7,1
12-04 12:39:52,9.000,1.000,87.498,0.750,0,5148180,130468,192296,2551016,12100.673,4507.878,0,535.986,0,22.999,1813,2775,1.140,1.900,1.470,2,0,0,0,0,25,292,0,7,1
12-04 12:39:53,15.997,1.000,80.487,1.000,0,5151248,126468,192312,2551932,15550.496,10665.283,0,459.926,0,26.996,1968,3067,1.140,1.900,1.470,0,0,0,0,0,25,292,0,7,1
12-04 12:39:54,9.000,1.000,87.499,1.250,0.500,5151396,126152,192336,2552076,19413.786,10315.887,0,719.992,0,42.000,2180,3597,1.140,1.900,1.470,1,0,0,0,0,25,292,0,7,1
12-04 12:39:55,6.250,0.750,89.495,0.750,0.250,5151592,125680,192348,2552340,22633.642,5732.656,0,403.976,0,20.999,1767,2837,1.140,1.900,1.470,0,1,0,0,0,25,292,0,7,1
12-04 12:39:56,10.252,1.500,86.270,1.000,0,5153036,123916,192380,2552628,16410.840,9952.329,0,524.123,0,36.008,1839,3012,1.140,1.900,1.470,0,0,0,0,0,25,292,0,7,1
12-04 12:39:57,8.250,1.250,87.754,0.750,0.250,5154392,121900,192404,2553264,23083.108,12989.624,0,460.022,0,23.001,1946,3062,1.050,1.870,1.460,0,0,0,0,0,25,292,0,7,1
12-04 12:39:58,9.249,0.750,86.493,1.000,0,5154988,121144,192456,2553372,26661.840,18502.501,0,723.941,0,61.995,2220,3632,1.050,1.870,1.460,0,0,0,0,0,25,292,0,7,1
12-04 12:39:59,10.258,1.001,86.064,1.001,0.250,5158884,128212,192280,2543368,66622.567,5719.255,0,5019.735,0,422.314,2152,2642,1.050,1.870,1.460,1,0,0,0,0,25,292,0,7,1
12-04 12:40:00,14.740,1.749,81.947,0.750,0,5161868,123928,192332,2544616,628107.986,25604.408,0,1075.303,0,18.988,2213,2851,1.050,1.870,1.460,0,0,0.999,0,0,25,292,0,7,1
12-04 12:40:01,5.248,1.250,90.474,0.500,0.500,5161876,123644,192388,2544836,227511.932,16900.167,0,535.847,0,24.993,2067,3210,1.050,1.870,1.460,0,0,3.999,0,0,25,292,0,7,1
12-04 12:40:02,7.247,3.249,86.463,0,0,5159652,129488,192196,2541888,4078987.430,60569.258,0,223.905,0,10.995,4273,4277,1.050,1.860,1.460,0,0,0,0,0,25,292,0,7,1
12-04 12:40:03,10.505,5.753,82.042,0.250,0.250,5167036,170044,192000,2495940,4606751.837,71512.400,0,236.120,0,20.010,5063,4832,1.050,1.860,1.460,1,0,14.007,0,0,25,292,0,8,1
12-04 12:40:04,8.231,2.245,86.051,0.998,0,5168920,164656,192048,2499416,1745272.204,34425.237,0,10352.014,0,62.854,3120,3503,1.050,1.860,1.460,2,0,0,0,0,25,292,0,7,1
12-04 12:40:05,4.769,1.757,89.610,1.255,0,5168144,164092,192108,2500688,712178.685,12919.860,4.016,17642.818,1.004,77.310,2240,2876,1.050,1.860,1.460,1,0,2.008,0,0,25,292,0,7,1
12-04 12:40:06,5.244,1.998,90.142,0.999,0.250,5162816,169140,192196,2500880,135344.316,13599.653,0,819.016,0,36.956,2068,3275,1.050,1.860,1.460,2,0,0.999,0,0,25,292,0,8,1
12-04 12:40:07,15.488,5.995,73.941,1.499,0.500,5183132,160332,192052,2489856,140838.906,18769.928,67.945,763.387,4.996,52.957,2614,4027,0.960,1.830,1.450,7,0,7.994,0,0,25,292,0,7,1
12-04 12:40:08,27.017,6.754,64.540,1.001,0.250,5193540,147436,192136,2492304,1361763.379,38817.183,256.160,1929.202,2.001,46.029,3789,4637,0.960,1.830,1.450,1,0,6.004,0,0,25,292,0,7,1
12-04 12:40:09,25.003,7.751,66.008,0.250,0,5167608,174004,192204,2491592,143811.120,7184.905,512.065,580.073,4.001,18.002,2429,3313,0.960,1.830,1.450,1,0,8.001,0,0,25,292,0,7,1
12-04 12:40:10,13.527,3.006,81.662,0.501,0,5159648,181776,192292,2491836,133307.081,17229.131,256.508,8128.102,2.004,41.081,2071,2881,0.960,1.830,1.450,1,0,3.006,0,0,25,292,0,7,1
12-04 12:40:11,8.481,1.247,87.804,0.249,0.249,5160112,181312,192328,2491800,25400.383,10597.378,0,383.146,0,26.940,2021,3216,0.960,1.830,1.450,2,0,1.996,0,0,25,292,0,7,1
12-04 12:40:12,10.747,1.000,86.477,0.250,0,5160616,180548,192372,2492016,57971.580,6543.259,0,515.863,0,21.994,1825,2812,0.890,1.800,1.450,3,0,0,0,0,25,292,0,7,1
12-04 12:40:13,10.508,1.251,86.064,1.251,0.751,5160492,180580,192412,2492068,47755.291,13791.192,0,456.337,0,28.021,2097,3153,0.890,1.800,1.450,0,0,0,0,0,25,292,0,7,1
12-04 12:40:14,14.740,0.750,80.948,0.999,0,5161488,179216,192436,2492412,18748.888,9013.177,0,731.527,0,41.973,2028,2992,0.890,1.800,1.450,1,0,0,0,0,25,292,0,7,1
12-04 12:40:15,23.502,3.000,70.505,1.000,0,5162600,173272,192748,2496932,10788.820,1886.143,0,1820.138,0,33.003,1885,2801,0.890,1.800,1.450,1,0,0,0,0,25,292,0,7,1
12-04 12:40:16,24.077,9.280,61.446,4.765,0,5161704,153616,195576,2514656,16406.336,8913.434,0,5196.577,0,137.438,3168,10276,0.890,1.800,1.450,1,0,34.109,0,0,25,292,0,8,1
12-04 12:40:17,23.429,5.733,69.290,0.748,0.498,5171744,155444,195464,2504136,26400.061,11584.921,0,1008.945,0,40.876,2096,3213,0.900,1.780,1.440,0,1,0.997,0,0,25,292,0,7,1
12-04 12:40:18,18.266,5.254,68.809,5.505,0,5170476,149980,196100,2510288,18911.093,12770.868,0,2181.857,0,93.079,2397,3697,0.900,1.780,1.440,1,0,0,0,0,25,292,0,7,1
12-04 12:40:19,21.229,5.245,70.680,2.997,0.500,5168288,124412,196688,2537432,16756.461,11064.080,0,1282.734,0,58.942,2008,3028,0.900,1.780,1.440,2,0,0,0,0,25,292,0,7,1
12-04 12:40:20,22.928,3.988,69.034,1.246,0,5168972,143948,197176,2518096,14181.597,1960.861,0,5239.595,0,83.738,2095,3106,0.900,1.780,1.440,1,0,0,0,0,25,292,0,7,1
12-04 12:40:21,23.321,6.520,69.461,0.502,0,5171468,141404,198028,2517940,15619.452,7825.775,0,2355.155,0,59.180,2202,3446,0.900,1.780,1.440,2,0,2.006,0,0,25,292,0,7,1
12-04 12:40:22,22.000,3.750,69.751,3.000,0.250,5169988,120532,198644,2539672,10474.094,4510.041,12.000,1760.016,3.000,60.001,1959,3041,0.980,1.790,1.450,1,0,0,0,0,25,292,0,7,1
12-04 12:40:23,18.503,4.251,74.514,1.500,0,5171244,132472,198256,2527852,14992.789,7687.430,48.009,2020.376,9.002,71.013,2245,3413,0.980,1.790,1.450,0,0,1.000,0,0,25,292,1,7,1
12-04 12:40:24,4.250,1.500,91.996,0.750,0,5171352,132196,198268,2528004,31762.571,9985.551,0,391.982,0,37.998,2114,3191,0.980,1.790,1.450,0,0,0,0,0,25,293,0,7,1
12-04 12:40:25,14.273,1.753,81.634,0.751,0.250,5173284,159160,198272,2499104,17052.967,2843.664,16.026,2788.573,4.007,15.025,1813,2560,0.980,1.790,1.450,1,0,0,0,0,25,290,0,7,1
12-04 12:40:26,22.646,6.470,69.182,0.249,0.498,5130780,201480,198292,2499320,19217.637,7032.664,39.817,756.522,8.959,32.849,2202,3161,0.980,1.790,1.450,1,0,7.963,0,0,25,290,0,7,1
12-04 12:40:27,25.830,7.022,65.203,0.502,0,5155864,174700,198308,2500992,19130.573,11714.479,104.325,999.111,4.012,20.062,7558,16862,0.990,1.770,1.440,2,0,6.019,0,0,25,290,0,7,1
12-04 12:40:28,24.250,5.250,69.249,0.250,0,5159812,170836,198320,2501024,20408.592,12659.747,0,2075.958,0,32.999,2274,3336,0.990,1.770,1.440,1,0,7.000,0,0,25,290,0,7,1
12-04 12:40:29,27.024,1.001,70.311,0,0.250,5135664,194872,198320,2501136,14070.269,2260.972,0,328.286,0,3.003,1826,2553,0.990,1.770,1.440,1,0,1.001,0,0,25,290,0,7,1
12-04 12:40:30,26.474,6.494,64.686,1.249,0.250,5162108,168392,198328,2501164,24671.698,9301.838,0,10893.270,0,408.598,8483,17082,0.990,1.770,1.440,1,0,12.987,0,0,25,290,0,7,1
12-04 12:40:31,25.254,4.751,69.012,0.500,0,5127964,202624,198340,2501192,18666.248,12022.092,0,376.065,0,29.005,2062,3305,0.990,1.770,1.440,1,0,2.000,0,0,25,290,0,7,1
12-04 12:40:32,22.994,4.999,69.982,0.250,0,5096812,233812,198344,2501152,9633.543,2892.262,0,295.925,0,15.996,1928,2849,0.990,1.760,1.440,1,0,7.998,0,0,25,290,0,7,1
12-04 12:40:33,23.277,4.255,69.582,1.251,0.250,5127808,200240,198592,2503480,17429.515,10646.531,76.090,1001.178,1.001,23.027,1946,2985,0.990,1.760,1.440,2,0,1.001,0,0,25,290,0,7,1
12-04 12:40:34,24.983,3.498,66.455,1.749,0.250,5133176,193804,198704,2504436,344126.091,335609.806,487.673,2238.498,10.993,106.928,4404,7831,0.990,1.760,1.440,2,0,0,0,0,25,312,0,8,1
12-04 12:40:35,29.556,3.006,65.625,1.252,0,5133608,193008,198780,2504704,539929.806,533258.056,0,1366.612,0,207.396,4404,8386,0.990,1.760,1.440,1,0,0,0,0,25,314,0,15,1
12-04 12:40:36,17.968,13.226,64.385,2.246,0,5083944,242508,198852,2504780,118475.114,111897.822,127.773,818.543,0.998,109.805,4059,7426,0.990,1.760,1.440,3,0,236.579,0,0,25,312,0,17,1
12-04 12:40:37,12.245,12.995,65.475,5.998,0.750,5075796,246272,198900,2509116,30974.199,24458.681,4138.423,403.846,45.982,39.985,3343,5434,0.910,1.730,1.430,1,0,203.922,0,0,25,312,0,18,1
12-04 12:40:38,27.043,8.514,52.333,13.021,0,5068188,236768,198952,2526152,263314.881,257165.121,17035.035,901.431,1193.895,66.105,4936,7170,0.910,1.730,1.430,1,0,10.016,0,0,25,312,0,18,1
12-04 12:40:39,6.486,3.243,82.576,5.738,0.249,5070040,229444,199088,2531492,11644.512,2104.574,5464.508,997.901,720.485,11.975,2624,4247,0.910,1.730,1.430,0,0,4.990,0,0,25,313,0,18,1
12-04 12:40:40,4.500,1.750,85.991,6.499,0,5075140,222584,199156,2533184,25004.300,4708.491,1299.860,3751.595,214.977,222.976,2865,4182,0.910,1.730,1.430,0,0,0,0,0,25,313,0,18,1
12-04 12:40:41,2.750,1.000,93.261,0.250,0,5075108,222616,199160,2533180,60043.145,9023.074,0,188.022,0,27.003,1985,3329,0.910,1.730,1.430,1,0,2.000,0,0,25,313,0,18,1
12-04 12:40:42,3.007,1.754,93.478,0,0.501,5076376,221324,199164,2533200,913083.445,22407.540,0,252.615,0,16.039,2232,2797,0.920,1.720,1.430,1,0,0,0,0,25,313,0,18,1
12-04 12:40:43,9.230,2.495,85.566,1.247,0.249,5107884,188192,199172,2534816,5259247.359,76557.325,1548.669,99.785,13.970,15.966,6389,5689,0.920,1.720,1.430,0,1,0.998,0,0,25,313,0,18,1
12-04 12:40:44,13.507,5.253,78.539,1.000,0,5150220,145016,199176,2535652,16516.192,10103.011,896.445,112.056,14.007,18.009,3604,6180,0.920,1.720,1.430,0,0,0,0,0,25,313,0,18,1
12-04 12:40:45,16.752,3.250,75.511,3.250,0,5081076,213520,199212,2536256,34578.841,7604.065,356.050,4944.692,11.002,71.010,2092,3048,0.920,1.720,1.430,1,0,16.002,0,0,25,312,0,18,1
12-04 12:40:46,21.794,7.766,67.886,2.004,0,5082420,210140,199228,2538272,16173.395,9580.189,196.393,1102.208,7.014,80.161,3881,6651,0.920,1.720,1.430,1,0,54.108,0,0,25,312,0,18,1
12-04 12:40:47,26.168,3.240,68.285,0.748,0.249,5103228,188692,199736,2538404,35963.714,28696.606,482.480,330.957,13.956,31.900,2146,3337,1,1.720,1.430,2,0,0.997,0,0,25,312,0,18,1
12-04 12:40:48,15.014,7.007,69.065,8.758,0.751,5102752,146308,200904,2579708,23680.402,14893.089,14165.400,1925.822,639.605,56.053,3271,4931,1,1.720,1.430,2,0,3.003,0,0,25,312,0,18,1
12-04 12:40:49,15.333,15.333,61.826,7.666,0,5105196,124404,195768,2607972,156115.343,148964.289,36881.986,2939.954,2860.817,18.795,6338,7656,1,1.720,1.430,1,1,2.968,0,0,25,312,0,20,1
12-04 12:40:50,5.054,15.668,48.266,29.819,0,5106488,126740,190132,2614112,8341.209,1637.513,37472.771,329896.240,2781.751,1252.394,6779,4065,1,1.720,1.430,2,1,1.011,0,0,25,312,0,18,1
12-04 12:40:51,5.748,2.499,61.224,27.489,0,5106144,119844,190420,2621744,26609.877,10157.754,1935.191,651.728,211.911,20.991,2276,3413,1,1.720,1.430,0,1,1.999,0,0,25,312,0,18,1
12-04 12:40:52,5.248,2.999,69.975,21.492,0.250,5105840,128712,190036,2613804,9862.459,1966.294,935.664,895.678,232.916,33.988,2389,3248,1,1.710,1.430,1,0,0,0,0,25,312,0,18,1
12-04 12:40:53,23.813,6.517,64.923,3.008,0,5128336,121576,189252,2600324,16903.931,9302.727,320.853,385.023,51.136,24.064,9849,20385,1,1.710,1.430,2,0,6.016,0,0,25,312,0,18,1
12-04 12:40:54,25.194,4.490,68.599,0,0.499,5107580,142292,189272,2600424,16976.584,7595.260,11.974,650.566,0.998,12.971,4532,7875,1,1.710,1.430,1,0,7.982,0,0,25,312,0,18,1
12-04 12:40:55,24.996,4.499,70.489,0,0,5122900,126948,189296,2600424,21928.711,1511.773,0,0,0,0,1936,2434,1,1.710,1.430,1,0,2.000,0,0,25,312,0,18,1
12-04 12:40:56,28.247,7.499,63.743,0.500,0,5130200,129620,188936,2591004,21713.612,12772.595,0,1159.872,0,59.993,10219,23433,1,1.710,1.430,1,0,4.999,0,0,25,312,0,18,1
12-04 12:40:57,26.080,9.529,61.437,1.254,0.251,5151728,239876,189336,2463144,21749.314,10425.788,120.367,1721.248,20.061,24.073,3852,6133,1,1.700,1.430,3,0,8.024,0,0,25,312,0,18,1
12-04 12:40:58,31.489,9.497,57.481,0.500,0.250,5135424,254268,189560,2464944,23066.227,13661.396,15.995,1207.593,1.000,40.986,17350,36322,1,1.700,1.430,2,0,3.999,0,0,25,312,0,18,1
12-04 12:40:59,28.253,9.001,61.007,0,0,5150712,213076,190528,2489064,16667.850,7371.818,8.001,1188.132,1.000,16.002,18230,39373,1,1.700,1.430,1,0,1.000,0,0,25,312,0,18,1
12-04 12:41:00,26.688,3.991,67.593,0,0,5150936,201980,190904,2499048,8801.563,1616.247,3.991,0,0.998,0,3477,5810,1,1.700,1.430,1,0,0,0,0,25,312,0,18,1
12-04 12:41:01,23.244,5.498,69.481,0.500,0,5111620,242564,191408,2497516,15666.692,9303.442,3.999,1779.511,1.000,29.992,2357,3708,1,1.700,1.430,1,0,1.999,0,0,25,312,0,18,1
12-04 12:41:02,23.023,5.255,70.822,0,0.501,5116924,228216,191600,2505488,9675.831,1969.001,0,1605.631,0,13.013,1875,2657,1,1.690,1.430,2,0,0,0,0,25,312,0,18,1
12-04 12:41:03,23.724,5.244,69.175,0.250,0,5121252,220020,191668,2508936,17753.631,9227.932,0,707.228,0,16.981,2007,2975,1,1.690,1.430,1,0,0,0,0,25,312,0,19,1
12-04 12:41:04,26.262,3.502,69.032,0.500,0,5123460,212572,191752,2513896,21282.726,11731.361,0,816.373,0,37.017,2317,3435,1,1.690,1.430,1,0,0,0,0,25,312,0,18,1
12-04 12:41:05,24.999,4.000,70.998,0,0,5119808,209616,192040,2519864,10434.750,1619.961,0,387.991,0,5.000,1847,2660,1,1.690,1.430,1,0,0,0,0,25,312,0,18,1
12-04 12:41:06,22.045,9.770,67.637,1.002,0.251,5118204,163368,194004,2563084,17554.478,9999.208,0,3238.545,0,62.126,2391,3535,1,1.690,1.430,1,0,0,0,0,25,312,0,19,1
12-04 12:41:07,24.241,14.494,60.976,0.250,0,5102812,475576,194592,2270492,29142.722,13086.935,0,4366.310,0,37.985,2317,3333,1,1.670,1.430,3,0,5.998,0,0,25,312,0,19,1
12-04 12:41:08,50.193,11.487,36.209,0,0.250,5110664,467140,194632,2271044,19179.097,10557.943,511.416,351.598,3.995,40.953,8938,22365,1,1.670,1.430,2,0,16.981,0,0,25,312,0,18,1
12-04 12:41:09,50.603,14.279,33.318,0,0.251,5147636,430364,194648,2270816,11684.814,2321.732,256.523,160.327,2.004,12.025,25499,52293,1,1.670,1.430,4,0,10.020,0,0,25,312,0,18,1
12-04 12:41:10,27.973,10.240,61.440,0.500,0.250,5112996,437024,194692,2298752,18170.338,11267.048,259.748,1506.536,2.997,26.974,10267,20623,1,1.670,1.430,2,0,7.992,0,0,25,312,0,18,1
12-04 12:41:11,20.757,8.753,70.025,0,0,5111944,409708,194708,2327104,16147.652,7898.765,0,2112.739,0,19.007,2090,3064,1,1.670,1.430,3,0,2.001,0,0,25,312,0,18,1
12-04 12:41:12,23.467,5.243,69.402,0,0,5115116,398344,194720,2335284,20714.896,12387.595,0,1849.402,0,27.961,1991,3074,1,1.660,1.420,2,0,0,0,0,25,312,0,18,1
12-04 12:41:13,24.985,3.498,69.959,0.250,0.250,5115016,393100,194728,2340428,16772.121,9088.647,0,607.642,0,13.992,2011,3127,1,1.660,1.420,1,0,0,0,0,25,312,0,18,1
12-04 12:41:14,25.557,3.508,69.154,0.251,0.251,5116124,385252,194744,2346672,15983.531,7889.538,0,902.005,0,22.049,2221,3019,1,1.660,1.420,1,0,0,0,0,25,312,0,18,1
12-04 12:41:15,23.179,6.480,68.789,0.249,0,4848056,647740,194952,2351448,13778.809,3211.167,99.695,11.963,1.994,2.991,2109,3294,1,1.660,1.420,3,0,16.948,0,0,25,299,0,22,1
12-04 12:41:16,50.417,10.786,37.374,0.502,0,4762056,733688,194976,2351124,19317.075,10424.578,0,1846.124,0,66.220,3619,8606,1,1.660,1.420,4,1,60.200,0,0,25,275,0,25,1
12-04 12:41:17,85.310,14.260,0,0,0.500,4735388,760204,194984,2351740,21813.269,12239.568,8.006,168.118,2.001,17.012,3988,15889,1.320,1.720,1.440,5,0,11.008,0,0,25,269,0,26,1
12-04 12:41:18,84.780,15.005,0,0,0,4924724,570828,194984,2352124,22190.967,6101.190,8.003,212.076,2.001,1.000,2594,3401,1.320,1.720,1.440,5,0,4.001,0,0,25,271,0,25,1
12-04 12:41:19,80.893,16.978,1.248,0.749,0,5071992,418920,195016,2356148,198727.084,191211.028,399.471,1066.589,22.970,73.902,9641,20552,1.320,1.720,1.440,5,0,5.992,0,0,25,287,2,34,1
12-04 12:41:20,27.432,3.990,67.332,0,0,5091444,398244,195020,2357228,97958.593,89641.345,0,139.652,0,7.980,5144,9550,1.320,1.720,1.440,1,0,0.998,0,0,25,291,2,39,1
12-04 12:41:21,4.500,1.000,89.493,3.250,0.500,5092260,397612,195040,2357228,14358.837,7941.357,0,20938.304,0,1022.917,2828,3206,1.320,1.720,1.440,0,0,2.000,0,0,25,291,2,39,1
12-04 12:41:22,4.000,1.500,92.745,0.500,0.250,5092712,397140,195100,2357188,14345.240,6257.668,0,679.964,0,56.997,1927,3125,1.210,1.690,1.430,0,0,0,0,0,25,291,0,39,1
12-04 12:41:23,4.501,1.250,92.011,0.250,0,5075852,413924,195112,2357252,14867.799,8343.010,0,124.015,0,22.003,1898,3207,1.210,1.690,1.430,1,0,0,0,0,25,291,2,39,1
12-04 12:41:24,4.442,1.234,92.300,0.247,0,5075544,414192,195148,2357256,17123.362,9064.148,0,438.301,0,40.474,1978,3204,1.210,1.690,1.430,1,0,0,0,0,25,291,2,39,1
12-04 12:41:25,2.534,1.267,94.526,0,0.253,5075544,414192,195148,2357256,11295.466,2088.186,0,28.383,0,4.055,1610,2533,1.210,1.690,1.430,1,0,0,0,0,25,291,0,39,1
12-04 12:41:26,3.248,0.250,94.695,0,0,5075576,414160,195148,2357256,9546.473,1707.012,0,543.685,0,2.998,1558,2513,1.210,1.690,1.430,0,0,0,0,0,25,291,0,39,1
12-04 12:41:27,4.001,1.250,92.768,0.500,0.500,5075576,414160,195160,2357244,19560.717,11732.229,0,288.055,0,29.006,1929,3136,1.120,1.660,1.430,0,0,0,0,0,25,291,0,39,1
12-04 12:41:28,2.751,1.250,95.025,0,0.250,5075596,414128,195160,2357256,18494.790,1932.501,0,0,0,0,1562,2544,1.120,1.660,1.430,2,0,0,0,0,25,291,2,39,1
12-04 12:41:29,2.749,1.000,94.220,0,0,5075404,414192,195160,2357384,11577.353,1971.379,0,31.990,0,3.999,1643,2530,1.120,1.660,1.430,0,0,0,0,0,25,291,0,39,1
12-04 12:41:30,3.249,1.000,93.724,0.250,0,5075404,414160,195188,2357388,14861.824,6606.144,0,251.929,0,24.993,1741,2883,1.120,1.660,1.430,0,0,0,0,0,25,291,0,39,1
12-04 12:41:31,3.001,1.250,93.268,0.500,0,5075392,414168,195212,2357368,17458.317,9753.853,0,184.035,0,27.005,1812,3078,1.120,1.660,1.430,0,0,2.000,0,0,25,291,0,39,1
12-04 12:41:32,3.000,1.250,94.504,0,0.750,5075396,414128,195224,2357392,9703.427,1801.079,0,176.008,0,11.000,1738,2736,1.030,1.630,1.420,0,0,0,0,0,25,291,0,39,1
12-04 12:41:33,4.750,1.000,92.996,0.250,0,5075332,414192,195252,2357364,26506.728,16934.187,0,167.992,0,24.999,1939,3014,1.030,1.630,1.420,0,0,0,0,0,25,291,0,40,1
12-04 12:41:34,3.759,1.002,92.971,0,0.251,5075348,414128,195272,2357392,25254.981,16471.119,0,120.286,0,18.043,2085,3200,1.030,1.630,1.420,0,0,0,0,0,25,291,0,40,1
12-04 12:41:35,2.743,1.496,94.024,0,0,5075568,413908,195272,2357392,11114.237,3633.251,0,3.990,0,0.998,1721,2673,1.030,1.630,1.420,0,0,0,0,0,25,291,0,38,1
12-04 12:41:36,3.496,1.249,93.651,0,0,5075800,413656,195280,2357400,11058.278,4746.968,0,327.653,0,18.980,1655,2650,1.030,1.630,1.420,1,0,0,0,0,25,293,2,38,1
12-04 12:41:37,9.528,14.794,68.705,6.018,0.251,5077800,411312,195324,2357700,23200.206,16412.960,248.742,50462.530,12.036,242.724,3498,5509,1.110,1.640,1.420,1,0,286.856,0,0,25,291,2,30,1
12-04 12:41:38,14.240,18.737,64.454,0,0,5077064,412036,195324,2357712,9245.473,1941.629,0,3.997,0,0.999,3875,6998,1.110,1.640,1.420,2,0,488.655,0,0,25,291,2,30,1
12-04 12:41:39,11.999,16.248,68.743,0.250,0.750,5076616,412464,195328,2357728,18413.030,1883.798,43.995,411.956,2.000,24.997,4005,7234,1.110,1.640,1.420,1,0,511.945,0,0,25,291,0,28,1
12-04 12:41:40,12.249,20.498,66.495,0.500,0.250,5076372,412556,195336,2357872,29063.617,7556.380,51.996,263.978,4.000,22.998,4331,7496,1.110,1.640,1.420,1,0,546.955,0,0,25,291,0,28,1
12-04 12:41:41,16.247,12.248,69.739,0.500,0,5106756,382124,195352,2357904,21082.669,7426.827,51.992,123.980,3.000,15.997,3011,5231,1.110,1.640,1.420,1,0,226.964,0,0,25,291,0,28,1
12-04 12:41:42,26.476,4.496,64.691,2.747,0,5121672,366552,195360,2358520,149793.639,140005.615,123.886,64376.966,1.998,440.596,3457,5194,1.100,1.630,1.420,1,0,0.999,0,0,25,294,0,28,1
12-04 12:41:43,25.257,3.251,69.519,0.250,0.250,5122348,365496,195372,2358872,33687.129,25685.961,0,188.051,0,24.007,2163,3376,1.100,1.630,1.420,3,0,6.002,0,0,25,296,0,28,1
12-04 12:41:44,26.998,3.750,67.495,0.250,0.250,5110616,377088,195408,2358956,169189.296,160538.996,0,327.973,0,37.997,2848,4571,1.100,1.630,1.420,3,0,6.000,0,0,25,299,0,28,1
12-04 12:41:45,24.772,4.254,69.312,0.250,0,5096176,391312,195420,2359156,156257.069,149606.149,0,196.175,0,20.018,2366,3752,1.100,1.630,1.420,2,0,5.004,0,0,25,299,0,28,1
12-04 12:41:46,24.494,4.249,69.233,0.750,0.250,5092928,394376,195436,2359324,92410.805,85345.578,0,283.929,0,25.993,2298,3666,1.100,1.630,1.420,1,0,5.998,0,0,25,299,0,29,1
12-04 12:41:47,26.899,4.732,66.999,0.249,0.249,5130816,356472,195460,2359316,140662.235,133314.803,0,17462.481,0,101.619,2745,4104,1.090,1.620,1.420,2,1,0.996,0,0,25,299,0,29,1
12-04 12:41:48,24.645,5.030,69.157,0.251,0,5128236,359004,195460,2359360,96366.733,90664.196,0,112.663,0,8.047,2229,3418,1.090,1.620,1.420,2,0,6.035,0,0,25,300,0,29,1
12-04 12:41:49,54.887,12.225,30.936,0.748,0.249,4713732,772980,195468,2359876,60507.294,53749.223,275.432,203.580,7.984,17.963,3716,5972,1.090,1.620,1.420,3,0,40.916,0,0,25,273,0,35,1
12-04 12:41:50,80.442,13.783,5.263,0,0.251,4871432,615040,195468,2359944,16764.100,1824.364,0,0,0,0,3213,4502,1.090,1.620,1.420,5,0,10.024,0,0,25,273,2,35,1
12-04 12:41:51,84.789,15.757,0,0,0,4990860,494252,195480,2361004,150757.801,138878.301,0,1184.548,0,87.040,6729,12028,1.090,1.620,1.420,7,0,4.002,0,0,25,275,2,36,1
12-04 12:41:52,76.425,15.485,7.493,0,0,5069832,413336,195480,2362704,126587.324,118027.687,0,119.883,0,10.989,7088,14424,1.480,1.690,1.440,3,0,5.994,0,0,25,293,2,38,1
12-04 12:41:53,48.116,7.479,42.631,0.997,0,5099848,382132,195484,2363780,70586.206,61824.633,0,12146.137,0,902.484,5115,6313,1.480,1.690,1.440,1,0,0,0,0,25,291,0,43,1
12-04 12:41:54,23.495,5.499,68.986,0.250,0.500,4995856,486200,195496,2363760,17509.551,8310.363,0,195.961,0,19.996,2145,3325,1.480,1.690,1.440,1,0,6.999,0,0,25,287,0,45,1
12-04 12:41:55,25.016,5.003,70.546,0,0,5043600,438456,195496,2363760,21607.001,15215.860,0,108.070,0,8.005,1768,2654,1.480,1.690,1.440,2,0,1.001,0,0,25,287,0,45,1
12-04 12:41:56,20.001,5.250,72.002,0.250,0.250,5077780,403172,195524,2364804,99255.779,90236.527,0,288.008,0,34.001,3678,7373,1.480,1.690,1.440,0,0,2.000,0,0,25,291,2,50,1
12-04 12:41:57,3.748,0.250,93.212,0.500,0,5077740,403204,195540,2364796,20301.818,10425.798,0,215.913,0,26.989,2065,3366,1.440,1.680,1.440,0,0,0,0,0,25,291,2,50,1
12-04 12:41:58,2.250,0.250,94.008,0.250,0.500,5077720,403204,195540,2364816,21797.918,3328.293,0,184.016,0,16.001,1972,3040,1.440,1.680,1.440,0,0,0,0,0,25,291,2,50,1
12-04 12:41:59,3.251,1.000,94.281,0,0.250,5077972,402952,195544,2364812,12992.222,1884.612,0,108.035,0,8.003,1758,2641,1.440,1.680,1.440,0,0,0,0,0,25,291,0,50,1
12-04 12:42:00,3.249,0.250,94.212,0.500,0,5077880,403016,195564,2364820,18284.613,1599.354,0,571.769,0,34.986,1798,2808,1.440,1.680,1.440,0,0,0,0,0,25,291,2,50,1
12-04 12:42:01,4.250,1.500,92.745,0.500,0,5078384,402512,195580,2364804,19481.006,11151.431,0,271.986,0,39.998,2113,3457,1.440,1.680,1.440,0,0,2.000,0,0,25,291,2,50,1
12-04 12:42:02,3.250,1.250,93.755,0.250,0.250,5078384,402480,195592,2364824,13342.761,6709.382,0,364.021,0,30.002,1926,3156,1.490,1.690,1.440,1,0,0,0,0,25,291,0,50,1
12-04 12:42:03,4.750,1.250,92.750,0.250,0.250,5078380,402480,195596,2364824,19652.039,11200.022,0,228.000,0,30.000,1985,3139,1.490,1.690,1.440,0,0,0,0,0,25,291,0,50,1
12-04 12:42:04,3.000,0.500,93.243,0.250,0.250,5078324,402512,195616,2364828,17231.725,10147.249,0,431.968,0,42.997,2109,3257,1.490,1.690,1.440,0,0,0,0,0,25,291,0,50,1
12-04 12:42:05,3.501,1.000,94.036,0,0.250,5078356,402480,195624,2364820,12144.651,2557.980,0,56.021,0,8.003,1799,2812,1.490,1.690,1.440,0,0,0,0,0,25,291,0,50,1
12-04 12:42:06,3.500,0.750,94.496,0,0,5078344,402480,195624,2364832,8729.598,1948.910,0,4.000,0,1.000,1600,2529,1.490,1.690,1.440,1,0,0,0,0,25,291,0,50,1
12-04 12:42:07,4.998,0.750,91.464,0.750,0,5078812,401976,195652,2364836,27986.861,19318.311,0,455.819,0,44.982,2301,3659,1.370,1.660,1.440,0,0,0,0,0,25,291,0,50,1
12-04 12:42:08,7.250,4.250,87.498,0,0,5086700,393444,195652,2365480,7676.808,1619.960,0,12.000,0,3.000,1799,2879,1.370,1.660,1.440,0,0,4.000,0,0,25,291,0,50,1
12-04 12:42:09,7.001,0.750,91.018,1.000,0.250,5088000,392216,195656,2365404,9951.931,1512.293,0,316.061,0,20.004,2050,3605,1.370,1.660,1.440,0,0,0,0,0,25,291,0,50,1
12-04 12:42:10,5.750,3.000,89.999,0,0.500,5083012,397756,195660,2364848,17519.755,8170.886,0,67.999,0,5.000,1880,2871,1.370,1.660,1.440,0,0,0,0,0,25,291,0,50,1
12-04 12:42:11,4.504,1.251,92.837,0.250,0.250,5083024,397764,195668,2364820,19760.575,13995.155,0,136.128,0,23.022,1874,3134,1.370,1.660,1.440,0,0,2.002,0,0,25,291,0,50,1
12-04 12:42:12,3.496,1.249,93.652,0,0,5082996,397772,195680,2364828,24775.184,6792.922,0,355.629,0,28.970,2025,2997,1.260,1.630,1.430,1,0,0,0,0,25,289,2,51,1
12-04 12:42:13,3.000,0.500,94.008,0.250,0,5082948,397804,195696,2364828,20046.804,9969.897,0,364.033,0,21.002,1803,2830,1.260,1.630,1.430,0,0,0,0,0,25,289,2,51,1
12-04 12:42:14,9.746,9.996,76.969,1.999,0.250,5086252,393608,195768,2365588,37054.882,12819.770,503.794,131.946,21.991,15.993,3066,4690,1.260,1.630,1.430,0,0,97.960,0,0,25,289,2,52,1
12-04 12:42:15,34.388,8.785,56.728,0,0.251,4702628,777016,195788,2365592,22648.845,13305.368,0,220.886,0,23.093,2500,3780,1.260,1.630,1.430,3,0,2.008,0,0,24,227,0,66,1
12-04 12:42:16,43.873,11.965,43.125,0.499,0,4597664,881916,195816,2365676,11235.473,2279.401,75.781,793.702,3.988,47.861,2905,4569,1.260,1.630,1.430,2,0,22.934,0,0,24,223,0,61,1
12-04 12:42:17,54.355,8.767,36.070,0.501,0.250,4661016,818284,195828,2365768,19202.214,12697.608,84.163,128.249,6.012,21.041,2812,7857,1.560,1.690,1.450,2,0,34.066,0,0,24,223,0,62,1
12-04 12:42:18,42.462,9.741,41.213,6.494,0.250,4747436,730616,195828,2366840,159444.573,153159.148,315.720,0,44.960,0,2568,5105,1.560,1.690,1.450,2,0,6.994,0,0,24,231,0,64,1
12-04 12:42:19,43.997,7.499,45.996,2.500,0,4787896,688924,195852,2367836,18588.550,6642.482,927.928,439.966,108.991,10.999,2736,3836,1.560,1.690,1.450,2,0,3.000,0,0,24,233,0,64,1
12-04 12:42:20,47.449,5.244,46.200,0,0.250,4866448,609796,195860,2368404,786991.410,780059.876,0,39.957,0,3.996,2247,4166,1.560,1.690,1.450,4,0,0,0,0,24,233,0,50,1
12-04 12:42:21,26.997,2.000,69.743,0,0.250,4908816,567420,195872,2368392,15634.343,7853.168,0,99.989,0,11.999,2093,3572,1.560,1.690,1.450,1,0,2.000,0,0,24,233,0,50,1
12-04 12:42:22,23.020,4.254,59.052,12.761,0,4836600,637068,196024,2370808,149977.430,135356.520,12.011,6453.699,1.001,397.351,5191,11462,1.670,1.710,1.460,1,0,0,0,0,24,233,0,51,1
12-04 12:42:23,49.196,12.736,29.717,7.492,0,4979356,491732,196112,2373128,738436.151,729262.187,647.292,14104.570,14.984,1357.515,7611,16524,1.670,1.710,1.460,0,0,5.993,0,0,25,258,0,57,1
12-04 12:42:24,3.000,1.000,93.242,0.500,0,4979352,491732,196120,2373124,19347.336,8007.311,0,199.983,0,17.998,2105,3184,1.670,1.710,1.460,0,0,0,0,0,25,258,0,57,1
12-04 12:42:25,2.500,1.250,94.245,0,0.250,4979332,491732,196128,2373136,12189.330,3318.817,0,111.994,0,8.000,1682,2647,1.670,1.710,1.460,0,0,0,0,0,25,258,0,57,1
12-04 12:42:26,4.502,1.251,93.299,0,0.250,4967424,503624,196152,2373128,17200.962,5390.809,0,716.373,0,47.024,1925,2856,1.670,1.710,1.460,0,0,0,0,0,25,258,0,57,1
12-04 12:42:27,3.998,0.500,93.447,0.500,0.250,4967504,503508,196164,2373152,18977.164,10153.203,0,263.849,0,26.985,1946,3058,1.540,1.680,1.450,1,0,0,0,0,25,258,0,57,1
12-04 12:42:28,2.500,0.500,95.251,0,0.250,4967504,503508,196164,2373152,10162.132,1984.026,0,0,0,0,1609,2574,1.540,1.680,1.450,0,0,0,0,0,25,258,0,57,1
12-04 12:42:29,3.001,0.500,94.766,0,0,4967472,503540,196164,2373152,9244.553,1620.272,0,56.009,0,6.001,1463,2443,1.540,1.680,1.450,0,0,0,0,0,25,258,0,57,1
12-04 12:42:30,2.000,1.250,94.732,0,0.250,4967472,503540,196164,2373152,9442.253,1994.631,0,0,0,0,1582,2576,1.540,1.680,1.450,0,0,0,0,0,25,258,2,57,1
12-04 12:42:31,4.002,1.501,94.053,0,0,4967464,503540,196172,2373152,15393.636,7790.370,0,80.045,0,13.007,1836,3028,1.540,1.680,1.450,0,0,2.001,0,0,25,258,2,57,1
12-04 12:42:32,4.248,1.250,92.714,0.500,0.250,4969980,501020,196192,2373136,18255.917,11658.477,0,399.845,0,36.986,1980,3311,1.420,1.650,1.440,0,0,0,0,0,25,260,2,57,1
12-04 12:42:33,17.283,4.008,75.393,1.753,0.250,4980644,489912,196260,2373508,304346.432,297250.993,176.334,673.275,14.027,91.173,2943,5804,1.420,1.650,1.440,1,0,0,0,0,25,276,0,58,1
12-04 12:42:34,23.700,1.996,74.843,0.249,0.249,4990276,480272,196260,2373516,314902.908,307120.197,0,207.566,0,25.946,2360,3857,1.420,1.650,1.440,0,0,0,0,0,25,276,2,57,1
12-04 12:42:35,1.750,0.750,94.755,0,0,4990460,480076,196260,2373524,11611.569,2197.108,0,4.000,0,1.000,1629,2577,1.420,1.650,1.440,0,0,0,0,0,25,276,2,57,1
12-04 12:42:36,3.251,1.250,93.776,0.500,0,4990396,480076,196280,2373568,20693.649,2389.652,0,832.227,0,50.014,1764,2744,1.420,1.650,1.440,0,0,0,0,0,25,276,0,57,1
12-04 12:42:37,4.748,0.750,92.208,0.250,0.250,4990428,479980,196324,2373588,26962.732,20113.848,0,359.836,0,38.982,2053,3273,1.300,1.620,1.430,0,0,0,0,0,25,276,2,58,1
12-04 12:42:38,4.008,0.752,94.439,0,0.501,4994396,476012,196324,2373588,9117.280,1711.431,0,0,0,0,1704,2747,1.300,1.620,1.430,1,0,0,0,0,25,276,2,57,1
12-04 12:42:39,5.490,2.246,91.086,0,0,4990096,480304,196332,2373588,9732.433,1617.081,0,83.849,0,6.987,1563,2524,1.300,1.620,1.430,0,0,0,0,0,25,276,2,57,1
12-04 12:42:40,2.250,0.750,94.733,0,0.250,4990148,480252,196332,2373588,9574.267,2294.585,0,67.988,0,4.999,1619,2539,1.300,1.620,1.430,1,0,0,0,0,25,276,0,57,1
12-04 12:42:41,4.750,1.250,92.995,0.500,0,4990192,480204,196332,2373592,19233.038,12171.391,0,219.989,0,23.999,1930,3076,1.300,1.620,1.430,0,0,2.000,0,0,25,276,0,57,1
12-04 12:42:42,3.252,0.250,94.044,0,0,4990256,480136,196332,2373596,13625.336,6016.798,0,80.037,0,12.006,1829,3054,1.200,1.600,1.420,1,0,0,0,0,25,276,0,57,1
12-04 12:42:43,3.497,1.499,91.917,1.249,0.250,4990248,480136,196340,2373596,16983.596,10044.889,0,287.739,0,38.965,2227,3777,1.200,1.600,1.420,0,0,0,0,0,25,276,0,57,1
12-04 12:42:44,4.750,0.750,93.004,0,0,4990176,480168,196372,2373604,14928.612,8718.357,0,336.014,0,34.001,2062,3223,1.200,1.600,1.420,0,0,0,0,0,25,276,0,57,1
12-04 12:42:45,2.751,0.500,94.541,0.250,0.500,4990140,480200,196376,2373604,9770.270,1945.850,0,112.049,0,8.003,1678,2693,1.200,1.600,1.420,0,0,0,0,0,25,276,0,57,1
12-04 12:42:46,11.759,16.012,71.304,0.250,0.250,5002800,467480,196400,2373640,9832.502,1761.344,24.018,548.418,2.002,34.026,3439,5687,1.200,1.600,1.420,1,0,352.269,0,0,25,276,0,57,1
12-04 12:42:47,22.246,2.750,69.237,3.249,0,5042676,427164,196412,2374068,17808.777,10615.079,403.927,279.949,69.987,24.995,2199,3189,1.180,1.580,1.420,1,0,0,0,0,25,276,0,57,1
12-04 12:42:48,27.248,3.500,65.996,1.250,0,5062104,407632,196452,2374120,249424.037,232217.138,0,671.957,0,100.994,3328,5588,1.180,1.580,1.420,1,0,0,0,0,25,282,0,56,1
12-04 12:42:49,28.996,3.750,65.741,1.250,0.250,5043392,426180,196496,2374240,232639.059,222915.352,0,1055.860,0,129.983,3305,5546,1.180,1.580,1.420,1,0,6.999,0,0,25,281,0,57,1
12-04 12:42:50,25.303,4.259,69.645,0.251,0,5079576,389872,196512,2374348,114388.271,107280.465,0,320.668,0,16.033,2165,3379,1.180,1.580,1.420,1,0,0,0,0,25,285,2,51,1
12-04 12:42:51,25.966,2.996,66.414,1.748,0.250,5099716,369428,196680,2374480,332750.423,324603.989,0,1178.472,0,147.808,3658,6284,1.180,1.580,1.420,1,0,2.996,0,0,25,288,2,51,1
12-04 12:42:52,27.984,3.748,66.962,1.249,0.250,5078156,390848,196784,2374516,213027.426,204684.149,95.946,847.520,3.998,80.954,3024,4853,1.250,1.590,1.430,2,0,21.988,0,0,25,286,2,47,1
12-04 12:42:53,33.301,5.258,58.840,0.751,0.250,5059352,409156,196832,2374964,470177.132,460934.918,68.105,749.152,5.008,52.080,4396,8780,1.250,1.590,1.430,3,0,32.049,0,0,25,287,0,59,0
12-04 12:42:54,13.479,18.721,62.904,3.495,0,5059952,408564,196860,2374920,91994.524,66784.021,7.988,4852.590,1.997,556.151,4979,8177,1.250,1.590,1.430,1,0,453.308,0,0,25,286,0,53,0
12-04 12:42:55,21.541,6.262,69.884,2.004,0,5108536,359648,196872,2375208,23269.771,2712.218,140.270,557.072,9.017,26.050,2123,2988,1.250,1.590,1.430,1,0,28.054,0,0,25,286,0,54,0
12-04 12:42:56,24.445,4.739,68.097,1.247,0,5147180,320664,196968,2375388,15416.375,5445.769,35.919,3001.259,4.989,171.615,2450,3521,1.250,1.590,1.430,1,0,2.993,0,0,25,286,0,54,0
12-04 12:42:57,24.001,4.250,69.254,1.250,0.500,5175036,289324,197112,2378304,20895.254,10107.606,16.001,864.052,3.000,30.002,2255,3615,1.230,1.580,1.420,2,0,0,0,0,25,286,0,49,0
12-04 12:42:58,25.002,3.750,70.507,0,0,5153348,310864,197128,2378404,14497.377,1844.175,0,0,0,0,1907,6153,1.230,1.580,1.420,1,0,4.000,0,0,25,286,0,49,0
12-04 12:42:59,27.733,3.498,66.958,0.750,0.250,5172808,291244,197152,2378540,189820.311,179262.857,19.988,779.517,1.999,51.968,3445,6400,1.230,1.580,1.420,0,2,0,0,0,25,287,0,49,0
12-04 12:43:00,29.788,2.003,64.582,1.752,0.250,5180172,283464,197316,2378788,495040.682,484440.177,0,1786.276,0,244.311,4684,9181,1.230,1.580,1.420,2,0,0,0,0,25,290,0,50,0
12-04 12:43:01,29.788,2.754,65.083,2.003,0,5181600,281816,197464,2378856,582973.875,575027.735,0,1966.509,0,245.313,4234,7867,1.230,1.580,1.420,2,0,2.003,0,0,25,290,0,52,0
12-04 12:43:02,29.703,2.746,64.897,1.747,0,5186388,276816,197568,2378964,528983.916,511399.874,0,1645.384,0,203.676,3841,6881,1.210,1.570,1.420,1,0,0,0,0,25,290,0,53,0
12-04 12:43:03,41.086,3.507,52.861,1.002,0.501,5194576,268492,197640,2379028,887171.964,880209.398,0,1491.119,0,158.331,4648,7999,1.210,1.570,1.420,3,0,0,0,0,25,289,0,55,0
12-04 12:43:04,29.948,4.492,61.394,2.745,0.250,5205056,257340,197888,2379448,503024.755,495150.409,0,2280.046,0,284.507,5461,9374,1.210,1.570,1.420,1,0,0,0,0,25,294,0,57,0
12-04 12:43:05,28.748,2.750,64.496,2.000,0,5205248,256900,198040,2379544,629536.375,620219.888,0,1815.900,0,235.987,4342,7503,1.210,1.570,1.420,8,0,0,0,0,25,294,0,58,0
12-04 12:43:06,32.561,4.759,61.366,1.753,0.250,5237380,224540,198204,2379604,643179.751,633536.583,0,1526.877,0,173.327,4216,7043,1.210,1.570,1.420,5,0,1.002,0,0,25,294,0,59,0
12-04 12:43:07,35.910,3.491,60.099,0.748,0,5209452,252080,198348,2379844,686530.867,677997.261,0,1416.449,0,147.630,4094,6655,1.270,1.580,1.420,2,0,0,0,0,25,294,0,61,0
12-04 12:43:08,28.327,2.507,68.185,0.251,0,5213608,247692,198388,2380036,582654.577,574823.346,0,549.490,0,42.114,3231,5750,1.270,1.580,1.420,2,0,3.008,0,0,25,298,2,66,0
12-04 12:43:09,35.434,6.488,53.401,2.745,0,5252380,207664,198560,2381088,494008.121,487135.876,0,2359.621,0,275.489,6037,10784,1.270,1.580,1.420,1,0,11.978,0,0,25,322,2,67,0
12-04 12:43:10,51.353,8.517,38.577,1.253,0.251,5295884,140184,198712,2404360,59113569.913,59107203.192,0,1515.027,0,164.328,5602,10771,1.270,1.580,1.420,4,0,1.002,0,0,25,330,2,72,0
12-04 12:43:11,49.210,9.492,38.968,2.998,0.500,5299152,143640,198860,2397376,8076176.764,8069464.248,16.986,34663.680,5.995,385.685,5582,10506,1.270,1.580,1.420,3,0,25.979,0,0,25,327,0,74,0
12-04 12:43:12,49.571,9.217,34.127,4.235,0,5318580,181596,195852,2344524,607999.514,599640.697,474.287,1155.826,37.863,120.565,4404,7608,1.650,1.650,1.450,1,1,5.978,0,0,25,328,0,75,0
12-04 12:43:13,37.817,8.265,51.342,2.004,0.250,5343044,156320,195896,2345160,417619.032,410863.981,136.243,1134.023,12.021,71.127,3727,6430,1.650,1.650,1.450,2,0,19.034,0,0,25,332,2,75,0
12-04 12:43:14,22.980,7.493,59.448,7.493,0,5397716,151404,193380,2300144,31627.484,25734.611,167.854,26496.948,18.983,901.216,3600,4183,1.650,1.650,1.450,0,3,2.997,0,0,25,331,0,76,0
12-04 12:43:15,21.495,4.499,63.236,9.248,0,5377952,170272,193412,2301012,145923.772,137827.505,691.852,2635.436,34.993,48.990,2550,3840,1.650,1.650,1.450,0,1,5.999,0,0,25,331,2,67,0
12-04 12:43:16,14.000,2.250,65.249,16.750,0.250,5382764,163812,193472,2302596,110643.787,104176.916,1671.967,587.988,46.999,29.999,2463,3661,1.650,1.650,1.450,1,0,5.000,0,0,25,331,2,67,0
12-04 12:43:17,48.652,11.536,37.868,1.254,0.251,5407500,145992,193160,2295984,427677.215,418445.458,2162.737,1127.512,41.128,86.269,4250,16577,1.680,1.660,1.450,3,1,63.197,0,0,25,331,0,62,0
12-04 12:43:18,43.953,17.481,32.465,3.746,0.250,5443844,184620,190548,2226544,205523.528,188960.135,9412.994,579.384,121.870,39.958,5187,9299,1.680,1.660,1.450,2,0,9.989,0,0,26,331,0,62,0
12-04 12:43:19,57.094,10.017,26.794,5.008,0,5521044,124972,190208,2209508,449320.626,441971.463,19782.740,1085.797,700.159,123.204,8782,15485,1.680,1.660,1.450,4,0,5.008,0,0,26,345,0,56,0
12-04 12:43:20,67.809,11.966,16.204,3.739,0,5617220,121068,188140,2121624,192708.141,183821.176,1635.393,1224.550,55.843,143.595,4162,7498,1.680,1.660,1.450,4,0,11.966,0,0,26,350,0,59,0
12-04 12:43:21,56.380,8.018,34.078,0.251,0,5711904,311720,187680,1849948,56468.046,47330.001,0,661.523,0,65.150,3671,6399,1.680,1.660,1.450,3,0,6.014,0,0,26,351,0,59,0
12-04 12:43:22,60.094,8.478,28.925,0.997,0,5587440,435704,187936,1850180,441497.665,432039.266,79.792,1468.181,8.977,175.543,5387,9544,1.710,1.660,1.460,3,0,15.958,0,0,25,351,0,59,0
12-04 12:43:23,65.365,12.272,20.035,1.503,0.250,5625296,396952,188412,1850456,1199098.214,1190646.347,260.458,2191.855,17.030,269.474,6809,12820,1.710,1.660,1.460,4,0,39.069,0,0,25,353,0,52,0
12-04 12:43:24,22.953,8.982,64.617,1.247,0.249,5655428,365908,188548,1851112,251969.958,242046.321,323.337,1129.682,12.973,107.779,4267,8277,1.710,1.660,1.460,1,0,25.947,0,0,25,351,0,52,0
12-04 12:43:25,30.966,1.498,66.176,0.499,0.250,5658272,362412,188636,1851672,491827.580,484483.739,355.605,723.197,6.992,80.910,3168,5149,1.710,1.660,1.460,1,0,0,0,0,25,353,0,53,0
12-04 12:43:26,28.333,4.513,64.187,3.009,0,5660784,359260,188856,1852060,575854.191,568141.701,128.374,1420.141,6.018,185.541,4428,7310,1.710,1.660,1.460,2,0,1.003,0,0,25,353,0,57,0
12-04 12:43:27,27.942,3.742,61.372,4.990,0,5663008,356724,189152,1852052,533546.291,523481.206,175.635,1005.910,43.909,105.780,3873,6553,1.650,1.650,1.450,3,0,0.998,0,0,25,354,2,58,0
12-04 12:43:28,26.500,4.500,66.500,0.750,0.500,5655084,364540,189212,1852076,384352.231,375541.249,0,907.998,0,102.000,3557,5828,1.650,1.650,1.450,3,0,2.000,0,0,25,354,2,62,0
12-04 12:43:29,29.216,3.496,62.678,2.747,0.250,5655116,363968,189432,1852396,493541.466,475962.787,0,1634.111,0,230.733,5181,9226,1.650,1.650,1.450,2,0,0,0,0,25,356,2,66,0
12-04 12:43:30,29.034,4.005,64.075,1.752,0,5655188,363624,189612,1852480,519903.927,513452.333,0,1465.725,0,196.231,5396,9672,1.650,1.650,1.450,1,0,1.001,0,0,25,357,0,72,0
12-04 12:43:31,27.546,5.008,64.356,1.502,0.250,5655164,362944,189828,1852964,525086.443,516407.105,52.086,1638.707,2.003,221.366,5197,9734,1.650,1.650,1.450,2,0,2.003,0,0,25,358,0,72,0
12-04 12:43:32,30.456,3.994,62.908,1.997,0,5655172,362608,190052,1853068,638402.847,631457.966,0,1541.754,0,223.674,4729,8087,1.680,1.660,1.460,1,0,0,0,0,25,358,0,73,0
12-04 12:43:33,28.831,3.761,64.932,1.254,0.251,5657908,359544,190220,1853224,471482.264,464605.036,0,1295.623,0,182.510,3958,6762,1.680,1.660,1.460,1,0,0,0,0,25,358,0,75,0
12-04 12:43:34,37.485,3.249,57.978,0.750,0,5659088,357968,190388,1853452,704386.402,696116.603,0,1059.590,0,151.941,4179,7236,1.680,1.660,1.460,2,0,0,0,0,25,358,0,75,0
12-04 12:43:35,33.192,3.743,60.894,0.998,0.499,5666484,350156,190484,1853772,743205.363,736789.565,0,830.550,0,95.833,3937,7263,1.680,1.660,1.460,3,0,2.995,0,0,25,365,0,79,0
12-04 12:43:36,27.990,4.249,64.228,2.249,0,5688988,327172,190656,1854052,460760.959,454409.138,0,1635.439,0,229.921,5246,9742,1.680,1.660,1.460,1,0,4.998,0,0,25,378,0,79,0
12-04 12:43:37,42.240,6.748,48.238,1.250,0,5693268,322132,190856,1854568,712706.387,703814.565,0,1775.565,0,206.949,4820,8310,1.780,1.680,1.460,3,0,14.996,0,0,25,378,0,79,0
12-04 12:43:38,36.592,3.008,58.396,1.504,0.251,5693556,321596,191008,1854664,730274.146,722511.724,8.020,1058.649,2.005,140.351,4030,6930,1.780,1.680,1.460,2,0,0,0,0,25,378,0,79,0
12-04 12:43:39,40.496,6.499,52.244,1.000,0,5700880,313912,191060,1854932,436475.734,428483.581,31.997,527.944,1.000,36.996,3443,5483,1.780,1.680,1.460,1,0,16.998,0,0,25,378,0,80,0
12-04 12:43:40,41.629,18.446,37.890,0.997,0.249,5719896,294104,191156,1855552,441481.820,433070.230,314.089,833.581,30.910,63.815,6108,11438,1.780,1.680,1.460,1,0,53.844,0,0,26,378,0,80,0
12-04 12:43:41,33.438,8.983,52.403,3.244,0.250,5741440,272328,191276,1855592,429573.423,423182.304,14591.874,830.456,535.005,105.803,8094,14315,1.780,1.680,1.460,3,1,1.996,0,0,26,378,0,80,0
12-04 12:43:42,38.393,3.513,54.202,2.509,0,5808968,204340,191396,1855924,245915.264,231943.148,4834.031,1196.463,156.584,183.685,5069,8908,1.720,1.670,1.460,2,0,2.007,0,0,26,379,0,81,0
12-04 12:43:43,41.744,7.499,48.494,1.250,0.250,5718068,294740,191572,1856248,511518.457,505650.243,0,1339.820,0,179.976,5713,10005,1.720,1.670,1.460,3,0,29.996,0,0,25,379,0,81,0
12-04 12:43:44,51.075,15.523,31.296,1.502,0.250,5716808,295424,191904,1856364,1229227.965,1222577.188,0,2291.368,0,275.405,7515,13348,1.720,1.670,1.460,2,1,44.065,0,0,25,379,0,81,0
12-04 12:43:45,6.229,1.246,83.962,5.730,0.249,5716684,295416,191948,1856452,42463.139,34299.182,0,13641.143,0,1241.735,4871,4205,1.720,1.670,1.460,2,0,0,0,0,25,380,2,81,0
12-04 12:43:46,32.505,4.001,63.010,1.250,0,5718780,292356,192124,1857216,672683.921,665361.800,0,2664.408,0,205.031,3982,6626,1.720,1.670,1.460,2,0,5.001,0,0,25,389,2,83,0
12-04 12:43:47,29.264,3.252,64.532,2.251,0,5719084,291632,192296,1857464,410283.449,402801.776,48.024,2609.281,5.002,235.115,4241,7027,1.660,1.660,1.460,2,0,0,0,0,25,389,2,85,0
12-04 12:43:48,32.829,4.511,60.395,1.253,0.251,5712584,297552,192452,1857884,449294.858,440686.206,0,2397.752,0,197.474,5184,9483,1.660,1.660,1.460,5,1,0,0,0,25,388,0,88,0
12-04 12:43:49,29.497,3.250,63.743,2.250,0.250,5712180,297452,192676,1858156,579861.115,571022.043,0,2655.721,0,262.972,5827,10669,1.660,1.660,1.460,2,0,0,0,0,25,389,0,91,0
12-04 12:43:50,29.905,2.990,63.299,1.744,0,5712176,296660,192932,1858320,605417.955,597367.579,0,2436.245,0,257.181,4366,7884,1.660,1.660,1.460,2,0,0,0,0,25,389,0,91,0
12-04 12:43:51,29.525,1.251,64.805,1.751,0.500,5712620,295968,193208,1858292,470436.223,461340.446,0,2406.057,0,242.207,4272,7453,1.660,1.660,1.460,1,1,2.002,0,0,25,389,0,93,0
12-04 12:43:52,39.129,4.264,53.927,1.003,0,5712592,295464,193508,1858524,839128.053,829411.104,0,2102.914,0,218.719,5020,8400,1.610,1.650,1.460,2,0,0,0,0,25,389,2,93,0
12-04 12:43:53,34.215,3.746,60.189,1.249,0,5712868,294708,193620,1858888,685026.808,677463.439,0,1446.540,0,118.880,4391,7421,1.610,1.650,1.460,4,0,0,0,0,25,389,2,98,0
12-04 12:43:54,51.747,8.250,35.248,2.750,0.250,5720140,286192,194060,1859668,1464634.587,1448304.550,0,3911.769,0,498.971,9046,17478,1.610,1.650,1.460,4,0,1.000,0,0,25,389,2,91,0
12-04 12:43:55,62.300,13.010,24.269,1.251,0.250,5723728,281448,194372,1860452,1287277.386,1278554.451,0,3334.651,0,339.270,5805,11043,1.610,1.650,1.460,3,1,29.023,0,0,25,390,0,91,0
12-04 12:43:56,57.450,4.246,35.719,0.500,0,5730496,274204,194516,1860692,1101877.774,1092199.156,0,1890.363,0,175.848,4942,8731,1.610,1.650,1.460,3,0,5.995,0,0,25,390,2,89,0
12-04 12:43:57,58.520,9.253,32.011,0.500,0,5739172,265244,194560,1860928,763682.652,753692.255,0,1360.463,0,107.036,4430,7859,1.800,1.690,1.470,4,0,38.013,0,0,25,391,2,89,0
12-04 12:43:58,53.006,16.002,29.503,0.500,0.250,5777064,226732,194668,1861364,476876.933,467951.943,95.011,1360.151,21.002,95.011,4954,8724,1.800,1.690,1.470,8,0,82.009,0,0,26,392,0,89,0
12-04 12:43:59,48.013,20.505,28.758,0.500,0,5787228,215484,194728,1862184,539382.015,529862.473,95.025,936.250,21.006,66.018,9002,14100,1.800,1.690,1.470,14,0,12.003,0,0,27,392,0,89,0
12-04 12:44:00,68.033,9.221,18.690,3.489,0.249,5820244,181956,194872,1862552,938388.970,924950.932,35266.254,1495.220,1262.962,189.395,13200,23446,1.800,1.690,1.470,4,2,0,0,0,27,392,0,88,0
12-04 12:44:01,68.264,12.753,16.253,0.750,0.250,5857260,144220,194968,1863108,660515.727,651961.956,3490.723,1828.378,117.024,167.035,6303,11143,1.800,1.690,1.470,6,0,45.009,0,0,26,393,0,90,0
12-04 12:44:02,63.171,9.024,27.073,0.501,0,5870764,131200,195060,1862428,491043.693,482691.023,0,1484.028,0,139.378,5281,8557,1.980,1.730,1.480,3,0,26.071,0,0,26,392,0,87,0
12-04 12:44:03,56.914,13.729,24.463,2.995,0.250,5906320,127380,194392,1833032,399329.616,392591.831,1739.363,1154.250,80.877,97.852,6792,11389,1.980,1.730,1.480,2,0,27.958,0,0,27,392,0,89,0
12-04 12:44:04,53.331,10.015,27.041,7.762,0,5913812,136428,194080,1817528,323881.681,317326.750,1365.068,13724.793,80.121,1234.871,7690,11614,1.980,1.730,1.480,3,2,0,0,0,27,392,0,85,0
12-04 12:44:05,57.288,7.005,30.020,4.253,0,5954240,128620,193332,1786796,279226.686,272847.444,18091.031,728.484,614.409,72.048,7994,13992,1.980,1.730,1.480,3,0,0,0,0,27,393,0,86,0
12-04 12:44:06,56.806,5.980,34.631,2.242,0,6002720,128328,191500,1742992,170044.109,162320.539,35.877,1171.989,1.993,142.512,5146,8069,1.980,1.730,1.480,2,0,0,0,0,27,392,0,86,0
12-04 12:44:07,62.548,6.755,26.771,3.253,0.250,5914396,214984,191580,1744592,631957.976,615077.995,1509.161,1569.207,52.040,186.143,6723,11175,2.300,1.800,1.510,2,0,21.016,0,0,26,392,0,90,0
12-04 12:44:08,73.369,10.767,14.523,1.002,0.250,5924128,205136,191700,1744520,898891.609,892508.293,212.343,1903.075,10.016,225.364,6300,11841,2.300,1.800,1.510,3,0,30.049,0,0,26,393,2,84,0
12-04 12:44:09,39.140,5.485,51.855,1.994,0,5931100,197292,191756,1745316,273560.756,265669.859,576.386,1233.545,86.757,107.698,4920,8624,2.300,1.800,1.510,3,0,4.986,0,0,26,393,2,84,0
12-04 12:44:10,43.384,9.028,45.641,1.505,0,5773648,354444,191880,1745416,765000.497,745493.356,32.099,1645.072,6.019,176.544,6230,12268,2.300,1.800,1.510,3,0,39.121,0,0,25,390,2,80,2
12-04 12:44:11,23.919,4.734,69.514,1.744,0.249,5768084,359964,191960,1745380,374206.942,360323.064,0,1355.400,0,173.411,4670,7773,2.300,1.800,1.510,1,0,1.993,0,0,25,390,0,80,2
12-04 12:44:12,18.031,2.003,78.387,0.250,0.250,5768316,359712,191992,1745368,279220.682,271282.846,8.014,524.915,2.003,58.101,3014,4962,2.120,1.770,1.500,2,0,0,0,0,25,392,0,77,2
12-04 12:44:13,31.010,3.501,64.521,1.500,0,5768404,359144,192104,1745688,656844.102,647177.922,56.018,1240.408,1.000,165.054,4091,6846,2.120,1.770,1.500,1,0,1.000,0,0,25,392,0,81,2
12-04 12:44:14,29.698,4.991,62.141,1.996,0.499,5749260,378244,192236,1745600,508505.539,499188.927,0,1341.640,0,175.691,4945,8311,2.120,1.770,1.500,2,0,0,0,0,25,391,0,81,2
12-04 12:44:15,27.236,4.748,65.967,1.000,0,5748260,378496,192396,1746180,484087.956,471847.076,51.974,1411.294,3.998,189.905,5492,9937,2.120,1.770,1.500,3,0,0,0,0,25,392,0,82,2
12-04 12:44:16,31.534,3.003,63.569,1.752,0,5747876,378560,192612,1746284,686414.701,678881.550,0,1573.703,0,223.242,4632,8081,2.120,1.770,1.500,1,0,0,0,0,25,392,0,83,2
12-04 12:44:17,30.097,2.759,64.208,1.756,0,5756160,369992,192824,1746352,538850.799,521964.120,8.026,1280.145,1.003,184.598,4222,7139,2.110,1.770,1.500,5,0,12.039,0,0,25,392,0,85,2
12-04 12:44:18,35.164,6.235,56.862,1.247,0.249,5747548,378308,192908,1746564,811069.856,803085.290,0,1117.281,0,142.653,4525,10913,2.110,1.770,1.500,2,0,21.947,0,0,25,392,0,85,2
12-04 12:44:19,29.260,3.251,67.022,1.000,0.250,5748476,377080,192972,1746800,588646.076,581210.637,0,672.220,0,58.019,3352,5943,2.110,1.770,1.500,5,0,0,0,0,25,391,0,88,2
12-04 12:44:20,31.807,4.759,59.607,2.254,0.501,5748756,376512,193100,1746960,704399.031,696008.904,0,2135.851,0,308.556,5388,9876,2.110,1.770,1.500,3,0,0,0,0,25,390,0,88,2
12-04 12:44:21,37.086,6.471,53.265,2.240,0,5749676,374912,193184,1747536,593133.873,582409.158,43.807,1875.730,4.978,187.175,4332,7827,2.110,1.770,1.500,2,0,16.925,0,0,25,390,0,86,2
12-04 12:44:22,37.902,5.773,54.719,0.753,0,5755204,369188,193248,1747672,800205.423,791181.263,0,1216.876,0,132.531,4289,7552,2.100,1.770,1.500,2,0,6.024,0,0,25,390,0,86,2
12-04 12:44:23,46.231,9.246,43.982,0,0,5763896,360312,193276,1747824,397512.020,389153.447,0,1011.585,0,76.968,3812,6094,2.100,1.770,1.500,6,0,38.984,0,0,25,390,0,87,2
12-04 12:44:24,30.702,16.474,50.920,0.749,0.250,5774948,344308,193324,1752640,303435.214,294057.917,4248.339,918.560,70.889,69.890,7031,11102,2.100,1.770,1.500,1,0,26.958,0,0,26,390,0,88,2
12-04 12:44:25,35.203,5.992,53.179,3.745,0.499,5805852,313256,193356,1752752,346716.907,337711.856,19408.245,814.919,691.083,77.897,7785,14345,2.100,1.770,1.500,6,0,0,0,0,26,391,0,88,2
12-04 12:44:26,56.712,4.266,38.143,1.004,0,5861944,256920,193396,1752952,610523.526,601851.118,0,931.481,0,100.375,3873,6258,2.100,1.770,1.500,6,0,0,0,0,26,391,2,92,2
12-04 12:44:27,59.251,7.750,30.501,1.500,0.250,5874156,244100,193612,1753340,770023.630,762707.491,0,2432.046,0,284.005,5852,11092,2.250,1.810,1.520,3,0,14.000,0,0,26,390,2,87,2
12-04 12:44:28,55.704,9.242,36.470,0.999,0,5890128,228492,193708,1752812,781103.028,773621.215,67.944,2334.070,7.993,306.746,5535,9423,2.250,1.810,1.520,3,0,5.995,0,0,26,390,2,87,2
12-04 12:44:29,57.418,11.983,30.207,0.250,0,5904300,213896,193744,1753156,525059.115,516667.133,0,778.885,0,57.917,3988,6667,2.250,1.810,1.520,8,0,12.981,0,0,26,390,0,81,2
12-04 12:44:30,58.450,19.483,21.981,0.500,0,5929008,187940,193852,1754200,425053.130,417909.195,514.563,1175.002,33.971,103.912,7100,12209,2.250,1.810,1.520,2,0,35.969,0,0,27,398,0,81,2
12-04 12:44:31,55.558,16.517,29.531,1.752,0.250,5920972,196032,193960,1754012,568518.081,552683.423,7886.296,1253.318,288.303,154.162,8195,19610,2.250,1.810,1.520,15,0,6.006,0,0,26,399,0,72,2
12-04 12:44:32,58.888,14.534,27.815,0.752,0.251,5924132,192684,194072,1754024,720437.663,710166.659,12.028,1756.104,1.002,203.476,7424,10303,2.630,1.900,1.550,3,0,31.073,0,0,26,399,0,72,2
12-04 12:44:33,52.992,10.498,37.744,2.000,0.250,5926060,190248,194268,1754312,546563.376,540227.345,15.998,1703.739,3.999,232.964,5783,10116,2.630,1.900,1.550,2,1,0,0,0,26,399,0,72,2
12-04 12:44:34,31.160,3.739,64.563,0.748,0,5934004,182224,194304,1754352,23359.444,14834.100,364.945,406.823,50.853,36.893,5758,6212,2.630,1.900,1.550,1,0,0.997,0,0,26,398,0,72,2
12-04 12:44:35,41.949,9.239,44.446,8.739,0,5926368,189720,194352,1754444,428399.779,411347.447,172.791,13168.040,44.946,1312.409,8306,7953,2.630,1.900,1.550,1,0,0,0,0,26,398,0,70,2
12-04 12:44:36,30.298,4.257,62.349,0.751,0,5927296,188704,194380,1754500,83993.550,69273.144,483.769,19006.220,21.033,283.451,7009,7399,2.630,1.900,1.550,2,1,10.016,0,0,26,399,0,70,2
12-04 12:44:37,44.789,13.762,35.781,7.506,0,5778160,337344,194596,1754764,642277.570,634476.822,209.181,10249.866,16.014,392.339,6826,12782,2.660,1.920,1.560,4,0,28.024,0,0,25,398,0,67,2
12-04 12:44:38,38.264,3.751,54.519,1.250,0.250,5779916,335404,194696,1754804,603175.731,597174.594,0,1456.519,0,163.058,4645,7894,2.660,1.920,1.560,4,0,21.007,0,0,25,400,0,67,2
12-04 12:44:39,13.219,3.492,80.561,1.247,0.499,5779044,336136,194768,1754868,220705.886,213714.267,0,722.308,0,80.811,3131,5193,2.660,1.920,1.560,0,0,0,0,0,25,398,0,67,2
12-04 12:44:40,29.581,1.504,67.935,0.501,0,5779140,335852,194832,1754988,503957.276,498128.404,0,1889.144,0,83.227,3217,5275,2.660,1.920,1.560,2,0,0,0,0,25,400,0,67,2
12-04 12:44:41,29.225,5.245,63.945,0.749,0.250,5769192,345540,194972,1755084,556981.654,548030.406,0,1151.003,0,148.871,3904,6457,2.660,1.920,1.560,5,0,2.997,0,0,25,400,0,70,2
12-04 12:44:42,30.770,4.253,62.791,2.251,0,5768976,345508,195144,1755160,536991.507,530497.293,0,1444.938,0,203.132,5510,10398,2.930,1.980,1.580,1,0,0,0,0,25,399,0,73,2
12-04 12:44:43,26.153,3.487,66.255,1.744,0,5768668,345192,195296,1755628,517107.323,499825.146,3.985,1406.805,0.996,196.275,5156,8999,2.930,1.980,1.580,0,0,0,0,0,25,398,0,73,2
12-04 12:44:44,6.257,0.751,89.354,0,0.501,5768596,345224,195316,1755648,102635.955,95554.748,0,236.274,0,23.027,2441,3899,2.930,1.980,1.580,1,0,0,0,0,25,400,0,73,2
12-04 12:44:45,29.079,4.011,62.420,2.758,0.251,5768496,344688,195524,1756064,521133.483,513921.867,104.284,1672.549,7.019,224.611,5570,9875,2.930,1.980,1.580,2,0,0,0,0,25,399,0,76,2
12-04 12:44:46,27.185,3.990,66.091,0.748,0,5769356,343492,195644,1756280,559141.619,550716.830,0,1133.281,0,136.672,5008,8900,2.930,1.980,1.580,3,0,0,0,0,25,400,0,77,2
12-04 12:44:47,7.748,1.000,87.972,0.750,0.250,5769648,342956,195704,1756460,106727.488,96626.659,0,619.805,0,66.979,2731,4512,2.770,1.970,1.580,2,0,0,0,0,25,398,0,73,2
12-04 12:44:48,26.084,4.514,65.961,1.756,0.251,5769912,342192,195844,1756816,485378.668,476074.868,0,1573.038,0,205.659,5114,8713,2.770,1.970,1.580,1,0,0,0,0,25,400,0,74,2
12-04 12:44:49,28.447,3.493,66.376,0.749,0.250,5770552,341436,195904,1756864,450639.459,441507.472,0,1209.746,0,130.756,4976,8810,2.770,1.970,1.580,9,0,0,0,0,25,399,0,69,2
12-04 12:44:50,16.479,2.247,78.149,1.748,0.250,5771264,340172,196032,1756972,284612.419,276097.387,0,1270.364,0,161.792,3971,6778,2.770,1.970,1.580,1,0,0,0,0,25,398,0,70,2
12-04 12:44:51,19.265,3.753,75.058,1.001,0,5771044,340172,196132,1757092,344346.803,336374.672,0,1136.874,0,137.105,4380,7452,2.770,1.970,1.580,4,1,2.002,0,0,25,400,0,67,2
12-04 12:44:52,30.475,4.496,62.448,1.749,0,5771308,339440,196312,1757376,522057.082,515189.817,0,1630.638,0,213.821,5773,10166,2.710,1.970,1.580,8,0,0,0,0,25,399,0,69,2
12-04 12:44:53,30.596,5.517,62.195,1.505,0.502,5772520,337360,196436,1758108,596004.879,587766.059,108.340,1440.515,10.031,191.600,5971,11661,2.710,1.970,1.580,3,0,0,0,0,25,400,0,69,2
12-04 12:44:54,29.694,3.244,64.379,1.248,0,5773260,336124,196536,1758488,522203.347,512029.433,0,1129.880,0,142.732,5095,9619,2.710,1.970,1.580,2,0,0,0,0,25,399,0,71,2
12-04 12:44:55,25.734,4.247,65.209,1.249,0,5774264,334948,196608,1758584,462727.556,455551.092,0,871.449,0,87.944,5257,9587,2.710,1.970,1.580,1,0,1.999,0,0,25,401,0,65,2
12-04 12:44:56,35.247,6.749,56.246,2.250,0.250,5774188,334508,196816,1758892,649182.662,639930.365,0,1975.850,0,266.980,6853,12775,2.710,1.970,1.580,2,0,0,0,0,25,402,0,67,2
12-04 12:44:57,30.330,2.757,62.666,2.256,0.251,5775004,333200,197036,1759144,501448.845,484735.488,0,1792.758,0,225.599,5438,9732,2.650,1.970,1.580,3,0,0,0,0,25,401,0,70,2
12-04 12:44:58,30.222,2.747,62.193,2.747,0,5775164,332664,197232,1759320,566739.567,559119.524,0,1854.307,0,244.777,5386,9285,2.650,1.970,1.580,2,0,0,0,0,25,400,0,72,2
12-04 12:44:59,28.218,3.496,62.679,3.746,0.250,5775752,331720,197484,1759420,487992.568,480197.377,0,1869.887,0,244.723,5760,10213,2.650,1.970,1.580,4,0,0,0,0,25,400,0,74,2
12-04 12:45:00,29.235,1.999,64.966,1.999,0.250,5775640,331396,197668,1759672,403491.570,394961.040,0,1503.212,0,201.894,4394,7499,2.650,1.970,1.580,2,0,0,0,0,25,400,0,75,2
12-04 12:45:01,28.998,3.750,63.495,1.250,0,5777028,329916,197756,1759676,495898.791,488230.336,0,1355.904,0,175.988,4392,7451,2.650,1.970,1.580,2,0,3.000,0,0,25,402,0,76,2
12-04 12:45:02,26.793,3.506,64.102,2.504,0,5776908,329632,197964,1759868,557600.700,549991.587,0,1558.481,0,217.346,5186,9423,2.520,1.950,1.580,4,0,0,0,0,25,402,0,80,2
12-04 12:45:03,30.748,5.500,62.247,1.000,0.250,5777004,329132,198140,1760092,529336.416,518752.987,0,1431.923,0,180.990,5499,9703,2.520,1.950,1.580,1,0,0,0,0,25,401,0,84,2
12-04 12:45:04,26.940,3.991,65.604,1.247,0,5776748,329100,198284,1760232,527929.524,518473.507,79.823,1345.015,6.985,167.628,5865,10900,2.520,1.950,1.580,1,0,0,0,0,25,401,0,83,2
12-04 12:45:05,16.746,3.749,78.732,1.000,0.750,5776400,329100,198360,1760504,287523.157,279952.891,0,911.791,0,109.975,3380,6345,2.520,1.950,1.580,0,0,0,0,0,25,400,0,83,2
12-04 12:45:06,12.010,2.502,78.314,4.754,0,5776752,328704,198404,1760504,170588.029,163143.962,4.003,13755.210,1.001,1387.131,4210,5210,2.520,1.950,1.580,1,0,0,0,0,25,400,0,82,2
12-04 12:45:07,9.752,1.500,85.770,0.500,0.250,5776748,328392,198452,1760752,132342.365,123582.289,0,848.201,0,93.022,3259,5418,2.320,1.920,1.570,2,0,0,0,0,25,400,0,83,2
12-04 12:45:08,18.236,1.249,77.443,1.749,0,5777344,327636,198540,1760820,273020.692,265334.387,0,1103.183,0,140.896,3864,6660,2.320,1.920,1.570,4,0,0,0,0,25,400,0,79,2
12-04 12:45:09,10.254,1.751,85.535,1.251,0.250,5777948,326816,198568,1761004,125337.388,119225.883,0,528.217,0,57.023,2806,4762,2.320,1.920,1.570,2,0,0,0,0,25,401,0,79,2
12-04 12:45:10,33.981,6.746,57.218,1.499,0.500,5787052,316484,198732,1762052,530231.010,522090.585,0,1559.124,0,210.881,5727,10593,2.320,1.920,1.570,2,0,3.998,0,0,25,401,0,79,2
12-04 12:45:11,32.270,5.503,59.037,1.251,0,5781456,322728,198832,1761300,511626.278,505427.398,0,2201.378,0,306.192,5416,10123,2.320,1.920,1.570,2,0,2.001,0,0,25,401,0,83,2
12-04 12:45:12,27.823,5.264,65.421,1.003,0,5783600,320208,198936,1761564,498586.307,491567.976,0,1078.818,0,131.343,5571,10186,2.210,1.910,1.570,4,0,0,0,0,25,402,0,85,1
12-04 12:45:13,15.202,2.991,80.246,1.246,0.249,5783844,319704,198988,1761768,256187.143,248766.658,0,933.043,0,124.605,3970,6834,2.210,1.910,1.570,1,0,0,0,0,25,400,0,85,1
12-04 12:45:14,17.527,3.505,75.869,1.002,0.250,5784288,319232,199084,1761700,292706.085,284925.909,0,1073.680,0,141.221,4414,7315,2.210,1.910,1.570,2,0,0,0,0,25,401,0,81,1
12-04 12:45:15,30.232,3.998,62.963,2.249,0,5783772,319200,199244,1762084,599092.540,591152.264,0,1706.984,0,234.860,5245,9464,2.210,1.910,1.570,1,0,0,0,0,25,402,0,84,1
12-04 12:45:16,26.324,3.259,66.187,1.504,0.251,5784892,317656,199340,1762408,564351.163,546286.166,52.147,1271.590,2.006,147.416,5411,10568,2.210,1.910,1.570,1,0,0,0,0,25,401,0,83,1
12-04 12:45:17,25.959,3.744,65.645,1.747,0,5785500,316712,199484,1762592,506849.575,496824.565,0,1665.344,0,185.704,5547,10366,2.120,1.890,1.560,1,0,0,0,0,25,401,0,85,1
12-04 12:45:18,35.159,8.478,53.362,2.494,0.249,5786508,315168,199636,1762968,561627.754,551880.940,0,1970.907,0,280.276,6690,17865,2.120,1.890,1.560,6,0,33.912,0,0,25,402,0,86,1
12-04 12:45:19,27.512,2.751,65.530,1.251,0,5786344,314648,199716,1763552,534785.723,526047.774,0,1236.559,0,137.062,5302,9620,2.120,1.890,1.560,2,0,0,0,0,25,401,0,87,1
12-04 12:45:20,27.007,4.751,66.016,1.000,0.500,5787172,313452,199800,1763832,548337.439,536544.526,0,1320.326,0,149.037,5682,10158,2.120,1.890,1.560,1,0,0,0,0,25,401,0,84,1
12-04 12:45:21,28.771,4.753,63.046,2.502,0,5787620,312916,199972,1763744,555864.116,547279.798,0,1909.405,0,261.192,6067,10654,2.120,1.890,1.560,3,0,2.001,0,0,25,401,0,86,1
12-04 12:45:22,30.217,4.495,62.183,1.998,0.250,5787972,311876,200044,1764352,575793.416,567516.380,91.900,1929.910,2.997,230.750,5896,10535,2.110,1.890,1.560,1,0,0,0,0,25,401,0,88,1
12-04 12:45:23,28.228,4.497,64.950,1.249,0.250,5789472,310112,200100,1764560,510496.491,502350.706,0,1271.030,0,141.892,5513,10142,2.110,1.890,1.560,3,0,0,0,0,25,401,0,88,1
12-04 12:45:24,10.508,2.002,85.815,0.500,0,5789380,310072,200156,1764632,169124.704,152554.094,0,836.637,0,97.074,3237,5184,2.110,1.890,1.560,0,0,0,0,0,25,400,0,87,1
12-04 12:45:25,16.754,2.751,77.519,1.250,0.250,5790128,309096,200208,1764804,280765.384,265099.624,0,1140.274,0,143.034,3879,6509,2.110,1.890,1.560,2,0,0,0,0,25,400,0,87,1
12-04 12:45:26,10.761,1.251,87.087,0.751,0,5790524,308592,200244,1764876,128360.847,114055.599,0,652.650,0,69.069,2738,4294,2.110,1.890,1.560,1,0,0,0,0,25,401,0,83,1
12-04 12:45:27,27.208,5.242,63.403,1.997,0.499,5790432,308592,200336,1764876,609223.233,599813.686,0,1885.104,0,271.583,6086,11101,2.180,1.910,1.570,2,0,0.998,0,0,25,402,0,85,1
12-04 12:45:28,30.509,4.501,63.520,1.500,0,5791568,306820,200388,1765452,584627.481,577766.374,0,1328.408,0,173.053,5559,10246,2.180,1.910,1.570,1,0,0,0,0,25,401,0,86,1
12-04 12:45:29,25.043,4.257,66.866,1.503,0.250,5792564,305552,200468,1765640,582158.971,564575.587,0,1362.354,0,167.289,5478,10642,2.180,1.910,1.570,3,0,0,0,0,25,400,0,86,1
12-04 12:45:30,4.242,1.747,93.074,0,0,5792408,305520,200480,1765816,14868.898,6644.442,0,363.313,0,24.953,2079,3376,2.180,1.910,1.570,1,0,0,0,0,25,401,0,86,1
12-04 12:45:31,28.582,4.262,64.937,1.504,0.251,5793232,304512,200560,1765912,472946.505,464933.403,0,1817.239,0,252.729,5800,10384,2.180,1.910,1.570,1,0,2.006,0,0,25,402,0,86,1
12-04 12:45:32,32.476,3.747,61.455,2.998,0,5793364,304072,200616,1766156,609717.077,601905.803,0,1694.758,0,232.829,5534,9858,2.160,1.910,1.580,1,0,0,0,0,25,401,0,90,1
12-04 12:45:33,27.462,4.993,65.161,0.499,0.499,5793400,303748,200652,1766396,459623.775,451411.018,0,1134.447,0,131.820,5002,9331,2.160,1.910,1.580,4,0,0,0,0,25,401,0,91,1
12-04 12:45:34,16.989,3.248,76.451,0.999,0.250,5794500,302552,200700,1766444,368286.087,360700.987,0,1019.342,0,122.921,3859,7361,2.160,1.910,1.580,0,0,0,0,0,25,400,0,89,1
12-04 12:45:35,14.019,2.253,83.111,0.501,0,5794688,302332,200720,1766452,186929.991,179382.938,0,612.816,0,71.095,2805,4882,2.160,1.910,1.580,1,0,0,0,0,25,401,0,89,1
12-04 12:45:36,30.056,3.757,62.868,1.753,0.250,5795024,301448,200820,1766896,546851.346,541702.693,24.045,1975.704,3.006,286.537,5292,10436,2.160,1.910,1.580,2,0,0,0,0,25,402,0,90,1
12-04 12:45:37,27.200,3.743,60.390,5.740,0,5795252,300976,200896,1767060,486426.272,478819.155,0,14082.300,0,1502.258,6596,10065,2.390,1.960,1.590,2,0,0,0,0,25,401,0,94,1
12-04 12:45:38,27.787,3.505,66.590,0.751,0,5796704,299172,200920,1767380,532754.087,520954.204,0,809.089,0,95.128,5245,9586,2.390,1.960,1.590,2,0,0,0,0,25,402,0,93,1
12-04 12:45:39,13.961,1.496,80.273,1.745,0.499,5797464,298228,200980,1767500,221998.632,210863.101,0,977.238,0,143.594,3508,6078,2.390,1.960,1.590,2,0,0,0,0,25,400,0,94,1
12-04 12:45:40,22.006,4.251,73.020,1.250,0,5797036,298456,201048,1767628,358068.901,341624.313,0,948.265,0,136.038,4043,6934,2.390,1.960,1.590,5,0,0,0,0,25,401,0,94,1
12-04 12:45:41,30.089,4.764,62.435,2.257,0.501,5796784,298416,201148,1767812,565849.216,557895.698,0,1524.508,0,226.670,5412,9716,2.390,1.960,1.590,2,0,2.006,0,0,25,402,0,97,1
12-04 12:45:42,27.939,4.740,64.110,0.998,0,5797924,296904,201208,1768120,575247.509,567627.167,0,1301.156,0,170.627,6096,11273,2.440,1.980,1.600,3,0,0,0,0,25,401,0,91,1
12-04 12:45:43,26.057,3.257,66.396,1.754,0.251,5798652,295928,201224,1768348,530848.274,523232.542,0,1294.845,0,159.350,5248,9356,2.440,1.980,1.600,1,0,0,0,0,25,401,0,91,1
12-04 12:45:44,28.722,4.496,63.938,2.997,0.250,5799272,294872,201280,1768720,535387.533,526984.717,0,1686.357,0,203.801,5419,9932,2.440,1.980,1.600,2,0,0,0,0,25,401,0,92,1
12-04 12:45:45,29.751,4.000,62.753,2.250,0.250,5799408,294336,201368,1769024,564390.269,556706.938,0,1864.080,0,263.011,5464,10102,2.440,1.980,1.600,2,0,0,0,0,25,402,0,96,1
12-04 12:45:46,26.715,3.745,65.665,0.749,0,5800088,293384,201392,1769268,538229.302,528946.370,0,1090.582,0,119.844,5134,9437,2.440,1.980,1.600,1,0,0,0,0,25,401,0,97,1
12-04 12:45:47,26.730,4.746,66.201,1.749,0.250,5800776,292312,201444,1769596,510696.021,503567.339,67.949,1366.980,0.999,186.861,5179,10075,2.240,1.950,1.590,1,1,0,0,0,25,401,0,93,1
12-04 12:45:48,7.496,1.749,88.199,0.750,0.250,5801000,292028,201460,1769632,79995.682,73064.696,0,931.461,0,84.951,2537,4308,2.240,1.950,1.590,2,0,0,0,0,25,400,0,94,1
12-04 12:45:49,22.773,4.254,69.320,2.002,0.250,5801184,291808,201492,1769636,433659.562,424182.000,0,1049.059,0,146.147,4663,8329,2.240,1.950,1.590,1,0,0,0,0,25,402,0,93,1
12-04 12:45:50,29.576,3.509,61.408,2.005,0,5800776,290980,201608,1770012,531944.758,517287.014,0,1712.409,0,239.617,5475,9466,2.240,1.950,1.590,1,0,0,0,0,25,401,0,97,1
12-04 12:45:51,28.717,4.495,63.926,0.749,0,5801748,289736,201712,1770172,617902.794,609170.844,0,1198.620,0,160.815,6319,11684,2.240,1.950,1.590,1,0,1.998,0,0,25,400,1,95,1
12-04 12:45:52,23.201,3.992,69.854,1.996,0.499,5803728,287372,201764,1770500,410957.633,403473.320,0,1341.189,0,195.590,5128,9124,2.300,1.970,1.600,0,0,1.996,0,0,25,402,0,97,1
12-04 12:45:53,12.258,2.001,84.557,1.001,0.250,5803888,287112,201796,1770560,176460.582,168389.158,0,664.447,0,94.063,3076,4952,2.300,1.970,1.600,2,0,0,0,0,25,403,0,95,1
12-04 12:45:54,13.988,2.498,78.685,1.499,0.250,5805196,285340,201880,1770936,277249.883,271007.064,0,1258.955,0,200.833,3843,6680,2.300,1.970,1.600,0,0,0,0,0,25,400,0,97,1
12-04 12:45:55,17.285,3.006,75.902,1.754,0,5805656,284836,201936,1770920,328557.773,320419.480,0,949.902,0,111.223,3421,6114,2.300,1.970,1.600,1,0,0,0,0,25,401,0,91,1
12-04 12:45:56,30.449,3.494,61.897,2.496,0,5805420,284608,202008,1771288,521862.967,512941.874,0,1808.977,0,270.548,5595,10486,2.300,1.970,1.600,3,0,0,0,0,25,402,0,93,1
12-04 12:45:57,31.546,7.261,57.835,1.753,0,5820880,268716,202080,1771644,625146.340,617211.684,0,1466.154,0,197.290,6507,12834,2.200,1.950,1.600,2,0,1.001,0,0,25,401,0,91,1
12-04 12:45:58,28.196,5.989,65.126,0.250,0.499,5807600,281836,202172,1771692,400622.017,392625.227,0,878.329,0,83.841,4236,8188,2.200,1.950,1.600,2,0,0,0,0,25,401,0,91,1
12-04 12:45:59,26.520,3.252,66.799,1.251,0.250,5808536,280660,202268,1771832,564078.290,555338.840,0,1064.786,0,134.099,4643,8735,2.200,1.950,1.600,3,0,0,0,0,25,402,0,87,1
12-04 12:46:00,30.227,3.747,63.702,1.749,0,5808152,280536,202352,1772248,552079.420,544321.316,63.951,1530.837,0.999,208.841,5482,9869,2.200,1.950,1.600,2,0,0,0,0,25,401,0,90,1
12-04 12:46:01,27.296,5.008,64.858,1.252,0.250,5809152,279212,202392,1772528,488536.880,481559.241,0,993.657,0,118.197,5309,9822,2.200,1.950,1.600,2,0,2.003,0,0,25,400,0,87,1
12-04 12:46:02,29.239,4.498,63.725,2.249,0,5809488,278456,202468,1772864,507619.566,491701.695,59.977,1455.440,2.999,183.929,5794,10344,2.180,1.950,1.600,1,0,0,0,0,25,402,0,87,1
12-04 12:46:03,31.038,4.005,62.075,1.502,0.250,5809996,277796,202544,1772928,536127.250,528936.542,0,1557.887,0,218.264,5056,9256,2.180,1.950,1.600,2,0,0,0,0,25,401,0,84,1
12-04 12:46:04,29.183,3.243,65.848,0.998,0.249,5810580,276968,202592,1773104,548675.303,541220.487,0,1041.599,0,129.701,5680,10611,2.180,1.950,1.600,1,0,0,0,0,25,401,0,85,1
12-04 12:46:05,25.773,4.004,66.560,2.002,0.250,5811384,275732,202708,1773412,481966.143,475698.459,0,1281.162,0,178.162,4759,8866,2.180,1.950,1.600,2,0,0,0,0,25,400,0,86,2
12-04 12:46:06,29.498,3.500,62.995,1.750,0.250,5811588,275164,202824,1773652,571430.714,563210.322,0,1595.882,0,227.983,5818,10652,2.180,1.950,1.600,1,0,0,0,0,25,402,0,89,1
12-04 12:46:07,29.844,5.016,62.196,2.257,0,5811512,274872,202908,1773928,491291.006,485175.700,0,1781.625,0,252.798,5814,10238,2.090,1.930,1.600,1,0,0,0,0,25,401,0,93,1
12-04 12:46:08,23.720,3.745,62.171,8.240,0.499,5812600,273668,202928,1774020,424020.798,417298.362,0,14916.996,0,1527.055,6383,9312,2.090,1.930,1.600,3,0,0,0,0,25,401,0,93,1
12-04 12:46:09,27.180,3.740,67.826,0.249,0,5813352,272660,202964,1774236,391462.333,382362.710,0,598.463,0,68.823,4318,7933,2.090,1.930,1.600,1,0,0,0,0,25,402,0,90,1
12-04 12:46:10,32.024,5.254,58.794,1.751,0,5823472,261264,203068,1775400,534807.967,527090.209,0,1397.042,0,175.131,4782,8511,2.090,1.930,1.600,3,0,4.003,0,0,25,400,0,92,1
12-04 12:46:11,6.228,2.740,87.940,0.747,0.498,5823032,261548,203084,1775536,27458.155,19955.617,0,581.947,0,67.761,2792,4643,2.090,1.930,1.600,4,0,1.993,0,0,25,401,0,87,1
12-04 12:46:12,18.820,4.015,73.274,1.506,0,5817052,268392,203124,1774632,343000.135,325882.147,0,1453.433,0,188.705,4147,7111,1.920,1.900,1.590,1,0,0,0,0,25,400,0,88,1
12-04 12:46:13,15.783,2.255,79.166,1.503,0,5817048,268108,203156,1774884,318488.277,311159.947,0,986.063,0,138.289,3711,6238,1.920,1.900,1.590,1,0,0,0,0,25,401,0,84,1
12-04 12:46:14,28.443,3.742,64.870,1.746,0.499,5817108,267604,203272,1775208,585945.180,578052.006,0,1992.006,0,296.406,6183,11118,1.920,1.900,1.590,3,0,0,0,0,25,401,0,86,1
12-04 12:46:15,29.516,3.502,62.034,2.501,0,5817336,267060,203368,1775416,556728.974,547915.162,4.002,2061.125,1.001,303.166,5400,9709,1.920,1.900,1.590,4,0,0,0,0,25,401,0,88,1
12-04 12:46:16,28.205,3.744,66.645,0.749,0.250,5818120,266012,203404,1775640,450974.010,443489.843,0,926.535,0,107.830,4911,9242,1.920,1.900,1.590,2,0,0,0,0,25,401,0,88,1
12-04 12:46:17,29.563,3.006,66.892,1.754,0.251,5817868,266076,203460,1775768,548053.161,539751.512,0,1146.437,0,152.324,5087,9189,1.770,1.870,1.580,5,0,0,0,0,25,401,0,84,1
12-04 12:46:18,13.220,5.737,78.822,0.499,0,5819732,264004,203484,1775952,81016.578,73640.278,0,718.374,0,75.828,3816,7994,1.770,1.870,1.580,0,0,33.923,0,0,25,400,0,86,1
12-04 12:46:19,25.288,4.256,68.604,1.502,0,5819772,263784,203616,1775992,524398.610,515888.667,0,1574.395,0,231.352,5036,9623,1.770,1.870,1.580,1,0,0,0,0,25,402,0,80,1
12-04 12:46:20,30.019,3.252,62.790,2.251,0.250,5819672,263524,203684,1776272,504850.065,497252.263,0,1745.103,0,227.144,5150,8929,1.770,1.870,1.580,4,1,0,0,0,25,401,0,84,1
12-04 12:46:21,27.710,4.743,65.156,1.498,0.250,5819664,263216,203760,1776512,565396.133,557187.978,0,1393.988,0,152.780,5880,10931,1.770,1.870,1.580,2,0,1.997,0,0,25,401,0,83,1
12-04 12:46:22,24.488,3.998,68.716,1.000,0.250,5820312,262264,203812,1776760,467578.678,459340.789,0,1451.276,0,195.902,5394,9612,1.710,1.860,1.580,0,0,0,0,0,25,402,0,84,1
12-04 12:46:23,9.025,1.504,86.738,0.501,0,5820304,262200,203856,1776784,142279.557,133074.289,0,762.092,0,88.242,2769,4651,1.710,1.860,1.580,4,0,0,0,0,25,403,0,81,1
12-04 12:46:24,28.694,3.493,64.373,1.747,0,5820376,261720,203996,1777048,603173.162,593644.894,0,2235.605,0,246.515,5490,10029,1.710,1.860,1.580,2,0,0,0,0,25,404,0,82,1
12-04 12:46:25,28.261,5.502,64.274,1.250,0.250,5820664,261248,204084,1777140,469972.590,462118.605,0,1468.558,0,195.074,5259,9311,1.710,1.860,1.580,2,0,0,0,0,25,403,0,85,1
12-04 12:46:26,26.211,3.994,66.402,1.248,0.250,5821380,260168,204136,1777444,486572.845,470151.117,0,1026.483,0,120.821,5377,9844,1.710,1.860,1.580,2,0,0,0,0,25,403,0,85,1
12-04 12:46:27,23.754,3.251,70.263,1.500,0.500,5822128,259192,204188,1777616,412891.559,405584.222,0,1204.220,0,163.030,4592,7976,1.810,1.870,1.580,0,0,0,0,0,25,400,0,85,1
12-04 12:46:28,10.508,2.252,86.316,0.500,0,5822272,258972,204200,1777680,176746.211,168287.740,0,476.364,0,58.044,2500,4211,1.810,1.870,1.580,3,0,0,0,0,25,401,0,85,1
12-04 12:46:29,26.574,4.262,64.180,2.758,0,5822272,258656,204280,1777916,524807.937,517275.855,0,1684.716,0,242.679,5440,10296,1.810,1.870,1.580,2,0,0,0,0,25,401,0,88,1
12-04 12:46:30,29.374,4.232,64.472,1.245,0.249,5822488,258152,204368,1778108,533943.838,528485.342,0,1382.049,0,192.173,5318,9755,1.810,1.870,1.580,2,0,0,0,0,25,401,0,90,1
12-04 12:46:31,27.308,3.758,66.892,1.002,0,5823776,256704,204404,1778232,510387.490,505034.157,0,745.578,0,92.195,4844,9279,1.810,1.870,1.580,1,0,2.004,0,0,25,401,0,93,1
12-04 12:46:32,29.261,2.251,65.275,1.501,0.500,5823912,256192,204460,1778544,383784.525,375492.316,0,1236.479,0,172.067,4918,8734,1.830,1.880,1.590,2,0,0,0,0,25,402,0,93,1
12-04 12:46:33,29.468,4.495,62.182,1.498,0.250,5824724,254460,204516,1779404,594330.180,587222.927,0,1498.367,0,186.796,5049,9285,1.830,1.880,1.590,1,0,0,0,0,25,401,0,100,1
12-04 12:46:34,26.773,5.004,66.307,1.501,0,5824884,253916,204556,1779736,502475.119,495811.415,0,1064.912,0,129.111,5716,10152,1.830,1.880,1.590,2,0,0,0,0,25,401,0,97,1
12-04 12:46:35,22.467,4.244,71.644,1.747,0.250,5825996,252608,204628,1779844,440232.337,431420.361,0,1214.205,0,185.725,4463,8087,1.830,1.880,1.590,0,0,0,0,0,25,399,0,99,1
12-04 12:46:36,10.500,2.250,85.751,0.500,0,5825840,252576,204640,1780016,186918.243,177738.133,24.000,496.006,1.000,63.001,2684,4265,1.830,1.880,1.590,1,0,0,0,0,25,400,0,99,1
12-04 12:46:37,27.218,5.494,62.927,3.496,0.499,5826328,251788,204720,1780236,495524.228,488581.337,0,1749.956,0,252.705,5590,10152,1.920,1.900,1.590,7,0,0.999,0,0,25,401,0,101,1
12-04 12:46:38,29.789,3.755,63.584,1.752,0,5827136,250584,204808,1780536,536183.763,520579.164,0,1638.162,0,225.297,5463,9704,1.920,1.900,1.590,1,0,0,0,0,25,400,0,98,1
12-04 12:46:39,23.999,4.750,62.248,8.750,0,5827824,249788,204828,1780620,404669.051,396062.326,0,13771.559,0,1488.952,6206,9274,1.920,1.900,1.590,2,0,0,0,0,25,400,0,98,1
12-04 12:46:40,29.106,5.269,63.230,1.004,0.251,5828360,249008,204848,1780832,522855.626,502381.160,0,955.475,0,106.387,5121,9676,1.920,1.900,1.590,1,0,0,0,0,25,401,0,97,1
12-04 12:46:41,14.459,2.244,80.274,1.745,0,5828068,249024,204908,1781044,245969.612,230872.171,0,1156.739,0,170.519,3830,6678,1.920,1.900,1.590,1,0,1.994,0,0,25,399,0,98,1
12-04 12:46:42,18.785,2.254,74.891,2.254,0.501,5828248,248820,204984,1780992,341795.652,335345.468,0,1310.475,0,174.329,4113,7136,1.930,1.900,1.600,3,0,0,0,0,25,400,0,94,1
12-04 12:46:43,27.408,4.983,65.280,1.993,0.249,5827996,248536,205036,1781468,502780.145,493432.599,0,1570.715,0,203.316,5437,10367,1.930,1.900,1.600,4,0,0,0,0,25,401,0,95,1
12-04 12:46:44,29.818,3.759,62.141,1.754,0,5828112,248284,205088,1781552,469872.200,461846.005,0,1611.654,0,221.502,5293,8990,1.930,1.900,1.600,2,0,0,0,0,25,401,0,96,1
12-04 12:46:45,29.431,4.489,63.850,1.496,0,5828124,247992,205108,1781808,521127.997,512823.455,0,1237.101,0,152.642,5153,9334,1.930,1.900,1.600,3,0,0,0,0,25,400,0,98,1
12-04 12:46:46,27.533,4.255,66.080,1.252,0.250,5828780,247016,205152,1782072,551185.178,543924.429,4.005,1057.274,1.001,125.151,5194,9780,1.930,1.900,1.600,3,0,0,0,0,25,400,0,93,1
12-04 12:46:47,12.490,2.248,81.187,2.748,0,5829064,246512,205168,1782276,176552.055,169404.558,0,1191.083,0,170.868,3686,6380,1.770,1.870,1.590,0,0,0,0,0,25,399,0,95,1
12-04 12:46:48,19.009,3.001,73.036,3.252,0.500,5829956,245528,205188,1782344,389488.681,372265.293,0,1136.554,0,132.064,4031,6865,1.770,1.870,1.590,1,0,0,0,0,25,400,0,94,1
12-04 12:46:49,27.526,2.753,66.563,2.002,0,5829884,245276,205220,1782628,495028.772,487271.395,0,1353.287,0,170.162,5138,9241,1.770,1.870,1.590,1,0,0,0,0,25,401,0,94,1
12-04 12:46:50,29.258,5.001,62.767,3.501,0.250,5830040,244804,205272,1782892,536164.837,527076.365,0,1584.431,0,235.064,4875,8624,1.770,1.870,1.590,1,0,0,0,0,25,401,0,95,1
12-04 12:46:51,28.050,5.009,64.866,1.002,0.250,5830704,243724,205292,1783276,502226.991,495618.148,0,1178.111,0,146.262,5449,10337,1.770,1.870,1.590,1,0,2.004,0,0,25,400,0,96,1
12-04 12:46:52,27.489,3.749,66.224,0.750,0,5831792,242424,205312,1783464,571350.602,560912.757,0,1147.543,0,127.949,5219,9447,1.710,1.850,1.580,2,0,0,0,0,25,400,0,94,1
12-04 12:46:53,28.672,4.737,64.325,2.244,0.499,5832728,241384,205376,1783504,570018.270,562168.653,0,1767.186,0,245.332,5788,10456,1.710,1.850,1.580,1,0,0,0,0,25,401,0,95,1
12-04 12:46:54,30.483,3.248,62.466,1.749,0,5832508,241188,205424,1783860,496810.245,488540.768,0,1583.134,0,216.881,5562,9484,1.710,1.850,1.580,2,0,0,0,0,25,400,0,94,1
12-04 12:46:55,27.242,3.499,65.232,1.250,0,5833312,240116,205456,1784092,527244.844,520050.866,0,1167.672,0,125.965,5570,10399,1.710,1.850,1.580,1,0,0,0,0,25,400,0,94,1
12-04 12:46:56,27.827,4.011,65.932,1.504,0,5834280,238912,205480,1784296,542936.677,535535.219,0,1050.905,0,131.363,4917,8849,1.710,1.850,1.580,1,0,0,0,0,25,400,0,94,1
12-04 12:46:57,31.214,4.245,60.680,1.998,0.749,5834396,238628,205536,1784404,581036.389,571982.792,0,1745.994,0,235.729,5722,10007,1.730,1.850,1.590,3,0,0,0,0,25,401,0,98,1
12-04 12:46:58,31.469,6.244,59.692,1.249,0.250,5835328,237304,205564,1784764,609710.313,602311.542,0,1102.922,0,130.872,6541,12493,1.730,1.850,1.590,2,0,0,0,0,25,400,0,98,1
12-04 12:46:59,25.766,5.503,66.792,0.750,0,5835928,236320,205596,1785112,506736.257,497350.325,0,804.508,0,90.057,4539,8566,1.730,1.850,1.590,1,0,0,0,0,25,400,0,98,1
12-04 12:47:00,27.556,4.259,64.882,1.754,0,5836148,235848,205612,1785348,537896.931,530406.726,0,1623.295,0,199.405,5454,9872,1.730,1.850,1.590,2,0,0,0,0,25,401,0,98,1
12-04 12:47:01,28.672,3.491,64.825,1.496,0.249,5836960,235012,205668,1785316,453199.642,443432.073,0,1503.930,0,216.414,4908,9015,1.730,1.850,1.590,1,0,1.995,0,0,25,399,0,101,1
12-04 12:47:02,26.812,4.510,64.649,1.754,0,5836928,233516,205680,1786804,493580.157,485961.543,0,1459.374,0,202.468,5369,9629,1.670,1.840,1.580,1,0,0,0,0,25,401,0,102,1
12-04 12:47:03,27.684,3.741,63.600,1.995,0.748,5837284,232736,205700,1787208,563132.628,556291.814,0,1656.082,0,237.438,5613,9940,1.670,1.840,1.580,3,0,0,0,0,25,400,0,107,1
12-04 12:47:04,30.049,3.756,62.102,3.506,0,5837064,232444,205748,1787660,502895.755,494298.638,0,1871.072,0,265.436,5493,9833,1.670,1.840,1.580,1,0,0,0,0,25,401,0,105,1
12-04 12:47:05,27.948,2.994,67.625,0.499,0,5838820,230428,205776,1787892,442046.005,432732.282,0,598.889,0,79.852,3433,6105,1.670,1.840,1.580,1,0,0,0,0,25,401,0,111,1
12-04 12:47:06,29.511,4.252,62.274,2.501,0.250,5838812,230224,205816,1788040,520792.505,510237.441,0,1792.690,0,241.093,4841,8874,1.670,1.840,1.580,1,0,0,0,0,25,401,0,106,1
12-04 12:47:07,41.269,7.003,47.272,3.252,0,5841272,227200,205872,1788544,841231.855,833803.386,4.002,2213.033,1.000,245.114,5673,9643,1.860,1.880,1.600,1,0,15.007,0,0,25,400,0,107,1
12-04 12:47:08,36.777,3.753,57.542,1.251,0,5842912,224056,205900,1790016,807001.532,799795.250,0,1385.015,0,159.117,4654,8005,1.860,1.880,1.600,4,0,4.003,0,0,25,400,0,102,1
12-04 12:47:09,36.247,7.448,54.370,0.248,0.497,5846272,220576,205904,1790128,313503.669,305331.815,0,730.889,0,43.694,2830,4057,1.860,1.880,1.600,10,0,23.833,0,0,25,400,0,102,1
12-04 12:47:10,35.576,14.129,43.902,5.551,0,5897732,167000,205956,1792088,379306.064,371548.008,447.095,16119.640,32.296,1701.585,8129,10051,1.860,1.880,1.600,4,0,17.157,0,0,26,400,0,100,1
12-04 12:47:11,35.456,8.240,50.687,3.496,0.250,5893424,171092,205972,1792288,333171.200,318238.657,17022.960,1118.617,612.243,120.851,9958,16163,1.860,1.880,1.600,2,0,3.995,0,0,26,401,0,100,1
12-04 12:47:12,40.684,6.989,48.421,1.997,0,5948884,150216,204868,1761672,335574.349,327244.918,2415.066,1465.613,84.862,176.712,4761,8156,1.870,1.880,1.600,2,0,0,0,0,26,400,0,101,1
12-04 12:47:13,40.972,5.746,50.465,0.500,0.250,5862900,236076,204892,1761796,532090.857,524594.030,0,1558.924,0,179.876,4544,7908,1.870,1.880,1.600,5,0,13.990,0,0,25,400,0,105,1
12-04 12:47:14,35.332,6.014,57.634,1.504,0,5860440,238136,204912,1762152,532357.861,521632.883,0,1479.446,0,138.322,4419,7316,1.870,1.880,1.600,4,0,17.040,0,0,25,401,0,105,1
12-04 12:47:15,14.504,2.501,79.521,1.750,0.250,5860444,237852,204940,1762368,291439.814,281075.047,0,1476.394,0,167.045,3987,7138,1.870,1.880,1.600,1,0,0,0,0,25,401,0,103,1
12-04 12:47:16,13.466,2.244,79.796,1.496,0.249,5860208,237868,204972,1762532,207233.689,199329.915,47.877,1424.355,6.982,163.581,3631,6151,1.870,1.880,1.600,0,0,0,0,0,25,400,0,104,1
12-04 12:47:17,18.506,3.751,75.025,2.001,0.250,5851576,246180,205016,1762800,338371.678,330172.948,0,1608.536,0,198.066,3934,6934,1.720,1.850,1.590,0,0,0,0,0,25,400,0,102,1
12-04 12:47:18,13.279,4.760,80.174,0.251,0,5875732,221984,205052,1762804,132337.909,127109.574,0,529.147,0,61.133,2736,7249,1.720,1.850,1.590,4,0,34.074,0,0,25,401,0,105,1
12-04 12:47:19,12.979,2.496,82.114,0.998,0,5846316,251172,205092,1762992,211750.764,202538.002,0,1142.111,0,132.780,3225,5820,1.720,1.850,1.590,0,0,0,0,0,25,400,0,102,1
12-04 12:47:20,15.981,2.996,78.654,1.498,0.499,5846908,250416,205112,1763132,325550.805,319097.658,0,1094.668,0,147.820,3670,6607,1.720,1.850,1.590,2,0,0.999,0,0,25,400,0,104,1
12-04 12:47:21,8.507,1.501,86.822,0.751,0.250,5847132,250132,205136,1763164,148884.169,134526.195,0,568.474,0,74.062,2494,4302,1.720,1.850,1.590,4,0,2.002,0,0,25,401,0,100,1
12-04 12:47:22,11.745,2.999,82.463,1.249,0,5847300,249628,205184,1763452,217700.905,211276.771,0,1239.447,0,165.926,3447,6250,1.580,1.820,1.580,0,0,0,0,0,25,400,0,101,1
12-04 12:47:23,27.329,3.259,66.944,1.504,0,5849004,247896,205220,1763444,530939.007,523041.158,0,1556.503,0,195.566,3956,7139,1.580,1.820,1.580,1,0,0,0,0,25,402,0,100,1
12-04 12:47:24,31.228,3.497,61.956,2.998,0.250,5849624,246856,205308,1763768,548087.022,541096.034,0,1858.667,0,245.824,4883,8907,1.580,1.820,1.580,1,0,0,0,0,25,401,0,103,1
12-04 12:47:25,27.448,2.745,63.879,1.996,0.250,5849864,246572,205348,1763772,473567.748,466092.957,0,1409.321,0,207.605,4783,8956,1.580,1.820,1.580,4,0,0,0,0,25,401,0,104,1
12-04 12:47:26,27.265,5.003,65.536,1.751,0.250,5850044,246084,205392,1764016,482104.050,473153.073,0,988.550,0,124.069,5228,9604,1.580,1.820,1.580,5,0,0,0,0,25,401,0,104,1
12-04 12:47:27,28.235,4.498,64.466,2.499,0,5850624,245108,205452,1764344,474856.125,469600.868,0,1195.376,0,173.909,5130,9306,1.540,1.800,1.580,4,0,0,0,0,25,401,0,103,1
12-04 12:47:28,7.001,0.750,90.007,0.750,0.250,5850608,245076,205460,1764380,54338.401,48876.959,0,508.041,0,58.005,2381,4076,1.540,1.800,1.580,0,0,0,0,0,25,400,0,104,1
12-04 12:47:29,17.991,2.249,76.213,1.749,0,5851656,243848,205496,1764524,361889.036,351270.229,0,1479.277,0,181.911,4017,6857,1.540,1.800,1.580,0,0,0,0,0,25,400,0,105,1
12-04 12:47:30,14.272,2.253,80.875,0.751,0.501,5851512,243880,205508,1764624,255720.623,246144.771,0,757.174,0,100.155,3314,5596,1.540,1.800,1.580,1,0,0,0,0,25,400,0,105,1
12-04 12:47:31,29.577,4.261,62.413,2.507,0.251,5851616,243548,205548,1764792,556589.028,547876.314,0,2181.688,0,251.656,5728,10118,1.540,1.800,1.580,2,0,2.005,0,0,25,402,0,98,1
12-04 12:47:32,28.248,3.750,64.995,1.750,0,5858192,236744,205572,1764996,451988.101,443548.734,0,1419.894,0,161.988,5042,9116,1.650,1.820,1.580,1,1,0,0,0,25,401,0,103,1
12-04 12:47:33,28.152,3.986,65.023,1.495,0,5859588,234948,205592,1765372,505030.424,487612.283,0,1036.379,0,115.596,5195,9735,1.650,1.820,1.580,3,0,0,0,0,25,402,0,103,1
12-04 12:47:34,14.237,2.498,79.927,0.749,0.500,5859740,234696,205632,1765432,240138.034,232814.742,0,1358.755,0,181.833,3838,6449,1.650,1.820,1.580,1,0,0,0,0,25,400,0,105,1
12-04 12:47:35,18.263,3.502,73.802,2.252,0,5860244,233940,205680,1765628,344712.954,337631.004,0,956.669,0,123.086,4239,7463,1.650,1.820,1.580,1,0,0,0,0,25,401,0,101,1
12-04 12:47:36,31.772,3.252,61.542,1.251,0.500,5859844,233720,205724,1766200,597272.131,589340.698,0,2109.445,0,259.178,5206,9380,1.650,1.820,1.580,1,0,0,0,0,25,401,0,105,1
12-04 12:47:37,28.746,4.999,63.990,1.500,0,5861132,232176,205760,1766420,524642.730,518010.744,55.991,1227.812,6.999,149.977,5457,10470,1.760,1.840,1.590,1,0,0,0,0,25,401,0,106,1
12-04 12:47:38,29.022,4.253,64.550,1.501,0,5861768,231420,205796,1766500,504297.822,498451.303,0,1180.913,0,151.117,4898,9070,1.760,1.840,1.590,1,0,0,0,0,25,401,0,109,1
12-04 12:47:39,29.463,2.747,64.668,1.498,0,5861900,230980,205828,1766764,554045.241,544096.806,0,1158.537,0,148.812,4896,9665,1.760,1.840,1.590,2,0,0,0,0,25,402,0,106,1
12-04 12:47:40,27.238,5.248,64.721,1.999,0.250,5862212,230516,205848,1766892,501652.751,495383.591,0,1199.457,0,152.931,5529,9815,1.760,1.840,1.590,2,0,0,0,0,25,404,0,107,0
12-04 12:47:41,21.520,3.753,62.808,10.009,0.751,5860452,231752,205880,1767380,428009.048,420810.354,0,14741.710,0,1751.629,5874,7362,1.760,1.840,1.590,0,0,2.002,0,0,25,400,0,117,0
12-04 12:47:42,16.033,2.756,78.660,0.501,0,5860420,231784,205892,1767368,295177.620,288112.292,0,857.739,0,121.246,4095,6936,1.620,1.810,1.580,2,0,0,0,0,25,403,0,117,0
12-04 12:47:43,28.704,3.494,65.645,1.747,0,5860088,231564,205920,1767888,420782.693,403115.836,0,1198.091,0,169.730,4331,7558,1.620,1.810,1.580,4,0,0,0,0,25,401,0,119,0
12-04 12:47:44,24.466,3.495,68.905,0.999,0,5860604,230556,205972,1768312,513143.402,487234.079,0,1402.069,0,198.726,5084,9318,1.620,1.810,1.580,2,0,0,0,0,25,400,0,120,0
12-04 12:47:45,7.756,1.501,87.817,0.250,0,5860604,230524,205984,1768332,127636.898,116811.594,0,288.221,0,27.021,2250,3591,1.620,1.810,1.580,6,0,0,0,0,25,401,0,114,0
12-04 12:47:46,29.822,4.762,62.652,3.258,0.501,5860768,222208,206068,1776160,566277.524,557242.642,8.019,4242.275,2.005,611.481,5922,10994,1.620,1.810,1.580,3,0,4.010,0,0,25,401,0,116,0
12-04 12:47:47,28.006,4.501,63.764,1.500,0.250,5861584,220916,206116,1776584,572140.015,564280.270,4.001,1244.276,1.000,164.036,5241,10320,1.570,1.800,1.580,1,1,0,0,0,25,402,0,114,0
12-04 12:47:48,29.242,3.749,64.233,1.000,0,5862064,220160,206156,1776816,496059.040,486566.546,0,1059.720,0,133.965,4996,9348,1.570,1.800,1.580,2,0,0,0,0,25,401,0,117,0
12-04 12:47:49,27.666,3.240,66.797,0.748,0.249,5863124,218900,206180,1776988,468635.161,460333.349,0,745.737,0,80.755,5029,9095,1.570,1.800,1.580,2,0,0,0,0,25,401,0,117,0
12-04 12:47:50,11.503,2.751,83.020,1.750,0,5863820,217668,206212,1777144,172942.544,165671.755,0,1004.247,0,152.037,3643,6022,1.570,1.800,1.580,0,0,0,0,0,25,400,0,118,0
12-04 12:47:51,22.772,3.754,72.569,1.752,0.500,5863888,217424,206252,1777280,402145.451,394268.921,0,1093.045,0,159.152,4502,8349,1.570,1.800,1.580,4,0,2.002,0,0,25,403,0,114,0
12-04 12:47:52,30.987,2.999,61.225,2.749,0,5863832,217100,206292,1777608,596984.028,588998.278,0,1727.297,0,257.895,5696,10434,1.520,1.790,1.580,2,0,0,0,0,25,401,0,118,0
12-04 12:47:53,28.760,4.001,64.023,1.751,0.250,5863552,217196,206328,1777752,583314.743,575389.867,0,1704.619,0,224.081,5567,10324,1.520,1.790,1.580,1,0,0,0,0,25,400,0,119,0
12-04 12:47:54,5.757,1.001,91.113,0.501,0,5863728,216848,206344,1777904,53580.493,35879.526,0,596.741,0,47.058,2604,3930,1.520,1.790,1.580,1,0,0,0,0,25,401,0,119,0
12-04 12:47:55,14.961,2.743,78.797,1.745,0,5863636,216628,206416,1778140,307270.243,292446.488,0,1236.809,0,186.519,3773,6458,1.520,1.790,1.580,1,0,0,0,0,25,400,0,120,0
12-04 12:47:56,16.506,4.002,78.780,1.000,0,5863604,216660,206436,1778120,307288.692,294404.757,0,856.328,0,114.044,3791,6568,1.520,1.790,1.580,1,0,0,0,0,25,403,0,117,0
12-04 12:47:57,30.006,4.001,63.762,1.500,0.250,5863672,216124,206488,1778528,566044.284,546483.646,0,1392.259,0,187.035,5099,9564,1.480,1.770,1.570,1,0,0,0,0,25,401,0,120,0
12-04 12:47:58,29.745,5.249,62.739,1.750,0.750,5864004,215384,206524,1778880,517438.309,507214.180,0,1483.728,0,171.969,5644,11669,1.480,1.770,1.570,2,0,0,0,0,25,400,0,118,0
12-04 12:47:59,14.281,3.257,79.420,1.253,0,5863900,215320,206540,1779028,339689.917,331251.885,0,845.807,0,117.251,3718,6405,1.480,1.770,1.570,1,0,0,0,0,25,401,0,120,0
12-04 12:48:00,29.941,4.242,63.374,1.747,0,5864612,214532,206576,1779064,561204.448,549540.612,0,1273.471,0,167.667,5450,9817,1.480,1.770,1.570,1,0,0,0,0,25,401,0,120,0
12-04 12:48:01,26.776,4.004,65.313,1.501,0.250,5866008,212768,206596,1779412,504241.593,492765.519,0,1032.997,0,121.117,5408,9890,1.480,1.770,1.570,4,0,2.002,0,0,25,401,0,121,0
12-04 12:48:02,25.990,3.249,66.975,1.749,0.250,5866828,211492,206624,1779816,540298.009,530201.765,0,1627.395,0,219.918,5778,10528,1.440,1.760,1.570,3,0,0,0,0,25,400,0,118,0
12-04 12:48:03,7.762,1.502,88.636,0.250,0.250,5866728,211524,206624,1779884,130042.355,122669.052,0,452.694,0,37.057,2401,3849,1.440,1.760,1.570,2,0,0,0,0,25,401,0,119,0
12-04 12:48:04,13.714,1.496,80.789,1.745,0.249,5866844,211208,206644,1780060,234518.844,226387.035,0,1172.943,0,163.574,3672,6553,1.440,1.760,1.570,0,0,0,0,0,25,400,0,112,0
12-04 12:48:05,17.970,4.742,74.375,1.248,0,5866932,210988,206660,1780176,393979.085,387415.080,0,1130.107,0,159.732,4510,8467,1.440,1.760,1.570,3,0,0,0,0,25,401,0,113,0
12-04 12:48:06,31.091,4.764,61.680,2.758,0,5879024,198584,206704,1780436,567017.991,561444.734,0,2114.167,0,255.746,5413,9563,1.440,1.760,1.570,3,0,1.003,0,0,25,402,0,109,0
12-04 12:48:07,31.481,5.747,58.715,1.749,0,5868624,208484,206740,1780880,534097.008,525669.073,0,2078.751,0,253.847,5409,10578,1.330,1.730,1.560,1,0,0,0,0,25,401,0,114,0
12-04 12:48:08,25.996,4.249,67.239,0.750,0.500,5869788,207192,206764,1780984,540125.500,534519.408,0,975.842,0,109.982,5415,10509,1.330,1.730,1.560,1,0,0,0,0,25,401,0,111,0
12-04 12:48:09,27.537,4.506,64.838,2.253,0.250,5870488,206248,206776,1781204,512580.033,504053.488,0,1201.627,0,160.217,5015,9357,1.330,1.730,1.560,2,0,0,0,0,25,399,0,113,0
12-04 12:48:10,4.991,0.749,90.845,0.499,0.250,5870496,206184,206796,1781240,37896.349,21481.353,0,455.223,0,48.917,2424,4105,1.330,1.730,1.560,0,0,0,0,0,25,400,0,113,0
12-04 12:48:11,22.521,5.505,70.817,1.001,0,5880648,195584,206824,1781656,339926.610,331621.704,0,1313.250,0,190.181,4142,7252,1.330,1.730,1.560,0,0,6.006,0,0,25,400,0,115,0
12-04 12:48:12,17.039,4.510,74.920,1.754,0,5894080,182196,206840,1781596,293073.397,284067.982,0,2413.471,0,173.393,4042,7238,1.380,1.730,1.560,2,0,0,0,0,25,401,0,114,0
12-04 12:48:13,29.938,4.491,62.122,2.495,0.499,5875188,200884,206868,1781764,500861.224,489562.522,0,1888.107,0,252.479,5367,10434,1.380,1.730,1.560,2,0,0,0,0,25,402,0,117,0
12-04 12:48:14,30.672,5.735,60.845,1.995,0.249,5874868,200916,206916,1782000,500685.755,492329.023,0,2118.608,0,306.221,5328,9669,1.380,1.730,1.560,8,0,0,0,0,25,404,0,115,0
12-04 12:48:15,28.539,2.754,65.589,1.001,0,5874592,200916,206928,1782264,505444.383,497786.999,0,1313.781,0,145.197,5057,9826,1.380,1.730,1.560,1,0,0,0,0,25,403,0,117,0
12-04 12:48:16,26.022,3.753,67.057,1.001,0.250,5874924,200412,206952,1782408,447397.156,439288.320,0,912.769,0,107.090,5155,9869,1.380,1.730,1.560,0,1,0,0,0,25,403,0,117,0
12-04 12:48:17,20.510,3.252,73.785,2.001,0,5875500,199624,206968,1782596,337907.830,330939.534,0,12297.817,0,191.090,4193,7659,1.270,1.710,1.560,0,0,0,0,0,25,402,0,119,0
12-04 12:48:18,14.492,2.249,82.205,1.249,0.250,5875128,199656,206980,1782924,259065.809,251599.878,3.998,863.529,0.999,126.931,3021,5246,1.270,1.710,1.560,1,0,0,0,0,25,403,0,117,0
12-04 12:48:19,11.749,4.750,80.996,0.250,0,5875472,199152,206980,1783084,80913.116,74555.421,0,595.971,0,79.996,3181,8767,1.270,1.710,1.560,0,0,33.998,0,0,25,402,0,119,0
12-04 12:48:20,25.248,4.250,68.493,1.500,0.250,5875664,198480,206992,1783552,520906.430,513584.155,0,1199.881,0,166.983,4872,9241,1.270,1.710,1.560,1,0,0,0,0,25,404,0,116,0
12-04 12:48:21,30.568,3.758,62.138,2.255,0.251,5875680,198112,207032,1783856,546698.577,531521.916,0,2068.588,0,283.629,5169,9858,1.270,1.710,1.560,1,0,2.004,0,0,25,404,0,120,0
12-04 12:48:22,28.937,3.492,63.612,1.746,0.249,5875748,197828,207056,1784044,393803.416,385197.048,0,1237.321,0,169.633,4592,8449,1.410,1.730,1.560,2,0,0,0,0,25,403,0,119,0
12-04 12:48:23,29.505,4.251,63.510,2.250,0,5876572,196632,207092,1784376,521697.341,514368.213,0,1924.296,0,250.039,5343,10002,1.410,1.730,1.560,3,0,0,0,0,25,404,0,119,0
12-04 12:48:24,28.979,3.997,65.203,2.748,0.250,5876904,196128,207148,1784480,580503.779,572847.269,0,2266.375,0,321.769,5450,9963,1.410,1.730,1.560,1,0,0,0,0,25,402,0,119,0
12-04 12:48:25,8.000,0.750,88.502,0,0,5876956,196064,207148,1784492,124265.485,115515.310,0,276.006,0,26.001,2385,3850,1.410,1.730,1.560,1,0,0,0,0,25,403,0,119,0
12-04 12:48:26,29.531,3.504,63.817,2.503,0,5876956,195844,207152,1784700,509806.316,501631.717,0,1409.483,0,210.221,4730,8519,1.410,1.730,1.560,2,0,0,0,0,25,404,0,117,0
12-04 12:48:27,30.026,3.753,64.055,0.751,0.500,5877436,195340,207164,1784708,481247.279,471441.797,0,1104.956,0,144.125,5096,9702,1.460,1.730,1.570,3,0,0,0,0,25,403,0,118,0
12-04 12:48:28,25.708,3.245,70.386,1.248,0.250,5877140,195120,207176,1785212,475780.333,468134.749,0,1018.346,0,152.752,4007,7530,1.460,1.730,1.570,0,0,0,0,0,25,402,0,130,0
12-04 12:48:29,8.525,1.755,88.259,0.251,0,5877184,195056,207184,1785224,139413.457,127291.856,0,381.119,0,41.121,2427,3871,1.460,1.730,1.570,1,0,0,0,0,25,403,0,130,0
12-04 12:48:30,13.203,1.495,82.458,0.996,0.249,5877304,194868,207188,1785288,210765.259,204037.097,0,1159.891,0,136.516,3102,5642,1.460,1.730,1.570,0,0,0,0,0,25,402,0,128,0
12-04 12:48:31,20.769,3.503,74.069,1.501,0,5877552,194364,207200,1785532,405970.801,398986.249,0,904.849,0,130.122,3950,7258,1.460,1.730,1.570,3,0,2.002,0,0,25,404,0,128,0
12-04 12:48:32,27.812,5.262,63.893,1.002,0.251,5878384,193356,207240,1785664,512236.849,504306.124,0,1527.414,0,195.437,5445,10011,1.580,1.750,1.570,1,0,0,0,0,25,403,0,122,0
12-04 12:48:33,19.188,3.489,75.757,0.997,0.249,5878436,192836,207248,1786104,310865.123,293807.877,0,1124.391,0,160.485,4091,7169,1.580,1.750,1.570,0,0,0,0,0,25,402,0,124,0
12-04 12:48:34,16.262,2.752,78.059,1.501,0,5878604,192520,207264,1786236,268193.682,261047.308,0,1028.774,0,136.102,3983,6678,1.580,1.750,1.570,1,0,0,0,0,25,403,0,118,0
12-04 12:48:35,27.516,3.252,65.788,1.001,0.250,5878904,192048,207272,1786396,495142.707,486173.550,0,1168.672,0,124.071,4344,8123,1.580,1.750,1.570,1,1,0,0,0,25,403,0,120,0
12-04 12:48:36,27.237,5.247,66.218,1.749,0.250,5879568,191040,207288,1786716,586246.016,578034.965,0,1743.162,0,210.899,5120,9390,1.580,1.750,1.570,0,0,0,0,0,25,402,0,129,0
12-04 12:48:37,6.259,2.003,88.381,0.250,0.250,5879532,191072,207292,1786716,119051.315,109975.874,0,456.676,0,36.053,2450,3978,1.450,1.720,1.560,1,0,0,0,0,25,403,0,127,0
12-04 12:48:38,14.717,2.744,78.822,1.995,0.249,5879672,190788,207328,1786820,239470.838,230701.691,0,1313.027,0,168.618,3569,6287,1.450,1.720,1.560,0,0,0,0,0,25,402,0,130,0
12-04 12:48:39,17.482,2.747,77.169,0.749,0,5879780,190568,207352,1786896,323692.799,314836.107,0,875.080,0,119.874,3565,6545,1.450,1.720,1.560,2,0,0,0,0,25,405,0,124,0
12-04 12:48:40,26.812,4.260,64.650,1.503,0,5879932,190032,207392,1787232,507307.984,498100.586,0,1351.140,0,160.373,5165,9030,1.450,1.720,1.560,1,0,0,0,0,25,403,0,126,0
12-04 12:48:41,21.728,5.245,69.930,1.249,0.250,5880168,189568,207404,1787448,363491.962,356598.828,0,1206.798,0,167.833,4339,7779,1.450,1.720,1.560,0,0,1.998,0,0,25,402,0,124,0
12-04 12:48:42,14.052,2.760,80.044,1.004,0.502,5880700,189032,207424,1787432,260326.137,252844.687,0,1011.712,0,145.534,3899,6939,1.420,1.710,1.560,1,0,0,0,0,25,403,0,124,0
12-04 12:48:43,28.149,3.487,63.771,2.740,0.249,5881016,188276,207440,1787848,505332.330,496843.846,0,3324.050,0,266.044,5513,9756,1.420,1.710,1.560,1,0,0,0,0,25,403,0,116,0
12-04 12:48:44,27.944,5.988,63.622,1.746,0,5880892,188244,207460,1787984,411734.121,403526.683,0,1680.609,0,218.559,4814,8857,1.420,1.710,1.560,3,0,0,0,0,25,404,0,117,0
12-04 12:48:45,28.324,2.507,65.923,1.504,0,5881296,187552,207524,1788200,505467.853,497147.011,0,1884.948,0,238.626,5152,9009,1.420,1.710,1.560,4,0,0,0,0,25,403,0,116,0
12-04 12:48:46,29.741,3.249,62.482,2.249,0,5881580,186984,207532,1788472,493446.420,483755.260,0,2059.397,0,258.924,5430,9551,1.420,1.710,1.560,1,0,0,0,0,25,404,0,116,0
12-04 12:48:47,27.805,3.256,64.126,2.505,0.250,5882156,186292,207560,1788560,505955.238,483393.769,0,2320.574,0,298.589,5442,9312,1.380,1.700,1.560,3,0,0,0,0,25,402,0,117,0
12-04 12:48:48,3.998,1.249,91.951,0.500,0.250,5881968,186324,207564,1788712,39441.057,32016.000,0,7887.812,0,227.879,2306,3503,1.380,1.700,1.560,1,0,0,0,0,25,403,0,117,0
12-04 12:48:49,31.802,3.506,62.101,2.003,0.250,5882200,185976,207600,1788788,582458.583,573009.275,0,1618.622,0,195.316,4460,7688,1.380,1.700,1.560,2,0,0,0,0,25,405,0,116,0
12-04 12:48:50,29.419,3.989,64.571,1.496,0,5881944,185976,207616,1789028,514601.612,506393.316,0,1487.885,0,187.481,4905,8780,1.380,1.700,1.560,3,0,0,0,0,25,404,0,118,0
12-04 12:48:51,29.743,3.499,63.984,1.250,0.250,5882288,185456,207640,1789172,509090.255,501544.119,0,1539.620,0,197.951,5262,9248,1.380,1.700,1.560,3,0,2.000,0,0,25,403,0,122,0
12-04 12:48:52,28.289,4.506,62.585,2.003,0,5883136,184196,207656,1789556,685779.775,678717.128,0,1794.451,0,213.291,6014,10742,1.350,1.690,1.550,2,0,0,0,0,25,402,0,133,0
12-04 12:48:53,7.256,1.501,89.823,0.500,0.250,5883088,184188,207668,1789600,60014.552,52992.871,0,556.450,0,71.057,2723,4645,1.350,1.690,1.550,1,0,0,0,0,25,403,0,129,0
12-04 12:48:54,16.203,2.493,77.526,1.496,0,5883152,183904,207676,1789812,310144.234,301725.522,0,1216.490,0,169.511,4014,6717,1.350,1.690,1.550,0,0,0,0,0,25,402,0,130,0
12-04 12:48:55,16.498,3.500,77.991,1.250,0.250,5883544,183400,207676,1789916,293905.495,285123.496,0,731.917,0,91.990,3635,6315,1.350,1.690,1.550,5,0,0,0,0,25,405,0,127,0
12-04 12:48:56,27.756,4.251,64.515,1.250,0.500,5883732,182888,207700,1790208,420085.359,412205.571,0,1160.263,0,155.035,4520,8108,1.350,1.690,1.550,1,0,0,0,0,25,403,0,130,0
12-04 12:48:57,24.743,3.999,68.231,1.500,0,5884512,182100,207720,1790196,477809.780,469981.995,0,1311.629,0,179.949,4993,9469,1.240,1.660,1.550,0,0,0,0,0,25,402,0,129,0
12-04 12:48:58,6.759,0.501,89.621,0.250,0,5884248,182100,207724,1790452,94358.762,84997.086,0,332.450,0,33.045,2171,3453,1.240,1.660,1.550,5,0,0,0,0,25,403,0,129,0
12-04 12:48:59,18.987,4.247,73.700,0.999,0.250,5884124,181848,207752,1790760,312091.275,301658.286,0,1063.285,0,140.905,4368,8676,1.240,1.660,1.550,1,0,0,0,0,25,402,0,125,0
12-04 12:49:00,17.814,3.011,75.268,1.505,0,5884692,181280,207764,1790748,453011.988,446272.963,0,1031.678,0,143.512,3571,6669,1.240,1.660,1.550,7,0,0,0,0,25,401,0,136,0
12-04 12:49:01,7.967,2.241,88.886,0.498,0.498,5884544,181272,207772,1790888,60881.447,52630.269,0,486.008,0,55.771,2537,4389,1.240,1.660,1.550,1,0,1.992,0,0,25,402,0,130,0
12-04 12:49:02,28.750,4.000,64.000,2.250,0,5884620,181052,207776,1791028,582428.582,575480.575,0,1660.002,0,243.000,4990,9991,1.220,1.650,1.540,2,0,0,0,0,25,403,0,133,0
12-04 12:49:03,26.812,3.759,66.904,0.501,0.251,5885520,179572,207800,1791580,505273.624,496971.538,0,1090.507,0,137.316,5142,10423,1.220,1.650,1.540,2,0,0,0,0,25,403,0,132,0
12-04 12:49:04,30.429,2.993,64.849,1.497,0,5885992,179004,207828,1791648,535146.433,526154.429,0,1253.074,0,162.620,4970,10046,1.220,1.650,1.540,1,0,0,0,0,25,403,0,134,0
12-04 12:49:05,22.497,4.249,70.741,1.250,0.250,5887020,177556,207864,1792028,425753.632,414710.991,0,1127.861,0,149.982,4330,8301,1.220,1.650,1.540,0,0,0,0,0,25,402,0,131,0
12-04 12:49:06,10.749,2.000,86.495,0,0.250,5887024,177524,207864,1792056,79658.981,62467.065,0,395.975,0,29.998,2336,3773,1.220,1.650,1.540,2,0,0,0,0,25,403,0,131,0
12-04 12:49:07,28.270,3.753,63.044,2.252,0,5887248,177052,207912,1792252,521470.858,513597.409,0,1721.191,0,249.172,5020,9774,1.290,1.650,1.550,2,0,0,0,0,25,403,0,127,0
12-04 12:49:08,26.230,4.996,66.449,0.999,0.250,5887960,176012,207932,1792552,494533.188,486230.547,0,935.284,0,107.917,4831,9276,1.290,1.650,1.550,1,0,0,0,0,25,402,0,127,0
12-04 12:49:09,8.500,1.750,84.752,1.500,0.250,5888136,175760,207968,1792588,125338.384,117662.177,0,1036.028,0,142.004,3059,5595,1.290,1.650,1.550,0,0,0,0,0,25,401,0,127,0
12-04 12:49:10,24.016,3.752,70.045,1.751,0.250,5888296,175508,208004,1792644,436063.133,417841.343,0,1364.883,0,179.116,4439,8406,1.290,1.650,1.550,2,0,0,0,0,25,403,0,127,0
12-04 12:49:11,31.516,6.253,59.029,1.501,0.250,5896772,165664,208032,1793976,533105.354,516194.000,0,1376.680,0,168.083,5243,10048,1.290,1.650,1.550,1,0,6.003,0,0,25,404,0,126,0
12-04 12:49:12,32.783,3.754,60.561,2.252,0,5896388,165900,208052,1794088,543063.607,536297.834,0,1825.828,0,277.278,4962,9534,1.260,1.640,1.540,2,0,0,0,0,25,402,0,127,0
12-04 12:49:13,23.470,4.245,69.410,1.248,0.250,5891952,171168,208092,1793212,324270.043,315577.274,0,2788.397,0,207.732,4097,7477,1.260,1.640,1.540,1,0,0,0,0,25,400,0,128,0
12-04 12:49:14,15.011,2.252,80.562,0.751,0,5892076,170948,208116,1793280,274853.988,265411.775,0,888.679,0,130.099,3484,5826,1.260,1.640,1.540,5,0,0,0,0,25,402,0,129,0
12-04 12:49:15,30.445,3.244,63.634,0.998,0.250,5892064,170728,208144,1793480,557216.423,544586.397,0,1301.632,0,190.653,4532,8437,1.260,1.640,1.540,3,0,0,0,0,25,401,0,126,0
12-04 12:49:16,25.856,5.272,65.017,1.757,0.251,5892736,169688,208160,1793832,565388.790,556589.687,0,1180.845,0,159.655,4684,9372,1.260,1.640,1.540,2,0,0,0,0,25,400,0,127,0
12-04 12:49:17,6.727,1.744,90.188,0.249,0.498,5892724,169720,208160,1793812,30517.288,21985.841,0,554.081,0,69.758,2538,4442,1.160,1.620,1.530,3,0,0,0,0,25,400,0,124,0
12-04 12:49:18,27.022,3.253,65.303,2.752,0,5892768,169436,208188,1794016,556822.481,541393.860,0,5212.264,0,309.253,4826,8774,1.160,1.620,1.530,2,1,0,0,0,25,402,0,125,0
12-04 12:49:19,28.990,6.998,59.231,3.499,0,5893468,168428,208208,1794296,502007.839,493245.722,0,4754.436,0,247.918,5493,14113,1.160,1.620,1.530,1,0,33.989,0,0,25,400,0,127,0
12-04 12:49:20,14.244,2.249,79.215,1.749,0,5893880,167892,208228,1794400,212615.386,206227.229,3.998,1211.461,1.000,148.934,3474,6247,1.160,1.620,1.530,1,0,0,0,0,25,399,0,128,0
12-04 12:49:21,17.498,2.750,76.989,0.750,0.250,5894304,167412,208248,1794436,342065.111,335631.012,0,871.878,0,117.983,3650,6684,1.160,1.620,1.530,1,0,2.000,0,0,25,402,0,128,0
12-04 12:49:22,28.521,3.002,63.047,2.752,0.500,5893924,167452,208256,1794760,506533.914,499517.637,0,1509.135,0,193.145,5476,9632,1.310,1.640,1.540,2,0,0,0,0,25,400,0,125,0
12-04 12:49:23,29.218,3.246,63.931,1.998,0,5893668,167452,208284,1794988,487905.622,480299.875,0,1490.383,0,208.773,4908,8826,1.310,1.640,1.540,8,0,0,0,0,25,401,0,125,0
12-04 12:49:24,28.487,3.498,66.219,1.000,0.250,5893572,167484,208300,1795032,472630.809,466061.883,0,1331.377,0,152.928,4089,6931,1.310,1.640,1.540,1,0,0,0,0,25,401,0,124,0
12-04 12:49:25,30.085,3.009,64.182,1.254,0,5893816,167136,208312,1795120,523357.860,516412.127,0,1644.673,0,227.647,4405,7530,1.310,1.640,1.540,3,0,0,0,0,25,401,0,126,0
12-04 12:49:26,31.279,2.753,63.560,1.001,0,5894236,166476,208336,1795336,644265.610,638141.853,0,1285.208,0,156.147,3964,6793,1.310,1.640,1.540,1,0,0,0,0,25,401,0,123,0
12-04 12:49:27,33.153,2.991,62.815,0.499,0.249,5896200,164428,208348,1795408,502233.434,495558.059,0,753.784,0,85.748,4193,7404,1.370,1.650,1.550,3,0,0,0,0,25,400,0,125,0
12-04 12:49:28,29.546,4.257,60.594,5.008,0.501,5896220,164176,208380,1795604,506169.575,489657.949,0,5312.245,0,609.947,5766,9080,1.370,1.650,1.550,2,0,2.003,0,0,25,401,0,121,0
12-04 12:49:29,28.517,2.752,64.790,1.501,0,5896352,163924,208400,1795700,626379.091,617441.639,0,1504.918,0,187.114,4363,7316,1.370,1.650,1.550,1,0,0,0,0,25,401,0,123,0
12-04 12:49:30,28.184,1.995,67.094,1.746,0,5896500,163672,208424,1795780,431369.771,422490.442,0,933.826,0,122.714,3742,6174,1.370,1.650,1.550,4,0,0,0,0,25,401,0,111,0
12-04 12:49:31,40.992,4.249,53.489,0.500,0,5897492,162420,208436,1796020,843773.777,835447.417,0,1183.767,0,152.970,4865,8773,1.370,1.650,1.550,1,0,2.000,0,0,25,401,0,113,0
12-04 12:49:32,30.535,5.256,63.072,1.251,0.250,5899616,160160,208452,1796116,679765.894,672479.609,0,1129.284,0,109.124,4590,7976,1.580,1.690,1.560,3,0,0,0,0,25,403,0,114,0
12-04 12:49:33,33.084,4.762,56.895,3.760,0.501,5903668,154592,208460,1797620,733375.774,725359.413,0,2530.427,0,334.851,6195,10956,1.580,1.690,1.560,2,0,1.003,0,0,25,404,0,117,0
12-04 12:49:34,33.701,6.990,56.168,2.247,0,5901924,155640,208472,1798300,528892.115,520852.909,0,1697.510,0,159.766,4684,7733,1.580,1.690,1.560,1,0,13.979,0,0,25,403,0,114,0
12-04 12:49:35,36.595,3.734,57.009,0.747,0.249,5901748,155324,208472,1798792,723027.317,712801.562,0,1226.812,0,127.461,4508,7539,1.580,1.690,1.560,2,0,0,0,0,25,403,0,114,0
12-04 12:49:36,41.232,7.542,50.283,0.251,0,5911868,145152,208484,1798956,442256.578,436297.043,0,961.410,0,65.368,3492,5561,1.580,1.690,1.560,7,0,32.181,0,0,25,403,0,112,0
12-04 12:49:37,41.211,17.234,38.713,2.248,0,5926184,150144,205236,1784068,371582.139,364319.075,2956.177,1062.985,77.926,83.920,7011,11154,1.610,1.690,1.560,4,0,39.962,0,0,26,403,0,113,0
12-04 12:49:38,37.526,8.756,50.285,1.501,0.250,5938820,137188,205240,1784384,533364.022,525876.743,15542.958,996.703,565.399,101.071,8557,14749,1.610,1.690,1.560,3,1,0,0,0,26,404,0,98,0
12-04 12:49:39,37.622,7.225,52.072,2.741,0.249,6001492,139344,192788,1734420,298391.188,280750.361,4072.110,1490.914,157.463,185.368,5173,8657,1.610,1.690,1.560,1,0,0,0,0,26,403,0,100,0
12-04 12:49:40,38.409,8.033,54.978,0.251,0.251,6008164,133188,192792,1733900,252031.173,245260.094,0,968.014,0,99.412,3957,6448,1.610,1.690,1.560,3,0,0,0,0,26,404,0,97,0
12-04 12:49:41,51.424,14.978,27.709,4.743,0,5918292,222452,192824,1734472,844900.478,837018.191,283.579,3131.347,7.988,245.635,6750,13794,1.610,1.690,1.560,7,0,69.896,0,0,25,403,0,97,0
12-04 12:49:42,36.176,7.984,52.892,1.746,0.249,5913308,227180,192844,1734664,708075.737,701051.144,0,2127.636,0,263.460,5820,9890,1.640,1.700,1.560,1,0,11.975,0,0,25,403,0,97,0
12-04 12:49:43,17.247,2.000,76.735,1.250,0,5913828,226644,192848,1734676,293785.830,285645.442,0,1107.781,0,112.978,3588,6017,1.640,1.700,1.560,1,0,0,0,0,25,405,0,101,0
12-04 12:49:44,29.538,4.506,61.579,2.754,0,5913916,225952,192860,1735232,524368.191,515997.477,0,3464.434,0,281.360,5338,8838,1.640,1.700,1.560,2,0,0,0,0,25,404,0,99,0
12-04 12:49:45,41.834,7.014,49.098,1.253,0.251,5906680,232940,192880,1735460,843248.654,835186.538,0,2284.567,0,252.505,5522,9139,1.640,1.700,1.560,1,0,15.030,0,0,25,404,0,99,0
12-04 12:49:46,36.509,2.501,58.765,1.000,0.500,5906356,232772,192892,1735936,788881.109,782228.379,0,1316.342,0,138.036,4573,7751,1.640,1.700,1.560,2,0,1.000,0,0,25,404,0,97,0
12-04 12:49:47,43.683,7.239,47.927,0.499,0,5915160,223688,192896,1736200,441059.267,434072.907,0,1038.418,0,69.894,3919,6024,1.750,1.720,1.570,4,0,29.954,0,0,25,405,0,97,0
12-04 12:49:48,38.136,17.199,41.128,1.246,0,5931652,203168,192896,1740180,291430.121,283426.955,3612.243,1128.639,66.801,77.768,6173,10276,1.750,1.720,1.570,3,0,43.869,0,0,26,404,0,94,0
12-04 12:49:49,33.898,8.788,50.722,4.771,0.251,5944276,192584,192896,1738168,432289.239,424654.893,16612.564,7733.781,599.619,442.935,8074,14568,1.750,1.720,1.570,1,0,0,0,0,26,404,0,94,0
12-04 12:49:50,39.680,3.993,53.405,2.496,0,6007164,130260,192912,1737212,367291.527,359777.833,2893.875,1365.582,95.830,162.712,4056,7112,1.750,1.720,1.570,2,0,0,0,0,26,405,0,91,0
12-04 12:49:51,32.506,3.001,61.762,1.750,0.250,6022800,145420,192732,1708280,93753.532,77039.406,20.004,880.165,5.001,91.017,3474,7674,1.750,1.720,1.570,1,0,2.000,0,0,26,404,0,92,0
12-04 12:49:52,44.083,8.516,44.334,1.252,0,5921264,246776,192756,1708436,673814.161,666422.205,0,1879.549,0,221.418,5944,10396,1.850,1.740,1.580,4,0,21.040,0,0,25,404,0,78,0
12-04 12:49:53,33.455,5.742,59.671,0.999,0,5921496,246448,192784,1708444,586160.820,580057.943,0,1925.437,0,222.704,5114,8710,1.850,1.740,1.580,2,0,19.973,0,0,25,405,0,78,0
12-04 12:49:54,15.480,2.247,81.145,1.248,0.499,5921212,246504,192792,1708648,222304.005,213208.829,0,1314.291,0,145.810,3992,6661,1.850,1.740,1.580,2,0,0,0,0,25,404,0,76,0
12-04 12:49:55,29.796,4.006,62.346,1.753,0.250,5920992,246456,192804,1708856,666208.295,659564.069,0,1830.818,0,227.350,5393,9669,1.850,1.740,1.580,1,0,0,0,0,25,404,0,79,0
12-04 12:49:56,42.989,8.498,46.238,1.750,0,5908292,258688,192820,1709308,838517.631,829209.089,0,2279.398,0,247.935,5609,9488,1.850,1.740,1.580,4,0,14.996,0,0,25,404,0,76,0
12-04 12:49:57,32.027,3.753,62.804,1.001,0.250,5907880,258924,192824,1709460,709761.136,701355.958,0,1177.005,0,126.108,4128,6821,1.780,1.730,1.580,1,0,0,0,0,25,404,0,76,0
12-04 12:49:58,40.644,5.236,53.860,0.499,0,5913416,253180,192828,1709668,469725.774,461776.458,0,785.955,0,55.855,3437,5398,1.780,1.730,1.580,1,0,16.956,0,0,25,404,0,75,0
12-04 12:49:59,41.268,21.009,32.765,2.751,0,5938816,224268,192840,1713108,479504.379,471804.953,3124.390,2621.166,101.045,297.132,7077,12889,1.780,1.730,1.580,3,0,63.028,0,0,26,405,0,75,0
12-04 12:50:00,35.486,10.246,49.231,1.999,0.750,5949744,212808,192840,1713604,543576.354,535632.388,7339.196,1179.549,270.897,123.953,7601,12984,1.780,1.730,1.580,1,0,0,0,0,26,404,0,64,0
12-04 12:50:01,46.295,5.505,42.041,5.005,0,5998720,165768,192848,1711840,481749.370,475081.929,12103.692,1821.760,421.407,215.208,7506,12656,1.780,1.730,1.580,1,0,2.002,0,0,26,404,0,65,0
12-04 12:50:02,30.510,4.001,64.272,0,0,6024856,142824,192856,1708636,102757.349,89090.647,0,680.234,0,57.020,3057,4983,1.800,1.730,1.580,1,1,0,0,0,26,405,0,65,0
12-04 12:50:03,50.446,8.741,36.961,1.498,0.250,5918564,248892,192896,1708816,761386.362,754548.651,115.876,2345.500,0.999,259.723,6559,11530,1.800,1.730,1.580,1,0,36.961,0,0,25,404,0,63,0
12-04 12:50:04,27.490,3.749,64.725,1.749,0,5917840,249060,192896,1709304,627233.024,619317.040,0,1615.385,0,194.926,5154,8745,1.800,1.730,1.580,2,0,0,0,0,25,406,0,64,0
12-04 12:50:05,31.846,3.761,63.190,1.003,0.251,5918296,248508,192908,1709368,677298.573,667838.182,0,1464.395,0,158.476,3958,6417,1.800,1.730,1.580,1,0,1.003,0,0,25,406,0,64,0
12-04 12:50:06,29.657,2.741,64.297,0.997,0.498,5918452,248256,192912,1709460,433809.632,426504.657,0,1395.601,0,144.544,3853,6320,1.800,1.730,1.580,2,0,0,0,0,25,406,0,66,0
12-04 12:50:07,30.056,4.258,64.871,0.501,0,5910416,256248,192940,1709476,549182.775,541518.473,0,1126.101,0,120.224,3557,5634,1.900,1.750,1.590,1,0,1.002,0,0,25,406,0,68,0
12-04 12:50:08,34.222,3.247,59.202,1.998,0,5910024,256472,192956,1709628,574187.334,566873.266,0,1894.464,0,236.808,4959,8067,1.900,1.750,1.590,2,0,0,0,0,25,405,0,71,1
12-04 12:50:09,33.999,4.750,58.749,1.750,0,5909604,256472,192984,1710016,520874.103,514406.226,0,1847.965,0,220.996,5752,10045,1.900,1.750,1.590,1,0,0,0,0,25,405,0,72,0
12-04 12:50:10,28.239,3.249,64.725,1.250,0.250,5909500,256440,193004,1710132,497501.447,489655.421,0,3314.744,0,202.923,5436,9981,1.900,1.750,1.590,1,0,0,0,0,25,406,0,73,0
12-04 12:50:11,32.504,3.750,62.757,1.000,0.250,5909496,256188,193036,1710356,603875.861,595852.906,0,1868.222,0,252.030,4652,8220,1.900,1.750,1.590,2,0,2.000,0,0,25,406,0,73,0
12-04 12:50:12,32.973,4.996,57.452,2.748,0.500,5917216,247756,193048,1711056,634902.031,624737.468,0,1754.544,0,216.820,4380,7705,1.820,1.740,1.580,3,0,3.997,0,0,25,406,0,75,0
12-04 12:50:13,34.021,4.003,59.287,0.750,0,5910556,254844,193060,1710612,555112.055,547327.174,0,1308.821,0,140.088,3978,6675,1.820,1.740,1.580,1,0,0,0,0,25,406,0,70,0
12-04 12:50:14,32.256,4.251,60.511,1.000,0,5910536,254668,193064,1710804,664975.685,656569.122,0,1472.274,0,162.030,4782,9075,1.820,1.740,1.580,3,0,0,0,0,25,406,0,71,0
12-04 12:50:15,30.233,3.748,61.966,2.748,0,5910468,254384,193080,1711136,605308.896,596983.450,3.998,4093.761,0.999,359.803,4987,8844,1.820,1.740,1.580,1,0,0,0,0,25,406,0,70,0
12-04 12:50:16,30.234,2.499,64.967,1.749,0,5910376,254416,193096,1711180,610286.313,593795.789,0,1483.238,0,183.905,3931,6971,1.820,1.740,1.580,2,0,0,0,0,25,406,0,72,0
12-04 12:50:17,31.004,2.000,65.508,1.000,0.500,5910560,254132,193104,1711268,460537.488,454398.709,0,1244.158,0,147.019,3317,6087,1.760,1.730,1.580,2,0,0,0,0,25,406,0,68,0
12-04 12:50:18,33.507,3.501,60.762,1.250,0.500,5910540,253928,193108,1711472,661881.686,656773.639,0,1324.271,0,140.029,3861,6661,1.760,1.730,1.580,1,0,0,0,0,25,406,0,69,0
12-04 12:50:19,34.838,5.013,58.647,0.251,0,5911256,253204,193108,1711480,511358.066,502853.677,0,990.491,0,92.232,3775,9207,1.760,1.730,1.580,1,0,35.088,0,0,25,406,0,70,0
12-04 12:50:20,30.781,2.503,64.065,2.252,0,5911544,252668,193116,1711716,542272.068,530881.598,0,8484.544,0,492.496,4213,6373,1.760,1.730,1.580,1,0,0,0,0,25,406,0,72,1
12-04 12:50:21,30.139,3.736,64.014,0.996,0,5911916,251944,193132,1712048,566212.507,555945.341,0,1040.167,0,134.504,3876,6305,1.760,1.730,1.580,1,0,2.989,0,0,25,406,0,71,0
12-04 12:50:22,29.512,2.751,66.027,0.750,0.250,5911960,251628,193144,1712308,411640.361,404631.494,216.088,972.398,7.003,124.051,3547,5813,1.860,1.750,1.590,1,0,0,0,0,25,406,0,73,0
12-04 12:50:23,31.580,3.760,61.907,2.256,0.251,5911996,251408,193164,1712468,513958.426,508205.826,0,1584.020,0,224.570,4979,9337,1.860,1.750,1.590,2,0,0,0,0,25,405,0,75,0
12-04 12:50:24,27.427,4.239,64.328,1.247,0.249,5911772,251408,193184,1712668,507208.218,490872.915,0,1611.689,0,195.477,5288,10187,1.860,1.750,1.590,2,0,0,0,0,25,405,0,77,0
12-04 12:50:25,28.780,3.754,62.316,2.002,0,5911748,251164,193208,1712904,559987.787,547193.289,0,2478.615,0,265.280,5000,9498,1.860,1.750,1.590,2,0,0,0,0,25,406,0,75,0
12-04 12:50:26,28.481,2.748,65.455,1.249,0.250,5911676,251156,193216,1712972,548807.262,536070.936,0,1470.998,0,194.867,4008,7105,1.860,1.750,1.590,2,0,0,0,0,25,406,0,76,0
12-04 12:50:27,32.012,2.751,64.524,1.250,0,5911600,251156,193240,1713020,596626.928,583043.808,0,1404.530,0,180.068,4247,7163,1.950,1.770,1.600,1,0,0,0,0,25,406,0,76,0
12-04 12:50:28,30.846,2.759,64.701,0.752,0.251,5912248,250432,193260,1713076,541860.645,525992.310,0,1003.119,0,114.356,3653,5995,1.950,1.770,1.600,1,0,0,0,0,25,406,0,76,0
12-04 12:50:29,27.977,3.747,65.695,0.999,0.500,5912488,249928,193272,1713324,520189.203,510366.375,0,1286.929,0,150.874,4711,8649,1.950,1.770,1.600,2,0,0,0,0,25,406,0,78,0
12-04 12:50:30,29.920,1.995,65.077,1.496,0,5912956,249360,193292,1713404,601680.724,594611.549,0,2034.582,0,276.264,4434,7817,1.950,1.770,1.600,0,0,0,0,0,25,406,0,79,0
12-04 12:50:31,29.478,2.748,64.701,1.499,0,5912756,249392,193312,1713552,623940.549,617332.531,0,1846.608,0,239.819,4226,7383,1.950,1.770,1.600,3,0,1.998,0,0,25,406,0,78,0
12-04 12:50:32,32.863,3.261,62.466,1.003,0,5913116,248920,193328,1713640,744275.238,736214.412,0,1440.974,0,178.617,4056,6916,2.190,1.820,1.610,2,0,0,0,0,25,406,0,78,0
12-04 12:50:33,31.701,3.744,63.402,0.250,0.250,5913552,248336,193332,1713764,569628.645,563319.418,0,1022.416,0,97.848,3589,5900,2.190,1.820,1.610,1,0,0,0,0,25,406,0,75,0
12-04 12:50:34,29.734,3.498,64.965,0.999,0.500,5914808,246888,193344,1713944,463086.618,454928.064,0,1275.305,0,147.919,3693,6014,2.190,1.820,1.610,4,0,0.999,0,0,25,406,0,78,0
12-04 12:50:35,29.655,3.240,64.293,0.997,0.249,5914792,246856,193356,1713976,587470.457,579275.787,0,1299.824,0,143.539,3780,6334,2.190,1.820,1.610,2,0,0,0,0,25,406,0,78,0
12-04 12:50:36,30.070,4.009,63.397,1.503,0,5916056,245492,193372,1714040,580438.940,570895.762,8.019,1507.503,2.005,177.412,4348,7123,2.190,1.820,1.610,4,0,1.002,0,0,25,406,0,82,0
12-04 12:50:37,31.023,3.002,63.797,1.501,0,5916036,245328,193376,1714216,520585.795,513466.506,0,1505.118,0,189.141,4580,8629,2.260,1.840,1.620,5,0,0,0,0,25,406,0,85,0
12-04 12:50:38,29.990,3.749,64.479,1.250,0,5915768,245296,193388,1714500,520873.674,513563.065,0,1347.559,0,164.946,4726,9326,2.260,1.840,1.620,4,0,0,0,0,25,405,0,88,0
12-04 12:50:39,26.573,2.758,65.681,2.006,0.501,5915860,245108,193400,1714580,419756.590,412679.106,0,1399.854,0,182.502,4860,8768,2.260,1.840,1.620,2,0,0,0,0,25,406,0,86,0
12-04 12:50:40,29.396,3.488,64.771,1.246,0.498,5915804,245076,193412,1714656,567298.034,558465.267,0,1371.152,0,195.309,4169,7214,2.260,1.840,1.620,1,0,0,0,0,25,406,0,87,0
12-04 12:50:41,30.784,2.252,64.571,1.502,0,5915596,245108,193420,1714824,547828.063,540557.072,0,1265.391,0,162.178,4003,6847,2.260,1.840,1.620,1,0,2.002,0,0,25,406,0,89,0
12-04 12:50:42,38.593,4.511,52.627,1.504,0,5914236,246376,193428,1714900,732782.800,717315.338,0,1355.282,0,180.437,4524,7517,2.160,1.830,1.620,2,0,0,0,0,25,406,0,89,0
12-04 12:50:43,35.509,3.751,59.266,1.000,0,5914108,246188,193448,1715188,676505.951,669863.184,0,1524.405,0,212.056,5473,9768,2.160,1.830,1.620,1,0,0,0,0,25,406,0,85,0
12-04 12:50:44,29.464,1.998,64.671,1.748,0.250,5914440,245840,193464,1715188,593908.026,587042.395,0,1478.198,0,212.741,4353,7683,2.160,1.830,1.620,1,0,0,0,0,25,406,0,86,0
12-04 12:50:45,30.899,2.243,64.289,1.495,0,5914436,245556,193476,1715456,592997.155,586575.206,0,1243.922,0,181.405,4022,7131,2.160,1.830,1.620,4,0,0,0,0,25,406,0,88,0
12-04 12:50:46,30.142,1.758,64.805,1.005,0.502,5914388,245588,193480,1715468,558728.494,550929.777,0,2073.763,0,152.719,3635,6012,2.160,1.830,1.620,2,0,1.005,0,0,25,406,0,87,0
12-04 12:50:47,31.877,2.739,64.003,1.245,0,5915020,244832,193496,1715572,616153.878,609496.562,0,1055.926,0,127.508,4521,7902,1.980,1.800,1.610,3,0,0,0,0,25,405,0,89,0
12-04 12:50:48,11.006,1.501,84.545,1.501,0.250,5915064,244612,193500,1715744,125004.627,117779.777,0,952.508,0,133.071,3193,5404,1.980,1.800,1.610,0,0,0,0,0,25,404,0,90,0
12-04 12:50:49,22.258,2.501,73.026,1.751,0,5914976,244644,193520,1715780,410431.935,400751.469,0,1544.553,0,225.081,4689,7878,1.980,1.800,1.610,2,0,0,0,0,25,404,0,93,0
12-04 12:50:50,6.493,1.498,90.407,0.250,0,5915648,242756,193520,1715892,66969.223,60603.760,0,215.778,0,13.986,1941,3110,1.980,1.800,1.610,1,0,0,0,0,25,405,0,93,0
12-04 12:50:51,23.503,3.500,69.758,3.000,0.250,5915580,242504,193532,1716200,473639.469,467274.737,0,7948.914,0,568.065,5001,8142,1.980,1.800,1.610,4,0,2.000,0,0,25,404,0,104,0
12-04 12:50:52,12.509,2.252,83.310,1.001,0.500,5915548,242504,193536,1716228,270002.482,246964.803,0,996.722,0,116.084,3254,5453,2.150,1.840,1.620,2,0,0,0,0,25,408,0,108,0
12-04 12:50:53,13.236,2.248,81.413,1.498,0.250,5915588,242188,193540,1716496,237558.525,229184.460,0,1282.631,0,175.812,3521,6106,2.150,1.840,1.620,0,0,0,0,0,25,404,0,114,0
12-04 12:50:54,21.523,2.753,74.079,0.751,0,5915288,242268,193552,1716684,500421.948,491544.529,0,1041.105,0,114.121,3366,5455,2.150,1.840,1.620,1,0,0,0,0,25,406,0,114,0
12-04 12:50:55,28.264,4.502,66.032,1.251,0,5916740,240764,193564,1716724,439845.005,430789.641,0,1276.615,0,150.072,3416,6026,2.150,1.840,1.620,2,0,1.000,0,0,25,406,0,118,0
12-04 12:50:56,32.458,2.497,64.166,0.499,0,5916440,241000,193568,1716760,598174.382,588937.437,0,1789.664,0,128.832,3650,6199,2.150,1.840,1.620,1,0,0,0,0,25,406,0,115,0
12-04 12:50:57,27.301,3.757,64.871,1.252,0.250,5917408,239960,193568,1716832,553851.487,544724.456,0,1582.954,0,173.323,3663,6557,2.050,1.820,1.620,1,0,1.002,0,0,25,406,0,119,0
12-04 12:50:58,32.248,6.250,60.247,1.250,0.250,5918228,238904,193600,1717020,476549.649,468660.036,0,1691.917,0,186.991,4705,8582,2.050,1.820,1.620,1,0,1.000,0,0,25,406,0,121,0
12-04 12:50:59,28.688,2.495,64.112,2.744,0.499,5918420,238620,193604,1717104,403574.297,392670.794,0,1632.482,0,184.602,4334,8099,2.050,1.820,1.620,1,0,0,0,0,25,404,0,124,0
12-04 12:51:00,24.257,2.251,72.021,0.750,0,5692620,462724,193612,1718936,17054.946,286136.980,32.009,764.222,3.001,37.011,2159,3027,2.050,1.820,1.620,0,0,0,0,0,25,404,0,124,0
12-04 12:51:01,12.248,3.749,81.237,2.250,0,5692552,462560,193620,1719304,178734.224,161877.938,0,7118.854,0,403.935,4071,7738,2.050,1.820,1.620,1,0,2.000,0,0,25,404,0,125,0
12-04 12:51:02,3.752,1.001,92.297,0.500,0.250,5692632,462528,193628,1719236,19734.946,11540.817,0,692.349,0,61.031,2264,3838,1.890,1.790,1.610,0,0,0,0,0,25,404,0,124,0
12-04 12:51:03,5.248,1.499,91.718,0.250,0.250,5692624,462528,193628,1719244,18489.566,10602.310,0,571.801,0,36.987,2116,3424,1.890,1.790,1.610,0,0,0,0,0,25,404,0,125,0
12-04 12:51:04,3.499,1.000,92.718,0.250,0,5692620,462528,193628,1719248,17295.016,7845.286,0,507.824,0,32.989,2375,3571,1.890,1.790,1.610,0,0,0,0,0,25,404,0,123,0
12-04 12:51:05,3.501,0.750,93.517,0.250,0.500,5692616,462528,193628,1719252,11860.111,2355.419,0,464.083,0,33.006,1982,3126,1.890,1.790,1.610,0,0,0,0,0,25,404,0,123,0
12-04 12:51:06,4.502,2.001,89.800,2.001,0,5692448,462672,193632,1719268,10289.690,2950.632,0,7316.046,0,444.246,3214,5340,1.890,1.790,1.610,0,0,0,0,0,25,404,0,117,0
12-04 12:51:07,7.746,1.499,88.209,2.249,0,5692452,462640,193644,1719284,25021.240,17716.673,0,7272.582,0,445.790,3441,5721,1.820,1.780,1.610,0,0,0,0,0,25,404,0,118,0
12-04 12:51:08,4.750,0.500,92.753,0,0.250,5692440,462640,193644,1719296,17534.473,6217.168,0,364.010,0,35.001,2132,3347,1.820,1.780,1.610,1,0,0,0,0,25,404,0,112,0
12-04 12:51:09,4.999,1.250,91.234,1.000,0.250,5692336,462640,193652,1719392,15011.373,7951.608,0,2443.572,0,165.971,2419,3893,1.820,1.780,1.610,2,0,0,0,0,25,404,0,112,0
12-04 12:51:10,3.750,0.500,93.253,0,0.250,5692296,462672,193652,1719400,9064.317,2306.081,0,32.001,0,4.000,1846,3011,1.820,1.780,1.610,0,0,0,0,0,25,404,0,105,0
12-04 12:51:11,5.001,1.750,90.514,1.500,0.250,5692288,462672,193656,1719404,21567.386,13570.131,0,3756.590,0,199.031,2688,4419,1.820,1.780,1.610,0,0,2.000,0,0,25,404,0,105,0
12-04 12:51:12,8.999,4.000,85.240,0.250,0,5700864,453872,193656,1719628,20501.601,10139.814,0,399.953,0,45.995,2463,3903,1.750,1.760,1.600,0,0,4.000,0,0,25,404,0,102,0
12-04 12:51:13,4.499,2.750,90.489,0,0,5699852,454888,193660,1719620,16563.062,8189.042,0,231.973,0,21.997,2251,3734,1.750,1.760,1.600,0,0,0,0,0,25,404,0,102,0
12-04 12:51:14,8.752,2.751,86.523,0.250,0,5692760,462192,193660,1719408,25086.748,9036.431,0,452.122,0,39.010,2290,3533,1.750,1.760,1.600,0,0,0,0,0,25,404,0,101,0
12-04 12:51:15,2.500,1.000,93.488,0,0.750,5692792,462160,193660,1719408,9281.849,2480.692,0,31.996,0,4.000,1834,2908,1.750,1.760,1.600,0,0,0,0,0,25,404,0,101,0
12-04 12:51:16,3.752,0.500,94.307,0,0.250,5692820,462128,193660,1719412,9684.859,1512.915,0,700.424,0,47.028,1862,2877,1.750,1.760,1.600,2,0,0,0,0,25,404,0,98,0
12-04 12:51:17,4.248,1.499,90.954,1.249,0,5692748,462192,193660,1719420,18433.709,10153.882,0,579.708,0,49.975,2246,3731,1.610,1.740,1.590,0,0,0,0,0,25,404,0,98,0
12-04 12:51:18,3.752,1.001,93.808,0,0,5693000,461940,193660,1719420,10818.718,1621.007,0,32.020,0,4.002,1842,2941,1.610,1.740,1.590,0,0,0,0,0,25,404,0,98,0
12-04 12:51:19,9.009,4.254,84.581,0,0,5722292,432644,193660,1719420,10228.809,2187.097,0,0,0,0,2791,6746,1.610,1.740,1.590,2,0,34.033,0,0,25,404,0,98,0
12-04 12:51:20,3.245,1.748,92.868,0,0,5692804,462128,193660,1719424,10224.420,3626.828,0,0,0,0,1917,3537,1.610,1.740,1.590,0,0,0,0,0,25,404,0,93,0
12-04 12:51:21,4.500,0.500,91.010,2.000,0.750,5693028,461900,193660,1719428,17319.871,7448.804,0,4656.503,0,452.049,2454,3431,1.610,1.740,1.590,0,0,2.000,0,0,25,404,0,93,0
12-04 12:51:22,4.001,1.250,91.774,0.250,0.250,5693016,461908,193660,1719432,21352.530,14570.774,4.001,572.148,1.000,57.015,2401,4033,1.480,1.710,1.590,0,0,0,0,0,25,404,0,88,0
12-04 12:51:23,4.248,0.750,91.953,0.250,0,5693048,461876,193660,1719432,18395.508,11052.297,0,351.818,0,39.979,2271,3762,1.480,1.710,1.590,0,0,0,0,0,25,404,0,88,0
12-04 12:51:24,3.499,1.249,92.462,0.250,0,5693004,461908,193668,1719436,16951.982,8740.381,0,343.858,0,32.986,2155,3373,1.480,1.710,1.590,0,0,0,0,0,25,404,0,82,0
12-04 12:51:25,3.752,0.500,93.295,0,0,5692968,461940,193668,1719440,22587.000,4089.992,0,88.043,0,10.005,1908,3029,1.480,1.710,1.590,2,0,0,0,0,25,404,0,82,0
12-04 12:51:26,4.002,1.000,93.786,0,0.500,5693032,461876,193668,1719440,11751.536,5182.000,0,52.020,0,5.002,1786,2911,1.480,1.710,1.590,0,0,0,0,0,25,404,0,80,0
12-04 12:51:27,3.748,0.999,92.689,0.750,0,5692968,461940,193668,1719440,16646.113,10152.360,0,559.634,0,45.970,2248,3778,1.360,1.680,1.580,0,0,0,0,0,25,404,0,80,0
12-04 12:51:28,4.251,0.750,93.530,0,0.250,5692960,461940,193668,1719448,13575.331,4542.449,0,0,0,0,1803,2819,1.360,1.680,1.580,1,0,0,0,0,25,404,0,80,0
12-04 12:51:29,4.000,1.000,93.994,0,0.250,5692992,461908,193668,1719448,10460.320,1619.895,0,31.998,0,4.000,1708,2753,1.360,1.680,1.580,0,0,0,0,0,25,404,0,79,0
12-04 12:51:30,3.501,1.250,94.020,0,0,5692984,461908,193668,1719456,12447.689,2825.610,0,0,0,0,1857,2916,1.360,1.680,1.580,2,0,0,0,0,25,404,0,79,0
12-04 12:51:31,4.249,0.500,92.735,0,0.250,5692912,461980,193668,1719456,15437.515,9144.528,0,139.977,0,22.996,1947,3293,1.360,1.680,1.580,0,0,2.000,0,0,25,404,0,74,0
12-04 12:51:32,5.256,1.001,91.850,0.751,0,5692984,461908,193668,1719456,18017.567,9180.971,0,1765.918,0,85.092,2256,3713,1.250,1.650,1.570,0,0,0,0,0,25,404,0,74,0
12-04 12:51:33,5.495,0.500,91.161,0,0,5692948,461940,193668,1719460,25575.167,18585.953,0,323.686,0,36.964,2018,3290,1.250,1.650,1.570,0,0,0,0,0,25,404,0,73,0
12-04 12:51:34,4.502,1.501,93.292,0.500,0.250,5692940,461940,193672,1719464,15114.877,8519.877,0,364.166,0,36.016,2036,3174,1.250,1.650,1.570,0,0,0,0,0,25,404,0,73,0
12-04 12:51:35,13.010,3.503,81.065,1.501,0.250,5702412,451804,194072,1719728,230657.218,8438.776,656.527,80.064,20.016,4.003,2018,2928,1.250,1.650,1.570,2,0,7.006,0,0,25,404,0,67,0
12-04 12:51:36,11.005,4.252,82.538,1.251,0,5695312,458656,194224,1719824,128637.817,9025.197,344.160,8.004,14.007,2.001,2124,3113,1.250,1.650,1.570,0,0,18.008,0,0,25,404,0,67,0
12-04 12:51:37,8.987,2.996,85.622,0.749,0.499,5695460,458304,194228,1720024,141132.865,19076.462,71.892,682.978,2.996,49.925,2527,3947,1.230,1.640,1.560,2,0,11.982,0,0,25,404,0,63,0
12-04 12:51:38,20.506,7.752,70.021,1.500,0,5705528,434644,194228,1733612,131846.422,11904.559,836.250,92.028,74.022,6.002,2270,3259,1.230,1.640,1.560,1,1,23.007,0,0,25,404,0,63,0
