{0} setUpClass (tempest.api.compute.******.test_live_migration.LiveAutoBlockMigrationV225Test) ... SKIPPED: Less than 2 compute nodes, skipping migration test.
{0} setUpClass (tempest.api.compute.******.test_live_migration.LiveMigrationTest) ... SKIPPED: Less than 2 compute nodes, skipping migration test.
{0} setUpClass (tempest.api.compute.******.test_live_migration.LiveMigrationWithoutHostTest) ... SKIPPED: Less than 2 compute nodes, skipping migration test.
{0} setUpClass (tempest.api.compute.servers.test_server_rescue.ServerBootFromVolumeStableRescueTest) ... SKIPPED: Stable rescue not available.
{0} setUpClass (tempest.api.compute.servers.test_server_rescue.ServerStableDeviceRescueTest) ... SKIPPED: Stable rescue not available.
{0} tempest.api.compute.volumes.test_volume_snapshots.VolumesSnapshotsTestJSON.test_volume_snapshot_create_get_list_delete [2.421070s] ... FAILED

Captured traceback:
~~~~~~~~~~~~~~~~~~~
    Traceback (most recent call last):

      File "/opt/stack/tempest/tempest/api/compute/volumes/test_volume_snapshots.py", line 54, in test_volume_snapshot_create_get_list_delete
    volume = self.create_volume()
             ^^^^^^^^^^^^^^^^^^^^

      File "/opt/stack/tempest/tempest/api/compute/base.py", line 551, in create_volume
    waiters.wait_for_volume_resource_status(cls.volumes_client,

      File "/opt/stack/tempest/tempest/common/waiters.py", line 379, in wait_for_volume_resource_status
    raise exceptions.VolumeResourceBuildErrorException(

    tempest.exceptions.VolumeResourceBuildErrorException: volume a852f4ce-3ab6-48d2-ab7e-8f47e89de98c failed to build and is in ERROR status


Captured pythonlogging:
~~~~~~~~~~~~~~~~~~~~~~~
    2026-03-25 20:43:14,061 130085 INFO     [tempest.lib.common.rest_client] Request (VolumesSnapshotsTestJSON:test_volume_snapshot_create_get_list_delete): 200 POST http://10.201.9.223/compute/v2.1/os-volumes 1.230s
2026-03-25 20:43:14,062 130085 DEBUG    [tempest.lib.common.rest_client] Request - Headers: {'Content-Type': 'application/json', 'Accept': 'application/json', 'X-Auth-Token': '<omitted>'}
        Body: {"volume": {"size": 1, "display_name": "tempest-VolumesSnapshotsTestJSON-volume-25353119"}}
    Response - Headers: {'date': 'Wed, 25 Mar 2026 20:43:12 GMT', 'server': 'Apache/2.4.58 (Ubuntu)', 'content-length': '337', 'location': 'http://10.201.9.223/compute/v2.1/os-volumes/a852f4ce-3ab6-48d2-ab7e-8f47e89de98c', 'content-type': 'application/json', 'openstack-api-version': 'compute 2.1', 'x-openstack-nova-api-version': '2.1', 'vary': 'OpenStack-API-Version,X-OpenStack-Nova-API-Version', 'x-openstack-request-id': 'req-28cb7fb4-387c-44a5-8a00-c10b2a3cf862', 'x-compute-request-id': 'req-28cb7fb4-387c-44a5-8a00-c10b2a3cf862', 'connection': 'close', 'status': '200', 'content-location': 'http://10.201.9.223/compute/v2.1/os-volumes'}
        Body: b'{"volume": {"id": "a852f4ce-3ab6-48d2-ab7e-8f47e89de98c", "status": "creating", "size": 1, "availabilityZone": "nova", "createdAt": "2026-03-25T20:43:13.593853", "attachments": [{}], "displayName": "tempest-VolumesSnapshotsTestJSON-volume-25353119", "displayDescription": null, "volumeType": "3par1", "snapshotId": null, "metadata": {}}}'
2026-03-25 20:43:14,198 130085 INFO     [tempest.lib.common.rest_client] Request (VolumesSnapshotsTestJSON:test_volume_snapshot_create_get_list_delete): 200 GET http://10.201.9.223/compute/v2.1/os-volumes/a852f4ce-3ab6-48d2-ab7e-8f47e89de98c 0.131s
2026-03-25 20:43:14,199 130085 DEBUG    [tempest.lib.common.rest_client] Request - Headers: {'Content-Type': 'application/json', 'Accept': 'application/json', 'X-Auth-Token': '<omitted>'}
        Body: None
    Response - Headers: {'date': 'Wed, 25 Mar 2026 20:43:14 GMT', 'server': 'Apache/2.4.58 (Ubuntu)', 'content-length': '334', 'content-type': 'application/json', 'openstack-api-version': 'compute 2.1', 'x-openstack-nova-api-version': '2.1', 'vary': 'OpenStack-API-Version,X-OpenStack-Nova-API-Version', 'x-openstack-request-id': 'req-ba43e520-db67-44cc-a8e6-67d75ca80e91', 'x-compute-request-id': 'req-ba43e520-db67-44cc-a8e6-67d75ca80e91', 'connection': 'close', 'status': '200', 'content-location': 'http://10.201.9.223/compute/v2.1/os-volumes/a852f4ce-3ab6-48d2-ab7e-8f47e89de98c'}
        Body: b'{"volume": {"id": "a852f4ce-3ab6-48d2-ab7e-8f47e89de98c", "status": "error", "size": 1, "availabilityZone": "nova", "createdAt": "2026-03-25T20:43:14.000000", "attachments": [{}], "displayName": "tempest-VolumesSnapshotsTestJSON-volume-25353119", "displayDescription": null, "volumeType": "3par1", "snapshotId": null, "metadata": {}}}'
2026-03-25 20:43:15,247 130085 INFO     [tempest.lib.common.rest_client] Request (VolumesSnapshotsTestJSON:test_volume_snapshot_create_get_list_delete): 200 GET http://10.201.9.223/compute/v2.1/os-volumes/a852f4ce-3ab6-48d2-ab7e-8f47e89de98c 0.044s
2026-03-25 20:43:15,247 130085 DEBUG    [tempest.lib.common.rest_client] Request - Headers: {'Content-Type': 'application/json', 'Accept': 'application/json', 'X-Auth-Token': '<omitted>'}
        Body: None
    Response - Headers: {'date': 'Wed, 25 Mar 2026 20:43:15 GMT', 'server': 'Apache/2.4.58 (Ubuntu)', 'content-length': '334', 'content-type': 'application/json', 'openstack-api-version': 'compute 2.1', 'x-openstack-nova-api-version': '2.1', 'vary': 'OpenStack-API-Version,X-OpenStack-Nova-API-Version', 'x-openstack-request-id': 'req-7ddf2573-8f39-47e2-84fe-98ccd82f0a86', 'x-compute-request-id': 'req-7ddf2573-8f39-47e2-84fe-98ccd82f0a86', 'connection': 'close', 'status': '200', 'content-location': 'http://10.201.9.223/compute/v2.1/os-volumes/a852f4ce-3ab6-48d2-ab7e-8f47e89de98c'}
        Body: b'{"volume": {"id": "a852f4ce-3ab6-48d2-ab7e-8f47e89de98c", "status": "error", "size": 1, "availabilityZone": "nova", "createdAt": "2026-03
    -25T20:43:14.000000", "attachments": [{}], "displayName": "tempest-VolumesSnapshotsTestJSON-volume-25353119", "displayDescription": null, "volumeType": "3par1", "snapshotId": null, "metadata": {}}}'

{0} tempest.api.compute.volumes.test_volumes_get.VolumesGetTestJSON.test_volume_create_get_delete [1.425410s] ... FAILED

Captured traceback:
~~~~~~~~~~~~~~~~~~~
    Traceback (most recent call last):

      File "/opt/stack/tempest/tempest/api/compute/volumes/test_volumes_get.py", line 56, in test_volume_create_get_delete
    volume = self.create_volume(size=CONF.volume.volume_size,
             ^^^^^^^^^^^^^^^^^^^^^^^^^^^^^^^^^^^^^^^^^^^^^^^^

      File "/opt/stack/tempest/tempest/api/compute/base.py", line 551, in create_volume
    waiters.wait_for_volume_resource_status(cls.volumes_client,

      File "/opt/stack/tempest/tempest/common/waiters.py", line 379, in wait_for_volume_resource_status
    raise exceptions.VolumeResourceBuildErrorException(

    tempest.exceptions.VolumeResourceBuildErrorException: volume 5a6911e3-5cb0-4c55-906b-85d4dace0ec2 failed to build and is in ERROR status


Captured pythonlogging:
~~~~~~~~~~~~~~~~~~~~~~~
    2026-03-25 20:43:17,081 130085 INFO     [tempest.lib.common.rest_client] Request (VolumesGetTestJSON:test_volume_create_get_delete): 200 POST http://10.201.9.223/compute/v2.1/os-volumes 0.320s
2026-03-25 20:43:17,082 130085 DEBUG    [tempest.lib.common.rest_client] Request - Headers: {'Content-Type': 'application/json', 'Accept': 'application/json', 'X-Auth-Token': '<omitted>'}
        Body: {"volume": {"size": 1, "display_name": "tempest-VolumesGetTestJSON-Volume-1436301799", "metadata": {"Type": "work"}}}
    Response - Headers: {'date': 'Wed, 25 Mar 2026 20:43:16 GMT', 'server': 'Apache/2.4.58 (Ubuntu)', 'content-length': '347', 'location': 'http://10.201.9.223/compute/v2.1/os-volumes/5a6911e3-5cb0-4c55-906b-85d4dace0ec2', 'content-type': 'application/json', 'openstack-api-version': 'compute 2.1', 'x-openstack-nova-api-version': '2.1', 'vary': 'OpenStack-API-Version,X-OpenStack-Nova-API-Version', 'x-openstack-request-id': 'req-94dd9450-b64c-490d-a0f0-a614cb3235e7', 'x-compute-request-id': 'req-94dd9450-b64c-490d-a0f0-a614cb3235e7', 'connection': 'close', 'status': '200', 'content-location': 'http://10.201.9.223/compute/v2.1/os-volumes'}
        Body: b'{"volume": {"id": "5a6911e3-5cb0-4c55-906b-85d4dace0ec2", "status": "creating", "size": 1, "availabilityZone": "nova", "createdAt": "2026-03-25T20:43:16.962602", "attachments": [{}], "displayName": "tempest-VolumesGetTestJSON-Volume-1436301799", "displayDescription": null, "volumeType": "3par1", "snapshotId": null, "metadata": {"Type": "work"}}}'
2026-03-25 20:43:17,123 130085 INFO     [tempest.lib.common.rest_client] Request (VolumesGetTestJSON:test_volume_create_get_delete): 200 GET http://10.201.9.223/compute/v2.1/os-volumes/5a6911e3-5cb0-4c55-906b-85d4dace0ec2 0.034s
2026-03-25 20:43:17,124 130085 DEBUG    [tempest.lib.common.rest_client] Request - Headers: {'Content-Type': 'application/json', 'Accept': 'application/json', 'X-Auth-Token': '<omitted>'}
        Body: None
    Response - Headers: {'date': 'Wed, 25 Mar 2026 20:43:17 GMT', 'server': 'Apache/2.4.58 (Ubuntu)', 'content-length': '344', 'content-type': 'application/json', 'openstack-api-version': 'compute 2.1', 'x-openstack-nova-api-version': '2.1', 'vary': 'OpenStack-API-Version,X-OpenStack-Nova-API-Version', 'x-openstack-request-id': 'req-7ef0c119-f515-45dd-b5f7-9a1acf349ec4', 'x-compute-request-id': 'req-7ef0c119-f515-45dd-b5f7-9a1acf349ec4', 'connection': 'close', 'status': '200', 'content-location': 'http://10.201.9.223/compute/v2.1/os-volumes/5a6911e3-5cb0-4c55-906b-85d4dace0ec2'}
        Body: b'{"volume": {"id": "5a6911e3-5cb0-4c55-906b-85d4dace0ec2", "status": "error", "size": 1, "availabilityZone": "nova", "createdAt": "2026-03-25T20:43:17.000000", "attachments": [{}], "displayName": "tempest-VolumesGetTestJSON-Volume-1436301799", "displayDescription": null, "volumeType": "3par1", "snapshotId": null, "metadata": {"Type": "work"}}}'
2026-03-25 20:43:18,182 130085 INFO     [tempest.lib.common.rest_client] Request (VolumesGetTestJSON:test_volume_create_get_delete): 200 GET http://10.201.9.223/compute/v2.1/os-volumes/5a6911e3-5cb0-4c55-906b-85d4dace0ec2 0.055s
2026-03-25 20:43:18,182 130085 DEBUG    [tempest.lib.common.rest_client] Request - Headers: {'Content-Type': 'application/json', 'Accept': 'application/json', 'X-Auth-Token': '<omitted>'}
        Body: None
    Response - Headers: {'date': 'Wed, 25 Mar 2026 20:43:18 GMT', 'server': 'Apache/2.4.58 (Ubuntu)', 'content-length': '344', 'content-type': 'application/json', 'openstack-api-version': 'compute 2.1', 'x-openstack-nova-api-version': '2.1', 'vary': 'OpenStack-API-Version,X-OpenStack-Nova-API-Version', 'x-openstack-request-id': 'req-3b76923a-b6f6-4943-ae06-9ab6b7802b05', 'x-compute-request-id': 'req-3b76923a-b6f6-4943-ae06-9ab6b7802b05', 'connection': 'close', 'status': '200', 'content-location': 'http://10.201.9.223/compute/v2.1/os-volumes/5a6911e3-5cb0-4c55-906b-85d4dace0ec2'}
        Body: b'{"volume": {"id": "5a6911e3-5cb0-4c55-906b-85d4dace0ec2", "status": "error", "size": 1, "availabilityZone": "nova", "createdAt": "2026-03-25T20:43:17.0
    00000", "attachments": [{}], "displayName": "tempest-VolumesGetTestJSON-Volume-1436301799", "displayDescription": null, "volumeType": "3par1", "snapshotId": null, "metadata": {"Type": "work"}}}'

{0} setUpClass (tempest.api.compute.volumes.test_volumes_list.VolumesTestJSON) [0.000000s] ... FAILED

Captured traceback:
~~~~~~~~~~~~~~~~~~~
    Traceback (most recent call last):

      File "/opt/stack/tempest/tempest/test.py", line 185, in setUpClass
    raise value.with_traceback(trace)

      File "/opt/stack/tempest/tempest/test.py", line 178, in setUpClass
    cls.resource_setup()

      File "/opt/stack/tempest/tempest/api/compute/volumes/test_volumes_list.py", line 57, in resource_setup
    volume = cls.create_volume(metadata=metadata)
             ^^^^^^^^^^^^^^^^^^^^^^^^^^^^^^^^^^^^

      File "/opt/stack/tempest/tempest/api/compute/base.py", line 551, in create_volume
    waiters.wait_for_volume_resource_status(cls.volumes_client,

      File "/opt/stack/tempest/tempest/common/waiters.py", line 379, in wait_for_volume_resource_status
    raise exceptions.VolumeResourceBuildErrorException(

    tempest.exceptions.VolumeResourceBuildErrorException: volume b32f5339-4f9e-427e-8247-e0fbac4715ef failed to build and is in ERROR status

{0} tempest.api.compute.volumes.test_volumes_negative.VolumesNegativeTest.test_create_volume_with_invalid_size [0.106065s] ... ok
{0} tempest.api.compute.volumes.test_volumes_negative.VolumesNegativeTest.test_create_volume_with_size_zero [0.014469s] ... ok
{0} tempest.api.compute.volumes.test_volumes_negative.VolumesNegativeTest.test_create_volume_without_passing_size [0.010460s] ... ok
{0} tempest.api.compute.volumes.test_volumes_negative.VolumesNegativeTest.test_delete_invalid_volume_id [0.020755s] ... ok
{0} tempest.api.compute.volumes.test_volumes_negative.VolumesNegativeTest.test_delete_volume_without_passing_volume_id [0.009991s] ... ok
{0} tempest.api.compute.volumes.test_volumes_negative.VolumesNegativeTest.test_get_volume_without_passing_volume_id [0.010483s] ... ok
{0} tempest.api.compute.volumes.test_volumes_negative.VolumesNegativeTest.test_volume_delete_nonexistent_volume_id [0.028178s] ... ok
{0} tempest.api.compute.volumes.test_volumes_negative.VolumesNegativeTest.test_volume_get_nonexistent_volume_id [0.019529s] ... ok
{0} tempest.api.volume.******.test_backends_capabilities.BackendsCapabilitiesAdminTestsJSON.test_compare_volume_stats_values [0.544865s] ... ok
{0} tempest.api.volume.******.test_backends_capabilities.BackendsCapabilitiesAdminTestsJSON.test_get_capabilities_backend [0.001200s] ... FAILED

Captured traceback:
~~~~~~~~~~~~~~~~~~~
    Traceback (most recent call last):

      File "/opt/stack/tempest/tempest/api/volume/******/test_backends_capabilities.py", line 38, in test_get_capabilities_backend
    self.******_capabilities_client.show_backend_capabilities(self.hosts[0])
                                                             ~~~~~~~~~~^^^

    IndexError: list index out of range

{0} setUpClass (tempest.api.volume.******.test_encrypted_volumes_extend.EncryptedVolumesExtendAttachedTest) ... SKIPPED: Attached encrypted volume extend is disabled.
{0} tempest.api.volume.******.test_group_snapshots.GroupSnapshotsTest.test_create_group_from_group_snapshot [1.575460s] ... FAILED

Captured traceback:
~~~~~~~~~~~~~~~~~~~
    Traceback (most recent call last):

      File "/opt/stack/tempest/tempest/api/volume/******/test_group_snapshots.py", line 162, in test_create_group_from_group_snapshot
    grp = self.create_group(group_type=group_type['id'],
          ^^^^^^^^^^^^^^^^^^^^^^^^^^^^^^^^^^^^^^^^^^^^^^

      File "/opt/stack/tempest/tempest/api/volume/base.py", line 293, in create_group
    waiters.wait_for_volume_resource_status(

      File "/opt/stack/tempest/tempest/common/waiters.py", line 379, in wait_for_volume_resource_status
    raise exceptions.VolumeResourceBuildErrorException(

    tempest.exceptions.VolumeResourceBuildErrorException: group 2ca5be57-59e5-4acb-86df-9183fbe36682 failed to build and is in ERROR status


Captured pythonlogging:
~~~~~~~~~~~~~~~~~~~~~~~
    2026-03-25 20:43:27,101 130085 INFO     [tempest.lib.common.rest_client] Request (GroupSnapshotsTest:test_create_group_from_group_snapshot): 200 POST http://10.201.9.223/volume/v3/types 0.085s
2026-03-25 20:43:27,102 130085 DEBUG    [tempest.lib.common.rest_client] Request - Headers: {'Content-Type': 'application/json', 'Accept': 'application/json', 'X-Auth-Token': '<omitted>'}
        Body: {"volume_type": {"name": "tempest-GroupSnapshotsTest-volume-type-367920096"}}
    Response - Headers: {'date': 'Wed, 25 Mar 2026 20:43:27 GMT', 'server': 'Apache/2.4.58 (Ubuntu)', 'content-type': 'application/json', 'x-compute-request-id': 'req-fea6a7b2-23bb-4e2c-920e-767e418d98a1', 'content-length': '223', 'openstack-api-version': 'volume 3.0', 'vary': 'OpenStack-API-Version', 'x-openstack-request-id': 'req-fea6a7b2-23bb-4e2c-920e-767e418d98a1', 'connection': 'close', 'status': '200', 'content-location': 'http://10.201.9.223/volume/v3/types'}
        Body: b'{"volume_type": {"id": "f5058406-3429-4d4b-9603-4360df83ef50", "name": "tempest-GroupSnapshotsTest-volume-type-367920096", "is_public": true, "extra_specs": {}, "description": null, "os-volume-type-access:is_public": true}}'
2026-03-25 20:43:27,141 130085 INFO     [tempest.lib.common.rest_client] Request (GroupSnapshotsTest:test_create_group_from_group_snapshot): 202 POST http://10.201.9.223/volume/v3/group_types 0.037s
2026-03-25 20:43:27,141 130085 DEBUG    [tempest.lib.common.rest_client] Request - Headers: {'Content-Type': 'application/json', 'Accept': 'application/json', 'Openstack-Api-Version': 'volume 3.14', 'X-Auth-Token': '<omitted>'}
        Body: {"group_type": {"name": "tempest-GroupSnapshotsTest-group-type-181595969"}}
    Response - Headers: {'date': 'Wed, 25 Mar 2026 20:43:27 GMT', 'server': 'Apache/2.4.58 (Ubuntu)', 'content-type': 'application/json', 'x-compute-request-id': 'req-b32684e1-57e1-418d-bbb5-59ce6520d4d4', 'content-length': '180', 'openstack-api-version': 'volume 3.14', 'vary': 'OpenStack-API-Version', 'x-openstack-request-id': 'req-b32684e1-57e1-418d-bbb5-59ce6520d4d4', 'connection': 'close', 'status': '202', 'content-location': 'http://10.201.9.223/volume/v3/group_types'}
        Body: b'{"group_type": {"id": "fe393a3f-bf6a-4650-9aa5-12e26b2b4544", "name": "tempest-GroupSnapshotsTest-group-type-181595969", "description": null, "is_public": true, "group_specs": {}}}'
2026-03-25 20:43:27,288 130085 INFO     [tempest.lib.common.rest_client] Request (GroupSnapshotsTest:test_create_group_from_group_snapshot): 202 POST http://10.201.9.223/volume/v3/groups 0.145s
2026-03-25 20:43:27,289 130085 DEBUG    [tempest.lib.common.rest_client] Request - Headers: {'Content-Type': 'application/json', 'Accept': 'application/json', 'Openstack-Api-Version': 'volume 3.14', 'X-Auth-Token': '<omitted>'}
        Body: {"group": {"group_type": "fe393a3f-bf6a-4650-9aa5-12e26b2b4544", "volume_types": ["f5058406-3429-4d4b-9603-4360df83ef50"], "name": "tempest-GroupSnapshotsTest-Group-1811900414"}}
    Response - Headers: {'date': 'Wed, 25 Mar 2026 20:43:27 GMT', 'server': 'Apache/2.4.58 (Ubuntu)', 'content-type': 'application/json', 'x-compute-request-id': 'req-e0acc258-54cb-43eb-b095-c401ff6cb8b2', 'content-length': '112', 'openstack-api-version': 'volume 3.14', 'vary': 'OpenStack-API-Version', 'x-openstack-request-id': 'req-e0acc258-54cb-43eb-b095-c401ff6cb8b2', 'connection': 'close', 'status': '202', 'content-location': 'http://10.201.9.223/volume/v3/groups'}
        Body: b'{"group": {"id": "2ca5be57-59e5-4acb-86df-9183fbe36682", "name": "tempest-GroupSnapshotsTest-Group-1811900414"}}'
2026-03-25 20:43:27,318 130085 INFO     [tempest.lib.common.rest_client] Request (GroupSnapshotsTest:test_create_group_from_group_snapshot): 200 GET http://10.201.9.223/volume/v3/groups/2ca5be57-59e5-4acb-86df-9183fbe36682 0.027s
2026-03-25 20:43:27,318 130085 DEBUG    [tempest.lib.common.rest_client] Request - Headers: {'Content-Type': 'application/json', 'Accept': 'application/json', 'Openstack-Api-Version': 'volume 3.14', 'X-Auth-Token': '<omitted>'}
        Body: None
    Response - Heade
    rs: {'date': 'Wed, 25 Mar 2026 20:43:27 GMT', 'server': 'Apache/2.4.58 (Ubuntu)', 'content-type': 'application/json', 'x-compute-request-id': 'req-fa1f5f18-d313-41c7-9772-dec33c8046d8', 'content-length': '392', 'openstack-api-version': 'volume 3.14', 'vary': 'OpenStack-API-Version', 'x-openstack-request-id': 'req-fa1f5f18-d313-41c7-9772-dec33c8046d8', 'connection': 'close', 'status': '200', 'content-location': 'http://10.201.9.223/volume/v3/groups/2ca5be57-59e5-4acb-86df-9183fbe36682'}
        Body: b'{"group": {"id": "2ca5be57-59e5-4acb-86df-9183fbe36682", "status": "creating", "availability_zone": "nova", "created_at": "2026-03-25T20:43:27.000000", "name": "tempest-GroupSnapshotsTest-Group-1811900414", "description": null, "group_type": "fe393a3f-bf6a-4650-9aa5-12e26b2b4544", "volume_types": ["f5058406-3429-4d4b-9603-4360df83ef50"], "group_snapshot_id": null, "source_group_id": null}}'
2026-03-25 20:43:28,358 130085 INFO     [tempest.lib.common.rest_client] Request (GroupSnapshotsTest:test_create_group_from_group_snapshot): 200 GET http://10.201.9.223/volume/v3/groups/2ca5be57-59e5-4acb-86df-9183fbe36682 0.038s
2026-03-25 20:43:28,359 130085 DEBUG    [tempest.lib.common.rest_client] Request - Headers: {'Content-Type': 'application/json', 'Accept': 'application/json', 'Openstack-Api-Version': 'volume 3.14', 'X-Auth-Token': '<omitted>'}
        Body: None
    Response - Headers: {'date': 'Wed, 25 Mar 2026 20:43:28 GMT', 'server': 'Apache/2.4.58 (Ubuntu)', 'content-type': 'application/json', 'x-compute-request-id': 'req-b6197cb6-9291-4679-8b63-e37fc9eab4fb', 'content-length': '389', 'openstack-api-version': 'volume 3.14', 'vary': 'OpenStack-API-Version', 'x-openstack-request-id': 'req-b6197cb6-9291-4679-8b63-e37fc9eab4fb', 'connection': 'close', 'status': '200', 'content-location': 'http://10.201.9.223/volume/v3/groups/2ca5be57-59e5-4acb-86df-9183fbe36682'}
        Body: b'{"group": {"id": "2ca5be57-59e5-4acb-86df-9183fbe36682", "status": "error", "availability_zone": "nova", "created_at": "2026-03-25T20:43:27.000000", "name": "tempest-GroupSnapshotsTest-Group-1811900414", "description": null, "group_type": "fe393a3f-bf6a-4650-9aa5-12e26b2b4544", "volume_types": ["f5058406-3429-4d4b-9603-4360df83ef50"], "group_snapshot_id": null, "source_group_id": null}}'
2026-03-25 20:43:28,421 130085 INFO     [tempest.lib.common.rest_client] Request (GroupSnapshotsTest:_run_cleanups): 200 GET http://10.201.9.223/volume/v3/volumes/detail 0.054s
2026-03-25 20:43:28,421 130085 DEBUG    [tempest.lib.common.rest_client] Request - Headers: {'Content-Type': 'application/json', 'Accept': 'application/json', 'Openstack-Api-Version': 'volume 3.14', 'X-Auth-Token': '<omitted>'}
        Body: None
    Response - Headers: {'date': 'Wed, 25 Mar 2026 20:43:28 GMT', 'server': 'Apache/2.4.58 (Ubuntu)', 'content-type': 'application/json', 'x-compute-request-id': 'req-a2476add-b290-4edd-b6e1-3ac803043cbd', 'content-length': '15', 'openstack-api-version': 'volume 3.14', 'vary': 'OpenStack-API-Version', 'x-openstack-request-id': 'req-a2476add-b290-4edd-b6e1-3ac803043cbd', 'connection': 'close', 'status': '200', 'content-location': 'http://10.201.9.223/volume/v3/volumes/detail'}
        Body: b'{"volumes": []}'
2026-03-25 20:43:28,483 130085 INFO     [tempest.lib.common.rest_client] Request (GroupSnapshotsTest:_run_cleanups): 202 POST http://10.201.9.223/volume/v3/groups/2ca5be57-59e5-4acb-86df-9183fbe36682/action 0.057s
2026-03-25 20:43:28,483 130085 DEBUG    [tempest.lib.common.rest_client] Request - Headers: {'Content-Type': 'application/json', 'Accept': 'application/json', 'Openstack-Api-Version': 'volume 3.14', 'X-Auth-Token': '<omitted>'}
        Body: {"delete": {"delete-volumes": true}}
    Response - Headers: {'date': 'Wed, 25 Mar 2026 20:43:28 GMT', 'server': 'Apache/2.4.58 (Ubuntu)', 'content-length': '0', 'content-type': 'text/html; charset=UTF-8', 'openstack-api-version': 'volume 3.14', 'vary': 'OpenStack-API-Version', 'x-openstack-request-id': 'req-499daf8d-a145-4a61-ab06-c6de4a3da46b', 'connection': 'close', 'status': '202', 'content-location
    ': 'http://10.201.9.223/volume/v3/groups/2ca5be57-59e5-4acb-86df-9183fbe36682/action'}
        Body: b''
2026-03-25 20:43:28,494 130085 INFO     [tempest.lib.common.rest_client] Request (GroupSnapshotsTest:_run_cleanups): 404 GET http://10.201.9.223/volume/v3/groups/2ca5be57-59e5-4acb-86df-9183fbe36682 0.011s
2026-03-25 20:43:28,495 130085 DEBUG    [tempest.lib.common.rest_client] Request - Headers: {'Content-Type': 'application/json', 'Accept': 'application/json', 'Openstack-Api-Version': 'volume 3.14', 'X-Auth-Token': '<omitted>'}
        Body: None
    Response - Headers: {'date': 'Wed, 25 Mar 2026 20:43:28 GMT', 'server': 'Apache/2.4.58 (Ubuntu)', 'openstack-api-version': 'volume 3.14', 'vary': 'OpenStack-API-Version', 'content-length': '108', 'content-type': 'application/json', 'x-compute-request-id': 'req-32e1da66-d584-4a26-a366-8980a2e66562', 'x-openstack-request-id': 'req-32e1da66-d584-4a26-a366-8980a2e66562', 'connection': 'close', 'status': '404', 'content-location': 'http://10.201.9.223/volume/v3/groups/2ca5be57-59e5-4acb-86df-9183fbe36682'}
        Body: b'{"itemNotFound": {"code": 404, "message": "Group 2ca5be57-59e5-4acb-86df-9183fbe36682 could not be found."}}'
2026-03-25 20:43:28,518 130085 INFO     [tempest.lib.common.rest_client] Request (GroupSnapshotsTest:_run_cleanups): 202 DELETE http://10.201.9.223/volume/v3/group_types/fe393a3f-bf6a-4650-9aa5-12e26b2b4544 0.023s
2026-03-25 20:43:28,518 130085 DEBUG    [tempest.lib.common.rest_client] Request - Headers: {'Content-Type': 'application/json', 'Accept': 'application/json', 'Openstack-Api-Version': 'volume 3.14', 'X-Auth-Token': '<omitted>'}
        Body: None
    Response - Headers: {'date': 'Wed, 25 Mar 2026 20:43:28 GMT', 'server': 'Apache/2.4.58 (Ubuntu)', 'content-length': '0', 'content-type': 'text/html; charset=UTF-8', 'openstack-api-version': 'volume 3.14', 'vary': 'OpenStack-API-Version', 'x-openstack-request-id': 'req-f578b36f-545e-468b-ba48-afd9ad442f67', 'connection': 'close', 'status': '202', 'content-location': 'http://10.201.9.223/volume/v3/group_types/fe393a3f-bf6a-4650-9aa5-12e26b2b4544'}
        Body: b''
2026-03-25 20:43:28,574 130085 INFO     [tempest.lib.common.rest_client] Request (GroupSnapshotsTest:_run_cleanups): 202 DELETE http://10.201.9.223/volume/v3/types/f5058406-3429-4d4b-9603-4360df83ef50 0.056s
2026-03-25 20:43:28,575 130085 DEBUG    [tempest.lib.common.rest_client] Request - Headers: {'Content-Type': 'application/json', 'Accept': 'application/json', 'X-Auth-Token': '<omitted>'}
        Body: None
    Response - Headers: {'date': 'Wed, 25 Mar 2026 20:43:28 GMT', 'server': 'Apache/2.4.58 (Ubuntu)', 'content-length': '0', 'content-type': 'text/html; charset=UTF-8', 'openstack-api-version': 'volume 3.0', 'vary': 'OpenStack-API-Version', 'x-openstack-request-id': 'req-055cbc39-3a42-4726-8aae-39cb94d8cb1c', 'connection': 'close', 'status': '202', 'content-location': 'http://10.201.9.223/volume/v3/types/f5058406-3429-4d4b-9603-4360df83ef50'}
        Body: b''
2026-03-25 20:43:28,590 130085 INFO     [tempest.lib.common.rest_client] Request (GroupSnapshotsTest:_run_cleanups): 404 GET http://10.201.9.223/volume/v3/types/f5058406-3429-4d4b-9603-4360df83ef50 0.015s
2026-03-25 20:43:28,590 130085 DEBUG    [tempest.lib.common.rest_client] Request - Headers: {'Content-Type': 'application/json', 'Accept': 'application/json', 'X-Auth-Token': '<omitted>'}
        Body: None
    Response - Headers: {'date': 'Wed, 25 Mar 2026 20:43:28 GMT', 'server': 'Apache/2.4.58 (Ubuntu)', 'openstack-api-version': 'volume 3.0', 'vary': 'OpenStack-API-Version', 'content-length': '114', 'content-type': 'application/json', 'x-compute-request-id': 'req-a0614b9f-97d3-424d-88bb-2b203a15e142', 'x-openstack-request-id': 'req-a0614b9f-97d3-424d-88bb-2b203a15e142', 'connection': 'close', 'status': '404', 'content-location': 'http://10.201.9.223/volume/v3/types/f5058406-3429-4d4b-9603-4360df83ef50'}
        Body: b'{"itemNotFound": {"code": 404, "message": "Volume type f5058406-3429-4d4b-9603-4360df83ef50 could not be found."}}'

{0} tempest.api.volume.******.test_group_snapshots.GroupSnapshotsTest.test_delete_group_snapshots_following_updated_volumes [1.379339s] ... FAILED

Captured traceback:
~~~~~~~~~~~~~~~~~~~
    Traceback (most recent call last):

      File "/opt/stack/tempest/tempest/lib/decorators.py", line 106, in wrapper
    raise exc

      File "/opt/stack/tempest/tempest/lib/decorators.py", line 98, in wrapper
    return f(*func_args, **func_kwargs)
           ^^^^^^^^^^^^^^^^^^^^^^^^^^^^

      File "/opt/stack/tempest/tempest/api/volume/******/test_group_snapshots.py", line 225, in test_delete_group_snapshots_following_updated_volumes
    grp = self.create_group(group_type=group_type['id'],
          ^^^^^^^^^^^^^^^^^^^^^^^^^^^^^^^^^^^^^^^^^^^^^^

      File "/opt/stack/tempest/tempest/api/volume/base.py", line 293, in create_group
    waiters.wait_for_volume_resource_status(

      File "/opt/stack/tempest/tempest/common/waiters.py", line 379, in wait_for_volume_resource_status
    raise exceptions.VolumeResourceBuildErrorException(

    tempest.exceptions.VolumeResourceBuildErrorException: group d8b6f968-45e0-494e-aad3-9d2a5f9a604f failed to build and is in ERROR status


Captured pythonlogging:
~~~~~~~~~~~~~~~~~~~~~~~
    2026-03-25 20:43:28,615 130085 INFO     [tempest.lib.common.rest_client] Request (GroupSnapshotsTest:test_delete_group_snapshots_following_updated_volumes): 200 POST http://10.201.9.223/volume/v3/types 0.022s
2026-03-25 20:43:28,615 130085 DEBUG    [tempest.lib.common.rest_client] Request - Headers: {'Content-Type': 'application/json', 'Accept': 'application/json', 'X-Auth-Token': '<omitted>'}
        Body: {"volume_type": {"name": "tempest-GroupSnapshotsTest-volume-type-340969709"}}
    Response - Headers: {'date': 'Wed, 25 Mar 2026 20:43:28 GMT', 'server': 'Apache/2.4.58 (Ubuntu)', 'content-type': 'application/json', 'x-compute-request-id': 'req-673877a3-a7fe-41a1-a9ae-1e8bffb13d18', 'content-length': '223', 'openstack-api-version': 'volume 3.0', 'vary': 'OpenStack-API-Version', 'x-openstack-request-id': 'req-673877a3-a7fe-41a1-a9ae-1e8bffb13d18', 'connection': 'close', 'status': '200', 'content-location': 'http://10.201.9.223/volume/v3/types'}
        Body: b'{"volume_type": {"id": "949a7e22-e045-41e1-ab09-857b5f4d1c36", "name": "tempest-GroupSnapshotsTest-volume-type-340969709", "is_public": true, "extra_specs": {}, "description": null, "os-volume-type-access:is_public": true}}'
2026-03-25 20:43:28,635 130085 INFO     [tempest.lib.common.rest_client] Request (GroupSnapshotsTest:test_delete_group_snapshots_following_updated_volumes): 202 POST http://10.201.9.223/volume/v3/group_types 0.017s
2026-03-25 20:43:28,635 130085 DEBUG    [tempest.lib.common.rest_client] Request - Headers: {'Content-Type': 'application/json', 'Accept': 'application/json', 'Openstack-Api-Version': 'volume 3.14', 'X-Auth-Token': '<omitted>'}
        Body: {"group_type": {"name": "tempest-GroupSnapshotsTest-group-type-857361153"}}
    Response - Headers: {'date': 'Wed, 25 Mar 2026 20:43:28 GMT', 'server': 'Apache/2.4.58 (Ubuntu)', 'content-type': 'application/json', 'x-compute-request-id': 'req-bb15f1ae-7f0e-4cc8-967b-f99069bd9dc1', 'content-length': '180', 'openstack-api-version': 'volume 3.14', 'vary': 'OpenStack-API-Version', 'x-openstack-request-id': 'req-bb15f1ae-7f0e-4cc8-967b-f99069bd9dc1', 'connection': 'close', 'status': '202', 'content-location': 'http://10.201.9.223/volume/v3/group_types'}
        Body: b'{"group_type": {"id": "f8e934fd-5994-4e48-bd1d-7cf2b102a10e", "name": "tempest-GroupSnapshotsTest-group-type-857361153", "description": null, "is_public": true, "group_specs": {}}}'
2026-03-25 20:43:28,706 130085 INFO     [tempest.lib.common.rest_client] Request (GroupSnapshotsTest:test_delete_group_snapshots_following_updated_volumes): 202 POST http://10.201.9.223/volume/v3/groups 0.070s
2026-03-25 20:43:28,706 130085 DEBUG    [tempest.lib.common.rest_client] Request - Headers: {'Content-Type': 'application/json', 'Accept': 'application/json', 'Openstack-Api-Version': 'volume 3.14', 'X-Auth-Token': '<omitted>'}
        Body: {"group": {"group_type": "f8e934fd-5994-4e48-bd1d-7cf2b102a10e", "volume_types": ["949a7e22-e045-41e1-ab09-857b5f4d1c36"], "name": "tempest-GroupSnapshotsTest-Group-1304994784"}}
    Response - Headers: {'date': 'Wed, 25 Mar 2026 20:43:28 GMT', 'server': 'Apache/2.4.58 (Ubuntu)', 'content-type': 'application/json', 'x-compute-request-id': 'req-14a4b433-66e7-41f2-a6fe-5cef21372a4f', 'content-length': '112', 'openstack-api-version': 'volume 3.14', 'vary': 'OpenStack-API-Version', 'x-openstack-request-id': 'req-14a4b433-66e7-41f2-a6fe-5cef21372a4f', 'connection': 'close', 'status': '202', 'content-location': 'http://10.201.9.223/volume/v3/groups'}
        Body: b'{"group": {"id": "d8b6f968-45e0-494e-aad3-9d2a5f9a604f", "name": "tempest-GroupSnapshotsTest-Group-1304994784"}}'
2026-03-25 20:43:28,728 130085 INFO     [tempest.lib.common.rest_client] Request (GroupSnapshotsTest:test_delete_group_snapshots_following_updated_volumes): 200 GET http://10.201.9.223/volume/v3/groups/d8b6f968-45e0-494e-aad3-9d2a5f9a604f 0.021s
2026-03-25 20:43:28,728 130085 DEBUG    [tempest.lib.common.rest_client] Request - Headers: {'Content-Type': 'application/json', 'Accept': 'application/json', 'Openstack-Api-Version': 'volume 3.14', 'X-A
    uth-Token': '<omitted>'}
        Body: None
    Response - Headers: {'date': 'Wed, 25 Mar 2026 20:43:28 GMT', 'server': 'Apache/2.4.58 (Ubuntu)', 'content-type': 'application/json', 'x-compute-request-id': 'req-1b49e72b-2e9b-43c6-9273-24851391176f', 'content-length': '392', 'openstack-api-version': 'volume 3.14', 'vary': 'OpenStack-API-Version', 'x-openstack-request-id': 'req-1b49e72b-2e9b-43c6-9273-24851391176f', 'connection': 'close', 'status': '200', 'content-location': 'http://10.201.9.223/volume/v3/groups/d8b6f968-45e0-494e-aad3-9d2a5f9a604f'}
        Body: b'{"group": {"id": "d8b6f968-45e0-494e-aad3-9d2a5f9a604f", "status": "creating", "availability_zone": "nova", "created_at": "2026-03-25T20:43:29.000000", "name": "tempest-GroupSnapshotsTest-Group-1304994784", "description": null, "group_type": "f8e934fd-5994-4e48-bd1d-7cf2b102a10e", "volume_types": ["949a7e22-e045-41e1-ab09-857b5f4d1c36"], "group_snapshot_id": null, "source_group_id": null}}'
2026-03-25 20:43:29,760 130085 INFO     [tempest.lib.common.rest_client] Request (GroupSnapshotsTest:test_delete_group_snapshots_following_updated_volumes): 200 GET http://10.201.9.223/volume/v3/groups/d8b6f968-45e0-494e-aad3-9d2a5f9a604f 0.029s
2026-03-25 20:43:29,761 130085 DEBUG    [tempest.lib.common.rest_client] Request - Headers: {'Content-Type': 'application/json', 'Accept': 'application/json', 'Openstack-Api-Version': 'volume 3.14', 'X-Auth-Token': '<omitted>'}
        Body: None
    Response - Headers: {'date': 'Wed, 25 Mar 2026 20:43:29 GMT', 'server': 'Apache/2.4.58 (Ubuntu)', 'content-type': 'application/json', 'x-compute-request-id': 'req-73423211-c81d-46be-99da-4740afdd9e8e', 'content-length': '389', 'openstack-api-version': 'volume 3.14', 'vary': 'OpenStack-API-Version', 'x-openstack-request-id': 'req-73423211-c81d-46be-99da-4740afdd9e8e', 'connection': 'close', 'status': '200', 'content-location': 'http://10.201.9.223/volume/v3/groups/d8b6f968-45e0-494e-aad3-9d2a5f9a604f'}
        Body: b'{"group": {"id": "d8b6f968-45e0-494e-aad3-9d2a5f9a604f", "status": "error", "availability_zone": "nova", "created_at": "2026-03-25T20:43:29.000000", "name": "tempest-GroupSnapshotsTest-Group-1304994784", "description": null, "group_type": "f8e934fd-5994-4e48-bd1d-7cf2b102a10e", "volume_types": ["949a7e22-e045-41e1-ab09-857b5f4d1c36"], "group_snapshot_id": null, "source_group_id": null}}'
2026-03-25 20:43:29,766 130085 ERROR    [tempest.lib.decorators] Hints: This test was made for the bug_type 1739031. The failure could be related to https://launchpad.net/bugs/1739031
2026-03-25 20:43:29,813 130085 INFO     [tempest.lib.common.rest_client] Request (GroupSnapshotsTest:_run_cleanups): 200 GET http://10.201.9.223/volume/v3/volumes/detail 0.045s
2026-03-25 20:43:29,813 130085 DEBUG    [tempest.lib.common.rest_client] Request - Headers: {'Content-Type': 'application/json', 'Accept': 'application/json', 'Openstack-Api-Version': 'volume 3.14', 'X-Auth-Token': '<omitted>'}
        Body: None
    Response - Headers: {'date': 'Wed, 25 Mar 2026 20:43:29 GMT', 'server': 'Apache/2.4.58 (Ubuntu)', 'content-type': 'application/json', 'x-compute-request-id': 'req-2d9520b2-1b53-4822-b1bc-d3679454230a', 'content-length': '15', 'openstack-api-version': 'volume 3.14', 'vary': 'OpenStack-API-Version', 'x-openstack-request-id': 'req-2d9520b2-1b53-4822-b1bc-d3679454230a', 'connection': 'close', 'status': '200', 'content-location': 'http://10.201.9.223/volume/v3/volumes/detail'}
        Body: b'{"volumes": []}'
2026-03-25 20:43:29,882 130085 INFO     [tempest.lib.common.rest_client] Request (GroupSnapshotsTest:_run_cleanups): 202 POST http://10.201.9.223/volume/v3/groups/d8b6f968-45e0-494e-aad3-9d2a5f9a604f/action 0.057s
2026-03-25 20:43:29,882 130085 DEBUG    [tempest.lib.common.rest_client] Request - Headers: {'Content-Type': 'application/json', 'Accept': 'application/json', 'Openstack-Api-Version': 'volume 3.14', 'X-Auth-Token': '<omitted>'}
        Body: {"delete": {"delete-volumes": true}}
    Response - Headers: {'date': 'Wed, 25 Mar 2026 20:43:29 GMT', 'server': 'Apache/2.4.58 (Ubuntu)', 'co
    ntent-length': '0', 'content-type': 'text/html; charset=UTF-8', 'openstack-api-version': 'volume 3.14', 'vary': 'OpenStack-API-Version', 'x-openstack-request-id': 'req-f51ac61f-a704-43ae-b4f3-1627ca8e3b5d', 'connection': 'close', 'status': '202', 'content-location': 'http://10.201.9.223/volume/v3/groups/d8b6f968-45e0-494e-aad3-9d2a5f9a604f/action'}
        Body: b''
2026-03-25 20:43:29,894 130085 INFO     [tempest.lib.common.rest_client] Request (GroupSnapshotsTest:_run_cleanups): 404 GET http://10.201.9.223/volume/v3/groups/d8b6f968-45e0-494e-aad3-9d2a5f9a604f 0.011s
2026-03-25 20:43:29,894 130085 DEBUG    [tempest.lib.common.rest_client] Request - Headers: {'Content-Type': 'application/json', 'Accept': 'application/json', 'Openstack-Api-Version': 'volume 3.14', 'X-Auth-Token': '<omitted>'}
        Body: None
    Response - Headers: {'date': 'Wed, 25 Mar 2026 20:43:29 GMT', 'server': 'Apache/2.4.58 (Ubuntu)', 'openstack-api-version': 'volume 3.14', 'vary': 'OpenStack-API-Version', 'content-length': '108', 'content-type': 'application/json', 'x-compute-request-id': 'req-aa60c98b-b121-4b0b-bf63-2d278e0030d3', 'x-openstack-request-id': 'req-aa60c98b-b121-4b0b-bf63-2d278e0030d3', 'connection': 'close', 'status': '404', 'content-location': 'http://10.201.9.223/volume/v3/groups/d8b6f968-45e0-494e-aad3-9d2a5f9a604f'}
        Body: b'{"itemNotFound": {"code": 404, "message": "Group d8b6f968-45e0-494e-aad3-9d2a5f9a604f could not be found."}}'
2026-03-25 20:43:29,915 130085 INFO     [tempest.lib.common.rest_client] Request (GroupSnapshotsTest:_run_cleanups): 202 DELETE http://10.201.9.223/volume/v3/group_types/f8e934fd-5994-4e48-bd1d-7cf2b102a10e 0.020s
2026-03-25 20:43:29,916 130085 DEBUG    [tempest.lib.common.rest_client] Request - Headers: {'Content-Type': 'application/json', 'Accept': 'application/json', 'Openstack-Api-Version': 'volume 3.14', 'X-Auth-Token': '<omitted>'}
        Body: None
    Response - Headers: {'date': 'Wed, 25 Mar 2026 20:43:29 GMT', 'server': 'Apache/2.4.58 (Ubuntu)', 'content-length': '0', 'content-type': 'text/html; charset=UTF-8', 'openstack-api-version': 'volume 3.14', 'vary': 'OpenStack-API-Version', 'x-openstack-request-id': 'req-90e5d091-1a93-45d7-ba95-80986decf1ba', 'connection': 'close', 'status': '202', 'content-location': 'http://10.201.9.223/volume/v3/group_types/f8e934fd-5994-4e48-bd1d-7cf2b102a10e'}
        Body: b''
2026-03-25 20:43:29,959 130085 INFO     [tempest.lib.common.rest_client] Request (GroupSnapshotsTest:_run_cleanups): 202 DELETE http://10.201.9.223/volume/v3/types/949a7e22-e045-41e1-ab09-857b5f4d1c36 0.042s
2026-03-25 20:43:29,959 130085 DEBUG    [tempest.lib.common.rest_client] Request - Headers: {'Content-Type': 'application/json', 'Accept': 'application/json', 'X-Auth-Token': '<omitted>'}
        Body: None
    Response - Headers: {'date': 'Wed, 25 Mar 2026 20:43:29 GMT', 'server': 'Apache/2.4.58 (Ubuntu)', 'content-length': '0', 'content-type': 'text/html; charset=UTF-8', 'openstack-api-version': 'volume 3.0', 'vary': 'OpenStack-API-Version', 'x-openstack-request-id': 'req-010e2602-820a-45f8-ba2e-5fd12726fa94', 'connection': 'close', 'status': '202', 'content-location': 'http://10.201.9.223/volume/v3/types/949a7e22-e045-41e1-ab09-857b5f4d1c36'}
        Body: b''
2026-03-25 20:43:29,971 130085 INFO     [tempest.lib.common.rest_client] Request (GroupSnapshotsTest:_run_cleanups): 404 GET http://10.201.9.223/volume/v3/types/949a7e22-e045-41e1-ab09-857b5f4d1c36 0.011s
2026-03-25 20:43:29,971 130085 DEBUG    [tempest.lib.common.rest_client] Request - Headers: {'Content-Type': 'application/json', 'Accept': 'application/json', 'X-Auth-Token': '<omitted>'}
        Body: None
    Response - Headers: {'date': 'Wed, 25 Mar 2026 20:43:29 GMT', 'server': 'Apache/2.4.58 (Ubuntu)', 'openstack-api-version': 'volume 3.0', 'vary': 'OpenStack-API-Version', 'content-length': '114', 'content-type': 'application/json', 'x-compute-request-id': 'req-e587fc0f-e000-43e4-adfb-eaab68cb9511', 'x-openstack-request-id': 'req-e587fc0f-e000-43e4-adfb-eaab68cb9511', 'connection': 'close', 'status': '404',
     'content-location': 'http://10.201.9.223/volume/v3/types/949a7e22-e045-41e1-ab09-857b5f4d1c36'}
        Body: b'{"itemNotFound": {"code": 404, "message": "Volume type 949a7e22-e045-41e1-ab09-857b5f4d1c36 could not be found."}}'

{0} tempest.api.volume.******.test_group_snapshots.GroupSnapshotsTest.test_group_snapshot_create_show_list_delete [1.289722s] ... FAILED

Captured traceback:
~~~~~~~~~~~~~~~~~~~
    Traceback (most recent call last):

      File "/opt/stack/tempest/tempest/api/volume/******/test_group_snapshots.py", line 92, in test_group_snapshot_create_show_list_delete
    grp = self.create_group(group_type=group_type['id'],
          ^^^^^^^^^^^^^^^^^^^^^^^^^^^^^^^^^^^^^^^^^^^^^^

      File "/opt/stack/tempest/tempest/api/volume/base.py", line 293, in create_group
    waiters.wait_for_volume_resource_status(

      File "/opt/stack/tempest/tempest/common/waiters.py", line 379, in wait_for_volume_resource_status
    raise exceptions.VolumeResourceBuildErrorException(

    tempest.exceptions.VolumeResourceBuildErrorException: group 7a1bb5b4-19af-499c-85d0-84ce8520f6f2 failed to build and is in ERROR status


Captured pythonlogging:
~~~~~~~~~~~~~~~~~~~~~~~
    2026-03-25 20:43:29,997 130085 INFO     [tempest.lib.common.rest_client] Request (GroupSnapshotsTest:test_group_snapshot_create_show_list_delete): 200 POST http://10.201.9.223/volume/v3/types 0.023s
2026-03-25 20:43:29,997 130085 DEBUG    [tempest.lib.common.rest_client] Request - Headers: {'Content-Type': 'application/json', 'Accept': 'application/json', 'X-Auth-Token': '<omitted>'}
        Body: {"volume_type": {"name": "tempest-GroupSnapshotsTest-volume-type-251771855"}}
    Response - Headers: {'date': 'Wed, 25 Mar 2026 20:43:29 GMT', 'server': 'Apache/2.4.58 (Ubuntu)', 'content-type': 'application/json', 'x-compute-request-id': 'req-f94f8f64-41bb-42c1-92e0-323eea7f9b15', 'content-length': '223', 'openstack-api-version': 'volume 3.0', 'vary': 'OpenStack-API-Version', 'x-openstack-request-id': 'req-f94f8f64-41bb-42c1-92e0-323eea7f9b15', 'connection': 'close', 'status': '200', 'content-location': 'http://10.201.9.223/volume/v3/types'}
        Body: b'{"volume_type": {"id": "47d6871e-c257-462e-9928-5063734cb070", "name": "tempest-GroupSnapshotsTest-volume-type-251771855", "is_public": true, "extra_specs": {}, "description": null, "os-volume-type-access:is_public": true}}'
2026-03-25 20:43:30,024 130085 INFO     [tempest.lib.common.rest_client] Request (GroupSnapshotsTest:test_group_snapshot_create_show_list_delete): 202 POST http://10.201.9.223/volume/v3/group_types 0.025s
2026-03-25 20:43:30,024 130085 DEBUG    [tempest.lib.common.rest_client] Request - Headers: {'Content-Type': 'application/json', 'Accept': 'application/json', 'Openstack-Api-Version': 'volume 3.14', 'X-Auth-Token': '<omitted>'}
        Body: {"group_type": {"name": "tempest-GroupSnapshotsTest-group-type-2048729720"}}
    Response - Headers: {'date': 'Wed, 25 Mar 2026 20:43:30 GMT', 'server': 'Apache/2.4.58 (Ubuntu)', 'content-type': 'application/json', 'x-compute-request-id': 'req-3c9913dc-3e64-4a97-95ec-5630b60408fa', 'content-length': '181', 'openstack-api-version': 'volume 3.14', 'vary': 'OpenStack-API-Version', 'x-openstack-request-id': 'req-3c9913dc-3e64-4a97-95ec-5630b60408fa', 'connection': 'close', 'status': '202', 'content-location': 'http://10.201.9.223/volume/v3/group_types'}
        Body: b'{"group_type": {"id": "c66c9765-5fb8-451f-84db-6c51abd9834d", "name": "tempest-GroupSnapshotsTest-group-type-2048729720", "description": null, "is_public": true, "group_specs": {}}}'
2026-03-25 20:43:30,078 130085 INFO     [tempest.lib.common.rest_client] Request (GroupSnapshotsTest:test_group_snapshot_create_show_list_delete): 202 POST http://10.201.9.223/volume/v3/groups 0.051s
2026-03-25 20:43:30,078 130085 DEBUG    [tempest.lib.common.rest_client] Request - Headers: {'Content-Type': 'application/json', 'Accept': 'application/json', 'Openstack-Api-Version': 'volume 3.14', 'X-Auth-Token': '<omitted>'}
        Body: {"group": {"group_type": "c66c9765-5fb8-451f-84db-6c51abd9834d", "volume_types": ["47d6871e-c257-462e-9928-5063734cb070"], "name": "tempest-GroupSnapshotsTest-Group-1677274094"}}
    Response - Headers: {'date': 'Wed, 25 Mar 2026 20:43:30 GMT', 'server': 'Apache/2.4.58 (Ubuntu)', 'content-type': 'application/json', 'x-compute-request-id': 'req-6bb87e1e-c2ed-4f51-9db7-fce838f9c477', 'content-length': '112', 'openstack-api-version': 'volume 3.14', 'vary': 'OpenStack-API-Version', 'x-openstack-request-id': 'req-6bb87e1e-c2ed-4f51-9db7-fce838f9c477', 'connection': 'close', 'status': '202', 'content-location': 'http://10.201.9.223/volume/v3/groups'}
        Body: b'{"group": {"id": "7a1bb5b4-19af-499c-85d0-84ce8520f6f2", "name": "tempest-GroupSnapshotsTest-Group-1677274094"}}'
2026-03-25 20:43:30,096 130085 INFO     [tempest.lib.common.rest_client] Request (GroupSnapshotsTest:test_group_snapshot_create_show_list_delete): 200 GET http://10.201.9.223/volume/v3/groups/7a1bb5b4-19af-499c-85d0-84ce8520f6f2 0.016s
2026-03-25 20:43:30,096 130085 DEBUG    [tempest.lib.common.rest_client] Request - Headers: {'Content-Type': 'application/json', 'Accept': 'application/json', 'Openstack-Api-Version': 'volume 3.14', 'X-Auth-Token': '<omitted>'}
        Body:
     None
    Response - Headers: {'date': 'Wed, 25 Mar 2026 20:43:30 GMT', 'server': 'Apache/2.4.58 (Ubuntu)', 'content-type': 'application/json', 'x-compute-request-id': 'req-a62551ce-5a12-4295-8ba9-58358f7aa2da', 'content-length': '392', 'openstack-api-version': 'volume 3.14', 'vary': 'OpenStack-API-Version', 'x-openstack-request-id': 'req-a62551ce-5a12-4295-8ba9-58358f7aa2da', 'connection': 'close', 'status': '200', 'content-location': 'http://10.201.9.223/volume/v3/groups/7a1bb5b4-19af-499c-85d0-84ce8520f6f2'}
        Body: b'{"group": {"id": "7a1bb5b4-19af-499c-85d0-84ce8520f6f2", "status": "creating", "availability_zone": "nova", "created_at": "2026-03-25T20:43:30.000000", "name": "tempest-GroupSnapshotsTest-Group-1677274094", "description": null, "group_type": "c66c9765-5fb8-451f-84db-6c51abd9834d", "volume_types": ["47d6871e-c257-462e-9928-5063734cb070"], "group_snapshot_id": null, "source_group_id": null}}'
2026-03-25 20:43:31,127 130085 INFO     [tempest.lib.common.rest_client] Request (GroupSnapshotsTest:test_group_snapshot_create_show_list_delete): 200 GET http://10.201.9.223/volume/v3/groups/7a1bb5b4-19af-499c-85d0-84ce8520f6f2 0.027s
2026-03-25 20:43:31,128 130085 DEBUG    [tempest.lib.common.rest_client] Request - Headers: {'Content-Type': 'application/json', 'Accept': 'application/json', 'Openstack-Api-Version': 'volume 3.14', 'X-Auth-Token': '<omitted>'}
        Body: None
    Response - Headers: {'date': 'Wed, 25 Mar 2026 20:43:31 GMT', 'server': 'Apache/2.4.58 (Ubuntu)', 'content-type': 'application/json', 'x-compute-request-id': 'req-4bbe38b1-2b78-4d64-bd61-40997c3f7951', 'content-length': '389', 'openstack-api-version': 'volume 3.14', 'vary': 'OpenStack-API-Version', 'x-openstack-request-id': 'req-4bbe38b1-2b78-4d64-bd61-40997c3f7951', 'connection': 'close', 'status': '200', 'content-location': 'http://10.201.9.223/volume/v3/groups/7a1bb5b4-19af-499c-85d0-84ce8520f6f2'}
        Body: b'{"group": {"id": "7a1bb5b4-19af-499c-85d0-84ce8520f6f2", "status": "error", "availability_zone": "nova", "created_at": "2026-03-25T20:43:30.000000", "name": "tempest-GroupSnapshotsTest-Group-1677274094", "description": null, "group_type": "c66c9765-5fb8-451f-84db-6c51abd9834d", "volume_types": ["47d6871e-c257-462e-9928-5063734cb070"], "group_snapshot_id": null, "source_group_id": null}}'
2026-03-25 20:43:31,154 130085 INFO     [tempest.lib.common.rest_client] Request (GroupSnapshotsTest:_run_cleanups): 200 GET http://10.201.9.223/volume/v3/volumes/detail 0.024s
2026-03-25 20:43:31,155 130085 DEBUG    [tempest.lib.common.rest_client] Request - Headers: {'Content-Type': 'application/json', 'Accept': 'application/json', 'Openstack-Api-Version': 'volume 3.14', 'X-Auth-Token': '<omitted>'}
        Body: None
    Response - Headers: {'date': 'Wed, 25 Mar 2026 20:43:31 GMT', 'server': 'Apache/2.4.58 (Ubuntu)', 'content-type': 'application/json', 'x-compute-request-id': 'req-05e8e37f-5b6a-4669-8ef2-50c53f1649db', 'content-length': '15', 'openstack-api-version': 'volume 3.14', 'vary': 'OpenStack-API-Version', 'x-openstack-request-id': 'req-05e8e37f-5b6a-4669-8ef2-50c53f1649db', 'connection': 'close', 'status': '200', 'content-location': 'http://10.201.9.223/volume/v3/volumes/detail'}
        Body: b'{"volumes": []}'
2026-03-25 20:43:31,199 130085 INFO     [tempest.lib.common.rest_client] Request (GroupSnapshotsTest:_run_cleanups): 202 POST http://10.201.9.223/volume/v3/groups/7a1bb5b4-19af-499c-85d0-84ce8520f6f2/action 0.037s
2026-03-25 20:43:31,199 130085 DEBUG    [tempest.lib.common.rest_client] Request - Headers: {'Content-Type': 'application/json', 'Accept': 'application/json', 'Openstack-Api-Version': 'volume 3.14', 'X-Auth-Token': '<omitted>'}
        Body: {"delete": {"delete-volumes": true}}
    Response - Headers: {'date': 'Wed, 25 Mar 2026 20:43:31 GMT', 'server': 'Apache/2.4.58 (Ubuntu)', 'content-length': '0', 'content-type': 'text/html; charset=UTF-8', 'openstack-api-version': 'volume 3.14', 'vary': 'OpenStack-API-Version', 'x-openstack-request-id': 'req-c1ee15d8-9709-4549-93e6-425eb571c7d8', 'connection': 'close', 's
    tatus': '202', 'content-location': 'http://10.201.9.223/volume/v3/groups/7a1bb5b4-19af-499c-85d0-84ce8520f6f2/action'}
        Body: b''
2026-03-25 20:43:31,207 130085 INFO     [tempest.lib.common.rest_client] Request (GroupSnapshotsTest:_run_cleanups): 404 GET http://10.201.9.223/volume/v3/groups/7a1bb5b4-19af-499c-85d0-84ce8520f6f2 0.008s
2026-03-25 20:43:31,207 130085 DEBUG    [tempest.lib.common.rest_client] Request - Headers: {'Content-Type': 'application/json', 'Accept': 'application/json', 'Openstack-Api-Version': 'volume 3.14', 'X-Auth-Token': '<omitted>'}
        Body: None
    Response - Headers: {'date': 'Wed, 25 Mar 2026 20:43:31 GMT', 'server': 'Apache/2.4.58 (Ubuntu)', 'openstack-api-version': 'volume 3.14', 'vary': 'OpenStack-API-Version', 'content-length': '108', 'content-type': 'application/json', 'x-compute-request-id': 'req-d1516fcb-7ad2-49d4-ac34-b92d1c8d92ec', 'x-openstack-request-id': 'req-d1516fcb-7ad2-49d4-ac34-b92d1c8d92ec', 'connection': 'close', 'status': '404', 'content-location': 'http://10.201.9.223/volume/v3/groups/7a1bb5b4-19af-499c-85d0-84ce8520f6f2'}
        Body: b'{"itemNotFound": {"code": 404, "message": "Group 7a1bb5b4-19af-499c-85d0-84ce8520f6f2 could not be found."}}'
2026-03-25 20:43:31,223 130085 INFO     [tempest.lib.common.rest_client] Request (GroupSnapshotsTest:_run_cleanups): 202 DELETE http://10.201.9.223/volume/v3/group_types/c66c9765-5fb8-451f-84db-6c51abd9834d 0.015s
2026-03-25 20:43:31,223 130085 DEBUG    [tempest.lib.common.rest_client] Request - Headers: {'Content-Type': 'application/json', 'Accept': 'application/json', 'Openstack-Api-Version': 'volume 3.14', 'X-Auth-Token': '<omitted>'}
        Body: None
    Response - Headers: {'date': 'Wed, 25 Mar 2026 20:43:31 GMT', 'server': 'Apache/2.4.58 (Ubuntu)', 'content-length': '0', 'content-type': 'text/html; charset=UTF-8', 'openstack-api-version': 'volume 3.14', 'vary': 'OpenStack-API-Version', 'x-openstack-request-id': 'req-d58b1fac-6ecf-4665-859f-2d485db87a54', 'connection': 'close', 'status': '202', 'content-location': 'http://10.201.9.223/volume/v3/group_types/c66c9765-5fb8-451f-84db-6c51abd9834d'}
        Body: b''
2026-03-25 20:43:31,249 130085 INFO     [tempest.lib.common.rest_client] Request (GroupSnapshotsTest:_run_cleanups): 202 DELETE http://10.201.9.223/volume/v3/types/47d6871e-c257-462e-9928-5063734cb070 0.026s
2026-03-25 20:43:31,250 130085 DEBUG    [tempest.lib.common.rest_client] Request - Headers: {'Content-Type': 'application/json', 'Accept': 'application/json', 'X-Auth-Token': '<omitted>'}
        Body: None
    Response - Headers: {'date': 'Wed, 25 Mar 2026 20:43:31 GMT', 'server': 'Apache/2.4.58 (Ubuntu)', 'content-length': '0', 'content-type': 'text/html; charset=UTF-8', 'openstack-api-version': 'volume 3.0', 'vary': 'OpenStack-API-Version', 'x-openstack-request-id': 'req-e56e0cdc-d719-4839-930b-3bf2843f5307', 'connection': 'close', 'status': '202', 'content-location': 'http://10.201.9.223/volume/v3/types/47d6871e-c257-462e-9928-5063734cb070'}
        Body: b''
2026-03-25 20:43:31,263 130085 INFO     [tempest.lib.common.rest_client] Request (GroupSnapshotsTest:_run_cleanups): 404 GET http://10.201.9.223/volume/v3/types/47d6871e-c257-462e-9928-5063734cb070 0.012s
2026-03-25 20:43:31,263 130085 DEBUG    [tempest.lib.common.rest_client] Request - Headers: {'Content-Type': 'application/json', 'Accept': 'application/json', 'X-Auth-Token': '<omitted>'}
        Body: None
    Response - Headers: {'date': 'Wed, 25 Mar 2026 20:43:31 GMT', 'server': 'Apache/2.4.58 (Ubuntu)', 'openstack-api-version': 'volume 3.0', 'vary': 'OpenStack-API-Version', 'content-length': '114', 'content-type': 'application/json', 'x-compute-request-id': 'req-96a2fd90-92c2-4450-b7de-42be7b7bcfc8', 'x-openstack-request-id': 'req-96a2fd90-92c2-4450-b7de-42be7b7bcfc8', 'connection': 'close', 'status': '404', 'content-location': 'http://10.201.9.223/volume/v3/types/47d6871e-c257-462e-9928-5063734cb070'}
        Body: b'{"itemNotFound": {"code": 404, "message": "Volume type 47d6871e-c257-462e-9928-5063734cb070 could not be found."}}'

{0} tempest.api.volume.******.test_group_snapshots.GroupSnapshotsV319Test.test_reset_group_snapshot_status [1.433503s] ... FAILED

Captured traceback:
~~~~~~~~~~~~~~~~~~~
    Traceback (most recent call last):

      File "/opt/stack/tempest/tempest/api/volume/******/test_group_snapshots.py", line 293, in test_reset_group_snapshot_status
    group = self.create_group(group_type=group_type['id'],
            ^^^^^^^^^^^^^^^^^^^^^^^^^^^^^^^^^^^^^^^^^^^^^^

      File "/opt/stack/tempest/tempest/api/volume/base.py", line 293, in create_group
    waiters.wait_for_volume_resource_status(

      File "/opt/stack/tempest/tempest/common/waiters.py", line 379, in wait_for_volume_resource_status
    raise exceptions.VolumeResourceBuildErrorException(

    tempest.exceptions.VolumeResourceBuildErrorException: group 5756ae2b-2e6f-4325-95c3-3c376ed070a4 failed to build and is in ERROR status


Captured pythonlogging:
~~~~~~~~~~~~~~~~~~~~~~~
    2026-03-25 20:43:33,295 130085 INFO     [tempest.lib.common.rest_client] Request (GroupSnapshotsV319Test:test_reset_group_snapshot_status): 200 POST http://10.201.9.223/volume/v3/types 0.091s
2026-03-25 20:43:33,296 130085 DEBUG    [tempest.lib.common.rest_client] Request - Headers: {'Content-Type': 'application/json', 'Accept': 'application/json', 'X-Auth-Token': '<omitted>'}
        Body: {"volume_type": {"name": "tempest-GroupSnapshotsV319Test-volume-type-922776054"}}
    Response - Headers: {'date': 'Wed, 25 Mar 2026 20:43:33 GMT', 'server': 'Apache/2.4.58 (Ubuntu)', 'content-type': 'application/json', 'x-compute-request-id': 'req-f8a8d2df-1e2e-4b11-8b6d-7bfa0194a522', 'content-length': '227', 'openstack-api-version': 'volume 3.0', 'vary': 'OpenStack-API-Version', 'x-openstack-request-id': 'req-f8a8d2df-1e2e-4b11-8b6d-7bfa0194a522', 'connection': 'close', 'status': '200', 'content-location': 'http://10.201.9.223/volume/v3/types'}
        Body: b'{"volume_type": {"id": "b8cbf3dd-10d7-497a-8b40-f695164c3099", "name": "tempest-GroupSnapshotsV319Test-volume-type-922776054", "is_public": true, "extra_specs": {}, "description": null, "os-volume-type-access:is_public": true}}'
2026-03-25 20:43:33,322 130085 INFO     [tempest.lib.common.rest_client] Request (GroupSnapshotsV319Test:test_reset_group_snapshot_status): 202 POST http://10.201.9.223/volume/v3/group_types 0.024s
2026-03-25 20:43:33,323 130085 DEBUG    [tempest.lib.common.rest_client] Request - Headers: {'Content-Type': 'application/json', 'Accept': 'application/json', 'Openstack-Api-Version': 'volume 3.19', 'X-Auth-Token': '<omitted>'}
        Body: {"group_type": {"name": "tempest-GroupSnapshotsV319Test-group-type-1313906148"}}
    Response - Headers: {'date': 'Wed, 25 Mar 2026 20:43:33 GMT', 'server': 'Apache/2.4.58 (Ubuntu)', 'content-type': 'application/json', 'x-compute-request-id': 'req-60ad0f0a-f7e9-420f-b010-a8d473eabe16', 'content-length': '185', 'openstack-api-version': 'volume 3.19', 'vary': 'OpenStack-API-Version', 'x-openstack-request-id': 'req-60ad0f0a-f7e9-420f-b010-a8d473eabe16', 'connection': 'close', 'status': '202', 'content-location': 'http://10.201.9.223/volume/v3/group_types'}
        Body: b'{"group_type": {"id": "594d0282-a7a9-4956-8773-0e64ce1e69ff", "name": "tempest-GroupSnapshotsV319Test-group-type-1313906148", "description": null, "is_public": true, "group_specs": {}}}'
2026-03-25 20:43:33,444 130085 INFO     [tempest.lib.common.rest_client] Request (GroupSnapshotsV319Test:test_reset_group_snapshot_status): 202 POST http://10.201.9.223/volume/v3/groups 0.118s
2026-03-25 20:43:33,444 130085 DEBUG    [tempest.lib.common.rest_client] Request - Headers: {'Content-Type': 'application/json', 'Accept': 'application/json', 'Openstack-Api-Version': 'volume 3.19', 'X-Auth-Token': '<omitted>'}
        Body: {"group": {"group_type": "594d0282-a7a9-4956-8773-0e64ce1e69ff", "volume_types": ["b8cbf3dd-10d7-497a-8b40-f695164c3099"], "name": "tempest-GroupSnapshotsV319Test-Group-2140338132"}}
    Response - Headers: {'date': 'Wed, 25 Mar 2026 20:43:33 GMT', 'server': 'Apache/2.4.58 (Ubuntu)', 'content-type': 'application/json', 'x-compute-request-id': 'req-c0b8f840-9486-47ee-a0b0-df84b0d2ed8d', 'content-length': '116', 'openstack-api-version': 'volume 3.19', 'vary': 'OpenStack-API-Version', 'x-openstack-request-id': 'req-c0b8f840-9486-47ee-a0b0-df84b0d2ed8d', 'connection': 'close', 'status': '202', 'content-location': 'http://10.201.9.223/volume/v3/groups'}
        Body: b'{"group": {"id": "5756ae2b-2e6f-4325-95c3-3c376ed070a4", "name": "tempest-GroupSnapshotsV319Test-Group-2140338132"}}'
2026-03-25 20:43:33,463 130085 INFO     [tempest.lib.common.rest_client] Request (GroupSnapshotsV319Test:test_reset_group_snapshot_status): 200 GET http://10.201.9.223/volume/v3/groups/5756ae2b-2e6f-4325-95c3-3c376ed070a4 0.018s
2026-03-25 20:43:33,464 130085 DEBUG    [tempest.lib.common.rest_client] Request - Headers: {'Content-Type': 'application/json', 'Accept': 'application/json', 'Openstack-Api-Version': 'volume 3.19', 'X-Auth-Token': '<omitted>'}
        Body: Non
    e
    Response - Headers: {'date': 'Wed, 25 Mar 2026 20:43:33 GMT', 'server': 'Apache/2.4.58 (Ubuntu)', 'content-type': 'application/json', 'x-compute-request-id': 'req-2afb1d9f-7123-4632-97e9-44cf75f1f2f4', 'content-length': '396', 'openstack-api-version': 'volume 3.19', 'vary': 'OpenStack-API-Version', 'x-openstack-request-id': 'req-2afb1d9f-7123-4632-97e9-44cf75f1f2f4', 'connection': 'close', 'status': '200', 'content-location': 'http://10.201.9.223/volume/v3/groups/5756ae2b-2e6f-4325-95c3-3c376ed070a4'}
        Body: b'{"group": {"id": "5756ae2b-2e6f-4325-95c3-3c376ed070a4", "status": "creating", "availability_zone": "nova", "created_at": "2026-03-25T20:43:33.000000", "name": "tempest-GroupSnapshotsV319Test-Group-2140338132", "description": null, "group_type": "594d0282-a7a9-4956-8773-0e64ce1e69ff", "volume_types": ["b8cbf3dd-10d7-497a-8b40-f695164c3099"], "group_snapshot_id": null, "source_group_id": null}}'
2026-03-25 20:43:34,492 130085 INFO     [tempest.lib.common.rest_client] Request (GroupSnapshotsV319Test:test_reset_group_snapshot_status): 200 GET http://10.201.9.223/volume/v3/groups/5756ae2b-2e6f-4325-95c3-3c376ed070a4 0.026s
2026-03-25 20:43:34,493 130085 DEBUG    [tempest.lib.common.rest_client] Request - Headers: {'Content-Type': 'application/json', 'Accept': 'application/json', 'Openstack-Api-Version': 'volume 3.19', 'X-Auth-Token': '<omitted>'}
        Body: None
    Response - Headers: {'date': 'Wed, 25 Mar 2026 20:43:34 GMT', 'server': 'Apache/2.4.58 (Ubuntu)', 'content-type': 'application/json', 'x-compute-request-id': 'req-775e09d2-3d5e-4456-b15b-2c157bdd88b0', 'content-length': '393', 'openstack-api-version': 'volume 3.19', 'vary': 'OpenStack-API-Version', 'x-openstack-request-id': 'req-775e09d2-3d5e-4456-b15b-2c157bdd88b0', 'connection': 'close', 'status': '200', 'content-location': 'http://10.201.9.223/volume/v3/groups/5756ae2b-2e6f-4325-95c3-3c376ed070a4'}
        Body: b'{"group": {"id": "5756ae2b-2e6f-4325-95c3-3c376ed070a4", "status": "error", "availability_zone": "nova", "created_at": "2026-03-25T20:43:33.000000", "name": "tempest-GroupSnapshotsV319Test-Group-2140338132", "description": null, "group_type": "594d0282-a7a9-4956-8773-0e64ce1e69ff", "volume_types": ["b8cbf3dd-10d7-497a-8b40-f695164c3099"], "group_snapshot_id": null, "source_group_id": null}}'
2026-03-25 20:43:34,519 130085 INFO     [tempest.lib.common.rest_client] Request (GroupSnapshotsV319Test:_run_cleanups): 200 GET http://10.201.9.223/volume/v3/volumes/detail 0.024s
2026-03-25 20:43:34,519 130085 DEBUG    [tempest.lib.common.rest_client] Request - Headers: {'Content-Type': 'application/json', 'Accept': 'application/json', 'Openstack-Api-Version': 'volume 3.19', 'X-Auth-Token': '<omitted>'}
        Body: None
    Response - Headers: {'date': 'Wed, 25 Mar 2026 20:43:34 GMT', 'server': 'Apache/2.4.58 (Ubuntu)', 'content-type': 'application/json', 'x-compute-request-id': 'req-bd9f0593-d025-40e1-8eb8-ffcb3f612e28', 'content-length': '15', 'openstack-api-version': 'volume 3.19', 'vary': 'OpenStack-API-Version', 'x-openstack-request-id': 'req-bd9f0593-d025-40e1-8eb8-ffcb3f612e28', 'connection': 'close', 'status': '200', 'content-location': 'http://10.201.9.223/volume/v3/volumes/detail'}
        Body: b'{"volumes": []}'
2026-03-25 20:43:34,564 130085 INFO     [tempest.lib.common.rest_client] Request (GroupSnapshotsV319Test:_run_cleanups): 202 POST http://10.201.9.223/volume/v3/groups/5756ae2b-2e6f-4325-95c3-3c376ed070a4/action 0.038s
2026-03-25 20:43:34,564 130085 DEBUG    [tempest.lib.common.rest_client] Request - Headers: {'Content-Type': 'application/json', 'Accept': 'application/json', 'Openstack-Api-Version': 'volume 3.19', 'X-Auth-Token': '<omitted>'}
        Body: {"delete": {"delete-volumes": true}}
    Response - Headers: {'date': 'Wed, 25 Mar 2026 20:43:34 GMT', 'server': 'Apache/2.4.58 (Ubuntu)', 'content-length': '0', 'content-type': 'text/html; charset=UTF-8', 'openstack-api-version': 'volume 3.19', 'vary': 'OpenStack-API-Version', 'x-openstack-request-id': 'req-3d937dc9-0d67-43f0-a1bf-93067547f6e7', 'connection': 'close
    ', 'status': '202', 'content-location': 'http://10.201.9.223/volume/v3/groups/5756ae2b-2e6f-4325-95c3-3c376ed070a4/action'}
        Body: b''
2026-03-25 20:43:34,578 130085 INFO     [tempest.lib.common.rest_client] Request (GroupSnapshotsV319Test:_run_cleanups): 404 GET http://10.201.9.223/volume/v3/groups/5756ae2b-2e6f-4325-95c3-3c376ed070a4 0.014s
2026-03-25 20:43:34,579 130085 DEBUG    [tempest.lib.common.rest_client] Request - Headers: {'Content-Type': 'application/json', 'Accept': 'application/json', 'Openstack-Api-Version': 'volume 3.19', 'X-Auth-Token': '<omitted>'}
        Body: None
    Response - Headers: {'date': 'Wed, 25 Mar 2026 20:43:34 GMT', 'server': 'Apache/2.4.58 (Ubuntu)', 'openstack-api-version': 'volume 3.19', 'vary': 'OpenStack-API-Version', 'content-length': '108', 'content-type': 'application/json', 'x-compute-request-id': 'req-d87bc8bb-7167-47ff-824a-fd15a134652a', 'x-openstack-request-id': 'req-d87bc8bb-7167-47ff-824a-fd15a134652a', 'connection': 'close', 'status': '404', 'content-location': 'http://10.201.9.223/volume/v3/groups/5756ae2b-2e6f-4325-95c3-3c376ed070a4'}
        Body: b'{"itemNotFound": {"code": 404, "message": "Group 5756ae2b-2e6f-4325-95c3-3c376ed070a4 could not be found."}}'
2026-03-25 20:43:34,594 130085 INFO     [tempest.lib.common.rest_client] Request (GroupSnapshotsV319Test:_run_cleanups): 202 DELETE http://10.201.9.223/volume/v3/group_types/594d0282-a7a9-4956-8773-0e64ce1e69ff 0.015s
2026-03-25 20:43:34,595 130085 DEBUG    [tempest.lib.common.rest_client] Request - Headers: {'Content-Type': 'application/json', 'Accept': 'application/json', 'Openstack-Api-Version': 'volume 3.19', 'X-Auth-Token': '<omitted>'}
        Body: None
    Response - Headers: {'date': 'Wed, 25 Mar 2026 20:43:34 GMT', 'server': 'Apache/2.4.58 (Ubuntu)', 'content-length': '0', 'content-type': 'text/html; charset=UTF-8', 'openstack-api-version': 'volume 3.19', 'vary': 'OpenStack-API-Version', 'x-openstack-request-id': 'req-8212725f-eb45-4051-8b38-fdfbf4ac510e', 'connection': 'close', 'status': '202', 'content-location': 'http://10.201.9.223/volume/v3/group_types/594d0282-a7a9-4956-8773-0e64ce1e69ff'}
        Body: b''
2026-03-25 20:43:34,625 130085 INFO     [tempest.lib.common.rest_client] Request (GroupSnapshotsV319Test:_run_cleanups): 202 DELETE http://10.201.9.223/volume/v3/types/b8cbf3dd-10d7-497a-8b40-f695164c3099 0.030s
2026-03-25 20:43:34,626 130085 DEBUG    [tempest.lib.common.rest_client] Request - Headers: {'Content-Type': 'application/json', 'Accept': 'application/json', 'X-Auth-Token': '<omitted>'}
        Body: None
    Response - Headers: {'date': 'Wed, 25 Mar 2026 20:43:34 GMT', 'server': 'Apache/2.4.58 (Ubuntu)', 'content-length': '0', 'content-type': 'text/html; charset=UTF-8', 'openstack-api-version': 'volume 3.0', 'vary': 'OpenStack-API-Version', 'x-openstack-request-id': 'req-3fb98382-03bc-4833-b23a-e2d06b09b4a0', 'connection': 'close', 'status': '202', 'content-location': 'http://10.201.9.223/volume/v3/types/b8cbf3dd-10d7-497a-8b40-f695164c3099'}
        Body: b''
2026-03-25 20:43:34,637 130085 INFO     [tempest.lib.common.rest_client] Request (GroupSnapshotsV319Test:_run_cleanups): 404 GET http://10.201.9.223/volume/v3/types/b8cbf3dd-10d7-497a-8b40-f695164c3099 0.011s
2026-03-25 20:43:34,637 130085 DEBUG    [tempest.lib.common.rest_client] Request - Headers: {'Content-Type': 'application/json', 'Accept': 'application/json', 'X-Auth-Token': '<omitted>'}
        Body: None
    Response - Headers: {'date': 'Wed, 25 Mar 2026 20:43:34 GMT', 'server': 'Apache/2.4.58 (Ubuntu)', 'openstack-api-version': 'volume 3.0', 'vary': 'OpenStack-API-Version', 'content-length': '114', 'content-type': 'application/json', 'x-compute-request-id': 'req-870632de-6cd7-4cd1-9167-652e6e1f852e', 'x-openstack-request-id': 'req-870632de-6cd7-4cd1-9167-652e6e1f852e', 'connection': 'close', 'status': '404', 'content-location': 'http://10.201.9.223/volume/v3/types/b8cbf3dd-10d7-497a-8b40-f695164c3099'}
        Body: b'{"itemNotFound": {"code": 404, "message": "Volume type b8cbf3dd-10d7-497a-8b40-f695164c3099 could 
    not be found."}}'

{0} tempest.api.volume.******.test_group_type_specs.GroupTypeSpecsTest.test_group_type_specs_create_show_update_list_delete [0.314767s] ... ok
{0} tempest.api.volume.******.test_group_types.GroupTypesTest.test_group_type_create_list_update_show_delete [0.159309s] ... ok
{0} tempest.api.volume.******.test_group_types.GroupTypesTest.test_group_type_list_by_optional_params [0.137021s] ... ok
{0} tempest.api.volume.******.test_groups.GroupsTest.test_group_create_show_list_delete [1.429770s] ... FAILED

Captured traceback:
~~~~~~~~~~~~~~~~~~~
    Traceback (most recent call last):

      File "/opt/stack/tempest/tempest/api/volume/******/test_groups.py", line 43, in test_group_create_show_list_delete
    grp1 = self.create_group(group_type=group_type['id'],
           ^^^^^^^^^^^^^^^^^^^^^^^^^^^^^^^^^^^^^^^^^^^^^^

      File "/opt/stack/tempest/tempest/api/volume/base.py", line 293, in create_group
    waiters.wait_for_volume_resource_status(

      File "/opt/stack/tempest/tempest/common/waiters.py", line 379, in wait_for_volume_resource_status
    raise exceptions.VolumeResourceBuildErrorException(

    tempest.exceptions.VolumeResourceBuildErrorException: group 8520a8be-b386-44ac-b272-f5da411bdd23 failed to build and is in ERROR status


Captured pythonlogging:
~~~~~~~~~~~~~~~~~~~~~~~
    2026-03-25 20:43:40,736 130085 INFO     [tempest.lib.common.rest_client] Request (GroupsTest:test_group_create_show_list_delete): 200 POST http://10.201.9.223/volume/v3/types 0.077s
2026-03-25 20:43:40,737 130085 DEBUG    [tempest.lib.common.rest_client] Request - Headers: {'Content-Type': 'application/json', 'Accept': 'application/json', 'X-Auth-Token': '<omitted>'}
        Body: {"volume_type": {"name": "tempest-GroupsTest-volume-type-1883745865"}}
    Response - Headers: {'date': 'Wed, 25 Mar 2026 20:43:40 GMT', 'server': 'Apache/2.4.58 (Ubuntu)', 'content-type': 'application/json', 'x-compute-request-id': 'req-4d0f0c49-fac8-4f90-bf99-89c0e62bd743', 'content-length': '216', 'openstack-api-version': 'volume 3.0', 'vary': 'OpenStack-API-Version', 'x-openstack-request-id': 'req-4d0f0c49-fac8-4f90-bf99-89c0e62bd743', 'connection': 'close', 'status': '200', 'content-location': 'http://10.201.9.223/volume/v3/types'}
        Body: b'{"volume_type": {"id": "b3d074c8-87a3-44fb-965f-7808a522f6b0", "name": "tempest-GroupsTest-volume-type-1883745865", "is_public": true, "extra_specs": {}, "description": null, "os-volume-type-access:is_public": true}}'
2026-03-25 20:43:40,764 130085 INFO     [tempest.lib.common.rest_client] Request (GroupsTest:test_group_create_show_list_delete): 202 POST http://10.201.9.223/volume/v3/group_types 0.023s
2026-03-25 20:43:40,764 130085 DEBUG    [tempest.lib.common.rest_client] Request - Headers: {'Content-Type': 'application/json', 'Accept': 'application/json', 'Openstack-Api-Version': 'volume 3.13', 'X-Auth-Token': '<omitted>'}
        Body: {"group_type": {"name": "tempest-GroupsTest-group-type-1152812256"}}
    Response - Headers: {'date': 'Wed, 25 Mar 2026 20:43:40 GMT', 'server': 'Apache/2.4.58 (Ubuntu)', 'content-type': 'application/json', 'x-compute-request-id': 'req-83bcf308-9acc-4282-b9e4-614179fd36fe', 'content-length': '173', 'openstack-api-version': 'volume 3.13', 'vary': 'OpenStack-API-Version', 'x-openstack-request-id': 'req-83bcf308-9acc-4282-b9e4-614179fd36fe', 'connection': 'close', 'status': '202', 'content-location': 'http://10.201.9.223/volume/v3/group_types'}
        Body: b'{"group_type": {"id": "c7632039-4755-4f0f-9b8e-76430e914223", "name": "tempest-GroupsTest-group-type-1152812256", "description": null, "is_public": true, "group_specs": {}}}'
2026-03-25 20:43:40,879 130085 INFO     [tempest.lib.common.rest_client] Request (GroupsTest:test_group_create_show_list_delete): 202 POST http://10.201.9.223/volume/v3/groups 0.114s
2026-03-25 20:43:40,879 130085 DEBUG    [tempest.lib.common.rest_client] Request - Headers: {'Content-Type': 'application/json', 'Accept': 'application/json', 'Openstack-Api-Version': 'volume 3.13', 'X-Auth-Token': '<omitted>'}
        Body: {"group": {"group_type": "c7632039-4755-4f0f-9b8e-76430e914223", "volume_types": ["b3d074c8-87a3-44fb-965f-7808a522f6b0"], "name": "tempest-Group1-1080204439"}}
    Response - Headers: {'date': 'Wed, 25 Mar 2026 20:43:40 GMT', 'server': 'Apache/2.4.58 (Ubuntu)', 'content-type': 'application/json', 'x-compute-request-id': 'req-9e9b827f-e53f-435a-ba60-4fd32ff74be2', 'content-length': '94', 'openstack-api-version': 'volume 3.13', 'vary': 'OpenStack-API-Version', 'x-openstack-request-id': 'req-9e9b827f-e53f-435a-ba60-4fd32ff74be2', 'connection': 'close', 'status': '202', 'content-location': 'http://10.201.9.223/volume/v3/groups'}
        Body: b'{"group": {"id": "8520a8be-b386-44ac-b272-f5da411bdd23", "name": "tempest-Group1-1080204439"}}'
2026-03-25 20:43:40,902 130085 INFO     [tempest.lib.common.rest_client] Request (GroupsTest:test_group_create_show_list_delete): 200 GET http://10.201.9.223/volume/v3/groups/8520a8be-b386-44ac-b272-f5da411bdd23 0.022s
2026-03-25 20:43:40,903 130085 DEBUG    [tempest.lib.common.rest_client] Request - Headers: {'Content-Type': 'application/json', 'Accept': 'application/json', 'Openstack-Api-Version': 'volume 3.13', 'X-Auth-Token': '<omitted>'}
        Body: None
    Response - Headers: {'date': 'Wed, 25 Mar 2026 20:43:40 GMT', 'server': 'Apache/2.4.58 (Ubuntu)', 'content-type': 'applicatio
    n/json', 'x-compute-request-id': 'req-a466290f-996d-4c3c-bb89-3c85a48a65d5', 'content-length': '322', 'openstack-api-version': 'volume 3.13', 'vary': 'OpenStack-API-Version', 'x-openstack-request-id': 'req-a466290f-996d-4c3c-bb89-3c85a48a65d5', 'connection': 'close', 'status': '200', 'content-location': 'http://10.201.9.223/volume/v3/groups/8520a8be-b386-44ac-b272-f5da411bdd23'}
        Body: b'{"group": {"id": "8520a8be-b386-44ac-b272-f5da411bdd23", "status": "creating", "availability_zone": "nova", "created_at": "2026-03-25T20:43:41.000000", "name": "tempest-Group1-1080204439", "description": null, "group_type": "c7632039-4755-4f0f-9b8e-76430e914223", "volume_types": ["b3d074c8-87a3-44fb-965f-7808a522f6b0"]}}'
2026-03-25 20:43:41,934 130085 INFO     [tempest.lib.common.rest_client] Request (GroupsTest:test_group_create_show_list_delete): 200 GET http://10.201.9.223/volume/v3/groups/8520a8be-b386-44ac-b272-f5da411bdd23 0.029s
2026-03-25 20:43:41,934 130085 DEBUG    [tempest.lib.common.rest_client] Request - Headers: {'Content-Type': 'application/json', 'Accept': 'application/json', 'Openstack-Api-Version': 'volume 3.13', 'X-Auth-Token': '<omitted>'}
        Body: None
    Response - Headers: {'date': 'Wed, 25 Mar 2026 20:43:41 GMT', 'server': 'Apache/2.4.58 (Ubuntu)', 'content-type': 'application/json', 'x-compute-request-id': 'req-269da160-482e-4e24-b24d-1c07386dd0a4', 'content-length': '319', 'openstack-api-version': 'volume 3.13', 'vary': 'OpenStack-API-Version', 'x-openstack-request-id': 'req-269da160-482e-4e24-b24d-1c07386dd0a4', 'connection': 'close', 'status': '200', 'content-location': 'http://10.201.9.223/volume/v3/groups/8520a8be-b386-44ac-b272-f5da411bdd23'}
        Body: b'{"group": {"id": "8520a8be-b386-44ac-b272-f5da411bdd23", "status": "error", "availability_zone": "nova", "created_at": "2026-03-25T20:43:41.000000", "name": "tempest-Group1-1080204439", "description": null, "group_type": "c7632039-4755-4f0f-9b8e-76430e914223", "volume_types": ["b3d074c8-87a3-44fb-965f-7808a522f6b0"]}}'
2026-03-25 20:43:41,955 130085 INFO     [tempest.lib.common.rest_client] Request (GroupsTest:_run_cleanups): 200 GET http://10.201.9.223/volume/v3/volumes/detail 0.018s
2026-03-25 20:43:41,955 130085 DEBUG    [tempest.lib.common.rest_client] Request - Headers: {'Content-Type': 'application/json', 'Accept': 'application/json', 'Openstack-Api-Version': 'volume 3.13', 'X-Auth-Token': '<omitted>'}
        Body: None
    Response - Headers: {'date': 'Wed, 25 Mar 2026 20:43:41 GMT', 'server': 'Apache/2.4.58 (Ubuntu)', 'content-type': 'application/json', 'x-compute-request-id': 'req-accfb1cc-416b-4cb4-ac61-74164a9ba2fa', 'content-length': '15', 'openstack-api-version': 'volume 3.13', 'vary': 'OpenStack-API-Version', 'x-openstack-request-id': 'req-accfb1cc-416b-4cb4-ac61-74164a9ba2fa', 'connection': 'close', 'status': '200', 'content-location': 'http://10.201.9.223/volume/v3/volumes/detail'}
        Body: b'{"volumes": []}'
2026-03-25 20:43:42,004 130085 INFO     [tempest.lib.common.rest_client] Request (GroupsTest:_run_cleanups): 202 POST http://10.201.9.223/volume/v3/groups/8520a8be-b386-44ac-b272-f5da411bdd23/action 0.043s
2026-03-25 20:43:42,004 130085 DEBUG    [tempest.lib.common.rest_client] Request - Headers: {'Content-Type': 'application/json', 'Accept': 'application/json', 'Openstack-Api-Version': 'volume 3.13', 'X-Auth-Token': '<omitted>'}
        Body: {"delete": {"delete-volumes": true}}
    Response - Headers: {'date': 'Wed, 25 Mar 2026 20:43:41 GMT', 'server': 'Apache/2.4.58 (Ubuntu)', 'content-length': '0', 'content-type': 'text/html; charset=UTF-8', 'openstack-api-version': 'volume 3.13', 'vary': 'OpenStack-API-Version', 'x-openstack-request-id': 'req-9cbe298b-0a2c-4a20-b5af-68603dbb4a20', 'connection': 'close', 'status': '202', 'content-location': 'http://10.201.9.223/volume/v3/groups/8520a8be-b386-44ac-b272-f5da411bdd23/action'}
        Body: b''
2026-03-25 20:43:42,016 130085 INFO     [tempest.lib.common.rest_client] Request (GroupsTest:_run_cleanups): 404 GET http://10.201.9.223/volume/v3/groups/8520a8be-b386-44a
    c-b272-f5da411bdd23 0.011s
2026-03-25 20:43:42,016 130085 DEBUG    [tempest.lib.common.rest_client] Request - Headers: {'Content-Type': 'application/json', 'Accept': 'application/json', 'Openstack-Api-Version': 'volume 3.13', 'X-Auth-Token': '<omitted>'}
        Body: None
    Response - Headers: {'date': 'Wed, 25 Mar 2026 20:43:42 GMT', 'server': 'Apache/2.4.58 (Ubuntu)', 'openstack-api-version': 'volume 3.13', 'vary': 'OpenStack-API-Version', 'content-length': '108', 'content-type': 'application/json', 'x-compute-request-id': 'req-f256fdc3-1597-41a8-9ccd-ea08b042cfbc', 'x-openstack-request-id': 'req-f256fdc3-1597-41a8-9ccd-ea08b042cfbc', 'connection': 'close', 'status': '404', 'content-location': 'http://10.201.9.223/volume/v3/groups/8520a8be-b386-44ac-b272-f5da411bdd23'}
        Body: b'{"itemNotFound": {"code": 404, "message": "Group 8520a8be-b386-44ac-b272-f5da411bdd23 could not be found."}}'
2026-03-25 20:43:42,040 130085 INFO     [tempest.lib.common.rest_client] Request (GroupsTest:_run_cleanups): 202 DELETE http://10.201.9.223/volume/v3/group_types/c7632039-4755-4f0f-9b8e-76430e914223 0.024s
2026-03-25 20:43:42,041 130085 DEBUG    [tempest.lib.common.rest_client] Request - Headers: {'Content-Type': 'application/json', 'Accept': 'application/json', 'Openstack-Api-Version': 'volume 3.13', 'X-Auth-Token': '<omitted>'}
        Body: None
    Response - Headers: {'date': 'Wed, 25 Mar 2026 20:43:42 GMT', 'server': 'Apache/2.4.58 (Ubuntu)', 'content-length': '0', 'content-type': 'text/html; charset=UTF-8', 'openstack-api-version': 'volume 3.13', 'vary': 'OpenStack-API-Version', 'x-openstack-request-id': 'req-f90bcfb8-502c-4095-9665-fa622cc7d720', 'connection': 'close', 'status': '202', 'content-location': 'http://10.201.9.223/volume/v3/group_types/c7632039-4755-4f0f-9b8e-76430e914223'}
        Body: b''
2026-03-25 20:43:42,077 130085 INFO     [tempest.lib.common.rest_client] Request (GroupsTest:_run_cleanups): 202 DELETE http://10.201.9.223/volume/v3/types/b3d074c8-87a3-44fb-965f-7808a522f6b0 0.035s
2026-03-25 20:43:42,077 130085 DEBUG    [tempest.lib.common.rest_client] Request - Headers: {'Content-Type': 'application/json', 'Accept': 'application/json', 'X-Auth-Token': '<omitted>'}
        Body: None
    Response - Headers: {'date': 'Wed, 25 Mar 2026 20:43:42 GMT', 'server': 'Apache/2.4.58 (Ubuntu)', 'content-length': '0', 'content-type': 'text/html; charset=UTF-8', 'openstack-api-version': 'volume 3.0', 'vary': 'OpenStack-API-Version', 'x-openstack-request-id': 'req-c3c7d587-91bc-486a-adb6-07cf01d07307', 'connection': 'close', 'status': '202', 'content-location': 'http://10.201.9.223/volume/v3/types/b3d074c8-87a3-44fb-965f-7808a522f6b0'}
        Body: b''
2026-03-25 20:43:42,088 130085 INFO     [tempest.lib.common.rest_client] Request (GroupsTest:_run_cleanups): 404 GET http://10.201.9.223/volume/v3/types/b3d074c8-87a3-44fb-965f-7808a522f6b0 0.011s
2026-03-25 20:43:42,089 130085 DEBUG    [tempest.lib.common.rest_client] Request - Headers: {'Content-Type': 'application/json', 'Accept': 'application/json', 'X-Auth-Token': '<omitted>'}
        Body: None
    Response - Headers: {'date': 'Wed, 25 Mar 2026 20:43:42 GMT', 'server': 'Apache/2.4.58 (Ubuntu)', 'openstack-api-version': 'volume 3.0', 'vary': 'OpenStack-API-Version', 'content-length': '114', 'content-type': 'application/json', 'x-compute-request-id': 'req-d18237ec-67e7-43ac-9193-3fa3211da6c4', 'x-openstack-request-id': 'req-d18237ec-67e7-43ac-9193-3fa3211da6c4', 'connection': 'close', 'status': '404', 'content-location': 'http://10.201.9.223/volume/v3/types/b3d074c8-87a3-44fb-965f-7808a522f6b0'}
        Body: b'{"itemNotFound": {"code": 404, "message": "Volume type b3d074c8-87a3-44fb-965f-7808a522f6b0 could not be found."}}'

{0} tempest.api.volume.******.test_groups.GroupsTest.test_group_update [1.274904s] ... FAILED

Captured traceback:
~~~~~~~~~~~~~~~~~~~
    Traceback (most recent call last):

      File "/opt/stack/tempest/tempest/api/volume/******/test_groups.py", line 111, in test_group_update
    grp = self.create_group(group_type=group_type['id'],
          ^^^^^^^^^^^^^^^^^^^^^^^^^^^^^^^^^^^^^^^^^^^^^^

      File "/opt/stack/tempest/tempest/api/volume/base.py", line 293, in create_group
    waiters.wait_for_volume_resource_status(

      File "/opt/stack/tempest/tempest/common/waiters.py", line 379, in wait_for_volume_resource_status
    raise exceptions.VolumeResourceBuildErrorException(

    tempest.exceptions.VolumeResourceBuildErrorException: group 97d03139-8792-427e-b504-5b6b3b0b71a1 failed to build and is in ERROR status


Captured pythonlogging:
~~~~~~~~~~~~~~~~~~~~~~~
    2026-03-25 20:43:42,113 130085 INFO     [tempest.lib.common.rest_client] Request (GroupsTest:test_group_update): 200 POST http://10.201.9.223/volume/v3/types 0.023s
2026-03-25 20:43:42,113 130085 DEBUG    [tempest.lib.common.rest_client] Request - Headers: {'Content-Type': 'application/json', 'Accept': 'application/json', 'X-Auth-Token': '<omitted>'}
        Body: {"volume_type": {"name": "tempest-GroupsTest-volume-type-1680131462"}}
    Response - Headers: {'date': 'Wed, 25 Mar 2026 20:43:42 GMT', 'server': 'Apache/2.4.58 (Ubuntu)', 'content-type': 'application/json', 'x-compute-request-id': 'req-de87fe56-7d82-4424-b0e3-89cbd6d6ba99', 'content-length': '216', 'openstack-api-version': 'volume 3.0', 'vary': 'OpenStack-API-Version', 'x-openstack-request-id': 'req-de87fe56-7d82-4424-b0e3-89cbd6d6ba99', 'connection': 'close', 'status': '200', 'content-location': 'http://10.201.9.223/volume/v3/types'}
        Body: b'{"volume_type": {"id": "212b14cd-8ccc-48e4-9e7f-078f6b1a2c60", "name": "tempest-GroupsTest-volume-type-1680131462", "is_public": true, "extra_specs": {}, "description": null, "os-volume-type-access:is_public": true}}'
2026-03-25 20:43:42,133 130085 INFO     [tempest.lib.common.rest_client] Request (GroupsTest:test_group_update): 202 POST http://10.201.9.223/volume/v3/group_types 0.019s
2026-03-25 20:43:42,134 130085 DEBUG    [tempest.lib.common.rest_client] Request - Headers: {'Content-Type': 'application/json', 'Accept': 'application/json', 'Openstack-Api-Version': 'volume 3.13', 'X-Auth-Token': '<omitted>'}
        Body: {"group_type": {"name": "tempest-GroupsTest-group-type-1011811695"}}
    Response - Headers: {'date': 'Wed, 25 Mar 2026 20:43:42 GMT', 'server': 'Apache/2.4.58 (Ubuntu)', 'content-type': 'application/json', 'x-compute-request-id': 'req-395a18c4-4255-46b4-971c-0e1a54d0a013', 'content-length': '173', 'openstack-api-version': 'volume 3.13', 'vary': 'OpenStack-API-Version', 'x-openstack-request-id': 'req-395a18c4-4255-46b4-971c-0e1a54d0a013', 'connection': 'close', 'status': '202', 'content-location': 'http://10.201.9.223/volume/v3/group_types'}
        Body: b'{"group_type": {"id": "a68d925f-9e4b-4595-80af-079274c36dfe", "name": "tempest-GroupsTest-group-type-1011811695", "description": null, "is_public": true, "group_specs": {}}}'
2026-03-25 20:43:42,183 130085 INFO     [tempest.lib.common.rest_client] Request (GroupsTest:test_group_update): 202 POST http://10.201.9.223/volume/v3/groups 0.048s
2026-03-25 20:43:42,183 130085 DEBUG    [tempest.lib.common.rest_client] Request - Headers: {'Content-Type': 'application/json', 'Accept': 'application/json', 'Openstack-Api-Version': 'volume 3.13', 'X-Auth-Token': '<omitted>'}
        Body: {"group": {"group_type": "a68d925f-9e4b-4595-80af-079274c36dfe", "volume_types": ["212b14cd-8ccc-48e4-9e7f-078f6b1a2c60"], "name": "tempest-GroupsTest-Group-1004242422"}}
    Response - Headers: {'date': 'Wed, 25 Mar 2026 20:43:42 GMT', 'server': 'Apache/2.4.58 (Ubuntu)', 'content-type': 'application/json', 'x-compute-request-id': 'req-f12ed898-0de6-456f-afa1-7ce60d7c2b78', 'content-length': '104', 'openstack-api-version': 'volume 3.13', 'vary': 'OpenStack-API-Version', 'x-openstack-request-id': 'req-f12ed898-0de6-456f-afa1-7ce60d7c2b78', 'connection': 'close', 'status': '202', 'content-location': 'http://10.201.9.223/volume/v3/groups'}
        Body: b'{"group": {"id": "97d03139-8792-427e-b504-5b6b3b0b71a1", "name": "tempest-GroupsTest-Group-1004242422"}}'
2026-03-25 20:43:42,198 130085 INFO     [tempest.lib.common.rest_client] Request (GroupsTest:test_group_update): 200 GET http://10.201.9.223/volume/v3/groups/97d03139-8792-427e-b504-5b6b3b0b71a1 0.015s
2026-03-25 20:43:42,199 130085 DEBUG    [tempest.lib.common.rest_client] Request - Headers: {'Content-Type': 'application/json', 'Accept': 'application/json', 'Openstack-Api-Version': 'volume 3.13', 'X-Auth-Token': '<omitted>'}
        Body: None
    Response - Headers: {'date': 'Wed, 25 Mar 2026 20:43:42 GMT', 'server': 'Apache/2.4.58 (Ubuntu)', 'content-type': 'application/json', 'x-compute-request-id': 'req-052ca6f1-
    e4a4-4f35-acaa-357d5a76e563', 'content-length': '332', 'openstack-api-version': 'volume 3.13', 'vary': 'OpenStack-API-Version', 'x-openstack-request-id': 'req-052ca6f1-e4a4-4f35-acaa-357d5a76e563', 'connection': 'close', 'status': '200', 'content-location': 'http://10.201.9.223/volume/v3/groups/97d03139-8792-427e-b504-5b6b3b0b71a1'}
        Body: b'{"group": {"id": "97d03139-8792-427e-b504-5b6b3b0b71a1", "status": "creating", "availability_zone": "nova", "created_at": "2026-03-25T20:43:42.000000", "name": "tempest-GroupsTest-Group-1004242422", "description": null, "group_type": "a68d925f-9e4b-4595-80af-079274c36dfe", "volume_types": ["212b14cd-8ccc-48e4-9e7f-078f6b1a2c60"]}}'
2026-03-25 20:43:43,228 130085 INFO     [tempest.lib.common.rest_client] Request (GroupsTest:test_group_update): 200 GET http://10.201.9.223/volume/v3/groups/97d03139-8792-427e-b504-5b6b3b0b71a1 0.027s
2026-03-25 20:43:43,228 130085 DEBUG    [tempest.lib.common.rest_client] Request - Headers: {'Content-Type': 'application/json', 'Accept': 'application/json', 'Openstack-Api-Version': 'volume 3.13', 'X-Auth-Token': '<omitted>'}
        Body: None
    Response - Headers: {'date': 'Wed, 25 Mar 2026 20:43:43 GMT', 'server': 'Apache/2.4.58 (Ubuntu)', 'content-type': 'application/json', 'x-compute-request-id': 'req-04482f87-9c40-4c80-b504-32a9545025bb', 'content-length': '329', 'openstack-api-version': 'volume 3.13', 'vary': 'OpenStack-API-Version', 'x-openstack-request-id': 'req-04482f87-9c40-4c80-b504-32a9545025bb', 'connection': 'close', 'status': '200', 'content-location': 'http://10.201.9.223/volume/v3/groups/97d03139-8792-427e-b504-5b6b3b0b71a1'}
        Body: b'{"group": {"id": "97d03139-8792-427e-b504-5b6b3b0b71a1", "status": "error", "availability_zone": "nova", "created_at": "2026-03-25T20:43:42.000000", "name": "tempest-GroupsTest-Group-1004242422", "description": null, "group_type": "a68d925f-9e4b-4595-80af-079274c36dfe", "volume_types": ["212b14cd-8ccc-48e4-9e7f-078f6b1a2c60"]}}'
2026-03-25 20:43:43,246 130085 INFO     [tempest.lib.common.rest_client] Request (GroupsTest:_run_cleanups): 200 GET http://10.201.9.223/volume/v3/volumes/detail 0.016s
2026-03-25 20:43:43,246 130085 DEBUG    [tempest.lib.common.rest_client] Request - Headers: {'Content-Type': 'application/json', 'Accept': 'application/json', 'Openstack-Api-Version': 'volume 3.13', 'X-Auth-Token': '<omitted>'}
        Body: None
    Response - Headers: {'date': 'Wed, 25 Mar 2026 20:43:43 GMT', 'server': 'Apache/2.4.58 (Ubuntu)', 'content-type': 'application/json', 'x-compute-request-id': 'req-8da97867-2035-45ec-b485-977d3872e41e', 'content-length': '15', 'openstack-api-version': 'volume 3.13', 'vary': 'OpenStack-API-Version', 'x-openstack-request-id': 'req-8da97867-2035-45ec-b485-977d3872e41e', 'connection': 'close', 'status': '200', 'content-location': 'http://10.201.9.223/volume/v3/volumes/detail'}
        Body: b'{"volumes": []}'
2026-03-25 20:43:43,294 130085 INFO     [tempest.lib.common.rest_client] Request (GroupsTest:_run_cleanups): 202 POST http://10.201.9.223/volume/v3/groups/97d03139-8792-427e-b504-5b6b3b0b71a1/action 0.044s
2026-03-25 20:43:43,294 130085 DEBUG    [tempest.lib.common.rest_client] Request - Headers: {'Content-Type': 'application/json', 'Accept': 'application/json', 'Openstack-Api-Version': 'volume 3.13', 'X-Auth-Token': '<omitted>'}
        Body: {"delete": {"delete-volumes": true}}
    Response - Headers: {'date': 'Wed, 25 Mar 2026 20:43:43 GMT', 'server': 'Apache/2.4.58 (Ubuntu)', 'content-length': '0', 'content-type': 'text/html; charset=UTF-8', 'openstack-api-version': 'volume 3.13', 'vary': 'OpenStack-API-Version', 'x-openstack-request-id': 'req-07b21f48-ebfc-4dac-b531-cf90eb8e1d0e', 'connection': 'close', 'status': '202', 'content-location': 'http://10.201.9.223/volume/v3/groups/97d03139-8792-427e-b504-5b6b3b0b71a1/action'}
        Body: b''
2026-03-25 20:43:43,304 130085 INFO     [tempest.lib.common.rest_client] Request (GroupsTest:_run_cleanups): 404 GET http://10.201.9.223/volume/v3/groups/97d03139-8792-427e-b504-5b6b3b0b71a1 0.010s
2026-03-25 20:43:
    43,305 130085 DEBUG    [tempest.lib.common.rest_client] Request - Headers: {'Content-Type': 'application/json', 'Accept': 'application/json', 'Openstack-Api-Version': 'volume 3.13', 'X-Auth-Token': '<omitted>'}
        Body: None
    Response - Headers: {'date': 'Wed, 25 Mar 2026 20:43:43 GMT', 'server': 'Apache/2.4.58 (Ubuntu)', 'openstack-api-version': 'volume 3.13', 'vary': 'OpenStack-API-Version', 'content-length': '108', 'content-type': 'application/json', 'x-compute-request-id': 'req-56eab3f3-7e9e-4fbd-91b8-d6afd5825943', 'x-openstack-request-id': 'req-56eab3f3-7e9e-4fbd-91b8-d6afd5825943', 'connection': 'close', 'status': '404', 'content-location': 'http://10.201.9.223/volume/v3/groups/97d03139-8792-427e-b504-5b6b3b0b71a1'}
        Body: b'{"itemNotFound": {"code": 404, "message": "Group 97d03139-8792-427e-b504-5b6b3b0b71a1 could not be found."}}'
2026-03-25 20:43:43,321 130085 INFO     [tempest.lib.common.rest_client] Request (GroupsTest:_run_cleanups): 202 DELETE http://10.201.9.223/volume/v3/group_types/a68d925f-9e4b-4595-80af-079274c36dfe 0.016s
2026-03-25 20:43:43,321 130085 DEBUG    [tempest.lib.common.rest_client] Request - Headers: {'Content-Type': 'application/json', 'Accept': 'application/json', 'Openstack-Api-Version': 'volume 3.13', 'X-Auth-Token': '<omitted>'}
        Body: None
    Response - Headers: {'date': 'Wed, 25 Mar 2026 20:43:43 GMT', 'server': 'Apache/2.4.58 (Ubuntu)', 'content-length': '0', 'content-type': 'text/html; charset=UTF-8', 'openstack-api-version': 'volume 3.13', 'vary': 'OpenStack-API-Version', 'x-openstack-request-id': 'req-ce284714-b199-48c4-9e4d-131524cb5946', 'connection': 'close', 'status': '202', 'content-location': 'http://10.201.9.223/volume/v3/group_types/a68d925f-9e4b-4595-80af-079274c36dfe'}
        Body: b''
2026-03-25 20:43:43,354 130085 INFO     [tempest.lib.common.rest_client] Request (GroupsTest:_run_cleanups): 202 DELETE http://10.201.9.223/volume/v3/types/212b14cd-8ccc-48e4-9e7f-078f6b1a2c60 0.032s
2026-03-25 20:43:43,354 130085 DEBUG    [tempest.lib.common.rest_client] Request - Headers: {'Content-Type': 'application/json', 'Accept': 'application/json', 'X-Auth-Token': '<omitted>'}
        Body: None
    Response - Headers: {'date': 'Wed, 25 Mar 2026 20:43:43 GMT', 'server': 'Apache/2.4.58 (Ubuntu)', 'content-length': '0', 'content-type': 'text/html; charset=UTF-8', 'openstack-api-version': 'volume 3.0', 'vary': 'OpenStack-API-Version', 'x-openstack-request-id': 'req-9a300eb9-c2ae-4bf9-8753-6f9b6c7c0adb', 'connection': 'close', 'status': '202', 'content-location': 'http://10.201.9.223/volume/v3/types/212b14cd-8ccc-48e4-9e7f-078f6b1a2c60'}
        Body: b''
2026-03-25 20:43:43,364 130085 INFO     [tempest.lib.common.rest_client] Request (GroupsTest:_run_cleanups): 404 GET http://10.201.9.223/volume/v3/types/212b14cd-8ccc-48e4-9e7f-078f6b1a2c60 0.010s
2026-03-25 20:43:43,364 130085 DEBUG    [tempest.lib.common.rest_client] Request - Headers: {'Content-Type': 'application/json', 'Accept': 'application/json', 'X-Auth-Token': '<omitted>'}
        Body: None
    Response - Headers: {'date': 'Wed, 25 Mar 2026 20:43:43 GMT', 'server': 'Apache/2.4.58 (Ubuntu)', 'openstack-api-version': 'volume 3.0', 'vary': 'OpenStack-API-Version', 'content-length': '114', 'content-type': 'application/json', 'x-compute-request-id': 'req-81114391-b75e-465d-b3de-22a72775252f', 'x-openstack-request-id': 'req-81114391-b75e-465d-b3de-22a72775252f', 'connection': 'close', 'status': '404', 'content-location': 'http://10.201.9.223/volume/v3/types/212b14cd-8ccc-48e4-9e7f-078f6b1a2c60'}
        Body: b'{"itemNotFound": {"code": 404, "message": "Volume type 212b14cd-8ccc-48e4-9e7f-078f6b1a2c60 could not be found."}}'

{0} tempest.api.volume.******.test_groups.GroupsV314Test.test_create_group_from_group [1.553311s] ... FAILED

Captured traceback:
~~~~~~~~~~~~~~~~~~~
    Traceback (most recent call last):

      File "/opt/stack/tempest/tempest/api/volume/******/test_groups.py", line 182, in test_create_group_from_group
    grp = self.create_group(group_type=group_type['id'],
          ^^^^^^^^^^^^^^^^^^^^^^^^^^^^^^^^^^^^^^^^^^^^^^

      File "/opt/stack/tempest/tempest/api/volume/base.py", line 293, in create_group
    waiters.wait_for_volume_resource_status(

      File "/opt/stack/tempest/tempest/common/waiters.py", line 379, in wait_for_volume_resource_status
    raise exceptions.VolumeResourceBuildErrorException(

    tempest.exceptions.VolumeResourceBuildErrorException: group 960b4dfc-dc9f-4833-b50e-f3406a3a1a8d failed to build and is in ERROR status


Captured pythonlogging:
~~~~~~~~~~~~~~~~~~~~~~~
    2026-03-25 20:43:45,407 130085 INFO     [tempest.lib.common.rest_client] Request (GroupsV314Test:test_create_group_from_group): 200 POST http://10.201.9.223/volume/v3/types 0.085s
2026-03-25 20:43:45,408 130085 DEBUG    [tempest.lib.common.rest_client] Request - Headers: {'Content-Type': 'application/json', 'Accept': 'application/json', 'X-Auth-Token': '<omitted>'}
        Body: {"volume_type": {"name": "tempest-GroupsV314Test-volume-type-1449256289"}}
    Response - Headers: {'date': 'Wed, 25 Mar 2026 20:43:45 GMT', 'server': 'Apache/2.4.58 (Ubuntu)', 'content-type': 'application/json', 'x-compute-request-id': 'req-d0569139-3d38-47dd-8654-1b40ecd58ca9', 'content-length': '220', 'openstack-api-version': 'volume 3.0', 'vary': 'OpenStack-API-Version', 'x-openstack-request-id': 'req-d0569139-3d38-47dd-8654-1b40ecd58ca9', 'connection': 'close', 'status': '200', 'content-location': 'http://10.201.9.223/volume/v3/types'}
        Body: b'{"volume_type": {"id": "3c99faad-fefa-49cc-b9b3-93b9b3a4d089", "name": "tempest-GroupsV314Test-volume-type-1449256289", "is_public": true, "extra_specs": {}, "description": null, "os-volume-type-access:is_public": true}}'
2026-03-25 20:43:45,439 130085 INFO     [tempest.lib.common.rest_client] Request (GroupsV314Test:test_create_group_from_group): 202 POST http://10.201.9.223/volume/v3/group_types 0.027s
2026-03-25 20:43:45,440 130085 DEBUG    [tempest.lib.common.rest_client] Request - Headers: {'Content-Type': 'application/json', 'Accept': 'application/json', 'Openstack-Api-Version': 'volume 3.14', 'X-Auth-Token': '<omitted>'}
        Body: {"group_type": {"name": "tempest-GroupsV314Test-group-type-976366421"}}
    Response - Headers: {'date': 'Wed, 25 Mar 2026 20:43:45 GMT', 'server': 'Apache/2.4.58 (Ubuntu)', 'content-type': 'application/json', 'x-compute-request-id': 'req-ea3b4493-cf1d-4bdd-9610-64ae93e49d09', 'content-length': '176', 'openstack-api-version': 'volume 3.14', 'vary': 'OpenStack-API-Version', 'x-openstack-request-id': 'req-ea3b4493-cf1d-4bdd-9610-64ae93e49d09', 'connection': 'close', 'status': '202', 'content-location': 'http://10.201.9.223/volume/v3/group_types'}
        Body: b'{"group_type": {"id": "05314a6a-e4d7-4636-aca0-dacedde41fc9", "name": "tempest-GroupsV314Test-group-type-976366421", "description": null, "is_public": true, "group_specs": {}}}'
2026-03-25 20:43:45,560 130085 INFO     [tempest.lib.common.rest_client] Request (GroupsV314Test:test_create_group_from_group): 202 POST http://10.201.9.223/volume/v3/groups 0.118s
2026-03-25 20:43:45,560 130085 DEBUG    [tempest.lib.common.rest_client] Request - Headers: {'Content-Type': 'application/json', 'Accept': 'application/json', 'Openstack-Api-Version': 'volume 3.14', 'X-Auth-Token': '<omitted>'}
        Body: {"group": {"group_type": "05314a6a-e4d7-4636-aca0-dacedde41fc9", "volume_types": ["3c99faad-fefa-49cc-b9b3-93b9b3a4d089"], "name": "tempest-GroupsV314Test-Group-242582415"}}
    Response - Headers: {'date': 'Wed, 25 Mar 2026 20:43:45 GMT', 'server': 'Apache/2.4.58 (Ubuntu)', 'content-type': 'application/json', 'x-compute-request-id': 'req-82a63541-a140-430c-816b-5b2b91c71237', 'content-length': '107', 'openstack-api-version': 'volume 3.14', 'vary': 'OpenStack-API-Version', 'x-openstack-request-id': 'req-82a63541-a140-430c-816b-5b2b91c71237', 'connection': 'close', 'status': '202', 'content-location': 'http://10.201.9.223/volume/v3/groups'}
        Body: b'{"group": {"id": "960b4dfc-dc9f-4833-b50e-f3406a3a1a8d", "name": "tempest-GroupsV314Test-Group-242582415"}}'
2026-03-25 20:43:45,576 130085 INFO     [tempest.lib.common.rest_client] Request (GroupsV314Test:test_create_group_from_group): 200 GET http://10.201.9.223/volume/v3/groups/960b4dfc-dc9f-4833-b50e-f3406a3a1a8d 0.015s
2026-03-25 20:43:45,576 130085 DEBUG    [tempest.lib.common.rest_client] Request - Headers: {'Content-Type': 'application/json', 'Accept': 'application/json', 'Openstack-Api-Version': 'volume 3.14', 'X-Auth-Token': '<omitted>'}
        Body: None
    Response - Headers: {'date': 'Wed, 25 Mar 2026 20:43:45 GMT', 'server': 'Apache/2.4.58 (Ubun
    tu)', 'content-type': 'application/json', 'x-compute-request-id': 'req-9543ed1d-9ade-4c0b-8c87-a0dd25da6373', 'content-length': '387', 'openstack-api-version': 'volume 3.14', 'vary': 'OpenStack-API-Version', 'x-openstack-request-id': 'req-9543ed1d-9ade-4c0b-8c87-a0dd25da6373', 'connection': 'close', 'status': '200', 'content-location': 'http://10.201.9.223/volume/v3/groups/960b4dfc-dc9f-4833-b50e-f3406a3a1a8d'}
        Body: b'{"group": {"id": "960b4dfc-dc9f-4833-b50e-f3406a3a1a8d", "status": "creating", "availability_zone": "nova", "created_at": "2026-03-25T20:43:46.000000", "name": "tempest-GroupsV314Test-Group-242582415", "description": null, "group_type": "05314a6a-e4d7-4636-aca0-dacedde41fc9", "volume_types": ["3c99faad-fefa-49cc-b9b3-93b9b3a4d089"], "group_snapshot_id": null, "source_group_id": null}}'
2026-03-25 20:43:46,605 130085 INFO     [tempest.lib.common.rest_client] Request (GroupsV314Test:test_create_group_from_group): 200 GET http://10.201.9.223/volume/v3/groups/960b4dfc-dc9f-4833-b50e-f3406a3a1a8d 0.026s
2026-03-25 20:43:46,605 130085 DEBUG    [tempest.lib.common.rest_client] Request - Headers: {'Content-Type': 'application/json', 'Accept': 'application/json', 'Openstack-Api-Version': 'volume 3.14', 'X-Auth-Token': '<omitted>'}
        Body: None
    Response - Headers: {'date': 'Wed, 25 Mar 2026 20:43:46 GMT', 'server': 'Apache/2.4.58 (Ubuntu)', 'content-type': 'application/json', 'x-compute-request-id': 'req-6a8da3da-c407-4fb6-870b-acb1e83fc494', 'content-length': '384', 'openstack-api-version': 'volume 3.14', 'vary': 'OpenStack-API-Version', 'x-openstack-request-id': 'req-6a8da3da-c407-4fb6-870b-acb1e83fc494', 'connection': 'close', 'status': '200', 'content-location': 'http://10.201.9.223/volume/v3/groups/960b4dfc-dc9f-4833-b50e-f3406a3a1a8d'}
        Body: b'{"group": {"id": "960b4dfc-dc9f-4833-b50e-f3406a3a1a8d", "status": "error", "availability_zone": "nova", "created_at": "2026-03-25T20:43:46.000000", "name": "tempest-GroupsV314Test-Group-242582415", "description": null, "group_type": "05314a6a-e4d7-4636-aca0-dacedde41fc9", "volume_types": ["3c99faad-fefa-49cc-b9b3-93b9b3a4d089"], "group_snapshot_id": null, "source_group_id": null}}'
2026-03-25 20:43:46,636 130085 INFO     [tempest.lib.common.rest_client] Request (GroupsV314Test:_run_cleanups): 200 GET http://10.201.9.223/volume/v3/volumes/detail 0.023s
2026-03-25 20:43:46,636 130085 DEBUG    [tempest.lib.common.rest_client] Request - Headers: {'Content-Type': 'application/json', 'Accept': 'application/json', 'Openstack-Api-Version': 'volume 3.14', 'X-Auth-Token': '<omitted>'}
        Body: None
    Response - Headers: {'date': 'Wed, 25 Mar 2026 20:43:46 GMT', 'server': 'Apache/2.4.58 (Ubuntu)', 'content-type': 'application/json', 'x-compute-request-id': 'req-ebd51148-759c-462b-9516-2a20e4cce3d3', 'content-length': '15', 'openstack-api-version': 'volume 3.14', 'vary': 'OpenStack-API-Version', 'x-openstack-request-id': 'req-ebd51148-759c-462b-9516-2a20e4cce3d3', 'connection': 'close', 'status': '200', 'content-location': 'http://10.201.9.223/volume/v3/volumes/detail'}
        Body: b'{"volumes": []}'
2026-03-25 20:43:46,796 130085 INFO     [tempest.lib.common.rest_client] Request (GroupsV314Test:_run_cleanups): 202 POST http://10.201.9.223/volume/v3/groups/960b4dfc-dc9f-4833-b50e-f3406a3a1a8d/action 0.151s
2026-03-25 20:43:46,797 130085 DEBUG    [tempest.lib.common.rest_client] Request - Headers: {'Content-Type': 'application/json', 'Accept': 'application/json', 'Openstack-Api-Version': 'volume 3.14', 'X-Auth-Token': '<omitted>'}
        Body: {"delete": {"delete-volumes": true}}
    Response - Headers: {'date': 'Wed, 25 Mar 2026 20:43:46 GMT', 'server': 'Apache/2.4.58 (Ubuntu)', 'content-length': '0', 'content-type': 'text/html; charset=UTF-8', 'openstack-api-version': 'volume 3.14', 'vary': 'OpenStack-API-Version', 'x-openstack-request-id': 'req-b8e2d5f3-c7d9-4fca-90cc-40af94b898b6', 'connection': 'close', 'status': '202', 'content-location': 'http://10.201.9.223/volume/v3/groups/960b4dfc-dc9f-4833-b50e-f3406a3a1a8d/action'}
        Body: b''
20
    26-03-25 20:43:46,806 130085 INFO     [tempest.lib.common.rest_client] Request (GroupsV314Test:_run_cleanups): 404 GET http://10.201.9.223/volume/v3/groups/960b4dfc-dc9f-4833-b50e-f3406a3a1a8d 0.008s
2026-03-25 20:43:46,807 130085 DEBUG    [tempest.lib.common.rest_client] Request - Headers: {'Content-Type': 'application/json', 'Accept': 'application/json', 'Openstack-Api-Version': 'volume 3.14', 'X-Auth-Token': '<omitted>'}
        Body: None
    Response - Headers: {'date': 'Wed, 25 Mar 2026 20:43:46 GMT', 'server': 'Apache/2.4.58 (Ubuntu)', 'openstack-api-version': 'volume 3.14', 'vary': 'OpenStack-API-Version', 'content-length': '108', 'content-type': 'application/json', 'x-compute-request-id': 'req-7cf249ed-5284-43ed-8d16-61ea022e29ca', 'x-openstack-request-id': 'req-7cf249ed-5284-43ed-8d16-61ea022e29ca', 'connection': 'close', 'status': '404', 'content-location': 'http://10.201.9.223/volume/v3/groups/960b4dfc-dc9f-4833-b50e-f3406a3a1a8d'}
        Body: b'{"itemNotFound": {"code": 404, "message": "Group 960b4dfc-dc9f-4833-b50e-f3406a3a1a8d could not be found."}}'
2026-03-25 20:43:46,825 130085 INFO     [tempest.lib.common.rest_client] Request (GroupsV314Test:_run_cleanups): 202 DELETE http://10.201.9.223/volume/v3/group_types/05314a6a-e4d7-4636-aca0-dacedde41fc9 0.018s
2026-03-25 20:43:46,825 130085 DEBUG    [tempest.lib.common.rest_client] Request - Headers: {'Content-Type': 'application/json', 'Accept': 'application/json', 'Openstack-Api-Version': 'volume 3.14', 'X-Auth-Token': '<omitted>'}
        Body: None
    Response - Headers: {'date': 'Wed, 25 Mar 2026 20:43:46 GMT', 'server': 'Apache/2.4.58 (Ubuntu)', 'content-length': '0', 'content-type': 'text/html; charset=UTF-8', 'openstack-api-version': 'volume 3.14', 'vary': 'OpenStack-API-Version', 'x-openstack-request-id': 'req-1d5a0ddb-fefa-469a-9c4c-2b1c9e43f2ba', 'connection': 'close', 'status': '202', 'content-location': 'http://10.201.9.223/volume/v3/group_types/05314a6a-e4d7-4636-aca0-dacedde41fc9'}
        Body: b''
2026-03-25 20:43:46,861 130085 INFO     [tempest.lib.common.rest_client] Request (GroupsV314Test:_run_cleanups): 202 DELETE http://10.201.9.223/volume/v3/types/3c99faad-fefa-49cc-b9b3-93b9b3a4d089 0.034s
2026-03-25 20:43:46,861 130085 DEBUG    [tempest.lib.common.rest_client] Request - Headers: {'Content-Type': 'application/json', 'Accept': 'application/json', 'X-Auth-Token': '<omitted>'}
        Body: None
    Response - Headers: {'date': 'Wed, 25 Mar 2026 20:43:46 GMT', 'server': 'Apache/2.4.58 (Ubuntu)', 'content-length': '0', 'content-type': 'text/html; charset=UTF-8', 'openstack-api-version': 'volume 3.0', 'vary': 'OpenStack-API-Version', 'x-openstack-request-id': 'req-3845f3f3-88d2-450a-a1af-02b177376a59', 'connection': 'close', 'status': '202', 'content-location': 'http://10.201.9.223/volume/v3/types/3c99faad-fefa-49cc-b9b3-93b9b3a4d089'}
        Body: b''
2026-03-25 20:43:46,874 130085 INFO     [tempest.lib.common.rest_client] Request (GroupsV314Test:_run_cleanups): 404 GET http://10.201.9.223/volume/v3/types/3c99faad-fefa-49cc-b9b3-93b9b3a4d089 0.012s
2026-03-25 20:43:46,874 130085 DEBUG    [tempest.lib.common.rest_client] Request - Headers: {'Content-Type': 'application/json', 'Accept': 'application/json', 'X-Auth-Token': '<omitted>'}
        Body: None
    Response - Headers: {'date': 'Wed, 25 Mar 2026 20:43:46 GMT', 'server': 'Apache/2.4.58 (Ubuntu)', 'openstack-api-version': 'volume 3.0', 'vary': 'OpenStack-API-Version', 'content-length': '114', 'content-type': 'application/json', 'x-compute-request-id': 'req-455834bc-f393-42d4-967a-cc025f41bc52', 'x-openstack-request-id': 'req-455834bc-f393-42d4-967a-cc025f41bc52', 'connection': 'close', 'status': '404', 'content-location': 'http://10.201.9.223/volume/v3/types/3c99faad-fefa-49cc-b9b3-93b9b3a4d089'}
        Body: b'{"itemNotFound": {"code": 404, "message": "Volume type 3c99faad-fefa-49cc-b9b3-93b9b3a4d089 could not be found."}}'

{0} tempest.api.volume.******.test_groups.GroupsV320Test.test_reset_group_status [1.433037s] ... FAILED

Captured traceback:
~~~~~~~~~~~~~~~~~~~
    Traceback (most recent call last):

      File "/opt/stack/tempest/tempest/api/volume/******/test_groups.py", line 227, in test_reset_group_status
    group = self.create_group(group_type=group_type['id'],
            ^^^^^^^^^^^^^^^^^^^^^^^^^^^^^^^^^^^^^^^^^^^^^^

      File "/opt/stack/tempest/tempest/api/volume/base.py", line 293, in create_group
    waiters.wait_for_volume_resource_status(

      File "/opt/stack/tempest/tempest/common/waiters.py", line 379, in wait_for_volume_resource_status
    raise exceptions.VolumeResourceBuildErrorException(

    tempest.exceptions.VolumeResourceBuildErrorException: group 592f8dbf-7da6-42e1-b7c6-324c97b907fe failed to build and is in ERROR status


Captured pythonlogging:
~~~~~~~~~~~~~~~~~~~~~~~
    2026-03-25 20:43:48,709 130085 INFO     [tempest.lib.common.rest_client] Request (GroupsV320Test:test_reset_group_status): 200 POST http://10.201.9.223/volume/v3/types 0.068s
2026-03-25 20:43:48,709 130085 DEBUG    [tempest.lib.common.rest_client] Request - Headers: {'Content-Type': 'application/json', 'Accept': 'application/json', 'X-Auth-Token': '<omitted>'}
        Body: {"volume_type": {"name": "tempest-GroupsV320Test-volume-type-1749927745"}}
    Response - Headers: {'date': 'Wed, 25 Mar 2026 20:43:48 GMT', 'server': 'Apache/2.4.58 (Ubuntu)', 'content-type': 'application/json', 'x-compute-request-id': 'req-43c54829-071f-4e7e-9707-78e2d2d7827d', 'content-length': '220', 'openstack-api-version': 'volume 3.0', 'vary': 'OpenStack-API-Version', 'x-openstack-request-id': 'req-43c54829-071f-4e7e-9707-78e2d2d7827d', 'connection': 'close', 'status': '200', 'content-location': 'http://10.201.9.223/volume/v3/types'}
        Body: b'{"volume_type": {"id": "0d554462-d6cf-4cb3-8166-3b9e4c6fd1b7", "name": "tempest-GroupsV320Test-volume-type-1749927745", "is_public": true, "extra_specs": {}, "description": null, "os-volume-type-access:is_public": true}}'
2026-03-25 20:43:48,735 130085 INFO     [tempest.lib.common.rest_client] Request (GroupsV320Test:test_reset_group_status): 202 POST http://10.201.9.223/volume/v3/group_types 0.024s
2026-03-25 20:43:48,735 130085 DEBUG    [tempest.lib.common.rest_client] Request - Headers: {'Content-Type': 'application/json', 'Accept': 'application/json', 'Openstack-Api-Version': 'volume 3.20', 'X-Auth-Token': '<omitted>'}
        Body: {"group_type": {"name": "tempest-GroupsV320Test-group-type-1496432115"}}
    Response - Headers: {'date': 'Wed, 25 Mar 2026 20:43:48 GMT', 'server': 'Apache/2.4.58 (Ubuntu)', 'content-type': 'application/json', 'x-compute-request-id': 'req-9c943002-432d-4c85-9418-be8dd133434d', 'content-length': '177', 'openstack-api-version': 'volume 3.20', 'vary': 'OpenStack-API-Version', 'x-openstack-request-id': 'req-9c943002-432d-4c85-9418-be8dd133434d', 'connection': 'close', 'status': '202', 'content-location': 'http://10.201.9.223/volume/v3/group_types'}
        Body: b'{"group_type": {"id": "b9e16eea-ce70-4ffb-926a-2137bbc5b71e", "name": "tempest-GroupsV320Test-group-type-1496432115", "description": null, "is_public": true, "group_specs": {}}}'
2026-03-25 20:43:48,855 130085 INFO     [tempest.lib.common.rest_client] Request (GroupsV320Test:test_reset_group_status): 202 POST http://10.201.9.223/volume/v3/groups 0.117s
2026-03-25 20:43:48,855 130085 DEBUG    [tempest.lib.common.rest_client] Request - Headers: {'Content-Type': 'application/json', 'Accept': 'application/json', 'Openstack-Api-Version': 'volume 3.20', 'X-Auth-Token': '<omitted>'}
        Body: {"group": {"group_type": "b9e16eea-ce70-4ffb-926a-2137bbc5b71e", "volume_types": ["0d554462-d6cf-4cb3-8166-3b9e4c6fd1b7"], "name": "tempest-GroupsV320Test-Group-1736733055"}}
    Response - Headers: {'date': 'Wed, 25 Mar 2026 20:43:48 GMT', 'server': 'Apache/2.4.58 (Ubuntu)', 'content-type': 'application/json', 'x-compute-request-id': 'req-2d9639c6-a9cf-4801-b159-a01da0129241', 'content-length': '108', 'openstack-api-version': 'volume 3.20', 'vary': 'OpenStack-API-Version', 'x-openstack-request-id': 'req-2d9639c6-a9cf-4801-b159-a01da0129241', 'connection': 'close', 'status': '202', 'content-location': 'http://10.201.9.223/volume/v3/groups'}
        Body: b'{"group": {"id": "592f8dbf-7da6-42e1-b7c6-324c97b907fe", "name": "tempest-GroupsV320Test-Group-1736733055"}}'
2026-03-25 20:43:48,874 130085 INFO     [tempest.lib.common.rest_client] Request (GroupsV320Test:test_reset_group_status): 200 GET http://10.201.9.223/volume/v3/groups/592f8dbf-7da6-42e1-b7c6-324c97b907fe 0.017s
2026-03-25 20:43:48,874 130085 DEBUG    [tempest.lib.common.rest_client] Request - Headers: {'Content-Type': 'application/json', 'Accept': 'application/json', 'Openstack-Api-Version': 'volume 3.20', 'X-Auth-Token': '<omitted>'}
        Body: None
    Response - Headers: {'date': 'Wed, 25 Mar 2026 20:43:48 GMT', 'server': 'Apache/2.4.58 (Ubuntu)', 'content-t
    ype': 'application/json', 'x-compute-request-id': 'req-27252847-ed0f-44fa-b1c6-e2feef263231', 'content-length': '388', 'openstack-api-version': 'volume 3.20', 'vary': 'OpenStack-API-Version', 'x-openstack-request-id': 'req-27252847-ed0f-44fa-b1c6-e2feef263231', 'connection': 'close', 'status': '200', 'content-location': 'http://10.201.9.223/volume/v3/groups/592f8dbf-7da6-42e1-b7c6-324c97b907fe'}
        Body: b'{"group": {"id": "592f8dbf-7da6-42e1-b7c6-324c97b907fe", "status": "creating", "availability_zone": "nova", "created_at": "2026-03-25T20:43:49.000000", "name": "tempest-GroupsV320Test-Group-1736733055", "description": null, "group_type": "b9e16eea-ce70-4ffb-926a-2137bbc5b71e", "volume_types": ["0d554462-d6cf-4cb3-8166-3b9e4c6fd1b7"], "group_snapshot_id": null, "source_group_id": null}}'
2026-03-25 20:43:49,907 130085 INFO     [tempest.lib.common.rest_client] Request (GroupsV320Test:test_reset_group_status): 200 GET http://10.201.9.223/volume/v3/groups/592f8dbf-7da6-42e1-b7c6-324c97b907fe 0.031s
2026-03-25 20:43:49,908 130085 DEBUG    [tempest.lib.common.rest_client] Request - Headers: {'Content-Type': 'application/json', 'Accept': 'application/json', 'Openstack-Api-Version': 'volume 3.20', 'X-Auth-Token': '<omitted>'}
        Body: None
    Response - Headers: {'date': 'Wed, 25 Mar 2026 20:43:49 GMT', 'server': 'Apache/2.4.58 (Ubuntu)', 'content-type': 'application/json', 'x-compute-request-id': 'req-6e80cc0f-99cc-4dad-8812-a111224d84ce', 'content-length': '385', 'openstack-api-version': 'volume 3.20', 'vary': 'OpenStack-API-Version', 'x-openstack-request-id': 'req-6e80cc0f-99cc-4dad-8812-a111224d84ce', 'connection': 'close', 'status': '200', 'content-location': 'http://10.201.9.223/volume/v3/groups/592f8dbf-7da6-42e1-b7c6-324c97b907fe'}
        Body: b'{"group": {"id": "592f8dbf-7da6-42e1-b7c6-324c97b907fe", "status": "error", "availability_zone": "nova", "created_at": "2026-03-25T20:43:49.000000", "name": "tempest-GroupsV320Test-Group-1736733055", "description": null, "group_type": "b9e16eea-ce70-4ffb-926a-2137bbc5b71e", "volume_types": ["0d554462-d6cf-4cb3-8166-3b9e4c6fd1b7"], "group_snapshot_id": null, "source_group_id": null}}'
2026-03-25 20:43:49,933 130085 INFO     [tempest.lib.common.rest_client] Request (GroupsV320Test:_run_cleanups): 200 GET http://10.201.9.223/volume/v3/volumes/detail 0.019s
2026-03-25 20:43:49,933 130085 DEBUG    [tempest.lib.common.rest_client] Request - Headers: {'Content-Type': 'application/json', 'Accept': 'application/json', 'Openstack-Api-Version': 'volume 3.20', 'X-Auth-Token': '<omitted>'}
        Body: None
    Response - Headers: {'date': 'Wed, 25 Mar 2026 20:43:49 GMT', 'server': 'Apache/2.4.58 (Ubuntu)', 'content-type': 'application/json', 'x-compute-request-id': 'req-898d788b-9555-4c99-89ff-53a17b59fc73', 'content-length': '15', 'openstack-api-version': 'volume 3.20', 'vary': 'OpenStack-API-Version', 'x-openstack-request-id': 'req-898d788b-9555-4c99-89ff-53a17b59fc73', 'connection': 'close', 'status': '200', 'content-location': 'http://10.201.9.223/volume/v3/volumes/detail'}
        Body: b'{"volumes": []}'
2026-03-25 20:43:49,991 130085 INFO     [tempest.lib.common.rest_client] Request (GroupsV320Test:_run_cleanups): 202 POST http://10.201.9.223/volume/v3/groups/592f8dbf-7da6-42e1-b7c6-324c97b907fe/action 0.053s
2026-03-25 20:43:49,991 130085 DEBUG    [tempest.lib.common.rest_client] Request - Headers: {'Content-Type': 'application/json', 'Accept': 'application/json', 'Openstack-Api-Version': 'volume 3.20', 'X-Auth-Token': '<omitted>'}
        Body: {"delete": {"delete-volumes": true}}
    Response - Headers: {'date': 'Wed, 25 Mar 2026 20:43:49 GMT', 'server': 'Apache/2.4.58 (Ubuntu)', 'content-length': '0', 'content-type': 'text/html; charset=UTF-8', 'openstack-api-version': 'volume 3.20', 'vary': 'OpenStack-API-Version', 'x-openstack-request-id': 'req-f1a71af4-da0a-452c-b7d0-1b43221ed1fa', 'connection': 'close', 'status': '202', 'content-location': 'http://10.201.9.223/volume/v3/groups/592f8dbf-7da6-42e1-b7c6-324c97b907fe/action'}
        Body: b''
2026-03-25 20:43:50,0
    05 130085 INFO     [tempest.lib.common.rest_client] Request (GroupsV320Test:_run_cleanups): 404 GET http://10.201.9.223/volume/v3/groups/592f8dbf-7da6-42e1-b7c6-324c97b907fe 0.013s
2026-03-25 20:43:50,005 130085 DEBUG    [tempest.lib.common.rest_client] Request - Headers: {'Content-Type': 'application/json', 'Accept': 'application/json', 'Openstack-Api-Version': 'volume 3.20', 'X-Auth-Token': '<omitted>'}
        Body: None
    Response - Headers: {'date': 'Wed, 25 Mar 2026 20:43:49 GMT', 'server': 'Apache/2.4.58 (Ubuntu)', 'openstack-api-version': 'volume 3.20', 'vary': 'OpenStack-API-Version', 'content-length': '108', 'content-type': 'application/json', 'x-compute-request-id': 'req-fae44474-759c-434c-a030-21e2993de5dc', 'x-openstack-request-id': 'req-fae44474-759c-434c-a030-21e2993de5dc', 'connection': 'close', 'status': '404', 'content-location': 'http://10.201.9.223/volume/v3/groups/592f8dbf-7da6-42e1-b7c6-324c97b907fe'}
        Body: b'{"itemNotFound": {"code": 404, "message": "Group 592f8dbf-7da6-42e1-b7c6-324c97b907fe could not be found."}}'
2026-03-25 20:43:50,032 130085 INFO     [tempest.lib.common.rest_client] Request (GroupsV320Test:_run_cleanups): 202 DELETE http://10.201.9.223/volume/v3/group_types/b9e16eea-ce70-4ffb-926a-2137bbc5b71e 0.026s
2026-03-25 20:43:50,032 130085 DEBUG    [tempest.lib.common.rest_client] Request - Headers: {'Content-Type': 'application/json', 'Accept': 'application/json', 'Openstack-Api-Version': 'volume 3.20', 'X-Auth-Token': '<omitted>'}
        Body: None
    Response - Headers: {'date': 'Wed, 25 Mar 2026 20:43:50 GMT', 'server': 'Apache/2.4.58 (Ubuntu)', 'content-length': '0', 'content-type': 'text/html; charset=UTF-8', 'openstack-api-version': 'volume 3.20', 'vary': 'OpenStack-API-Version', 'x-openstack-request-id': 'req-36849db6-7dcf-4e0b-b22c-02870a6f728b', 'connection': 'close', 'status': '202', 'content-location': 'http://10.201.9.223/volume/v3/group_types/b9e16eea-ce70-4ffb-926a-2137bbc5b71e'}
        Body: b''
2026-03-25 20:43:50,061 130085 INFO     [tempest.lib.common.rest_client] Request (GroupsV320Test:_run_cleanups): 202 DELETE http://10.201.9.223/volume/v3/types/0d554462-d6cf-4cb3-8166-3b9e4c6fd1b7 0.029s
2026-03-25 20:43:50,062 130085 DEBUG    [tempest.lib.common.rest_client] Request - Headers: {'Content-Type': 'application/json', 'Accept': 'application/json', 'X-Auth-Token': '<omitted>'}
        Body: None
    Response - Headers: {'date': 'Wed, 25 Mar 2026 20:43:50 GMT', 'server': 'Apache/2.4.58 (Ubuntu)', 'content-length': '0', 'content-type': 'text/html; charset=UTF-8', 'openstack-api-version': 'volume 3.0', 'vary': 'OpenStack-API-Version', 'x-openstack-request-id': 'req-feb43a0b-444d-4bff-a06c-139d4f0925d6', 'connection': 'close', 'status': '202', 'content-location': 'http://10.201.9.223/volume/v3/types/0d554462-d6cf-4cb3-8166-3b9e4c6fd1b7'}
        Body: b''
2026-03-25 20:43:50,072 130085 INFO     [tempest.lib.common.rest_client] Request (GroupsV320Test:_run_cleanups): 404 GET http://10.201.9.223/volume/v3/types/0d554462-d6cf-4cb3-8166-3b9e4c6fd1b7 0.010s
2026-03-25 20:43:50,072 130085 DEBUG    [tempest.lib.common.rest_client] Request - Headers: {'Content-Type': 'application/json', 'Accept': 'application/json', 'X-Auth-Token': '<omitted>'}
        Body: None
    Response - Headers: {'date': 'Wed, 25 Mar 2026 20:43:50 GMT', 'server': 'Apache/2.4.58 (Ubuntu)', 'openstack-api-version': 'volume 3.0', 'vary': 'OpenStack-API-Version', 'content-length': '114', 'content-type': 'application/json', 'x-compute-request-id': 'req-5345c2eb-d81b-421f-abe1-94d09145eff6', 'x-openstack-request-id': 'req-5345c2eb-d81b-421f-abe1-94d09145eff6', 'connection': 'close', 'status': '404', 'content-location': 'http://10.201.9.223/volume/v3/types/0d554462-d6cf-4cb3-8166-3b9e4c6fd1b7'}
        Body: b'{"itemNotFound": {"code": 404, "message": "Volume type 0d554462-d6cf-4cb3-8166-3b9e4c6fd1b7 could not be found."}}'

{0} setUpClass (tempest.api.volume.******.test_multi_backend.VolumeMultiBackendTest) [0.000000s] ... FAILED

Captured traceback:
~~~~~~~~~~~~~~~~~~~
    Traceback (most recent call last):

      File "/opt/stack/tempest/tempest/test.py", line 185, in setUpClass
    raise value.with_traceback(trace)

      File "/opt/stack/tempest/tempest/test.py", line 178, in setUpClass
    cls.resource_setup()

      File "/opt/stack/tempest/tempest/api/volume/******/test_multi_backend.py", line 50, in resource_setup
    cls._create_type_and_volume(backend_name, False)

      File "/opt/stack/tempest/tempest/api/volume/******/test_multi_backend.py", line 74, in _create_type_and_volume
    cls.volume = cls.create_volume(**params)
                 ^^^^^^^^^^^^^^^^^^^^^^^^^^^

      File "/opt/stack/tempest/tempest/api/volume/base.py", line 144, in create_volume
    waiters.wait_for_volume_resource_status(self.volumes_client,

      File "/opt/stack/tempest/tempest/common/waiters.py", line 379, in wait_for_volume_resource_status
    raise exceptions.VolumeResourceBuildErrorException(

    tempest.exceptions.VolumeResourceBuildErrorException: volume 101d9cc7-25ca-4f60-ae96-3be443bda332 failed to build and is in ERROR status

{0} tempest.api.volume.******.test_qos.QosSpecsTestJSON.test_associate_disassociate_qos [0.486899s] ... ok
{0} tempest.api.volume.******.test_qos.QosSpecsTestJSON.test_create_delete_qos_with_back_end_consumer [0.099372s] ... ok
{0} tempest.api.volume.******.test_qos.QosSpecsTestJSON.test_create_delete_qos_with_both_consumer [0.070617s] ... ok
{0} tempest.api.volume.******.test_qos.QosSpecsTestJSON.test_create_delete_qos_with_front_end_consumer [0.071329s] ... ok
{0} tempest.api.volume.******.test_qos.QosSpecsTestJSON.test_get_qos [0.010022s] ... ok
{0} tempest.api.volume.******.test_qos.QosSpecsTestJSON.test_list_qos [0.008720s] ... ok
{0} tempest.api.volume.******.test_qos.QosSpecsTestJSON.test_set_unset_qos_key [0.068574s] ... ok
{0} setUpClass (tempest.api.volume.******.test_snapshots_actions.SnapshotsActionsTest) [0.000000s] ... FAILED

Captured traceback:
~~~~~~~~~~~~~~~~~~~
    Traceback (most recent call last):

      File "/opt/stack/tempest/tempest/test.py", line 185, in setUpClass
    raise value.with_traceback(trace)

      File "/opt/stack/tempest/tempest/test.py", line 178, in setUpClass
    cls.resource_setup()

      File "/opt/stack/tempest/tempest/api/volume/******/test_snapshots_actions.py", line 38, in resource_setup
    cls.volume = cls.create_volume()
                 ^^^^^^^^^^^^^^^^^^^

      File "/opt/stack/tempest/tempest/api/volume/base.py", line 144, in create_volume
    waiters.wait_for_volume_resource_status(self.volumes_client,

      File "/opt/stack/tempest/tempest/common/waiters.py", line 379, in wait_for_volume_resource_status
    raise exceptions.VolumeResourceBuildErrorException(

    tempest.exceptions.VolumeResourceBuildErrorException: volume 03ab37f5-8f4d-4f4b-b5d7-7dfbed43c2c7 failed to build and is in ERROR status

{0} tempest.api.volume.******.test_user_messages.UserMessagesTest.test_delete_message [1.623653s] ... ok
{0} tempest.api.volume.******.test_user_messages.UserMessagesTest.test_list_show_messages [1.527382s] ... ok
{0} tempest.api.volume.******.test_volume_hosts.VolumeHostsAdminTestsJSON.test_list_hosts [0.084083s] ... ok
{0} tempest.api.volume.******.test_volume_hosts.VolumeHostsAdminTestsJSON.test_show_host [0.061812s] ... ok
{0} setUpClass (tempest.api.volume.******.test_volume_manage.VolumeManageAdminTest) ... SKIPPED: Manage volume tests are disabled
{0} tempest.api.volume.******.test_volume_pools.VolumePoolsAdminTestsJSON.test_get_pools_with_details [0.578531s] ... FAILED

Captured traceback:
~~~~~~~~~~~~~~~~~~~
    Traceback (most recent call last):

      File "/opt/stack/tempest/tempest/api/volume/******/test_volume_pools.py", line 44, in test_get_pools_with_details
    self._assert_pools(with_detail=True)

      File "/opt/stack/tempest/tempest/api/volume/******/test_volume_pools.py", line 29, in _assert_pools
    self.assertNotEmpty(cinder_pools, "no cinder pools listed.")

      File "/opt/stack/tempest/tempest/test.py", line 949, in assertNotEmpty
    self.assertTrue(items, msg)

      File "/usr/lib/python3.12/unittest/case.py", line 727, in assertTrue
    raise self.failureException(msg)

    AssertionError: [] is not true : no cinder pools listed.


Captured pythonlogging:
~~~~~~~~~~~~~~~~~~~~~~~
    2026-03-25 20:44:09,225 130085 INFO     [tempest.lib.common.rest_client] Request (VolumePoolsAdminTestsJSON:test_get_pools_with_details): 200 GET http://10.201.9.223/volume/v3/scheduler-stats/get_pools?detail=True 0.569s
2026-03-25 20:44:09,225 130085 DEBUG    [tempest.lib.common.rest_client] Request - Headers: {'Content-Type': 'application/json', 'Accept': 'application/json', 'X-Auth-Token': '<omitted>'}
        Body: None
    Response - Headers: {'date': 'Wed, 25 Mar 2026 20:44:08 GMT', 'server': 'Apache/2.4.58 (Ubuntu)', 'content-type': 'application/json', 'x-compute-request-id': 'req-a18a1dc6-923f-43c2-bf37-5001565bf396', 'content-length': '13', 'openstack-api-version': 'volume 3.0', 'vary': 'OpenStack-API-Version', 'x-openstack-request-id': 'req-a18a1dc6-923f-43c2-bf37-5001565bf396', 'connection': 'close', 'status': '200', 'content-location': 'http://10.201.9.223/volume/v3/scheduler-stats/get_pools?detail=True'}
        Body: b'{"pools": []}'

{0} tempest.api.volume.******.test_volume_pools.VolumePoolsAdminTestsJSON.test_get_pools_without_details [0.517068s] ... FAILED

Captured traceback:
~~~~~~~~~~~~~~~~~~~
    Traceback (most recent call last):

      File "/opt/stack/tempest/tempest/api/volume/******/test_volume_pools.py", line 39, in test_get_pools_without_details
    self._assert_pools()

      File "/opt/stack/tempest/tempest/api/volume/******/test_volume_pools.py", line 29, in _assert_pools
    self.assertNotEmpty(cinder_pools, "no cinder pools listed.")

      File "/opt/stack/tempest/tempest/test.py", line 949, in assertNotEmpty
    self.assertTrue(items, msg)

      File "/usr/lib/python3.12/unittest/case.py", line 727, in assertTrue
    raise self.failureException(msg)

    AssertionError: [] is not true : no cinder pools listed.


Captured pythonlogging:
~~~~~~~~~~~~~~~~~~~~~~~
    2026-03-25 20:44:09,749 130085 INFO     [tempest.lib.common.rest_client] Request (VolumePoolsAdminTestsJSON:test_get_pools_without_details): 200 GET http://10.201.9.223/volume/v3/scheduler-stats/get_pools 0.513s
2026-03-25 20:44:09,750 130085 DEBUG    [tempest.lib.common.rest_client] Request - Headers: {'Content-Type': 'application/json', 'Accept': 'application/json', 'X-Auth-Token': '<omitted>'}
        Body: None
    Response - Headers: {'date': 'Wed, 25 Mar 2026 20:44:09 GMT', 'server': 'Apache/2.4.58 (Ubuntu)', 'content-type': 'application/json', 'x-compute-request-id': 'req-11eae927-bb68-4cfd-bcb2-629eb38a2e73', 'content-length': '13', 'openstack-api-version': 'volume 3.0', 'vary': 'OpenStack-API-Version', 'x-openstack-request-id': 'req-11eae927-bb68-4cfd-bcb2-629eb38a2e73', 'connection': 'close', 'status': '200', 'content-location': 'http://10.201.9.223/volume/v3/scheduler-stats/get_pools'}
        Body: b'{"pools": []}'

{0} tempest.api.volume.******.test_volume_quota_classes.VolumeQuotaClassesTest.test_show_default_quota [0.099660s] ... ok
{0} tempest.api.volume.******.test_volume_quota_classes.VolumeQuotaClassesTest.test_update_default_quota [0.512280s] ... ok
{0} tempest.api.volume.******.test_volume_quotas.VolumeQuotasAdminTestJSON.test_delete_quota [0.173215s] ... ok
{0} tempest.api.volume.******.test_volume_quotas.VolumeQuotasAdminTestJSON.test_list_default_quotas [0.022272s] ... ok
{0} tempest.api.volume.******.test_volume_quotas.VolumeQuotasAdminTestJSON.test_list_quotas [0.019723s] ... ok
{0} tempest.api.volume.******.test_volume_quotas.VolumeQuotasAdminTestJSON.test_quota_usage [1.443318s] ... FAILED

Captured traceback:
~~~~~~~~~~~~~~~~~~~
    Traceback (most recent call last):

      File "/opt/stack/tempest/tempest/api/volume/******/test_volume_quotas.py", line 123, in test_quota_usage
    volume = self.create_volume()
             ^^^^^^^^^^^^^^^^^^^^

      File "/opt/stack/tempest/tempest/api/volume/base.py", line 144, in create_volume
    waiters.wait_for_volume_resource_status(self.volumes_client,

      File "/opt/stack/tempest/tempest/common/waiters.py", line 379, in wait_for_volume_resource_status
    raise exceptions.VolumeResourceBuildErrorException(

    tempest.exceptions.VolumeResourceBuildErrorException: volume 6693fd36-4503-4717-967a-8ed5bd4881d3 failed to build and is in ERROR status


Captured pythonlogging:
~~~~~~~~~~~~~~~~~~~~~~~
    2026-03-25 20:44:14,697 130085 INFO     [tempest.lib.common.rest_client] Request (VolumeQuotasAdminTestJSON:test_quota_usage): 200 GET http://10.201.9.223/volume/v3/os-quota-sets/c316b079793a4130b72709362794e8bb?usage=True 0.021s
2026-03-25 20:44:14,697 130085 DEBUG    [tempest.lib.common.rest_client] Request - Headers: {'Content-Type': 'application/json', 'Accept': 'application/json', 'X-Auth-Token': '<omitted>'}
        Body: None
    Response - Headers: {'date': 'Wed, 25 Mar 2026 20:44:14 GMT', 'server': 'Apache/2.4.58 (Ubuntu)', 'content-type': 'application/json', 'x-compute-request-id': 'req-fe57820a-6df8-47fb-a59b-b6fc5bb7142a', 'content-length': '1236', 'openstack-api-version': 'volume 3.0', 'vary': 'OpenStack-API-Version', 'x-openstack-request-id': 'req-fe57820a-6df8-47fb-a59b-b6fc5bb7142a', 'connection': 'close', 'status': '200', 'content-location': 'http://10.201.9.223/volume/v3/os-quota-sets/c316b079793a4130b72709362794e8bb?usage=True'}
        Body: b'{"quota_set": {"volumes": {"limit": 10, "in_use": 0, "reserved": 0}, "per_volume_gigabytes": {"limit": -1, "in_use": 0, "reserved": 0}, "snapshots": {"limit": 10, "in_use": 0, "reserved": 0}, "gigabytes": {"limit": 1000, "in_use": 0, "reserved": 0}, "backups": {"limit": 10, "in_use": 0, "reserved": 0}, "backup_gigabytes": {"limit": 1000, "in_use": 0, "reserved": 0}, "volumes_3par2": {"limit": -1, "in_use": 0, "reserved": 0}, "gigabytes_3par2": {"limit": -1, "in_use": 0, "reserved": 0}, "snapshots_3par2": {"limit": -1, "in_use": 0, "reserved": 0}, "volumes_3par1": {"limit": -1, "in_use": 0, "reserved": 0}, "gigabytes_3par1": {"limit": -1, "in_use": 0, "reserved": 0}, "snapshots_3par1": {"limit": -1, "in_use": 0, "reserved": 0}, "volumes_lvmdriver-1": {"limit": -1, "in_use": 0, "reserved": 0}, "gigabytes_lvmdriver-1": {"limit": -1, "in_use": 0, "reserved": 0}, "snapshots_lvmdriver-1": {"limit": -1, "in_use": 0, "reserved": 0}, "volumes___DEFAULT__": {"limit": -1, "in_use": 0, "reserved": 0}, "gigabytes___DEFAULT__": {"limit": -1, "in_use": 0, "reserved": 0}, "snapshots___DEFAULT__": {"limit": -1, "in_use": 0, "reserved": 0}, "groups": {"limit": 10, "in_use": 0, "reserved": 0}, "id": "c316b079793a4130b72709362794e8bb"}}'
2026-03-25 20:44:14,906 130085 INFO     [tempest.lib.common.rest_client] Request (VolumeQuotasAdminTestJSON:test_quota_usage): 202 POST http://10.201.9.223/volume/v3/volumes 0.202s
2026-03-25 20:44:14,906 130085 DEBUG    [tempest.lib.common.rest_client] Request - Headers: {'Content-Type': 'application/json', 'Accept': 'application/json', 'X-Auth-Token': '<omitted>'}
        Body: {"volume": {"size": 1, "name": "tempest-VolumeQuotasAdminTestJSON-Volume-1376580416"}}
    Response - Headers: {'date': 'Wed, 25 Mar 2026 20:44:14 GMT', 'server': 'Apache/2.4.58 (Ubuntu)', 'content-type': 'application/json', 'x-compute-request-id': 'req-38dcc67d-da9f-4d9f-82de-e012d2dc2832', 'content-length': '755', 'openstack-api-version': 'volume 3.0', 'vary': 'OpenStack-API-Version', 'x-openstack-request-id': 'req-38dcc67d-da9f-4d9f-82de-e012d2dc2832', 'connection': 'close', 'status': '202', 'content-location': 'http://10.201.9.223/volume/v3/volumes'}
        Body: b'{"volume": {"id": "6693fd36-4503-4717-967a-8ed5bd4881d3", "status": "creating", "size": 1, "availability_zone": "nova", "created_at": "2026-03-25T20:44:14.853859", "updated_at": null, "name": "tempest-VolumeQuotasAdminTestJSON-Volume-1376580416", "description": null, "volume_type": "3par1", "snapshot_id": null, "source_volid": null, "metadata": {}, "links": [{"rel": "self", "href": "http://10.201.9.223/volume/v3/volumes/6693fd36-4503-4717-967a-8ed5bd4881d3"}, {"rel": "bookmark", "href": "http://10.201.9.223/volume/volumes/6693fd36-4503-4717-967a-8ed5bd4881d3"}], "user_id": "3d31c5b6eb544145ad713b646b3cf8ae", "bootable": "false", "encrypted": false, "replication_status": null, "consistencygroup_id": null, "multiattach": false, "attachments": []}}'
2026-03-25 20:44:14,945 130085 INFO     [tempest.lib.common.rest_client] Request (VolumeQuotasAdminTestJSON:test_quota_usage): 200 GET http://10.201.9.223/volume/v
    3/volumes/6693fd36-4503-4717-967a-8ed5bd4881d3 0.028s
2026-03-25 20:44:14,945 130085 DEBUG    [tempest.lib.common.rest_client] Request - Headers: {'Content-Type': 'application/json', 'Accept': 'application/json', 'X-Auth-Token': '<omitted>'}
        Body: None
    Response - Headers: {'date': 'Wed, 25 Mar 2026 20:44:14 GMT', 'server': 'Apache/2.4.58 (Ubuntu)', 'content-type': 'application/json', 'x-compute-request-id': 'req-69f1ebac-f85a-433c-b3a0-5edda5469376', 'content-length': '823', 'openstack-api-version': 'volume 3.0', 'vary': 'OpenStack-API-Version', 'x-openstack-request-id': 'req-69f1ebac-f85a-433c-b3a0-5edda5469376', 'connection': 'close', 'status': '200', 'content-location': 'http://10.201.9.223/volume/v3/volumes/6693fd36-4503-4717-967a-8ed5bd4881d3'}
        Body: b'{"volume": {"id": "6693fd36-4503-4717-967a-8ed5bd4881d3", "status": "creating", "size": 1, "availability_zone": "nova", "created_at": "2026-03-25T20:44:15.000000", "updated_at": null, "name": "tempest-VolumeQuotasAdminTestJSON-Volume-1376580416", "description": null, "volume_type": "3par1", "snapshot_id": null, "source_volid": null, "metadata": {}, "links": [{"rel": "self", "href": "http://10.201.9.223/volume/v3/volumes/6693fd36-4503-4717-967a-8ed5bd4881d3"}, {"rel": "bookmark", "href": "http://10.201.9.223/volume/volumes/6693fd36-4503-4717-967a-8ed5bd4881d3"}], "user_id": "3d31c5b6eb544145ad713b646b3cf8ae", "bootable": "false", "encrypted": false, "replication_status": null, "consistencygroup_id": null, "multiattach": false, "attachments": [], "os-vol-tenant-attr:tenant_id": "c316b079793a4130b72709362794e8bb"}}'
2026-03-25 20:44:15,983 130085 INFO     [tempest.lib.common.rest_client] Request (VolumeQuotasAdminTestJSON:test_quota_usage): 200 GET http://10.201.9.223/volume/v3/volumes/6693fd36-4503-4717-967a-8ed5bd4881d3 0.032s
2026-03-25 20:44:15,983 130085 DEBUG    [tempest.lib.common.rest_client] Request - Headers: {'Content-Type': 'application/json', 'Accept': 'application/json', 'X-Auth-Token': '<omitted>'}
        Body: None
    Response - Headers: {'date': 'Wed, 25 Mar 2026 20:44:15 GMT', 'server': 'Apache/2.4.58 (Ubuntu)', 'content-type': 'application/json', 'x-compute-request-id': 'req-dde163d7-791c-4f48-8087-8a24dbabc14c', 'content-length': '844', 'openstack-api-version': 'volume 3.0', 'vary': 'OpenStack-API-Version', 'x-openstack-request-id': 'req-dde163d7-791c-4f48-8087-8a24dbabc14c', 'connection': 'close', 'status': '200', 'content-location': 'http://10.201.9.223/volume/v3/volumes/6693fd36-4503-4717-967a-8ed5bd4881d3'}
        Body: b'{"volume": {"id": "6693fd36-4503-4717-967a-8ed5bd4881d3", "status": "error", "size": 1, "availability_zone": "nova", "created_at": "2026-03-25T20:44:15.000000", "updated_at": "2026-03-25T20:44:15.000000", "name": "tempest-VolumeQuotasAdminTestJSON-Volume-1376580416", "description": null, "volume_type": "3par1", "snapshot_id": null, "source_volid": null, "metadata": {}, "links": [{"rel": "self", "href": "http://10.201.9.223/volume/v3/volumes/6693fd36-4503-4717-967a-8ed5bd4881d3"}, {"rel": "bookmark", "href": "http://10.201.9.223/volume/volumes/6693fd36-4503-4717-967a-8ed5bd4881d3"}], "user_id": "3d31c5b6eb544145ad713b646b3cf8ae", "bootable": "false", "encrypted": false, "replication_status": null, "consistencygroup_id": null, "multiattach": false, "attachments": [], "os-vol-tenant-attr:tenant_id": "c316b079793a4130b72709362794e8bb"}}'
2026-03-25 20:44:16,022 130085 INFO     [tempest.lib.common.rest_client] Request (VolumeQuotasAdminTestJSON:_run_cleanups): 200 GET http://10.201.9.223/volume/v3/volumes/6693fd36-4503-4717-967a-8ed5bd4881d3 0.027s
2026-03-25 20:44:16,023 130085 DEBUG    [tempest.lib.common.rest_client] Request - Headers: {'Content-Type': 'application/json', 'Accept': 'application/json', 'X-Auth-Token': '<omitted>'}
        Body: None
    Response - Headers: {'date': 'Wed, 25 Mar 2026 20:44:15 GMT', 'server': 'Apache/2.4.58 (Ubuntu)', 'content-type': 'application/json', 'x-compute-request-id': 'req-0250ddf4-3d3f-417d-8841-9e88cc71e184', 'content-length': '844', 'openstack-api-version': 'volume 3
    .0', 'vary': 'OpenStack-API-Version', 'x-openstack-request-id': 'req-0250ddf4-3d3f-417d-8841-9e88cc71e184', 'connection': 'close', 'status': '200', 'content-location': 'http://10.201.9.223/volume/v3/volumes/6693fd36-4503-4717-967a-8ed5bd4881d3'}
        Body: b'{"volume": {"id": "6693fd36-4503-4717-967a-8ed5bd4881d3", "status": "error", "size": 1, "availability_zone": "nova", "created_at": "2026-03-25T20:44:15.000000", "updated_at": "2026-03-25T20:44:15.000000", "name": "tempest-VolumeQuotasAdminTestJSON-Volume-1376580416", "description": null, "volume_type": "3par1", "snapshot_id": null, "source_volid": null, "metadata": {}, "links": [{"rel": "self", "href": "http://10.201.9.223/volume/v3/volumes/6693fd36-4503-4717-967a-8ed5bd4881d3"}, {"rel": "bookmark", "href": "http://10.201.9.223/volume/volumes/6693fd36-4503-4717-967a-8ed5bd4881d3"}], "user_id": "3d31c5b6eb544145ad713b646b3cf8ae", "bootable": "false", "encrypted": false, "replication_status": null, "consistencygroup_id": null, "multiattach": false, "attachments": [], "os-vol-tenant-attr:tenant_id": "c316b079793a4130b72709362794e8bb"}}'
2026-03-25 20:44:16,098 130085 INFO     [tempest.lib.common.rest_client] Request (VolumeQuotasAdminTestJSON:_run_cleanups): 202 DELETE http://10.201.9.223/volume/v3/volumes/6693fd36-4503-4717-967a-8ed5bd4881d3 0.067s
2026-03-25 20:44:16,098 130085 DEBUG    [tempest.lib.common.rest_client] Request - Headers: {'Content-Type': 'application/json', 'Accept': 'application/json', 'X-Auth-Token': '<omitted>'}
        Body: None
    Response - Headers: {'date': 'Wed, 25 Mar 2026 20:44:16 GMT', 'server': 'Apache/2.4.58 (Ubuntu)', 'content-length': '0', 'content-type': 'text/html; charset=UTF-8', 'openstack-api-version': 'volume 3.0', 'vary': 'OpenStack-API-Version', 'x-openstack-request-id': 'req-18635964-c0c6-42d0-b72b-5e4e50cac929', 'connection': 'close', 'status': '202', 'content-location': 'http://10.201.9.223/volume/v3/volumes/6693fd36-4503-4717-967a-8ed5bd4881d3'}
        Body: b''
2026-03-25 20:44:16,118 130085 INFO     [tempest.lib.common.rest_client] Request (VolumeQuotasAdminTestJSON:_run_cleanups): 404 GET http://10.201.9.223/volume/v3/volumes/6693fd36-4503-4717-967a-8ed5bd4881d3 0.019s
2026-03-25 20:44:16,118 130085 DEBUG    [tempest.lib.common.rest_client] Request - Headers: {'Content-Type': 'application/json', 'Accept': 'application/json', 'X-Auth-Token': '<omitted>'}
        Body: None
    Response - Headers: {'date': 'Wed, 25 Mar 2026 20:44:16 GMT', 'server': 'Apache/2.4.58 (Ubuntu)', 'openstack-api-version': 'volume 3.0', 'vary': 'OpenStack-API-Version', 'content-length': '109', 'content-type': 'application/json', 'x-compute-request-id': 'req-9045afa9-8e5c-4359-a01f-0b12461142ca', 'x-openstack-request-id': 'req-9045afa9-8e5c-4359-a01f-0b12461142ca', 'connection': 'close', 'status': '404', 'content-location': 'http://10.201.9.223/volume/v3/volumes/6693fd36-4503-4717-967a-8ed5bd4881d3'}
        Body: b'{"itemNotFound": {"code": 404, "message": "Volume 6693fd36-4503-4717-967a-8ed5bd4881d3 could not be found."}}'

{0} tempest.api.volume.******.test_volume_quotas.VolumeQuotasAdminTestJSON.test_quota_usage_after_volume_transfer [1.333419s] ... FAILED

Captured traceback:
~~~~~~~~~~~~~~~~~~~
    Traceback (most recent call last):

      File "/opt/stack/tempest/tempest/api/volume/******/test_volume_quotas.py", line 141, in test_quota_usage_after_volume_transfer
    volume = self.create_volume()
             ^^^^^^^^^^^^^^^^^^^^

      File "/opt/stack/tempest/tempest/api/volume/base.py", line 144, in create_volume
    waiters.wait_for_volume_resource_status(self.volumes_client,

      File "/opt/stack/tempest/tempest/common/waiters.py", line 379, in wait_for_volume_resource_status
    raise exceptions.VolumeResourceBuildErrorException(

    tempest.exceptions.VolumeResourceBuildErrorException: volume 8d79562d-7938-4282-827d-f7c7adb9f8d5 failed to build and is in ERROR status


Captured pythonlogging:
~~~~~~~~~~~~~~~~~~~~~~~
    2026-03-25 20:44:16,257 130085 INFO     [tempest.lib.common.rest_client] Request (VolumeQuotasAdminTestJSON:test_quota_usage_after_volume_transfer): 202 POST http://10.201.9.223/volume/v3/volumes 0.135s
2026-03-25 20:44:16,257 130085 DEBUG    [tempest.lib.common.rest_client] Request - Headers: {'Content-Type': 'application/json', 'Accept': 'application/json', 'X-Auth-Token': '<omitted>'}
        Body: {"volume": {"size": 1, "name": "tempest-VolumeQuotasAdminTestJSON-Volume-665283732"}}
    Response - Headers: {'date': 'Wed, 25 Mar 2026 20:44:16 GMT', 'server': 'Apache/2.4.58 (Ubuntu)', 'content-type': 'application/json', 'x-compute-request-id': 'req-27469679-7f71-4a94-b3ae-c0d375683e6c', 'content-length': '754', 'openstack-api-version': 'volume 3.0', 'vary': 'OpenStack-API-Version', 'x-openstack-request-id': 'req-27469679-7f71-4a94-b3ae-c0d375683e6c', 'connection': 'close', 'status': '202', 'content-location': 'http://10.201.9.223/volume/v3/volumes'}
        Body: b'{"volume": {"id": "8d79562d-7938-4282-827d-f7c7adb9f8d5", "status": "creating", "size": 1, "availability_zone": "nova", "created_at": "2026-03-25T20:44:16.204517", "updated_at": null, "name": "tempest-VolumeQuotasAdminTestJSON-Volume-665283732", "description": null, "volume_type": "3par1", "snapshot_id": null, "source_volid": null, "metadata": {}, "links": [{"rel": "self", "href": "http://10.201.9.223/volume/v3/volumes/8d79562d-7938-4282-827d-f7c7adb9f8d5"}, {"rel": "bookmark", "href": "http://10.201.9.223/volume/volumes/8d79562d-7938-4282-827d-f7c7adb9f8d5"}], "user_id": "3d31c5b6eb544145ad713b646b3cf8ae", "bootable": "false", "encrypted": false, "replication_status": null, "consistencygroup_id": null, "multiattach": false, "attachments": []}}'
2026-03-25 20:44:16,288 130085 INFO     [tempest.lib.common.rest_client] Request (VolumeQuotasAdminTestJSON:test_quota_usage_after_volume_transfer): 200 GET http://10.201.9.223/volume/v3/volumes/8d79562d-7938-4282-827d-f7c7adb9f8d5 0.021s
2026-03-25 20:44:16,288 130085 DEBUG    [tempest.lib.common.rest_client] Request - Headers: {'Content-Type': 'application/json', 'Accept': 'application/json', 'X-Auth-Token': '<omitted>'}
        Body: None
    Response - Headers: {'date': 'Wed, 25 Mar 2026 20:44:16 GMT', 'server': 'Apache/2.4.58 (Ubuntu)', 'content-type': 'application/json', 'x-compute-request-id': 'req-2f30a231-792c-46f3-8a2d-688e78d98d64', 'content-length': '822', 'openstack-api-version': 'volume 3.0', 'vary': 'OpenStack-API-Version', 'x-openstack-request-id': 'req-2f30a231-792c-46f3-8a2d-688e78d98d64', 'connection': 'close', 'status': '200', 'content-location': 'http://10.201.9.223/volume/v3/volumes/8d79562d-7938-4282-827d-f7c7adb9f8d5'}
        Body: b'{"volume": {"id": "8d79562d-7938-4282-827d-f7c7adb9f8d5", "status": "creating", "size": 1, "availability_zone": "nova", "created_at": "2026-03-25T20:44:16.000000", "updated_at": null, "name": "tempest-VolumeQuotasAdminTestJSON-Volume-665283732", "description": null, "volume_type": "3par1", "snapshot_id": null, "source_volid": null, "metadata": {}, "links": [{"rel": "self", "href": "http://10.201.9.223/volume/v3/volumes/8d79562d-7938-4282-827d-f7c7adb9f8d5"}, {"rel": "bookmark", "href": "http://10.201.9.223/volume/volumes/8d79562d-7938-4282-827d-f7c7adb9f8d5"}], "user_id": "3d31c5b6eb544145ad713b646b3cf8ae", "bootable": "false", "encrypted": false, "replication_status": null, "consistencygroup_id": null, "multiattach": false, "attachments": [], "os-vol-tenant-attr:tenant_id": "c316b079793a4130b72709362794e8bb"}}'
2026-03-25 20:44:17,333 130085 INFO     [tempest.lib.common.rest_client] Request (VolumeQuotasAdminTestJSON:test_quota_usage_after_volume_transfer): 200 GET http://10.201.9.223/volume/v3/volumes/8d79562d-7938-4282-827d-f7c7adb9f8d5 0.037s
2026-03-25 20:44:17,333 130085 DEBUG    [tempest.lib.common.rest_client] Request - Headers: {'Content-Type': 'application/json', 'Accept': 'application/json', 'X-Auth-Token': '<omitted>'}
        Body: None
    Response - Headers: {'date': 'Wed, 25 Mar 2026 20:44:17 GMT', 'server': 'Apache/2.4.58 (Ubuntu)', 'content-type'
    : 'application/json', 'x-compute-request-id': 'req-6c242c79-5ed6-4e5f-a58b-8fbb93183890', 'content-length': '843', 'openstack-api-version': 'volume 3.0', 'vary': 'OpenStack-API-Version', 'x-openstack-request-id': 'req-6c242c79-5ed6-4e5f-a58b-8fbb93183890', 'connection': 'close', 'status': '200', 'content-location': 'http://10.201.9.223/volume/v3/volumes/8d79562d-7938-4282-827d-f7c7adb9f8d5'}
        Body: b'{"volume": {"id": "8d79562d-7938-4282-827d-f7c7adb9f8d5", "status": "error", "size": 1, "availability_zone": "nova", "created_at": "2026-03-25T20:44:16.000000", "updated_at": "2026-03-25T20:44:16.000000", "name": "tempest-VolumeQuotasAdminTestJSON-Volume-665283732", "description": null, "volume_type": "3par1", "snapshot_id": null, "source_volid": null, "metadata": {}, "links": [{"rel": "self", "href": "http://10.201.9.223/volume/v3/volumes/8d79562d-7938-4282-827d-f7c7adb9f8d5"}, {"rel": "bookmark", "href": "http://10.201.9.223/volume/volumes/8d79562d-7938-4282-827d-f7c7adb9f8d5"}], "user_id": "3d31c5b6eb544145ad713b646b3cf8ae", "bootable": "false", "encrypted": false, "replication_status": null, "consistencygroup_id": null, "multiattach": false, "attachments": [], "os-vol-tenant-attr:tenant_id": "c316b079793a4130b72709362794e8bb"}}'
2026-03-25 20:44:17,366 130085 INFO     [tempest.lib.common.rest_client] Request (VolumeQuotasAdminTestJSON:_run_cleanups): 200 GET http://10.201.9.223/volume/v3/volumes/8d79562d-7938-4282-827d-f7c7adb9f8d5 0.027s
2026-03-25 20:44:17,366 130085 DEBUG    [tempest.lib.common.rest_client] Request - Headers: {'Content-Type': 'application/json', 'Accept': 'application/json', 'X-Auth-Token': '<omitted>'}
        Body: None
    Response - Headers: {'date': 'Wed, 25 Mar 2026 20:44:17 GMT', 'server': 'Apache/2.4.58 (Ubuntu)', 'content-type': 'application/json', 'x-compute-request-id': 'req-351851bf-da56-4fdc-bf4f-a2b142656f08', 'content-length': '843', 'openstack-api-version': 'volume 3.0', 'vary': 'OpenStack-API-Version', 'x-openstack-request-id': 'req-351851bf-da56-4fdc-bf4f-a2b142656f08', 'connection': 'close', 'status': '200', 'content-location': 'http://10.201.9.223/volume/v3/volumes/8d79562d-7938-4282-827d-f7c7adb9f8d5'}
        Body: b'{"volume": {"id": "8d79562d-7938-4282-827d-f7c7adb9f8d5", "status": "error", "size": 1, "availability_zone": "nova", "created_at": "2026-03-25T20:44:16.000000", "updated_at": "2026-03-25T20:44:16.000000", "name": "tempest-VolumeQuotasAdminTestJSON-Volume-665283732", "description": null, "volume_type": "3par1", "snapshot_id": null, "source_volid": null, "metadata": {}, "links": [{"rel": "self", "href": "http://10.201.9.223/volume/v3/volumes/8d79562d-7938-4282-827d-f7c7adb9f8d5"}, {"rel": "bookmark", "href": "http://10.201.9.223/volume/volumes/8d79562d-7938-4282-827d-f7c7adb9f8d5"}], "user_id": "3d31c5b6eb544145ad713b646b3cf8ae", "bootable": "false", "encrypted": false, "replication_status": null, "consistencygroup_id": null, "multiattach": false, "attachments": [], "os-vol-tenant-attr:tenant_id": "c316b079793a4130b72709362794e8bb"}}'
2026-03-25 20:44:17,439 130085 INFO     [tempest.lib.common.rest_client] Request (VolumeQuotasAdminTestJSON:_run_cleanups): 202 DELETE http://10.201.9.223/volume/v3/volumes/8d79562d-7938-4282-827d-f7c7adb9f8d5 0.065s
2026-03-25 20:44:17,439 130085 DEBUG    [tempest.lib.common.rest_client] Request - Headers: {'Content-Type': 'application/json', 'Accept': 'application/json', 'X-Auth-Token': '<omitted>'}
        Body: None
    Response - Headers: {'date': 'Wed, 25 Mar 2026 20:44:17 GMT', 'server': 'Apache/2.4.58 (Ubuntu)', 'content-length': '0', 'content-type': 'text/html; charset=UTF-8', 'openstack-api-version': 'volume 3.0', 'vary': 'OpenStack-API-Version', 'x-openstack-request-id': 'req-391768ef-a1ac-4bf3-8ede-2c7b8988915c', 'connection': 'close', 'status': '202', 'content-location': 'http://10.201.9.223/volume/v3/volumes/8d79562d-7938-4282-827d-f7c7adb9f8d5'}
        Body: b''
2026-03-25 20:44:17,453 130085 INFO     [tempest.lib.common.rest_client] Request (VolumeQuotasAdminTestJSON:_run_cleanups): 404 GET http://10.201.9.223/volu
    me/v3/volumes/8d79562d-7938-4282-827d-f7c7adb9f8d5 0.014s
2026-03-25 20:44:17,454 130085 DEBUG    [tempest.lib.common.rest_client] Request - Headers: {'Content-Type': 'application/json', 'Accept': 'application/json', 'X-Auth-Token': '<omitted>'}
        Body: None
    Response - Headers: {'date': 'Wed, 25 Mar 2026 20:44:17 GMT', 'server': 'Apache/2.4.58 (Ubuntu)', 'openstack-api-version': 'volume 3.0', 'vary': 'OpenStack-API-Version', 'content-length': '109', 'content-type': 'application/json', 'x-compute-request-id': 'req-d8c1f9eb-265b-4831-8aeb-f7a3f34aabcd', 'x-openstack-request-id': 'req-d8c1f9eb-265b-4831-8aeb-f7a3f34aabcd', 'connection': 'close', 'status': '404', 'content-location': 'http://10.201.9.223/volume/v3/volumes/8d79562d-7938-4282-827d-f7c7adb9f8d5'}
        Body: b'{"itemNotFound": {"code": 404, "message": "Volume 8d79562d-7938-4282-827d-f7c7adb9f8d5 could not be found."}}'

{0} tempest.api.volume.******.test_volume_quotas.VolumeQuotasAdminTestJSON.test_show_quota_usage [0.033469s] ... ok
{0} tempest.api.volume.******.test_volume_quotas.VolumeQuotasAdminTestJSON.test_update_all_quota_resources_for_tenant [0.162120s] ... ok
{0} setUpClass (tempest.api.volume.******.test_volume_quotas_negative.VolumeQuotasNegativeTestJSON) [0.000000s] ... FAILED

Captured traceback:
~~~~~~~~~~~~~~~~~~~
    Traceback (most recent call last):

      File "/opt/stack/tempest/tempest/test.py", line 185, in setUpClass
    raise value.with_traceback(trace)

      File "/opt/stack/tempest/tempest/test.py", line 178, in setUpClass
    cls.resource_setup()

      File "/opt/stack/tempest/tempest/api/volume/******/test_volume_quotas_negative.py", line 51, in resource_setup
    cls.volume = cls.create_volume()
                 ^^^^^^^^^^^^^^^^^^^

      File "/opt/stack/tempest/tempest/api/volume/base.py", line 144, in create_volume
    waiters.wait_for_volume_resource_status(self.volumes_client,

      File "/opt/stack/tempest/tempest/common/waiters.py", line 379, in wait_for_volume_resource_status
    raise exceptions.VolumeResourceBuildErrorException(

    tempest.exceptions.VolumeResourceBuildErrorException: volume c775845f-dae4-4b3c-b388-409fd6a9e7a0 failed to build and is in ERROR status

{0} tempest.api.volume.******.test_volume_retype.VolumeRetypeMultiattachTest.test_volume_retype_multiattach [1.394258s] ... FAILED

Captured traceback:
~~~~~~~~~~~~~~~~~~~
    Traceback (most recent call last):

      File "/opt/stack/tempest/tempest/api/volume/******/test_volume_retype.py", line 247, in test_volume_retype_multiattach
    vol = self.create_volume(volume_type=self.src_vol_type['name'])
          ^^^^^^^^^^^^^^^^^^^^^^^^^^^^^^^^^^^^^^^^^^^^^^^^^^^^^^^^^

      File "/opt/stack/tempest/tempest/api/volume/base.py", line 144, in create_volume
    waiters.wait_for_volume_resource_status(self.volumes_client,

      File "/opt/stack/tempest/tempest/common/waiters.py", line 379, in wait_for_volume_resource_status
    raise exceptions.VolumeResourceBuildErrorException(

    tempest.exceptions.VolumeResourceBuildErrorException: volume 09fe8fcc-25ec-4939-8d75-bcc2f2fa3455 failed to build and is in ERROR status


Captured pythonlogging:
~~~~~~~~~~~~~~~~~~~~~~~
    2026-03-25 20:44:23,824 130085 INFO     [tempest.lib.common.rest_client] Request (VolumeRetypeMultiattachTest:test_volume_retype_multiattach): 202 POST http://10.201.9.223/volume/v3/volumes 0.214s
2026-03-25 20:44:23,824 130085 DEBUG    [tempest.lib.common.rest_client] Request - Headers: {'Content-Type': 'application/json', 'Accept': 'application/json', 'Openstack-Api-Version': 'volume 3.50', 'X-Auth-Token': '<omitted>'}
        Body: {"volume": {"volume_type": "tempest-VolumeRetypeMultiattachTest-volume-type-2063149636", "size": 1, "name": "tempest-VolumeRetypeMultiattachTest-Volume-493799443"}}
    Response - Headers: {'date': 'Wed, 25 Mar 2026 20:44:23 GMT', 'server': 'Apache/2.4.58 (Ubuntu)', 'content-type': 'application/json', 'x-compute-request-id': 'req-72e27954-b70d-43f1-afac-f4d1a45cc2cb', 'content-length': '873', 'openstack-api-version': 'volume 3.50', 'vary': 'OpenStack-API-Version', 'x-openstack-request-id': 'req-72e27954-b70d-43f1-afac-f4d1a45cc2cb', 'connection': 'close', 'status': '202', 'content-location': 'http://10.201.9.223/volume/v3/volumes'}
        Body: b'{"volume": {"id": "09fe8fcc-25ec-4939-8d75-bcc2f2fa3455", "status": "creating", "size": 1, "availability_zone": "nova", "created_at": "2026-03-25T20:44:23.770571", "updated_at": null, "name": "tempest-VolumeRetypeMultiattachTest-Volume-493799443", "description": null, "volume_type": "tempest-VolumeRetypeMultiattachTest-volume-type-2063149636", "snapshot_id": null, "source_volid": null, "metadata": {}, "links": [{"rel": "self", "href": "http://10.201.9.223/volume/v3/volumes/09fe8fcc-25ec-4939-8d75-bcc2f2fa3455"}, {"rel": "bookmark", "href": "http://10.201.9.223/volume/volumes/09fe8fcc-25ec-4939-8d75-bcc2f2fa3455"}], "user_id": "4ad387a6fbce4e62a0d47920c4a43bb3", "bootable": "false", "encrypted": false, "replication_status": null, "consistencygroup_id": null, "multiattach": false, "attachments": [], "group_id": null, "shared_targets": true, "service_uuid": null}}'
2026-03-25 20:44:23,850 130085 INFO     [tempest.lib.common.rest_client] Request (VolumeRetypeMultiattachTest:test_volume_retype_multiattach): 200 GET http://10.201.9.223/volume/v3/volumes/09fe8fcc-25ec-4939-8d75-bcc2f2fa3455 0.020s
2026-03-25 20:44:23,851 130085 DEBUG    [tempest.lib.common.rest_client] Request - Headers: {'Content-Type': 'application/json', 'Accept': 'application/json', 'Openstack-Api-Version': 'volume 3.50', 'X-Auth-Token': '<omitted>'}
        Body: None
    Response - Headers: {'date': 'Wed, 25 Mar 2026 20:44:23 GMT', 'server': 'Apache/2.4.58 (Ubuntu)', 'content-type': 'application/json', 'x-compute-request-id': 'req-d57745a8-19af-4060-854f-c77313ca7750', 'content-length': '941', 'openstack-api-version': 'volume 3.50', 'vary': 'OpenStack-API-Version', 'x-openstack-request-id': 'req-d57745a8-19af-4060-854f-c77313ca7750', 'connection': 'close', 'status': '200', 'content-location': 'http://10.201.9.223/volume/v3/volumes/09fe8fcc-25ec-4939-8d75-bcc2f2fa3455'}
        Body: b'{"volume": {"id": "09fe8fcc-25ec-4939-8d75-bcc2f2fa3455", "status": "creating", "size": 1, "availability_zone": "nova", "created_at": "2026-03-25T20:44:24.000000", "updated_at": null, "name": "tempest-VolumeRetypeMultiattachTest-Volume-493799443", "description": null, "volume_type": "tempest-VolumeRetypeMultiattachTest-volume-type-2063149636", "snapshot_id": null, "source_volid": null, "metadata": {}, "links": [{"rel": "self", "href": "http://10.201.9.223/volume/v3/volumes/09fe8fcc-25ec-4939-8d75-bcc2f2fa3455"}, {"rel": "bookmark", "href": "http://10.201.9.223/volume/volumes/09fe8fcc-25ec-4939-8d75-bcc2f2fa3455"}], "user_id": "4ad387a6fbce4e62a0d47920c4a43bb3", "bootable": "false", "encrypted": false, "replication_status": null, "consistencygroup_id": null, "multiattach": false, "attachments": [], "group_id": null, "shared_targets": true, "service_uuid": null, "os-vol-tenant-attr:tenant_id": "2cf0d17bf9d84b19947f7a7faaeb6133"}}'
2026-03-25 20:44:24,888 130085 INFO     [tempest.lib.common.rest_client] Request (VolumeRetypeMultiattachTest:test_volume_retype_multiattach): 200 GET http://10.201.9.223/volu
    me/v3/volumes/09fe8fcc-25ec-4939-8d75-bcc2f2fa3455 0.032s
2026-03-25 20:44:24,888 130085 DEBUG    [tempest.lib.common.rest_client] Request - Headers: {'Content-Type': 'application/json', 'Accept': 'application/json', 'Openstack-Api-Version': 'volume 3.50', 'X-Auth-Token': '<omitted>'}
        Body: None
    Response - Headers: {'date': 'Wed, 25 Mar 2026 20:44:24 GMT', 'server': 'Apache/2.4.58 (Ubuntu)', 'content-type': 'application/json', 'x-compute-request-id': 'req-57922b87-8784-46ac-a2ed-8be5d0b24814', 'content-length': '962', 'openstack-api-version': 'volume 3.50', 'vary': 'OpenStack-API-Version', 'x-openstack-request-id': 'req-57922b87-8784-46ac-a2ed-8be5d0b24814', 'connection': 'close', 'status': '200', 'content-location': 'http://10.201.9.223/volume/v3/volumes/09fe8fcc-25ec-4939-8d75-bcc2f2fa3455'}
        Body: b'{"volume": {"id": "09fe8fcc-25ec-4939-8d75-bcc2f2fa3455", "status": "error", "size": 1, "availability_zone": "nova", "created_at": "2026-03-25T20:44:24.000000", "updated_at": "2026-03-25T20:44:24.000000", "name": "tempest-VolumeRetypeMultiattachTest-Volume-493799443", "description": null, "volume_type": "tempest-VolumeRetypeMultiattachTest-volume-type-2063149636", "snapshot_id": null, "source_volid": null, "metadata": {}, "links": [{"rel": "self", "href": "http://10.201.9.223/volume/v3/volumes/09fe8fcc-25ec-4939-8d75-bcc2f2fa3455"}, {"rel": "bookmark", "href": "http://10.201.9.223/volume/volumes/09fe8fcc-25ec-4939-8d75-bcc2f2fa3455"}], "user_id": "4ad387a6fbce4e62a0d47920c4a43bb3", "bootable": "false", "encrypted": false, "replication_status": null, "consistencygroup_id": null, "multiattach": false, "attachments": [], "group_id": null, "shared_targets": true, "service_uuid": null, "os-vol-tenant-attr:tenant_id": "2cf0d17bf9d84b19947f7a7faaeb6133"}}'
2026-03-25 20:44:24,922 130085 INFO     [tempest.lib.common.rest_client] Request (VolumeRetypeMultiattachTest:_run_cleanups): 200 GET http://10.201.9.223/volume/v3/volumes/09fe8fcc-25ec-4939-8d75-bcc2f2fa3455 0.021s
2026-03-25 20:44:24,922 130085 DEBUG    [tempest.lib.common.rest_client] Request - Headers: {'Content-Type': 'application/json', 'Accept': 'application/json', 'Openstack-Api-Version': 'volume 3.50', 'X-Auth-Token': '<omitted>'}
        Body: None
    Response - Headers: {'date': 'Wed, 25 Mar 2026 20:44:24 GMT', 'server': 'Apache/2.4.58 (Ubuntu)', 'content-type': 'application/json', 'x-compute-request-id': 'req-28ba9fe1-dc35-4f7c-84ad-480b7dfed332', 'content-length': '962', 'openstack-api-version': 'volume 3.50', 'vary': 'OpenStack-API-Version', 'x-openstack-request-id': 'req-28ba9fe1-dc35-4f7c-84ad-480b7dfed332', 'connection': 'close', 'status': '200', 'content-location': 'http://10.201.9.223/volume/v3/volumes/09fe8fcc-25ec-4939-8d75-bcc2f2fa3455'}
        Body: b'{"volume": {"id": "09fe8fcc-25ec-4939-8d75-bcc2f2fa3455", "status": "error", "size": 1, "availability_zone": "nova", "created_at": "2026-03-25T20:44:24.000000", "updated_at": "2026-03-25T20:44:24.000000", "name": "tempest-VolumeRetypeMultiattachTest-Volume-493799443", "description": null, "volume_type": "tempest-VolumeRetypeMultiattachTest-volume-type-2063149636", "snapshot_id": null, "source_volid": null, "metadata": {}, "links": [{"rel": "self", "href": "http://10.201.9.223/volume/v3/volumes/09fe8fcc-25ec-4939-8d75-bcc2f2fa3455"}, {"rel": "bookmark", "href": "http://10.201.9.223/volume/volumes/09fe8fcc-25ec-4939-8d75-bcc2f2fa3455"}], "user_id": "4ad387a6fbce4e62a0d47920c4a43bb3", "bootable": "false", "encrypted": false, "replication_status": null, "consistencygroup_id": null, "multiattach": false, "attachments": [], "group_id": null, "shared_targets": true, "service_uuid": null, "os-vol-tenant-attr:tenant_id": "2cf0d17bf9d84b19947f7a7faaeb6133"}}'
2026-03-25 20:44:24,991 130085 INFO     [tempest.lib.common.rest_client] Request (VolumeRetypeMultiattachTest:_run_cleanups): 202 DELETE http://10.201.9.223/volume/v3/volumes/09fe8fcc-25ec-4939-8d75-bcc2f2fa3455 0.064s
2026-03-25 20:44:24,991 130085 DEBUG    [tempest.lib.common.rest_client] Request - Headers: {'Content-Type': 'application/jso
    n', 'Accept': 'application/json', 'Openstack-Api-Version': 'volume 3.50', 'X-Auth-Token': '<omitted>'}
        Body: None
    Response - Headers: {'date': 'Wed, 25 Mar 2026 20:44:24 GMT', 'server': 'Apache/2.4.58 (Ubuntu)', 'content-length': '0', 'content-type': 'text/html; charset=UTF-8', 'openstack-api-version': 'volume 3.50', 'vary': 'OpenStack-API-Version', 'x-openstack-request-id': 'req-960b4165-76f2-4cb0-b4ab-d1d196ce6c30', 'connection': 'close', 'status': '202', 'content-location': 'http://10.201.9.223/volume/v3/volumes/09fe8fcc-25ec-4939-8d75-bcc2f2fa3455'}
        Body: b''
2026-03-25 20:44:25,003 130085 INFO     [tempest.lib.common.rest_client] Request (VolumeRetypeMultiattachTest:_run_cleanups): 404 GET http://10.201.9.223/volume/v3/volumes/09fe8fcc-25ec-4939-8d75-bcc2f2fa3455 0.012s
2026-03-25 20:44:25,004 130085 DEBUG    [tempest.lib.common.rest_client] Request - Headers: {'Content-Type': 'application/json', 'Accept': 'application/json', 'Openstack-Api-Version': 'volume 3.50', 'X-Auth-Token': '<omitted>'}
        Body: None
    Response - Headers: {'date': 'Wed, 25 Mar 2026 20:44:24 GMT', 'server': 'Apache/2.4.58 (Ubuntu)', 'openstack-api-version': 'volume 3.50', 'vary': 'OpenStack-API-Version', 'content-length': '109', 'content-type': 'application/json', 'x-compute-request-id': 'req-75c8e4f2-c706-4f50-8f7d-70bcbee3c3b0', 'x-openstack-request-id': 'req-75c8e4f2-c706-4f50-8f7d-70bcbee3c3b0', 'connection': 'close', 'status': '404', 'content-location': 'http://10.201.9.223/volume/v3/volumes/09fe8fcc-25ec-4939-8d75-bcc2f2fa3455'}
        Body: b'{"itemNotFound": {"code": 404, "message": "Volume 09fe8fcc-25ec-4939-8d75-bcc2f2fa3455 could not be found."}}'

{0} tempest.api.volume.******.test_volume_retype.VolumeRetypeWithoutMigrationTest.test_available_volume_retype [1.424507s] ... FAILED

Captured traceback:
~~~~~~~~~~~~~~~~~~~
    Traceback (most recent call last):

      File "/opt/stack/tempest/tempest/api/volume/******/test_volume_retype.py", line 203, in test_available_volume_retype
    src_vol = self.create_volume(volume_type=self.src_vol_type['name'])
              ^^^^^^^^^^^^^^^^^^^^^^^^^^^^^^^^^^^^^^^^^^^^^^^^^^^^^^^^^

      File "/opt/stack/tempest/tempest/api/volume/base.py", line 144, in create_volume
    waiters.wait_for_volume_resource_status(self.volumes_client,

      File "/opt/stack/tempest/tempest/common/waiters.py", line 379, in wait_for_volume_resource_status
    raise exceptions.VolumeResourceBuildErrorException(

    tempest.exceptions.VolumeResourceBuildErrorException: volume 6f05c73e-e9d7-49e0-ad4b-c2f727a6fd9b failed to build and is in ERROR status


Captured pythonlogging:
~~~~~~~~~~~~~~~~~~~~~~~
    2026-03-25 20:44:27,333 130085 INFO     [tempest.lib.common.rest_client] Request (VolumeRetypeWithoutMigrationTest:test_available_volume_retype): 202 POST http://10.201.9.223/volume/v3/volumes 0.217s
2026-03-25 20:44:27,333 130085 DEBUG    [tempest.lib.common.rest_client] Request - Headers: {'Content-Type': 'application/json', 'Accept': 'application/json', 'X-Auth-Token': '<omitted>'}
        Body: {"volume": {"volume_type": "volume-type-1", "size": 1, "name": "tempest-VolumeRetypeWithoutMigrationTest-Volume-1412518963"}}
    Response - Headers: {'date': 'Wed, 25 Mar 2026 20:44:27 GMT', 'server': 'Apache/2.4.58 (Ubuntu)', 'content-type': 'application/json', 'x-compute-request-id': 'req-e74858bd-4f6d-46cf-8208-dd22963717b7', 'content-length': '770', 'openstack-api-version': 'volume 3.0', 'vary': 'OpenStack-API-Version', 'x-openstack-request-id': 'req-e74858bd-4f6d-46cf-8208-dd22963717b7', 'connection': 'close', 'status': '202', 'content-location': 'http://10.201.9.223/volume/v3/volumes'}
        Body: b'{"volume": {"id": "6f05c73e-e9d7-49e0-ad4b-c2f727a6fd9b", "status": "creating", "size": 1, "availability_zone": "nova", "created_at": "2026-03-25T20:44:27.275272", "updated_at": null, "name": "tempest-VolumeRetypeWithoutMigrationTest-Volume-1412518963", "description": null, "volume_type": "volume-type-1", "snapshot_id": null, "source_volid": null, "metadata": {}, "links": [{"rel": "self", "href": "http://10.201.9.223/volume/v3/volumes/6f05c73e-e9d7-49e0-ad4b-c2f727a6fd9b"}, {"rel": "bookmark", "href": "http://10.201.9.223/volume/volumes/6f05c73e-e9d7-49e0-ad4b-c2f727a6fd9b"}], "user_id": "216e6cdbd05845718fbf1d3a197f9aa6", "bootable": "false", "encrypted": false, "replication_status": null, "consistencygroup_id": null, "multiattach": false, "attachments": []}}'
2026-03-25 20:44:27,363 130085 INFO     [tempest.lib.common.rest_client] Request (VolumeRetypeWithoutMigrationTest:test_available_volume_retype): 200 GET http://10.201.9.223/volume/v3/volumes/6f05c73e-e9d7-49e0-ad4b-c2f727a6fd9b 0.022s
2026-03-25 20:44:27,364 130085 DEBUG    [tempest.lib.common.rest_client] Request - Headers: {'Content-Type': 'application/json', 'Accept': 'application/json', 'X-Auth-Token': '<omitted>'}
        Body: None
    Response - Headers: {'date': 'Wed, 25 Mar 2026 20:44:27 GMT', 'server': 'Apache/2.4.58 (Ubuntu)', 'content-type': 'application/json', 'x-compute-request-id': 'req-6e973e71-5f20-4099-bd25-5c09952b8313', 'content-length': '838', 'openstack-api-version': 'volume 3.0', 'vary': 'OpenStack-API-Version', 'x-openstack-request-id': 'req-6e973e71-5f20-4099-bd25-5c09952b8313', 'connection': 'close', 'status': '200', 'content-location': 'http://10.201.9.223/volume/v3/volumes/6f05c73e-e9d7-49e0-ad4b-c2f727a6fd9b'}
        Body: b'{"volume": {"id": "6f05c73e-e9d7-49e0-ad4b-c2f727a6fd9b", "status": "creating", "size": 1, "availability_zone": "nova", "created_at": "2026-03-25T20:44:27.000000", "updated_at": null, "name": "tempest-VolumeRetypeWithoutMigrationTest-Volume-1412518963", "description": null, "volume_type": "volume-type-1", "snapshot_id": null, "source_volid": null, "metadata": {}, "links": [{"rel": "self", "href": "http://10.201.9.223/volume/v3/volumes/6f05c73e-e9d7-49e0-ad4b-c2f727a6fd9b"}, {"rel": "bookmark", "href": "http://10.201.9.223/volume/volumes/6f05c73e-e9d7-49e0-ad4b-c2f727a6fd9b"}], "user_id": "216e6cdbd05845718fbf1d3a197f9aa6", "bootable": "false", "encrypted": false, "replication_status": null, "consistencygroup_id": null, "multiattach": false, "attachments": [], "os-vol-tenant-attr:tenant_id": "0c808223353b4171b2d51807aac2ecc8"}}'
2026-03-25 20:44:28,405 130085 INFO     [tempest.lib.common.rest_client] Request (VolumeRetypeWithoutMigrationTest:test_available_volume_retype): 200 GET http://10.201.9.223/volume/v3/volumes/6f05c73e-e9d7-49e0-ad4b-c2f727a6fd9b 0.036s
2026-03-25 20:44:28,405 130085 DEBUG    [tempest.lib.common.rest_client] Request - Headers: {'Content-Type': 'application/json', 'Accept': 'application/json', 'X-Auth-Token': '<omitted>'}
        Body: None
    Response - Headers: {'date': 'Wed, 25 Mar 2026 20
    :44:28 GMT', 'server': 'Apache/2.4.58 (Ubuntu)', 'content-type': 'application/json', 'x-compute-request-id': 'req-eb3ecb07-bb02-4e61-b0bf-d1b83155bcce', 'content-length': '859', 'openstack-api-version': 'volume 3.0', 'vary': 'OpenStack-API-Version', 'x-openstack-request-id': 'req-eb3ecb07-bb02-4e61-b0bf-d1b83155bcce', 'connection': 'close', 'status': '200', 'content-location': 'http://10.201.9.223/volume/v3/volumes/6f05c73e-e9d7-49e0-ad4b-c2f727a6fd9b'}
        Body: b'{"volume": {"id": "6f05c73e-e9d7-49e0-ad4b-c2f727a6fd9b", "status": "error", "size": 1, "availability_zone": "nova", "created_at": "2026-03-25T20:44:27.000000", "updated_at": "2026-03-25T20:44:27.000000", "name": "tempest-VolumeRetypeWithoutMigrationTest-Volume-1412518963", "description": null, "volume_type": "volume-type-1", "snapshot_id": null, "source_volid": null, "metadata": {}, "links": [{"rel": "self", "href": "http://10.201.9.223/volume/v3/volumes/6f05c73e-e9d7-49e0-ad4b-c2f727a6fd9b"}, {"rel": "bookmark", "href": "http://10.201.9.223/volume/volumes/6f05c73e-e9d7-49e0-ad4b-c2f727a6fd9b"}], "user_id": "216e6cdbd05845718fbf1d3a197f9aa6", "bootable": "false", "encrypted": false, "replication_status": null, "consistencygroup_id": null, "multiattach": false, "attachments": [], "os-vol-tenant-attr:tenant_id": "0c808223353b4171b2d51807aac2ecc8"}}'
2026-03-25 20:44:28,444 130085 INFO     [tempest.lib.common.rest_client] Request (VolumeRetypeWithoutMigrationTest:_run_cleanups): 200 GET http://10.201.9.223/volume/v3/volumes/6f05c73e-e9d7-49e0-ad4b-c2f727a6fd9b 0.029s
2026-03-25 20:44:28,445 130085 DEBUG    [tempest.lib.common.rest_client] Request - Headers: {'Content-Type': 'application/json', 'Accept': 'application/json', 'X-Auth-Token': '<omitted>'}
        Body: None
    Response - Headers: {'date': 'Wed, 25 Mar 2026 20:44:28 GMT', 'server': 'Apache/2.4.58 (Ubuntu)', 'content-type': 'application/json', 'x-compute-request-id': 'req-2849fd05-542f-4595-9741-727deb5ebb6e', 'content-length': '859', 'openstack-api-version': 'volume 3.0', 'vary': 'OpenStack-API-Version', 'x-openstack-request-id': 'req-2849fd05-542f-4595-9741-727deb5ebb6e', 'connection': 'close', 'status': '200', 'content-location': 'http://10.201.9.223/volume/v3/volumes/6f05c73e-e9d7-49e0-ad4b-c2f727a6fd9b'}
        Body: b'{"volume": {"id": "6f05c73e-e9d7-49e0-ad4b-c2f727a6fd9b", "status": "error", "size": 1, "availability_zone": "nova", "created_at": "2026-03-25T20:44:27.000000", "updated_at": "2026-03-25T20:44:27.000000", "name": "tempest-VolumeRetypeWithoutMigrationTest-Volume-1412518963", "description": null, "volume_type": "volume-type-1", "snapshot_id": null, "source_volid": null, "metadata": {}, "links": [{"rel": "self", "href": "http://10.201.9.223/volume/v3/volumes/6f05c73e-e9d7-49e0-ad4b-c2f727a6fd9b"}, {"rel": "bookmark", "href": "http://10.201.9.223/volume/volumes/6f05c73e-e9d7-49e0-ad4b-c2f727a6fd9b"}], "user_id": "216e6cdbd05845718fbf1d3a197f9aa6", "bootable": "false", "encrypted": false, "replication_status": null, "consistencygroup_id": null, "multiattach": false, "attachments": [], "os-vol-tenant-attr:tenant_id": "0c808223353b4171b2d51807aac2ecc8"}}'
2026-03-25 20:44:28,519 130085 INFO     [tempest.lib.common.rest_client] Request (VolumeRetypeWithoutMigrationTest:_run_cleanups): 202 DELETE http://10.201.9.223/volume/v3/volumes/6f05c73e-e9d7-49e0-ad4b-c2f727a6fd9b 0.067s
2026-03-25 20:44:28,520 130085 DEBUG    [tempest.lib.common.rest_client] Request - Headers: {'Content-Type': 'application/json', 'Accept': 'application/json', 'X-Auth-Token': '<omitted>'}
        Body: None
    Response - Headers: {'date': 'Wed, 25 Mar 2026 20:44:28 GMT', 'server': 'Apache/2.4.58 (Ubuntu)', 'content-length': '0', 'content-type': 'text/html; charset=UTF-8', 'openstack-api-version': 'volume 3.0', 'vary': 'OpenStack-API-Version', 'x-openstack-request-id': 'req-c41896ac-038f-4c86-9645-4a41ea398f38', 'connection': 'close', 'status': '202', 'content-location': 'http://10.201.9.223/volume/v3/volumes/6f05c73e-e9d7-49e0-ad4b-c2f727a6fd9b'}
        Body: b''
2026-03-25 20:44:28,538 130085 INFO     [tempes
    t.lib.common.rest_client] Request (VolumeRetypeWithoutMigrationTest:_run_cleanups): 404 GET http://10.201.9.223/volume/v3/volumes/6f05c73e-e9d7-49e0-ad4b-c2f727a6fd9b 0.017s
2026-03-25 20:44:28,538 130085 DEBUG    [tempest.lib.common.rest_client] Request - Headers: {'Content-Type': 'application/json', 'Accept': 'application/json', 'X-Auth-Token': '<omitted>'}
        Body: None
    Response - Headers: {'date': 'Wed, 25 Mar 2026 20:44:28 GMT', 'server': 'Apache/2.4.58 (Ubuntu)', 'openstack-api-version': 'volume 3.0', 'vary': 'OpenStack-API-Version', 'content-length': '109', 'content-type': 'application/json', 'x-compute-request-id': 'req-5fd8bf6f-099a-4b22-beef-a908bb33e252', 'x-openstack-request-id': 'req-5fd8bf6f-099a-4b22-beef-a908bb33e252', 'connection': 'close', 'status': '404', 'content-location': 'http://10.201.9.223/volume/v3/volumes/6f05c73e-e9d7-49e0-ad4b-c2f727a6fd9b'}
        Body: b'{"itemNotFound": {"code": 404, "message": "Volume 6f05c73e-e9d7-49e0-ad4b-c2f727a6fd9b could not be found."}}'

{0} tempest.api.volume.******.test_volume_services.VolumesServicesTestJSON.test_get_service_by_host_name [0.017746s] ... ok
{0} tempest.api.volume.******.test_volume_services.VolumesServicesTestJSON.test_get_service_by_service_and_host_name [0.012985s] ... ok
{0} tempest.api.volume.******.test_volume_services.VolumesServicesTestJSON.test_get_service_by_service_binary_name [0.008764s] ... ok
{0} tempest.api.volume.******.test_volume_services.VolumesServicesTestJSON.test_get_service_by_volume_host_name [1.417689s] ... FAILED

Captured traceback:
~~~~~~~~~~~~~~~~~~~
    Traceback (most recent call last):

      File "/opt/stack/tempest/tempest/api/volume/******/test_volume_services.py", line 76, in test_get_service_by_volume_host_name
    volume_id = self.create_volume()['id']
                ^^^^^^^^^^^^^^^^^^^^

      File "/opt/stack/tempest/tempest/api/volume/base.py", line 144, in create_volume
    waiters.wait_for_volume_resource_status(self.volumes_client,

      File "/opt/stack/tempest/tempest/common/waiters.py", line 379, in wait_for_volume_resource_status
    raise exceptions.VolumeResourceBuildErrorException(

    tempest.exceptions.VolumeResourceBuildErrorException: volume 71e76e06-9ad8-4558-a4a4-4f375d34d67e failed to build and is in ERROR status


Captured pythonlogging:
~~~~~~~~~~~~~~~~~~~~~~~
    2026-03-25 20:44:30,791 130085 INFO     [tempest.lib.common.rest_client] Request (VolumesServicesTestJSON:test_get_service_by_volume_host_name): 202 POST http://10.201.9.223/volume/v3/volumes 0.205s
2026-03-25 20:44:30,791 130085 DEBUG    [tempest.lib.common.rest_client] Request - Headers: {'Content-Type': 'application/json', 'Accept': 'application/json', 'X-Auth-Token': '<omitted>'}
        Body: {"volume": {"size": 1, "name": "tempest-VolumesServicesTestJSON-Volume-456621632"}}
    Response - Headers: {'date': 'Wed, 25 Mar 2026 20:44:30 GMT', 'server': 'Apache/2.4.58 (Ubuntu)', 'content-type': 'application/json', 'x-compute-request-id': 'req-6324cc9e-318f-4c9f-aaca-ae4be3180299', 'content-length': '752', 'openstack-api-version': 'volume 3.0', 'vary': 'OpenStack-API-Version', 'x-openstack-request-id': 'req-6324cc9e-318f-4c9f-aaca-ae4be3180299', 'connection': 'close', 'status': '202', 'content-location': 'http://10.201.9.223/volume/v3/volumes'}
        Body: b'{"volume": {"id": "71e76e06-9ad8-4558-a4a4-4f375d34d67e", "status": "creating", "size": 1, "availability_zone": "nova", "created_at": "2026-03-25T20:44:30.744552", "updated_at": null, "name": "tempest-VolumesServicesTestJSON-Volume-456621632", "description": null, "volume_type": "3par1", "snapshot_id": null, "source_volid": null, "metadata": {}, "links": [{"rel": "self", "href": "http://10.201.9.223/volume/v3/volumes/71e76e06-9ad8-4558-a4a4-4f375d34d67e"}, {"rel": "bookmark", "href": "http://10.201.9.223/volume/volumes/71e76e06-9ad8-4558-a4a4-4f375d34d67e"}], "user_id": "60ba24e414814c0ba97cace3e19b7d37", "bootable": "false", "encrypted": false, "replication_status": null, "consistencygroup_id": null, "multiattach": false, "attachments": []}}'
2026-03-25 20:44:30,818 130085 INFO     [tempest.lib.common.rest_client] Request (VolumesServicesTestJSON:test_get_service_by_volume_host_name): 200 GET http://10.201.9.223/volume/v3/volumes/71e76e06-9ad8-4558-a4a4-4f375d34d67e 0.023s
2026-03-25 20:44:30,819 130085 DEBUG    [tempest.lib.common.rest_client] Request - Headers: {'Content-Type': 'application/json', 'Accept': 'application/json', 'X-Auth-Token': '<omitted>'}
        Body: None
    Response - Headers: {'date': 'Wed, 25 Mar 2026 20:44:30 GMT', 'server': 'Apache/2.4.58 (Ubuntu)', 'content-type': 'application/json', 'x-compute-request-id': 'req-e291a04e-2272-4876-9f05-abaa8b843208', 'content-length': '820', 'openstack-api-version': 'volume 3.0', 'vary': 'OpenStack-API-Version', 'x-openstack-request-id': 'req-e291a04e-2272-4876-9f05-abaa8b843208', 'connection': 'close', 'status': '200', 'content-location': 'http://10.201.9.223/volume/v3/volumes/71e76e06-9ad8-4558-a4a4-4f375d34d67e'}
        Body: b'{"volume": {"id": "71e76e06-9ad8-4558-a4a4-4f375d34d67e", "status": "creating", "size": 1, "availability_zone": "nova", "created_at": "2026-03-25T20:44:31.000000", "updated_at": null, "name": "tempest-VolumesServicesTestJSON-Volume-456621632", "description": null, "volume_type": "3par1", "snapshot_id": null, "source_volid": null, "metadata": {}, "links": [{"rel": "self", "href": "http://10.201.9.223/volume/v3/volumes/71e76e06-9ad8-4558-a4a4-4f375d34d67e"}, {"rel": "bookmark", "href": "http://10.201.9.223/volume/volumes/71e76e06-9ad8-4558-a4a4-4f375d34d67e"}], "user_id": "60ba24e414814c0ba97cace3e19b7d37", "bootable": "false", "encrypted": false, "replication_status": null, "consistencygroup_id": null, "multiattach": false, "attachments": [], "os-vol-tenant-attr:tenant_id": "2665d0f6ed5e42a0852372a43ad20f85"}}'
2026-03-25 20:44:31,870 130085 INFO     [tempest.lib.common.rest_client] Request (VolumesServicesTestJSON:test_get_service_by_volume_host_name): 200 GET http://10.201.9.223/volume/v3/volumes/71e76e06-9ad8-4558-a4a4-4f375d34d67e 0.039s
2026-03-25 20:44:31,871 130085 DEBUG    [tempest.lib.common.rest_client] Request - Headers: {'Content-Type': 'application/json', 'Accept': 'application/json', 'X-Auth-Token': '<omitted>'}
        Body: None
    Response - Headers: {'date': 'Wed, 25 Mar 2026 20:44:31 GMT', 'server': 'Apache/2.4.58 (Ubuntu)', 'content-type': 'application/jso
    n', 'x-compute-request-id': 'req-2ed47054-ac95-4fa7-a935-2fb57eabd159', 'content-length': '841', 'openstack-api-version': 'volume 3.0', 'vary': 'OpenStack-API-Version', 'x-openstack-request-id': 'req-2ed47054-ac95-4fa7-a935-2fb57eabd159', 'connection': 'close', 'status': '200', 'content-location': 'http://10.201.9.223/volume/v3/volumes/71e76e06-9ad8-4558-a4a4-4f375d34d67e'}
        Body: b'{"volume": {"id": "71e76e06-9ad8-4558-a4a4-4f375d34d67e", "status": "error", "size": 1, "availability_zone": "nova", "created_at": "2026-03-25T20:44:31.000000", "updated_at": "2026-03-25T20:44:31.000000", "name": "tempest-VolumesServicesTestJSON-Volume-456621632", "description": null, "volume_type": "3par1", "snapshot_id": null, "source_volid": null, "metadata": {}, "links": [{"rel": "self", "href": "http://10.201.9.223/volume/v3/volumes/71e76e06-9ad8-4558-a4a4-4f375d34d67e"}, {"rel": "bookmark", "href": "http://10.201.9.223/volume/volumes/71e76e06-9ad8-4558-a4a4-4f375d34d67e"}], "user_id": "60ba24e414814c0ba97cace3e19b7d37", "bootable": "false", "encrypted": false, "replication_status": null, "consistencygroup_id": null, "multiattach": false, "attachments": [], "os-vol-tenant-attr:tenant_id": "2665d0f6ed5e42a0852372a43ad20f85"}}'
2026-03-25 20:44:31,914 130085 INFO     [tempest.lib.common.rest_client] Request (VolumesServicesTestJSON:_run_cleanups): 200 GET http://10.201.9.223/volume/v3/volumes/71e76e06-9ad8-4558-a4a4-4f375d34d67e 0.031s
2026-03-25 20:44:31,914 130085 DEBUG    [tempest.lib.common.rest_client] Request - Headers: {'Content-Type': 'application/json', 'Accept': 'application/json', 'X-Auth-Token': '<omitted>'}
        Body: None
    Response - Headers: {'date': 'Wed, 25 Mar 2026 20:44:31 GMT', 'server': 'Apache/2.4.58 (Ubuntu)', 'content-type': 'application/json', 'x-compute-request-id': 'req-61a6c766-2a74-4f89-8c79-230adefbfc67', 'content-length': '841', 'openstack-api-version': 'volume 3.0', 'vary': 'OpenStack-API-Version', 'x-openstack-request-id': 'req-61a6c766-2a74-4f89-8c79-230adefbfc67', 'connection': 'close', 'status': '200', 'content-location': 'http://10.201.9.223/volume/v3/volumes/71e76e06-9ad8-4558-a4a4-4f375d34d67e'}
        Body: b'{"volume": {"id": "71e76e06-9ad8-4558-a4a4-4f375d34d67e", "status": "error", "size": 1, "availability_zone": "nova", "created_at": "2026-03-25T20:44:31.000000", "updated_at": "2026-03-25T20:44:31.000000", "name": "tempest-VolumesServicesTestJSON-Volume-456621632", "description": null, "volume_type": "3par1", "snapshot_id": null, "source_volid": null, "metadata": {}, "links": [{"rel": "self", "href": "http://10.201.9.223/volume/v3/volumes/71e76e06-9ad8-4558-a4a4-4f375d34d67e"}, {"rel": "bookmark", "href": "http://10.201.9.223/volume/volumes/71e76e06-9ad8-4558-a4a4-4f375d34d67e"}], "user_id": "60ba24e414814c0ba97cace3e19b7d37", "bootable": "false", "encrypted": false, "replication_status": null, "consistencygroup_id": null, "multiattach": false, "attachments": [], "os-vol-tenant-attr:tenant_id": "2665d0f6ed5e42a0852372a43ad20f85"}}'
2026-03-25 20:44:31,992 130085 INFO     [tempest.lib.common.rest_client] Request (VolumesServicesTestJSON:_run_cleanups): 202 DELETE http://10.201.9.223/volume/v3/volumes/71e76e06-9ad8-4558-a4a4-4f375d34d67e 0.071s
2026-03-25 20:44:31,992 130085 DEBUG    [tempest.lib.common.rest_client] Request - Headers: {'Content-Type': 'application/json', 'Accept': 'application/json', 'X-Auth-Token': '<omitted>'}
        Body: None
    Response - Headers: {'date': 'Wed, 25 Mar 2026 20:44:31 GMT', 'server': 'Apache/2.4.58 (Ubuntu)', 'content-length': '0', 'content-type': 'text/html; charset=UTF-8', 'openstack-api-version': 'volume 3.0', 'vary': 'OpenStack-API-Version', 'x-openstack-request-id': 'req-922b954d-e414-446e-934f-95d89f7c7862', 'connection': 'close', 'status': '202', 'content-location': 'http://10.201.9.223/volume/v3/volumes/71e76e06-9ad8-4558-a4a4-4f375d34d67e'}
        Body: b''
2026-03-25 20:44:32,002 130085 INFO     [tempest.lib.common.rest_client] Request (VolumesServicesTestJSON:_run_cleanups): 404 GET http://10.201.9.223/volume/v3/volumes/71e76e06-9ad8-
    4558-a4a4-4f375d34d67e 0.009s
2026-03-25 20:44:32,002 130085 DEBUG    [tempest.lib.common.rest_client] Request - Headers: {'Content-Type': 'application/json', 'Accept': 'application/json', 'X-Auth-Token': '<omitted>'}
        Body: None
    Response - Headers: {'date': 'Wed, 25 Mar 2026 20:44:31 GMT', 'server': 'Apache/2.4.58 (Ubuntu)', 'openstack-api-version': 'volume 3.0', 'vary': 'OpenStack-API-Version', 'content-length': '109', 'content-type': 'application/json', 'x-compute-request-id': 'req-b533ef53-6a5a-44f1-b72e-2ebed1506f7a', 'x-openstack-request-id': 'req-b533ef53-6a5a-44f1-b72e-2ebed1506f7a', 'connection': 'close', 'status': '404', 'content-location': 'http://10.201.9.223/volume/v3/volumes/71e76e06-9ad8-4558-a4a4-4f375d34d67e'}
        Body: b'{"itemNotFound": {"code": 404, "message": "Volume 71e76e06-9ad8-4558-a4a4-4f375d34d67e could not be found."}}'

{0} tempest.api.volume.******.test_volume_services.VolumesServicesTestJSON.test_list_services [0.017316s] ... ok
{0} tempest.api.volume.******.test_volume_services_negative.VolumeServicesNegativeTest.test_disable_log_reason_with_no_reason [0.006810s] ... ok
{0} tempest.api.volume.******.test_volume_services_negative.VolumeServicesNegativeTest.test_disable_service_with_invalid_binary [0.010318s] ... ok
{0} tempest.api.volume.******.test_volume_services_negative.VolumeServicesNegativeTest.test_enable_service_with_invalid_host [0.010730s] ... ok
{0} tempest.api.volume.******.test_volume_services_negative.VolumeServicesNegativeTest.test_freeze_host_with_invalid_host [0.010231s] ... ok
{0} tempest.api.volume.******.test_volume_services_negative.VolumeServicesNegativeTest.test_thaw_host_with_invalid_host [0.013790s] ... ok
{0} setUpClass (tempest.api.volume.******.test_volume_snapshot_quotas_negative.VolumeSnapshotQuotasNegativeTestJSON) [0.000000s] ... FAILED

Captured traceback:
~~~~~~~~~~~~~~~~~~~
    Traceback (most recent call last):

      File "/opt/stack/tempest/tempest/test.py", line 185, in setUpClass
    raise value.with_traceback(trace)

      File "/opt/stack/tempest/tempest/test.py", line 178, in setUpClass
    cls.resource_setup()

      File "/opt/stack/tempest/tempest/api/volume/******/test_volume_snapshot_quotas_negative.py", line 65, in resource_setup
    cls.volume = cls.create_volume()
                 ^^^^^^^^^^^^^^^^^^^

      File "/opt/stack/tempest/tempest/api/volume/base.py", line 144, in create_volume
    waiters.wait_for_volume_resource_status(self.volumes_client,

      File "/opt/stack/tempest/tempest/common/waiters.py", line 379, in wait_for_volume_resource_status
    raise exceptions.VolumeResourceBuildErrorException(

    tempest.exceptions.VolumeResourceBuildErrorException: volume ecb6967d-3326-47a8-b72f-cac74f7b68b0 failed to build and is in ERROR status

{0} tempest.api.volume.******.test_volume_type_access.VolumeTypesAccessTest.test_volume_type_access_add [1.594142s] ... FAILED

Captured traceback:
~~~~~~~~~~~~~~~~~~~
    Traceback (most recent call last):

      File "/opt/stack/tempest/tempest/api/volume/******/test_volume_type_access.py", line 51, in test_volume_type_access_add
    volume = self.create_volume(volume_type=volume_type['id'])
             ^^^^^^^^^^^^^^^^^^^^^^^^^^^^^^^^^^^^^^^^^^^^^^^^^

      File "/opt/stack/tempest/tempest/api/volume/base.py", line 144, in create_volume
    waiters.wait_for_volume_resource_status(self.volumes_client,

      File "/opt/stack/tempest/tempest/common/waiters.py", line 379, in wait_for_volume_resource_status
    raise exceptions.VolumeResourceBuildErrorException(

    tempest.exceptions.VolumeResourceBuildErrorException: volume 7c42e622-afe3-4ac6-9cf7-e8bfd30a1bf3 failed to build and is in ERROR status


Captured pythonlogging:
~~~~~~~~~~~~~~~~~~~~~~~
    2026-03-25 20:44:39,792 130085 INFO     [tempest.lib.common.rest_client] Request (VolumeTypesAccessTest:test_volume_type_access_add): 200 POST http://10.201.9.223/volume/v3/types 0.085s
2026-03-25 20:44:39,793 130085 DEBUG    [tempest.lib.common.rest_client] Request - Headers: {'Content-Type': 'application/json', 'Accept': 'application/json', 'X-Auth-Token': '<omitted>'}
        Body: {"volume_type": {"name": "tempest-VolumeTypesAccessTest-volume-type-1061342038", "os-volume-type-access:is_public": false}}
    Response - Headers: {'date': 'Wed, 25 Mar 2026 20:44:39 GMT', 'server': 'Apache/2.4.58 (Ubuntu)', 'content-type': 'application/json', 'x-compute-request-id': 'req-7023f6b5-de17-45c5-8565-74264a63cb94', 'content-length': '229', 'openstack-api-version': 'volume 3.0', 'vary': 'OpenStack-API-Version', 'x-openstack-request-id': 'req-7023f6b5-de17-45c5-8565-74264a63cb94', 'connection': 'close', 'status': '200', 'content-location': 'http://10.201.9.223/volume/v3/types'}
        Body: b'{"volume_type": {"id": "42f59218-3fe8-45f7-b478-57708f3e05f4", "name": "tempest-VolumeTypesAccessTest-volume-type-1061342038", "is_public": false, "extra_specs": {}, "description": null, "os-volume-type-access:is_public": false}}'
2026-03-25 20:44:39,871 130085 INFO     [tempest.lib.common.rest_client] Request (VolumeTypesAccessTest:test_volume_type_access_add): 404 POST http://10.201.9.223/volume/v3/volumes 0.077s
2026-03-25 20:44:39,871 130085 DEBUG    [tempest.lib.common.rest_client] Request - Headers: {'Content-Type': 'application/json', 'Accept': 'application/json', 'X-Auth-Token': '<omitted>'}
        Body: {"volume": {"volume_type": "42f59218-3fe8-45f7-b478-57708f3e05f4", "size": 1}}
    Response - Headers: {'date': 'Wed, 25 Mar 2026 20:44:39 GMT', 'server': 'Apache/2.4.58 (Ubuntu)', 'openstack-api-version': 'volume 3.0', 'vary': 'OpenStack-API-Version', 'content-length': '114', 'content-type': 'application/json', 'x-compute-request-id': 'req-638cded9-7401-47d4-9170-bd435767ec0e', 'x-openstack-request-id': 'req-638cded9-7401-47d4-9170-bd435767ec0e', 'connection': 'close', 'status': '404', 'content-location': 'http://10.201.9.223/volume/v3/volumes'}
        Body: b'{"itemNotFound": {"code": 404, "message": "Volume type 42f59218-3fe8-45f7-b478-57708f3e05f4 could not be found."}}'
2026-03-25 20:44:39,871 130085 WARNING  [tempest.lib.common.rest_client] Deprecated: "tenant_id" property is deprecated for removal, use "project_id" instead
2026-03-25 20:44:39,893 130085 INFO     [tempest.lib.common.rest_client] Request (VolumeTypesAccessTest:test_volume_type_access_add): 202 POST http://10.201.9.223/volume/v3/types/42f59218-3fe8-45f7-b478-57708f3e05f4/action 0.022s
2026-03-25 20:44:39,894 130085 DEBUG    [tempest.lib.common.rest_client] Request - Headers: {'Content-Type': 'application/json', 'Accept': 'application/json', 'X-Auth-Token': '<omitted>'}
        Body: {"addProjectAccess": {"project": "5e6d7512200b4f6b9d11e5b09215c3f3"}}
    Response - Headers: {'date': 'Wed, 25 Mar 2026 20:44:39 GMT', 'server': 'Apache/2.4.58 (Ubuntu)', 'content-length': '0', 'content-type': 'text/html; charset=UTF-8', 'openstack-api-version': 'volume 3.0', 'vary': 'OpenStack-API-Version', 'x-openstack-request-id': 'req-3dbdfe22-d967-423b-b5dc-6e943142960f', 'connection': 'close', 'status': '202', 'content-location': 'http://10.201.9.223/volume/v3/types/42f59218-3fe8-45f7-b478-57708f3e05f4/action'}
        Body: b''
2026-03-25 20:44:40,035 130085 INFO     [tempest.lib.common.rest_client] Request (VolumeTypesAccessTest:test_volume_type_access_add): 202 POST http://10.201.9.223/volume/v3/volumes 0.140s
2026-03-25 20:44:40,035 130085 DEBUG    [tempest.lib.common.rest_client] Request - Headers: {'Content-Type': 'application/json', 'Accept': 'application/json', 'X-Auth-Token': '<omitted>'}
        Body: {"volume": {"volume_type": "42f59218-3fe8-45f7-b478-57708f3e05f4", "size": 1, "name": "tempest-VolumeTypesAccessTest-Volume-1664158367"}}
    Response - Headers: {'date': 'Wed, 25 Mar 2026 20:44:39 GMT', 'server': 'Apache/2.4.58 (Ubuntu)', 'content-type': 'application
    /json', 'x-compute-request-id': 'req-786d7e35-b238-402c-b828-b70dc879b085', 'content-length': '798', 'openstack-api-version': 'volume 3.0', 'vary': 'OpenStack-API-Version', 'x-openstack-request-id': 'req-786d7e35-b238-402c-b828-b70dc879b085', 'connection': 'close', 'status': '202', 'content-location': 'http://10.201.9.223/volume/v3/volumes'}
        Body: b'{"volume": {"id": "7c42e622-afe3-4ac6-9cf7-e8bfd30a1bf3", "status": "creating", "size": 1, "availability_zone": "nova", "created_at": "2026-03-25T20:44:39.991300", "updated_at": null, "name": "tempest-VolumeTypesAccessTest-Volume-1664158367", "description": null, "volume_type": "tempest-VolumeTypesAccessTest-volume-type-1061342038", "snapshot_id": null, "source_volid": null, "metadata": {}, "links": [{"rel": "self", "href": "http://10.201.9.223/volume/v3/volumes/7c42e622-afe3-4ac6-9cf7-e8bfd30a1bf3"}, {"rel": "bookmark", "href": "http://10.201.9.223/volume/volumes/7c42e622-afe3-4ac6-9cf7-e8bfd30a1bf3"}], "user_id": "7c42811f1e174f929a58a0533c4803b0", "bootable": "false", "encrypted": false, "replication_status": null, "consistencygroup_id": null, "multiattach": false, "attachments": []}}'
2026-03-25 20:44:40,062 130085 INFO     [tempest.lib.common.rest_client] Request (VolumeTypesAccessTest:test_volume_type_access_add): 200 GET http://10.201.9.223/volume/v3/volumes/7c42e622-afe3-4ac6-9cf7-e8bfd30a1bf3 0.019s
2026-03-25 20:44:40,063 130085 DEBUG    [tempest.lib.common.rest_client] Request - Headers: {'Content-Type': 'application/json', 'Accept': 'application/json', 'X-Auth-Token': '<omitted>'}
        Body: None
    Response - Headers: {'date': 'Wed, 25 Mar 2026 20:44:40 GMT', 'server': 'Apache/2.4.58 (Ubuntu)', 'content-type': 'application/json', 'x-compute-request-id': 'req-ccbc9212-ecd1-437d-9142-a5a77743daa1', 'content-length': '866', 'openstack-api-version': 'volume 3.0', 'vary': 'OpenStack-API-Version', 'x-openstack-request-id': 'req-ccbc9212-ecd1-437d-9142-a5a77743daa1', 'connection': 'close', 'status': '200', 'content-location': 'http://10.201.9.223/volume/v3/volumes/7c42e622-afe3-4ac6-9cf7-e8bfd30a1bf3'}
        Body: b'{"volume": {"id": "7c42e622-afe3-4ac6-9cf7-e8bfd30a1bf3", "status": "creating", "size": 1, "availability_zone": "nova", "created_at": "2026-03-25T20:44:40.000000", "updated_at": null, "name": "tempest-VolumeTypesAccessTest-Volume-1664158367", "description": null, "volume_type": "tempest-VolumeTypesAccessTest-volume-type-1061342038", "snapshot_id": null, "source_volid": null, "metadata": {}, "links": [{"rel": "self", "href": "http://10.201.9.223/volume/v3/volumes/7c42e622-afe3-4ac6-9cf7-e8bfd30a1bf3"}, {"rel": "bookmark", "href": "http://10.201.9.223/volume/volumes/7c42e622-afe3-4ac6-9cf7-e8bfd30a1bf3"}], "user_id": "7c42811f1e174f929a58a0533c4803b0", "bootable": "false", "encrypted": false, "replication_status": null, "consistencygroup_id": null, "multiattach": false, "attachments": [], "os-vol-tenant-attr:tenant_id": "5e6d7512200b4f6b9d11e5b09215c3f3"}}'
2026-03-25 20:44:41,102 130085 INFO     [tempest.lib.common.rest_client] Request (VolumeTypesAccessTest:test_volume_type_access_add): 200 GET http://10.201.9.223/volume/v3/volumes/7c42e622-afe3-4ac6-9cf7-e8bfd30a1bf3 0.034s
2026-03-25 20:44:41,102 130085 DEBUG    [tempest.lib.common.rest_client] Request - Headers: {'Content-Type': 'application/json', 'Accept': 'application/json', 'X-Auth-Token': '<omitted>'}
        Body: None
    Response - Headers: {'date': 'Wed, 25 Mar 2026 20:44:41 GMT', 'server': 'Apache/2.4.58 (Ubuntu)', 'content-type': 'application/json', 'x-compute-request-id': 'req-86344823-b79b-4419-8adc-ca5bc9f57808', 'content-length': '887', 'openstack-api-version': 'volume 3.0', 'vary': 'OpenStack-API-Version', 'x-openstack-request-id': 'req-86344823-b79b-4419-8adc-ca5bc9f57808', 'connection': 'close', 'status': '200', 'content-location': 'http://10.201.9.223/volume/v3/volumes/7c42e622-afe3-4ac6-9cf7-e8bfd30a1bf3'}
        Body: b'{"volume": {"id": "7c42e622-afe3-4ac6-9cf7-e8bfd30a1bf3", "status": "error", "size": 1, "availability_zone": "nova", "created_at": "2026-03-25T20:44:40.
    000000", "updated_at": "2026-03-25T20:44:40.000000", "name": "tempest-VolumeTypesAccessTest-Volume-1664158367", "description": null, "volume_type": "tempest-VolumeTypesAccessTest-volume-type-1061342038", "snapshot_id": null, "source_volid": null, "metadata": {}, "links": [{"rel": "self", "href": "http://10.201.9.223/volume/v3/volumes/7c42e622-afe3-4ac6-9cf7-e8bfd30a1bf3"}, {"rel": "bookmark", "href": "http://10.201.9.223/volume/volumes/7c42e622-afe3-4ac6-9cf7-e8bfd30a1bf3"}], "user_id": "7c42811f1e174f929a58a0533c4803b0", "bootable": "false", "encrypted": false, "replication_status": null, "consistencygroup_id": null, "multiattach": false, "attachments": [], "os-vol-tenant-attr:tenant_id": "5e6d7512200b4f6b9d11e5b09215c3f3"}}'
2026-03-25 20:44:41,145 130085 INFO     [tempest.lib.common.rest_client] Request (VolumeTypesAccessTest:_run_cleanups): 200 GET http://10.201.9.223/volume/v3/volumes/7c42e622-afe3-4ac6-9cf7-e8bfd30a1bf3 0.029s
2026-03-25 20:44:41,145 130085 DEBUG    [tempest.lib.common.rest_client] Request - Headers: {'Content-Type': 'application/json', 'Accept': 'application/json', 'X-Auth-Token': '<omitted>'}
        Body: None
    Response - Headers: {'date': 'Wed, 25 Mar 2026 20:44:41 GMT', 'server': 'Apache/2.4.58 (Ubuntu)', 'content-type': 'application/json', 'x-compute-request-id': 'req-0f93124d-922a-4f8e-bb7a-d8655dcce0cb', 'content-length': '887', 'openstack-api-version': 'volume 3.0', 'vary': 'OpenStack-API-Version', 'x-openstack-request-id': 'req-0f93124d-922a-4f8e-bb7a-d8655dcce0cb', 'connection': 'close', 'status': '200', 'content-location': 'http://10.201.9.223/volume/v3/volumes/7c42e622-afe3-4ac6-9cf7-e8bfd30a1bf3'}
        Body: b'{"volume": {"id": "7c42e622-afe3-4ac6-9cf7-e8bfd30a1bf3", "status": "error", "size": 1, "availability_zone": "nova", "created_at": "2026-03-25T20:44:40.000000", "updated_at": "2026-03-25T20:44:40.000000", "name": "tempest-VolumeTypesAccessTest-Volume-1664158367", "description": null, "volume_type": "tempest-VolumeTypesAccessTest-volume-type-1061342038", "snapshot_id": null, "source_volid": null, "metadata": {}, "links": [{"rel": "self", "href": "http://10.201.9.223/volume/v3/volumes/7c42e622-afe3-4ac6-9cf7-e8bfd30a1bf3"}, {"rel": "bookmark", "href": "http://10.201.9.223/volume/volumes/7c42e622-afe3-4ac6-9cf7-e8bfd30a1bf3"}], "user_id": "7c42811f1e174f929a58a0533c4803b0", "bootable": "false", "encrypted": false, "replication_status": null, "consistencygroup_id": null, "multiattach": false, "attachments": [], "os-vol-tenant-attr:tenant_id": "5e6d7512200b4f6b9d11e5b09215c3f3"}}'
2026-03-25 20:44:41,225 130085 INFO     [tempest.lib.common.rest_client] Request (VolumeTypesAccessTest:_run_cleanups): 202 DELETE http://10.201.9.223/volume/v3/volumes/7c42e622-afe3-4ac6-9cf7-e8bfd30a1bf3 0.071s
2026-03-25 20:44:41,225 130085 DEBUG    [tempest.lib.common.rest_client] Request - Headers: {'Content-Type': 'application/json', 'Accept': 'application/json', 'X-Auth-Token': '<omitted>'}
        Body: None
    Response - Headers: {'date': 'Wed, 25 Mar 2026 20:44:41 GMT', 'server': 'Apache/2.4.58 (Ubuntu)', 'content-length': '0', 'content-type': 'text/html; charset=UTF-8', 'openstack-api-version': 'volume 3.0', 'vary': 'OpenStack-API-Version', 'x-openstack-request-id': 'req-6710a39b-ba63-4991-9721-947571699192', 'connection': 'close', 'status': '202', 'content-location': 'http://10.201.9.223/volume/v3/volumes/7c42e622-afe3-4ac6-9cf7-e8bfd30a1bf3'}
        Body: b''
2026-03-25 20:44:41,241 130085 INFO     [tempest.lib.common.rest_client] Request (VolumeTypesAccessTest:_run_cleanups): 404 GET http://10.201.9.223/volume/v3/volumes/7c42e622-afe3-4ac6-9cf7-e8bfd30a1bf3 0.015s
2026-03-25 20:44:41,241 130085 DEBUG    [tempest.lib.common.rest_client] Request - Headers: {'Content-Type': 'application/json', 'Accept': 'application/json', 'X-Auth-Token': '<omitted>'}
        Body: None
    Response - Headers: {'date': 'Wed, 25 Mar 2026 20:44:41 GMT', 'server': 'Apache/2.4.58 (Ubuntu)', 'openstack-api-version': 'volume 3.0', 'vary': 'OpenStack-API-Version', 'content-length': '109', 'content-type': 'applic
    ation/json', 'x-compute-request-id': 'req-2e1ca1bd-1ed7-43af-bd99-17d26bdcdc29', 'x-openstack-request-id': 'req-2e1ca1bd-1ed7-43af-bd99-17d26bdcdc29', 'connection': 'close', 'status': '404', 'content-location': 'http://10.201.9.223/volume/v3/volumes/7c42e622-afe3-4ac6-9cf7-e8bfd30a1bf3'}
        Body: b'{"itemNotFound": {"code": 404, "message": "Volume 7c42e622-afe3-4ac6-9cf7-e8bfd30a1bf3 could not be found."}}'
2026-03-25 20:44:41,261 130085 INFO     [tempest.lib.common.rest_client] Request (VolumeTypesAccessTest:_run_cleanups): 202 POST http://10.201.9.223/volume/v3/types/42f59218-3fe8-45f7-b478-57708f3e05f4/action 0.020s
2026-03-25 20:44:41,261 130085 DEBUG    [tempest.lib.common.rest_client] Request - Headers: {'Content-Type': 'application/json', 'Accept': 'application/json', 'X-Auth-Token': '<omitted>'}
        Body: {"removeProjectAccess": {"project": "5e6d7512200b4f6b9d11e5b09215c3f3"}}
    Response - Headers: {'date': 'Wed, 25 Mar 2026 20:44:41 GMT', 'server': 'Apache/2.4.58 (Ubuntu)', 'content-length': '0', 'content-type': 'text/html; charset=UTF-8', 'openstack-api-version': 'volume 3.0', 'vary': 'OpenStack-API-Version', 'x-openstack-request-id': 'req-6b2fe1a2-b02e-4db1-ba81-a2636915a125', 'connection': 'close', 'status': '202', 'content-location': 'http://10.201.9.223/volume/v3/types/42f59218-3fe8-45f7-b478-57708f3e05f4/action'}
        Body: b''
2026-03-25 20:44:41,290 130085 INFO     [tempest.lib.common.rest_client] Request (VolumeTypesAccessTest:_run_cleanups): 202 DELETE http://10.201.9.223/volume/v3/types/42f59218-3fe8-45f7-b478-57708f3e05f4 0.028s
2026-03-25 20:44:41,290 130085 DEBUG    [tempest.lib.common.rest_client] Request - Headers: {'Content-Type': 'application/json', 'Accept': 'application/json', 'X-Auth-Token': '<omitted>'}
        Body: None
    Response - Headers: {'date': 'Wed, 25 Mar 2026 20:44:41 GMT', 'server': 'Apache/2.4.58 (Ubuntu)', 'content-length': '0', 'content-type': 'text/html; charset=UTF-8', 'openstack-api-version': 'volume 3.0', 'vary': 'OpenStack-API-Version', 'x-openstack-request-id': 'req-21cbbc88-9377-4693-af65-c8fad92a6eb2', 'connection': 'close', 'status': '202', 'content-location': 'http://10.201.9.223/volume/v3/types/42f59218-3fe8-45f7-b478-57708f3e05f4'}
        Body: b''
2026-03-25 20:44:41,300 130085 INFO     [tempest.lib.common.rest_client] Request (VolumeTypesAccessTest:_run_cleanups): 404 GET http://10.201.9.223/volume/v3/types/42f59218-3fe8-45f7-b478-57708f3e05f4 0.010s
2026-03-25 20:44:41,300 130085 DEBUG    [tempest.lib.common.rest_client] Request - Headers: {'Content-Type': 'application/json', 'Accept': 'application/json', 'X-Auth-Token': '<omitted>'}
        Body: None
    Response - Headers: {'date': 'Wed, 25 Mar 2026 20:44:41 GMT', 'server': 'Apache/2.4.58 (Ubuntu)', 'openstack-api-version': 'volume 3.0', 'vary': 'OpenStack-API-Version', 'content-length': '114', 'content-type': 'application/json', 'x-compute-request-id': 'req-514ddec4-69bf-44fc-898c-8d71899896c2', 'x-openstack-request-id': 'req-514ddec4-69bf-44fc-898c-8d71899896c2', 'connection': 'close', 'status': '404', 'content-location': 'http://10.201.9.223/volume/v3/types/42f59218-3fe8-45f7-b478-57708f3e05f4'}
        Body: b'{"itemNotFound": {"code": 404, "message": "Volume type 42f59218-3fe8-45f7-b478-57708f3e05f4 could not be found."}}'

{0} tempest.api.volume.******.test_volume_type_access.VolumeTypesAccessTest.test_volume_type_access_list [0.162074s] ... ok
{0} tempest.api.volume.******.test_volume_types.VolumeTypesTest.test_volume_crud_with_volume_type_and_extra_specs [1.587554s] ... FAILED

Captured traceback:
~~~~~~~~~~~~~~~~~~~
    Traceback (most recent call last):

      File "/opt/stack/tempest/tempest/api/volume/******/test_volume_types.py", line 56, in test_volume_crud_with_volume_type_and_extra_specs
    volume = self.create_volume(**params)
             ^^^^^^^^^^^^^^^^^^^^^^^^^^^^

      File "/opt/stack/tempest/tempest/api/volume/base.py", line 144, in create_volume
    waiters.wait_for_volume_resource_status(self.volumes_client,

      File "/opt/stack/tempest/tempest/common/waiters.py", line 379, in wait_for_volume_resource_status
    raise exceptions.VolumeResourceBuildErrorException(

    tempest.exceptions.VolumeResourceBuildErrorException: volume de3c0ec0-55dd-41e2-8a3d-78108f25e89f failed to build and is in ERROR status


Captured pythonlogging:
~~~~~~~~~~~~~~~~~~~~~~~
    2026-03-25 20:44:43,892 130085 INFO     [tempest.lib.common.rest_client] Request (VolumeTypesTest:test_volume_crud_with_volume_type_and_extra_specs): 200 POST http://10.201.9.223/volume/v3/types 0.077s
2026-03-25 20:44:43,892 130085 DEBUG    [tempest.lib.common.rest_client] Request - Headers: {'Content-Type': 'application/json', 'Accept': 'application/json', 'X-Auth-Token': '<omitted>'}
        Body: {"volume_type": {"name": "tempest-VolumeTypesTest-volume-type-1167295827", "extra_specs": {"storage_protocol": "iSCSI", "vendor_name": "Hewlett Packard Enterprise"}}}
    Response - Headers: {'date': 'Wed, 25 Mar 2026 20:44:43 GMT', 'server': 'Apache/2.4.58 (Ubuntu)', 'content-type': 'application/json', 'x-compute-request-id': 'req-8d250089-22e9-4540-84a8-e9cc654f2ee2', 'content-length': '293', 'openstack-api-version': 'volume 3.0', 'vary': 'OpenStack-API-Version', 'x-openstack-request-id': 'req-8d250089-22e9-4540-84a8-e9cc654f2ee2', 'connection': 'close', 'status': '200', 'content-location': 'http://10.201.9.223/volume/v3/types'}
        Body: b'{"volume_type": {"id": "d168468b-388b-4df5-b9b1-750c86863a03", "name": "tempest-VolumeTypesTest-volume-type-1167295827", "is_public": true, "extra_specs": {"storage_protocol": "iSCSI", "vendor_name": "Hewlett Packard Enterprise"}, "description": null, "os-volume-type-access:is_public": true}}'
2026-03-25 20:44:43,920 130085 INFO     [tempest.lib.common.rest_client] Request (VolumeTypesTest:test_volume_crud_with_volume_type_and_extra_specs): 200 POST http://10.201.9.223/volume/v3/types 0.027s
2026-03-25 20:44:43,920 130085 DEBUG    [tempest.lib.common.rest_client] Request - Headers: {'Content-Type': 'application/json', 'Accept': 'application/json', 'X-Auth-Token': '<omitted>'}
        Body: {"volume_type": {"name": "tempest-VolumeTypesTest-volume-type-1734668957", "extra_specs": {"storage_protocol": "iSCSI", "vendor_name": "Hewlett Packard Enterprise"}}}
    Response - Headers: {'date': 'Wed, 25 Mar 2026 20:44:43 GMT', 'server': 'Apache/2.4.58 (Ubuntu)', 'content-type': 'application/json', 'x-compute-request-id': 'req-7dc69ae8-1f15-43d3-8a21-2cf5ed15afe4', 'content-length': '293', 'openstack-api-version': 'volume 3.0', 'vary': 'OpenStack-API-Version', 'x-openstack-request-id': 'req-7dc69ae8-1f15-43d3-8a21-2cf5ed15afe4', 'connection': 'close', 'status': '200', 'content-location': 'http://10.201.9.223/volume/v3/types'}
        Body: b'{"volume_type": {"id": "2ce4b0c8-25a9-4054-9a08-9fb3d7e64f0d", "name": "tempest-VolumeTypesTest-volume-type-1734668957", "is_public": true, "extra_specs": {"storage_protocol": "iSCSI", "vendor_name": "Hewlett Packard Enterprise"}, "description": null, "os-volume-type-access:is_public": true}}'
2026-03-25 20:44:44,111 130085 INFO     [tempest.lib.common.rest_client] Request (VolumeTypesTest:test_volume_crud_with_volume_type_and_extra_specs): 202 POST http://10.201.9.223/volume/v3/volumes 0.189s
2026-03-25 20:44:44,111 130085 DEBUG    [tempest.lib.common.rest_client] Request - Headers: {'Content-Type': 'application/json', 'Accept': 'application/json', 'X-Auth-Token': '<omitted>'}
        Body: {"volume": {"name": "tempest-VolumeTypesTest-volume-1277719807", "volume_type": "d168468b-388b-4df5-b9b1-750c86863a03", "size": 1}}
    Response - Headers: {'date': 'Wed, 25 Mar 2026 20:44:43 GMT', 'server': 'Apache/2.4.58 (Ubuntu)', 'content-type': 'application/json', 'x-compute-request-id': 'req-98677e66-a6f3-4013-847f-f9fb9f97da78', 'content-length': '786', 'openstack-api-version': 'volume 3.0', 'vary': 'OpenStack-API-Version', 'x-openstack-request-id': 'req-98677e66-a6f3-4013-847f-f9fb9f97da78', 'connection': 'close', 'status': '202', 'content-location': 'http://10.201.9.223/volume/v3/volumes'}
        Body: b'{"volume": {"id": "de3c0ec0-55dd-41e2-8a3d-78108f25e89f", "status": "creating", "size": 1, "availability_zone": "nova", "created_at": "2026-03-25T20:44:44.065352", "updated_at": null, "name": "tempest-VolumeTypesTest-volume-1277719807", "description": null, "volume_type": "tempest-VolumeTypesTest-volume-type-1167295827", "snapshot_id": null, "source_volid": 
    null, "metadata": {}, "links": [{"rel": "self", "href": "http://10.201.9.223/volume/v3/volumes/de3c0ec0-55dd-41e2-8a3d-78108f25e89f"}, {"rel": "bookmark", "href": "http://10.201.9.223/volume/volumes/de3c0ec0-55dd-41e2-8a3d-78108f25e89f"}], "user_id": "bb11b7e8d5b64d7690f65c7932bc83f5", "bootable": "false", "encrypted": false, "replication_status": null, "consistencygroup_id": null, "multiattach": false, "attachments": []}}'
2026-03-25 20:44:44,146 130085 INFO     [tempest.lib.common.rest_client] Request (VolumeTypesTest:test_volume_crud_with_volume_type_and_extra_specs): 200 GET http://10.201.9.223/volume/v3/volumes/de3c0ec0-55dd-41e2-8a3d-78108f25e89f 0.029s
2026-03-25 20:44:44,146 130085 DEBUG    [tempest.lib.common.rest_client] Request - Headers: {'Content-Type': 'application/json', 'Accept': 'application/json', 'X-Auth-Token': '<omitted>'}
        Body: None
    Response - Headers: {'date': 'Wed, 25 Mar 2026 20:44:44 GMT', 'server': 'Apache/2.4.58 (Ubuntu)', 'content-type': 'application/json', 'x-compute-request-id': 'req-4aa4d1f0-f2a3-4411-85b3-ae35c2b0fe87', 'content-length': '854', 'openstack-api-version': 'volume 3.0', 'vary': 'OpenStack-API-Version', 'x-openstack-request-id': 'req-4aa4d1f0-f2a3-4411-85b3-ae35c2b0fe87', 'connection': 'close', 'status': '200', 'content-location': 'http://10.201.9.223/volume/v3/volumes/de3c0ec0-55dd-41e2-8a3d-78108f25e89f'}
        Body: b'{"volume": {"id": "de3c0ec0-55dd-41e2-8a3d-78108f25e89f", "status": "creating", "size": 1, "availability_zone": "nova", "created_at": "2026-03-25T20:44:44.000000", "updated_at": null, "name": "tempest-VolumeTypesTest-volume-1277719807", "description": null, "volume_type": "tempest-VolumeTypesTest-volume-type-1167295827", "snapshot_id": null, "source_volid": null, "metadata": {}, "links": [{"rel": "self", "href": "http://10.201.9.223/volume/v3/volumes/de3c0ec0-55dd-41e2-8a3d-78108f25e89f"}, {"rel": "bookmark", "href": "http://10.201.9.223/volume/volumes/de3c0ec0-55dd-41e2-8a3d-78108f25e89f"}], "user_id": "bb11b7e8d5b64d7690f65c7932bc83f5", "bootable": "false", "encrypted": false, "replication_status": null, "consistencygroup_id": null, "multiattach": false, "attachments": [], "os-vol-tenant-attr:tenant_id": "c4659e5553d34902acb9ae34c9e1cd84"}}'
2026-03-25 20:44:45,185 130085 INFO     [tempest.lib.common.rest_client] Request (VolumeTypesTest:test_volume_crud_with_volume_type_and_extra_specs): 200 GET http://10.201.9.223/volume/v3/volumes/de3c0ec0-55dd-41e2-8a3d-78108f25e89f 0.033s
2026-03-25 20:44:45,185 130085 DEBUG    [tempest.lib.common.rest_client] Request - Headers: {'Content-Type': 'application/json', 'Accept': 'application/json', 'X-Auth-Token': '<omitted>'}
        Body: None
    Response - Headers: {'date': 'Wed, 25 Mar 2026 20:44:45 GMT', 'server': 'Apache/2.4.58 (Ubuntu)', 'content-type': 'application/json', 'x-compute-request-id': 'req-2ce46ca7-d5b9-4149-9694-45fae4e4e3c0', 'content-length': '875', 'openstack-api-version': 'volume 3.0', 'vary': 'OpenStack-API-Version', 'x-openstack-request-id': 'req-2ce46ca7-d5b9-4149-9694-45fae4e4e3c0', 'connection': 'close', 'status': '200', 'content-location': 'http://10.201.9.223/volume/v3/volumes/de3c0ec0-55dd-41e2-8a3d-78108f25e89f'}
        Body: b'{"volume": {"id": "de3c0ec0-55dd-41e2-8a3d-78108f25e89f", "status": "error", "size": 1, "availability_zone": "nova", "created_at": "2026-03-25T20:44:44.000000", "updated_at": "2026-03-25T20:44:44.000000", "name": "tempest-VolumeTypesTest-volume-1277719807", "description": null, "volume_type": "tempest-VolumeTypesTest-volume-type-1167295827", "snapshot_id": null, "source_volid": null, "metadata": {}, "links": [{"rel": "self", "href": "http://10.201.9.223/volume/v3/volumes/de3c0ec0-55dd-41e2-8a3d-78108f25e89f"}, {"rel": "bookmark", "href": "http://10.201.9.223/volume/volumes/de3c0ec0-55dd-41e2-8a3d-78108f25e89f"}], "user_id": "bb11b7e8d5b64d7690f65c7932bc83f5", "bootable": "false", "encrypted": false, "replication_status": null, "consistencygroup_id": null, "multiattach": false, "attachments": [], "os-vol-tenant-attr:tenant_id": "c4659e5553d34902acb9ae34
    c9e1cd84"}}'
2026-03-25 20:44:45,220 130085 INFO     [tempest.lib.common.rest_client] Request (VolumeTypesTest:_run_cleanups): 200 GET http://10.201.9.223/volume/v3/volumes/de3c0ec0-55dd-41e2-8a3d-78108f25e89f 0.023s
2026-03-25 20:44:45,220 130085 DEBUG    [tempest.lib.common.rest_client] Request - Headers: {'Content-Type': 'application/json', 'Accept': 'application/json', 'X-Auth-Token': '<omitted>'}
        Body: None
    Response - Headers: {'date': 'Wed, 25 Mar 2026 20:44:45 GMT', 'server': 'Apache/2.4.58 (Ubuntu)', 'content-type': 'application/json', 'x-compute-request-id': 'req-cd0fb247-6456-4618-9630-a18fe4e39898', 'content-length': '875', 'openstack-api-version': 'volume 3.0', 'vary': 'OpenStack-API-Version', 'x-openstack-request-id': 'req-cd0fb247-6456-4618-9630-a18fe4e39898', 'connection': 'close', 'status': '200', 'content-location': 'http://10.201.9.223/volume/v3/volumes/de3c0ec0-55dd-41e2-8a3d-78108f25e89f'}
        Body: b'{"volume": {"id": "de3c0ec0-55dd-41e2-8a3d-78108f25e89f", "status": "error", "size": 1, "availability_zone": "nova", "created_at": "2026-03-25T20:44:44.000000", "updated_at": "2026-03-25T20:44:44.000000", "name": "tempest-VolumeTypesTest-volume-1277719807", "description": null, "volume_type": "tempest-VolumeTypesTest-volume-type-1167295827", "snapshot_id": null, "source_volid": null, "metadata": {}, "links": [{"rel": "self", "href": "http://10.201.9.223/volume/v3/volumes/de3c0ec0-55dd-41e2-8a3d-78108f25e89f"}, {"rel": "bookmark", "href": "http://10.201.9.223/volume/volumes/de3c0ec0-55dd-41e2-8a3d-78108f25e89f"}], "user_id": "bb11b7e8d5b64d7690f65c7932bc83f5", "bootable": "false", "encrypted": false, "replication_status": null, "consistencygroup_id": null, "multiattach": false, "attachments": [], "os-vol-tenant-attr:tenant_id": "c4659e5553d34902acb9ae34c9e1cd84"}}'
2026-03-25 20:44:45,294 130085 INFO     [tempest.lib.common.rest_client] Request (VolumeTypesTest:_run_cleanups): 202 DELETE http://10.201.9.223/volume/v3/volumes/de3c0ec0-55dd-41e2-8a3d-78108f25e89f 0.070s
2026-03-25 20:44:45,295 130085 DEBUG    [tempest.lib.common.rest_client] Request - Headers: {'Content-Type': 'application/json', 'Accept': 'application/json', 'X-Auth-Token': '<omitted>'}
        Body: None
    Response - Headers: {'date': 'Wed, 25 Mar 2026 20:44:45 GMT', 'server': 'Apache/2.4.58 (Ubuntu)', 'content-length': '0', 'content-type': 'text/html; charset=UTF-8', 'openstack-api-version': 'volume 3.0', 'vary': 'OpenStack-API-Version', 'x-openstack-request-id': 'req-86fc6e31-4331-4100-bd1f-7ad6353adfcd', 'connection': 'close', 'status': '202', 'content-location': 'http://10.201.9.223/volume/v3/volumes/de3c0ec0-55dd-41e2-8a3d-78108f25e89f'}
        Body: b''
2026-03-25 20:44:45,310 130085 INFO     [tempest.lib.common.rest_client] Request (VolumeTypesTest:_run_cleanups): 404 GET http://10.201.9.223/volume/v3/volumes/de3c0ec0-55dd-41e2-8a3d-78108f25e89f 0.015s
2026-03-25 20:44:45,311 130085 DEBUG    [tempest.lib.common.rest_client] Request - Headers: {'Content-Type': 'application/json', 'Accept': 'application/json', 'X-Auth-Token': '<omitted>'}
        Body: None
    Response - Headers: {'date': 'Wed, 25 Mar 2026 20:44:45 GMT', 'server': 'Apache/2.4.58 (Ubuntu)', 'openstack-api-version': 'volume 3.0', 'vary': 'OpenStack-API-Version', 'content-length': '109', 'content-type': 'application/json', 'x-compute-request-id': 'req-a475d333-2929-4081-9caf-b305acb4915d', 'x-openstack-request-id': 'req-a475d333-2929-4081-9caf-b305acb4915d', 'connection': 'close', 'status': '404', 'content-location': 'http://10.201.9.223/volume/v3/volumes/de3c0ec0-55dd-41e2-8a3d-78108f25e89f'}
        Body: b'{"itemNotFound": {"code": 404, "message": "Volume de3c0ec0-55dd-41e2-8a3d-78108f25e89f could not be found."}}'
2026-03-25 20:44:45,342 130085 INFO     [tempest.lib.common.rest_client] Request (VolumeTypesTest:_run_cleanups): 202 DELETE http://10.201.9.223/volume/v3/types/2ce4b0c8-25a9-4054-9a08-9fb3d7e64f0d 0.031s
2026-03-25 20:44:45,343 130085 DEBUG    [tempest.lib.common.rest_client] Request - Headers: {'Content-Type': 'application/json', 'Acc
    ept': 'application/json', 'X-Auth-Token': '<omitted>'}
        Body: None
    Response - Headers: {'date': 'Wed, 25 Mar 2026 20:44:45 GMT', 'server': 'Apache/2.4.58 (Ubuntu)', 'content-length': '0', 'content-type': 'text/html; charset=UTF-8', 'openstack-api-version': 'volume 3.0', 'vary': 'OpenStack-API-Version', 'x-openstack-request-id': 'req-b87d0116-3724-4b6d-a13d-ea5059cf79df', 'connection': 'close', 'status': '202', 'content-location': 'http://10.201.9.223/volume/v3/types/2ce4b0c8-25a9-4054-9a08-9fb3d7e64f0d'}
        Body: b''
2026-03-25 20:44:45,358 130085 INFO     [tempest.lib.common.rest_client] Request (VolumeTypesTest:_run_cleanups): 404 GET http://10.201.9.223/volume/v3/types/2ce4b0c8-25a9-4054-9a08-9fb3d7e64f0d 0.014s
2026-03-25 20:44:45,358 130085 DEBUG    [tempest.lib.common.rest_client] Request - Headers: {'Content-Type': 'application/json', 'Accept': 'application/json', 'X-Auth-Token': '<omitted>'}
        Body: None
    Response - Headers: {'date': 'Wed, 25 Mar 2026 20:44:45 GMT', 'server': 'Apache/2.4.58 (Ubuntu)', 'openstack-api-version': 'volume 3.0', 'vary': 'OpenStack-API-Version', 'content-length': '114', 'content-type': 'application/json', 'x-compute-request-id': 'req-4759f7b9-584a-4d90-952d-a0c56f9c8424', 'x-openstack-request-id': 'req-4759f7b9-584a-4d90-952d-a0c56f9c8424', 'connection': 'close', 'status': '404', 'content-location': 'http://10.201.9.223/volume/v3/types/2ce4b0c8-25a9-4054-9a08-9fb3d7e64f0d'}
        Body: b'{"itemNotFound": {"code": 404, "message": "Volume type 2ce4b0c8-25a9-4054-9a08-9fb3d7e64f0d could not be found."}}'
2026-03-25 20:44:45,388 130085 INFO     [tempest.lib.common.rest_client] Request (VolumeTypesTest:_run_cleanups): 202 DELETE http://10.201.9.223/volume/v3/types/d168468b-388b-4df5-b9b1-750c86863a03 0.029s
2026-03-25 20:44:45,388 130085 DEBUG    [tempest.lib.common.rest_client] Request - Headers: {'Content-Type': 'application/json', 'Accept': 'application/json', 'X-Auth-Token': '<omitted>'}
        Body: None
    Response - Headers: {'date': 'Wed, 25 Mar 2026 20:44:45 GMT', 'server': 'Apache/2.4.58 (Ubuntu)', 'content-length': '0', 'content-type': 'text/html; charset=UTF-8', 'openstack-api-version': 'volume 3.0', 'vary': 'OpenStack-API-Version', 'x-openstack-request-id': 'req-bd37ac52-4de1-4d99-8040-60975d3964e2', 'connection': 'close', 'status': '202', 'content-location': 'http://10.201.9.223/volume/v3/types/d168468b-388b-4df5-b9b1-750c86863a03'}
        Body: b''
2026-03-25 20:44:45,401 130085 INFO     [tempest.lib.common.rest_client] Request (VolumeTypesTest:_run_cleanups): 404 GET http://10.201.9.223/volume/v3/types/d168468b-388b-4df5-b9b1-750c86863a03 0.012s
2026-03-25 20:44:45,401 130085 DEBUG    [tempest.lib.common.rest_client] Request - Headers: {'Content-Type': 'application/json', 'Accept': 'application/json', 'X-Auth-Token': '<omitted>'}
        Body: None
    Response - Headers: {'date': 'Wed, 25 Mar 2026 20:44:45 GMT', 'server': 'Apache/2.4.58 (Ubuntu)', 'openstack-api-version': 'volume 3.0', 'vary': 'OpenStack-API-Version', 'content-length': '114', 'content-type': 'application/json', 'x-compute-request-id': 'req-3f998f12-19c0-431f-92bc-cbe36deb4360', 'x-openstack-request-id': 'req-3f998f12-19c0-431f-92bc-cbe36deb4360', 'connection': 'close', 'status': '404', 'content-location': 'http://10.201.9.223/volume/v3/types/d168468b-388b-4df5-b9b1-750c86863a03'}
        Body: b'{"itemNotFound": {"code": 404, "message": "Volume type d168468b-388b-4df5-b9b1-750c86863a03 could not be found."}}'

{0} tempest.api.volume.******.test_volume_types.VolumeTypesTest.test_volume_type_create_get_delete [0.074170s] ... ok
{0} tempest.api.volume.******.test_volume_types.VolumeTypesTest.test_volume_type_encryption_create_get_update_delete [0.255718s] ... ok
{0} tempest.api.volume.******.test_volume_types.VolumeTypesTest.test_volume_type_list [0.023445s] ... ok
{0} tempest.api.volume.******.test_volume_types.VolumeTypesTest.test_volume_type_update [0.127475s] ... ok
{0} tempest.api.volume.******.test_volume_types_extra_specs.VolumeTypesExtraSpecsTest.test_volume_type_extra_spec_create_get_delete [0.125805s] ... ok
{0} tempest.api.volume.******.test_volume_types_extra_specs.VolumeTypesExtraSpecsTest.test_volume_type_extra_specs_list [0.054185s] ... ok
{0} tempest.api.volume.******.test_volume_types_extra_specs.VolumeTypesExtraSpecsTest.test_volume_type_extra_specs_update [0.135978s] ... ok
{0} tempest.api.volume.******.test_volume_types_extra_specs_negative.ExtraSpecsNegativeTest.test_create_invalid_body [0.010894s] ... ok
{0} tempest.api.volume.******.test_volume_types_extra_specs_negative.ExtraSpecsNegativeTest.test_create_none_body [0.006431s] ... ok
{0} tempest.api.volume.******.test_volume_types_extra_specs_negative.ExtraSpecsNegativeTest.test_create_nonexistent_type_id [0.021426s] ... ok
{0} tempest.api.volume.******.test_volume_types_extra_specs_negative.ExtraSpecsNegativeTest.test_delete_nonexistent_volume_type_id [0.008634s] ... ok
{0} tempest.api.volume.******.test_volume_types_extra_specs_negative.ExtraSpecsNegativeTest.test_get_nonexistent_extra_spec_name [0.010407s] ... ok
{0} tempest.api.volume.******.test_volume_types_extra_specs_negative.ExtraSpecsNegativeTest.test_get_nonexistent_volume_type_id [0.014509s] ... ok
{0} tempest.api.volume.******.test_volume_types_extra_specs_negative.ExtraSpecsNegativeTest.test_list_nonexistent_volume_type_id [0.006465s] ... ok
{0} tempest.api.volume.******.test_volume_types_extra_specs_negative.ExtraSpecsNegativeTest.test_update_multiple_extra_spec [0.005922s] ... ok
{0} tempest.api.volume.******.test_volume_types_extra_specs_negative.ExtraSpecsNegativeTest.test_update_no_body [0.005363s] ... ok
{0} tempest.api.volume.******.test_volume_types_extra_specs_negative.ExtraSpecsNegativeTest.test_update_none_extra_spec_id [0.014599s] ... ok
{0} tempest.api.volume.******.test_volume_types_extra_specs_negative.ExtraSpecsNegativeTest.test_update_nonexistent_extra_spec_id [0.015244s] ... ok
{0} tempest.api.volume.******.test_volume_types_extra_specs_negative.ExtraSpecsNegativeTest.test_update_nonexistent_type_id [0.014848s] ... ok
{0} tempest.api.volume.******.test_volume_types_negative.VolumeTypesNegativeTest.test_create_volume_type_encryption_nonexistent_type_id [0.073159s] ... ok
{0} tempest.api.volume.******.test_volume_types_negative.VolumeTypesNegativeTest.test_create_volume_with_private_volume_type [0.128443s] ... ok
{0} tempest.api.volume.******.test_volume_types_negative.VolumeTypesNegativeTest.test_create_with_empty_name [0.006621s] ... ok
{0} tempest.api.volume.******.test_volume_types_negative.VolumeTypesNegativeTest.test_create_with_repeated_name [0.059214s] ... ok
{0} tempest.api.volume.******.test_volume_types_negative.VolumeTypesNegativeTest.test_delete_nonexistent_type_id [0.007291s] ... ok
{0} tempest.api.volume.******.test_volume_types_negative.VolumeTypesNegativeTest.test_get_nonexistent_type_id [0.007113s] ... ok
{0} setUpClass (tempest.api.volume.******.test_volumes_list.VolumesListAdminTestJSON) [0.000000s] ... FAILED

Captured traceback:
~~~~~~~~~~~~~~~~~~~
    Traceback (most recent call last):

      File "/opt/stack/tempest/tempest/test.py", line 185, in setUpClass
    raise value.with_traceback(trace)

      File "/opt/stack/tempest/tempest/test.py", line 178, in setUpClass
    cls.resource_setup()

      File "/opt/stack/tempest/tempest/api/volume/******/test_volumes_list.py", line 37, in resource_setup
    volume = cls.create_volume()
             ^^^^^^^^^^^^^^^^^^^

      File "/opt/stack/tempest/tempest/api/volume/base.py", line 144, in create_volume
    waiters.wait_for_volume_resource_status(self.volumes_client,

      File "/opt/stack/tempest/tempest/common/waiters.py", line 379, in wait_for_volume_resource_status
    raise exceptions.VolumeResourceBuildErrorException(

    tempest.exceptions.VolumeResourceBuildErrorException: volume 1367aadb-3233-4cde-8c25-88c61c396347 failed to build and is in ERROR status

{0} tempest.api.volume.test_availability_zone.AvailabilityZoneTestJSON.test_get_availability_zone_list [0.076017s] ... ok
{0} tempest.api.volume.test_extensions.ExtensionsTestJSON.test_list_extensions [0.072551s] ... ok
{0} setUpClass (tempest.api.volume.test_snapshot_metadata.SnapshotMetadataTestJSON) [0.000000s] ... FAILED

Captured traceback:
~~~~~~~~~~~~~~~~~~~
    Traceback (most recent call last):

      File "/opt/stack/tempest/tempest/test.py", line 185, in setUpClass
    raise value.with_traceback(trace)

      File "/opt/stack/tempest/tempest/test.py", line 178, in setUpClass
    cls.resource_setup()

      File "/opt/stack/tempest/tempest/api/volume/test_snapshot_metadata.py", line 38, in resource_setup
    cls.volume = cls.create_volume()
                 ^^^^^^^^^^^^^^^^^^^

      File "/opt/stack/tempest/tempest/api/volume/base.py", line 144, in create_volume
    waiters.wait_for_volume_resource_status(self.volumes_client,

      File "/opt/stack/tempest/tempest/common/waiters.py", line 379, in wait_for_volume_resource_status
    raise exceptions.VolumeResourceBuildErrorException(

    tempest.exceptions.VolumeResourceBuildErrorException: volume 5f783c07-1f1f-4d4a-b394-65e08468a2f9 failed to build and is in ERROR status

{0} tempest.api.volume.test_versions.VersionsTest.test_list_versions [0.006382s] ... ok
{0} tempest.api.volume.test_versions.VersionsTest.test_show_version [0.078347s] ... ok
{0} setUpClass (tempest.api.volume.test_volume_absolute_limits.AbsoluteLimitsTests) [0.000000s] ... FAILED

Captured traceback:
~~~~~~~~~~~~~~~~~~~
    Traceback (most recent call last):

      File "/opt/stack/tempest/tempest/test.py", line 185, in setUpClass
    raise value.with_traceback(trace)

      File "/opt/stack/tempest/tempest/test.py", line 178, in setUpClass
    cls.resource_setup()

      File "/opt/stack/tempest/tempest/api/volume/test_volume_absolute_limits.py", line 37, in resource_setup
    cls.volume = cls.create_volume()
                 ^^^^^^^^^^^^^^^^^^^

      File "/opt/stack/tempest/tempest/api/volume/base.py", line 144, in create_volume
    waiters.wait_for_volume_resource_status(self.volumes_client,

      File "/opt/stack/tempest/tempest/common/waiters.py", line 379, in wait_for_volume_resource_status
    raise exceptions.VolumeResourceBuildErrorException(

    tempest.exceptions.VolumeResourceBuildErrorException: volume 07f672b5-7f37-4fae-95a6-a53adc861e03 failed to build and is in ERROR status

{0} tempest.api.volume.test_volume_delete_cascade.VolumesDeleteCascade.test_volume_delete_cascade [1.400441s] ... FAILED

Captured traceback:
~~~~~~~~~~~~~~~~~~~
    Traceback (most recent call last):

      File "/opt/stack/tempest/tempest/api/volume/test_volume_delete_cascade.py", line 68, in test_volume_delete_cascade
    volume = self.create_volume()
             ^^^^^^^^^^^^^^^^^^^^

      File "/opt/stack/tempest/tempest/api/volume/base.py", line 144, in create_volume
    waiters.wait_for_volume_resource_status(self.volumes_client,

      File "/opt/stack/tempest/tempest/common/waiters.py", line 379, in wait_for_volume_resource_status
    raise exceptions.VolumeResourceBuildErrorException(

    tempest.exceptions.VolumeResourceBuildErrorException: volume b6200bcf-a8c9-465b-b3e0-c683ed62f8fa failed to build and is in ERROR status


Captured pythonlogging:
~~~~~~~~~~~~~~~~~~~~~~~
    2026-03-25 20:45:06,881 130085 INFO     [tempest.lib.common.rest_client] Request (VolumesDeleteCascade:test_volume_delete_cascade): 202 POST http://10.201.9.223/volume/v3/volumes 0.205s
2026-03-25 20:45:06,881 130085 DEBUG    [tempest.lib.common.rest_client] Request - Headers: {'Content-Type': 'application/json', 'Accept': 'application/json', 'X-Auth-Token': '<omitted>'}
        Body: {"volume": {"size": 1, "name": "tempest-VolumesDeleteCascade-Volume-1101052670"}}
    Response - Headers: {'date': 'Wed, 25 Mar 2026 20:45:06 GMT', 'server': 'Apache/2.4.58 (Ubuntu)', 'content-type': 'application/json', 'x-compute-request-id': 'req-7f57e5ac-1767-4aa3-b8bf-636d0a4bcfba', 'content-length': '750', 'openstack-api-version': 'volume 3.0', 'vary': 'OpenStack-API-Version', 'x-openstack-request-id': 'req-7f57e5ac-1767-4aa3-b8bf-636d0a4bcfba', 'connection': 'close', 'status': '202', 'content-location': 'http://10.201.9.223/volume/v3/volumes'}
        Body: b'{"volume": {"id": "b6200bcf-a8c9-465b-b3e0-c683ed62f8fa", "status": "creating", "size": 1, "availability_zone": "nova", "created_at": "2026-03-25T20:45:06.833245", "updated_at": null, "name": "tempest-VolumesDeleteCascade-Volume-1101052670", "description": null, "volume_type": "3par1", "snapshot_id": null, "source_volid": null, "metadata": {}, "links": [{"rel": "self", "href": "http://10.201.9.223/volume/v3/volumes/b6200bcf-a8c9-465b-b3e0-c683ed62f8fa"}, {"rel": "bookmark", "href": "http://10.201.9.223/volume/volumes/b6200bcf-a8c9-465b-b3e0-c683ed62f8fa"}], "user_id": "c3eb6ee7effd45f095e7e0d916b1486d", "bootable": "false", "encrypted": false, "replication_status": null, "consistencygroup_id": null, "multiattach": false, "attachments": []}}'
2026-03-25 20:45:06,905 130085 INFO     [tempest.lib.common.rest_client] Request (VolumesDeleteCascade:test_volume_delete_cascade): 200 GET http://10.201.9.223/volume/v3/volumes/b6200bcf-a8c9-465b-b3e0-c683ed62f8fa 0.020s
2026-03-25 20:45:06,905 130085 DEBUG    [tempest.lib.common.rest_client] Request - Headers: {'Content-Type': 'application/json', 'Accept': 'application/json', 'X-Auth-Token': '<omitted>'}
        Body: None
    Response - Headers: {'date': 'Wed, 25 Mar 2026 20:45:06 GMT', 'server': 'Apache/2.4.58 (Ubuntu)', 'content-type': 'application/json', 'x-compute-request-id': 'req-0a7b9b7e-f758-422b-8ee0-cfc3739b029d', 'content-length': '818', 'openstack-api-version': 'volume 3.0', 'vary': 'OpenStack-API-Version', 'x-openstack-request-id': 'req-0a7b9b7e-f758-422b-8ee0-cfc3739b029d', 'connection': 'close', 'status': '200', 'content-location': 'http://10.201.9.223/volume/v3/volumes/b6200bcf-a8c9-465b-b3e0-c683ed62f8fa'}
        Body: b'{"volume": {"id": "b6200bcf-a8c9-465b-b3e0-c683ed62f8fa", "status": "creating", "size": 1, "availability_zone": "nova", "created_at": "2026-03-25T20:45:07.000000", "updated_at": null, "name": "tempest-VolumesDeleteCascade-Volume-1101052670", "description": null, "volume_type": "3par1", "snapshot_id": null, "source_volid": null, "metadata": {}, "links": [{"rel": "self", "href": "http://10.201.9.223/volume/v3/volumes/b6200bcf-a8c9-465b-b3e0-c683ed62f8fa"}, {"rel": "bookmark", "href": "http://10.201.9.223/volume/volumes/b6200bcf-a8c9-465b-b3e0-c683ed62f8fa"}], "user_id": "c3eb6ee7effd45f095e7e0d916b1486d", "bootable": "false", "encrypted": false, "replication_status": null, "consistencygroup_id": null, "multiattach": false, "attachments": [], "os-vol-tenant-attr:tenant_id": "f23bb07cff864623a54b244cd62f602d"}}'
2026-03-25 20:45:07,941 130085 INFO     [tempest.lib.common.rest_client] Request (VolumesDeleteCascade:test_volume_delete_cascade): 200 GET http://10.201.9.223/volume/v3/volumes/b6200bcf-a8c9-465b-b3e0-c683ed62f8fa 0.031s
2026-03-25 20:45:07,941 130085 DEBUG    [tempest.lib.common.rest_client] Request - Headers: {'Content-Type': 'application/json', 'Accept': 'application/json', 'X-Auth-Token': '<omitted>'}
        Body: None
    Response - Headers: {'date': 'Wed, 25 Mar 2026 20:45:07 GMT', 'server': 'Apache/2.4.58 (Ubuntu)', 'content-type': 'application/json', 'x-compute-request-id': 'req-be57dbe2-943
    d-4726-a03b-ebd3081b37b9', 'content-length': '839', 'openstack-api-version': 'volume 3.0', 'vary': 'OpenStack-API-Version', 'x-openstack-request-id': 'req-be57dbe2-943d-4726-a03b-ebd3081b37b9', 'connection': 'close', 'status': '200', 'content-location': 'http://10.201.9.223/volume/v3/volumes/b6200bcf-a8c9-465b-b3e0-c683ed62f8fa'}
        Body: b'{"volume": {"id": "b6200bcf-a8c9-465b-b3e0-c683ed62f8fa", "status": "error", "size": 1, "availability_zone": "nova", "created_at": "2026-03-25T20:45:07.000000", "updated_at": "2026-03-25T20:45:07.000000", "name": "tempest-VolumesDeleteCascade-Volume-1101052670", "description": null, "volume_type": "3par1", "snapshot_id": null, "source_volid": null, "metadata": {}, "links": [{"rel": "self", "href": "http://10.201.9.223/volume/v3/volumes/b6200bcf-a8c9-465b-b3e0-c683ed62f8fa"}, {"rel": "bookmark", "href": "http://10.201.9.223/volume/volumes/b6200bcf-a8c9-465b-b3e0-c683ed62f8fa"}], "user_id": "c3eb6ee7effd45f095e7e0d916b1486d", "bootable": "false", "encrypted": false, "replication_status": null, "consistencygroup_id": null, "multiattach": false, "attachments": [], "os-vol-tenant-attr:tenant_id": "f23bb07cff864623a54b244cd62f602d"}}'
2026-03-25 20:45:07,981 130085 INFO     [tempest.lib.common.rest_client] Request (VolumesDeleteCascade:_run_cleanups): 200 GET http://10.201.9.223/volume/v3/volumes/b6200bcf-a8c9-465b-b3e0-c683ed62f8fa 0.034s
2026-03-25 20:45:07,981 130085 DEBUG    [tempest.lib.common.rest_client] Request - Headers: {'Content-Type': 'application/json', 'Accept': 'application/json', 'X-Auth-Token': '<omitted>'}
        Body: None
    Response - Headers: {'date': 'Wed, 25 Mar 2026 20:45:07 GMT', 'server': 'Apache/2.4.58 (Ubuntu)', 'content-type': 'application/json', 'x-compute-request-id': 'req-dd9c0b5f-27d5-4122-a5ec-148fc5fde0df', 'content-length': '839', 'openstack-api-version': 'volume 3.0', 'vary': 'OpenStack-API-Version', 'x-openstack-request-id': 'req-dd9c0b5f-27d5-4122-a5ec-148fc5fde0df', 'connection': 'close', 'status': '200', 'content-location': 'http://10.201.9.223/volume/v3/volumes/b6200bcf-a8c9-465b-b3e0-c683ed62f8fa'}
        Body: b'{"volume": {"id": "b6200bcf-a8c9-465b-b3e0-c683ed62f8fa", "status": "error", "size": 1, "availability_zone": "nova", "created_at": "2026-03-25T20:45:07.000000", "updated_at": "2026-03-25T20:45:07.000000", "name": "tempest-VolumesDeleteCascade-Volume-1101052670", "description": null, "volume_type": "3par1", "snapshot_id": null, "source_volid": null, "metadata": {}, "links": [{"rel": "self", "href": "http://10.201.9.223/volume/v3/volumes/b6200bcf-a8c9-465b-b3e0-c683ed62f8fa"}, {"rel": "bookmark", "href": "http://10.201.9.223/volume/volumes/b6200bcf-a8c9-465b-b3e0-c683ed62f8fa"}], "user_id": "c3eb6ee7effd45f095e7e0d916b1486d", "bootable": "false", "encrypted": false, "replication_status": null, "consistencygroup_id": null, "multiattach": false, "attachments": [], "os-vol-tenant-attr:tenant_id": "f23bb07cff864623a54b244cd62f602d"}}'
2026-03-25 20:45:08,057 130085 INFO     [tempest.lib.common.rest_client] Request (VolumesDeleteCascade:_run_cleanups): 202 DELETE http://10.201.9.223/volume/v3/volumes/b6200bcf-a8c9-465b-b3e0-c683ed62f8fa 0.065s
2026-03-25 20:45:08,057 130085 DEBUG    [tempest.lib.common.rest_client] Request - Headers: {'Content-Type': 'application/json', 'Accept': 'application/json', 'X-Auth-Token': '<omitted>'}
        Body: None
    Response - Headers: {'date': 'Wed, 25 Mar 2026 20:45:07 GMT', 'server': 'Apache/2.4.58 (Ubuntu)', 'content-length': '0', 'content-type': 'text/html; charset=UTF-8', 'openstack-api-version': 'volume 3.0', 'vary': 'OpenStack-API-Version', 'x-openstack-request-id': 'req-95fc6b13-ea1b-42fd-bf5d-e67342d3054b', 'connection': 'close', 'status': '202', 'content-location': 'http://10.201.9.223/volume/v3/volumes/b6200bcf-a8c9-465b-b3e0-c683ed62f8fa'}
        Body: b''
2026-03-25 20:45:08,074 130085 INFO     [tempest.lib.common.rest_client] Request (VolumesDeleteCascade:_run_cleanups): 404 GET http://10.201.9.223/volume/v3/volumes/b6200bcf-a8c9-465b-b3e0-c683ed62f8fa 0.017s
2026-03-25 20:45:08,075 1300
    85 DEBUG    [tempest.lib.common.rest_client] Request - Headers: {'Content-Type': 'application/json', 'Accept': 'application/json', 'X-Auth-Token': '<omitted>'}
        Body: None
    Response - Headers: {'date': 'Wed, 25 Mar 2026 20:45:08 GMT', 'server': 'Apache/2.4.58 (Ubuntu)', 'openstack-api-version': 'volume 3.0', 'vary': 'OpenStack-API-Version', 'content-length': '109', 'content-type': 'application/json', 'x-compute-request-id': 'req-875fa9ac-ee59-4d64-800a-62a77cc5e058', 'x-openstack-request-id': 'req-875fa9ac-ee59-4d64-800a-62a77cc5e058', 'connection': 'close', 'status': '404', 'content-location': 'http://10.201.9.223/volume/v3/volumes/b6200bcf-a8c9-465b-b3e0-c683ed62f8fa'}
        Body: b'{"itemNotFound": {"code": 404, "message": "Volume b6200bcf-a8c9-465b-b3e0-c683ed62f8fa could not be found."}}'

{0} tempest.api.volume.test_volume_delete_cascade.VolumesDeleteCascade.test_volume_from_snapshot_cascade_delete [1.327330s] ... FAILED

Captured traceback:
~~~~~~~~~~~~~~~~~~~
    Traceback (most recent call last):

      File "/opt/stack/tempest/tempest/api/volume/test_volume_delete_cascade.py", line 93, in test_volume_from_snapshot_cascade_delete
    volume = self.create_volume()
             ^^^^^^^^^^^^^^^^^^^^

      File "/opt/stack/tempest/tempest/api/volume/base.py", line 144, in create_volume
    waiters.wait_for_volume_resource_status(self.volumes_client,

      File "/opt/stack/tempest/tempest/common/waiters.py", line 379, in wait_for_volume_resource_status
    raise exceptions.VolumeResourceBuildErrorException(

    tempest.exceptions.VolumeResourceBuildErrorException: volume 7990ad5f-9de5-44cb-bac5-a5d7fb159890 failed to build and is in ERROR status


Captured pythonlogging:
~~~~~~~~~~~~~~~~~~~~~~~
    2026-03-25 20:45:08,196 130085 INFO     [tempest.lib.common.rest_client] Request (VolumesDeleteCascade:test_volume_from_snapshot_cascade_delete): 202 POST http://10.201.9.223/volume/v3/volumes 0.119s
2026-03-25 20:45:08,196 130085 DEBUG    [tempest.lib.common.rest_client] Request - Headers: {'Content-Type': 'application/json', 'Accept': 'application/json', 'X-Auth-Token': '<omitted>'}
        Body: {"volume": {"size": 1, "name": "tempest-VolumesDeleteCascade-Volume-734533935"}}
    Response - Headers: {'date': 'Wed, 25 Mar 2026 20:45:08 GMT', 'server': 'Apache/2.4.58 (Ubuntu)', 'content-type': 'application/json', 'x-compute-request-id': 'req-7322bf9f-2222-4986-b642-a55a0c6b69d1', 'content-length': '749', 'openstack-api-version': 'volume 3.0', 'vary': 'OpenStack-API-Version', 'x-openstack-request-id': 'req-7322bf9f-2222-4986-b642-a55a0c6b69d1', 'connection': 'close', 'status': '202', 'content-location': 'http://10.201.9.223/volume/v3/volumes'}
        Body: b'{"volume": {"id": "7990ad5f-9de5-44cb-bac5-a5d7fb159890", "status": "creating", "size": 1, "availability_zone": "nova", "created_at": "2026-03-25T20:45:08.153165", "updated_at": null, "name": "tempest-VolumesDeleteCascade-Volume-734533935", "description": null, "volume_type": "3par1", "snapshot_id": null, "source_volid": null, "metadata": {}, "links": [{"rel": "self", "href": "http://10.201.9.223/volume/v3/volumes/7990ad5f-9de5-44cb-bac5-a5d7fb159890"}, {"rel": "bookmark", "href": "http://10.201.9.223/volume/volumes/7990ad5f-9de5-44cb-bac5-a5d7fb159890"}], "user_id": "c3eb6ee7effd45f095e7e0d916b1486d", "bootable": "false", "encrypted": false, "replication_status": null, "consistencygroup_id": null, "multiattach": false, "attachments": []}}'
2026-03-25 20:45:08,222 130085 INFO     [tempest.lib.common.rest_client] Request (VolumesDeleteCascade:test_volume_from_snapshot_cascade_delete): 200 GET http://10.201.9.223/volume/v3/volumes/7990ad5f-9de5-44cb-bac5-a5d7fb159890 0.019s
2026-03-25 20:45:08,222 130085 DEBUG    [tempest.lib.common.rest_client] Request - Headers: {'Content-Type': 'application/json', 'Accept': 'application/json', 'X-Auth-Token': '<omitted>'}
        Body: None
    Response - Headers: {'date': 'Wed, 25 Mar 2026 20:45:08 GMT', 'server': 'Apache/2.4.58 (Ubuntu)', 'content-type': 'application/json', 'x-compute-request-id': 'req-eea63843-9dc2-4cac-900e-933ba2dba747', 'content-length': '817', 'openstack-api-version': 'volume 3.0', 'vary': 'OpenStack-API-Version', 'x-openstack-request-id': 'req-eea63843-9dc2-4cac-900e-933ba2dba747', 'connection': 'close', 'status': '200', 'content-location': 'http://10.201.9.223/volume/v3/volumes/7990ad5f-9de5-44cb-bac5-a5d7fb159890'}
        Body: b'{"volume": {"id": "7990ad5f-9de5-44cb-bac5-a5d7fb159890", "status": "creating", "size": 1, "availability_zone": "nova", "created_at": "2026-03-25T20:45:08.000000", "updated_at": null, "name": "tempest-VolumesDeleteCascade-Volume-734533935", "description": null, "volume_type": "3par1", "snapshot_id": null, "source_volid": null, "metadata": {}, "links": [{"rel": "self", "href": "http://10.201.9.223/volume/v3/volumes/7990ad5f-9de5-44cb-bac5-a5d7fb159890"}, {"rel": "bookmark", "href": "http://10.201.9.223/volume/volumes/7990ad5f-9de5-44cb-bac5-a5d7fb159890"}], "user_id": "c3eb6ee7effd45f095e7e0d916b1486d", "bootable": "false", "encrypted": false, "replication_status": null, "consistencygroup_id": null, "multiattach": false, "attachments": [], "os-vol-tenant-attr:tenant_id": "f23bb07cff864623a54b244cd62f602d"}}'
2026-03-25 20:45:09,270 130085 INFO     [tempest.lib.common.rest_client] Request (VolumesDeleteCascade:test_volume_from_snapshot_cascade_delete): 200 GET http://10.201.9.223/volume/v3/volumes/7990ad5f-9de5-44cb-bac5-a5d7fb159890 0.042s
2026-03-25 20:45:09,271 130085 DEBUG    [tempest.lib.common.rest_client] Request - Headers: {'Content-Type': 'application/json', 'Accept': 'application/json', 'X-Auth-Token': '<omitted>'}
        Body: None
    Response - Headers: {'date': 'Wed, 25 Mar 2026 20:45:09 GMT', 'server': 'Apache/2.4.58 (Ubuntu)', 'content-type': 'application/json', 'x
    -compute-request-id': 'req-f97058cf-ebc4-4b69-b253-e9df823417d2', 'content-length': '838', 'openstack-api-version': 'volume 3.0', 'vary': 'OpenStack-API-Version', 'x-openstack-request-id': 'req-f97058cf-ebc4-4b69-b253-e9df823417d2', 'connection': 'close', 'status': '200', 'content-location': 'http://10.201.9.223/volume/v3/volumes/7990ad5f-9de5-44cb-bac5-a5d7fb159890'}
        Body: b'{"volume": {"id": "7990ad5f-9de5-44cb-bac5-a5d7fb159890", "status": "error", "size": 1, "availability_zone": "nova", "created_at": "2026-03-25T20:45:08.000000", "updated_at": "2026-03-25T20:45:08.000000", "name": "tempest-VolumesDeleteCascade-Volume-734533935", "description": null, "volume_type": "3par1", "snapshot_id": null, "source_volid": null, "metadata": {}, "links": [{"rel": "self", "href": "http://10.201.9.223/volume/v3/volumes/7990ad5f-9de5-44cb-bac5-a5d7fb159890"}, {"rel": "bookmark", "href": "http://10.201.9.223/volume/volumes/7990ad5f-9de5-44cb-bac5-a5d7fb159890"}], "user_id": "c3eb6ee7effd45f095e7e0d916b1486d", "bootable": "false", "encrypted": false, "replication_status": null, "consistencygroup_id": null, "multiattach": false, "attachments": [], "os-vol-tenant-attr:tenant_id": "f23bb07cff864623a54b244cd62f602d"}}'
2026-03-25 20:45:09,314 130085 INFO     [tempest.lib.common.rest_client] Request (VolumesDeleteCascade:_run_cleanups): 200 GET http://10.201.9.223/volume/v3/volumes/7990ad5f-9de5-44cb-bac5-a5d7fb159890 0.032s
2026-03-25 20:45:09,314 130085 DEBUG    [tempest.lib.common.rest_client] Request - Headers: {'Content-Type': 'application/json', 'Accept': 'application/json', 'X-Auth-Token': '<omitted>'}
        Body: None
    Response - Headers: {'date': 'Wed, 25 Mar 2026 20:45:09 GMT', 'server': 'Apache/2.4.58 (Ubuntu)', 'content-type': 'application/json', 'x-compute-request-id': 'req-5dbe6454-3a03-457e-ba49-4c270d2c3c96', 'content-length': '838', 'openstack-api-version': 'volume 3.0', 'vary': 'OpenStack-API-Version', 'x-openstack-request-id': 'req-5dbe6454-3a03-457e-ba49-4c270d2c3c96', 'connection': 'close', 'status': '200', 'content-location': 'http://10.201.9.223/volume/v3/volumes/7990ad5f-9de5-44cb-bac5-a5d7fb159890'}
        Body: b'{"volume": {"id": "7990ad5f-9de5-44cb-bac5-a5d7fb159890", "status": "error", "size": 1, "availability_zone": "nova", "created_at": "2026-03-25T20:45:08.000000", "updated_at": "2026-03-25T20:45:08.000000", "name": "tempest-VolumesDeleteCascade-Volume-734533935", "description": null, "volume_type": "3par1", "snapshot_id": null, "source_volid": null, "metadata": {}, "links": [{"rel": "self", "href": "http://10.201.9.223/volume/v3/volumes/7990ad5f-9de5-44cb-bac5-a5d7fb159890"}, {"rel": "bookmark", "href": "http://10.201.9.223/volume/volumes/7990ad5f-9de5-44cb-bac5-a5d7fb159890"}], "user_id": "c3eb6ee7effd45f095e7e0d916b1486d", "bootable": "false", "encrypted": false, "replication_status": null, "consistencygroup_id": null, "multiattach": false, "attachments": [], "os-vol-tenant-attr:tenant_id": "f23bb07cff864623a54b244cd62f602d"}}'
2026-03-25 20:45:09,388 130085 INFO     [tempest.lib.common.rest_client] Request (VolumesDeleteCascade:_run_cleanups): 202 DELETE http://10.201.9.223/volume/v3/volumes/7990ad5f-9de5-44cb-bac5-a5d7fb159890 0.068s
2026-03-25 20:45:09,389 130085 DEBUG    [tempest.lib.common.rest_client] Request - Headers: {'Content-Type': 'application/json', 'Accept': 'application/json', 'X-Auth-Token': '<omitted>'}
        Body: None
    Response - Headers: {'date': 'Wed, 25 Mar 2026 20:45:09 GMT', 'server': 'Apache/2.4.58 (Ubuntu)', 'content-length': '0', 'content-type': 'text/html; charset=UTF-8', 'openstack-api-version': 'volume 3.0', 'vary': 'OpenStack-API-Version', 'x-openstack-request-id': 'req-a9b5f57e-3f3c-471e-bd04-717d83b82dbf', 'connection': 'close', 'status': '202', 'content-location': 'http://10.201.9.223/volume/v3/volumes/7990ad5f-9de5-44cb-bac5-a5d7fb159890'}
        Body: b''
2026-03-25 20:45:09,403 130085 INFO     [tempest.lib.common.rest_client] Request (VolumesDeleteCascade:_run_cleanups): 404 GET http://10.201.9.223/volume/v3/volumes/7990ad5f-9de5-44cb-bac5-a5d7fb15989
    0 0.013s
2026-03-25 20:45:09,403 130085 DEBUG    [tempest.lib.common.rest_client] Request - Headers: {'Content-Type': 'application/json', 'Accept': 'application/json', 'X-Auth-Token': '<omitted>'}
        Body: None
    Response - Headers: {'date': 'Wed, 25 Mar 2026 20:45:09 GMT', 'server': 'Apache/2.4.58 (Ubuntu)', 'openstack-api-version': 'volume 3.0', 'vary': 'OpenStack-API-Version', 'content-length': '109', 'content-type': 'application/json', 'x-compute-request-id': 'req-3e559dc9-3150-4ecd-892b-d7e91934c137', 'x-openstack-request-id': 'req-3e559dc9-3150-4ecd-892b-d7e91934c137', 'connection': 'close', 'status': '404', 'content-location': 'http://10.201.9.223/volume/v3/volumes/7990ad5f-9de5-44cb-bac5-a5d7fb159890'}
        Body: b'{"itemNotFound": {"code": 404, "message": "Volume 7990ad5f-9de5-44cb-bac5-a5d7fb159890 could not be found."}}'

{0} setUpClass (tempest.api.volume.test_volume_metadata.VolumesMetadataTest) [0.000000s] ... FAILED

Captured traceback:
~~~~~~~~~~~~~~~~~~~
    Traceback (most recent call last):

      File "/opt/stack/tempest/tempest/test.py", line 185, in setUpClass
    raise value.with_traceback(trace)

      File "/opt/stack/tempest/tempest/test.py", line 178, in setUpClass
    cls.resource_setup()

      File "/opt/stack/tempest/tempest/api/volume/test_volume_metadata.py", line 29, in resource_setup
    cls.volume = cls.create_volume()
                 ^^^^^^^^^^^^^^^^^^^

      File "/opt/stack/tempest/tempest/api/volume/base.py", line 144, in create_volume
    waiters.wait_for_volume_resource_status(self.volumes_client,

      File "/opt/stack/tempest/tempest/common/waiters.py", line 379, in wait_for_volume_resource_status
    raise exceptions.VolumeResourceBuildErrorException(

    tempest.exceptions.VolumeResourceBuildErrorException: volume 9cd12112-5614-4216-bfa3-e6ea2487a8e5 failed to build and is in ERROR status

{0} tempest.api.volume.test_volume_transfers.VolumesTransfersTest.test_create_get_list_accept_volume_transfer [1.449960s] ... FAILED

Captured traceback:
~~~~~~~~~~~~~~~~~~~
    Traceback (most recent call last):

      File "/opt/stack/tempest/tempest/api/volume/test_volume_transfers.py", line 40, in test_create_get_list_accept_volume_transfer
    volume = self.create_volume()
             ^^^^^^^^^^^^^^^^^^^^

      File "/opt/stack/tempest/tempest/api/volume/base.py", line 144, in create_volume
    waiters.wait_for_volume_resource_status(self.volumes_client,

      File "/opt/stack/tempest/tempest/common/waiters.py", line 379, in wait_for_volume_resource_status
    raise exceptions.VolumeResourceBuildErrorException(

    tempest.exceptions.VolumeResourceBuildErrorException: volume 4b934c95-0af7-49b1-a6b1-1853d2778f81 failed to build and is in ERROR status


Captured pythonlogging:
~~~~~~~~~~~~~~~~~~~~~~~
    2026-03-25 20:45:13,649 130085 INFO     [tempest.lib.common.rest_client] Request (VolumesTransfersTest:test_create_get_list_accept_volume_transfer): 202 POST http://10.201.9.223/volume/v3/volumes 0.225s
2026-03-25 20:45:13,649 130085 DEBUG    [tempest.lib.common.rest_client] Request - Headers: {'Content-Type': 'application/json', 'Accept': 'application/json', 'X-Auth-Token': '<omitted>'}
        Body: {"volume": {"size": 1, "name": "tempest-VolumesTransfersTest-Volume-1357087432"}}
    Response - Headers: {'date': 'Wed, 25 Mar 2026 20:45:13 GMT', 'server': 'Apache/2.4.58 (Ubuntu)', 'content-type': 'application/json', 'x-compute-request-id': 'req-bfba8aba-bd4c-44ee-94bf-904969f49f1b', 'content-length': '750', 'openstack-api-version': 'volume 3.0', 'vary': 'OpenStack-API-Version', 'x-openstack-request-id': 'req-bfba8aba-bd4c-44ee-94bf-904969f49f1b', 'connection': 'close', 'status': '202', 'content-location': 'http://10.201.9.223/volume/v3/volumes'}
        Body: b'{"volume": {"id": "4b934c95-0af7-49b1-a6b1-1853d2778f81", "status": "creating", "size": 1, "availability_zone": "nova", "created_at": "2026-03-25T20:45:13.594219", "updated_at": null, "name": "tempest-VolumesTransfersTest-Volume-1357087432", "description": null, "volume_type": "3par1", "snapshot_id": null, "source_volid": null, "metadata": {}, "links": [{"rel": "self", "href": "http://10.201.9.223/volume/v3/volumes/4b934c95-0af7-49b1-a6b1-1853d2778f81"}, {"rel": "bookmark", "href": "http://10.201.9.223/volume/volumes/4b934c95-0af7-49b1-a6b1-1853d2778f81"}], "user_id": "1572363145574e30ab48381d3dfe47b7", "bootable": "false", "encrypted": false, "replication_status": null, "consistencygroup_id": null, "multiattach": false, "attachments": []}}'
2026-03-25 20:45:13,681 130085 INFO     [tempest.lib.common.rest_client] Request (VolumesTransfersTest:test_create_get_list_accept_volume_transfer): 200 GET http://10.201.9.223/volume/v3/volumes/4b934c95-0af7-49b1-a6b1-1853d2778f81 0.025s
2026-03-25 20:45:13,681 130085 DEBUG    [tempest.lib.common.rest_client] Request - Headers: {'Content-Type': 'application/json', 'Accept': 'application/json', 'X-Auth-Token': '<omitted>'}
        Body: None
    Response - Headers: {'date': 'Wed, 25 Mar 2026 20:45:13 GMT', 'server': 'Apache/2.4.58 (Ubuntu)', 'content-type': 'application/json', 'x-compute-request-id': 'req-e21fb43f-89ef-4ec6-a411-a56d7f545068', 'content-length': '818', 'openstack-api-version': 'volume 3.0', 'vary': 'OpenStack-API-Version', 'x-openstack-request-id': 'req-e21fb43f-89ef-4ec6-a411-a56d7f545068', 'connection': 'close', 'status': '200', 'content-location': 'http://10.201.9.223/volume/v3/volumes/4b934c95-0af7-49b1-a6b1-1853d2778f81'}
        Body: b'{"volume": {"id": "4b934c95-0af7-49b1-a6b1-1853d2778f81", "status": "creating", "size": 1, "availability_zone": "nova", "created_at": "2026-03-25T20:45:14.000000", "updated_at": null, "name": "tempest-VolumesTransfersTest-Volume-1357087432", "description": null, "volume_type": "3par1", "snapshot_id": null, "source_volid": null, "metadata": {}, "links": [{"rel": "self", "href": "http://10.201.9.223/volume/v3/volumes/4b934c95-0af7-49b1-a6b1-1853d2778f81"}, {"rel": "bookmark", "href": "http://10.201.9.223/volume/volumes/4b934c95-0af7-49b1-a6b1-1853d2778f81"}], "user_id": "1572363145574e30ab48381d3dfe47b7", "bootable": "false", "encrypted": false, "replication_status": null, "consistencygroup_id": null, "multiattach": false, "attachments": [], "os-vol-tenant-attr:tenant_id": "b6a6f70557a24dc39baac699046b89fd"}}'
2026-03-25 20:45:14,725 130085 INFO     [tempest.lib.common.rest_client] Request (VolumesTransfersTest:test_create_get_list_accept_volume_transfer): 200 GET http://10.201.9.223/volume/v3/volumes/4b934c95-0af7-49b1-a6b1-1853d2778f81 0.038s
2026-03-25 20:45:14,725 130085 DEBUG    [tempest.lib.common.rest_client] Request - Headers: {'Content-Type': 'application/json', 'Accept': 'application/json', 'X-Auth-Token': '<omitted>'}
        Body: None
    Response - Headers: {'date': 'Wed, 25 Mar 2026 20:45:14 GMT', 'server': 'Apache/2.4.58 (Ubuntu)', 'content-type': 'applicati
    on/json', 'x-compute-request-id': 'req-c9ec59c6-44b6-464b-9c5f-bb9c99d56b06', 'content-length': '839', 'openstack-api-version': 'volume 3.0', 'vary': 'OpenStack-API-Version', 'x-openstack-request-id': 'req-c9ec59c6-44b6-464b-9c5f-bb9c99d56b06', 'connection': 'close', 'status': '200', 'content-location': 'http://10.201.9.223/volume/v3/volumes/4b934c95-0af7-49b1-a6b1-1853d2778f81'}
        Body: b'{"volume": {"id": "4b934c95-0af7-49b1-a6b1-1853d2778f81", "status": "error", "size": 1, "availability_zone": "nova", "created_at": "2026-03-25T20:45:14.000000", "updated_at": "2026-03-25T20:45:14.000000", "name": "tempest-VolumesTransfersTest-Volume-1357087432", "description": null, "volume_type": "3par1", "snapshot_id": null, "source_volid": null, "metadata": {}, "links": [{"rel": "self", "href": "http://10.201.9.223/volume/v3/volumes/4b934c95-0af7-49b1-a6b1-1853d2778f81"}, {"rel": "bookmark", "href": "http://10.201.9.223/volume/volumes/4b934c95-0af7-49b1-a6b1-1853d2778f81"}], "user_id": "1572363145574e30ab48381d3dfe47b7", "bootable": "false", "encrypted": false, "replication_status": null, "consistencygroup_id": null, "multiattach": false, "attachments": [], "os-vol-tenant-attr:tenant_id": "b6a6f70557a24dc39baac699046b89fd"}}'
2026-03-25 20:45:14,757 130085 INFO     [tempest.lib.common.rest_client] Request (VolumesTransfersTest:_run_cleanups): 200 GET http://10.201.9.223/volume/v3/volumes/4b934c95-0af7-49b1-a6b1-1853d2778f81 0.026s
2026-03-25 20:45:14,757 130085 DEBUG    [tempest.lib.common.rest_client] Request - Headers: {'Content-Type': 'application/json', 'Accept': 'application/json', 'X-Auth-Token': '<omitted>'}
        Body: None
    Response - Headers: {'date': 'Wed, 25 Mar 2026 20:45:14 GMT', 'server': 'Apache/2.4.58 (Ubuntu)', 'content-type': 'application/json', 'x-compute-request-id': 'req-d6fb8c0e-5b12-4db7-9fed-f26f5a559765', 'content-length': '839', 'openstack-api-version': 'volume 3.0', 'vary': 'OpenStack-API-Version', 'x-openstack-request-id': 'req-d6fb8c0e-5b12-4db7-9fed-f26f5a559765', 'connection': 'close', 'status': '200', 'content-location': 'http://10.201.9.223/volume/v3/volumes/4b934c95-0af7-49b1-a6b1-1853d2778f81'}
        Body: b'{"volume": {"id": "4b934c95-0af7-49b1-a6b1-1853d2778f81", "status": "error", "size": 1, "availability_zone": "nova", "created_at": "2026-03-25T20:45:14.000000", "updated_at": "2026-03-25T20:45:14.000000", "name": "tempest-VolumesTransfersTest-Volume-1357087432", "description": null, "volume_type": "3par1", "snapshot_id": null, "source_volid": null, "metadata": {}, "links": [{"rel": "self", "href": "http://10.201.9.223/volume/v3/volumes/4b934c95-0af7-49b1-a6b1-1853d2778f81"}, {"rel": "bookmark", "href": "http://10.201.9.223/volume/volumes/4b934c95-0af7-49b1-a6b1-1853d2778f81"}], "user_id": "1572363145574e30ab48381d3dfe47b7", "bootable": "false", "encrypted": false, "replication_status": null, "consistencygroup_id": null, "multiattach": false, "attachments": [], "os-vol-tenant-attr:tenant_id": "b6a6f70557a24dc39baac699046b89fd"}}'
2026-03-25 20:45:14,849 130085 INFO     [tempest.lib.common.rest_client] Request (VolumesTransfersTest:_run_cleanups): 202 DELETE http://10.201.9.223/volume/v3/volumes/4b934c95-0af7-49b1-a6b1-1853d2778f81 0.086s
2026-03-25 20:45:14,849 130085 DEBUG    [tempest.lib.common.rest_client] Request - Headers: {'Content-Type': 'application/json', 'Accept': 'application/json', 'X-Auth-Token': '<omitted>'}
        Body: None
    Response - Headers: {'date': 'Wed, 25 Mar 2026 20:45:14 GMT', 'server': 'Apache/2.4.58 (Ubuntu)', 'content-length': '0', 'content-type': 'text/html; charset=UTF-8', 'openstack-api-version': 'volume 3.0', 'vary': 'OpenStack-API-Version', 'x-openstack-request-id': 'req-7b3b5ff9-0e16-47ee-8012-343d39c893b1', 'connection': 'close', 'status': '202', 'content-location': 'http://10.201.9.223/volume/v3/volumes/4b934c95-0af7-49b1-a6b1-1853d2778f81'}
        Body: b''
2026-03-25 20:45:14,871 130085 INFO     [tempest.lib.common.rest_client] Request (VolumesTransfersTest:_run_cleanups): 404 GET http://10.201.9.223/volume/v3/volumes/4b934c95-0af7-49b1-a6
    b1-1853d2778f81 0.021s
2026-03-25 20:45:14,872 130085 DEBUG    [tempest.lib.common.rest_client] Request - Headers: {'Content-Type': 'application/json', 'Accept': 'application/json', 'X-Auth-Token': '<omitted>'}
        Body: None
    Response - Headers: {'date': 'Wed, 25 Mar 2026 20:45:14 GMT', 'server': 'Apache/2.4.58 (Ubuntu)', 'openstack-api-version': 'volume 3.0', 'vary': 'OpenStack-API-Version', 'content-length': '109', 'content-type': 'application/json', 'x-compute-request-id': 'req-4b1eded0-63af-44f0-868e-2faa3633f1ba', 'x-openstack-request-id': 'req-4b1eded0-63af-44f0-868e-2faa3633f1ba', 'connection': 'close', 'status': '404', 'content-location': 'http://10.201.9.223/volume/v3/volumes/4b934c95-0af7-49b1-a6b1-1853d2778f81'}
        Body: b'{"itemNotFound": {"code": 404, "message": "Volume 4b934c95-0af7-49b1-a6b1-1853d2778f81 could not be found."}}'

{0} tempest.api.volume.test_volume_transfers.VolumesTransfersTest.test_create_list_delete_volume_transfer [1.342777s] ... FAILED

Captured traceback:
~~~~~~~~~~~~~~~~~~~
    Traceback (most recent call last):

      File "/opt/stack/tempest/tempest/api/volume/test_volume_transfers.py", line 81, in test_create_list_delete_volume_transfer
    volume = self.create_volume()
             ^^^^^^^^^^^^^^^^^^^^

      File "/opt/stack/tempest/tempest/api/volume/base.py", line 144, in create_volume
    waiters.wait_for_volume_resource_status(self.volumes_client,

      File "/opt/stack/tempest/tempest/common/waiters.py", line 379, in wait_for_volume_resource_status
    raise exceptions.VolumeResourceBuildErrorException(

    tempest.exceptions.VolumeResourceBuildErrorException: volume 663b1e8f-13a5-46e5-9823-6cbee599e894 failed to build and is in ERROR status


Captured pythonlogging:
~~~~~~~~~~~~~~~~~~~~~~~
    2026-03-25 20:45:15,007 130085 INFO     [tempest.lib.common.rest_client] Request (VolumesTransfersTest:test_create_list_delete_volume_transfer): 202 POST http://10.201.9.223/volume/v3/volumes 0.131s
2026-03-25 20:45:15,008 130085 DEBUG    [tempest.lib.common.rest_client] Request - Headers: {'Content-Type': 'application/json', 'Accept': 'application/json', 'X-Auth-Token': '<omitted>'}
        Body: {"volume": {"size": 1, "name": "tempest-VolumesTransfersTest-Volume-300810732"}}
    Response - Headers: {'date': 'Wed, 25 Mar 2026 20:45:14 GMT', 'server': 'Apache/2.4.58 (Ubuntu)', 'content-type': 'application/json', 'x-compute-request-id': 'req-e48e3f18-def7-474f-b1d1-b4a9bf71838e', 'content-length': '749', 'openstack-api-version': 'volume 3.0', 'vary': 'OpenStack-API-Version', 'x-openstack-request-id': 'req-e48e3f18-def7-474f-b1d1-b4a9bf71838e', 'connection': 'close', 'status': '202', 'content-location': 'http://10.201.9.223/volume/v3/volumes'}
        Body: b'{"volume": {"id": "663b1e8f-13a5-46e5-9823-6cbee599e894", "status": "creating", "size": 1, "availability_zone": "nova", "created_at": "2026-03-25T20:45:14.958080", "updated_at": null, "name": "tempest-VolumesTransfersTest-Volume-300810732", "description": null, "volume_type": "3par1", "snapshot_id": null, "source_volid": null, "metadata": {}, "links": [{"rel": "self", "href": "http://10.201.9.223/volume/v3/volumes/663b1e8f-13a5-46e5-9823-6cbee599e894"}, {"rel": "bookmark", "href": "http://10.201.9.223/volume/volumes/663b1e8f-13a5-46e5-9823-6cbee599e894"}], "user_id": "1572363145574e30ab48381d3dfe47b7", "bootable": "false", "encrypted": false, "replication_status": null, "consistencygroup_id": null, "multiattach": false, "attachments": []}}'
2026-03-25 20:45:15,043 130085 INFO     [tempest.lib.common.rest_client] Request (VolumesTransfersTest:test_create_list_delete_volume_transfer): 200 GET http://10.201.9.223/volume/v3/volumes/663b1e8f-13a5-46e5-9823-6cbee599e894 0.028s
2026-03-25 20:45:15,043 130085 DEBUG    [tempest.lib.common.rest_client] Request - Headers: {'Content-Type': 'application/json', 'Accept': 'application/json', 'X-Auth-Token': '<omitted>'}
        Body: None
    Response - Headers: {'date': 'Wed, 25 Mar 2026 20:45:15 GMT', 'server': 'Apache/2.4.58 (Ubuntu)', 'content-type': 'application/json', 'x-compute-request-id': 'req-b5828c04-336b-4dda-b19e-e5f42685f8a7', 'content-length': '817', 'openstack-api-version': 'volume 3.0', 'vary': 'OpenStack-API-Version', 'x-openstack-request-id': 'req-b5828c04-336b-4dda-b19e-e5f42685f8a7', 'connection': 'close', 'status': '200', 'content-location': 'http://10.201.9.223/volume/v3/volumes/663b1e8f-13a5-46e5-9823-6cbee599e894'}
        Body: b'{"volume": {"id": "663b1e8f-13a5-46e5-9823-6cbee599e894", "status": "creating", "size": 1, "availability_zone": "nova", "created_at": "2026-03-25T20:45:15.000000", "updated_at": null, "name": "tempest-VolumesTransfersTest-Volume-300810732", "description": null, "volume_type": "3par1", "snapshot_id": null, "source_volid": null, "metadata": {}, "links": [{"rel": "self", "href": "http://10.201.9.223/volume/v3/volumes/663b1e8f-13a5-46e5-9823-6cbee599e894"}, {"rel": "bookmark", "href": "http://10.201.9.223/volume/volumes/663b1e8f-13a5-46e5-9823-6cbee599e894"}], "user_id": "1572363145574e30ab48381d3dfe47b7", "bootable": "false", "encrypted": false, "replication_status": null, "consistencygroup_id": null, "multiattach": false, "attachments": [], "os-vol-tenant-attr:tenant_id": "b6a6f70557a24dc39baac699046b89fd"}}'
2026-03-25 20:45:16,086 130085 INFO     [tempest.lib.common.rest_client] Request (VolumesTransfersTest:test_create_list_delete_volume_transfer): 200 GET http://10.201.9.223/volume/v3/volumes/663b1e8f-13a5-46e5-9823-6cbee599e894 0.037s
2026-03-25 20:45:16,086 130085 DEBUG    [tempest.lib.common.rest_client] Request - Headers: {'Content-Type': 'application/json', 'Accept': 'application/json', 'X-Auth-Token': '<omitted>'}
        Body: None
    Response - Headers: {'date': 'Wed, 25 Mar 2026 20:45:16 GMT', 'server': 'Apache/2.4.58 (Ubuntu)', 'content-type': 'application/json', 'x-co
    mpute-request-id': 'req-e1c0eb6f-9ee0-42ef-ba4a-af00391b9795', 'content-length': '838', 'openstack-api-version': 'volume 3.0', 'vary': 'OpenStack-API-Version', 'x-openstack-request-id': 'req-e1c0eb6f-9ee0-42ef-ba4a-af00391b9795', 'connection': 'close', 'status': '200', 'content-location': 'http://10.201.9.223/volume/v3/volumes/663b1e8f-13a5-46e5-9823-6cbee599e894'}
        Body: b'{"volume": {"id": "663b1e8f-13a5-46e5-9823-6cbee599e894", "status": "error", "size": 1, "availability_zone": "nova", "created_at": "2026-03-25T20:45:15.000000", "updated_at": "2026-03-25T20:45:15.000000", "name": "tempest-VolumesTransfersTest-Volume-300810732", "description": null, "volume_type": "3par1", "snapshot_id": null, "source_volid": null, "metadata": {}, "links": [{"rel": "self", "href": "http://10.201.9.223/volume/v3/volumes/663b1e8f-13a5-46e5-9823-6cbee599e894"}, {"rel": "bookmark", "href": "http://10.201.9.223/volume/volumes/663b1e8f-13a5-46e5-9823-6cbee599e894"}], "user_id": "1572363145574e30ab48381d3dfe47b7", "bootable": "false", "encrypted": false, "replication_status": null, "consistencygroup_id": null, "multiattach": false, "attachments": [], "os-vol-tenant-attr:tenant_id": "b6a6f70557a24dc39baac699046b89fd"}}'
2026-03-25 20:45:16,129 130085 INFO     [tempest.lib.common.rest_client] Request (VolumesTransfersTest:_run_cleanups): 200 GET http://10.201.9.223/volume/v3/volumes/663b1e8f-13a5-46e5-9823-6cbee599e894 0.032s
2026-03-25 20:45:16,130 130085 DEBUG    [tempest.lib.common.rest_client] Request - Headers: {'Content-Type': 'application/json', 'Accept': 'application/json', 'X-Auth-Token': '<omitted>'}
        Body: None
    Response - Headers: {'date': 'Wed, 25 Mar 2026 20:45:16 GMT', 'server': 'Apache/2.4.58 (Ubuntu)', 'content-type': 'application/json', 'x-compute-request-id': 'req-e26c4a2a-b5fc-4024-b761-945fd20cf2ed', 'content-length': '838', 'openstack-api-version': 'volume 3.0', 'vary': 'OpenStack-API-Version', 'x-openstack-request-id': 'req-e26c4a2a-b5fc-4024-b761-945fd20cf2ed', 'connection': 'close', 'status': '200', 'content-location': 'http://10.201.9.223/volume/v3/volumes/663b1e8f-13a5-46e5-9823-6cbee599e894'}
        Body: b'{"volume": {"id": "663b1e8f-13a5-46e5-9823-6cbee599e894", "status": "error", "size": 1, "availability_zone": "nova", "created_at": "2026-03-25T20:45:15.000000", "updated_at": "2026-03-25T20:45:15.000000", "name": "tempest-VolumesTransfersTest-Volume-300810732", "description": null, "volume_type": "3par1", "snapshot_id": null, "source_volid": null, "metadata": {}, "links": [{"rel": "self", "href": "http://10.201.9.223/volume/v3/volumes/663b1e8f-13a5-46e5-9823-6cbee599e894"}, {"rel": "bookmark", "href": "http://10.201.9.223/volume/volumes/663b1e8f-13a5-46e5-9823-6cbee599e894"}], "user_id": "1572363145574e30ab48381d3dfe47b7", "bootable": "false", "encrypted": false, "replication_status": null, "consistencygroup_id": null, "multiattach": false, "attachments": [], "os-vol-tenant-attr:tenant_id": "b6a6f70557a24dc39baac699046b89fd"}}'
2026-03-25 20:45:16,199 130085 INFO     [tempest.lib.common.rest_client] Request (VolumesTransfersTest:_run_cleanups): 202 DELETE http://10.201.9.223/volume/v3/volumes/663b1e8f-13a5-46e5-9823-6cbee599e894 0.059s
2026-03-25 20:45:16,199 130085 DEBUG    [tempest.lib.common.rest_client] Request - Headers: {'Content-Type': 'application/json', 'Accept': 'application/json', 'X-Auth-Token': '<omitted>'}
        Body: None
    Response - Headers: {'date': 'Wed, 25 Mar 2026 20:45:16 GMT', 'server': 'Apache/2.4.58 (Ubuntu)', 'content-length': '0', 'content-type': 'text/html; charset=UTF-8', 'openstack-api-version': 'volume 3.0', 'vary': 'OpenStack-API-Version', 'x-openstack-request-id': 'req-1891f94e-3a00-4a2b-a4a8-e25cd5ba2345', 'connection': 'close', 'status': '202', 'content-location': 'http://10.201.9.223/volume/v3/volumes/663b1e8f-13a5-46e5-9823-6cbee599e894'}
        Body: b''
2026-03-25 20:45:16,217 130085 INFO     [tempest.lib.common.rest_client] Request (VolumesTransfersTest:_run_cleanups): 404 GET http://10.201.9.223/volume/v3/volumes/663b1e8f-13a5-46e5-9823-6cbee599e894 0
    .018s
2026-03-25 20:45:16,218 130085 DEBUG    [tempest.lib.common.rest_client] Request - Headers: {'Content-Type': 'application/json', 'Accept': 'application/json', 'X-Auth-Token': '<omitted>'}
        Body: None
    Response - Headers: {'date': 'Wed, 25 Mar 2026 20:45:16 GMT', 'server': 'Apache/2.4.58 (Ubuntu)', 'openstack-api-version': 'volume 3.0', 'vary': 'OpenStack-API-Version', 'content-length': '109', 'content-type': 'application/json', 'x-compute-request-id': 'req-3e2f5ec4-de0d-4f44-8a53-678626fdcdfd', 'x-openstack-request-id': 'req-3e2f5ec4-de0d-4f44-8a53-678626fdcdfd', 'connection': 'close', 'status': '404', 'content-location': 'http://10.201.9.223/volume/v3/volumes/663b1e8f-13a5-46e5-9823-6cbee599e894'}
        Body: b'{"itemNotFound": {"code": 404, "message": "Volume 663b1e8f-13a5-46e5-9823-6cbee599e894 could not be found."}}'

{0} tempest.api.volume.test_volume_transfers.VolumesTransfersV355Test.test_create_get_list_accept_volume_transfer [1.492152s] ... FAILED

Captured traceback:
~~~~~~~~~~~~~~~~~~~
    Traceback (most recent call last):

      File "/opt/stack/tempest/tempest/api/volume/test_volume_transfers.py", line 125, in test_create_get_list_accept_volume_transfer
    test_create_get_list_accept_volume_transfer()

      File "/opt/stack/tempest/tempest/api/volume/test_volume_transfers.py", line 40, in test_create_get_list_accept_volume_transfer
    volume = self.create_volume()
             ^^^^^^^^^^^^^^^^^^^^

      File "/opt/stack/tempest/tempest/api/volume/base.py", line 144, in create_volume
    waiters.wait_for_volume_resource_status(self.volumes_client,

      File "/opt/stack/tempest/tempest/common/waiters.py", line 379, in wait_for_volume_resource_status
    raise exceptions.VolumeResourceBuildErrorException(

    tempest.exceptions.VolumeResourceBuildErrorException: volume cac63b3c-f1a0-4d35-8356-c6c689c05f16 failed to build and is in ERROR status


Captured pythonlogging:
~~~~~~~~~~~~~~~~~~~~~~~
    2026-03-25 20:45:19,094 130085 INFO     [tempest.lib.common.rest_client] Request (VolumesTransfersV355Test:test_create_get_list_accept_volume_transfer): 202 POST http://10.201.9.223/volume/v3/volumes 0.265s
2026-03-25 20:45:19,094 130085 DEBUG    [tempest.lib.common.rest_client] Request - Headers: {'Content-Type': 'application/json', 'Accept': 'application/json', 'Openstack-Api-Version': 'volume 3.55', 'X-Auth-Token': '<omitted>'}
        Body: {"volume": {"size": 1, "name": "tempest-VolumesTransfersV355Test-Volume-576891230"}}
    Response - Headers: {'date': 'Wed, 25 Mar 2026 20:45:18 GMT', 'server': 'Apache/2.4.58 (Ubuntu)', 'content-type': 'application/json', 'x-compute-request-id': 'req-02f0c3f5-b265-4756-b3b5-e0221c837633', 'content-length': '817', 'openstack-api-version': 'volume 3.55', 'vary': 'OpenStack-API-Version', 'x-openstack-request-id': 'req-02f0c3f5-b265-4756-b3b5-e0221c837633', 'connection': 'close', 'status': '202', 'content-location': 'http://10.201.9.223/volume/v3/volumes'}
        Body: b'{"volume": {"id": "cac63b3c-f1a0-4d35-8356-c6c689c05f16", "status": "creating", "size": 1, "availability_zone": "nova", "created_at": "2026-03-25T20:45:19.037880", "updated_at": null, "name": "tempest-VolumesTransfersV355Test-Volume-576891230", "description": null, "volume_type": "3par1", "snapshot_id": null, "source_volid": null, "metadata": {}, "links": [{"rel": "self", "href": "http://10.201.9.223/volume/v3/volumes/cac63b3c-f1a0-4d35-8356-c6c689c05f16"}, {"rel": "bookmark", "href": "http://10.201.9.223/volume/volumes/cac63b3c-f1a0-4d35-8356-c6c689c05f16"}], "user_id": "cb67db714bad4b1f9d614c12d91431f9", "bootable": "false", "encrypted": false, "replication_status": null, "consistencygroup_id": null, "multiattach": false, "attachments": [], "group_id": null, "shared_targets": true, "service_uuid": null}}'
2026-03-25 20:45:19,124 130085 INFO     [tempest.lib.common.rest_client] Request (VolumesTransfersV355Test:test_create_get_list_accept_volume_transfer): 200 GET http://10.201.9.223/volume/v3/volumes/cac63b3c-f1a0-4d35-8356-c6c689c05f16 0.021s
2026-03-25 20:45:19,125 130085 DEBUG    [tempest.lib.common.rest_client] Request - Headers: {'Content-Type': 'application/json', 'Accept': 'application/json', 'Openstack-Api-Version': 'volume 3.55', 'X-Auth-Token': '<omitted>'}
        Body: None
    Response - Headers: {'date': 'Wed, 25 Mar 2026 20:45:19 GMT', 'server': 'Apache/2.4.58 (Ubuntu)', 'content-type': 'application/json', 'x-compute-request-id': 'req-a307c4f4-d88c-44bf-a687-7b492ea1085b', 'content-length': '885', 'openstack-api-version': 'volume 3.55', 'vary': 'OpenStack-API-Version', 'x-openstack-request-id': 'req-a307c4f4-d88c-44bf-a687-7b492ea1085b', 'connection': 'close', 'status': '200', 'content-location': 'http://10.201.9.223/volume/v3/volumes/cac63b3c-f1a0-4d35-8356-c6c689c05f16'}
        Body: b'{"volume": {"id": "cac63b3c-f1a0-4d35-8356-c6c689c05f16", "status": "creating", "size": 1, "availability_zone": "nova", "created_at": "2026-03-25T20:45:19.000000", "updated_at": null, "name": "tempest-VolumesTransfersV355Test-Volume-576891230", "description": null, "volume_type": "3par1", "snapshot_id": null, "source_volid": null, "metadata": {}, "links": [{"rel": "self", "href": "http://10.201.9.223/volume/v3/volumes/cac63b3c-f1a0-4d35-8356-c6c689c05f16"}, {"rel": "bookmark", "href": "http://10.201.9.223/volume/volumes/cac63b3c-f1a0-4d35-8356-c6c689c05f16"}], "user_id": "cb67db714bad4b1f9d614c12d91431f9", "bootable": "false", "encrypted": false, "replication_status": null, "consistencygroup_id": null, "multiattach": false, "attachments": [], "group_id": null, "shared_targets": true, "service_uuid": null, "os-vol-tenant-attr:tenant_id": "54759fb798284ac1be365525a852cd21"}}'
2026-03-25 20:45:20,171 130085 INFO     [tempest.lib.common.rest_client] Request (VolumesTransfersV355Test:test_create_get_list_accept_volume_transfer): 200 GET http://10.201.9.223/volume/v3/volumes/cac63b3c-f1a0-4d35-8356-c6c689c05f16 0.036s
2026-03-25 20:45:20,172 130085 DEBUG    [tempest.lib.common.rest_client] Request - Headers: {'Content-Ty
    pe': 'application/json', 'Accept': 'application/json', 'Openstack-Api-Version': 'volume 3.55', 'X-Auth-Token': '<omitted>'}
        Body: None
    Response - Headers: {'date': 'Wed, 25 Mar 2026 20:45:20 GMT', 'server': 'Apache/2.4.58 (Ubuntu)', 'content-type': 'application/json', 'x-compute-request-id': 'req-85736cea-9411-4d9a-ab19-45ac6b441a35', 'content-length': '906', 'openstack-api-version': 'volume 3.55', 'vary': 'OpenStack-API-Version', 'x-openstack-request-id': 'req-85736cea-9411-4d9a-ab19-45ac6b441a35', 'connection': 'close', 'status': '200', 'content-location': 'http://10.201.9.223/volume/v3/volumes/cac63b3c-f1a0-4d35-8356-c6c689c05f16'}
        Body: b'{"volume": {"id": "cac63b3c-f1a0-4d35-8356-c6c689c05f16", "status": "error", "size": 1, "availability_zone": "nova", "created_at": "2026-03-25T20:45:19.000000", "updated_at": "2026-03-25T20:45:19.000000", "name": "tempest-VolumesTransfersV355Test-Volume-576891230", "description": null, "volume_type": "3par1", "snapshot_id": null, "source_volid": null, "metadata": {}, "links": [{"rel": "self", "href": "http://10.201.9.223/volume/v3/volumes/cac63b3c-f1a0-4d35-8356-c6c689c05f16"}, {"rel": "bookmark", "href": "http://10.201.9.223/volume/volumes/cac63b3c-f1a0-4d35-8356-c6c689c05f16"}], "user_id": "cb67db714bad4b1f9d614c12d91431f9", "bootable": "false", "encrypted": false, "replication_status": null, "consistencygroup_id": null, "multiattach": false, "attachments": [], "group_id": null, "shared_targets": true, "service_uuid": null, "os-vol-tenant-attr:tenant_id": "54759fb798284ac1be365525a852cd21"}}'
2026-03-25 20:45:20,214 130085 INFO     [tempest.lib.common.rest_client] Request (VolumesTransfersV355Test:_run_cleanups): 200 GET http://10.201.9.223/volume/v3/volumes/cac63b3c-f1a0-4d35-8356-c6c689c05f16 0.031s
2026-03-25 20:45:20,214 130085 DEBUG    [tempest.lib.common.rest_client] Request - Headers: {'Content-Type': 'application/json', 'Accept': 'application/json', 'Openstack-Api-Version': 'volume 3.55', 'X-Auth-Token': '<omitted>'}
        Body: None
    Response - Headers: {'date': 'Wed, 25 Mar 2026 20:45:20 GMT', 'server': 'Apache/2.4.58 (Ubuntu)', 'content-type': 'application/json', 'x-compute-request-id': 'req-c8f5ea0a-1c55-4d2c-ab6e-dafaefb0fa32', 'content-length': '906', 'openstack-api-version': 'volume 3.55', 'vary': 'OpenStack-API-Version', 'x-openstack-request-id': 'req-c8f5ea0a-1c55-4d2c-ab6e-dafaefb0fa32', 'connection': 'close', 'status': '200', 'content-location': 'http://10.201.9.223/volume/v3/volumes/cac63b3c-f1a0-4d35-8356-c6c689c05f16'}
        Body: b'{"volume": {"id": "cac63b3c-f1a0-4d35-8356-c6c689c05f16", "status": "error", "size": 1, "availability_zone": "nova", "created_at": "2026-03-25T20:45:19.000000", "updated_at": "2026-03-25T20:45:19.000000", "name": "tempest-VolumesTransfersV355Test-Volume-576891230", "description": null, "volume_type": "3par1", "snapshot_id": null, "source_volid": null, "metadata": {}, "links": [{"rel": "self", "href": "http://10.201.9.223/volume/v3/volumes/cac63b3c-f1a0-4d35-8356-c6c689c05f16"}, {"rel": "bookmark", "href": "http://10.201.9.223/volume/volumes/cac63b3c-f1a0-4d35-8356-c6c689c05f16"}], "user_id": "cb67db714bad4b1f9d614c12d91431f9", "bootable": "false", "encrypted": false, "replication_status": null, "consistencygroup_id": null, "multiattach": false, "attachments": [], "group_id": null, "shared_targets": true, "service_uuid": null, "os-vol-tenant-attr:tenant_id": "54759fb798284ac1be365525a852cd21"}}'
2026-03-25 20:45:20,297 130085 INFO     [tempest.lib.common.rest_client] Request (VolumesTransfersV355Test:_run_cleanups): 202 DELETE http://10.201.9.223/volume/v3/volumes/cac63b3c-f1a0-4d35-8356-c6c689c05f16 0.071s
2026-03-25 20:45:20,298 130085 DEBUG    [tempest.lib.common.rest_client] Request - Headers: {'Content-Type': 'application/json', 'Accept': 'application/json', 'Openstack-Api-Version': 'volume 3.55', 'X-Auth-Token': '<omitted>'}
        Body: None
    Response - Headers: {'date': 'Wed, 25 Mar 2026 20:45:20 GMT', 'server': 'Apache/2.4.58 (Ubuntu)', 'content-length': '0', 'content-type': 'text/html; chars
    et=UTF-8', 'openstack-api-version': 'volume 3.55', 'vary': 'OpenStack-API-Version', 'x-openstack-request-id': 'req-d8ce8b20-9260-40ff-80b5-59cda53c1ab4', 'connection': 'close', 'status': '202', 'content-location': 'http://10.201.9.223/volume/v3/volumes/cac63b3c-f1a0-4d35-8356-c6c689c05f16'}
        Body: b''
2026-03-25 20:45:20,319 130085 INFO     [tempest.lib.common.rest_client] Request (VolumesTransfersV355Test:_run_cleanups): 404 GET http://10.201.9.223/volume/v3/volumes/cac63b3c-f1a0-4d35-8356-c6c689c05f16 0.020s
2026-03-25 20:45:20,319 130085 DEBUG    [tempest.lib.common.rest_client] Request - Headers: {'Content-Type': 'application/json', 'Accept': 'application/json', 'Openstack-Api-Version': 'volume 3.55', 'X-Auth-Token': '<omitted>'}
        Body: None
    Response - Headers: {'date': 'Wed, 25 Mar 2026 20:45:20 GMT', 'server': 'Apache/2.4.58 (Ubuntu)', 'openstack-api-version': 'volume 3.55', 'vary': 'OpenStack-API-Version', 'content-length': '109', 'content-type': 'application/json', 'x-compute-request-id': 'req-171f5ab3-2c03-4ac4-b6ee-52a5cf2799db', 'x-openstack-request-id': 'req-171f5ab3-2c03-4ac4-b6ee-52a5cf2799db', 'connection': 'close', 'status': '404', 'content-location': 'http://10.201.9.223/volume/v3/volumes/cac63b3c-f1a0-4d35-8356-c6c689c05f16'}
        Body: b'{"itemNotFound": {"code": 404, "message": "Volume cac63b3c-f1a0-4d35-8356-c6c689c05f16 could not be found."}}'

{0} tempest.api.volume.test_volume_transfers.VolumesTransfersV355Test.test_create_list_delete_volume_transfer [1.339202s] ... FAILED

Captured traceback:
~~~~~~~~~~~~~~~~~~~
    Traceback (most recent call last):

      File "/opt/stack/tempest/tempest/api/volume/test_volume_transfers.py", line 131, in test_create_list_delete_volume_transfer
    test_create_list_delete_volume_transfer()

      File "/opt/stack/tempest/tempest/api/volume/test_volume_transfers.py", line 81, in test_create_list_delete_volume_transfer
    volume = self.create_volume()
             ^^^^^^^^^^^^^^^^^^^^

      File "/opt/stack/tempest/tempest/api/volume/base.py", line 144, in create_volume
    waiters.wait_for_volume_resource_status(self.volumes_client,

      File "/opt/stack/tempest/tempest/common/waiters.py", line 379, in wait_for_volume_resource_status
    raise exceptions.VolumeResourceBuildErrorException(

    tempest.exceptions.VolumeResourceBuildErrorException: volume e5201b0a-7f94-4a71-aece-0818db656b48 failed to build and is in ERROR status


Captured pythonlogging:
~~~~~~~~~~~~~~~~~~~~~~~
    2026-03-25 20:45:20,473 130085 INFO     [tempest.lib.common.rest_client] Request (VolumesTransfersV355Test:test_create_list_delete_volume_transfer): 202 POST http://10.201.9.223/volume/v3/volumes 0.149s
2026-03-25 20:45:20,474 130085 DEBUG    [tempest.lib.common.rest_client] Request - Headers: {'Content-Type': 'application/json', 'Accept': 'application/json', 'Openstack-Api-Version': 'volume 3.55', 'X-Auth-Token': '<omitted>'}
        Body: {"volume": {"size": 1, "name": "tempest-VolumesTransfersV355Test-Volume-614931302"}}
    Response - Headers: {'date': 'Wed, 25 Mar 2026 20:45:20 GMT', 'server': 'Apache/2.4.58 (Ubuntu)', 'content-type': 'application/json', 'x-compute-request-id': 'req-ebe63b55-de5b-4928-9bdb-e2a0344bc361', 'content-length': '817', 'openstack-api-version': 'volume 3.55', 'vary': 'OpenStack-API-Version', 'x-openstack-request-id': 'req-ebe63b55-de5b-4928-9bdb-e2a0344bc361', 'connection': 'close', 'status': '202', 'content-location': 'http://10.201.9.223/volume/v3/volumes'}
        Body: b'{"volume": {"id": "e5201b0a-7f94-4a71-aece-0818db656b48", "status": "creating", "size": 1, "availability_zone": "nova", "created_at": "2026-03-25T20:45:20.415261", "updated_at": null, "name": "tempest-VolumesTransfersV355Test-Volume-614931302", "description": null, "volume_type": "3par1", "snapshot_id": null, "source_volid": null, "metadata": {}, "links": [{"rel": "self", "href": "http://10.201.9.223/volume/v3/volumes/e5201b0a-7f94-4a71-aece-0818db656b48"}, {"rel": "bookmark", "href": "http://10.201.9.223/volume/volumes/e5201b0a-7f94-4a71-aece-0818db656b48"}], "user_id": "cb67db714bad4b1f9d614c12d91431f9", "bootable": "false", "encrypted": false, "replication_status": null, "consistencygroup_id": null, "multiattach": false, "attachments": [], "group_id": null, "shared_targets": true, "service_uuid": null}}'
2026-03-25 20:45:20,504 130085 INFO     [tempest.lib.common.rest_client] Request (VolumesTransfersV355Test:test_create_list_delete_volume_transfer): 200 GET http://10.201.9.223/volume/v3/volumes/e5201b0a-7f94-4a71-aece-0818db656b48 0.026s
2026-03-25 20:45:20,505 130085 DEBUG    [tempest.lib.common.rest_client] Request - Headers: {'Content-Type': 'application/json', 'Accept': 'application/json', 'Openstack-Api-Version': 'volume 3.55', 'X-Auth-Token': '<omitted>'}
        Body: None
    Response - Headers: {'date': 'Wed, 25 Mar 2026 20:45:20 GMT', 'server': 'Apache/2.4.58 (Ubuntu)', 'content-type': 'application/json', 'x-compute-request-id': 'req-95e8e806-4e06-4e44-b1e9-8d6dba7b4ece', 'content-length': '885', 'openstack-api-version': 'volume 3.55', 'vary': 'OpenStack-API-Version', 'x-openstack-request-id': 'req-95e8e806-4e06-4e44-b1e9-8d6dba7b4ece', 'connection': 'close', 'status': '200', 'content-location': 'http://10.201.9.223/volume/v3/volumes/e5201b0a-7f94-4a71-aece-0818db656b48'}
        Body: b'{"volume": {"id": "e5201b0a-7f94-4a71-aece-0818db656b48", "status": "creating", "size": 1, "availability_zone": "nova", "created_at": "2026-03-25T20:45:20.000000", "updated_at": null, "name": "tempest-VolumesTransfersV355Test-Volume-614931302", "description": null, "volume_type": "3par1", "snapshot_id": null, "source_volid": null, "metadata": {}, "links": [{"rel": "self", "href": "http://10.201.9.223/volume/v3/volumes/e5201b0a-7f94-4a71-aece-0818db656b48"}, {"rel": "bookmark", "href": "http://10.201.9.223/volume/volumes/e5201b0a-7f94-4a71-aece-0818db656b48"}], "user_id": "cb67db714bad4b1f9d614c12d91431f9", "bootable": "false", "encrypted": false, "replication_status": null, "consistencygroup_id": null, "multiattach": false, "attachments": [], "group_id": null, "shared_targets": true, "service_uuid": null, "os-vol-tenant-attr:tenant_id": "54759fb798284ac1be365525a852cd21"}}'
2026-03-25 20:45:21,542 130085 INFO     [tempest.lib.common.rest_client] Request (VolumesTransfersV355Test:test_create_list_delete_volume_transfer): 200 GET http://10.201.9.223/volume/v3/volumes/e5201b0a-7f94-4a71-aece-0818db656b48 0.032s
2026-03-25 20:45:21,542 130085 DEBUG    [tempest.lib.common.rest_client] Request - Headers: {'Content-Type': 'applic
    ation/json', 'Accept': 'application/json', 'Openstack-Api-Version': 'volume 3.55', 'X-Auth-Token': '<omitted>'}
        Body: None
    Response - Headers: {'date': 'Wed, 25 Mar 2026 20:45:21 GMT', 'server': 'Apache/2.4.58 (Ubuntu)', 'content-type': 'application/json', 'x-compute-request-id': 'req-71060190-0391-4302-9f5e-6c365646cf2a', 'content-length': '906', 'openstack-api-version': 'volume 3.55', 'vary': 'OpenStack-API-Version', 'x-openstack-request-id': 'req-71060190-0391-4302-9f5e-6c365646cf2a', 'connection': 'close', 'status': '200', 'content-location': 'http://10.201.9.223/volume/v3/volumes/e5201b0a-7f94-4a71-aece-0818db656b48'}
        Body: b'{"volume": {"id": "e5201b0a-7f94-4a71-aece-0818db656b48", "status": "error", "size": 1, "availability_zone": "nova", "created_at": "2026-03-25T20:45:20.000000", "updated_at": "2026-03-25T20:45:21.000000", "name": "tempest-VolumesTransfersV355Test-Volume-614931302", "description": null, "volume_type": "3par1", "snapshot_id": null, "source_volid": null, "metadata": {}, "links": [{"rel": "self", "href": "http://10.201.9.223/volume/v3/volumes/e5201b0a-7f94-4a71-aece-0818db656b48"}, {"rel": "bookmark", "href": "http://10.201.9.223/volume/volumes/e5201b0a-7f94-4a71-aece-0818db656b48"}], "user_id": "cb67db714bad4b1f9d614c12d91431f9", "bootable": "false", "encrypted": false, "replication_status": null, "consistencygroup_id": null, "multiattach": false, "attachments": [], "group_id": null, "shared_targets": true, "service_uuid": null, "os-vol-tenant-attr:tenant_id": "54759fb798284ac1be365525a852cd21"}}'
2026-03-25 20:45:21,575 130085 INFO     [tempest.lib.common.rest_client] Request (VolumesTransfersV355Test:_run_cleanups): 200 GET http://10.201.9.223/volume/v3/volumes/e5201b0a-7f94-4a71-aece-0818db656b48 0.028s
2026-03-25 20:45:21,575 130085 DEBUG    [tempest.lib.common.rest_client] Request - Headers: {'Content-Type': 'application/json', 'Accept': 'application/json', 'Openstack-Api-Version': 'volume 3.55', 'X-Auth-Token': '<omitted>'}
        Body: None
    Response - Headers: {'date': 'Wed, 25 Mar 2026 20:45:21 GMT', 'server': 'Apache/2.4.58 (Ubuntu)', 'content-type': 'application/json', 'x-compute-request-id': 'req-6d95665f-9d56-42d9-93be-9130b2472c8f', 'content-length': '906', 'openstack-api-version': 'volume 3.55', 'vary': 'OpenStack-API-Version', 'x-openstack-request-id': 'req-6d95665f-9d56-42d9-93be-9130b2472c8f', 'connection': 'close', 'status': '200', 'content-location': 'http://10.201.9.223/volume/v3/volumes/e5201b0a-7f94-4a71-aece-0818db656b48'}
        Body: b'{"volume": {"id": "e5201b0a-7f94-4a71-aece-0818db656b48", "status": "error", "size": 1, "availability_zone": "nova", "created_at": "2026-03-25T20:45:20.000000", "updated_at": "2026-03-25T20:45:21.000000", "name": "tempest-VolumesTransfersV355Test-Volume-614931302", "description": null, "volume_type": "3par1", "snapshot_id": null, "source_volid": null, "metadata": {}, "links": [{"rel": "self", "href": "http://10.201.9.223/volume/v3/volumes/e5201b0a-7f94-4a71-aece-0818db656b48"}, {"rel": "bookmark", "href": "http://10.201.9.223/volume/volumes/e5201b0a-7f94-4a71-aece-0818db656b48"}], "user_id": "cb67db714bad4b1f9d614c12d91431f9", "bootable": "false", "encrypted": false, "replication_status": null, "consistencygroup_id": null, "multiattach": false, "attachments": [], "group_id": null, "shared_targets": true, "service_uuid": null, "os-vol-tenant-attr:tenant_id": "54759fb798284ac1be365525a852cd21"}}'
2026-03-25 20:45:21,645 130085 INFO     [tempest.lib.common.rest_client] Request (VolumesTransfersV355Test:_run_cleanups): 202 DELETE http://10.201.9.223/volume/v3/volumes/e5201b0a-7f94-4a71-aece-0818db656b48 0.062s
2026-03-25 20:45:21,645 130085 DEBUG    [tempest.lib.common.rest_client] Request - Headers: {'Content-Type': 'application/json', 'Accept': 'application/json', 'Openstack-Api-Version': 'volume 3.55', 'X-Auth-Token': '<omitted>'}
        Body: None
    Response - Headers: {'date': 'Wed, 25 Mar 2026 20:45:21 GMT', 'server': 'Apache/2.4.58 (Ubuntu)', 'content-length': '0', 'content-type': 'text/html; charset=UTF-8', '
    openstack-api-version': 'volume 3.55', 'vary': 'OpenStack-API-Version', 'x-openstack-request-id': 'req-866f4195-78d1-4dc5-939a-85c5c657ddcd', 'connection': 'close', 'status': '202', 'content-location': 'http://10.201.9.223/volume/v3/volumes/e5201b0a-7f94-4a71-aece-0818db656b48'}
        Body: b''
2026-03-25 20:45:21,662 130085 INFO     [tempest.lib.common.rest_client] Request (VolumesTransfersV355Test:_run_cleanups): 404 GET http://10.201.9.223/volume/v3/volumes/e5201b0a-7f94-4a71-aece-0818db656b48 0.017s
2026-03-25 20:45:21,662 130085 DEBUG    [tempest.lib.common.rest_client] Request - Headers: {'Content-Type': 'application/json', 'Accept': 'application/json', 'Openstack-Api-Version': 'volume 3.55', 'X-Auth-Token': '<omitted>'}
        Body: None
    Response - Headers: {'date': 'Wed, 25 Mar 2026 20:45:21 GMT', 'server': 'Apache/2.4.58 (Ubuntu)', 'openstack-api-version': 'volume 3.55', 'vary': 'OpenStack-API-Version', 'content-length': '109', 'content-type': 'application/json', 'x-compute-request-id': 'req-95546821-71ba-4c83-add9-5ecc0a042483', 'x-openstack-request-id': 'req-95546821-71ba-4c83-add9-5ecc0a042483', 'connection': 'close', 'status': '404', 'content-location': 'http://10.201.9.223/volume/v3/volumes/e5201b0a-7f94-4a71-aece-0818db656b48'}
        Body: b'{"itemNotFound": {"code": 404, "message": "Volume e5201b0a-7f94-4a71-aece-0818db656b48 could not be found."}}'

{0} tempest.api.volume.test_volume_transfers.VolumesTransfersV357Test.test_create_get_list_accept_volume_transfer [1.406486s] ... FAILED

Captured traceback:
~~~~~~~~~~~~~~~~~~~
    Traceback (most recent call last):

      File "/opt/stack/tempest/tempest/api/volume/test_volume_transfers.py", line 144, in test_create_get_list_accept_volume_transfer
    test_create_get_list_accept_volume_transfer()

      File "/opt/stack/tempest/tempest/api/volume/test_volume_transfers.py", line 125, in test_create_get_list_accept_volume_transfer
    test_create_get_list_accept_volume_transfer()

      File "/opt/stack/tempest/tempest/api/volume/test_volume_transfers.py", line 40, in test_create_get_list_accept_volume_transfer
    volume = self.create_volume()
             ^^^^^^^^^^^^^^^^^^^^

      File "/opt/stack/tempest/tempest/api/volume/base.py", line 144, in create_volume
    waiters.wait_for_volume_resource_status(self.volumes_client,

      File "/opt/stack/tempest/tempest/common/waiters.py", line 379, in wait_for_volume_resource_status
    raise exceptions.VolumeResourceBuildErrorException(

    tempest.exceptions.VolumeResourceBuildErrorException: volume 9a9e69bd-332f-47e3-ba2d-e8934aa2ca4e failed to build and is in ERROR status


Captured pythonlogging:
~~~~~~~~~~~~~~~~~~~~~~~
    2026-03-25 20:45:24,641 130085 INFO     [tempest.lib.common.rest_client] Request (VolumesTransfersV357Test:test_create_get_list_accept_volume_transfer): 202 POST http://10.201.9.223/volume/v3/volumes 0.225s
2026-03-25 20:45:24,642 130085 DEBUG    [tempest.lib.common.rest_client] Request - Headers: {'Content-Type': 'application/json', 'Accept': 'application/json', 'Openstack-Api-Version': 'volume 3.57', 'X-Auth-Token': '<omitted>'}
        Body: {"volume": {"size": 1, "name": "tempest-VolumesTransfersV357Test-Volume-770641139"}}
    Response - Headers: {'date': 'Wed, 25 Mar 2026 20:45:24 GMT', 'server': 'Apache/2.4.58 (Ubuntu)', 'content-type': 'application/json', 'x-compute-request-id': 'req-b0c34c14-737a-46fe-a5ca-d800460233a7', 'content-length': '817', 'openstack-api-version': 'volume 3.57', 'vary': 'OpenStack-API-Version', 'x-openstack-request-id': 'req-b0c34c14-737a-46fe-a5ca-d800460233a7', 'connection': 'close', 'status': '202', 'content-location': 'http://10.201.9.223/volume/v3/volumes'}
        Body: b'{"volume": {"id": "9a9e69bd-332f-47e3-ba2d-e8934aa2ca4e", "status": "creating", "size": 1, "availability_zone": "nova", "created_at": "2026-03-25T20:45:24.593994", "updated_at": null, "name": "tempest-VolumesTransfersV357Test-Volume-770641139", "description": null, "volume_type": "3par1", "snapshot_id": null, "source_volid": null, "metadata": {}, "links": [{"rel": "self", "href": "http://10.201.9.223/volume/v3/volumes/9a9e69bd-332f-47e3-ba2d-e8934aa2ca4e"}, {"rel": "bookmark", "href": "http://10.201.9.223/volume/volumes/9a9e69bd-332f-47e3-ba2d-e8934aa2ca4e"}], "user_id": "b304b19d72ea4df8bf94a0f6ffdaec4e", "bootable": "false", "encrypted": false, "replication_status": null, "consistencygroup_id": null, "multiattach": false, "attachments": [], "group_id": null, "shared_targets": true, "service_uuid": null}}'
2026-03-25 20:45:24,671 130085 INFO     [tempest.lib.common.rest_client] Request (VolumesTransfersV357Test:test_create_get_list_accept_volume_transfer): 200 GET http://10.201.9.223/volume/v3/volumes/9a9e69bd-332f-47e3-ba2d-e8934aa2ca4e 0.019s
2026-03-25 20:45:24,671 130085 DEBUG    [tempest.lib.common.rest_client] Request - Headers: {'Content-Type': 'application/json', 'Accept': 'application/json', 'Openstack-Api-Version': 'volume 3.57', 'X-Auth-Token': '<omitted>'}
        Body: None
    Response - Headers: {'date': 'Wed, 25 Mar 2026 20:45:24 GMT', 'server': 'Apache/2.4.58 (Ubuntu)', 'content-type': 'application/json', 'x-compute-request-id': 'req-61515e0d-e0af-41c4-b0ef-8158c34faa9b', 'content-length': '885', 'openstack-api-version': 'volume 3.57', 'vary': 'OpenStack-API-Version', 'x-openstack-request-id': 'req-61515e0d-e0af-41c4-b0ef-8158c34faa9b', 'connection': 'close', 'status': '200', 'content-location': 'http://10.201.9.223/volume/v3/volumes/9a9e69bd-332f-47e3-ba2d-e8934aa2ca4e'}
        Body: b'{"volume": {"id": "9a9e69bd-332f-47e3-ba2d-e8934aa2ca4e", "status": "creating", "size": 1, "availability_zone": "nova", "created_at": "2026-03-25T20:45:25.000000", "updated_at": null, "name": "tempest-VolumesTransfersV357Test-Volume-770641139", "description": null, "volume_type": "3par1", "snapshot_id": null, "source_volid": null, "metadata": {}, "links": [{"rel": "self", "href": "http://10.201.9.223/volume/v3/volumes/9a9e69bd-332f-47e3-ba2d-e8934aa2ca4e"}, {"rel": "bookmark", "href": "http://10.201.9.223/volume/volumes/9a9e69bd-332f-47e3-ba2d-e8934aa2ca4e"}], "user_id": "b304b19d72ea4df8bf94a0f6ffdaec4e", "bootable": "false", "encrypted": false, "replication_status": null, "consistencygroup_id": null, "multiattach": false, "attachments": [], "group_id": null, "shared_targets": true, "service_uuid": null, "os-vol-tenant-attr:tenant_id": "47df6e4eb4ad4dea8e831eeeb8377e07"}}'
2026-03-25 20:45:25,719 130085 INFO     [tempest.lib.common.rest_client] Request (VolumesTransfersV357Test:test_create_get_list_accept_volume_transfer): 200 GET http://10.201.9.223/volume/v3/volumes/9a9e69bd-332f-47e3-ba2d-e8934aa2ca4e 0.043s
2026-03-25 20:45:25,719 130085 DEBUG    [tempest.lib.common.rest_client] Request - Headers: {'Content-Ty
    pe': 'application/json', 'Accept': 'application/json', 'Openstack-Api-Version': 'volume 3.57', 'X-Auth-Token': '<omitted>'}
        Body: None
    Response - Headers: {'date': 'Wed, 25 Mar 2026 20:45:25 GMT', 'server': 'Apache/2.4.58 (Ubuntu)', 'content-type': 'application/json', 'x-compute-request-id': 'req-3d43f25d-4f6b-4afa-8ad4-ee5ea98e88e1', 'content-length': '906', 'openstack-api-version': 'volume 3.57', 'vary': 'OpenStack-API-Version', 'x-openstack-request-id': 'req-3d43f25d-4f6b-4afa-8ad4-ee5ea98e88e1', 'connection': 'close', 'status': '200', 'content-location': 'http://10.201.9.223/volume/v3/volumes/9a9e69bd-332f-47e3-ba2d-e8934aa2ca4e'}
        Body: b'{"volume": {"id": "9a9e69bd-332f-47e3-ba2d-e8934aa2ca4e", "status": "error", "size": 1, "availability_zone": "nova", "created_at": "2026-03-25T20:45:25.000000", "updated_at": "2026-03-25T20:45:25.000000", "name": "tempest-VolumesTransfersV357Test-Volume-770641139", "description": null, "volume_type": "3par1", "snapshot_id": null, "source_volid": null, "metadata": {}, "links": [{"rel": "self", "href": "http://10.201.9.223/volume/v3/volumes/9a9e69bd-332f-47e3-ba2d-e8934aa2ca4e"}, {"rel": "bookmark", "href": "http://10.201.9.223/volume/volumes/9a9e69bd-332f-47e3-ba2d-e8934aa2ca4e"}], "user_id": "b304b19d72ea4df8bf94a0f6ffdaec4e", "bootable": "false", "encrypted": false, "replication_status": null, "consistencygroup_id": null, "multiattach": false, "attachments": [], "group_id": null, "shared_targets": true, "service_uuid": null, "os-vol-tenant-attr:tenant_id": "47df6e4eb4ad4dea8e831eeeb8377e07"}}'
2026-03-25 20:45:25,745 130085 INFO     [tempest.lib.common.rest_client] Request (VolumesTransfersV357Test:_run_cleanups): 200 GET http://10.201.9.223/volume/v3/volumes/9a9e69bd-332f-47e3-ba2d-e8934aa2ca4e 0.020s
2026-03-25 20:45:25,746 130085 DEBUG    [tempest.lib.common.rest_client] Request - Headers: {'Content-Type': 'application/json', 'Accept': 'application/json', 'Openstack-Api-Version': 'volume 3.57', 'X-Auth-Token': '<omitted>'}
        Body: None
    Response - Headers: {'date': 'Wed, 25 Mar 2026 20:45:25 GMT', 'server': 'Apache/2.4.58 (Ubuntu)', 'content-type': 'application/json', 'x-compute-request-id': 'req-9cf74917-adfe-4ea1-839b-2c49e6f5cf3c', 'content-length': '906', 'openstack-api-version': 'volume 3.57', 'vary': 'OpenStack-API-Version', 'x-openstack-request-id': 'req-9cf74917-adfe-4ea1-839b-2c49e6f5cf3c', 'connection': 'close', 'status': '200', 'content-location': 'http://10.201.9.223/volume/v3/volumes/9a9e69bd-332f-47e3-ba2d-e8934aa2ca4e'}
        Body: b'{"volume": {"id": "9a9e69bd-332f-47e3-ba2d-e8934aa2ca4e", "status": "error", "size": 1, "availability_zone": "nova", "created_at": "2026-03-25T20:45:25.000000", "updated_at": "2026-03-25T20:45:25.000000", "name": "tempest-VolumesTransfersV357Test-Volume-770641139", "description": null, "volume_type": "3par1", "snapshot_id": null, "source_volid": null, "metadata": {}, "links": [{"rel": "self", "href": "http://10.201.9.223/volume/v3/volumes/9a9e69bd-332f-47e3-ba2d-e8934aa2ca4e"}, {"rel": "bookmark", "href": "http://10.201.9.223/volume/volumes/9a9e69bd-332f-47e3-ba2d-e8934aa2ca4e"}], "user_id": "b304b19d72ea4df8bf94a0f6ffdaec4e", "bootable": "false", "encrypted": false, "replication_status": null, "consistencygroup_id": null, "multiattach": false, "attachments": [], "group_id": null, "shared_targets": true, "service_uuid": null, "os-vol-tenant-attr:tenant_id": "47df6e4eb4ad4dea8e831eeeb8377e07"}}'
2026-03-25 20:45:25,811 130085 INFO     [tempest.lib.common.rest_client] Request (VolumesTransfersV357Test:_run_cleanups): 202 DELETE http://10.201.9.223/volume/v3/volumes/9a9e69bd-332f-47e3-ba2d-e8934aa2ca4e 0.061s
2026-03-25 20:45:25,812 130085 DEBUG    [tempest.lib.common.rest_client] Request - Headers: {'Content-Type': 'application/json', 'Accept': 'application/json', 'Openstack-Api-Version': 'volume 3.57', 'X-Auth-Token': '<omitted>'}
        Body: None
    Response - Headers: {'date': 'Wed, 25 Mar 2026 20:45:25 GMT', 'server': 'Apache/2.4.58 (Ubuntu)', 'content-length': '0', 'content-type': 'text/html; chars
    et=UTF-8', 'openstack-api-version': 'volume 3.57', 'vary': 'OpenStack-API-Version', 'x-openstack-request-id': 'req-8c908288-7f9d-49cb-b234-fca59a2b74ad', 'connection': 'close', 'status': '202', 'content-location': 'http://10.201.9.223/volume/v3/volumes/9a9e69bd-332f-47e3-ba2d-e8934aa2ca4e'}
        Body: b''
2026-03-25 20:45:25,822 130085 INFO     [tempest.lib.common.rest_client] Request (VolumesTransfersV357Test:_run_cleanups): 404 GET http://10.201.9.223/volume/v3/volumes/9a9e69bd-332f-47e3-ba2d-e8934aa2ca4e 0.010s
2026-03-25 20:45:25,822 130085 DEBUG    [tempest.lib.common.rest_client] Request - Headers: {'Content-Type': 'application/json', 'Accept': 'application/json', 'Openstack-Api-Version': 'volume 3.57', 'X-Auth-Token': '<omitted>'}
        Body: None
    Response - Headers: {'date': 'Wed, 25 Mar 2026 20:45:25 GMT', 'server': 'Apache/2.4.58 (Ubuntu)', 'openstack-api-version': 'volume 3.57', 'vary': 'OpenStack-API-Version', 'content-length': '109', 'content-type': 'application/json', 'x-compute-request-id': 'req-26e224dc-aae4-4355-842f-baa0dd49208c', 'x-openstack-request-id': 'req-26e224dc-aae4-4355-842f-baa0dd49208c', 'connection': 'close', 'status': '404', 'content-location': 'http://10.201.9.223/volume/v3/volumes/9a9e69bd-332f-47e3-ba2d-e8934aa2ca4e'}
        Body: b'{"itemNotFound": {"code": 404, "message": "Volume 9a9e69bd-332f-47e3-ba2d-e8934aa2ca4e could not be found."}}'

{0} tempest.api.volume.test_volume_transfers.VolumesTransfersV357Test.test_create_list_delete_volume_transfer [1.307114s] ... FAILED

Captured traceback:
~~~~~~~~~~~~~~~~~~~
    Traceback (most recent call last):

      File "/opt/stack/tempest/tempest/api/volume/test_volume_transfers.py", line 150, in test_create_list_delete_volume_transfer
    test_create_list_delete_volume_transfer()

      File "/opt/stack/tempest/tempest/api/volume/test_volume_transfers.py", line 131, in test_create_list_delete_volume_transfer
    test_create_list_delete_volume_transfer()

      File "/opt/stack/tempest/tempest/api/volume/test_volume_transfers.py", line 81, in test_create_list_delete_volume_transfer
    volume = self.create_volume()
             ^^^^^^^^^^^^^^^^^^^^

      File "/opt/stack/tempest/tempest/api/volume/base.py", line 144, in create_volume
    waiters.wait_for_volume_resource_status(self.volumes_client,

      File "/opt/stack/tempest/tempest/common/waiters.py", line 379, in wait_for_volume_resource_status
    raise exceptions.VolumeResourceBuildErrorException(

    tempest.exceptions.VolumeResourceBuildErrorException: volume a9cd88d6-f019-4185-9964-de845358943f failed to build and is in ERROR status


Captured pythonlogging:
~~~~~~~~~~~~~~~~~~~~~~~
    2026-03-25 20:45:25,949 130085 INFO     [tempest.lib.common.rest_client] Request (VolumesTransfersV357Test:test_create_list_delete_volume_transfer): 202 POST http://10.201.9.223/volume/v3/volumes 0.125s
2026-03-25 20:45:25,949 130085 DEBUG    [tempest.lib.common.rest_client] Request - Headers: {'Content-Type': 'application/json', 'Accept': 'application/json', 'Openstack-Api-Version': 'volume 3.57', 'X-Auth-Token': '<omitted>'}
        Body: {"volume": {"size": 1, "name": "tempest-VolumesTransfersV357Test-Volume-2091462225"}}
    Response - Headers: {'date': 'Wed, 25 Mar 2026 20:45:25 GMT', 'server': 'Apache/2.4.58 (Ubuntu)', 'content-type': 'application/json', 'x-compute-request-id': 'req-edf89e45-8e66-4442-a6c6-129c33d96873', 'content-length': '818', 'openstack-api-version': 'volume 3.57', 'vary': 'OpenStack-API-Version', 'x-openstack-request-id': 'req-edf89e45-8e66-4442-a6c6-129c33d96873', 'connection': 'close', 'status': '202', 'content-location': 'http://10.201.9.223/volume/v3/volumes'}
        Body: b'{"volume": {"id": "a9cd88d6-f019-4185-9964-de845358943f", "status": "creating", "size": 1, "availability_zone": "nova", "created_at": "2026-03-25T20:45:25.903244", "updated_at": null, "name": "tempest-VolumesTransfersV357Test-Volume-2091462225", "description": null, "volume_type": "3par1", "snapshot_id": null, "source_volid": null, "metadata": {}, "links": [{"rel": "self", "href": "http://10.201.9.223/volume/v3/volumes/a9cd88d6-f019-4185-9964-de845358943f"}, {"rel": "bookmark", "href": "http://10.201.9.223/volume/volumes/a9cd88d6-f019-4185-9964-de845358943f"}], "user_id": "b304b19d72ea4df8bf94a0f6ffdaec4e", "bootable": "false", "encrypted": false, "replication_status": null, "consistencygroup_id": null, "multiattach": false, "attachments": [], "group_id": null, "shared_targets": true, "service_uuid": null}}'
2026-03-25 20:45:25,972 130085 INFO     [tempest.lib.common.rest_client] Request (VolumesTransfersV357Test:test_create_list_delete_volume_transfer): 200 GET http://10.201.9.223/volume/v3/volumes/a9cd88d6-f019-4185-9964-de845358943f 0.018s
2026-03-25 20:45:25,972 130085 DEBUG    [tempest.lib.common.rest_client] Request - Headers: {'Content-Type': 'application/json', 'Accept': 'application/json', 'Openstack-Api-Version': 'volume 3.57', 'X-Auth-Token': '<omitted>'}
        Body: None
    Response - Headers: {'date': 'Wed, 25 Mar 2026 20:45:25 GMT', 'server': 'Apache/2.4.58 (Ubuntu)', 'content-type': 'application/json', 'x-compute-request-id': 'req-d68080ca-970d-47d2-86e3-be0297e6c25f', 'content-length': '886', 'openstack-api-version': 'volume 3.57', 'vary': 'OpenStack-API-Version', 'x-openstack-request-id': 'req-d68080ca-970d-47d2-86e3-be0297e6c25f', 'connection': 'close', 'status': '200', 'content-location': 'http://10.201.9.223/volume/v3/volumes/a9cd88d6-f019-4185-9964-de845358943f'}
        Body: b'{"volume": {"id": "a9cd88d6-f019-4185-9964-de845358943f", "status": "creating", "size": 1, "availability_zone": "nova", "created_at": "2026-03-25T20:45:26.000000", "updated_at": null, "name": "tempest-VolumesTransfersV357Test-Volume-2091462225", "description": null, "volume_type": "3par1", "snapshot_id": null, "source_volid": null, "metadata": {}, "links": [{"rel": "self", "href": "http://10.201.9.223/volume/v3/volumes/a9cd88d6-f019-4185-9964-de845358943f"}, {"rel": "bookmark", "href": "http://10.201.9.223/volume/volumes/a9cd88d6-f019-4185-9964-de845358943f"}], "user_id": "b304b19d72ea4df8bf94a0f6ffdaec4e", "bootable": "false", "encrypted": false, "replication_status": null, "consistencygroup_id": null, "multiattach": false, "attachments": [], "group_id": null, "shared_targets": true, "service_uuid": null, "os-vol-tenant-attr:tenant_id": "47df6e4eb4ad4dea8e831eeeb8377e07"}}'
2026-03-25 20:45:27,009 130085 INFO     [tempest.lib.common.rest_client] Request (VolumesTransfersV357Test:test_create_list_delete_volume_transfer): 200 GET http://10.201.9.223/volume/v3/volumes/a9cd88d6-f019-4185-9964-de845358943f 0.032s
2026-03-25 20:45:27,010 130085 DEBUG    [tempest.lib.common.rest_client] Request - Headers: {'Content-Type': 'app
    lication/json', 'Accept': 'application/json', 'Openstack-Api-Version': 'volume 3.57', 'X-Auth-Token': '<omitted>'}
        Body: None
    Response - Headers: {'date': 'Wed, 25 Mar 2026 20:45:26 GMT', 'server': 'Apache/2.4.58 (Ubuntu)', 'content-type': 'application/json', 'x-compute-request-id': 'req-d5cd6026-faf8-4d5f-8a23-00102f1a19e8', 'content-length': '907', 'openstack-api-version': 'volume 3.57', 'vary': 'OpenStack-API-Version', 'x-openstack-request-id': 'req-d5cd6026-faf8-4d5f-8a23-00102f1a19e8', 'connection': 'close', 'status': '200', 'content-location': 'http://10.201.9.223/volume/v3/volumes/a9cd88d6-f019-4185-9964-de845358943f'}
        Body: b'{"volume": {"id": "a9cd88d6-f019-4185-9964-de845358943f", "status": "error", "size": 1, "availability_zone": "nova", "created_at": "2026-03-25T20:45:26.000000", "updated_at": "2026-03-25T20:45:26.000000", "name": "tempest-VolumesTransfersV357Test-Volume-2091462225", "description": null, "volume_type": "3par1", "snapshot_id": null, "source_volid": null, "metadata": {}, "links": [{"rel": "self", "href": "http://10.201.9.223/volume/v3/volumes/a9cd88d6-f019-4185-9964-de845358943f"}, {"rel": "bookmark", "href": "http://10.201.9.223/volume/volumes/a9cd88d6-f019-4185-9964-de845358943f"}], "user_id": "b304b19d72ea4df8bf94a0f6ffdaec4e", "bootable": "false", "encrypted": false, "replication_status": null, "consistencygroup_id": null, "multiattach": false, "attachments": [], "group_id": null, "shared_targets": true, "service_uuid": null, "os-vol-tenant-attr:tenant_id": "47df6e4eb4ad4dea8e831eeeb8377e07"}}'
2026-03-25 20:45:27,044 130085 INFO     [tempest.lib.common.rest_client] Request (VolumesTransfersV357Test:_run_cleanups): 200 GET http://10.201.9.223/volume/v3/volumes/a9cd88d6-f019-4185-9964-de845358943f 0.022s
2026-03-25 20:45:27,044 130085 DEBUG    [tempest.lib.common.rest_client] Request - Headers: {'Content-Type': 'application/json', 'Accept': 'application/json', 'Openstack-Api-Version': 'volume 3.57', 'X-Auth-Token': '<omitted>'}
        Body: None
    Response - Headers: {'date': 'Wed, 25 Mar 2026 20:45:27 GMT', 'server': 'Apache/2.4.58 (Ubuntu)', 'content-type': 'application/json', 'x-compute-request-id': 'req-834bacbd-9ba6-4f21-9262-0807cb17649c', 'content-length': '907', 'openstack-api-version': 'volume 3.57', 'vary': 'OpenStack-API-Version', 'x-openstack-request-id': 'req-834bacbd-9ba6-4f21-9262-0807cb17649c', 'connection': 'close', 'status': '200', 'content-location': 'http://10.201.9.223/volume/v3/volumes/a9cd88d6-f019-4185-9964-de845358943f'}
        Body: b'{"volume": {"id": "a9cd88d6-f019-4185-9964-de845358943f", "status": "error", "size": 1, "availability_zone": "nova", "created_at": "2026-03-25T20:45:26.000000", "updated_at": "2026-03-25T20:45:26.000000", "name": "tempest-VolumesTransfersV357Test-Volume-2091462225", "description": null, "volume_type": "3par1", "snapshot_id": null, "source_volid": null, "metadata": {}, "links": [{"rel": "self", "href": "http://10.201.9.223/volume/v3/volumes/a9cd88d6-f019-4185-9964-de845358943f"}, {"rel": "bookmark", "href": "http://10.201.9.223/volume/volumes/a9cd88d6-f019-4185-9964-de845358943f"}], "user_id": "b304b19d72ea4df8bf94a0f6ffdaec4e", "bootable": "false", "encrypted": false, "replication_status": null, "consistencygroup_id": null, "multiattach": false, "attachments": [], "group_id": null, "shared_targets": true, "service_uuid": null, "os-vol-tenant-attr:tenant_id": "47df6e4eb4ad4dea8e831eeeb8377e07"}}'
2026-03-25 20:45:27,113 130085 INFO     [tempest.lib.common.rest_client] Request (VolumesTransfersV357Test:_run_cleanups): 202 DELETE http://10.201.9.223/volume/v3/volumes/a9cd88d6-f019-4185-9964-de845358943f 0.065s
2026-03-25 20:45:27,114 130085 DEBUG    [tempest.lib.common.rest_client] Request - Headers: {'Content-Type': 'application/json', 'Accept': 'application/json', 'Openstack-Api-Version': 'volume 3.57', 'X-Auth-Token': '<omitted>'}
        Body: None
    Response - Headers: {'date': 'Wed, 25 Mar 2026 20:45:27 GMT', 'server': 'Apache/2.4.58 (Ubuntu)', 'content-length': '0', 'content-type': 'text/html; charset=UTF-
    8', 'openstack-api-version': 'volume 3.57', 'vary': 'OpenStack-API-Version', 'x-openstack-request-id': 'req-52449f33-2e07-48f0-803e-61dc30bc8c1e', 'connection': 'close', 'status': '202', 'content-location': 'http://10.201.9.223/volume/v3/volumes/a9cd88d6-f019-4185-9964-de845358943f'}
        Body: b''
2026-03-25 20:45:27,130 130085 INFO     [tempest.lib.common.rest_client] Request (VolumesTransfersV357Test:_run_cleanups): 404 GET http://10.201.9.223/volume/v3/volumes/a9cd88d6-f019-4185-9964-de845358943f 0.015s
2026-03-25 20:45:27,130 130085 DEBUG    [tempest.lib.common.rest_client] Request - Headers: {'Content-Type': 'application/json', 'Accept': 'application/json', 'Openstack-Api-Version': 'volume 3.57', 'X-Auth-Token': '<omitted>'}
        Body: None
    Response - Headers: {'date': 'Wed, 25 Mar 2026 20:45:27 GMT', 'server': 'Apache/2.4.58 (Ubuntu)', 'openstack-api-version': 'volume 3.57', 'vary': 'OpenStack-API-Version', 'content-length': '109', 'content-type': 'application/json', 'x-compute-request-id': 'req-e91a1a04-c0dd-4fcb-a32b-f6c5f0592052', 'x-openstack-request-id': 'req-e91a1a04-c0dd-4fcb-a32b-f6c5f0592052', 'connection': 'close', 'status': '404', 'content-location': 'http://10.201.9.223/volume/v3/volumes/a9cd88d6-f019-4185-9964-de845358943f'}
        Body: b'{"itemNotFound": {"code": 404, "message": "Volume a9cd88d6-f019-4185-9964-de845358943f could not be found."}}'

{0} tempest.api.volume.test_volumes_clone.VolumesCloneTest.test_create_from_volume [1.397113s] ... FAILED

Captured traceback:
~~~~~~~~~~~~~~~~~~~
    Traceback (most recent call last):

      File "/opt/stack/tempest/tempest/api/volume/test_volumes_clone.py", line 54, in test_create_from_volume
    src_vol = self.create_volume(size=src_size)
              ^^^^^^^^^^^^^^^^^^^^^^^^^^^^^^^^^

      File "/opt/stack/tempest/tempest/api/volume/base.py", line 144, in create_volume
    waiters.wait_for_volume_resource_status(self.volumes_client,

      File "/opt/stack/tempest/tempest/common/waiters.py", line 379, in wait_for_volume_resource_status
    raise exceptions.VolumeResourceBuildErrorException(

    tempest.exceptions.VolumeResourceBuildErrorException: volume f1600539-71ff-4aed-9160-21da8638269c failed to build and is in ERROR status


Captured pythonlogging:
~~~~~~~~~~~~~~~~~~~~~~~
    2026-03-25 20:45:29,580 130085 INFO     [tempest.lib.common.rest_client] Request (VolumesCloneTest:test_create_from_volume): 202 POST http://10.201.9.223/volume/v3/volumes 0.217s
2026-03-25 20:45:29,580 130085 DEBUG    [tempest.lib.common.rest_client] Request - Headers: {'Content-Type': 'application/json', 'Accept': 'application/json', 'X-Auth-Token': '<omitted>'}
        Body: {"volume": {"size": 1, "name": "tempest-VolumesCloneTest-Volume-167166127"}}
    Response - Headers: {'date': 'Wed, 25 Mar 2026 20:45:29 GMT', 'server': 'Apache/2.4.58 (Ubuntu)', 'content-type': 'application/json', 'x-compute-request-id': 'req-aa9990dd-00df-40a2-b07c-ec9091fd1448', 'content-length': '745', 'openstack-api-version': 'volume 3.0', 'vary': 'OpenStack-API-Version', 'x-openstack-request-id': 'req-aa9990dd-00df-40a2-b07c-ec9091fd1448', 'connection': 'close', 'status': '202', 'content-location': 'http://10.201.9.223/volume/v3/volumes'}
        Body: b'{"volume": {"id": "f1600539-71ff-4aed-9160-21da8638269c", "status": "creating", "size": 1, "availability_zone": "nova", "created_at": "2026-03-25T20:45:29.527888", "updated_at": null, "name": "tempest-VolumesCloneTest-Volume-167166127", "description": null, "volume_type": "3par1", "snapshot_id": null, "source_volid": null, "metadata": {}, "links": [{"rel": "self", "href": "http://10.201.9.223/volume/v3/volumes/f1600539-71ff-4aed-9160-21da8638269c"}, {"rel": "bookmark", "href": "http://10.201.9.223/volume/volumes/f1600539-71ff-4aed-9160-21da8638269c"}], "user_id": "e987a8d123db48078dae3c2450c8ba7b", "bootable": "false", "encrypted": false, "replication_status": null, "consistencygroup_id": null, "multiattach": false, "attachments": []}}'
2026-03-25 20:45:29,612 130085 INFO     [tempest.lib.common.rest_client] Request (VolumesCloneTest:test_create_from_volume): 200 GET http://10.201.9.223/volume/v3/volumes/f1600539-71ff-4aed-9160-21da8638269c 0.025s
2026-03-25 20:45:29,612 130085 DEBUG    [tempest.lib.common.rest_client] Request - Headers: {'Content-Type': 'application/json', 'Accept': 'application/json', 'X-Auth-Token': '<omitted>'}
        Body: None
    Response - Headers: {'date': 'Wed, 25 Mar 2026 20:45:29 GMT', 'server': 'Apache/2.4.58 (Ubuntu)', 'content-type': 'application/json', 'x-compute-request-id': 'req-c6ecee69-d59c-41d8-9f00-d7a16092007d', 'content-length': '813', 'openstack-api-version': 'volume 3.0', 'vary': 'OpenStack-API-Version', 'x-openstack-request-id': 'req-c6ecee69-d59c-41d8-9f00-d7a16092007d', 'connection': 'close', 'status': '200', 'content-location': 'http://10.201.9.223/volume/v3/volumes/f1600539-71ff-4aed-9160-21da8638269c'}
        Body: b'{"volume": {"id": "f1600539-71ff-4aed-9160-21da8638269c", "status": "creating", "size": 1, "availability_zone": "nova", "created_at": "2026-03-25T20:45:30.000000", "updated_at": null, "name": "tempest-VolumesCloneTest-Volume-167166127", "description": null, "volume_type": "3par1", "snapshot_id": null, "source_volid": null, "metadata": {}, "links": [{"rel": "self", "href": "http://10.201.9.223/volume/v3/volumes/f1600539-71ff-4aed-9160-21da8638269c"}, {"rel": "bookmark", "href": "http://10.201.9.223/volume/volumes/f1600539-71ff-4aed-9160-21da8638269c"}], "user_id": "e987a8d123db48078dae3c2450c8ba7b", "bootable": "false", "encrypted": false, "replication_status": null, "consistencygroup_id": null, "multiattach": false, "attachments": [], "os-vol-tenant-attr:tenant_id": "011ee6b2d72f438dadd0ccf9709bcfaf"}}'
2026-03-25 20:45:30,647 130085 INFO     [tempest.lib.common.rest_client] Request (VolumesCloneTest:test_create_from_volume): 200 GET http://10.201.9.223/volume/v3/volumes/f1600539-71ff-4aed-9160-21da8638269c 0.030s
2026-03-25 20:45:30,647 130085 DEBUG    [tempest.lib.common.rest_client] Request - Headers: {'Content-Type': 'application/json', 'Accept': 'application/json', 'X-Auth-Token': '<omitted>'}
        Body: None
    Response - Headers: {'date': 'Wed, 25 Mar 2026 20:45:30 GMT', 'server': 'Apache/2.4.58 (Ubuntu)', 'content-type': 'application/json', 'x-compute-request-id': 'req-6d9a999d-31d9-4a29-9d48-9132f0002996', 'content-
    length': '834', 'openstack-api-version': 'volume 3.0', 'vary': 'OpenStack-API-Version', 'x-openstack-request-id': 'req-6d9a999d-31d9-4a29-9d48-9132f0002996', 'connection': 'close', 'status': '200', 'content-location': 'http://10.201.9.223/volume/v3/volumes/f1600539-71ff-4aed-9160-21da8638269c'}
        Body: b'{"volume": {"id": "f1600539-71ff-4aed-9160-21da8638269c", "status": "error", "size": 1, "availability_zone": "nova", "created_at": "2026-03-25T20:45:30.000000", "updated_at": "2026-03-25T20:45:30.000000", "name": "tempest-VolumesCloneTest-Volume-167166127", "description": null, "volume_type": "3par1", "snapshot_id": null, "source_volid": null, "metadata": {}, "links": [{"rel": "self", "href": "http://10.201.9.223/volume/v3/volumes/f1600539-71ff-4aed-9160-21da8638269c"}, {"rel": "bookmark", "href": "http://10.201.9.223/volume/volumes/f1600539-71ff-4aed-9160-21da8638269c"}], "user_id": "e987a8d123db48078dae3c2450c8ba7b", "bootable": "false", "encrypted": false, "replication_status": null, "consistencygroup_id": null, "multiattach": false, "attachments": [], "os-vol-tenant-attr:tenant_id": "011ee6b2d72f438dadd0ccf9709bcfaf"}}'
2026-03-25 20:45:30,681 130085 INFO     [tempest.lib.common.rest_client] Request (VolumesCloneTest:_run_cleanups): 200 GET http://10.201.9.223/volume/v3/volumes/f1600539-71ff-4aed-9160-21da8638269c 0.022s
2026-03-25 20:45:30,681 130085 DEBUG    [tempest.lib.common.rest_client] Request - Headers: {'Content-Type': 'application/json', 'Accept': 'application/json', 'X-Auth-Token': '<omitted>'}
        Body: None
    Response - Headers: {'date': 'Wed, 25 Mar 2026 20:45:30 GMT', 'server': 'Apache/2.4.58 (Ubuntu)', 'content-type': 'application/json', 'x-compute-request-id': 'req-6b03e67b-4da7-4659-b170-b2c2089b0ed5', 'content-length': '834', 'openstack-api-version': 'volume 3.0', 'vary': 'OpenStack-API-Version', 'x-openstack-request-id': 'req-6b03e67b-4da7-4659-b170-b2c2089b0ed5', 'connection': 'close', 'status': '200', 'content-location': 'http://10.201.9.223/volume/v3/volumes/f1600539-71ff-4aed-9160-21da8638269c'}
        Body: b'{"volume": {"id": "f1600539-71ff-4aed-9160-21da8638269c", "status": "error", "size": 1, "availability_zone": "nova", "created_at": "2026-03-25T20:45:30.000000", "updated_at": "2026-03-25T20:45:30.000000", "name": "tempest-VolumesCloneTest-Volume-167166127", "description": null, "volume_type": "3par1", "snapshot_id": null, "source_volid": null, "metadata": {}, "links": [{"rel": "self", "href": "http://10.201.9.223/volume/v3/volumes/f1600539-71ff-4aed-9160-21da8638269c"}, {"rel": "bookmark", "href": "http://10.201.9.223/volume/volumes/f1600539-71ff-4aed-9160-21da8638269c"}], "user_id": "e987a8d123db48078dae3c2450c8ba7b", "bootable": "false", "encrypted": false, "replication_status": null, "consistencygroup_id": null, "multiattach": false, "attachments": [], "os-vol-tenant-attr:tenant_id": "011ee6b2d72f438dadd0ccf9709bcfaf"}}'
2026-03-25 20:45:30,749 130085 INFO     [tempest.lib.common.rest_client] Request (VolumesCloneTest:_run_cleanups): 202 DELETE http://10.201.9.223/volume/v3/volumes/f1600539-71ff-4aed-9160-21da8638269c 0.063s
2026-03-25 20:45:30,749 130085 DEBUG    [tempest.lib.common.rest_client] Request - Headers: {'Content-Type': 'application/json', 'Accept': 'application/json', 'X-Auth-Token': '<omitted>'}
        Body: None
    Response - Headers: {'date': 'Wed, 25 Mar 2026 20:45:30 GMT', 'server': 'Apache/2.4.58 (Ubuntu)', 'content-length': '0', 'content-type': 'text/html; charset=UTF-8', 'openstack-api-version': 'volume 3.0', 'vary': 'OpenStack-API-Version', 'x-openstack-request-id': 'req-74feb1fd-68c1-476e-8b95-ece0699398a3', 'connection': 'close', 'status': '202', 'content-location': 'http://10.201.9.223/volume/v3/volumes/f1600539-71ff-4aed-9160-21da8638269c'}
        Body: b''
2026-03-25 20:45:30,759 130085 INFO     [tempest.lib.common.rest_client] Request (VolumesCloneTest:_run_cleanups): 404 GET http://10.201.9.223/volume/v3/volumes/f1600539-71ff-4aed-9160-21da8638269c 0.009s
2026-03-25 20:45:30,759 130085 DEBUG    [tempest.lib.common.rest_client] Request - Hea
    ders: {'Content-Type': 'application/json', 'Accept': 'application/json', 'X-Auth-Token': '<omitted>'}
        Body: None
    Response - Headers: {'date': 'Wed, 25 Mar 2026 20:45:30 GMT', 'server': 'Apache/2.4.58 (Ubuntu)', 'openstack-api-version': 'volume 3.0', 'vary': 'OpenStack-API-Version', 'content-length': '109', 'content-type': 'application/json', 'x-compute-request-id': 'req-9b63b80e-6a8f-43f7-8c72-2218a8bc85fb', 'x-openstack-request-id': 'req-9b63b80e-6a8f-43f7-8c72-2218a8bc85fb', 'connection': 'close', 'status': '404', 'content-location': 'http://10.201.9.223/volume/v3/volumes/f1600539-71ff-4aed-9160-21da8638269c'}
        Body: b'{"itemNotFound": {"code": 404, "message": "Volume f1600539-71ff-4aed-9160-21da8638269c could not be found."}}'

{0} tempest.api.volume.test_volumes_clone_negative.VolumesCloneNegativeTest.test_create_from_volume_decreasing_size [1.412649s] ... FAILED

Captured traceback:
~~~~~~~~~~~~~~~~~~~
    Traceback (most recent call last):

      File "/opt/stack/tempest/tempest/api/volume/test_volumes_clone_negative.py", line 40, in test_create_from_volume_decreasing_size
    src_vol = self.create_volume(size=src_size)
              ^^^^^^^^^^^^^^^^^^^^^^^^^^^^^^^^^

      File "/opt/stack/tempest/tempest/api/volume/base.py", line 144, in create_volume
    waiters.wait_for_volume_resource_status(self.volumes_client,

      File "/opt/stack/tempest/tempest/common/waiters.py", line 379, in wait_for_volume_resource_status
    raise exceptions.VolumeResourceBuildErrorException(

    tempest.exceptions.VolumeResourceBuildErrorException: volume e00341a4-82e4-4a5a-b85a-b19633e2828a failed to build and is in ERROR status


Captured pythonlogging:
~~~~~~~~~~~~~~~~~~~~~~~
    2026-03-25 20:45:31,957 130085 INFO     [tempest.lib.common.rest_client] Request (VolumesCloneNegativeTest:test_create_from_volume_decreasing_size): 202 POST http://10.201.9.223/volume/v3/volumes 0.216s
2026-03-25 20:45:31,957 130085 DEBUG    [tempest.lib.common.rest_client] Request - Headers: {'Content-Type': 'application/json', 'Accept': 'application/json', 'X-Auth-Token': '<omitted>'}
        Body: {"volume": {"size": 2, "name": "tempest-VolumesCloneNegativeTest-Volume-721340764"}}
    Response - Headers: {'date': 'Wed, 25 Mar 2026 20:45:31 GMT', 'server': 'Apache/2.4.58 (Ubuntu)', 'content-type': 'application/json', 'x-compute-request-id': 'req-e94ad1c9-dfab-4ae8-99f8-275c906fb427', 'content-length': '753', 'openstack-api-version': 'volume 3.0', 'vary': 'OpenStack-API-Version', 'x-openstack-request-id': 'req-e94ad1c9-dfab-4ae8-99f8-275c906fb427', 'connection': 'close', 'status': '202', 'content-location': 'http://10.201.9.223/volume/v3/volumes'}
        Body: b'{"volume": {"id": "e00341a4-82e4-4a5a-b85a-b19633e2828a", "status": "creating", "size": 2, "availability_zone": "nova", "created_at": "2026-03-25T20:45:31.907586", "updated_at": null, "name": "tempest-VolumesCloneNegativeTest-Volume-721340764", "description": null, "volume_type": "3par1", "snapshot_id": null, "source_volid": null, "metadata": {}, "links": [{"rel": "self", "href": "http://10.201.9.223/volume/v3/volumes/e00341a4-82e4-4a5a-b85a-b19633e2828a"}, {"rel": "bookmark", "href": "http://10.201.9.223/volume/volumes/e00341a4-82e4-4a5a-b85a-b19633e2828a"}], "user_id": "78963af91a7342cc94216a1c11e12cef", "bootable": "false", "encrypted": false, "replication_status": null, "consistencygroup_id": null, "multiattach": false, "attachments": []}}'
2026-03-25 20:45:31,984 130085 INFO     [tempest.lib.common.rest_client] Request (VolumesCloneNegativeTest:test_create_from_volume_decreasing_size): 200 GET http://10.201.9.223/volume/v3/volumes/e00341a4-82e4-4a5a-b85a-b19633e2828a 0.018s
2026-03-25 20:45:31,984 130085 DEBUG    [tempest.lib.common.rest_client] Request - Headers: {'Content-Type': 'application/json', 'Accept': 'application/json', 'X-Auth-Token': '<omitted>'}
        Body: None
    Response - Headers: {'date': 'Wed, 25 Mar 2026 20:45:31 GMT', 'server': 'Apache/2.4.58 (Ubuntu)', 'content-type': 'application/json', 'x-compute-request-id': 'req-99e8fdde-b83d-4bdc-8b68-5a5f4429e535', 'content-length': '821', 'openstack-api-version': 'volume 3.0', 'vary': 'OpenStack-API-Version', 'x-openstack-request-id': 'req-99e8fdde-b83d-4bdc-8b68-5a5f4429e535', 'connection': 'close', 'status': '200', 'content-location': 'http://10.201.9.223/volume/v3/volumes/e00341a4-82e4-4a5a-b85a-b19633e2828a'}
        Body: b'{"volume": {"id": "e00341a4-82e4-4a5a-b85a-b19633e2828a", "status": "creating", "size": 2, "availability_zone": "nova", "created_at": "2026-03-25T20:45:32.000000", "updated_at": null, "name": "tempest-VolumesCloneNegativeTest-Volume-721340764", "description": null, "volume_type": "3par1", "snapshot_id": null, "source_volid": null, "metadata": {}, "links": [{"rel": "self", "href": "http://10.201.9.223/volume/v3/volumes/e00341a4-82e4-4a5a-b85a-b19633e2828a"}, {"rel": "bookmark", "href": "http://10.201.9.223/volume/volumes/e00341a4-82e4-4a5a-b85a-b19633e2828a"}], "user_id": "78963af91a7342cc94216a1c11e12cef", "bootable": "false", "encrypted": false, "replication_status": null, "consistencygroup_id": null, "multiattach": false, "attachments": [], "os-vol-tenant-attr:tenant_id": "aab12f0f2969413cb9a56e5290425872"}}'
2026-03-25 20:45:33,025 130085 INFO     [tempest.lib.common.rest_client] Request (VolumesCloneNegativeTest:test_create_from_volume_decreasing_size): 200 GET http://10.201.9.223/volume/v3/volumes/e00341a4-82e4-4a5a-b85a-b19633e2828a 0.034s
2026-03-25 20:45:33,026 130085 DEBUG    [tempest.lib.common.rest_client] Request - Headers: {'Content-Type': 'application/json', 'Accept': 'application/json', 'X-Auth-Token': '<omitted>'}
        Body: None
    Response - Headers: {'date': 'Wed, 25 Mar 2026 20:45:32 GMT', 'server': 'Apache/2.4.58 (Ubuntu)', 'content-type': '
    application/json', 'x-compute-request-id': 'req-05e83f54-c505-49cb-8328-50d0e1be030c', 'content-length': '842', 'openstack-api-version': 'volume 3.0', 'vary': 'OpenStack-API-Version', 'x-openstack-request-id': 'req-05e83f54-c505-49cb-8328-50d0e1be030c', 'connection': 'close', 'status': '200', 'content-location': 'http://10.201.9.223/volume/v3/volumes/e00341a4-82e4-4a5a-b85a-b19633e2828a'}
        Body: b'{"volume": {"id": "e00341a4-82e4-4a5a-b85a-b19633e2828a", "status": "error", "size": 2, "availability_zone": "nova", "created_at": "2026-03-25T20:45:32.000000", "updated_at": "2026-03-25T20:45:32.000000", "name": "tempest-VolumesCloneNegativeTest-Volume-721340764", "description": null, "volume_type": "3par1", "snapshot_id": null, "source_volid": null, "metadata": {}, "links": [{"rel": "self", "href": "http://10.201.9.223/volume/v3/volumes/e00341a4-82e4-4a5a-b85a-b19633e2828a"}, {"rel": "bookmark", "href": "http://10.201.9.223/volume/volumes/e00341a4-82e4-4a5a-b85a-b19633e2828a"}], "user_id": "78963af91a7342cc94216a1c11e12cef", "bootable": "false", "encrypted": false, "replication_status": null, "consistencygroup_id": null, "multiattach": false, "attachments": [], "os-vol-tenant-attr:tenant_id": "aab12f0f2969413cb9a56e5290425872"}}'
2026-03-25 20:45:33,067 130085 INFO     [tempest.lib.common.rest_client] Request (VolumesCloneNegativeTest:_run_cleanups): 200 GET http://10.201.9.223/volume/v3/volumes/e00341a4-82e4-4a5a-b85a-b19633e2828a 0.029s
2026-03-25 20:45:33,068 130085 DEBUG    [tempest.lib.common.rest_client] Request - Headers: {'Content-Type': 'application/json', 'Accept': 'application/json', 'X-Auth-Token': '<omitted>'}
        Body: None
    Response - Headers: {'date': 'Wed, 25 Mar 2026 20:45:33 GMT', 'server': 'Apache/2.4.58 (Ubuntu)', 'content-type': 'application/json', 'x-compute-request-id': 'req-9fa617b8-8548-4ba1-b8c0-f2cbf25b0cd8', 'content-length': '842', 'openstack-api-version': 'volume 3.0', 'vary': 'OpenStack-API-Version', 'x-openstack-request-id': 'req-9fa617b8-8548-4ba1-b8c0-f2cbf25b0cd8', 'connection': 'close', 'status': '200', 'content-location': 'http://10.201.9.223/volume/v3/volumes/e00341a4-82e4-4a5a-b85a-b19633e2828a'}
        Body: b'{"volume": {"id": "e00341a4-82e4-4a5a-b85a-b19633e2828a", "status": "error", "size": 2, "availability_zone": "nova", "created_at": "2026-03-25T20:45:32.000000", "updated_at": "2026-03-25T20:45:32.000000", "name": "tempest-VolumesCloneNegativeTest-Volume-721340764", "description": null, "volume_type": "3par1", "snapshot_id": null, "source_volid": null, "metadata": {}, "links": [{"rel": "self", "href": "http://10.201.9.223/volume/v3/volumes/e00341a4-82e4-4a5a-b85a-b19633e2828a"}, {"rel": "bookmark", "href": "http://10.201.9.223/volume/volumes/e00341a4-82e4-4a5a-b85a-b19633e2828a"}], "user_id": "78963af91a7342cc94216a1c11e12cef", "bootable": "false", "encrypted": false, "replication_status": null, "consistencygroup_id": null, "multiattach": false, "attachments": [], "os-vol-tenant-attr:tenant_id": "aab12f0f2969413cb9a56e5290425872"}}'
2026-03-25 20:45:33,142 130085 INFO     [tempest.lib.common.rest_client] Request (VolumesCloneNegativeTest:_run_cleanups): 202 DELETE http://10.201.9.223/volume/v3/volumes/e00341a4-82e4-4a5a-b85a-b19633e2828a 0.067s
2026-03-25 20:45:33,142 130085 DEBUG    [tempest.lib.common.rest_client] Request - Headers: {'Content-Type': 'application/json', 'Accept': 'application/json', 'X-Auth-Token': '<omitted>'}
        Body: None
    Response - Headers: {'date': 'Wed, 25 Mar 2026 20:45:33 GMT', 'server': 'Apache/2.4.58 (Ubuntu)', 'content-length': '0', 'content-type': 'text/html; charset=UTF-8', 'openstack-api-version': 'volume 3.0', 'vary': 'OpenStack-API-Version', 'x-openstack-request-id': 'req-730551c1-ae96-490d-bba9-1d7483c07b6d', 'connection': 'close', 'status': '202', 'content-location': 'http://10.201.9.223/volume/v3/volumes/e00341a4-82e4-4a5a-b85a-b19633e2828a'}
        Body: b''
2026-03-25 20:45:33,153 130085 INFO     [tempest.lib.common.rest_client] Request (VolumesCloneNegativeTest:_run_cleanups): 404 GET http://10.201.9.223/volume/v3/vo
    lumes/e00341a4-82e4-4a5a-b85a-b19633e2828a 0.010s
2026-03-25 20:45:33,153 130085 DEBUG    [tempest.lib.common.rest_client] Request - Headers: {'Content-Type': 'application/json', 'Accept': 'application/json', 'X-Auth-Token': '<omitted>'}
        Body: None
    Response - Headers: {'date': 'Wed, 25 Mar 2026 20:45:33 GMT', 'server': 'Apache/2.4.58 (Ubuntu)', 'openstack-api-version': 'volume 3.0', 'vary': 'OpenStack-API-Version', 'content-length': '109', 'content-type': 'application/json', 'x-compute-request-id': 'req-f19a6e00-974c-4582-876a-1dde9e4e721e', 'x-openstack-request-id': 'req-f19a6e00-974c-4582-876a-1dde9e4e721e', 'connection': 'close', 'status': '404', 'content-location': 'http://10.201.9.223/volume/v3/volumes/e00341a4-82e4-4a5a-b85a-b19633e2828a'}
        Body: b'{"itemNotFound": {"code": 404, "message": "Volume e00341a4-82e4-4a5a-b85a-b19633e2828a could not be found."}}'

{0} tempest.api.volume.test_volumes_get.VolumesGetTest.test_volume_create_get_update_delete [1.400754s] ... FAILED

Captured traceback:
~~~~~~~~~~~~~~~~~~~
    Traceback (most recent call last):

      File "/opt/stack/tempest/tempest/api/volume/test_volumes_get.py", line 117, in test_volume_create_get_update_delete
    self._volume_create_get_update_delete(size=CONF.volume.volume_size)

      File "/opt/stack/tempest/tempest/api/volume/test_volumes_get.py", line 40, in _volume_create_get_update_delete
    volume = self.create_volume(wait_until='available', **kwargs)
             ^^^^^^^^^^^^^^^^^^^^^^^^^^^^^^^^^^^^^^^^^^^^^^^^^^^^

      File "/opt/stack/tempest/tempest/api/volume/base.py", line 144, in create_volume
    waiters.wait_for_volume_resource_status(self.volumes_client,

      File "/opt/stack/tempest/tempest/common/waiters.py", line 379, in wait_for_volume_resource_status
    raise exceptions.VolumeResourceBuildErrorException(

    tempest.exceptions.VolumeResourceBuildErrorException: volume 9c54dd28-3e83-434a-af09-062f70eb188e failed to build and is in ERROR status


Captured pythonlogging:
~~~~~~~~~~~~~~~~~~~~~~~
    2026-03-25 20:45:34,363 130085 INFO     [tempest.lib.common.rest_client] Request (VolumesGetTest:test_volume_create_get_update_delete): 202 POST http://10.201.9.223/volume/v3/volumes 0.210s
2026-03-25 20:45:34,363 130085 DEBUG    [tempest.lib.common.rest_client] Request - Headers: {'Content-Type': 'application/json', 'Accept': 'application/json', 'X-Auth-Token': '<omitted>'}
        Body: {"volume": {"size": 1, "name": "tempest-VolumesGetTest-Volume-787350213", "metadata": {"Type": "Test"}}}
    Response - Headers: {'date': 'Wed, 25 Mar 2026 20:45:34 GMT', 'server': 'Apache/2.4.58 (Ubuntu)', 'content-type': 'application/json', 'x-compute-request-id': 'req-3a901bbd-8ac8-420c-8a26-63ed2ae40150', 'content-length': '757', 'openstack-api-version': 'volume 3.0', 'vary': 'OpenStack-API-Version', 'x-openstack-request-id': 'req-3a901bbd-8ac8-420c-8a26-63ed2ae40150', 'connection': 'close', 'status': '202', 'content-location': 'http://10.201.9.223/volume/v3/volumes'}
        Body: b'{"volume": {"id": "9c54dd28-3e83-434a-af09-062f70eb188e", "status": "creating", "size": 1, "availability_zone": "nova", "created_at": "2026-03-25T20:45:34.315386", "updated_at": null, "name": "tempest-VolumesGetTest-Volume-787350213", "description": null, "volume_type": "3par1", "snapshot_id": null, "source_volid": null, "metadata": {"Type": "Test"}, "links": [{"rel": "self", "href": "http://10.201.9.223/volume/v3/volumes/9c54dd28-3e83-434a-af09-062f70eb188e"}, {"rel": "bookmark", "href": "http://10.201.9.223/volume/volumes/9c54dd28-3e83-434a-af09-062f70eb188e"}], "user_id": "5983ac79bdea4c1ea3b494c4479c4be4", "bootable": "false", "encrypted": false, "replication_status": null, "consistencygroup_id": null, "multiattach": false, "attachments": []}}'
2026-03-25 20:45:34,394 130085 INFO     [tempest.lib.common.rest_client] Request (VolumesGetTest:test_volume_create_get_update_delete): 200 GET http://10.201.9.223/volume/v3/volumes/9c54dd28-3e83-434a-af09-062f70eb188e 0.021s
2026-03-25 20:45:34,395 130085 DEBUG    [tempest.lib.common.rest_client] Request - Headers: {'Content-Type': 'application/json', 'Accept': 'application/json', 'X-Auth-Token': '<omitted>'}
        Body: None
    Response - Headers: {'date': 'Wed, 25 Mar 2026 20:45:34 GMT', 'server': 'Apache/2.4.58 (Ubuntu)', 'content-type': 'application/json', 'x-compute-request-id': 'req-b8fcd1b8-cb13-4b25-a347-57551017e631', 'content-length': '825', 'openstack-api-version': 'volume 3.0', 'vary': 'OpenStack-API-Version', 'x-openstack-request-id': 'req-b8fcd1b8-cb13-4b25-a347-57551017e631', 'connection': 'close', 'status': '200', 'content-location': 'http://10.201.9.223/volume/v3/volumes/9c54dd28-3e83-434a-af09-062f70eb188e'}
        Body: b'{"volume": {"id": "9c54dd28-3e83-434a-af09-062f70eb188e", "status": "creating", "size": 1, "availability_zone": "nova", "created_at": "2026-03-25T20:45:34.000000", "updated_at": null, "name": "tempest-VolumesGetTest-Volume-787350213", "description": null, "volume_type": "3par1", "snapshot_id": null, "source_volid": null, "metadata": {"Type": "Test"}, "links": [{"rel": "self", "href": "http://10.201.9.223/volume/v3/volumes/9c54dd28-3e83-434a-af09-062f70eb188e"}, {"rel": "bookmark", "href": "http://10.201.9.223/volume/volumes/9c54dd28-3e83-434a-af09-062f70eb188e"}], "user_id": "5983ac79bdea4c1ea3b494c4479c4be4", "bootable": "false", "encrypted": false, "replication_status": null, "consistencygroup_id": null, "multiattach": false, "attachments": [], "os-vol-tenant-attr:tenant_id": "98c46193a76040198cd962d1be15b76d"}}'
2026-03-25 20:45:35,433 130085 INFO     [tempest.lib.common.rest_client] Request (VolumesGetTest:test_volume_create_get_update_delete): 200 GET http://10.201.9.223/volume/v3/volumes/9c54dd28-3e83-434a-af09-062f70eb188e 0.032s
2026-03-25 20:45:35,433 130085 DEBUG    [tempest.lib.common.rest_client] Request - Headers: {'Content-Type': 'application/json', 'Accept': 'application/json', 'X-Auth-Token': '<omitted>'}
        Body: None
    Response - Headers: {'date': 'Wed, 25 Mar 2026 20:45:35 GMT', 'server': 'Apache/2.4.58 (Ubuntu)', 'content-type': 'application
    /json', 'x-compute-request-id': 'req-f6851902-ec1c-4974-95f1-cf3500f54408', 'content-length': '846', 'openstack-api-version': 'volume 3.0', 'vary': 'OpenStack-API-Version', 'x-openstack-request-id': 'req-f6851902-ec1c-4974-95f1-cf3500f54408', 'connection': 'close', 'status': '200', 'content-location': 'http://10.201.9.223/volume/v3/volumes/9c54dd28-3e83-434a-af09-062f70eb188e'}
        Body: b'{"volume": {"id": "9c54dd28-3e83-434a-af09-062f70eb188e", "status": "error", "size": 1, "availability_zone": "nova", "created_at": "2026-03-25T20:45:34.000000", "updated_at": "2026-03-25T20:45:34.000000", "name": "tempest-VolumesGetTest-Volume-787350213", "description": null, "volume_type": "3par1", "snapshot_id": null, "source_volid": null, "metadata": {"Type": "Test"}, "links": [{"rel": "self", "href": "http://10.201.9.223/volume/v3/volumes/9c54dd28-3e83-434a-af09-062f70eb188e"}, {"rel": "bookmark", "href": "http://10.201.9.223/volume/volumes/9c54dd28-3e83-434a-af09-062f70eb188e"}], "user_id": "5983ac79bdea4c1ea3b494c4479c4be4", "bootable": "false", "encrypted": false, "replication_status": null, "consistencygroup_id": null, "multiattach": false, "attachments": [], "os-vol-tenant-attr:tenant_id": "98c46193a76040198cd962d1be15b76d"}}'
2026-03-25 20:45:35,466 130085 INFO     [tempest.lib.common.rest_client] Request (VolumesGetTest:_run_cleanups): 200 GET http://10.201.9.223/volume/v3/volumes/9c54dd28-3e83-434a-af09-062f70eb188e 0.027s
2026-03-25 20:45:35,466 130085 DEBUG    [tempest.lib.common.rest_client] Request - Headers: {'Content-Type': 'application/json', 'Accept': 'application/json', 'X-Auth-Token': '<omitted>'}
        Body: None
    Response - Headers: {'date': 'Wed, 25 Mar 2026 20:45:35 GMT', 'server': 'Apache/2.4.58 (Ubuntu)', 'content-type': 'application/json', 'x-compute-request-id': 'req-002fd863-1b12-4e2d-b4dc-76e69a90e4a0', 'content-length': '846', 'openstack-api-version': 'volume 3.0', 'vary': 'OpenStack-API-Version', 'x-openstack-request-id': 'req-002fd863-1b12-4e2d-b4dc-76e69a90e4a0', 'connection': 'close', 'status': '200', 'content-location': 'http://10.201.9.223/volume/v3/volumes/9c54dd28-3e83-434a-af09-062f70eb188e'}
        Body: b'{"volume": {"id": "9c54dd28-3e83-434a-af09-062f70eb188e", "status": "error", "size": 1, "availability_zone": "nova", "created_at": "2026-03-25T20:45:34.000000", "updated_at": "2026-03-25T20:45:34.000000", "name": "tempest-VolumesGetTest-Volume-787350213", "description": null, "volume_type": "3par1", "snapshot_id": null, "source_volid": null, "metadata": {"Type": "Test"}, "links": [{"rel": "self", "href": "http://10.201.9.223/volume/v3/volumes/9c54dd28-3e83-434a-af09-062f70eb188e"}, {"rel": "bookmark", "href": "http://10.201.9.223/volume/volumes/9c54dd28-3e83-434a-af09-062f70eb188e"}], "user_id": "5983ac79bdea4c1ea3b494c4479c4be4", "bootable": "false", "encrypted": false, "replication_status": null, "consistencygroup_id": null, "multiattach": false, "attachments": [], "os-vol-tenant-attr:tenant_id": "98c46193a76040198cd962d1be15b76d"}}'
2026-03-25 20:45:35,536 130085 INFO     [tempest.lib.common.rest_client] Request (VolumesGetTest:_run_cleanups): 202 DELETE http://10.201.9.223/volume/v3/volumes/9c54dd28-3e83-434a-af09-062f70eb188e 0.065s
2026-03-25 20:45:35,536 130085 DEBUG    [tempest.lib.common.rest_client] Request - Headers: {'Content-Type': 'application/json', 'Accept': 'application/json', 'X-Auth-Token': '<omitted>'}
        Body: None
    Response - Headers: {'date': 'Wed, 25 Mar 2026 20:45:35 GMT', 'server': 'Apache/2.4.58 (Ubuntu)', 'content-length': '0', 'content-type': 'text/html; charset=UTF-8', 'openstack-api-version': 'volume 3.0', 'vary': 'OpenStack-API-Version', 'x-openstack-request-id': 'req-6b99a33c-9cd2-423b-972b-4d41fe2d98c7', 'connection': 'close', 'status': '202', 'content-location': 'http://10.201.9.223/volume/v3/volumes/9c54dd28-3e83-434a-af09-062f70eb188e'}
        Body: b''
2026-03-25 20:45:35,552 130085 INFO     [tempest.lib.common.rest_client] Request (VolumesGetTest:_run_cleanups): 404 GET http://10.201.9.223/volume/v3/volumes/9c54dd28-3e83-434a-af09-062
    f70eb188e 0.015s
2026-03-25 20:45:35,552 130085 DEBUG    [tempest.lib.common.rest_client] Request - Headers: {'Content-Type': 'application/json', 'Accept': 'application/json', 'X-Auth-Token': '<omitted>'}
        Body: None
    Response - Headers: {'date': 'Wed, 25 Mar 2026 20:45:35 GMT', 'server': 'Apache/2.4.58 (Ubuntu)', 'openstack-api-version': 'volume 3.0', 'vary': 'OpenStack-API-Version', 'content-length': '109', 'content-type': 'application/json', 'x-compute-request-id': 'req-4b617c80-3e78-40eb-8da7-e445719651b8', 'x-openstack-request-id': 'req-4b617c80-3e78-40eb-8da7-e445719651b8', 'connection': 'close', 'status': '404', 'content-location': 'http://10.201.9.223/volume/v3/volumes/9c54dd28-3e83-434a-af09-062f70eb188e'}
        Body: b'{"itemNotFound": {"code": 404, "message": "Volume 9c54dd28-3e83-434a-af09-062f70eb188e could not be found."}}'

{0} tempest.api.volume.test_volumes_get.VolumesGetTest.test_volume_create_get_update_delete_as_clone [1.312272s] ... FAILED

Captured traceback:
~~~~~~~~~~~~~~~~~~~
    Traceback (most recent call last):

      File "/opt/stack/tempest/tempest/api/volume/test_volumes_get.py", line 135, in test_volume_create_get_update_delete_as_clone
    origin = self.create_volume()
             ^^^^^^^^^^^^^^^^^^^^

      File "/opt/stack/tempest/tempest/api/volume/base.py", line 144, in create_volume
    waiters.wait_for_volume_resource_status(self.volumes_client,

      File "/opt/stack/tempest/tempest/common/waiters.py", line 379, in wait_for_volume_resource_status
    raise exceptions.VolumeResourceBuildErrorException(

    tempest.exceptions.VolumeResourceBuildErrorException: volume dffa5ca1-3960-42ed-b32b-167fb5f1ceef failed to build and is in ERROR status


Captured pythonlogging:
~~~~~~~~~~~~~~~~~~~~~~~
    2026-03-25 20:45:35,678 130085 INFO     [tempest.lib.common.rest_client] Request (VolumesGetTest:test_volume_create_get_update_delete_as_clone): 202 POST http://10.201.9.223/volume/v3/volumes 0.124s
2026-03-25 20:45:35,678 130085 DEBUG    [tempest.lib.common.rest_client] Request - Headers: {'Content-Type': 'application/json', 'Accept': 'application/json', 'X-Auth-Token': '<omitted>'}
        Body: {"volume": {"size": 1, "name": "tempest-VolumesGetTest-Volume-399493139"}}
    Response - Headers: {'date': 'Wed, 25 Mar 2026 20:45:35 GMT', 'server': 'Apache/2.4.58 (Ubuntu)', 'content-type': 'application/json', 'x-compute-request-id': 'req-c0229d62-7ee0-4a27-9af5-9435cce855b2', 'content-length': '743', 'openstack-api-version': 'volume 3.0', 'vary': 'OpenStack-API-Version', 'x-openstack-request-id': 'req-c0229d62-7ee0-4a27-9af5-9435cce855b2', 'connection': 'close', 'status': '202', 'content-location': 'http://10.201.9.223/volume/v3/volumes'}
        Body: b'{"volume": {"id": "dffa5ca1-3960-42ed-b32b-167fb5f1ceef", "status": "creating", "size": 1, "availability_zone": "nova", "created_at": "2026-03-25T20:45:35.631064", "updated_at": null, "name": "tempest-VolumesGetTest-Volume-399493139", "description": null, "volume_type": "3par1", "snapshot_id": null, "source_volid": null, "metadata": {}, "links": [{"rel": "self", "href": "http://10.201.9.223/volume/v3/volumes/dffa5ca1-3960-42ed-b32b-167fb5f1ceef"}, {"rel": "bookmark", "href": "http://10.201.9.223/volume/volumes/dffa5ca1-3960-42ed-b32b-167fb5f1ceef"}], "user_id": "5983ac79bdea4c1ea3b494c4479c4be4", "bootable": "false", "encrypted": false, "replication_status": null, "consistencygroup_id": null, "multiattach": false, "attachments": []}}'
2026-03-25 20:45:35,706 130085 INFO     [tempest.lib.common.rest_client] Request (VolumesGetTest:test_volume_create_get_update_delete_as_clone): 200 GET http://10.201.9.223/volume/v3/volumes/dffa5ca1-3960-42ed-b32b-167fb5f1ceef 0.024s
2026-03-25 20:45:35,707 130085 DEBUG    [tempest.lib.common.rest_client] Request - Headers: {'Content-Type': 'application/json', 'Accept': 'application/json', 'X-Auth-Token': '<omitted>'}
        Body: None
    Response - Headers: {'date': 'Wed, 25 Mar 2026 20:45:35 GMT', 'server': 'Apache/2.4.58 (Ubuntu)', 'content-type': 'application/json', 'x-compute-request-id': 'req-e0a7b0a2-c3cd-47f6-a62d-af97979d3a64', 'content-length': '811', 'openstack-api-version': 'volume 3.0', 'vary': 'OpenStack-API-Version', 'x-openstack-request-id': 'req-e0a7b0a2-c3cd-47f6-a62d-af97979d3a64', 'connection': 'close', 'status': '200', 'content-location': 'http://10.201.9.223/volume/v3/volumes/dffa5ca1-3960-42ed-b32b-167fb5f1ceef'}
        Body: b'{"volume": {"id": "dffa5ca1-3960-42ed-b32b-167fb5f1ceef", "status": "creating", "size": 1, "availability_zone": "nova", "created_at": "2026-03-25T20:45:36.000000", "updated_at": null, "name": "tempest-VolumesGetTest-Volume-399493139", "description": null, "volume_type": "3par1", "snapshot_id": null, "source_volid": null, "metadata": {}, "links": [{"rel": "self", "href": "http://10.201.9.223/volume/v3/volumes/dffa5ca1-3960-42ed-b32b-167fb5f1ceef"}, {"rel": "bookmark", "href": "http://10.201.9.223/volume/volumes/dffa5ca1-3960-42ed-b32b-167fb5f1ceef"}], "user_id": "5983ac79bdea4c1ea3b494c4479c4be4", "bootable": "false", "encrypted": false, "replication_status": null, "consistencygroup_id": null, "multiattach": false, "attachments": [], "os-vol-tenant-attr:tenant_id": "98c46193a76040198cd962d1be15b76d"}}'
2026-03-25 20:45:36,743 130085 INFO     [tempest.lib.common.rest_client] Request (VolumesGetTest:test_volume_create_get_update_delete_as_clone): 200 GET http://10.201.9.223/volume/v3/volumes/dffa5ca1-3960-42ed-b32b-167fb5f1ceef 0.030s
2026-03-25 20:45:36,743 130085 DEBUG    [tempest.lib.common.rest_client] Request - Headers: {'Content-Type': 'application/json', 'Accept': 'application/json', 'X-Auth-Token': '<omitted>'}
        Body: None
    Response - Headers: {'date': 'Wed, 25 Mar 2026 20:45:36 GMT', 'server': 'Apache/2.4.58 (Ubuntu)', 'content-type': 'application/json', 'x-compute-request-id':
     'req-95980754-9e4e-4f6c-b015-f215a257816c', 'content-length': '832', 'openstack-api-version': 'volume 3.0', 'vary': 'OpenStack-API-Version', 'x-openstack-request-id': 'req-95980754-9e4e-4f6c-b015-f215a257816c', 'connection': 'close', 'status': '200', 'content-location': 'http://10.201.9.223/volume/v3/volumes/dffa5ca1-3960-42ed-b32b-167fb5f1ceef'}
        Body: b'{"volume": {"id": "dffa5ca1-3960-42ed-b32b-167fb5f1ceef", "status": "error", "size": 1, "availability_zone": "nova", "created_at": "2026-03-25T20:45:36.000000", "updated_at": "2026-03-25T20:45:36.000000", "name": "tempest-VolumesGetTest-Volume-399493139", "description": null, "volume_type": "3par1", "snapshot_id": null, "source_volid": null, "metadata": {}, "links": [{"rel": "self", "href": "http://10.201.9.223/volume/v3/volumes/dffa5ca1-3960-42ed-b32b-167fb5f1ceef"}, {"rel": "bookmark", "href": "http://10.201.9.223/volume/volumes/dffa5ca1-3960-42ed-b32b-167fb5f1ceef"}], "user_id": "5983ac79bdea4c1ea3b494c4479c4be4", "bootable": "false", "encrypted": false, "replication_status": null, "consistencygroup_id": null, "multiattach": false, "attachments": [], "os-vol-tenant-attr:tenant_id": "98c46193a76040198cd962d1be15b76d"}}'
2026-03-25 20:45:36,779 130085 INFO     [tempest.lib.common.rest_client] Request (VolumesGetTest:_run_cleanups): 200 GET http://10.201.9.223/volume/v3/volumes/dffa5ca1-3960-42ed-b32b-167fb5f1ceef 0.031s
2026-03-25 20:45:36,780 130085 DEBUG    [tempest.lib.common.rest_client] Request - Headers: {'Content-Type': 'application/json', 'Accept': 'application/json', 'X-Auth-Token': '<omitted>'}
        Body: None
    Response - Headers: {'date': 'Wed, 25 Mar 2026 20:45:36 GMT', 'server': 'Apache/2.4.58 (Ubuntu)', 'content-type': 'application/json', 'x-compute-request-id': 'req-b086788c-0b9a-42e6-8944-76ca161cd16c', 'content-length': '832', 'openstack-api-version': 'volume 3.0', 'vary': 'OpenStack-API-Version', 'x-openstack-request-id': 'req-b086788c-0b9a-42e6-8944-76ca161cd16c', 'connection': 'close', 'status': '200', 'content-location': 'http://10.201.9.223/volume/v3/volumes/dffa5ca1-3960-42ed-b32b-167fb5f1ceef'}
        Body: b'{"volume": {"id": "dffa5ca1-3960-42ed-b32b-167fb5f1ceef", "status": "error", "size": 1, "availability_zone": "nova", "created_at": "2026-03-25T20:45:36.000000", "updated_at": "2026-03-25T20:45:36.000000", "name": "tempest-VolumesGetTest-Volume-399493139", "description": null, "volume_type": "3par1", "snapshot_id": null, "source_volid": null, "metadata": {}, "links": [{"rel": "self", "href": "http://10.201.9.223/volume/v3/volumes/dffa5ca1-3960-42ed-b32b-167fb5f1ceef"}, {"rel": "bookmark", "href": "http://10.201.9.223/volume/volumes/dffa5ca1-3960-42ed-b32b-167fb5f1ceef"}], "user_id": "5983ac79bdea4c1ea3b494c4479c4be4", "bootable": "false", "encrypted": false, "replication_status": null, "consistencygroup_id": null, "multiattach": false, "attachments": [], "os-vol-tenant-attr:tenant_id": "98c46193a76040198cd962d1be15b76d"}}'
2026-03-25 20:45:36,855 130085 INFO     [tempest.lib.common.rest_client] Request (VolumesGetTest:_run_cleanups): 202 DELETE http://10.201.9.223/volume/v3/volumes/dffa5ca1-3960-42ed-b32b-167fb5f1ceef 0.069s
2026-03-25 20:45:36,856 130085 DEBUG    [tempest.lib.common.rest_client] Request - Headers: {'Content-Type': 'application/json', 'Accept': 'application/json', 'X-Auth-Token': '<omitted>'}
        Body: None
    Response - Headers: {'date': 'Wed, 25 Mar 2026 20:45:36 GMT', 'server': 'Apache/2.4.58 (Ubuntu)', 'content-length': '0', 'content-type': 'text/html; charset=UTF-8', 'openstack-api-version': 'volume 3.0', 'vary': 'OpenStack-API-Version', 'x-openstack-request-id': 'req-3262f9eb-7244-4bed-8b00-a309c26a8bdc', 'connection': 'close', 'status': '202', 'content-location': 'http://10.201.9.223/volume/v3/volumes/dffa5ca1-3960-42ed-b32b-167fb5f1ceef'}
        Body: b''
2026-03-25 20:45:36,865 130085 INFO     [tempest.lib.common.rest_client] Request (VolumesGetTest:_run_cleanups): 404 GET http://10.201.9.223/volume/v3/volumes/dffa5ca1-3960-42ed-b32b-167fb5f1ceef 0.009s
2026-03-25 20:45:36,866 130085 DEBUG    [t
    empest.lib.common.rest_client] Request - Headers: {'Content-Type': 'application/json', 'Accept': 'application/json', 'X-Auth-Token': '<omitted>'}
        Body: None
    Response - Headers: {'date': 'Wed, 25 Mar 2026 20:45:36 GMT', 'server': 'Apache/2.4.58 (Ubuntu)', 'openstack-api-version': 'volume 3.0', 'vary': 'OpenStack-API-Version', 'content-length': '109', 'content-type': 'application/json', 'x-compute-request-id': 'req-f27bd9e8-7714-42fd-8e92-ad2eaf9c6b69', 'x-openstack-request-id': 'req-f27bd9e8-7714-42fd-8e92-ad2eaf9c6b69', 'connection': 'close', 'status': '404', 'content-location': 'http://10.201.9.223/volume/v3/volumes/dffa5ca1-3960-42ed-b32b-167fb5f1ceef'}
        Body: b'{"itemNotFound": {"code": 404, "message": "Volume dffa5ca1-3960-42ed-b32b-167fb5f1ceef could not be found."}}'

{0} tempest.api.volume.test_volumes_get.VolumesSummaryTest.test_show_volume_summary [0.060992s] ... ok
{0} setUpClass (tempest.api.volume.test_volumes_list.VolumesListTestJSON) [0.000000s] ... FAILED

Captured traceback:
~~~~~~~~~~~~~~~~~~~
    Traceback (most recent call last):

      File "/opt/stack/tempest/tempest/test.py", line 185, in setUpClass
    raise value.with_traceback(trace)

      File "/opt/stack/tempest/tempest/test.py", line 178, in setUpClass
    cls.resource_setup()

      File "/opt/stack/tempest/tempest/api/volume/test_volumes_list.py", line 89, in resource_setup
    volume = cls.create_volume(metadata=cls.metadata)
             ^^^^^^^^^^^^^^^^^^^^^^^^^^^^^^^^^^^^^^^^

      File "/opt/stack/tempest/tempest/api/volume/base.py", line 144, in create_volume
    waiters.wait_for_volume_resource_status(self.volumes_client,

      File "/opt/stack/tempest/tempest/common/waiters.py", line 379, in wait_for_volume_resource_status
    raise exceptions.VolumeResourceBuildErrorException(

    tempest.exceptions.VolumeResourceBuildErrorException: volume 17f42403-2443-4f42-9606-97ef33625f61 failed to build and is in ERROR status

{0} setUpClass (tempest.api.volume.test_volumes_negative.VolumesNegativeTest) [0.000000s] ... FAILED

Captured traceback:
~~~~~~~~~~~~~~~~~~~
    Traceback (most recent call last):

      File "/opt/stack/tempest/tempest/test.py", line 185, in setUpClass
    raise value.with_traceback(trace)

      File "/opt/stack/tempest/tempest/test.py", line 178, in setUpClass
    cls.resource_setup()

      File "/opt/stack/tempest/tempest/api/volume/test_volumes_negative.py", line 38, in resource_setup
    cls.volume = cls.create_volume()
                 ^^^^^^^^^^^^^^^^^^^

      File "/opt/stack/tempest/tempest/api/volume/base.py", line 144, in create_volume
    waiters.wait_for_volume_resource_status(self.volumes_client,

      File "/opt/stack/tempest/tempest/common/waiters.py", line 379, in wait_for_volume_resource_status
    raise exceptions.VolumeResourceBuildErrorException(

    tempest.exceptions.VolumeResourceBuildErrorException: volume d2fbb849-2f25-4b7d-b512-56f908ede911 failed to build and is in ERROR status

{0} setUpClass (tempest.api.volume.test_volumes_snapshots_list.VolumesSnapshotListTestJSON) [0.000000s] ... FAILED

Captured traceback:
~~~~~~~~~~~~~~~~~~~
    Traceback (most recent call last):

      File "/opt/stack/tempest/tempest/test.py", line 185, in setUpClass
    raise value.with_traceback(trace)

      File "/opt/stack/tempest/tempest/test.py", line 178, in setUpClass
    cls.resource_setup()

      File "/opt/stack/tempest/tempest/api/volume/test_volumes_snapshots_list.py", line 32, in resource_setup
    volume_origin = cls.create_volume()
                    ^^^^^^^^^^^^^^^^^^^

      File "/opt/stack/tempest/tempest/api/volume/base.py", line 144, in create_volume
    waiters.wait_for_volume_resource_status(self.volumes_client,

      File "/opt/stack/tempest/tempest/common/waiters.py", line 379, in wait_for_volume_resource_status
    raise exceptions.VolumeResourceBuildErrorException(

    tempest.exceptions.VolumeResourceBuildErrorException: volume f0100499-4ae0-4fc5-a731-2ce913d5d5b4 failed to build and is in ERROR status

{0} tempest.api.volume.test_volumes_snapshots_negative.VolumesSnapshotNegativeTestJSON.test_create_snapshot_with_nonexistent_volume_id [0.074680s] ... ok
{0} tempest.api.volume.test_volumes_snapshots_negative.VolumesSnapshotNegativeTestJSON.test_create_snapshot_without_passing_volume_id [0.040648s] ... ok
{0} tempest.api.volume.test_volumes_snapshots_negative.VolumesSnapshotNegativeTestJSON.test_list_snapshot_invalid_param_limit [0.011203s] ... ok
{0} tempest.api.volume.test_volumes_snapshots_negative.VolumesSnapshotNegativeTestJSON.test_list_snapshots_invalid_param_marker [0.024132s] ... ok
{0} tempest.api.volume.test_volumes_snapshots_negative.VolumesSnapshotNegativeTestJSON.test_list_snapshots_invalid_param_sort [0.006614s] ... ok
{0} tempest.api.volume.test_volumes_snapshots_negative.VolumesSnapshotNegativeTestJSON.test_volume_from_snapshot_decreasing_size [1.337312s] ... FAILED

Captured traceback:
~~~~~~~~~~~~~~~~~~~
    Traceback (most recent call last):

      File "/opt/stack/tempest/tempest/api/volume/test_volumes_snapshots_negative.py", line 65, in test_volume_from_snapshot_decreasing_size
    src_vol = self.create_volume(size=src_size)
              ^^^^^^^^^^^^^^^^^^^^^^^^^^^^^^^^^

      File "/opt/stack/tempest/tempest/api/volume/base.py", line 144, in create_volume
    waiters.wait_for_volume_resource_status(self.volumes_client,

      File "/opt/stack/tempest/tempest/common/waiters.py", line 379, in wait_for_volume_resource_status
    raise exceptions.VolumeResourceBuildErrorException(

    tempest.exceptions.VolumeResourceBuildErrorException: volume 50e478ce-52ee-4128-b15a-87959024f111 failed to build and is in ERROR status


Captured pythonlogging:
~~~~~~~~~~~~~~~~~~~~~~~
    2026-03-25 20:45:46,325 130085 INFO     [tempest.lib.common.rest_client] Request (VolumesSnapshotNegativeTestJSON:test_volume_from_snapshot_decreasing_size): 202 POST http://10.201.9.223/volume/v3/volumes 0.140s
2026-03-25 20:45:46,326 130085 DEBUG    [tempest.lib.common.rest_client] Request - Headers: {'Content-Type': 'application/json', 'Accept': 'application/json', 'X-Auth-Token': '<omitted>'}
        Body: {"volume": {"size": 2, "name": "tempest-VolumesSnapshotNegativeTestJSON-Volume-1992241965"}}
    Response - Headers: {'date': 'Wed, 25 Mar 2026 20:45:46 GMT', 'server': 'Apache/2.4.58 (Ubuntu)', 'content-type': 'application/json', 'x-compute-request-id': 'req-356407ef-7141-459d-afb7-f9da9e158678', 'content-length': '761', 'openstack-api-version': 'volume 3.0', 'vary': 'OpenStack-API-Version', 'x-openstack-request-id': 'req-356407ef-7141-459d-afb7-f9da9e158678', 'connection': 'close', 'status': '202', 'content-location': 'http://10.201.9.223/volume/v3/volumes'}
        Body: b'{"volume": {"id": "50e478ce-52ee-4128-b15a-87959024f111", "status": "creating", "size": 2, "availability_zone": "nova", "created_at": "2026-03-25T20:45:46.277546", "updated_at": null, "name": "tempest-VolumesSnapshotNegativeTestJSON-Volume-1992241965", "description": null, "volume_type": "3par1", "snapshot_id": null, "source_volid": null, "metadata": {}, "links": [{"rel": "self", "href": "http://10.201.9.223/volume/v3/volumes/50e478ce-52ee-4128-b15a-87959024f111"}, {"rel": "bookmark", "href": "http://10.201.9.223/volume/volumes/50e478ce-52ee-4128-b15a-87959024f111"}], "user_id": "b1d5ee2b8b8c4e5582cd3e5470beb3c4", "bootable": "false", "encrypted": false, "replication_status": null, "consistencygroup_id": null, "multiattach": false, "attachments": []}}'
2026-03-25 20:45:46,350 130085 INFO     [tempest.lib.common.rest_client] Request (VolumesSnapshotNegativeTestJSON:test_volume_from_snapshot_decreasing_size): 200 GET http://10.201.9.223/volume/v3/volumes/50e478ce-52ee-4128-b15a-87959024f111 0.020s
2026-03-25 20:45:46,350 130085 DEBUG    [tempest.lib.common.rest_client] Request - Headers: {'Content-Type': 'application/json', 'Accept': 'application/json', 'X-Auth-Token': '<omitted>'}
        Body: None
    Response - Headers: {'date': 'Wed, 25 Mar 2026 20:45:46 GMT', 'server': 'Apache/2.4.58 (Ubuntu)', 'content-type': 'application/json', 'x-compute-request-id': 'req-71747bd2-8c23-42c4-ad74-d7fb25b2e9bd', 'content-length': '829', 'openstack-api-version': 'volume 3.0', 'vary': 'OpenStack-API-Version', 'x-openstack-request-id': 'req-71747bd2-8c23-42c4-ad74-d7fb25b2e9bd', 'connection': 'close', 'status': '200', 'content-location': 'http://10.201.9.223/volume/v3/volumes/50e478ce-52ee-4128-b15a-87959024f111'}
        Body: b'{"volume": {"id": "50e478ce-52ee-4128-b15a-87959024f111", "status": "creating", "size": 2, "availability_zone": "nova", "created_at": "2026-03-25T20:45:46.000000", "updated_at": null, "name": "tempest-VolumesSnapshotNegativeTestJSON-Volume-1992241965", "description": null, "volume_type": "3par1", "snapshot_id": null, "source_volid": null, "metadata": {}, "links": [{"rel": "self", "href": "http://10.201.9.223/volume/v3/volumes/50e478ce-52ee-4128-b15a-87959024f111"}, {"rel": "bookmark", "href": "http://10.201.9.223/volume/volumes/50e478ce-52ee-4128-b15a-87959024f111"}], "user_id": "b1d5ee2b8b8c4e5582cd3e5470beb3c4", "bootable": "false", "encrypted": false, "replication_status": null, "consistencygroup_id": null, "multiattach": false, "attachments": [], "os-vol-tenant-attr:tenant_id": "65749b0e9aa24e669b4878969259aad6"}}'
2026-03-25 20:45:47,394 130085 INFO     [tempest.lib.common.rest_client] Request (VolumesSnapshotNegativeTestJSON:test_volume_from_snapshot_decreasing_size): 200 GET http://10.201.9.223/volume/v3/volumes/50e478ce-52ee-4128-b15a-87959024f111 0.039s
2026-03-25 20:45:47,394 130085 DEBUG    [tempest.lib.common.rest_client] Request - Headers: {'Content-Type': 'application/json', 'Accept': 'application/json', 'X-Auth-Token': '<omitted>'}
        Body: None
    Response - Headers: {'date': 'Wed, 25 Mar 2026 20:45:47 GMT', 's
    erver': 'Apache/2.4.58 (Ubuntu)', 'content-type': 'application/json', 'x-compute-request-id': 'req-c704c73c-a6f1-451e-bf8d-c764399405cf', 'content-length': '850', 'openstack-api-version': 'volume 3.0', 'vary': 'OpenStack-API-Version', 'x-openstack-request-id': 'req-c704c73c-a6f1-451e-bf8d-c764399405cf', 'connection': 'close', 'status': '200', 'content-location': 'http://10.201.9.223/volume/v3/volumes/50e478ce-52ee-4128-b15a-87959024f111'}
        Body: b'{"volume": {"id": "50e478ce-52ee-4128-b15a-87959024f111", "status": "error", "size": 2, "availability_zone": "nova", "created_at": "2026-03-25T20:45:46.000000", "updated_at": "2026-03-25T20:45:46.000000", "name": "tempest-VolumesSnapshotNegativeTestJSON-Volume-1992241965", "description": null, "volume_type": "3par1", "snapshot_id": null, "source_volid": null, "metadata": {}, "links": [{"rel": "self", "href": "http://10.201.9.223/volume/v3/volumes/50e478ce-52ee-4128-b15a-87959024f111"}, {"rel": "bookmark", "href": "http://10.201.9.223/volume/volumes/50e478ce-52ee-4128-b15a-87959024f111"}], "user_id": "b1d5ee2b8b8c4e5582cd3e5470beb3c4", "bootable": "false", "encrypted": false, "replication_status": null, "consistencygroup_id": null, "multiattach": false, "attachments": [], "os-vol-tenant-attr:tenant_id": "65749b0e9aa24e669b4878969259aad6"}}'
2026-03-25 20:45:47,433 130085 INFO     [tempest.lib.common.rest_client] Request (VolumesSnapshotNegativeTestJSON:_run_cleanups): 200 GET http://10.201.9.223/volume/v3/volumes/50e478ce-52ee-4128-b15a-87959024f111 0.030s
2026-03-25 20:45:47,434 130085 DEBUG    [tempest.lib.common.rest_client] Request - Headers: {'Content-Type': 'application/json', 'Accept': 'application/json', 'X-Auth-Token': '<omitted>'}
        Body: None
    Response - Headers: {'date': 'Wed, 25 Mar 2026 20:45:47 GMT', 'server': 'Apache/2.4.58 (Ubuntu)', 'content-type': 'application/json', 'x-compute-request-id': 'req-0e8903cd-9553-447d-a414-12a16b43da3b', 'content-length': '850', 'openstack-api-version': 'volume 3.0', 'vary': 'OpenStack-API-Version', 'x-openstack-request-id': 'req-0e8903cd-9553-447d-a414-12a16b43da3b', 'connection': 'close', 'status': '200', 'content-location': 'http://10.201.9.223/volume/v3/volumes/50e478ce-52ee-4128-b15a-87959024f111'}
        Body: b'{"volume": {"id": "50e478ce-52ee-4128-b15a-87959024f111", "status": "error", "size": 2, "availability_zone": "nova", "created_at": "2026-03-25T20:45:46.000000", "updated_at": "2026-03-25T20:45:46.000000", "name": "tempest-VolumesSnapshotNegativeTestJSON-Volume-1992241965", "description": null, "volume_type": "3par1", "snapshot_id": null, "source_volid": null, "metadata": {}, "links": [{"rel": "self", "href": "http://10.201.9.223/volume/v3/volumes/50e478ce-52ee-4128-b15a-87959024f111"}, {"rel": "bookmark", "href": "http://10.201.9.223/volume/volumes/50e478ce-52ee-4128-b15a-87959024f111"}], "user_id": "b1d5ee2b8b8c4e5582cd3e5470beb3c4", "bootable": "false", "encrypted": false, "replication_status": null, "consistencygroup_id": null, "multiattach": false, "attachments": [], "os-vol-tenant-attr:tenant_id": "65749b0e9aa24e669b4878969259aad6"}}'
2026-03-25 20:45:47,510 130085 INFO     [tempest.lib.common.rest_client] Request (VolumesSnapshotNegativeTestJSON:_run_cleanups): 202 DELETE http://10.201.9.223/volume/v3/volumes/50e478ce-52ee-4128-b15a-87959024f111 0.065s
2026-03-25 20:45:47,510 130085 DEBUG    [tempest.lib.common.rest_client] Request - Headers: {'Content-Type': 'application/json', 'Accept': 'application/json', 'X-Auth-Token': '<omitted>'}
        Body: None
    Response - Headers: {'date': 'Wed, 25 Mar 2026 20:45:47 GMT', 'server': 'Apache/2.4.58 (Ubuntu)', 'content-length': '0', 'content-type': 'text/html; charset=UTF-8', 'openstack-api-version': 'volume 3.0', 'vary': 'OpenStack-API-Version', 'x-openstack-request-id': 'req-88f31cc8-6358-438d-aea3-5748b8a0ada8', 'connection': 'close', 'status': '202', 'content-location': 'http://10.201.9.223/volume/v3/volumes/50e478ce-52ee-4128-b15a-87959024f111'}
        Body: b''
2026-03-25 20:45:47,522 130085 INFO     [tempest.lib.common.rest_client] Request (
    VolumesSnapshotNegativeTestJSON:_run_cleanups): 404 GET http://10.201.9.223/volume/v3/volumes/50e478ce-52ee-4128-b15a-87959024f111 0.012s
2026-03-25 20:45:47,522 130085 DEBUG    [tempest.lib.common.rest_client] Request - Headers: {'Content-Type': 'application/json', 'Accept': 'application/json', 'X-Auth-Token': '<omitted>'}
        Body: None
    Response - Headers: {'date': 'Wed, 25 Mar 2026 20:45:47 GMT', 'server': 'Apache/2.4.58 (Ubuntu)', 'openstack-api-version': 'volume 3.0', 'vary': 'OpenStack-API-Version', 'content-length': '109', 'content-type': 'application/json', 'x-compute-request-id': 'req-ed615cca-4da0-4cbf-a1c2-620a03817d50', 'x-openstack-request-id': 'req-ed615cca-4da0-4cbf-a1c2-620a03817d50', 'connection': 'close', 'status': '404', 'content-location': 'http://10.201.9.223/volume/v3/volumes/50e478ce-52ee-4128-b15a-87959024f111'}
        Body: b'{"itemNotFound": {"code": 404, "message": "Volume 50e478ce-52ee-4128-b15a-87959024f111 could not be found."}}'


==============================
Failed 45 tests - output below:
==============================

tempest.api.compute.volumes.test_volume_snapshots.VolumesSnapshotsTestJSON.test_volume_snapshot_create_get_list_delete[id-cd4ec87d-7825-450d-8040-6e2068f2da8f]
---------------------------------------------------------------------------------------------------------------------------------------------------------------

Captured traceback:
~~~~~~~~~~~~~~~~~~~
    Traceback (most recent call last):

      File "/opt/stack/tempest/tempest/api/compute/volumes/test_volume_snapshots.py", line 54, in test_volume_snapshot_create_get_list_delete
    volume = self.create_volume()
             ^^^^^^^^^^^^^^^^^^^^

      File "/opt/stack/tempest/tempest/api/compute/base.py", line 551, in create_volume
    waiters.wait_for_volume_resource_status(cls.volumes_client,

      File "/opt/stack/tempest/tempest/common/waiters.py", line 379, in wait_for_volume_resource_status
    raise exceptions.VolumeResourceBuildErrorException(

    tempest.exceptions.VolumeResourceBuildErrorException: volume a852f4ce-3ab6-48d2-ab7e-8f47e89de98c failed to build and is in ERROR status


Captured pythonlogging:
~~~~~~~~~~~~~~~~~~~~~~~
    2026-03-25 20:43:14,061 130085 INFO     [tempest.lib.common.rest_client] Request (VolumesSnapshotsTestJSON:test_volume_snapshot_create_get_list_delete): 200 POST http://10.201.9.223/compute/v2.1/os-volumes 1.230s
2026-03-25 20:43:14,062 130085 DEBUG    [tempest.lib.common.rest_client] Request - Headers: {'Content-Type': 'application/json', 'Accept': 'application/json', 'X-Auth-Token': '<omitted>'}
        Body: {"volume": {"size": 1, "display_name": "tempest-VolumesSnapshotsTestJSON-volume-25353119"}}
    Response - Headers: {'date': 'Wed, 25 Mar 2026 20:43:12 GMT', 'server': 'Apache/2.4.58 (Ubuntu)', 'content-length': '337', 'location': 'http://10.201.9.223/compute/v2.1/os-volumes/a852f4ce-3ab6-48d2-ab7e-8f47e89de98c', 'content-type': 'application/json', 'openstack-api-version': 'compute 2.1', 'x-openstack-nova-api-version': '2.1', 'vary': 'OpenStack-API-Version,X-OpenStack-Nova-API-Version', 'x-openstack-request-id': 'req-28cb7fb4-387c-44a5-8a00-c10b2a3cf862', 'x-compute-request-id': 'req-28cb7fb4-387c-44a5-8a00-c10b2a3cf862', 'connection': 'close', 'status': '200', 'content-location': 'http://10.201.9.223/compute/v2.1/os-volumes'}
        Body: b'{"volume": {"id": "a852f4ce-3ab6-48d2-ab7e-8f47e89de98c", "status": "creating", "size": 1, "availabilityZone": "nova", "createdAt": "2026-03-25T20:43:13.593853", "attachments": [{}], "displayName": "tempest-VolumesSnapshotsTestJSON-volume-25353119", "displayDescription": null, "volumeType": "3par1", "snapshotId": null, "metadata": {}}}'
2026-03-25 20:43:14,198 130085 INFO     [tempest.lib.common.rest_client] Request (VolumesSnapshotsTestJSON:test_volume_snapshot_create_get_list_delete): 200 GET http://10.201.9.223/compute/v2.1/os-volumes/a852f4ce-3ab6-48d2-ab7e-8f47e89de98c 0.131s
2026-03-25 20:43:14,199 130085 DEBUG    [tempest.lib.common.rest_client] Request - Headers: {'Content-Type': 'application/json', 'Accept': 'application/json', 'X-Auth-Token': '<omitted>'}
        Body: None
    Response - Headers: {'date': 'Wed, 25 Mar 2026 20:43:14 GMT', 'server': 'Apache/2.4.58 (Ubuntu)', 'content-length': '334', 'content-type': 'application/json', 'openstack-api-version': 'compute 2.1', 'x-openstack-nova-api-version': '2.1', 'vary': 'OpenStack-API-Version,X-OpenStack-Nova-API-Version', 'x-openstack-request-id': 'req-ba43e520-db67-44cc-a8e6-67d75ca80e91', 'x-compute-request-id': 'req-ba43e520-db67-44cc-a8e6-67d75ca80e91', 'connection': 'close', 'status': '200', 'content-location': 'http://10.201.9.223/compute/v2.1/os-volumes/a852f4ce-3ab6-48d2-ab7e-8f47e89de98c'}
        Body: b'{"volume": {"id": "a852f4ce-3ab6-48d2-ab7e-8f47e89de98c", "status": "error", "size": 1, "availabilityZone": "nova", "createdAt": "2026-03-25T20:43:14.000000", "attachments": [{}], "displayName": "tempest-VolumesSnapshotsTestJSON-volume-25353119", "displayDescription": null, "volumeType": "3par1", "snapshotId": null, "metadata": {}}}'
2026-03-25 20:43:15,247 130085 INFO     [tempest.lib.common.rest_client] Request (VolumesSnapshotsTestJSON:test_volume_snapshot_create_get_list_delete): 200 GET http://10.201.9.223/compute/v2.1/os-volumes/a852f4ce-3ab6-48d2-ab7e-8f47e89de98c 0.044s
2026-03-25 20:43:15,247 130085 DEBUG    [tempest.lib.common.rest_client] Request - Headers: {'Content-Type': 'application/json', 'Accept': 'application/json', 'X-Auth-Token': '<omitted>'}
        Body: None
    Response - Headers: {'date': 'Wed, 25 Mar 2026 20:43:15 GMT', 'server': 'Apache/2.4.58 (Ubuntu)', 'content-length': '334', 'content-type': 'application/json', 'openstack-api-version': 'compute 2.1', 'x-openstack-nova-api-version': '2.1', 'vary': 'OpenStack-API-Version,X-OpenStack-Nova-API-Version', 'x-openstack-request-id': 'req-7ddf2573-8f39-47e2-84fe-98ccd82f0a86', 'x-compute-request-id': 'req-7ddf2573-8f39-47e2-84fe-98ccd82f0a86', 'connection': 'close', 'status': '200', 'content-location': 'http://10.201.9.223/compute/v2.1/os-volumes/a852f4ce-3ab6-48d2-ab7e-8f47e89de98c'}
        Body: b'{"volume": {"id": "a852f4ce-3ab6-48d2-ab7e-8f47e89de98c", "status": "error", "size": 1, "availabilityZone": "nova", "createdAt": "2026-03
    -25T20:43:14.000000", "attachments": [{}], "displayName": "tempest-VolumesSnapshotsTestJSON-volume-25353119", "displayDescription": null, "volumeType": "3par1", "snapshotId": null, "metadata": {}}}'


tempest.api.compute.volumes.test_volumes_get.VolumesGetTestJSON.test_volume_create_get_delete[id-f10f25eb-9775-4d9d-9cbe-1cf54dae9d5f]
--------------------------------------------------------------------------------------------------------------------------------------

Captured traceback:
~~~~~~~~~~~~~~~~~~~
    Traceback (most recent call last):

      File "/opt/stack/tempest/tempest/api/compute/volumes/test_volumes_get.py", line 56, in test_volume_create_get_delete
    volume = self.create_volume(size=CONF.volume.volume_size,
             ^^^^^^^^^^^^^^^^^^^^^^^^^^^^^^^^^^^^^^^^^^^^^^^^

      File "/opt/stack/tempest/tempest/api/compute/base.py", line 551, in create_volume
    waiters.wait_for_volume_resource_status(cls.volumes_client,

      File "/opt/stack/tempest/tempest/common/waiters.py", line 379, in wait_for_volume_resource_status
    raise exceptions.VolumeResourceBuildErrorException(

    tempest.exceptions.VolumeResourceBuildErrorException: volume 5a6911e3-5cb0-4c55-906b-85d4dace0ec2 failed to build and is in ERROR status


Captured pythonlogging:
~~~~~~~~~~~~~~~~~~~~~~~
    2026-03-25 20:43:17,081 130085 INFO     [tempest.lib.common.rest_client] Request (VolumesGetTestJSON:test_volume_create_get_delete): 200 POST http://10.201.9.223/compute/v2.1/os-volumes 0.320s
2026-03-25 20:43:17,082 130085 DEBUG    [tempest.lib.common.rest_client] Request - Headers: {'Content-Type': 'application/json', 'Accept': 'application/json', 'X-Auth-Token': '<omitted>'}
        Body: {"volume": {"size": 1, "display_name": "tempest-VolumesGetTestJSON-Volume-1436301799", "metadata": {"Type": "work"}}}
    Response - Headers: {'date': 'Wed, 25 Mar 2026 20:43:16 GMT', 'server': 'Apache/2.4.58 (Ubuntu)', 'content-length': '347', 'location': 'http://10.201.9.223/compute/v2.1/os-volumes/5a6911e3-5cb0-4c55-906b-85d4dace0ec2', 'content-type': 'application/json', 'openstack-api-version': 'compute 2.1', 'x-openstack-nova-api-version': '2.1', 'vary': 'OpenStack-API-Version,X-OpenStack-Nova-API-Version', 'x-openstack-request-id': 'req-94dd9450-b64c-490d-a0f0-a614cb3235e7', 'x-compute-request-id': 'req-94dd9450-b64c-490d-a0f0-a614cb3235e7', 'connection': 'close', 'status': '200', 'content-location': 'http://10.201.9.223/compute/v2.1/os-volumes'}
        Body: b'{"volume": {"id": "5a6911e3-5cb0-4c55-906b-85d4dace0ec2", "status": "creating", "size": 1, "availabilityZone": "nova", "createdAt": "2026-03-25T20:43:16.962602", "attachments": [{}], "displayName": "tempest-VolumesGetTestJSON-Volume-1436301799", "displayDescription": null, "volumeType": "3par1", "snapshotId": null, "metadata": {"Type": "work"}}}'
2026-03-25 20:43:17,123 130085 INFO     [tempest.lib.common.rest_client] Request (VolumesGetTestJSON:test_volume_create_get_delete): 200 GET http://10.201.9.223/compute/v2.1/os-volumes/5a6911e3-5cb0-4c55-906b-85d4dace0ec2 0.034s
2026-03-25 20:43:17,124 130085 DEBUG    [tempest.lib.common.rest_client] Request - Headers: {'Content-Type': 'application/json', 'Accept': 'application/json', 'X-Auth-Token': '<omitted>'}
        Body: None
    Response - Headers: {'date': 'Wed, 25 Mar 2026 20:43:17 GMT', 'server': 'Apache/2.4.58 (Ubuntu)', 'content-length': '344', 'content-type': 'application/json', 'openstack-api-version': 'compute 2.1', 'x-openstack-nova-api-version': '2.1', 'vary': 'OpenStack-API-Version,X-OpenStack-Nova-API-Version', 'x-openstack-request-id': 'req-7ef0c119-f515-45dd-b5f7-9a1acf349ec4', 'x-compute-request-id': 'req-7ef0c119-f515-45dd-b5f7-9a1acf349ec4', 'connection': 'close', 'status': '200', 'content-location': 'http://10.201.9.223/compute/v2.1/os-volumes/5a6911e3-5cb0-4c55-906b-85d4dace0ec2'}
        Body: b'{"volume": {"id": "5a6911e3-5cb0-4c55-906b-85d4dace0ec2", "status": "error", "size": 1, "availabilityZone": "nova", "createdAt": "2026-03-25T20:43:17.000000", "attachments": [{}], "displayName": "tempest-VolumesGetTestJSON-Volume-1436301799", "displayDescription": null, "volumeType": "3par1", "snapshotId": null, "metadata": {"Type": "work"}}}'
2026-03-25 20:43:18,182 130085 INFO     [tempest.lib.common.rest_client] Request (VolumesGetTestJSON:test_volume_create_get_delete): 200 GET http://10.201.9.223/compute/v2.1/os-volumes/5a6911e3-5cb0-4c55-906b-85d4dace0ec2 0.055s
2026-03-25 20:43:18,182 130085 DEBUG    [tempest.lib.common.rest_client] Request - Headers: {'Content-Type': 'application/json', 'Accept': 'application/json', 'X-Auth-Token': '<omitted>'}
        Body: None
    Response - Headers: {'date': 'Wed, 25 Mar 2026 20:43:18 GMT', 'server': 'Apache/2.4.58 (Ubuntu)', 'content-length': '344', 'content-type': 'application/json', 'openstack-api-version': 'compute 2.1', 'x-openstack-nova-api-version': '2.1', 'vary': 'OpenStack-API-Version,X-OpenStack-Nova-API-Version', 'x-openstack-request-id': 'req-3b76923a-b6f6-4943-ae06-9ab6b7802b05', 'x-compute-request-id': 'req-3b76923a-b6f6-4943-ae06-9ab6b7802b05', 'connection': 'close', 'status': '200', 'content-location': 'http://10.201.9.223/compute/v2.1/os-volumes/5a6911e3-5cb0-4c55-906b-85d4dace0ec2'}
        Body: b'{"volume": {"id": "5a6911e3-5cb0-4c55-906b-85d4dace0ec2", "status": "error", "size": 1, "availabilityZone": "nova", "createdAt": "2026-03-25T20:43:17.0
    00000", "attachments": [{}], "displayName": "tempest-VolumesGetTestJSON-Volume-1436301799", "displayDescription": null, "volumeType": "3par1", "snapshotId": null, "metadata": {"Type": "work"}}}'


setUpClass (tempest.api.compute.volumes.test_volumes_list.VolumesTestJSON)
--------------------------------------------------------------------------

Captured traceback:
~~~~~~~~~~~~~~~~~~~
    Traceback (most recent call last):

      File "/opt/stack/tempest/tempest/test.py", line 185, in setUpClass
    raise value.with_traceback(trace)

      File "/opt/stack/tempest/tempest/test.py", line 178, in setUpClass
    cls.resource_setup()

      File "/opt/stack/tempest/tempest/api/compute/volumes/test_volumes_list.py", line 57, in resource_setup
    volume = cls.create_volume(metadata=metadata)
             ^^^^^^^^^^^^^^^^^^^^^^^^^^^^^^^^^^^^

      File "/opt/stack/tempest/tempest/api/compute/base.py", line 551, in create_volume
    waiters.wait_for_volume_resource_status(cls.volumes_client,

      File "/opt/stack/tempest/tempest/common/waiters.py", line 379, in wait_for_volume_resource_status
    raise exceptions.VolumeResourceBuildErrorException(

    tempest.exceptions.VolumeResourceBuildErrorException: volume b32f5339-4f9e-427e-8247-e0fbac4715ef failed to build and is in ERROR status


tempest.api.volume.******.test_backends_capabilities.BackendsCapabilitiesAdminTestsJSON.test_get_capabilities_backend[id-3750af44-5ea2-4cd4-bc3e-56e7e6caf854]
-------------------------------------------------------------------------------------------------------------------------------------------------------------

Captured traceback:
~~~~~~~~~~~~~~~~~~~
    Traceback (most recent call last):

      File "/opt/stack/tempest/tempest/api/volume/******/test_backends_capabilities.py", line 38, in test_get_capabilities_backend
    self.******_capabilities_client.show_backend_capabilities(self.hosts[0])
                                                             ~~~~~~~~~~^^^

    IndexError: list index out of range


tempest.api.volume.******.test_group_snapshots.GroupSnapshotsTest.test_create_group_from_group_snapshot[id-eff52c70-efc7-45ed-b47a-4ad675d09b81]
-----------------------------------------------------------------------------------------------------------------------------------------------

Captured traceback:
~~~~~~~~~~~~~~~~~~~
    Traceback (most recent call last):

      File "/opt/stack/tempest/tempest/api/volume/******/test_group_snapshots.py", line 162, in test_create_group_from_group_snapshot
    grp = self.create_group(group_type=group_type['id'],
          ^^^^^^^^^^^^^^^^^^^^^^^^^^^^^^^^^^^^^^^^^^^^^^

      File "/opt/stack/tempest/tempest/api/volume/base.py", line 293, in create_group
    waiters.wait_for_volume_resource_status(

      File "/opt/stack/tempest/tempest/common/waiters.py", line 379, in wait_for_volume_resource_status
    raise exceptions.VolumeResourceBuildErrorException(

    tempest.exceptions.VolumeResourceBuildErrorException: group 2ca5be57-59e5-4acb-86df-9183fbe36682 failed to build and is in ERROR status


Captured pythonlogging:
~~~~~~~~~~~~~~~~~~~~~~~
    2026-03-25 20:43:27,101 130085 INFO     [tempest.lib.common.rest_client] Request (GroupSnapshotsTest:test_create_group_from_group_snapshot): 200 POST http://10.201.9.223/volume/v3/types 0.085s
2026-03-25 20:43:27,102 130085 DEBUG    [tempest.lib.common.rest_client] Request - Headers: {'Content-Type': 'application/json', 'Accept': 'application/json', 'X-Auth-Token': '<omitted>'}
        Body: {"volume_type": {"name": "tempest-GroupSnapshotsTest-volume-type-367920096"}}
    Response - Headers: {'date': 'Wed, 25 Mar 2026 20:43:27 GMT', 'server': 'Apache/2.4.58 (Ubuntu)', 'content-type': 'application/json', 'x-compute-request-id': 'req-fea6a7b2-23bb-4e2c-920e-767e418d98a1', 'content-length': '223', 'openstack-api-version': 'volume 3.0', 'vary': 'OpenStack-API-Version', 'x-openstack-request-id': 'req-fea6a7b2-23bb-4e2c-920e-767e418d98a1', 'connection': 'close', 'status': '200', 'content-location': 'http://10.201.9.223/volume/v3/types'}
        Body: b'{"volume_type": {"id": "f5058406-3429-4d4b-9603-4360df83ef50", "name": "tempest-GroupSnapshotsTest-volume-type-367920096", "is_public": true, "extra_specs": {}, "description": null, "os-volume-type-access:is_public": true}}'
2026-03-25 20:43:27,141 130085 INFO     [tempest.lib.common.rest_client] Request (GroupSnapshotsTest:test_create_group_from_group_snapshot): 202 POST http://10.201.9.223/volume/v3/group_types 0.037s
2026-03-25 20:43:27,141 130085 DEBUG    [tempest.lib.common.rest_client] Request - Headers: {'Content-Type': 'application/json', 'Accept': 'application/json', 'Openstack-Api-Version': 'volume 3.14', 'X-Auth-Token': '<omitted>'}
        Body: {"group_type": {"name": "tempest-GroupSnapshotsTest-group-type-181595969"}}
    Response - Headers: {'date': 'Wed, 25 Mar 2026 20:43:27 GMT', 'server': 'Apache/2.4.58 (Ubuntu)', 'content-type': 'application/json', 'x-compute-request-id': 'req-b32684e1-57e1-418d-bbb5-59ce6520d4d4', 'content-length': '180', 'openstack-api-version': 'volume 3.14', 'vary': 'OpenStack-API-Version', 'x-openstack-request-id': 'req-b32684e1-57e1-418d-bbb5-59ce6520d4d4', 'connection': 'close', 'status': '202', 'content-location': 'http://10.201.9.223/volume/v3/group_types'}
        Body: b'{"group_type": {"id": "fe393a3f-bf6a-4650-9aa5-12e26b2b4544", "name": "tempest-GroupSnapshotsTest-group-type-181595969", "description": null, "is_public": true, "group_specs": {}}}'
2026-03-25 20:43:27,288 130085 INFO     [tempest.lib.common.rest_client] Request (GroupSnapshotsTest:test_create_group_from_group_snapshot): 202 POST http://10.201.9.223/volume/v3/groups 0.145s
2026-03-25 20:43:27,289 130085 DEBUG    [tempest.lib.common.rest_client] Request - Headers: {'Content-Type': 'application/json', 'Accept': 'application/json', 'Openstack-Api-Version': 'volume 3.14', 'X-Auth-Token': '<omitted>'}
        Body: {"group": {"group_type": "fe393a3f-bf6a-4650-9aa5-12e26b2b4544", "volume_types": ["f5058406-3429-4d4b-9603-4360df83ef50"], "name": "tempest-GroupSnapshotsTest-Group-1811900414"}}
    Response - Headers: {'date': 'Wed, 25 Mar 2026 20:43:27 GMT', 'server': 'Apache/2.4.58 (Ubuntu)', 'content-type': 'application/json', 'x-compute-request-id': 'req-e0acc258-54cb-43eb-b095-c401ff6cb8b2', 'content-length': '112', 'openstack-api-version': 'volume 3.14', 'vary': 'OpenStack-API-Version', 'x-openstack-request-id': 'req-e0acc258-54cb-43eb-b095-c401ff6cb8b2', 'connection': 'close', 'status': '202', 'content-location': 'http://10.201.9.223/volume/v3/groups'}
        Body: b'{"group": {"id": "2ca5be57-59e5-4acb-86df-9183fbe36682", "name": "tempest-GroupSnapshotsTest-Group-1811900414"}}'
2026-03-25 20:43:27,318 130085 INFO     [tempest.lib.common.rest_client] Request (GroupSnapshotsTest:test_create_group_from_group_snapshot): 200 GET http://10.201.9.223/volume/v3/groups/2ca5be57-59e5-4acb-86df-9183fbe36682 0.027s
2026-03-25 20:43:27,318 130085 DEBUG    [tempest.lib.common.rest_client] Request - Headers: {'Content-Type': 'application/json', 'Accept': 'application/json', 'Openstack-Api-Version': 'volume 3.14', 'X-Auth-Token': '<omitted>'}
        Body: None
    Response - Heade
    rs: {'date': 'Wed, 25 Mar 2026 20:43:27 GMT', 'server': 'Apache/2.4.58 (Ubuntu)', 'content-type': 'application/json', 'x-compute-request-id': 'req-fa1f5f18-d313-41c7-9772-dec33c8046d8', 'content-length': '392', 'openstack-api-version': 'volume 3.14', 'vary': 'OpenStack-API-Version', 'x-openstack-request-id': 'req-fa1f5f18-d313-41c7-9772-dec33c8046d8', 'connection': 'close', 'status': '200', 'content-location': 'http://10.201.9.223/volume/v3/groups/2ca5be57-59e5-4acb-86df-9183fbe36682'}
        Body: b'{"group": {"id": "2ca5be57-59e5-4acb-86df-9183fbe36682", "status": "creating", "availability_zone": "nova", "created_at": "2026-03-25T20:43:27.000000", "name": "tempest-GroupSnapshotsTest-Group-1811900414", "description": null, "group_type": "fe393a3f-bf6a-4650-9aa5-12e26b2b4544", "volume_types": ["f5058406-3429-4d4b-9603-4360df83ef50"], "group_snapshot_id": null, "source_group_id": null}}'
2026-03-25 20:43:28,358 130085 INFO     [tempest.lib.common.rest_client] Request (GroupSnapshotsTest:test_create_group_from_group_snapshot): 200 GET http://10.201.9.223/volume/v3/groups/2ca5be57-59e5-4acb-86df-9183fbe36682 0.038s
2026-03-25 20:43:28,359 130085 DEBUG    [tempest.lib.common.rest_client] Request - Headers: {'Content-Type': 'application/json', 'Accept': 'application/json', 'Openstack-Api-Version': 'volume 3.14', 'X-Auth-Token': '<omitted>'}
        Body: None
    Response - Headers: {'date': 'Wed, 25 Mar 2026 20:43:28 GMT', 'server': 'Apache/2.4.58 (Ubuntu)', 'content-type': 'application/json', 'x-compute-request-id': 'req-b6197cb6-9291-4679-8b63-e37fc9eab4fb', 'content-length': '389', 'openstack-api-version': 'volume 3.14', 'vary': 'OpenStack-API-Version', 'x-openstack-request-id': 'req-b6197cb6-9291-4679-8b63-e37fc9eab4fb', 'connection': 'close', 'status': '200', 'content-location': 'http://10.201.9.223/volume/v3/groups/2ca5be57-59e5-4acb-86df-9183fbe36682'}
        Body: b'{"group": {"id": "2ca5be57-59e5-4acb-86df-9183fbe36682", "status": "error", "availability_zone": "nova", "created_at": "2026-03-25T20:43:27.000000", "name": "tempest-GroupSnapshotsTest-Group-1811900414", "description": null, "group_type": "fe393a3f-bf6a-4650-9aa5-12e26b2b4544", "volume_types": ["f5058406-3429-4d4b-9603-4360df83ef50"], "group_snapshot_id": null, "source_group_id": null}}'
2026-03-25 20:43:28,421 130085 INFO     [tempest.lib.common.rest_client] Request (GroupSnapshotsTest:_run_cleanups): 200 GET http://10.201.9.223/volume/v3/volumes/detail 0.054s
2026-03-25 20:43:28,421 130085 DEBUG    [tempest.lib.common.rest_client] Request - Headers: {'Content-Type': 'application/json', 'Accept': 'application/json', 'Openstack-Api-Version': 'volume 3.14', 'X-Auth-Token': '<omitted>'}
        Body: None
    Response - Headers: {'date': 'Wed, 25 Mar 2026 20:43:28 GMT', 'server': 'Apache/2.4.58 (Ubuntu)', 'content-type': 'application/json', 'x-compute-request-id': 'req-a2476add-b290-4edd-b6e1-3ac803043cbd', 'content-length': '15', 'openstack-api-version': 'volume 3.14', 'vary': 'OpenStack-API-Version', 'x-openstack-request-id': 'req-a2476add-b290-4edd-b6e1-3ac803043cbd', 'connection': 'close', 'status': '200', 'content-location': 'http://10.201.9.223/volume/v3/volumes/detail'}
        Body: b'{"volumes": []}'
2026-03-25 20:43:28,483 130085 INFO     [tempest.lib.common.rest_client] Request (GroupSnapshotsTest:_run_cleanups): 202 POST http://10.201.9.223/volume/v3/groups/2ca5be57-59e5-4acb-86df-9183fbe36682/action 0.057s
2026-03-25 20:43:28,483 130085 DEBUG    [tempest.lib.common.rest_client] Request - Headers: {'Content-Type': 'application/json', 'Accept': 'application/json', 'Openstack-Api-Version': 'volume 3.14', 'X-Auth-Token': '<omitted>'}
        Body: {"delete": {"delete-volumes": true}}
    Response - Headers: {'date': 'Wed, 25 Mar 2026 20:43:28 GMT', 'server': 'Apache/2.4.58 (Ubuntu)', 'content-length': '0', 'content-type': 'text/html; charset=UTF-8', 'openstack-api-version': 'volume 3.14', 'vary': 'OpenStack-API-Version', 'x-openstack-request-id': 'req-499daf8d-a145-4a61-ab06-c6de4a3da46b', 'connection': 'close', 'status': '202', 'content-location
    ': 'http://10.201.9.223/volume/v3/groups/2ca5be57-59e5-4acb-86df-9183fbe36682/action'}
        Body: b''
2026-03-25 20:43:28,494 130085 INFO     [tempest.lib.common.rest_client] Request (GroupSnapshotsTest:_run_cleanups): 404 GET http://10.201.9.223/volume/v3/groups/2ca5be57-59e5-4acb-86df-9183fbe36682 0.011s
2026-03-25 20:43:28,495 130085 DEBUG    [tempest.lib.common.rest_client] Request - Headers: {'Content-Type': 'application/json', 'Accept': 'application/json', 'Openstack-Api-Version': 'volume 3.14', 'X-Auth-Token': '<omitted>'}
        Body: None
    Response - Headers: {'date': 'Wed, 25 Mar 2026 20:43:28 GMT', 'server': 'Apache/2.4.58 (Ubuntu)', 'openstack-api-version': 'volume 3.14', 'vary': 'OpenStack-API-Version', 'content-length': '108', 'content-type': 'application/json', 'x-compute-request-id': 'req-32e1da66-d584-4a26-a366-8980a2e66562', 'x-openstack-request-id': 'req-32e1da66-d584-4a26-a366-8980a2e66562', 'connection': 'close', 'status': '404', 'content-location': 'http://10.201.9.223/volume/v3/groups/2ca5be57-59e5-4acb-86df-9183fbe36682'}
        Body: b'{"itemNotFound": {"code": 404, "message": "Group 2ca5be57-59e5-4acb-86df-9183fbe36682 could not be found."}}'
2026-03-25 20:43:28,518 130085 INFO     [tempest.lib.common.rest_client] Request (GroupSnapshotsTest:_run_cleanups): 202 DELETE http://10.201.9.223/volume/v3/group_types/fe393a3f-bf6a-4650-9aa5-12e26b2b4544 0.023s
2026-03-25 20:43:28,518 130085 DEBUG    [tempest.lib.common.rest_client] Request - Headers: {'Content-Type': 'application/json', 'Accept': 'application/json', 'Openstack-Api-Version': 'volume 3.14', 'X-Auth-Token': '<omitted>'}
        Body: None
    Response - Headers: {'date': 'Wed, 25 Mar 2026 20:43:28 GMT', 'server': 'Apache/2.4.58 (Ubuntu)', 'content-length': '0', 'content-type': 'text/html; charset=UTF-8', 'openstack-api-version': 'volume 3.14', 'vary': 'OpenStack-API-Version', 'x-openstack-request-id': 'req-f578b36f-545e-468b-ba48-afd9ad442f67', 'connection': 'close', 'status': '202', 'content-location': 'http://10.201.9.223/volume/v3/group_types/fe393a3f-bf6a-4650-9aa5-12e26b2b4544'}
        Body: b''
2026-03-25 20:43:28,574 130085 INFO     [tempest.lib.common.rest_client] Request (GroupSnapshotsTest:_run_cleanups): 202 DELETE http://10.201.9.223/volume/v3/types/f5058406-3429-4d4b-9603-4360df83ef50 0.056s
2026-03-25 20:43:28,575 130085 DEBUG    [tempest.lib.common.rest_client] Request - Headers: {'Content-Type': 'application/json', 'Accept': 'application/json', 'X-Auth-Token': '<omitted>'}
        Body: None
    Response - Headers: {'date': 'Wed, 25 Mar 2026 20:43:28 GMT', 'server': 'Apache/2.4.58 (Ubuntu)', 'content-length': '0', 'content-type': 'text/html; charset=UTF-8', 'openstack-api-version': 'volume 3.0', 'vary': 'OpenStack-API-Version', 'x-openstack-request-id': 'req-055cbc39-3a42-4726-8aae-39cb94d8cb1c', 'connection': 'close', 'status': '202', 'content-location': 'http://10.201.9.223/volume/v3/types/f5058406-3429-4d4b-9603-4360df83ef50'}
        Body: b''
2026-03-25 20:43:28,590 130085 INFO     [tempest.lib.common.rest_client] Request (GroupSnapshotsTest:_run_cleanups): 404 GET http://10.201.9.223/volume/v3/types/f5058406-3429-4d4b-9603-4360df83ef50 0.015s
2026-03-25 20:43:28,590 130085 DEBUG    [tempest.lib.common.rest_client] Request - Headers: {'Content-Type': 'application/json', 'Accept': 'application/json', 'X-Auth-Token': '<omitted>'}
        Body: None
    Response - Headers: {'date': 'Wed, 25 Mar 2026 20:43:28 GMT', 'server': 'Apache/2.4.58 (Ubuntu)', 'openstack-api-version': 'volume 3.0', 'vary': 'OpenStack-API-Version', 'content-length': '114', 'content-type': 'application/json', 'x-compute-request-id': 'req-a0614b9f-97d3-424d-88bb-2b203a15e142', 'x-openstack-request-id': 'req-a0614b9f-97d3-424d-88bb-2b203a15e142', 'connection': 'close', 'status': '404', 'content-location': 'http://10.201.9.223/volume/v3/types/f5058406-3429-4d4b-9603-4360df83ef50'}
        Body: b'{"itemNotFound": {"code": 404, "message": "Volume type f5058406-3429-4d4b-9603-4360df83ef50 could not be found."}}'


tempest.api.volume.******.test_group_snapshots.GroupSnapshotsTest.test_delete_group_snapshots_following_updated_volumes[id-7d7fc000-0b4c-4376-a372-544116d2e127]
---------------------------------------------------------------------------------------------------------------------------------------------------------------

Captured traceback:
~~~~~~~~~~~~~~~~~~~
    Traceback (most recent call last):

      File "/opt/stack/tempest/tempest/lib/decorators.py", line 106, in wrapper
    raise exc

      File "/opt/stack/tempest/tempest/lib/decorators.py", line 98, in wrapper
    return f(*func_args, **func_kwargs)
           ^^^^^^^^^^^^^^^^^^^^^^^^^^^^

      File "/opt/stack/tempest/tempest/api/volume/******/test_group_snapshots.py", line 225, in test_delete_group_snapshots_following_updated_volumes
    grp = self.create_group(group_type=group_type['id'],
          ^^^^^^^^^^^^^^^^^^^^^^^^^^^^^^^^^^^^^^^^^^^^^^

      File "/opt/stack/tempest/tempest/api/volume/base.py", line 293, in create_group
    waiters.wait_for_volume_resource_status(

      File "/opt/stack/tempest/tempest/common/waiters.py", line 379, in wait_for_volume_resource_status
    raise exceptions.VolumeResourceBuildErrorException(

    tempest.exceptions.VolumeResourceBuildErrorException: group d8b6f968-45e0-494e-aad3-9d2a5f9a604f failed to build and is in ERROR status


Captured pythonlogging:
~~~~~~~~~~~~~~~~~~~~~~~
    2026-03-25 20:43:28,615 130085 INFO     [tempest.lib.common.rest_client] Request (GroupSnapshotsTest:test_delete_group_snapshots_following_updated_volumes): 200 POST http://10.201.9.223/volume/v3/types 0.022s
2026-03-25 20:43:28,615 130085 DEBUG    [tempest.lib.common.rest_client] Request - Headers: {'Content-Type': 'application/json', 'Accept': 'application/json', 'X-Auth-Token': '<omitted>'}
        Body: {"volume_type": {"name": "tempest-GroupSnapshotsTest-volume-type-340969709"}}
    Response - Headers: {'date': 'Wed, 25 Mar 2026 20:43:28 GMT', 'server': 'Apache/2.4.58 (Ubuntu)', 'content-type': 'application/json', 'x-compute-request-id': 'req-673877a3-a7fe-41a1-a9ae-1e8bffb13d18', 'content-length': '223', 'openstack-api-version': 'volume 3.0', 'vary': 'OpenStack-API-Version', 'x-openstack-request-id': 'req-673877a3-a7fe-41a1-a9ae-1e8bffb13d18', 'connection': 'close', 'status': '200', 'content-location': 'http://10.201.9.223/volume/v3/types'}
        Body: b'{"volume_type": {"id": "949a7e22-e045-41e1-ab09-857b5f4d1c36", "name": "tempest-GroupSnapshotsTest-volume-type-340969709", "is_public": true, "extra_specs": {}, "description": null, "os-volume-type-access:is_public": true}}'
2026-03-25 20:43:28,635 130085 INFO     [tempest.lib.common.rest_client] Request (GroupSnapshotsTest:test_delete_group_snapshots_following_updated_volumes): 202 POST http://10.201.9.223/volume/v3/group_types 0.017s
2026-03-25 20:43:28,635 130085 DEBUG    [tempest.lib.common.rest_client] Request - Headers: {'Content-Type': 'application/json', 'Accept': 'application/json', 'Openstack-Api-Version': 'volume 3.14', 'X-Auth-Token': '<omitted>'}
        Body: {"group_type": {"name": "tempest-GroupSnapshotsTest-group-type-857361153"}}
    Response - Headers: {'date': 'Wed, 25 Mar 2026 20:43:28 GMT', 'server': 'Apache/2.4.58 (Ubuntu)', 'content-type': 'application/json', 'x-compute-request-id': 'req-bb15f1ae-7f0e-4cc8-967b-f99069bd9dc1', 'content-length': '180', 'openstack-api-version': 'volume 3.14', 'vary': 'OpenStack-API-Version', 'x-openstack-request-id': 'req-bb15f1ae-7f0e-4cc8-967b-f99069bd9dc1', 'connection': 'close', 'status': '202', 'content-location': 'http://10.201.9.223/volume/v3/group_types'}
        Body: b'{"group_type": {"id": "f8e934fd-5994-4e48-bd1d-7cf2b102a10e", "name": "tempest-GroupSnapshotsTest-group-type-857361153", "description": null, "is_public": true, "group_specs": {}}}'
2026-03-25 20:43:28,706 130085 INFO     [tempest.lib.common.rest_client] Request (GroupSnapshotsTest:test_delete_group_snapshots_following_updated_volumes): 202 POST http://10.201.9.223/volume/v3/groups 0.070s
2026-03-25 20:43:28,706 130085 DEBUG    [tempest.lib.common.rest_client] Request - Headers: {'Content-Type': 'application/json', 'Accept': 'application/json', 'Openstack-Api-Version': 'volume 3.14', 'X-Auth-Token': '<omitted>'}
        Body: {"group": {"group_type": "f8e934fd-5994-4e48-bd1d-7cf2b102a10e", "volume_types": ["949a7e22-e045-41e1-ab09-857b5f4d1c36"], "name": "tempest-GroupSnapshotsTest-Group-1304994784"}}
    Response - Headers: {'date': 'Wed, 25 Mar 2026 20:43:28 GMT', 'server': 'Apache/2.4.58 (Ubuntu)', 'content-type': 'application/json', 'x-compute-request-id': 'req-14a4b433-66e7-41f2-a6fe-5cef21372a4f', 'content-length': '112', 'openstack-api-version': 'volume 3.14', 'vary': 'OpenStack-API-Version', 'x-openstack-request-id': 'req-14a4b433-66e7-41f2-a6fe-5cef21372a4f', 'connection': 'close', 'status': '202', 'content-location': 'http://10.201.9.223/volume/v3/groups'}
        Body: b'{"group": {"id": "d8b6f968-45e0-494e-aad3-9d2a5f9a604f", "name": "tempest-GroupSnapshotsTest-Group-1304994784"}}'
2026-03-25 20:43:28,728 130085 INFO     [tempest.lib.common.rest_client] Request (GroupSnapshotsTest:test_delete_group_snapshots_following_updated_volumes): 200 GET http://10.201.9.223/volume/v3/groups/d8b6f968-45e0-494e-aad3-9d2a5f9a604f 0.021s
2026-03-25 20:43:28,728 130085 DEBUG    [tempest.lib.common.rest_client] Request - Headers: {'Content-Type': 'application/json', 'Accept': 'application/json', 'Openstack-Api-Version': 'volume 3.14', 'X-A
    uth-Token': '<omitted>'}
        Body: None
    Response - Headers: {'date': 'Wed, 25 Mar 2026 20:43:28 GMT', 'server': 'Apache/2.4.58 (Ubuntu)', 'content-type': 'application/json', 'x-compute-request-id': 'req-1b49e72b-2e9b-43c6-9273-24851391176f', 'content-length': '392', 'openstack-api-version': 'volume 3.14', 'vary': 'OpenStack-API-Version', 'x-openstack-request-id': 'req-1b49e72b-2e9b-43c6-9273-24851391176f', 'connection': 'close', 'status': '200', 'content-location': 'http://10.201.9.223/volume/v3/groups/d8b6f968-45e0-494e-aad3-9d2a5f9a604f'}
        Body: b'{"group": {"id": "d8b6f968-45e0-494e-aad3-9d2a5f9a604f", "status": "creating", "availability_zone": "nova", "created_at": "2026-03-25T20:43:29.000000", "name": "tempest-GroupSnapshotsTest-Group-1304994784", "description": null, "group_type": "f8e934fd-5994-4e48-bd1d-7cf2b102a10e", "volume_types": ["949a7e22-e045-41e1-ab09-857b5f4d1c36"], "group_snapshot_id": null, "source_group_id": null}}'
2026-03-25 20:43:29,760 130085 INFO     [tempest.lib.common.rest_client] Request (GroupSnapshotsTest:test_delete_group_snapshots_following_updated_volumes): 200 GET http://10.201.9.223/volume/v3/groups/d8b6f968-45e0-494e-aad3-9d2a5f9a604f 0.029s
2026-03-25 20:43:29,761 130085 DEBUG    [tempest.lib.common.rest_client] Request - Headers: {'Content-Type': 'application/json', 'Accept': 'application/json', 'Openstack-Api-Version': 'volume 3.14', 'X-Auth-Token': '<omitted>'}
        Body: None
    Response - Headers: {'date': 'Wed, 25 Mar 2026 20:43:29 GMT', 'server': 'Apache/2.4.58 (Ubuntu)', 'content-type': 'application/json', 'x-compute-request-id': 'req-73423211-c81d-46be-99da-4740afdd9e8e', 'content-length': '389', 'openstack-api-version': 'volume 3.14', 'vary': 'OpenStack-API-Version', 'x-openstack-request-id': 'req-73423211-c81d-46be-99da-4740afdd9e8e', 'connection': 'close', 'status': '200', 'content-location': 'http://10.201.9.223/volume/v3/groups/d8b6f968-45e0-494e-aad3-9d2a5f9a604f'}
        Body: b'{"group": {"id": "d8b6f968-45e0-494e-aad3-9d2a5f9a604f", "status": "error", "availability_zone": "nova", "created_at": "2026-03-25T20:43:29.000000", "name": "tempest-GroupSnapshotsTest-Group-1304994784", "description": null, "group_type": "f8e934fd-5994-4e48-bd1d-7cf2b102a10e", "volume_types": ["949a7e22-e045-41e1-ab09-857b5f4d1c36"], "group_snapshot_id": null, "source_group_id": null}}'
2026-03-25 20:43:29,766 130085 ERROR    [tempest.lib.decorators] Hints: This test was made for the bug_type 1739031. The failure could be related to https://launchpad.net/bugs/1739031
2026-03-25 20:43:29,813 130085 INFO     [tempest.lib.common.rest_client] Request (GroupSnapshotsTest:_run_cleanups): 200 GET http://10.201.9.223/volume/v3/volumes/detail 0.045s
2026-03-25 20:43:29,813 130085 DEBUG    [tempest.lib.common.rest_client] Request - Headers: {'Content-Type': 'application/json', 'Accept': 'application/json', 'Openstack-Api-Version': 'volume 3.14', 'X-Auth-Token': '<omitted>'}
        Body: None
    Response - Headers: {'date': 'Wed, 25 Mar 2026 20:43:29 GMT', 'server': 'Apache/2.4.58 (Ubuntu)', 'content-type': 'application/json', 'x-compute-request-id': 'req-2d9520b2-1b53-4822-b1bc-d3679454230a', 'content-length': '15', 'openstack-api-version': 'volume 3.14', 'vary': 'OpenStack-API-Version', 'x-openstack-request-id': 'req-2d9520b2-1b53-4822-b1bc-d3679454230a', 'connection': 'close', 'status': '200', 'content-location': 'http://10.201.9.223/volume/v3/volumes/detail'}
        Body: b'{"volumes": []}'
2026-03-25 20:43:29,882 130085 INFO     [tempest.lib.common.rest_client] Request (GroupSnapshotsTest:_run_cleanups): 202 POST http://10.201.9.223/volume/v3/groups/d8b6f968-45e0-494e-aad3-9d2a5f9a604f/action 0.057s
2026-03-25 20:43:29,882 130085 DEBUG    [tempest.lib.common.rest_client] Request - Headers: {'Content-Type': 'application/json', 'Accept': 'application/json', 'Openstack-Api-Version': 'volume 3.14', 'X-Auth-Token': '<omitted>'}
        Body: {"delete": {"delete-volumes": true}}
    Response - Headers: {'date': 'Wed, 25 Mar 2026 20:43:29 GMT', 'server': 'Apache/2.4.58 (Ubuntu)', 'co
    ntent-length': '0', 'content-type': 'text/html; charset=UTF-8', 'openstack-api-version': 'volume 3.14', 'vary': 'OpenStack-API-Version', 'x-openstack-request-id': 'req-f51ac61f-a704-43ae-b4f3-1627ca8e3b5d', 'connection': 'close', 'status': '202', 'content-location': 'http://10.201.9.223/volume/v3/groups/d8b6f968-45e0-494e-aad3-9d2a5f9a604f/action'}
        Body: b''
2026-03-25 20:43:29,894 130085 INFO     [tempest.lib.common.rest_client] Request (GroupSnapshotsTest:_run_cleanups): 404 GET http://10.201.9.223/volume/v3/groups/d8b6f968-45e0-494e-aad3-9d2a5f9a604f 0.011s
2026-03-25 20:43:29,894 130085 DEBUG    [tempest.lib.common.rest_client] Request - Headers: {'Content-Type': 'application/json', 'Accept': 'application/json', 'Openstack-Api-Version': 'volume 3.14', 'X-Auth-Token': '<omitted>'}
        Body: None
    Response - Headers: {'date': 'Wed, 25 Mar 2026 20:43:29 GMT', 'server': 'Apache/2.4.58 (Ubuntu)', 'openstack-api-version': 'volume 3.14', 'vary': 'OpenStack-API-Version', 'content-length': '108', 'content-type': 'application/json', 'x-compute-request-id': 'req-aa60c98b-b121-4b0b-bf63-2d278e0030d3', 'x-openstack-request-id': 'req-aa60c98b-b121-4b0b-bf63-2d278e0030d3', 'connection': 'close', 'status': '404', 'content-location': 'http://10.201.9.223/volume/v3/groups/d8b6f968-45e0-494e-aad3-9d2a5f9a604f'}
        Body: b'{"itemNotFound": {"code": 404, "message": "Group d8b6f968-45e0-494e-aad3-9d2a5f9a604f could not be found."}}'
2026-03-25 20:43:29,915 130085 INFO     [tempest.lib.common.rest_client] Request (GroupSnapshotsTest:_run_cleanups): 202 DELETE http://10.201.9.223/volume/v3/group_types/f8e934fd-5994-4e48-bd1d-7cf2b102a10e 0.020s
2026-03-25 20:43:29,916 130085 DEBUG    [tempest.lib.common.rest_client] Request - Headers: {'Content-Type': 'application/json', 'Accept': 'application/json', 'Openstack-Api-Version': 'volume 3.14', 'X-Auth-Token': '<omitted>'}
        Body: None
    Response - Headers: {'date': 'Wed, 25 Mar 2026 20:43:29 GMT', 'server': 'Apache/2.4.58 (Ubuntu)', 'content-length': '0', 'content-type': 'text/html; charset=UTF-8', 'openstack-api-version': 'volume 3.14', 'vary': 'OpenStack-API-Version', 'x-openstack-request-id': 'req-90e5d091-1a93-45d7-ba95-80986decf1ba', 'connection': 'close', 'status': '202', 'content-location': 'http://10.201.9.223/volume/v3/group_types/f8e934fd-5994-4e48-bd1d-7cf2b102a10e'}
        Body: b''
2026-03-25 20:43:29,959 130085 INFO     [tempest.lib.common.rest_client] Request (GroupSnapshotsTest:_run_cleanups): 202 DELETE http://10.201.9.223/volume/v3/types/949a7e22-e045-41e1-ab09-857b5f4d1c36 0.042s
2026-03-25 20:43:29,959 130085 DEBUG    [tempest.lib.common.rest_client] Request - Headers: {'Content-Type': 'application/json', 'Accept': 'application/json', 'X-Auth-Token': '<omitted>'}
        Body: None
    Response - Headers: {'date': 'Wed, 25 Mar 2026 20:43:29 GMT', 'server': 'Apache/2.4.58 (Ubuntu)', 'content-length': '0', 'content-type': 'text/html; charset=UTF-8', 'openstack-api-version': 'volume 3.0', 'vary': 'OpenStack-API-Version', 'x-openstack-request-id': 'req-010e2602-820a-45f8-ba2e-5fd12726fa94', 'connection': 'close', 'status': '202', 'content-location': 'http://10.201.9.223/volume/v3/types/949a7e22-e045-41e1-ab09-857b5f4d1c36'}
        Body: b''
2026-03-25 20:43:29,971 130085 INFO     [tempest.lib.common.rest_client] Request (GroupSnapshotsTest:_run_cleanups): 404 GET http://10.201.9.223/volume/v3/types/949a7e22-e045-41e1-ab09-857b5f4d1c36 0.011s
2026-03-25 20:43:29,971 130085 DEBUG    [tempest.lib.common.rest_client] Request - Headers: {'Content-Type': 'application/json', 'Accept': 'application/json', 'X-Auth-Token': '<omitted>'}
        Body: None
    Response - Headers: {'date': 'Wed, 25 Mar 2026 20:43:29 GMT', 'server': 'Apache/2.4.58 (Ubuntu)', 'openstack-api-version': 'volume 3.0', 'vary': 'OpenStack-API-Version', 'content-length': '114', 'content-type': 'application/json', 'x-compute-request-id': 'req-e587fc0f-e000-43e4-adfb-eaab68cb9511', 'x-openstack-request-id': 'req-e587fc0f-e000-43e4-adfb-eaab68cb9511', 'connection': 'close', 'status': '404',
     'content-location': 'http://10.201.9.223/volume/v3/types/949a7e22-e045-41e1-ab09-857b5f4d1c36'}
        Body: b'{"itemNotFound": {"code": 404, "message": "Volume type 949a7e22-e045-41e1-ab09-857b5f4d1c36 could not be found."}}'


tempest.api.volume.******.test_group_snapshots.GroupSnapshotsTest.test_group_snapshot_create_show_list_delete[id-1298e537-f1f0-47a3-a1dd-8adec8168897]
-----------------------------------------------------------------------------------------------------------------------------------------------------

Captured traceback:
~~~~~~~~~~~~~~~~~~~
    Traceback (most recent call last):

      File "/opt/stack/tempest/tempest/api/volume/******/test_group_snapshots.py", line 92, in test_group_snapshot_create_show_list_delete
    grp = self.create_group(group_type=group_type['id'],
          ^^^^^^^^^^^^^^^^^^^^^^^^^^^^^^^^^^^^^^^^^^^^^^

      File "/opt/stack/tempest/tempest/api/volume/base.py", line 293, in create_group
    waiters.wait_for_volume_resource_status(

      File "/opt/stack/tempest/tempest/common/waiters.py", line 379, in wait_for_volume_resource_status
    raise exceptions.VolumeResourceBuildErrorException(

    tempest.exceptions.VolumeResourceBuildErrorException: group 7a1bb5b4-19af-499c-85d0-84ce8520f6f2 failed to build and is in ERROR status


Captured pythonlogging:
~~~~~~~~~~~~~~~~~~~~~~~
    2026-03-25 20:43:29,997 130085 INFO     [tempest.lib.common.rest_client] Request (GroupSnapshotsTest:test_group_snapshot_create_show_list_delete): 200 POST http://10.201.9.223/volume/v3/types 0.023s
2026-03-25 20:43:29,997 130085 DEBUG    [tempest.lib.common.rest_client] Request - Headers: {'Content-Type': 'application/json', 'Accept': 'application/json', 'X-Auth-Token': '<omitted>'}
        Body: {"volume_type": {"name": "tempest-GroupSnapshotsTest-volume-type-251771855"}}
    Response - Headers: {'date': 'Wed, 25 Mar 2026 20:43:29 GMT', 'server': 'Apache/2.4.58 (Ubuntu)', 'content-type': 'application/json', 'x-compute-request-id': 'req-f94f8f64-41bb-42c1-92e0-323eea7f9b15', 'content-length': '223', 'openstack-api-version': 'volume 3.0', 'vary': 'OpenStack-API-Version', 'x-openstack-request-id': 'req-f94f8f64-41bb-42c1-92e0-323eea7f9b15', 'connection': 'close', 'status': '200', 'content-location': 'http://10.201.9.223/volume/v3/types'}
        Body: b'{"volume_type": {"id": "47d6871e-c257-462e-9928-5063734cb070", "name": "tempest-GroupSnapshotsTest-volume-type-251771855", "is_public": true, "extra_specs": {}, "description": null, "os-volume-type-access:is_public": true}}'
2026-03-25 20:43:30,024 130085 INFO     [tempest.lib.common.rest_client] Request (GroupSnapshotsTest:test_group_snapshot_create_show_list_delete): 202 POST http://10.201.9.223/volume/v3/group_types 0.025s
2026-03-25 20:43:30,024 130085 DEBUG    [tempest.lib.common.rest_client] Request - Headers: {'Content-Type': 'application/json', 'Accept': 'application/json', 'Openstack-Api-Version': 'volume 3.14', 'X-Auth-Token': '<omitted>'}
        Body: {"group_type": {"name": "tempest-GroupSnapshotsTest-group-type-2048729720"}}
    Response - Headers: {'date': 'Wed, 25 Mar 2026 20:43:30 GMT', 'server': 'Apache/2.4.58 (Ubuntu)', 'content-type': 'application/json', 'x-compute-request-id': 'req-3c9913dc-3e64-4a97-95ec-5630b60408fa', 'content-length': '181', 'openstack-api-version': 'volume 3.14', 'vary': 'OpenStack-API-Version', 'x-openstack-request-id': 'req-3c9913dc-3e64-4a97-95ec-5630b60408fa', 'connection': 'close', 'status': '202', 'content-location': 'http://10.201.9.223/volume/v3/group_types'}
        Body: b'{"group_type": {"id": "c66c9765-5fb8-451f-84db-6c51abd9834d", "name": "tempest-GroupSnapshotsTest-group-type-2048729720", "description": null, "is_public": true, "group_specs": {}}}'
2026-03-25 20:43:30,078 130085 INFO     [tempest.lib.common.rest_client] Request (GroupSnapshotsTest:test_group_snapshot_create_show_list_delete): 202 POST http://10.201.9.223/volume/v3/groups 0.051s
2026-03-25 20:43:30,078 130085 DEBUG    [tempest.lib.common.rest_client] Request - Headers: {'Content-Type': 'application/json', 'Accept': 'application/json', 'Openstack-Api-Version': 'volume 3.14', 'X-Auth-Token': '<omitted>'}
        Body: {"group": {"group_type": "c66c9765-5fb8-451f-84db-6c51abd9834d", "volume_types": ["47d6871e-c257-462e-9928-5063734cb070"], "name": "tempest-GroupSnapshotsTest-Group-1677274094"}}
    Response - Headers: {'date': 'Wed, 25 Mar 2026 20:43:30 GMT', 'server': 'Apache/2.4.58 (Ubuntu)', 'content-type': 'application/json', 'x-compute-request-id': 'req-6bb87e1e-c2ed-4f51-9db7-fce838f9c477', 'content-length': '112', 'openstack-api-version': 'volume 3.14', 'vary': 'OpenStack-API-Version', 'x-openstack-request-id': 'req-6bb87e1e-c2ed-4f51-9db7-fce838f9c477', 'connection': 'close', 'status': '202', 'content-location': 'http://10.201.9.223/volume/v3/groups'}
        Body: b'{"group": {"id": "7a1bb5b4-19af-499c-85d0-84ce8520f6f2", "name": "tempest-GroupSnapshotsTest-Group-1677274094"}}'
2026-03-25 20:43:30,096 130085 INFO     [tempest.lib.common.rest_client] Request (GroupSnapshotsTest:test_group_snapshot_create_show_list_delete): 200 GET http://10.201.9.223/volume/v3/groups/7a1bb5b4-19af-499c-85d0-84ce8520f6f2 0.016s
2026-03-25 20:43:30,096 130085 DEBUG    [tempest.lib.common.rest_client] Request - Headers: {'Content-Type': 'application/json', 'Accept': 'application/json', 'Openstack-Api-Version': 'volume 3.14', 'X-Auth-Token': '<omitted>'}
        Body:
     None
    Response - Headers: {'date': 'Wed, 25 Mar 2026 20:43:30 GMT', 'server': 'Apache/2.4.58 (Ubuntu)', 'content-type': 'application/json', 'x-compute-request-id': 'req-a62551ce-5a12-4295-8ba9-58358f7aa2da', 'content-length': '392', 'openstack-api-version': 'volume 3.14', 'vary': 'OpenStack-API-Version', 'x-openstack-request-id': 'req-a62551ce-5a12-4295-8ba9-58358f7aa2da', 'connection': 'close', 'status': '200', 'content-location': 'http://10.201.9.223/volume/v3/groups/7a1bb5b4-19af-499c-85d0-84ce8520f6f2'}
        Body: b'{"group": {"id": "7a1bb5b4-19af-499c-85d0-84ce8520f6f2", "status": "creating", "availability_zone": "nova", "created_at": "2026-03-25T20:43:30.000000", "name": "tempest-GroupSnapshotsTest-Group-1677274094", "description": null, "group_type": "c66c9765-5fb8-451f-84db-6c51abd9834d", "volume_types": ["47d6871e-c257-462e-9928-5063734cb070"], "group_snapshot_id": null, "source_group_id": null}}'
2026-03-25 20:43:31,127 130085 INFO     [tempest.lib.common.rest_client] Request (GroupSnapshotsTest:test_group_snapshot_create_show_list_delete): 200 GET http://10.201.9.223/volume/v3/groups/7a1bb5b4-19af-499c-85d0-84ce8520f6f2 0.027s
2026-03-25 20:43:31,128 130085 DEBUG    [tempest.lib.common.rest_client] Request - Headers: {'Content-Type': 'application/json', 'Accept': 'application/json', 'Openstack-Api-Version': 'volume 3.14', 'X-Auth-Token': '<omitted>'}
        Body: None
    Response - Headers: {'date': 'Wed, 25 Mar 2026 20:43:31 GMT', 'server': 'Apache/2.4.58 (Ubuntu)', 'content-type': 'application/json', 'x-compute-request-id': 'req-4bbe38b1-2b78-4d64-bd61-40997c3f7951', 'content-length': '389', 'openstack-api-version': 'volume 3.14', 'vary': 'OpenStack-API-Version', 'x-openstack-request-id': 'req-4bbe38b1-2b78-4d64-bd61-40997c3f7951', 'connection': 'close', 'status': '200', 'content-location': 'http://10.201.9.223/volume/v3/groups/7a1bb5b4-19af-499c-85d0-84ce8520f6f2'}
        Body: b'{"group": {"id": "7a1bb5b4-19af-499c-85d0-84ce8520f6f2", "status": "error", "availability_zone": "nova", "created_at": "2026-03-25T20:43:30.000000", "name": "tempest-GroupSnapshotsTest-Group-1677274094", "description": null, "group_type": "c66c9765-5fb8-451f-84db-6c51abd9834d", "volume_types": ["47d6871e-c257-462e-9928-5063734cb070"], "group_snapshot_id": null, "source_group_id": null}}'
2026-03-25 20:43:31,154 130085 INFO     [tempest.lib.common.rest_client] Request (GroupSnapshotsTest:_run_cleanups): 200 GET http://10.201.9.223/volume/v3/volumes/detail 0.024s
2026-03-25 20:43:31,155 130085 DEBUG    [tempest.lib.common.rest_client] Request - Headers: {'Content-Type': 'application/json', 'Accept': 'application/json', 'Openstack-Api-Version': 'volume 3.14', 'X-Auth-Token': '<omitted>'}
        Body: None
    Response - Headers: {'date': 'Wed, 25 Mar 2026 20:43:31 GMT', 'server': 'Apache/2.4.58 (Ubuntu)', 'content-type': 'application/json', 'x-compute-request-id': 'req-05e8e37f-5b6a-4669-8ef2-50c53f1649db', 'content-length': '15', 'openstack-api-version': 'volume 3.14', 'vary': 'OpenStack-API-Version', 'x-openstack-request-id': 'req-05e8e37f-5b6a-4669-8ef2-50c53f1649db', 'connection': 'close', 'status': '200', 'content-location': 'http://10.201.9.223/volume/v3/volumes/detail'}
        Body: b'{"volumes": []}'
2026-03-25 20:43:31,199 130085 INFO     [tempest.lib.common.rest_client] Request (GroupSnapshotsTest:_run_cleanups): 202 POST http://10.201.9.223/volume/v3/groups/7a1bb5b4-19af-499c-85d0-84ce8520f6f2/action 0.037s
2026-03-25 20:43:31,199 130085 DEBUG    [tempest.lib.common.rest_client] Request - Headers: {'Content-Type': 'application/json', 'Accept': 'application/json', 'Openstack-Api-Version': 'volume 3.14', 'X-Auth-Token': '<omitted>'}
        Body: {"delete": {"delete-volumes": true}}
    Response - Headers: {'date': 'Wed, 25 Mar 2026 20:43:31 GMT', 'server': 'Apache/2.4.58 (Ubuntu)', 'content-length': '0', 'content-type': 'text/html; charset=UTF-8', 'openstack-api-version': 'volume 3.14', 'vary': 'OpenStack-API-Version', 'x-openstack-request-id': 'req-c1ee15d8-9709-4549-93e6-425eb571c7d8', 'connection': 'close', 's
    tatus': '202', 'content-location': 'http://10.201.9.223/volume/v3/groups/7a1bb5b4-19af-499c-85d0-84ce8520f6f2/action'}
        Body: b''
2026-03-25 20:43:31,207 130085 INFO     [tempest.lib.common.rest_client] Request (GroupSnapshotsTest:_run_cleanups): 404 GET http://10.201.9.223/volume/v3/groups/7a1bb5b4-19af-499c-85d0-84ce8520f6f2 0.008s
2026-03-25 20:43:31,207 130085 DEBUG    [tempest.lib.common.rest_client] Request - Headers: {'Content-Type': 'application/json', 'Accept': 'application/json', 'Openstack-Api-Version': 'volume 3.14', 'X-Auth-Token': '<omitted>'}
        Body: None
    Response - Headers: {'date': 'Wed, 25 Mar 2026 20:43:31 GMT', 'server': 'Apache/2.4.58 (Ubuntu)', 'openstack-api-version': 'volume 3.14', 'vary': 'OpenStack-API-Version', 'content-length': '108', 'content-type': 'application/json', 'x-compute-request-id': 'req-d1516fcb-7ad2-49d4-ac34-b92d1c8d92ec', 'x-openstack-request-id': 'req-d1516fcb-7ad2-49d4-ac34-b92d1c8d92ec', 'connection': 'close', 'status': '404', 'content-location': 'http://10.201.9.223/volume/v3/groups/7a1bb5b4-19af-499c-85d0-84ce8520f6f2'}
        Body: b'{"itemNotFound": {"code": 404, "message": "Group 7a1bb5b4-19af-499c-85d0-84ce8520f6f2 could not be found."}}'
2026-03-25 20:43:31,223 130085 INFO     [tempest.lib.common.rest_client] Request (GroupSnapshotsTest:_run_cleanups): 202 DELETE http://10.201.9.223/volume/v3/group_types/c66c9765-5fb8-451f-84db-6c51abd9834d 0.015s
2026-03-25 20:43:31,223 130085 DEBUG    [tempest.lib.common.rest_client] Request - Headers: {'Content-Type': 'application/json', 'Accept': 'application/json', 'Openstack-Api-Version': 'volume 3.14', 'X-Auth-Token': '<omitted>'}
        Body: None
    Response - Headers: {'date': 'Wed, 25 Mar 2026 20:43:31 GMT', 'server': 'Apache/2.4.58 (Ubuntu)', 'content-length': '0', 'content-type': 'text/html; charset=UTF-8', 'openstack-api-version': 'volume 3.14', 'vary': 'OpenStack-API-Version', 'x-openstack-request-id': 'req-d58b1fac-6ecf-4665-859f-2d485db87a54', 'connection': 'close', 'status': '202', 'content-location': 'http://10.201.9.223/volume/v3/group_types/c66c9765-5fb8-451f-84db-6c51abd9834d'}
        Body: b''
2026-03-25 20:43:31,249 130085 INFO     [tempest.lib.common.rest_client] Request (GroupSnapshotsTest:_run_cleanups): 202 DELETE http://10.201.9.223/volume/v3/types/47d6871e-c257-462e-9928-5063734cb070 0.026s
2026-03-25 20:43:31,250 130085 DEBUG    [tempest.lib.common.rest_client] Request - Headers: {'Content-Type': 'application/json', 'Accept': 'application/json', 'X-Auth-Token': '<omitted>'}
        Body: None
    Response - Headers: {'date': 'Wed, 25 Mar 2026 20:43:31 GMT', 'server': 'Apache/2.4.58 (Ubuntu)', 'content-length': '0', 'content-type': 'text/html; charset=UTF-8', 'openstack-api-version': 'volume 3.0', 'vary': 'OpenStack-API-Version', 'x-openstack-request-id': 'req-e56e0cdc-d719-4839-930b-3bf2843f5307', 'connection': 'close', 'status': '202', 'content-location': 'http://10.201.9.223/volume/v3/types/47d6871e-c257-462e-9928-5063734cb070'}
        Body: b''
2026-03-25 20:43:31,263 130085 INFO     [tempest.lib.common.rest_client] Request (GroupSnapshotsTest:_run_cleanups): 404 GET http://10.201.9.223/volume/v3/types/47d6871e-c257-462e-9928-5063734cb070 0.012s
2026-03-25 20:43:31,263 130085 DEBUG    [tempest.lib.common.rest_client] Request - Headers: {'Content-Type': 'application/json', 'Accept': 'application/json', 'X-Auth-Token': '<omitted>'}
        Body: None
    Response - Headers: {'date': 'Wed, 25 Mar 2026 20:43:31 GMT', 'server': 'Apache/2.4.58 (Ubuntu)', 'openstack-api-version': 'volume 3.0', 'vary': 'OpenStack-API-Version', 'content-length': '114', 'content-type': 'application/json', 'x-compute-request-id': 'req-96a2fd90-92c2-4450-b7de-42be7b7bcfc8', 'x-openstack-request-id': 'req-96a2fd90-92c2-4450-b7de-42be7b7bcfc8', 'connection': 'close', 'status': '404', 'content-location': 'http://10.201.9.223/volume/v3/types/47d6871e-c257-462e-9928-5063734cb070'}
        Body: b'{"itemNotFound": {"code": 404, "message": "Volume type 47d6871e-c257-462e-9928-5063734cb070 could not be found."}}'


tempest.api.volume.******.test_group_snapshots.GroupSnapshotsV319Test.test_reset_group_snapshot_status[id-3b42c9b9-c984-4444-816e-ca2e1ed30b40]
----------------------------------------------------------------------------------------------------------------------------------------------

Captured traceback:
~~~~~~~~~~~~~~~~~~~
    Traceback (most recent call last):

      File "/opt/stack/tempest/tempest/api/volume/******/test_group_snapshots.py", line 293, in test_reset_group_snapshot_status
    group = self.create_group(group_type=group_type['id'],
            ^^^^^^^^^^^^^^^^^^^^^^^^^^^^^^^^^^^^^^^^^^^^^^

      File "/opt/stack/tempest/tempest/api/volume/base.py", line 293, in create_group
    waiters.wait_for_volume_resource_status(

      File "/opt/stack/tempest/tempest/common/waiters.py", line 379, in wait_for_volume_resource_status
    raise exceptions.VolumeResourceBuildErrorException(

    tempest.exceptions.VolumeResourceBuildErrorException: group 5756ae2b-2e6f-4325-95c3-3c376ed070a4 failed to build and is in ERROR status


Captured pythonlogging:
~~~~~~~~~~~~~~~~~~~~~~~
    2026-03-25 20:43:33,295 130085 INFO     [tempest.lib.common.rest_client] Request (GroupSnapshotsV319Test:test_reset_group_snapshot_status): 200 POST http://10.201.9.223/volume/v3/types 0.091s
2026-03-25 20:43:33,296 130085 DEBUG    [tempest.lib.common.rest_client] Request - Headers: {'Content-Type': 'application/json', 'Accept': 'application/json', 'X-Auth-Token': '<omitted>'}
        Body: {"volume_type": {"name": "tempest-GroupSnapshotsV319Test-volume-type-922776054"}}
    Response - Headers: {'date': 'Wed, 25 Mar 2026 20:43:33 GMT', 'server': 'Apache/2.4.58 (Ubuntu)', 'content-type': 'application/json', 'x-compute-request-id': 'req-f8a8d2df-1e2e-4b11-8b6d-7bfa0194a522', 'content-length': '227', 'openstack-api-version': 'volume 3.0', 'vary': 'OpenStack-API-Version', 'x-openstack-request-id': 'req-f8a8d2df-1e2e-4b11-8b6d-7bfa0194a522', 'connection': 'close', 'status': '200', 'content-location': 'http://10.201.9.223/volume/v3/types'}
        Body: b'{"volume_type": {"id": "b8cbf3dd-10d7-497a-8b40-f695164c3099", "name": "tempest-GroupSnapshotsV319Test-volume-type-922776054", "is_public": true, "extra_specs": {}, "description": null, "os-volume-type-access:is_public": true}}'
2026-03-25 20:43:33,322 130085 INFO     [tempest.lib.common.rest_client] Request (GroupSnapshotsV319Test:test_reset_group_snapshot_status): 202 POST http://10.201.9.223/volume/v3/group_types 0.024s
2026-03-25 20:43:33,323 130085 DEBUG    [tempest.lib.common.rest_client] Request - Headers: {'Content-Type': 'application/json', 'Accept': 'application/json', 'Openstack-Api-Version': 'volume 3.19', 'X-Auth-Token': '<omitted>'}
        Body: {"group_type": {"name": "tempest-GroupSnapshotsV319Test-group-type-1313906148"}}
    Response - Headers: {'date': 'Wed, 25 Mar 2026 20:43:33 GMT', 'server': 'Apache/2.4.58 (Ubuntu)', 'content-type': 'application/json', 'x-compute-request-id': 'req-60ad0f0a-f7e9-420f-b010-a8d473eabe16', 'content-length': '185', 'openstack-api-version': 'volume 3.19', 'vary': 'OpenStack-API-Version', 'x-openstack-request-id': 'req-60ad0f0a-f7e9-420f-b010-a8d473eabe16', 'connection': 'close', 'status': '202', 'content-location': 'http://10.201.9.223/volume/v3/group_types'}
        Body: b'{"group_type": {"id": "594d0282-a7a9-4956-8773-0e64ce1e69ff", "name": "tempest-GroupSnapshotsV319Test-group-type-1313906148", "description": null, "is_public": true, "group_specs": {}}}'
2026-03-25 20:43:33,444 130085 INFO     [tempest.lib.common.rest_client] Request (GroupSnapshotsV319Test:test_reset_group_snapshot_status): 202 POST http://10.201.9.223/volume/v3/groups 0.118s
2026-03-25 20:43:33,444 130085 DEBUG    [tempest.lib.common.rest_client] Request - Headers: {'Content-Type': 'application/json', 'Accept': 'application/json', 'Openstack-Api-Version': 'volume 3.19', 'X-Auth-Token': '<omitted>'}
        Body: {"group": {"group_type": "594d0282-a7a9-4956-8773-0e64ce1e69ff", "volume_types": ["b8cbf3dd-10d7-497a-8b40-f695164c3099"], "name": "tempest-GroupSnapshotsV319Test-Group-2140338132"}}
    Response - Headers: {'date': 'Wed, 25 Mar 2026 20:43:33 GMT', 'server': 'Apache/2.4.58 (Ubuntu)', 'content-type': 'application/json', 'x-compute-request-id': 'req-c0b8f840-9486-47ee-a0b0-df84b0d2ed8d', 'content-length': '116', 'openstack-api-version': 'volume 3.19', 'vary': 'OpenStack-API-Version', 'x-openstack-request-id': 'req-c0b8f840-9486-47ee-a0b0-df84b0d2ed8d', 'connection': 'close', 'status': '202', 'content-location': 'http://10.201.9.223/volume/v3/groups'}
        Body: b'{"group": {"id": "5756ae2b-2e6f-4325-95c3-3c376ed070a4", "name": "tempest-GroupSnapshotsV319Test-Group-2140338132"}}'
2026-03-25 20:43:33,463 130085 INFO     [tempest.lib.common.rest_client] Request (GroupSnapshotsV319Test:test_reset_group_snapshot_status): 200 GET http://10.201.9.223/volume/v3/groups/5756ae2b-2e6f-4325-95c3-3c376ed070a4 0.018s
2026-03-25 20:43:33,464 130085 DEBUG    [tempest.lib.common.rest_client] Request - Headers: {'Content-Type': 'application/json', 'Accept': 'application/json', 'Openstack-Api-Version': 'volume 3.19', 'X-Auth-Token': '<omitted>'}
        Body: Non
    e
    Response - Headers: {'date': 'Wed, 25 Mar 2026 20:43:33 GMT', 'server': 'Apache/2.4.58 (Ubuntu)', 'content-type': 'application/json', 'x-compute-request-id': 'req-2afb1d9f-7123-4632-97e9-44cf75f1f2f4', 'content-length': '396', 'openstack-api-version': 'volume 3.19', 'vary': 'OpenStack-API-Version', 'x-openstack-request-id': 'req-2afb1d9f-7123-4632-97e9-44cf75f1f2f4', 'connection': 'close', 'status': '200', 'content-location': 'http://10.201.9.223/volume/v3/groups/5756ae2b-2e6f-4325-95c3-3c376ed070a4'}
        Body: b'{"group": {"id": "5756ae2b-2e6f-4325-95c3-3c376ed070a4", "status": "creating", "availability_zone": "nova", "created_at": "2026-03-25T20:43:33.000000", "name": "tempest-GroupSnapshotsV319Test-Group-2140338132", "description": null, "group_type": "594d0282-a7a9-4956-8773-0e64ce1e69ff", "volume_types": ["b8cbf3dd-10d7-497a-8b40-f695164c3099"], "group_snapshot_id": null, "source_group_id": null}}'
2026-03-25 20:43:34,492 130085 INFO     [tempest.lib.common.rest_client] Request (GroupSnapshotsV319Test:test_reset_group_snapshot_status): 200 GET http://10.201.9.223/volume/v3/groups/5756ae2b-2e6f-4325-95c3-3c376ed070a4 0.026s
2026-03-25 20:43:34,493 130085 DEBUG    [tempest.lib.common.rest_client] Request - Headers: {'Content-Type': 'application/json', 'Accept': 'application/json', 'Openstack-Api-Version': 'volume 3.19', 'X-Auth-Token': '<omitted>'}
        Body: None
    Response - Headers: {'date': 'Wed, 25 Mar 2026 20:43:34 GMT', 'server': 'Apache/2.4.58 (Ubuntu)', 'content-type': 'application/json', 'x-compute-request-id': 'req-775e09d2-3d5e-4456-b15b-2c157bdd88b0', 'content-length': '393', 'openstack-api-version': 'volume 3.19', 'vary': 'OpenStack-API-Version', 'x-openstack-request-id': 'req-775e09d2-3d5e-4456-b15b-2c157bdd88b0', 'connection': 'close', 'status': '200', 'content-location': 'http://10.201.9.223/volume/v3/groups/5756ae2b-2e6f-4325-95c3-3c376ed070a4'}
        Body: b'{"group": {"id": "5756ae2b-2e6f-4325-95c3-3c376ed070a4", "status": "error", "availability_zone": "nova", "created_at": "2026-03-25T20:43:33.000000", "name": "tempest-GroupSnapshotsV319Test-Group-2140338132", "description": null, "group_type": "594d0282-a7a9-4956-8773-0e64ce1e69ff", "volume_types": ["b8cbf3dd-10d7-497a-8b40-f695164c3099"], "group_snapshot_id": null, "source_group_id": null}}'
2026-03-25 20:43:34,519 130085 INFO     [tempest.lib.common.rest_client] Request (GroupSnapshotsV319Test:_run_cleanups): 200 GET http://10.201.9.223/volume/v3/volumes/detail 0.024s
2026-03-25 20:43:34,519 130085 DEBUG    [tempest.lib.common.rest_client] Request - Headers: {'Content-Type': 'application/json', 'Accept': 'application/json', 'Openstack-Api-Version': 'volume 3.19', 'X-Auth-Token': '<omitted>'}
        Body: None
    Response - Headers: {'date': 'Wed, 25 Mar 2026 20:43:34 GMT', 'server': 'Apache/2.4.58 (Ubuntu)', 'content-type': 'application/json', 'x-compute-request-id': 'req-bd9f0593-d025-40e1-8eb8-ffcb3f612e28', 'content-length': '15', 'openstack-api-version': 'volume 3.19', 'vary': 'OpenStack-API-Version', 'x-openstack-request-id': 'req-bd9f0593-d025-40e1-8eb8-ffcb3f612e28', 'connection': 'close', 'status': '200', 'content-location': 'http://10.201.9.223/volume/v3/volumes/detail'}
        Body: b'{"volumes": []}'
2026-03-25 20:43:34,564 130085 INFO     [tempest.lib.common.rest_client] Request (GroupSnapshotsV319Test:_run_cleanups): 202 POST http://10.201.9.223/volume/v3/groups/5756ae2b-2e6f-4325-95c3-3c376ed070a4/action 0.038s
2026-03-25 20:43:34,564 130085 DEBUG    [tempest.lib.common.rest_client] Request - Headers: {'Content-Type': 'application/json', 'Accept': 'application/json', 'Openstack-Api-Version': 'volume 3.19', 'X-Auth-Token': '<omitted>'}
        Body: {"delete": {"delete-volumes": true}}
    Response - Headers: {'date': 'Wed, 25 Mar 2026 20:43:34 GMT', 'server': 'Apache/2.4.58 (Ubuntu)', 'content-length': '0', 'content-type': 'text/html; charset=UTF-8', 'openstack-api-version': 'volume 3.19', 'vary': 'OpenStack-API-Version', 'x-openstack-request-id': 'req-3d937dc9-0d67-43f0-a1bf-93067547f6e7', 'connection': 'close
    ', 'status': '202', 'content-location': 'http://10.201.9.223/volume/v3/groups/5756ae2b-2e6f-4325-95c3-3c376ed070a4/action'}
        Body: b''
2026-03-25 20:43:34,578 130085 INFO     [tempest.lib.common.rest_client] Request (GroupSnapshotsV319Test:_run_cleanups): 404 GET http://10.201.9.223/volume/v3/groups/5756ae2b-2e6f-4325-95c3-3c376ed070a4 0.014s
2026-03-25 20:43:34,579 130085 DEBUG    [tempest.lib.common.rest_client] Request - Headers: {'Content-Type': 'application/json', 'Accept': 'application/json', 'Openstack-Api-Version': 'volume 3.19', 'X-Auth-Token': '<omitted>'}
        Body: None
    Response - Headers: {'date': 'Wed, 25 Mar 2026 20:43:34 GMT', 'server': 'Apache/2.4.58 (Ubuntu)', 'openstack-api-version': 'volume 3.19', 'vary': 'OpenStack-API-Version', 'content-length': '108', 'content-type': 'application/json', 'x-compute-request-id': 'req-d87bc8bb-7167-47ff-824a-fd15a134652a', 'x-openstack-request-id': 'req-d87bc8bb-7167-47ff-824a-fd15a134652a', 'connection': 'close', 'status': '404', 'content-location': 'http://10.201.9.223/volume/v3/groups/5756ae2b-2e6f-4325-95c3-3c376ed070a4'}
        Body: b'{"itemNotFound": {"code": 404, "message": "Group 5756ae2b-2e6f-4325-95c3-3c376ed070a4 could not be found."}}'
2026-03-25 20:43:34,594 130085 INFO     [tempest.lib.common.rest_client] Request (GroupSnapshotsV319Test:_run_cleanups): 202 DELETE http://10.201.9.223/volume/v3/group_types/594d0282-a7a9-4956-8773-0e64ce1e69ff 0.015s
2026-03-25 20:43:34,595 130085 DEBUG    [tempest.lib.common.rest_client] Request - Headers: {'Content-Type': 'application/json', 'Accept': 'application/json', 'Openstack-Api-Version': 'volume 3.19', 'X-Auth-Token': '<omitted>'}
        Body: None
    Response - Headers: {'date': 'Wed, 25 Mar 2026 20:43:34 GMT', 'server': 'Apache/2.4.58 (Ubuntu)', 'content-length': '0', 'content-type': 'text/html; charset=UTF-8', 'openstack-api-version': 'volume 3.19', 'vary': 'OpenStack-API-Version', 'x-openstack-request-id': 'req-8212725f-eb45-4051-8b38-fdfbf4ac510e', 'connection': 'close', 'status': '202', 'content-location': 'http://10.201.9.223/volume/v3/group_types/594d0282-a7a9-4956-8773-0e64ce1e69ff'}
        Body: b''
2026-03-25 20:43:34,625 130085 INFO     [tempest.lib.common.rest_client] Request (GroupSnapshotsV319Test:_run_cleanups): 202 DELETE http://10.201.9.223/volume/v3/types/b8cbf3dd-10d7-497a-8b40-f695164c3099 0.030s
2026-03-25 20:43:34,626 130085 DEBUG    [tempest.lib.common.rest_client] Request - Headers: {'Content-Type': 'application/json', 'Accept': 'application/json', 'X-Auth-Token': '<omitted>'}
        Body: None
    Response - Headers: {'date': 'Wed, 25 Mar 2026 20:43:34 GMT', 'server': 'Apache/2.4.58 (Ubuntu)', 'content-length': '0', 'content-type': 'text/html; charset=UTF-8', 'openstack-api-version': 'volume 3.0', 'vary': 'OpenStack-API-Version', 'x-openstack-request-id': 'req-3fb98382-03bc-4833-b23a-e2d06b09b4a0', 'connection': 'close', 'status': '202', 'content-location': 'http://10.201.9.223/volume/v3/types/b8cbf3dd-10d7-497a-8b40-f695164c3099'}
        Body: b''
2026-03-25 20:43:34,637 130085 INFO     [tempest.lib.common.rest_client] Request (GroupSnapshotsV319Test:_run_cleanups): 404 GET http://10.201.9.223/volume/v3/types/b8cbf3dd-10d7-497a-8b40-f695164c3099 0.011s
2026-03-25 20:43:34,637 130085 DEBUG    [tempest.lib.common.rest_client] Request - Headers: {'Content-Type': 'application/json', 'Accept': 'application/json', 'X-Auth-Token': '<omitted>'}
        Body: None
    Response - Headers: {'date': 'Wed, 25 Mar 2026 20:43:34 GMT', 'server': 'Apache/2.4.58 (Ubuntu)', 'openstack-api-version': 'volume 3.0', 'vary': 'OpenStack-API-Version', 'content-length': '114', 'content-type': 'application/json', 'x-compute-request-id': 'req-870632de-6cd7-4cd1-9167-652e6e1f852e', 'x-openstack-request-id': 'req-870632de-6cd7-4cd1-9167-652e6e1f852e', 'connection': 'close', 'status': '404', 'content-location': 'http://10.201.9.223/volume/v3/types/b8cbf3dd-10d7-497a-8b40-f695164c3099'}
        Body: b'{"itemNotFound": {"code": 404, "message": "Volume type b8cbf3dd-10d7-497a-8b40-f695164c3099 could 
    not be found."}}'


tempest.api.volume.******.test_groups.GroupsTest.test_group_create_show_list_delete[id-4b111d28-b73d-4908-9bd2-03dc2992e4d4]
---------------------------------------------------------------------------------------------------------------------------

Captured traceback:
~~~~~~~~~~~~~~~~~~~
    Traceback (most recent call last):

      File "/opt/stack/tempest/tempest/api/volume/******/test_groups.py", line 43, in test_group_create_show_list_delete
    grp1 = self.create_group(group_type=group_type['id'],
           ^^^^^^^^^^^^^^^^^^^^^^^^^^^^^^^^^^^^^^^^^^^^^^

      File "/opt/stack/tempest/tempest/api/volume/base.py", line 293, in create_group
    waiters.wait_for_volume_resource_status(

      File "/opt/stack/tempest/tempest/common/waiters.py", line 379, in wait_for_volume_resource_status
    raise exceptions.VolumeResourceBuildErrorException(

    tempest.exceptions.VolumeResourceBuildErrorException: group 8520a8be-b386-44ac-b272-f5da411bdd23 failed to build and is in ERROR status


Captured pythonlogging:
~~~~~~~~~~~~~~~~~~~~~~~
    2026-03-25 20:43:40,736 130085 INFO     [tempest.lib.common.rest_client] Request (GroupsTest:test_group_create_show_list_delete): 200 POST http://10.201.9.223/volume/v3/types 0.077s
2026-03-25 20:43:40,737 130085 DEBUG    [tempest.lib.common.rest_client] Request - Headers: {'Content-Type': 'application/json', 'Accept': 'application/json', 'X-Auth-Token': '<omitted>'}
        Body: {"volume_type": {"name": "tempest-GroupsTest-volume-type-1883745865"}}
    Response - Headers: {'date': 'Wed, 25 Mar 2026 20:43:40 GMT', 'server': 'Apache/2.4.58 (Ubuntu)', 'content-type': 'application/json', 'x-compute-request-id': 'req-4d0f0c49-fac8-4f90-bf99-89c0e62bd743', 'content-length': '216', 'openstack-api-version': 'volume 3.0', 'vary': 'OpenStack-API-Version', 'x-openstack-request-id': 'req-4d0f0c49-fac8-4f90-bf99-89c0e62bd743', 'connection': 'close', 'status': '200', 'content-location': 'http://10.201.9.223/volume/v3/types'}
        Body: b'{"volume_type": {"id": "b3d074c8-87a3-44fb-965f-7808a522f6b0", "name": "tempest-GroupsTest-volume-type-1883745865", "is_public": true, "extra_specs": {}, "description": null, "os-volume-type-access:is_public": true}}'
2026-03-25 20:43:40,764 130085 INFO     [tempest.lib.common.rest_client] Request (GroupsTest:test_group_create_show_list_delete): 202 POST http://10.201.9.223/volume/v3/group_types 0.023s
2026-03-25 20:43:40,764 130085 DEBUG    [tempest.lib.common.rest_client] Request - Headers: {'Content-Type': 'application/json', 'Accept': 'application/json', 'Openstack-Api-Version': 'volume 3.13', 'X-Auth-Token': '<omitted>'}
        Body: {"group_type": {"name": "tempest-GroupsTest-group-type-1152812256"}}
    Response - Headers: {'date': 'Wed, 25 Mar 2026 20:43:40 GMT', 'server': 'Apache/2.4.58 (Ubuntu)', 'content-type': 'application/json', 'x-compute-request-id': 'req-83bcf308-9acc-4282-b9e4-614179fd36fe', 'content-length': '173', 'openstack-api-version': 'volume 3.13', 'vary': 'OpenStack-API-Version', 'x-openstack-request-id': 'req-83bcf308-9acc-4282-b9e4-614179fd36fe', 'connection': 'close', 'status': '202', 'content-location': 'http://10.201.9.223/volume/v3/group_types'}
        Body: b'{"group_type": {"id": "c7632039-4755-4f0f-9b8e-76430e914223", "name": "tempest-GroupsTest-group-type-1152812256", "description": null, "is_public": true, "group_specs": {}}}'
2026-03-25 20:43:40,879 130085 INFO     [tempest.lib.common.rest_client] Request (GroupsTest:test_group_create_show_list_delete): 202 POST http://10.201.9.223/volume/v3/groups 0.114s
2026-03-25 20:43:40,879 130085 DEBUG    [tempest.lib.common.rest_client] Request - Headers: {'Content-Type': 'application/json', 'Accept': 'application/json', 'Openstack-Api-Version': 'volume 3.13', 'X-Auth-Token': '<omitted>'}
        Body: {"group": {"group_type": "c7632039-4755-4f0f-9b8e-76430e914223", "volume_types": ["b3d074c8-87a3-44fb-965f-7808a522f6b0"], "name": "tempest-Group1-1080204439"}}
    Response - Headers: {'date': 'Wed, 25 Mar 2026 20:43:40 GMT', 'server': 'Apache/2.4.58 (Ubuntu)', 'content-type': 'application/json', 'x-compute-request-id': 'req-9e9b827f-e53f-435a-ba60-4fd32ff74be2', 'content-length': '94', 'openstack-api-version': 'volume 3.13', 'vary': 'OpenStack-API-Version', 'x-openstack-request-id': 'req-9e9b827f-e53f-435a-ba60-4fd32ff74be2', 'connection': 'close', 'status': '202', 'content-location': 'http://10.201.9.223/volume/v3/groups'}
        Body: b'{"group": {"id": "8520a8be-b386-44ac-b272-f5da411bdd23", "name": "tempest-Group1-1080204439"}}'
2026-03-25 20:43:40,902 130085 INFO     [tempest.lib.common.rest_client] Request (GroupsTest:test_group_create_show_list_delete): 200 GET http://10.201.9.223/volume/v3/groups/8520a8be-b386-44ac-b272-f5da411bdd23 0.022s
2026-03-25 20:43:40,903 130085 DEBUG    [tempest.lib.common.rest_client] Request - Headers: {'Content-Type': 'application/json', 'Accept': 'application/json', 'Openstack-Api-Version': 'volume 3.13', 'X-Auth-Token': '<omitted>'}
        Body: None
    Response - Headers: {'date': 'Wed, 25 Mar 2026 20:43:40 GMT', 'server': 'Apache/2.4.58 (Ubuntu)', 'content-type': 'applicatio
    n/json', 'x-compute-request-id': 'req-a466290f-996d-4c3c-bb89-3c85a48a65d5', 'content-length': '322', 'openstack-api-version': 'volume 3.13', 'vary': 'OpenStack-API-Version', 'x-openstack-request-id': 'req-a466290f-996d-4c3c-bb89-3c85a48a65d5', 'connection': 'close', 'status': '200', 'content-location': 'http://10.201.9.223/volume/v3/groups/8520a8be-b386-44ac-b272-f5da411bdd23'}
        Body: b'{"group": {"id": "8520a8be-b386-44ac-b272-f5da411bdd23", "status": "creating", "availability_zone": "nova", "created_at": "2026-03-25T20:43:41.000000", "name": "tempest-Group1-1080204439", "description": null, "group_type": "c7632039-4755-4f0f-9b8e-76430e914223", "volume_types": ["b3d074c8-87a3-44fb-965f-7808a522f6b0"]}}'
2026-03-25 20:43:41,934 130085 INFO     [tempest.lib.common.rest_client] Request (GroupsTest:test_group_create_show_list_delete): 200 GET http://10.201.9.223/volume/v3/groups/8520a8be-b386-44ac-b272-f5da411bdd23 0.029s
2026-03-25 20:43:41,934 130085 DEBUG    [tempest.lib.common.rest_client] Request - Headers: {'Content-Type': 'application/json', 'Accept': 'application/json', 'Openstack-Api-Version': 'volume 3.13', 'X-Auth-Token': '<omitted>'}
        Body: None
    Response - Headers: {'date': 'Wed, 25 Mar 2026 20:43:41 GMT', 'server': 'Apache/2.4.58 (Ubuntu)', 'content-type': 'application/json', 'x-compute-request-id': 'req-269da160-482e-4e24-b24d-1c07386dd0a4', 'content-length': '319', 'openstack-api-version': 'volume 3.13', 'vary': 'OpenStack-API-Version', 'x-openstack-request-id': 'req-269da160-482e-4e24-b24d-1c07386dd0a4', 'connection': 'close', 'status': '200', 'content-location': 'http://10.201.9.223/volume/v3/groups/8520a8be-b386-44ac-b272-f5da411bdd23'}
        Body: b'{"group": {"id": "8520a8be-b386-44ac-b272-f5da411bdd23", "status": "error", "availability_zone": "nova", "created_at": "2026-03-25T20:43:41.000000", "name": "tempest-Group1-1080204439", "description": null, "group_type": "c7632039-4755-4f0f-9b8e-76430e914223", "volume_types": ["b3d074c8-87a3-44fb-965f-7808a522f6b0"]}}'
2026-03-25 20:43:41,955 130085 INFO     [tempest.lib.common.rest_client] Request (GroupsTest:_run_cleanups): 200 GET http://10.201.9.223/volume/v3/volumes/detail 0.018s
2026-03-25 20:43:41,955 130085 DEBUG    [tempest.lib.common.rest_client] Request - Headers: {'Content-Type': 'application/json', 'Accept': 'application/json', 'Openstack-Api-Version': 'volume 3.13', 'X-Auth-Token': '<omitted>'}
        Body: None
    Response - Headers: {'date': 'Wed, 25 Mar 2026 20:43:41 GMT', 'server': 'Apache/2.4.58 (Ubuntu)', 'content-type': 'application/json', 'x-compute-request-id': 'req-accfb1cc-416b-4cb4-ac61-74164a9ba2fa', 'content-length': '15', 'openstack-api-version': 'volume 3.13', 'vary': 'OpenStack-API-Version', 'x-openstack-request-id': 'req-accfb1cc-416b-4cb4-ac61-74164a9ba2fa', 'connection': 'close', 'status': '200', 'content-location': 'http://10.201.9.223/volume/v3/volumes/detail'}
        Body: b'{"volumes": []}'
2026-03-25 20:43:42,004 130085 INFO     [tempest.lib.common.rest_client] Request (GroupsTest:_run_cleanups): 202 POST http://10.201.9.223/volume/v3/groups/8520a8be-b386-44ac-b272-f5da411bdd23/action 0.043s
2026-03-25 20:43:42,004 130085 DEBUG    [tempest.lib.common.rest_client] Request - Headers: {'Content-Type': 'application/json', 'Accept': 'application/json', 'Openstack-Api-Version': 'volume 3.13', 'X-Auth-Token': '<omitted>'}
        Body: {"delete": {"delete-volumes": true}}
    Response - Headers: {'date': 'Wed, 25 Mar 2026 20:43:41 GMT', 'server': 'Apache/2.4.58 (Ubuntu)', 'content-length': '0', 'content-type': 'text/html; charset=UTF-8', 'openstack-api-version': 'volume 3.13', 'vary': 'OpenStack-API-Version', 'x-openstack-request-id': 'req-9cbe298b-0a2c-4a20-b5af-68603dbb4a20', 'connection': 'close', 'status': '202', 'content-location': 'http://10.201.9.223/volume/v3/groups/8520a8be-b386-44ac-b272-f5da411bdd23/action'}
        Body: b''
2026-03-25 20:43:42,016 130085 INFO     [tempest.lib.common.rest_client] Request (GroupsTest:_run_cleanups): 404 GET http://10.201.9.223/volume/v3/groups/8520a8be-b386-44a
    c-b272-f5da411bdd23 0.011s
2026-03-25 20:43:42,016 130085 DEBUG    [tempest.lib.common.rest_client] Request - Headers: {'Content-Type': 'application/json', 'Accept': 'application/json', 'Openstack-Api-Version': 'volume 3.13', 'X-Auth-Token': '<omitted>'}
        Body: None
    Response - Headers: {'date': 'Wed, 25 Mar 2026 20:43:42 GMT', 'server': 'Apache/2.4.58 (Ubuntu)', 'openstack-api-version': 'volume 3.13', 'vary': 'OpenStack-API-Version', 'content-length': '108', 'content-type': 'application/json', 'x-compute-request-id': 'req-f256fdc3-1597-41a8-9ccd-ea08b042cfbc', 'x-openstack-request-id': 'req-f256fdc3-1597-41a8-9ccd-ea08b042cfbc', 'connection': 'close', 'status': '404', 'content-location': 'http://10.201.9.223/volume/v3/groups/8520a8be-b386-44ac-b272-f5da411bdd23'}
        Body: b'{"itemNotFound": {"code": 404, "message": "Group 8520a8be-b386-44ac-b272-f5da411bdd23 could not be found."}}'
2026-03-25 20:43:42,040 130085 INFO     [tempest.lib.common.rest_client] Request (GroupsTest:_run_cleanups): 202 DELETE http://10.201.9.223/volume/v3/group_types/c7632039-4755-4f0f-9b8e-76430e914223 0.024s
2026-03-25 20:43:42,041 130085 DEBUG    [tempest.lib.common.rest_client] Request - Headers: {'Content-Type': 'application/json', 'Accept': 'application/json', 'Openstack-Api-Version': 'volume 3.13', 'X-Auth-Token': '<omitted>'}
        Body: None
    Response - Headers: {'date': 'Wed, 25 Mar 2026 20:43:42 GMT', 'server': 'Apache/2.4.58 (Ubuntu)', 'content-length': '0', 'content-type': 'text/html; charset=UTF-8', 'openstack-api-version': 'volume 3.13', 'vary': 'OpenStack-API-Version', 'x-openstack-request-id': 'req-f90bcfb8-502c-4095-9665-fa622cc7d720', 'connection': 'close', 'status': '202', 'content-location': 'http://10.201.9.223/volume/v3/group_types/c7632039-4755-4f0f-9b8e-76430e914223'}
        Body: b''
2026-03-25 20:43:42,077 130085 INFO     [tempest.lib.common.rest_client] Request (GroupsTest:_run_cleanups): 202 DELETE http://10.201.9.223/volume/v3/types/b3d074c8-87a3-44fb-965f-7808a522f6b0 0.035s
2026-03-25 20:43:42,077 130085 DEBUG    [tempest.lib.common.rest_client] Request - Headers: {'Content-Type': 'application/json', 'Accept': 'application/json', 'X-Auth-Token': '<omitted>'}
        Body: None
    Response - Headers: {'date': 'Wed, 25 Mar 2026 20:43:42 GMT', 'server': 'Apache/2.4.58 (Ubuntu)', 'content-length': '0', 'content-type': 'text/html; charset=UTF-8', 'openstack-api-version': 'volume 3.0', 'vary': 'OpenStack-API-Version', 'x-openstack-request-id': 'req-c3c7d587-91bc-486a-adb6-07cf01d07307', 'connection': 'close', 'status': '202', 'content-location': 'http://10.201.9.223/volume/v3/types/b3d074c8-87a3-44fb-965f-7808a522f6b0'}
        Body: b''
2026-03-25 20:43:42,088 130085 INFO     [tempest.lib.common.rest_client] Request (GroupsTest:_run_cleanups): 404 GET http://10.201.9.223/volume/v3/types/b3d074c8-87a3-44fb-965f-7808a522f6b0 0.011s
2026-03-25 20:43:42,089 130085 DEBUG    [tempest.lib.common.rest_client] Request - Headers: {'Content-Type': 'application/json', 'Accept': 'application/json', 'X-Auth-Token': '<omitted>'}
        Body: None
    Response - Headers: {'date': 'Wed, 25 Mar 2026 20:43:42 GMT', 'server': 'Apache/2.4.58 (Ubuntu)', 'openstack-api-version': 'volume 3.0', 'vary': 'OpenStack-API-Version', 'content-length': '114', 'content-type': 'application/json', 'x-compute-request-id': 'req-d18237ec-67e7-43ac-9193-3fa3211da6c4', 'x-openstack-request-id': 'req-d18237ec-67e7-43ac-9193-3fa3211da6c4', 'connection': 'close', 'status': '404', 'content-location': 'http://10.201.9.223/volume/v3/types/b3d074c8-87a3-44fb-965f-7808a522f6b0'}
        Body: b'{"itemNotFound": {"code": 404, "message": "Volume type b3d074c8-87a3-44fb-965f-7808a522f6b0 could not be found."}}'


tempest.api.volume.******.test_groups.GroupsTest.test_group_update[id-4a8a6fd2-8b3b-4641-8f54-6a6f99320006]
----------------------------------------------------------------------------------------------------------

Captured traceback:
~~~~~~~~~~~~~~~~~~~
    Traceback (most recent call last):

      File "/opt/stack/tempest/tempest/api/volume/******/test_groups.py", line 111, in test_group_update
    grp = self.create_group(group_type=group_type['id'],
          ^^^^^^^^^^^^^^^^^^^^^^^^^^^^^^^^^^^^^^^^^^^^^^

      File "/opt/stack/tempest/tempest/api/volume/base.py", line 293, in create_group
    waiters.wait_for_volume_resource_status(

      File "/opt/stack/tempest/tempest/common/waiters.py", line 379, in wait_for_volume_resource_status
    raise exceptions.VolumeResourceBuildErrorException(

    tempest.exceptions.VolumeResourceBuildErrorException: group 97d03139-8792-427e-b504-5b6b3b0b71a1 failed to build and is in ERROR status


Captured pythonlogging:
~~~~~~~~~~~~~~~~~~~~~~~
    2026-03-25 20:43:42,113 130085 INFO     [tempest.lib.common.rest_client] Request (GroupsTest:test_group_update): 200 POST http://10.201.9.223/volume/v3/types 0.023s
2026-03-25 20:43:42,113 130085 DEBUG    [tempest.lib.common.rest_client] Request - Headers: {'Content-Type': 'application/json', 'Accept': 'application/json', 'X-Auth-Token': '<omitted>'}
        Body: {"volume_type": {"name": "tempest-GroupsTest-volume-type-1680131462"}}
    Response - Headers: {'date': 'Wed, 25 Mar 2026 20:43:42 GMT', 'server': 'Apache/2.4.58 (Ubuntu)', 'content-type': 'application/json', 'x-compute-request-id': 'req-de87fe56-7d82-4424-b0e3-89cbd6d6ba99', 'content-length': '216', 'openstack-api-version': 'volume 3.0', 'vary': 'OpenStack-API-Version', 'x-openstack-request-id': 'req-de87fe56-7d82-4424-b0e3-89cbd6d6ba99', 'connection': 'close', 'status': '200', 'content-location': 'http://10.201.9.223/volume/v3/types'}
        Body: b'{"volume_type": {"id": "212b14cd-8ccc-48e4-9e7f-078f6b1a2c60", "name": "tempest-GroupsTest-volume-type-1680131462", "is_public": true, "extra_specs": {}, "description": null, "os-volume-type-access:is_public": true}}'
2026-03-25 20:43:42,133 130085 INFO     [tempest.lib.common.rest_client] Request (GroupsTest:test_group_update): 202 POST http://10.201.9.223/volume/v3/group_types 0.019s
2026-03-25 20:43:42,134 130085 DEBUG    [tempest.lib.common.rest_client] Request - Headers: {'Content-Type': 'application/json', 'Accept': 'application/json', 'Openstack-Api-Version': 'volume 3.13', 'X-Auth-Token': '<omitted>'}
        Body: {"group_type": {"name": "tempest-GroupsTest-group-type-1011811695"}}
    Response - Headers: {'date': 'Wed, 25 Mar 2026 20:43:42 GMT', 'server': 'Apache/2.4.58 (Ubuntu)', 'content-type': 'application/json', 'x-compute-request-id': 'req-395a18c4-4255-46b4-971c-0e1a54d0a013', 'content-length': '173', 'openstack-api-version': 'volume 3.13', 'vary': 'OpenStack-API-Version', 'x-openstack-request-id': 'req-395a18c4-4255-46b4-971c-0e1a54d0a013', 'connection': 'close', 'status': '202', 'content-location': 'http://10.201.9.223/volume/v3/group_types'}
        Body: b'{"group_type": {"id": "a68d925f-9e4b-4595-80af-079274c36dfe", "name": "tempest-GroupsTest-group-type-1011811695", "description": null, "is_public": true, "group_specs": {}}}'
2026-03-25 20:43:42,183 130085 INFO     [tempest.lib.common.rest_client] Request (GroupsTest:test_group_update): 202 POST http://10.201.9.223/volume/v3/groups 0.048s
2026-03-25 20:43:42,183 130085 DEBUG    [tempest.lib.common.rest_client] Request - Headers: {'Content-Type': 'application/json', 'Accept': 'application/json', 'Openstack-Api-Version': 'volume 3.13', 'X-Auth-Token': '<omitted>'}
        Body: {"group": {"group_type": "a68d925f-9e4b-4595-80af-079274c36dfe", "volume_types": ["212b14cd-8ccc-48e4-9e7f-078f6b1a2c60"], "name": "tempest-GroupsTest-Group-1004242422"}}
    Response - Headers: {'date': 'Wed, 25 Mar 2026 20:43:42 GMT', 'server': 'Apache/2.4.58 (Ubuntu)', 'content-type': 'application/json', 'x-compute-request-id': 'req-f12ed898-0de6-456f-afa1-7ce60d7c2b78', 'content-length': '104', 'openstack-api-version': 'volume 3.13', 'vary': 'OpenStack-API-Version', 'x-openstack-request-id': 'req-f12ed898-0de6-456f-afa1-7ce60d7c2b78', 'connection': 'close', 'status': '202', 'content-location': 'http://10.201.9.223/volume/v3/groups'}
        Body: b'{"group": {"id": "97d03139-8792-427e-b504-5b6b3b0b71a1", "name": "tempest-GroupsTest-Group-1004242422"}}'
2026-03-25 20:43:42,198 130085 INFO     [tempest.lib.common.rest_client] Request (GroupsTest:test_group_update): 200 GET http://10.201.9.223/volume/v3/groups/97d03139-8792-427e-b504-5b6b3b0b71a1 0.015s
2026-03-25 20:43:42,199 130085 DEBUG    [tempest.lib.common.rest_client] Request - Headers: {'Content-Type': 'application/json', 'Accept': 'application/json', 'Openstack-Api-Version': 'volume 3.13', 'X-Auth-Token': '<omitted>'}
        Body: None
    Response - Headers: {'date': 'Wed, 25 Mar 2026 20:43:42 GMT', 'server': 'Apache/2.4.58 (Ubuntu)', 'content-type': 'application/json', 'x-compute-request-id': 'req-052ca6f1-
    e4a4-4f35-acaa-357d5a76e563', 'content-length': '332', 'openstack-api-version': 'volume 3.13', 'vary': 'OpenStack-API-Version', 'x-openstack-request-id': 'req-052ca6f1-e4a4-4f35-acaa-357d5a76e563', 'connection': 'close', 'status': '200', 'content-location': 'http://10.201.9.223/volume/v3/groups/97d03139-8792-427e-b504-5b6b3b0b71a1'}
        Body: b'{"group": {"id": "97d03139-8792-427e-b504-5b6b3b0b71a1", "status": "creating", "availability_zone": "nova", "created_at": "2026-03-25T20:43:42.000000", "name": "tempest-GroupsTest-Group-1004242422", "description": null, "group_type": "a68d925f-9e4b-4595-80af-079274c36dfe", "volume_types": ["212b14cd-8ccc-48e4-9e7f-078f6b1a2c60"]}}'
2026-03-25 20:43:43,228 130085 INFO     [tempest.lib.common.rest_client] Request (GroupsTest:test_group_update): 200 GET http://10.201.9.223/volume/v3/groups/97d03139-8792-427e-b504-5b6b3b0b71a1 0.027s
2026-03-25 20:43:43,228 130085 DEBUG    [tempest.lib.common.rest_client] Request - Headers: {'Content-Type': 'application/json', 'Accept': 'application/json', 'Openstack-Api-Version': 'volume 3.13', 'X-Auth-Token': '<omitted>'}
        Body: None
    Response - Headers: {'date': 'Wed, 25 Mar 2026 20:43:43 GMT', 'server': 'Apache/2.4.58 (Ubuntu)', 'content-type': 'application/json', 'x-compute-request-id': 'req-04482f87-9c40-4c80-b504-32a9545025bb', 'content-length': '329', 'openstack-api-version': 'volume 3.13', 'vary': 'OpenStack-API-Version', 'x-openstack-request-id': 'req-04482f87-9c40-4c80-b504-32a9545025bb', 'connection': 'close', 'status': '200', 'content-location': 'http://10.201.9.223/volume/v3/groups/97d03139-8792-427e-b504-5b6b3b0b71a1'}
        Body: b'{"group": {"id": "97d03139-8792-427e-b504-5b6b3b0b71a1", "status": "error", "availability_zone": "nova", "created_at": "2026-03-25T20:43:42.000000", "name": "tempest-GroupsTest-Group-1004242422", "description": null, "group_type": "a68d925f-9e4b-4595-80af-079274c36dfe", "volume_types": ["212b14cd-8ccc-48e4-9e7f-078f6b1a2c60"]}}'
2026-03-25 20:43:43,246 130085 INFO     [tempest.lib.common.rest_client] Request (GroupsTest:_run_cleanups): 200 GET http://10.201.9.223/volume/v3/volumes/detail 0.016s
2026-03-25 20:43:43,246 130085 DEBUG    [tempest.lib.common.rest_client] Request - Headers: {'Content-Type': 'application/json', 'Accept': 'application/json', 'Openstack-Api-Version': 'volume 3.13', 'X-Auth-Token': '<omitted>'}
        Body: None
    Response - Headers: {'date': 'Wed, 25 Mar 2026 20:43:43 GMT', 'server': 'Apache/2.4.58 (Ubuntu)', 'content-type': 'application/json', 'x-compute-request-id': 'req-8da97867-2035-45ec-b485-977d3872e41e', 'content-length': '15', 'openstack-api-version': 'volume 3.13', 'vary': 'OpenStack-API-Version', 'x-openstack-request-id': 'req-8da97867-2035-45ec-b485-977d3872e41e', 'connection': 'close', 'status': '200', 'content-location': 'http://10.201.9.223/volume/v3/volumes/detail'}
        Body: b'{"volumes": []}'
2026-03-25 20:43:43,294 130085 INFO     [tempest.lib.common.rest_client] Request (GroupsTest:_run_cleanups): 202 POST http://10.201.9.223/volume/v3/groups/97d03139-8792-427e-b504-5b6b3b0b71a1/action 0.044s
2026-03-25 20:43:43,294 130085 DEBUG    [tempest.lib.common.rest_client] Request - Headers: {'Content-Type': 'application/json', 'Accept': 'application/json', 'Openstack-Api-Version': 'volume 3.13', 'X-Auth-Token': '<omitted>'}
        Body: {"delete": {"delete-volumes": true}}
    Response - Headers: {'date': 'Wed, 25 Mar 2026 20:43:43 GMT', 'server': 'Apache/2.4.58 (Ubuntu)', 'content-length': '0', 'content-type': 'text/html; charset=UTF-8', 'openstack-api-version': 'volume 3.13', 'vary': 'OpenStack-API-Version', 'x-openstack-request-id': 'req-07b21f48-ebfc-4dac-b531-cf90eb8e1d0e', 'connection': 'close', 'status': '202', 'content-location': 'http://10.201.9.223/volume/v3/groups/97d03139-8792-427e-b504-5b6b3b0b71a1/action'}
        Body: b''
2026-03-25 20:43:43,304 130085 INFO     [tempest.lib.common.rest_client] Request (GroupsTest:_run_cleanups): 404 GET http://10.201.9.223/volume/v3/groups/97d03139-8792-427e-b504-5b6b3b0b71a1 0.010s
2026-03-25 20:43:
    43,305 130085 DEBUG    [tempest.lib.common.rest_client] Request - Headers: {'Content-Type': 'application/json', 'Accept': 'application/json', 'Openstack-Api-Version': 'volume 3.13', 'X-Auth-Token': '<omitted>'}
        Body: None
    Response - Headers: {'date': 'Wed, 25 Mar 2026 20:43:43 GMT', 'server': 'Apache/2.4.58 (Ubuntu)', 'openstack-api-version': 'volume 3.13', 'vary': 'OpenStack-API-Version', 'content-length': '108', 'content-type': 'application/json', 'x-compute-request-id': 'req-56eab3f3-7e9e-4fbd-91b8-d6afd5825943', 'x-openstack-request-id': 'req-56eab3f3-7e9e-4fbd-91b8-d6afd5825943', 'connection': 'close', 'status': '404', 'content-location': 'http://10.201.9.223/volume/v3/groups/97d03139-8792-427e-b504-5b6b3b0b71a1'}
        Body: b'{"itemNotFound": {"code": 404, "message": "Group 97d03139-8792-427e-b504-5b6b3b0b71a1 could not be found."}}'
2026-03-25 20:43:43,321 130085 INFO     [tempest.lib.common.rest_client] Request (GroupsTest:_run_cleanups): 202 DELETE http://10.201.9.223/volume/v3/group_types/a68d925f-9e4b-4595-80af-079274c36dfe 0.016s
2026-03-25 20:43:43,321 130085 DEBUG    [tempest.lib.common.rest_client] Request - Headers: {'Content-Type': 'application/json', 'Accept': 'application/json', 'Openstack-Api-Version': 'volume 3.13', 'X-Auth-Token': '<omitted>'}
        Body: None
    Response - Headers: {'date': 'Wed, 25 Mar 2026 20:43:43 GMT', 'server': 'Apache/2.4.58 (Ubuntu)', 'content-length': '0', 'content-type': 'text/html; charset=UTF-8', 'openstack-api-version': 'volume 3.13', 'vary': 'OpenStack-API-Version', 'x-openstack-request-id': 'req-ce284714-b199-48c4-9e4d-131524cb5946', 'connection': 'close', 'status': '202', 'content-location': 'http://10.201.9.223/volume/v3/group_types/a68d925f-9e4b-4595-80af-079274c36dfe'}
        Body: b''
2026-03-25 20:43:43,354 130085 INFO     [tempest.lib.common.rest_client] Request (GroupsTest:_run_cleanups): 202 DELETE http://10.201.9.223/volume/v3/types/212b14cd-8ccc-48e4-9e7f-078f6b1a2c60 0.032s
2026-03-25 20:43:43,354 130085 DEBUG    [tempest.lib.common.rest_client] Request - Headers: {'Content-Type': 'application/json', 'Accept': 'application/json', 'X-Auth-Token': '<omitted>'}
        Body: None
    Response - Headers: {'date': 'Wed, 25 Mar 2026 20:43:43 GMT', 'server': 'Apache/2.4.58 (Ubuntu)', 'content-length': '0', 'content-type': 'text/html; charset=UTF-8', 'openstack-api-version': 'volume 3.0', 'vary': 'OpenStack-API-Version', 'x-openstack-request-id': 'req-9a300eb9-c2ae-4bf9-8753-6f9b6c7c0adb', 'connection': 'close', 'status': '202', 'content-location': 'http://10.201.9.223/volume/v3/types/212b14cd-8ccc-48e4-9e7f-078f6b1a2c60'}
        Body: b''
2026-03-25 20:43:43,364 130085 INFO     [tempest.lib.common.rest_client] Request (GroupsTest:_run_cleanups): 404 GET http://10.201.9.223/volume/v3/types/212b14cd-8ccc-48e4-9e7f-078f6b1a2c60 0.010s
2026-03-25 20:43:43,364 130085 DEBUG    [tempest.lib.common.rest_client] Request - Headers: {'Content-Type': 'application/json', 'Accept': 'application/json', 'X-Auth-Token': '<omitted>'}
        Body: None
    Response - Headers: {'date': 'Wed, 25 Mar 2026 20:43:43 GMT', 'server': 'Apache/2.4.58 (Ubuntu)', 'openstack-api-version': 'volume 3.0', 'vary': 'OpenStack-API-Version', 'content-length': '114', 'content-type': 'application/json', 'x-compute-request-id': 'req-81114391-b75e-465d-b3de-22a72775252f', 'x-openstack-request-id': 'req-81114391-b75e-465d-b3de-22a72775252f', 'connection': 'close', 'status': '404', 'content-location': 'http://10.201.9.223/volume/v3/types/212b14cd-8ccc-48e4-9e7f-078f6b1a2c60'}
        Body: b'{"itemNotFound": {"code": 404, "message": "Volume type 212b14cd-8ccc-48e4-9e7f-078f6b1a2c60 could not be found."}}'


tempest.api.volume.******.test_groups.GroupsV314Test.test_create_group_from_group[id-2424af8c-7851-4888-986a-794b10c3210e]
-------------------------------------------------------------------------------------------------------------------------

Captured traceback:
~~~~~~~~~~~~~~~~~~~
    Traceback (most recent call last):

      File "/opt/stack/tempest/tempest/api/volume/******/test_groups.py", line 182, in test_create_group_from_group
    grp = self.create_group(group_type=group_type['id'],
          ^^^^^^^^^^^^^^^^^^^^^^^^^^^^^^^^^^^^^^^^^^^^^^

      File "/opt/stack/tempest/tempest/api/volume/base.py", line 293, in create_group
    waiters.wait_for_volume_resource_status(

      File "/opt/stack/tempest/tempest/common/waiters.py", line 379, in wait_for_volume_resource_status
    raise exceptions.VolumeResourceBuildErrorException(

    tempest.exceptions.VolumeResourceBuildErrorException: group 960b4dfc-dc9f-4833-b50e-f3406a3a1a8d failed to build and is in ERROR status


Captured pythonlogging:
~~~~~~~~~~~~~~~~~~~~~~~
    2026-03-25 20:43:45,407 130085 INFO     [tempest.lib.common.rest_client] Request (GroupsV314Test:test_create_group_from_group): 200 POST http://10.201.9.223/volume/v3/types 0.085s
2026-03-25 20:43:45,408 130085 DEBUG    [tempest.lib.common.rest_client] Request - Headers: {'Content-Type': 'application/json', 'Accept': 'application/json', 'X-Auth-Token': '<omitted>'}
        Body: {"volume_type": {"name": "tempest-GroupsV314Test-volume-type-1449256289"}}
    Response - Headers: {'date': 'Wed, 25 Mar 2026 20:43:45 GMT', 'server': 'Apache/2.4.58 (Ubuntu)', 'content-type': 'application/json', 'x-compute-request-id': 'req-d0569139-3d38-47dd-8654-1b40ecd58ca9', 'content-length': '220', 'openstack-api-version': 'volume 3.0', 'vary': 'OpenStack-API-Version', 'x-openstack-request-id': 'req-d0569139-3d38-47dd-8654-1b40ecd58ca9', 'connection': 'close', 'status': '200', 'content-location': 'http://10.201.9.223/volume/v3/types'}
        Body: b'{"volume_type": {"id": "3c99faad-fefa-49cc-b9b3-93b9b3a4d089", "name": "tempest-GroupsV314Test-volume-type-1449256289", "is_public": true, "extra_specs": {}, "description": null, "os-volume-type-access:is_public": true}}'
2026-03-25 20:43:45,439 130085 INFO     [tempest.lib.common.rest_client] Request (GroupsV314Test:test_create_group_from_group): 202 POST http://10.201.9.223/volume/v3/group_types 0.027s
2026-03-25 20:43:45,440 130085 DEBUG    [tempest.lib.common.rest_client] Request - Headers: {'Content-Type': 'application/json', 'Accept': 'application/json', 'Openstack-Api-Version': 'volume 3.14', 'X-Auth-Token': '<omitted>'}
        Body: {"group_type": {"name": "tempest-GroupsV314Test-group-type-976366421"}}
    Response - Headers: {'date': 'Wed, 25 Mar 2026 20:43:45 GMT', 'server': 'Apache/2.4.58 (Ubuntu)', 'content-type': 'application/json', 'x-compute-request-id': 'req-ea3b4493-cf1d-4bdd-9610-64ae93e49d09', 'content-length': '176', 'openstack-api-version': 'volume 3.14', 'vary': 'OpenStack-API-Version', 'x-openstack-request-id': 'req-ea3b4493-cf1d-4bdd-9610-64ae93e49d09', 'connection': 'close', 'status': '202', 'content-location': 'http://10.201.9.223/volume/v3/group_types'}
        Body: b'{"group_type": {"id": "05314a6a-e4d7-4636-aca0-dacedde41fc9", "name": "tempest-GroupsV314Test-group-type-976366421", "description": null, "is_public": true, "group_specs": {}}}'
2026-03-25 20:43:45,560 130085 INFO     [tempest.lib.common.rest_client] Request (GroupsV314Test:test_create_group_from_group): 202 POST http://10.201.9.223/volume/v3/groups 0.118s
2026-03-25 20:43:45,560 130085 DEBUG    [tempest.lib.common.rest_client] Request - Headers: {'Content-Type': 'application/json', 'Accept': 'application/json', 'Openstack-Api-Version': 'volume 3.14', 'X-Auth-Token': '<omitted>'}
        Body: {"group": {"group_type": "05314a6a-e4d7-4636-aca0-dacedde41fc9", "volume_types": ["3c99faad-fefa-49cc-b9b3-93b9b3a4d089"], "name": "tempest-GroupsV314Test-Group-242582415"}}
    Response - Headers: {'date': 'Wed, 25 Mar 2026 20:43:45 GMT', 'server': 'Apache/2.4.58 (Ubuntu)', 'content-type': 'application/json', 'x-compute-request-id': 'req-82a63541-a140-430c-816b-5b2b91c71237', 'content-length': '107', 'openstack-api-version': 'volume 3.14', 'vary': 'OpenStack-API-Version', 'x-openstack-request-id': 'req-82a63541-a140-430c-816b-5b2b91c71237', 'connection': 'close', 'status': '202', 'content-location': 'http://10.201.9.223/volume/v3/groups'}
        Body: b'{"group": {"id": "960b4dfc-dc9f-4833-b50e-f3406a3a1a8d", "name": "tempest-GroupsV314Test-Group-242582415"}}'
2026-03-25 20:43:45,576 130085 INFO     [tempest.lib.common.rest_client] Request (GroupsV314Test:test_create_group_from_group): 200 GET http://10.201.9.223/volume/v3/groups/960b4dfc-dc9f-4833-b50e-f3406a3a1a8d 0.015s
2026-03-25 20:43:45,576 130085 DEBUG    [tempest.lib.common.rest_client] Request - Headers: {'Content-Type': 'application/json', 'Accept': 'application/json', 'Openstack-Api-Version': 'volume 3.14', 'X-Auth-Token': '<omitted>'}
        Body: None
    Response - Headers: {'date': 'Wed, 25 Mar 2026 20:43:45 GMT', 'server': 'Apache/2.4.58 (Ubun
    tu)', 'content-type': 'application/json', 'x-compute-request-id': 'req-9543ed1d-9ade-4c0b-8c87-a0dd25da6373', 'content-length': '387', 'openstack-api-version': 'volume 3.14', 'vary': 'OpenStack-API-Version', 'x-openstack-request-id': 'req-9543ed1d-9ade-4c0b-8c87-a0dd25da6373', 'connection': 'close', 'status': '200', 'content-location': 'http://10.201.9.223/volume/v3/groups/960b4dfc-dc9f-4833-b50e-f3406a3a1a8d'}
        Body: b'{"group": {"id": "960b4dfc-dc9f-4833-b50e-f3406a3a1a8d", "status": "creating", "availability_zone": "nova", "created_at": "2026-03-25T20:43:46.000000", "name": "tempest-GroupsV314Test-Group-242582415", "description": null, "group_type": "05314a6a-e4d7-4636-aca0-dacedde41fc9", "volume_types": ["3c99faad-fefa-49cc-b9b3-93b9b3a4d089"], "group_snapshot_id": null, "source_group_id": null}}'
2026-03-25 20:43:46,605 130085 INFO     [tempest.lib.common.rest_client] Request (GroupsV314Test:test_create_group_from_group): 200 GET http://10.201.9.223/volume/v3/groups/960b4dfc-dc9f-4833-b50e-f3406a3a1a8d 0.026s
2026-03-25 20:43:46,605 130085 DEBUG    [tempest.lib.common.rest_client] Request - Headers: {'Content-Type': 'application/json', 'Accept': 'application/json', 'Openstack-Api-Version': 'volume 3.14', 'X-Auth-Token': '<omitted>'}
        Body: None
    Response - Headers: {'date': 'Wed, 25 Mar 2026 20:43:46 GMT', 'server': 'Apache/2.4.58 (Ubuntu)', 'content-type': 'application/json', 'x-compute-request-id': 'req-6a8da3da-c407-4fb6-870b-acb1e83fc494', 'content-length': '384', 'openstack-api-version': 'volume 3.14', 'vary': 'OpenStack-API-Version', 'x-openstack-request-id': 'req-6a8da3da-c407-4fb6-870b-acb1e83fc494', 'connection': 'close', 'status': '200', 'content-location': 'http://10.201.9.223/volume/v3/groups/960b4dfc-dc9f-4833-b50e-f3406a3a1a8d'}
        Body: b'{"group": {"id": "960b4dfc-dc9f-4833-b50e-f3406a3a1a8d", "status": "error", "availability_zone": "nova", "created_at": "2026-03-25T20:43:46.000000", "name": "tempest-GroupsV314Test-Group-242582415", "description": null, "group_type": "05314a6a-e4d7-4636-aca0-dacedde41fc9", "volume_types": ["3c99faad-fefa-49cc-b9b3-93b9b3a4d089"], "group_snapshot_id": null, "source_group_id": null}}'
2026-03-25 20:43:46,636 130085 INFO     [tempest.lib.common.rest_client] Request (GroupsV314Test:_run_cleanups): 200 GET http://10.201.9.223/volume/v3/volumes/detail 0.023s
2026-03-25 20:43:46,636 130085 DEBUG    [tempest.lib.common.rest_client] Request - Headers: {'Content-Type': 'application/json', 'Accept': 'application/json', 'Openstack-Api-Version': 'volume 3.14', 'X-Auth-Token': '<omitted>'}
        Body: None
    Response - Headers: {'date': 'Wed, 25 Mar 2026 20:43:46 GMT', 'server': 'Apache/2.4.58 (Ubuntu)', 'content-type': 'application/json', 'x-compute-request-id': 'req-ebd51148-759c-462b-9516-2a20e4cce3d3', 'content-length': '15', 'openstack-api-version': 'volume 3.14', 'vary': 'OpenStack-API-Version', 'x-openstack-request-id': 'req-ebd51148-759c-462b-9516-2a20e4cce3d3', 'connection': 'close', 'status': '200', 'content-location': 'http://10.201.9.223/volume/v3/volumes/detail'}
        Body: b'{"volumes": []}'
2026-03-25 20:43:46,796 130085 INFO     [tempest.lib.common.rest_client] Request (GroupsV314Test:_run_cleanups): 202 POST http://10.201.9.223/volume/v3/groups/960b4dfc-dc9f-4833-b50e-f3406a3a1a8d/action 0.151s
2026-03-25 20:43:46,797 130085 DEBUG    [tempest.lib.common.rest_client] Request - Headers: {'Content-Type': 'application/json', 'Accept': 'application/json', 'Openstack-Api-Version': 'volume 3.14', 'X-Auth-Token': '<omitted>'}
        Body: {"delete": {"delete-volumes": true}}
    Response - Headers: {'date': 'Wed, 25 Mar 2026 20:43:46 GMT', 'server': 'Apache/2.4.58 (Ubuntu)', 'content-length': '0', 'content-type': 'text/html; charset=UTF-8', 'openstack-api-version': 'volume 3.14', 'vary': 'OpenStack-API-Version', 'x-openstack-request-id': 'req-b8e2d5f3-c7d9-4fca-90cc-40af94b898b6', 'connection': 'close', 'status': '202', 'content-location': 'http://10.201.9.223/volume/v3/groups/960b4dfc-dc9f-4833-b50e-f3406a3a1a8d/action'}
        Body: b''
20
    26-03-25 20:43:46,806 130085 INFO     [tempest.lib.common.rest_client] Request (GroupsV314Test:_run_cleanups): 404 GET http://10.201.9.223/volume/v3/groups/960b4dfc-dc9f-4833-b50e-f3406a3a1a8d 0.008s
2026-03-25 20:43:46,807 130085 DEBUG    [tempest.lib.common.rest_client] Request - Headers: {'Content-Type': 'application/json', 'Accept': 'application/json', 'Openstack-Api-Version': 'volume 3.14', 'X-Auth-Token': '<omitted>'}
        Body: None
    Response - Headers: {'date': 'Wed, 25 Mar 2026 20:43:46 GMT', 'server': 'Apache/2.4.58 (Ubuntu)', 'openstack-api-version': 'volume 3.14', 'vary': 'OpenStack-API-Version', 'content-length': '108', 'content-type': 'application/json', 'x-compute-request-id': 'req-7cf249ed-5284-43ed-8d16-61ea022e29ca', 'x-openstack-request-id': 'req-7cf249ed-5284-43ed-8d16-61ea022e29ca', 'connection': 'close', 'status': '404', 'content-location': 'http://10.201.9.223/volume/v3/groups/960b4dfc-dc9f-4833-b50e-f3406a3a1a8d'}
        Body: b'{"itemNotFound": {"code": 404, "message": "Group 960b4dfc-dc9f-4833-b50e-f3406a3a1a8d could not be found."}}'
2026-03-25 20:43:46,825 130085 INFO     [tempest.lib.common.rest_client] Request (GroupsV314Test:_run_cleanups): 202 DELETE http://10.201.9.223/volume/v3/group_types/05314a6a-e4d7-4636-aca0-dacedde41fc9 0.018s
2026-03-25 20:43:46,825 130085 DEBUG    [tempest.lib.common.rest_client] Request - Headers: {'Content-Type': 'application/json', 'Accept': 'application/json', 'Openstack-Api-Version': 'volume 3.14', 'X-Auth-Token': '<omitted>'}
        Body: None
    Response - Headers: {'date': 'Wed, 25 Mar 2026 20:43:46 GMT', 'server': 'Apache/2.4.58 (Ubuntu)', 'content-length': '0', 'content-type': 'text/html; charset=UTF-8', 'openstack-api-version': 'volume 3.14', 'vary': 'OpenStack-API-Version', 'x-openstack-request-id': 'req-1d5a0ddb-fefa-469a-9c4c-2b1c9e43f2ba', 'connection': 'close', 'status': '202', 'content-location': 'http://10.201.9.223/volume/v3/group_types/05314a6a-e4d7-4636-aca0-dacedde41fc9'}
        Body: b''
2026-03-25 20:43:46,861 130085 INFO     [tempest.lib.common.rest_client] Request (GroupsV314Test:_run_cleanups): 202 DELETE http://10.201.9.223/volume/v3/types/3c99faad-fefa-49cc-b9b3-93b9b3a4d089 0.034s
2026-03-25 20:43:46,861 130085 DEBUG    [tempest.lib.common.rest_client] Request - Headers: {'Content-Type': 'application/json', 'Accept': 'application/json', 'X-Auth-Token': '<omitted>'}
        Body: None
    Response - Headers: {'date': 'Wed, 25 Mar 2026 20:43:46 GMT', 'server': 'Apache/2.4.58 (Ubuntu)', 'content-length': '0', 'content-type': 'text/html; charset=UTF-8', 'openstack-api-version': 'volume 3.0', 'vary': 'OpenStack-API-Version', 'x-openstack-request-id': 'req-3845f3f3-88d2-450a-a1af-02b177376a59', 'connection': 'close', 'status': '202', 'content-location': 'http://10.201.9.223/volume/v3/types/3c99faad-fefa-49cc-b9b3-93b9b3a4d089'}
        Body: b''
2026-03-25 20:43:46,874 130085 INFO     [tempest.lib.common.rest_client] Request (GroupsV314Test:_run_cleanups): 404 GET http://10.201.9.223/volume/v3/types/3c99faad-fefa-49cc-b9b3-93b9b3a4d089 0.012s
2026-03-25 20:43:46,874 130085 DEBUG    [tempest.lib.common.rest_client] Request - Headers: {'Content-Type': 'application/json', 'Accept': 'application/json', 'X-Auth-Token': '<omitted>'}
        Body: None
    Response - Headers: {'date': 'Wed, 25 Mar 2026 20:43:46 GMT', 'server': 'Apache/2.4.58 (Ubuntu)', 'openstack-api-version': 'volume 3.0', 'vary': 'OpenStack-API-Version', 'content-length': '114', 'content-type': 'application/json', 'x-compute-request-id': 'req-455834bc-f393-42d4-967a-cc025f41bc52', 'x-openstack-request-id': 'req-455834bc-f393-42d4-967a-cc025f41bc52', 'connection': 'close', 'status': '404', 'content-location': 'http://10.201.9.223/volume/v3/types/3c99faad-fefa-49cc-b9b3-93b9b3a4d089'}
        Body: b'{"itemNotFound": {"code": 404, "message": "Volume type 3c99faad-fefa-49cc-b9b3-93b9b3a4d089 could not be found."}}'


tempest.api.volume.******.test_groups.GroupsV320Test.test_reset_group_status[id-b20c696b-0cbc-49a5-8b3a-b1fb9338f45c]
--------------------------------------------------------------------------------------------------------------------

Captured traceback:
~~~~~~~~~~~~~~~~~~~
    Traceback (most recent call last):

      File "/opt/stack/tempest/tempest/api/volume/******/test_groups.py", line 227, in test_reset_group_status
    group = self.create_group(group_type=group_type['id'],
            ^^^^^^^^^^^^^^^^^^^^^^^^^^^^^^^^^^^^^^^^^^^^^^

      File "/opt/stack/tempest/tempest/api/volume/base.py", line 293, in create_group
    waiters.wait_for_volume_resource_status(

      File "/opt/stack/tempest/tempest/common/waiters.py", line 379, in wait_for_volume_resource_status
    raise exceptions.VolumeResourceBuildErrorException(

    tempest.exceptions.VolumeResourceBuildErrorException: group 592f8dbf-7da6-42e1-b7c6-324c97b907fe failed to build and is in ERROR status


Captured pythonlogging:
~~~~~~~~~~~~~~~~~~~~~~~
    2026-03-25 20:43:48,709 130085 INFO     [tempest.lib.common.rest_client] Request (GroupsV320Test:test_reset_group_status): 200 POST http://10.201.9.223/volume/v3/types 0.068s
2026-03-25 20:43:48,709 130085 DEBUG    [tempest.lib.common.rest_client] Request - Headers: {'Content-Type': 'application/json', 'Accept': 'application/json', 'X-Auth-Token': '<omitted>'}
        Body: {"volume_type": {"name": "tempest-GroupsV320Test-volume-type-1749927745"}}
    Response - Headers: {'date': 'Wed, 25 Mar 2026 20:43:48 GMT', 'server': 'Apache/2.4.58 (Ubuntu)', 'content-type': 'application/json', 'x-compute-request-id': 'req-43c54829-071f-4e7e-9707-78e2d2d7827d', 'content-length': '220', 'openstack-api-version': 'volume 3.0', 'vary': 'OpenStack-API-Version', 'x-openstack-request-id': 'req-43c54829-071f-4e7e-9707-78e2d2d7827d', 'connection': 'close', 'status': '200', 'content-location': 'http://10.201.9.223/volume/v3/types'}
        Body: b'{"volume_type": {"id": "0d554462-d6cf-4cb3-8166-3b9e4c6fd1b7", "name": "tempest-GroupsV320Test-volume-type-1749927745", "is_public": true, "extra_specs": {}, "description": null, "os-volume-type-access:is_public": true}}'
2026-03-25 20:43:48,735 130085 INFO     [tempest.lib.common.rest_client] Request (GroupsV320Test:test_reset_group_status): 202 POST http://10.201.9.223/volume/v3/group_types 0.024s
2026-03-25 20:43:48,735 130085 DEBUG    [tempest.lib.common.rest_client] Request - Headers: {'Content-Type': 'application/json', 'Accept': 'application/json', 'Openstack-Api-Version': 'volume 3.20', 'X-Auth-Token': '<omitted>'}
        Body: {"group_type": {"name": "tempest-GroupsV320Test-group-type-1496432115"}}
    Response - Headers: {'date': 'Wed, 25 Mar 2026 20:43:48 GMT', 'server': 'Apache/2.4.58 (Ubuntu)', 'content-type': 'application/json', 'x-compute-request-id': 'req-9c943002-432d-4c85-9418-be8dd133434d', 'content-length': '177', 'openstack-api-version': 'volume 3.20', 'vary': 'OpenStack-API-Version', 'x-openstack-request-id': 'req-9c943002-432d-4c85-9418-be8dd133434d', 'connection': 'close', 'status': '202', 'content-location': 'http://10.201.9.223/volume/v3/group_types'}
        Body: b'{"group_type": {"id": "b9e16eea-ce70-4ffb-926a-2137bbc5b71e", "name": "tempest-GroupsV320Test-group-type-1496432115", "description": null, "is_public": true, "group_specs": {}}}'
2026-03-25 20:43:48,855 130085 INFO     [tempest.lib.common.rest_client] Request (GroupsV320Test:test_reset_group_status): 202 POST http://10.201.9.223/volume/v3/groups 0.117s
2026-03-25 20:43:48,855 130085 DEBUG    [tempest.lib.common.rest_client] Request - Headers: {'Content-Type': 'application/json', 'Accept': 'application/json', 'Openstack-Api-Version': 'volume 3.20', 'X-Auth-Token': '<omitted>'}
        Body: {"group": {"group_type": "b9e16eea-ce70-4ffb-926a-2137bbc5b71e", "volume_types": ["0d554462-d6cf-4cb3-8166-3b9e4c6fd1b7"], "name": "tempest-GroupsV320Test-Group-1736733055"}}
    Response - Headers: {'date': 'Wed, 25 Mar 2026 20:43:48 GMT', 'server': 'Apache/2.4.58 (Ubuntu)', 'content-type': 'application/json', 'x-compute-request-id': 'req-2d9639c6-a9cf-4801-b159-a01da0129241', 'content-length': '108', 'openstack-api-version': 'volume 3.20', 'vary': 'OpenStack-API-Version', 'x-openstack-request-id': 'req-2d9639c6-a9cf-4801-b159-a01da0129241', 'connection': 'close', 'status': '202', 'content-location': 'http://10.201.9.223/volume/v3/groups'}
        Body: b'{"group": {"id": "592f8dbf-7da6-42e1-b7c6-324c97b907fe", "name": "tempest-GroupsV320Test-Group-1736733055"}}'
2026-03-25 20:43:48,874 130085 INFO     [tempest.lib.common.rest_client] Request (GroupsV320Test:test_reset_group_status): 200 GET http://10.201.9.223/volume/v3/groups/592f8dbf-7da6-42e1-b7c6-324c97b907fe 0.017s
2026-03-25 20:43:48,874 130085 DEBUG    [tempest.lib.common.rest_client] Request - Headers: {'Content-Type': 'application/json', 'Accept': 'application/json', 'Openstack-Api-Version': 'volume 3.20', 'X-Auth-Token': '<omitted>'}
        Body: None
    Response - Headers: {'date': 'Wed, 25 Mar 2026 20:43:48 GMT', 'server': 'Apache/2.4.58 (Ubuntu)', 'content-t
    ype': 'application/json', 'x-compute-request-id': 'req-27252847-ed0f-44fa-b1c6-e2feef263231', 'content-length': '388', 'openstack-api-version': 'volume 3.20', 'vary': 'OpenStack-API-Version', 'x-openstack-request-id': 'req-27252847-ed0f-44fa-b1c6-e2feef263231', 'connection': 'close', 'status': '200', 'content-location': 'http://10.201.9.223/volume/v3/groups/592f8dbf-7da6-42e1-b7c6-324c97b907fe'}
        Body: b'{"group": {"id": "592f8dbf-7da6-42e1-b7c6-324c97b907fe", "status": "creating", "availability_zone": "nova", "created_at": "2026-03-25T20:43:49.000000", "name": "tempest-GroupsV320Test-Group-1736733055", "description": null, "group_type": "b9e16eea-ce70-4ffb-926a-2137bbc5b71e", "volume_types": ["0d554462-d6cf-4cb3-8166-3b9e4c6fd1b7"], "group_snapshot_id": null, "source_group_id": null}}'
2026-03-25 20:43:49,907 130085 INFO     [tempest.lib.common.rest_client] Request (GroupsV320Test:test_reset_group_status): 200 GET http://10.201.9.223/volume/v3/groups/592f8dbf-7da6-42e1-b7c6-324c97b907fe 0.031s
2026-03-25 20:43:49,908 130085 DEBUG    [tempest.lib.common.rest_client] Request - Headers: {'Content-Type': 'application/json', 'Accept': 'application/json', 'Openstack-Api-Version': 'volume 3.20', 'X-Auth-Token': '<omitted>'}
        Body: None
    Response - Headers: {'date': 'Wed, 25 Mar 2026 20:43:49 GMT', 'server': 'Apache/2.4.58 (Ubuntu)', 'content-type': 'application/json', 'x-compute-request-id': 'req-6e80cc0f-99cc-4dad-8812-a111224d84ce', 'content-length': '385', 'openstack-api-version': 'volume 3.20', 'vary': 'OpenStack-API-Version', 'x-openstack-request-id': 'req-6e80cc0f-99cc-4dad-8812-a111224d84ce', 'connection': 'close', 'status': '200', 'content-location': 'http://10.201.9.223/volume/v3/groups/592f8dbf-7da6-42e1-b7c6-324c97b907fe'}
        Body: b'{"group": {"id": "592f8dbf-7da6-42e1-b7c6-324c97b907fe", "status": "error", "availability_zone": "nova", "created_at": "2026-03-25T20:43:49.000000", "name": "tempest-GroupsV320Test-Group-1736733055", "description": null, "group_type": "b9e16eea-ce70-4ffb-926a-2137bbc5b71e", "volume_types": ["0d554462-d6cf-4cb3-8166-3b9e4c6fd1b7"], "group_snapshot_id": null, "source_group_id": null}}'
2026-03-25 20:43:49,933 130085 INFO     [tempest.lib.common.rest_client] Request (GroupsV320Test:_run_cleanups): 200 GET http://10.201.9.223/volume/v3/volumes/detail 0.019s
2026-03-25 20:43:49,933 130085 DEBUG    [tempest.lib.common.rest_client] Request - Headers: {'Content-Type': 'application/json', 'Accept': 'application/json', 'Openstack-Api-Version': 'volume 3.20', 'X-Auth-Token': '<omitted>'}
        Body: None
    Response - Headers: {'date': 'Wed, 25 Mar 2026 20:43:49 GMT', 'server': 'Apache/2.4.58 (Ubuntu)', 'content-type': 'application/json', 'x-compute-request-id': 'req-898d788b-9555-4c99-89ff-53a17b59fc73', 'content-length': '15', 'openstack-api-version': 'volume 3.20', 'vary': 'OpenStack-API-Version', 'x-openstack-request-id': 'req-898d788b-9555-4c99-89ff-53a17b59fc73', 'connection': 'close', 'status': '200', 'content-location': 'http://10.201.9.223/volume/v3/volumes/detail'}
        Body: b'{"volumes": []}'
2026-03-25 20:43:49,991 130085 INFO     [tempest.lib.common.rest_client] Request (GroupsV320Test:_run_cleanups): 202 POST http://10.201.9.223/volume/v3/groups/592f8dbf-7da6-42e1-b7c6-324c97b907fe/action 0.053s
2026-03-25 20:43:49,991 130085 DEBUG    [tempest.lib.common.rest_client] Request - Headers: {'Content-Type': 'application/json', 'Accept': 'application/json', 'Openstack-Api-Version': 'volume 3.20', 'X-Auth-Token': '<omitted>'}
        Body: {"delete": {"delete-volumes": true}}
    Response - Headers: {'date': 'Wed, 25 Mar 2026 20:43:49 GMT', 'server': 'Apache/2.4.58 (Ubuntu)', 'content-length': '0', 'content-type': 'text/html; charset=UTF-8', 'openstack-api-version': 'volume 3.20', 'vary': 'OpenStack-API-Version', 'x-openstack-request-id': 'req-f1a71af4-da0a-452c-b7d0-1b43221ed1fa', 'connection': 'close', 'status': '202', 'content-location': 'http://10.201.9.223/volume/v3/groups/592f8dbf-7da6-42e1-b7c6-324c97b907fe/action'}
        Body: b''
2026-03-25 20:43:50,0
    05 130085 INFO     [tempest.lib.common.rest_client] Request (GroupsV320Test:_run_cleanups): 404 GET http://10.201.9.223/volume/v3/groups/592f8dbf-7da6-42e1-b7c6-324c97b907fe 0.013s
2026-03-25 20:43:50,005 130085 DEBUG    [tempest.lib.common.rest_client] Request - Headers: {'Content-Type': 'application/json', 'Accept': 'application/json', 'Openstack-Api-Version': 'volume 3.20', 'X-Auth-Token': '<omitted>'}
        Body: None
    Response - Headers: {'date': 'Wed, 25 Mar 2026 20:43:49 GMT', 'server': 'Apache/2.4.58 (Ubuntu)', 'openstack-api-version': 'volume 3.20', 'vary': 'OpenStack-API-Version', 'content-length': '108', 'content-type': 'application/json', 'x-compute-request-id': 'req-fae44474-759c-434c-a030-21e2993de5dc', 'x-openstack-request-id': 'req-fae44474-759c-434c-a030-21e2993de5dc', 'connection': 'close', 'status': '404', 'content-location': 'http://10.201.9.223/volume/v3/groups/592f8dbf-7da6-42e1-b7c6-324c97b907fe'}
        Body: b'{"itemNotFound": {"code": 404, "message": "Group 592f8dbf-7da6-42e1-b7c6-324c97b907fe could not be found."}}'
2026-03-25 20:43:50,032 130085 INFO     [tempest.lib.common.rest_client] Request (GroupsV320Test:_run_cleanups): 202 DELETE http://10.201.9.223/volume/v3/group_types/b9e16eea-ce70-4ffb-926a-2137bbc5b71e 0.026s
2026-03-25 20:43:50,032 130085 DEBUG    [tempest.lib.common.rest_client] Request - Headers: {'Content-Type': 'application/json', 'Accept': 'application/json', 'Openstack-Api-Version': 'volume 3.20', 'X-Auth-Token': '<omitted>'}
        Body: None
    Response - Headers: {'date': 'Wed, 25 Mar 2026 20:43:50 GMT', 'server': 'Apache/2.4.58 (Ubuntu)', 'content-length': '0', 'content-type': 'text/html; charset=UTF-8', 'openstack-api-version': 'volume 3.20', 'vary': 'OpenStack-API-Version', 'x-openstack-request-id': 'req-36849db6-7dcf-4e0b-b22c-02870a6f728b', 'connection': 'close', 'status': '202', 'content-location': 'http://10.201.9.223/volume/v3/group_types/b9e16eea-ce70-4ffb-926a-2137bbc5b71e'}
        Body: b''
2026-03-25 20:43:50,061 130085 INFO     [tempest.lib.common.rest_client] Request (GroupsV320Test:_run_cleanups): 202 DELETE http://10.201.9.223/volume/v3/types/0d554462-d6cf-4cb3-8166-3b9e4c6fd1b7 0.029s
2026-03-25 20:43:50,062 130085 DEBUG    [tempest.lib.common.rest_client] Request - Headers: {'Content-Type': 'application/json', 'Accept': 'application/json', 'X-Auth-Token': '<omitted>'}
        Body: None
    Response - Headers: {'date': 'Wed, 25 Mar 2026 20:43:50 GMT', 'server': 'Apache/2.4.58 (Ubuntu)', 'content-length': '0', 'content-type': 'text/html; charset=UTF-8', 'openstack-api-version': 'volume 3.0', 'vary': 'OpenStack-API-Version', 'x-openstack-request-id': 'req-feb43a0b-444d-4bff-a06c-139d4f0925d6', 'connection': 'close', 'status': '202', 'content-location': 'http://10.201.9.223/volume/v3/types/0d554462-d6cf-4cb3-8166-3b9e4c6fd1b7'}
        Body: b''
2026-03-25 20:43:50,072 130085 INFO     [tempest.lib.common.rest_client] Request (GroupsV320Test:_run_cleanups): 404 GET http://10.201.9.223/volume/v3/types/0d554462-d6cf-4cb3-8166-3b9e4c6fd1b7 0.010s
2026-03-25 20:43:50,072 130085 DEBUG    [tempest.lib.common.rest_client] Request - Headers: {'Content-Type': 'application/json', 'Accept': 'application/json', 'X-Auth-Token': '<omitted>'}
        Body: None
    Response - Headers: {'date': 'Wed, 25 Mar 2026 20:43:50 GMT', 'server': 'Apache/2.4.58 (Ubuntu)', 'openstack-api-version': 'volume 3.0', 'vary': 'OpenStack-API-Version', 'content-length': '114', 'content-type': 'application/json', 'x-compute-request-id': 'req-5345c2eb-d81b-421f-abe1-94d09145eff6', 'x-openstack-request-id': 'req-5345c2eb-d81b-421f-abe1-94d09145eff6', 'connection': 'close', 'status': '404', 'content-location': 'http://10.201.9.223/volume/v3/types/0d554462-d6cf-4cb3-8166-3b9e4c6fd1b7'}
        Body: b'{"itemNotFound": {"code": 404, "message": "Volume type 0d554462-d6cf-4cb3-8166-3b9e4c6fd1b7 could not be found."}}'


setUpClass (tempest.api.volume.******.test_multi_backend.VolumeMultiBackendTest)
-------------------------------------------------------------------------------

Captured traceback:
~~~~~~~~~~~~~~~~~~~
    Traceback (most recent call last):

      File "/opt/stack/tempest/tempest/test.py", line 185, in setUpClass
    raise value.with_traceback(trace)

      File "/opt/stack/tempest/tempest/test.py", line 178, in setUpClass
    cls.resource_setup()

      File "/opt/stack/tempest/tempest/api/volume/******/test_multi_backend.py", line 50, in resource_setup
    cls._create_type_and_volume(backend_name, False)

      File "/opt/stack/tempest/tempest/api/volume/******/test_multi_backend.py", line 74, in _create_type_and_volume
    cls.volume = cls.create_volume(**params)
                 ^^^^^^^^^^^^^^^^^^^^^^^^^^^

      File "/opt/stack/tempest/tempest/api/volume/base.py", line 144, in create_volume
    waiters.wait_for_volume_resource_status(self.volumes_client,

      File "/opt/stack/tempest/tempest/common/waiters.py", line 379, in wait_for_volume_resource_status
    raise exceptions.VolumeResourceBuildErrorException(

    tempest.exceptions.VolumeResourceBuildErrorException: volume 101d9cc7-25ca-4f60-ae96-3be443bda332 failed to build and is in ERROR status


setUpClass (tempest.api.volume.******.test_snapshots_actions.SnapshotsActionsTest)
---------------------------------------------------------------------------------

Captured traceback:
~~~~~~~~~~~~~~~~~~~
    Traceback (most recent call last):

      File "/opt/stack/tempest/tempest/test.py", line 185, in setUpClass
    raise value.with_traceback(trace)

      File "/opt/stack/tempest/tempest/test.py", line 178, in setUpClass
    cls.resource_setup()

      File "/opt/stack/tempest/tempest/api/volume/******/test_snapshots_actions.py", line 38, in resource_setup
    cls.volume = cls.create_volume()
                 ^^^^^^^^^^^^^^^^^^^

      File "/opt/stack/tempest/tempest/api/volume/base.py", line 144, in create_volume
    waiters.wait_for_volume_resource_status(self.volumes_client,

      File "/opt/stack/tempest/tempest/common/waiters.py", line 379, in wait_for_volume_resource_status
    raise exceptions.VolumeResourceBuildErrorException(

    tempest.exceptions.VolumeResourceBuildErrorException: volume 03ab37f5-8f4d-4f4b-b5d7-7dfbed43c2c7 failed to build and is in ERROR status


tempest.api.volume.******.test_volume_pools.VolumePoolsAdminTestsJSON.test_get_pools_with_details[id-d4bb61f7-762d-4437-b8a4-5785759a0ced]
-----------------------------------------------------------------------------------------------------------------------------------------

Captured traceback:
~~~~~~~~~~~~~~~~~~~
    Traceback (most recent call last):

      File "/opt/stack/tempest/tempest/api/volume/******/test_volume_pools.py", line 44, in test_get_pools_with_details
    self._assert_pools(with_detail=True)

      File "/opt/stack/tempest/tempest/api/volume/******/test_volume_pools.py", line 29, in _assert_pools
    self.assertNotEmpty(cinder_pools, "no cinder pools listed.")

      File "/opt/stack/tempest/tempest/test.py", line 949, in assertNotEmpty
    self.assertTrue(items, msg)

      File "/usr/lib/python3.12/unittest/case.py", line 727, in assertTrue
    raise self.failureException(msg)

    AssertionError: [] is not true : no cinder pools listed.


Captured pythonlogging:
~~~~~~~~~~~~~~~~~~~~~~~
    2026-03-25 20:44:09,225 130085 INFO     [tempest.lib.common.rest_client] Request (VolumePoolsAdminTestsJSON:test_get_pools_with_details): 200 GET http://10.201.9.223/volume/v3/scheduler-stats/get_pools?detail=True 0.569s
2026-03-25 20:44:09,225 130085 DEBUG    [tempest.lib.common.rest_client] Request - Headers: {'Content-Type': 'application/json', 'Accept': 'application/json', 'X-Auth-Token': '<omitted>'}
        Body: None
    Response - Headers: {'date': 'Wed, 25 Mar 2026 20:44:08 GMT', 'server': 'Apache/2.4.58 (Ubuntu)', 'content-type': 'application/json', 'x-compute-request-id': 'req-a18a1dc6-923f-43c2-bf37-5001565bf396', 'content-length': '13', 'openstack-api-version': 'volume 3.0', 'vary': 'OpenStack-API-Version', 'x-openstack-request-id': 'req-a18a1dc6-923f-43c2-bf37-5001565bf396', 'connection': 'close', 'status': '200', 'content-location': 'http://10.201.9.223/volume/v3/scheduler-stats/get_pools?detail=True'}
        Body: b'{"pools": []}'


tempest.api.volume.******.test_volume_pools.VolumePoolsAdminTestsJSON.test_get_pools_without_details[id-0248a46c-e226-4933-be10-ad6fca8227e7]
--------------------------------------------------------------------------------------------------------------------------------------------

Captured traceback:
~~~~~~~~~~~~~~~~~~~
    Traceback (most recent call last):

      File "/opt/stack/tempest/tempest/api/volume/******/test_volume_pools.py", line 39, in test_get_pools_without_details
    self._assert_pools()

      File "/opt/stack/tempest/tempest/api/volume/******/test_volume_pools.py", line 29, in _assert_pools
    self.assertNotEmpty(cinder_pools, "no cinder pools listed.")

      File "/opt/stack/tempest/tempest/test.py", line 949, in assertNotEmpty
    self.assertTrue(items, msg)

      File "/usr/lib/python3.12/unittest/case.py", line 727, in assertTrue
    raise self.failureException(msg)

    AssertionError: [] is not true : no cinder pools listed.


Captured pythonlogging:
~~~~~~~~~~~~~~~~~~~~~~~
    2026-03-25 20:44:09,749 130085 INFO     [tempest.lib.common.rest_client] Request (VolumePoolsAdminTestsJSON:test_get_pools_without_details): 200 GET http://10.201.9.223/volume/v3/scheduler-stats/get_pools 0.513s
2026-03-25 20:44:09,750 130085 DEBUG    [tempest.lib.common.rest_client] Request - Headers: {'Content-Type': 'application/json', 'Accept': 'application/json', 'X-Auth-Token': '<omitted>'}
        Body: None
    Response - Headers: {'date': 'Wed, 25 Mar 2026 20:44:09 GMT', 'server': 'Apache/2.4.58 (Ubuntu)', 'content-type': 'application/json', 'x-compute-request-id': 'req-11eae927-bb68-4cfd-bcb2-629eb38a2e73', 'content-length': '13', 'openstack-api-version': 'volume 3.0', 'vary': 'OpenStack-API-Version', 'x-openstack-request-id': 'req-11eae927-bb68-4cfd-bcb2-629eb38a2e73', 'connection': 'close', 'status': '200', 'content-location': 'http://10.201.9.223/volume/v3/scheduler-stats/get_pools'}
        Body: b'{"pools": []}'


tempest.api.volume.******.test_volume_quotas.VolumeQuotasAdminTestJSON.test_quota_usage[id-ae8b6091-48ad-4bfa-a188-bbf5cc02115f]
-------------------------------------------------------------------------------------------------------------------------------

Captured traceback:
~~~~~~~~~~~~~~~~~~~
    Traceback (most recent call last):

      File "/opt/stack/tempest/tempest/api/volume/******/test_volume_quotas.py", line 123, in test_quota_usage
    volume = self.create_volume()
             ^^^^^^^^^^^^^^^^^^^^

      File "/opt/stack/tempest/tempest/api/volume/base.py", line 144, in create_volume
    waiters.wait_for_volume_resource_status(self.volumes_client,

      File "/opt/stack/tempest/tempest/common/waiters.py", line 379, in wait_for_volume_resource_status
    raise exceptions.VolumeResourceBuildErrorException(

    tempest.exceptions.VolumeResourceBuildErrorException: volume 6693fd36-4503-4717-967a-8ed5bd4881d3 failed to build and is in ERROR status


Captured pythonlogging:
~~~~~~~~~~~~~~~~~~~~~~~
    2026-03-25 20:44:14,697 130085 INFO     [tempest.lib.common.rest_client] Request (VolumeQuotasAdminTestJSON:test_quota_usage): 200 GET http://10.201.9.223/volume/v3/os-quota-sets/c316b079793a4130b72709362794e8bb?usage=True 0.021s
2026-03-25 20:44:14,697 130085 DEBUG    [tempest.lib.common.rest_client] Request - Headers: {'Content-Type': 'application/json', 'Accept': 'application/json', 'X-Auth-Token': '<omitted>'}
        Body: None
    Response - Headers: {'date': 'Wed, 25 Mar 2026 20:44:14 GMT', 'server': 'Apache/2.4.58 (Ubuntu)', 'content-type': 'application/json', 'x-compute-request-id': 'req-fe57820a-6df8-47fb-a59b-b6fc5bb7142a', 'content-length': '1236', 'openstack-api-version': 'volume 3.0', 'vary': 'OpenStack-API-Version', 'x-openstack-request-id': 'req-fe57820a-6df8-47fb-a59b-b6fc5bb7142a', 'connection': 'close', 'status': '200', 'content-location': 'http://10.201.9.223/volume/v3/os-quota-sets/c316b079793a4130b72709362794e8bb?usage=True'}
        Body: b'{"quota_set": {"volumes": {"limit": 10, "in_use": 0, "reserved": 0}, "per_volume_gigabytes": {"limit": -1, "in_use": 0, "reserved": 0}, "snapshots": {"limit": 10, "in_use": 0, "reserved": 0}, "gigabytes": {"limit": 1000, "in_use": 0, "reserved": 0}, "backups": {"limit": 10, "in_use": 0, "reserved": 0}, "backup_gigabytes": {"limit": 1000, "in_use": 0, "reserved": 0}, "volumes_3par2": {"limit": -1, "in_use": 0, "reserved": 0}, "gigabytes_3par2": {"limit": -1, "in_use": 0, "reserved": 0}, "snapshots_3par2": {"limit": -1, "in_use": 0, "reserved": 0}, "volumes_3par1": {"limit": -1, "in_use": 0, "reserved": 0}, "gigabytes_3par1": {"limit": -1, "in_use": 0, "reserved": 0}, "snapshots_3par1": {"limit": -1, "in_use": 0, "reserved": 0}, "volumes_lvmdriver-1": {"limit": -1, "in_use": 0, "reserved": 0}, "gigabytes_lvmdriver-1": {"limit": -1, "in_use": 0, "reserved": 0}, "snapshots_lvmdriver-1": {"limit": -1, "in_use": 0, "reserved": 0}, "volumes___DEFAULT__": {"limit": -1, "in_use": 0, "reserved": 0}, "gigabytes___DEFAULT__": {"limit": -1, "in_use": 0, "reserved": 0}, "snapshots___DEFAULT__": {"limit": -1, "in_use": 0, "reserved": 0}, "groups": {"limit": 10, "in_use": 0, "reserved": 0}, "id": "c316b079793a4130b72709362794e8bb"}}'
2026-03-25 20:44:14,906 130085 INFO     [tempest.lib.common.rest_client] Request (VolumeQuotasAdminTestJSON:test_quota_usage): 202 POST http://10.201.9.223/volume/v3/volumes 0.202s
2026-03-25 20:44:14,906 130085 DEBUG    [tempest.lib.common.rest_client] Request - Headers: {'Content-Type': 'application/json', 'Accept': 'application/json', 'X-Auth-Token': '<omitted>'}
        Body: {"volume": {"size": 1, "name": "tempest-VolumeQuotasAdminTestJSON-Volume-1376580416"}}
    Response - Headers: {'date': 'Wed, 25 Mar 2026 20:44:14 GMT', 'server': 'Apache/2.4.58 (Ubuntu)', 'content-type': 'application/json', 'x-compute-request-id': 'req-38dcc67d-da9f-4d9f-82de-e012d2dc2832', 'content-length': '755', 'openstack-api-version': 'volume 3.0', 'vary': 'OpenStack-API-Version', 'x-openstack-request-id': 'req-38dcc67d-da9f-4d9f-82de-e012d2dc2832', 'connection': 'close', 'status': '202', 'content-location': 'http://10.201.9.223/volume/v3/volumes'}
        Body: b'{"volume": {"id": "6693fd36-4503-4717-967a-8ed5bd4881d3", "status": "creating", "size": 1, "availability_zone": "nova", "created_at": "2026-03-25T20:44:14.853859", "updated_at": null, "name": "tempest-VolumeQuotasAdminTestJSON-Volume-1376580416", "description": null, "volume_type": "3par1", "snapshot_id": null, "source_volid": null, "metadata": {}, "links": [{"rel": "self", "href": "http://10.201.9.223/volume/v3/volumes/6693fd36-4503-4717-967a-8ed5bd4881d3"}, {"rel": "bookmark", "href": "http://10.201.9.223/volume/volumes/6693fd36-4503-4717-967a-8ed5bd4881d3"}], "user_id": "3d31c5b6eb544145ad713b646b3cf8ae", "bootable": "false", "encrypted": false, "replication_status": null, "consistencygroup_id": null, "multiattach": false, "attachments": []}}'
2026-03-25 20:44:14,945 130085 INFO     [tempest.lib.common.rest_client] Request (VolumeQuotasAdminTestJSON:test_quota_usage): 200 GET http://10.201.9.223/volume/v
    3/volumes/6693fd36-4503-4717-967a-8ed5bd4881d3 0.028s
2026-03-25 20:44:14,945 130085 DEBUG    [tempest.lib.common.rest_client] Request - Headers: {'Content-Type': 'application/json', 'Accept': 'application/json', 'X-Auth-Token': '<omitted>'}
        Body: None
    Response - Headers: {'date': 'Wed, 25 Mar 2026 20:44:14 GMT', 'server': 'Apache/2.4.58 (Ubuntu)', 'content-type': 'application/json', 'x-compute-request-id': 'req-69f1ebac-f85a-433c-b3a0-5edda5469376', 'content-length': '823', 'openstack-api-version': 'volume 3.0', 'vary': 'OpenStack-API-Version', 'x-openstack-request-id': 'req-69f1ebac-f85a-433c-b3a0-5edda5469376', 'connection': 'close', 'status': '200', 'content-location': 'http://10.201.9.223/volume/v3/volumes/6693fd36-4503-4717-967a-8ed5bd4881d3'}
        Body: b'{"volume": {"id": "6693fd36-4503-4717-967a-8ed5bd4881d3", "status": "creating", "size": 1, "availability_zone": "nova", "created_at": "2026-03-25T20:44:15.000000", "updated_at": null, "name": "tempest-VolumeQuotasAdminTestJSON-Volume-1376580416", "description": null, "volume_type": "3par1", "snapshot_id": null, "source_volid": null, "metadata": {}, "links": [{"rel": "self", "href": "http://10.201.9.223/volume/v3/volumes/6693fd36-4503-4717-967a-8ed5bd4881d3"}, {"rel": "bookmark", "href": "http://10.201.9.223/volume/volumes/6693fd36-4503-4717-967a-8ed5bd4881d3"}], "user_id": "3d31c5b6eb544145ad713b646b3cf8ae", "bootable": "false", "encrypted": false, "replication_status": null, "consistencygroup_id": null, "multiattach": false, "attachments": [], "os-vol-tenant-attr:tenant_id": "c316b079793a4130b72709362794e8bb"}}'
2026-03-25 20:44:15,983 130085 INFO     [tempest.lib.common.rest_client] Request (VolumeQuotasAdminTestJSON:test_quota_usage): 200 GET http://10.201.9.223/volume/v3/volumes/6693fd36-4503-4717-967a-8ed5bd4881d3 0.032s
2026-03-25 20:44:15,983 130085 DEBUG    [tempest.lib.common.rest_client] Request - Headers: {'Content-Type': 'application/json', 'Accept': 'application/json', 'X-Auth-Token': '<omitted>'}
        Body: None
    Response - Headers: {'date': 'Wed, 25 Mar 2026 20:44:15 GMT', 'server': 'Apache/2.4.58 (Ubuntu)', 'content-type': 'application/json', 'x-compute-request-id': 'req-dde163d7-791c-4f48-8087-8a24dbabc14c', 'content-length': '844', 'openstack-api-version': 'volume 3.0', 'vary': 'OpenStack-API-Version', 'x-openstack-request-id': 'req-dde163d7-791c-4f48-8087-8a24dbabc14c', 'connection': 'close', 'status': '200', 'content-location': 'http://10.201.9.223/volume/v3/volumes/6693fd36-4503-4717-967a-8ed5bd4881d3'}
        Body: b'{"volume": {"id": "6693fd36-4503-4717-967a-8ed5bd4881d3", "status": "error", "size": 1, "availability_zone": "nova", "created_at": "2026-03-25T20:44:15.000000", "updated_at": "2026-03-25T20:44:15.000000", "name": "tempest-VolumeQuotasAdminTestJSON-Volume-1376580416", "description": null, "volume_type": "3par1", "snapshot_id": null, "source_volid": null, "metadata": {}, "links": [{"rel": "self", "href": "http://10.201.9.223/volume/v3/volumes/6693fd36-4503-4717-967a-8ed5bd4881d3"}, {"rel": "bookmark", "href": "http://10.201.9.223/volume/volumes/6693fd36-4503-4717-967a-8ed5bd4881d3"}], "user_id": "3d31c5b6eb544145ad713b646b3cf8ae", "bootable": "false", "encrypted": false, "replication_status": null, "consistencygroup_id": null, "multiattach": false, "attachments": [], "os-vol-tenant-attr:tenant_id": "c316b079793a4130b72709362794e8bb"}}'
2026-03-25 20:44:16,022 130085 INFO     [tempest.lib.common.rest_client] Request (VolumeQuotasAdminTestJSON:_run_cleanups): 200 GET http://10.201.9.223/volume/v3/volumes/6693fd36-4503-4717-967a-8ed5bd4881d3 0.027s
2026-03-25 20:44:16,023 130085 DEBUG    [tempest.lib.common.rest_client] Request - Headers: {'Content-Type': 'application/json', 'Accept': 'application/json', 'X-Auth-Token': '<omitted>'}
        Body: None
    Response - Headers: {'date': 'Wed, 25 Mar 2026 20:44:15 GMT', 'server': 'Apache/2.4.58 (Ubuntu)', 'content-type': 'application/json', 'x-compute-request-id': 'req-0250ddf4-3d3f-417d-8841-9e88cc71e184', 'content-length': '844', 'openstack-api-version': 'volume 3
    .0', 'vary': 'OpenStack-API-Version', 'x-openstack-request-id': 'req-0250ddf4-3d3f-417d-8841-9e88cc71e184', 'connection': 'close', 'status': '200', 'content-location': 'http://10.201.9.223/volume/v3/volumes/6693fd36-4503-4717-967a-8ed5bd4881d3'}
        Body: b'{"volume": {"id": "6693fd36-4503-4717-967a-8ed5bd4881d3", "status": "error", "size": 1, "availability_zone": "nova", "created_at": "2026-03-25T20:44:15.000000", "updated_at": "2026-03-25T20:44:15.000000", "name": "tempest-VolumeQuotasAdminTestJSON-Volume-1376580416", "description": null, "volume_type": "3par1", "snapshot_id": null, "source_volid": null, "metadata": {}, "links": [{"rel": "self", "href": "http://10.201.9.223/volume/v3/volumes/6693fd36-4503-4717-967a-8ed5bd4881d3"}, {"rel": "bookmark", "href": "http://10.201.9.223/volume/volumes/6693fd36-4503-4717-967a-8ed5bd4881d3"}], "user_id": "3d31c5b6eb544145ad713b646b3cf8ae", "bootable": "false", "encrypted": false, "replication_status": null, "consistencygroup_id": null, "multiattach": false, "attachments": [], "os-vol-tenant-attr:tenant_id": "c316b079793a4130b72709362794e8bb"}}'
2026-03-25 20:44:16,098 130085 INFO     [tempest.lib.common.rest_client] Request (VolumeQuotasAdminTestJSON:_run_cleanups): 202 DELETE http://10.201.9.223/volume/v3/volumes/6693fd36-4503-4717-967a-8ed5bd4881d3 0.067s
2026-03-25 20:44:16,098 130085 DEBUG    [tempest.lib.common.rest_client] Request - Headers: {'Content-Type': 'application/json', 'Accept': 'application/json', 'X-Auth-Token': '<omitted>'}
        Body: None
    Response - Headers: {'date': 'Wed, 25 Mar 2026 20:44:16 GMT', 'server': 'Apache/2.4.58 (Ubuntu)', 'content-length': '0', 'content-type': 'text/html; charset=UTF-8', 'openstack-api-version': 'volume 3.0', 'vary': 'OpenStack-API-Version', 'x-openstack-request-id': 'req-18635964-c0c6-42d0-b72b-5e4e50cac929', 'connection': 'close', 'status': '202', 'content-location': 'http://10.201.9.223/volume/v3/volumes/6693fd36-4503-4717-967a-8ed5bd4881d3'}
        Body: b''
2026-03-25 20:44:16,118 130085 INFO     [tempest.lib.common.rest_client] Request (VolumeQuotasAdminTestJSON:_run_cleanups): 404 GET http://10.201.9.223/volume/v3/volumes/6693fd36-4503-4717-967a-8ed5bd4881d3 0.019s
2026-03-25 20:44:16,118 130085 DEBUG    [tempest.lib.common.rest_client] Request - Headers: {'Content-Type': 'application/json', 'Accept': 'application/json', 'X-Auth-Token': '<omitted>'}
        Body: None
    Response - Headers: {'date': 'Wed, 25 Mar 2026 20:44:16 GMT', 'server': 'Apache/2.4.58 (Ubuntu)', 'openstack-api-version': 'volume 3.0', 'vary': 'OpenStack-API-Version', 'content-length': '109', 'content-type': 'application/json', 'x-compute-request-id': 'req-9045afa9-8e5c-4359-a01f-0b12461142ca', 'x-openstack-request-id': 'req-9045afa9-8e5c-4359-a01f-0b12461142ca', 'connection': 'close', 'status': '404', 'content-location': 'http://10.201.9.223/volume/v3/volumes/6693fd36-4503-4717-967a-8ed5bd4881d3'}
        Body: b'{"itemNotFound": {"code": 404, "message": "Volume 6693fd36-4503-4717-967a-8ed5bd4881d3 could not be found."}}'


tempest.api.volume.******.test_volume_quotas.VolumeQuotasAdminTestJSON.test_quota_usage_after_volume_transfer[id-8911036f-9d54-4720-80cc-a1c9796a8805]
-----------------------------------------------------------------------------------------------------------------------------------------------------

Captured traceback:
~~~~~~~~~~~~~~~~~~~
    Traceback (most recent call last):

      File "/opt/stack/tempest/tempest/api/volume/******/test_volume_quotas.py", line 141, in test_quota_usage_after_volume_transfer
    volume = self.create_volume()
             ^^^^^^^^^^^^^^^^^^^^

      File "/opt/stack/tempest/tempest/api/volume/base.py", line 144, in create_volume
    waiters.wait_for_volume_resource_status(self.volumes_client,

      File "/opt/stack/tempest/tempest/common/waiters.py", line 379, in wait_for_volume_resource_status
    raise exceptions.VolumeResourceBuildErrorException(

    tempest.exceptions.VolumeResourceBuildErrorException: volume 8d79562d-7938-4282-827d-f7c7adb9f8d5 failed to build and is in ERROR status


Captured pythonlogging:
~~~~~~~~~~~~~~~~~~~~~~~
    2026-03-25 20:44:16,257 130085 INFO     [tempest.lib.common.rest_client] Request (VolumeQuotasAdminTestJSON:test_quota_usage_after_volume_transfer): 202 POST http://10.201.9.223/volume/v3/volumes 0.135s
2026-03-25 20:44:16,257 130085 DEBUG    [tempest.lib.common.rest_client] Request - Headers: {'Content-Type': 'application/json', 'Accept': 'application/json', 'X-Auth-Token': '<omitted>'}
        Body: {"volume": {"size": 1, "name": "tempest-VolumeQuotasAdminTestJSON-Volume-665283732"}}
    Response - Headers: {'date': 'Wed, 25 Mar 2026 20:44:16 GMT', 'server': 'Apache/2.4.58 (Ubuntu)', 'content-type': 'application/json', 'x-compute-request-id': 'req-27469679-7f71-4a94-b3ae-c0d375683e6c', 'content-length': '754', 'openstack-api-version': 'volume 3.0', 'vary': 'OpenStack-API-Version', 'x-openstack-request-id': 'req-27469679-7f71-4a94-b3ae-c0d375683e6c', 'connection': 'close', 'status': '202', 'content-location': 'http://10.201.9.223/volume/v3/volumes'}
        Body: b'{"volume": {"id": "8d79562d-7938-4282-827d-f7c7adb9f8d5", "status": "creating", "size": 1, "availability_zone": "nova", "created_at": "2026-03-25T20:44:16.204517", "updated_at": null, "name": "tempest-VolumeQuotasAdminTestJSON-Volume-665283732", "description": null, "volume_type": "3par1", "snapshot_id": null, "source_volid": null, "metadata": {}, "links": [{"rel": "self", "href": "http://10.201.9.223/volume/v3/volumes/8d79562d-7938-4282-827d-f7c7adb9f8d5"}, {"rel": "bookmark", "href": "http://10.201.9.223/volume/volumes/8d79562d-7938-4282-827d-f7c7adb9f8d5"}], "user_id": "3d31c5b6eb544145ad713b646b3cf8ae", "bootable": "false", "encrypted": false, "replication_status": null, "consistencygroup_id": null, "multiattach": false, "attachments": []}}'
2026-03-25 20:44:16,288 130085 INFO     [tempest.lib.common.rest_client] Request (VolumeQuotasAdminTestJSON:test_quota_usage_after_volume_transfer): 200 GET http://10.201.9.223/volume/v3/volumes/8d79562d-7938-4282-827d-f7c7adb9f8d5 0.021s
2026-03-25 20:44:16,288 130085 DEBUG    [tempest.lib.common.rest_client] Request - Headers: {'Content-Type': 'application/json', 'Accept': 'application/json', 'X-Auth-Token': '<omitted>'}
        Body: None
    Response - Headers: {'date': 'Wed, 25 Mar 2026 20:44:16 GMT', 'server': 'Apache/2.4.58 (Ubuntu)', 'content-type': 'application/json', 'x-compute-request-id': 'req-2f30a231-792c-46f3-8a2d-688e78d98d64', 'content-length': '822', 'openstack-api-version': 'volume 3.0', 'vary': 'OpenStack-API-Version', 'x-openstack-request-id': 'req-2f30a231-792c-46f3-8a2d-688e78d98d64', 'connection': 'close', 'status': '200', 'content-location': 'http://10.201.9.223/volume/v3/volumes/8d79562d-7938-4282-827d-f7c7adb9f8d5'}
        Body: b'{"volume": {"id": "8d79562d-7938-4282-827d-f7c7adb9f8d5", "status": "creating", "size": 1, "availability_zone": "nova", "created_at": "2026-03-25T20:44:16.000000", "updated_at": null, "name": "tempest-VolumeQuotasAdminTestJSON-Volume-665283732", "description": null, "volume_type": "3par1", "snapshot_id": null, "source_volid": null, "metadata": {}, "links": [{"rel": "self", "href": "http://10.201.9.223/volume/v3/volumes/8d79562d-7938-4282-827d-f7c7adb9f8d5"}, {"rel": "bookmark", "href": "http://10.201.9.223/volume/volumes/8d79562d-7938-4282-827d-f7c7adb9f8d5"}], "user_id": "3d31c5b6eb544145ad713b646b3cf8ae", "bootable": "false", "encrypted": false, "replication_status": null, "consistencygroup_id": null, "multiattach": false, "attachments": [], "os-vol-tenant-attr:tenant_id": "c316b079793a4130b72709362794e8bb"}}'
2026-03-25 20:44:17,333 130085 INFO     [tempest.lib.common.rest_client] Request (VolumeQuotasAdminTestJSON:test_quota_usage_after_volume_transfer): 200 GET http://10.201.9.223/volume/v3/volumes/8d79562d-7938-4282-827d-f7c7adb9f8d5 0.037s
2026-03-25 20:44:17,333 130085 DEBUG    [tempest.lib.common.rest_client] Request - Headers: {'Content-Type': 'application/json', 'Accept': 'application/json', 'X-Auth-Token': '<omitted>'}
        Body: None
    Response - Headers: {'date': 'Wed, 25 Mar 2026 20:44:17 GMT', 'server': 'Apache/2.4.58 (Ubuntu)', 'content-type'
    : 'application/json', 'x-compute-request-id': 'req-6c242c79-5ed6-4e5f-a58b-8fbb93183890', 'content-length': '843', 'openstack-api-version': 'volume 3.0', 'vary': 'OpenStack-API-Version', 'x-openstack-request-id': 'req-6c242c79-5ed6-4e5f-a58b-8fbb93183890', 'connection': 'close', 'status': '200', 'content-location': 'http://10.201.9.223/volume/v3/volumes/8d79562d-7938-4282-827d-f7c7adb9f8d5'}
        Body: b'{"volume": {"id": "8d79562d-7938-4282-827d-f7c7adb9f8d5", "status": "error", "size": 1, "availability_zone": "nova", "created_at": "2026-03-25T20:44:16.000000", "updated_at": "2026-03-25T20:44:16.000000", "name": "tempest-VolumeQuotasAdminTestJSON-Volume-665283732", "description": null, "volume_type": "3par1", "snapshot_id": null, "source_volid": null, "metadata": {}, "links": [{"rel": "self", "href": "http://10.201.9.223/volume/v3/volumes/8d79562d-7938-4282-827d-f7c7adb9f8d5"}, {"rel": "bookmark", "href": "http://10.201.9.223/volume/volumes/8d79562d-7938-4282-827d-f7c7adb9f8d5"}], "user_id": "3d31c5b6eb544145ad713b646b3cf8ae", "bootable": "false", "encrypted": false, "replication_status": null, "consistencygroup_id": null, "multiattach": false, "attachments": [], "os-vol-tenant-attr:tenant_id": "c316b079793a4130b72709362794e8bb"}}'
2026-03-25 20:44:17,366 130085 INFO     [tempest.lib.common.rest_client] Request (VolumeQuotasAdminTestJSON:_run_cleanups): 200 GET http://10.201.9.223/volume/v3/volumes/8d79562d-7938-4282-827d-f7c7adb9f8d5 0.027s
2026-03-25 20:44:17,366 130085 DEBUG    [tempest.lib.common.rest_client] Request - Headers: {'Content-Type': 'application/json', 'Accept': 'application/json', 'X-Auth-Token': '<omitted>'}
        Body: None
    Response - Headers: {'date': 'Wed, 25 Mar 2026 20:44:17 GMT', 'server': 'Apache/2.4.58 (Ubuntu)', 'content-type': 'application/json', 'x-compute-request-id': 'req-351851bf-da56-4fdc-bf4f-a2b142656f08', 'content-length': '843', 'openstack-api-version': 'volume 3.0', 'vary': 'OpenStack-API-Version', 'x-openstack-request-id': 'req-351851bf-da56-4fdc-bf4f-a2b142656f08', 'connection': 'close', 'status': '200', 'content-location': 'http://10.201.9.223/volume/v3/volumes/8d79562d-7938-4282-827d-f7c7adb9f8d5'}
        Body: b'{"volume": {"id": "8d79562d-7938-4282-827d-f7c7adb9f8d5", "status": "error", "size": 1, "availability_zone": "nova", "created_at": "2026-03-25T20:44:16.000000", "updated_at": "2026-03-25T20:44:16.000000", "name": "tempest-VolumeQuotasAdminTestJSON-Volume-665283732", "description": null, "volume_type": "3par1", "snapshot_id": null, "source_volid": null, "metadata": {}, "links": [{"rel": "self", "href": "http://10.201.9.223/volume/v3/volumes/8d79562d-7938-4282-827d-f7c7adb9f8d5"}, {"rel": "bookmark", "href": "http://10.201.9.223/volume/volumes/8d79562d-7938-4282-827d-f7c7adb9f8d5"}], "user_id": "3d31c5b6eb544145ad713b646b3cf8ae", "bootable": "false", "encrypted": false, "replication_status": null, "consistencygroup_id": null, "multiattach": false, "attachments": [], "os-vol-tenant-attr:tenant_id": "c316b079793a4130b72709362794e8bb"}}'
2026-03-25 20:44:17,439 130085 INFO     [tempest.lib.common.rest_client] Request (VolumeQuotasAdminTestJSON:_run_cleanups): 202 DELETE http://10.201.9.223/volume/v3/volumes/8d79562d-7938-4282-827d-f7c7adb9f8d5 0.065s
2026-03-25 20:44:17,439 130085 DEBUG    [tempest.lib.common.rest_client] Request - Headers: {'Content-Type': 'application/json', 'Accept': 'application/json', 'X-Auth-Token': '<omitted>'}
        Body: None
    Response - Headers: {'date': 'Wed, 25 Mar 2026 20:44:17 GMT', 'server': 'Apache/2.4.58 (Ubuntu)', 'content-length': '0', 'content-type': 'text/html; charset=UTF-8', 'openstack-api-version': 'volume 3.0', 'vary': 'OpenStack-API-Version', 'x-openstack-request-id': 'req-391768ef-a1ac-4bf3-8ede-2c7b8988915c', 'connection': 'close', 'status': '202', 'content-location': 'http://10.201.9.223/volume/v3/volumes/8d79562d-7938-4282-827d-f7c7adb9f8d5'}
        Body: b''
2026-03-25 20:44:17,453 130085 INFO     [tempest.lib.common.rest_client] Request (VolumeQuotasAdminTestJSON:_run_cleanups): 404 GET http://10.201.9.223/volu
    me/v3/volumes/8d79562d-7938-4282-827d-f7c7adb9f8d5 0.014s
2026-03-25 20:44:17,454 130085 DEBUG    [tempest.lib.common.rest_client] Request - Headers: {'Content-Type': 'application/json', 'Accept': 'application/json', 'X-Auth-Token': '<omitted>'}
        Body: None
    Response - Headers: {'date': 'Wed, 25 Mar 2026 20:44:17 GMT', 'server': 'Apache/2.4.58 (Ubuntu)', 'openstack-api-version': 'volume 3.0', 'vary': 'OpenStack-API-Version', 'content-length': '109', 'content-type': 'application/json', 'x-compute-request-id': 'req-d8c1f9eb-265b-4831-8aeb-f7a3f34aabcd', 'x-openstack-request-id': 'req-d8c1f9eb-265b-4831-8aeb-f7a3f34aabcd', 'connection': 'close', 'status': '404', 'content-location': 'http://10.201.9.223/volume/v3/volumes/8d79562d-7938-4282-827d-f7c7adb9f8d5'}
        Body: b'{"itemNotFound": {"code": 404, "message": "Volume 8d79562d-7938-4282-827d-f7c7adb9f8d5 could not be found."}}'


setUpClass (tempest.api.volume.******.test_volume_quotas_negative.VolumeQuotasNegativeTestJSON)
----------------------------------------------------------------------------------------------

Captured traceback:
~~~~~~~~~~~~~~~~~~~
    Traceback (most recent call last):

      File "/opt/stack/tempest/tempest/test.py", line 185, in setUpClass
    raise value.with_traceback(trace)

      File "/opt/stack/tempest/tempest/test.py", line 178, in setUpClass
    cls.resource_setup()

      File "/opt/stack/tempest/tempest/api/volume/******/test_volume_quotas_negative.py", line 51, in resource_setup
    cls.volume = cls.create_volume()
                 ^^^^^^^^^^^^^^^^^^^

      File "/opt/stack/tempest/tempest/api/volume/base.py", line 144, in create_volume
    waiters.wait_for_volume_resource_status(self.volumes_client,

      File "/opt/stack/tempest/tempest/common/waiters.py", line 379, in wait_for_volume_resource_status
    raise exceptions.VolumeResourceBuildErrorException(

    tempest.exceptions.VolumeResourceBuildErrorException: volume c775845f-dae4-4b3c-b388-409fd6a9e7a0 failed to build and is in ERROR status


tempest.api.volume.******.test_volume_retype.VolumeRetypeMultiattachTest.test_volume_retype_multiattach[id-c0521465-ed82-4d03-961d-a68d673a5051]
-----------------------------------------------------------------------------------------------------------------------------------------------

Captured traceback:
~~~~~~~~~~~~~~~~~~~
    Traceback (most recent call last):

      File "/opt/stack/tempest/tempest/api/volume/******/test_volume_retype.py", line 247, in test_volume_retype_multiattach
    vol = self.create_volume(volume_type=self.src_vol_type['name'])
          ^^^^^^^^^^^^^^^^^^^^^^^^^^^^^^^^^^^^^^^^^^^^^^^^^^^^^^^^^

      File "/opt/stack/tempest/tempest/api/volume/base.py", line 144, in create_volume
    waiters.wait_for_volume_resource_status(self.volumes_client,

      File "/opt/stack/tempest/tempest/common/waiters.py", line 379, in wait_for_volume_resource_status
    raise exceptions.VolumeResourceBuildErrorException(

    tempest.exceptions.VolumeResourceBuildErrorException: volume 09fe8fcc-25ec-4939-8d75-bcc2f2fa3455 failed to build and is in ERROR status


Captured pythonlogging:
~~~~~~~~~~~~~~~~~~~~~~~
    2026-03-25 20:44:23,824 130085 INFO     [tempest.lib.common.rest_client] Request (VolumeRetypeMultiattachTest:test_volume_retype_multiattach): 202 POST http://10.201.9.223/volume/v3/volumes 0.214s
2026-03-25 20:44:23,824 130085 DEBUG    [tempest.lib.common.rest_client] Request - Headers: {'Content-Type': 'application/json', 'Accept': 'application/json', 'Openstack-Api-Version': 'volume 3.50', 'X-Auth-Token': '<omitted>'}
        Body: {"volume": {"volume_type": "tempest-VolumeRetypeMultiattachTest-volume-type-2063149636", "size": 1, "name": "tempest-VolumeRetypeMultiattachTest-Volume-493799443"}}
    Response - Headers: {'date': 'Wed, 25 Mar 2026 20:44:23 GMT', 'server': 'Apache/2.4.58 (Ubuntu)', 'content-type': 'application/json', 'x-compute-request-id': 'req-72e27954-b70d-43f1-afac-f4d1a45cc2cb', 'content-length': '873', 'openstack-api-version': 'volume 3.50', 'vary': 'OpenStack-API-Version', 'x-openstack-request-id': 'req-72e27954-b70d-43f1-afac-f4d1a45cc2cb', 'connection': 'close', 'status': '202', 'content-location': 'http://10.201.9.223/volume/v3/volumes'}
        Body: b'{"volume": {"id": "09fe8fcc-25ec-4939-8d75-bcc2f2fa3455", "status": "creating", "size": 1, "availability_zone": "nova", "created_at": "2026-03-25T20:44:23.770571", "updated_at": null, "name": "tempest-VolumeRetypeMultiattachTest-Volume-493799443", "description": null, "volume_type": "tempest-VolumeRetypeMultiattachTest-volume-type-2063149636", "snapshot_id": null, "source_volid": null, "metadata": {}, "links": [{"rel": "self", "href": "http://10.201.9.223/volume/v3/volumes/09fe8fcc-25ec-4939-8d75-bcc2f2fa3455"}, {"rel": "bookmark", "href": "http://10.201.9.223/volume/volumes/09fe8fcc-25ec-4939-8d75-bcc2f2fa3455"}], "user_id": "4ad387a6fbce4e62a0d47920c4a43bb3", "bootable": "false", "encrypted": false, "replication_status": null, "consistencygroup_id": null, "multiattach": false, "attachments": [], "group_id": null, "shared_targets": true, "service_uuid": null}}'
2026-03-25 20:44:23,850 130085 INFO     [tempest.lib.common.rest_client] Request (VolumeRetypeMultiattachTest:test_volume_retype_multiattach): 200 GET http://10.201.9.223/volume/v3/volumes/09fe8fcc-25ec-4939-8d75-bcc2f2fa3455 0.020s
2026-03-25 20:44:23,851 130085 DEBUG    [tempest.lib.common.rest_client] Request - Headers: {'Content-Type': 'application/json', 'Accept': 'application/json', 'Openstack-Api-Version': 'volume 3.50', 'X-Auth-Token': '<omitted>'}
        Body: None
    Response - Headers: {'date': 'Wed, 25 Mar 2026 20:44:23 GMT', 'server': 'Apache/2.4.58 (Ubuntu)', 'content-type': 'application/json', 'x-compute-request-id': 'req-d57745a8-19af-4060-854f-c77313ca7750', 'content-length': '941', 'openstack-api-version': 'volume 3.50', 'vary': 'OpenStack-API-Version', 'x-openstack-request-id': 'req-d57745a8-19af-4060-854f-c77313ca7750', 'connection': 'close', 'status': '200', 'content-location': 'http://10.201.9.223/volume/v3/volumes/09fe8fcc-25ec-4939-8d75-bcc2f2fa3455'}
        Body: b'{"volume": {"id": "09fe8fcc-25ec-4939-8d75-bcc2f2fa3455", "status": "creating", "size": 1, "availability_zone": "nova", "created_at": "2026-03-25T20:44:24.000000", "updated_at": null, "name": "tempest-VolumeRetypeMultiattachTest-Volume-493799443", "description": null, "volume_type": "tempest-VolumeRetypeMultiattachTest-volume-type-2063149636", "snapshot_id": null, "source_volid": null, "metadata": {}, "links": [{"rel": "self", "href": "http://10.201.9.223/volume/v3/volumes/09fe8fcc-25ec-4939-8d75-bcc2f2fa3455"}, {"rel": "bookmark", "href": "http://10.201.9.223/volume/volumes/09fe8fcc-25ec-4939-8d75-bcc2f2fa3455"}], "user_id": "4ad387a6fbce4e62a0d47920c4a43bb3", "bootable": "false", "encrypted": false, "replication_status": null, "consistencygroup_id": null, "multiattach": false, "attachments": [], "group_id": null, "shared_targets": true, "service_uuid": null, "os-vol-tenant-attr:tenant_id": "2cf0d17bf9d84b19947f7a7faaeb6133"}}'
2026-03-25 20:44:24,888 130085 INFO     [tempest.lib.common.rest_client] Request (VolumeRetypeMultiattachTest:test_volume_retype_multiattach): 200 GET http://10.201.9.223/volu
    me/v3/volumes/09fe8fcc-25ec-4939-8d75-bcc2f2fa3455 0.032s
2026-03-25 20:44:24,888 130085 DEBUG    [tempest.lib.common.rest_client] Request - Headers: {'Content-Type': 'application/json', 'Accept': 'application/json', 'Openstack-Api-Version': 'volume 3.50', 'X-Auth-Token': '<omitted>'}
        Body: None
    Response - Headers: {'date': 'Wed, 25 Mar 2026 20:44:24 GMT', 'server': 'Apache/2.4.58 (Ubuntu)', 'content-type': 'application/json', 'x-compute-request-id': 'req-57922b87-8784-46ac-a2ed-8be5d0b24814', 'content-length': '962', 'openstack-api-version': 'volume 3.50', 'vary': 'OpenStack-API-Version', 'x-openstack-request-id': 'req-57922b87-8784-46ac-a2ed-8be5d0b24814', 'connection': 'close', 'status': '200', 'content-location': 'http://10.201.9.223/volume/v3/volumes/09fe8fcc-25ec-4939-8d75-bcc2f2fa3455'}
        Body: b'{"volume": {"id": "09fe8fcc-25ec-4939-8d75-bcc2f2fa3455", "status": "error", "size": 1, "availability_zone": "nova", "created_at": "2026-03-25T20:44:24.000000", "updated_at": "2026-03-25T20:44:24.000000", "name": "tempest-VolumeRetypeMultiattachTest-Volume-493799443", "description": null, "volume_type": "tempest-VolumeRetypeMultiattachTest-volume-type-2063149636", "snapshot_id": null, "source_volid": null, "metadata": {}, "links": [{"rel": "self", "href": "http://10.201.9.223/volume/v3/volumes/09fe8fcc-25ec-4939-8d75-bcc2f2fa3455"}, {"rel": "bookmark", "href": "http://10.201.9.223/volume/volumes/09fe8fcc-25ec-4939-8d75-bcc2f2fa3455"}], "user_id": "4ad387a6fbce4e62a0d47920c4a43bb3", "bootable": "false", "encrypted": false, "replication_status": null, "consistencygroup_id": null, "multiattach": false, "attachments": [], "group_id": null, "shared_targets": true, "service_uuid": null, "os-vol-tenant-attr:tenant_id": "2cf0d17bf9d84b19947f7a7faaeb6133"}}'
2026-03-25 20:44:24,922 130085 INFO     [tempest.lib.common.rest_client] Request (VolumeRetypeMultiattachTest:_run_cleanups): 200 GET http://10.201.9.223/volume/v3/volumes/09fe8fcc-25ec-4939-8d75-bcc2f2fa3455 0.021s
2026-03-25 20:44:24,922 130085 DEBUG    [tempest.lib.common.rest_client] Request - Headers: {'Content-Type': 'application/json', 'Accept': 'application/json', 'Openstack-Api-Version': 'volume 3.50', 'X-Auth-Token': '<omitted>'}
        Body: None
    Response - Headers: {'date': 'Wed, 25 Mar 2026 20:44:24 GMT', 'server': 'Apache/2.4.58 (Ubuntu)', 'content-type': 'application/json', 'x-compute-request-id': 'req-28ba9fe1-dc35-4f7c-84ad-480b7dfed332', 'content-length': '962', 'openstack-api-version': 'volume 3.50', 'vary': 'OpenStack-API-Version', 'x-openstack-request-id': 'req-28ba9fe1-dc35-4f7c-84ad-480b7dfed332', 'connection': 'close', 'status': '200', 'content-location': 'http://10.201.9.223/volume/v3/volumes/09fe8fcc-25ec-4939-8d75-bcc2f2fa3455'}
        Body: b'{"volume": {"id": "09fe8fcc-25ec-4939-8d75-bcc2f2fa3455", "status": "error", "size": 1, "availability_zone": "nova", "created_at": "2026-03-25T20:44:24.000000", "updated_at": "2026-03-25T20:44:24.000000", "name": "tempest-VolumeRetypeMultiattachTest-Volume-493799443", "description": null, "volume_type": "tempest-VolumeRetypeMultiattachTest-volume-type-2063149636", "snapshot_id": null, "source_volid": null, "metadata": {}, "links": [{"rel": "self", "href": "http://10.201.9.223/volume/v3/volumes/09fe8fcc-25ec-4939-8d75-bcc2f2fa3455"}, {"rel": "bookmark", "href": "http://10.201.9.223/volume/volumes/09fe8fcc-25ec-4939-8d75-bcc2f2fa3455"}], "user_id": "4ad387a6fbce4e62a0d47920c4a43bb3", "bootable": "false", "encrypted": false, "replication_status": null, "consistencygroup_id": null, "multiattach": false, "attachments": [], "group_id": null, "shared_targets": true, "service_uuid": null, "os-vol-tenant-attr:tenant_id": "2cf0d17bf9d84b19947f7a7faaeb6133"}}'
2026-03-25 20:44:24,991 130085 INFO     [tempest.lib.common.rest_client] Request (VolumeRetypeMultiattachTest:_run_cleanups): 202 DELETE http://10.201.9.223/volume/v3/volumes/09fe8fcc-25ec-4939-8d75-bcc2f2fa3455 0.064s
2026-03-25 20:44:24,991 130085 DEBUG    [tempest.lib.common.rest_client] Request - Headers: {'Content-Type': 'application/jso
    n', 'Accept': 'application/json', 'Openstack-Api-Version': 'volume 3.50', 'X-Auth-Token': '<omitted>'}
        Body: None
    Response - Headers: {'date': 'Wed, 25 Mar 2026 20:44:24 GMT', 'server': 'Apache/2.4.58 (Ubuntu)', 'content-length': '0', 'content-type': 'text/html; charset=UTF-8', 'openstack-api-version': 'volume 3.50', 'vary': 'OpenStack-API-Version', 'x-openstack-request-id': 'req-960b4165-76f2-4cb0-b4ab-d1d196ce6c30', 'connection': 'close', 'status': '202', 'content-location': 'http://10.201.9.223/volume/v3/volumes/09fe8fcc-25ec-4939-8d75-bcc2f2fa3455'}
        Body: b''
2026-03-25 20:44:25,003 130085 INFO     [tempest.lib.common.rest_client] Request (VolumeRetypeMultiattachTest:_run_cleanups): 404 GET http://10.201.9.223/volume/v3/volumes/09fe8fcc-25ec-4939-8d75-bcc2f2fa3455 0.012s
2026-03-25 20:44:25,004 130085 DEBUG    [tempest.lib.common.rest_client] Request - Headers: {'Content-Type': 'application/json', 'Accept': 'application/json', 'Openstack-Api-Version': 'volume 3.50', 'X-Auth-Token': '<omitted>'}
        Body: None
    Response - Headers: {'date': 'Wed, 25 Mar 2026 20:44:24 GMT', 'server': 'Apache/2.4.58 (Ubuntu)', 'openstack-api-version': 'volume 3.50', 'vary': 'OpenStack-API-Version', 'content-length': '109', 'content-type': 'application/json', 'x-compute-request-id': 'req-75c8e4f2-c706-4f50-8f7d-70bcbee3c3b0', 'x-openstack-request-id': 'req-75c8e4f2-c706-4f50-8f7d-70bcbee3c3b0', 'connection': 'close', 'status': '404', 'content-location': 'http://10.201.9.223/volume/v3/volumes/09fe8fcc-25ec-4939-8d75-bcc2f2fa3455'}
        Body: b'{"itemNotFound": {"code": 404, "message": "Volume 09fe8fcc-25ec-4939-8d75-bcc2f2fa3455 could not be found."}}'


tempest.api.volume.******.test_volume_retype.VolumeRetypeWithoutMigrationTest.test_available_volume_retype[id-b90412ee-465d-46e9-b249-ec84a47d5f25]
--------------------------------------------------------------------------------------------------------------------------------------------------

Captured traceback:
~~~~~~~~~~~~~~~~~~~
    Traceback (most recent call last):

      File "/opt/stack/tempest/tempest/api/volume/******/test_volume_retype.py", line 203, in test_available_volume_retype
    src_vol = self.create_volume(volume_type=self.src_vol_type['name'])
              ^^^^^^^^^^^^^^^^^^^^^^^^^^^^^^^^^^^^^^^^^^^^^^^^^^^^^^^^^

      File "/opt/stack/tempest/tempest/api/volume/base.py", line 144, in create_volume
    waiters.wait_for_volume_resource_status(self.volumes_client,

      File "/opt/stack/tempest/tempest/common/waiters.py", line 379, in wait_for_volume_resource_status
    raise exceptions.VolumeResourceBuildErrorException(

    tempest.exceptions.VolumeResourceBuildErrorException: volume 6f05c73e-e9d7-49e0-ad4b-c2f727a6fd9b failed to build and is in ERROR status


Captured pythonlogging:
~~~~~~~~~~~~~~~~~~~~~~~
    2026-03-25 20:44:27,333 130085 INFO     [tempest.lib.common.rest_client] Request (VolumeRetypeWithoutMigrationTest:test_available_volume_retype): 202 POST http://10.201.9.223/volume/v3/volumes 0.217s
2026-03-25 20:44:27,333 130085 DEBUG    [tempest.lib.common.rest_client] Request - Headers: {'Content-Type': 'application/json', 'Accept': 'application/json', 'X-Auth-Token': '<omitted>'}
        Body: {"volume": {"volume_type": "volume-type-1", "size": 1, "name": "tempest-VolumeRetypeWithoutMigrationTest-Volume-1412518963"}}
    Response - Headers: {'date': 'Wed, 25 Mar 2026 20:44:27 GMT', 'server': 'Apache/2.4.58 (Ubuntu)', 'content-type': 'application/json', 'x-compute-request-id': 'req-e74858bd-4f6d-46cf-8208-dd22963717b7', 'content-length': '770', 'openstack-api-version': 'volume 3.0', 'vary': 'OpenStack-API-Version', 'x-openstack-request-id': 'req-e74858bd-4f6d-46cf-8208-dd22963717b7', 'connection': 'close', 'status': '202', 'content-location': 'http://10.201.9.223/volume/v3/volumes'}
        Body: b'{"volume": {"id": "6f05c73e-e9d7-49e0-ad4b-c2f727a6fd9b", "status": "creating", "size": 1, "availability_zone": "nova", "created_at": "2026-03-25T20:44:27.275272", "updated_at": null, "name": "tempest-VolumeRetypeWithoutMigrationTest-Volume-1412518963", "description": null, "volume_type": "volume-type-1", "snapshot_id": null, "source_volid": null, "metadata": {}, "links": [{"rel": "self", "href": "http://10.201.9.223/volume/v3/volumes/6f05c73e-e9d7-49e0-ad4b-c2f727a6fd9b"}, {"rel": "bookmark", "href": "http://10.201.9.223/volume/volumes/6f05c73e-e9d7-49e0-ad4b-c2f727a6fd9b"}], "user_id": "216e6cdbd05845718fbf1d3a197f9aa6", "bootable": "false", "encrypted": false, "replication_status": null, "consistencygroup_id": null, "multiattach": false, "attachments": []}}'
2026-03-25 20:44:27,363 130085 INFO     [tempest.lib.common.rest_client] Request (VolumeRetypeWithoutMigrationTest:test_available_volume_retype): 200 GET http://10.201.9.223/volume/v3/volumes/6f05c73e-e9d7-49e0-ad4b-c2f727a6fd9b 0.022s
2026-03-25 20:44:27,364 130085 DEBUG    [tempest.lib.common.rest_client] Request - Headers: {'Content-Type': 'application/json', 'Accept': 'application/json', 'X-Auth-Token': '<omitted>'}
        Body: None
    Response - Headers: {'date': 'Wed, 25 Mar 2026 20:44:27 GMT', 'server': 'Apache/2.4.58 (Ubuntu)', 'content-type': 'application/json', 'x-compute-request-id': 'req-6e973e71-5f20-4099-bd25-5c09952b8313', 'content-length': '838', 'openstack-api-version': 'volume 3.0', 'vary': 'OpenStack-API-Version', 'x-openstack-request-id': 'req-6e973e71-5f20-4099-bd25-5c09952b8313', 'connection': 'close', 'status': '200', 'content-location': 'http://10.201.9.223/volume/v3/volumes/6f05c73e-e9d7-49e0-ad4b-c2f727a6fd9b'}
        Body: b'{"volume": {"id": "6f05c73e-e9d7-49e0-ad4b-c2f727a6fd9b", "status": "creating", "size": 1, "availability_zone": "nova", "created_at": "2026-03-25T20:44:27.000000", "updated_at": null, "name": "tempest-VolumeRetypeWithoutMigrationTest-Volume-1412518963", "description": null, "volume_type": "volume-type-1", "snapshot_id": null, "source_volid": null, "metadata": {}, "links": [{"rel": "self", "href": "http://10.201.9.223/volume/v3/volumes/6f05c73e-e9d7-49e0-ad4b-c2f727a6fd9b"}, {"rel": "bookmark", "href": "http://10.201.9.223/volume/volumes/6f05c73e-e9d7-49e0-ad4b-c2f727a6fd9b"}], "user_id": "216e6cdbd05845718fbf1d3a197f9aa6", "bootable": "false", "encrypted": false, "replication_status": null, "consistencygroup_id": null, "multiattach": false, "attachments": [], "os-vol-tenant-attr:tenant_id": "0c808223353b4171b2d51807aac2ecc8"}}'
2026-03-25 20:44:28,405 130085 INFO     [tempest.lib.common.rest_client] Request (VolumeRetypeWithoutMigrationTest:test_available_volume_retype): 200 GET http://10.201.9.223/volume/v3/volumes/6f05c73e-e9d7-49e0-ad4b-c2f727a6fd9b 0.036s
2026-03-25 20:44:28,405 130085 DEBUG    [tempest.lib.common.rest_client] Request - Headers: {'Content-Type': 'application/json', 'Accept': 'application/json', 'X-Auth-Token': '<omitted>'}
        Body: None
    Response - Headers: {'date': 'Wed, 25 Mar 2026 20
    :44:28 GMT', 'server': 'Apache/2.4.58 (Ubuntu)', 'content-type': 'application/json', 'x-compute-request-id': 'req-eb3ecb07-bb02-4e61-b0bf-d1b83155bcce', 'content-length': '859', 'openstack-api-version': 'volume 3.0', 'vary': 'OpenStack-API-Version', 'x-openstack-request-id': 'req-eb3ecb07-bb02-4e61-b0bf-d1b83155bcce', 'connection': 'close', 'status': '200', 'content-location': 'http://10.201.9.223/volume/v3/volumes/6f05c73e-e9d7-49e0-ad4b-c2f727a6fd9b'}
        Body: b'{"volume": {"id": "6f05c73e-e9d7-49e0-ad4b-c2f727a6fd9b", "status": "error", "size": 1, "availability_zone": "nova", "created_at": "2026-03-25T20:44:27.000000", "updated_at": "2026-03-25T20:44:27.000000", "name": "tempest-VolumeRetypeWithoutMigrationTest-Volume-1412518963", "description": null, "volume_type": "volume-type-1", "snapshot_id": null, "source_volid": null, "metadata": {}, "links": [{"rel": "self", "href": "http://10.201.9.223/volume/v3/volumes/6f05c73e-e9d7-49e0-ad4b-c2f727a6fd9b"}, {"rel": "bookmark", "href": "http://10.201.9.223/volume/volumes/6f05c73e-e9d7-49e0-ad4b-c2f727a6fd9b"}], "user_id": "216e6cdbd05845718fbf1d3a197f9aa6", "bootable": "false", "encrypted": false, "replication_status": null, "consistencygroup_id": null, "multiattach": false, "attachments": [], "os-vol-tenant-attr:tenant_id": "0c808223353b4171b2d51807aac2ecc8"}}'
2026-03-25 20:44:28,444 130085 INFO     [tempest.lib.common.rest_client] Request (VolumeRetypeWithoutMigrationTest:_run_cleanups): 200 GET http://10.201.9.223/volume/v3/volumes/6f05c73e-e9d7-49e0-ad4b-c2f727a6fd9b 0.029s
2026-03-25 20:44:28,445 130085 DEBUG    [tempest.lib.common.rest_client] Request - Headers: {'Content-Type': 'application/json', 'Accept': 'application/json', 'X-Auth-Token': '<omitted>'}
        Body: None
    Response - Headers: {'date': 'Wed, 25 Mar 2026 20:44:28 GMT', 'server': 'Apache/2.4.58 (Ubuntu)', 'content-type': 'application/json', 'x-compute-request-id': 'req-2849fd05-542f-4595-9741-727deb5ebb6e', 'content-length': '859', 'openstack-api-version': 'volume 3.0', 'vary': 'OpenStack-API-Version', 'x-openstack-request-id': 'req-2849fd05-542f-4595-9741-727deb5ebb6e', 'connection': 'close', 'status': '200', 'content-location': 'http://10.201.9.223/volume/v3/volumes/6f05c73e-e9d7-49e0-ad4b-c2f727a6fd9b'}
        Body: b'{"volume": {"id": "6f05c73e-e9d7-49e0-ad4b-c2f727a6fd9b", "status": "error", "size": 1, "availability_zone": "nova", "created_at": "2026-03-25T20:44:27.000000", "updated_at": "2026-03-25T20:44:27.000000", "name": "tempest-VolumeRetypeWithoutMigrationTest-Volume-1412518963", "description": null, "volume_type": "volume-type-1", "snapshot_id": null, "source_volid": null, "metadata": {}, "links": [{"rel": "self", "href": "http://10.201.9.223/volume/v3/volumes/6f05c73e-e9d7-49e0-ad4b-c2f727a6fd9b"}, {"rel": "bookmark", "href": "http://10.201.9.223/volume/volumes/6f05c73e-e9d7-49e0-ad4b-c2f727a6fd9b"}], "user_id": "216e6cdbd05845718fbf1d3a197f9aa6", "bootable": "false", "encrypted": false, "replication_status": null, "consistencygroup_id": null, "multiattach": false, "attachments": [], "os-vol-tenant-attr:tenant_id": "0c808223353b4171b2d51807aac2ecc8"}}'
2026-03-25 20:44:28,519 130085 INFO     [tempest.lib.common.rest_client] Request (VolumeRetypeWithoutMigrationTest:_run_cleanups): 202 DELETE http://10.201.9.223/volume/v3/volumes/6f05c73e-e9d7-49e0-ad4b-c2f727a6fd9b 0.067s
2026-03-25 20:44:28,520 130085 DEBUG    [tempest.lib.common.rest_client] Request - Headers: {'Content-Type': 'application/json', 'Accept': 'application/json', 'X-Auth-Token': '<omitted>'}
        Body: None
    Response - Headers: {'date': 'Wed, 25 Mar 2026 20:44:28 GMT', 'server': 'Apache/2.4.58 (Ubuntu)', 'content-length': '0', 'content-type': 'text/html; charset=UTF-8', 'openstack-api-version': 'volume 3.0', 'vary': 'OpenStack-API-Version', 'x-openstack-request-id': 'req-c41896ac-038f-4c86-9645-4a41ea398f38', 'connection': 'close', 'status': '202', 'content-location': 'http://10.201.9.223/volume/v3/volumes/6f05c73e-e9d7-49e0-ad4b-c2f727a6fd9b'}
        Body: b''
2026-03-25 20:44:28,538 130085 INFO     [tempes
    t.lib.common.rest_client] Request (VolumeRetypeWithoutMigrationTest:_run_cleanups): 404 GET http://10.201.9.223/volume/v3/volumes/6f05c73e-e9d7-49e0-ad4b-c2f727a6fd9b 0.017s
2026-03-25 20:44:28,538 130085 DEBUG    [tempest.lib.common.rest_client] Request - Headers: {'Content-Type': 'application/json', 'Accept': 'application/json', 'X-Auth-Token': '<omitted>'}
        Body: None
    Response - Headers: {'date': 'Wed, 25 Mar 2026 20:44:28 GMT', 'server': 'Apache/2.4.58 (Ubuntu)', 'openstack-api-version': 'volume 3.0', 'vary': 'OpenStack-API-Version', 'content-length': '109', 'content-type': 'application/json', 'x-compute-request-id': 'req-5fd8bf6f-099a-4b22-beef-a908bb33e252', 'x-openstack-request-id': 'req-5fd8bf6f-099a-4b22-beef-a908bb33e252', 'connection': 'close', 'status': '404', 'content-location': 'http://10.201.9.223/volume/v3/volumes/6f05c73e-e9d7-49e0-ad4b-c2f727a6fd9b'}
        Body: b'{"itemNotFound": {"code": 404, "message": "Volume 6f05c73e-e9d7-49e0-ad4b-c2f727a6fd9b could not be found."}}'


tempest.api.volume.******.test_volume_services.VolumesServicesTestJSON.test_get_service_by_volume_host_name[id-67ec6902-f91d-4dec-91fa-338523208bbc]
---------------------------------------------------------------------------------------------------------------------------------------------------

Captured traceback:
~~~~~~~~~~~~~~~~~~~
    Traceback (most recent call last):

      File "/opt/stack/tempest/tempest/api/volume/******/test_volume_services.py", line 76, in test_get_service_by_volume_host_name
    volume_id = self.create_volume()['id']
                ^^^^^^^^^^^^^^^^^^^^

      File "/opt/stack/tempest/tempest/api/volume/base.py", line 144, in create_volume
    waiters.wait_for_volume_resource_status(self.volumes_client,

      File "/opt/stack/tempest/tempest/common/waiters.py", line 379, in wait_for_volume_resource_status
    raise exceptions.VolumeResourceBuildErrorException(

    tempest.exceptions.VolumeResourceBuildErrorException: volume 71e76e06-9ad8-4558-a4a4-4f375d34d67e failed to build and is in ERROR status


Captured pythonlogging:
~~~~~~~~~~~~~~~~~~~~~~~
    2026-03-25 20:44:30,791 130085 INFO     [tempest.lib.common.rest_client] Request (VolumesServicesTestJSON:test_get_service_by_volume_host_name): 202 POST http://10.201.9.223/volume/v3/volumes 0.205s
2026-03-25 20:44:30,791 130085 DEBUG    [tempest.lib.common.rest_client] Request - Headers: {'Content-Type': 'application/json', 'Accept': 'application/json', 'X-Auth-Token': '<omitted>'}
        Body: {"volume": {"size": 1, "name": "tempest-VolumesServicesTestJSON-Volume-456621632"}}
    Response - Headers: {'date': 'Wed, 25 Mar 2026 20:44:30 GMT', 'server': 'Apache/2.4.58 (Ubuntu)', 'content-type': 'application/json', 'x-compute-request-id': 'req-6324cc9e-318f-4c9f-aaca-ae4be3180299', 'content-length': '752', 'openstack-api-version': 'volume 3.0', 'vary': 'OpenStack-API-Version', 'x-openstack-request-id': 'req-6324cc9e-318f-4c9f-aaca-ae4be3180299', 'connection': 'close', 'status': '202', 'content-location': 'http://10.201.9.223/volume/v3/volumes'}
        Body: b'{"volume": {"id": "71e76e06-9ad8-4558-a4a4-4f375d34d67e", "status": "creating", "size": 1, "availability_zone": "nova", "created_at": "2026-03-25T20:44:30.744552", "updated_at": null, "name": "tempest-VolumesServicesTestJSON-Volume-456621632", "description": null, "volume_type": "3par1", "snapshot_id": null, "source_volid": null, "metadata": {}, "links": [{"rel": "self", "href": "http://10.201.9.223/volume/v3/volumes/71e76e06-9ad8-4558-a4a4-4f375d34d67e"}, {"rel": "bookmark", "href": "http://10.201.9.223/volume/volumes/71e76e06-9ad8-4558-a4a4-4f375d34d67e"}], "user_id": "60ba24e414814c0ba97cace3e19b7d37", "bootable": "false", "encrypted": false, "replication_status": null, "consistencygroup_id": null, "multiattach": false, "attachments": []}}'
2026-03-25 20:44:30,818 130085 INFO     [tempest.lib.common.rest_client] Request (VolumesServicesTestJSON:test_get_service_by_volume_host_name): 200 GET http://10.201.9.223/volume/v3/volumes/71e76e06-9ad8-4558-a4a4-4f375d34d67e 0.023s
2026-03-25 20:44:30,819 130085 DEBUG    [tempest.lib.common.rest_client] Request - Headers: {'Content-Type': 'application/json', 'Accept': 'application/json', 'X-Auth-Token': '<omitted>'}
        Body: None
    Response - Headers: {'date': 'Wed, 25 Mar 2026 20:44:30 GMT', 'server': 'Apache/2.4.58 (Ubuntu)', 'content-type': 'application/json', 'x-compute-request-id': 'req-e291a04e-2272-4876-9f05-abaa8b843208', 'content-length': '820', 'openstack-api-version': 'volume 3.0', 'vary': 'OpenStack-API-Version', 'x-openstack-request-id': 'req-e291a04e-2272-4876-9f05-abaa8b843208', 'connection': 'close', 'status': '200', 'content-location': 'http://10.201.9.223/volume/v3/volumes/71e76e06-9ad8-4558-a4a4-4f375d34d67e'}
        Body: b'{"volume": {"id": "71e76e06-9ad8-4558-a4a4-4f375d34d67e", "status": "creating", "size": 1, "availability_zone": "nova", "created_at": "2026-03-25T20:44:31.000000", "updated_at": null, "name": "tempest-VolumesServicesTestJSON-Volume-456621632", "description": null, "volume_type": "3par1", "snapshot_id": null, "source_volid": null, "metadata": {}, "links": [{"rel": "self", "href": "http://10.201.9.223/volume/v3/volumes/71e76e06-9ad8-4558-a4a4-4f375d34d67e"}, {"rel": "bookmark", "href": "http://10.201.9.223/volume/volumes/71e76e06-9ad8-4558-a4a4-4f375d34d67e"}], "user_id": "60ba24e414814c0ba97cace3e19b7d37", "bootable": "false", "encrypted": false, "replication_status": null, "consistencygroup_id": null, "multiattach": false, "attachments": [], "os-vol-tenant-attr:tenant_id": "2665d0f6ed5e42a0852372a43ad20f85"}}'
2026-03-25 20:44:31,870 130085 INFO     [tempest.lib.common.rest_client] Request (VolumesServicesTestJSON:test_get_service_by_volume_host_name): 200 GET http://10.201.9.223/volume/v3/volumes/71e76e06-9ad8-4558-a4a4-4f375d34d67e 0.039s
2026-03-25 20:44:31,871 130085 DEBUG    [tempest.lib.common.rest_client] Request - Headers: {'Content-Type': 'application/json', 'Accept': 'application/json', 'X-Auth-Token': '<omitted>'}
        Body: None
    Response - Headers: {'date': 'Wed, 25 Mar 2026 20:44:31 GMT', 'server': 'Apache/2.4.58 (Ubuntu)', 'content-type': 'application/jso
    n', 'x-compute-request-id': 'req-2ed47054-ac95-4fa7-a935-2fb57eabd159', 'content-length': '841', 'openstack-api-version': 'volume 3.0', 'vary': 'OpenStack-API-Version', 'x-openstack-request-id': 'req-2ed47054-ac95-4fa7-a935-2fb57eabd159', 'connection': 'close', 'status': '200', 'content-location': 'http://10.201.9.223/volume/v3/volumes/71e76e06-9ad8-4558-a4a4-4f375d34d67e'}
        Body: b'{"volume": {"id": "71e76e06-9ad8-4558-a4a4-4f375d34d67e", "status": "error", "size": 1, "availability_zone": "nova", "created_at": "2026-03-25T20:44:31.000000", "updated_at": "2026-03-25T20:44:31.000000", "name": "tempest-VolumesServicesTestJSON-Volume-456621632", "description": null, "volume_type": "3par1", "snapshot_id": null, "source_volid": null, "metadata": {}, "links": [{"rel": "self", "href": "http://10.201.9.223/volume/v3/volumes/71e76e06-9ad8-4558-a4a4-4f375d34d67e"}, {"rel": "bookmark", "href": "http://10.201.9.223/volume/volumes/71e76e06-9ad8-4558-a4a4-4f375d34d67e"}], "user_id": "60ba24e414814c0ba97cace3e19b7d37", "bootable": "false", "encrypted": false, "replication_status": null, "consistencygroup_id": null, "multiattach": false, "attachments": [], "os-vol-tenant-attr:tenant_id": "2665d0f6ed5e42a0852372a43ad20f85"}}'
2026-03-25 20:44:31,914 130085 INFO     [tempest.lib.common.rest_client] Request (VolumesServicesTestJSON:_run_cleanups): 200 GET http://10.201.9.223/volume/v3/volumes/71e76e06-9ad8-4558-a4a4-4f375d34d67e 0.031s
2026-03-25 20:44:31,914 130085 DEBUG    [tempest.lib.common.rest_client] Request - Headers: {'Content-Type': 'application/json', 'Accept': 'application/json', 'X-Auth-Token': '<omitted>'}
        Body: None
    Response - Headers: {'date': 'Wed, 25 Mar 2026 20:44:31 GMT', 'server': 'Apache/2.4.58 (Ubuntu)', 'content-type': 'application/json', 'x-compute-request-id': 'req-61a6c766-2a74-4f89-8c79-230adefbfc67', 'content-length': '841', 'openstack-api-version': 'volume 3.0', 'vary': 'OpenStack-API-Version', 'x-openstack-request-id': 'req-61a6c766-2a74-4f89-8c79-230adefbfc67', 'connection': 'close', 'status': '200', 'content-location': 'http://10.201.9.223/volume/v3/volumes/71e76e06-9ad8-4558-a4a4-4f375d34d67e'}
        Body: b'{"volume": {"id": "71e76e06-9ad8-4558-a4a4-4f375d34d67e", "status": "error", "size": 1, "availability_zone": "nova", "created_at": "2026-03-25T20:44:31.000000", "updated_at": "2026-03-25T20:44:31.000000", "name": "tempest-VolumesServicesTestJSON-Volume-456621632", "description": null, "volume_type": "3par1", "snapshot_id": null, "source_volid": null, "metadata": {}, "links": [{"rel": "self", "href": "http://10.201.9.223/volume/v3/volumes/71e76e06-9ad8-4558-a4a4-4f375d34d67e"}, {"rel": "bookmark", "href": "http://10.201.9.223/volume/volumes/71e76e06-9ad8-4558-a4a4-4f375d34d67e"}], "user_id": "60ba24e414814c0ba97cace3e19b7d37", "bootable": "false", "encrypted": false, "replication_status": null, "consistencygroup_id": null, "multiattach": false, "attachments": [], "os-vol-tenant-attr:tenant_id": "2665d0f6ed5e42a0852372a43ad20f85"}}'
2026-03-25 20:44:31,992 130085 INFO     [tempest.lib.common.rest_client] Request (VolumesServicesTestJSON:_run_cleanups): 202 DELETE http://10.201.9.223/volume/v3/volumes/71e76e06-9ad8-4558-a4a4-4f375d34d67e 0.071s
2026-03-25 20:44:31,992 130085 DEBUG    [tempest.lib.common.rest_client] Request - Headers: {'Content-Type': 'application/json', 'Accept': 'application/json', 'X-Auth-Token': '<omitted>'}
        Body: None
    Response - Headers: {'date': 'Wed, 25 Mar 2026 20:44:31 GMT', 'server': 'Apache/2.4.58 (Ubuntu)', 'content-length': '0', 'content-type': 'text/html; charset=UTF-8', 'openstack-api-version': 'volume 3.0', 'vary': 'OpenStack-API-Version', 'x-openstack-request-id': 'req-922b954d-e414-446e-934f-95d89f7c7862', 'connection': 'close', 'status': '202', 'content-location': 'http://10.201.9.223/volume/v3/volumes/71e76e06-9ad8-4558-a4a4-4f375d34d67e'}
        Body: b''
2026-03-25 20:44:32,002 130085 INFO     [tempest.lib.common.rest_client] Request (VolumesServicesTestJSON:_run_cleanups): 404 GET http://10.201.9.223/volume/v3/volumes/71e76e06-9ad8-
    4558-a4a4-4f375d34d67e 0.009s
2026-03-25 20:44:32,002 130085 DEBUG    [tempest.lib.common.rest_client] Request - Headers: {'Content-Type': 'application/json', 'Accept': 'application/json', 'X-Auth-Token': '<omitted>'}
        Body: None
    Response - Headers: {'date': 'Wed, 25 Mar 2026 20:44:31 GMT', 'server': 'Apache/2.4.58 (Ubuntu)', 'openstack-api-version': 'volume 3.0', 'vary': 'OpenStack-API-Version', 'content-length': '109', 'content-type': 'application/json', 'x-compute-request-id': 'req-b533ef53-6a5a-44f1-b72e-2ebed1506f7a', 'x-openstack-request-id': 'req-b533ef53-6a5a-44f1-b72e-2ebed1506f7a', 'connection': 'close', 'status': '404', 'content-location': 'http://10.201.9.223/volume/v3/volumes/71e76e06-9ad8-4558-a4a4-4f375d34d67e'}
        Body: b'{"itemNotFound": {"code": 404, "message": "Volume 71e76e06-9ad8-4558-a4a4-4f375d34d67e could not be found."}}'


setUpClass (tempest.api.volume.******.test_volume_snapshot_quotas_negative.VolumeSnapshotQuotasNegativeTestJSON)
---------------------------------------------------------------------------------------------------------------

Captured traceback:
~~~~~~~~~~~~~~~~~~~
    Traceback (most recent call last):

      File "/opt/stack/tempest/tempest/test.py", line 185, in setUpClass
    raise value.with_traceback(trace)

      File "/opt/stack/tempest/tempest/test.py", line 178, in setUpClass
    cls.resource_setup()

      File "/opt/stack/tempest/tempest/api/volume/******/test_volume_snapshot_quotas_negative.py", line 65, in resource_setup
    cls.volume = cls.create_volume()
                 ^^^^^^^^^^^^^^^^^^^

      File "/opt/stack/tempest/tempest/api/volume/base.py", line 144, in create_volume
    waiters.wait_for_volume_resource_status(self.volumes_client,

      File "/opt/stack/tempest/tempest/common/waiters.py", line 379, in wait_for_volume_resource_status
    raise exceptions.VolumeResourceBuildErrorException(

    tempest.exceptions.VolumeResourceBuildErrorException: volume ecb6967d-3326-47a8-b72f-cac74f7b68b0 failed to build and is in ERROR status


tempest.api.volume.******.test_volume_type_access.VolumeTypesAccessTest.test_volume_type_access_add[id-d4dd0027-835f-4554-a6e5-50903fb79184]
-------------------------------------------------------------------------------------------------------------------------------------------

Captured traceback:
~~~~~~~~~~~~~~~~~~~
    Traceback (most recent call last):

      File "/opt/stack/tempest/tempest/api/volume/******/test_volume_type_access.py", line 51, in test_volume_type_access_add
    volume = self.create_volume(volume_type=volume_type['id'])
             ^^^^^^^^^^^^^^^^^^^^^^^^^^^^^^^^^^^^^^^^^^^^^^^^^

      File "/opt/stack/tempest/tempest/api/volume/base.py", line 144, in create_volume
    waiters.wait_for_volume_resource_status(self.volumes_client,

      File "/opt/stack/tempest/tempest/common/waiters.py", line 379, in wait_for_volume_resource_status
    raise exceptions.VolumeResourceBuildErrorException(

    tempest.exceptions.VolumeResourceBuildErrorException: volume 7c42e622-afe3-4ac6-9cf7-e8bfd30a1bf3 failed to build and is in ERROR status


Captured pythonlogging:
~~~~~~~~~~~~~~~~~~~~~~~
    2026-03-25 20:44:39,792 130085 INFO     [tempest.lib.common.rest_client] Request (VolumeTypesAccessTest:test_volume_type_access_add): 200 POST http://10.201.9.223/volume/v3/types 0.085s
2026-03-25 20:44:39,793 130085 DEBUG    [tempest.lib.common.rest_client] Request - Headers: {'Content-Type': 'application/json', 'Accept': 'application/json', 'X-Auth-Token': '<omitted>'}
        Body: {"volume_type": {"name": "tempest-VolumeTypesAccessTest-volume-type-1061342038", "os-volume-type-access:is_public": false}}
    Response - Headers: {'date': 'Wed, 25 Mar 2026 20:44:39 GMT', 'server': 'Apache/2.4.58 (Ubuntu)', 'content-type': 'application/json', 'x-compute-request-id': 'req-7023f6b5-de17-45c5-8565-74264a63cb94', 'content-length': '229', 'openstack-api-version': 'volume 3.0', 'vary': 'OpenStack-API-Version', 'x-openstack-request-id': 'req-7023f6b5-de17-45c5-8565-74264a63cb94', 'connection': 'close', 'status': '200', 'content-location': 'http://10.201.9.223/volume/v3/types'}
        Body: b'{"volume_type": {"id": "42f59218-3fe8-45f7-b478-57708f3e05f4", "name": "tempest-VolumeTypesAccessTest-volume-type-1061342038", "is_public": false, "extra_specs": {}, "description": null, "os-volume-type-access:is_public": false}}'
2026-03-25 20:44:39,871 130085 INFO     [tempest.lib.common.rest_client] Request (VolumeTypesAccessTest:test_volume_type_access_add): 404 POST http://10.201.9.223/volume/v3/volumes 0.077s
2026-03-25 20:44:39,871 130085 DEBUG    [tempest.lib.common.rest_client] Request - Headers: {'Content-Type': 'application/json', 'Accept': 'application/json', 'X-Auth-Token': '<omitted>'}
        Body: {"volume": {"volume_type": "42f59218-3fe8-45f7-b478-57708f3e05f4", "size": 1}}
    Response - Headers: {'date': 'Wed, 25 Mar 2026 20:44:39 GMT', 'server': 'Apache/2.4.58 (Ubuntu)', 'openstack-api-version': 'volume 3.0', 'vary': 'OpenStack-API-Version', 'content-length': '114', 'content-type': 'application/json', 'x-compute-request-id': 'req-638cded9-7401-47d4-9170-bd435767ec0e', 'x-openstack-request-id': 'req-638cded9-7401-47d4-9170-bd435767ec0e', 'connection': 'close', 'status': '404', 'content-location': 'http://10.201.9.223/volume/v3/volumes'}
        Body: b'{"itemNotFound": {"code": 404, "message": "Volume type 42f59218-3fe8-45f7-b478-57708f3e05f4 could not be found."}}'
2026-03-25 20:44:39,871 130085 WARNING  [tempest.lib.common.rest_client] Deprecated: "tenant_id" property is deprecated for removal, use "project_id" instead
2026-03-25 20:44:39,893 130085 INFO     [tempest.lib.common.rest_client] Request (VolumeTypesAccessTest:test_volume_type_access_add): 202 POST http://10.201.9.223/volume/v3/types/42f59218-3fe8-45f7-b478-57708f3e05f4/action 0.022s
2026-03-25 20:44:39,894 130085 DEBUG    [tempest.lib.common.rest_client] Request - Headers: {'Content-Type': 'application/json', 'Accept': 'application/json', 'X-Auth-Token': '<omitted>'}
        Body: {"addProjectAccess": {"project": "5e6d7512200b4f6b9d11e5b09215c3f3"}}
    Response - Headers: {'date': 'Wed, 25 Mar 2026 20:44:39 GMT', 'server': 'Apache/2.4.58 (Ubuntu)', 'content-length': '0', 'content-type': 'text/html; charset=UTF-8', 'openstack-api-version': 'volume 3.0', 'vary': 'OpenStack-API-Version', 'x-openstack-request-id': 'req-3dbdfe22-d967-423b-b5dc-6e943142960f', 'connection': 'close', 'status': '202', 'content-location': 'http://10.201.9.223/volume/v3/types/42f59218-3fe8-45f7-b478-57708f3e05f4/action'}
        Body: b''
2026-03-25 20:44:40,035 130085 INFO     [tempest.lib.common.rest_client] Request (VolumeTypesAccessTest:test_volume_type_access_add): 202 POST http://10.201.9.223/volume/v3/volumes 0.140s
2026-03-25 20:44:40,035 130085 DEBUG    [tempest.lib.common.rest_client] Request - Headers: {'Content-Type': 'application/json', 'Accept': 'application/json', 'X-Auth-Token': '<omitted>'}
        Body: {"volume": {"volume_type": "42f59218-3fe8-45f7-b478-57708f3e05f4", "size": 1, "name": "tempest-VolumeTypesAccessTest-Volume-1664158367"}}
    Response - Headers: {'date': 'Wed, 25 Mar 2026 20:44:39 GMT', 'server': 'Apache/2.4.58 (Ubuntu)', 'content-type': 'application
    /json', 'x-compute-request-id': 'req-786d7e35-b238-402c-b828-b70dc879b085', 'content-length': '798', 'openstack-api-version': 'volume 3.0', 'vary': 'OpenStack-API-Version', 'x-openstack-request-id': 'req-786d7e35-b238-402c-b828-b70dc879b085', 'connection': 'close', 'status': '202', 'content-location': 'http://10.201.9.223/volume/v3/volumes'}
        Body: b'{"volume": {"id": "7c42e622-afe3-4ac6-9cf7-e8bfd30a1bf3", "status": "creating", "size": 1, "availability_zone": "nova", "created_at": "2026-03-25T20:44:39.991300", "updated_at": null, "name": "tempest-VolumeTypesAccessTest-Volume-1664158367", "description": null, "volume_type": "tempest-VolumeTypesAccessTest-volume-type-1061342038", "snapshot_id": null, "source_volid": null, "metadata": {}, "links": [{"rel": "self", "href": "http://10.201.9.223/volume/v3/volumes/7c42e622-afe3-4ac6-9cf7-e8bfd30a1bf3"}, {"rel": "bookmark", "href": "http://10.201.9.223/volume/volumes/7c42e622-afe3-4ac6-9cf7-e8bfd30a1bf3"}], "user_id": "7c42811f1e174f929a58a0533c4803b0", "bootable": "false", "encrypted": false, "replication_status": null, "consistencygroup_id": null, "multiattach": false, "attachments": []}}'
2026-03-25 20:44:40,062 130085 INFO     [tempest.lib.common.rest_client] Request (VolumeTypesAccessTest:test_volume_type_access_add): 200 GET http://10.201.9.223/volume/v3/volumes/7c42e622-afe3-4ac6-9cf7-e8bfd30a1bf3 0.019s
2026-03-25 20:44:40,063 130085 DEBUG    [tempest.lib.common.rest_client] Request - Headers: {'Content-Type': 'application/json', 'Accept': 'application/json', 'X-Auth-Token': '<omitted>'}
        Body: None
    Response - Headers: {'date': 'Wed, 25 Mar 2026 20:44:40 GMT', 'server': 'Apache/2.4.58 (Ubuntu)', 'content-type': 'application/json', 'x-compute-request-id': 'req-ccbc9212-ecd1-437d-9142-a5a77743daa1', 'content-length': '866', 'openstack-api-version': 'volume 3.0', 'vary': 'OpenStack-API-Version', 'x-openstack-request-id': 'req-ccbc9212-ecd1-437d-9142-a5a77743daa1', 'connection': 'close', 'status': '200', 'content-location': 'http://10.201.9.223/volume/v3/volumes/7c42e622-afe3-4ac6-9cf7-e8bfd30a1bf3'}
        Body: b'{"volume": {"id": "7c42e622-afe3-4ac6-9cf7-e8bfd30a1bf3", "status": "creating", "size": 1, "availability_zone": "nova", "created_at": "2026-03-25T20:44:40.000000", "updated_at": null, "name": "tempest-VolumeTypesAccessTest-Volume-1664158367", "description": null, "volume_type": "tempest-VolumeTypesAccessTest-volume-type-1061342038", "snapshot_id": null, "source_volid": null, "metadata": {}, "links": [{"rel": "self", "href": "http://10.201.9.223/volume/v3/volumes/7c42e622-afe3-4ac6-9cf7-e8bfd30a1bf3"}, {"rel": "bookmark", "href": "http://10.201.9.223/volume/volumes/7c42e622-afe3-4ac6-9cf7-e8bfd30a1bf3"}], "user_id": "7c42811f1e174f929a58a0533c4803b0", "bootable": "false", "encrypted": false, "replication_status": null, "consistencygroup_id": null, "multiattach": false, "attachments": [], "os-vol-tenant-attr:tenant_id": "5e6d7512200b4f6b9d11e5b09215c3f3"}}'
2026-03-25 20:44:41,102 130085 INFO     [tempest.lib.common.rest_client] Request (VolumeTypesAccessTest:test_volume_type_access_add): 200 GET http://10.201.9.223/volume/v3/volumes/7c42e622-afe3-4ac6-9cf7-e8bfd30a1bf3 0.034s
2026-03-25 20:44:41,102 130085 DEBUG    [tempest.lib.common.rest_client] Request - Headers: {'Content-Type': 'application/json', 'Accept': 'application/json', 'X-Auth-Token': '<omitted>'}
        Body: None
    Response - Headers: {'date': 'Wed, 25 Mar 2026 20:44:41 GMT', 'server': 'Apache/2.4.58 (Ubuntu)', 'content-type': 'application/json', 'x-compute-request-id': 'req-86344823-b79b-4419-8adc-ca5bc9f57808', 'content-length': '887', 'openstack-api-version': 'volume 3.0', 'vary': 'OpenStack-API-Version', 'x-openstack-request-id': 'req-86344823-b79b-4419-8adc-ca5bc9f57808', 'connection': 'close', 'status': '200', 'content-location': 'http://10.201.9.223/volume/v3/volumes/7c42e622-afe3-4ac6-9cf7-e8bfd30a1bf3'}
        Body: b'{"volume": {"id": "7c42e622-afe3-4ac6-9cf7-e8bfd30a1bf3", "status": "error", "size": 1, "availability_zone": "nova", "created_at": "2026-03-25T20:44:40.
    000000", "updated_at": "2026-03-25T20:44:40.000000", "name": "tempest-VolumeTypesAccessTest-Volume-1664158367", "description": null, "volume_type": "tempest-VolumeTypesAccessTest-volume-type-1061342038", "snapshot_id": null, "source_volid": null, "metadata": {}, "links": [{"rel": "self", "href": "http://10.201.9.223/volume/v3/volumes/7c42e622-afe3-4ac6-9cf7-e8bfd30a1bf3"}, {"rel": "bookmark", "href": "http://10.201.9.223/volume/volumes/7c42e622-afe3-4ac6-9cf7-e8bfd30a1bf3"}], "user_id": "7c42811f1e174f929a58a0533c4803b0", "bootable": "false", "encrypted": false, "replication_status": null, "consistencygroup_id": null, "multiattach": false, "attachments": [], "os-vol-tenant-attr:tenant_id": "5e6d7512200b4f6b9d11e5b09215c3f3"}}'
2026-03-25 20:44:41,145 130085 INFO     [tempest.lib.common.rest_client] Request (VolumeTypesAccessTest:_run_cleanups): 200 GET http://10.201.9.223/volume/v3/volumes/7c42e622-afe3-4ac6-9cf7-e8bfd30a1bf3 0.029s
2026-03-25 20:44:41,145 130085 DEBUG    [tempest.lib.common.rest_client] Request - Headers: {'Content-Type': 'application/json', 'Accept': 'application/json', 'X-Auth-Token': '<omitted>'}
        Body: None
    Response - Headers: {'date': 'Wed, 25 Mar 2026 20:44:41 GMT', 'server': 'Apache/2.4.58 (Ubuntu)', 'content-type': 'application/json', 'x-compute-request-id': 'req-0f93124d-922a-4f8e-bb7a-d8655dcce0cb', 'content-length': '887', 'openstack-api-version': 'volume 3.0', 'vary': 'OpenStack-API-Version', 'x-openstack-request-id': 'req-0f93124d-922a-4f8e-bb7a-d8655dcce0cb', 'connection': 'close', 'status': '200', 'content-location': 'http://10.201.9.223/volume/v3/volumes/7c42e622-afe3-4ac6-9cf7-e8bfd30a1bf3'}
        Body: b'{"volume": {"id": "7c42e622-afe3-4ac6-9cf7-e8bfd30a1bf3", "status": "error", "size": 1, "availability_zone": "nova", "created_at": "2026-03-25T20:44:40.000000", "updated_at": "2026-03-25T20:44:40.000000", "name": "tempest-VolumeTypesAccessTest-Volume-1664158367", "description": null, "volume_type": "tempest-VolumeTypesAccessTest-volume-type-1061342038", "snapshot_id": null, "source_volid": null, "metadata": {}, "links": [{"rel": "self", "href": "http://10.201.9.223/volume/v3/volumes/7c42e622-afe3-4ac6-9cf7-e8bfd30a1bf3"}, {"rel": "bookmark", "href": "http://10.201.9.223/volume/volumes/7c42e622-afe3-4ac6-9cf7-e8bfd30a1bf3"}], "user_id": "7c42811f1e174f929a58a0533c4803b0", "bootable": "false", "encrypted": false, "replication_status": null, "consistencygroup_id": null, "multiattach": false, "attachments": [], "os-vol-tenant-attr:tenant_id": "5e6d7512200b4f6b9d11e5b09215c3f3"}}'
2026-03-25 20:44:41,225 130085 INFO     [tempest.lib.common.rest_client] Request (VolumeTypesAccessTest:_run_cleanups): 202 DELETE http://10.201.9.223/volume/v3/volumes/7c42e622-afe3-4ac6-9cf7-e8bfd30a1bf3 0.071s
2026-03-25 20:44:41,225 130085 DEBUG    [tempest.lib.common.rest_client] Request - Headers: {'Content-Type': 'application/json', 'Accept': 'application/json', 'X-Auth-Token': '<omitted>'}
        Body: None
    Response - Headers: {'date': 'Wed, 25 Mar 2026 20:44:41 GMT', 'server': 'Apache/2.4.58 (Ubuntu)', 'content-length': '0', 'content-type': 'text/html; charset=UTF-8', 'openstack-api-version': 'volume 3.0', 'vary': 'OpenStack-API-Version', 'x-openstack-request-id': 'req-6710a39b-ba63-4991-9721-947571699192', 'connection': 'close', 'status': '202', 'content-location': 'http://10.201.9.223/volume/v3/volumes/7c42e622-afe3-4ac6-9cf7-e8bfd30a1bf3'}
        Body: b''
2026-03-25 20:44:41,241 130085 INFO     [tempest.lib.common.rest_client] Request (VolumeTypesAccessTest:_run_cleanups): 404 GET http://10.201.9.223/volume/v3/volumes/7c42e622-afe3-4ac6-9cf7-e8bfd30a1bf3 0.015s
2026-03-25 20:44:41,241 130085 DEBUG    [tempest.lib.common.rest_client] Request - Headers: {'Content-Type': 'application/json', 'Accept': 'application/json', 'X-Auth-Token': '<omitted>'}
        Body: None
    Response - Headers: {'date': 'Wed, 25 Mar 2026 20:44:41 GMT', 'server': 'Apache/2.4.58 (Ubuntu)', 'openstack-api-version': 'volume 3.0', 'vary': 'OpenStack-API-Version', 'content-length': '109', 'content-type': 'applic
    ation/json', 'x-compute-request-id': 'req-2e1ca1bd-1ed7-43af-bd99-17d26bdcdc29', 'x-openstack-request-id': 'req-2e1ca1bd-1ed7-43af-bd99-17d26bdcdc29', 'connection': 'close', 'status': '404', 'content-location': 'http://10.201.9.223/volume/v3/volumes/7c42e622-afe3-4ac6-9cf7-e8bfd30a1bf3'}
        Body: b'{"itemNotFound": {"code": 404, "message": "Volume 7c42e622-afe3-4ac6-9cf7-e8bfd30a1bf3 could not be found."}}'
2026-03-25 20:44:41,261 130085 INFO     [tempest.lib.common.rest_client] Request (VolumeTypesAccessTest:_run_cleanups): 202 POST http://10.201.9.223/volume/v3/types/42f59218-3fe8-45f7-b478-57708f3e05f4/action 0.020s
2026-03-25 20:44:41,261 130085 DEBUG    [tempest.lib.common.rest_client] Request - Headers: {'Content-Type': 'application/json', 'Accept': 'application/json', 'X-Auth-Token': '<omitted>'}
        Body: {"removeProjectAccess": {"project": "5e6d7512200b4f6b9d11e5b09215c3f3"}}
    Response - Headers: {'date': 'Wed, 25 Mar 2026 20:44:41 GMT', 'server': 'Apache/2.4.58 (Ubuntu)', 'content-length': '0', 'content-type': 'text/html; charset=UTF-8', 'openstack-api-version': 'volume 3.0', 'vary': 'OpenStack-API-Version', 'x-openstack-request-id': 'req-6b2fe1a2-b02e-4db1-ba81-a2636915a125', 'connection': 'close', 'status': '202', 'content-location': 'http://10.201.9.223/volume/v3/types/42f59218-3fe8-45f7-b478-57708f3e05f4/action'}
        Body: b''
2026-03-25 20:44:41,290 130085 INFO     [tempest.lib.common.rest_client] Request (VolumeTypesAccessTest:_run_cleanups): 202 DELETE http://10.201.9.223/volume/v3/types/42f59218-3fe8-45f7-b478-57708f3e05f4 0.028s
2026-03-25 20:44:41,290 130085 DEBUG    [tempest.lib.common.rest_client] Request - Headers: {'Content-Type': 'application/json', 'Accept': 'application/json', 'X-Auth-Token': '<omitted>'}
        Body: None
    Response - Headers: {'date': 'Wed, 25 Mar 2026 20:44:41 GMT', 'server': 'Apache/2.4.58 (Ubuntu)', 'content-length': '0', 'content-type': 'text/html; charset=UTF-8', 'openstack-api-version': 'volume 3.0', 'vary': 'OpenStack-API-Version', 'x-openstack-request-id': 'req-21cbbc88-9377-4693-af65-c8fad92a6eb2', 'connection': 'close', 'status': '202', 'content-location': 'http://10.201.9.223/volume/v3/types/42f59218-3fe8-45f7-b478-57708f3e05f4'}
        Body: b''
2026-03-25 20:44:41,300 130085 INFO     [tempest.lib.common.rest_client] Request (VolumeTypesAccessTest:_run_cleanups): 404 GET http://10.201.9.223/volume/v3/types/42f59218-3fe8-45f7-b478-57708f3e05f4 0.010s
2026-03-25 20:44:41,300 130085 DEBUG    [tempest.lib.common.rest_client] Request - Headers: {'Content-Type': 'application/json', 'Accept': 'application/json', 'X-Auth-Token': '<omitted>'}
        Body: None
    Response - Headers: {'date': 'Wed, 25 Mar 2026 20:44:41 GMT', 'server': 'Apache/2.4.58 (Ubuntu)', 'openstack-api-version': 'volume 3.0', 'vary': 'OpenStack-API-Version', 'content-length': '114', 'content-type': 'application/json', 'x-compute-request-id': 'req-514ddec4-69bf-44fc-898c-8d71899896c2', 'x-openstack-request-id': 'req-514ddec4-69bf-44fc-898c-8d71899896c2', 'connection': 'close', 'status': '404', 'content-location': 'http://10.201.9.223/volume/v3/types/42f59218-3fe8-45f7-b478-57708f3e05f4'}
        Body: b'{"itemNotFound": {"code": 404, "message": "Volume type 42f59218-3fe8-45f7-b478-57708f3e05f4 could not be found."}}'


tempest.api.volume.******.test_volume_types.VolumeTypesTest.test_volume_crud_with_volume_type_and_extra_specs[id-c03cc62c-f4e9-4623-91ec-64ce2f9c1260]
-----------------------------------------------------------------------------------------------------------------------------------------------------

Captured traceback:
~~~~~~~~~~~~~~~~~~~
    Traceback (most recent call last):

      File "/opt/stack/tempest/tempest/api/volume/******/test_volume_types.py", line 56, in test_volume_crud_with_volume_type_and_extra_specs
    volume = self.create_volume(**params)
             ^^^^^^^^^^^^^^^^^^^^^^^^^^^^

      File "/opt/stack/tempest/tempest/api/volume/base.py", line 144, in create_volume
    waiters.wait_for_volume_resource_status(self.volumes_client,

      File "/opt/stack/tempest/tempest/common/waiters.py", line 379, in wait_for_volume_resource_status
    raise exceptions.VolumeResourceBuildErrorException(

    tempest.exceptions.VolumeResourceBuildErrorException: volume de3c0ec0-55dd-41e2-8a3d-78108f25e89f failed to build and is in ERROR status


Captured pythonlogging:
~~~~~~~~~~~~~~~~~~~~~~~
    2026-03-25 20:44:43,892 130085 INFO     [tempest.lib.common.rest_client] Request (VolumeTypesTest:test_volume_crud_with_volume_type_and_extra_specs): 200 POST http://10.201.9.223/volume/v3/types 0.077s
2026-03-25 20:44:43,892 130085 DEBUG    [tempest.lib.common.rest_client] Request - Headers: {'Content-Type': 'application/json', 'Accept': 'application/json', 'X-Auth-Token': '<omitted>'}
        Body: {"volume_type": {"name": "tempest-VolumeTypesTest-volume-type-1167295827", "extra_specs": {"storage_protocol": "iSCSI", "vendor_name": "Hewlett Packard Enterprise"}}}
    Response - Headers: {'date': 'Wed, 25 Mar 2026 20:44:43 GMT', 'server': 'Apache/2.4.58 (Ubuntu)', 'content-type': 'application/json', 'x-compute-request-id': 'req-8d250089-22e9-4540-84a8-e9cc654f2ee2', 'content-length': '293', 'openstack-api-version': 'volume 3.0', 'vary': 'OpenStack-API-Version', 'x-openstack-request-id': 'req-8d250089-22e9-4540-84a8-e9cc654f2ee2', 'connection': 'close', 'status': '200', 'content-location': 'http://10.201.9.223/volume/v3/types'}
        Body: b'{"volume_type": {"id": "d168468b-388b-4df5-b9b1-750c86863a03", "name": "tempest-VolumeTypesTest-volume-type-1167295827", "is_public": true, "extra_specs": {"storage_protocol": "iSCSI", "vendor_name": "Hewlett Packard Enterprise"}, "description": null, "os-volume-type-access:is_public": true}}'
2026-03-25 20:44:43,920 130085 INFO     [tempest.lib.common.rest_client] Request (VolumeTypesTest:test_volume_crud_with_volume_type_and_extra_specs): 200 POST http://10.201.9.223/volume/v3/types 0.027s
2026-03-25 20:44:43,920 130085 DEBUG    [tempest.lib.common.rest_client] Request - Headers: {'Content-Type': 'application/json', 'Accept': 'application/json', 'X-Auth-Token': '<omitted>'}
        Body: {"volume_type": {"name": "tempest-VolumeTypesTest-volume-type-1734668957", "extra_specs": {"storage_protocol": "iSCSI", "vendor_name": "Hewlett Packard Enterprise"}}}
    Response - Headers: {'date': 'Wed, 25 Mar 2026 20:44:43 GMT', 'server': 'Apache/2.4.58 (Ubuntu)', 'content-type': 'application/json', 'x-compute-request-id': 'req-7dc69ae8-1f15-43d3-8a21-2cf5ed15afe4', 'content-length': '293', 'openstack-api-version': 'volume 3.0', 'vary': 'OpenStack-API-Version', 'x-openstack-request-id': 'req-7dc69ae8-1f15-43d3-8a21-2cf5ed15afe4', 'connection': 'close', 'status': '200', 'content-location': 'http://10.201.9.223/volume/v3/types'}
        Body: b'{"volume_type": {"id": "2ce4b0c8-25a9-4054-9a08-9fb3d7e64f0d", "name": "tempest-VolumeTypesTest-volume-type-1734668957", "is_public": true, "extra_specs": {"storage_protocol": "iSCSI", "vendor_name": "Hewlett Packard Enterprise"}, "description": null, "os-volume-type-access:is_public": true}}'
2026-03-25 20:44:44,111 130085 INFO     [tempest.lib.common.rest_client] Request (VolumeTypesTest:test_volume_crud_with_volume_type_and_extra_specs): 202 POST http://10.201.9.223/volume/v3/volumes 0.189s
2026-03-25 20:44:44,111 130085 DEBUG    [tempest.lib.common.rest_client] Request - Headers: {'Content-Type': 'application/json', 'Accept': 'application/json', 'X-Auth-Token': '<omitted>'}
        Body: {"volume": {"name": "tempest-VolumeTypesTest-volume-1277719807", "volume_type": "d168468b-388b-4df5-b9b1-750c86863a03", "size": 1}}
    Response - Headers: {'date': 'Wed, 25 Mar 2026 20:44:43 GMT', 'server': 'Apache/2.4.58 (Ubuntu)', 'content-type': 'application/json', 'x-compute-request-id': 'req-98677e66-a6f3-4013-847f-f9fb9f97da78', 'content-length': '786', 'openstack-api-version': 'volume 3.0', 'vary': 'OpenStack-API-Version', 'x-openstack-request-id': 'req-98677e66-a6f3-4013-847f-f9fb9f97da78', 'connection': 'close', 'status': '202', 'content-location': 'http://10.201.9.223/volume/v3/volumes'}
        Body: b'{"volume": {"id": "de3c0ec0-55dd-41e2-8a3d-78108f25e89f", "status": "creating", "size": 1, "availability_zone": "nova", "created_at": "2026-03-25T20:44:44.065352", "updated_at": null, "name": "tempest-VolumeTypesTest-volume-1277719807", "description": null, "volume_type": "tempest-VolumeTypesTest-volume-type-1167295827", "snapshot_id": null, "source_volid": 
    null, "metadata": {}, "links": [{"rel": "self", "href": "http://10.201.9.223/volume/v3/volumes/de3c0ec0-55dd-41e2-8a3d-78108f25e89f"}, {"rel": "bookmark", "href": "http://10.201.9.223/volume/volumes/de3c0ec0-55dd-41e2-8a3d-78108f25e89f"}], "user_id": "bb11b7e8d5b64d7690f65c7932bc83f5", "bootable": "false", "encrypted": false, "replication_status": null, "consistencygroup_id": null, "multiattach": false, "attachments": []}}'
2026-03-25 20:44:44,146 130085 INFO     [tempest.lib.common.rest_client] Request (VolumeTypesTest:test_volume_crud_with_volume_type_and_extra_specs): 200 GET http://10.201.9.223/volume/v3/volumes/de3c0ec0-55dd-41e2-8a3d-78108f25e89f 0.029s
2026-03-25 20:44:44,146 130085 DEBUG    [tempest.lib.common.rest_client] Request - Headers: {'Content-Type': 'application/json', 'Accept': 'application/json', 'X-Auth-Token': '<omitted>'}
        Body: None
    Response - Headers: {'date': 'Wed, 25 Mar 2026 20:44:44 GMT', 'server': 'Apache/2.4.58 (Ubuntu)', 'content-type': 'application/json', 'x-compute-request-id': 'req-4aa4d1f0-f2a3-4411-85b3-ae35c2b0fe87', 'content-length': '854', 'openstack-api-version': 'volume 3.0', 'vary': 'OpenStack-API-Version', 'x-openstack-request-id': 'req-4aa4d1f0-f2a3-4411-85b3-ae35c2b0fe87', 'connection': 'close', 'status': '200', 'content-location': 'http://10.201.9.223/volume/v3/volumes/de3c0ec0-55dd-41e2-8a3d-78108f25e89f'}
        Body: b'{"volume": {"id": "de3c0ec0-55dd-41e2-8a3d-78108f25e89f", "status": "creating", "size": 1, "availability_zone": "nova", "created_at": "2026-03-25T20:44:44.000000", "updated_at": null, "name": "tempest-VolumeTypesTest-volume-1277719807", "description": null, "volume_type": "tempest-VolumeTypesTest-volume-type-1167295827", "snapshot_id": null, "source_volid": null, "metadata": {}, "links": [{"rel": "self", "href": "http://10.201.9.223/volume/v3/volumes/de3c0ec0-55dd-41e2-8a3d-78108f25e89f"}, {"rel": "bookmark", "href": "http://10.201.9.223/volume/volumes/de3c0ec0-55dd-41e2-8a3d-78108f25e89f"}], "user_id": "bb11b7e8d5b64d7690f65c7932bc83f5", "bootable": "false", "encrypted": false, "replication_status": null, "consistencygroup_id": null, "multiattach": false, "attachments": [], "os-vol-tenant-attr:tenant_id": "c4659e5553d34902acb9ae34c9e1cd84"}}'
2026-03-25 20:44:45,185 130085 INFO     [tempest.lib.common.rest_client] Request (VolumeTypesTest:test_volume_crud_with_volume_type_and_extra_specs): 200 GET http://10.201.9.223/volume/v3/volumes/de3c0ec0-55dd-41e2-8a3d-78108f25e89f 0.033s
2026-03-25 20:44:45,185 130085 DEBUG    [tempest.lib.common.rest_client] Request - Headers: {'Content-Type': 'application/json', 'Accept': 'application/json', 'X-Auth-Token': '<omitted>'}
        Body: None
    Response - Headers: {'date': 'Wed, 25 Mar 2026 20:44:45 GMT', 'server': 'Apache/2.4.58 (Ubuntu)', 'content-type': 'application/json', 'x-compute-request-id': 'req-2ce46ca7-d5b9-4149-9694-45fae4e4e3c0', 'content-length': '875', 'openstack-api-version': 'volume 3.0', 'vary': 'OpenStack-API-Version', 'x-openstack-request-id': 'req-2ce46ca7-d5b9-4149-9694-45fae4e4e3c0', 'connection': 'close', 'status': '200', 'content-location': 'http://10.201.9.223/volume/v3/volumes/de3c0ec0-55dd-41e2-8a3d-78108f25e89f'}
        Body: b'{"volume": {"id": "de3c0ec0-55dd-41e2-8a3d-78108f25e89f", "status": "error", "size": 1, "availability_zone": "nova", "created_at": "2026-03-25T20:44:44.000000", "updated_at": "2026-03-25T20:44:44.000000", "name": "tempest-VolumeTypesTest-volume-1277719807", "description": null, "volume_type": "tempest-VolumeTypesTest-volume-type-1167295827", "snapshot_id": null, "source_volid": null, "metadata": {}, "links": [{"rel": "self", "href": "http://10.201.9.223/volume/v3/volumes/de3c0ec0-55dd-41e2-8a3d-78108f25e89f"}, {"rel": "bookmark", "href": "http://10.201.9.223/volume/volumes/de3c0ec0-55dd-41e2-8a3d-78108f25e89f"}], "user_id": "bb11b7e8d5b64d7690f65c7932bc83f5", "bootable": "false", "encrypted": false, "replication_status": null, "consistencygroup_id": null, "multiattach": false, "attachments": [], "os-vol-tenant-attr:tenant_id": "c4659e5553d34902acb9ae34
    c9e1cd84"}}'
2026-03-25 20:44:45,220 130085 INFO     [tempest.lib.common.rest_client] Request (VolumeTypesTest:_run_cleanups): 200 GET http://10.201.9.223/volume/v3/volumes/de3c0ec0-55dd-41e2-8a3d-78108f25e89f 0.023s
2026-03-25 20:44:45,220 130085 DEBUG    [tempest.lib.common.rest_client] Request - Headers: {'Content-Type': 'application/json', 'Accept': 'application/json', 'X-Auth-Token': '<omitted>'}
        Body: None
    Response - Headers: {'date': 'Wed, 25 Mar 2026 20:44:45 GMT', 'server': 'Apache/2.4.58 (Ubuntu)', 'content-type': 'application/json', 'x-compute-request-id': 'req-cd0fb247-6456-4618-9630-a18fe4e39898', 'content-length': '875', 'openstack-api-version': 'volume 3.0', 'vary': 'OpenStack-API-Version', 'x-openstack-request-id': 'req-cd0fb247-6456-4618-9630-a18fe4e39898', 'connection': 'close', 'status': '200', 'content-location': 'http://10.201.9.223/volume/v3/volumes/de3c0ec0-55dd-41e2-8a3d-78108f25e89f'}
        Body: b'{"volume": {"id": "de3c0ec0-55dd-41e2-8a3d-78108f25e89f", "status": "error", "size": 1, "availability_zone": "nova", "created_at": "2026-03-25T20:44:44.000000", "updated_at": "2026-03-25T20:44:44.000000", "name": "tempest-VolumeTypesTest-volume-1277719807", "description": null, "volume_type": "tempest-VolumeTypesTest-volume-type-1167295827", "snapshot_id": null, "source_volid": null, "metadata": {}, "links": [{"rel": "self", "href": "http://10.201.9.223/volume/v3/volumes/de3c0ec0-55dd-41e2-8a3d-78108f25e89f"}, {"rel": "bookmark", "href": "http://10.201.9.223/volume/volumes/de3c0ec0-55dd-41e2-8a3d-78108f25e89f"}], "user_id": "bb11b7e8d5b64d7690f65c7932bc83f5", "bootable": "false", "encrypted": false, "replication_status": null, "consistencygroup_id": null, "multiattach": false, "attachments": [], "os-vol-tenant-attr:tenant_id": "c4659e5553d34902acb9ae34c9e1cd84"}}'
2026-03-25 20:44:45,294 130085 INFO     [tempest.lib.common.rest_client] Request (VolumeTypesTest:_run_cleanups): 202 DELETE http://10.201.9.223/volume/v3/volumes/de3c0ec0-55dd-41e2-8a3d-78108f25e89f 0.070s
2026-03-25 20:44:45,295 130085 DEBUG    [tempest.lib.common.rest_client] Request - Headers: {'Content-Type': 'application/json', 'Accept': 'application/json', 'X-Auth-Token': '<omitted>'}
        Body: None
    Response - Headers: {'date': 'Wed, 25 Mar 2026 20:44:45 GMT', 'server': 'Apache/2.4.58 (Ubuntu)', 'content-length': '0', 'content-type': 'text/html; charset=UTF-8', 'openstack-api-version': 'volume 3.0', 'vary': 'OpenStack-API-Version', 'x-openstack-request-id': 'req-86fc6e31-4331-4100-bd1f-7ad6353adfcd', 'connection': 'close', 'status': '202', 'content-location': 'http://10.201.9.223/volume/v3/volumes/de3c0ec0-55dd-41e2-8a3d-78108f25e89f'}
        Body: b''
2026-03-25 20:44:45,310 130085 INFO     [tempest.lib.common.rest_client] Request (VolumeTypesTest:_run_cleanups): 404 GET http://10.201.9.223/volume/v3/volumes/de3c0ec0-55dd-41e2-8a3d-78108f25e89f 0.015s
2026-03-25 20:44:45,311 130085 DEBUG    [tempest.lib.common.rest_client] Request - Headers: {'Content-Type': 'application/json', 'Accept': 'application/json', 'X-Auth-Token': '<omitted>'}
        Body: None
    Response - Headers: {'date': 'Wed, 25 Mar 2026 20:44:45 GMT', 'server': 'Apache/2.4.58 (Ubuntu)', 'openstack-api-version': 'volume 3.0', 'vary': 'OpenStack-API-Version', 'content-length': '109', 'content-type': 'application/json', 'x-compute-request-id': 'req-a475d333-2929-4081-9caf-b305acb4915d', 'x-openstack-request-id': 'req-a475d333-2929-4081-9caf-b305acb4915d', 'connection': 'close', 'status': '404', 'content-location': 'http://10.201.9.223/volume/v3/volumes/de3c0ec0-55dd-41e2-8a3d-78108f25e89f'}
        Body: b'{"itemNotFound": {"code": 404, "message": "Volume de3c0ec0-55dd-41e2-8a3d-78108f25e89f could not be found."}}'
2026-03-25 20:44:45,342 130085 INFO     [tempest.lib.common.rest_client] Request (VolumeTypesTest:_run_cleanups): 202 DELETE http://10.201.9.223/volume/v3/types/2ce4b0c8-25a9-4054-9a08-9fb3d7e64f0d 0.031s
2026-03-25 20:44:45,343 130085 DEBUG    [tempest.lib.common.rest_client] Request - Headers: {'Content-Type': 'application/json', 'Acc
    ept': 'application/json', 'X-Auth-Token': '<omitted>'}
        Body: None
    Response - Headers: {'date': 'Wed, 25 Mar 2026 20:44:45 GMT', 'server': 'Apache/2.4.58 (Ubuntu)', 'content-length': '0', 'content-type': 'text/html; charset=UTF-8', 'openstack-api-version': 'volume 3.0', 'vary': 'OpenStack-API-Version', 'x-openstack-request-id': 'req-b87d0116-3724-4b6d-a13d-ea5059cf79df', 'connection': 'close', 'status': '202', 'content-location': 'http://10.201.9.223/volume/v3/types/2ce4b0c8-25a9-4054-9a08-9fb3d7e64f0d'}
        Body: b''
2026-03-25 20:44:45,358 130085 INFO     [tempest.lib.common.rest_client] Request (VolumeTypesTest:_run_cleanups): 404 GET http://10.201.9.223/volume/v3/types/2ce4b0c8-25a9-4054-9a08-9fb3d7e64f0d 0.014s
2026-03-25 20:44:45,358 130085 DEBUG    [tempest.lib.common.rest_client] Request - Headers: {'Content-Type': 'application/json', 'Accept': 'application/json', 'X-Auth-Token': '<omitted>'}
        Body: None
    Response - Headers: {'date': 'Wed, 25 Mar 2026 20:44:45 GMT', 'server': 'Apache/2.4.58 (Ubuntu)', 'openstack-api-version': 'volume 3.0', 'vary': 'OpenStack-API-Version', 'content-length': '114', 'content-type': 'application/json', 'x-compute-request-id': 'req-4759f7b9-584a-4d90-952d-a0c56f9c8424', 'x-openstack-request-id': 'req-4759f7b9-584a-4d90-952d-a0c56f9c8424', 'connection': 'close', 'status': '404', 'content-location': 'http://10.201.9.223/volume/v3/types/2ce4b0c8-25a9-4054-9a08-9fb3d7e64f0d'}
        Body: b'{"itemNotFound": {"code": 404, "message": "Volume type 2ce4b0c8-25a9-4054-9a08-9fb3d7e64f0d could not be found."}}'
2026-03-25 20:44:45,388 130085 INFO     [tempest.lib.common.rest_client] Request (VolumeTypesTest:_run_cleanups): 202 DELETE http://10.201.9.223/volume/v3/types/d168468b-388b-4df5-b9b1-750c86863a03 0.029s
2026-03-25 20:44:45,388 130085 DEBUG    [tempest.lib.common.rest_client] Request - Headers: {'Content-Type': 'application/json', 'Accept': 'application/json', 'X-Auth-Token': '<omitted>'}
        Body: None
    Response - Headers: {'date': 'Wed, 25 Mar 2026 20:44:45 GMT', 'server': 'Apache/2.4.58 (Ubuntu)', 'content-length': '0', 'content-type': 'text/html; charset=UTF-8', 'openstack-api-version': 'volume 3.0', 'vary': 'OpenStack-API-Version', 'x-openstack-request-id': 'req-bd37ac52-4de1-4d99-8040-60975d3964e2', 'connection': 'close', 'status': '202', 'content-location': 'http://10.201.9.223/volume/v3/types/d168468b-388b-4df5-b9b1-750c86863a03'}
        Body: b''
2026-03-25 20:44:45,401 130085 INFO     [tempest.lib.common.rest_client] Request (VolumeTypesTest:_run_cleanups): 404 GET http://10.201.9.223/volume/v3/types/d168468b-388b-4df5-b9b1-750c86863a03 0.012s
2026-03-25 20:44:45,401 130085 DEBUG    [tempest.lib.common.rest_client] Request - Headers: {'Content-Type': 'application/json', 'Accept': 'application/json', 'X-Auth-Token': '<omitted>'}
        Body: None
    Response - Headers: {'date': 'Wed, 25 Mar 2026 20:44:45 GMT', 'server': 'Apache/2.4.58 (Ubuntu)', 'openstack-api-version': 'volume 3.0', 'vary': 'OpenStack-API-Version', 'content-length': '114', 'content-type': 'application/json', 'x-compute-request-id': 'req-3f998f12-19c0-431f-92bc-cbe36deb4360', 'x-openstack-request-id': 'req-3f998f12-19c0-431f-92bc-cbe36deb4360', 'connection': 'close', 'status': '404', 'content-location': 'http://10.201.9.223/volume/v3/types/d168468b-388b-4df5-b9b1-750c86863a03'}
        Body: b'{"itemNotFound": {"code": 404, "message": "Volume type d168468b-388b-4df5-b9b1-750c86863a03 could not be found."}}'


setUpClass (tempest.api.volume.******.test_volumes_list.VolumesListAdminTestJSON)
--------------------------------------------------------------------------------

Captured traceback:
~~~~~~~~~~~~~~~~~~~
    Traceback (most recent call last):

      File "/opt/stack/tempest/tempest/test.py", line 185, in setUpClass
    raise value.with_traceback(trace)

      File "/opt/stack/tempest/tempest/test.py", line 178, in setUpClass
    cls.resource_setup()

      File "/opt/stack/tempest/tempest/api/volume/******/test_volumes_list.py", line 37, in resource_setup
    volume = cls.create_volume()
             ^^^^^^^^^^^^^^^^^^^

      File "/opt/stack/tempest/tempest/api/volume/base.py", line 144, in create_volume
    waiters.wait_for_volume_resource_status(self.volumes_client,

      File "/opt/stack/tempest/tempest/common/waiters.py", line 379, in wait_for_volume_resource_status
    raise exceptions.VolumeResourceBuildErrorException(

    tempest.exceptions.VolumeResourceBuildErrorException: volume 1367aadb-3233-4cde-8c25-88c61c396347 failed to build and is in ERROR status


setUpClass (tempest.api.volume.test_snapshot_metadata.SnapshotMetadataTestJSON)
-------------------------------------------------------------------------------

Captured traceback:
~~~~~~~~~~~~~~~~~~~
    Traceback (most recent call last):

      File "/opt/stack/tempest/tempest/test.py", line 185, in setUpClass
    raise value.with_traceback(trace)

      File "/opt/stack/tempest/tempest/test.py", line 178, in setUpClass
    cls.resource_setup()

      File "/opt/stack/tempest/tempest/api/volume/test_snapshot_metadata.py", line 38, in resource_setup
    cls.volume = cls.create_volume()
                 ^^^^^^^^^^^^^^^^^^^

      File "/opt/stack/tempest/tempest/api/volume/base.py", line 144, in create_volume
    waiters.wait_for_volume_resource_status(self.volumes_client,

      File "/opt/stack/tempest/tempest/common/waiters.py", line 379, in wait_for_volume_resource_status
    raise exceptions.VolumeResourceBuildErrorException(

    tempest.exceptions.VolumeResourceBuildErrorException: volume 5f783c07-1f1f-4d4a-b394-65e08468a2f9 failed to build and is in ERROR status


setUpClass (tempest.api.volume.test_volume_absolute_limits.AbsoluteLimitsTests)
-------------------------------------------------------------------------------

Captured traceback:
~~~~~~~~~~~~~~~~~~~
    Traceback (most recent call last):

      File "/opt/stack/tempest/tempest/test.py", line 185, in setUpClass
    raise value.with_traceback(trace)

      File "/opt/stack/tempest/tempest/test.py", line 178, in setUpClass
    cls.resource_setup()

      File "/opt/stack/tempest/tempest/api/volume/test_volume_absolute_limits.py", line 37, in resource_setup
    cls.volume = cls.create_volume()
                 ^^^^^^^^^^^^^^^^^^^

      File "/opt/stack/tempest/tempest/api/volume/base.py", line 144, in create_volume
    waiters.wait_for_volume_resource_status(self.volumes_client,

      File "/opt/stack/tempest/tempest/common/waiters.py", line 379, in wait_for_volume_resource_status
    raise exceptions.VolumeResourceBuildErrorException(

    tempest.exceptions.VolumeResourceBuildErrorException: volume 07f672b5-7f37-4fae-95a6-a53adc861e03 failed to build and is in ERROR status


tempest.api.volume.test_volume_delete_cascade.VolumesDeleteCascade.test_volume_delete_cascade[id-994e2d40-de37-46e8-b328-a58fba7e4a95]
--------------------------------------------------------------------------------------------------------------------------------------

Captured traceback:
~~~~~~~~~~~~~~~~~~~
    Traceback (most recent call last):

      File "/opt/stack/tempest/tempest/api/volume/test_volume_delete_cascade.py", line 68, in test_volume_delete_cascade
    volume = self.create_volume()
             ^^^^^^^^^^^^^^^^^^^^

      File "/opt/stack/tempest/tempest/api/volume/base.py", line 144, in create_volume
    waiters.wait_for_volume_resource_status(self.volumes_client,

      File "/opt/stack/tempest/tempest/common/waiters.py", line 379, in wait_for_volume_resource_status
    raise exceptions.VolumeResourceBuildErrorException(

    tempest.exceptions.VolumeResourceBuildErrorException: volume b6200bcf-a8c9-465b-b3e0-c683ed62f8fa failed to build and is in ERROR status


Captured pythonlogging:
~~~~~~~~~~~~~~~~~~~~~~~
    2026-03-25 20:45:06,881 130085 INFO     [tempest.lib.common.rest_client] Request (VolumesDeleteCascade:test_volume_delete_cascade): 202 POST http://10.201.9.223/volume/v3/volumes 0.205s
2026-03-25 20:45:06,881 130085 DEBUG    [tempest.lib.common.rest_client] Request - Headers: {'Content-Type': 'application/json', 'Accept': 'application/json', 'X-Auth-Token': '<omitted>'}
        Body: {"volume": {"size": 1, "name": "tempest-VolumesDeleteCascade-Volume-1101052670"}}
    Response - Headers: {'date': 'Wed, 25 Mar 2026 20:45:06 GMT', 'server': 'Apache/2.4.58 (Ubuntu)', 'content-type': 'application/json', 'x-compute-request-id': 'req-7f57e5ac-1767-4aa3-b8bf-636d0a4bcfba', 'content-length': '750', 'openstack-api-version': 'volume 3.0', 'vary': 'OpenStack-API-Version', 'x-openstack-request-id': 'req-7f57e5ac-1767-4aa3-b8bf-636d0a4bcfba', 'connection': 'close', 'status': '202', 'content-location': 'http://10.201.9.223/volume/v3/volumes'}
        Body: b'{"volume": {"id": "b6200bcf-a8c9-465b-b3e0-c683ed62f8fa", "status": "creating", "size": 1, "availability_zone": "nova", "created_at": "2026-03-25T20:45:06.833245", "updated_at": null, "name": "tempest-VolumesDeleteCascade-Volume-1101052670", "description": null, "volume_type": "3par1", "snapshot_id": null, "source_volid": null, "metadata": {}, "links": [{"rel": "self", "href": "http://10.201.9.223/volume/v3/volumes/b6200bcf-a8c9-465b-b3e0-c683ed62f8fa"}, {"rel": "bookmark", "href": "http://10.201.9.223/volume/volumes/b6200bcf-a8c9-465b-b3e0-c683ed62f8fa"}], "user_id": "c3eb6ee7effd45f095e7e0d916b1486d", "bootable": "false", "encrypted": false, "replication_status": null, "consistencygroup_id": null, "multiattach": false, "attachments": []}}'
2026-03-25 20:45:06,905 130085 INFO     [tempest.lib.common.rest_client] Request (VolumesDeleteCascade:test_volume_delete_cascade): 200 GET http://10.201.9.223/volume/v3/volumes/b6200bcf-a8c9-465b-b3e0-c683ed62f8fa 0.020s
2026-03-25 20:45:06,905 130085 DEBUG    [tempest.lib.common.rest_client] Request - Headers: {'Content-Type': 'application/json', 'Accept': 'application/json', 'X-Auth-Token': '<omitted>'}
        Body: None
    Response - Headers: {'date': 'Wed, 25 Mar 2026 20:45:06 GMT', 'server': 'Apache/2.4.58 (Ubuntu)', 'content-type': 'application/json', 'x-compute-request-id': 'req-0a7b9b7e-f758-422b-8ee0-cfc3739b029d', 'content-length': '818', 'openstack-api-version': 'volume 3.0', 'vary': 'OpenStack-API-Version', 'x-openstack-request-id': 'req-0a7b9b7e-f758-422b-8ee0-cfc3739b029d', 'connection': 'close', 'status': '200', 'content-location': 'http://10.201.9.223/volume/v3/volumes/b6200bcf-a8c9-465b-b3e0-c683ed62f8fa'}
        Body: b'{"volume": {"id": "b6200bcf-a8c9-465b-b3e0-c683ed62f8fa", "status": "creating", "size": 1, "availability_zone": "nova", "created_at": "2026-03-25T20:45:07.000000", "updated_at": null, "name": "tempest-VolumesDeleteCascade-Volume-1101052670", "description": null, "volume_type": "3par1", "snapshot_id": null, "source_volid": null, "metadata": {}, "links": [{"rel": "self", "href": "http://10.201.9.223/volume/v3/volumes/b6200bcf-a8c9-465b-b3e0-c683ed62f8fa"}, {"rel": "bookmark", "href": "http://10.201.9.223/volume/volumes/b6200bcf-a8c9-465b-b3e0-c683ed62f8fa"}], "user_id": "c3eb6ee7effd45f095e7e0d916b1486d", "bootable": "false", "encrypted": false, "replication_status": null, "consistencygroup_id": null, "multiattach": false, "attachments": [], "os-vol-tenant-attr:tenant_id": "f23bb07cff864623a54b244cd62f602d"}}'
2026-03-25 20:45:07,941 130085 INFO     [tempest.lib.common.rest_client] Request (VolumesDeleteCascade:test_volume_delete_cascade): 200 GET http://10.201.9.223/volume/v3/volumes/b6200bcf-a8c9-465b-b3e0-c683ed62f8fa 0.031s
2026-03-25 20:45:07,941 130085 DEBUG    [tempest.lib.common.rest_client] Request - Headers: {'Content-Type': 'application/json', 'Accept': 'application/json', 'X-Auth-Token': '<omitted>'}
        Body: None
    Response - Headers: {'date': 'Wed, 25 Mar 2026 20:45:07 GMT', 'server': 'Apache/2.4.58 (Ubuntu)', 'content-type': 'application/json', 'x-compute-request-id': 'req-be57dbe2-943
    d-4726-a03b-ebd3081b37b9', 'content-length': '839', 'openstack-api-version': 'volume 3.0', 'vary': 'OpenStack-API-Version', 'x-openstack-request-id': 'req-be57dbe2-943d-4726-a03b-ebd3081b37b9', 'connection': 'close', 'status': '200', 'content-location': 'http://10.201.9.223/volume/v3/volumes/b6200bcf-a8c9-465b-b3e0-c683ed62f8fa'}
        Body: b'{"volume": {"id": "b6200bcf-a8c9-465b-b3e0-c683ed62f8fa", "status": "error", "size": 1, "availability_zone": "nova", "created_at": "2026-03-25T20:45:07.000000", "updated_at": "2026-03-25T20:45:07.000000", "name": "tempest-VolumesDeleteCascade-Volume-1101052670", "description": null, "volume_type": "3par1", "snapshot_id": null, "source_volid": null, "metadata": {}, "links": [{"rel": "self", "href": "http://10.201.9.223/volume/v3/volumes/b6200bcf-a8c9-465b-b3e0-c683ed62f8fa"}, {"rel": "bookmark", "href": "http://10.201.9.223/volume/volumes/b6200bcf-a8c9-465b-b3e0-c683ed62f8fa"}], "user_id": "c3eb6ee7effd45f095e7e0d916b1486d", "bootable": "false", "encrypted": false, "replication_status": null, "consistencygroup_id": null, "multiattach": false, "attachments": [], "os-vol-tenant-attr:tenant_id": "f23bb07cff864623a54b244cd62f602d"}}'
2026-03-25 20:45:07,981 130085 INFO     [tempest.lib.common.rest_client] Request (VolumesDeleteCascade:_run_cleanups): 200 GET http://10.201.9.223/volume/v3/volumes/b6200bcf-a8c9-465b-b3e0-c683ed62f8fa 0.034s
2026-03-25 20:45:07,981 130085 DEBUG    [tempest.lib.common.rest_client] Request - Headers: {'Content-Type': 'application/json', 'Accept': 'application/json', 'X-Auth-Token': '<omitted>'}
        Body: None
    Response - Headers: {'date': 'Wed, 25 Mar 2026 20:45:07 GMT', 'server': 'Apache/2.4.58 (Ubuntu)', 'content-type': 'application/json', 'x-compute-request-id': 'req-dd9c0b5f-27d5-4122-a5ec-148fc5fde0df', 'content-length': '839', 'openstack-api-version': 'volume 3.0', 'vary': 'OpenStack-API-Version', 'x-openstack-request-id': 'req-dd9c0b5f-27d5-4122-a5ec-148fc5fde0df', 'connection': 'close', 'status': '200', 'content-location': 'http://10.201.9.223/volume/v3/volumes/b6200bcf-a8c9-465b-b3e0-c683ed62f8fa'}
        Body: b'{"volume": {"id": "b6200bcf-a8c9-465b-b3e0-c683ed62f8fa", "status": "error", "size": 1, "availability_zone": "nova", "created_at": "2026-03-25T20:45:07.000000", "updated_at": "2026-03-25T20:45:07.000000", "name": "tempest-VolumesDeleteCascade-Volume-1101052670", "description": null, "volume_type": "3par1", "snapshot_id": null, "source_volid": null, "metadata": {}, "links": [{"rel": "self", "href": "http://10.201.9.223/volume/v3/volumes/b6200bcf-a8c9-465b-b3e0-c683ed62f8fa"}, {"rel": "bookmark", "href": "http://10.201.9.223/volume/volumes/b6200bcf-a8c9-465b-b3e0-c683ed62f8fa"}], "user_id": "c3eb6ee7effd45f095e7e0d916b1486d", "bootable": "false", "encrypted": false, "replication_status": null, "consistencygroup_id": null, "multiattach": false, "attachments": [], "os-vol-tenant-attr:tenant_id": "f23bb07cff864623a54b244cd62f602d"}}'
2026-03-25 20:45:08,057 130085 INFO     [tempest.lib.common.rest_client] Request (VolumesDeleteCascade:_run_cleanups): 202 DELETE http://10.201.9.223/volume/v3/volumes/b6200bcf-a8c9-465b-b3e0-c683ed62f8fa 0.065s
2026-03-25 20:45:08,057 130085 DEBUG    [tempest.lib.common.rest_client] Request - Headers: {'Content-Type': 'application/json', 'Accept': 'application/json', 'X-Auth-Token': '<omitted>'}
        Body: None
    Response - Headers: {'date': 'Wed, 25 Mar 2026 20:45:07 GMT', 'server': 'Apache/2.4.58 (Ubuntu)', 'content-length': '0', 'content-type': 'text/html; charset=UTF-8', 'openstack-api-version': 'volume 3.0', 'vary': 'OpenStack-API-Version', 'x-openstack-request-id': 'req-95fc6b13-ea1b-42fd-bf5d-e67342d3054b', 'connection': 'close', 'status': '202', 'content-location': 'http://10.201.9.223/volume/v3/volumes/b6200bcf-a8c9-465b-b3e0-c683ed62f8fa'}
        Body: b''
2026-03-25 20:45:08,074 130085 INFO     [tempest.lib.common.rest_client] Request (VolumesDeleteCascade:_run_cleanups): 404 GET http://10.201.9.223/volume/v3/volumes/b6200bcf-a8c9-465b-b3e0-c683ed62f8fa 0.017s
2026-03-25 20:45:08,075 1300
    85 DEBUG    [tempest.lib.common.rest_client] Request - Headers: {'Content-Type': 'application/json', 'Accept': 'application/json', 'X-Auth-Token': '<omitted>'}
        Body: None
    Response - Headers: {'date': 'Wed, 25 Mar 2026 20:45:08 GMT', 'server': 'Apache/2.4.58 (Ubuntu)', 'openstack-api-version': 'volume 3.0', 'vary': 'OpenStack-API-Version', 'content-length': '109', 'content-type': 'application/json', 'x-compute-request-id': 'req-875fa9ac-ee59-4d64-800a-62a77cc5e058', 'x-openstack-request-id': 'req-875fa9ac-ee59-4d64-800a-62a77cc5e058', 'connection': 'close', 'status': '404', 'content-location': 'http://10.201.9.223/volume/v3/volumes/b6200bcf-a8c9-465b-b3e0-c683ed62f8fa'}
        Body: b'{"itemNotFound": {"code": 404, "message": "Volume b6200bcf-a8c9-465b-b3e0-c683ed62f8fa could not be found."}}'


tempest.api.volume.test_volume_delete_cascade.VolumesDeleteCascade.test_volume_from_snapshot_cascade_delete[id-59a77ede-609b-4ee8-9f68-fc3c6ffe97b5]
----------------------------------------------------------------------------------------------------------------------------------------------------

Captured traceback:
~~~~~~~~~~~~~~~~~~~
    Traceback (most recent call last):

      File "/opt/stack/tempest/tempest/api/volume/test_volume_delete_cascade.py", line 93, in test_volume_from_snapshot_cascade_delete
    volume = self.create_volume()
             ^^^^^^^^^^^^^^^^^^^^

      File "/opt/stack/tempest/tempest/api/volume/base.py", line 144, in create_volume
    waiters.wait_for_volume_resource_status(self.volumes_client,

      File "/opt/stack/tempest/tempest/common/waiters.py", line 379, in wait_for_volume_resource_status
    raise exceptions.VolumeResourceBuildErrorException(

    tempest.exceptions.VolumeResourceBuildErrorException: volume 7990ad5f-9de5-44cb-bac5-a5d7fb159890 failed to build and is in ERROR status


Captured pythonlogging:
~~~~~~~~~~~~~~~~~~~~~~~
    2026-03-25 20:45:08,196 130085 INFO     [tempest.lib.common.rest_client] Request (VolumesDeleteCascade:test_volume_from_snapshot_cascade_delete): 202 POST http://10.201.9.223/volume/v3/volumes 0.119s
2026-03-25 20:45:08,196 130085 DEBUG    [tempest.lib.common.rest_client] Request - Headers: {'Content-Type': 'application/json', 'Accept': 'application/json', 'X-Auth-Token': '<omitted>'}
        Body: {"volume": {"size": 1, "name": "tempest-VolumesDeleteCascade-Volume-734533935"}}
    Response - Headers: {'date': 'Wed, 25 Mar 2026 20:45:08 GMT', 'server': 'Apache/2.4.58 (Ubuntu)', 'content-type': 'application/json', 'x-compute-request-id': 'req-7322bf9f-2222-4986-b642-a55a0c6b69d1', 'content-length': '749', 'openstack-api-version': 'volume 3.0', 'vary': 'OpenStack-API-Version', 'x-openstack-request-id': 'req-7322bf9f-2222-4986-b642-a55a0c6b69d1', 'connection': 'close', 'status': '202', 'content-location': 'http://10.201.9.223/volume/v3/volumes'}
        Body: b'{"volume": {"id": "7990ad5f-9de5-44cb-bac5-a5d7fb159890", "status": "creating", "size": 1, "availability_zone": "nova", "created_at": "2026-03-25T20:45:08.153165", "updated_at": null, "name": "tempest-VolumesDeleteCascade-Volume-734533935", "description": null, "volume_type": "3par1", "snapshot_id": null, "source_volid": null, "metadata": {}, "links": [{"rel": "self", "href": "http://10.201.9.223/volume/v3/volumes/7990ad5f-9de5-44cb-bac5-a5d7fb159890"}, {"rel": "bookmark", "href": "http://10.201.9.223/volume/volumes/7990ad5f-9de5-44cb-bac5-a5d7fb159890"}], "user_id": "c3eb6ee7effd45f095e7e0d916b1486d", "bootable": "false", "encrypted": false, "replication_status": null, "consistencygroup_id": null, "multiattach": false, "attachments": []}}'
2026-03-25 20:45:08,222 130085 INFO     [tempest.lib.common.rest_client] Request (VolumesDeleteCascade:test_volume_from_snapshot_cascade_delete): 200 GET http://10.201.9.223/volume/v3/volumes/7990ad5f-9de5-44cb-bac5-a5d7fb159890 0.019s
2026-03-25 20:45:08,222 130085 DEBUG    [tempest.lib.common.rest_client] Request - Headers: {'Content-Type': 'application/json', 'Accept': 'application/json', 'X-Auth-Token': '<omitted>'}
        Body: None
    Response - Headers: {'date': 'Wed, 25 Mar 2026 20:45:08 GMT', 'server': 'Apache/2.4.58 (Ubuntu)', 'content-type': 'application/json', 'x-compute-request-id': 'req-eea63843-9dc2-4cac-900e-933ba2dba747', 'content-length': '817', 'openstack-api-version': 'volume 3.0', 'vary': 'OpenStack-API-Version', 'x-openstack-request-id': 'req-eea63843-9dc2-4cac-900e-933ba2dba747', 'connection': 'close', 'status': '200', 'content-location': 'http://10.201.9.223/volume/v3/volumes/7990ad5f-9de5-44cb-bac5-a5d7fb159890'}
        Body: b'{"volume": {"id": "7990ad5f-9de5-44cb-bac5-a5d7fb159890", "status": "creating", "size": 1, "availability_zone": "nova", "created_at": "2026-03-25T20:45:08.000000", "updated_at": null, "name": "tempest-VolumesDeleteCascade-Volume-734533935", "description": null, "volume_type": "3par1", "snapshot_id": null, "source_volid": null, "metadata": {}, "links": [{"rel": "self", "href": "http://10.201.9.223/volume/v3/volumes/7990ad5f-9de5-44cb-bac5-a5d7fb159890"}, {"rel": "bookmark", "href": "http://10.201.9.223/volume/volumes/7990ad5f-9de5-44cb-bac5-a5d7fb159890"}], "user_id": "c3eb6ee7effd45f095e7e0d916b1486d", "bootable": "false", "encrypted": false, "replication_status": null, "consistencygroup_id": null, "multiattach": false, "attachments": [], "os-vol-tenant-attr:tenant_id": "f23bb07cff864623a54b244cd62f602d"}}'
2026-03-25 20:45:09,270 130085 INFO     [tempest.lib.common.rest_client] Request (VolumesDeleteCascade:test_volume_from_snapshot_cascade_delete): 200 GET http://10.201.9.223/volume/v3/volumes/7990ad5f-9de5-44cb-bac5-a5d7fb159890 0.042s
2026-03-25 20:45:09,271 130085 DEBUG    [tempest.lib.common.rest_client] Request - Headers: {'Content-Type': 'application/json', 'Accept': 'application/json', 'X-Auth-Token': '<omitted>'}
        Body: None
    Response - Headers: {'date': 'Wed, 25 Mar 2026 20:45:09 GMT', 'server': 'Apache/2.4.58 (Ubuntu)', 'content-type': 'application/json', 'x
    -compute-request-id': 'req-f97058cf-ebc4-4b69-b253-e9df823417d2', 'content-length': '838', 'openstack-api-version': 'volume 3.0', 'vary': 'OpenStack-API-Version', 'x-openstack-request-id': 'req-f97058cf-ebc4-4b69-b253-e9df823417d2', 'connection': 'close', 'status': '200', 'content-location': 'http://10.201.9.223/volume/v3/volumes/7990ad5f-9de5-44cb-bac5-a5d7fb159890'}
        Body: b'{"volume": {"id": "7990ad5f-9de5-44cb-bac5-a5d7fb159890", "status": "error", "size": 1, "availability_zone": "nova", "created_at": "2026-03-25T20:45:08.000000", "updated_at": "2026-03-25T20:45:08.000000", "name": "tempest-VolumesDeleteCascade-Volume-734533935", "description": null, "volume_type": "3par1", "snapshot_id": null, "source_volid": null, "metadata": {}, "links": [{"rel": "self", "href": "http://10.201.9.223/volume/v3/volumes/7990ad5f-9de5-44cb-bac5-a5d7fb159890"}, {"rel": "bookmark", "href": "http://10.201.9.223/volume/volumes/7990ad5f-9de5-44cb-bac5-a5d7fb159890"}], "user_id": "c3eb6ee7effd45f095e7e0d916b1486d", "bootable": "false", "encrypted": false, "replication_status": null, "consistencygroup_id": null, "multiattach": false, "attachments": [], "os-vol-tenant-attr:tenant_id": "f23bb07cff864623a54b244cd62f602d"}}'
2026-03-25 20:45:09,314 130085 INFO     [tempest.lib.common.rest_client] Request (VolumesDeleteCascade:_run_cleanups): 200 GET http://10.201.9.223/volume/v3/volumes/7990ad5f-9de5-44cb-bac5-a5d7fb159890 0.032s
2026-03-25 20:45:09,314 130085 DEBUG    [tempest.lib.common.rest_client] Request - Headers: {'Content-Type': 'application/json', 'Accept': 'application/json', 'X-Auth-Token': '<omitted>'}
        Body: None
    Response - Headers: {'date': 'Wed, 25 Mar 2026 20:45:09 GMT', 'server': 'Apache/2.4.58 (Ubuntu)', 'content-type': 'application/json', 'x-compute-request-id': 'req-5dbe6454-3a03-457e-ba49-4c270d2c3c96', 'content-length': '838', 'openstack-api-version': 'volume 3.0', 'vary': 'OpenStack-API-Version', 'x-openstack-request-id': 'req-5dbe6454-3a03-457e-ba49-4c270d2c3c96', 'connection': 'close', 'status': '200', 'content-location': 'http://10.201.9.223/volume/v3/volumes/7990ad5f-9de5-44cb-bac5-a5d7fb159890'}
        Body: b'{"volume": {"id": "7990ad5f-9de5-44cb-bac5-a5d7fb159890", "status": "error", "size": 1, "availability_zone": "nova", "created_at": "2026-03-25T20:45:08.000000", "updated_at": "2026-03-25T20:45:08.000000", "name": "tempest-VolumesDeleteCascade-Volume-734533935", "description": null, "volume_type": "3par1", "snapshot_id": null, "source_volid": null, "metadata": {}, "links": [{"rel": "self", "href": "http://10.201.9.223/volume/v3/volumes/7990ad5f-9de5-44cb-bac5-a5d7fb159890"}, {"rel": "bookmark", "href": "http://10.201.9.223/volume/volumes/7990ad5f-9de5-44cb-bac5-a5d7fb159890"}], "user_id": "c3eb6ee7effd45f095e7e0d916b1486d", "bootable": "false", "encrypted": false, "replication_status": null, "consistencygroup_id": null, "multiattach": false, "attachments": [], "os-vol-tenant-attr:tenant_id": "f23bb07cff864623a54b244cd62f602d"}}'
2026-03-25 20:45:09,388 130085 INFO     [tempest.lib.common.rest_client] Request (VolumesDeleteCascade:_run_cleanups): 202 DELETE http://10.201.9.223/volume/v3/volumes/7990ad5f-9de5-44cb-bac5-a5d7fb159890 0.068s
2026-03-25 20:45:09,389 130085 DEBUG    [tempest.lib.common.rest_client] Request - Headers: {'Content-Type': 'application/json', 'Accept': 'application/json', 'X-Auth-Token': '<omitted>'}
        Body: None
    Response - Headers: {'date': 'Wed, 25 Mar 2026 20:45:09 GMT', 'server': 'Apache/2.4.58 (Ubuntu)', 'content-length': '0', 'content-type': 'text/html; charset=UTF-8', 'openstack-api-version': 'volume 3.0', 'vary': 'OpenStack-API-Version', 'x-openstack-request-id': 'req-a9b5f57e-3f3c-471e-bd04-717d83b82dbf', 'connection': 'close', 'status': '202', 'content-location': 'http://10.201.9.223/volume/v3/volumes/7990ad5f-9de5-44cb-bac5-a5d7fb159890'}
        Body: b''
2026-03-25 20:45:09,403 130085 INFO     [tempest.lib.common.rest_client] Request (VolumesDeleteCascade:_run_cleanups): 404 GET http://10.201.9.223/volume/v3/volumes/7990ad5f-9de5-44cb-bac5-a5d7fb15989
    0 0.013s
2026-03-25 20:45:09,403 130085 DEBUG    [tempest.lib.common.rest_client] Request - Headers: {'Content-Type': 'application/json', 'Accept': 'application/json', 'X-Auth-Token': '<omitted>'}
        Body: None
    Response - Headers: {'date': 'Wed, 25 Mar 2026 20:45:09 GMT', 'server': 'Apache/2.4.58 (Ubuntu)', 'openstack-api-version': 'volume 3.0', 'vary': 'OpenStack-API-Version', 'content-length': '109', 'content-type': 'application/json', 'x-compute-request-id': 'req-3e559dc9-3150-4ecd-892b-d7e91934c137', 'x-openstack-request-id': 'req-3e559dc9-3150-4ecd-892b-d7e91934c137', 'connection': 'close', 'status': '404', 'content-location': 'http://10.201.9.223/volume/v3/volumes/7990ad5f-9de5-44cb-bac5-a5d7fb159890'}
        Body: b'{"itemNotFound": {"code": 404, "message": "Volume 7990ad5f-9de5-44cb-bac5-a5d7fb159890 could not be found."}}'


setUpClass (tempest.api.volume.test_volume_metadata.VolumesMetadataTest)
------------------------------------------------------------------------

Captured traceback:
~~~~~~~~~~~~~~~~~~~
    Traceback (most recent call last):

      File "/opt/stack/tempest/tempest/test.py", line 185, in setUpClass
    raise value.with_traceback(trace)

      File "/opt/stack/tempest/tempest/test.py", line 178, in setUpClass
    cls.resource_setup()

      File "/opt/stack/tempest/tempest/api/volume/test_volume_metadata.py", line 29, in resource_setup
    cls.volume = cls.create_volume()
                 ^^^^^^^^^^^^^^^^^^^

      File "/opt/stack/tempest/tempest/api/volume/base.py", line 144, in create_volume
    waiters.wait_for_volume_resource_status(self.volumes_client,

      File "/opt/stack/tempest/tempest/common/waiters.py", line 379, in wait_for_volume_resource_status
    raise exceptions.VolumeResourceBuildErrorException(

    tempest.exceptions.VolumeResourceBuildErrorException: volume 9cd12112-5614-4216-bfa3-e6ea2487a8e5 failed to build and is in ERROR status


tempest.api.volume.test_volume_transfers.VolumesTransfersTest.test_create_get_list_accept_volume_transfer[id-4d75b645-a478-48b1-97c8-503f64242f1a]
--------------------------------------------------------------------------------------------------------------------------------------------------

Captured traceback:
~~~~~~~~~~~~~~~~~~~
    Traceback (most recent call last):

      File "/opt/stack/tempest/tempest/api/volume/test_volume_transfers.py", line 40, in test_create_get_list_accept_volume_transfer
    volume = self.create_volume()
             ^^^^^^^^^^^^^^^^^^^^

      File "/opt/stack/tempest/tempest/api/volume/base.py", line 144, in create_volume
    waiters.wait_for_volume_resource_status(self.volumes_client,

      File "/opt/stack/tempest/tempest/common/waiters.py", line 379, in wait_for_volume_resource_status
    raise exceptions.VolumeResourceBuildErrorException(

    tempest.exceptions.VolumeResourceBuildErrorException: volume 4b934c95-0af7-49b1-a6b1-1853d2778f81 failed to build and is in ERROR status


Captured pythonlogging:
~~~~~~~~~~~~~~~~~~~~~~~
    2026-03-25 20:45:13,649 130085 INFO     [tempest.lib.common.rest_client] Request (VolumesTransfersTest:test_create_get_list_accept_volume_transfer): 202 POST http://10.201.9.223/volume/v3/volumes 0.225s
2026-03-25 20:45:13,649 130085 DEBUG    [tempest.lib.common.rest_client] Request - Headers: {'Content-Type': 'application/json', 'Accept': 'application/json', 'X-Auth-Token': '<omitted>'}
        Body: {"volume": {"size": 1, "name": "tempest-VolumesTransfersTest-Volume-1357087432"}}
    Response - Headers: {'date': 'Wed, 25 Mar 2026 20:45:13 GMT', 'server': 'Apache/2.4.58 (Ubuntu)', 'content-type': 'application/json', 'x-compute-request-id': 'req-bfba8aba-bd4c-44ee-94bf-904969f49f1b', 'content-length': '750', 'openstack-api-version': 'volume 3.0', 'vary': 'OpenStack-API-Version', 'x-openstack-request-id': 'req-bfba8aba-bd4c-44ee-94bf-904969f49f1b', 'connection': 'close', 'status': '202', 'content-location': 'http://10.201.9.223/volume/v3/volumes'}
        Body: b'{"volume": {"id": "4b934c95-0af7-49b1-a6b1-1853d2778f81", "status": "creating", "size": 1, "availability_zone": "nova", "created_at": "2026-03-25T20:45:13.594219", "updated_at": null, "name": "tempest-VolumesTransfersTest-Volume-1357087432", "description": null, "volume_type": "3par1", "snapshot_id": null, "source_volid": null, "metadata": {}, "links": [{"rel": "self", "href": "http://10.201.9.223/volume/v3/volumes/4b934c95-0af7-49b1-a6b1-1853d2778f81"}, {"rel": "bookmark", "href": "http://10.201.9.223/volume/volumes/4b934c95-0af7-49b1-a6b1-1853d2778f81"}], "user_id": "1572363145574e30ab48381d3dfe47b7", "bootable": "false", "encrypted": false, "replication_status": null, "consistencygroup_id": null, "multiattach": false, "attachments": []}}'
2026-03-25 20:45:13,681 130085 INFO     [tempest.lib.common.rest_client] Request (VolumesTransfersTest:test_create_get_list_accept_volume_transfer): 200 GET http://10.201.9.223/volume/v3/volumes/4b934c95-0af7-49b1-a6b1-1853d2778f81 0.025s
2026-03-25 20:45:13,681 130085 DEBUG    [tempest.lib.common.rest_client] Request - Headers: {'Content-Type': 'application/json', 'Accept': 'application/json', 'X-Auth-Token': '<omitted>'}
        Body: None
    Response - Headers: {'date': 'Wed, 25 Mar 2026 20:45:13 GMT', 'server': 'Apache/2.4.58 (Ubuntu)', 'content-type': 'application/json', 'x-compute-request-id': 'req-e21fb43f-89ef-4ec6-a411-a56d7f545068', 'content-length': '818', 'openstack-api-version': 'volume 3.0', 'vary': 'OpenStack-API-Version', 'x-openstack-request-id': 'req-e21fb43f-89ef-4ec6-a411-a56d7f545068', 'connection': 'close', 'status': '200', 'content-location': 'http://10.201.9.223/volume/v3/volumes/4b934c95-0af7-49b1-a6b1-1853d2778f81'}
        Body: b'{"volume": {"id": "4b934c95-0af7-49b1-a6b1-1853d2778f81", "status": "creating", "size": 1, "availability_zone": "nova", "created_at": "2026-03-25T20:45:14.000000", "updated_at": null, "name": "tempest-VolumesTransfersTest-Volume-1357087432", "description": null, "volume_type": "3par1", "snapshot_id": null, "source_volid": null, "metadata": {}, "links": [{"rel": "self", "href": "http://10.201.9.223/volume/v3/volumes/4b934c95-0af7-49b1-a6b1-1853d2778f81"}, {"rel": "bookmark", "href": "http://10.201.9.223/volume/volumes/4b934c95-0af7-49b1-a6b1-1853d2778f81"}], "user_id": "1572363145574e30ab48381d3dfe47b7", "bootable": "false", "encrypted": false, "replication_status": null, "consistencygroup_id": null, "multiattach": false, "attachments": [], "os-vol-tenant-attr:tenant_id": "b6a6f70557a24dc39baac699046b89fd"}}'
2026-03-25 20:45:14,725 130085 INFO     [tempest.lib.common.rest_client] Request (VolumesTransfersTest:test_create_get_list_accept_volume_transfer): 200 GET http://10.201.9.223/volume/v3/volumes/4b934c95-0af7-49b1-a6b1-1853d2778f81 0.038s
2026-03-25 20:45:14,725 130085 DEBUG    [tempest.lib.common.rest_client] Request - Headers: {'Content-Type': 'application/json', 'Accept': 'application/json', 'X-Auth-Token': '<omitted>'}
        Body: None
    Response - Headers: {'date': 'Wed, 25 Mar 2026 20:45:14 GMT', 'server': 'Apache/2.4.58 (Ubuntu)', 'content-type': 'applicati
    on/json', 'x-compute-request-id': 'req-c9ec59c6-44b6-464b-9c5f-bb9c99d56b06', 'content-length': '839', 'openstack-api-version': 'volume 3.0', 'vary': 'OpenStack-API-Version', 'x-openstack-request-id': 'req-c9ec59c6-44b6-464b-9c5f-bb9c99d56b06', 'connection': 'close', 'status': '200', 'content-location': 'http://10.201.9.223/volume/v3/volumes/4b934c95-0af7-49b1-a6b1-1853d2778f81'}
        Body: b'{"volume": {"id": "4b934c95-0af7-49b1-a6b1-1853d2778f81", "status": "error", "size": 1, "availability_zone": "nova", "created_at": "2026-03-25T20:45:14.000000", "updated_at": "2026-03-25T20:45:14.000000", "name": "tempest-VolumesTransfersTest-Volume-1357087432", "description": null, "volume_type": "3par1", "snapshot_id": null, "source_volid": null, "metadata": {}, "links": [{"rel": "self", "href": "http://10.201.9.223/volume/v3/volumes/4b934c95-0af7-49b1-a6b1-1853d2778f81"}, {"rel": "bookmark", "href": "http://10.201.9.223/volume/volumes/4b934c95-0af7-49b1-a6b1-1853d2778f81"}], "user_id": "1572363145574e30ab48381d3dfe47b7", "bootable": "false", "encrypted": false, "replication_status": null, "consistencygroup_id": null, "multiattach": false, "attachments": [], "os-vol-tenant-attr:tenant_id": "b6a6f70557a24dc39baac699046b89fd"}}'
2026-03-25 20:45:14,757 130085 INFO     [tempest.lib.common.rest_client] Request (VolumesTransfersTest:_run_cleanups): 200 GET http://10.201.9.223/volume/v3/volumes/4b934c95-0af7-49b1-a6b1-1853d2778f81 0.026s
2026-03-25 20:45:14,757 130085 DEBUG    [tempest.lib.common.rest_client] Request - Headers: {'Content-Type': 'application/json', 'Accept': 'application/json', 'X-Auth-Token': '<omitted>'}
        Body: None
    Response - Headers: {'date': 'Wed, 25 Mar 2026 20:45:14 GMT', 'server': 'Apache/2.4.58 (Ubuntu)', 'content-type': 'application/json', 'x-compute-request-id': 'req-d6fb8c0e-5b12-4db7-9fed-f26f5a559765', 'content-length': '839', 'openstack-api-version': 'volume 3.0', 'vary': 'OpenStack-API-Version', 'x-openstack-request-id': 'req-d6fb8c0e-5b12-4db7-9fed-f26f5a559765', 'connection': 'close', 'status': '200', 'content-location': 'http://10.201.9.223/volume/v3/volumes/4b934c95-0af7-49b1-a6b1-1853d2778f81'}
        Body: b'{"volume": {"id": "4b934c95-0af7-49b1-a6b1-1853d2778f81", "status": "error", "size": 1, "availability_zone": "nova", "created_at": "2026-03-25T20:45:14.000000", "updated_at": "2026-03-25T20:45:14.000000", "name": "tempest-VolumesTransfersTest-Volume-1357087432", "description": null, "volume_type": "3par1", "snapshot_id": null, "source_volid": null, "metadata": {}, "links": [{"rel": "self", "href": "http://10.201.9.223/volume/v3/volumes/4b934c95-0af7-49b1-a6b1-1853d2778f81"}, {"rel": "bookmark", "href": "http://10.201.9.223/volume/volumes/4b934c95-0af7-49b1-a6b1-1853d2778f81"}], "user_id": "1572363145574e30ab48381d3dfe47b7", "bootable": "false", "encrypted": false, "replication_status": null, "consistencygroup_id": null, "multiattach": false, "attachments": [], "os-vol-tenant-attr:tenant_id": "b6a6f70557a24dc39baac699046b89fd"}}'
2026-03-25 20:45:14,849 130085 INFO     [tempest.lib.common.rest_client] Request (VolumesTransfersTest:_run_cleanups): 202 DELETE http://10.201.9.223/volume/v3/volumes/4b934c95-0af7-49b1-a6b1-1853d2778f81 0.086s
2026-03-25 20:45:14,849 130085 DEBUG    [tempest.lib.common.rest_client] Request - Headers: {'Content-Type': 'application/json', 'Accept': 'application/json', 'X-Auth-Token': '<omitted>'}
        Body: None
    Response - Headers: {'date': 'Wed, 25 Mar 2026 20:45:14 GMT', 'server': 'Apache/2.4.58 (Ubuntu)', 'content-length': '0', 'content-type': 'text/html; charset=UTF-8', 'openstack-api-version': 'volume 3.0', 'vary': 'OpenStack-API-Version', 'x-openstack-request-id': 'req-7b3b5ff9-0e16-47ee-8012-343d39c893b1', 'connection': 'close', 'status': '202', 'content-location': 'http://10.201.9.223/volume/v3/volumes/4b934c95-0af7-49b1-a6b1-1853d2778f81'}
        Body: b''
2026-03-25 20:45:14,871 130085 INFO     [tempest.lib.common.rest_client] Request (VolumesTransfersTest:_run_cleanups): 404 GET http://10.201.9.223/volume/v3/volumes/4b934c95-0af7-49b1-a6
    b1-1853d2778f81 0.021s
2026-03-25 20:45:14,872 130085 DEBUG    [tempest.lib.common.rest_client] Request - Headers: {'Content-Type': 'application/json', 'Accept': 'application/json', 'X-Auth-Token': '<omitted>'}
        Body: None
    Response - Headers: {'date': 'Wed, 25 Mar 2026 20:45:14 GMT', 'server': 'Apache/2.4.58 (Ubuntu)', 'openstack-api-version': 'volume 3.0', 'vary': 'OpenStack-API-Version', 'content-length': '109', 'content-type': 'application/json', 'x-compute-request-id': 'req-4b1eded0-63af-44f0-868e-2faa3633f1ba', 'x-openstack-request-id': 'req-4b1eded0-63af-44f0-868e-2faa3633f1ba', 'connection': 'close', 'status': '404', 'content-location': 'http://10.201.9.223/volume/v3/volumes/4b934c95-0af7-49b1-a6b1-1853d2778f81'}
        Body: b'{"itemNotFound": {"code": 404, "message": "Volume 4b934c95-0af7-49b1-a6b1-1853d2778f81 could not be found."}}'


tempest.api.volume.test_volume_transfers.VolumesTransfersTest.test_create_list_delete_volume_transfer[id-ab526943-b725-4c07-b875-8e8ef87a2c30]
----------------------------------------------------------------------------------------------------------------------------------------------

Captured traceback:
~~~~~~~~~~~~~~~~~~~
    Traceback (most recent call last):

      File "/opt/stack/tempest/tempest/api/volume/test_volume_transfers.py", line 81, in test_create_list_delete_volume_transfer
    volume = self.create_volume()
             ^^^^^^^^^^^^^^^^^^^^

      File "/opt/stack/tempest/tempest/api/volume/base.py", line 144, in create_volume
    waiters.wait_for_volume_resource_status(self.volumes_client,

      File "/opt/stack/tempest/tempest/common/waiters.py", line 379, in wait_for_volume_resource_status
    raise exceptions.VolumeResourceBuildErrorException(

    tempest.exceptions.VolumeResourceBuildErrorException: volume 663b1e8f-13a5-46e5-9823-6cbee599e894 failed to build and is in ERROR status


Captured pythonlogging:
~~~~~~~~~~~~~~~~~~~~~~~
    2026-03-25 20:45:15,007 130085 INFO     [tempest.lib.common.rest_client] Request (VolumesTransfersTest:test_create_list_delete_volume_transfer): 202 POST http://10.201.9.223/volume/v3/volumes 0.131s
2026-03-25 20:45:15,008 130085 DEBUG    [tempest.lib.common.rest_client] Request - Headers: {'Content-Type': 'application/json', 'Accept': 'application/json', 'X-Auth-Token': '<omitted>'}
        Body: {"volume": {"size": 1, "name": "tempest-VolumesTransfersTest-Volume-300810732"}}
    Response - Headers: {'date': 'Wed, 25 Mar 2026 20:45:14 GMT', 'server': 'Apache/2.4.58 (Ubuntu)', 'content-type': 'application/json', 'x-compute-request-id': 'req-e48e3f18-def7-474f-b1d1-b4a9bf71838e', 'content-length': '749', 'openstack-api-version': 'volume 3.0', 'vary': 'OpenStack-API-Version', 'x-openstack-request-id': 'req-e48e3f18-def7-474f-b1d1-b4a9bf71838e', 'connection': 'close', 'status': '202', 'content-location': 'http://10.201.9.223/volume/v3/volumes'}
        Body: b'{"volume": {"id": "663b1e8f-13a5-46e5-9823-6cbee599e894", "status": "creating", "size": 1, "availability_zone": "nova", "created_at": "2026-03-25T20:45:14.958080", "updated_at": null, "name": "tempest-VolumesTransfersTest-Volume-300810732", "description": null, "volume_type": "3par1", "snapshot_id": null, "source_volid": null, "metadata": {}, "links": [{"rel": "self", "href": "http://10.201.9.223/volume/v3/volumes/663b1e8f-13a5-46e5-9823-6cbee599e894"}, {"rel": "bookmark", "href": "http://10.201.9.223/volume/volumes/663b1e8f-13a5-46e5-9823-6cbee599e894"}], "user_id": "1572363145574e30ab48381d3dfe47b7", "bootable": "false", "encrypted": false, "replication_status": null, "consistencygroup_id": null, "multiattach": false, "attachments": []}}'
2026-03-25 20:45:15,043 130085 INFO     [tempest.lib.common.rest_client] Request (VolumesTransfersTest:test_create_list_delete_volume_transfer): 200 GET http://10.201.9.223/volume/v3/volumes/663b1e8f-13a5-46e5-9823-6cbee599e894 0.028s
2026-03-25 20:45:15,043 130085 DEBUG    [tempest.lib.common.rest_client] Request - Headers: {'Content-Type': 'application/json', 'Accept': 'application/json', 'X-Auth-Token': '<omitted>'}
        Body: None
    Response - Headers: {'date': 'Wed, 25 Mar 2026 20:45:15 GMT', 'server': 'Apache/2.4.58 (Ubuntu)', 'content-type': 'application/json', 'x-compute-request-id': 'req-b5828c04-336b-4dda-b19e-e5f42685f8a7', 'content-length': '817', 'openstack-api-version': 'volume 3.0', 'vary': 'OpenStack-API-Version', 'x-openstack-request-id': 'req-b5828c04-336b-4dda-b19e-e5f42685f8a7', 'connection': 'close', 'status': '200', 'content-location': 'http://10.201.9.223/volume/v3/volumes/663b1e8f-13a5-46e5-9823-6cbee599e894'}
        Body: b'{"volume": {"id": "663b1e8f-13a5-46e5-9823-6cbee599e894", "status": "creating", "size": 1, "availability_zone": "nova", "created_at": "2026-03-25T20:45:15.000000", "updated_at": null, "name": "tempest-VolumesTransfersTest-Volume-300810732", "description": null, "volume_type": "3par1", "snapshot_id": null, "source_volid": null, "metadata": {}, "links": [{"rel": "self", "href": "http://10.201.9.223/volume/v3/volumes/663b1e8f-13a5-46e5-9823-6cbee599e894"}, {"rel": "bookmark", "href": "http://10.201.9.223/volume/volumes/663b1e8f-13a5-46e5-9823-6cbee599e894"}], "user_id": "1572363145574e30ab48381d3dfe47b7", "bootable": "false", "encrypted": false, "replication_status": null, "consistencygroup_id": null, "multiattach": false, "attachments": [], "os-vol-tenant-attr:tenant_id": "b6a6f70557a24dc39baac699046b89fd"}}'
2026-03-25 20:45:16,086 130085 INFO     [tempest.lib.common.rest_client] Request (VolumesTransfersTest:test_create_list_delete_volume_transfer): 200 GET http://10.201.9.223/volume/v3/volumes/663b1e8f-13a5-46e5-9823-6cbee599e894 0.037s
2026-03-25 20:45:16,086 130085 DEBUG    [tempest.lib.common.rest_client] Request - Headers: {'Content-Type': 'application/json', 'Accept': 'application/json', 'X-Auth-Token': '<omitted>'}
        Body: None
    Response - Headers: {'date': 'Wed, 25 Mar 2026 20:45:16 GMT', 'server': 'Apache/2.4.58 (Ubuntu)', 'content-type': 'application/json', 'x-co
    mpute-request-id': 'req-e1c0eb6f-9ee0-42ef-ba4a-af00391b9795', 'content-length': '838', 'openstack-api-version': 'volume 3.0', 'vary': 'OpenStack-API-Version', 'x-openstack-request-id': 'req-e1c0eb6f-9ee0-42ef-ba4a-af00391b9795', 'connection': 'close', 'status': '200', 'content-location': 'http://10.201.9.223/volume/v3/volumes/663b1e8f-13a5-46e5-9823-6cbee599e894'}
        Body: b'{"volume": {"id": "663b1e8f-13a5-46e5-9823-6cbee599e894", "status": "error", "size": 1, "availability_zone": "nova", "created_at": "2026-03-25T20:45:15.000000", "updated_at": "2026-03-25T20:45:15.000000", "name": "tempest-VolumesTransfersTest-Volume-300810732", "description": null, "volume_type": "3par1", "snapshot_id": null, "source_volid": null, "metadata": {}, "links": [{"rel": "self", "href": "http://10.201.9.223/volume/v3/volumes/663b1e8f-13a5-46e5-9823-6cbee599e894"}, {"rel": "bookmark", "href": "http://10.201.9.223/volume/volumes/663b1e8f-13a5-46e5-9823-6cbee599e894"}], "user_id": "1572363145574e30ab48381d3dfe47b7", "bootable": "false", "encrypted": false, "replication_status": null, "consistencygroup_id": null, "multiattach": false, "attachments": [], "os-vol-tenant-attr:tenant_id": "b6a6f70557a24dc39baac699046b89fd"}}'
2026-03-25 20:45:16,129 130085 INFO     [tempest.lib.common.rest_client] Request (VolumesTransfersTest:_run_cleanups): 200 GET http://10.201.9.223/volume/v3/volumes/663b1e8f-13a5-46e5-9823-6cbee599e894 0.032s
2026-03-25 20:45:16,130 130085 DEBUG    [tempest.lib.common.rest_client] Request - Headers: {'Content-Type': 'application/json', 'Accept': 'application/json', 'X-Auth-Token': '<omitted>'}
        Body: None
    Response - Headers: {'date': 'Wed, 25 Mar 2026 20:45:16 GMT', 'server': 'Apache/2.4.58 (Ubuntu)', 'content-type': 'application/json', 'x-compute-request-id': 'req-e26c4a2a-b5fc-4024-b761-945fd20cf2ed', 'content-length': '838', 'openstack-api-version': 'volume 3.0', 'vary': 'OpenStack-API-Version', 'x-openstack-request-id': 'req-e26c4a2a-b5fc-4024-b761-945fd20cf2ed', 'connection': 'close', 'status': '200', 'content-location': 'http://10.201.9.223/volume/v3/volumes/663b1e8f-13a5-46e5-9823-6cbee599e894'}
        Body: b'{"volume": {"id": "663b1e8f-13a5-46e5-9823-6cbee599e894", "status": "error", "size": 1, "availability_zone": "nova", "created_at": "2026-03-25T20:45:15.000000", "updated_at": "2026-03-25T20:45:15.000000", "name": "tempest-VolumesTransfersTest-Volume-300810732", "description": null, "volume_type": "3par1", "snapshot_id": null, "source_volid": null, "metadata": {}, "links": [{"rel": "self", "href": "http://10.201.9.223/volume/v3/volumes/663b1e8f-13a5-46e5-9823-6cbee599e894"}, {"rel": "bookmark", "href": "http://10.201.9.223/volume/volumes/663b1e8f-13a5-46e5-9823-6cbee599e894"}], "user_id": "1572363145574e30ab48381d3dfe47b7", "bootable": "false", "encrypted": false, "replication_status": null, "consistencygroup_id": null, "multiattach": false, "attachments": [], "os-vol-tenant-attr:tenant_id": "b6a6f70557a24dc39baac699046b89fd"}}'
2026-03-25 20:45:16,199 130085 INFO     [tempest.lib.common.rest_client] Request (VolumesTransfersTest:_run_cleanups): 202 DELETE http://10.201.9.223/volume/v3/volumes/663b1e8f-13a5-46e5-9823-6cbee599e894 0.059s
2026-03-25 20:45:16,199 130085 DEBUG    [tempest.lib.common.rest_client] Request - Headers: {'Content-Type': 'application/json', 'Accept': 'application/json', 'X-Auth-Token': '<omitted>'}
        Body: None
    Response - Headers: {'date': 'Wed, 25 Mar 2026 20:45:16 GMT', 'server': 'Apache/2.4.58 (Ubuntu)', 'content-length': '0', 'content-type': 'text/html; charset=UTF-8', 'openstack-api-version': 'volume 3.0', 'vary': 'OpenStack-API-Version', 'x-openstack-request-id': 'req-1891f94e-3a00-4a2b-a4a8-e25cd5ba2345', 'connection': 'close', 'status': '202', 'content-location': 'http://10.201.9.223/volume/v3/volumes/663b1e8f-13a5-46e5-9823-6cbee599e894'}
        Body: b''
2026-03-25 20:45:16,217 130085 INFO     [tempest.lib.common.rest_client] Request (VolumesTransfersTest:_run_cleanups): 404 GET http://10.201.9.223/volume/v3/volumes/663b1e8f-13a5-46e5-9823-6cbee599e894 0
    .018s
2026-03-25 20:45:16,218 130085 DEBUG    [tempest.lib.common.rest_client] Request - Headers: {'Content-Type': 'application/json', 'Accept': 'application/json', 'X-Auth-Token': '<omitted>'}
        Body: None
    Response - Headers: {'date': 'Wed, 25 Mar 2026 20:45:16 GMT', 'server': 'Apache/2.4.58 (Ubuntu)', 'openstack-api-version': 'volume 3.0', 'vary': 'OpenStack-API-Version', 'content-length': '109', 'content-type': 'application/json', 'x-compute-request-id': 'req-3e2f5ec4-de0d-4f44-8a53-678626fdcdfd', 'x-openstack-request-id': 'req-3e2f5ec4-de0d-4f44-8a53-678626fdcdfd', 'connection': 'close', 'status': '404', 'content-location': 'http://10.201.9.223/volume/v3/volumes/663b1e8f-13a5-46e5-9823-6cbee599e894'}
        Body: b'{"itemNotFound": {"code": 404, "message": "Volume 663b1e8f-13a5-46e5-9823-6cbee599e894 could not be found."}}'


tempest.api.volume.test_volume_transfers.VolumesTransfersV355Test.test_create_get_list_accept_volume_transfer[id-9f36bb2b-619f-4507-b246-76aeb9a28851]
------------------------------------------------------------------------------------------------------------------------------------------------------

Captured traceback:
~~~~~~~~~~~~~~~~~~~
    Traceback (most recent call last):

      File "/opt/stack/tempest/tempest/api/volume/test_volume_transfers.py", line 125, in test_create_get_list_accept_volume_transfer
    test_create_get_list_accept_volume_transfer()

      File "/opt/stack/tempest/tempest/api/volume/test_volume_transfers.py", line 40, in test_create_get_list_accept_volume_transfer
    volume = self.create_volume()
             ^^^^^^^^^^^^^^^^^^^^

      File "/opt/stack/tempest/tempest/api/volume/base.py", line 144, in create_volume
    waiters.wait_for_volume_resource_status(self.volumes_client,

      File "/opt/stack/tempest/tempest/common/waiters.py", line 379, in wait_for_volume_resource_status
    raise exceptions.VolumeResourceBuildErrorException(

    tempest.exceptions.VolumeResourceBuildErrorException: volume cac63b3c-f1a0-4d35-8356-c6c689c05f16 failed to build and is in ERROR status


Captured pythonlogging:
~~~~~~~~~~~~~~~~~~~~~~~
    2026-03-25 20:45:19,094 130085 INFO     [tempest.lib.common.rest_client] Request (VolumesTransfersV355Test:test_create_get_list_accept_volume_transfer): 202 POST http://10.201.9.223/volume/v3/volumes 0.265s
2026-03-25 20:45:19,094 130085 DEBUG    [tempest.lib.common.rest_client] Request - Headers: {'Content-Type': 'application/json', 'Accept': 'application/json', 'Openstack-Api-Version': 'volume 3.55', 'X-Auth-Token': '<omitted>'}
        Body: {"volume": {"size": 1, "name": "tempest-VolumesTransfersV355Test-Volume-576891230"}}
    Response - Headers: {'date': 'Wed, 25 Mar 2026 20:45:18 GMT', 'server': 'Apache/2.4.58 (Ubuntu)', 'content-type': 'application/json', 'x-compute-request-id': 'req-02f0c3f5-b265-4756-b3b5-e0221c837633', 'content-length': '817', 'openstack-api-version': 'volume 3.55', 'vary': 'OpenStack-API-Version', 'x-openstack-request-id': 'req-02f0c3f5-b265-4756-b3b5-e0221c837633', 'connection': 'close', 'status': '202', 'content-location': 'http://10.201.9.223/volume/v3/volumes'}
        Body: b'{"volume": {"id": "cac63b3c-f1a0-4d35-8356-c6c689c05f16", "status": "creating", "size": 1, "availability_zone": "nova", "created_at": "2026-03-25T20:45:19.037880", "updated_at": null, "name": "tempest-VolumesTransfersV355Test-Volume-576891230", "description": null, "volume_type": "3par1", "snapshot_id": null, "source_volid": null, "metadata": {}, "links": [{"rel": "self", "href": "http://10.201.9.223/volume/v3/volumes/cac63b3c-f1a0-4d35-8356-c6c689c05f16"}, {"rel": "bookmark", "href": "http://10.201.9.223/volume/volumes/cac63b3c-f1a0-4d35-8356-c6c689c05f16"}], "user_id": "cb67db714bad4b1f9d614c12d91431f9", "bootable": "false", "encrypted": false, "replication_status": null, "consistencygroup_id": null, "multiattach": false, "attachments": [], "group_id": null, "shared_targets": true, "service_uuid": null}}'
2026-03-25 20:45:19,124 130085 INFO     [tempest.lib.common.rest_client] Request (VolumesTransfersV355Test:test_create_get_list_accept_volume_transfer): 200 GET http://10.201.9.223/volume/v3/volumes/cac63b3c-f1a0-4d35-8356-c6c689c05f16 0.021s
2026-03-25 20:45:19,125 130085 DEBUG    [tempest.lib.common.rest_client] Request - Headers: {'Content-Type': 'application/json', 'Accept': 'application/json', 'Openstack-Api-Version': 'volume 3.55', 'X-Auth-Token': '<omitted>'}
        Body: None
    Response - Headers: {'date': 'Wed, 25 Mar 2026 20:45:19 GMT', 'server': 'Apache/2.4.58 (Ubuntu)', 'content-type': 'application/json', 'x-compute-request-id': 'req-a307c4f4-d88c-44bf-a687-7b492ea1085b', 'content-length': '885', 'openstack-api-version': 'volume 3.55', 'vary': 'OpenStack-API-Version', 'x-openstack-request-id': 'req-a307c4f4-d88c-44bf-a687-7b492ea1085b', 'connection': 'close', 'status': '200', 'content-location': 'http://10.201.9.223/volume/v3/volumes/cac63b3c-f1a0-4d35-8356-c6c689c05f16'}
        Body: b'{"volume": {"id": "cac63b3c-f1a0-4d35-8356-c6c689c05f16", "status": "creating", "size": 1, "availability_zone": "nova", "created_at": "2026-03-25T20:45:19.000000", "updated_at": null, "name": "tempest-VolumesTransfersV355Test-Volume-576891230", "description": null, "volume_type": "3par1", "snapshot_id": null, "source_volid": null, "metadata": {}, "links": [{"rel": "self", "href": "http://10.201.9.223/volume/v3/volumes/cac63b3c-f1a0-4d35-8356-c6c689c05f16"}, {"rel": "bookmark", "href": "http://10.201.9.223/volume/volumes/cac63b3c-f1a0-4d35-8356-c6c689c05f16"}], "user_id": "cb67db714bad4b1f9d614c12d91431f9", "bootable": "false", "encrypted": false, "replication_status": null, "consistencygroup_id": null, "multiattach": false, "attachments": [], "group_id": null, "shared_targets": true, "service_uuid": null, "os-vol-tenant-attr:tenant_id": "54759fb798284ac1be365525a852cd21"}}'
2026-03-25 20:45:20,171 130085 INFO     [tempest.lib.common.rest_client] Request (VolumesTransfersV355Test:test_create_get_list_accept_volume_transfer): 200 GET http://10.201.9.223/volume/v3/volumes/cac63b3c-f1a0-4d35-8356-c6c689c05f16 0.036s
2026-03-25 20:45:20,172 130085 DEBUG    [tempest.lib.common.rest_client] Request - Headers: {'Content-Ty
    pe': 'application/json', 'Accept': 'application/json', 'Openstack-Api-Version': 'volume 3.55', 'X-Auth-Token': '<omitted>'}
        Body: None
    Response - Headers: {'date': 'Wed, 25 Mar 2026 20:45:20 GMT', 'server': 'Apache/2.4.58 (Ubuntu)', 'content-type': 'application/json', 'x-compute-request-id': 'req-85736cea-9411-4d9a-ab19-45ac6b441a35', 'content-length': '906', 'openstack-api-version': 'volume 3.55', 'vary': 'OpenStack-API-Version', 'x-openstack-request-id': 'req-85736cea-9411-4d9a-ab19-45ac6b441a35', 'connection': 'close', 'status': '200', 'content-location': 'http://10.201.9.223/volume/v3/volumes/cac63b3c-f1a0-4d35-8356-c6c689c05f16'}
        Body: b'{"volume": {"id": "cac63b3c-f1a0-4d35-8356-c6c689c05f16", "status": "error", "size": 1, "availability_zone": "nova", "created_at": "2026-03-25T20:45:19.000000", "updated_at": "2026-03-25T20:45:19.000000", "name": "tempest-VolumesTransfersV355Test-Volume-576891230", "description": null, "volume_type": "3par1", "snapshot_id": null, "source_volid": null, "metadata": {}, "links": [{"rel": "self", "href": "http://10.201.9.223/volume/v3/volumes/cac63b3c-f1a0-4d35-8356-c6c689c05f16"}, {"rel": "bookmark", "href": "http://10.201.9.223/volume/volumes/cac63b3c-f1a0-4d35-8356-c6c689c05f16"}], "user_id": "cb67db714bad4b1f9d614c12d91431f9", "bootable": "false", "encrypted": false, "replication_status": null, "consistencygroup_id": null, "multiattach": false, "attachments": [], "group_id": null, "shared_targets": true, "service_uuid": null, "os-vol-tenant-attr:tenant_id": "54759fb798284ac1be365525a852cd21"}}'
2026-03-25 20:45:20,214 130085 INFO     [tempest.lib.common.rest_client] Request (VolumesTransfersV355Test:_run_cleanups): 200 GET http://10.201.9.223/volume/v3/volumes/cac63b3c-f1a0-4d35-8356-c6c689c05f16 0.031s
2026-03-25 20:45:20,214 130085 DEBUG    [tempest.lib.common.rest_client] Request - Headers: {'Content-Type': 'application/json', 'Accept': 'application/json', 'Openstack-Api-Version': 'volume 3.55', 'X-Auth-Token': '<omitted>'}
        Body: None
    Response - Headers: {'date': 'Wed, 25 Mar 2026 20:45:20 GMT', 'server': 'Apache/2.4.58 (Ubuntu)', 'content-type': 'application/json', 'x-compute-request-id': 'req-c8f5ea0a-1c55-4d2c-ab6e-dafaefb0fa32', 'content-length': '906', 'openstack-api-version': 'volume 3.55', 'vary': 'OpenStack-API-Version', 'x-openstack-request-id': 'req-c8f5ea0a-1c55-4d2c-ab6e-dafaefb0fa32', 'connection': 'close', 'status': '200', 'content-location': 'http://10.201.9.223/volume/v3/volumes/cac63b3c-f1a0-4d35-8356-c6c689c05f16'}
        Body: b'{"volume": {"id": "cac63b3c-f1a0-4d35-8356-c6c689c05f16", "status": "error", "size": 1, "availability_zone": "nova", "created_at": "2026-03-25T20:45:19.000000", "updated_at": "2026-03-25T20:45:19.000000", "name": "tempest-VolumesTransfersV355Test-Volume-576891230", "description": null, "volume_type": "3par1", "snapshot_id": null, "source_volid": null, "metadata": {}, "links": [{"rel": "self", "href": "http://10.201.9.223/volume/v3/volumes/cac63b3c-f1a0-4d35-8356-c6c689c05f16"}, {"rel": "bookmark", "href": "http://10.201.9.223/volume/volumes/cac63b3c-f1a0-4d35-8356-c6c689c05f16"}], "user_id": "cb67db714bad4b1f9d614c12d91431f9", "bootable": "false", "encrypted": false, "replication_status": null, "consistencygroup_id": null, "multiattach": false, "attachments": [], "group_id": null, "shared_targets": true, "service_uuid": null, "os-vol-tenant-attr:tenant_id": "54759fb798284ac1be365525a852cd21"}}'
2026-03-25 20:45:20,297 130085 INFO     [tempest.lib.common.rest_client] Request (VolumesTransfersV355Test:_run_cleanups): 202 DELETE http://10.201.9.223/volume/v3/volumes/cac63b3c-f1a0-4d35-8356-c6c689c05f16 0.071s
2026-03-25 20:45:20,298 130085 DEBUG    [tempest.lib.common.rest_client] Request - Headers: {'Content-Type': 'application/json', 'Accept': 'application/json', 'Openstack-Api-Version': 'volume 3.55', 'X-Auth-Token': '<omitted>'}
        Body: None
    Response - Headers: {'date': 'Wed, 25 Mar 2026 20:45:20 GMT', 'server': 'Apache/2.4.58 (Ubuntu)', 'content-length': '0', 'content-type': 'text/html; chars
    et=UTF-8', 'openstack-api-version': 'volume 3.55', 'vary': 'OpenStack-API-Version', 'x-openstack-request-id': 'req-d8ce8b20-9260-40ff-80b5-59cda53c1ab4', 'connection': 'close', 'status': '202', 'content-location': 'http://10.201.9.223/volume/v3/volumes/cac63b3c-f1a0-4d35-8356-c6c689c05f16'}
        Body: b''
2026-03-25 20:45:20,319 130085 INFO     [tempest.lib.common.rest_client] Request (VolumesTransfersV355Test:_run_cleanups): 404 GET http://10.201.9.223/volume/v3/volumes/cac63b3c-f1a0-4d35-8356-c6c689c05f16 0.020s
2026-03-25 20:45:20,319 130085 DEBUG    [tempest.lib.common.rest_client] Request - Headers: {'Content-Type': 'application/json', 'Accept': 'application/json', 'Openstack-Api-Version': 'volume 3.55', 'X-Auth-Token': '<omitted>'}
        Body: None
    Response - Headers: {'date': 'Wed, 25 Mar 2026 20:45:20 GMT', 'server': 'Apache/2.4.58 (Ubuntu)', 'openstack-api-version': 'volume 3.55', 'vary': 'OpenStack-API-Version', 'content-length': '109', 'content-type': 'application/json', 'x-compute-request-id': 'req-171f5ab3-2c03-4ac4-b6ee-52a5cf2799db', 'x-openstack-request-id': 'req-171f5ab3-2c03-4ac4-b6ee-52a5cf2799db', 'connection': 'close', 'status': '404', 'content-location': 'http://10.201.9.223/volume/v3/volumes/cac63b3c-f1a0-4d35-8356-c6c689c05f16'}
        Body: b'{"itemNotFound": {"code": 404, "message": "Volume cac63b3c-f1a0-4d35-8356-c6c689c05f16 could not be found."}}'


tempest.api.volume.test_volume_transfers.VolumesTransfersV355Test.test_create_list_delete_volume_transfer[id-af4a5b97-0859-4f31-aa3c-85b05bb63322]
--------------------------------------------------------------------------------------------------------------------------------------------------

Captured traceback:
~~~~~~~~~~~~~~~~~~~
    Traceback (most recent call last):

      File "/opt/stack/tempest/tempest/api/volume/test_volume_transfers.py", line 131, in test_create_list_delete_volume_transfer
    test_create_list_delete_volume_transfer()

      File "/opt/stack/tempest/tempest/api/volume/test_volume_transfers.py", line 81, in test_create_list_delete_volume_transfer
    volume = self.create_volume()
             ^^^^^^^^^^^^^^^^^^^^

      File "/opt/stack/tempest/tempest/api/volume/base.py", line 144, in create_volume
    waiters.wait_for_volume_resource_status(self.volumes_client,

      File "/opt/stack/tempest/tempest/common/waiters.py", line 379, in wait_for_volume_resource_status
    raise exceptions.VolumeResourceBuildErrorException(

    tempest.exceptions.VolumeResourceBuildErrorException: volume e5201b0a-7f94-4a71-aece-0818db656b48 failed to build and is in ERROR status


Captured pythonlogging:
~~~~~~~~~~~~~~~~~~~~~~~
    2026-03-25 20:45:20,473 130085 INFO     [tempest.lib.common.rest_client] Request (VolumesTransfersV355Test:test_create_list_delete_volume_transfer): 202 POST http://10.201.9.223/volume/v3/volumes 0.149s
2026-03-25 20:45:20,474 130085 DEBUG    [tempest.lib.common.rest_client] Request - Headers: {'Content-Type': 'application/json', 'Accept': 'application/json', 'Openstack-Api-Version': 'volume 3.55', 'X-Auth-Token': '<omitted>'}
        Body: {"volume": {"size": 1, "name": "tempest-VolumesTransfersV355Test-Volume-614931302"}}
    Response - Headers: {'date': 'Wed, 25 Mar 2026 20:45:20 GMT', 'server': 'Apache/2.4.58 (Ubuntu)', 'content-type': 'application/json', 'x-compute-request-id': 'req-ebe63b55-de5b-4928-9bdb-e2a0344bc361', 'content-length': '817', 'openstack-api-version': 'volume 3.55', 'vary': 'OpenStack-API-Version', 'x-openstack-request-id': 'req-ebe63b55-de5b-4928-9bdb-e2a0344bc361', 'connection': 'close', 'status': '202', 'content-location': 'http://10.201.9.223/volume/v3/volumes'}
        Body: b'{"volume": {"id": "e5201b0a-7f94-4a71-aece-0818db656b48", "status": "creating", "size": 1, "availability_zone": "nova", "created_at": "2026-03-25T20:45:20.415261", "updated_at": null, "name": "tempest-VolumesTransfersV355Test-Volume-614931302", "description": null, "volume_type": "3par1", "snapshot_id": null, "source_volid": null, "metadata": {}, "links": [{"rel": "self", "href": "http://10.201.9.223/volume/v3/volumes/e5201b0a-7f94-4a71-aece-0818db656b48"}, {"rel": "bookmark", "href": "http://10.201.9.223/volume/volumes/e5201b0a-7f94-4a71-aece-0818db656b48"}], "user_id": "cb67db714bad4b1f9d614c12d91431f9", "bootable": "false", "encrypted": false, "replication_status": null, "consistencygroup_id": null, "multiattach": false, "attachments": [], "group_id": null, "shared_targets": true, "service_uuid": null}}'
2026-03-25 20:45:20,504 130085 INFO     [tempest.lib.common.rest_client] Request (VolumesTransfersV355Test:test_create_list_delete_volume_transfer): 200 GET http://10.201.9.223/volume/v3/volumes/e5201b0a-7f94-4a71-aece-0818db656b48 0.026s
2026-03-25 20:45:20,505 130085 DEBUG    [tempest.lib.common.rest_client] Request - Headers: {'Content-Type': 'application/json', 'Accept': 'application/json', 'Openstack-Api-Version': 'volume 3.55', 'X-Auth-Token': '<omitted>'}
        Body: None
    Response - Headers: {'date': 'Wed, 25 Mar 2026 20:45:20 GMT', 'server': 'Apache/2.4.58 (Ubuntu)', 'content-type': 'application/json', 'x-compute-request-id': 'req-95e8e806-4e06-4e44-b1e9-8d6dba7b4ece', 'content-length': '885', 'openstack-api-version': 'volume 3.55', 'vary': 'OpenStack-API-Version', 'x-openstack-request-id': 'req-95e8e806-4e06-4e44-b1e9-8d6dba7b4ece', 'connection': 'close', 'status': '200', 'content-location': 'http://10.201.9.223/volume/v3/volumes/e5201b0a-7f94-4a71-aece-0818db656b48'}
        Body: b'{"volume": {"id": "e5201b0a-7f94-4a71-aece-0818db656b48", "status": "creating", "size": 1, "availability_zone": "nova", "created_at": "2026-03-25T20:45:20.000000", "updated_at": null, "name": "tempest-VolumesTransfersV355Test-Volume-614931302", "description": null, "volume_type": "3par1", "snapshot_id": null, "source_volid": null, "metadata": {}, "links": [{"rel": "self", "href": "http://10.201.9.223/volume/v3/volumes/e5201b0a-7f94-4a71-aece-0818db656b48"}, {"rel": "bookmark", "href": "http://10.201.9.223/volume/volumes/e5201b0a-7f94-4a71-aece-0818db656b48"}], "user_id": "cb67db714bad4b1f9d614c12d91431f9", "bootable": "false", "encrypted": false, "replication_status": null, "consistencygroup_id": null, "multiattach": false, "attachments": [], "group_id": null, "shared_targets": true, "service_uuid": null, "os-vol-tenant-attr:tenant_id": "54759fb798284ac1be365525a852cd21"}}'
2026-03-25 20:45:21,542 130085 INFO     [tempest.lib.common.rest_client] Request (VolumesTransfersV355Test:test_create_list_delete_volume_transfer): 200 GET http://10.201.9.223/volume/v3/volumes/e5201b0a-7f94-4a71-aece-0818db656b48 0.032s
2026-03-25 20:45:21,542 130085 DEBUG    [tempest.lib.common.rest_client] Request - Headers: {'Content-Type': 'applic
    ation/json', 'Accept': 'application/json', 'Openstack-Api-Version': 'volume 3.55', 'X-Auth-Token': '<omitted>'}
        Body: None
    Response - Headers: {'date': 'Wed, 25 Mar 2026 20:45:21 GMT', 'server': 'Apache/2.4.58 (Ubuntu)', 'content-type': 'application/json', 'x-compute-request-id': 'req-71060190-0391-4302-9f5e-6c365646cf2a', 'content-length': '906', 'openstack-api-version': 'volume 3.55', 'vary': 'OpenStack-API-Version', 'x-openstack-request-id': 'req-71060190-0391-4302-9f5e-6c365646cf2a', 'connection': 'close', 'status': '200', 'content-location': 'http://10.201.9.223/volume/v3/volumes/e5201b0a-7f94-4a71-aece-0818db656b48'}
        Body: b'{"volume": {"id": "e5201b0a-7f94-4a71-aece-0818db656b48", "status": "error", "size": 1, "availability_zone": "nova", "created_at": "2026-03-25T20:45:20.000000", "updated_at": "2026-03-25T20:45:21.000000", "name": "tempest-VolumesTransfersV355Test-Volume-614931302", "description": null, "volume_type": "3par1", "snapshot_id": null, "source_volid": null, "metadata": {}, "links": [{"rel": "self", "href": "http://10.201.9.223/volume/v3/volumes/e5201b0a-7f94-4a71-aece-0818db656b48"}, {"rel": "bookmark", "href": "http://10.201.9.223/volume/volumes/e5201b0a-7f94-4a71-aece-0818db656b48"}], "user_id": "cb67db714bad4b1f9d614c12d91431f9", "bootable": "false", "encrypted": false, "replication_status": null, "consistencygroup_id": null, "multiattach": false, "attachments": [], "group_id": null, "shared_targets": true, "service_uuid": null, "os-vol-tenant-attr:tenant_id": "54759fb798284ac1be365525a852cd21"}}'
2026-03-25 20:45:21,575 130085 INFO     [tempest.lib.common.rest_client] Request (VolumesTransfersV355Test:_run_cleanups): 200 GET http://10.201.9.223/volume/v3/volumes/e5201b0a-7f94-4a71-aece-0818db656b48 0.028s
2026-03-25 20:45:21,575 130085 DEBUG    [tempest.lib.common.rest_client] Request - Headers: {'Content-Type': 'application/json', 'Accept': 'application/json', 'Openstack-Api-Version': 'volume 3.55', 'X-Auth-Token': '<omitted>'}
        Body: None
    Response - Headers: {'date': 'Wed, 25 Mar 2026 20:45:21 GMT', 'server': 'Apache/2.4.58 (Ubuntu)', 'content-type': 'application/json', 'x-compute-request-id': 'req-6d95665f-9d56-42d9-93be-9130b2472c8f', 'content-length': '906', 'openstack-api-version': 'volume 3.55', 'vary': 'OpenStack-API-Version', 'x-openstack-request-id': 'req-6d95665f-9d56-42d9-93be-9130b2472c8f', 'connection': 'close', 'status': '200', 'content-location': 'http://10.201.9.223/volume/v3/volumes/e5201b0a-7f94-4a71-aece-0818db656b48'}
        Body: b'{"volume": {"id": "e5201b0a-7f94-4a71-aece-0818db656b48", "status": "error", "size": 1, "availability_zone": "nova", "created_at": "2026-03-25T20:45:20.000000", "updated_at": "2026-03-25T20:45:21.000000", "name": "tempest-VolumesTransfersV355Test-Volume-614931302", "description": null, "volume_type": "3par1", "snapshot_id": null, "source_volid": null, "metadata": {}, "links": [{"rel": "self", "href": "http://10.201.9.223/volume/v3/volumes/e5201b0a-7f94-4a71-aece-0818db656b48"}, {"rel": "bookmark", "href": "http://10.201.9.223/volume/volumes/e5201b0a-7f94-4a71-aece-0818db656b48"}], "user_id": "cb67db714bad4b1f9d614c12d91431f9", "bootable": "false", "encrypted": false, "replication_status": null, "consistencygroup_id": null, "multiattach": false, "attachments": [], "group_id": null, "shared_targets": true, "service_uuid": null, "os-vol-tenant-attr:tenant_id": "54759fb798284ac1be365525a852cd21"}}'
2026-03-25 20:45:21,645 130085 INFO     [tempest.lib.common.rest_client] Request (VolumesTransfersV355Test:_run_cleanups): 202 DELETE http://10.201.9.223/volume/v3/volumes/e5201b0a-7f94-4a71-aece-0818db656b48 0.062s
2026-03-25 20:45:21,645 130085 DEBUG    [tempest.lib.common.rest_client] Request - Headers: {'Content-Type': 'application/json', 'Accept': 'application/json', 'Openstack-Api-Version': 'volume 3.55', 'X-Auth-Token': '<omitted>'}
        Body: None
    Response - Headers: {'date': 'Wed, 25 Mar 2026 20:45:21 GMT', 'server': 'Apache/2.4.58 (Ubuntu)', 'content-length': '0', 'content-type': 'text/html; charset=UTF-8', '
    openstack-api-version': 'volume 3.55', 'vary': 'OpenStack-API-Version', 'x-openstack-request-id': 'req-866f4195-78d1-4dc5-939a-85c5c657ddcd', 'connection': 'close', 'status': '202', 'content-location': 'http://10.201.9.223/volume/v3/volumes/e5201b0a-7f94-4a71-aece-0818db656b48'}
        Body: b''
2026-03-25 20:45:21,662 130085 INFO     [tempest.lib.common.rest_client] Request (VolumesTransfersV355Test:_run_cleanups): 404 GET http://10.201.9.223/volume/v3/volumes/e5201b0a-7f94-4a71-aece-0818db656b48 0.017s
2026-03-25 20:45:21,662 130085 DEBUG    [tempest.lib.common.rest_client] Request - Headers: {'Content-Type': 'application/json', 'Accept': 'application/json', 'Openstack-Api-Version': 'volume 3.55', 'X-Auth-Token': '<omitted>'}
        Body: None
    Response - Headers: {'date': 'Wed, 25 Mar 2026 20:45:21 GMT', 'server': 'Apache/2.4.58 (Ubuntu)', 'openstack-api-version': 'volume 3.55', 'vary': 'OpenStack-API-Version', 'content-length': '109', 'content-type': 'application/json', 'x-compute-request-id': 'req-95546821-71ba-4c83-add9-5ecc0a042483', 'x-openstack-request-id': 'req-95546821-71ba-4c83-add9-5ecc0a042483', 'connection': 'close', 'status': '404', 'content-location': 'http://10.201.9.223/volume/v3/volumes/e5201b0a-7f94-4a71-aece-0818db656b48'}
        Body: b'{"itemNotFound": {"code": 404, "message": "Volume e5201b0a-7f94-4a71-aece-0818db656b48 could not be found."}}'


tempest.api.volume.test_volume_transfers.VolumesTransfersV357Test.test_create_get_list_accept_volume_transfer[id-d746bd69-bb30-4414-9a1c-577959fac6a1]
------------------------------------------------------------------------------------------------------------------------------------------------------

Captured traceback:
~~~~~~~~~~~~~~~~~~~
    Traceback (most recent call last):

      File "/opt/stack/tempest/tempest/api/volume/test_volume_transfers.py", line 144, in test_create_get_list_accept_volume_transfer
    test_create_get_list_accept_volume_transfer()

      File "/opt/stack/tempest/tempest/api/volume/test_volume_transfers.py", line 125, in test_create_get_list_accept_volume_transfer
    test_create_get_list_accept_volume_transfer()

      File "/opt/stack/tempest/tempest/api/volume/test_volume_transfers.py", line 40, in test_create_get_list_accept_volume_transfer
    volume = self.create_volume()
             ^^^^^^^^^^^^^^^^^^^^

      File "/opt/stack/tempest/tempest/api/volume/base.py", line 144, in create_volume
    waiters.wait_for_volume_resource_status(self.volumes_client,

      File "/opt/stack/tempest/tempest/common/waiters.py", line 379, in wait_for_volume_resource_status
    raise exceptions.VolumeResourceBuildErrorException(

    tempest.exceptions.VolumeResourceBuildErrorException: volume 9a9e69bd-332f-47e3-ba2d-e8934aa2ca4e failed to build and is in ERROR status


Captured pythonlogging:
~~~~~~~~~~~~~~~~~~~~~~~
    2026-03-25 20:45:24,641 130085 INFO     [tempest.lib.common.rest_client] Request (VolumesTransfersV357Test:test_create_get_list_accept_volume_transfer): 202 POST http://10.201.9.223/volume/v3/volumes 0.225s
2026-03-25 20:45:24,642 130085 DEBUG    [tempest.lib.common.rest_client] Request - Headers: {'Content-Type': 'application/json', 'Accept': 'application/json', 'Openstack-Api-Version': 'volume 3.57', 'X-Auth-Token': '<omitted>'}
        Body: {"volume": {"size": 1, "name": "tempest-VolumesTransfersV357Test-Volume-770641139"}}
    Response - Headers: {'date': 'Wed, 25 Mar 2026 20:45:24 GMT', 'server': 'Apache/2.4.58 (Ubuntu)', 'content-type': 'application/json', 'x-compute-request-id': 'req-b0c34c14-737a-46fe-a5ca-d800460233a7', 'content-length': '817', 'openstack-api-version': 'volume 3.57', 'vary': 'OpenStack-API-Version', 'x-openstack-request-id': 'req-b0c34c14-737a-46fe-a5ca-d800460233a7', 'connection': 'close', 'status': '202', 'content-location': 'http://10.201.9.223/volume/v3/volumes'}
        Body: b'{"volume": {"id": "9a9e69bd-332f-47e3-ba2d-e8934aa2ca4e", "status": "creating", "size": 1, "availability_zone": "nova", "created_at": "2026-03-25T20:45:24.593994", "updated_at": null, "name": "tempest-VolumesTransfersV357Test-Volume-770641139", "description": null, "volume_type": "3par1", "snapshot_id": null, "source_volid": null, "metadata": {}, "links": [{"rel": "self", "href": "http://10.201.9.223/volume/v3/volumes/9a9e69bd-332f-47e3-ba2d-e8934aa2ca4e"}, {"rel": "bookmark", "href": "http://10.201.9.223/volume/volumes/9a9e69bd-332f-47e3-ba2d-e8934aa2ca4e"}], "user_id": "b304b19d72ea4df8bf94a0f6ffdaec4e", "bootable": "false", "encrypted": false, "replication_status": null, "consistencygroup_id": null, "multiattach": false, "attachments": [], "group_id": null, "shared_targets": true, "service_uuid": null}}'
2026-03-25 20:45:24,671 130085 INFO     [tempest.lib.common.rest_client] Request (VolumesTransfersV357Test:test_create_get_list_accept_volume_transfer): 200 GET http://10.201.9.223/volume/v3/volumes/9a9e69bd-332f-47e3-ba2d-e8934aa2ca4e 0.019s
2026-03-25 20:45:24,671 130085 DEBUG    [tempest.lib.common.rest_client] Request - Headers: {'Content-Type': 'application/json', 'Accept': 'application/json', 'Openstack-Api-Version': 'volume 3.57', 'X-Auth-Token': '<omitted>'}
        Body: None
    Response - Headers: {'date': 'Wed, 25 Mar 2026 20:45:24 GMT', 'server': 'Apache/2.4.58 (Ubuntu)', 'content-type': 'application/json', 'x-compute-request-id': 'req-61515e0d-e0af-41c4-b0ef-8158c34faa9b', 'content-length': '885', 'openstack-api-version': 'volume 3.57', 'vary': 'OpenStack-API-Version', 'x-openstack-request-id': 'req-61515e0d-e0af-41c4-b0ef-8158c34faa9b', 'connection': 'close', 'status': '200', 'content-location': 'http://10.201.9.223/volume/v3/volumes/9a9e69bd-332f-47e3-ba2d-e8934aa2ca4e'}
        Body: b'{"volume": {"id": "9a9e69bd-332f-47e3-ba2d-e8934aa2ca4e", "status": "creating", "size": 1, "availability_zone": "nova", "created_at": "2026-03-25T20:45:25.000000", "updated_at": null, "name": "tempest-VolumesTransfersV357Test-Volume-770641139", "description": null, "volume_type": "3par1", "snapshot_id": null, "source_volid": null, "metadata": {}, "links": [{"rel": "self", "href": "http://10.201.9.223/volume/v3/volumes/9a9e69bd-332f-47e3-ba2d-e8934aa2ca4e"}, {"rel": "bookmark", "href": "http://10.201.9.223/volume/volumes/9a9e69bd-332f-47e3-ba2d-e8934aa2ca4e"}], "user_id": "b304b19d72ea4df8bf94a0f6ffdaec4e", "bootable": "false", "encrypted": false, "replication_status": null, "consistencygroup_id": null, "multiattach": false, "attachments": [], "group_id": null, "shared_targets": true, "service_uuid": null, "os-vol-tenant-attr:tenant_id": "47df6e4eb4ad4dea8e831eeeb8377e07"}}'
2026-03-25 20:45:25,719 130085 INFO     [tempest.lib.common.rest_client] Request (VolumesTransfersV357Test:test_create_get_list_accept_volume_transfer): 200 GET http://10.201.9.223/volume/v3/volumes/9a9e69bd-332f-47e3-ba2d-e8934aa2ca4e 0.043s
2026-03-25 20:45:25,719 130085 DEBUG    [tempest.lib.common.rest_client] Request - Headers: {'Content-Ty
    pe': 'application/json', 'Accept': 'application/json', 'Openstack-Api-Version': 'volume 3.57', 'X-Auth-Token': '<omitted>'}
        Body: None
    Response - Headers: {'date': 'Wed, 25 Mar 2026 20:45:25 GMT', 'server': 'Apache/2.4.58 (Ubuntu)', 'content-type': 'application/json', 'x-compute-request-id': 'req-3d43f25d-4f6b-4afa-8ad4-ee5ea98e88e1', 'content-length': '906', 'openstack-api-version': 'volume 3.57', 'vary': 'OpenStack-API-Version', 'x-openstack-request-id': 'req-3d43f25d-4f6b-4afa-8ad4-ee5ea98e88e1', 'connection': 'close', 'status': '200', 'content-location': 'http://10.201.9.223/volume/v3/volumes/9a9e69bd-332f-47e3-ba2d-e8934aa2ca4e'}
        Body: b'{"volume": {"id": "9a9e69bd-332f-47e3-ba2d-e8934aa2ca4e", "status": "error", "size": 1, "availability_zone": "nova", "created_at": "2026-03-25T20:45:25.000000", "updated_at": "2026-03-25T20:45:25.000000", "name": "tempest-VolumesTransfersV357Test-Volume-770641139", "description": null, "volume_type": "3par1", "snapshot_id": null, "source_volid": null, "metadata": {}, "links": [{"rel": "self", "href": "http://10.201.9.223/volume/v3/volumes/9a9e69bd-332f-47e3-ba2d-e8934aa2ca4e"}, {"rel": "bookmark", "href": "http://10.201.9.223/volume/volumes/9a9e69bd-332f-47e3-ba2d-e8934aa2ca4e"}], "user_id": "b304b19d72ea4df8bf94a0f6ffdaec4e", "bootable": "false", "encrypted": false, "replication_status": null, "consistencygroup_id": null, "multiattach": false, "attachments": [], "group_id": null, "shared_targets": true, "service_uuid": null, "os-vol-tenant-attr:tenant_id": "47df6e4eb4ad4dea8e831eeeb8377e07"}}'
2026-03-25 20:45:25,745 130085 INFO     [tempest.lib.common.rest_client] Request (VolumesTransfersV357Test:_run_cleanups): 200 GET http://10.201.9.223/volume/v3/volumes/9a9e69bd-332f-47e3-ba2d-e8934aa2ca4e 0.020s
2026-03-25 20:45:25,746 130085 DEBUG    [tempest.lib.common.rest_client] Request - Headers: {'Content-Type': 'application/json', 'Accept': 'application/json', 'Openstack-Api-Version': 'volume 3.57', 'X-Auth-Token': '<omitted>'}
        Body: None
    Response - Headers: {'date': 'Wed, 25 Mar 2026 20:45:25 GMT', 'server': 'Apache/2.4.58 (Ubuntu)', 'content-type': 'application/json', 'x-compute-request-id': 'req-9cf74917-adfe-4ea1-839b-2c49e6f5cf3c', 'content-length': '906', 'openstack-api-version': 'volume 3.57', 'vary': 'OpenStack-API-Version', 'x-openstack-request-id': 'req-9cf74917-adfe-4ea1-839b-2c49e6f5cf3c', 'connection': 'close', 'status': '200', 'content-location': 'http://10.201.9.223/volume/v3/volumes/9a9e69bd-332f-47e3-ba2d-e8934aa2ca4e'}
        Body: b'{"volume": {"id": "9a9e69bd-332f-47e3-ba2d-e8934aa2ca4e", "status": "error", "size": 1, "availability_zone": "nova", "created_at": "2026-03-25T20:45:25.000000", "updated_at": "2026-03-25T20:45:25.000000", "name": "tempest-VolumesTransfersV357Test-Volume-770641139", "description": null, "volume_type": "3par1", "snapshot_id": null, "source_volid": null, "metadata": {}, "links": [{"rel": "self", "href": "http://10.201.9.223/volume/v3/volumes/9a9e69bd-332f-47e3-ba2d-e8934aa2ca4e"}, {"rel": "bookmark", "href": "http://10.201.9.223/volume/volumes/9a9e69bd-332f-47e3-ba2d-e8934aa2ca4e"}], "user_id": "b304b19d72ea4df8bf94a0f6ffdaec4e", "bootable": "false", "encrypted": false, "replication_status": null, "consistencygroup_id": null, "multiattach": false, "attachments": [], "group_id": null, "shared_targets": true, "service_uuid": null, "os-vol-tenant-attr:tenant_id": "47df6e4eb4ad4dea8e831eeeb8377e07"}}'
2026-03-25 20:45:25,811 130085 INFO     [tempest.lib.common.rest_client] Request (VolumesTransfersV357Test:_run_cleanups): 202 DELETE http://10.201.9.223/volume/v3/volumes/9a9e69bd-332f-47e3-ba2d-e8934aa2ca4e 0.061s
2026-03-25 20:45:25,812 130085 DEBUG    [tempest.lib.common.rest_client] Request - Headers: {'Content-Type': 'application/json', 'Accept': 'application/json', 'Openstack-Api-Version': 'volume 3.57', 'X-Auth-Token': '<omitted>'}
        Body: None
    Response - Headers: {'date': 'Wed, 25 Mar 2026 20:45:25 GMT', 'server': 'Apache/2.4.58 (Ubuntu)', 'content-length': '0', 'content-type': 'text/html; chars
    et=UTF-8', 'openstack-api-version': 'volume 3.57', 'vary': 'OpenStack-API-Version', 'x-openstack-request-id': 'req-8c908288-7f9d-49cb-b234-fca59a2b74ad', 'connection': 'close', 'status': '202', 'content-location': 'http://10.201.9.223/volume/v3/volumes/9a9e69bd-332f-47e3-ba2d-e8934aa2ca4e'}
        Body: b''
2026-03-25 20:45:25,822 130085 INFO     [tempest.lib.common.rest_client] Request (VolumesTransfersV357Test:_run_cleanups): 404 GET http://10.201.9.223/volume/v3/volumes/9a9e69bd-332f-47e3-ba2d-e8934aa2ca4e 0.010s
2026-03-25 20:45:25,822 130085 DEBUG    [tempest.lib.common.rest_client] Request - Headers: {'Content-Type': 'application/json', 'Accept': 'application/json', 'Openstack-Api-Version': 'volume 3.57', 'X-Auth-Token': '<omitted>'}
        Body: None
    Response - Headers: {'date': 'Wed, 25 Mar 2026 20:45:25 GMT', 'server': 'Apache/2.4.58 (Ubuntu)', 'openstack-api-version': 'volume 3.57', 'vary': 'OpenStack-API-Version', 'content-length': '109', 'content-type': 'application/json', 'x-compute-request-id': 'req-26e224dc-aae4-4355-842f-baa0dd49208c', 'x-openstack-request-id': 'req-26e224dc-aae4-4355-842f-baa0dd49208c', 'connection': 'close', 'status': '404', 'content-location': 'http://10.201.9.223/volume/v3/volumes/9a9e69bd-332f-47e3-ba2d-e8934aa2ca4e'}
        Body: b'{"itemNotFound": {"code": 404, "message": "Volume 9a9e69bd-332f-47e3-ba2d-e8934aa2ca4e could not be found."}}'


tempest.api.volume.test_volume_transfers.VolumesTransfersV357Test.test_create_list_delete_volume_transfer[id-d4b20ec2-e1bb-4068-adcf-6c20020a8e05]
--------------------------------------------------------------------------------------------------------------------------------------------------

Captured traceback:
~~~~~~~~~~~~~~~~~~~
    Traceback (most recent call last):

      File "/opt/stack/tempest/tempest/api/volume/test_volume_transfers.py", line 150, in test_create_list_delete_volume_transfer
    test_create_list_delete_volume_transfer()

      File "/opt/stack/tempest/tempest/api/volume/test_volume_transfers.py", line 131, in test_create_list_delete_volume_transfer
    test_create_list_delete_volume_transfer()

      File "/opt/stack/tempest/tempest/api/volume/test_volume_transfers.py", line 81, in test_create_list_delete_volume_transfer
    volume = self.create_volume()
             ^^^^^^^^^^^^^^^^^^^^

      File "/opt/stack/tempest/tempest/api/volume/base.py", line 144, in create_volume
    waiters.wait_for_volume_resource_status(self.volumes_client,

      File "/opt/stack/tempest/tempest/common/waiters.py", line 379, in wait_for_volume_resource_status
    raise exceptions.VolumeResourceBuildErrorException(

    tempest.exceptions.VolumeResourceBuildErrorException: volume a9cd88d6-f019-4185-9964-de845358943f failed to build and is in ERROR status


Captured pythonlogging:
~~~~~~~~~~~~~~~~~~~~~~~
    2026-03-25 20:45:25,949 130085 INFO     [tempest.lib.common.rest_client] Request (VolumesTransfersV357Test:test_create_list_delete_volume_transfer): 202 POST http://10.201.9.223/volume/v3/volumes 0.125s
2026-03-25 20:45:25,949 130085 DEBUG    [tempest.lib.common.rest_client] Request - Headers: {'Content-Type': 'application/json', 'Accept': 'application/json', 'Openstack-Api-Version': 'volume 3.57', 'X-Auth-Token': '<omitted>'}
        Body: {"volume": {"size": 1, "name": "tempest-VolumesTransfersV357Test-Volume-2091462225"}}
    Response - Headers: {'date': 'Wed, 25 Mar 2026 20:45:25 GMT', 'server': 'Apache/2.4.58 (Ubuntu)', 'content-type': 'application/json', 'x-compute-request-id': 'req-edf89e45-8e66-4442-a6c6-129c33d96873', 'content-length': '818', 'openstack-api-version': 'volume 3.57', 'vary': 'OpenStack-API-Version', 'x-openstack-request-id': 'req-edf89e45-8e66-4442-a6c6-129c33d96873', 'connection': 'close', 'status': '202', 'content-location': 'http://10.201.9.223/volume/v3/volumes'}
        Body: b'{"volume": {"id": "a9cd88d6-f019-4185-9964-de845358943f", "status": "creating", "size": 1, "availability_zone": "nova", "created_at": "2026-03-25T20:45:25.903244", "updated_at": null, "name": "tempest-VolumesTransfersV357Test-Volume-2091462225", "description": null, "volume_type": "3par1", "snapshot_id": null, "source_volid": null, "metadata": {}, "links": [{"rel": "self", "href": "http://10.201.9.223/volume/v3/volumes/a9cd88d6-f019-4185-9964-de845358943f"}, {"rel": "bookmark", "href": "http://10.201.9.223/volume/volumes/a9cd88d6-f019-4185-9964-de845358943f"}], "user_id": "b304b19d72ea4df8bf94a0f6ffdaec4e", "bootable": "false", "encrypted": false, "replication_status": null, "consistencygroup_id": null, "multiattach": false, "attachments": [], "group_id": null, "shared_targets": true, "service_uuid": null}}'
2026-03-25 20:45:25,972 130085 INFO     [tempest.lib.common.rest_client] Request (VolumesTransfersV357Test:test_create_list_delete_volume_transfer): 200 GET http://10.201.9.223/volume/v3/volumes/a9cd88d6-f019-4185-9964-de845358943f 0.018s
2026-03-25 20:45:25,972 130085 DEBUG    [tempest.lib.common.rest_client] Request - Headers: {'Content-Type': 'application/json', 'Accept': 'application/json', 'Openstack-Api-Version': 'volume 3.57', 'X-Auth-Token': '<omitted>'}
        Body: None
    Response - Headers: {'date': 'Wed, 25 Mar 2026 20:45:25 GMT', 'server': 'Apache/2.4.58 (Ubuntu)', 'content-type': 'application/json', 'x-compute-request-id': 'req-d68080ca-970d-47d2-86e3-be0297e6c25f', 'content-length': '886', 'openstack-api-version': 'volume 3.57', 'vary': 'OpenStack-API-Version', 'x-openstack-request-id': 'req-d68080ca-970d-47d2-86e3-be0297e6c25f', 'connection': 'close', 'status': '200', 'content-location': 'http://10.201.9.223/volume/v3/volumes/a9cd88d6-f019-4185-9964-de845358943f'}
        Body: b'{"volume": {"id": "a9cd88d6-f019-4185-9964-de845358943f", "status": "creating", "size": 1, "availability_zone": "nova", "created_at": "2026-03-25T20:45:26.000000", "updated_at": null, "name": "tempest-VolumesTransfersV357Test-Volume-2091462225", "description": null, "volume_type": "3par1", "snapshot_id": null, "source_volid": null, "metadata": {}, "links": [{"rel": "self", "href": "http://10.201.9.223/volume/v3/volumes/a9cd88d6-f019-4185-9964-de845358943f"}, {"rel": "bookmark", "href": "http://10.201.9.223/volume/volumes/a9cd88d6-f019-4185-9964-de845358943f"}], "user_id": "b304b19d72ea4df8bf94a0f6ffdaec4e", "bootable": "false", "encrypted": false, "replication_status": null, "consistencygroup_id": null, "multiattach": false, "attachments": [], "group_id": null, "shared_targets": true, "service_uuid": null, "os-vol-tenant-attr:tenant_id": "47df6e4eb4ad4dea8e831eeeb8377e07"}}'
2026-03-25 20:45:27,009 130085 INFO     [tempest.lib.common.rest_client] Request (VolumesTransfersV357Test:test_create_list_delete_volume_transfer): 200 GET http://10.201.9.223/volume/v3/volumes/a9cd88d6-f019-4185-9964-de845358943f 0.032s
2026-03-25 20:45:27,010 130085 DEBUG    [tempest.lib.common.rest_client] Request - Headers: {'Content-Type': 'app
    lication/json', 'Accept': 'application/json', 'Openstack-Api-Version': 'volume 3.57', 'X-Auth-Token': '<omitted>'}
        Body: None
    Response - Headers: {'date': 'Wed, 25 Mar 2026 20:45:26 GMT', 'server': 'Apache/2.4.58 (Ubuntu)', 'content-type': 'application/json', 'x-compute-request-id': 'req-d5cd6026-faf8-4d5f-8a23-00102f1a19e8', 'content-length': '907', 'openstack-api-version': 'volume 3.57', 'vary': 'OpenStack-API-Version', 'x-openstack-request-id': 'req-d5cd6026-faf8-4d5f-8a23-00102f1a19e8', 'connection': 'close', 'status': '200', 'content-location': 'http://10.201.9.223/volume/v3/volumes/a9cd88d6-f019-4185-9964-de845358943f'}
        Body: b'{"volume": {"id": "a9cd88d6-f019-4185-9964-de845358943f", "status": "error", "size": 1, "availability_zone": "nova", "created_at": "2026-03-25T20:45:26.000000", "updated_at": "2026-03-25T20:45:26.000000", "name": "tempest-VolumesTransfersV357Test-Volume-2091462225", "description": null, "volume_type": "3par1", "snapshot_id": null, "source_volid": null, "metadata": {}, "links": [{"rel": "self", "href": "http://10.201.9.223/volume/v3/volumes/a9cd88d6-f019-4185-9964-de845358943f"}, {"rel": "bookmark", "href": "http://10.201.9.223/volume/volumes/a9cd88d6-f019-4185-9964-de845358943f"}], "user_id": "b304b19d72ea4df8bf94a0f6ffdaec4e", "bootable": "false", "encrypted": false, "replication_status": null, "consistencygroup_id": null, "multiattach": false, "attachments": [], "group_id": null, "shared_targets": true, "service_uuid": null, "os-vol-tenant-attr:tenant_id": "47df6e4eb4ad4dea8e831eeeb8377e07"}}'
2026-03-25 20:45:27,044 130085 INFO     [tempest.lib.common.rest_client] Request (VolumesTransfersV357Test:_run_cleanups): 200 GET http://10.201.9.223/volume/v3/volumes/a9cd88d6-f019-4185-9964-de845358943f 0.022s
2026-03-25 20:45:27,044 130085 DEBUG    [tempest.lib.common.rest_client] Request - Headers: {'Content-Type': 'application/json', 'Accept': 'application/json', 'Openstack-Api-Version': 'volume 3.57', 'X-Auth-Token': '<omitted>'}
        Body: None
    Response - Headers: {'date': 'Wed, 25 Mar 2026 20:45:27 GMT', 'server': 'Apache/2.4.58 (Ubuntu)', 'content-type': 'application/json', 'x-compute-request-id': 'req-834bacbd-9ba6-4f21-9262-0807cb17649c', 'content-length': '907', 'openstack-api-version': 'volume 3.57', 'vary': 'OpenStack-API-Version', 'x-openstack-request-id': 'req-834bacbd-9ba6-4f21-9262-0807cb17649c', 'connection': 'close', 'status': '200', 'content-location': 'http://10.201.9.223/volume/v3/volumes/a9cd88d6-f019-4185-9964-de845358943f'}
        Body: b'{"volume": {"id": "a9cd88d6-f019-4185-9964-de845358943f", "status": "error", "size": 1, "availability_zone": "nova", "created_at": "2026-03-25T20:45:26.000000", "updated_at": "2026-03-25T20:45:26.000000", "name": "tempest-VolumesTransfersV357Test-Volume-2091462225", "description": null, "volume_type": "3par1", "snapshot_id": null, "source_volid": null, "metadata": {}, "links": [{"rel": "self", "href": "http://10.201.9.223/volume/v3/volumes/a9cd88d6-f019-4185-9964-de845358943f"}, {"rel": "bookmark", "href": "http://10.201.9.223/volume/volumes/a9cd88d6-f019-4185-9964-de845358943f"}], "user_id": "b304b19d72ea4df8bf94a0f6ffdaec4e", "bootable": "false", "encrypted": false, "replication_status": null, "consistencygroup_id": null, "multiattach": false, "attachments": [], "group_id": null, "shared_targets": true, "service_uuid": null, "os-vol-tenant-attr:tenant_id": "47df6e4eb4ad4dea8e831eeeb8377e07"}}'
2026-03-25 20:45:27,113 130085 INFO     [tempest.lib.common.rest_client] Request (VolumesTransfersV357Test:_run_cleanups): 202 DELETE http://10.201.9.223/volume/v3/volumes/a9cd88d6-f019-4185-9964-de845358943f 0.065s
2026-03-25 20:45:27,114 130085 DEBUG    [tempest.lib.common.rest_client] Request - Headers: {'Content-Type': 'application/json', 'Accept': 'application/json', 'Openstack-Api-Version': 'volume 3.57', 'X-Auth-Token': '<omitted>'}
        Body: None
    Response - Headers: {'date': 'Wed, 25 Mar 2026 20:45:27 GMT', 'server': 'Apache/2.4.58 (Ubuntu)', 'content-length': '0', 'content-type': 'text/html; charset=UTF-
    8', 'openstack-api-version': 'volume 3.57', 'vary': 'OpenStack-API-Version', 'x-openstack-request-id': 'req-52449f33-2e07-48f0-803e-61dc30bc8c1e', 'connection': 'close', 'status': '202', 'content-location': 'http://10.201.9.223/volume/v3/volumes/a9cd88d6-f019-4185-9964-de845358943f'}
        Body: b''
2026-03-25 20:45:27,130 130085 INFO     [tempest.lib.common.rest_client] Request (VolumesTransfersV357Test:_run_cleanups): 404 GET http://10.201.9.223/volume/v3/volumes/a9cd88d6-f019-4185-9964-de845358943f 0.015s
2026-03-25 20:45:27,130 130085 DEBUG    [tempest.lib.common.rest_client] Request - Headers: {'Content-Type': 'application/json', 'Accept': 'application/json', 'Openstack-Api-Version': 'volume 3.57', 'X-Auth-Token': '<omitted>'}
        Body: None
    Response - Headers: {'date': 'Wed, 25 Mar 2026 20:45:27 GMT', 'server': 'Apache/2.4.58 (Ubuntu)', 'openstack-api-version': 'volume 3.57', 'vary': 'OpenStack-API-Version', 'content-length': '109', 'content-type': 'application/json', 'x-compute-request-id': 'req-e91a1a04-c0dd-4fcb-a32b-f6c5f0592052', 'x-openstack-request-id': 'req-e91a1a04-c0dd-4fcb-a32b-f6c5f0592052', 'connection': 'close', 'status': '404', 'content-location': 'http://10.201.9.223/volume/v3/volumes/a9cd88d6-f019-4185-9964-de845358943f'}
        Body: b'{"itemNotFound": {"code": 404, "message": "Volume a9cd88d6-f019-4185-9964-de845358943f could not be found."}}'


tempest.api.volume.test_volumes_clone.VolumesCloneTest.test_create_from_volume[id-9adae371-a257-43a5-9555-dc7c88e66e0e]
-----------------------------------------------------------------------------------------------------------------------

Captured traceback:
~~~~~~~~~~~~~~~~~~~
    Traceback (most recent call last):

      File "/opt/stack/tempest/tempest/api/volume/test_volumes_clone.py", line 54, in test_create_from_volume
    src_vol = self.create_volume(size=src_size)
              ^^^^^^^^^^^^^^^^^^^^^^^^^^^^^^^^^

      File "/opt/stack/tempest/tempest/api/volume/base.py", line 144, in create_volume
    waiters.wait_for_volume_resource_status(self.volumes_client,

      File "/opt/stack/tempest/tempest/common/waiters.py", line 379, in wait_for_volume_resource_status
    raise exceptions.VolumeResourceBuildErrorException(

    tempest.exceptions.VolumeResourceBuildErrorException: volume f1600539-71ff-4aed-9160-21da8638269c failed to build and is in ERROR status


Captured pythonlogging:
~~~~~~~~~~~~~~~~~~~~~~~
    2026-03-25 20:45:29,580 130085 INFO     [tempest.lib.common.rest_client] Request (VolumesCloneTest:test_create_from_volume): 202 POST http://10.201.9.223/volume/v3/volumes 0.217s
2026-03-25 20:45:29,580 130085 DEBUG    [tempest.lib.common.rest_client] Request - Headers: {'Content-Type': 'application/json', 'Accept': 'application/json', 'X-Auth-Token': '<omitted>'}
        Body: {"volume": {"size": 1, "name": "tempest-VolumesCloneTest-Volume-167166127"}}
    Response - Headers: {'date': 'Wed, 25 Mar 2026 20:45:29 GMT', 'server': 'Apache/2.4.58 (Ubuntu)', 'content-type': 'application/json', 'x-compute-request-id': 'req-aa9990dd-00df-40a2-b07c-ec9091fd1448', 'content-length': '745', 'openstack-api-version': 'volume 3.0', 'vary': 'OpenStack-API-Version', 'x-openstack-request-id': 'req-aa9990dd-00df-40a2-b07c-ec9091fd1448', 'connection': 'close', 'status': '202', 'content-location': 'http://10.201.9.223/volume/v3/volumes'}
        Body: b'{"volume": {"id": "f1600539-71ff-4aed-9160-21da8638269c", "status": "creating", "size": 1, "availability_zone": "nova", "created_at": "2026-03-25T20:45:29.527888", "updated_at": null, "name": "tempest-VolumesCloneTest-Volume-167166127", "description": null, "volume_type": "3par1", "snapshot_id": null, "source_volid": null, "metadata": {}, "links": [{"rel": "self", "href": "http://10.201.9.223/volume/v3/volumes/f1600539-71ff-4aed-9160-21da8638269c"}, {"rel": "bookmark", "href": "http://10.201.9.223/volume/volumes/f1600539-71ff-4aed-9160-21da8638269c"}], "user_id": "e987a8d123db48078dae3c2450c8ba7b", "bootable": "false", "encrypted": false, "replication_status": null, "consistencygroup_id": null, "multiattach": false, "attachments": []}}'
2026-03-25 20:45:29,612 130085 INFO     [tempest.lib.common.rest_client] Request (VolumesCloneTest:test_create_from_volume): 200 GET http://10.201.9.223/volume/v3/volumes/f1600539-71ff-4aed-9160-21da8638269c 0.025s
2026-03-25 20:45:29,612 130085 DEBUG    [tempest.lib.common.rest_client] Request - Headers: {'Content-Type': 'application/json', 'Accept': 'application/json', 'X-Auth-Token': '<omitted>'}
        Body: None
    Response - Headers: {'date': 'Wed, 25 Mar 2026 20:45:29 GMT', 'server': 'Apache/2.4.58 (Ubuntu)', 'content-type': 'application/json', 'x-compute-request-id': 'req-c6ecee69-d59c-41d8-9f00-d7a16092007d', 'content-length': '813', 'openstack-api-version': 'volume 3.0', 'vary': 'OpenStack-API-Version', 'x-openstack-request-id': 'req-c6ecee69-d59c-41d8-9f00-d7a16092007d', 'connection': 'close', 'status': '200', 'content-location': 'http://10.201.9.223/volume/v3/volumes/f1600539-71ff-4aed-9160-21da8638269c'}
        Body: b'{"volume": {"id": "f1600539-71ff-4aed-9160-21da8638269c", "status": "creating", "size": 1, "availability_zone": "nova", "created_at": "2026-03-25T20:45:30.000000", "updated_at": null, "name": "tempest-VolumesCloneTest-Volume-167166127", "description": null, "volume_type": "3par1", "snapshot_id": null, "source_volid": null, "metadata": {}, "links": [{"rel": "self", "href": "http://10.201.9.223/volume/v3/volumes/f1600539-71ff-4aed-9160-21da8638269c"}, {"rel": "bookmark", "href": "http://10.201.9.223/volume/volumes/f1600539-71ff-4aed-9160-21da8638269c"}], "user_id": "e987a8d123db48078dae3c2450c8ba7b", "bootable": "false", "encrypted": false, "replication_status": null, "consistencygroup_id": null, "multiattach": false, "attachments": [], "os-vol-tenant-attr:tenant_id": "011ee6b2d72f438dadd0ccf9709bcfaf"}}'
2026-03-25 20:45:30,647 130085 INFO     [tempest.lib.common.rest_client] Request (VolumesCloneTest:test_create_from_volume): 200 GET http://10.201.9.223/volume/v3/volumes/f1600539-71ff-4aed-9160-21da8638269c 0.030s
2026-03-25 20:45:30,647 130085 DEBUG    [tempest.lib.common.rest_client] Request - Headers: {'Content-Type': 'application/json', 'Accept': 'application/json', 'X-Auth-Token': '<omitted>'}
        Body: None
    Response - Headers: {'date': 'Wed, 25 Mar 2026 20:45:30 GMT', 'server': 'Apache/2.4.58 (Ubuntu)', 'content-type': 'application/json', 'x-compute-request-id': 'req-6d9a999d-31d9-4a29-9d48-9132f0002996', 'content-
    length': '834', 'openstack-api-version': 'volume 3.0', 'vary': 'OpenStack-API-Version', 'x-openstack-request-id': 'req-6d9a999d-31d9-4a29-9d48-9132f0002996', 'connection': 'close', 'status': '200', 'content-location': 'http://10.201.9.223/volume/v3/volumes/f1600539-71ff-4aed-9160-21da8638269c'}
        Body: b'{"volume": {"id": "f1600539-71ff-4aed-9160-21da8638269c", "status": "error", "size": 1, "availability_zone": "nova", "created_at": "2026-03-25T20:45:30.000000", "updated_at": "2026-03-25T20:45:30.000000", "name": "tempest-VolumesCloneTest-Volume-167166127", "description": null, "volume_type": "3par1", "snapshot_id": null, "source_volid": null, "metadata": {}, "links": [{"rel": "self", "href": "http://10.201.9.223/volume/v3/volumes/f1600539-71ff-4aed-9160-21da8638269c"}, {"rel": "bookmark", "href": "http://10.201.9.223/volume/volumes/f1600539-71ff-4aed-9160-21da8638269c"}], "user_id": "e987a8d123db48078dae3c2450c8ba7b", "bootable": "false", "encrypted": false, "replication_status": null, "consistencygroup_id": null, "multiattach": false, "attachments": [], "os-vol-tenant-attr:tenant_id": "011ee6b2d72f438dadd0ccf9709bcfaf"}}'
2026-03-25 20:45:30,681 130085 INFO     [tempest.lib.common.rest_client] Request (VolumesCloneTest:_run_cleanups): 200 GET http://10.201.9.223/volume/v3/volumes/f1600539-71ff-4aed-9160-21da8638269c 0.022s
2026-03-25 20:45:30,681 130085 DEBUG    [tempest.lib.common.rest_client] Request - Headers: {'Content-Type': 'application/json', 'Accept': 'application/json', 'X-Auth-Token': '<omitted>'}
        Body: None
    Response - Headers: {'date': 'Wed, 25 Mar 2026 20:45:30 GMT', 'server': 'Apache/2.4.58 (Ubuntu)', 'content-type': 'application/json', 'x-compute-request-id': 'req-6b03e67b-4da7-4659-b170-b2c2089b0ed5', 'content-length': '834', 'openstack-api-version': 'volume 3.0', 'vary': 'OpenStack-API-Version', 'x-openstack-request-id': 'req-6b03e67b-4da7-4659-b170-b2c2089b0ed5', 'connection': 'close', 'status': '200', 'content-location': 'http://10.201.9.223/volume/v3/volumes/f1600539-71ff-4aed-9160-21da8638269c'}
        Body: b'{"volume": {"id": "f1600539-71ff-4aed-9160-21da8638269c", "status": "error", "size": 1, "availability_zone": "nova", "created_at": "2026-03-25T20:45:30.000000", "updated_at": "2026-03-25T20:45:30.000000", "name": "tempest-VolumesCloneTest-Volume-167166127", "description": null, "volume_type": "3par1", "snapshot_id": null, "source_volid": null, "metadata": {}, "links": [{"rel": "self", "href": "http://10.201.9.223/volume/v3/volumes/f1600539-71ff-4aed-9160-21da8638269c"}, {"rel": "bookmark", "href": "http://10.201.9.223/volume/volumes/f1600539-71ff-4aed-9160-21da8638269c"}], "user_id": "e987a8d123db48078dae3c2450c8ba7b", "bootable": "false", "encrypted": false, "replication_status": null, "consistencygroup_id": null, "multiattach": false, "attachments": [], "os-vol-tenant-attr:tenant_id": "011ee6b2d72f438dadd0ccf9709bcfaf"}}'
2026-03-25 20:45:30,749 130085 INFO     [tempest.lib.common.rest_client] Request (VolumesCloneTest:_run_cleanups): 202 DELETE http://10.201.9.223/volume/v3/volumes/f1600539-71ff-4aed-9160-21da8638269c 0.063s
2026-03-25 20:45:30,749 130085 DEBUG    [tempest.lib.common.rest_client] Request - Headers: {'Content-Type': 'application/json', 'Accept': 'application/json', 'X-Auth-Token': '<omitted>'}
        Body: None
    Response - Headers: {'date': 'Wed, 25 Mar 2026 20:45:30 GMT', 'server': 'Apache/2.4.58 (Ubuntu)', 'content-length': '0', 'content-type': 'text/html; charset=UTF-8', 'openstack-api-version': 'volume 3.0', 'vary': 'OpenStack-API-Version', 'x-openstack-request-id': 'req-74feb1fd-68c1-476e-8b95-ece0699398a3', 'connection': 'close', 'status': '202', 'content-location': 'http://10.201.9.223/volume/v3/volumes/f1600539-71ff-4aed-9160-21da8638269c'}
        Body: b''
2026-03-25 20:45:30,759 130085 INFO     [tempest.lib.common.rest_client] Request (VolumesCloneTest:_run_cleanups): 404 GET http://10.201.9.223/volume/v3/volumes/f1600539-71ff-4aed-9160-21da8638269c 0.009s
2026-03-25 20:45:30,759 130085 DEBUG    [tempest.lib.common.rest_client] Request - Hea
    ders: {'Content-Type': 'application/json', 'Accept': 'application/json', 'X-Auth-Token': '<omitted>'}
        Body: None
    Response - Headers: {'date': 'Wed, 25 Mar 2026 20:45:30 GMT', 'server': 'Apache/2.4.58 (Ubuntu)', 'openstack-api-version': 'volume 3.0', 'vary': 'OpenStack-API-Version', 'content-length': '109', 'content-type': 'application/json', 'x-compute-request-id': 'req-9b63b80e-6a8f-43f7-8c72-2218a8bc85fb', 'x-openstack-request-id': 'req-9b63b80e-6a8f-43f7-8c72-2218a8bc85fb', 'connection': 'close', 'status': '404', 'content-location': 'http://10.201.9.223/volume/v3/volumes/f1600539-71ff-4aed-9160-21da8638269c'}
        Body: b'{"itemNotFound": {"code": 404, "message": "Volume f1600539-71ff-4aed-9160-21da8638269c could not be found."}}'


tempest.api.volume.test_volumes_clone_negative.VolumesCloneNegativeTest.test_create_from_volume_decreasing_size[id-9adae371-a257-43a5-459a-dc7c88e66e0e,negative]
-----------------------------------------------------------------------------------------------------------------------------------------------------------------

Captured traceback:
~~~~~~~~~~~~~~~~~~~
    Traceback (most recent call last):

      File "/opt/stack/tempest/tempest/api/volume/test_volumes_clone_negative.py", line 40, in test_create_from_volume_decreasing_size
    src_vol = self.create_volume(size=src_size)
              ^^^^^^^^^^^^^^^^^^^^^^^^^^^^^^^^^

      File "/opt/stack/tempest/tempest/api/volume/base.py", line 144, in create_volume
    waiters.wait_for_volume_resource_status(self.volumes_client,

      File "/opt/stack/tempest/tempest/common/waiters.py", line 379, in wait_for_volume_resource_status
    raise exceptions.VolumeResourceBuildErrorException(

    tempest.exceptions.VolumeResourceBuildErrorException: volume e00341a4-82e4-4a5a-b85a-b19633e2828a failed to build and is in ERROR status


Captured pythonlogging:
~~~~~~~~~~~~~~~~~~~~~~~
    2026-03-25 20:45:31,957 130085 INFO     [tempest.lib.common.rest_client] Request (VolumesCloneNegativeTest:test_create_from_volume_decreasing_size): 202 POST http://10.201.9.223/volume/v3/volumes 0.216s
2026-03-25 20:45:31,957 130085 DEBUG    [tempest.lib.common.rest_client] Request - Headers: {'Content-Type': 'application/json', 'Accept': 'application/json', 'X-Auth-Token': '<omitted>'}
        Body: {"volume": {"size": 2, "name": "tempest-VolumesCloneNegativeTest-Volume-721340764"}}
    Response - Headers: {'date': 'Wed, 25 Mar 2026 20:45:31 GMT', 'server': 'Apache/2.4.58 (Ubuntu)', 'content-type': 'application/json', 'x-compute-request-id': 'req-e94ad1c9-dfab-4ae8-99f8-275c906fb427', 'content-length': '753', 'openstack-api-version': 'volume 3.0', 'vary': 'OpenStack-API-Version', 'x-openstack-request-id': 'req-e94ad1c9-dfab-4ae8-99f8-275c906fb427', 'connection': 'close', 'status': '202', 'content-location': 'http://10.201.9.223/volume/v3/volumes'}
        Body: b'{"volume": {"id": "e00341a4-82e4-4a5a-b85a-b19633e2828a", "status": "creating", "size": 2, "availability_zone": "nova", "created_at": "2026-03-25T20:45:31.907586", "updated_at": null, "name": "tempest-VolumesCloneNegativeTest-Volume-721340764", "description": null, "volume_type": "3par1", "snapshot_id": null, "source_volid": null, "metadata": {}, "links": [{"rel": "self", "href": "http://10.201.9.223/volume/v3/volumes/e00341a4-82e4-4a5a-b85a-b19633e2828a"}, {"rel": "bookmark", "href": "http://10.201.9.223/volume/volumes/e00341a4-82e4-4a5a-b85a-b19633e2828a"}], "user_id": "78963af91a7342cc94216a1c11e12cef", "bootable": "false", "encrypted": false, "replication_status": null, "consistencygroup_id": null, "multiattach": false, "attachments": []}}'
2026-03-25 20:45:31,984 130085 INFO     [tempest.lib.common.rest_client] Request (VolumesCloneNegativeTest:test_create_from_volume_decreasing_size): 200 GET http://10.201.9.223/volume/v3/volumes/e00341a4-82e4-4a5a-b85a-b19633e2828a 0.018s
2026-03-25 20:45:31,984 130085 DEBUG    [tempest.lib.common.rest_client] Request - Headers: {'Content-Type': 'application/json', 'Accept': 'application/json', 'X-Auth-Token': '<omitted>'}
        Body: None
    Response - Headers: {'date': 'Wed, 25 Mar 2026 20:45:31 GMT', 'server': 'Apache/2.4.58 (Ubuntu)', 'content-type': 'application/json', 'x-compute-request-id': 'req-99e8fdde-b83d-4bdc-8b68-5a5f4429e535', 'content-length': '821', 'openstack-api-version': 'volume 3.0', 'vary': 'OpenStack-API-Version', 'x-openstack-request-id': 'req-99e8fdde-b83d-4bdc-8b68-5a5f4429e535', 'connection': 'close', 'status': '200', 'content-location': 'http://10.201.9.223/volume/v3/volumes/e00341a4-82e4-4a5a-b85a-b19633e2828a'}
        Body: b'{"volume": {"id": "e00341a4-82e4-4a5a-b85a-b19633e2828a", "status": "creating", "size": 2, "availability_zone": "nova", "created_at": "2026-03-25T20:45:32.000000", "updated_at": null, "name": "tempest-VolumesCloneNegativeTest-Volume-721340764", "description": null, "volume_type": "3par1", "snapshot_id": null, "source_volid": null, "metadata": {}, "links": [{"rel": "self", "href": "http://10.201.9.223/volume/v3/volumes/e00341a4-82e4-4a5a-b85a-b19633e2828a"}, {"rel": "bookmark", "href": "http://10.201.9.223/volume/volumes/e00341a4-82e4-4a5a-b85a-b19633e2828a"}], "user_id": "78963af91a7342cc94216a1c11e12cef", "bootable": "false", "encrypted": false, "replication_status": null, "consistencygroup_id": null, "multiattach": false, "attachments": [], "os-vol-tenant-attr:tenant_id": "aab12f0f2969413cb9a56e5290425872"}}'
2026-03-25 20:45:33,025 130085 INFO     [tempest.lib.common.rest_client] Request (VolumesCloneNegativeTest:test_create_from_volume_decreasing_size): 200 GET http://10.201.9.223/volume/v3/volumes/e00341a4-82e4-4a5a-b85a-b19633e2828a 0.034s
2026-03-25 20:45:33,026 130085 DEBUG    [tempest.lib.common.rest_client] Request - Headers: {'Content-Type': 'application/json', 'Accept': 'application/json', 'X-Auth-Token': '<omitted>'}
        Body: None
    Response - Headers: {'date': 'Wed, 25 Mar 2026 20:45:32 GMT', 'server': 'Apache/2.4.58 (Ubuntu)', 'content-type': '
    application/json', 'x-compute-request-id': 'req-05e83f54-c505-49cb-8328-50d0e1be030c', 'content-length': '842', 'openstack-api-version': 'volume 3.0', 'vary': 'OpenStack-API-Version', 'x-openstack-request-id': 'req-05e83f54-c505-49cb-8328-50d0e1be030c', 'connection': 'close', 'status': '200', 'content-location': 'http://10.201.9.223/volume/v3/volumes/e00341a4-82e4-4a5a-b85a-b19633e2828a'}
        Body: b'{"volume": {"id": "e00341a4-82e4-4a5a-b85a-b19633e2828a", "status": "error", "size": 2, "availability_zone": "nova", "created_at": "2026-03-25T20:45:32.000000", "updated_at": "2026-03-25T20:45:32.000000", "name": "tempest-VolumesCloneNegativeTest-Volume-721340764", "description": null, "volume_type": "3par1", "snapshot_id": null, "source_volid": null, "metadata": {}, "links": [{"rel": "self", "href": "http://10.201.9.223/volume/v3/volumes/e00341a4-82e4-4a5a-b85a-b19633e2828a"}, {"rel": "bookmark", "href": "http://10.201.9.223/volume/volumes/e00341a4-82e4-4a5a-b85a-b19633e2828a"}], "user_id": "78963af91a7342cc94216a1c11e12cef", "bootable": "false", "encrypted": false, "replication_status": null, "consistencygroup_id": null, "multiattach": false, "attachments": [], "os-vol-tenant-attr:tenant_id": "aab12f0f2969413cb9a56e5290425872"}}'
2026-03-25 20:45:33,067 130085 INFO     [tempest.lib.common.rest_client] Request (VolumesCloneNegativeTest:_run_cleanups): 200 GET http://10.201.9.223/volume/v3/volumes/e00341a4-82e4-4a5a-b85a-b19633e2828a 0.029s
2026-03-25 20:45:33,068 130085 DEBUG    [tempest.lib.common.rest_client] Request - Headers: {'Content-Type': 'application/json', 'Accept': 'application/json', 'X-Auth-Token': '<omitted>'}
        Body: None
    Response - Headers: {'date': 'Wed, 25 Mar 2026 20:45:33 GMT', 'server': 'Apache/2.4.58 (Ubuntu)', 'content-type': 'application/json', 'x-compute-request-id': 'req-9fa617b8-8548-4ba1-b8c0-f2cbf25b0cd8', 'content-length': '842', 'openstack-api-version': 'volume 3.0', 'vary': 'OpenStack-API-Version', 'x-openstack-request-id': 'req-9fa617b8-8548-4ba1-b8c0-f2cbf25b0cd8', 'connection': 'close', 'status': '200', 'content-location': 'http://10.201.9.223/volume/v3/volumes/e00341a4-82e4-4a5a-b85a-b19633e2828a'}
        Body: b'{"volume": {"id": "e00341a4-82e4-4a5a-b85a-b19633e2828a", "status": "error", "size": 2, "availability_zone": "nova", "created_at": "2026-03-25T20:45:32.000000", "updated_at": "2026-03-25T20:45:32.000000", "name": "tempest-VolumesCloneNegativeTest-Volume-721340764", "description": null, "volume_type": "3par1", "snapshot_id": null, "source_volid": null, "metadata": {}, "links": [{"rel": "self", "href": "http://10.201.9.223/volume/v3/volumes/e00341a4-82e4-4a5a-b85a-b19633e2828a"}, {"rel": "bookmark", "href": "http://10.201.9.223/volume/volumes/e00341a4-82e4-4a5a-b85a-b19633e2828a"}], "user_id": "78963af91a7342cc94216a1c11e12cef", "bootable": "false", "encrypted": false, "replication_status": null, "consistencygroup_id": null, "multiattach": false, "attachments": [], "os-vol-tenant-attr:tenant_id": "aab12f0f2969413cb9a56e5290425872"}}'
2026-03-25 20:45:33,142 130085 INFO     [tempest.lib.common.rest_client] Request (VolumesCloneNegativeTest:_run_cleanups): 202 DELETE http://10.201.9.223/volume/v3/volumes/e00341a4-82e4-4a5a-b85a-b19633e2828a 0.067s
2026-03-25 20:45:33,142 130085 DEBUG    [tempest.lib.common.rest_client] Request - Headers: {'Content-Type': 'application/json', 'Accept': 'application/json', 'X-Auth-Token': '<omitted>'}
        Body: None
    Response - Headers: {'date': 'Wed, 25 Mar 2026 20:45:33 GMT', 'server': 'Apache/2.4.58 (Ubuntu)', 'content-length': '0', 'content-type': 'text/html; charset=UTF-8', 'openstack-api-version': 'volume 3.0', 'vary': 'OpenStack-API-Version', 'x-openstack-request-id': 'req-730551c1-ae96-490d-bba9-1d7483c07b6d', 'connection': 'close', 'status': '202', 'content-location': 'http://10.201.9.223/volume/v3/volumes/e00341a4-82e4-4a5a-b85a-b19633e2828a'}
        Body: b''
2026-03-25 20:45:33,153 130085 INFO     [tempest.lib.common.rest_client] Request (VolumesCloneNegativeTest:_run_cleanups): 404 GET http://10.201.9.223/volume/v3/vo
    lumes/e00341a4-82e4-4a5a-b85a-b19633e2828a 0.010s
2026-03-25 20:45:33,153 130085 DEBUG    [tempest.lib.common.rest_client] Request - Headers: {'Content-Type': 'application/json', 'Accept': 'application/json', 'X-Auth-Token': '<omitted>'}
        Body: None
    Response - Headers: {'date': 'Wed, 25 Mar 2026 20:45:33 GMT', 'server': 'Apache/2.4.58 (Ubuntu)', 'openstack-api-version': 'volume 3.0', 'vary': 'OpenStack-API-Version', 'content-length': '109', 'content-type': 'application/json', 'x-compute-request-id': 'req-f19a6e00-974c-4582-876a-1dde9e4e721e', 'x-openstack-request-id': 'req-f19a6e00-974c-4582-876a-1dde9e4e721e', 'connection': 'close', 'status': '404', 'content-location': 'http://10.201.9.223/volume/v3/volumes/e00341a4-82e4-4a5a-b85a-b19633e2828a'}
        Body: b'{"itemNotFound": {"code": 404, "message": "Volume e00341a4-82e4-4a5a-b85a-b19633e2828a could not be found."}}'


tempest.api.volume.test_volumes_get.VolumesGetTest.test_volume_create_get_update_delete[id-27fb0e9f-fb64-41dd-8bdb-1ffa762f0d51,smoke]
--------------------------------------------------------------------------------------------------------------------------------------

Captured traceback:
~~~~~~~~~~~~~~~~~~~
    Traceback (most recent call last):

      File "/opt/stack/tempest/tempest/api/volume/test_volumes_get.py", line 117, in test_volume_create_get_update_delete
    self._volume_create_get_update_delete(size=CONF.volume.volume_size)

      File "/opt/stack/tempest/tempest/api/volume/test_volumes_get.py", line 40, in _volume_create_get_update_delete
    volume = self.create_volume(wait_until='available', **kwargs)
             ^^^^^^^^^^^^^^^^^^^^^^^^^^^^^^^^^^^^^^^^^^^^^^^^^^^^

      File "/opt/stack/tempest/tempest/api/volume/base.py", line 144, in create_volume
    waiters.wait_for_volume_resource_status(self.volumes_client,

      File "/opt/stack/tempest/tempest/common/waiters.py", line 379, in wait_for_volume_resource_status
    raise exceptions.VolumeResourceBuildErrorException(

    tempest.exceptions.VolumeResourceBuildErrorException: volume 9c54dd28-3e83-434a-af09-062f70eb188e failed to build and is in ERROR status


Captured pythonlogging:
~~~~~~~~~~~~~~~~~~~~~~~
    2026-03-25 20:45:34,363 130085 INFO     [tempest.lib.common.rest_client] Request (VolumesGetTest:test_volume_create_get_update_delete): 202 POST http://10.201.9.223/volume/v3/volumes 0.210s
2026-03-25 20:45:34,363 130085 DEBUG    [tempest.lib.common.rest_client] Request - Headers: {'Content-Type': 'application/json', 'Accept': 'application/json', 'X-Auth-Token': '<omitted>'}
        Body: {"volume": {"size": 1, "name": "tempest-VolumesGetTest-Volume-787350213", "metadata": {"Type": "Test"}}}
    Response - Headers: {'date': 'Wed, 25 Mar 2026 20:45:34 GMT', 'server': 'Apache/2.4.58 (Ubuntu)', 'content-type': 'application/json', 'x-compute-request-id': 'req-3a901bbd-8ac8-420c-8a26-63ed2ae40150', 'content-length': '757', 'openstack-api-version': 'volume 3.0', 'vary': 'OpenStack-API-Version', 'x-openstack-request-id': 'req-3a901bbd-8ac8-420c-8a26-63ed2ae40150', 'connection': 'close', 'status': '202', 'content-location': 'http://10.201.9.223/volume/v3/volumes'}
        Body: b'{"volume": {"id": "9c54dd28-3e83-434a-af09-062f70eb188e", "status": "creating", "size": 1, "availability_zone": "nova", "created_at": "2026-03-25T20:45:34.315386", "updated_at": null, "name": "tempest-VolumesGetTest-Volume-787350213", "description": null, "volume_type": "3par1", "snapshot_id": null, "source_volid": null, "metadata": {"Type": "Test"}, "links": [{"rel": "self", "href": "http://10.201.9.223/volume/v3/volumes/9c54dd28-3e83-434a-af09-062f70eb188e"}, {"rel": "bookmark", "href": "http://10.201.9.223/volume/volumes/9c54dd28-3e83-434a-af09-062f70eb188e"}], "user_id": "5983ac79bdea4c1ea3b494c4479c4be4", "bootable": "false", "encrypted": false, "replication_status": null, "consistencygroup_id": null, "multiattach": false, "attachments": []}}'
2026-03-25 20:45:34,394 130085 INFO     [tempest.lib.common.rest_client] Request (VolumesGetTest:test_volume_create_get_update_delete): 200 GET http://10.201.9.223/volume/v3/volumes/9c54dd28-3e83-434a-af09-062f70eb188e 0.021s
2026-03-25 20:45:34,395 130085 DEBUG    [tempest.lib.common.rest_client] Request - Headers: {'Content-Type': 'application/json', 'Accept': 'application/json', 'X-Auth-Token': '<omitted>'}
        Body: None
    Response - Headers: {'date': 'Wed, 25 Mar 2026 20:45:34 GMT', 'server': 'Apache/2.4.58 (Ubuntu)', 'content-type': 'application/json', 'x-compute-request-id': 'req-b8fcd1b8-cb13-4b25-a347-57551017e631', 'content-length': '825', 'openstack-api-version': 'volume 3.0', 'vary': 'OpenStack-API-Version', 'x-openstack-request-id': 'req-b8fcd1b8-cb13-4b25-a347-57551017e631', 'connection': 'close', 'status': '200', 'content-location': 'http://10.201.9.223/volume/v3/volumes/9c54dd28-3e83-434a-af09-062f70eb188e'}
        Body: b'{"volume": {"id": "9c54dd28-3e83-434a-af09-062f70eb188e", "status": "creating", "size": 1, "availability_zone": "nova", "created_at": "2026-03-25T20:45:34.000000", "updated_at": null, "name": "tempest-VolumesGetTest-Volume-787350213", "description": null, "volume_type": "3par1", "snapshot_id": null, "source_volid": null, "metadata": {"Type": "Test"}, "links": [{"rel": "self", "href": "http://10.201.9.223/volume/v3/volumes/9c54dd28-3e83-434a-af09-062f70eb188e"}, {"rel": "bookmark", "href": "http://10.201.9.223/volume/volumes/9c54dd28-3e83-434a-af09-062f70eb188e"}], "user_id": "5983ac79bdea4c1ea3b494c4479c4be4", "bootable": "false", "encrypted": false, "replication_status": null, "consistencygroup_id": null, "multiattach": false, "attachments": [], "os-vol-tenant-attr:tenant_id": "98c46193a76040198cd962d1be15b76d"}}'
2026-03-25 20:45:35,433 130085 INFO     [tempest.lib.common.rest_client] Request (VolumesGetTest:test_volume_create_get_update_delete): 200 GET http://10.201.9.223/volume/v3/volumes/9c54dd28-3e83-434a-af09-062f70eb188e 0.032s
2026-03-25 20:45:35,433 130085 DEBUG    [tempest.lib.common.rest_client] Request - Headers: {'Content-Type': 'application/json', 'Accept': 'application/json', 'X-Auth-Token': '<omitted>'}
        Body: None
    Response - Headers: {'date': 'Wed, 25 Mar 2026 20:45:35 GMT', 'server': 'Apache/2.4.58 (Ubuntu)', 'content-type': 'application
    /json', 'x-compute-request-id': 'req-f6851902-ec1c-4974-95f1-cf3500f54408', 'content-length': '846', 'openstack-api-version': 'volume 3.0', 'vary': 'OpenStack-API-Version', 'x-openstack-request-id': 'req-f6851902-ec1c-4974-95f1-cf3500f54408', 'connection': 'close', 'status': '200', 'content-location': 'http://10.201.9.223/volume/v3/volumes/9c54dd28-3e83-434a-af09-062f70eb188e'}
        Body: b'{"volume": {"id": "9c54dd28-3e83-434a-af09-062f70eb188e", "status": "error", "size": 1, "availability_zone": "nova", "created_at": "2026-03-25T20:45:34.000000", "updated_at": "2026-03-25T20:45:34.000000", "name": "tempest-VolumesGetTest-Volume-787350213", "description": null, "volume_type": "3par1", "snapshot_id": null, "source_volid": null, "metadata": {"Type": "Test"}, "links": [{"rel": "self", "href": "http://10.201.9.223/volume/v3/volumes/9c54dd28-3e83-434a-af09-062f70eb188e"}, {"rel": "bookmark", "href": "http://10.201.9.223/volume/volumes/9c54dd28-3e83-434a-af09-062f70eb188e"}], "user_id": "5983ac79bdea4c1ea3b494c4479c4be4", "bootable": "false", "encrypted": false, "replication_status": null, "consistencygroup_id": null, "multiattach": false, "attachments": [], "os-vol-tenant-attr:tenant_id": "98c46193a76040198cd962d1be15b76d"}}'
2026-03-25 20:45:35,466 130085 INFO     [tempest.lib.common.rest_client] Request (VolumesGetTest:_run_cleanups): 200 GET http://10.201.9.223/volume/v3/volumes/9c54dd28-3e83-434a-af09-062f70eb188e 0.027s
2026-03-25 20:45:35,466 130085 DEBUG    [tempest.lib.common.rest_client] Request - Headers: {'Content-Type': 'application/json', 'Accept': 'application/json', 'X-Auth-Token': '<omitted>'}
        Body: None
    Response - Headers: {'date': 'Wed, 25 Mar 2026 20:45:35 GMT', 'server': 'Apache/2.4.58 (Ubuntu)', 'content-type': 'application/json', 'x-compute-request-id': 'req-002fd863-1b12-4e2d-b4dc-76e69a90e4a0', 'content-length': '846', 'openstack-api-version': 'volume 3.0', 'vary': 'OpenStack-API-Version', 'x-openstack-request-id': 'req-002fd863-1b12-4e2d-b4dc-76e69a90e4a0', 'connection': 'close', 'status': '200', 'content-location': 'http://10.201.9.223/volume/v3/volumes/9c54dd28-3e83-434a-af09-062f70eb188e'}
        Body: b'{"volume": {"id": "9c54dd28-3e83-434a-af09-062f70eb188e", "status": "error", "size": 1, "availability_zone": "nova", "created_at": "2026-03-25T20:45:34.000000", "updated_at": "2026-03-25T20:45:34.000000", "name": "tempest-VolumesGetTest-Volume-787350213", "description": null, "volume_type": "3par1", "snapshot_id": null, "source_volid": null, "metadata": {"Type": "Test"}, "links": [{"rel": "self", "href": "http://10.201.9.223/volume/v3/volumes/9c54dd28-3e83-434a-af09-062f70eb188e"}, {"rel": "bookmark", "href": "http://10.201.9.223/volume/volumes/9c54dd28-3e83-434a-af09-062f70eb188e"}], "user_id": "5983ac79bdea4c1ea3b494c4479c4be4", "bootable": "false", "encrypted": false, "replication_status": null, "consistencygroup_id": null, "multiattach": false, "attachments": [], "os-vol-tenant-attr:tenant_id": "98c46193a76040198cd962d1be15b76d"}}'
2026-03-25 20:45:35,536 130085 INFO     [tempest.lib.common.rest_client] Request (VolumesGetTest:_run_cleanups): 202 DELETE http://10.201.9.223/volume/v3/volumes/9c54dd28-3e83-434a-af09-062f70eb188e 0.065s
2026-03-25 20:45:35,536 130085 DEBUG    [tempest.lib.common.rest_client] Request - Headers: {'Content-Type': 'application/json', 'Accept': 'application/json', 'X-Auth-Token': '<omitted>'}
        Body: None
    Response - Headers: {'date': 'Wed, 25 Mar 2026 20:45:35 GMT', 'server': 'Apache/2.4.58 (Ubuntu)', 'content-length': '0', 'content-type': 'text/html; charset=UTF-8', 'openstack-api-version': 'volume 3.0', 'vary': 'OpenStack-API-Version', 'x-openstack-request-id': 'req-6b99a33c-9cd2-423b-972b-4d41fe2d98c7', 'connection': 'close', 'status': '202', 'content-location': 'http://10.201.9.223/volume/v3/volumes/9c54dd28-3e83-434a-af09-062f70eb188e'}
        Body: b''
2026-03-25 20:45:35,552 130085 INFO     [tempest.lib.common.rest_client] Request (VolumesGetTest:_run_cleanups): 404 GET http://10.201.9.223/volume/v3/volumes/9c54dd28-3e83-434a-af09-062
    f70eb188e 0.015s
2026-03-25 20:45:35,552 130085 DEBUG    [tempest.lib.common.rest_client] Request - Headers: {'Content-Type': 'application/json', 'Accept': 'application/json', 'X-Auth-Token': '<omitted>'}
        Body: None
    Response - Headers: {'date': 'Wed, 25 Mar 2026 20:45:35 GMT', 'server': 'Apache/2.4.58 (Ubuntu)', 'openstack-api-version': 'volume 3.0', 'vary': 'OpenStack-API-Version', 'content-length': '109', 'content-type': 'application/json', 'x-compute-request-id': 'req-4b617c80-3e78-40eb-8da7-e445719651b8', 'x-openstack-request-id': 'req-4b617c80-3e78-40eb-8da7-e445719651b8', 'connection': 'close', 'status': '404', 'content-location': 'http://10.201.9.223/volume/v3/volumes/9c54dd28-3e83-434a-af09-062f70eb188e'}
        Body: b'{"itemNotFound": {"code": 404, "message": "Volume 9c54dd28-3e83-434a-af09-062f70eb188e could not be found."}}'


tempest.api.volume.test_volumes_get.VolumesGetTest.test_volume_create_get_update_delete_as_clone[id-3f591b4a-7dc6-444c-bd51-77469506b3a1]
-----------------------------------------------------------------------------------------------------------------------------------------

Captured traceback:
~~~~~~~~~~~~~~~~~~~
    Traceback (most recent call last):

      File "/opt/stack/tempest/tempest/api/volume/test_volumes_get.py", line 135, in test_volume_create_get_update_delete_as_clone
    origin = self.create_volume()
             ^^^^^^^^^^^^^^^^^^^^

      File "/opt/stack/tempest/tempest/api/volume/base.py", line 144, in create_volume
    waiters.wait_for_volume_resource_status(self.volumes_client,

      File "/opt/stack/tempest/tempest/common/waiters.py", line 379, in wait_for_volume_resource_status
    raise exceptions.VolumeResourceBuildErrorException(

    tempest.exceptions.VolumeResourceBuildErrorException: volume dffa5ca1-3960-42ed-b32b-167fb5f1ceef failed to build and is in ERROR status


Captured pythonlogging:
~~~~~~~~~~~~~~~~~~~~~~~
    2026-03-25 20:45:35,678 130085 INFO     [tempest.lib.common.rest_client] Request (VolumesGetTest:test_volume_create_get_update_delete_as_clone): 202 POST http://10.201.9.223/volume/v3/volumes 0.124s
2026-03-25 20:45:35,678 130085 DEBUG    [tempest.lib.common.rest_client] Request - Headers: {'Content-Type': 'application/json', 'Accept': 'application/json', 'X-Auth-Token': '<omitted>'}
        Body: {"volume": {"size": 1, "name": "tempest-VolumesGetTest-Volume-399493139"}}
    Response - Headers: {'date': 'Wed, 25 Mar 2026 20:45:35 GMT', 'server': 'Apache/2.4.58 (Ubuntu)', 'content-type': 'application/json', 'x-compute-request-id': 'req-c0229d62-7ee0-4a27-9af5-9435cce855b2', 'content-length': '743', 'openstack-api-version': 'volume 3.0', 'vary': 'OpenStack-API-Version', 'x-openstack-request-id': 'req-c0229d62-7ee0-4a27-9af5-9435cce855b2', 'connection': 'close', 'status': '202', 'content-location': 'http://10.201.9.223/volume/v3/volumes'}
        Body: b'{"volume": {"id": "dffa5ca1-3960-42ed-b32b-167fb5f1ceef", "status": "creating", "size": 1, "availability_zone": "nova", "created_at": "2026-03-25T20:45:35.631064", "updated_at": null, "name": "tempest-VolumesGetTest-Volume-399493139", "description": null, "volume_type": "3par1", "snapshot_id": null, "source_volid": null, "metadata": {}, "links": [{"rel": "self", "href": "http://10.201.9.223/volume/v3/volumes/dffa5ca1-3960-42ed-b32b-167fb5f1ceef"}, {"rel": "bookmark", "href": "http://10.201.9.223/volume/volumes/dffa5ca1-3960-42ed-b32b-167fb5f1ceef"}], "user_id": "5983ac79bdea4c1ea3b494c4479c4be4", "bootable": "false", "encrypted": false, "replication_status": null, "consistencygroup_id": null, "multiattach": false, "attachments": []}}'
2026-03-25 20:45:35,706 130085 INFO     [tempest.lib.common.rest_client] Request (VolumesGetTest:test_volume_create_get_update_delete_as_clone): 200 GET http://10.201.9.223/volume/v3/volumes/dffa5ca1-3960-42ed-b32b-167fb5f1ceef 0.024s
2026-03-25 20:45:35,707 130085 DEBUG    [tempest.lib.common.rest_client] Request - Headers: {'Content-Type': 'application/json', 'Accept': 'application/json', 'X-Auth-Token': '<omitted>'}
        Body: None
    Response - Headers: {'date': 'Wed, 25 Mar 2026 20:45:35 GMT', 'server': 'Apache/2.4.58 (Ubuntu)', 'content-type': 'application/json', 'x-compute-request-id': 'req-e0a7b0a2-c3cd-47f6-a62d-af97979d3a64', 'content-length': '811', 'openstack-api-version': 'volume 3.0', 'vary': 'OpenStack-API-Version', 'x-openstack-request-id': 'req-e0a7b0a2-c3cd-47f6-a62d-af97979d3a64', 'connection': 'close', 'status': '200', 'content-location': 'http://10.201.9.223/volume/v3/volumes/dffa5ca1-3960-42ed-b32b-167fb5f1ceef'}
        Body: b'{"volume": {"id": "dffa5ca1-3960-42ed-b32b-167fb5f1ceef", "status": "creating", "size": 1, "availability_zone": "nova", "created_at": "2026-03-25T20:45:36.000000", "updated_at": null, "name": "tempest-VolumesGetTest-Volume-399493139", "description": null, "volume_type": "3par1", "snapshot_id": null, "source_volid": null, "metadata": {}, "links": [{"rel": "self", "href": "http://10.201.9.223/volume/v3/volumes/dffa5ca1-3960-42ed-b32b-167fb5f1ceef"}, {"rel": "bookmark", "href": "http://10.201.9.223/volume/volumes/dffa5ca1-3960-42ed-b32b-167fb5f1ceef"}], "user_id": "5983ac79bdea4c1ea3b494c4479c4be4", "bootable": "false", "encrypted": false, "replication_status": null, "consistencygroup_id": null, "multiattach": false, "attachments": [], "os-vol-tenant-attr:tenant_id": "98c46193a76040198cd962d1be15b76d"}}'
2026-03-25 20:45:36,743 130085 INFO     [tempest.lib.common.rest_client] Request (VolumesGetTest:test_volume_create_get_update_delete_as_clone): 200 GET http://10.201.9.223/volume/v3/volumes/dffa5ca1-3960-42ed-b32b-167fb5f1ceef 0.030s
2026-03-25 20:45:36,743 130085 DEBUG    [tempest.lib.common.rest_client] Request - Headers: {'Content-Type': 'application/json', 'Accept': 'application/json', 'X-Auth-Token': '<omitted>'}
        Body: None
    Response - Headers: {'date': 'Wed, 25 Mar 2026 20:45:36 GMT', 'server': 'Apache/2.4.58 (Ubuntu)', 'content-type': 'application/json', 'x-compute-request-id':
     'req-95980754-9e4e-4f6c-b015-f215a257816c', 'content-length': '832', 'openstack-api-version': 'volume 3.0', 'vary': 'OpenStack-API-Version', 'x-openstack-request-id': 'req-95980754-9e4e-4f6c-b015-f215a257816c', 'connection': 'close', 'status': '200', 'content-location': 'http://10.201.9.223/volume/v3/volumes/dffa5ca1-3960-42ed-b32b-167fb5f1ceef'}
        Body: b'{"volume": {"id": "dffa5ca1-3960-42ed-b32b-167fb5f1ceef", "status": "error", "size": 1, "availability_zone": "nova", "created_at": "2026-03-25T20:45:36.000000", "updated_at": "2026-03-25T20:45:36.000000", "name": "tempest-VolumesGetTest-Volume-399493139", "description": null, "volume_type": "3par1", "snapshot_id": null, "source_volid": null, "metadata": {}, "links": [{"rel": "self", "href": "http://10.201.9.223/volume/v3/volumes/dffa5ca1-3960-42ed-b32b-167fb5f1ceef"}, {"rel": "bookmark", "href": "http://10.201.9.223/volume/volumes/dffa5ca1-3960-42ed-b32b-167fb5f1ceef"}], "user_id": "5983ac79bdea4c1ea3b494c4479c4be4", "bootable": "false", "encrypted": false, "replication_status": null, "consistencygroup_id": null, "multiattach": false, "attachments": [], "os-vol-tenant-attr:tenant_id": "98c46193a76040198cd962d1be15b76d"}}'
2026-03-25 20:45:36,779 130085 INFO     [tempest.lib.common.rest_client] Request (VolumesGetTest:_run_cleanups): 200 GET http://10.201.9.223/volume/v3/volumes/dffa5ca1-3960-42ed-b32b-167fb5f1ceef 0.031s
2026-03-25 20:45:36,780 130085 DEBUG    [tempest.lib.common.rest_client] Request - Headers: {'Content-Type': 'application/json', 'Accept': 'application/json', 'X-Auth-Token': '<omitted>'}
        Body: None
    Response - Headers: {'date': 'Wed, 25 Mar 2026 20:45:36 GMT', 'server': 'Apache/2.4.58 (Ubuntu)', 'content-type': 'application/json', 'x-compute-request-id': 'req-b086788c-0b9a-42e6-8944-76ca161cd16c', 'content-length': '832', 'openstack-api-version': 'volume 3.0', 'vary': 'OpenStack-API-Version', 'x-openstack-request-id': 'req-b086788c-0b9a-42e6-8944-76ca161cd16c', 'connection': 'close', 'status': '200', 'content-location': 'http://10.201.9.223/volume/v3/volumes/dffa5ca1-3960-42ed-b32b-167fb5f1ceef'}
        Body: b'{"volume": {"id": "dffa5ca1-3960-42ed-b32b-167fb5f1ceef", "status": "error", "size": 1, "availability_zone": "nova", "created_at": "2026-03-25T20:45:36.000000", "updated_at": "2026-03-25T20:45:36.000000", "name": "tempest-VolumesGetTest-Volume-399493139", "description": null, "volume_type": "3par1", "snapshot_id": null, "source_volid": null, "metadata": {}, "links": [{"rel": "self", "href": "http://10.201.9.223/volume/v3/volumes/dffa5ca1-3960-42ed-b32b-167fb5f1ceef"}, {"rel": "bookmark", "href": "http://10.201.9.223/volume/volumes/dffa5ca1-3960-42ed-b32b-167fb5f1ceef"}], "user_id": "5983ac79bdea4c1ea3b494c4479c4be4", "bootable": "false", "encrypted": false, "replication_status": null, "consistencygroup_id": null, "multiattach": false, "attachments": [], "os-vol-tenant-attr:tenant_id": "98c46193a76040198cd962d1be15b76d"}}'
2026-03-25 20:45:36,855 130085 INFO     [tempest.lib.common.rest_client] Request (VolumesGetTest:_run_cleanups): 202 DELETE http://10.201.9.223/volume/v3/volumes/dffa5ca1-3960-42ed-b32b-167fb5f1ceef 0.069s
2026-03-25 20:45:36,856 130085 DEBUG    [tempest.lib.common.rest_client] Request - Headers: {'Content-Type': 'application/json', 'Accept': 'application/json', 'X-Auth-Token': '<omitted>'}
        Body: None
    Response - Headers: {'date': 'Wed, 25 Mar 2026 20:45:36 GMT', 'server': 'Apache/2.4.58 (Ubuntu)', 'content-length': '0', 'content-type': 'text/html; charset=UTF-8', 'openstack-api-version': 'volume 3.0', 'vary': 'OpenStack-API-Version', 'x-openstack-request-id': 'req-3262f9eb-7244-4bed-8b00-a309c26a8bdc', 'connection': 'close', 'status': '202', 'content-location': 'http://10.201.9.223/volume/v3/volumes/dffa5ca1-3960-42ed-b32b-167fb5f1ceef'}
        Body: b''
2026-03-25 20:45:36,865 130085 INFO     [tempest.lib.common.rest_client] Request (VolumesGetTest:_run_cleanups): 404 GET http://10.201.9.223/volume/v3/volumes/dffa5ca1-3960-42ed-b32b-167fb5f1ceef 0.009s
2026-03-25 20:45:36,866 130085 DEBUG    [t
    empest.lib.common.rest_client] Request - Headers: {'Content-Type': 'application/json', 'Accept': 'application/json', 'X-Auth-Token': '<omitted>'}
        Body: None
    Response - Headers: {'date': 'Wed, 25 Mar 2026 20:45:36 GMT', 'server': 'Apache/2.4.58 (Ubuntu)', 'openstack-api-version': 'volume 3.0', 'vary': 'OpenStack-API-Version', 'content-length': '109', 'content-type': 'application/json', 'x-compute-request-id': 'req-f27bd9e8-7714-42fd-8e92-ad2eaf9c6b69', 'x-openstack-request-id': 'req-f27bd9e8-7714-42fd-8e92-ad2eaf9c6b69', 'connection': 'close', 'status': '404', 'content-location': 'http://10.201.9.223/volume/v3/volumes/dffa5ca1-3960-42ed-b32b-167fb5f1ceef'}
        Body: b'{"itemNotFound": {"code": 404, "message": "Volume dffa5ca1-3960-42ed-b32b-167fb5f1ceef could not be found."}}'


setUpClass (tempest.api.volume.test_volumes_list.VolumesListTestJSON)
---------------------------------------------------------------------

Captured traceback:
~~~~~~~~~~~~~~~~~~~
    Traceback (most recent call last):

      File "/opt/stack/tempest/tempest/test.py", line 185, in setUpClass
    raise value.with_traceback(trace)

      File "/opt/stack/tempest/tempest/test.py", line 178, in setUpClass
    cls.resource_setup()

      File "/opt/stack/tempest/tempest/api/volume/test_volumes_list.py", line 89, in resource_setup
    volume = cls.create_volume(metadata=cls.metadata)
             ^^^^^^^^^^^^^^^^^^^^^^^^^^^^^^^^^^^^^^^^

      File "/opt/stack/tempest/tempest/api/volume/base.py", line 144, in create_volume
    waiters.wait_for_volume_resource_status(self.volumes_client,

      File "/opt/stack/tempest/tempest/common/waiters.py", line 379, in wait_for_volume_resource_status
    raise exceptions.VolumeResourceBuildErrorException(

    tempest.exceptions.VolumeResourceBuildErrorException: volume 17f42403-2443-4f42-9606-97ef33625f61 failed to build and is in ERROR status


setUpClass (tempest.api.volume.test_volumes_negative.VolumesNegativeTest)
-------------------------------------------------------------------------

Captured traceback:
~~~~~~~~~~~~~~~~~~~
    Traceback (most recent call last):

      File "/opt/stack/tempest/tempest/test.py", line 185, in setUpClass
    raise value.with_traceback(trace)

      File "/opt/stack/tempest/tempest/test.py", line 178, in setUpClass
    cls.resource_setup()

      File "/opt/stack/tempest/tempest/api/volume/test_volumes_negative.py", line 38, in resource_setup
    cls.volume = cls.create_volume()
                 ^^^^^^^^^^^^^^^^^^^

      File "/opt/stack/tempest/tempest/api/volume/base.py", line 144, in create_volume
    waiters.wait_for_volume_resource_status(self.volumes_client,

      File "/opt/stack/tempest/tempest/common/waiters.py", line 379, in wait_for_volume_resource_status
    raise exceptions.VolumeResourceBuildErrorException(

    tempest.exceptions.VolumeResourceBuildErrorException: volume d2fbb849-2f25-4b7d-b512-56f908ede911 failed to build and is in ERROR status


setUpClass (tempest.api.volume.test_volumes_snapshots_list.VolumesSnapshotListTestJSON)
---------------------------------------------------------------------------------------

Captured traceback:
~~~~~~~~~~~~~~~~~~~
    Traceback (most recent call last):

      File "/opt/stack/tempest/tempest/test.py", line 185, in setUpClass
    raise value.with_traceback(trace)

      File "/opt/stack/tempest/tempest/test.py", line 178, in setUpClass
    cls.resource_setup()

      File "/opt/stack/tempest/tempest/api/volume/test_volumes_snapshots_list.py", line 32, in resource_setup
    volume_origin = cls.create_volume()
                    ^^^^^^^^^^^^^^^^^^^

      File "/opt/stack/tempest/tempest/api/volume/base.py", line 144, in create_volume
    waiters.wait_for_volume_resource_status(self.volumes_client,

      File "/opt/stack/tempest/tempest/common/waiters.py", line 379, in wait_for_volume_resource_status
    raise exceptions.VolumeResourceBuildErrorException(

    tempest.exceptions.VolumeResourceBuildErrorException: volume f0100499-4ae0-4fc5-a731-2ce913d5d5b4 failed to build and is in ERROR status


tempest.api.volume.test_volumes_snapshots_negative.VolumesSnapshotNegativeTestJSON.test_volume_from_snapshot_decreasing_size[id-677863d1-34f9-456d-b6ac-9924f667a7f4,negative]
------------------------------------------------------------------------------------------------------------------------------------------------------------------------------

Captured traceback:
~~~~~~~~~~~~~~~~~~~
    Traceback (most recent call last):

      File "/opt/stack/tempest/tempest/api/volume/test_volumes_snapshots_negative.py", line 65, in test_volume_from_snapshot_decreasing_size
    src_vol = self.create_volume(size=src_size)
              ^^^^^^^^^^^^^^^^^^^^^^^^^^^^^^^^^

      File "/opt/stack/tempest/tempest/api/volume/base.py", line 144, in create_volume
    waiters.wait_for_volume_resource_status(self.volumes_client,

      File "/opt/stack/tempest/tempest/common/waiters.py", line 379, in wait_for_volume_resource_status
    raise exceptions.VolumeResourceBuildErrorException(

    tempest.exceptions.VolumeResourceBuildErrorException: volume 50e478ce-52ee-4128-b15a-87959024f111 failed to build and is in ERROR status


Captured pythonlogging:
~~~~~~~~~~~~~~~~~~~~~~~
    2026-03-25 20:45:46,325 130085 INFO     [tempest.lib.common.rest_client] Request (VolumesSnapshotNegativeTestJSON:test_volume_from_snapshot_decreasing_size): 202 POST http://10.201.9.223/volume/v3/volumes 0.140s
2026-03-25 20:45:46,326 130085 DEBUG    [tempest.lib.common.rest_client] Request - Headers: {'Content-Type': 'application/json', 'Accept': 'application/json', 'X-Auth-Token': '<omitted>'}
        Body: {"volume": {"size": 2, "name": "tempest-VolumesSnapshotNegativeTestJSON-Volume-1992241965"}}
    Response - Headers: {'date': 'Wed, 25 Mar 2026 20:45:46 GMT', 'server': 'Apache/2.4.58 (Ubuntu)', 'content-type': 'application/json', 'x-compute-request-id': 'req-356407ef-7141-459d-afb7-f9da9e158678', 'content-length': '761', 'openstack-api-version': 'volume 3.0', 'vary': 'OpenStack-API-Version', 'x-openstack-request-id': 'req-356407ef-7141-459d-afb7-f9da9e158678', 'connection': 'close', 'status': '202', 'content-location': 'http://10.201.9.223/volume/v3/volumes'}
        Body: b'{"volume": {"id": "50e478ce-52ee-4128-b15a-87959024f111", "status": "creating", "size": 2, "availability_zone": "nova", "created_at": "2026-03-25T20:45:46.277546", "updated_at": null, "name": "tempest-VolumesSnapshotNegativeTestJSON-Volume-1992241965", "description": null, "volume_type": "3par1", "snapshot_id": null, "source_volid": null, "metadata": {}, "links": [{"rel": "self", "href": "http://10.201.9.223/volume/v3/volumes/50e478ce-52ee-4128-b15a-87959024f111"}, {"rel": "bookmark", "href": "http://10.201.9.223/volume/volumes/50e478ce-52ee-4128-b15a-87959024f111"}], "user_id": "b1d5ee2b8b8c4e5582cd3e5470beb3c4", "bootable": "false", "encrypted": false, "replication_status": null, "consistencygroup_id": null, "multiattach": false, "attachments": []}}'
2026-03-25 20:45:46,350 130085 INFO     [tempest.lib.common.rest_client] Request (VolumesSnapshotNegativeTestJSON:test_volume_from_snapshot_decreasing_size): 200 GET http://10.201.9.223/volume/v3/volumes/50e478ce-52ee-4128-b15a-87959024f111 0.020s
2026-03-25 20:45:46,350 130085 DEBUG    [tempest.lib.common.rest_client] Request - Headers: {'Content-Type': 'application/json', 'Accept': 'application/json', 'X-Auth-Token': '<omitted>'}
        Body: None
    Response - Headers: {'date': 'Wed, 25 Mar 2026 20:45:46 GMT', 'server': 'Apache/2.4.58 (Ubuntu)', 'content-type': 'application/json', 'x-compute-request-id': 'req-71747bd2-8c23-42c4-ad74-d7fb25b2e9bd', 'content-length': '829', 'openstack-api-version': 'volume 3.0', 'vary': 'OpenStack-API-Version', 'x-openstack-request-id': 'req-71747bd2-8c23-42c4-ad74-d7fb25b2e9bd', 'connection': 'close', 'status': '200', 'content-location': 'http://10.201.9.223/volume/v3/volumes/50e478ce-52ee-4128-b15a-87959024f111'}
        Body: b'{"volume": {"id": "50e478ce-52ee-4128-b15a-87959024f111", "status": "creating", "size": 2, "availability_zone": "nova", "created_at": "2026-03-25T20:45:46.000000", "updated_at": null, "name": "tempest-VolumesSnapshotNegativeTestJSON-Volume-1992241965", "description": null, "volume_type": "3par1", "snapshot_id": null, "source_volid": null, "metadata": {}, "links": [{"rel": "self", "href": "http://10.201.9.223/volume/v3/volumes/50e478ce-52ee-4128-b15a-87959024f111"}, {"rel": "bookmark", "href": "http://10.201.9.223/volume/volumes/50e478ce-52ee-4128-b15a-87959024f111"}], "user_id": "b1d5ee2b8b8c4e5582cd3e5470beb3c4", "bootable": "false", "encrypted": false, "replication_status": null, "consistencygroup_id": null, "multiattach": false, "attachments": [], "os-vol-tenant-attr:tenant_id": "65749b0e9aa24e669b4878969259aad6"}}'
2026-03-25 20:45:47,394 130085 INFO     [tempest.lib.common.rest_client] Request (VolumesSnapshotNegativeTestJSON:test_volume_from_snapshot_decreasing_size): 200 GET http://10.201.9.223/volume/v3/volumes/50e478ce-52ee-4128-b15a-87959024f111 0.039s
2026-03-25 20:45:47,394 130085 DEBUG    [tempest.lib.common.rest_client] Request - Headers: {'Content-Type': 'application/json', 'Accept': 'application/json', 'X-Auth-Token': '<omitted>'}
        Body: None
    Response - Headers: {'date': 'Wed, 25 Mar 2026 20:45:47 GMT', 's
    erver': 'Apache/2.4.58 (Ubuntu)', 'content-type': 'application/json', 'x-compute-request-id': 'req-c704c73c-a6f1-451e-bf8d-c764399405cf', 'content-length': '850', 'openstack-api-version': 'volume 3.0', 'vary': 'OpenStack-API-Version', 'x-openstack-request-id': 'req-c704c73c-a6f1-451e-bf8d-c764399405cf', 'connection': 'close', 'status': '200', 'content-location': 'http://10.201.9.223/volume/v3/volumes/50e478ce-52ee-4128-b15a-87959024f111'}
        Body: b'{"volume": {"id": "50e478ce-52ee-4128-b15a-87959024f111", "status": "error", "size": 2, "availability_zone": "nova", "created_at": "2026-03-25T20:45:46.000000", "updated_at": "2026-03-25T20:45:46.000000", "name": "tempest-VolumesSnapshotNegativeTestJSON-Volume-1992241965", "description": null, "volume_type": "3par1", "snapshot_id": null, "source_volid": null, "metadata": {}, "links": [{"rel": "self", "href": "http://10.201.9.223/volume/v3/volumes/50e478ce-52ee-4128-b15a-87959024f111"}, {"rel": "bookmark", "href": "http://10.201.9.223/volume/volumes/50e478ce-52ee-4128-b15a-87959024f111"}], "user_id": "b1d5ee2b8b8c4e5582cd3e5470beb3c4", "bootable": "false", "encrypted": false, "replication_status": null, "consistencygroup_id": null, "multiattach": false, "attachments": [], "os-vol-tenant-attr:tenant_id": "65749b0e9aa24e669b4878969259aad6"}}'
2026-03-25 20:45:47,433 130085 INFO     [tempest.lib.common.rest_client] Request (VolumesSnapshotNegativeTestJSON:_run_cleanups): 200 GET http://10.201.9.223/volume/v3/volumes/50e478ce-52ee-4128-b15a-87959024f111 0.030s
2026-03-25 20:45:47,434 130085 DEBUG    [tempest.lib.common.rest_client] Request - Headers: {'Content-Type': 'application/json', 'Accept': 'application/json', 'X-Auth-Token': '<omitted>'}
        Body: None
    Response - Headers: {'date': 'Wed, 25 Mar 2026 20:45:47 GMT', 'server': 'Apache/2.4.58 (Ubuntu)', 'content-type': 'application/json', 'x-compute-request-id': 'req-0e8903cd-9553-447d-a414-12a16b43da3b', 'content-length': '850', 'openstack-api-version': 'volume 3.0', 'vary': 'OpenStack-API-Version', 'x-openstack-request-id': 'req-0e8903cd-9553-447d-a414-12a16b43da3b', 'connection': 'close', 'status': '200', 'content-location': 'http://10.201.9.223/volume/v3/volumes/50e478ce-52ee-4128-b15a-87959024f111'}
        Body: b'{"volume": {"id": "50e478ce-52ee-4128-b15a-87959024f111", "status": "error", "size": 2, "availability_zone": "nova", "created_at": "2026-03-25T20:45:46.000000", "updated_at": "2026-03-25T20:45:46.000000", "name": "tempest-VolumesSnapshotNegativeTestJSON-Volume-1992241965", "description": null, "volume_type": "3par1", "snapshot_id": null, "source_volid": null, "metadata": {}, "links": [{"rel": "self", "href": "http://10.201.9.223/volume/v3/volumes/50e478ce-52ee-4128-b15a-87959024f111"}, {"rel": "bookmark", "href": "http://10.201.9.223/volume/volumes/50e478ce-52ee-4128-b15a-87959024f111"}], "user_id": "b1d5ee2b8b8c4e5582cd3e5470beb3c4", "bootable": "false", "encrypted": false, "replication_status": null, "consistencygroup_id": null, "multiattach": false, "attachments": [], "os-vol-tenant-attr:tenant_id": "65749b0e9aa24e669b4878969259aad6"}}'
2026-03-25 20:45:47,510 130085 INFO     [tempest.lib.common.rest_client] Request (VolumesSnapshotNegativeTestJSON:_run_cleanups): 202 DELETE http://10.201.9.223/volume/v3/volumes/50e478ce-52ee-4128-b15a-87959024f111 0.065s
2026-03-25 20:45:47,510 130085 DEBUG    [tempest.lib.common.rest_client] Request - Headers: {'Content-Type': 'application/json', 'Accept': 'application/json', 'X-Auth-Token': '<omitted>'}
        Body: None
    Response - Headers: {'date': 'Wed, 25 Mar 2026 20:45:47 GMT', 'server': 'Apache/2.4.58 (Ubuntu)', 'content-length': '0', 'content-type': 'text/html; charset=UTF-8', 'openstack-api-version': 'volume 3.0', 'vary': 'OpenStack-API-Version', 'x-openstack-request-id': 'req-88f31cc8-6358-438d-aea3-5748b8a0ada8', 'connection': 'close', 'status': '202', 'content-location': 'http://10.201.9.223/volume/v3/volumes/50e478ce-52ee-4128-b15a-87959024f111'}
        Body: b''
2026-03-25 20:45:47,522 130085 INFO     [tempest.lib.common.rest_client] Request (
    VolumesSnapshotNegativeTestJSON:_run_cleanups): 404 GET http://10.201.9.223/volume/v3/volumes/50e478ce-52ee-4128-b15a-87959024f111 0.012s
2026-03-25 20:45:47,522 130085 DEBUG    [tempest.lib.common.rest_client] Request - Headers: {'Content-Type': 'application/json', 'Accept': 'application/json', 'X-Auth-Token': '<omitted>'}
        Body: None
    Response - Headers: {'date': 'Wed, 25 Mar 2026 20:45:47 GMT', 'server': 'Apache/2.4.58 (Ubuntu)', 'openstack-api-version': 'volume 3.0', 'vary': 'OpenStack-API-Version', 'content-length': '109', 'content-type': 'application/json', 'x-compute-request-id': 'req-ed615cca-4da0-4cbf-a1c2-620a03817d50', 'x-openstack-request-id': 'req-ed615cca-4da0-4cbf-a1c2-620a03817d50', 'connection': 'close', 'status': '404', 'content-location': 'http://10.201.9.223/volume/v3/volumes/50e478ce-52ee-4128-b15a-87959024f111'}
        Body: b'{"itemNotFound": {"code": 404, "message": "Volume 50e478ce-52ee-4128-b15a-87959024f111 could not be found."}}'



======
Totals
======
Ran: 127 tests in 155.3161 sec.
 - Passed: 75
 - Skipped: 7
 - Expected Fail: 0
 - Unexpected Success: 0
 - Failed: 45
Sum of execute time for each test: 52.8796 sec.

==============
Worker Balance
==============
 - Worker 0 (127 tests) => 0:02:35.316095
