"pcp-dstat 6.2.0 CSV Output"
"Author:","PCP team <pcp@groups.io> and Dag Wieers <dag@wieers.com>",,,,"URL:","https://pcp.io/ and http://dag.wieers.com/home-made/dstat/"
"Host:","ubuntu",,,,"User:","ubuntu"
"Cmdline:","dstat -tcmndrylpg --tcp --output /tmp/devstack_logs/dstat-csv.log",,,,"Date:","19 Jun 2026 01:59:20 UTC"
"system","total usage",,,,,"memory usage",,,,"net/total",,"dsk/total",,"io/total",,"system",,"load avg",,,"procs",,,"paging",,"tcp sockets",,,,
"time","total usage:usr","total usage:sys","total usage:idl","total usage:wai","total usage:stl","used","free","buf","cach","net/total:recv","net/total:send","dsk/total:read","dsk/total:writ","read","writ","int","csw","1m","5m","15m","run","blk","new","in","out","lis","act","syn","tim","clo"
19-06 01:59:20,,1001888,1705408,150504,4968700,,,,,,,1.660,1.070,0.560,4,0,,,,10,6,0,17,0
19-06 01:59:21,14.974,20.465,62.143,0,0.499,1026124,1680828,150556,4968872,620705.328,25766.513,0,1365.642,0,51.910,6590,5171,1.660,1.070,0.560,4,0,436.247,0,0,10,6,0,17,0
19-06 01:59:22,12.746,20.993,65.229,0.250,0,1005032,1701780,150612,4968948,190405.836,14681.284,0,339.891,0,16.995,5730,4003,1.660,1.070,0.560,1,0,339.891,0,0,10,6,0,17,0
19-06 01:59:23,18.480,17.980,61.682,0,0,1004160,1702300,150672,4969568,264695.753,18178.860,0,19.978,0,4.994,6742,7190,1.660,1.070,0.560,3,0,294.674,0,0,10,5,0,17,1
19-06 01:59:24,22.040,13.274,63.615,0,0.250,1099460,1606208,150740,5094572,392045.563,22380.335,16.029,3289.929,1.002,14.025,6080,6351,1.660,1.070,0.560,2,0,147.265,0,0,11,7,0,17,1
19-06 01:59:25,25.630,10.700,62.708,0,0,1121516,1583984,150788,5094676,777841.455,26435.714,0,513.605,0,12.940,4731,3176,1.690,1.080,0.570,2,0,179.164,0,0,11,8,0,18,2
19-06 01:59:26,27.644,6.031,64.837,1.257,0,1183452,1519004,150920,5097072,400575.577,21375.021,1833.523,530.757,122.637,24.125,3385,2530,1.690,1.080,0.570,3,0,36.188,0,0,11,6,0,19,2
19-06 01:59:27,28.665,3.240,67.301,0,0.249,1217204,1483568,151128,5098172,406924.743,22359.828,203.398,1667.066,6.979,13.959,2651,1639,1.690,1.080,0.570,2,0,0,0,0,11,6,0,19,2
19-06 01:59:28,21.325,5.018,56.701,14.301,0,1236320,1455624,152444,5105304,772714.428,24665.252,0,29640.853,0,2592.170,16579,23247,1.690,1.080,0.570,0,1,49.174,0,0,11,8,0,19,2
19-06 01:59:29,20.628,4.722,60.145,12.178,0,1234464,1453104,153772,5108208,384951.210,21463.279,0,43085.618,0,3164.318,15702,23016,1.690,1.080,0.570,2,0,32.806,0,0,11,6,0,19,2
19-06 01:59:30,23.547,8.016,65.631,2.254,0,1193984,1492856,154060,5108572,399505.235,20657.171,0,10893.712,0,631.258,5570,5175,1.630,1.080,0.570,2,0,76.152,0,0,11,6,0,19,2
19-06 01:59:31,32.032,5.255,61.060,0,0.250,1257004,1423516,154072,5114676,6452590.566,76437.490,0,648.641,0,21.021,6995,18969,1.630,1.080,0.570,3,0,38.038,0,0,11,6,0,20,2
19-06 01:59:32,26.194,4.241,67.357,1.247,0.249,1280536,1397360,154116,5117164,2563376.258,38085.955,0,5416.474,0,273.418,4351,3256,1.630,1.080,0.570,4,0,10.977,0,0,11,6,0,20,2
19-06 01:59:33,26.216,3.495,68.162,0,0,1308372,1367120,154128,5119476,2541126.184,47254.010,0,155.799,0,11.985,3966,2377,1.630,1.080,0.570,2,0,0.999,0,0,11,6,0,19,2
19-06 01:59:34,15.599,16.605,66.925,0,0,1279820,1392248,154132,5122780,3321655.097,48329.698,0,12.077,0,3.019,7062,5168,1.630,1.080,0.570,1,0,350.222,0,0,11,6,0,19,2
19-06 01:59:35,17.753,18.504,62.012,0,0,1272888,1396860,154132,5125392,2159431.402,40177.859,0,144.028,0,11.002,8039,7205,1.580,1.080,0.570,4,0,395.077,0,0,11,6,0,19,2
19-06 01:59:36,52.855,15.707,29.420,0.748,0.249,1280148,1363116,155068,5148576,12585.569,1615.580,7682.981,1659.460,77.787,65.820,5392,5081,1.580,1.080,0.570,5,0,194.468,0,0,11,7,0,19,2
19-06 01:59:37,68.949,6.245,24.482,0.749,0,1348964,1275184,155560,5165060,8968.314,1618.793,19.985,1267.055,3.997,31.976,3741,1595,1.580,1.080,0.570,4,0,0,0,0,11,7,0,19,2
19-06 01:59:38,63.587,10.972,24.188,0.997,0,1389916,1206976,156444,5188768,4855.555,1615.859,490.742,4241.130,5.985,181.535,4399,2438,1.580,1.080,0.570,3,1,0,0,0,11,7,0,19,2
19-06 01:59:39,48.114,12.028,37.839,1.002,0.251,1438684,1131596,157644,5211100,9295.982,1623.840,0,4719.159,0,179.424,5209,5373,1.580,1.080,0.570,3,0,140.332,0,0,11,6,0,20,2
19-06 01:59:40,43.215,7.244,46.962,1.998,0,1504320,1062248,158608,5212028,6803.468,1882.469,0,28193.074,0,485.605,4027,2319,1.620,1.100,0.580,3,0,0.999,0,0,11,4,0,20,2
19-06 01:59:41,38.482,3.998,57.223,0,0.500,1502972,1063476,158616,5212236,40504.949,4108.068,0,619.709,0,17.992,2918,1822,1.620,1.100,0.580,3,0,18.991,0,0,11,7,0,14,0
19-06 01:59:42,31.983,7.246,57.720,1.249,0,1458180,1108096,158732,5212288,51328.912,5353.175,0,3881.951,0,316.833,5109,5519,1.620,1.100,0.580,2,0,58.969,0,0,11,6,0,16,0
19-06 01:59:43,28.310,3.257,68.396,0,0,1506328,1058528,158732,5213632,1379014.694,32211.831,232.497,8.017,5.011,2.004,3299,1898,1.620,1.100,0.580,2,0,1.002,0,0,11,11,0,16,0
19-06 01:59:44,44.395,6.521,47.154,0.502,0,1488724,1068792,158940,5219352,25327.731,2305.531,268.878,2937.595,66.216,37.121,8692,12643,1.620,1.100,0.580,2,0,11.036,0,0,11,28,0,16,0
19-06 01:59:45,42.093,12.205,44.335,0,0,1548792,1007400,159016,5220360,9616.154,1613.984,0,27138.835,0,217.190,12778,20791,1.730,1.130,0.590,4,0,55.792,0,0,11,28,0,16,0
19-06 01:59:46,41.402,10.037,47.424,0,0,1437820,1126464,159068,5213052,6454.636,1668.108,0,2364.659,0,16.059,6826,8777,1.730,1.130,0.590,2,0,72.265,0,0,11,28,0,16,0
19-06 01:59:47,56.970,10.200,31.844,0.249,0,1517940,1046284,159068,5213096,27942.762,3872.978,0,433.869,0,10.946,4099,2317,1.730,1.130,0.590,3,0,124.389,0,0,11,29,0,16,0
19-06 01:59:48,57.253,7.533,34.904,0,0,1514764,1049328,159068,5213296,40109.143,2000.837,0,245.082,0,19.084,6325,8560,1.730,1.130,0.590,3,0,50.222,0,0,11,28,0,16,0
19-06 01:59:49,62.932,28.469,7.991,0.250,0,1557696,1006348,159068,5213340,9134.100,1456.422,0,2457.337,0,33.963,5922,4923,1.730,1.130,0.590,6,0,577.374,0,0,11,28,0,16,0
19-06 01:59:50,87.079,12.974,0.250,0,0.250,1759764,804256,159068,5213356,7655.941,1616.820,0,19449.742,0,115.772,5788,4278,2.070,1.210,0.620,9,0,0.998,0,0,11,29,0,16,0
19-06 01:59:51,86.063,10.789,2.258,0,0.502,1816660,747120,159084,5213576,13249.187,1625.913,0,1019.709,0,52.190,8201,11948,2.070,1.210,0.620,5,0,50.183,0,0,11,28,0,16,0
19-06 01:59:52,36.829,12.442,49.520,0,0.249,1532684,1031052,159088,5213616,12152.441,1612.495,0,422.036,0,36.829,5183,5529,2.070,1.210,0.620,2,0,258.796,0,0,11,28,0,16,0
19-06 01:59:53,23.228,2.747,73.431,0,0,1558856,1004872,159092,5213620,6326.030,1660.433,0,135.872,0,5.994,1960,1530,2.070,1.210,0.620,2,0,0,0,0,11,28,0,14,0
19-06 01:59:54,19.288,7.264,72.394,0,0,1528096,1035620,159092,5213632,7811.527,1623.227,0,184.366,0,20.040,3593,3654,2.070,1.210,0.620,2,0,68.135,0,0,11,28,0,14,0
19-06 01:59:55,23.495,2.499,73.485,0.250,0,1539568,1024136,159096,5213640,9625.022,1619.667,0,123.975,0,9.998,2381,2233,1.980,1.210,0.620,2,0,0,0,0,11,29,0,14,0
19-06 01:59:56,13.012,17.016,68.562,0.500,0,1490764,1072912,159100,5213664,11808.764,1459.330,0,1221.113,0,84.077,5753,5199,1.980,1.210,0.620,1,0,383.349,0,0,11,28,0,14,0
19-06 01:59:57,46.753,29.002,22.752,0,0,1507080,1056540,159108,5213712,9291.694,1620.121,0,224.017,0,22.002,6248,5108,1.980,1.210,0.620,5,0,655.049,0,0,11,28,0,14,0
19-06 01:59:58,87.415,11.489,1.499,0,0,1715856,847752,159108,5213724,9381.900,1618.430,0,0,0,0,5308,3473,1.980,1.210,0.620,6,0,0,0,0,11,29,0,14,0
19-06 01:59:59,76.757,9.001,13.001,0,0.500,1713004,850284,159120,5214032,11406.005,1662.146,0,520.046,0,66.006,10317,16293,1.980,1.210,0.620,6,0,30.003,0,0,11,29,0,16,0
19-06 02:00:00,80.287,19.319,0.251,0,0,1614696,948464,159144,5214168,9862.304,1625.820,0,5017.963,0,215.772,6531,6106,2.230,1.270,0.650,6,0,282.010,0,0,11,28,0,16,0
19-06 02:00:01,88.175,10.491,0.250,0,0.500,1801016,762008,159144,5214304,6610.389,1510.718,0,323.725,0,13.988,5293,3421,2.230,1.270,0.650,6,0,0,0,0,11,30,0,16,0
19-06 02:00:02,85.527,10.971,3.491,0.249,0,1730840,832048,159172,5214412,11389.344,1561.933,0,1348.489,0,74.805,9475,15824,2.230,1.270,0.650,7,0,47.875,0,0,11,30,0,16,0
19-06 02:00:03,58.456,14.802,26.594,0,0,1559408,1003300,159180,5214584,8872.232,1625.723,0,305.074,0,24.085,6232,7560,2.230,1.270,0.650,3,0,250.883,0,0,11,28,0,16,0
19-06 02:00:04,44.917,4.741,48.910,0,0,1556176,1006504,159180,5214612,5550.796,1617.028,0,203.626,0,17.967,3816,3359,2.230,1.270,0.650,5,0,0,0,0,11,29,0,16,0
19-06 02:00:05,57.505,22.002,20.002,0,0,1518692,1043920,159184,5214672,10101.834,1620.134,0,228.019,0,20.002,6514,7019,2.210,1.280,0.660,3,0,378.031,0,0,11,28,0,17,0
19-06 02:00:06,63.803,9.008,26.022,0,0.250,1613868,948596,159188,5214816,7057.882,1621.351,0,204.170,0,10.008,4300,3472,2.210,1.280,0.660,3,0,0,0,0,11,31,0,18,0
19-06 02:00:07,65.664,18.975,14.231,0.250,0,1557188,1005184,159204,5214892,11065.429,1617.870,0,459.395,0,46.938,8531,9995,2.210,1.280,0.660,6,0,257.661,0,0,11,28,0,21,0
19-06 02:00:08,86.380,11.267,2.504,0,0,1658088,904264,159212,5214904,13030.636,1460.200,0,176.266,0,6.009,5327,3215,2.210,1.280,0.660,5,0,0,0,0,11,28,0,22,0
19-06 02:00:09,64.764,15.003,19.004,0,0.250,1541504,1020600,159220,5215144,5729.250,1620.354,0,1396.305,0,52.011,10007,14261,2.210,1.280,0.660,6,0,306.067,0,0,11,28,0,21,0
19-06 02:00:10,64.378,11.229,23.705,0,0.250,1606924,955176,159220,5215148,10169.705,1710.754,0,19111.740,0,109.792,4001,2095,2.270,1.310,0.670,4,0,18.964,0,0,11,29,0,21,0
19-06 02:00:11,60.643,11.277,27.064,0.251,0,1557532,1004404,159236,5215340,7255.147,1623.838,0,82170.202,0,836.978,8865,12087,2.270,1.310,0.670,5,0,91.216,0,0,11,28,0,27,0
19-06 02:00:12,62.761,15.690,20.920,0,0.249,1570456,991448,159244,5215364,5314.730,1613.845,0,621.629,0,16.935,4125,2389,2.270,1.310,0.670,6,0,207.210,0,0,11,28,0,27,0
19-06 02:00:13,61.204,8.528,29.097,0,0.251,1585608,976068,159248,5215588,9234.795,1625.420,0,381.271,0,21.070,7511,9792,2.270,1.310,0.670,3,0,13.043,0,0,11,28,0,28,0
19-06 02:00:14,61.188,18.481,19.730,0,0,1587144,974516,159248,5215604,7559.390,1618.371,0,231.767,0,14.985,4420,2671,2.270,1.310,0.670,3,0,273.724,0,0,11,28,0,24,0
19-06 02:00:15,63.765,6.752,28.257,0.500,0,1631976,929380,159252,5215896,9365.276,1620.394,0,448.109,0,44.011,7400,9231,2.330,1.340,0.680,4,0,0,0,0,11,28,0,25,0
19-06 02:00:16,63.335,12.016,24.032,0.250,0,1577328,983876,159264,5216036,9669.997,1622.180,0,1730.326,0,83.112,4715,2907,2.330,1.340,0.680,3,0,112.151,0,0,11,28,0,25,0
19-06 02:00:17,65.866,7.734,25.448,0.249,0,1602400,958712,159288,5216104,5002.809,1455.036,0,335.317,0,35.927,7379,9530,2.330,1.340,0.680,4,0,8.982,0,0,11,28,0,25,0
19-06 02:00:18,67.122,29.053,4.007,0,0.250,1560512,1000556,159292,5216144,9815.834,1622.949,0,248.451,0,24.044,5754,4787,2.330,1.340,0.680,7,0,582.058,0,0,11,28,0,22,0
19-06 02:00:19,81.005,18.001,0.250,0,0.250,1711140,849884,159292,5216188,6596.376,1620.092,0,160.009,0,8.000,5955,5412,2.330,1.340,0.680,8,0,378.022,0,0,11,28,0,22,0
19-06 02:00:20,81.145,18.476,0.499,0,0.250,1763080,797700,159312,5216412,9093.217,1617.903,0,719.068,0,52.931,8179,10097,2.940,1.480,0.730,8,0,379.508,0,0,11,28,0,24,0
19-06 02:00:21,76.861,21.531,0.751,0,0.250,1639176,921524,159316,5216488,6771.745,1622.335,0,869.251,0,46.066,6630,7799,2.940,1.480,0.730,6,0,438.631,0,0,11,28,0,25,0
19-06 02:00:22,85.489,14.498,0.250,0,0,1660592,899940,159320,5216652,9130.781,1457.805,0,111.985,0,7.999,5477,3738,2.940,1.480,0.730,5,0,68.991,0,0,11,28,0,25,0
19-06 02:00:23,82.835,12.974,3.493,0,0,1646960,913484,159324,5216736,7419.222,1616.780,0,115.769,0,8.982,8107,12141,2.940,1.480,0.730,6,0,110.779,0,0,11,31,0,25,0
19-06 02:00:24,43.368,17.447,37.636,0,0,1468460,1091788,159328,5216928,5621.897,1615.086,0,163.503,0,10.967,7703,10050,2.940,1.480,0.730,2,0,425.705,0,0,11,28,0,28,0
19-06 02:00:25,19.084,30.886,48.715,0,0.251,1442092,1118120,159336,5216956,5271.225,1627.169,0,220.974,0,21.093,6329,5309,2.870,1.490,0.740,4,0,712.138,0,0,11,28,0,28,0
19-06 02:00:26,77.358,21.392,0.746,0,0.249,1605352,954828,159336,5216988,10083.954,1611.841,0,11.940,0,2.985,5363,3917,2.870,1.490,0.740,6,0,358.187,0,0,11,29,0,26,0
19-06 02:00:27,80.684,11.777,6.765,0,0.251,1556276,1003812,159344,5217064,11357.842,1623.694,0,509.158,0,56.128,7863,11282,2.870,1.490,0.740,4,0,125.285,0,0,11,29,0,26,0
19-06 02:00:28,81.790,16.057,1.756,0,0,1592732,967172,159364,5217228,23490.181,1463.181,0,313.109,0,24.085,5695,3952,2.870,1.490,0.740,4,0,146.519,0,0,11,28,0,27,0
19-06 02:00:29,75.980,9.248,13.746,0,0,1649324,910484,159372,5217316,7287.061,1619.569,0,179.952,0,6.998,8285,11858,2.870,1.490,0.740,3,0,0,0,0,11,32,0,27,0
19-06 02:00:30,61.298,9.220,28.406,0,0,1644684,914712,159392,5217708,9683.092,1614.679,0,430.581,0,44.852,12734,20364,2.880,1.520,0.750,4,0,30.898,0,0,11,30,0,29,0
19-06 02:00:31,83.286,14.299,1.505,0,0,1576576,982784,159408,5217656,7257.922,1625.582,0,309.061,0,28.096,6021,13288,2.880,1.520,0.750,5,0,126.434,0,0,11,28,0,30,0
19-06 02:00:32,81.181,11.490,6.994,0,0,1652308,906988,159412,5217788,5950.920,1660.583,0,163.860,0,8.992,7814,10836,2.880,1.520,0.750,4,0,0,0,0,11,31,0,31,0
19-06 02:00:33,67.003,9.750,21.751,0,0.250,1683144,875728,159416,5218208,6501.320,1620.080,0,148.007,0,9.000,12596,20159,2.880,1.520,0.750,5,0,71.003,0,0,11,29,0,32,0
19-06 02:00:34,80.789,16.706,1.745,0,0.249,1572424,986412,159424,5218236,10158.508,1615.786,0,151.605,0,7.979,5600,4257,2.880,1.520,0.750,5,0,188.508,0,0,11,29,0,31,0
19-06 02:00:35,82.954,9.523,7.017,0,0.251,1657064,901556,159432,5218444,10715.289,1623.984,0,224.551,0,21.052,7782,11464,2.890,1.540,0.760,5,0,0,0,0,11,29,0,32,1
19-06 02:00:36,75.578,15.465,7.732,0,0.249,1551248,1007284,159440,5218524,13022.385,1616.324,0,223.492,0,19.955,7277,10500,2.890,1.540,0.760,5,0,127.710,0,0,11,28,0,32,0
19-06 02:00:37,84.265,11.787,3.511,0,0,1657252,901244,159448,5218552,6830.510,1462.606,0,256.809,0,23.073,6339,5740,2.890,1.540,0.760,5,0,0,0,0,11,29,0,33,0
19-06 02:00:38,77.065,12.969,9.727,0,0,1630500,927772,159456,5218768,9681.793,1616.126,0,323.225,0,36.912,8463,12541,2.890,1.540,0.760,4,0,119.713,0,0,11,29,0,35,0
19-06 02:00:39,80.174,15.534,3.508,0,0,1612132,945960,159464,5218940,7053.322,1623.527,0,188.409,0,8.017,5487,5488,2.890,1.540,0.760,4,0,141.307,0,0,11,28,0,35,0
19-06 02:00:40,81.863,11.730,5.990,0,0,1605348,952660,159468,5219020,5227.268,1617.298,0,1565.385,0,13.977,6910,9997,2.820,1.550,0.770,4,0,86.855,0,0,11,28,0,36,0
19-06 02:00:41,82.604,15.019,1.752,0,0.250,1583616,974364,159472,5219044,8936.289,1622.049,0,184.233,0,8.010,5410,3847,2.820,1.550,0.770,5,0,68.086,0,0,11,28,0,36,0
19-06 02:00:42,83.769,9.502,6.501,0.250,0.250,1648716,909076,159504,5219228,9293.114,1620.369,0,2344.533,0,116.026,7543,10147,2.820,1.550,0.770,5,0,0,0,0,11,28,0,33,0
19-06 02:00:43,64.536,15.759,19.011,0,0,1574196,983552,159508,5219232,4593.597,1458.825,0,320.181,0,25.014,5081,3836,2.820,1.550,0.770,4,0,260.147,0,0,11,28,0,33,0
19-06 02:00:44,66.339,7.981,24.690,0.249,0,1627432,930208,159524,5219324,9318.397,1616.080,0,395.042,0,35.913,6545,8400,2.820,1.550,0.770,3,0,1.995,0,0,11,34,0,33,0
19-06 02:00:45,59.142,15.036,25.311,0,0.501,1545660,1011928,159536,5219364,10223.595,1623.907,0,156.376,0,11.027,5618,5749,2.910,1.590,0.790,3,0,182.439,0,0,11,32,0,33,0
19-06 02:00:46,65.382,8.984,24.955,0,0,1614628,942860,159552,5219448,9124.519,1617.079,0,235.574,0,11.978,4588,3417,2.910,1.590,0.790,4,0,0,0,0,11,34,0,33,0
19-06 02:00:47,50.538,13.760,35.026,0.250,0,1480076,1077048,159560,5219804,8554.431,1621.219,0,5159.879,0,215.162,8834,11223,2.910,1.590,0.790,3,0,221.166,0,0,11,32,0,33,0
19-06 02:00:48,43.730,6.497,48.977,0,0,1515800,1041320,159560,5219808,6551.982,1619.254,0,191.912,0,9.995,3178,2006,2.910,1.590,0.790,3,0,0,0,0,11,32,0,33,0
19-06 02:00:49,44.413,6.737,48.155,0,1.996,1479088,1077816,159576,5220008,9752.801,1455.135,0,215.576,0,16.967,5546,6339,2.910,1.590,0.790,2,0,33.933,0,0,11,32,0,33,0
19-06 02:00:50,39.398,12.218,48.126,0,0,1489688,1067208,159576,5220016,9289.978,1615.822,0,167.567,0,11.969,3623,2070,2.840,1.600,0.790,3,0,104.729,0,0,11,32,0,33,0
19-06 02:00:51,42.437,7.738,47.679,0,0,1479608,1077228,159600,5220052,5411.919,1617.585,0,267.600,0,19.970,4628,5022,2.840,1.600,0.790,5,0,59.911,0,0,11,33,0,33,0
19-06 02:00:52,44.868,6.267,48.378,0.251,0,1484320,1072472,159628,5220068,10044.503,1624.286,0,453.196,0,34.090,3751,3092,2.840,1.600,0.790,4,0,5.013,0,0,11,32,0,33,0
19-06 02:00:53,43.893,7.023,48.909,0,0,1460956,1095652,159640,5220240,10834.265,1667.427,0,180.588,0,11.036,5353,6657,2.840,1.600,0.790,5,0,43.140,0,0,11,33,0,34,0
19-06 02:00:54,43.688,6.740,48.681,0,0,1493692,1062888,159656,5220252,11895.029,1455.923,0,271.612,0,23.966,3276,2473,2.840,1.600,0.790,3,0,4.993,0,0,11,33,0,34,0
19-06 02:00:55,44.388,6.771,48.400,0.251,0.251,1466452,1090084,159656,5220296,10304.008,1625.048,0,304.947,0,26.081,5603,7379,2.770,1.600,0.800,3,0,63.196,0,0,11,33,0,34,0
19-06 02:00:56,24.385,10.202,63.700,0.498,0.249,1442716,1113684,159716,5220372,6168.985,1612.416,0,2424.596,0,149.298,4091,4179,2.770,1.600,0.800,2,0,217.975,0,0,11,32,0,34,0
19-06 02:00:57,22.782,3.505,73.102,0,0,1460108,1096256,159724,5220400,8724.195,1622.268,0,260.364,0,17.024,3633,4400,2.770,1.600,0.800,2,0,0,0,0,11,32,0,35,0
19-06 02:00:58,13.732,14.232,70.409,0.499,0,1434956,1121396,159728,5220408,7102.777,1617.899,0,271.647,0,21.971,4384,3330,2.770,1.600,0.800,2,0,283.632,0,0,11,32,0,35,0
19-06 02:00:59,23.515,2.502,73.296,0,0.250,1484772,1071576,159728,5220412,5053.174,1663.044,0,92.058,0,7.004,2148,1841,2.770,1.600,0.800,2,0,0,0,0,11,32,0,35,0
19-06 02:01:00,21.470,5.243,72.398,0,0,1450516,1105812,159728,5220432,10021.836,1617.714,0,79.887,0,6.990,3802,3962,2.630,1.590,0.800,2,0,46.934,0,0,11,32,0,36,0
19-06 02:01:01,22.501,3.250,73.502,0,0,1484972,1071224,159728,5220564,6397.196,1458.045,0,4.000,0,1.000,2044,1640,2.630,1.590,0.800,3,0,0,0,0,11,32,0,36,0
19-06 02:01:02,22.805,4.260,71.421,0,0,1387928,1168228,159732,5220600,11640.931,1623.896,0,156.375,0,12.029,5084,6443,2.630,1.590,0.800,2,0,38.091,0,0,11,32,0,36,0
19-06 02:01:03,11.534,24.322,63.690,0.251,0.251,1379972,1176024,159736,5220760,10793.165,1624.842,0,381.136,0,25.075,6543,5365,2.630,1.590,0.800,3,0,584.743,0,0,11,32,0,36,0
19-06 02:01:04,43.018,6.465,48.986,0,0.249,1509328,1046056,159780,5221324,5864.395,1611.316,35.807,310.328,0.995,18.898,3130,2018,2.630,1.590,0.800,3,0,4.973,0,0,11,32,0,36,0
19-06 02:01:05,37.440,7.287,44.978,9.800,0.251,1538032,1011268,160328,5226412,9606.680,1628.251,438.221,16945.871,17.087,1568.950,11756,15237,2.580,1.600,0.810,3,1,74.377,0,0,11,36,0,36,0
19-06 02:01:06,34.990,7.998,39.989,15.746,0,1506912,1038484,161156,5229340,11472.780,1619.545,0,46990.812,0,3863.916,15707,29275,2.580,1.600,0.810,2,1,81.977,0,0,11,36,0,36,0
19-06 02:01:07,35.800,6.464,46.738,8.204,0,1539996,1004988,161616,5229252,14184.633,1610.986,0,21475.837,0,1905.339,9034,14978,2.580,1.600,0.810,3,0,21.878,0,0,11,32,0,31,0
19-06 02:01:08,44.264,7.042,46.527,1.760,0,1563252,981664,161664,5229272,8787.354,1466.739,0,7379.969,0,439.619,3441,3363,2.580,1.600,0.810,3,0,1.006,0,0,11,32,0,31,0
19-06 02:01:09,34.614,8.716,43.329,9.961,0.249,1587880,956040,162332,5229592,9453.757,1613.643,0,19929.488,0,2307.908,13586,22895,2.580,1.600,0.810,2,1,2.988,0,0,11,34,0,31,0
19-06 02:01:10,33.703,9.736,51.927,3.994,0,1463492,1079964,162544,5229828,8032.736,1711.600,39.944,8112.624,2.996,877.769,7382,10220,2.530,1.610,0.820,2,0,101.857,0,0,11,32,0,31,0
19-06 02:01:11,21.728,3.496,72.425,0.250,0,1511152,1032288,162552,5229828,6227.554,1618.325,0,1654.288,0,56.941,1884,1582,2.530,1.610,0.820,2,0,0,0,0,11,32,0,28,0
19-06 02:01:12,23.406,3.020,72.985,0.503,0,1506332,1037076,162556,5229852,6095.522,1630.841,0,2693.908,0,259.727,2039,1558,2.530,1.610,0.820,3,0,1.007,0,0,11,32,0,28,0
19-06 02:01:13,22.410,3.486,71.960,0.996,0,1498476,1044828,162676,5229852,9362.302,1613.503,0,7075.510,0,369.512,2309,2649,2.530,1.610,0.820,2,0,1.992,0,0,11,32,0,28,0
19-06 02:01:14,22.240,3.249,73.716,0,0.500,1468076,1075216,162676,5229864,9767.538,1619.260,0,0,0,0,1785,1209,2.530,1.610,0.820,2,0,1.000,0,0,11,32,0,28,0
19-06 02:01:15,22.000,4.000,73.249,0,0,1534628,1008616,162676,5229904,8637.927,1457.988,0,0,0,0,1797,1194,2.410,1.600,0.820,2,0,2.000,0,0,11,32,0,23,0
19-06 02:01:16,23.751,2.500,74.004,0,0,1508616,1034552,162676,5229980,6778.402,1620.096,0,0,0,0,1719,1168,2.410,1.600,0.820,2,0,1.000,0,0,11,32,0,23,0
19-06 02:01:17,22.013,3.502,73.545,0,0,1544528,998640,162676,5229980,9012.516,1620.992,0,0,0,0,1747,1159,2.410,1.600,0.820,2,0,2.001,0,0,11,32,0,23,0
19-06 02:01:18,22.570,2.759,73.978,0.251,0,1507072,1036000,162680,5230068,8736.927,1625.008,0,180.556,0,2.006,1688,1114,2.410,1.600,0.820,2,0,1.003,0,0,11,32,0,23,0
19-06 02:01:19,22.145,3.483,73.650,0,0,1497640,1045396,162680,5230104,4587.221,1612.345,0,171.187,0,10.948,1812,1728,2.410,1.600,0.820,2,0,0.995,0,0,11,32,0,22,0
19-06 02:01:20,22.244,3.999,73.481,0,0,1518668,1024356,162692,5230104,9154.646,1619.583,0,371.904,0,24.994,1896,1436,2.300,1.590,0.820,2,0,1.000,0,0,11,32,0,22,0
19-06 02:01:21,22.462,2.995,73.625,0,0,1490892,1052108,162692,5230128,7236.674,1617.245,0,0,0,0,1744,1089,2.300,1.590,0.820,2,0,2.995,0,0,11,32,0,22,0
19-06 02:01:22,21.730,3.497,73.432,0,0.250,1507508,1035432,162700,5230144,7721.884,1456.658,0,0,0,0,1754,1197,2.300,1.590,0.820,3,0,0,0,0,11,32,0,22,0
19-06 02:01:23,22.294,4.008,73.644,0,0,1486996,1055920,162700,5230168,10564.684,1623.178,0,248.486,0,54.106,1928,1326,2.300,1.590,0.820,2,0,1.002,0,0,11,32,0,19,0
19-06 02:01:24,23.257,2.251,73.771,0,0.500,1534260,1008652,162700,5230168,7859.218,1620.457,0,0,0,0,1784,1152,2.300,1.590,0.820,2,0,2.001,0,0,11,32,0,19,0
19-06 02:01:25,10.549,18.336,70.077,0.251,0.251,1478368,1064340,162704,5230328,11500.632,1627.590,0,667.111,0,9.042,5350,3987,2.350,1.610,0.830,1,0,382.785,0,0,11,32,0,19,0
19-06 02:01:26,8.740,20.228,69.173,0,0,1437768,1104756,162704,5230500,9114.888,1456.384,0,627.304,0,9.989,5987,4600,2.350,1.610,0.830,2,0,429.523,0,0,11,32,0,19,0
19-06 02:01:27,7.492,22.727,68.681,0,0,1430668,1111796,162704,5230528,5194.747,1618.363,0,87.911,0,0.999,5976,4556,2.350,1.610,0.830,4,0,430.565,0,0,11,32,0,16,0
19-06 02:01:28,16.000,10.500,72.248,0,0,1431576,1110892,162704,5230524,9712.705,1619.951,0,339.990,0,5.000,3229,2372,2.350,1.610,0.830,2,0,132.996,0,0,11,32,0,16,0
19-06 02:01:29,21.925,3.986,72.501,0.249,0,1482508,1059960,162704,5230524,7305.896,1614.453,0,641.795,0,97.664,2221,1652,2.350,1.610,0.830,3,0,1.993,0,0,11,32,0,16,0
19-06 02:01:30,22.783,2.754,73.606,0,0,1451484,1090952,162720,5230540,5594.088,1622.346,0,468.678,0,30.043,1866,1385,2.240,1.600,0.830,3,0,2.003,0,0,11,32,0,16,0
19-06 02:01:31,21.798,5.011,72.909,0,0,1460692,1081764,162720,5230520,9435.568,1461.185,0,4.009,0,1.002,1895,1292,2.240,1.600,0.830,3,0,9.020,0,0,11,32,0,13,0
19-06 02:01:32,26.423,4.736,67.054,0,0.249,1441456,1100980,162720,5230540,8174.096,1657.154,0,19.942,0,0.997,2488,10438,2.240,1.600,0.830,2,0,29.913,0,0,11,32,0,14,0
19-06 02:01:33,21.490,4.248,73.965,0,0.250,1499432,1043016,162720,5230528,10566.947,1619.226,0,0,0,0,1812,1202,2.240,1.600,0.830,2,0,1.999,0,0,11,32,0,14,0
19-06 02:01:34,22.529,3.254,73.344,0,0,1483688,1058748,162720,5230540,8027.280,1622.077,0,128.164,0,25.032,1813,1212,2.240,1.600,0.830,2,0,1.001,0,0,11,32,0,14,0
19-06 02:01:35,21.982,3.747,73.689,0.250,0,1496008,1046448,162724,5230516,6025.028,1618.664,0,43.964,0,1.998,1814,1188,2.140,1.590,0.830,3,0,1.998,0,0,11,32,0,10,0
19-06 02:01:36,22.747,2.500,73.742,0,0,1471540,1070892,162724,5230540,10727.790,1619.817,0,31.996,0,2.000,1753,1025,2.140,1.590,0.830,3,0,1.000,0,0,11,32,0,10,0
19-06 02:01:37,22.990,3.498,73.466,0,0,1485416,1057028,162724,5230528,7860.411,1619.261,0,3.998,0,1.000,1778,1199,2.140,1.590,0.830,2,0,0,0,0,11,32,0,10,0
19-06 02:01:38,22.500,3.750,73.500,0,0.250,1476092,1066336,162724,5230544,9624.991,1619.998,0,2079.998,0,10.000,1841,1163,2.140,1.590,0.830,2,0,3.000,0,0,11,32,0,10,0
19-06 02:01:39,22.313,3.510,73.205,0,0,1492548,1049888,162736,5230524,7696.567,1624.552,0,236.663,0,11.031,1988,1637,2.140,1.590,0.830,2,0,0,0,0,11,32,0,10,0
19-06 02:01:40,22.762,3.002,73.288,0.250,0,1469328,1073072,162744,5230552,9637.050,1458.764,0,452.237,0,48.025,1970,1268,2.050,1.580,0.830,2,0,4.002,0,0,11,32,0,7,0
19-06 02:01:41,20.986,4.247,73.200,0,0.250,1477228,1065260,162744,5230464,7757.678,1618.889,0,0,0,0,1820,1201,2.050,1.580,0.830,3,0,1.999,0,0,11,32,0,7,0
19-06 02:01:42,22.741,3.249,73.722,0,0,1522956,1019532,162744,5230464,5815.766,1619.378,0,99.962,0,1.999,1753,1156,2.050,1.580,0.830,2,0,0,0,0,11,32,0,7,0
19-06 02:01:43,21.795,3.507,73.401,0,0.251,1471868,1070544,162744,5230540,5412.159,1623.347,0,412.851,0,66.136,1916,1274,2.050,1.580,0.830,2,0,1.002,0,0,11,32,0,7,0
19-06 02:01:44,22.231,3.747,73.935,0,0,1453756,1088664,162744,5230532,10508.808,1618.584,0,11.990,0,0.999,1860,1329,2.050,1.580,0.830,2,0,0.999,0,0,11,32,0,6,0
19-06 02:01:45,22.489,2.998,73.213,0,0.250,1495304,1047112,162744,5230536,9418.226,1511.234,0,207.895,0,26.986,1816,1213,1.970,1.570,0.830,2,0,1.999,0,0,11,32,0,6,0
19-06 02:01:46,22.531,3.254,74.101,0,0,1466488,1075932,162744,5230532,9161.545,1568.147,0,0,0,0,1782,1216,1.970,1.570,0.830,3,0,1.001,0,0,11,32,0,6,0
19-06 02:01:47,22.469,2.996,73.898,0,0,1472920,1069488,162744,5230544,9087.402,1617.757,0,23.967,0,0.999,1751,1151,1.970,1.570,0.830,2,0,0.999,0,0,11,32,0,6,0
19-06 02:01:48,22.249,3.250,73.497,0,0,1491640,1050768,162744,5230544,11046.539,1619.932,0,47.998,0,1.000,1820,1274,1.970,1.570,0.830,2,0,2.000,0,0,11,32,0,6,0
19-06 02:01:49,17.552,11.032,70.958,0,0,1460936,1081420,162744,5230596,9891.041,1624.771,0,445.307,0,47.138,3639,2739,1.970,1.570,0.830,1,1,184.542,0,0,11,32,0,6,0
19-06 02:01:50,14.958,12.714,70.800,0.499,0,1505024,1037308,162752,5230612,5768.719,1615.441,0,662.131,0,37.893,4265,3445,1.890,1.560,0.830,3,0,278.215,0,0,11,32,0,6,0
19-06 02:01:51,22.753,2.250,73.758,0,0,1540436,1001876,162752,5230632,5582.642,1458.168,0,0,0,0,1710,1103,1.890,1.560,0.830,2,0,0,0,0,11,32,0,6,0
19-06 02:01:52,21.506,4.501,73.770,0,0,1512364,1029700,162752,5230868,9819.715,1620.448,0,0,0,0,1930,1352,1.890,1.560,0.830,2,0,9.002,0,0,11,32,0,6,0
19-06 02:01:53,22.545,3.256,73.395,0,0.250,1480660,1061400,162752,5230872,8144.129,1665.298,0,28.056,0,1.002,1822,1081,1.890,1.560,0.830,4,0,18.036,0,0,11,32,0,6,0
19-06 02:01:54,8.257,23.020,66.808,0,0.250,1474684,1067240,162752,5231008,14384.397,1621.397,40.035,84.072,2.002,3.003,5517,3924,1.890,1.560,0.830,3,0,365.315,0,0,11,32,0,6,0
19-06 02:01:55,7.986,22.461,67.883,0,0.250,1467652,1074228,162752,5231040,9948.862,1617.214,0,255.560,0,6.988,5536,3885,1.820,1.550,0.840,2,0,359.381,0,0,11,32,0,6,0
19-06 02:01:56,9.242,21.481,67.440,0,0.250,1451784,1090072,162752,5231060,10500.627,1618.555,0,207.815,0,3.996,5658,3978,1.820,1.550,0.840,2,0,377.663,0,0,11,32,0,5,0
19-06 02:01:57,8.769,21.798,67.900,0,0,1446776,1095048,162752,5231088,8940.696,1623.577,0,352.777,0,4.009,5748,4243,1.820,1.550,0.840,1,0,398.879,0,0,11,32,0,5,0
19-06 02:01:58,8.501,22.003,68.260,0,0,1432532,1109268,162752,5231112,5659.865,1458.223,0,1572.240,0,19.003,6344,4963,1.820,1.550,0.840,1,0,537.082,0,0,11,32,0,5,0
19-06 02:01:59,8.505,22.012,68.287,0,0,1432616,1109152,162752,5231140,8985.888,1662.905,0,1412.769,0,26.014,6511,5267,1.820,1.550,0.840,2,0,538.293,0,0,11,32,0,5,0
19-06 02:02:00,7.998,20.245,69.482,0,0,1421248,1120492,162756,5231164,7887.962,1619.581,0,539.860,0,28.993,6117,4853,1.830,1.560,0.840,1,0,461.881,0,0,11,32,0,3,0
19-06 02:02:01,8.247,21.242,69.724,0,0,1415004,1126680,162756,5231216,5892.779,1619.390,0,331.875,0,10.996,6235,4885,1.830,1.560,0.840,2,0,501.811,0,0,11,32,0,3,0
19-06 02:02:02,8.254,22.510,67.782,0,0,1411392,1130264,162756,5231244,9057.219,1620.755,0,56.026,0,14.007,6428,5112,1.830,1.560,0.840,2,0,535.249,0,0,11,32,0,3,0
19-06 02:02:03,17.262,23.767,57.541,0.250,0.250,1352908,1188708,162764,5231276,8383.905,1621.142,0,552.389,0,26.018,6912,6156,1.830,1.560,0.840,6,0,660.465,0,0,11,32,0,5,0
19-06 02:02:04,61.318,16.950,21.436,0,0,1536196,1005212,162788,5231480,9925.561,1615.209,0,769.717,0,49.852,5160,3949,1.830,1.560,0.840,4,0,312.074,0,0,11,32,0,7,0
19-06 02:02:05,54.933,11.736,24.720,6.492,0.250,1612168,921576,163136,5238144,10020.843,1618.037,443.462,16571.896,9.988,1285.441,10538,13297,1.930,1.580,0.850,5,0,52.936,0,0,11,36,0,7,0
19-06 02:02:06,38.370,10.533,33.355,17.304,0.502,1623744,900784,163908,5245820,5699.872,1462.586,0,63314.528,0,4533.214,22191,33721,1.930,1.580,0.850,5,2,150.472,0,0,11,36,0,8,0
19-06 02:02:07,38.013,8.253,32.761,17.256,0,1639164,876856,164268,5253688,8818.960,1620.544,0,66346.268,0,4775.603,22440,35805,1.930,1.580,0.850,6,0,63.021,0,0,11,36,0,8,0
19-06 02:02:08,36.741,9.998,33.992,17.246,0,1638616,871084,164616,5259408,8799.859,1619.606,0,59341.560,0,4582.885,21191,35000,1.930,1.580,0.850,2,2,108.973,0,0,11,36,0,8,0
19-06 02:02:09,42.531,15.511,26.519,12.759,0,1576620,926364,165024,5265812,5356.921,1621.187,372.272,38328.053,6.004,2870.101,15822,24503,1.930,1.580,0.850,4,1,275.201,0,0,11,34,0,9,0
19-06 02:02:10,43.459,19.981,24.477,10.240,0,1603416,894188,165424,5270228,9930.721,1712.400,1114.958,48088.067,19.981,3240.972,21798,36369,2.730,1.760,0.910,6,1,217.796,0,0,11,35,0,9,0
19-06 02:02:11,33.778,11.509,38.782,13.261,0.250,1517440,974128,165780,5275700,8046.622,1459.201,668.550,37018.466,12.010,2803.307,16801,25374,2.730,1.760,0.910,3,1,143.118,0,0,11,34,0,9,0
19-06 02:02:12,33.502,7.751,41.253,15.501,0,1556176,931792,165944,5279008,10558.771,1620.118,0,44443.246,0,3441.251,18480,26617,2.730,1.760,0.910,4,1,42.003,0,0,11,35,0,10,0
19-06 02:02:13,33.738,7.497,43.734,12.995,0.250,1553696,930560,166088,5282440,9693.531,1619.420,0,41557.127,0,3288.823,21626,32184,2.730,1.760,0.910,2,1,41.985,0,0,11,34,0,10,0
19-06 02:02:14,30.243,9.420,41.150,15.617,0,1534592,949272,166252,5282624,5325.710,1606.339,0,38199.150,0,3201.772,17831,26541,2.730,1.760,0.910,3,0,94.199,0,0,11,34,0,10,0
19-06 02:02:15,36.580,6.811,40.617,14.632,0,1561780,921060,166468,5283412,10071.912,1634.756,0,36457.071,0,3086.863,18206,28323,2.760,1.780,0.930,4,1,24.219,0,0,11,35,0,10,0
19-06 02:02:16,33.997,8.999,41.996,13.749,0,1512040,970308,166776,5283572,9150.059,1619.833,0,36520.244,0,3184.672,19996,30638,2.760,1.780,0.930,4,1,59.994,0,0,11,36,0,10,0
19-06 02:02:17,36.520,6.459,40.992,12.173,0.248,1565428,915372,166872,5284996,10523.841,1609.879,0,38148.179,0,3055.790,15452,22886,2.760,1.780,0.930,6,0,20.869,0,0,11,36,0,10,0
19-06 02:02:18,40.481,5.532,42.241,10.309,0.251,1570932,907336,166932,5287412,9368.551,1466.382,0,25071.307,0,2386.642,16778,28221,2.760,1.780,0.930,2,1,39.224,0,0,11,37,0,12,0
19-06 02:02:19,32.023,9.257,42.280,15.011,0.500,1544328,931480,166988,5289748,9164.487,1621.148,0,35557.169,0,3145.226,18033,26800,2.760,1.780,0.930,7,0,103.073,0,0,11,36,0,12,0
19-06 02:02:20,31.983,7.496,40.478,16.741,0,1559728,913376,167088,5292280,7613.945,1619.138,0,52148.224,0,3844.952,21601,31157,2.780,1.800,0.940,1,2,39.979,0,0,11,37,0,12,0
19-06 02:02:21,32.015,9.004,41.770,14.507,0,1539004,931848,167192,5294364,5314.558,1620.780,0,39086.814,0,3292.585,17943,27644,2.780,1.800,0.940,6,0,73.035,0,0,11,36,0,12,0
19-06 02:02:22,34.485,7.497,40.483,15.493,0,1570868,896972,167328,5297156,6789.104,1619.309,0,40998.510,0,3364.565,19768,29683,2.780,1.800,0.940,7,0,80.965,0,0,11,36,0,14,0
19-06 02:02:23,30.987,8.996,40.732,17.243,0,1612784,853016,167380,5299068,9781.772,1619.300,0,37027.996,0,3446.510,20203,28253,2.780,1.800,0.940,2,1,107.953,0,0,11,36,0,14,0
19-06 02:02:24,33.510,7.252,42.013,15.004,0,1628684,838972,167420,5297152,11013.303,1620.486,0,40868.256,0,3449.034,19591,30821,2.780,1.800,0.940,4,0,15.004,0,0,11,36,0,15,0
19-06 02:02:25,32.015,9.004,42.019,15.257,0,1644892,824376,167436,5295528,10787.964,1620.746,0,39089.988,0,3224.484,17699,27507,2.950,1.850,0.960,2,0,58.027,0,0,11,36,0,15,0
19-06 02:02:26,38.480,5.747,40.978,11.744,0,1652608,815544,167472,5296600,7381.115,1457.233,0,38167.909,0,2788.532,15763,25064,2.950,1.850,0.960,3,0,26.986,0,0,11,34,0,16,0
19-06 02:02:27,18.740,20.739,57.221,2.499,0,1472740,995216,167492,5296744,9946.929,1619.175,0,12537.609,0,677.655,7612,7357,2.950,1.850,0.960,1,0,449.771,0,0,11,32,0,16,0
19-06 02:02:28,19.773,24.028,54.563,0.250,0.250,1458612,1009248,167512,5296832,24958.998,1621.884,0,1285.494,0,79.092,7092,6254,2.950,1.850,0.960,4,0,566.658,0,0,11,32,0,22,0
19-06 02:02:29,64.688,11.239,23.478,0.500,0.250,1612460,854524,167516,5297720,5523.718,1618.452,0,3488.664,0,167.839,4356,2466,2.950,1.850,0.960,3,0,2.997,0,0,11,32,0,22,0
19-06 02:02:30,67.224,7.967,23.653,0.249,0.249,1744084,719780,167592,5300424,7065.947,1613.366,0,3023.568,0,101.582,4128,1900,2.960,1.870,0.970,4,0,0.996,0,0,11,32,0,22,0
19-06 02:02:31,47.743,7.287,34.676,8.795,0,1821704,633152,167728,5308776,9583.699,1465.447,0,28693.805,0,2092.634,13527,19039,2.960,1.870,0.970,4,1,108.552,0,0,11,38,0,22,0
19-06 02:02:32,24.249,9.249,45.497,18.999,0,1824344,620808,167804,5318108,8970.491,1661.906,0,77867.580,0,5586.683,27105,51540,2.960,1.870,0.970,0,1,212.988,0,0,11,38,0,23,0
19-06 02:02:33,19.954,7.233,50.385,20.204,0,1821704,615520,167840,5325700,9509.285,1616.309,0,75850.789,0,5474.499,25203,41152,2.960,1.870,0.970,1,2,170.610,0,0,11,38,0,22,0
19-06 02:02:34,27.493,5.998,46.238,17.995,0.250,1819144,611012,167904,5332420,9726.390,1619.565,0,54545.362,0,4327.839,21438,33856,2.960,1.870,0.970,3,1,146.961,0,0,11,38,0,22,0
19-06 02:02:35,34.584,12.530,32.077,19.046,0,1718772,702848,167952,5340660,11970.910,1623.922,0,74664.316,0,5160.463,25133,36873,2.960,1.890,0.980,3,1,175.424,0,0,11,36,0,22,0
19-06 02:02:36,43.476,7.746,30.233,15.741,0,1776936,636824,168008,5348220,9947.547,1619.112,0,56077.260,0,4140.730,20488,30511,2.960,1.890,0.980,2,1,47.974,0,0,11,36,0,22,0
19-06 02:02:37,37.739,7.998,34.240,17.995,0,1799312,605352,168036,5356884,5876.307,1565.549,0,63105.819,0,4291.764,20610,30934,2.960,1.890,0.980,2,2,7.998,0,0,11,38,0,22,0
19-06 02:02:38,18.247,9.249,50.742,18.497,0.250,1739572,662444,168044,5359432,9447.553,1511.769,0,61058.651,0,4674.284,21772,33744,2.960,1.890,0.980,1,2,137.979,0,0,11,36,0,22,0
19-06 02:02:39,27.907,5.482,48.588,15.698,0.249,1732532,666616,168068,5362180,7767.146,1614.626,0,58254.097,0,4137.229,18048,30903,2.960,1.890,0.980,3,0,74.751,0,0,11,36,0,22,0
19-06 02:02:40,29.252,11.001,57.504,2.000,0.250,1466800,932296,168072,5362216,5455.402,1620.119,0,8920.657,0,527.039,4728,5178,2.880,1.890,0.990,3,0,250.018,0,0,11,32,0,22,0
19-06 02:02:41,21.452,4.490,72.589,0.249,0,1529700,869396,168072,5362216,9030.937,1616.409,0,754.324,0,43.902,1943,1510,2.880,1.890,0.990,2,0,0.998,0,0,11,32,0,22,0
19-06 02:02:42,23.057,2.757,71.175,1.253,0,1563868,835228,168072,5362216,7178.646,1623.992,0,5978.696,0,357.880,2759,3121,2.880,1.890,0.990,2,0,2.005,0,0,11,38,0,22,0
19-06 02:02:43,22.234,3.498,73.199,0,0.250,1489776,909312,168072,5362224,9111.591,1618.861,0,103.927,0,9.993,2248,1568,2.880,1.890,0.990,2,0,26.981,0,0,11,32,0,22,0
19-06 02:02:44,21.976,3.746,73.670,0,0,1513824,885264,168072,5362224,7362.042,1618.251,0,35.961,0,3.996,1856,1261,2.880,1.890,0.990,2,0,0.999,0,0,11,32,0,22,0
19-06 02:02:45,24.046,2.254,73.138,0,0.250,1541108,857980,168072,5362224,5313.060,1623.073,0,148.281,0,19.036,2050,1692,2.730,1.880,0.990,3,0,2.004,0,0,11,34,0,22,0
19-06 02:02:46,13.799,32.615,51.682,0.251,0,1451472,947552,168072,5362288,8930.516,1625.737,0,618.182,0,47.166,7583,7246,2.730,1.880,0.990,3,0,985.478,0,0,11,32,0,22,0
19-06 02:02:47,8.253,25.508,64.770,0.250,0,1450968,947968,168072,5362360,7067.161,1458.446,0,224.069,0,22.007,6789,5499,2.730,1.880,0.990,1,0,684.209,0,0,11,32,0,22,0
19-06 02:02:48,8.742,20.731,69.935,0,0,1431860,966908,168072,5362524,9254.356,1618.488,0,195.817,0,12.988,5865,4278,2.730,1.880,0.990,4,0,393.632,0,0,11,32,0,22,0
19-06 02:02:49,9.002,20.255,68.518,0,0.750,1414876,983860,168072,5362552,8723.302,1620.428,0,40.011,0,10.003,5800,4313,2.730,1.880,0.990,3,0,371.098,0,0,11,32,0,22,0
19-06 02:02:50,20.239,15.491,62.965,0,0,1419928,978788,168076,5362912,5957.700,1619.103,0,475.736,0,49.972,6325,8396,2.590,1.860,0.990,4,0,225.875,0,0,11,32,0,22,0
19-06 02:02:51,44.485,9.444,45.230,0,0.497,1540544,858040,168084,5363140,10007.295,1610.392,0,0,0,0,3465,1968,2.590,1.860,0.990,4,0,84.496,0,0,11,33,0,22,0
19-06 02:02:52,49.642,4.262,46.132,0,0,1610608,787768,168100,5363328,7548.552,1462.175,104.298,429.226,1.003,21.060,3747,2808,2.590,1.860,0.990,3,0,17.049,0,0,11,49,0,22,0
19-06 02:02:53,43.941,7.533,47.708,0.251,0,1654456,739504,168156,5367312,5936.863,1669.272,0,1498.528,0,152.665,6400,9588,2.590,1.860,0.990,2,0,42.184,0,0,11,48,0,22,0
19-06 02:02:54,8.752,20.254,67.763,0.500,0,1650804,743104,168160,5367684,11249.217,1620.319,0,4260.840,0,288.057,6773,5883,2.590,1.860,0.990,1,0,321.063,0,0,11,48,0,22,0
19-06 02:02:55,22.143,11.196,63.942,1.742,0.249,1654028,731052,168248,5375828,12192.266,1612.233,8399.537,879.762,135.348,78.621,5404,7099,2.470,1.850,0.990,2,0,144.305,0,0,11,48,0,22,0
19-06 02:02:56,11.251,4.750,80.504,2.000,0.250,1658796,716940,168264,5384880,12425.648,1986.104,880.046,15592.813,17.001,378.020,4829,6811,2.470,1.850,0.990,1,0,10.001,0,0,11,48,1,22,0
19-06 02:02:57,0.750,1.000,96.786,0.750,0,1658788,716940,168264,5384884,7044.644,1694.636,0,1868.701,0,103.039,1107,1474,2.470,1.850,0.990,1,0,2.001,0,0,11,48,1,22,0
19-06 02:02:58,0.500,0.250,98.446,0.250,0,1658788,716940,168264,5384884,14002.280,1531.156,0,1023.436,0,20.988,824,1037,2.470,1.850,0.990,1,0,1.999,0,0,11,48,1,22,0
19-06 02:02:59,2.000,2.500,94.516,0,0.250,1650976,724752,168264,5384880,8895.537,1736.300,0,0,0,0,1411,1476,2.470,1.850,0.990,1,0,28.005,0,0,11,48,1,22,0
19-06 02:03:00,17.008,14.257,67.282,0,0,1703336,672368,168264,5384888,5394.563,1694.805,0,1672.795,0,13.006,5969,7327,2.350,1.830,0.990,2,0,259.123,0,0,11,48,1,22,0
19-06 02:03:01,10.538,17.062,71.258,0,0,1747188,628480,168264,5384920,6225.562,1826.620,0,12.044,0,3.011,5218,4915,2.350,1.830,0.990,3,0,307.113,0,0,12,48,1,22,0
19-06 02:03:02,26.857,15.915,55.454,0,0.249,1728112,647456,168264,5385400,11669.747,1848.141,0,362.069,0,31.830,7205,8577,2.350,1.830,0.990,2,0,291.445,0,0,12,64,1,22,0
19-06 02:03:03,8.512,9.013,80.868,0,0.250,1700432,675036,168264,5385076,9601.989,1696.472,0,208.303,0,10.015,3217,3221,2.350,1.830,0.990,1,0,187.273,0,0,12,64,1,22,0
19-06 02:03:04,11.536,13.041,74.735,0,0,1695344,680092,168264,5385100,10258.229,1625.106,0,0,0,0,4993,5175,2.350,1.830,0.990,2,0,211.665,0,0,14,64,1,22,0
19-06 02:03:05,13.507,15.508,69.286,0,0,1690352,685040,168264,5385148,7687.043,1620.853,0,1016.535,0,27.014,6251,6768,2.240,1.820,0.990,3,0,309.163,0,0,14,66,1,22,0
19-06 02:03:06,9.248,19.495,69.731,0.250,0,1674372,700852,168264,5385312,9744.410,1619.570,0,387.897,0,29.992,5829,4350,2.240,1.820,0.990,3,0,352.906,0,0,14,66,1,16,0
19-06 02:03:07,17.461,16.712,64.355,0,0.249,1682400,692796,168264,5385680,9055.608,1528.558,0,31.928,0,7.982,6875,8304,2.240,1.820,0.990,2,0,264.405,0,0,14,66,1,16,0
19-06 02:03:08,26.966,23.720,48.939,0,0,1753120,621988,168276,5385372,5688.860,1617.969,0,383.519,0,7.990,6746,5856,2.240,1.820,0.990,4,0,518.349,0,0,14,66,1,16,0
19-06 02:03:09,30.009,24.007,45.513,0,0.500,1822304,552456,168332,5385632,9739.832,1620.471,0,80.023,0,6.002,6781,5492,2.240,1.820,0.990,3,0,586.170,0,0,14,66,1,16,0
19-06 02:03:10,32.264,23.510,43.018,0,0,1915088,458284,168352,5387320,9023.823,1620.687,8.003,72.031,1.000,15.006,7474,9488,2.220,1.820,1,5,0,480.203,0,0,14,70,1,16,0
19-06 02:03:11,54.544,20.266,25.270,0,0.250,1979208,394100,168364,5387344,5217.229,1715.391,0,496.402,0,2.002,5570,5656,2.220,1.820,1,6,0,345.280,0,0,14,70,1,16,0
19-06 02:03:12,62.938,23.821,13.039,0,0,2127976,244924,168368,5387828,11183.331,1715.112,0,32.096,0,8.024,5794,5634,2.220,1.820,1,4,0,383.142,0,0,14,70,1,16,0
19-06 02:03:13,64.630,26.395,7.647,0.740,0,2194884,193956,162984,5377152,6646.577,1598.494,0,753.858,0,6.907,5816,6731,2.220,1.820,1,6,0,409.491,0,0,14,70,1,16,0
19-06 02:03:14,74.497,22.980,1.768,1.010,0,2291920,148676,157712,5332132,11257.858,1472.764,416.172,8242.631,65.658,446.476,7583,9722,2.220,1.820,1,6,0,360.615,0,0,14,74,1,15,0
19-06 02:03:15,65.542,26.767,4.503,1.751,0,2462156,200988,156704,5115776,4898.154,1621.044,228.147,9874.358,24.015,836.539,10232,12932,2.680,1.930,1.030,8,0,329.212,0,0,14,76,1,15,0
19-06 02:03:16,68.639,21.715,5.491,2.246,0.250,2569468,150044,156448,5061872,4561.643,1691.272,3.994,31013.981,0.998,2097.617,16317,26213,2.680,1.930,1.030,5,0,363.414,0,0,14,76,1,15,0
19-06 02:03:17,68.721,22.573,8.026,1.254,0.251,2670656,128684,156464,4983028,8900.616,1625.225,60.194,3699.895,5.016,234.755,8849,12327,2.680,1.930,1.030,9,0,303.977,0,0,14,80,1,19,0
19-06 02:03:18,70.340,23.530,5.257,0,0.250,2738224,132368,156472,4913288,9934.702,1622.074,28.036,1529.956,6.008,78.100,8944,14299,2.680,1.930,1.030,4,0,441.565,0,0,14,91,1,26,0
19-06 02:03:19,39.321,23.145,35.837,0.249,0.249,2796692,209464,156472,4780616,7363.553,1612.675,0,3137.748,0,169.231,7334,11518,2.680,1.930,1.030,3,0,376.291,0,0,14,89,1,28,0
19-06 02:03:20,58.020,15.005,26.009,0,0,2922900,152604,156484,4713380,10658.718,1458.509,44.015,1228.428,5.002,65.023,6957,11388,2.870,1.980,1.050,4,0,201.070,0,0,14,94,1,31,0
19-06 02:03:21,39.778,9.507,48.784,1.001,0,3013924,130688,156504,4646020,11081.674,1621.123,0,3750.597,0,212.147,4382,4305,2.870,1.980,1.050,3,0,69.048,0,0,14,97,1,31,0
19-06 02:03:22,9.027,19.307,70.457,0.501,0,3019132,125448,156504,4646052,11429.625,1715.046,0,930.738,0,61.180,5859,4512,2.870,1.980,1.050,2,0,365.074,0,0,14,97,1,30,0
19-06 02:03:23,7.747,19.242,70.720,0,0,3025948,118600,156504,4646084,9926.808,1619.316,0,71.970,0,6.997,5728,4239,2.870,1.980,1.050,2,0,338.857,0,0,14,97,1,30,0
19-06 02:03:24,14.240,13.490,71.198,0,0.250,3050136,160344,156504,4581336,6543.194,1618.811,3.997,99.927,0.999,9.993,4160,3121,2.870,1.980,1.050,4,0,218.839,0,0,14,97,1,30,0
19-06 02:03:25,22.742,4.248,71.723,1.000,0,3095568,179212,156508,4518256,8641.806,1619.401,147.945,10915.965,7.997,491.818,2973,1749,2.720,1.960,1.050,2,0,0,0,0,14,98,1,31,0
19-06 02:03:26,20.159,6.471,71.927,0.249,0.498,3034272,240492,156508,4518292,8324.601,1612.755,7.964,354.408,1.991,23.893,3335,2979,2.720,1.960,1.050,2,0,62.718,0,0,14,99,1,28,0
19-06 02:03:27,24.264,4.753,69.791,0.250,0,3102464,172268,156508,4518324,8867.227,1458.860,32.019,220.130,3.002,25.015,2472,2224,2.720,1.960,1.050,3,0,7.004,0,0,14,101,1,28,0
19-06 02:03:28,24.320,4.262,69.198,0.752,0,3106976,167396,156520,4518644,7776.237,1624.646,0,1151.292,0,147.422,4205,5297,2.720,1.960,1.050,7,0,1.003,0,0,14,106,1,28,0
19-06 02:03:29,26.855,4.227,65.646,1.492,0.249,3110396,163628,156520,4518976,10554.068,1611.308,39.785,1523.780,2.984,169.088,5280,7135,2.720,1.960,1.050,2,0,1.989,0,0,14,106,1,29,0
19-06 02:03:30,20.047,7.768,70.666,0.501,0,3143576,130424,156520,4519000,9291.825,1623.814,0,982.307,0,46.108,3214,2551,2.580,1.940,1.050,1,0,113.266,0,0,14,108,1,22,0
19-06 02:03:31,37.255,6.501,55.507,0.250,0.250,3204404,135304,156520,4454776,6852.907,1620.214,8.001,628.083,2.000,47.006,3884,3446,2.580,1.940,1.050,2,0,5.001,0,0,14,115,1,22,0
19-06 02:03:32,33.694,10.058,53.055,1.006,0.251,3175336,229828,156524,4390900,9390.998,1794.317,36.208,3162.182,5.029,262.509,6934,20551,2.580,1.940,1.050,3,0,67.387,0,0,14,116,1,23,0
19-06 02:03:33,40.246,11.676,46.457,0,0,3296820,173388,156524,4327936,9357.063,1448.874,0,540.595,0,37.762,3805,2610,2.580,1.940,1.050,3,0,70.556,0,0,14,116,1,23,0
19-06 02:03:34,34.795,8.761,55.822,0,0,3308572,223304,156440,4267560,10424.411,1622.087,184.237,368.474,1.001,23.030,3457,2420,2.580,1.940,1.050,3,0,55.071,0,0,14,116,1,22,0
19-06 02:03:35,22.582,3.262,73.768,0.502,0.251,3358108,173760,156440,4267568,9712.305,1625.910,0,317.153,0,15.055,1861,1426,2.450,1.930,1.050,2,0,0,0,0,14,116,1,22,0
19-06 02:03:36,20.510,6.003,73.034,0,0,3362616,169108,156440,4267712,10454.857,1620.753,0,256.119,0,13.006,2512,1875,2.450,1.930,1.050,2,0,51.024,0,0,14,116,1,22,0
19-06 02:03:37,22.963,2.995,73.381,0,0,3407616,124100,156440,4267720,10734.541,1617.369,0,227.630,0,13.977,1949,1543,2.450,1.930,1.050,1,0,0,0,0,14,117,1,22,0
19-06 02:03:38,19.217,7.487,69.382,0.998,0,3394560,137092,156440,4267780,7242.716,1617.257,7.986,3282.433,1.997,246.582,4533,4958,2.450,1.930,1.050,2,0,81.861,0,0,14,116,1,22,0
19-06 02:03:39,23.479,3.747,73.186,0.250,0.500,3432176,162232,156440,4206604,5516.154,1618.578,0,375.670,0,19.982,1991,1413,2.450,1.930,1.050,3,0,0,0,0,14,117,1,22,0
19-06 02:03:40,20.248,5.999,72.492,0,0,3396524,197868,156440,4206620,7317.181,1457.837,0,315.965,0,14.998,2674,2050,2.340,1.910,1.050,2,0,55.994,0,0,14,116,1,22,0
19-06 02:03:41,31.342,5.265,60.929,1.254,0.251,3426796,167280,156440,4206936,9943.263,1624.782,12.035,1215.577,3.009,146.431,5426,7615,2.340,1.910,1.050,3,1,8.024,0,0,14,119,1,24,0
19-06 02:03:42,26.188,3.991,67.092,1.247,0,3425328,168456,156440,4207228,9290.093,1616.189,23.944,1723.935,1.995,213.497,6213,9075,2.340,1.910,1.050,2,0,0.998,0,0,14,119,1,25,0
19-06 02:03:43,20.744,5.499,72.480,0.500,0,3401344,192416,156440,4207236,10593.139,1619.563,0,1519.590,0,93.975,2671,2108,2.340,1.910,1.050,2,0,52.986,0,0,14,119,1,25,0
19-06 02:03:44,24.070,4.262,70.204,0.752,0,3412920,180796,156444,4207276,9244.821,1624.714,0,1119.247,0,105.306,4043,5045,2.340,1.910,1.050,4,0,0,0,0,14,120,1,25,0
19-06 02:03:45,30.034,5.256,60.318,2.503,0,3415076,178580,156444,4207352,9805.022,1621.823,0,11152.537,0,943.060,9572,13006,2.230,1.900,1.050,6,0,1.001,0,0,14,122,1,25,0
19-06 02:03:46,28.168,7.478,63.566,0.249,0,3418212,175240,156444,4207556,7500.282,1615.323,0,717.921,0,70.795,4600,5523,2.230,1.900,1.050,2,0,77.775,0,0,14,123,1,25,0
19-06 02:03:47,23.093,2.761,71.789,1.004,0,3448024,145404,156444,4207580,4456.939,1463.892,0,718.894,0,87.352,3083,3597,2.230,1.900,1.050,4,0,0,0,0,14,124,1,25,0
19-06 02:03:48,19.895,9.947,66.895,1.243,0.249,3457152,136240,156448,4207612,9999.005,1611.459,0,4520.044,0,281.508,4818,4747,2.230,1.900,1.050,2,0,146.225,0,0,14,123,1,25,0
19-06 02:03:49,22.987,3.998,72.708,0,0,3428904,226100,156448,4147464,9462.515,1619.061,0,375.782,0,18.989,2289,1853,2.230,1.900,1.050,2,0,0,0,0,14,124,1,25,0
19-06 02:03:50,25.619,4.521,66.809,1.005,0.251,3423848,231052,156456,4147560,7999.011,1627.530,40.186,2515.640,6.028,145.674,6015,8221,2.130,1.880,1.050,8,0,1.005,0,0,14,124,1,25,0
19-06 02:03:51,41.006,11.002,46.007,1.000,0.250,3368720,285912,156456,4147796,11920.878,1620.255,32.005,2836.447,2.000,238.037,9990,15349,2.130,1.880,1.050,3,0,133.021,0,0,14,127,1,25,0
19-06 02:03:52,26.929,9.475,61.836,0.249,0.249,3404444,250060,156456,4147876,9548.719,2160.281,15.958,1037.254,0.997,85.773,5297,6662,2.130,1.880,1.050,2,0,157.583,0,0,14,127,1,25,0
19-06 02:03:53,21.307,6.267,72.443,0,0,3413904,240584,156456,4147892,10003.590,1784.744,0,493.311,0,27.072,3101,2451,2.130,1.880,1.050,4,0,85.227,0,0,14,127,1,26,0
19-06 02:03:54,8.999,20.247,68.489,0.500,0,3389844,264604,156456,4147932,9051.502,1547.744,0,479.921,0,29.995,6120,4837,2.130,1.880,1.050,3,0,406.933,0,0,14,127,1,26,0
19-06 02:03:55,15.448,18.438,64.783,0,0,3373656,280688,156460,4148372,7745.088,1614.598,3.987,885.039,0.997,39.867,6514,8035,2.040,1.870,1.050,3,0,281.060,0,0,14,127,1,26,0
19-06 02:03:56,27.248,21.249,50.497,0,0,3423336,230856,156464,4148180,9757.448,1619.908,127.993,431.976,1.000,23.999,5788,4576,2.040,1.870,1.050,3,0,339.981,0,0,14,127,0,26,0
19-06 02:03:57,30.382,23.352,44.694,0.251,0,3462456,191076,156480,4149172,7670.375,1823.936,84.367,1908.303,8.035,111.485,7988,9054,2.040,1.870,1.050,8,0,474.063,0,0,14,133,0,26,0
19-06 02:03:58,31.955,15.977,50.928,0,0,3520672,132268,156480,4149880,5024.918,1617.720,55.921,267.623,2.996,14.979,7222,9241,2.040,1.870,1.050,6,0,257.637,0,0,16,133,0,26,0
19-06 02:03:59,53.281,28.516,17.260,0.250,0.250,3613012,159144,156480,4033664,9477.426,1662.952,48.027,256.147,4.002,21.012,8293,9414,2.040,1.870,1.050,4,0,489.280,0,0,16,139,0,26,0
19-06 02:04:00,56.646,18.882,22.857,0.248,0.248,3697604,180392,156392,3929900,8098.425,1609.946,43.727,2456.658,4.969,58.634,8551,13563,2.200,1.900,1.070,2,0,327.952,0,0,16,155,0,26,0
19-06 02:04:01,30.444,26.922,40.760,1.006,0,3777432,143952,156276,3886808,8862.489,1467.353,0,5152.844,0,671.279,7491,4951,2.200,1.900,1.070,6,0,408.604,0,0,16,157,0,26,0
19-06 02:04:02,27.191,24.198,46.898,0.249,0,3814544,152320,156280,3841672,9699.959,1706.299,79.827,562.779,2.994,38.916,7127,6267,2.200,1.900,1.070,3,0,554.797,0,0,17,159,0,26,0
19-06 02:04:03,18.396,15.413,64.884,0,0.249,3822424,144412,156280,3841700,7482.777,1610.910,3.978,544.925,0.994,37.787,6685,7927,2.200,1.900,1.070,5,0,248.597,0,0,17,159,0,26,0
19-06 02:04:04,29.456,24.169,45.820,0.252,0.252,3889072,175192,156284,3745660,10135.845,1631.403,8.056,362.534,2.014,28.197,6892,5809,2.200,1.900,1.070,4,0,492.442,0,0,17,159,0,26,0
19-06 02:04:05,35.099,16.927,46.301,0,0,3947008,167920,156200,3695960,9380.636,1613.059,15.931,234.989,2.987,13.940,6655,8226,2.180,1.900,1.070,2,0,307.676,0,0,17,165,0,27,0
19-06 02:04:06,34.247,25.998,38.747,0.250,0,4021376,143848,156204,3647028,9563.298,1689.876,15.999,5959.563,1.000,232.983,8786,11522,2.180,1.900,1.070,7,0,596.956,0,0,17,165,0,27,0
19-06 02:04:07,39.211,25.889,33.933,0.251,0.251,4139644,132868,156208,3542156,7136.393,1628.763,112.606,816.392,12.065,57.308,9693,15705,2.180,1.900,1.070,6,0,675.635,0,0,17,183,0,27,0
19-06 02:04:08,12.929,19.642,65.888,0,0,4142748,166224,156208,3507240,9401.405,1450.042,0,314.275,0,27.847,6548,6562,2.180,1.900,1.070,2,0,380.910,0,0,17,183,0,27,0
19-06 02:04:09,28.108,14.807,55.966,0,0,4213056,145504,156208,3458320,7302.129,1626.265,20.077,538.073,2.008,22.085,5884,6768,2.180,1.900,1.070,3,0,192.742,0,0,17,183,0,27,0
19-06 02:04:10,49.995,8.706,40.543,0.249,0,4338748,125536,156208,3354924,4991.558,1611.785,15.919,561.140,3.980,50.741,3698,2571,2.170,1.910,1.080,3,0,11.939,0,0,17,199,0,27,0
19-06 02:04:11,33.949,6.740,58.163,0.250,0,4406736,140208,156212,3274048,4895.710,1711.452,71.893,2576.164,5.991,23.964,2978,2495,2.170,1.910,1.080,3,0,10.984,0,0,17,207,0,25,0
19-06 02:04:12,31.513,17.899,49.916,0.252,0.252,4341424,205160,156224,3274396,9971.085,1724.369,314.622,334.790,8.067,33.277,5901,5314,2.170,1.910,1.080,4,0,403.361,0,0,17,207,0,25,0
19-06 02:04:13,35.682,28.945,34.185,0.250,0,4399532,144872,156228,3276564,6837.911,1616.905,1301.509,606.838,22.956,40.922,7218,7276,2.170,1.910,1.080,4,0,517.010,0,0,17,211,0,25,0
19-06 02:04:14,47.193,18.478,32.960,0.499,0,4407004,165604,156232,3249568,10768.908,1618.033,735.106,1094.669,9.988,35.956,6820,9121,2.170,1.910,1.080,6,0,230.720,0,0,17,213,0,25,0
19-06 02:04:15,74.029,16.256,9.003,0.250,0.250,4545564,156028,156240,3122732,6498.503,1458.562,560.216,460.177,15.006,21.008,4963,4404,2.230,1.920,1.090,5,0,125.048,0,0,17,222,0,25,0
19-06 02:04:16,66.095,13.019,14.771,4.757,0.501,4590864,156616,156308,3077716,9050.055,1622.340,7134.291,1710.467,414.598,191.276,6356,5896,2.230,1.920,1.090,4,0,33.048,0,0,17,226,0,26,0
19-06 02:04:17,55.840,17.528,24.289,1.002,0,4656448,162296,156336,3008788,8906.316,1622.608,536.863,1871.008,80.129,114.184,7198,9158,2.230,1.920,1.090,5,0,277.446,0,0,17,228,0,31,0
19-06 02:04:18,38.454,24.065,34.733,0.992,0,4627020,189972,156340,3010964,6555.612,1607.643,115.115,12869.085,5.954,253.055,8516,9961,2.230,1.920,1.090,3,0,432.674,0,0,17,227,0,31,0
19-06 02:04:19,49.657,21.067,29.343,0,0,4637512,216484,156340,2974112,9493.974,1625.131,188.595,613.938,3.010,39.124,7338,8099,2.230,1.920,1.090,4,0,354.118,0,0,17,227,0,17,0
19-06 02:04:20,58.496,27.248,12.999,0.250,0,4723100,167744,156344,2938408,10341.311,1457.903,147.990,447.970,7.000,27.998,6694,8096,2.540,1.990,1.120,5,0,468.969,0,0,17,227,0,17,0
19-06 02:04:21,59.360,21.290,17.533,0.751,0,4717656,213844,156368,2898880,5299.844,1623.015,1186.203,5838.845,52.097,561.042,9290,12220,2.540,1.990,1.120,3,0,280.521,0,0,17,231,0,19,0
19-06 02:04:22,59.052,26.774,13.512,0,0,4851980,123200,156368,2856208,9108.095,1711.521,72.064,1241.103,4.004,83.074,7758,9333,2.540,1.990,1.120,4,0,541.481,0,0,17,235,0,19,0
19-06 02:04:23,56.106,21.541,21.040,0.501,0.250,4854488,131944,156376,2844936,8480.981,1693.190,520.982,1025.933,34.064,74.140,9109,13085,2.540,1.990,1.120,4,0,272.513,0,0,17,241,0,18,0
19-06 02:04:24,73.482,14.647,10.923,0,0,5034980,157976,156380,2641840,9660.887,1608.658,0,639.491,0,19.860,4724,3546,2.540,1.990,1.120,4,0,24.825,0,0,17,241,0,19,0
19-06 02:04:25,68.065,11.718,18.450,0.748,0.249,5049036,138020,156388,2647760,9406.410,1615.605,1902.823,809.797,94.742,47.870,8062,17743,2.810,2.060,1.140,4,0,12.965,0,0,17,248,0,21,0
19-06 02:04:26,59.816,17.415,21.705,0.505,0.505,5044180,203292,154164,2591552,5020.510,1471.929,1045.897,9623.064,32.306,565.350,7840,8417,2.810,2.060,1.140,8,1,245.322,0,0,17,251,0,23,0
19-06 02:04:27,48.532,29.368,20.408,0.747,0,5055940,187308,154408,2595432,9340.971,1612.743,4344.452,12363.371,72.673,420.110,8385,8231,2.810,2.060,1.140,4,0,517.671,0,0,17,251,0,22,0
19-06 02:04:28,59.513,18.754,20.004,0.250,0,5040080,202896,154408,2595976,21737.630,1620.345,1124.239,1180.251,15.003,62.013,7534,10339,2.810,2.060,1.140,5,0,236.050,0,0,18,251,0,22,0
19-06 02:04:29,78.191,19.921,1.992,0.249,0,5158528,145600,154416,2536408,5387.716,1613.625,1119.577,374.520,56.776,22.909,5665,3893,2.810,2.060,1.140,7,0,161.363,0,0,18,254,0,22,0
19-06 02:04:30,79.909,14.102,2.969,1.237,0.247,5243228,189100,154432,2411612,10268.985,1603.137,3530.860,902.507,179.116,23.750,6066,4241,2.910,2.090,1.160,6,0,17.813,0,0,18,258,0,23,0
19-06 02:04:31,77.606,15.521,6.107,0.763,0.254,5280208,149884,154460,2413828,6718.380,1648.807,1335.330,2169.912,55.978,233.072,8788,13057,2.910,2.090,1.160,8,0,214.752,0,0,18,261,0,24,0
19-06 02:04:32,47.236,11.436,39.281,0.249,0,5275892,209364,154464,2360220,13639.862,3209.087,712.025,994.449,14.917,95.467,5794,20297,2.910,2.090,1.160,4,0,64.639,0,0,18,266,0,25,0
19-06 02:04:33,43.744,8.999,46.494,0.500,0,5351024,134120,154464,2360332,18541.463,4470.388,767.895,683.906,5.999,51.993,4087,3119,2.910,2.090,1.160,2,0,9.999,0,0,18,269,0,25,1
19-06 02:04:34,33.436,9.805,55.056,0.251,0.251,5290724,184120,154464,2370616,10558646.501,96118.907,824.589,10084.119,10.056,74.414,7542,5912,2.910,2.090,1.160,1,0,44.246,0,0,18,271,0,26,0
19-06 02:04:35,27.462,14.730,56.671,0.499,0.250,5264076,202536,154464,2378832,6072211.639,48916.240,2796.127,587.187,30.957,42.941,6959,5421,2.920,2.110,1.170,2,0,263.635,0,0,18,272,0,26,0
19-06 02:04:36,25.648,3.486,69.474,0.249,0,5303248,163348,154468,2378844,10279.219,1655.432,0,478.103,0,36.854,2554,2089,2.920,2.110,1.170,2,0,1.992,0,0,18,276,0,25,0
19-06 02:04:37,24.397,3.521,68.916,0.252,0,5309064,156704,154468,2379676,5632.976,1629.831,515.107,696.199,27.164,65.394,5606,8011,2.920,2.110,1.170,2,0,2.012,0,0,18,285,0,29,0
19-06 02:04:38,20.739,8.496,69.464,0.500,0,5209516,240100,154476,2395788,9165.311,1619.172,95.951,987.495,5.997,90.953,5766,7114,2.920,2.110,1.170,2,0,117.940,0,0,18,282,0,32,0
19-06 02:04:39,15.412,12.927,68.362,0.994,0,5267368,182064,154476,2395988,6219.660,1610.847,107.390,4725.152,6.960,217.763,5551,5561,2.920,2.110,1.170,1,0,346.034,0,0,18,282,0,32,0
19-06 02:04:40,20.354,7.036,72.623,0,0.503,5308988,140440,154476,2395992,9341.944,1628.357,0,237.217,0,15.077,2916,2218,2.760,2.090,1.170,2,0,83.428,0,0,18,282,0,32,0
19-06 02:04:41,8.262,19.529,69.852,0.501,0,5300736,148636,154476,2396048,9383.749,1622.377,4.006,869.274,1.001,55.081,6273,5147,2.760,2.090,1.170,2,0,381.559,0,0,18,282,0,32,0
19-06 02:04:42,4.466,9.428,84.856,0,0,5296000,153336,154476,2396084,9492.942,1447.016,11.910,182.614,0.992,15.879,3482,3132,2.760,2.090,1.170,1,0,204.448,0,0,18,282,0,32,0
19-06 02:04:43,12.519,4.006,81.876,0.250,0.250,5318076,152132,154480,2375864,11926.392,1622.502,0,16293.126,0,66.102,2027,2132,2.760,2.090,1.170,2,0,9.014,0,0,18,282,0,32,0
19-06 02:04:44,23.853,4.017,71.308,0.251,0,5353344,148888,154480,2345416,10814.645,1627.017,64.277,249.074,4.017,31.134,2718,2343,2.760,2.090,1.170,2,0,3.013,0,0,18,286,0,29,0
19-06 02:04:45,14.938,14.689,68.962,0,0,5276948,224984,154484,2345696,9782.131,1613.260,11.950,147.384,2.988,11.950,4953,3719,2.620,2.070,1.170,3,0,209.126,0,0,18,290,0,29,0
19-06 02:04:46,11.067,17.103,70.424,0.252,0.252,5265484,236336,154484,2345776,7356.245,1629.803,4.024,1573.464,1.006,184.107,5549,4126,2.620,2.070,1.170,2,0,210.265,0,0,18,290,0,29,0
19-06 02:04:47,15.171,13.182,70.137,0.497,0,5259892,241764,154484,2345924,9379.444,1450.491,3.979,4767.320,0.995,433.754,5105,3779,2.620,2.070,1.170,3,0,180.068,0,0,18,290,0,29,0
19-06 02:04:48,25.961,3.744,69.146,0.499,0,5317736,183912,154484,2345932,9947.079,1687.469,0,682.976,0,66.900,2706,2689,2.620,2.070,1.170,2,0,2.996,0,0,18,294,0,29,0
19-06 02:04:49,23.748,3.250,71.244,0.250,0.500,5371964,129264,154484,2346352,6202.484,1661.862,403.966,391.967,12.999,42.996,2610,2532,2.620,2.070,1.170,3,0,5.000,0,0,18,298,0,29,0
19-06 02:04:50,22.746,3.749,72.487,0,0.250,5359220,141984,154484,2346376,7225.692,1619.707,23.996,183.967,3.999,10.998,2162,1828,2.490,2.050,1.160,1,0,5.999,0,0,18,294,0,29,0
19-06 02:04:51,22.024,5.005,72.078,0,0,5406848,124900,154484,2316960,10216.110,1663.809,0,172.187,0,9.010,2155,1639,2.490,2.050,1.160,2,0,3.003,0,0,18,294,0,29,0
19-06 02:04:52,25.250,1.750,70.500,0.500,0.250,5417600,144540,154484,2287924,8974.950,1619.991,0,3087.983,0,588.997,3177,2374,2.490,2.050,1.160,3,0,1.000,0,0,18,294,0,29,0
19-06 02:04:53,21.845,6.277,71.058,0.502,0.251,5355648,206440,154484,2287976,12380.715,1627.059,48.209,349.516,2.009,30.131,2659,2400,2.490,2.050,1.160,2,0,15.065,0,0,18,294,0,29,0
19-06 02:04:54,22.941,3.990,72.064,0,0.249,5347556,214404,154484,2288104,10501.935,1615.836,0,187.517,0,18.951,2381,1795,2.490,2.050,1.160,3,0,31.918,0,0,18,294,0,29,0
19-06 02:04:55,8.765,20.035,69.620,0,0,5291872,269896,154492,2288288,11240.439,1460.526,448.776,232.402,10.017,3.005,5975,4660,2.450,2.050,1.170,2,0,399.691,0,0,18,294,0,29,0
19-06 02:04:56,14.182,9.206,75.391,0,0,5286880,274840,154492,2288336,12539.216,2878.277,35.829,7.962,2.986,1.991,3678,3065,2.450,2.050,1.170,1,0,167.203,0,0,18,295,0,28,0
19-06 02:04:57,15.001,2.750,80.258,0.250,0,5320312,241364,154524,2288348,47246.619,3419.334,0,1604.157,0,14.001,1868,1622,2.450,2.050,1.170,2,0,17.002,0,0,18,295,0,28,0
19-06 02:04:58,8.254,1.251,89.541,0.250,0.250,5317040,244512,154540,2288456,247860.097,9312.287,96.044,276.127,4.002,18.008,1509,1746,2.450,2.050,1.170,2,0,0,0,0,18,296,0,28,0
19-06 02:04:59,18.520,3.003,77.586,0.250,0,5307920,246704,155104,2294692,1167157.179,12982.328,0,1165.286,0,35.039,2328,1795,2.450,2.050,1.170,2,0,4.004,0,0,18,294,0,28,0
19-06 02:05:00,22.744,6.998,69.231,0,0,5314984,238356,155172,2295876,7576.934,1689.539,23.993,95.974,1.000,1.999,9911,18084,2.330,2.030,1.170,2,0,13.996,0,0,18,294,0,28,0
19-06 02:05:01,8.994,1.249,88.692,0,0,5278148,275132,155192,2295916,58610.451,8187.615,0,0,0,0,1573,1609,2.330,2.030,1.170,1,0,2.998,0,0,18,296,0,28,0
19-06 02:05:02,19.751,6.750,71.505,0,0.250,5307504,245460,155252,2296172,175202.261,3768.264,0,740.052,0,27.002,9787,17597,2.330,2.030,1.170,2,0,20.001,0,0,18,296,0,28,0
19-06 02:05:03,18.555,8.525,70.959,0.501,0,5265384,293492,155336,2290152,10268.256,1973.816,0,1588.681,0,67.198,3803,3487,2.330,2.030,1.170,2,0,117.346,0,0,18,294,0,28,0
19-06 02:05:04,19.204,7.981,71.330,0,0.249,5335584,223280,155336,2290164,7079.108,1616.144,0,115.724,0,7.981,3257,2799,2.330,2.030,1.170,2,0,151.638,0,0,18,294,0,28,0
19-06 02:05:05,24.119,2.261,73.363,0,0,5352760,205736,155336,2290532,4954.494,1628.049,112.556,124.616,7.035,8.040,2210,1839,2.230,2.020,1.170,2,0,0,0,0,18,294,0,30,0
19-06 02:05:06,19.421,6.972,72.206,0,0.249,5370784,187632,155336,2290612,9202.554,1613.435,0,99.595,0,3.984,2959,2383,2.230,2.020,1.170,3,0,115.530,0,0,18,294,0,30,0
19-06 02:05:07,21.603,5.526,71.592,0.251,0,5366984,191420,155336,2290624,7581.219,1464.999,0,16032.594,0,41.197,2712,2213,2.230,2.020,1.170,2,0,62.298,0,0,18,294,0,30,0
19-06 02:05:08,22.366,4.722,72.069,0.249,0,5356804,231808,155336,2261244,5419.579,1610.367,47.715,1499.033,1.988,288.275,2494,2046,2.230,2.020,1.170,4,0,7.952,0,0,18,294,0,29,0
19-06 02:05:09,20.588,6.026,72.558,0,0.251,5299012,289580,155340,2261260,11286.982,1626.916,0,152.649,0,9.038,2881,2340,2.230,2.020,1.170,2,0,56.239,0,0,18,294,0,29,0
19-06 02:05:10,23.649,3.236,72.440,0.249,0,5353708,234876,155340,2261268,9455.496,1613.090,0,115.505,0,7.966,2200,1798,2.130,2,1.170,2,0,2.987,0,0,18,294,0,29,0
19-06 02:05:11,23.862,5.275,69.075,0,0,5344488,244032,155340,2261332,9805.071,1722.092,32.151,200.944,2.009,17.080,3135,2656,2.130,2,1.170,6,0,34.161,0,0,18,296,0,31,0
19-06 02:05:12,24.775,3.754,69.819,0,0,5370900,217612,155340,2261340,8369.291,1621.606,0,120.119,0,16.016,2623,2217,2.130,2,1.170,2,0,2.002,0,0,18,300,0,31,0
19-06 02:05:13,23.060,6.199,69.676,0.744,0,5347596,240828,155340,2261428,5038.466,1606.755,47.608,571.291,2.975,67.444,3700,3622,2.130,2,1.170,2,0,48.599,0,0,18,298,0,31,0
19-06 02:05:14,24.041,2.755,72.624,0,0.250,5369812,218600,155340,2261440,9819.729,1622.765,0,148.253,0,11.019,2409,1889,2.130,2,1.170,2,0,0,0,0,18,298,0,33,0
19-06 02:05:15,20.759,5.753,71.532,0.250,0.250,5401804,186568,155340,2261480,6283.794,1458.649,0,152.068,0,9.004,2287,1820,2.040,1.980,1.170,2,0,32.014,0,0,18,298,0,33,0
19-06 02:05:16,20.804,6.517,71.436,0,0,5318728,269496,155340,2261628,6407.647,1624.220,0,360.938,0,35.091,3631,3446,2.040,1.980,1.170,4,0,108.281,0,0,18,298,0,33,0
19-06 02:05:17,3.488,3.488,90.191,1.744,0.249,5301680,285508,155792,2262212,14219.295,4449.758,936.791,1076.313,211.276,108.628,2451,2933,2.040,1.980,1.170,1,0,71.754,0,0,18,300,0,32,0
19-06 02:05:18,5.251,7.252,85.768,0.250,0.250,5294608,292488,155796,2262308,17150.681,4114.883,48.010,536.115,2.000,48.010,3280,3435,2.040,1.980,1.170,1,0,125.027,0,0,18,300,0,33,0
19-06 02:05:19,4.275,7.292,86.246,0.503,0,5293000,294072,155796,2262332,16135.731,3450.832,0,201.156,0,14.081,2883,2687,2.040,1.980,1.170,2,0,119.688,0,0,18,298,0,34,0
19-06 02:05:20,19.177,7.471,71.975,0,0,5296492,282344,155800,2270548,6832.916,1452.455,243.072,326.753,14.943,17.932,3011,2515,1.950,1.970,1.160,2,0,95.635,0,0,18,298,0,34,0
19-06 02:05:21,16.499,2.000,79.994,0.250,0,5309276,266216,155936,2273668,49948.344,4059.703,0,1587.884,0,36.997,2113,1972,1.950,1.970,1.160,2,0,15.999,0,0,18,298,0,29,1
19-06 02:05:22,5.745,0.749,92.665,0,0.250,5311136,264228,155948,2273768,192840.978,8218.456,0,243.776,0,10.990,1230,1341,1.950,1.970,1.160,1,0,0.999,0,0,18,300,0,29,0
19-06 02:05:23,17.039,6.515,73.668,2.255,0,5285508,283556,155996,2279940,726100.696,6338.488,1186.713,5576.747,19.044,452.033,4823,4282,1.950,1.970,1.160,4,0,98.225,0,0,18,298,0,29,0
19-06 02:05:24,17.903,9.946,71.364,0.249,0.249,5313216,255788,155996,2280000,10834.422,1611.288,0,179.032,0,12.930,3774,3201,1.950,1.970,1.160,2,0,205.887,0,0,18,298,0,29,0
19-06 02:05:25,23.560,2.506,72.684,0,0,5344428,224564,155996,2280012,8018.313,1624.115,0,0,0,0,2073,1718,1.880,1.950,1.160,2,0,0,0,0,18,298,0,25,0
19-06 02:05:26,22.009,5.502,71.528,0,0,5324976,244000,155996,2280028,9044.533,1620.633,0,188.073,0,25.010,2696,2290,1.880,1.950,1.160,2,0,47.018,0,0,18,298,0,25,0
19-06 02:05:27,23.239,4.498,70.966,0,0,5323392,245568,155996,2280044,6788.753,1457.303,0,363.826,0,9.995,2715,2180,1.880,1.950,1.160,2,0,19.990,0,0,18,298,0,27,0
19-06 02:05:28,21.742,4.498,72.974,0,0.500,5396232,172648,155996,2280124,5473.076,1619.431,79.972,275.903,3.999,11.996,2198,2016,1.880,1.950,1.160,4,0,0,0,0,18,299,0,27,0
19-06 02:05:29,24.932,4.533,67.241,1.259,0,5373468,193680,155996,2281856,6545.770,1631.909,1619.821,1220.910,58.426,166.213,5732,8204,1.880,1.950,1.160,3,0,6.044,0,0,18,298,0,23,0
19-06 02:05:30,22.541,4.459,70.844,0.743,0.248,5399056,168088,155996,2281860,9447.552,1605.143,0,2639.568,0,161.505,2521,2550,1.810,1.930,1.160,2,0,0.991,0,0,18,298,0,23,0
19-06 02:05:31,24.135,4.777,68.383,1.006,0,5388520,178196,155996,2282288,8192.884,1629.124,112.631,973.452,4.023,109.614,5316,6894,1.810,1.930,1.160,4,0,0,0,0,18,299,0,23,0
19-06 02:05:32,16.282,20.290,62.623,0,0.250,5349892,216784,155996,2282328,8945.587,1623.191,0,1086.135,0,77.152,7081,15790,1.810,1.930,1.160,2,0,567.115,0,0,18,298,0,24,0
19-06 02:05:33,8.218,23.408,66.738,0.498,0,5337532,229112,155996,2282360,9546.535,1613.667,0,768.982,0,57.773,7556,7056,1.810,1.930,1.160,3,0,635.506,0,0,18,298,0,20,0
19-06 02:05:34,8.291,23.365,66.325,0.251,0,5316712,249896,155996,2282396,10337.708,1465.187,0,679.332,0,48.237,6946,6142,1.810,1.930,1.160,2,0,562.760,0,0,18,298,0,20,0
19-06 02:05:35,8.253,22.758,67.525,0.250,0,5314376,252204,155996,2282424,13276.838,1620.591,0,456.166,0,35.013,7058,6080,1.740,1.920,1.160,2,0,631.230,0,0,18,298,0,20,0
19-06 02:05:36,8.444,22.601,67.306,0,0.248,5317100,249448,155996,2282456,9065.179,1609.380,0,365.588,0,24.836,6407,5262,1.740,1.920,1.160,2,0,494.735,0,0,18,298,0,20,0
19-06 02:05:37,8.059,22.919,66.741,0.504,0,5312740,253768,156000,2282492,5914.537,1632.013,0,2030.950,0,120.890,7330,6609,1.740,1.920,1.160,2,0,602.435,0,0,18,298,0,17,0
19-06 02:05:38,12.463,14.956,70.791,0,0.499,5289004,315776,156000,2245540,9491.982,1657.109,19.941,2129.714,1.994,48.856,5462,4648,1.740,1.920,1.160,3,0,378.882,0,0,18,298,0,17,0
19-06 02:05:39,18.905,8.209,71.888,0.249,0,5271312,401216,156396,2187752,10796.630,1611.883,0,1894.460,0,314.417,2658,1847,1.740,1.920,1.160,2,0,3.980,0,0,18,298,0,17,0
19-06 02:05:40,12.477,1.996,84.346,0,0,5280988,389548,156464,2189676,55439.799,5316.296,0,2431.561,0,6.987,1653,1579,1.680,1.900,1.160,1,0,16.969,0,0,18,299,0,17,0
19-06 02:05:41,2.004,0.501,95.937,0,0,5281376,389100,156464,2189736,11945.323,3068.992,48.094,376.736,2.004,18.035,1266,1759,1.680,1.900,1.160,3,0,0,0,0,18,300,0,12,0
19-06 02:05:42,2.002,1.001,95.848,0.250,0,5281376,389100,156464,2189736,14022.374,3081.158,0,280.287,0,18.018,1018,1281,1.680,1.900,1.160,1,0,0,0,0,18,300,0,12,0
19-06 02:05:43,12.010,0.751,86.069,0,0.500,5284908,385320,156472,2189972,48605.110,5430.370,0,348.280,0,32.026,1775,1817,1.680,1.900,1.160,1,0,0,0,0,18,302,0,12,0
19-06 02:05:44,9.243,1.249,88.431,0.749,0,5298632,371488,156484,2190064,611737.631,19833.620,0,367.715,0,25.980,1713,1558,1.680,1.900,1.160,2,0,0,0,0,18,301,0,12,1
19-06 02:05:45,7.257,0.250,91.087,0,0,5298996,370984,156512,2190176,311102.839,20669.789,0,0,0,0,1427,1379,1.550,1.870,1.150,1,0,0,0,0,18,301,0,12,1
19-06 02:05:46,6.235,0.998,91.283,0,0,5298712,370984,156528,2190444,371929.390,21972.680,0,0,0,0,1715,1675,1.550,1.870,1.150,3,0,0,0,0,18,301,0,12,1
19-06 02:05:47,8.757,1.251,88.566,0.250,0.250,5298604,370984,156528,2190552,641656.601,25630.157,0,352.263,0,12.009,2143,2013,1.550,1.870,1.150,1,0,0,0,0,18,301,0,12,1
19-06 02:05:48,12.749,1.250,83.495,0.250,0.250,5318248,351328,156528,2190632,595862.987,21757.685,0,4271.742,0,176.989,2555,2079,1.550,1.870,1.150,2,0,0,0,0,18,300,0,12,2
19-06 02:05:49,6.284,0.503,91.997,0,0,5318372,351076,156528,2190760,318634.675,19783.898,0,156.847,0,8.043,1541,1481,1.550,1.870,1.150,2,0,0,0,0,18,300,0,12,2
19-06 02:05:50,8.457,1.244,89.045,0.497,0.249,5318664,350572,156556,2190944,352499.960,18013.017,0,286.537,0,12.934,1701,1543,1.420,1.840,1.150,1,0,0.995,0,0,18,300,0,12,2
19-06 02:05:51,10.286,1.003,87.051,0,0,5334228,334696,156592,2191220,714932.660,22362.217,160.554,192.665,8.028,14.049,2142,1905,1.420,1.840,1.150,1,0,0,0,0,18,300,0,12,2
19-06 02:05:52,7.482,0.998,90.036,0,0,5335812,332932,156592,2191400,394596.512,19928.704,0,367.129,0,18.955,1594,1501,1.420,1.840,1.150,1,0,0,0,0,18,300,0,12,2
19-06 02:05:53,4.242,2.495,91.085,0.250,0.250,5335156,332932,156592,2192056,767832.806,23029.304,0,14765.267,0,99.819,2704,2545,1.420,1.840,1.150,2,0,0.998,0,0,18,300,0,12,2
19-06 02:05:54,6.002,1.751,89.777,0,0,5334692,328220,156592,2197232,5629194.514,74655.340,0,440.132,0,12.004,4050,3404,1.420,1.840,1.150,2,0,1.000,0,0,18,300,0,12,2
19-06 02:05:55,5.244,1.249,91.142,0.499,0.250,5333936,326164,156592,2200044,2642621.646,39134.820,0,675.203,0,146.827,2435,1799,1.390,1.820,1.150,1,0,0.999,0,0,18,300,0,12,2
19-06 02:05:56,4.253,1.501,92.305,0,0,5331844,326816,156592,2201484,1753984.514,45249.101,0,4.002,0,1.001,2704,2539,1.390,1.820,1.150,1,0,0,0,0,18,300,0,12,2
19-06 02:05:57,5.511,1.252,91.931,0.250,0.250,5330520,325332,156592,2204292,2725099.963,46519.345,0,84.165,0,6.012,2553,2321,1.390,1.820,1.150,1,0,1.002,0,0,18,300,0,12,2
19-06 02:05:58,4.237,0.997,91.462,0,0.249,5329084,324412,156592,2206648,2523727.008,42746.193,0,410.705,0,12.959,2401,2194,1.390,1.820,1.150,2,0,1.994,0,0,18,300,0,12,2
19-06 02:05:59,19.323,2.760,76.790,0.251,0,5334788,308708,156612,2216564,1312430.579,15820.749,0,1128.261,0,44.167,2602,2207,1.390,1.820,1.150,2,1,1.004,0,0,18,300,0,12,2
19-06 02:06:00,22.472,2.996,72.660,0.499,0,5335976,286632,156612,2237120,4893.925,1456.192,0,1885.659,0,53.933,2317,2074,1.360,1.810,1.150,3,0,0.999,0,0,18,300,0,12,2
19-06 02:06:01,23.741,2.999,71.724,0.500,0,5343236,259280,156612,2256880,9556.523,1619.411,15.994,1779.353,1.000,65.976,2688,2537,1.360,1.810,1.150,2,0,0,0,0,18,300,0,12,2
19-06 02:06:02,21.742,3.998,71.223,1.499,0,5345716,241400,156868,2271720,8668.694,1619.382,0,3854.530,0,156.940,2997,2941,1.360,1.810,1.150,2,0,0,0,0,18,300,0,12,2
19-06 02:06:03,23.293,3.256,71.382,1.252,0.250,5345976,214448,157280,2297620,9486.604,1623.012,0,2889.362,0,117.218,2977,2911,1.360,1.810,1.150,2,0,0,0,0,18,300,0,12,2
19-06 02:06:04,20.696,3.740,73.807,0.249,0,5291704,282788,157544,2283224,10766.811,2586.229,0,1204.846,0,46.877,2590,2282,1.360,1.810,1.150,3,0,17.953,0,0,18,299,0,12,0
19-06 02:06:05,13.527,2.505,83.670,0,0.251,5314848,259636,157544,2283232,59902.562,4800.742,0,328.667,0,9.018,1762,1533,1.330,1.800,1.150,1,0,17.035,0,0,18,299,0,12,0
19-06 02:06:06,1.250,0.250,96.972,0,0.250,5315828,258656,157544,2283232,33626.443,2865.186,0,207.941,0,6.998,937,1254,1.330,1.800,1.150,1,0,0,0,0,18,299,0,10,0
19-06 02:06:07,1.500,1.000,96.742,0.250,0,5315828,258656,157544,2283232,5746.519,1619.864,0,319.973,0,21.998,1033,1462,1.330,1.800,1.150,1,0,0,0,0,18,299,0,10,0
19-06 02:06:08,1.249,0.250,97.155,0,0,5315824,258656,157544,2283236,7198.935,1618.412,0,7.992,0,1.998,988,1430,1.330,1.800,1.150,1,0,0,0,0,18,299,0,10,0
19-06 02:06:09,0.998,0.749,97.594,0,0.250,5315824,258656,157544,2283236,12865.474,1617.419,0,0,0,0,913,1225,1.330,1.800,1.150,1,0,0,0,0,18,299,0,10,0
19-06 02:06:10,1.252,0.250,97.154,0,0,5316072,258404,157544,2283240,9436.987,1734.755,0,0,0,0,961,1331,1.220,1.770,1.140,1,0,3.005,0,0,18,299,0,10,0
19-06 02:06:11,6.008,1.252,91.369,0,0.250,5324356,250088,157544,2283272,221715.618,7529.768,0,164.213,0,13.017,1513,1819,1.220,1.770,1.140,1,0,0,0,0,18,300,0,10,0
19-06 02:06:12,15.250,2.500,79.500,0.500,0,5312716,255004,157648,2289460,1173949.054,23337.081,0,1580.005,0,59.000,2878,2802,1.220,1.770,1.140,2,0,4.000,0,0,18,298,0,10,0
19-06 02:06:13,26.625,8.038,64.050,0.251,0,5353532,212680,157672,2290704,9436.246,1627.632,0,12144.946,0,113.532,10873,18964,1.220,1.770,1.140,3,0,15.071,0,0,18,298,0,10,0
19-06 02:06:14,41.170,12.649,44.146,0.744,0.248,5377876,188056,157708,2290892,9224.030,1607.112,872.999,3853.101,6.944,147.815,11439,18529,1.220,1.770,1.140,5,0,31.745,0,0,18,298,0,8,0
19-06 02:06:15,29.658,6.535,62.835,0,0.251,5345632,228120,157712,2283560,5836.083,1628.674,257.371,1427.603,2.011,49.262,3491,3002,1.200,1.750,1.140,2,0,37.198,0,0,18,298,0,10,0
19-06 02:06:16,24.538,5.759,67.856,0.501,0,5349296,224440,157712,2283576,5497.613,1664.608,0,1426.234,0,247.388,10999,19463,1.200,1.750,1.140,2,0,25.039,0,0,18,298,0,10,0
19-06 02:06:17,12.754,2.251,83.274,0,0,5377876,195848,157712,2283588,54971.132,4614.354,0,484.142,0,25.007,2237,2195,1.200,1.750,1.140,3,0,33.010,0,0,18,299,0,10,0
19-06 02:06:18,8.202,0.994,89.978,0.249,0,5384460,189240,157712,2283612,246884.094,9760.391,0,294.293,0,19.885,1544,1709,1.200,1.750,1.140,1,0,0,0,0,18,300,0,7,0
19-06 02:06:19,11.734,2.497,83.134,0.250,0.250,5369964,197632,157712,2289552,1168264.815,15958.690,0,6135.423,0,126.823,2463,1857,1.200,1.750,1.140,3,0,2.996,0,0,18,298,0,7,0
19-06 02:06:20,22.344,6.276,70.295,0.251,0.251,5372148,193908,157712,2290868,8012.646,1626.831,0,429.805,0,13.055,9775,17790,1.270,1.760,1.140,2,0,15.063,0,0,18,298,0,7,0
19-06 02:06:21,21.749,7.000,69.247,0,0.250,5342008,223764,157728,2291072,8934.609,1619.929,0,771.966,0,25.999,10146,18790,1.270,1.760,1.140,2,0,19.999,0,0,18,298,0,7,0
19-06 02:06:22,21.740,4.498,72.215,0.250,0.250,5302160,271512,157748,2283584,7065.619,1619.225,3.998,767.633,1.000,39.981,2273,1884,1.270,1.760,1.140,2,0,5.997,0,0,18,298,0,6,0
19-06 02:06:23,16.086,2.513,80.681,0.251,0,5257936,315656,157748,2283664,50728.142,4377.397,0,752.020,0,29.156,2387,2469,1.270,1.760,1.140,2,0,32.172,0,0,18,298,0,6,0
19-06 02:06:24,20.147,6.218,72.130,0.249,0,5301284,264316,157748,2291528,4971.486,1611.729,0,497.447,0,14.923,2957,2600,1.270,1.760,1.140,2,0,80.586,0,0,18,298,0,6,0
19-06 02:06:25,15.746,2.249,81.479,0,0,5318388,243684,157776,2294544,54484.909,4513.833,0,811.790,0,6.998,1876,1669,1.250,1.750,1.140,1,0,15.996,0,0,18,299,0,6,1
19-06 02:06:26,3.000,0.250,95.497,0,0,5318388,243684,157776,2294544,13765.625,3290.910,0,4.000,0,1.000,1117,1452,1.250,1.750,1.140,2,0,0,0,0,18,299,0,5,0
19-06 02:06:27,2.998,1.749,94.196,0,0,5318388,243684,157776,2294544,14628.578,3736.849,0,99.942,0,5.997,1234,1415,1.250,1.750,1.140,1,0,5.997,0,0,18,300,0,5,0
19-06 02:06:28,11.233,0.749,87.370,0.250,0.250,5318116,243684,157780,2294780,62709.970,5286.158,0,135.799,0,6.990,1487,1355,1.250,1.750,1.140,1,0,0,0,0,18,302,0,5,0
19-06 02:06:29,8.754,0.750,88.790,0,0.250,5332048,229628,157828,2294852,573088.298,14668.663,0,0,0,0,1436,1358,1.250,1.750,1.140,1,0,0,0,0,18,302,0,5,0
19-06 02:06:30,7.737,0.998,90.594,0,0.250,5331388,230012,157904,2294972,338709.002,18351.413,0,0,0,0,1328,1366,1.150,1.720,1.140,1,0,0.998,0,0,18,302,0,3,0
19-06 02:06:31,6.006,0.751,90.847,0,0,5329936,231112,157972,2295220,231593.006,17068.130,0,344.366,0,12.013,1593,1896,1.150,1.720,1.140,1,0,0,0,0,18,301,0,3,1
19-06 02:06:32,7.292,2.514,89.264,0.251,0,5344204,216728,158012,2296500,170921.825,10874.658,0,490.828,0,31.180,2025,4114,1.150,1.720,1.140,4,0,34.197,0,0,18,301,0,3,1
19-06 02:06:33,12.951,2.491,83.683,0,0.249,5339048,221672,158068,2295416,940277.171,15692.522,0,466.233,0,33.872,2836,8037,1.150,1.720,1.140,3,0,1.992,0,0,18,300,0,4,2
19-06 02:06:34,11.251,3.750,83.005,0.250,0,5343236,217236,158132,2295524,427667.129,17503.028,0,94189.534,0,439.026,3361,2974,1.150,1.720,1.140,1,0,0,0,0,18,300,0,3,2
19-06 02:06:35,8.983,0.998,88.587,0.250,0.250,5343704,216508,158200,2295652,366271.278,17948.936,0,355.345,0,21.960,1767,1806,1.050,1.690,1.130,2,0,0,0,0,18,300,0,3,2
19-06 02:06:36,12.295,0.753,84.812,0,0,5351748,208236,158244,2295836,1119639.708,19046.046,0,148.546,0,7.026,1791,1440,1.050,1.690,1.130,1,0,0,0,0,18,300,0,3,2
19-06 02:06:37,6.508,1.001,91.616,0.501,0.250,5352012,207732,158332,2295924,133080.071,17410.119,0,1165.481,0,188.239,1809,1826,1.050,1.690,1.130,1,0,1.001,0,0,18,300,0,3,2
19-06 02:06:38,6.238,0.749,91.324,0.250,0.250,5352032,207492,158404,2296024,145275.754,15789.541,0,562.914,0,31.938,1576,1670,1.050,1.690,1.130,2,0,0,0,0,18,300,0,3,2
19-06 02:06:39,9.986,0.499,88.379,0,0,5351888,207492,158452,2296120,459925.726,12758.461,0,123.830,0,3.995,1541,1410,1.050,1.690,1.130,1,0,0.999,0,0,18,300,0,3,2
19-06 02:06:40,4.753,1.251,92.304,0,0,5351504,207244,158500,2296668,553376.357,22447.157,0,0,0,0,1804,1670,1.050,1.680,1.130,2,0,1.001,0,0,18,300,0,3,2
19-06 02:06:41,6.711,1.989,87.496,0,0.249,5352156,200200,158500,2303028,6613499.493,76569.580,31.817,210.785,0.994,10.937,4892,3772,1.050,1.680,1.130,2,0,1.989,0,0,18,300,0,3,2
19-06 02:06:42,4.772,1.507,92.171,0.251,0,5352328,197960,158504,2305060,2190663.398,38696.722,0,482.202,0,31.142,2270,2203,1.050,1.680,1.130,1,0,2.009,0,0,18,300,0,3,2
19-06 02:06:43,6.740,1.997,87.614,0.250,0.250,5348448,196196,158504,2310704,5749449.852,65052.834,0,303.528,0,27.957,4544,3437,1.050,1.680,1.130,1,0,1.997,0,0,18,300,0,3,2
19-06 02:06:44,6.762,2.004,88.161,0,0.250,5345176,192164,158504,2317992,7784417.731,81414.500,0,100.183,0,8.015,4850,3249,1.050,1.680,1.130,1,0,1.002,0,0,18,300,0,3,2
19-06 02:06:45,6.256,1.001,90.083,0,0.250,5345336,186144,158508,2323800,5862478.919,60293.763,0,312.289,0,21.019,3366,2240,0.970,1.650,1.120,2,0,1.001,0,0,18,300,0,3,2
19-06 02:06:46,6.524,1.255,90.081,0,0,5344924,181860,158512,2328428,4977569.294,50410.479,0,0,0,0,2978,2050,0.970,1.650,1.120,2,0,2.007,0,0,18,300,0,3,2
19-06 02:06:47,8.221,1.495,88.442,0,0.249,5344532,179844,158516,2330816,2375551.309,31714.556,0,143.500,0,11.958,2446,2086,0.970,1.650,1.120,2,0,0.997,0,0,18,300,0,3,2
19-06 02:06:48,22.219,3.745,72.150,1.748,0,5347324,159192,161372,2343576,9283.080,1617.748,0,5724.033,0,273.619,2988,2738,0.970,1.650,1.120,2,0,0.999,0,0,18,300,0,3,2
19-06 02:06:49,21.997,2.750,72.740,0.250,0.500,5351224,137668,162172,2358864,7339.959,1619.770,0,1675.762,0,48.993,2283,1996,0.970,1.650,1.120,2,0,0,0,0,18,300,0,3,2
19-06 02:06:50,23.158,3.776,71.992,0.503,0,5343948,146492,162540,2356352,9342.841,1468.031,0,8139.620,0,193.321,2561,1953,0.970,1.640,1.120,4,0,3.021,0,0,18,300,0,3,2
19-06 02:06:51,21.397,5.474,71.655,1.244,0,5348152,142240,163540,2355024,10809.903,1612.230,15.923,2555.683,0.995,104.496,2668,2522,0.970,1.640,1.120,3,0,0,0,0,18,300,0,3,2
19-06 02:06:52,21.966,3.245,72.137,0.749,0,5358500,140952,164452,2343964,9659.921,1659.410,0,2731.736,0,100.843,2410,2229,0.970,1.640,1.120,2,0,0,0,0,18,300,0,3,2
19-06 02:06:53,24.544,2.755,71.878,1.002,0,5362340,142132,165808,2337192,11145.779,1622.880,0,1454.581,0,40.071,2493,2334,0.970,1.640,1.120,2,0,0,0,0,18,300,0,3,2
19-06 02:06:54,22.487,3.248,71.959,0.750,0,5360672,145784,166708,2333812,6258.434,1619.077,0,2730.444,0,69.960,2391,2150,0.970,1.640,1.120,3,0,0,0,0,18,300,0,3,2
19-06 02:06:55,21.804,4.010,71.679,0.752,0.251,5286804,241676,167400,2310160,8289.687,2105.254,0,13389.413,0,154.385,2676,2292,1.050,1.640,1.130,2,0,2.005,0,0,18,298,0,3,0
19-06 02:06:56,14.794,3.510,80.741,0,0.501,5321012,207456,167400,2310168,54748.751,4132.360,0,12.036,0,2.006,1931,1668,1.050,1.640,1.130,2,0,17.051,0,0,18,298,0,3,0
19-06 02:06:57,9.178,1.736,87.811,0,0.248,5330068,198384,167400,2310184,200077.690,9361.526,0,416.729,0,5.953,1638,1522,1.050,1.640,1.130,1,0,15.875,0,0,18,300,0,3,0
19-06 02:06:58,16.037,2.756,80.184,0.251,0,5327976,193556,167480,2316316,1220362.380,12516.650,0,1278.927,0,19.044,2145,1675,1.050,1.640,1.130,2,0,3.007,0,0,18,298,0,3,0
19-06 02:06:59,22.507,6.002,69.021,0.250,0,5344092,175976,167500,2317460,7453.307,1620.501,0,556.172,0,121.037,8693,15677,1.050,1.640,1.130,3,0,14.004,0,0,18,298,0,3,0
19-06 02:07:00,22.721,6.242,69.912,0,0,5346156,173708,167508,2317608,8956.765,1617.970,0,415.479,0,1.997,10972,19432,1.050,1.630,1.120,2,0,13.982,0,0,18,298,0,3,0
19-06 02:07:01,19.810,6.520,72.972,0,0,5330604,189188,167512,2317672,9837.947,1709.203,0,176.537,0,2.006,2201,1605,1.050,1.630,1.120,2,0,7.021,0,0,18,298,0,3,0
19-06 02:07:02,21.925,4.734,71.756,0,0,5305828,220432,167516,2311920,4277.443,1614.506,247.159,2941.988,3.986,29.898,2429,2250,1.050,1.630,1.120,2,0,5.980,0,0,18,298,0,3,0
19-06 02:07:03,23.643,4.527,69.168,1.509,0,5315760,208152,167524,2313952,6771.967,1629.860,820.966,3134.965,34.207,137.834,5314,7331,1.050,1.630,1.120,2,0,0,0,0,18,301,0,7,0
19-06 02:07:04,24.976,4.995,65.437,2.498,0.500,5262512,260216,167524,2315136,11168.255,1618.443,703.323,5642.571,35.965,471.546,6987,10738,1.050,1.630,1.120,3,0,22.978,0,0,18,300,0,8,0
19-06 02:07:05,8.756,19.263,70.049,0,0,5278136,244520,167524,2315208,7786.398,1501.041,4.003,212.147,1.001,13.009,5988,4794,1.040,1.620,1.120,2,0,399.277,0,0,18,300,0,8,0
19-06 02:07:06,9.200,6.216,71.111,11.437,0.249,5240848,268492,167604,2328476,8976.934,1611.194,12981.049,99.456,1841.932,2.984,3934,5403,1.040,1.620,1.120,2,0,26.853,0,0,18,300,0,10,0
19-06 02:07:07,1.495,1.495,94.657,0.996,0,5242332,267284,167624,2328180,9070.166,1781.551,11.957,4017.457,2.989,170.383,1554,2199,1.040,1.620,1.120,1,0,5.978,0,0,18,300,0,10,0
19-06 02:07:08,1.505,0.753,96.842,0,0,5242328,267284,167624,2328184,10934.572,1625.735,0,12.042,0,2.007,991,1353,1.040,1.620,1.120,1,0,0,0,0,18,300,0,10,0
19-06 02:07:09,1.001,0.500,97.087,0.751,0,5242776,266836,167624,2328184,7401.670,1621.461,0,2085.880,0,321.290,1182,1333,1.040,1.620,1.120,1,0,0,0,0,18,300,0,10,0
19-06 02:07:10,1.250,3.501,93.021,0.250,0.250,5240088,269516,167628,2328184,4919.095,1458.325,0,83362.555,0,893.199,4144,4301,0.960,1.590,1.120,1,0,3.001,0,0,18,300,0,10,0
19-06 02:07:11,1.250,0.500,96.736,0,0,5240212,269264,167628,2328312,9120.641,1713.745,0,0,0,0,1091,1452,0.960,1.590,1.120,1,0,0,0,0,18,300,0,10,0
19-06 02:07:12,2.248,0.749,96.430,0,0.250,5240460,269012,167628,2328316,12984.535,4132.987,0,0,0,0,999,1306,0.960,1.590,1.120,2,0,0,0,0,18,301,0,10,0
19-06 02:07:13,6.279,3.767,88.156,0.251,0.251,5255948,252092,167632,2329744,60857.454,4158.162,1221.630,2121.778,48.222,32.148,1910,2141,0.960,1.590,1.120,3,0,21.097,0,0,18,300,0,10,1
19-06 02:07:14,20.861,7.699,69.040,0.248,0,5301176,206584,167632,2330040,397643.618,7290.444,762.919,596.030,5.960,56.623,3404,3022,0.960,1.590,1.120,2,0,18.874,0,0,18,300,0,10,0
19-06 02:07:15,8.252,3.001,87.024,0.250,0,5292324,215396,167632,2330080,8277.258,1458.398,256.070,284.077,2.001,18.005,1657,1670,0.880,1.570,1.110,1,0,3.001,0,0,18,300,0,8,0
19-06 02:07:16,2.252,3.253,91.843,0.250,0,5286748,220952,167648,2330084,8873.963,1621.638,8.008,98355.347,2.002,1207.219,5540,5922,0.880,1.570,1.110,1,0,1.001,0,0,18,300,0,8,0
19-06 02:07:17,3.505,1.502,93.888,0,0,5257596,250104,167648,2330104,7839.485,1622.377,0,96.141,0,13.019,1601,2173,0.880,1.570,1.110,1,0,3.004,0,0,18,300,0,8,0
19-06 02:07:18,4.735,1.246,92.959,0.498,0,5253608,254072,167652,2330120,5181.782,1614.946,0,418.690,0,36.885,1801,2405,0.880,1.570,1.110,1,0,1.994,0,0,18,300,0,10,0
19-06 02:07:19,1.252,0.751,96.886,0,0.250,5250488,257192,167652,2330120,9325.111,1622.281,0,60.084,0,4.006,1139,1573,0.880,1.570,1.110,1,0,0,0,0,18,300,0,10,0
19-06 02:07:20,1.251,0.750,96.814,0.250,0,5247500,260180,167652,2330120,6858.546,1621.075,0,1480.982,0,270.179,1380,1380,0.810,1.540,1.100,1,0,1.001,0,0,18,300,0,10,0
19-06 02:07:21,1.001,0.500,96.799,0.250,0.500,5245360,262320,167652,2330120,9759.980,1620.827,0,304.155,0,19.010,1031,1391,0.810,1.540,1.100,1,0,0,0,0,18,300,0,10,0
19-06 02:07:22,1.250,0.750,97.510,0,0.250,5244024,263652,167652,2330124,11871.163,1620.159,0,60.006,0,5.000,903,1201,0.810,1.540,1.100,1,0,0,0,0,18,300,0,10,0
19-06 02:07:23,1.500,0,96.497,0.250,0,5242856,264816,167652,2330128,10803.638,1457.951,0,91.997,0,13.000,1308,1784,0.810,1.540,1.100,1,0,0,0,0,18,300,0,10,0
19-06 02:07:24,1.249,1.249,96.902,0,0,5242384,265280,167652,2330136,9153.786,1618.371,0,119.879,0,12.987,1089,1552,0.810,1.540,1.100,1,0,0,0,0,18,300,0,10,0
19-06 02:07:25,0.750,0.250,97.259,0.250,0,5242132,265532,167652,2330136,10478.994,1620.154,0,400.038,0,27.003,957,1354,0.750,1.510,1.100,1,0,0,0,0,18,300,0,10,0
19-06 02:07:26,1.250,0.750,96.979,0,0,5242132,265532,167652,2330136,5401.829,1619.649,0,59.987,0,5.999,974,1364,0.750,1.510,1.100,1,0,0,0,0,18,300,0,10,0
19-06 02:07:27,1.752,1.001,96.137,0.250,0.250,5243136,264528,167652,2330136,9198.090,1622.309,0,48.068,0,6.009,1171,1386,0.750,1.510,1.100,1,0,6.009,0,0,18,300,0,10,0
19-06 02:07:28,1.499,1.250,95.964,0,0,5240120,267540,167652,2330140,6507.529,1619.385,0,115.956,0,11.995,1034,1389,0.750,1.510,1.100,1,0,0,0,0,18,300,0,10,0
19-06 02:07:29,1.000,0.500,97.466,0,0,5240856,266800,167652,2330144,10757.214,1619.430,0,0,0,0,918,1250,0.750,1.510,1.100,1,0,0,0,0,18,300,0,10,0
19-06 02:07:30,0.749,0.500,97.679,0,0.250,5240856,266800,167652,2330144,8179.028,1456.936,0,7.994,0,0.999,901,1221,0.690,1.490,1.090,2,0,0.999,0,0,18,300,0,10,0
19-06 02:07:31,1.501,1.251,96.317,0,0,5240856,266800,167652,2330144,9603.703,1621.132,0,60.042,0,6.004,1022,1418,0.690,1.490,1.090,1,0,0,0,0,18,300,0,10,0
19-06 02:07:32,1.750,0.250,96.736,0.250,0.500,5240852,266800,167652,2330148,7249.973,1619.770,0,91.987,0,12.998,1156,1619,0.690,1.490,1.090,1,0,0,0,0,18,300,0,10,0
19-06 02:07:33,6.747,3.748,87.706,0.250,0,5249304,258348,167652,2330148,7058.485,1619.194,0,547.727,0,50.975,2632,13180,0.690,1.490,1.090,2,0,35.982,0,0,18,300,0,11,0
19-06 02:07:34,8.803,18.864,71.682,0.503,0.252,5243336,264116,167652,2330348,6526.376,1629.833,177.068,96.583,9.055,11.067,6616,6155,0.690,1.490,1.090,2,0,576.478,0,0,18,300,0,11,0
19-06 02:07:35,7.747,19.743,70.476,0,0,5259476,247920,167652,2330404,10870.237,1619.439,0,815.718,0,153.947,6853,5690,0.710,1.480,1.090,3,0,503.826,0,0,18,300,0,11,0
19-06 02:07:36,8.256,21.516,68.801,0,0,5254416,252952,167656,2330428,10929.095,1459.081,8.006,8.006,2.001,1.001,7048,6323,0.710,1.480,1.090,2,0,647.480,0,0,18,300,0,10,0
19-06 02:07:37,10.497,17.245,70.228,0.500,0,5271844,235344,167680,2330584,10685.683,1619.497,155.952,375.883,30.990,23.993,6270,5448,0.710,1.480,1.090,2,0,470.854,0,0,18,300,0,10,0
19-06 02:07:38,12.692,3.235,83.120,0,0,5300388,206524,167688,2330852,160552.815,3575.671,107.509,3.982,7.964,0.995,2412,2331,0.710,1.480,1.090,1,0,27.873,0,0,18,301,0,10,0
19-06 02:07:39,12.749,7.499,75.994,1.750,0,5325304,162632,168072,2349412,4302285.496,35364.144,1347.891,19178.451,157.987,147.988,4920,4088,0.710,1.480,1.090,2,1,43.996,0,0,18,300,0,11,0
19-06 02:07:40,8.244,15.488,69.446,4.996,0.500,5316560,158468,168720,2360404,8802.164,1618.743,127.901,20052.427,4.996,1849.564,8430,11517,0.730,1.470,1.090,3,0,144.887,0,0,18,300,0,11,0
19-06 02:07:41,21.533,9.014,67.603,0.751,0,5311048,161536,168900,2362336,4936.542,1664.543,108.165,4246.488,7.011,323.494,3963,4088,0.730,1.470,1.090,3,0,38.058,0,0,18,300,0,11,0
19-06 02:07:42,22.520,8.507,67.559,1.001,0,5311964,159588,168948,2363164,4880.271,1621.419,0,1865.633,0,113.099,3617,3031,0.730,1.470,1.090,3,0,39.034,0,0,18,300,0,11,0
19-06 02:07:43,23.703,7.236,67.365,0.499,0,5306492,162100,169176,2365520,8917.147,1497.003,0,1544.907,0,89.820,3695,3379,0.730,1.470,1.090,2,0,25.948,0,0,18,300,0,11,0
19-06 02:07:44,22.364,6.031,69.603,0.503,0.251,5286700,177708,169536,2368716,8864.010,1670.482,281.429,1258.390,16.082,57.291,4079,4525,0.730,1.470,1.090,2,0,21.107,0,0,18,300,0,11,0
19-06 02:07:45,16.387,9.435,70.760,2.731,0.248,5341216,138824,170716,2353688,13084.385,1608.858,1763.785,5382.722,211.535,105.271,4506,5055,0.760,1.460,1.090,2,0,30.787,0,0,18,300,0,11,0
19-06 02:07:46,16.379,9.575,72.570,0.504,0,5347680,126328,170844,2356440,10255.514,1632.819,253.994,3495.442,25.198,184.448,3201,2337,0.760,1.460,1.090,2,0,44.348,0,0,18,300,0,11,0
19-06 02:07:47,22.455,3.493,71.607,0.499,0,5344476,159144,170884,2328248,9441.112,1616.765,219.561,5984.028,16.966,209.581,2649,2066,0.760,1.460,1.090,2,0,8.982,0,0,18,300,0,11,0
19-06 02:07:48,2.489,1.991,94.077,0.249,0,5290576,264776,170888,2277996,9641.680,1612.754,3.982,449.978,0.996,26.879,1679,2118,0.760,1.460,1.090,1,0,12.942,0,0,18,300,0,11,0
19-06 02:07:49,1.499,1.000,95.967,0.750,0.250,5281068,274280,170892,2277996,5532.092,1619.441,0,1831.368,0,107.963,1327,1808,0.760,1.460,1.090,1,0,0,0,0,18,300,0,11,0
19-06 02:07:50,1.250,0.500,97.264,0.250,0.250,5266400,288948,170892,2277996,9303.323,1620.230,0,252.036,0,15.002,995,1372,0.700,1.440,1.080,1,0,1.000,0,0,18,300,0,11,0
19-06 02:07:51,0.999,0.500,96.424,0.250,0,5264728,290620,170892,2277996,7682.937,1456.850,0,1506.811,0,72.942,1168,1628,0.700,1.440,1.080,1,0,0,0,0,18,300,0,11,0
19-06 02:07:52,0.750,0.500,97.968,0,0,5263264,292084,170892,2277996,7671.488,1619.470,0,0,0,0,788,1182,0.700,1.440,1.080,1,0,0,0,0,18,300,0,11,0
19-06 02:07:53,2.500,0.750,95.736,0,0,5259836,295512,170892,2277996,14307.979,1619.771,0,339.952,0,33.995,1400,1854,0.700,1.440,1.080,2,0,0,0,0,18,300,0,11,0
19-06 02:07:54,1.503,0.501,96.943,0.250,0.250,5256092,299220,170892,2278032,12870.665,1623.237,32.064,148.296,1.002,16.032,1132,1645,0.700,1.440,1.080,1,0,0,0,0,18,300,0,11,0
19-06 02:07:55,0.748,0.748,97.208,0.249,0,5253652,301636,170892,2278056,10174.443,1615.149,0,279.162,0,17.946,1000,1403,0.640,1.420,1.080,1,0,0,0,0,18,300,0,11,0
19-06 02:07:56,1.252,0.501,97.170,0,0,5251732,303556,170892,2278056,10020.497,1502.624,0,693.210,0,146.255,1286,1474,0.640,1.420,1.080,1,0,0,0,0,18,300,0,11,0
19-06 02:07:57,1.001,1.001,97.339,0,0,5249896,305388,170892,2278060,6930.328,1621.481,0,68.062,0,6.005,899,1352,0.640,1.420,1.080,1,0,0,0,0,18,300,0,11,0
19-06 02:07:58,1.497,0.499,96.588,0,0,5248380,306904,170892,2278060,11799.194,1617.285,0,55.906,0,6.988,1046,1411,0.640,1.420,1.080,1,0,0,0,0,18,300,0,11,0
19-06 02:07:59,0.501,0.752,97.724,0,0.501,5247052,308232,170892,2278060,10828.833,1623.724,0,0,0,0,958,1306,0.640,1.420,1.080,1,0,0,0,0,18,300,0,11,0
19-06 02:08:00,0.999,0.749,97.363,0,0,5245888,309396,170892,2278060,5758.881,1617.719,0,0,0,0,900,1328,0.590,1.390,1.070,1,0,0.999,0,0,18,300,0,11,0
19-06 02:08:01,1.748,0.499,97.141,0,0.499,5238000,317296,170892,2278064,9513.290,1618.178,0,0,0,0,1053,1466,0.590,1.390,1.070,1,0,0,0,0,18,300,0,11,0
19-06 02:08:02,1.501,0.750,96.803,0.500,0,5238000,317296,170892,2278064,6897.796,1458.803,0,104.057,0,13.007,1127,1704,0.590,1.390,1.070,1,0,0,0,0,18,300,0,11,0
19-06 02:08:03,1.754,0.752,95.475,0.251,0,5237996,317296,170892,2278068,11267.524,1623.822,0,549.293,0,54.127,1544,2201,0.590,1.390,1.070,1,0,0,0,0,18,300,0,11,0
19-06 02:08:04,1.500,1.000,96.492,0.250,0,5237996,317296,170892,2278068,7244.420,1619.870,0,119.990,0,12.999,1196,1745,0.590,1.390,1.070,1,0,0,0,0,18,300,0,11,0
19-06 02:08:05,0.750,0.250,97.230,0,0,5237996,317296,170892,2278068,5036.985,1619.673,0,107.978,0,7.998,940,1357,0.540,1.370,1.070,2,0,0,0,0,18,300,0,6,0
19-06 02:08:06,0.998,0.499,97.552,0,0,5237996,317296,170892,2278068,9652.393,1616.716,0,0,0,0,908,1258,0.540,1.370,1.070,1,0,0,0,0,18,300,0,6,0
19-06 02:08:07,1.251,0.501,97.100,0.250,0,5237996,317296,170892,2278068,7549.811,1621.678,0,912.945,0,150.155,1160,1349,0.540,1.370,1.070,1,0,0,0,0,18,300,0,6,0
19-06 02:08:08,1.250,0.750,96.734,0,0.250,5237996,317296,170892,2278068,9220.521,1499.759,0,59.990,0,4.999,1033,1456,0.540,1.370,1.070,1,0,0,0,0,18,300,0,6,0
19-06 02:08:09,1.250,0.500,98.013,0,0.500,5237996,317296,170892,2278068,7551.030,1620.221,0,4.001,0,1.000,867,1255,0.540,1.370,1.070,1,0,0,0,0,18,300,0,4,0
19-06 02:08:10,0.999,0.749,97.173,0,0,5237992,317296,170892,2278072,10153.974,1618.721,0,0,0,0,954,1351,0.500,1.350,1.060,1,0,2.998,0,0,18,300,0,4,0
19-06 02:08:11,1.250,0.500,97.288,0,0,5237992,317296,170892,2278072,7040.785,1714.678,0,0,0,0,946,1350,0.500,1.350,1.060,1,0,0,0,0,18,300,0,4,0
19-06 02:08:12,1.750,1.000,96.023,0.500,0,5237984,317296,170892,2278080,6085.451,1620.386,0,328.078,0,31.007,1190,1722,0.500,1.350,1.060,1,0,0,0,0,18,300,0,4,0
19-06 02:08:13,4.529,2.013,92.590,0,0,5248300,306976,170892,2278084,4776.428,1630.386,0,2189.951,0,33.212,1453,1793,0.500,1.350,1.060,2,0,2.013,0,0,18,300,0,4,0
19-06 02:08:14,19.162,6.221,73.413,0,0,5283284,271988,170892,2278088,9096.278,1451.343,764.493,111.489,5.973,13.936,2491,1930,0.500,1.350,1.060,2,0,8.959,0,0,18,300,0,4,0
19-06 02:08:15,7.980,2.743,87.776,0.249,0.249,5296004,259228,170892,2278128,11862.785,1615.884,255.350,247.370,1.995,16.957,1572,1610,0.460,1.320,1.050,1,0,0.997,0,0,18,300,0,4,0
19-06 02:08:16,1.501,0.500,97.546,0,0,5267672,287560,170892,2278128,10737.016,1620.757,0,0,0,0,976,1406,0.460,1.320,1.050,1,0,0,0,0,18,300,0,4,0
19-06 02:08:17,2.996,1.498,93.136,0,0.499,5268624,286580,170892,2278156,6760.693,1618.012,0,155.809,0,17.978,1649,2344,0.460,1.320,1.050,1,0,2.996,0,0,18,300,0,4,0
19-06 02:08:18,18.305,6.269,69.959,4.513,0.251,5285768,267252,171076,2280180,9411.116,1624.854,2162.460,57026.368,504.507,397.187,4436,4800,0.460,1.320,1.050,2,0,12.036,0,0,18,300,0,7,0
19-06 02:08:19,22.470,5.992,69.907,0.250,0,5289740,262860,171076,2280600,10569.891,1617.840,79.893,235.685,4.993,28.961,3609,3947,0.460,1.320,1.050,3,0,5.992,0,0,18,302,0,8,0
19-06 02:08:20,22.008,5.752,71.776,0.250,0,5302448,249980,171076,2280772,5537.978,1620.579,0,512.183,0,41.015,3287,3422,0.500,1.320,1.050,2,0,11.004,0,0,18,300,0,8,0
19-06 02:08:21,31.964,5.494,60.930,0,0,5282184,270080,171076,2280936,5429.806,1618.154,0,339.613,0,34.960,4106,3957,0.500,1.320,1.050,4,0,23.973,0,0,18,296,0,8,0
19-06 02:08:22,38.935,8.985,51.164,0.250,0,5065616,486748,171076,2280932,8864.178,1455.566,3.993,231.613,0.998,19.967,2913,1791,0.500,1.320,1.050,4,0,6.988,0,0,18,284,0,10,0
19-06 02:08:23,74.664,12.067,13.575,0.251,0,5055500,496856,171076,2280948,8673.044,1629.024,4.022,285.582,1.006,28.156,4514,2313,0.500,1.320,1.050,5,0,3.017,0,0,18,278,0,10,0
19-06 02:08:24,86.217,13.495,0,0,0,5179384,372668,171084,2281304,8857.653,1619.388,163.938,315.881,6.997,8.997,5859,5645,0.500,1.320,1.050,4,0,3.998,0,0,18,280,0,10,0
19-06 02:08:25,55.683,8.277,34.865,0,0.251,5231064,319632,171084,2282660,8861.156,1695.579,750.469,1244.093,17.056,63.208,5023,5661,0.620,1.330,1.060,5,0,1.003,0,0,18,280,0,17,0
19-06 02:08:26,44.255,10.691,44.006,0.249,0,5156176,393496,171084,2283784,8861.925,1611.078,186.965,79.559,1.989,9.945,5583,8453,0.620,1.330,1.060,4,0,8.950,0,0,18,272,0,18,0
19-06 02:08:27,47.027,8.505,43.525,0,0.250,5276648,271980,171084,2284828,9242.285,1620.927,32.018,168.096,2.001,15.009,5541,8618,0.620,1.330,1.060,3,0,8.005,0,0,18,274,0,19,0
19-06 02:08:28,28.654,5.530,61.329,2.262,0,5386836,160380,171096,2286228,31501.980,8169.824,390.093,5421.079,52.280,927.978,7508,8833,0.620,1.330,1.060,1,0,2.011,0,0,18,282,0,25,0
19-06 02:08:29,11.904,3.472,82.831,0,0.248,5314540,232480,171096,2286452,55192.954,15220.990,0,119.038,0,12.896,3360,3981,0.620,1.330,1.060,3,0,0.992,0,0,18,278,0,26,0
19-06 02:08:30,4.260,1.504,92.223,0.501,0.251,5319264,227728,171100,2286476,18464.702,3590.693,4.010,437.058,1.002,32.078,2397,3150,0.650,1.320,1.060,1,0,1.002,0,0,18,281,0,26,0
19-06 02:08:31,1.498,0.749,96.144,0.250,0.250,5312568,234424,171100,2286476,7293.980,1618.221,0,1194.686,0,18.979,1016,1437,0.650,1.320,1.060,1,0,0,0,0,18,281,0,26,0
19-06 02:08:32,1.252,0.501,96.902,0,0,5310000,236992,171100,2286476,9441.835,1622.549,0,552.869,0,17.027,1174,1696,0.650,1.320,1.060,1,0,0,0,0,18,281,0,26,0
19-06 02:08:33,6.496,4.498,85.204,1.999,0,5302416,244572,171100,2286480,7262.043,1619.118,0,6760.316,0,611.667,4057,9707,0.650,1.320,1.060,2,0,35.980,0,0,18,281,0,26,0
19-06 02:08:34,0.999,0.999,97.404,0,0.250,5302416,244572,171100,2286480,9954.155,1618.399,0,0,0,0,1030,1352,0.650,1.320,1.060,1,0,0,0,0,18,281,0,26,0
19-06 02:08:35,1.499,0.250,96.706,0,0,5302416,244572,171100,2286480,9595.612,1457.334,0,0,0,0,1015,1359,0.600,1.300,1.050,2,0,0,0,0,18,281,0,26,0
19-06 02:08:36,0.750,0.750,97.002,0.250,0,5302292,244692,171100,2286484,5470.105,1620.031,0,248.005,0,19.000,1003,1375,0.600,1.300,1.050,1,0,0,0,0,18,281,0,26,0
19-06 02:08:37,2.253,1.252,96.399,0,0.250,5300848,246136,171100,2286484,9787.092,1622.502,0,124.192,0,20.031,1275,1685,0.600,1.300,1.050,1,0,1.002,0,0,18,281,0,26,0
19-06 02:08:38,1.500,0.500,95.515,1.000,0,5299556,247400,171104,2286508,7066.144,1704.276,16.003,2208.357,1.000,114.018,1510,2056,0.600,1.300,1.050,1,0,0,0,0,18,281,0,26,0
19-06 02:08:39,1.500,0.250,97.264,0,0.250,5298448,248508,171104,2286508,5281.742,1620.228,0,180.025,0,14.002,942,1325,0.600,1.300,1.050,1,0,0,0,0,18,281,0,26,0
19-06 02:08:40,1.997,0.749,94.859,0.499,0,5298084,248868,171104,2286512,12022.171,1617.601,0,327.514,0,42.936,1714,2476,0.550,1.280,1.050,1,0,0.999,0,0,18,281,0,26,0
19-06 02:08:41,7.993,1.749,89.676,0.500,0.250,5297976,248948,171104,2286540,7044.184,1618.664,0,391.677,0,40.966,2523,3416,0.550,1.280,1.050,2,0,0,0,0,18,281,0,25,0
19-06 02:08:42,1.001,0.501,97.351,0,0.250,5298228,248696,171104,2286540,9726.122,1459.519,0,168.175,0,12.013,964,1324,0.550,1.280,1.050,1,0,0,0,0,18,281,0,25,0
19-06 02:08:43,1.750,0.750,95.981,0.250,0,5298224,248696,171104,2286544,8887.246,1619.680,0,235.953,0,25.995,1223,1762,0.550,1.280,1.050,2,0,0,0,0,18,281,0,25,0
19-06 02:08:44,1.001,0.751,97.631,0,0,5297864,249056,171104,2286544,7223.667,1754.348,0,108.145,0,8.011,921,1315,0.550,1.280,1.050,1,0,0,0,0,18,281,0,25,0
19-06 02:08:45,0.750,0.250,97.051,0.500,0.250,5296508,250412,171104,2286544,10794.701,1752.926,0,568.300,0,39.021,1048,1428,0.510,1.260,1.040,1,0,0,0,0,18,281,0,25,0
19-06 02:08:46,1.745,0.997,97.216,0,0,5295320,251596,171104,2286548,9105.425,1615.286,0,3.988,0,0.997,940,1262,0.510,1.260,1.040,1,0,0,0,0,18,281,0,25,0
19-06 02:08:47,1.504,0.501,96.763,0,0,5294708,252204,171104,2286552,8963.338,1624.411,0,108.294,0,13.035,1146,1659,0.510,1.260,1.040,1,0,0,0,0,18,281,0,25,0
19-06 02:08:48,1.249,0.750,96.461,0.250,0,5294708,252204,171104,2286552,8645.535,1457.416,0,319.872,0,31.987,1335,1951,0.510,1.260,1.040,1,0,0,0,0,18,281,0,25,0
19-06 02:08:49,1.500,0.500,95.469,1.500,0.250,5287480,259428,171104,2286560,9703.820,1619.469,0,2187.283,0,321.895,1531,1416,0.510,1.260,1.040,1,0,0,0,0,18,281,0,25,0
19-06 02:08:50,2.249,0.750,94.722,0.500,0,5287480,259428,171104,2286560,10044.077,1619.529,0,311.909,0,45.987,1788,2584,0.470,1.240,1.040,1,0,1.000,0,0,18,281,0,25,0
19-06 02:08:51,0.998,0.748,97.033,0,0,5287480,259428,171104,2286560,5488.734,1616.388,0,151.661,0,13.969,1049,1380,0.470,1.240,1.040,1,0,0,0,0,18,281,0,25,0
19-06 02:08:52,1.253,0.752,97.721,0.251,0.251,5287480,259428,171104,2286560,6757.292,1461.307,0,112.254,0,9.020,862,1241,0.470,1.240,1.040,1,0,0,0,0,18,281,0,25,0
19-06 02:08:53,1.750,0.750,96.012,0.250,0.500,5287472,259428,171104,2286568,13894.777,1620.207,0,720.092,0,50.006,1452,1884,0.470,1.240,1.040,1,0,0,0,0,18,281,0,25,0
19-06 02:08:54,1.251,0.750,97.541,0,0,5287472,259428,171104,2286568,13662.695,1620.676,0,0,0,0,975,1323,0.470,1.240,1.040,1,0,0,0,0,18,281,0,25,0
19-06 02:08:55,0.749,0.499,97.396,0,0,5287472,259428,171104,2286568,12248.937,1618.274,0,0,0,0,951,1282,0.430,1.220,1.030,1,0,0,0,0,18,281,0,25,0
19-06 02:08:56,3.524,4.279,90.366,0.252,0,5281616,264932,171244,2286768,9556.167,1870.757,394.692,8.055,27.185,2.014,2022,2281,0.430,1.220,1.030,2,0,49.336,0,0,18,281,0,25,0
19-06 02:08:57,38.626,5.695,54.720,0,0.248,4962908,583596,171244,2286948,8663.014,1953.066,186.195,118.848,10.894,5.942,3294,2201,0.430,1.220,1.030,2,0,29.712,0,0,18,277,0,27,0
19-06 02:08:58,23.063,3.760,72.196,0,0,5026824,519608,171244,2287020,9142.860,1945.289,0,124.338,0,9.025,2242,1840,0.430,1.220,1.030,2,0,0,0,0,18,277,0,27,0
19-06 02:08:59,22.418,5.729,70.493,0.747,0,5103784,441404,171248,2288280,6148.541,1924.968,338.763,1578.235,33.876,305.883,3536,4623,0.430,1.220,1.030,2,0,17.934,0,0,18,281,0,29,0
19-06 02:09:00,22.345,6.528,70.048,0.502,0,5186484,358688,171252,2288292,5174.980,1596.782,0,735.122,0,61.260,3274,3348,0.470,1.210,1.030,3,0,6.026,0,0,18,281,0,29,0
19-06 02:09:01,20.451,2.245,75.818,0,0.249,5222832,322148,171252,2288484,9870.327,1741.822,0,3.990,0,0.998,1969,1494,0.470,1.210,1.030,1,0,0.998,0,0,18,281,0,29,0
19-06 02:09:02,1.252,0.501,96.668,0,0,5222328,322648,171252,2288488,10008.393,1763.064,0,172.299,0,16.028,1182,1720,0.470,1.210,1.030,1,0,0,0,0,18,281,0,29,0
19-06 02:09:03,2.255,1.253,95.442,0.501,0.251,5218316,326648,171252,2288500,11488.074,1623.260,0,998.004,0,68.137,1589,2378,0.470,1.210,1.030,1,0,0,0,0,18,281,0,29,0
19-06 02:09:04,1.748,0.250,96.909,0,0.250,5214816,330148,171252,2288500,9273.320,1660.446,0,183.828,0,0.999,978,1380,0.470,1.210,1.030,1,0,0,0,0,18,281,0,29,0
19-06 02:09:05,0.749,0.250,97.339,0,0,5209076,335888,171252,2288500,11695.665,1701.188,0,15.974,0,1.997,908,1287,0.440,1.190,1.020,1,0,0,0,0,18,281,0,29,0
19-06 02:09:06,1.002,1.253,97.716,0,0,5206732,338232,171252,2288500,6843.148,1621.590,0,232.515,0,15.033,988,1371,0.440,1.190,1.020,1,0,0,0,0,18,281,0,29,0
19-06 02:09:07,0.998,0.249,97.043,0,0.249,5204676,340284,171252,2288504,5243.820,1616.553,0,35.923,0,2.994,951,1355,0.440,1.190,1.020,1,0,0,0,0,18,281,0,29,0
19-06 02:09:08,1.500,0.750,97.252,0,0,5202880,342080,171252,2288504,9536.170,1620.029,0,4.000,0,1.000,977,1361,0.440,1.190,1.020,1,0,0,0,0,18,281,0,29,0
19-06 02:09:09,1.250,1.000,97.480,0,0.250,5201312,343648,171252,2288504,10270.874,1619.665,0,0,0,0,986,1335,0.440,1.190,1.020,1,0,0,0,0,18,281,0,29,0
19-06 02:09:10,2.250,1.000,94.247,0.750,0,5199936,345020,171252,2288508,5733.841,1619.955,0,467.987,0,50.999,1724,2659,0.400,1.170,1.020,1,0,1.000,0,0,18,281,0,29,0
19-06 02:09:11,2.499,0.750,95.696,0,0.250,5198732,346224,171252,2288508,8872.976,1691.043,0,0,0,0,1230,1535,0.400,1.170,1.020,1,0,1.999,0,0,18,281,0,29,0
19-06 02:09:12,2.001,1.000,95.775,0,0,5198000,346952,171252,2288512,6604.746,1620.428,0,76.020,0,9.002,1288,1748,0.400,1.170,1.020,1,0,1.000,0,0,18,281,0,29,0
19-06 02:09:13,1.503,0.752,96.456,0.251,0.251,5198000,346952,171252,2288512,9575.428,1623.464,0,136.291,0,18.038,1215,1771,0.400,1.170,1.020,1,0,0,0,0,18,281,0,29,0
19-06 02:09:14,1.502,0.501,96.115,0,0,5198236,346712,171252,2288516,7403.868,1754.101,0,252.302,0,55.066,1150,1446,0.400,1.170,1.020,1,0,1.001,0,0,18,281,0,29,0
19-06 02:09:15,2.991,1.994,94.451,0,0,5202468,342428,171252,2288568,6458.546,1746.469,0,370.826,0,21.931,1419,1840,0.610,1.200,1.030,1,0,1.994,0,0,18,281,0,29,0
19-06 02:09:16,3.004,1.001,94.364,0,0.250,5202464,342428,171252,2288572,9601.574,1621.955,0,4.005,0,1.001,1404,1669,0.610,1.200,1.030,1,0,2.002,0,0,18,281,0,29,0
19-06 02:09:17,3.249,1.000,94.975,0.250,0.250,5202452,342428,171252,2288584,4994.669,1709.544,0,199.947,0,23.994,1471,2107,0.610,1.200,1.030,1,0,1.000,0,0,18,281,0,29,0
19-06 02:09:18,2.250,0.750,96.021,0,0,5202432,342444,171252,2288588,5994.284,1458.312,0,88.019,0,12.003,1256,1776,0.610,1.200,1.030,1,0,0,0,0,18,281,0,27,0
19-06 02:09:19,1.753,0.751,95.659,1.002,0.250,5202040,342836,171252,2288588,9629.998,1664.766,0,2540.220,0,157.261,1741,2355,0.610,1.200,1.030,2,0,0,0,0,18,281,0,27,0
19-06 02:09:20,1.748,0.749,95.129,0.499,0.250,5202292,342584,171252,2288588,7205.849,1617.945,0,307.609,0,40.948,1672,2445,0.560,1.180,1.020,2,0,0.999,0,0,18,281,0,27,0
19-06 02:09:21,1.249,0.750,97.456,0,0,5202292,342584,171252,2288588,9244.788,1619.262,0,3.998,0,1.000,916,1236,0.560,1.180,1.020,1,0,0,0,0,18,281,0,27,0
19-06 02:09:22,1.001,0.250,97.839,0,0,5202288,342584,171252,2288592,9181.334,1621.472,0,0,0,0,859,1225,0.560,1.180,1.020,1,0,0,0,0,18,281,0,21,0
19-06 02:09:23,1.501,0.751,95.819,0.250,0,5202288,342584,171252,2288592,5674.080,1459.049,0,532.383,0,43.031,1238,1791,0.560,1.180,1.020,1,0,0,0,0,18,281,0,21,0
19-06 02:09:24,1.500,0.750,97.727,0,0.250,5202288,342584,171252,2288592,11115.365,1619.616,0,0,0,0,973,1328,0.560,1.180,1.020,2,0,0,0,0,18,281,0,21,0
19-06 02:09:25,0.999,0.500,97.435,0,0,5202288,342584,171252,2288592,8487.355,1618.923,0,0,0,0,907,1287,0.520,1.160,1.020,1,0,0,0,0,18,281,0,21,0
19-06 02:09:26,0.999,0.500,96.945,0,0.250,5202284,342584,171252,2288596,9048.894,1619.086,0,71.959,0,6.996,1099,1427,0.520,1.160,1.020,1,0,0,0,0,18,281,0,13,0
19-06 02:09:27,4.781,9.060,85.311,0,0.252,5195092,349760,171252,2288612,10917.756,1721.313,4.026,52.344,1.007,6.040,3268,2955,0.520,1.160,1.020,2,0,183.204,0,0,18,281,0,13,0
19-06 02:09:28,16.654,9.943,71.836,0,0,5244588,300248,171252,2288628,10415.011,1610.722,0,59.656,0,5.966,3415,2861,0.520,1.160,1.020,3,0,134.227,0,0,18,281,0,13,0
19-06 02:09:29,22.865,3.769,71.612,0.503,0.251,5274044,270672,171252,2288748,6887.785,1606.111,80.406,562.842,4.020,70.355,3700,4187,0.520,1.160,1.020,3,0,0,0,0,18,282,0,15,0
19-06 02:09:30,37.955,6.698,51.599,1.985,0,5297356,247084,171256,2289020,4944.544,1738.479,79.383,7148.404,4.961,801.764,7287,8269,0.630,1.180,1.020,3,0,26.792,0,0,18,283,0,15,0
19-06 02:09:31,40.633,8.277,49.662,0,0,5357572,186664,171260,2289220,4799.683,1757.743,112.367,276.905,5.016,16.052,4230,3837,0.630,1.180,1.020,2,0,27.089,0,0,18,283,0,16,0
19-06 02:09:32,9.497,1.499,87.971,0.250,0,5372212,172024,171260,2289220,10205.582,1619.458,0,279.906,0,19.993,1622,1869,0.630,1.180,1.020,2,0,0,0,0,18,283,0,16,0
19-06 02:09:33,6.745,3.747,87.431,0.500,0,5380748,163480,171260,2289228,8841.972,1618.713,0,359.714,0,40.967,2574,8895,0.630,1.180,1.020,1,0,35.971,0,0,18,283,0,17,0
19-06 02:09:34,1.496,0.748,97.009,0,0.499,5369660,174568,171260,2289228,9251.004,1615.983,0,271.326,0,9.975,1021,1384,0.630,1.180,1.020,2,0,0,0,0,18,283,0,17,0
19-06 02:09:35,0.753,0.502,97.589,0,0,5361288,182940,171260,2289228,8026.918,1625.654,0,196.684,0,42.147,986,1282,0.580,1.160,1.020,2,0,0,0,0,18,283,0,16,0
19-06 02:09:36,1.250,0.250,97.740,0,0,5353576,190652,171260,2289228,12853.634,1619.828,0,0,0,0,963,1242,0.580,1.160,1.020,1,0,0,0,0,18,283,0,16,0
19-06 02:09:37,1.249,0.250,96.405,0.250,0.250,5346744,197484,171260,2289228,11785.436,1456.571,0,1178.843,0,70.930,1184,1702,0.580,1.160,1.020,2,0,0,0,0,18,283,0,16,0
19-06 02:09:38,1.000,0.750,97.206,0.250,0,5339920,204308,171260,2289228,8601.115,1661.250,0,103.953,0,10.995,983,1397,0.580,1.160,1.020,1,0,0,0,0,18,283,0,16,0
19-06 02:09:39,1.252,1.001,97.642,0,0,5334400,209828,171260,2289228,6165.985,1622.364,0,8.012,0,2.003,924,1303,0.580,1.160,1.020,1,0,0,0,0,18,283,0,16,0
19-06 02:09:40,2.001,1.000,94.036,0.750,0,5329884,214336,171260,2289236,9846.815,1620.628,0,560.217,0,66.026,1941,2989,0.540,1.140,1.010,1,0,2.001,0,0,18,283,0,16,0
19-06 02:09:41,1.996,2.245,94.054,0,0.249,5326708,217508,171260,2289240,7657.053,1616.633,0,179.626,0,16.965,1489,1713,0.540,1.140,1.010,1,0,30.936,0,0,18,283,0,16,0
19-06 02:09:42,1.248,0.749,97.116,0.250,0.499,5324968,219240,171260,2289248,10134.061,1455.997,0,71.901,0,5.992,1012,1360,0.540,1.140,1.010,1,0,0,0,0,18,283,0,16,0
19-06 02:09:43,1.502,1.001,95.642,0.250,0,5321900,222308,171260,2289248,7430.005,1664.465,0,620.920,0,54.080,1404,1980,0.540,1.140,1.010,1,0,0,0,0,18,283,0,16,0
19-06 02:09:44,1.002,0.250,97.153,0,0,5319216,224992,171260,2289248,10932.195,1622.552,0,60.095,0,8.013,975,1322,0.540,1.140,1.010,1,0,0,0,0,18,283,0,16,0
19-06 02:09:45,1.249,0.749,97.416,0,0,5316868,227340,171260,2289248,8038.094,1750.496,0,315.729,0,56.951,980,1250,0.490,1.120,1,1,0,0,0,0,18,283,0,16,0
19-06 02:09:46,0.749,0.749,97.390,0,0.250,5315448,228756,171260,2289252,5808.414,1750.016,0,0,0,0,921,1284,0.490,1.120,1,1,0,0,0,0,18,283,0,16,0
19-06 02:09:47,1.504,0.752,96.980,0,0,5314740,229464,171260,2289252,10479.883,1623.856,0,96.228,0,12.029,1218,1732,0.490,1.120,1,1,0,0,0,0,18,283,0,16,0
19-06 02:09:48,1.500,0.500,96.515,0.250,0,5314120,230084,171260,2289252,7203.105,1458.224,0,256.039,0,25.004,1177,1767,0.490,1.120,1,1,0,0,0,0,18,283,0,16,0
19-06 02:09:49,1.746,0.499,97.035,0,0.499,5313936,230268,171260,2289252,8781.519,1616.414,0,0,0,0,1012,1374,0.490,1.120,1,1,0,0,0,0,18,283,0,16,0
19-06 02:09:50,2.746,1.248,92.877,1.498,0,5314152,230044,171260,2289260,9255.725,1659.799,0,2253.012,0,394.477,2406,3001,0.450,1.100,1,2,0,0.999,0,0,18,283,0,16,0
19-06 02:09:51,1.502,1.001,96.622,0,0,5314156,230040,171260,2289260,8801.098,1664.098,0,124.157,0,8.010,948,1294,0.450,1.100,1,2,0,0,0,0,18,283,0,16,0
19-06 02:09:52,1.002,0.251,97.951,0,0,5314156,230040,171260,2289260,11387.363,1623.330,0,108.222,0,8.016,905,1252,0.450,1.100,1,1,0,0,0,0,18,283,0,16,0
19-06 02:09:53,2.749,1.000,92.968,1.000,0,5314132,230040,171260,2289284,13745.299,3021.966,0,3294.873,0,174.940,2065,2656,0.450,1.100,1,1,0,0,0,0,18,283,0,16,0
19-06 02:09:54,1.249,0.749,97.397,0,0,5314132,230040,171260,2289284,6375.245,1456.457,0,0,0,0,898,1276,0.450,1.100,1,1,0,0,0,0,18,283,0,16,0
19-06 02:09:55,1.000,0.500,97.722,0,0.250,5314132,230040,171260,2289284,12780.299,1619.531,0,0,0,0,983,1312,0.420,1.080,0.990,1,0,0,0,0,18,283,0,16,0
19-06 02:09:56,1.000,0.500,97.496,0,0,5314132,230040,171260,2289284,9362.575,1619.926,0,8.000,0,2.000,934,1295,0.420,1.080,0.990,1,0,0,0,0,18,283,0,16,0
19-06 02:09:57,0.751,0.250,97.121,0,0.751,5314132,230040,171260,2289284,11416.205,1622.018,0,88.110,0,7.009,973,1338,0.420,1.080,0.990,1,0,0,0,0,18,283,0,16,0
19-06 02:09:58,2.000,1.000,96.991,0.250,0,5314132,230040,171260,2289284,7574.296,1619.850,0,47.996,0,5.999,944,1288,0.420,1.080,0.990,2,0,0,0,0,18,283,0,16,0
19-06 02:09:59,1.000,0.500,97.043,0,0,5314380,229788,171260,2289288,9962.448,1620.724,0,32.014,0,3.001,1067,1401,0.420,1.080,0.990,1,0,2.001,0,0,18,283,0,12,0
19-06 02:10:00,2.247,0.999,94.888,0.499,0,5314376,229788,171260,2289292,10726.313,1588.122,0,491.419,0,53.936,1790,2458,0.380,1.060,0.990,1,0,0.999,0,0,18,283,0,12,0
19-06 02:10:01,1.498,0.999,96.890,0,0,5313980,230184,171260,2289292,5233.037,1684.081,0,31.964,0,1.998,995,1317,0.380,1.060,0.990,2,0,5.993,0,0,18,283,0,12,0
19-06 02:10:02,1.250,1.500,95.764,0,0,5314144,230016,171260,2289296,4948.740,1620.242,0,116.017,0,13.002,1223,1697,0.380,1.060,0.990,1,0,12.002,0,0,18,283,0,12,0
19-06 02:10:03,1.752,0.501,95.851,0.501,0,5313888,230272,171260,2289296,11295.893,1761.855,0,568.599,0,52.055,1527,2213,0.380,1.060,0.990,2,0,0,0,0,18,283,0,12,0
19-06 02:10:04,2.502,1.251,95.574,0,0.250,5313884,230272,171260,2289300,11607.011,1621.259,0,96.075,0,12.009,1390,1859,0.380,1.060,0.990,1,0,0,0,0,18,283,0,12,0
19-06 02:10:05,1.000,0.750,97.768,0,0.250,5313884,230272,171260,2289300,8988.628,1662.301,0,8.001,0,2.000,942,1293,0.350,1.040,0.980,1,0,0,0,0,18,283,0,12,0
19-06 02:10:06,0.749,0.749,96.669,0.250,0,5313884,230272,171260,2289300,7231.976,1456.787,0,859.284,0,181.849,1211,1306,0.350,1.040,0.980,1,0,0,0,0,18,283,0,12,0
19-06 02:10:07,0.999,0.250,97.151,0.250,0.499,5313884,230272,171260,2289300,9650.129,1618.345,0,331.661,0,22.976,1009,1378,0.350,1.040,0.980,1,0,0,0,0,18,283,0,12,0
19-06 02:10:08,1.251,0.751,97.825,0,0,5313884,230272,171260,2289300,8986.879,1687.292,0,4.003,0,1.001,944,1296,0.350,1.040,0.980,1,0,0,0,0,18,283,0,12,0
19-06 02:10:09,0.999,0.250,97.147,0,0,5313884,230272,171260,2289300,5696.947,1618.281,0,0,0,0,855,1256,0.350,1.040,0.980,1,0,0,0,0,18,283,0,12,0
19-06 02:10:10,2.500,0.750,94.998,0.250,0,5313880,230272,171260,2289304,5709.888,1619.968,0,475.991,0,52.999,1691,2536,0.320,1.030,0.980,2,0,1.000,0,0,18,283,0,12,0
19-06 02:10:11,1.252,1.002,97.170,0,0,5313880,230272,171260,2289304,12493.825,1716.999,0,0,0,0,989,1315,0.320,1.030,0.980,2,0,0,0,0,18,283,0,12,0
19-06 02:10:12,2.000,0.500,96.012,0.250,0.250,5313876,230272,171260,2289308,9422.161,1620.200,0,140.017,0,18.002,1248,1802,0.320,1.030,0.980,2,0,0,0,0,18,283,0,12,0
19-06 02:10:13,1.750,0.500,96.514,0.250,0,5313872,230272,171260,2289312,9799.424,1458.212,0,260.038,0,30.004,1308,1876,0.320,1.030,0.980,1,0,0,0,0,18,283,0,12,0
19-06 02:10:14,2.763,1.758,95.185,0,0.251,5316960,227048,171260,2289448,6577.054,1627.437,0,88.404,0,13.060,1356,1757,0.320,1.030,0.980,2,0,2.009,0,0,18,283,0,12,0
19-06 02:10:15,2.486,0.995,94.237,0.249,0,5316488,227472,171260,2289496,9670.372,1611.231,0,354.073,0,21.881,1351,1657,0.300,1.010,0.970,1,0,1.989,0,0,18,283,0,12,0
19-06 02:10:16,9.738,1.997,86.890,0.250,0,5316260,227576,171260,2289620,6900.285,1749.790,95.879,123.844,5.992,13.982,2809,3841,0.300,1.010,0.970,1,0,1.997,0,0,18,283,0,12,0
19-06 02:10:17,1.000,0.500,96.242,0,0,5316252,227576,171260,2289628,5350.562,1685.862,0,99.992,0,11.999,1162,1763,0.300,1.010,0.970,2,0,0,0,0,18,283,0,12,0
19-06 02:10:18,2.251,0.750,96.027,0.250,0.500,5316248,227576,171260,2289632,13339.717,1458.406,0,84.023,0,13.004,1339,1855,0.300,1.010,0.970,1,0,0,0,0,18,283,0,12,0
19-06 02:10:19,0.751,0.501,97.672,0,0.250,5316244,227576,171260,2289636,32734.801,1622.866,0,120.212,0,9.016,1254,1381,0.300,1.010,0.970,1,0,0,0,0,18,283,0,12,0
19-06 02:10:20,2.247,1.498,94.644,0.250,0,5316236,227576,171260,2289644,5047.324,1618.180,0,399.551,0,49.944,1739,2592,0.270,0.990,0.970,1,0,0.999,0,0,18,283,0,12,0
19-06 02:10:21,0.750,0.750,96.714,0.250,0.250,5316236,227576,171260,2289644,10205.166,1619.392,0,1315.506,0,248.906,1376,1360,0.270,0.990,0.970,1,0,0,0,0,18,283,0,12,0
19-06 02:10:22,8.047,19.112,70.915,0.251,0,5313112,230676,171260,2289668,7828.767,1629.526,0,189.106,0,18.106,5839,4698,0.270,0.990,0.970,3,0,373.182,0,0,18,283,0,12,0
19-06 02:10:23,18.396,9.198,70.849,0.746,0,5356320,186628,171268,2290500,27080.700,4014.276,775.609,902.889,57.674,45.741,3875,3673,0.270,0.990,0.970,2,0,124.296,0,0,18,283,0,12,0
19-06 02:10:24,22.292,4.258,72.637,0,0,5406688,136228,171272,2290528,9083.192,1460.765,16.030,0,1.002,0,2063,1561,0.270,0.990,0.970,2,0,2.004,0,0,18,283,0,12,0
19-06 02:10:25,23.001,3.250,72.503,0,0,5395508,162700,171392,2276072,4742.176,1620.060,40.001,0,7.000,0,2205,1793,0.570,1.040,0.980,3,0,3.000,0,0,18,283,0,12,0
19-06 02:10:26,22.625,5.279,70.640,0.251,0.251,5456736,123496,171284,2255052,8970.484,1628.986,0,804.438,0,14.078,3113,3269,0.570,1.040,0.980,3,0,0,0,0,18,284,0,12,0
19-06 02:10:27,24.504,4.455,67.818,0.743,0,5454540,125328,171284,2255420,9479.658,1603.869,31.681,1976.125,1.980,158.407,6947,9891,0.570,1.040,0.980,2,0,5.940,0,0,18,287,0,17,0
19-06 02:10:28,29.511,5.045,63.058,1.766,0.252,5465208,134912,171252,2235916,21318.726,2645.419,1021.039,1844.327,67.598,221.965,5583,6930,0.570,1.040,0.980,2,0,1.009,0,0,18,292,0,20,0
19-06 02:10:29,15.151,2.732,77.991,2.484,0,5469952,129900,171256,2236176,12279.787,3213.012,158.962,5420.592,8.942,428.203,5552,7328,0.570,1.040,0.980,2,0,0.994,0,0,18,289,0,22,2
19-06 02:10:30,9.008,2.502,84.830,1.001,0.250,5470088,129648,171256,2236292,14716.837,3489.281,64.060,1161.092,4.004,150.141,3677,5216,0.610,1.040,0.980,1,0,1.001,0,0,18,289,0,22,2
19-06 02:10:31,10.049,2.261,85.922,0.502,0.251,5468460,131124,171256,2236444,9566.947,1465.190,16.079,522.564,1.005,77.380,3532,4959,0.610,1.040,0.980,2,0,0,0,0,18,292,0,22,2
19-06 02:10:32,25.135,5.724,64.952,2.737,0.249,5466376,132712,171260,2236944,8819.546,1612.603,0,7071.564,0,848.110,9245,12699,0.610,1.040,0.980,3,0,1.991,0,0,18,292,0,15,2
19-06 02:10:33,23.489,6.997,65.469,1.999,0,5464284,166560,171256,2205284,8559.898,2572.767,31.985,3538.304,1.999,361.827,8191,18743,0.610,1.040,0.980,2,0,35.983,0,0,18,291,0,18,2
19-06 02:10:34,7.492,1.748,88.656,1.249,0,5464356,166428,171256,2205344,15624.489,2857.980,0,1893.999,0,152.838,2895,4015,0.610,1.040,0.980,1,0,0,0,0,18,291,0,19,2
19-06 02:10:35,5.761,2.004,87.923,1.503,0,5464192,166428,171256,2205508,13146.859,2249.424,0,4384.624,0,302.595,3158,4705,0.560,1.020,0.980,3,0,0,0,0,18,292,0,19,2
19-06 02:10:36,24.333,5.017,66.227,2.509,0,5464412,165924,171256,2205792,11795.466,1625.577,0,4198.403,0,408.401,8824,13416,0.560,1.020,0.980,4,0,0,0,0,18,292,0,18,2
19-06 02:10:37,19.663,3.982,70.687,2.738,0,5467716,162216,171256,2206196,9695.079,2399.378,0,6479.316,0,758.641,7935,10052,0.560,1.020,0.980,2,0,0.996,0,0,18,291,0,19,2
19-06 02:10:38,10.068,2.517,85.073,1.258,0.252,5467656,162208,171256,2206264,8628.132,1630.989,0,2082.028,0,176.187,3263,4317,0.560,1.020,0.980,3,0,0,0,0,18,291,0,21,2
19-06 02:10:39,4.971,0.746,92.957,0.497,0.249,5467284,162560,171256,2206284,8858.281,2621.693,0,1041.917,0,78.541,2114,2862,0.560,1.020,0.980,2,0,0,0,0,18,293,0,21,2
19-06 02:10:40,9.744,2.249,83.950,1.249,0.500,5467072,162560,171256,2206496,6510.135,2569.475,0,1499.110,0,190.887,3926,5574,0.510,1.010,0.970,1,0,0.999,0,0,18,291,0,22,2
19-06 02:10:41,18.475,2.497,77.148,0.749,0,5467320,162056,171256,2206752,8882.221,2857.211,147.804,1138.490,7.989,124.834,4345,5249,0.510,1.010,0.970,1,0,0,0,0,18,291,0,22,2
19-06 02:10:42,6.277,2.009,87.120,2.762,0,5467396,161804,171256,2206924,14236.503,2653.276,0,5981.420,0,396.686,3483,4669,0.510,1.010,0.970,3,1,0,0,0,18,291,0,23,2
19-06 02:10:43,5.512,1.503,90.450,0.501,0,5467364,161804,171256,2206956,15922.188,2933.483,0,914.020,0,113.250,2600,3481,0.510,1.010,0.970,3,0,0,0,0,18,292,0,24,2
19-06 02:10:44,3.977,1.491,92.970,0.497,0,5467320,161804,171256,2207000,17312.278,3466.234,0,453.414,0,59.660,2187,2998,0.510,1.010,0.970,1,0,0,0,0,18,291,0,24,2
19-06 02:10:45,24.364,4.521,66.812,2.261,0,5467268,161552,171256,2207304,8535.797,1627.588,0,2519.748,0,315.471,8477,12529,0.550,1.010,0.970,4,0,0,0,0,18,291,0,26,2
19-06 02:10:46,24.719,4.744,67.416,1.748,0,5468724,159788,171256,2207612,8977.795,1617.981,0,2281.153,0,213.733,7983,11199,0.550,1.010,0.970,2,0,0,0,0,18,292,0,28,2
19-06 02:10:47,25.318,4.763,66.931,1.755,0.251,5468612,159536,171256,2207976,9078.530,1624.389,0,2747.424,0,303.821,8522,12773,0.550,1.010,0.970,2,1,0,0,0,18,292,0,28,2
19-06 02:10:48,12.201,2.988,83.413,0.498,0.249,5469048,159032,171256,2208044,5069.520,1613.482,0,1438.190,0,116.529,4300,6426,0.550,1.010,0.970,3,0,1.992,0,0,18,294,0,28,2
19-06 02:10:49,3.249,1.000,94.728,0,0.500,5469528,158528,171256,2208068,5913.651,1457.667,0,531.879,0,29.993,1494,1861,0.550,1.010,0.970,2,0,0,0,0,18,294,0,28,2
19-06 02:10:50,4.496,1.499,89.180,2.498,0,5469728,158276,171256,2208120,10648.634,1660.695,0,4820.213,0,347.727,3204,4305,0.510,0.990,0.970,2,0,0.999,0,0,18,294,0,28,2
19-06 02:10:51,24.367,5.778,65.062,2.512,0,5469440,158276,171256,2208408,9652.331,1627.813,0,3713.826,0,445.137,9375,13899,0.510,0.990,0.970,3,0,0,0,0,18,294,0,28,2
19-06 02:10:52,24.977,4.746,67.439,1.998,0,5469588,157812,171256,2208752,9945.943,1618.526,0,3956.397,0,392.642,9020,13118,0.510,0.990,0.970,1,1,0,0,0,18,295,0,28,2
19-06 02:10:53,27.135,3.983,63.730,3.236,0,5487608,139196,171256,2209348,14472.659,3918.392,270.852,8109.628,14.937,1029.636,7825,8785,0.510,0.990,0.970,1,0,0,0,0,18,293,0,31,2
19-06 02:10:54,5.538,1.510,89.866,1.259,0,5488032,138692,171256,2209428,12238.866,1697.633,64.442,4414.248,4.028,197.352,2601,3329,0.510,0.990,0.970,2,0,0,0,0,18,294,0,32,2
19-06 02:10:55,4.957,0.744,91.208,1.239,0.248,5491524,135164,171260,2209460,12738.435,2305.985,0,1475.196,0,155.649,2530,3555,0.470,0.970,0.960,1,0,0,0,0,18,293,0,32,2
19-06 02:10:56,12.357,2.774,82.718,0.757,0.252,5496624,129872,171260,2209652,7847.099,2466.404,0,1266.995,0,146.269,3685,4993,0.470,0.970,0.960,4,0,0,0,0,18,292,0,35,2
19-06 02:10:57,14.655,2.981,78.241,2.484,0.248,5498404,127856,171260,2209888,16463.967,3463.484,0,10849.467,0,478.887,5210,7091,0.470,0.970,0.960,1,0,0,0,0,18,293,0,41,2
19-06 02:10:58,8.744,1.249,87.939,0.749,0.250,5500604,125588,171260,2209956,8174.315,2081.552,0,839.416,0,100.930,2897,4149,0.470,0.970,0.960,1,0,0,0,0,18,293,0,42,2
19-06 02:10:59,10.820,1.510,85.300,1.006,0,5502600,123572,171264,2209972,6658.936,2512.198,0,1171.554,0,143.928,3288,4168,0.470,0.970,0.960,4,0,2.013,0,0,18,293,0,44,2
19-06 02:11:00,6.475,1.743,90.401,0.996,0,5502532,123572,171264,2210040,14611.599,2665.710,15.938,1422.509,0.996,109.577,2689,3612,0.430,0.960,0.960,2,0,0.996,0,0,18,294,0,44,2
19-06 02:11:01,6.239,1.248,89.593,0.499,0,5503016,122816,171264,2210312,9125.031,1617.170,15.972,1205.890,0.998,125.780,2932,4132,0.430,0.960,0.960,1,0,0,0,0,18,293,0,44,2
19-06 02:11:02,14.004,2.501,81.276,1.500,0.250,5503944,121808,171264,2210392,10312.280,2490.792,0,1604.510,0,211.067,4269,5710,0.430,0.960,0.960,1,0,0,0,0,18,293,0,47,2
19-06 02:11:03,13.492,2.499,80.454,0.999,0,5506720,118796,171264,2210612,9391.603,2477.576,0,1599.081,0,182.895,4004,5494,0.430,0.960,0.960,1,0,0,0,0,18,293,0,52,2
19-06 02:11:04,5.530,2.011,87.970,3.519,0.251,5506716,118796,171264,2210616,7163.245,1695.050,0,7013.445,0,472.523,3474,4375,0.430,0.960,0.960,3,0,0,0,0,18,294,0,54,2
19-06 02:11:05,2.977,0.744,94.261,0.248,0.248,5506684,118796,171264,2210648,9735.714,1607.405,0,472.299,0,45.642,1637,2253,0.390,0.940,0.950,1,0,0,0,0,18,293,0,54,2
19-06 02:11:06,5.252,1.251,92.043,0.250,0,5506912,118544,171264,2210672,11581.447,1620.762,0,436.205,0,47.022,1927,2541,0.390,0.940,0.950,1,0,0,0,0,18,293,0,54,2
19-06 02:11:07,4.513,1.003,93.772,0.251,0,5506888,118544,171264,2210696,10936.726,1624.713,0,385.117,0,39.113,1801,2411,0.390,0.940,0.950,1,0,0,0,0,18,293,0,55,2
19-06 02:11:08,4.499,1.000,92.473,0.250,0.500,5504280,133424,171264,2198440,9307.237,1619.519,3.999,491.854,1.000,48.985,1886,2483,0.390,0.940,0.950,1,0,0,0,0,18,293,0,55,2
19-06 02:11:09,9.738,1.748,85.647,0.999,0,5502456,135068,171264,2198620,11778.812,3230.109,0,1154.609,0,166.799,3472,4601,0.390,0.940,0.950,3,0,0,0,0,18,293,0,58,2
19-06 02:11:10,11.578,2.014,84.318,1.258,0,5502636,134820,171264,2198688,14196.567,2563.255,0,1353.109,0,180.213,4038,5519,0.360,0.920,0.950,2,0,1.007,0,0,18,293,0,61,2
19-06 02:11:11,3.490,1.246,93.470,0.748,0.249,5502832,134596,171264,2198716,11279.154,1708.872,0,705.882,0,77.767,2003,2728,0.360,0.920,0.950,2,0,0,0,0,18,294,0,61,2
19-06 02:11:12,12.713,1.745,82.757,0.997,0,5502740,134596,171264,2198808,12724.684,3937.453,0,1535.497,0,200.412,3932,5296,0.360,0.920,0.950,2,0,0,0,0,18,293,0,65,2
19-06 02:11:13,9.723,1.745,83.765,2.493,0,5501964,135104,171264,2199076,9245.024,1615.461,0,5329.027,0,751.887,4600,5094,0.360,0.920,0.950,1,0,0,0,0,18,293,0,66,2
19-06 02:11:14,11.995,2.499,82.965,1.249,0.250,5502056,134864,171264,2199208,9836.862,2530.935,15.993,1535.354,1.000,165.930,3388,4705,0.360,0.920,0.950,1,0,0,0,0,18,293,0,71,2
19-06 02:11:15,5.041,1.764,91.246,0.504,0,5503996,132864,171264,2199268,10894.103,1603.112,0,863.059,0,68.561,1971,2680,0.330,0.910,0.940,4,0,2.016,0,0,18,294,0,72,2
19-06 02:11:16,7.714,1.742,88.333,1.244,0.249,5504896,131896,171264,2199336,8928.881,2477.314,0,1373.521,0,156.263,2933,4257,0.330,0.910,0.940,1,0,1.991,0,0,18,293,0,73,2
19-06 02:11:17,12.464,2.243,82.759,0.748,0,5503772,132816,171264,2199540,10891.334,2216.556,0,1515.594,0,156.545,3913,5266,0.330,0.910,0.940,1,0,1.994,0,0,18,293,0,79,2
19-06 02:11:18,11.504,2.251,80.525,3.251,0.250,5503936,132564,171264,2199628,7717.399,2430.756,0,10243.184,0,851.265,4974,6481,0.330,0.910,0.940,1,0,0,0,0,18,293,0,83,2
19-06 02:11:19,8.775,2.256,87.747,0.752,0.251,5504372,132088,171264,2199668,10471.490,2683.557,0,1576.440,0,83.234,3146,4395,0.330,0.910,0.940,2,0,0,0,0,18,294,0,84,2
19-06 02:11:20,25.894,5.531,63.856,2.514,0,5504012,131836,171264,2200280,4974.739,1629.084,32.179,3688.568,1.006,501.798,9918,15325,0.630,0.960,0.960,3,0,1.006,0,0,18,294,0,86,2
19-06 02:11:21,23.849,4.969,67.822,1.491,0.248,5505320,130324,171268,2200480,9519.860,1609.830,31.799,4328.655,0.994,329.916,8289,11958,0.630,0.960,0.960,3,0,0,0,0,18,294,0,88,2
19-06 02:11:22,4.491,1.746,89.819,2.245,0,5504784,130684,171268,2200652,8460.982,1455.073,0,5496.944,0,397.201,3431,4698,0.630,0.960,0.960,1,0,0,0,0,18,293,0,88,2
19-06 02:11:23,14.243,2.999,79.463,2.499,0,5505356,129956,171268,2200812,16145.442,4005.125,47.978,5617.370,1.999,693.675,5233,6195,0.630,0.960,0.960,1,0,0,0,0,18,293,0,91,2
19-06 02:11:24,7.767,1.002,88.690,1.002,0.251,5505304,129956,171268,2200864,10682.864,2515.384,0,1960.195,0,169.362,2920,4051,0.630,0.960,0.960,1,0,0,0,0,18,293,0,92,2
19-06 02:11:25,11.076,2.266,85.588,0.755,0,5505832,129228,171268,2201064,12078.985,2097.410,0,1135.803,0,111.768,3282,4520,0.580,0.940,0.950,5,0,0,0,0,18,294,0,93,2
19-06 02:11:26,1.490,0.497,95.639,0.497,0,5505784,129228,171268,2201112,7234.816,1609.724,0,1438.815,0,120.232,1509,2443,0.580,0.940,0.950,1,0,0,0,0,18,293,0,93,2
19-06 02:11:27,11.230,2.496,83.352,0.998,0.250,5506512,128372,171272,2201316,11912.910,3854.177,0,1465.406,0,165.707,3418,4810,0.580,0.940,0.950,1,0,5.989,0,0,18,293,0,95,2
19-06 02:11:28,18.560,3.762,74.492,1.505,0.251,5506408,128372,171272,2201420,5621.242,1462.747,0,2098.811,0,254.827,6318,9234,0.580,0.940,0.950,3,0,0,0,0,18,294,0,96,2
19-06 02:11:29,24.761,5.752,64.277,3.251,0,5506712,127644,171272,2201840,9286.970,1620.693,0,8523.643,0,649.278,9964,14785,0.580,0.940,0.950,3,0,0,0,0,18,294,0,88,2
19-06 02:11:30,24.781,5.507,65.833,2.253,0,5508388,125628,171272,2202180,8438.697,1622.056,0,3428.346,0,364.462,9225,13976,0.690,0.960,0.960,3,0,1.001,0,0,18,295,0,94,2
19-06 02:11:31,25.958,4.992,64.646,2.496,0,5501188,132472,171272,2202536,8988.587,1617.406,0,3885.769,0,443.289,9095,14058,0.690,0.960,0.960,2,0,0,0,0,18,294,0,94,2
19-06 02:11:32,22.860,4.773,67.574,1.256,0.251,5501116,132220,171272,2202860,7336.166,1627.803,0,2998.373,0,268.286,7979,11897,0.690,0.960,0.960,2,0,0,0,0,18,294,0,96,2
19-06 02:11:33,27.500,6.750,59.751,4.000,0.250,5538168,123360,171276,2177152,11163.107,1458.014,4.000,10208.098,1.000,821.008,10921,20711,0.690,0.960,0.960,5,0,35.000,0,0,18,294,0,90,2
19-06 02:11:34,26.380,5.724,64.705,1.244,0.249,5524836,136464,171276,2174940,8043.274,1612.637,7.964,2735.510,1.991,258.818,8808,18634,0.690,0.960,0.960,2,0,1.991,0,0,18,295,0,91,2
19-06 02:11:35,6.983,2.245,88.291,0.499,0,5524876,136240,171276,2175124,7192.941,1616.167,0,1560.299,0,146.652,3286,4669,0.640,0.950,0.950,1,0,0,0,0,18,293,0,91,2
19-06 02:11:36,5.489,0.998,90.814,0.998,0.249,5524568,136496,171276,2175176,11139.171,1616.687,0,1524.875,0,127.738,2603,3624,0.640,0.950,0.950,1,0,0,0,0,18,293,0,91,2
19-06 02:11:37,13.006,3.252,82.290,1.000,0,5525232,135740,171276,2175268,7831.833,2591.268,0,1544.756,0,195.095,3718,5517,0.640,0.950,0.950,1,0,0,0,0,18,293,0,97,2
19-06 02:11:38,8.007,1.001,89.081,0.250,0,5525324,135488,171276,2175428,5219.719,1687.525,0,844.764,0,50.045,2161,2695,0.640,0.950,0.950,2,0,0,0,0,18,293,0,100,2
19-06 02:11:39,7.759,1.752,86.855,3.004,0.250,5525172,135544,171276,2175524,17820.634,3532.288,20.024,8302.079,2.002,1016.234,4794,4649,0.640,0.950,0.950,1,0,0,0,0,18,293,0,101,2
19-06 02:11:40,7.741,1.998,86.897,1.498,0,5525608,135044,171276,2175588,12974.575,3019.410,0,6416.372,0,379.549,3859,5461,0.580,0.930,0.950,2,0,0.999,0,0,18,293,0,101,2
19-06 02:11:41,10.741,1.749,83.684,1.249,0,5525740,134792,171276,2175708,9292.634,1456.845,7.994,1274.989,1.998,130.896,3832,4883,0.580,0.930,0.950,1,0,0,0,0,18,293,0,101,2
19-06 02:11:42,12.752,2.750,82.761,1.250,0.250,5525824,134540,171276,2175876,7476.962,2525.325,0,1752.226,0,167.021,3438,4578,0.580,0.930,0.950,3,0,0,0,0,18,293,0,102,2
19-06 02:11:43,3.514,1.004,93.381,0.753,0,5525776,134540,171276,2175924,5665.119,1692.909,0,1309.343,0,103.422,2045,2816,0.580,0.930,0.950,2,0,0,0,0,18,294,0,102,2
19-06 02:11:44,12.722,2.494,82.068,1.247,0,5526444,133784,171276,2176012,9986.875,2627.180,0,1528.614,0,177.607,3985,5298,0.580,0.930,0.950,1,0,0,0,0,18,293,0,106,2
19-06 02:11:45,5.490,1.497,90.829,0.499,0.250,5526672,133532,171276,2176036,9084.898,1616.956,0,918.271,0,89.831,2249,2962,0.700,0.950,0.950,1,0,0,0,0,18,293,0,108,2
19-06 02:11:46,7.737,1.248,89.344,0.499,0,5526756,133280,171276,2176204,6806.147,1617.184,0,762.672,0,64.887,2159,2981,0.700,0.950,0.950,1,0,0,0,0,18,293,0,106,2
19-06 02:11:47,8.050,1.258,89.299,0.503,0.252,5526732,133280,171276,2176228,11482.642,1467.025,0,611.764,0,45.279,2112,2678,0.700,0.950,0.950,3,0,0,0,0,18,294,0,112,2
19-06 02:11:48,9.457,1.742,85.612,1.493,0,5526664,133280,171280,2176292,14537.070,3931.171,0,1548.975,0,201.088,3796,5271,0.700,0.950,0.950,1,0,0,0,0,18,293,0,113,2
19-06 02:11:49,21.615,4.524,70.124,1.508,0.503,5526572,133028,171280,2176636,9848.549,1628.690,0,2368.638,0,293.566,7522,10740,0.700,0.950,0.950,3,1,0,0,0,18,294,0,114,2
19-06 02:11:50,24.925,5.483,63.807,3.739,0,5522064,137184,171284,2176984,8130.403,1615.114,0,8753.518,0,964.083,10069,13964,0.720,0.950,0.950,2,0,2.991,0,0,18,294,0,112,2
19-06 02:11:51,17.483,3.497,75.927,1.998,0,5522688,136428,171284,2177116,5908.285,1618.434,0,7097.135,0,464.551,6131,9480,0.720,0.950,0.950,1,0,0,0,0,18,293,0,112,2
19-06 02:11:52,11.501,2.500,83.259,1.250,0.250,5522988,135924,171284,2177320,9810.044,2530.269,0,2424.258,0,200.021,3298,4670,0.720,0.950,0.950,1,0,0,0,0,18,293,0,116,2
19-06 02:11:53,5.237,1.247,91.023,0.748,0,5523212,135672,171284,2177348,18188.719,2919.731,0,1468.345,0,136.660,2331,3070,0.720,0.950,0.950,3,0,0,0,0,18,294,0,117,2
19-06 02:11:54,13.032,2.506,81.954,1.504,0,5523612,135196,171284,2177424,14118.148,3569.888,0,4102.213,0,542.350,4481,4890,0.720,0.950,0.950,1,0,0,0,0,18,293,0,117,2
19-06 02:11:55,2.254,0.751,95.407,0.250,0,5523612,135196,171284,2177424,12612.739,2040.355,0,548.903,0,35.058,1298,1687,0.660,0.930,0.950,2,0,0,0,0,18,292,0,118,2
19-06 02:11:56,2.747,0.499,95.404,0,0,5523596,135196,171284,2177440,11399.497,2034.947,0,483.512,0,23.976,1275,1615,0.660,0.930,0.950,1,0,0,0,0,18,293,0,118,2
19-06 02:11:57,3.997,1.249,93.175,0.500,0,5523704,134944,171284,2177584,10432.651,2035.371,0,723.421,0,69.944,1687,2378,0.660,0.930,0.950,2,0,0,0,0,18,293,0,119,2
19-06 02:11:58,12.990,1.749,82.934,1.249,0.749,5523884,134692,171284,2177656,12078.357,3483.219,0,1119.107,0,134.892,3494,4459,0.660,0.930,0.950,1,0,0,0,0,18,293,0,113,2
19-06 02:11:59,8.988,1.498,88.381,0.250,0,5525608,132928,171284,2177696,10393.961,3339.489,0,631.148,0,47.935,2492,3051,0.660,0.930,0.950,1,0,1.997,0,0,18,293,0,116,2
19-06 02:12:00,4.508,1.753,91.668,0.501,0.250,5525836,132680,171284,2177716,9353.157,1460.679,0,1150.110,0,83.153,2270,3087,0.610,0.920,0.940,1,0,1.002,0,0,18,293,0,118,2
19-06 02:12:01,9.017,2.254,85.163,1.503,0,5526040,132428,171284,2177764,18126.601,3442.571,0,1703.251,0,212.405,3917,5502,0.610,0.920,0.940,2,1,0,0,0,18,294,0,119,2
19-06 02:12:02,25.617,5.023,63.540,2.763,0,5526080,131924,171284,2178228,9535.446,1627.415,48.220,3656.661,2.009,461.101,9496,14315,0.610,0.920,0.940,2,0,0,0,0,18,294,0,114,2
19-06 02:12:03,23.595,4.967,67.058,2.732,0,5527560,130160,171284,2178512,8775.170,1609.394,0,8635.093,0,566.268,8618,13158,0.610,0.920,0.940,4,0,0,0,0,18,294,0,116,2
19-06 02:12:04,10.995,1.749,84.712,0.750,0.250,5527364,130160,171284,2178708,10336.364,1619.274,0,1747.216,0,146.934,3789,5358,0.610,0.920,0.940,2,0,0,0,0,18,293,0,116,2
19-06 02:12:05,11.003,2.251,85.023,1.250,0,5527788,129656,171284,2178788,15633.206,2861.770,0,1256.338,0,116.031,3699,5025,0.640,0.920,0.940,1,0,0,0,0,18,293,0,116,2
19-06 02:12:06,8.525,2.257,86.754,0.501,0.501,5527744,129656,171284,2178832,5580.341,1624.758,0,1817.322,0,131.385,3664,5369,0.640,0.920,0.940,2,0,0,0,0,18,294,0,111,2
19-06 02:12:07,25.068,5.264,64.676,3.008,0.251,5527728,128900,171284,2179604,5542.040,1666.523,0,3710.069,0,465.263,9060,14028,0.640,0.920,0.940,2,0,0,0,0,18,294,0,112,2
19-06 02:12:08,24.074,4.467,68.250,1.241,0,5528852,127388,171284,2179992,13226.058,1608.212,0,2410.333,0,208.472,7972,11357,0.640,0.920,0.940,3,0,0,0,0,18,294,0,112,2
19-06 02:12:09,9.744,2.748,85.699,1.249,0,5529256,126884,171284,2180092,15150.041,2616.453,0,2746.376,0,282.833,3599,5566,0.640,0.920,0.940,1,0,0,0,0,18,293,0,113,2
19-06 02:12:10,12.281,3.258,77.696,4.511,0,5529256,126764,171284,2180212,12753.119,2625.613,0,12920.540,0,1226.088,6878,8323,0.830,0.950,0.950,1,0,1.003,0,0,18,293,0,110,2
19-06 02:12:11,12.483,2.996,82.386,0.749,0.250,5529944,126008,171284,2180280,8781.818,2481.558,0,1557.839,0,157.781,3698,4940,0.830,0.950,0.950,1,0,0,0,0,18,293,0,111,2
19-06 02:12:12,6.515,1.253,89.700,1.002,0,5529904,126008,171284,2180320,10960.408,1689.763,0,1294.884,0,105.234,2378,3269,0.830,0.950,0.950,2,0,0,0,0,18,294,0,111,2
19-06 02:12:13,8.235,2.246,86.594,0.749,0,5530008,125756,171284,2180468,10360.378,2614.301,0,1669.000,0,197.645,3474,4989,0.830,0.950,0.950,1,0,0,0,0,18,293,0,113,2
19-06 02:12:14,14.988,1.499,81.936,0.999,0,5530656,124748,171284,2180828,6183.145,2428.093,0,1414.889,0,123.903,3747,4886,0.830,0.950,0.950,1,0,0,0,0,18,293,0,102,2
19-06 02:12:15,7.505,2.502,86.806,1.001,0.500,5530812,124496,171284,2180924,15635.096,3488.252,0,1332.861,0,140.090,3436,4541,0.760,0.940,0.950,1,0,0,0,0,18,293,0,102,2
19-06 02:12:16,9.076,2.269,86.721,0.504,0.252,5534720,120572,171284,2180940,13171.582,3141.133,0,1278.638,0,104.872,3099,4107,0.760,0.940,0.950,5,0,3.025,0,0,18,293,0,102,2
19-06 02:12:17,6.191,1.733,90.136,0.991,0.248,5534356,120740,171284,2181136,11706.832,3059.684,0,1117.295,0,112.918,2839,3951,0.760,0.940,0.950,6,0,0.991,0,0,18,294,0,102,2
19-06 02:12:18,11.283,2.507,80.988,2.257,0,5534528,120488,171284,2181216,17071.105,3333.785,0,7193.112,0,517.519,5339,7292,0.760,0.940,0.950,1,0,2.006,0,0,18,293,0,104,2
19-06 02:12:19,20.372,4.276,72.685,1.761,0,5534484,120236,171284,2181512,9575.271,1629.748,0,2164.949,0,295.769,7471,11006,0.760,0.940,0.950,5,0,0,0,0,18,294,0,93,2
19-06 02:12:20,24.921,4.735,65.793,2.492,0,5534872,119480,171284,2181880,9240.861,1614.908,0,3030.444,0,345.909,9004,13544,0.860,0.960,0.950,3,1,0.997,0,0,18,294,0,96,2
19-06 02:12:21,24.849,5.020,67.269,1.506,0,5535328,118724,171284,2182180,7050.229,1626.512,96.386,2831.336,5.020,286.146,8392,11856,0.860,0.960,0.950,4,0,0,0,0,18,294,0,103,2
19-06 02:12:22,25.081,5.463,64.814,2.732,0.248,5534952,118472,171284,2182808,6625.450,1609.180,0,5550.677,0,526.460,9813,14975,0.860,0.960,0.950,4,0,0,0,0,18,294,0,103,2
19-06 02:12:23,26.070,5.766,64.925,2.256,0,5535900,117212,171284,2183120,15973.036,3031.167,0,8278.304,0,598.613,9689,13990,0.860,0.960,0.950,3,0,0,0,0,18,294,0,103,2
19-06 02:12:24,13.674,2.735,79.808,1.492,0,5536672,116204,171284,2183356,10501.773,2401.684,0,3011.304,0,285.418,5249,7394,0.860,0.960,0.950,1,0,0,0,0,18,293,0,104,2
19-06 02:12:25,6.762,1.753,88.158,2.504,0.501,5535716,117108,171284,2183408,8239.800,2508.506,0,8599.446,0,1057.900,4280,4000,1.120,1.010,0.970,1,0,0,0,0,18,293,0,104,2
19-06 02:12:26,9.256,1.751,87.307,0.500,0.250,5536648,116100,171284,2183484,11079.237,2504.636,0,1108.724,0,127.083,3257,4683,1.120,1.010,0.970,1,0,0,0,0,18,293,0,106,2
19-06 02:12:27,5.504,2.252,90.317,0.751,0,5538148,114592,171284,2183492,9357.947,2018.498,0,1156.859,0,76.056,2178,2805,1.120,1.010,0.970,0,0,6.004,0,0,18,293,0,99,2
19-06 02:12:28,2.748,0.999,94.166,0.749,0,5538108,114592,171284,2183532,24835.905,1684.501,0,1214.919,0,104.907,1993,2673,1.120,1.010,0.970,3,0,0,0,0,18,294,0,99,2
19-06 02:12:29,6.502,1.751,89.782,0.500,0.250,5537888,114592,171284,2183752,11086.904,2504.882,0,1476.520,0,143.050,3113,4176,1.120,1.010,0.970,3,0,0,0,0,18,293,0,100,2
19-06 02:12:30,7.987,1.497,88.351,0.998,0,5538100,114340,171284,2183792,6621.834,2079.493,0,1209.960,0,128.783,3118,4427,1.030,0.990,0.970,1,0,0.998,0,0,18,293,0,102,2
19-06 02:12:31,7.009,2.002,88.359,1.001,0.250,5537892,114340,171284,2184000,12756.698,2573.167,0,1213.493,0,141.174,3223,4281,1.030,0.990,0.970,1,0,0,0,0,18,293,0,94,2
19-06 02:12:32,7.259,2.253,86.861,2.503,0,5538100,114088,171284,2184044,8112.365,1923.458,0,5671.246,0,382.489,3659,5099,1.030,0.990,0.970,1,0,0,0,0,18,293,0,94,2
19-06 02:12:33,7.749,1.500,87.739,1.000,0,5538284,113836,171284,2184112,10090.692,2503.676,0,1351.825,0,153.980,3262,4534,1.030,0.990,0.970,1,0,0,0,0,18,293,0,94,2
19-06 02:12:34,8.998,4.749,85.736,0.250,0,5539276,159876,171284,2137524,9929.337,1619.729,0,1151.807,0,51.991,2961,10510,1.030,0.990,0.970,2,0,35.994,0,0,18,294,0,96,2
19-06 02:12:35,3.243,0.998,93.291,0.748,0.249,5539216,159876,171284,2137584,11841.528,2078.354,0,997.769,0,89.799,2096,2990,0.940,0.970,0.960,2,0,0,0,0,18,293,0,92,2
19-06 02:12:36,9.497,2.249,85.726,0.750,0.500,5538988,159876,171284,2137812,10691.051,2082.426,0,1471.594,0,152.958,3629,4891,0.940,0.970,0.960,1,0,0,0,0,18,293,0,93,2
19-06 02:12:37,8.256,1.751,88.059,0.751,0,5538940,159876,171284,2137860,12323.214,3326.217,0,1260.840,0,140.093,3062,4178,0.940,0.970,0.960,3,0,1.001,0,0,18,293,0,93,2
19-06 02:12:38,14.325,3.770,78.662,1.257,0,5538860,159876,171284,2137940,4574.939,1670.742,0,1789.363,0,208.089,5652,8728,0.940,0.970,0.960,2,0,1.005,0,0,18,294,0,93,2
19-06 02:12:39,24.869,5.471,66.151,2.238,0.249,5539320,158896,171284,2138460,8996.475,1611.487,0,3604.957,0,385.961,8994,13824,0.940,0.970,0.960,3,0,0,0,0,18,294,0,81,2
19-06 02:12:40,19.987,3.997,70.455,2.498,0,5539892,158144,171284,2138640,7291.308,1618.958,15.990,6375.897,0.999,489.685,7710,11494,1.030,0.990,0.970,1,0,0.999,0,0,18,293,0,85,2
19-06 02:12:41,7.566,2.018,87.763,2.018,0,5538768,159100,171284,2138808,9501.560,1634.200,0,7823.983,0,877.626,4161,3828,1.030,0.990,0.970,3,0,0,0,0,18,294,0,86,2
19-06 02:12:42,9.475,1.995,85.778,1.247,0,5539424,158344,171284,2138908,7621.240,1615.811,0,1775.397,0,201.478,3551,5184,1.030,0.990,0.970,1,0,0,0,0,18,293,0,87,2
19-06 02:12:43,18.164,3.484,73.403,1.742,0.249,5539376,158092,171284,2139208,9210.399,1451.130,0,2309.069,0,292.615,6892,10296,1.030,0.990,0.970,4,0,0,0,0,18,294,0,85,2
19-06 02:12:44,24.278,5.256,65.575,2.503,0,5539264,157840,171284,2139572,7299.315,1663.895,0,3880.420,0,414.472,8986,13428,1.030,0.990,0.970,4,0,0,0,0,18,294,0,87,2
19-06 02:12:45,25.364,4.771,66.550,1.758,0.251,5539748,157084,171284,2139844,6537.427,1627.325,0,3781.020,0,365.646,8722,13603,1.030,0.990,0.970,3,0,0,0,0,18,294,0,89,2
19-06 02:12:46,24.971,4.495,65.425,3.246,0.250,5540352,156076,171284,2140248,5253.993,1684.075,0,7435.499,0,585.331,8888,14183,1.030,0.990,0.970,2,0,0,0,0,18,294,0,89,2
19-06 02:12:47,13.195,2.988,81.162,0.498,0,5541144,155068,171284,2140464,9696.578,1613.275,0,3130.948,0,126.473,5284,7426,1.030,0.990,0.970,2,0,0,0,0,18,294,0,81,2
19-06 02:12:48,14.051,3.011,80.292,1.255,0,5541288,154816,171284,2140572,6473.528,1625.909,0,2043.427,0,239.872,5704,8298,1.030,0.990,0.970,2,0,0,0,0,18,294,0,81,2
19-06 02:12:49,25.531,5.006,65.831,2.002,0.250,5541468,154312,171284,2140896,9975.270,1621.995,0,3356.128,0,390.480,9232,13246,1.030,0.990,0.970,4,0,0,0,0,18,293,0,81,2
19-06 02:12:50,24.559,4.511,67.162,2.005,0.251,5543176,152300,171284,2141228,6945.780,1623.923,0,3035.333,0,342.828,8656,12810,1.020,0.990,0.970,1,1,2.005,0,0,18,294,0,81,2
19-06 02:12:51,24.589,6.209,63.336,3.477,0.248,5543344,151824,171288,2141532,9922.147,1609.480,0,10352.335,0,851.435,10517,16268,1.020,0.990,0.970,2,0,0,0,0,18,294,0,74,2
19-06 02:12:52,25.646,3.269,68.642,1.257,0.251,5544040,150816,171288,2141844,7571.202,1532.746,0,2466.072,0,212.211,6550,8867,1.020,0.990,0.970,4,0,0,0,0,18,294,0,76,2
19-06 02:12:53,23.203,4.990,68.112,0.998,0,5544764,149808,171288,2142128,11485.770,3016.898,0,2423.099,0,264.465,7869,12181,1.020,0.990,0.970,3,0,0,0,0,18,294,0,78,2
19-06 02:12:54,13.200,2.740,81.690,1.494,0,5544640,149808,171288,2142252,13984.968,2572.246,0,2394.918,0,238.097,4867,6708,1.020,0.990,0.970,3,0,0,0,0,18,293,0,80,2
19-06 02:12:55,7.726,1.495,87.982,0.748,0,5544588,149808,171288,2142304,17665.147,3475.405,0,1806.493,0,183.441,3096,3991,0.940,0.970,0.960,3,0,0,0,0,18,293,0,72,2
19-06 02:12:56,12.026,5.512,78.422,3.758,0.251,5541524,145256,171292,2149884,7092.574,2521.537,0,9677.250,0,1188.610,4747,5458,0.940,0.970,0.960,1,0,2.004,0,0,18,293,0,74,2
19-06 02:12:57,6.287,1.257,90.029,0.503,0,5541984,144780,171292,2149900,10213.060,1533.015,16.095,1311.714,1.006,112.663,2625,3554,0.940,0.970,0.960,3,0,0,0,0,18,295,0,74,2
19-06 02:12:58,12.219,2.494,79.551,3.242,0.249,5542108,144528,171292,2150028,9184.003,2077.797,0,6970.545,0,571.569,5342,8089,0.940,0.970,0.960,4,0,0,0,0,18,293,0,74,2
19-06 02:12:59,4.989,1.995,91.290,0.748,0,5542340,144276,171292,2150048,18411.562,3016.048,0,957.792,0,93.784,2462,3261,0.940,0.970,0.960,2,0,1.995,0,0,18,294,0,64,2
19-06 02:13:00,24.570,4.764,65.688,2.758,0.251,5543068,143020,171292,2150576,8685.853,1624.649,32.092,3574.227,1.003,499.429,9399,14341,0.950,0.970,0.960,2,0,1.003,0,0,18,294,0,65,2
19-06 02:13:01,25.517,5.504,64.043,3.002,0,5542960,142768,171296,2150932,4932.295,1621.083,0,4759.180,0,516.345,9690,14430,0.950,0.970,0.960,2,0,0,0,0,18,294,0,68,2
19-06 02:13:02,23.491,4.998,67.973,1.749,0,5544332,141032,171296,2151296,10664.825,1619.366,0,3090.790,0,294.885,8061,11736,0.950,0.970,0.960,2,0,0,0,0,18,294,0,69,2
19-06 02:13:03,7.711,1.741,84.824,2.985,0.249,5544392,140780,171296,2151488,9311.235,2571.087,0,7609.780,0,546.256,4419,6339,0.950,0.970,0.960,1,0,0,0,0,18,293,0,70,2
19-06 02:13:04,16.479,3.246,76.404,1.748,0.250,5546232,138512,171296,2151916,12468.276,3319.813,327.587,1985.496,9.987,227.713,5703,7828,0.950,0.970,0.960,1,0,0,0,0,18,293,0,66,2
19-06 02:13:05,10.536,2.258,85.290,1.003,0,5546312,138260,171300,2152084,9831.481,1667.679,0,1902.479,0,159.543,4345,6059,0.870,0.960,0.960,3,0,0,0,0,18,295,0,66,2
19-06 02:13:06,25.260,5.502,64.525,2.751,0.250,5546164,138008,171300,2152484,7821.972,1620.616,0,4913.867,0,502.191,10033,14896,0.870,0.960,0.960,3,0,0,0,0,18,294,0,66,2
19-06 02:13:07,23.274,5.506,67.319,2.252,0,5547156,136748,171300,2152752,10758.098,1621.673,0,3411.519,0,342.353,8241,12226,0.870,0.960,0.960,3,0,0,0,0,18,293,0,68,2
19-06 02:13:08,4.726,1.244,91.779,0.497,0,5546980,136748,171300,2152928,8273.563,2623.543,0,2073.365,0,158.189,2333,3438,0.870,0.960,0.960,2,0,0,0,0,18,293,0,65,2
19-06 02:13:09,10.532,2.508,83.005,2.257,0.251,5548024,135488,171300,2153144,21487.975,6168.941,0,5224.039,0,394.210,4417,5861,0.870,0.960,0.960,1,0,0,0,0,18,293,0,65,2
19-06 02:13:10,11.502,2.000,83.012,1.500,0.250,5548184,135236,171300,2153236,22053.241,5363.788,0,1432.210,0,158.023,3998,5230,0.800,0.940,0.950,1,0,1.000,0,0,18,293,0,65,2
19-06 02:13:11,10.244,1.749,84.948,0.750,0,5549260,133976,171300,2153420,12069.677,3147.091,0,1139.309,0,120.927,3459,4388,0.800,0.940,0.950,1,0,0,0,0,18,293,0,66,2
19-06 02:13:12,9.286,1.506,87.590,0.251,0.251,5549692,133472,171300,2153492,15177.917,2686.428,0,9492.849,0,91.355,2615,3153,0.800,0.940,0.950,3,0,0,0,0,18,294,0,62,2
19-06 02:13:13,25.060,5.513,64.654,2.506,0,5549848,132968,171300,2153840,7124.001,1623.875,0,3849.186,0,448.069,9584,14213,0.800,0.940,0.950,2,1,0,0,0,18,294,0,62,2
19-06 02:13:14,23.651,5.228,66.970,2.241,0.249,5550652,131456,171300,2154548,8880.841,1613.250,0,3796.116,0,340.575,9070,13281,0.800,0.940,0.950,2,0,0,0,0,18,294,0,62,2
19-06 02:13:15,10.988,2.497,81.908,1.998,0.250,5550508,131456,171300,2154692,6246.984,2594.086,0,7679.375,0,549.383,5003,7707,0.820,0.940,0.950,1,0,0,0,0,18,293,0,64,2
19-06 02:13:16,9.793,2.260,86.631,1.256,0,5555220,126680,171300,2154756,10842.624,2807.331,0,1225.382,0,131.578,3157,4639,0.820,0.940,0.950,2,0,2.009,0,0,18,293,0,61,2
19-06 02:13:17,7.704,1.243,88.221,0.497,0,5555528,126188,171300,2154940,6433.423,2070.584,0,866.802,0,72.565,2639,3616,0.820,0.940,0.950,2,0,1.988,0,0,18,293,0,61,2
19-06 02:13:18,12.831,2.768,82.774,0.755,0,5555700,125936,171300,2155020,18339.171,3108.692,0,3840.327,0,180.141,4380,6143,0.820,0.940,0.950,3,0,2.013,0,0,18,294,0,63,2
19-06 02:13:19,25.905,5.231,64.514,2.989,0.249,5555316,125936,171300,2155404,10389.058,1614.105,0,3738.347,0,470.282,9293,13761,0.820,0.940,0.950,2,0,0,0,0,18,294,0,63,2
19-06 02:13:20,24.739,5.248,66.221,1.749,0,5555796,125184,171300,2155676,8932.079,1685.260,0,3226.583,0,279.877,8386,12571,0.830,0.940,0.950,3,0,1.000,0,0,18,294,0,64,2
19-06 02:13:21,9.240,1.998,85.157,1.498,0.250,5555812,124932,171300,2155912,9283.855,2577.184,0,2525.240,0,230.748,3641,5420,0.830,0.940,0.950,1,0,0,0,0,18,293,0,65,2
19-06 02:13:22,9.739,1.748,86.151,0.749,0.250,5555744,124932,171300,2155980,17466.013,3482.015,0,1881.847,0,166.809,3420,4543,0.830,0.940,0.950,1,0,0,0,0,18,293,0,65,2
19-06 02:13:23,17.054,4.765,73.482,3.010,0,5555752,124680,171300,2156224,13071.350,2870.079,0,5902.672,0,466.476,6899,9801,0.830,0.940,0.950,4,0,0,0,0,18,294,0,66,2
19-06 02:13:24,26.445,4.740,64.864,1.996,0.249,5556400,123672,171300,2156584,7055.200,1616.609,0,5488.487,0,482.987,9220,14019,0.830,0.940,0.950,2,0,0,0,0,18,294,0,51,2
19-06 02:13:25,24.101,4.770,68.287,1.757,0,5556608,123168,171300,2156880,5546.314,1626.838,0,2462.350,0,270.136,8223,12617,1.010,0.980,0.960,3,1,0,0,0,18,294,0,52,2
19-06 02:13:26,23.967,5.992,65.409,2.497,0,5556960,122424,171300,2157256,11698.734,1617.751,0,3674.890,0,462.357,9101,14327,1.010,0.980,0.960,2,0,0,0,0,18,294,0,54,2
19-06 02:13:27,24.333,5.519,66.728,1.505,0,5558792,120156,171300,2157692,6893.522,1625.547,0,2829.655,0,308.051,8244,11918,1.010,0.980,0.960,3,0,6.021,0,0,18,291,0,56,2
19-06 02:13:28,5.193,0.742,89.269,2.226,0,5558752,120156,171300,2157732,10108.885,2564.808,0,8083.152,0,507.423,3676,5488,1.010,0.980,0.960,3,0,0,0,0,18,294,0,54,2
19-06 02:13:29,6.522,1.756,89.797,1.003,0.251,5558708,120156,171300,2157776,14903.342,2528.371,0,1428.730,0,153.508,2846,3773,1.010,0.980,0.960,1,0,0,0,0,18,293,0,54,2
19-06 02:13:30,12.023,2.505,82.407,1.503,0.250,5558860,119904,171300,2157876,12411.599,1924.660,0,1655.147,0,188.358,4500,5936,0.920,0.960,0.960,1,0,1.002,0,0,18,293,0,54,2
19-06 02:13:31,7.253,1.751,87.540,0.750,0.500,5558684,119904,171300,2158052,17926.112,3487.578,0,1288.583,0,126.057,3081,4011,0.920,0.960,0.960,2,0,0,0,0,18,293,0,55,2
19-06 02:13:32,8.529,2.258,87.292,1.254,0,5558688,119904,171300,2158080,5039.870,1695.676,0,1400.689,0,165.554,3895,5808,0.920,0.960,0.960,7,0,0,0,0,18,294,0,51,2
19-06 02:13:33,25.853,5.220,63.390,3.480,0,5558528,119680,171300,2158464,13899.003,1718.234,0,9533.813,0,604.564,9554,14168,0.920,0.960,0.960,3,0,0,0,0,18,294,0,51,2
19-06 02:13:34,27.967,7.811,60.721,1.260,0,5555232,146964,171292,2134784,10712.168,1632.676,0,2946.879,0,285.214,9491,23386,0.920,0.960,0.960,2,0,36.282,0,0,18,294,0,53,2
19-06 02:13:35,17.635,3.974,74.267,2.981,0,5555936,145984,171292,2135060,7153.517,2608.053,15.897,6938.911,0.994,534.527,7169,10178,1.010,0.980,0.960,2,0,0,0,0,18,293,0,59,2
19-06 02:13:36,6.262,1.503,90.670,0.751,0,5555912,145984,171292,2135084,10344.351,1924.600,0,2693.038,0,128.240,2301,3018,1.010,0.980,0.960,2,0,0,0,0,18,293,0,58,2
19-06 02:13:37,9.260,2.002,85.096,1.502,0.250,5555952,145732,171292,2135296,15476.373,3026.397,0,1597.794,0,171.192,3683,5039,1.010,0.980,0.960,2,0,0,0,0,18,294,0,58,2
19-06 02:13:38,24.817,5.765,65.425,2.256,0,5555588,145732,171292,2135660,9544.588,1624.355,0,3621.709,0,433.161,9401,14452,1.010,0.980,0.960,2,0,0,0,0,18,294,0,61,2
19-06 02:13:39,25.255,4.501,64.763,3.001,0.250,5555260,145732,171292,2135988,7948.628,1620.332,0,5581.143,0,438.090,9497,14159,1.010,0.980,0.960,2,0,1.000,0,0,18,294,0,61,2
19-06 02:13:40,23.833,5.462,67.030,2.234,0.248,5555712,144976,171292,2136292,6389.170,2529.253,31.777,3487.529,0.993,351.533,8387,12496,1.250,1.030,0.980,2,0,0.993,0,0,18,293,0,58,2
19-06 02:13:41,7.306,2.519,87.166,1.512,0.252,5555940,144724,171292,2136316,11714.487,1698.979,0,3115.802,0,257.971,3561,4929,1.250,1.030,0.980,3,0,0,0,0,18,294,0,58,2
19-06 02:13:42,4.208,1.238,90.104,1.980,0,5555888,144724,171292,2136368,14751.286,2993.230,0,6063.692,0,395.071,3229,4528,1.250,1.030,0.980,1,0,0,0,0,18,293,0,58,2
19-06 02:13:43,9.541,2.009,85.620,1.507,0.251,5555820,144724,171292,2136436,13481.301,3501.141,0,6238.981,0,422.829,3761,4670,1.250,1.030,0.980,1,0,0,0,0,18,293,0,58,2
19-06 02:13:44,19.535,3.005,74.632,1.002,0,5556272,143968,171292,2136740,8783.579,1502.665,0,1771.141,0,169.300,4983,6550,1.250,1.030,0.980,4,1,0,0,0,18,293,0,58,2
19-06 02:13:45,24.262,5.253,65.281,3.001,0,5555920,143716,171292,2137344,7519.612,1620.778,0,3709.782,0,424.204,9397,13815,1.230,1.030,0.980,3,0,0,0,0,18,294,0,52,2
19-06 02:13:46,23.497,4.999,66.990,2.250,0,5555876,142708,171292,2138396,9155.695,1619.769,0,3831.454,0,326.953,8841,12590,1.230,1.030,0.980,2,0,0,0,0,18,294,0,55,2
19-06 02:13:47,23.930,4.985,67.055,1.994,0.249,5556284,141952,171292,2138744,6805.161,1681.099,0,2911.512,0,307.105,8373,12033,1.230,1.030,0.980,2,0,0,0,0,18,293,0,57,3
19-06 02:13:48,25.155,5.031,65.907,3.270,0,5556220,141448,171292,2139312,4962.663,1630.072,32.199,7087.794,1.006,603.730,9531,14301,1.230,1.030,0.980,2,0,0,0,0,18,294,0,58,2
19-06 02:13:49,25.154,4.483,67.741,0.996,0,5557208,140188,171292,2139584,9980.889,1591.921,0,2789.349,0,215.178,7229,10542,1.230,1.030,0.980,3,0,0,0,0,18,294,0,56,2
19-06 02:13:50,24.988,5.248,64.470,2.749,0.250,5557328,139684,171292,2139968,8986.826,1619.248,0,3738.264,0,479.777,9439,14411,1.370,1.060,0.990,3,0,1.000,0,0,18,294,0,56,2
19-06 02:13:51,24.217,4.744,68.406,1.248,0,5558468,138424,171292,2140088,10517.595,1617.784,0,2632.395,0,201.724,7738,10644,1.370,1.060,0.990,3,0,0,0,0,18,295,0,58,2
19-06 02:13:52,24.273,5.505,66.313,2.252,0.250,5558492,137920,171292,2140568,6124.797,1621.535,0,3211.039,0,365.346,8901,13331,1.370,1.060,0.990,3,0,0,0,0,18,294,0,59,2
19-06 02:13:53,24.733,5.496,64.705,3.248,0.250,5559664,136420,171292,2140880,15896.987,3062.878,0,9861.168,0,714.505,10174,15121,1.370,1.060,0.990,2,0,0,0,0,18,294,0,57,2
19-06 02:13:54,18.487,3.248,75.197,1.999,0,5560352,135440,171292,2141172,10694.449,2415.295,0,8789.794,0,477.663,6209,8526,1.370,1.060,0.990,3,0,0,0,0,18,293,0,59,2
19-06 02:13:55,10.738,2.747,84.407,0.749,0,5560156,135440,171292,2141368,8253.930,2554.193,0,1374.490,0,132.854,3224,4342,1.260,1.040,0.990,1,0,0,0,0,18,293,0,60,2
19-06 02:13:56,5.532,1.257,91.026,0.754,0,5560140,135440,171292,2141384,8790.823,1695.804,0,1126.513,0,110.640,2262,2951,1.260,1.040,0.990,2,0,0,0,0,18,294,0,60,2
19-06 02:13:57,7.203,1.987,88.176,0.994,0.248,5560308,135188,171292,2141468,10773.871,2564.308,0,1673.109,0,181.817,2920,4380,1.260,1.040,0.990,1,0,0,0,0,18,293,0,57,2
19-06 02:13:58,12.031,2.506,83.214,1.253,0,5560600,134684,171292,2141680,10378.692,2513.464,0,1692.352,0,202.521,4006,5738,1.260,1.040,0.990,3,0,0,0,0,18,293,0,58,2
19-06 02:13:59,12.242,1.999,82.693,1.249,0,5561260,133928,171292,2141776,23318.966,6879.270,0,1790.769,0,197.864,3957,5368,1.260,1.040,0.990,1,0,1.999,0,0,18,294,0,58,2
19-06 02:14:00,8.494,1.999,86.443,0.999,0.500,5561720,133424,171292,2141820,13838.916,2991.037,0,2026.670,0,207.864,3846,5275,1.240,1.040,0.990,2,0,0.999,0,0,18,294,0,58,2
19-06 02:14:01,6.753,2.001,87.294,2.251,0.250,5561552,133424,171292,2141988,13960.989,2643.323,0,6359.183,0,407.204,3353,4791,1.240,1.040,0.990,4,0,0,0,0,18,294,0,56,2
19-06 02:14:02,5.754,1.751,89.817,0.751,0,5561512,133424,171292,2142028,16489.279,3091.302,0,1088.811,0,114.085,2665,3883,1.240,1.040,0.990,2,0,0,0,0,18,295,0,56,2
19-06 02:14:03,26.018,4.753,65.044,2.502,0,5561388,133172,171292,2142404,4372.983,1458.995,32.022,3210.190,1.001,437.298,9297,14120,1.240,1.040,0.990,2,0,0,0,0,18,295,0,56,2
19-06 02:14:04,25.730,4.746,65.450,1.749,0,5562336,131912,171292,2142716,6857.717,1618.753,0,3813.063,0,353.728,9069,13751,1.240,1.040,0.990,2,1,0,0,0,18,295,0,58,2
19-06 02:14:05,24.736,4.498,67.963,1.499,0,5563268,130652,171292,2143048,9363.864,1619.112,0,2558.597,0,230.873,8212,11848,1.220,1.040,0.990,3,0,0,0,0,18,295,0,56,2
19-06 02:14:06,24.748,4.750,66.245,1.750,0.250,5563688,129896,171292,2143384,9041.301,1619.875,0,3243.749,0,368.971,8737,12726,1.220,1.040,0.990,2,0,0,0,0,18,295,0,57,2
19-06 02:14:07,7.489,2.496,84.878,2.996,0.250,5563628,129896,171292,2143452,11246.804,2576.290,0,8539.703,0,563.189,4442,6297,1.220,1.040,0.990,1,0,0,0,0,18,294,0,58,2
19-06 02:14:08,7.006,1.251,89.072,1.501,0,5563448,129896,171292,2143632,8915.213,2412.952,0,3074.487,0,250.202,3183,4425,1.220,1.040,0.990,1,0,0,0,0,18,294,0,58,2
19-06 02:14:09,13.008,3.252,80.302,1.751,0,5563840,129392,171292,2143744,11518.404,2084.340,0,6664.284,0,464.298,5180,6568,1.220,1.040,0.990,1,0,0,0,0,18,294,0,59,2
19-06 02:14:10,7.992,1.748,87.416,0.999,0.500,5563800,129392,171292,2143784,8545.791,2427.668,0,1406.649,0,152.853,3203,4782,1.120,1.020,0.980,1,0,0.999,0,0,18,294,0,59,2
19-06 02:14:11,5.777,1.507,89.921,1.005,0,5563792,129392,171292,2143792,11527.926,2783.019,0,1044.888,0,91.428,2694,3774,1.120,1.020,0.980,2,0,0,0,0,18,295,0,59,2
19-06 02:14:12,25.657,5.231,65.511,1.744,0,5566188,126620,171292,2144168,9069.971,1614.122,0,3044.912,0,334.781,9106,13277,1.120,1.020,0.980,2,0,0,0,0,18,295,0,59,2
19-06 02:14:13,26.031,4.756,65.579,2.253,0.250,5566488,125864,171292,2144624,7526.066,1459.758,0,3724.486,0,373.450,8837,13167,1.120,1.020,0.980,2,0,0,0,0,18,295,0,58,2
19-06 02:14:14,22.955,4.990,66.869,2.495,0,5567244,124856,171292,2144876,6922.431,2505.090,0,6591.081,0,516.987,8203,11803,1.120,1.020,0.980,2,0,0.998,0,0,18,294,0,60,2
19-06 02:14:15,6.542,1.258,89.822,1.006,0,5567160,124856,171292,2144960,10153.712,1763.238,0,3449.988,0,172.097,2779,3661,1.030,1.010,0.980,3,0,0,0,0,18,295,0,61,2
19-06 02:14:16,5.499,1.250,90.987,0.750,0.250,5567360,124616,171292,2145000,14201.958,3485.499,0,1115.840,0,104.985,2514,3565,1.030,1.010,0.980,1,0,1.000,0,0,18,294,0,61,2
19-06 02:14:17,24.881,5.723,64.938,2.488,0,5570252,121364,171292,2145360,9159.063,1612.266,0,3367.844,0,435.909,9230,14192,1.030,1.010,0.980,2,0,1.990,0,0,18,295,0,59,2
19-06 02:14:18,27.618,4.770,64.776,1.757,0.251,5570716,120608,171292,2145652,6940.568,1626.931,0,3482.837,0,344.467,8391,11755,1.030,1.010,0.980,6,0,2.009,0,0,18,293,0,64,2
19-06 02:14:19,6.701,0.993,88.605,1.241,0.248,5570648,120608,171292,2145720,8028.574,2557.389,0,2561.360,0,199.548,2930,4365,1.030,1.010,0.980,1,0,2.978,0,0,18,294,0,64,2
19-06 02:14:20,6.759,2.003,88.865,1.252,0,5571100,120104,171292,2145772,11965.518,2507.252,0,2070.685,0,212.275,3450,4772,0.950,0.990,0.970,1,0,1.001,0,0,18,294,0,65,2
19-06 02:14:21,6.254,1.251,90.060,0.750,0,5570924,120104,171292,2145948,11081.379,2341.559,0,1316.877,0,133.089,2642,3741,0.950,0.990,0.970,1,0,0,0,0,18,294,0,58,2
19-06 02:14:22,8.000,1.750,87.000,1.500,0,5570856,120104,171292,2146016,8208.044,2943.016,0,2128.012,0,235.001,3454,5093,0.950,0.990,0.970,3,0,0,0,0,18,294,0,59,2
19-06 02:14:23,6.993,1.998,86.419,2.498,0.500,5571068,119852,171292,2146056,22233.137,4487.789,0,6158.221,0,410.615,3991,5413,0.950,0.990,0.970,1,0,0.999,0,0,18,294,0,59,2
19-06 02:14:24,11.279,2.757,82.965,1.504,0,5571560,119124,171292,2146292,8627.323,2583.685,0,5947.388,0,409.058,3851,4537,0.950,0.990,0.970,1,0,0,0,0,18,294,0,60,2
19-06 02:14:25,6.253,1.751,90.041,0.750,0,5571796,118872,171292,2146308,11778.311,2570.159,0,1908.861,0,139.063,2824,3858,0.870,0.970,0.970,2,0,0,0,0,18,294,0,57,2
19-06 02:14:26,2.257,0.752,95.282,0.501,0,5571736,118872,171292,2146368,8867.220,1462.324,0,974.883,0,68.202,1689,2308,0.870,0.970,0.970,2,0,0,0,0,18,294,0,57,2
19-06 02:14:27,10.695,4.228,82.327,0.995,0,5566180,145052,171292,2125968,6602.067,2460.354,0,1870.387,0,218.875,3830,5258,0.870,0.970,0.970,1,0,5.969,0,0,18,294,0,60,2
19-06 02:14:28,7.493,1.748,86.917,0.749,0,5564564,146620,171292,2126016,37310.467,5376.879,0,1406.660,0,134.872,3112,3690,0.870,0.970,0.970,1,0,0,0,0,18,294,0,60,2
19-06 02:14:29,2.749,1.000,95.208,0.500,0.250,5564556,146620,171292,2126024,11819.837,2036.111,0,619.729,0,33.985,1335,1669,0.870,0.970,0.970,1,0,0,0,0,18,294,0,60,2
19-06 02:14:30,6.806,1.260,90.496,1.008,0.504,5564528,146620,171292,2126052,18387.548,4985.086,0,1197.873,0,126.039,2700,3741,0.800,0.960,0.960,1,0,1.008,0,0,18,294,0,56,2
19-06 02:14:31,2.485,1.242,94.670,0.497,0.248,5564744,146396,171292,2126060,4870.149,1449.118,0,604.296,0,42.738,1335,1910,0.800,0.960,0.960,2,0,0,0,0,18,294,0,56,2
19-06 02:14:32,10.251,1.750,84.260,0.750,0,5564832,146156,171292,2126196,22443.790,4931.613,0,1616.201,0,185.023,3909,5322,0.800,0.960,0.960,1,0,0,0,0,18,294,0,58,2
19-06 02:14:33,8.493,1.998,87.431,0.500,0,5564984,145932,171292,2126268,9118.801,1684.670,0,1187.063,0,107.915,3309,4651,0.800,0.960,0.960,4,0,0,0,0,18,296,0,58,2
19-06 02:14:34,28.156,8.045,58.324,3.771,0,5561012,174524,171292,2102180,5734.862,1629.051,12.067,8483.131,3.017,658.659,10157,25686,0.800,0.960,0.960,2,0,36.201,0,0,18,295,0,60,2
19-06 02:14:35,7.204,1.490,87.686,1.490,0,5560816,174524,171292,2102376,9378.691,2559.541,0,2086.582,0,211.639,3316,4854,0.740,0.940,0.960,1,0,0,0,0,18,294,0,62,2
19-06 02:14:36,14.527,2.755,79.897,1.503,0.250,5560664,174524,171292,2102528,17528.271,3492.430,16.030,2496.596,1.002,251.463,5272,7370,0.740,0.940,0.960,2,0,0,0,0,18,294,0,62,2
19-06 02:14:37,12.323,3.018,81.736,1.257,0.251,5560704,174284,171292,2102728,9704.753,1629.698,0,2382.176,0,204.215,4964,7300,0.740,0.940,0.960,3,0,1.006,0,0,18,295,0,62,2
19-06 02:14:38,24.667,4.983,66.774,1.495,0,5561536,173024,171292,2103156,7939.159,1680.319,0,2961.986,0,294.006,8762,12919,0.740,0.940,0.960,2,0,0,0,0,18,295,0,51,2
19-06 02:14:39,18.940,3.987,74.513,1.495,0.249,5561516,172772,171292,2103428,10142.691,2472.125,0,2611.681,0,277.117,6300,9365,0.740,0.940,0.960,1,0,0,0,0,18,294,0,52,2
19-06 02:14:40,11.798,2.761,81.581,2.761,0.251,5561784,172448,171292,2103484,9663.236,1626.605,16.065,7494.430,1.004,645.621,5394,6898,0.680,0.930,0.950,1,0,1.004,0,0,18,295,0,53,2
19-06 02:14:41,9.959,2.739,80.417,3.984,0,5561480,172448,171292,2103788,15917.081,3405.895,0,8309.587,0,613.459,5593,7673,0.680,0.930,0.950,1,0,0,0,0,18,294,0,53,2
19-06 02:14:42,8.284,2.510,87.613,0.753,0,5561668,172196,171292,2103852,10138.039,1771.345,0,996.131,0,101.421,2803,3718,0.680,0.930,0.950,3,0,0,0,0,18,294,0,53,2
19-06 02:14:43,5.729,1.495,90.422,0.747,0,5561608,172196,171292,2103912,6533.270,2566.677,0,876.815,0,95.653,2434,3513,0.680,0.930,0.950,3,0,0,0,0,18,295,0,53,2
19-06 02:14:44,9.963,1.494,85.684,0.747,0.249,5561460,172196,171292,2104060,18360.346,3353.643,0,1243.418,0,144.468,3672,4930,0.680,0.930,0.950,1,0,0,0,0,18,294,0,54,2
19-06 02:14:45,19.384,4.028,73.509,1.762,0,5561444,171944,171296,2104324,7229.054,1631.295,0,2034.084,0,226.569,7084,10524,0.700,0.930,0.950,2,0,1.007,0,0,18,295,0,54,2
19-06 02:14:46,25.649,5.229,64.496,2.988,0.249,5561148,171692,171296,2104872,10195.882,1613.651,0,4673.610,0,533.899,9376,14660,0.700,0.930,0.950,2,0,0,0,0,18,295,0,53,2
19-06 02:14:47,23.950,5.239,65.862,1.996,0,5562368,170180,171296,2105164,8724.740,1616.617,0,7552.194,0,530.889,9262,13675,0.700,0.930,0.950,2,0,0,0,0,18,295,0,54,2
19-06 02:14:48,14.487,3.247,78.429,1.748,0.500,5563108,169172,171296,2105432,9797.086,2578.654,0,1890.280,0,206.812,4960,7462,0.700,0.930,0.950,1,0,0.999,0,0,18,294,0,55,2
19-06 02:14:49,9.778,2.256,86.247,0.752,0,5563032,169172,171296,2105508,7339.994,1624.647,0,1853.301,0,172.493,3663,5071,0.700,0.930,0.950,2,0,0,0,0,18,295,0,55,2
19-06 02:14:50,11.762,2.753,81.586,2.002,0.250,5563160,168948,171296,2105604,12345.980,3327.498,0,2430.555,0,279.294,4802,6798,0.730,0.930,0.950,1,0,2.002,0,0,18,294,0,51,2
19-06 02:14:51,11.751,3.000,83.008,0.750,0,5563460,168444,171296,2105808,9883.968,2515.246,0,1620.159,0,155.015,3604,4686,0.730,0.930,0.950,2,0,1.000,0,0,18,294,0,54,2
19-06 02:14:52,7.496,1.499,88.707,0.750,0.250,5563408,168444,171296,2105860,9104.590,1685.184,0,1263.388,0,110.946,2782,3728,0.730,0.930,0.950,2,1,0,0,0,18,295,0,54,2
19-06 02:14:53,6.747,1.499,89.215,0.750,0,5563336,168444,171296,2105932,19086.458,4953.043,0,1531.395,0,149.941,3050,4073,0.730,0.930,0.950,1,0,0,0,0,18,294,0,54,2
19-06 02:14:54,23.648,5.031,66.667,2.013,0.252,5563288,168192,171296,2106232,11520.006,1714.718,0,3006.794,0,378.365,8559,12575,0.730,0.930,0.950,2,0,0,0,0,18,295,0,47,2
19-06 02:14:55,26.212,5.742,62.908,3.994,0,5563716,167184,171296,2106812,10629.539,1617.647,0,9997.458,0,801.834,10675,16179,0.750,0.930,0.950,2,0,0,0,0,18,295,0,47,2
19-06 02:14:56,23.286,5.508,67.603,1.252,0.250,5564608,165980,171296,2107124,9586.656,1460.232,0,9362.313,0,521.798,8411,11266,0.750,0.930,0.950,2,0,0,0,0,18,295,0,49,2
19-06 02:14:57,15.665,2.735,77.578,1.741,0,5564000,166488,171296,2107224,11194.153,2567.047,0,2005.101,0,234.724,5751,7930,0.750,0.930,0.950,1,0,0,0,0,18,294,0,50,2
19-06 02:14:58,9.498,2.499,85.729,1.500,0,5564176,166264,171296,2107272,6001.538,1619.605,0,2275.446,0,215.947,3770,5114,0.750,0.930,0.950,2,0,0,0,0,18,295,0,46,2
19-06 02:14:59,10.231,2.246,83.846,1.747,0.499,5564212,166012,171296,2107488,16116.397,3479.608,0,2080.179,0,239.560,4471,6129,0.750,0.930,0.950,1,0,1.996,0,0,18,294,0,46,2
19-06 02:15:00,11.754,2.751,80.525,2.501,0,5564528,165536,171296,2107648,9100.807,2514.776,16.005,5053.558,1.000,399.123,4956,6829,0.770,0.930,0.950,2,0,1.000,0,0,18,294,0,47,2
19-06 02:15:01,7.034,1.507,89.689,1.256,0.251,5566004,164032,171296,2107676,6626.401,1531.488,0,1969.631,0,138.678,2753,3681,0.770,0.930,0.950,2,0,3.015,0,0,18,295,0,47,2
19-06 02:15:02,5.483,1.246,89.468,0.748,0,5565112,164700,171296,2107900,16639.641,3475.065,0,1411.558,0,146.539,3142,4390,0.770,0.930,0.950,1,0,0,0,0,18,294,0,47,2
19-06 02:15:03,22.463,5.241,66.891,2.246,0.250,5565404,164224,171296,2108084,9020.313,1617.367,0,3047.039,0,368.400,8769,13451,0.770,0.930,0.950,3,0,0,0,0,18,295,0,47,2
19-06 02:15:04,26.104,5.271,63.753,3.263,0,5565096,163972,171296,2108644,11123.151,1626.456,32.128,5164.499,1.004,541.148,9500,15416,0.770,0.930,0.950,2,0,0,0,0,18,295,0,50,2
19-06 02:15:05,16.172,3.981,75.386,2.737,0,5565228,163720,171296,2108764,12602.175,2560.641,0,7197.262,0,535.416,5872,8989,0.790,0.930,0.950,2,0,0,0,0,18,294,0,52,2
19-06 02:15:06,10.022,2.004,84.686,1.002,0,5565532,163216,171296,2108964,8328.295,2577.662,0,1767.884,0,154.339,3403,4624,0.790,0.930,0.950,2,0,0,0,0,18,294,0,47,2
19-06 02:15:07,7.494,1.749,88.428,0.999,0.500,5565508,163216,171296,2108988,12483.859,2861.675,0,1167.052,0,99.919,2697,3670,0.790,0.930,0.950,1,0,0,0,0,18,294,0,47,2
19-06 02:15:08,5.746,1.499,91.181,0.500,0,5565716,162964,171296,2109032,17363.784,3152.600,0,1602.780,0,102.922,2463,3374,0.790,0.930,0.950,3,0,0,0,0,18,295,0,47,2
19-06 02:15:09,5.250,1.500,90.508,1.000,0.250,5565648,162964,171296,2109100,17005.536,3552.321,0,1428.129,0,141.013,2820,4007,0.790,0.930,0.950,1,0,0,0,0,18,294,0,47,2
19-06 02:15:10,24.042,5.009,67.619,2.504,0,5566056,162208,171296,2109448,7127.580,1622.864,0,3065.411,0,358.633,8682,13209,0.890,0.950,0.960,4,0,1.002,0,0,18,294,0,48,2
19-06 02:15:11,12.248,3.249,80.235,2.000,0.250,5567028,161004,171296,2109680,11194.897,2674.498,0,7886.518,0,603.887,5509,7295,0.890,0.950,0.960,2,0,0,0,0,18,294,0,46,2
19-06 02:15:12,9.468,1.744,86.206,0.997,0,5566976,161004,171296,2109732,17952.710,3474.139,0,2878.174,0,175.401,3284,4494,0.890,0.950,0.960,1,0,0,0,0,18,294,0,46,2
19-06 02:15:13,12.363,3.280,79.476,3.028,0,5567180,160752,171296,2109780,7795.247,1634.943,0,7133.196,0,509.658,5699,8741,0.890,0.950,0.960,3,0,0,0,0,18,295,0,46,2
19-06 02:15:14,24.105,4.473,67.593,1.740,0,5568060,159492,171296,2110160,7695.624,2489.001,0,2954.197,0,326.035,8011,11936,0.890,0.950,0.960,1,0,0,0,0,18,294,0,49,2
19-06 02:15:15,5.767,1.755,90.010,1.003,0,5568020,159492,171296,2110200,10768.083,1528.412,0,2214.392,0,149.431,2372,3115,0.820,0.930,0.950,3,1,0,0,0,18,294,0,47,2
19-06 02:15:16,11.284,3.511,81.746,1.003,0.752,5571160,156240,171296,2110312,11874.708,2578.754,0,2086.274,0,209.630,4446,6148,0.820,0.930,0.950,3,0,2.006,0,0,18,294,0,49,2
19-06 02:15:17,9.929,2.234,85.641,1.241,0,5572096,155244,171296,2110372,16374.610,3461.397,0,1501.329,0,152.913,3762,4882,0.820,0.930,0.950,1,0,1.986,0,0,18,294,0,50,2
19-06 02:15:18,14.742,2.499,78.707,0.999,0.250,5571948,155244,171296,2110520,14636.047,3484.107,0,1631.114,0,167.909,4962,6631,0.820,0.930,0.950,1,0,1.999,0,0,18,294,0,50,2
19-06 02:15:19,9.995,2.249,85.961,1.000,0,5572244,154740,171296,2110728,10994.995,2502.861,0,1547.296,0,156.929,3339,4737,0.820,0.930,0.950,1,0,0,0,0,18,294,0,48,2
19-06 02:15:20,8.786,2.761,84.094,2.761,0,5573196,153732,171296,2110784,10337.334,1692.933,0,6145.166,0,435.785,3979,5428,0.750,0.920,0.950,2,1,1.004,0,0,18,297,0,48,2
19-06 02:15:21,5.990,0.998,90.093,0.499,0,5573024,153732,171296,2110956,12045.973,3743.466,0,1225.860,0,100.824,2498,3569,0.750,0.920,0.950,1,0,0,0,0,18,296,0,49,2
19-06 02:15:22,4.002,1.251,93.547,0.500,0,5573016,153732,171296,2110964,7009.517,2038.022,0,840.422,0,74.037,1773,2535,0.750,0.920,0.950,1,0,0,0,0,18,296,0,49,2
19-06 02:15:23,15.738,2.498,78.189,1.499,0.500,5573140,153228,171296,2111344,18322.751,4034.862,0,1806.595,0,208.838,4916,6593,0.750,0.920,0.950,1,0,0,0,0,18,296,0,49,2
19-06 02:15:24,8.988,1.748,87.136,0.999,0,5573080,153228,171296,2111404,14602.846,3481.433,0,1450.098,0,150.802,3174,4326,0.750,0.920,0.950,1,0,0,0,0,18,296,0,50,2
19-06 02:15:25,7.006,1.501,89.324,0.751,0,5573048,153228,171296,2111436,12207.103,2042.691,0,1116.924,0,104.086,2766,3551,0.690,0.900,0.940,1,1,0,0,0,18,296,0,50,2
19-06 02:15:26,5.000,1.750,91.254,0.500,0.250,5573012,153228,171296,2111472,12862.550,2969.127,0,1160.050,0,115.005,2431,3436,0.690,0.900,0.940,4,0,0,0,0,18,297,0,50,2
19-06 02:15:27,4.518,1.004,92.868,0.502,0,5573744,152476,171296,2111492,14653.127,3291.055,0,815.234,0,61.243,1940,2652,0.690,0.900,0.940,1,0,6.024,0,0,18,296,0,46,2
19-06 02:15:28,4.723,2.237,90.238,1.243,0.249,5573584,152476,171296,2111652,14178.625,3071.588,0,1372.221,0,159.098,2600,3421,0.690,0.900,0.940,1,0,0,0,0,18,296,0,46,2
19-06 02:15:29,23.831,5.017,68.484,1.505,0.251,5573624,152224,171296,2111864,5407.481,1625.555,0,2512.587,0,303.036,7796,11588,0.690,0.900,0.940,2,0,0,0,0,18,297,0,46,2
19-06 02:15:30,25.744,4.999,63.986,3.749,0,5574140,151216,171296,2112340,11247.565,1619.649,0,9377.970,0,696.849,9851,15356,0.710,0.910,0.940,2,0,1.000,0,0,18,297,0,48,2
19-06 02:15:31,18.997,4.999,72.740,1.250,0.250,5574752,150460,171296,2112484,11490.447,2574.652,0,2319.687,0,265.964,6533,9217,0.710,0.910,0.940,1,0,0,0,0,18,296,0,49,2
19-06 02:15:32,10.741,2.248,82.681,1.749,0,5575024,149956,171296,2112716,5305.575,2548.874,0,7441.793,0,527.560,4166,5031,0.710,0.910,0.940,1,0,0,0,0,18,296,0,51,2
19-06 02:15:33,8.304,3.523,85.556,0.755,0,5618132,132896,171296,2087244,10671.327,1533.966,0,2536.478,0,134.876,3221,4295,0.710,0.910,0.940,2,0,0,0,0,18,297,0,51,2
19-06 02:15:34,13.424,5.220,78.556,1.492,0,5625760,145236,171296,2067588,10820.804,2560.519,0,2259.223,0,208.819,4506,13866,0.710,0.910,0.940,1,0,35.798,0,0,18,296,0,53,2
19-06 02:15:35,21.618,2.765,72.899,1.508,0,5628416,142312,171296,2067856,13945.359,1628.919,4.022,4898.824,1.006,287.575,4602,4990,0.740,0.910,0.940,3,0,0,0,0,18,297,0,46,2
19-06 02:15:36,18.873,2.483,75.989,0.993,0.248,5632148,138280,171296,2068156,16029.311,3462.737,0,1267.485,0,129.132,4492,5385,0.740,0.910,0.940,2,0,0,0,0,18,296,0,47,2
19-06 02:15:37,6.745,1.749,89.430,0.999,0.500,5632088,138280,171296,2068216,13967.062,3417.324,0,1195.064,0,113.911,2786,3844,0.740,0.910,0.940,1,0,0,0,0,18,296,0,47,2
19-06 02:15:38,6.792,1.006,89.548,0.755,0,5632044,138280,171296,2068260,11702.646,2162.238,0,1175.195,0,117.721,2744,3718,0.740,0.910,0.940,2,0,0,0,0,18,296,0,50,2
19-06 02:15:39,5.481,1.495,91.686,0,0.249,5632276,138028,171296,2068280,13240.605,2982.774,0,1068.337,0,47.836,2133,2890,0.740,0.910,0.940,2,0,0,0,0,18,297,0,48,2
19-06 02:15:40,25.253,5.501,65.008,2.000,0,5632412,137552,171296,2068620,7066.860,1620.197,16.002,2612.318,1.000,341.041,8598,12624,0.920,0.940,0.960,2,0,1.000,0,0,18,297,0,48,2
19-06 02:15:41,12.964,2.992,80.779,1.496,0,5632316,137552,171296,2068716,10350.622,2567.960,0,2824.257,0,268.265,4803,6743,0.920,0.940,0.960,1,0,0,0,0,18,296,0,50,2
19-06 02:15:42,15.999,2.500,78.998,0.750,0,5632156,137552,171296,2068876,5915.814,1619.949,47.998,1459.954,3.000,90.997,4658,6298,0.920,0.940,0.960,3,0,0,0,0,18,300,0,53,2
19-06 02:15:43,25.358,4.268,67.285,1.757,0,5632844,136304,171296,2069420,9776.471,1669.080,128.545,2345.951,8.034,222.946,8034,11228,0.920,0.940,0.960,2,0,2.009,0,0,18,302,0,69,2
19-06 02:15:44,26.029,4.004,67.825,1.001,0.250,5634004,134792,171296,2069772,9269.248,1621.793,0,1970.178,0,165.183,7403,10115,0.920,0.940,0.960,2,0,1.001,0,0,18,300,0,89,2
19-06 02:15:45,9.215,1.993,86.426,0.747,0.249,5633776,134792,171296,2070000,13470.460,3472.970,0,1837.107,0,178.331,3776,5392,0.850,0.930,0.950,3,0,0,0,0,18,299,0,90,2
19-06 02:15:46,20.986,4.247,69.954,2.498,0.250,5634112,134288,171296,2070168,9637.618,1457.035,0,6887.439,0,531.648,7902,12027,0.850,0.930,0.950,4,0,0.999,0,0,18,299,0,91,2
19-06 02:15:47,20.472,4.244,71.152,2.746,0,5634312,133812,171296,2070444,8844.799,2579.442,0,8356.472,0,605.165,7398,9621,0.850,0.930,0.950,1,0,0,0,0,18,299,0,89,2
19-06 02:15:48,6.747,1.499,88.216,1.499,0,5634124,133812,171296,2070632,9979.187,2509.041,0,3338.724,0,206.921,3189,4436,0.850,0.930,0.950,2,0,0,0,0,18,299,0,89,2
19-06 02:15:49,5.035,1.259,90.891,1.259,0.252,5634124,133812,171296,2070632,7576.406,2462.357,0,1571.074,0,138.980,2317,3242,0.850,0.930,0.950,1,0,0,0,0,18,299,0,89,2
19-06 02:15:50,3.727,1.491,92.189,0.745,0,5634324,133564,171296,2070680,10416.610,1675.802,0,1463.096,0,124.244,2457,3502,0.780,0.910,0.940,3,0,0.994,0,0,18,300,0,89,2
19-06 02:15:51,5.506,1.001,90.845,1.251,0,5634272,133564,171296,2070732,9995.429,2512.622,0,1693.767,0,168.175,2676,3836,0.780,0.910,0.940,1,0,0,0,0,18,299,0,90,2
19-06 02:15:52,20.750,3.500,74.001,0.500,0,5633880,132304,171296,2072384,7063.080,1921.022,0,1284.014,0,116.001,4353,5346,0.780,0.910,0.940,2,0,0,0,0,18,299,0,88,2
19-06 02:15:53,6.990,1.997,88.627,0.999,0.250,5633852,132304,171296,2072412,14060.472,3481.165,0,1294.203,0,126.824,2876,3786,0.780,0.910,0.940,1,0,0,0,0,18,299,0,88,2
19-06 02:15:54,4.752,1.250,91.284,0.750,0.250,5634056,132052,171296,2072460,13014.895,2125.799,0,984.370,0,84.032,2170,2741,0.780,0.910,0.940,2,0,0,0,0,18,299,0,88,2
19-06 02:15:55,3.271,1.006,94.593,0.503,0.503,5633784,132052,171296,2072732,13600.300,1696.641,0,833.226,0,72.454,1871,2420,0.720,0.900,0.940,3,0,0,0,0,18,300,0,88,2
19-06 02:15:56,6.951,1.986,87.378,2.234,0,5633736,132052,171296,2072780,18607.597,3461.370,0,6243.574,0,436.891,4076,5440,0.720,0.900,0.940,1,0,0,0,0,18,299,0,88,2
19-06 02:15:57,24.190,4.284,68.789,2.016,0,5633584,131800,171296,2073184,8916.881,1632.796,0,2322.199,0,283.220,7775,11354,0.720,0.900,0.940,2,0,0,0,0,18,300,0,88,2
19-06 02:15:58,21.042,3.713,72.039,1.238,0,5634024,131044,171296,2073500,9937.872,2401.289,0,2043.819,0,228.741,5994,8328,0.720,0.900,0.940,1,0,0,0,0,18,299,0,89,2
19-06 02:15:59,6.262,1.503,89.420,1.252,0,5633988,131044,171296,2073536,10806.576,2519.798,0,2560.876,0,210.401,3069,3952,0.720,0.900,0.940,3,0,2.004,0,0,18,299,0,89,2
19-06 02:16:00,5.999,2.000,89.985,0.500,0,5632440,132552,171296,2073576,6300.933,2082.647,0,1359.770,0,113.981,2731,3927,0.740,0.900,0.940,2,0,1.000,0,0,18,299,0,86,2
19-06 02:16:01,3.775,1.007,93.615,0.755,0,5632388,132552,171296,2073628,5276.637,1630.704,0,1405.224,0,116.766,2076,2910,0.740,0.900,0.940,2,0,0,0,0,18,300,0,86,2
19-06 02:16:02,6.964,1.492,88.794,0.746,0.249,5632468,132300,171296,2073800,16680.280,3468.177,0,1544.065,0,158.187,3187,4290,0.740,0.900,0.940,1,0,0,0,0,18,299,0,86,2
19-06 02:16:03,24.008,4.001,65.521,4.001,0.500,5628580,136000,171296,2073988,7188.323,1620.524,0,11451.701,0,1007.326,8584,11749,0.740,0.900,0.940,3,0,0,0,0,18,299,0,87,2
19-06 02:16:04,10.228,2.994,85.818,0.249,0.249,5450644,313560,171308,2074352,12931.543,267881.223,331.297,1217.415,6.985,63.864,2251,2337,0.740,0.900,0.940,1,0,13.970,0,0,18,299,0,84,2
19-06 02:16:05,0.750,0.750,96.450,0.250,0,5450612,313592,171308,2074352,7416.141,1619.157,0,759.605,0,44.977,1164,1696,0.680,0.880,0.930,1,0,0,0,0,18,299,0,84,2
19-06 02:16:06,1.251,0.751,96.855,0.250,0,5450612,313592,171308,2074352,9765.537,1513.633,0,600.648,0,39.042,1073,1487,0.680,0.880,0.930,1,0,0,0,0,18,299,0,84,2
19-06 02:16:07,1.252,0.501,96.675,0.501,0,5450852,313352,171308,2074352,7073.838,1568.847,0,1663.018,0,103.187,1247,1790,0.680,0.880,0.930,1,0,0,0,0,18,299,0,84,2
19-06 02:16:08,1.750,0.750,96.777,0.250,0,5451076,313128,171308,2074352,7250.016,1620.451,0,932.259,0,172.048,1298,1433,0.680,0.880,0.930,1,0,0,0,0,18,299,0,80,2
19-06 02:16:09,1.000,0.750,96.753,0,0.500,5451328,312876,171308,2074352,13722.376,1686.046,0,736.020,0,8.000,1115,1463,0.680,0.880,0.930,1,0,0,0,0,18,299,0,80,2
19-06 02:16:10,2.496,0.749,95.109,0.999,0,5451328,312876,171308,2074352,13128.469,1683.496,0,507.245,0,53.920,1793,2550,0.620,0.870,0.930,1,0,0.999,0,0,18,299,0,80,2
19-06 02:16:11,0.749,0.749,96.666,0,0,5451576,312624,171308,2074356,7411.569,1618.596,0,175.847,0,10.990,983,1380,0.620,0.870,0.930,1,0,0,0,0,18,299,0,80,2
19-06 02:16:12,2.251,1.000,96.276,0.250,0,5451576,312624,171308,2074356,11058.993,1512.409,0,276.075,0,27.007,1275,1715,0.620,0.870,0.930,2,0,0,0,0,18,299,0,77,2
19-06 02:16:13,2.504,1.002,94.167,0.751,0.250,5451560,312624,171308,2074372,9015.981,1568.781,0,629.115,0,75.133,1838,2658,0.620,0.870,0.930,1,0,0,0,0,18,299,0,77,2
19-06 02:16:14,1.250,1.000,96.713,0.250,0,5452004,312176,171308,2074376,9584.285,1619.372,0,367.857,0,30.988,1212,1594,0.620,0.870,0.930,1,0,0,0,0,18,299,0,77,2
19-06 02:16:15,1.750,1.250,95.975,0,0.500,5451964,312176,171308,2074416,6064.433,1619.582,0,31.992,0,3.999,1000,1382,0.570,0.850,0.920,1,0,0,0,0,18,299,0,77,2
19-06 02:16:16,2.013,1.258,95.601,0,0.252,5452956,311180,171308,2074420,5053.775,1630.250,0,0,0,0,1183,1711,0.570,0.850,0.920,2,0,2.013,0,0,18,299,0,72,2
19-06 02:16:17,3.224,0.744,94.982,0,0,5453180,310940,171308,2074436,9364.255,1672.472,0,142.845,0,17.856,1541,2131,0.570,0.850,0.920,2,0,1.984,0,0,18,299,0,72,2
19-06 02:16:18,3.748,1.499,92.704,0.250,0,5453164,310940,171308,2074452,8805.587,1511.243,0,367.816,0,37.981,1878,2558,0.570,0.850,0.920,1,0,1.999,0,0,18,299,0,72,2
19-06 02:16:19,1.252,0.751,96.895,0.250,0,5453160,310940,171308,2074456,4661.982,1568.349,0,292.438,0,19.028,1084,1524,0.570,0.850,0.920,1,0,0,0,0,18,299,0,72,2
19-06 02:16:20,2.006,1.254,94.801,0.502,0,5453404,310688,171308,2074464,8890.219,1625.159,0,577.834,0,58.185,1811,2585,0.610,0.860,0.920,1,0,1.003,0,0,18,299,0,67,2
19-06 02:16:21,1.498,0.250,97.113,0,0.250,5453404,310688,171308,2074464,7358.641,1617.723,0,187.736,0,10.985,1012,1401,0.610,0.860,0.920,1,0,0,0,0,18,299,0,67,2
19-06 02:16:22,1.748,0.749,96.404,0.250,0.250,5453268,310688,171308,2074600,9305.697,1618.382,0,107.892,0,12.987,1110,1504,0.610,0.860,0.920,1,0,0,0,0,18,299,0,67,2
19-06 02:16:23,2.249,1.500,93.973,0.250,0.250,5452416,311528,171308,2074612,15626.520,3154.096,0,1183.661,0,184.947,1942,2545,0.610,0.860,0.920,1,0,0,0,0,18,298,0,67,3
19-06 02:16:24,1.499,0.500,96.924,0,0.250,5452412,311528,171308,2074616,5307.865,1684.688,0,283.779,0,18.985,1026,1472,0.610,0.860,0.920,1,0,0,0,0,18,298,0,63,3
19-06 02:16:25,1.000,0.500,97.232,0,0,5452408,311528,171308,2074620,9222.255,1553.706,0,39.992,0,5.999,991,1383,0.560,0.840,0.920,1,0,0,0,0,18,298,0,63,3
19-06 02:16:26,0.750,0.500,97.528,0,0,5452408,311528,171308,2074620,8070.306,1566.448,0,0,0,0,964,1323,0.560,0.840,0.920,1,0,0,0,0,18,298,0,63,3
19-06 02:16:27,2.004,1.754,95.707,0.251,0.251,5452408,311528,171308,2074620,9070.657,1623.518,0,60.130,0,6.013,1160,1463,0.560,0.840,0.920,1,0,6.013,0,0,18,298,0,63,3
19-06 02:16:28,1.499,0.500,96.941,0,0,5452408,311528,171308,2074620,23188.910,1619.016,0,99.939,0,11.993,1192,1501,0.560,0.840,0.920,1,0,0,0,0,18,298,0,63,3
19-06 02:16:29,0.999,0.500,97.415,0,0.250,5452404,311528,171308,2074624,9809.466,1618.592,0,0,0,0,1029,1418,0.560,0.840,0.920,1,0,0,0,0,18,298,0,63,3
19-06 02:16:30,2.505,1.252,94.178,0.501,0,5452392,311528,171308,2074636,8739.538,1623.071,0,765.448,0,107.203,1879,2690,0.510,0.830,0.910,1,0,1.002,0,0,18,298,0,63,3
19-06 02:16:31,1.248,0.749,97.070,0,0,5452392,311528,171308,2074636,4874.935,1509.194,0,191.644,0,14.972,977,1430,0.510,0.830,0.910,1,0,0,0,0,18,298,0,63,3
19-06 02:16:32,1.499,0.250,96.436,0.250,0.250,5452392,311528,171308,2074636,9553.642,1564.958,0,111.926,0,15.989,1174,1808,0.510,0.830,0.910,1,0,0,0,0,18,298,0,58,3
19-06 02:16:33,2.255,1.253,94.951,1.002,0,5452392,311528,171308,2074636,14594.922,1623.440,0,517.096,0,55.117,1794,2771,0.510,0.830,0.910,1,0,0,0,0,18,298,0,58,3
19-06 02:16:34,4.004,2.252,92.095,0,0,5476660,287256,171308,2076928,9922.262,810.839,0,624.646,0,93.096,1633,5338,0.510,0.830,0.910,2,0,34.035,0,0,18,298,0,58,3
19-06 02:16:35,11.739,3.497,83.920,0,0.250,5462696,301184,171336,2074648,277042.910,3574.593,7.992,159.848,1.998,3.996,2741,11245,0.630,0.850,0.920,1,0,9.990,0,0,18,298,0,59,3
19-06 02:16:36,9.740,4.995,83.168,0,0.500,5463828,299928,171352,2074756,286204.561,9350.805,107.894,271.733,4.995,11.988,2793,2158,0.630,0.850,0.920,1,0,35.965,0,0,18,298,0,59,3
19-06 02:16:37,18.244,6.748,73.977,0.250,0,5480840,274856,171360,2082792,150211.812,1153.638,15.995,211.933,1.000,16.995,2712,2290,0.630,0.850,0.920,2,0,23.992,0,0,18,298,0,56,3
