"pcp-dstat 5.3.6 CSV Output"
"Author:","PCP team <pcp@groups.io> and Dag Wieers <dag@wieers.com>",,,,"URL:","https://pcp.io/ and http://dag.wieers.com/home-made/dstat/"
"Host:","ubuntu",,,,"User:","ubuntu"
"Cmdline:","dstat -tcmndrylpg --tcp --output /tmp/devstack_logs/dstat-csv.log",,,,"Date:","15 Oct 2024 20:48:33 UTC"
"system","total usage",,,,,"memory usage",,,,"net/total",,"dsk/total",,"io/total",,"system",,"load avg",,,"procs",,,"paging",,"tcp sockets",,,,
"time","total usage:usr","total usage:sys","total usage:idl","total usage:wai","total usage:stl","used","free","buf","cach","net/total:recv","net/total:send","dsk/total:read","dsk/total:writ","read","writ","int","csw","1m","5m","15m","run","blk","new","in","out","lis","act","syn","tim","clo"
15-10 20:48:33,,1017680,1947808,163048,4688272,,,,,,,0.950,0.800,0.480,4,0,,,,9,4,3,17,2
15-10 20:48:34,29.460,22.969,46.437,0.999,0,1006804,1937936,163196,4706676,5537.546,1691.723,1162.435,4150.414,13.981,118.840,4096,7361,0.950,0.800,0.480,3,0,553.255,0,0,9,4,3,17,2
15-10 20:48:35,31.776,21.267,45.537,1.501,0,1025020,1896780,164128,4725900,14864.099,1621.320,0,4563.715,0,197.160,4695,8966,1.120,0.840,0.500,2,0,372.303,0,0,9,4,3,17,2
15-10 20:48:36,30.236,13.494,53.474,0.750,0,1139016,1754864,165148,4874720,6080.088,2512.796,0,2594.757,0,84.959,4695,10199,1.120,0.840,0.500,0,0,114.945,0,0,10,5,3,17,2
15-10 20:48:37,9.982,7.986,81.353,0,0.499,1142892,1750884,165152,4874776,10707.694,2574.358,0,15.971,0,3.993,1408,1906,1.120,0.840,0.500,1,0,95.827,0,0,10,7,3,17,2
15-10 20:48:38,36.803,10.515,52.325,0.250,0,1107688,1800176,165172,4860796,8154.669,2343.353,80.115,929.330,1.001,28.040,2236,3275,1.120,0.840,0.500,2,0,193.277,0,0,10,4,3,19,0
15-10 20:48:39,43.791,9.009,46.294,0.250,0,1171612,1734364,165196,4862552,6820.445,1621.532,0,6662.296,0,130.123,9598,18245,1.120,0.840,0.500,2,0,15.014,0,0,10,4,3,19,0
15-10 20:48:40,35.691,9.235,45.425,7.737,0,1195888,1703776,165708,4868256,6898.631,1617.335,0,20186.732,0,1611.345,14156,26850,1.190,0.860,0.510,1,1,40.933,0,0,10,6,3,19,0
15-10 20:48:41,35.740,7.998,43.238,12.247,0,1178924,1715760,166328,4872464,6656.103,1619.538,0,44767.241,0,3364.041,14802,25304,1.190,0.860,0.510,2,0,54.984,0,0,10,6,3,19,0
15-10 20:48:42,31.234,7.996,59.219,0.750,0.250,1126660,1767952,166388,4872472,8250.701,1619.156,0,4741.530,0,279.854,2539,3614,1.190,0.860,0.510,1,0,124.935,0,0,10,4,3,19,0
15-10 20:48:43,24.294,2.254,73.884,0.250,0,1074960,1819628,166396,4872484,8137.713,1460.641,0,593.072,0,28.051,1045,1259,1.190,0.860,0.510,1,0,10.018,0,0,10,4,3,19,0
15-10 20:48:44,22.456,3.743,72.608,0.998,0,1141180,1753388,166416,4872484,6386.527,1616.842,0,5106.028,0,379.259,1765,2282,1.190,0.860,0.510,1,0,0,0,0,10,4,3,19,0
15-10 20:48:45,20.028,5.758,73.102,0,0,1073704,1820852,166416,4872496,6928.700,1622.271,0,12.017,0,2.003,1339,1761,1.170,0.860,0.510,1,0,83.116,0,0,10,4,3,19,0
15-10 20:48:46,10.008,18.765,70.305,0,0,1071252,1823136,166416,4872656,5846.595,1621.274,0,16.013,0,4.003,2578,3900,1.170,0.860,0.510,2,0,314.247,0,0,10,4,3,13,0
15-10 20:48:47,13.227,18.468,67.632,0,0.499,1075492,1818840,166416,4873028,5632.206,1617.188,0,31.944,0,7.986,3247,5992,1.170,0.860,0.510,1,0,357.379,0,0,10,4,3,13,0
15-10 20:48:48,37.754,10.501,49.755,0,0.500,1157964,1736220,166416,4873228,5897.631,1620.173,0,0,0,0,3557,6120,1.170,0.860,0.510,2,0,165.018,0,0,10,5,3,13,0
15-10 20:48:49,44.753,3.000,48.254,0,0,1218864,1674716,166432,4873692,6397.499,1620.126,0,12168.949,0,67.005,1314,1296,1.170,0.860,0.510,2,0,0,0,0,10,5,3,13,0
15-10 20:48:50,38.286,9.759,52.048,0,0,1255452,1634880,166540,4876488,6272.827,1513.406,0,0,0,0,1895,5757,1.240,0.880,0.520,1,0,110.102,0,0,10,4,3,14,0
15-10 20:48:51,1.748,1.248,96.871,0,0,1255812,1634488,166540,4876500,6585.261,1563.925,0,1466.055,0,19.973,932,1555,1.240,0.880,0.520,0,0,7.989,0,0,10,4,3,14,0
15-10 20:48:52,8.502,2.751,86.770,0.500,0,1275940,1614184,166580,4876628,6555.541,1620.381,0,6605.552,0,314.074,1788,2694,1.240,0.880,0.520,2,0,22.005,0,0,10,4,3,14,0
15-10 20:48:53,24.500,2.250,73.249,0.500,0,1332380,1557736,166584,4876628,5851.953,1845.985,0,1735.986,0,86.999,1187,1702,1.240,0.880,0.520,1,0,0,0,0,10,4,4,14,0
15-10 20:48:54,22.527,4.505,70.335,1.252,0.250,1259980,1629684,166636,4876876,5925.193,1696.059,0,40433.086,0,356.433,2952,5409,1.240,0.880,0.520,2,0,21.026,0,0,10,4,4,15,0
15-10 20:48:55,23.467,3.245,73.398,0.250,0,1319648,1569736,166648,4877072,6069.557,1617.750,0,3415.249,0,145.797,1432,2121,1.220,0.880,0.520,2,0,22.968,0,0,10,11,4,15,0
15-10 20:48:56,21.017,5.254,72.310,0.751,0.250,1294692,1594348,166660,4877324,5897.895,1695.407,232.193,1645.366,58.048,18.015,1846,2906,1.220,0.880,0.520,2,0,47.039,0,0,10,28,4,15,0
15-10 20:48:57,21.723,4.494,73.410,0,0.250,1274608,1614416,166660,4877340,6154.418,1510.140,0,7.990,0,1.998,1393,2002,1.220,0.880,0.520,3,0,34.957,0,0,10,28,4,15,0
15-10 20:48:58,41.024,7.755,50.279,0,0,1394980,1494020,166664,4877356,6300.686,1692.990,0,1232.721,0,7.004,1842,2606,1.220,0.880,0.520,2,0,121.071,0,0,10,28,4,15,0
15-10 20:48:59,48.349,15.031,35.573,0.251,0.251,1362500,1526184,166676,4877572,8181.805,1623.334,0,497.021,0,26.054,4788,9712,1.220,0.880,0.520,5,0,400.823,0,0,10,28,4,17,0
15-10 20:49:00,84.160,13.236,2.248,0,0,1559788,1328676,166680,4877744,6440.109,1618.268,0,15055.890,0,532.430,4190,6541,1.760,1,0.560,5,0,177.810,0,0,10,31,4,17,0
15-10 20:49:01,77.572,14.513,7.507,0,0,1424720,1463652,166680,4877964,6393.934,1695.573,0,560.520,0,42.039,5112,10934,1.760,1,0.560,3,0,200.186,0,0,10,29,4,17,0
15-10 20:49:02,22.985,7.495,68.706,0.250,0,1337944,1550384,166692,4877996,6306.995,1618.972,0,603.617,0,28.982,2358,4058,1.760,1,0.560,1,0,109.930,0,0,10,28,4,18,0
15-10 20:49:03,20.744,5.748,72.978,0,0.250,1303588,1584728,166692,4878008,8467.434,1619.509,0,447.864,0,72.978,2192,3477,1.760,1,0.560,2,0,41.987,0,0,10,28,4,18,0
15-10 20:49:04,22.706,3.992,72.110,0.250,0.250,1361456,1526848,166700,4878012,6420.563,1509.077,0,642.755,0,42.917,1440,2073,1.760,1,0.560,1,0,25.950,0,0,10,29,4,17,0
15-10 20:49:05,15.266,13.264,69.572,0.250,0.250,1303444,1585016,166704,4878048,10214.562,1621.677,0,24068.887,0,102.106,3394,5151,1.700,1,0.560,1,0,286.296,0,0,10,28,4,18,0
15-10 20:49:06,35.070,24.048,40.080,0,0,1400288,1488128,166708,4878084,5615.247,1611.227,0,2505.018,0,29.058,3187,5583,1.700,1,0.560,5,0,755.513,0,0,10,28,3,17,0
15-10 20:49:07,84.229,10.997,4.749,0,0,1582016,1306240,166716,4878236,6900.303,1661.591,0,671.835,0,45.989,3247,6231,1.700,1,0.560,5,0,0,0,0,10,30,3,17,0
15-10 20:49:08,82.255,10.751,6.750,0,0.250,1396268,1491736,166724,4878476,4930.291,1694.100,0,880.052,0,90.005,5478,12669,1.700,1,0.560,7,0,155.009,0,0,10,28,3,17,0
15-10 20:49:09,79.497,15.249,3.250,0,0,1581040,1306648,166728,4878784,4976.791,1693.929,0,199.992,0,11.999,4048,7886,1.700,1,0.560,8,0,154.993,0,0,10,29,3,17,0
15-10 20:49:10,76.935,15.237,8.743,0,0.250,1420448,1466972,166728,4879024,5875.024,1618.629,0,39358.663,0,114.903,5631,12910,1.970,1.070,0.590,2,0,199.831,0,0,10,30,3,17,0
15-10 20:49:11,43.240,6.748,47.739,0.500,0.250,1381120,1506076,166728,4879248,5611.676,1511.643,0,399.906,0,39.991,3770,6261,1.970,1.070,0.590,2,0,97.977,0,0,10,28,3,18,0
15-10 20:49:12,39.798,13.266,46.055,0,0,1301612,1585408,166732,4879416,5539.631,1621.941,0,560.671,0,26.031,4138,7788,1.970,1.070,0.590,3,0,184.221,0,0,10,28,3,18,0
15-10 20:49:13,61.967,12.993,25.986,0,0.250,1476132,1410860,166732,4879444,7433.023,1619.134,0,3430.165,0,102.945,2417,3058,1.970,1.070,0.590,3,0,193.896,0,0,10,28,3,18,0
15-10 20:49:14,62.285,14.258,23.013,0.250,0,1400944,1485808,166756,4879652,5627.202,1566.892,0,436.248,0,48.027,4392,10300,1.970,1.070,0.590,4,0,258.147,0,0,10,28,3,21,0
15-10 20:49:15,78.467,8.496,13.244,0,0,1541088,1345484,166756,4879832,9195.101,1619.313,0,379.839,0,9.996,4414,8853,2.130,1.110,0.610,4,0,0,0,0,10,32,3,24,0
15-10 20:49:16,58.015,17.754,22.756,0,0,1416248,1470248,166768,4879892,6904.740,1620.408,0,720.181,0,50.013,3568,8971,2.130,1.110,0.610,3,0,326.082,0,0,10,28,3,24,0
15-10 20:49:17,59.763,10.252,30.007,0,0,1424504,1461840,166772,4880020,5426.210,1620.361,0,408.091,0,34.008,4500,10673,2.130,1.110,0.610,3,0,51.011,0,0,10,28,3,26,0
15-10 20:49:18,65.222,16.493,17.742,0,0.750,1477020,1409124,166792,4880180,5711.561,1511.355,0,287.877,0,21.991,2416,6891,2.130,1.110,0.610,3,0,281.880,0,0,10,28,3,27,0
15-10 20:49:19,59.645,14.974,26.953,0,0,1374084,1511836,166792,4880400,5730.948,1617.163,0,263.538,0,24.956,4855,10038,2.130,1.110,0.610,4,0,286.497,0,0,10,28,3,27,0
15-10 20:49:20,63.295,8.006,28.020,0.250,0,1483972,1401488,166792,4880852,7658.491,1621.162,0,320.230,0,24.017,3245,7393,2.280,1.160,0.620,6,0,0,0,0,10,30,3,28,0
15-10 20:49:21,63.595,11.768,23.786,0.250,0.250,1462172,1423032,166808,4881092,7736.597,1622.432,0,2880.318,0,178.267,2612,4216,2.280,1.160,0.620,4,0,114.171,0,0,10,28,3,28,0
15-10 20:49:22,56.501,15.500,27.000,0,0,1359500,1525472,166820,4881308,6408.070,1566.017,0,508.006,0,50.001,4968,11522,2.280,1.160,0.620,5,0,333.004,0,0,10,28,3,32,0
15-10 20:49:23,83.249,15.750,1.000,0,0,1572236,1312616,166836,4881348,7634.939,1619.987,0,787.994,0,46.000,2576,4757,2.280,1.160,0.620,8,0,188.998,0,0,10,28,3,30,0
15-10 20:49:24,86.499,12.500,0.750,0,0,1508108,1376480,166844,4881592,6464.929,1661.982,0,539.994,0,46.999,3119,7303,2.280,1.160,0.620,7,0,290.997,0,0,10,28,3,30,0
15-10 20:49:25,84.001,13.250,2.750,0,0,1436228,1447996,166852,4881944,6173.080,1586.021,0,708.009,0,33.000,4128,9501,2.660,1.260,0.660,7,0,201.003,0,0,10,30,3,30,0
15-10 20:49:26,63.999,22.750,11.750,0,0.750,1429404,1454740,166852,4882016,6205.907,1619.976,0,239.996,0,14.000,3919,9069,2.660,1.260,0.660,4,0,538.992,0,0,10,28,3,30,0
15-10 20:49:27,35.987,23.991,39.486,0.250,0.250,1314936,1568988,166856,4882228,5848.924,1661.410,0,203.928,0,10.996,4907,11722,2.660,1.260,0.660,3,0,667.763,0,0,10,28,3,30,0
15-10 20:49:28,9.747,20.493,68.727,0,0,1310648,1573268,166856,4882236,5878.001,1619.449,0,211.928,0,10.996,2678,3753,2.660,1.260,0.660,3,0,379.871,0,0,10,28,3,30,0
15-10 20:49:29,61.025,25.510,13.255,0,0,1465096,1418756,166860,4882292,6341.600,1620.664,0,236.097,0,21.009,3239,6371,2.660,1.260,0.660,6,0,826.339,0,0,10,29,3,27,0
15-10 20:49:30,74.977,15.245,8.747,0,0,1400788,1482844,166876,4882492,7976.583,1619.509,0,1863.435,0,99.970,5834,11600,2.770,1.310,0.680,5,0,194.941,0,0,10,29,3,27,0
15-10 20:49:31,80.794,11.756,6.003,0,0,1512396,1371156,166888,4882560,7592.107,1566.848,0,308.167,0,25.014,4648,8411,2.770,1.310,0.680,5,0,108.058,0,0,10,29,3,27,0
15-10 20:49:32,64.471,8.996,27.488,0,0.250,1499768,1383396,166904,4882924,7540.584,1511.315,0,1931.125,0,124.943,8312,18349,2.770,1.310,0.680,3,0,29.986,0,0,10,31,3,33,0
15-10 20:49:33,77.029,11.004,11.004,0.500,0,1445484,1437448,166912,4883144,7299.715,1788.665,0,420.156,0,43.016,4252,12901,2.770,1.310,0.680,5,0,90.033,0,0,10,29,3,37,0
15-10 20:49:34,83.252,10.000,7.750,0,0.500,1514664,1368048,166916,4883340,5583.128,1694.039,0,144.003,0,8.000,4289,10914,2.770,1.310,0.680,4,0,71.002,0,0,10,30,3,38,0
15-10 20:49:35,79.505,12.001,8.000,0,0,1453820,1428696,166916,4883528,10064.624,1620.100,0,1520.094,0,59.004,5060,12252,2.860,1.350,0.690,4,0,208.013,0,0,10,29,3,38,0
15-10 20:49:36,79.502,11.500,8.750,0,0.250,1458476,1423948,166916,4883672,5609.118,1694.036,0,172.004,0,17.000,6245,11826,2.860,1.350,0.690,4,0,66.001,0,0,10,29,3,38,0
15-10 20:49:37,83.244,11.499,5.000,0,0,1526964,1355124,166920,4884000,8302.369,1619.877,0,135.990,0,6.999,3615,6925,2.860,1.350,0.690,4,0,67.995,0,0,10,29,3,38,0
15-10 20:49:38,76.252,15.750,7.500,0,0,1439612,1442368,166944,4884060,6789.136,1662.033,0,464.009,0,49.001,4066,7602,2.860,1.350,0.690,4,0,243.005,0,0,10,28,3,39,0
15-10 20:49:39,80.253,6.500,12.000,0,0,1487192,1394600,166952,4884240,7776.257,1458.048,0,152.005,0,10.000,3713,9887,2.860,1.350,0.690,7,0,18.001,0,0,10,30,3,39,0
15-10 20:49:40,79.977,14.996,4.749,0,0,1512836,1368756,166952,4884432,8506.567,1693.516,0,171.951,0,8.997,2753,4727,2.960,1.400,0.710,5,0,144.959,0,0,10,28,3,39,0
15-10 20:49:41,74.769,12.003,12.753,0,0.500,1365448,1515912,166972,4884636,6975.737,1620.403,0,596.148,0,65.016,5583,12550,2.960,1.400,0.710,5,0,217.054,0,0,10,28,3,41,0
15-10 20:49:42,65.976,9.247,24.241,0,0,1488580,1392724,166976,4884688,6016.852,1619.422,0,267.904,0,14.995,4186,8267,2.960,1.400,0.710,6,0,48.983,0,0,10,29,3,42,0
15-10 20:49:43,60.705,13.490,24.732,0,0,1449752,1431172,166984,4885036,6193.435,1618.807,0,1922.583,0,23.982,3139,5746,2.960,1.400,0.710,4,0,242.821,0,0,10,29,3,43,0
15-10 20:49:44,57.933,10.987,30.714,0,0.250,1349292,1531396,167004,4885244,6547.372,1618.115,0,5821.218,0,182.787,3775,8971,2.960,1.400,0.710,2,0,157.816,0,0,10,28,3,44,0
15-10 20:49:45,46.812,4.005,48.814,0,0,1429024,1451512,167004,4885396,5935.829,1622.140,0,148.195,0,10.013,2208,4678,2.880,1.410,0.720,2,0,0,0,0,10,29,3,45,0
15-10 20:49:46,43.285,7.006,48.539,0.250,0.250,1420324,1460060,167008,4885544,5970.789,1459.170,0,304.244,0,25.020,1916,4046,2.880,1.410,0.720,3,0,41.033,0,0,10,28,3,45,0
15-10 20:49:47,45.383,6.234,48.874,0.249,0,1375668,1504668,167020,4885576,6338.608,1615.821,0,363.061,0,32.915,2125,5391,2.880,1.410,0.720,3,0,64.832,0,0,10,28,3,45,0
15-10 20:49:48,44.852,6.765,48.610,0,0,1376588,1503584,167020,4885740,7938.982,1697.846,0,144.327,0,10.023,2105,6621,2.880,1.410,0.720,3,0,43.098,0,0,10,29,3,46,0
15-10 20:49:49,39.768,12.255,47.271,0,0,1410424,1469700,167028,4885776,7447.329,1620.724,0,304.136,0,27.012,2496,4377,2.880,1.410,0.720,4,0,284.127,0,0,10,29,3,46,0
15-10 20:49:50,33.671,14.217,51.380,0.249,0,1316008,1563992,167040,4885880,7763.895,1616.231,0,267.376,0,23.944,3193,7622,2.810,1.420,0.730,3,0,294.314,0,0,10,28,3,47,0
15-10 20:49:51,22.491,3.998,72.971,0.250,0.250,1374940,1505052,167048,4885880,8495.678,1619.367,0,231.909,0,9.996,1250,1796,2.810,1.420,0.730,1,0,27.989,0,0,10,28,3,46,0
15-10 20:49:52,21.538,7.263,71.126,0,0.501,1315108,1564640,167056,4886116,5987.580,1622.868,0,236.418,0,22.039,2982,6033,2.810,1.420,0.730,1,0,131.232,0,0,10,28,3,46,0
15-10 20:49:53,19.975,18.227,60.673,0.250,0,1364152,1515432,167092,4886236,5851.586,1456.155,0,395.499,0,24.968,3173,4889,2.810,1.420,0.730,2,0,463.413,0,0,10,28,3,48,0
15-10 20:49:54,44.521,5.002,49.273,0.250,0,1490168,1387752,167280,4887452,6791.185,1620.760,0,2205.034,0,68.032,1582,2142,2.810,1.420,0.730,2,0,5.002,0,0,10,32,3,48,0
15-10 20:49:55,34.480,8.245,44.474,11.743,0,1435064,1436432,167896,4892916,6473.271,1619.067,0,23990.182,0,2310.669,12098,22129,3.060,1.490,0.760,3,0,111.936,0,0,10,32,3,48,0
15-10 20:49:56,41.493,7.999,42.243,8.249,0,1512004,1357604,168472,4894136,5319.122,1619.733,0,32218.684,0,2852.529,11265,23252,3.060,1.490,0.760,2,0,33.994,0,0,10,28,3,46,0
15-10 20:49:57,46.237,5.248,49.236,0.250,0.250,1442804,1426748,168508,4894156,8480.558,1619.534,0,8377.587,0,494.857,1794,3122,3.060,1.490,0.760,2,0,5.998,0,0,10,28,3,46,0
15-10 20:49:58,39.527,6.254,48.534,5.504,0,1506732,1361984,168932,4894556,8052.588,1737.206,0,18032.515,0,2224.544,12196,24148,3.060,1.490,0.760,4,1,3.002,0,0,10,30,3,46,0
15-10 20:49:59,33.479,7.995,55.715,2.748,0.250,1391128,1477216,169196,4894664,5494.522,1618.975,0,7675.142,0,778.507,4893,9000,3.060,1.490,0.760,1,0,98.937,0,0,10,28,3,46,0
15-10 20:50:00,23.251,2.750,73.253,0,0,1338120,1530204,169204,4894676,9335.355,1620.062,0,728.028,0,46.002,1102,1402,2.900,1.480,0.760,1,0,3.000,0,0,10,28,3,44,0
15-10 20:50:01,23.267,2.752,72.302,1.001,0,1418476,1449816,169236,4894676,8926.472,1459.058,0,7077.131,0,337.245,1526,2588,2.900,1.480,0.760,2,0,2.001,0,0,10,28,3,44,0
15-10 20:50:02,23.482,2.998,72.945,0,0,1363460,1504804,169240,4894700,6938.789,1618.784,0,131.901,0,18.986,984,1242,2.900,1.480,0.760,2,0,0.999,0,0,10,32,3,44,0
15-10 20:50:03,23.742,1.749,73.977,0,0,1433516,1434748,169240,4894700,7733.556,1661.475,0,0,0,0,861,999,2.900,1.480,0.760,2,0,1.999,0,0,10,32,3,44,0
15-10 20:50:04,23.506,2.251,73.519,0,0.250,1392912,1475340,169240,4894712,8762.234,1620.413,0,0,0,0,850,938,2.900,1.480,0.760,2,0,1.000,0,0,10,32,3,43,0
15-10 20:50:05,22.752,2.750,73.508,0.250,0,1336168,1532032,169244,4894760,10707.114,1694.176,0,2068.215,0,163.017,1200,1108,2.750,1.480,0.760,2,0,3.000,0,0,10,32,3,43,0
15-10 20:50:06,22.243,3.749,72.976,0.500,0,1406720,1461476,169244,4894760,5333.235,1619.464,0,1743.423,0,188.937,1188,1144,2.750,1.480,0.760,2,0,1.999,0,0,10,32,3,42,0
15-10 20:50:07,22.761,3.001,74.035,0,0.250,1344132,1523968,169252,4894844,5487.579,1662.782,0,180.085,0,2.001,843,1014,2.750,1.480,0.760,2,0,3.001,0,0,10,32,3,42,0
15-10 20:50:08,23.744,1.750,72.983,0.250,0.250,1358232,1509772,169264,4894896,7251.267,1457.652,0,379.909,0,28.993,1057,1494,2.750,1.480,0.760,3,0,1.000,0,0,10,32,3,42,0
15-10 20:50:09,22.755,3.501,74.267,0,0,1432056,1435936,169272,4894896,5740.303,1620.368,0,396.090,0,12.003,890,1100,2.750,1.480,0.760,2,0,2.000,0,0,10,32,3,42,0
15-10 20:50:10,23.736,2.249,73.206,0,0,1389140,1478816,169276,4894928,5530.709,1619.037,0,0,0,0,853,1013,2.610,1.470,0.760,2,0,0.999,0,0,10,32,3,42,0
15-10 20:50:11,23.507,1.751,74.274,0,0.250,1403624,1464312,169276,4894948,5914.887,1620.517,0,0,0,0,851,1028,2.610,1.470,0.760,2,0,1.000,0,0,10,32,3,42,0
15-10 20:50:12,19.773,6.007,73.334,0,0,1331236,1536588,169284,4895052,5520.343,1621.864,0,0,0,0,1268,1624,2.610,1.470,0.760,2,0,74.085,0,0,10,32,3,41,0
15-10 20:50:13,10.263,20.526,69.086,0,0.250,1336804,1530944,169284,4895116,5658.039,1622.018,0,1013.260,0,11.014,3337,5339,2.610,1.470,0.760,1,0,558.695,0,0,10,32,3,41,0
15-10 20:50:14,9.998,19.747,70.239,0,0,1336172,1531460,169292,4895224,5705.093,1531.756,0,443.929,0,8.999,2920,4472,2.610,1.470,0.760,2,0,407.935,0,0,10,32,3,38,0
15-10 20:50:15,10.733,17.223,71.137,0,0,1351084,1516496,169292,4895256,8130.033,1691.302,0,11.981,0,1.997,2633,3870,2.400,1.440,0.760,1,0,336.463,0,0,10,32,3,38,0
15-10 20:50:16,22.745,3.249,73.734,0,0,1427708,1439888,169292,4895240,8934.043,1619.645,0,131.971,0,1.000,963,1209,2.400,1.440,0.760,2,0,3.999,0,0,10,32,3,35,0
15-10 20:50:17,22.994,2.749,73.730,0,0.250,1374472,1493128,169292,4895236,12092.650,1693.531,0,15.996,0,1.000,921,1033,2.400,1.440,0.760,1,0,1.000,0,0,10,32,3,35,0
15-10 20:50:18,27.008,5.002,67.271,0.500,0,1433104,1434480,169304,4895236,10231.151,1620.499,0,388.120,0,26.008,1512,3966,2.400,1.440,0.760,1,0,36.011,0,0,10,32,3,33,0
15-10 20:50:19,23.497,2.500,73.491,0,0.250,1391724,1475856,169304,4895240,9478.796,1619.794,0,111.986,0,9.999,818,1041,2.400,1.440,0.760,1,0,1.000,0,0,10,32,3,33,0
15-10 20:50:20,23.747,1.750,73.991,0,0.250,1338244,1529316,169304,4895260,6267.273,1619.812,0,31.996,0,4.000,837,1067,2.280,1.430,0.760,1,0,3.000,0,0,10,32,3,31,0
15-10 20:50:21,23.750,2.250,74.251,0,0,1419148,1448424,169304,4895248,7847.110,1532.021,0,0,0,0,822,1105,2.280,1.430,0.760,1,0,2.000,0,0,10,32,3,31,0
15-10 20:50:22,22.751,2.500,73.753,0,0,1365236,1502344,169304,4895240,5919.219,1620.060,0,12.000,0,1.000,835,1020,2.280,1.430,0.760,1,0,1.000,0,0,10,32,3,25,0
15-10 20:50:23,24.240,1.999,73.469,0,0.250,1435132,1432316,169304,4895368,7358.931,1887.213,0,303.873,0,10.995,1002,1273,2.280,1.430,0.760,1,0,1.999,0,0,10,32,4,25,0
15-10 20:50:24,23.008,2.501,73.777,0,0,1392768,1474672,169304,4895376,7424.688,1694.613,0,0,0,0,822,1043,2.280,1.430,0.760,1,0,1.000,0,0,10,32,4,25,0
15-10 20:50:25,23.306,2.005,73.929,0,0,1341860,1525568,169304,4895388,6399.455,1623.922,0,12.029,0,1.002,868,1071,2.180,1.430,0.760,1,0,3.007,0,0,10,32,4,25,0
15-10 20:50:26,22.948,2.494,73.831,0,0,1412948,1454504,169304,4895364,6030.209,1690.135,0,7.982,0,1.995,949,1184,2.180,1.430,0.760,2,0,3.991,0,0,10,32,4,25,0
15-10 20:50:27,22.803,2.756,74.171,0,0,1360712,1506808,169304,4895296,7802.978,1623.741,0,1848.258,0,6.014,882,1013,2.180,1.430,0.760,2,0,1.002,0,0,10,32,4,25,0
15-10 20:50:28,22.446,3.242,73.324,0,0,1423192,1444316,169308,4895304,6006.560,1580.201,0,379.089,0,24.940,1182,1572,2.180,1.430,0.760,1,0,1.995,0,0,10,32,4,25,0
15-10 20:50:29,25.055,1.253,73.661,0,0,1360364,1507064,169308,4895384,7442.246,1697.706,0,200.438,0,11.024,961,1122,2.180,1.430,0.760,1,0,1.002,0,0,10,32,4,25,0
15-10 20:50:30,22.449,3.492,73.831,0,0,1371348,1496088,169308,4895376,7160.602,1690.130,0,11.973,0,0.998,918,1069,2.090,1.420,0.760,1,0,0.998,0,0,10,32,4,25,0
15-10 20:50:31,23.254,2.250,73.763,0,0.500,1432556,1434880,169308,4895376,8133.415,1620.282,0,20.003,0,1.000,913,1074,2.090,1.420,0.760,1,0,2.000,0,0,10,32,4,25,0
15-10 20:50:32,22.799,2.505,74.159,0,0.251,1394476,1472956,169312,4895376,7014.080,1623.491,0,88.190,0,4.009,944,1058,2.090,1.420,0.760,1,0,1.002,0,0,10,32,4,19,0
15-10 20:50:33,23.701,2.744,73.598,0,0,1406460,1460960,169312,4895388,9707.992,1710.475,0,0,0,0,936,1052,2.090,1.420,0.760,1,0,2.994,0,0,10,32,4,19,0
15-10 20:50:34,19.020,7.508,72.324,0,0,1332320,1535072,169316,4895412,6325.515,1621.670,0,124.128,0,6.006,1443,1940,2.090,1.420,0.760,1,0,128.132,0,0,10,32,4,14,0
15-10 20:50:35,14.987,13.238,71.187,0,0,1374276,1493056,169324,4895448,8681.274,1456.704,0,59.947,0,4.996,2142,3146,2,1.410,0.760,1,0,263.765,0,0,10,32,4,14,0
15-10 20:50:36,23.048,4.509,72.650,0.251,0.251,1335064,1532000,169324,4895680,6638.696,1623.349,0,617.273,0,99.205,1162,1246,2,1.410,0.760,1,0,11.023,0,0,10,32,4,14,0
15-10 20:50:37,23.204,2.246,74.353,0,0,1413440,1453592,169324,4895712,5355.386,1616.796,0,19.960,0,0.998,896,1055,2,1.410,0.760,1,0,0,0,0,10,32,4,14,0
15-10 20:50:38,14.779,15.280,69.386,0,0,1336948,1529976,169332,4895808,5482.779,1623.191,0,513.009,0,32.063,2714,4250,2,1.410,0.760,1,0,347.684,0,0,10,32,4,14,0
15-10 20:50:39,9.987,19.725,69.412,0,0.499,1337536,1529364,169332,4895832,7235.854,1765.768,0,211.732,0,5.992,2910,4391,2,1.410,0.760,1,0,410.481,0,0,10,32,4,13,0
15-10 20:50:40,9.013,20.780,68.850,0,0,1336804,1530052,169340,4895864,7362.698,1622.357,0,460.669,0,17.025,3134,4838,1.920,1.410,0.760,1,0,467.680,0,0,10,32,4,13,0
15-10 20:50:41,8.999,20.999,69.245,0,0,1336596,1530224,169340,4895896,6247.563,1619.887,0,1655.884,0,17.999,3771,6120,1.920,1.410,0.760,1,0,671.953,0,0,10,32,4,11,0
15-10 20:50:42,8.744,20.486,69.701,0.250,0.500,1336256,1530528,169340,4895932,7114.977,1510.933,0,1946.626,0,86.939,3748,5898,1.920,1.410,0.760,1,0,636.551,0,0,10,32,4,11,0
15-10 20:50:43,8.503,19.757,70.275,0,0,1334368,1532384,169340,4895964,8443.972,1566.551,0,168.059,0,7.002,3105,4989,1.920,1.410,0.760,1,0,489.172,0,0,10,32,4,7,0
15-10 20:50:44,9.506,20.762,68.790,0,0,1336980,1529724,169340,4895992,6537.818,1620.947,0,300.175,0,11.006,2882,4381,1.920,1.410,0.760,2,0,437.255,0,0,10,32,4,7,0
15-10 20:50:45,43.151,25.192,31.428,0.499,0,1457680,1408840,169400,4896116,6176.769,1690.106,0,1069.536,0,61.857,3864,6528,2.010,1.430,0.780,3,0,668.460,0,0,10,32,4,12,0
15-10 20:50:46,60.141,9.773,24.558,3.258,0.501,1613240,1248156,169756,4900372,5300.456,1623.816,400.942,9963.414,4.009,836.967,4999,8441,2.010,1.430,0.780,3,0,44.104,0,0,10,36,4,12,0
15-10 20:50:47,41.240,10.747,32.992,14.246,0,1592832,1255756,170424,4911712,7139.187,1619.589,0,62064.236,0,4846.769,20440,36942,2.010,1.430,0.780,2,0,149.962,0,0,10,36,4,13,0
15-10 20:50:48,40.759,7.252,31.757,18.254,0,1626680,1209932,171232,4922360,6699.434,1620.347,0,79016.910,0,5999.284,23109,43450,2.010,1.430,0.780,3,1,87.019,0,0,10,36,4,14,0
15-10 20:50:49,44.780,10.007,27.518,16.761,0,1626968,1201024,171704,4930208,6453.330,1621.088,0,69942.932,0,5435.647,23137,38293,2.010,1.430,0.780,5,0,106.071,0,0,10,36,4,13,0
15-10 20:50:50,42.978,16.741,28.485,11.244,0,1549328,1272440,171992,4936080,8674.463,1511.210,363.810,43241.385,5.997,3469.186,17235,34097,2.250,1.490,0.800,6,0,303.841,0,0,10,35,4,16,0
15-10 20:50:51,42.745,16.748,28.997,12.249,0.500,1542000,1272564,172436,4942276,6690.277,1565.831,1091.882,51387.450,16.998,3887.580,18089,33968,2.250,1.490,0.800,6,0,167.982,0,0,10,34,4,15,0
15-10 20:50:52,38.749,9.750,39.999,10.250,0,1549768,1260780,172584,4946028,6045.776,1619.940,527.980,35154.699,8.000,3171.883,16338,31652,2.250,1.490,0.800,3,0,107.996,0,0,10,34,4,15,0
15-10 20:50:53,34.246,8.249,41.246,14.499,0,1536744,1273796,172768,4945796,5649.418,1619.833,0,39471.934,0,3522.637,15545,28102,2.250,1.490,0.800,3,0,79.992,0,0,10,34,4,15,0
15-10 20:50:54,38.005,7.501,42.506,12.752,0,1546760,1261700,173076,4947516,5482.746,1620.220,0,37861.149,0,3279.446,16856,31092,2.250,1.490,0.800,5,0,30.004,0,0,10,35,4,16,0
15-10 20:50:55,36.958,7.242,40.703,13.984,0,1524500,1282772,173304,4948412,5914.216,1692.059,0,37892.537,0,3504.980,16295,29838,2.310,1.520,0.810,2,0,47.945,0,0,10,34,4,14,0
15-10 20:50:56,41.310,7.260,40.559,11.016,0.250,1545736,1259392,173448,4950356,9083.125,1622.344,0,36104.171,0,3076.445,15773,29397,2.310,1.520,0.810,3,1,32.046,0,0,10,34,4,14,0
15-10 20:50:57,36.488,8.497,41.736,11.746,0,1542464,1260048,173608,4952736,10995.361,1511.500,0,33800.812,0,3221.934,15115,27451,2.310,1.520,0.810,1,1,96.968,0,0,10,36,4,14,0
15-10 20:50:58,33.501,8.250,42.251,15.250,0.250,1513752,1285384,173824,4955816,5758.104,1662.030,0,46188.831,0,3797.068,17828,31324,2.310,1.520,0.810,1,1,67.001,0,0,10,36,4,14,0
15-10 20:50:59,34.748,6.750,40.748,16.249,0,1484420,1311452,173984,4958840,5968.678,1565.915,0,46057.513,0,3932.788,18019,31268,2.310,1.520,0.810,4,0,65.996,0,0,10,36,4,14,0
15-10 20:51:00,35.435,7.237,41.674,12.477,0,1541608,1251476,174068,4961476,5829.373,1658.976,0,47884.706,0,3687.278,17639,29715,2.360,1.540,0.820,6,0,107.803,0,0,10,36,4,14,0
15-10 20:51:01,35.567,10.269,42.079,12.023,0.250,1523640,1267536,174192,4963176,5724.757,1623.050,0,38660.643,0,3470.521,16911,29361,2.360,1.540,0.820,2,0,64.120,0,0,10,36,4,15,0
15-10 20:51:02,35.750,6.250,41.250,16.500,0,1492648,1303388,174332,4958180,6428.955,1619.989,0,49215.655,0,4531.968,19906,37235,2.360,1.540,0.820,3,0,41.000,0,0,10,36,4,17,0
15-10 20:51:03,15.746,10.747,67.731,3.749,0.250,1374676,1421164,174352,4958352,6725.144,1693.533,0,12428.570,0,1024.717,6015,9477,2.360,1.540,0.820,2,0,272.925,0,0,10,32,4,18,0
15-10 20:51:04,8.502,25.006,67.266,0,0,1375292,1420396,174352,4958504,7617.859,1586.387,0,712.174,0,43.010,3447,5112,2.360,1.540,0.820,2,0,541.132,0,0,10,32,4,19,0
15-10 20:51:05,60.502,11.250,25.751,0.750,0,1541948,1253392,174380,4958816,11201.414,1620.060,0,6352.235,0,397.015,3254,4643,2.490,1.580,0.840,3,0,175.006,0,0,10,32,4,24,0
15-10 20:51:06,66.090,8.978,24.441,0.249,0.249,1700252,1092392,174500,4961092,7968.676,1636.033,0,1604.110,0,80.804,1644,1768,2.490,1.580,0.840,3,0,1.995,0,0,10,32,4,24,0
15-10 20:51:07,43.348,9.772,36.332,9.772,0.251,1766264,1016872,174672,4969988,6535.797,1623.676,0,46826.014,0,3325.529,15437,26048,2.490,1.580,0.840,3,0,105.238,0,0,10,38,4,24,0
15-10 20:51:08,25.520,6.755,45.036,21.517,0,1771528,999760,174876,4981228,5828.634,1621.289,0,82013.200,0,6086.839,26328,43460,2.490,1.580,0.840,5,1,204.162,0,0,10,38,4,24,0
15-10 20:51:09,35.176,6.486,39.168,19.210,0,1771816,989708,174984,4990676,7378.476,1616.599,0,78119.636,0,5876.636,24154,41261,2.490,1.580,0.840,6,0,140.704,0,0,10,38,4,24,0
15-10 20:51:10,41.666,8.233,33.183,16.966,0,1683072,1069112,175140,4999532,6517.932,1690.610,0,54862.002,0,4635.705,21246,34784,2.770,1.660,0.870,5,2,252.494,0,0,10,36,4,24,0
15-10 20:51:11,47.644,7.774,30.342,12.789,0,1745752,1000316,175220,5005340,5395.315,1516.586,0,69939.497,0,4992.096,19273,32870,2.770,1.660,0.870,2,1,72.218,0,0,10,36,4,24,0
15-10 20:51:12,33.497,9.999,38.746,17.248,0.250,1650792,1082220,175304,5017768,5352.454,1619.835,0,66769.190,0,4852.505,19784,34050,2.770,1.660,0.870,1,1,74.992,0,0,10,36,4,24,0
15-10 20:51:13,26.238,5.997,45.978,19.241,0,1647936,1078440,175344,5024172,5818.265,1619.239,0,76703.949,0,6039.162,25064,42750,2.770,1.660,0.870,3,0,35.983,0,0,10,36,4,24,0
15-10 20:51:14,26.736,12.243,59.218,0.999,0,1378220,1347688,175348,5024604,6330.575,1565.153,0,3973.850,0,325.824,3542,5238,2.770,1.660,0.870,2,0,249.865,0,0,10,32,4,24,0
15-10 20:51:15,22.473,3.746,73.912,0,0,1445216,1280684,175348,5024612,5791.132,1618.081,0,922.905,0,51.938,1034,1502,2.630,1.650,0.870,1,0,5.993,0,0,10,32,4,24,0
15-10 20:51:16,23.245,2.499,73.233,0.250,0.500,1501132,1224768,175348,5024612,9756.717,1619.621,0,703.835,0,43.990,1055,1500,2.630,1.650,0.870,1,0,2.000,0,0,10,35,4,25,0
15-10 20:51:17,22.260,4.002,72.281,0.500,0.250,1414948,1310940,175348,5024620,5825.522,1662.720,0,5466.367,0,333.144,2124,3079,2.630,1.650,0.870,1,0,27.012,0,0,10,32,4,24,0
15-10 20:51:18,27.745,3.999,66.739,0.250,0,1476212,1249664,175348,5024708,7235.792,1511.748,0,3803.365,0,58.990,1567,8424,2.630,1.650,0.870,1,0,34.994,0,0,10,32,4,25,0
15-10 20:51:19,24.259,2.251,73.528,0.250,0,1382532,1343344,175348,5024620,5948.302,1694.656,0,100.039,0,14.005,1072,1478,2.630,1.650,0.870,1,0,3.001,0,0,10,32,4,25,0
15-10 20:51:20,14.283,34.831,50.116,0.251,0,1390016,1335640,175352,5024820,6699.543,1697.939,0,709.646,0,54.126,5348,9082,2.660,1.670,0.880,1,0,1161.695,0,0,10,32,4,24,0
15-10 20:51:21,9.237,20.720,69.151,0,0.250,1392236,1333336,175352,5024888,5916.569,1617.695,0,251.641,0,19.972,2822,4025,2.660,1.670,0.880,2,0,458.347,0,0,10,32,4,24,0
15-10 20:51:22,8.245,20.488,70.459,0,0,1394536,1331008,175352,5024916,6350.279,1565.083,0,7.995,0,1.999,2789,4158,2.660,1.670,0.880,1,0,383.775,0,0,10,32,4,24,0
15-10 20:51:23,10.503,18.505,69.267,0,0.500,1392580,1332920,175352,5024948,6086.534,1662.419,0,72.018,0,12.003,2733,4144,2.660,1.670,0.880,2,0,361.091,0,0,10,32,4,24,0
15-10 20:51:24,18.001,15.000,66.002,0,0.250,1394556,1330720,175352,5025308,6657.200,1620.049,0,12.000,0,3.000,3931,8593,2.660,1.670,0.880,4,0,200.006,0,0,10,32,4,24,0
15-10 20:51:25,47.219,8.245,43.971,0,0,1510160,1214996,175364,5025528,6117.919,1510.992,0,0,0,0,1706,2114,2.610,1.670,0.890,3,0,122.918,0,0,10,33,4,24,0
15-10 20:51:26,46.758,6.001,46.258,0,0,1594392,1127580,175364,5028608,5595.007,1620.292,0,384.069,0,6.001,5489,9963,2.610,1.670,0.890,4,0,5.001,0,0,10,47,4,24,0
15-10 20:51:27,39.553,7.260,51.820,0,0.250,1645332,1075240,175436,5029668,5858.915,1622.192,0,761.028,0,78.106,1876,2285,2.610,1.670,0.890,3,0,57.077,0,0,10,48,4,24,0
15-10 20:51:28,15.257,11.755,72.281,0,0,1658016,1062512,175440,5029688,6533.829,1694.734,0,228.099,0,6.003,2039,2982,2.610,1.670,0.890,1,0,202.088,0,0,10,48,4,24,0
15-10 20:51:29,2.494,0.998,95.775,0.249,0,1661800,1058760,175440,5029704,21420.683,2494.141,0,199.531,0,14.965,903,1438,2.610,1.670,0.890,0,0,1.995,0,0,10,49,4,24,0
15-10 20:51:30,0.750,0.750,97.729,0,0,1661972,1058508,175440,5029780,85447.885,4187.112,0,411.913,0,24.995,794,1150,2.400,1.650,0.880,0,0,0,0,0,10,49,4,24,0
15-10 20:51:31,0.500,0.750,98.528,0,0,1661936,1058508,175440,5029816,56895.386,3006.866,0,80.023,0,1.000,615,935,2.400,1.650,0.880,0,0,0,0,0,10,49,4,24,0
15-10 20:51:32,12.508,7.505,78.547,1.251,0.500,1673976,1045064,175520,5030828,38592.271,2833.709,4.002,4430.672,1.001,296.179,2508,3315,2.400,1.650,0.880,1,0,57.034,0,0,10,48,4,25,0
15-10 20:51:33,16.740,6.996,72.457,1.749,0.250,1698752,968572,175540,5081000,7296.688,1712.988,0,9550.356,0,356.789,2475,2863,2.400,1.650,0.880,1,0,33.980,0,0,10,48,4,25,0
15-10 20:51:34,19.292,7.516,73.910,0,0,1706020,960908,175540,5081004,7640.526,1707.694,0,0,0,0,1446,1682,2.400,1.650,0.880,1,0,45.098,0,0,10,48,4,25,0
15-10 20:51:35,21.712,3.494,73.621,0,0,1719092,947828,175540,5081004,10938.857,1691.041,0,0,0,0,1040,1188,2.290,1.640,0.880,1,0,16.970,0,0,10,48,4,25,0
15-10 20:51:36,20.034,6.261,73.125,0,0,1653640,1063652,175540,5031296,6651.401,1568.689,0,4.007,0,1.002,1422,1905,2.290,1.640,0.880,1,0,79.136,0,0,10,48,4,25,0
15-10 20:51:37,15.008,12.757,71.789,0,0.250,1657308,1059876,175692,5031716,5631.086,1620.888,160.088,20.011,10.005,3.002,2867,5773,2.290,1.640,0.880,14,0,258.141,0,0,10,48,4,25,0
15-10 20:51:38,10.969,6.232,80.270,0.249,0.249,1654308,1062700,175692,5031380,5786.393,1507.673,0,2109.944,0,11.966,2488,5995,2.290,1.640,0.880,0,0,62.820,0,0,10,48,4,25,0
15-10 20:51:39,1.250,0.500,97.774,0.250,0,1654560,1062448,175692,5031380,6518.571,1620.391,0,212.051,0,9.002,846,1428,2.290,1.640,0.880,0,0,3.001,0,0,10,48,4,25,0
15-10 20:51:40,0.750,0.500,97.972,0,0,1654560,1062448,175692,5031380,6189.224,1619.535,0,347.900,0,23.993,742,1125,2.100,1.610,0.880,1,0,2.999,0,0,10,48,4,25,0
15-10 20:51:41,0.750,0.750,98.228,0,0,1654560,1062448,175692,5031380,6252.618,1619.642,0,0,0,0,592,964,2.100,1.610,0.880,1,0,1.000,0,0,10,48,4,25,0
15-10 20:51:42,3.002,3.752,93.058,0,0.250,1601412,1115752,175692,5031364,6783.226,1621.010,0,0,0,0,1135,1716,2.100,1.610,0.880,1,0,48.030,0,0,10,48,4,25,0
15-10 20:51:43,16.250,15.000,67.000,0,0.250,1591644,1125348,175692,5031380,6250.956,1619.989,0,115.999,0,3.000,4768,8849,2.100,1.610,0.880,1,0,258.998,0,0,10,48,4,25,0
15-10 20:51:44,11.990,18.984,68.194,0,0.250,1651700,1065208,175692,5031776,6197.936,1876.467,0,3.997,0,0.999,3675,6379,2.100,1.610,0.880,2,0,343.719,0,0,11,48,4,25,0
15-10 20:51:45,14.760,12.258,71.299,0,0,1653068,1063676,175692,5031560,5301.621,1587.084,0,244.167,0,12.008,3902,7478,2.020,1.600,0.880,0,0,212.145,0,0,11,48,4,25,0
15-10 20:51:46,5.747,7.996,85.455,0,0,1657592,1059140,175692,5031916,6851.396,1619.148,0,0,0,0,1676,2728,2.020,1.600,0.880,3,0,149.921,0,0,13,50,4,19,0
15-10 20:51:47,15.277,15.026,68.118,0,0.250,1659124,1057564,175692,5031604,6051.518,1696.949,0,24.042,0,5.009,4848,8192,2.020,1.600,0.880,1,0,249.434,0,0,13,50,4,20,0
15-10 20:51:48,8.511,19.776,69.841,0,0,1657356,1059296,175692,5031640,7027.185,1622.120,0,1365.785,0,175.229,2796,4081,2.020,1.600,0.880,1,0,346.453,0,0,13,50,4,18,0
15-10 20:51:49,18.241,15.243,65.469,0.250,0,1664352,1052156,175696,5031788,6456.952,1619.236,0,211.900,0,15.992,4372,9954,2.020,1.600,0.880,2,0,218.897,0,0,13,50,4,18,0
15-10 20:51:50,37.679,16.968,44.915,0,0,1734904,981508,175704,5032208,7136.540,1616.950,0,586.893,0,30.942,5050,10874,2.010,1.610,0.890,2,0,369.303,0,0,13,50,4,15,0
15-10 20:51:51,27.998,6.000,65.245,0,0.250,1797496,917036,175792,5033568,7379.417,1693.866,31.997,19.998,2.000,2.000,2457,4345,2.010,1.610,0.890,1,0,31.997,0,0,13,58,4,19,0
15-10 20:51:52,22.250,4.250,72.751,0,0.250,1854732,859784,175792,5033584,6393.102,1458.023,0,4.000,0,1.000,1028,1303,2.010,1.610,0.890,2,0,8.000,0,0,13,58,4,18,0
15-10 20:51:53,13.743,2.499,83.708,0.250,0.250,1885980,827784,175796,5034320,8514.734,1845.076,0,727.635,0,10.994,1690,3092,2.010,1.610,0.890,0,0,2.998,0,0,13,58,5,18,0
15-10 20:51:54,0.750,0,98.051,0,0,1885980,827784,175796,5034320,6221.241,1784.930,0,32.017,0,2.001,598,956,2.010,1.610,0.890,1,0,2.001,0,0,13,58,5,17,0
15-10 20:51:55,11.776,10.523,78.173,0,0,1843932,869764,175796,5034324,5325.786,1623.593,0,1086.404,0,3.007,2622,5744,2.010,1.610,0.890,2,0,177.393,0,0,13,56,5,17,0
15-10 20:51:56,15.217,15.217,68.600,0,0,1890992,822444,175796,5034840,5752.454,1732.222,0,7.983,0,1.996,3949,10075,2.010,1.610,0.890,1,0,295.356,0,0,13,56,5,17,0
15-10 20:51:57,21.251,14.501,62.254,0,0.250,1894952,818504,175796,5034824,5537.343,1620.100,0,36.002,0,7.000,6002,12617,2.010,1.610,0.890,2,0,199.012,0,0,11,48,5,17,0
15-10 20:51:58,21.034,14.524,63.353,0,0.250,1903796,809580,175796,5034828,5938.644,1706.772,0,3008.886,0,166.270,5281,9630,2.010,1.610,0.890,4,0,305.496,0,0,13,56,5,17,0
15-10 20:51:59,23.019,12.010,64.803,0.500,0,1685316,1028028,175796,5034516,7085.810,1533.257,0,5588.583,0,136.112,2902,4520,2.010,1.610,0.890,4,0,224.184,0,0,13,50,5,21,0
15-10 20:52:00,30.736,21.740,45.479,0.500,0,1761684,951624,175796,5034552,7434.543,1619.247,0,6237.100,0,273.873,3654,5818,2.010,1.620,0.900,3,0,417.806,0,0,13,50,5,21,0
15-10 20:52:01,36.261,20.006,42.262,0,0,1852164,860424,175800,5035240,7803.302,1694.500,0,32.009,0,8.002,4143,8359,2.010,1.620,0.900,2,0,299.088,0,0,13,58,5,25,0
15-10 20:52:02,44.884,16.457,38.401,0,0.249,1946932,765640,175812,5035260,6938.037,1615.817,0,3.990,0,0.997,3488,7785,2.010,1.620,0.900,3,0,210.455,0,0,13,58,5,25,0
15-10 20:52:03,26.001,4.250,69.253,0.500,0,2007748,703984,175836,5036072,6787.285,1620.068,0,4816.202,0,253.011,2394,5551,2.010,1.620,0.900,2,0,4.000,0,0,13,58,5,22,0
15-10 20:52:04,23.750,2.500,71.999,0.250,0,2045432,663972,176136,5037752,7981.904,1619.981,139.998,44767.463,35.000,42.999,1253,1935,2.010,1.620,0.900,2,0,5.000,0,0,13,60,5,22,0
15-10 20:52:05,22.558,6.266,56.897,13.284,0,2040396,652612,176176,5054040,9579.744,1714.428,0,31645.741,0,2517.503,14317,24793,1.930,1.610,0.900,2,1,4.010,0,0,13,60,5,19,0
15-10 20:52:06,35.251,16.001,42.002,4.500,0.250,2206032,480496,176284,5060000,5644.237,1458.061,0,9304.391,0,868.036,10154,26168,1.930,1.610,0.900,3,0,148.006,0,0,14,85,5,30,0
15-10 20:52:07,11.998,19.497,65.741,0.500,0.500,2223032,463092,176284,5060300,5333.285,1619.783,0,5919.207,0,197.973,4110,6700,1.930,1.610,0.900,1,0,399.946,0,0,14,85,5,26,0
15-10 20:52:08,14.499,19.499,65.246,0.250,0,2228064,457780,176284,5060808,7059.534,1619.893,0,1015.933,0,51.997,4841,9941,1.930,1.610,0.900,1,0,323.979,0,0,14,85,5,26,0
15-10 20:52:09,41.256,9.751,48.757,0,0,2330020,355716,176292,5060940,8047.223,1768.269,0,856.130,0,41.006,2291,3180,1.930,1.610,0.900,2,0,127.019,0,0,14,86,5,26,0
15-10 20:52:10,32.700,10.234,55.915,0.998,0,2391036,293828,176308,5061724,7429.670,1617.533,0,4652.904,0,240.633,3134,4872,1.850,1.600,0.900,1,0,127.805,0,0,14,89,5,27,0
15-10 20:52:11,9.001,17.501,71.754,0.500,0,2398696,286116,176308,5061760,5521.315,1620.092,0,732.042,0,47.003,2808,4197,1.850,1.600,0.900,1,0,333.019,0,0,14,89,5,27,0
15-10 20:52:12,7.994,18.985,71.193,0,0.500,2394268,290512,176308,5061788,5299.776,1456.839,0,67.946,0,6.994,2606,3809,1.850,1.600,0.900,1,0,294.765,0,0,14,89,5,27,0
15-10 20:52:13,11.994,15.992,71.214,0,0.250,2405456,279304,176308,5061808,8815.486,1619.171,0,103.947,0,9.995,2313,3204,1.850,1.600,0.900,1,0,235.879,0,0,14,89,5,27,0
15-10 20:52:14,22.510,3.752,73.032,0.500,0,2451024,233720,176308,5061824,6178.675,1620.702,0,144.062,0,15.006,1710,2669,1.850,1.600,0.900,2,0,0,0,0,14,93,5,27,0
15-10 20:52:15,21.041,7.014,71.888,0,0.250,2439928,244676,176308,5061964,6085.715,1713.298,0,176.339,0,11.021,1871,2764,1.790,1.590,0.900,1,0,63.122,0,0,14,91,5,28,0
15-10 20:52:16,28.006,5.251,64.764,0.500,0,2492180,192088,176320,5062216,7434.643,1694.374,0,1240.274,0,174.038,3968,6974,1.790,1.590,0.900,2,0,9.002,0,0,14,106,5,28,0
15-10 20:52:17,24.431,9.722,64.816,0.499,0,2475468,208588,176320,5062428,9448.139,1657.288,0,3143.064,0,213.393,3174,5016,1.790,1.590,0.900,1,0,110.685,0,0,14,104,5,30,0
15-10 20:52:18,26.328,4.263,68.954,0.251,0,2539436,144608,176320,5064780,6297.622,1624.805,0,581.720,0,64.190,2293,5620,1.790,1.590,0.900,3,0,32.095,0,0,14,106,5,30,0
15-10 20:52:19,39.983,8.247,50.729,0.500,0,2525148,158688,176324,5062624,6954.100,1511.370,0,695.710,0,68.971,3014,5161,1.790,1.590,0.900,2,0,98.959,0,0,14,104,5,31,0
15-10 20:52:20,41.649,7.981,48.881,0.998,0.249,2541080,193840,175324,5013840,5504.629,1562.205,143.651,10905.511,12.968,761.151,2934,2767,1.800,1.600,0.910,1,0,31.922,0,0,14,110,5,32,0
15-10 20:52:21,22.245,4.249,72.735,0.250,0.250,2591964,142632,175324,5014164,10986.737,1619.666,195.960,299.938,12.997,19.996,1431,1786,1.800,1.600,0.910,1,0,27.994,0,0,14,110,5,32,0
15-10 20:52:22,21.555,4.512,72.436,0,0,2595200,139248,175324,5014312,6450.584,1624.176,0,264.680,0,14.036,1332,1821,1.800,1.600,0.910,2,0,51.131,0,0,14,110,5,33,0
15-10 20:52:23,20.755,7.252,70.267,0.750,0.250,2586748,164940,174324,4998120,9220.185,1620.384,56.013,1080.256,2.000,93.022,2708,4068,1.800,1.600,0.910,1,0,82.019,0,0,14,110,5,34,0
15-10 20:52:24,23.186,2.493,72.300,0.499,0,2626112,125488,174324,4998208,5618.443,1615.527,75.790,1639.460,1.994,100.721,1409,2055,1.800,1.600,0.910,1,0,0,0,0,14,110,5,35,0
15-10 20:52:25,21.995,4.499,72.733,0,0.250,2623076,128488,174324,4998244,5407.772,1767.599,19.995,0,1.000,0,1358,1786,1.740,1.580,0.910,1,0,54.988,0,0,14,110,5,35,0
15-10 20:52:26,27.011,4.752,66.526,1.250,0,2629248,130816,173928,4990144,5449.163,1694.673,836.332,1512.601,135.054,237.094,4111,8035,1.740,1.580,0.910,1,0,3.001,0,0,14,111,5,37,0
15-10 20:52:27,21.766,6.004,71.301,1.251,0,2635752,124264,173944,4990176,5640.072,1459.053,20.014,4459.220,5.004,285.206,2376,3618,1.740,1.580,0.910,1,0,54.039,0,0,14,113,5,37,0
15-10 20:52:28,29.186,2.744,66.104,0.499,0.249,2646592,123712,173576,4980288,7721.950,1690.268,71.841,965.867,5.987,105.766,3413,6012,1.740,1.580,0.910,2,0,0.998,0,0,14,117,5,37,0
15-10 20:52:29,29.532,5.005,63.819,0.501,0.250,2634008,145284,173468,4971424,6911.437,1621.745,716.771,1693.823,31.033,113.122,2753,4455,1.740,1.580,0.910,1,0,70.075,0,0,14,117,5,38,0
15-10 20:52:30,22.048,6.765,69.903,1.253,0,2613296,182420,173312,4955416,7495.415,1623.556,693.519,1026.247,30.066,127.279,2806,4721,1.680,1.580,0.910,1,0,93.204,0,0,14,117,5,39,0
15-10 20:52:31,20.717,5.491,73.631,0,0,2673700,121952,173324,4955468,6072.199,1617.390,35.942,806.698,7.987,49.919,1418,1993,1.680,1.580,0.910,1,0,53.913,0,0,14,117,5,39,0
15-10 20:52:32,27.250,2.500,69.249,0.500,0.250,2663152,133908,173304,4954080,6871.904,1693.976,0,967.986,0,99.999,2919,5312,1.680,1.580,0.910,1,0,0,0,0,14,119,5,39,0
15-10 20:52:33,34.079,11.777,53.374,1.002,0.251,2633148,160436,173304,4957556,6458.002,2120.927,3588.336,1270.952,92.214,104.242,4603,8499,1.680,1.580,0.910,3,0,273.636,0,0,14,117,5,39,0
15-10 20:52:34,24.686,3.491,70.069,0.249,0,2690012,119700,173032,4941968,5351.157,1757.453,0,989.440,0,72.812,1881,2925,1.680,1.580,0.910,1,0,15.959,0,0,14,117,5,39,0
15-10 20:52:35,20.027,15.021,63.337,0.501,0,2644656,181088,172824,4926260,9155.561,1728.371,412.566,4574.276,12.016,416.572,3755,4875,1.620,1.570,0.910,2,0,230.316,0,0,14,117,5,40,0
15-10 20:52:36,10.267,19.281,68.361,0.250,0.501,2646660,178308,172824,4927036,7210.717,1786.904,552.898,689.120,21.034,46.075,3309,5289,1.620,1.570,0.910,1,0,351.571,0,0,14,117,5,40,0
15-10 20:52:37,21.493,16.494,60.730,0.250,0.250,2674200,150292,172828,4927540,5656.105,1619.457,327.890,491.835,15.995,26.991,5108,10919,1.620,1.570,0.910,2,0,297.900,0,0,14,117,5,40,0
15-10 20:52:38,32.481,22.237,45.473,0,0,2700196,129124,172688,4922916,5730.579,1661.008,15.990,471.718,3.998,33.980,3410,6092,1.620,1.570,0.910,3,0,514.693,0,0,14,117,5,40,0
15-10 20:52:39,43.255,23.753,30.003,0.750,0,2813320,128584,170652,4814096,6085.645,1732.184,2116.224,8388.889,159.017,904.096,9558,16364,1.620,1.570,0.910,3,0,242.026,0,0,16,129,5,40,0
15-10 20:52:40,53.762,24.256,21.505,0.500,0,2919304,128744,168400,4712444,8748.995,1768.403,1100.251,3600.821,134.031,290.066,4471,6659,1.740,1.590,0.920,3,0,650.148,0,0,16,129,5,40,0
15-10 20:52:41,61.290,20.759,16.558,0.247,0,3013072,127180,165852,4624668,7466.486,1601.444,5172.071,1122.988,258.999,172.007,7627,18685,1.740,1.590,0.920,6,0,274.816,0,0,16,137,5,40,0
15-10 20:52:42,42.490,21.751,34.903,0,0,3084832,135116,164420,4548320,7588.595,1475.026,295.410,190.195,12.140,13.152,4005,6863,1.740,1.590,0.920,3,0,631.287,0,0,16,145,5,40,0
15-10 20:52:43,26.497,19.248,52.494,0.750,0.750,3127280,129040,164448,4513228,8131.122,1619.825,479.948,6067.345,38.996,429.954,5549,8890,1.740,1.590,0.920,6,0,322.965,0,0,17,147,5,40,0
15-10 20:52:44,29.188,20.456,49.395,0.249,0,3167388,128524,164448,4474188,6836.459,1706.371,259.448,315.329,10.977,18.960,3691,6366,1.740,1.590,0.920,2,0,419.109,0,0,17,147,5,40,0
15-10 20:52:45,34.096,21.812,43.122,0.251,0,3225568,128660,164452,4417388,7691.737,1624.591,4.011,2057.815,1.003,295.836,4885,9323,2.400,1.730,0.970,11,0,314.890,0,0,17,149,5,40,0
15-10 20:52:46,37.224,25.982,35.975,0.749,0.250,3337904,132236,164460,4303812,6057.820,1618.883,871.399,5104.478,14.990,396.726,6238,11364,2.400,1.730,0.970,3,0,470.675,0,0,17,163,5,40,0
15-10 20:52:47,33.266,23.261,42.520,0,0,3412268,137216,164460,4225788,5828.734,1690.793,48.023,660.310,3.001,67.031,4195,7591,2.400,1.730,0.970,6,0,576.270,0,0,17,167,5,40,0
15-10 20:52:48,13.247,21.245,63.486,0,0,3437712,121940,164464,4215736,5952.714,1619.650,3.999,247.946,1.000,21.995,4562,10889,2.400,1.730,0.970,2,0,439.905,0,0,17,169,5,39,0
15-10 20:52:49,24.008,16.255,57.769,0.250,0,3455520,127880,164460,4192496,6802.204,1628.528,4.001,460.149,1.000,37.012,5291,10342,2.400,1.730,0.970,4,0,207.067,0,0,17,175,5,39,0
15-10 20:52:50,43.154,9.230,45.399,0.748,0,3580952,129960,164464,4067592,7387.607,1636.369,47.894,8313.552,5.987,549.780,2583,3082,2.370,1.730,0.980,5,0,41.907,0,0,17,175,5,39,0
15-10 20:52:51,45.598,6.765,46.851,0.501,0,3689688,128708,164472,3962348,7164.411,1623.492,1358.923,276.595,39.084,46.099,2093,2998,2.370,1.730,0.980,2,0,5.011,0,0,17,180,5,39,0
15-10 20:52:52,28.265,17.009,52.778,0,0.250,3634720,185432,164484,3960552,5336.850,1620.866,124.066,444.237,11.006,21.011,3406,5518,2.370,1.730,0.980,5,0,455.243,0,0,17,179,5,35,0
15-10 20:52:53,40.231,23.489,34.983,0.250,0.250,3647940,169036,164500,3964044,8647.840,1619.221,1515.271,759.635,39.981,57.972,5358,17560,2.370,1.730,0.980,3,0,523.748,0,0,17,193,5,35,0
15-10 20:52:54,59.466,17.740,21.738,0.500,0,3731848,129004,164524,3921288,5680.779,1709.031,283.839,8431.219,9.994,421.761,5948,11014,2.370,1.730,0.980,6,0,198.887,0,0,17,199,5,36,0
15-10 20:52:55,78.535,16.007,6.003,0,0.500,3825688,126628,164532,3832020,5503.460,1620.724,472.211,1704.762,7.003,173.077,3162,5290,2.580,1.790,1,5,0,59.026,0,0,17,208,5,37,0
15-10 20:52:56,78.460,14.243,5.997,0.500,0,3873508,137044,164628,3775096,7467.177,1511.226,111.943,5880.989,7.996,191.902,4841,14215,2.580,1.790,1,5,0,63.967,0,0,17,218,5,43,0
15-10 20:52:57,49.050,27.278,23.024,0,0,3853264,187336,164660,3745376,6408.582,1641.686,20.021,900.925,3.003,42.043,6191,13298,2.580,1.790,1,3,0,552.567,0,0,17,219,5,44,0
15-10 20:52:58,50.225,23.738,24.238,0,0,3911900,124936,164660,3749140,6243.947,1693.172,0,551.730,0,26.987,6937,53644,2.580,1.790,1,6,0,233.886,0,0,17,220,5,44,0
15-10 20:52:59,53.748,26.999,18.749,0.250,0.500,3955988,119900,164660,3710220,5670.807,1619.945,4.000,22207.245,1.000,672.977,4523,6174,2.580,1.790,1,3,0,436.985,0,0,17,219,5,44,0
15-10 20:53:00,60.145,19.965,18.468,0.250,0,3987740,125932,164732,3672496,5530.372,1617.184,267.534,6380.891,24.957,575.997,7743,18210,3.650,2.020,1.080,6,0,230.599,0,0,17,221,5,43,0
15-10 20:53:01,51.597,27.051,20.288,0,0.501,4035356,139108,164736,3612704,6025.370,1623.063,4.008,753.422,1.002,72.136,4476,9019,3.650,2.020,1.080,4,0,505.955,0,0,17,227,5,43,0
15-10 20:53:02,60.736,22.995,15.996,0.250,0,4062552,179808,164740,3545624,9369.798,1689.603,91.978,923.783,6.998,68.984,6521,18614,3.650,2.020,1.080,4,0,254.940,0,0,17,233,5,42,0
15-10 20:53:03,64.971,13.994,20.241,0.500,0,4233064,135880,164744,3422052,7298.759,1619.281,0,4438.030,0,453.799,3532,4346,3.650,2.020,1.080,4,2,93.958,0,0,17,234,5,42,0
15-10 20:53:04,69.218,10.706,19.172,0.249,0,4299280,123752,164768,3368804,9544.051,1595.489,1338.537,5178.865,41.829,462.114,4900,8640,3.650,2.020,1.080,5,0,10.955,0,0,17,248,5,50,0
15-10 20:53:05,53.713,21.836,23.593,0.502,0,4266928,171668,164768,3353732,12155.110,1646.517,871.449,1301.150,28.111,162.644,5271,10066,3.600,2.040,1.090,3,0,543.150,0,0,17,248,5,54,0
15-10 20:53:06,44.460,23.229,30.223,0.749,0.250,4263664,171028,164860,3357844,9522.506,1618.556,4344.125,1857.343,81.927,106.905,6375,12011,3.600,2.040,1.090,3,0,366.673,0,0,17,248,5,55,0
15-10 20:53:07,72.095,18.024,8.762,0.250,0,4326952,170960,164860,3296068,6640.726,1622.131,560.737,716.942,7.009,47.062,3523,5726,3.600,2.040,1.090,3,0,202.266,0,0,18,251,5,55,0
15-10 20:53:08,58.054,13.704,26.411,0,0.249,4424804,147376,164876,3223320,9444.183,1614.561,769.408,482.375,6.976,24.916,2231,2904,3.600,2.040,1.090,5,0,12.956,0,0,18,251,5,44,0
15-10 20:53:09,45.647,16.302,36.116,1.003,0.251,4451788,149976,164904,3194280,5471.619,2179.016,898.894,7227.272,18.058,649.090,5331,8652,3.600,2.040,1.090,2,0,225.727,0,0,18,253,5,45,0
15-10 20:53:10,18.180,6.724,72.968,0.747,0.249,4444756,156780,164912,3194500,18686.850,4124.077,765.046,2311.077,5.977,151.415,2246,3308,3.470,2.040,1.090,2,0,7.969,0,0,18,254,5,45,0
15-10 20:53:11,20.259,6.753,72.532,0.250,0,4475760,125560,164912,3194716,373071.286,7247.153,800.348,280.122,8.003,25.011,2048,2809,3.470,2.040,1.090,1,0,11.005,0,0,18,259,5,45,0
15-10 20:53:12,27.599,12.545,58.461,0.251,0,4473860,120268,164916,3202020,16246418.338,94733.514,2605.392,309.114,29.105,22.080,7161,7166,3.470,2.040,1.090,3,0,244.883,0,0,18,263,5,44,0
15-10 20:53:13,41.358,9.218,49.082,0.498,0,4525140,134696,164916,3136880,5193.224,1560.658,1052.398,8698.226,18.935,377.707,2493,3181,3.470,2.040,1.090,3,0,31.891,0,0,18,263,5,44,0
15-10 20:53:14,26.859,6.276,65.517,0.502,0.251,4524968,141084,164896,3130784,5678.144,1743.105,871.552,718.930,31.127,76.311,4504,9151,3.470,2.040,1.090,2,0,5.020,0,0,18,278,5,48,0
15-10 20:53:15,23.971,7.741,67.668,0.499,0,4465860,187680,164896,3143380,5814.941,1691.946,295.641,707.142,10.987,85.896,3346,5854,3.270,2.020,1.090,2,0,99.879,0,0,18,277,5,49,0
15-10 20:53:16,16.443,12.207,68.511,0.747,0.249,4503524,149544,164912,3143836,6101.687,1614.361,263.081,2830.114,7.972,169.408,3642,5990,3.270,2.020,1.090,1,0,367.716,0,0,18,277,5,48,0
15-10 20:53:17,17.514,10.509,71.308,0,0,4474600,178384,164916,3143916,8269.781,1737.425,4.003,216.177,1.001,14.011,2120,3113,3.270,2.020,1.090,2,0,137.112,0,0,18,277,5,48,0
15-10 20:53:18,10.746,16.994,71.475,0.500,0.250,4480828,172128,164916,3143944,6080.908,1511.480,7.997,12763.609,1.000,62.978,3195,5096,3.270,2.020,1.090,1,0,315.891,0,0,18,277,5,46,0
15-10 20:53:19,8.244,8.993,80.936,0.250,0.250,4476236,176396,164916,3144268,5606.593,1618.728,283.777,159.874,29.976,11.991,2668,11656,3.270,2.020,1.090,0,0,241.810,0,0,18,277,5,47,0
15-10 20:53:20,15.057,2.760,81.055,0.251,0,4513748,138876,164916,3144276,6376.012,1571.920,0,16100.635,0,46.174,1372,1990,3.090,2.010,1.090,1,0,10.038,0,0,18,279,5,44,0
15-10 20:53:21,17.690,9.717,71.506,0,0.249,4476804,175656,164920,3144436,7987.706,1688.231,51.823,115.605,4.983,11.959,2449,3813,3.090,2.010,1.090,1,0,127.564,0,0,18,281,5,44,0
15-10 20:53:22,11.533,16.046,70.702,0,0.251,4484340,167944,164920,3144612,6595.884,1624.651,0,64.184,0,3.009,3183,5180,3.090,2.010,1.090,2,0,288.827,0,0,18,281,5,43,0
15-10 20:53:23,18.945,10.220,70.296,0.249,0,4519496,132508,164920,3144892,6035.479,1882.535,199.421,534.448,7.977,32.904,2502,4069,3.090,2.010,1.090,1,0,124.638,0,0,18,281,6,43,0
15-10 20:53:24,24.497,4.249,69.742,0.750,0,4570144,124028,164920,3103036,8200.016,1693.797,567.932,4023.517,24.997,488.941,2337,2556,3.090,2.010,1.090,3,0,3.000,0,0,18,287,6,41,0
15-10 20:53:25,24.739,3.249,70.468,0.750,0,4501008,222336,164924,3074052,6551.013,1511.311,915.582,523.761,20.990,80.963,2203,3393,2.920,1.990,1.090,1,0,7.996,0,0,18,289,6,41,0
15-10 20:53:26,23.750,4.250,71.001,0.500,0,4561292,161856,164924,3074248,10268.216,1694.036,96.002,720.015,23.000,47.001,1842,2684,2.920,1.990,1.090,1,0,2.000,0,0,18,289,6,41,0
15-10 20:53:27,25.008,3.001,71.024,0,0,4598564,124336,164924,3074496,6426.140,1620.540,228.076,100.033,8.003,9.003,1942,3011,2.920,1.990,1.090,1,0,2.001,0,0,18,295,6,39,0
15-10 20:53:28,24.570,3.761,71.956,0,0,4532580,190292,164924,3074524,5696.320,1570.499,28.080,88.253,1.003,6.017,1456,2096,2.920,1.990,1.090,1,0,15.043,0,0,18,289,6,39,0
15-10 20:53:29,17.757,8.253,72.030,0.250,0.250,4485216,236492,164924,3075688,6590.715,1620.668,1488.613,72.030,18.007,5.002,1936,2789,2.920,1.990,1.090,4,0,103.042,0,0,18,289,6,39,0
15-10 20:53:30,10.982,17.970,68.635,0,0.250,4489784,231712,164932,3075892,6113.766,1691.169,7.987,335.438,1.997,6.988,2976,4398,2.770,1.970,1.090,1,0,308.484,0,0,18,289,6,39,0
15-10 20:53:31,16.995,9.747,71.228,0.250,0.250,4513056,208052,164932,3076280,6208.107,1767.461,391.880,3.999,29.991,1.000,2245,3420,2.770,1.970,1.090,1,0,171.948,0,0,18,289,6,37,0
15-10 20:53:32,25.069,5.014,69.693,0,0,4531892,188900,164952,3076592,5689.766,1516.201,296.822,4.011,10.028,1.003,8332,16687,2.770,1.970,1.090,1,0,8.022,0,0,18,289,6,37,0
15-10 20:53:33,19.743,4.249,74.724,0.250,0,4506408,214028,164980,3076920,14794.866,5437.113,59.979,739.743,13.995,40.986,1799,2805,2.770,1.970,1.090,1,0,6.998,0,0,18,290,6,37,0
15-10 20:53:34,23.665,5.231,69.003,0.498,0.249,4538872,179532,165132,3078604,6152.019,1707.898,231.174,561.992,3.986,21.922,8950,17740,2.770,1.970,1.090,1,0,5.979,0,0,18,290,6,37,0
15-10 20:53:35,19.053,8.775,71.450,0,0,4486660,231852,165132,3078464,11445.969,1744.873,128.359,240.672,6.017,18.050,2206,3471,2.550,1.940,1.080,1,0,120.336,0,0,18,289,6,35,0
15-10 20:53:36,20.181,9.966,68.766,0.498,0,4528552,189772,165132,3078652,5415.603,1614.515,0,617.901,0,37.871,2469,3914,2.550,1.940,1.080,2,0,152.482,0,0,18,289,6,35,0
15-10 20:53:37,19.510,8.004,71.537,0,0,4498616,219584,165132,3078772,5818.037,1620.846,24.013,176.092,2.001,15.008,2280,3598,2.550,1.940,1.080,2,0,112.058,0,0,18,289,6,37,0
15-10 20:53:38,24.556,2.255,72.416,0.251,0.251,4486288,231908,165132,3078776,5538.672,1599.660,0,176.404,0,12.028,1463,2461,2.550,1.940,1.080,2,0,4.009,0,0,18,289,6,37,0
15-10 20:53:39,20.954,5.987,71.594,0,0,4541596,176596,165132,3078780,6072.767,1764.156,0,0,0,0,1759,2576,2.550,1.940,1.080,2,0,65.856,0,0,18,290,6,37,0
15-10 20:53:40,21.997,6.249,71.239,0,0,4507904,210088,165132,3078980,6792.947,1619.749,47.993,91.986,3.000,8.999,1819,2690,2.420,1.920,1.080,1,0,55.991,0,0,18,289,6,37,0
15-10 20:53:41,22.832,5.269,71.507,0,0.251,4497236,220740,165132,3078996,6710.143,1625.850,0,56.202,0,2.007,1837,2758,2.420,1.920,1.080,1,0,32.116,0,0,18,289,6,39,0
15-10 20:53:42,24.943,2.744,70.838,0,0,4480776,237092,165144,3079092,7476.923,1616.308,87.799,351.198,6.984,37.913,1987,3106,2.420,1.920,1.080,1,0,8.979,0,0,18,289,6,39,0
15-10 20:53:43,22.708,4.242,71.619,0.250,0.250,4541404,176460,165144,3079096,7298.643,1563.139,0,271.503,0,28.947,1850,2989,2.420,1.920,1.080,2,0,37.931,0,0,18,289,6,39,0
15-10 20:53:44,22.766,4.253,71.801,0,0,4530596,187112,165144,3079252,5592.949,1621.145,0,112.079,0,8.006,1670,2545,2.420,1.920,1.080,3,0,32.023,0,0,18,289,6,42,0
15-10 20:53:45,20.263,8.756,70.045,0.750,0.250,4504236,213424,165144,3079300,5601.602,1512.973,16.010,2381.531,1.001,332.214,2789,4113,2.310,1.910,1.080,3,0,88.057,0,0,18,289,6,42,0
15-10 20:53:46,24.017,4.003,70.800,0,0,4474520,243128,165144,3079312,5332.781,1695.202,0,232.165,0,16.011,1799,2704,2.310,1.910,1.080,2,0,26.018,0,0,18,289,6,44,0
15-10 20:53:47,22.789,4.508,72.122,0,0.250,4534228,183404,165144,3079328,7600.845,1622.742,0,216.366,0,12.020,1622,2355,2.310,1.910,1.080,1,0,23.039,0,0,18,292,6,44,0
15-10 20:53:48,22.177,4.485,71.515,0.249,0,4535620,181680,165144,3079660,6552.488,1614.699,195.359,211.306,17.941,15.948,1659,2610,2.310,1.910,1.080,3,0,13.954,0,0,18,289,6,45,0
15-10 20:53:49,28.258,2.501,66.768,1.000,0.250,4502224,214256,165144,3080480,6881.872,1620.441,696.189,1152.313,46.013,170.046,3789,6762,2.310,1.910,1.080,4,0,5.001,0,0,18,291,6,46,0
15-10 20:53:50,24.322,3.761,70.209,1.254,0,4537300,178976,165144,3080684,8161.263,1624.831,60.179,1444.294,6.018,117.349,2490,4128,2.280,1.910,1.090,1,0,0,0,0,18,293,6,46,0
15-10 20:53:51,19.019,13.763,66.065,0.500,0,4492056,224128,165144,3080776,6680.527,1567.531,32.031,1489.455,1.001,134.131,3973,6840,2.280,1.910,1.090,1,0,311.304,0,0,18,291,6,47,0
15-10 20:53:52,10.996,20.493,67.228,0,0,4499444,216708,165144,3080808,6064.980,1511.497,0,651.783,0,39.987,3965,6547,2.280,1.910,1.090,2,0,547.818,0,0,18,291,6,47,0
15-10 20:53:53,14.995,18.993,65.227,0.500,0,4499928,216080,165144,3080952,5805.910,1619.417,0,1087.608,0,65.976,4419,7993,2.280,1.910,1.090,1,0,540.805,0,0,18,291,6,47,0
15-10 20:53:54,12.249,21.249,65.246,0.250,0.250,4496992,218980,165144,3080988,7479.514,1619.895,0,739.952,0,53.996,3749,6487,2.280,1.910,1.090,3,0,448.971,0,0,18,291,6,47,0
15-10 20:53:55,10.255,21.260,67.783,0,0.250,4500872,215076,165144,3081012,5394.627,1768.861,0,1336.651,0,124.060,3402,5171,2.180,1.890,1.090,1,0,408.199,0,0,18,291,6,45,0
15-10 20:53:56,9.481,21.705,67.362,0,0,4500860,215060,165144,3081040,6696.233,1690.524,0,383.212,0,26.945,3850,6326,2.180,1.890,1.090,1,0,506.958,0,0,18,291,6,45,0
15-10 20:53:57,10.520,20.789,67.878,0.250,0.250,4501076,214780,165144,3081072,5006.437,1623.059,0,1855.498,0,119.225,3986,6712,2.180,1.890,1.090,4,0,544.025,0,0,18,291,6,38,0
15-10 20:53:58,10.738,17.481,69.923,0,0.250,4505048,210712,165148,3081164,7318.964,1692.142,47.947,143.842,3.996,11.987,3028,4787,2.180,1.890,1.090,1,0,355.610,0,0,18,291,6,38,0
15-10 20:53:59,20.697,9.476,68.825,0,0,4525812,261560,165156,3017316,5199.751,1454.294,11.970,2429.809,1.995,28.926,9643,18894,2.180,1.890,1.090,1,0,36.906,0,0,18,291,6,38,0
15-10 20:54:00,10.749,2.500,85.741,0.250,0,4542656,242436,165196,3019204,11460.762,3659.605,0,795.914,0,6.999,1309,2057,2.010,1.860,1.080,0,0,3.000,0,0,18,292,6,38,0
15-10 20:54:01,15.998,1.750,80.239,0.500,0.250,4548560,236136,165216,3019548,19845.242,7102.013,135.981,1319.817,13.998,86.988,1888,3020,2.010,1.860,1.080,1,0,0,0,0,18,293,6,35,0
15-10 20:54:02,18.032,2.004,78.388,1.002,0,4550352,233644,165216,3020212,22080.796,12325.656,661.162,2640.640,44.077,130.229,1791,2707,2.010,1.860,1.080,1,0,0,0,0,18,293,6,35,0
15-10 20:54:03,12.730,2.246,83.370,0.998,0,4561124,221828,165216,3021224,22778.397,10677.311,718.876,1385.834,43.931,60.905,1839,2827,2.010,1.860,1.080,2,0,0,0,0,18,293,6,32,0
15-10 20:54:04,17.740,1.749,78.704,0.500,0.250,4565100,217292,165216,3021752,20111.255,11498.285,423.753,1311.234,30.982,55.967,1711,2679,2.010,1.860,1.080,1,0,0,0,0,18,293,6,32,0
15-10 20:54:05,18.763,0.751,78.805,1.001,0,4575268,206456,165240,3022396,26316.316,11545.035,576.401,2493.736,38.026,112.078,1803,2699,1.930,1.850,1.080,1,0,0,0,0,18,293,6,20,0
15-10 20:54:06,19.504,6.001,70.763,1.750,0.250,4582564,155384,165536,3064272,6709.248,2497.465,11334.108,3696.688,231.043,91.017,2405,3406,1.930,1.850,1.080,1,0,2.000,0,0,18,292,6,20,1
15-10 20:54:07,21.507,4.502,70.774,3.251,0,4598596,119440,165836,3082000,6455.221,1620.557,0,11155.838,0,665.229,2573,3195,1.930,1.850,1.080,1,0,0,0,0,18,292,6,19,1
15-10 20:54:08,22.546,3.257,72.146,0.752,0,4603652,132656,166524,3061348,5663.497,1863.783,0,2308.687,0,84.171,1586,2444,1.930,1.850,1.080,1,0,0,0,0,18,291,6,19,0
15-10 20:54:09,23.953,2.994,71.860,0,0.250,4556276,177916,166636,3063348,4836.578,1616.850,395.230,19.961,5.988,1.996,2493,4347,1.930,1.850,1.080,2,0,10.979,0,0,18,291,6,19,0
15-10 20:54:10,23.488,6.247,68.464,0,0.250,4562292,171452,166644,3063780,7735.915,1619.145,0,83.956,0,0.999,9904,19807,1.850,1.830,1.080,1,0,12.993,0,0,18,291,6,18,0
15-10 20:54:11,24.333,5.519,69.739,0,0,4520716,212936,166644,3063840,5511.906,1774.085,84.289,1986.815,3.010,47.162,6563,12527,1.850,1.830,1.080,1,0,13.045,0,0,18,291,6,18,0
15-10 20:54:12,25.430,5.734,67.065,0,0,4518012,215596,166644,3063856,5303.347,1615.536,0,43739.149,0,113.686,9074,17814,1.850,1.830,1.080,1,0,52.854,0,0,18,291,6,18,0
15-10 20:54:13,23.491,6.248,68.724,0.250,0.250,4562528,171072,166644,3063864,5007.097,1457.446,0,1167.556,0,26.990,8709,17481,1.850,1.830,1.080,1,0,15.994,0,0,18,291,6,18,0
15-10 20:54:14,23.985,6.246,68.956,0,0,4561620,171872,166644,3063972,6122.064,1618.959,0,463.702,0,19.987,9164,18488,1.850,1.830,1.080,3,0,12.992,0,0,18,291,6,16,0
15-10 20:54:15,23.588,3.764,72.520,0,0,4538760,194832,166644,3063872,8636.187,1626.060,0,8.030,0,2.007,1515,2092,1.780,1.820,1.080,1,0,9.034,0,0,18,291,6,16,0
15-10 20:54:16,21.927,5.731,71.014,0,0.249,4515588,218000,166644,3063876,6719.657,1614.631,0,179.403,0,6.977,2151,3275,1.780,1.820,1.080,1,0,95.682,0,0,18,291,6,13,0
15-10 20:54:17,23.065,6.518,69.947,0,0,4543420,173720,167324,3077728,9669.277,1666.702,4.011,8.023,1.003,2.006,9223,17774,1.780,1.820,1.080,1,0,9.025,0,0,18,291,6,13,0
15-10 20:54:18,3.490,1.247,93.488,0,0,4546564,170444,167336,3077844,15474.594,3776.407,0,1001.192,0,3.989,1124,1760,1.780,1.820,1.080,1,0,0.997,0,0,18,292,6,13,0
15-10 20:54:19,22.746,3.249,73.486,0.250,0,4541572,175164,167376,3078036,17360.615,7881.463,0,579.887,0,18.996,1985,4873,1.780,1.820,1.080,1,0,33.993,0,0,18,293,6,14,0
15-10 20:54:20,14.208,1.246,81.507,0.997,0.249,4543144,173176,167472,3078308,52277.058,16503.769,0,1635.122,0,56.830,1681,2385,1.720,1.810,1.080,1,0,0,0,0,18,293,6,13,0
15-10 20:54:21,11.564,1.508,84.470,0.754,0,4545728,170180,167608,3078512,131422.894,15579.764,0,1830.192,0,90.504,2078,3053,1.720,1.810,1.080,1,0,0,0,0,18,294,6,13,0
15-10 20:54:22,17.966,1.497,78.101,0.749,0.499,4559368,156348,167660,3078616,18761.091,10709.502,0,1361.394,0,98.811,1715,2206,1.720,1.810,1.080,1,0,1.996,0,0,18,294,6,13,0
15-10 20:54:23,15.983,1.998,79.667,0.999,0,4570696,144532,167760,3078916,213102.668,17749.399,0,1802.111,0,94.901,2170,2954,1.720,1.810,1.080,0,0,0,0,0,18,295,6,13,1
15-10 20:54:24,8.502,1.750,87.022,1.750,0,4571112,143580,167900,3079160,112232.170,17233.326,24.006,2248.564,4.001,116.029,1828,2789,1.720,1.810,1.080,0,0,0,0,0,18,295,6,13,1
15-10 20:54:25,15.251,1.250,81.253,0.500,0,4576288,133780,168000,3083640,34441.481,10919.470,92.004,1180.051,7.000,55.002,1592,2288,1.660,1.790,1.080,1,0,0,0,0,18,295,6,13,1
15-10 20:54:26,9.256,3.002,84.804,0.750,0.250,4580624,126376,168080,3086536,6854397.688,64433.851,0,32456.577,0,393.249,4429,4181,1.660,1.790,1.080,0,0,6.004,0,0,18,295,6,13,1
15-10 20:54:27,9.777,3.510,83.980,1.253,0.251,4581568,144976,168244,3067036,11043668.346,77141.829,136.373,14174.740,5.014,87.238,5351,4357,1.660,1.790,1.080,1,0,9.025,0,0,18,295,6,13,1
15-10 20:54:28,23.745,2.749,72.984,0.750,0,4579588,127916,168996,3083692,6628.575,1693.636,31.993,1867.598,2.999,79.983,1558,2273,1.660,1.790,1.080,6,0,0,0,0,18,295,6,13,1
15-10 20:54:29,22.507,5.502,69.273,2.001,0,4581132,130304,171800,3074404,5445.797,1620.535,0,77453.560,0,356.118,2199,3099,1.660,1.790,1.080,1,0,0,0,0,18,295,6,13,1
15-10 20:54:30,22.003,5.251,72.259,1.000,0.250,4598964,130580,172728,3053320,6063.722,1620.193,0,2048.244,0,102.012,1725,2530,1.610,1.780,1.080,1,0,0,0,0,18,295,6,13,1
15-10 20:54:31,21.751,5.000,71.004,1.000,0,4597912,131644,174540,3049304,5698.342,1620.097,0,3136.188,0,134.008,2057,3220,1.610,1.780,1.080,1,0,0,0,0,18,295,6,13,1
15-10 20:54:32,22.003,4.250,71.508,0.500,0.500,4598448,130632,175468,3047280,5948.684,1620.186,0,3276.377,0,73.008,1589,2551,1.610,1.780,1.080,1,0,0,0,0,18,295,6,13,1
15-10 20:54:33,21.251,1.750,75.504,0.750,0,4496564,258120,175844,3020508,13450.673,4127.206,20.001,1952.098,3.000,73.004,1815,2642,1.610,1.780,1.080,1,0,2.000,0,0,18,293,6,13,0
15-10 20:54:34,23.511,5.002,69.284,0.500,0,4550272,202448,175848,3022384,5776.808,1784.867,0,1076.523,0,13.006,8009,15964,1.610,1.780,1.080,2,0,8.004,0,0,18,293,6,13,0
15-10 20:54:35,22.918,4.484,71.743,0,0,4540600,211972,175856,3022524,11077.255,1687.944,0,83.700,0,0.996,2494,4029,1.560,1.770,1.080,1,0,8.968,0,0,18,293,6,13,0
15-10 20:54:36,23.814,7.270,67.682,0,0.251,4539068,213476,175856,3022540,5173.928,1624.373,0,2053.528,0,22.059,8902,17789,1.560,1.770,1.080,1,0,14.038,0,0,18,293,5,13,0
15-10 20:54:37,37.280,9.258,52.042,0.250,0,4558172,191720,176032,3024408,6267.108,1663.356,680.555,748.610,8.007,17.014,1774,2188,1.560,1.770,1.080,2,0,14.011,0,0,18,293,5,13,0
15-10 20:54:38,33.722,5.745,58.700,0.749,0,4557412,190508,176200,3026076,6198.768,1660.598,1458.769,2350.017,37.968,165.860,5212,9440,1.560,1.770,1.080,1,0,3.997,0,0,18,297,5,16,0
15-10 20:54:39,16.979,13.483,66.418,1.248,0,4511064,236156,176204,3026752,7945.132,1456.191,527.345,5297.421,25.968,543.325,5024,8542,1.560,1.770,1.080,1,0,299.628,0,0,18,295,5,18,0
15-10 20:54:40,11.225,9.479,69.843,7.483,0,4487952,237504,176204,3048508,8516.863,1616.368,21663.323,1181.346,973.812,65.852,4350,5585,1.510,1.750,1.080,1,0,148.666,0,0,18,295,5,20,0
15-10 20:54:41,6.756,3.753,82.820,7.006,0,4483424,236244,176208,3054284,9057.708,2641.248,5680.834,1100.937,1096.933,15.013,3080,4398,1.510,1.750,1.080,0,0,6.005,0,0,18,296,5,20,0
15-10 20:54:42,2.749,1.249,94.199,0.500,0.500,4483424,236244,176208,3054284,47564.458,5158.230,0,1563.161,0,77.958,1470,2357,1.510,1.750,1.080,0,0,0,0,0,18,296,5,18,0
15-10 20:54:43,15.512,5.254,77.308,1.501,0,4491684,215360,176240,3066820,38235.753,2227.675,11108.353,1024.771,203.153,42.032,2485,3692,1.510,1.750,1.080,1,0,31.023,0,0,18,295,5,18,0
15-10 20:54:44,23.067,5.516,70.957,1.504,0.251,4535856,168236,176264,3069692,9691.328,1698.966,2639.716,990.896,182.534,61.179,3326,5294,1.510,1.750,1.080,1,0,46.135,0,0,18,295,5,15,0
15-10 20:54:45,16.437,3.238,78.697,0.249,0,4571644,132044,176308,3070032,145180.346,7770.101,139.463,2653.788,15.939,122.529,1749,2654,1.390,1.720,1.070,0,0,3.985,0,0,18,297,5,15,0
15-10 20:54:46,26.878,3.768,68.575,0.251,0,4552436,150220,176412,3070760,10192.373,1880.927,233.106,401.907,14.067,8.038,12856,25875,1.390,1.720,1.070,3,0,7.033,0,0,18,295,5,13,0
15-10 20:54:47,25.893,1.245,71.454,0,0,4552408,150220,176416,3070780,7275.878,1687.016,0,0,0,0,1381,1889,1.390,1.720,1.070,1,0,3.984,0,0,18,295,5,13,0
15-10 20:54:48,14.751,2.750,81.255,0.250,0.250,4524988,177392,176416,3071028,8589.550,2742.175,32.002,500.032,4.000,13.001,1455,2148,1.390,1.720,1.070,0,0,3.000,0,0,18,296,5,12,0
15-10 20:54:49,4.001,1.000,93.528,0.500,0.250,4525452,176888,176416,3071068,9803.961,2560.773,20.006,484.146,2.001,64.019,1698,2947,1.390,1.720,1.070,3,0,0,0,0,18,296,5,12,0
15-10 20:54:50,2.495,0.748,94.791,0.249,0,4526352,175880,176416,3071176,9067.043,2455.595,0,371.183,0,23.947,1142,1918,1.280,1.690,1.070,1,0,0,0,0,18,296,5,11,0
15-10 20:54:51,2.252,0.250,95.325,0,0.250,4526596,175628,176424,3071176,14302.199,1951.528,0,96.075,0,15.012,1311,2214,1.280,1.690,1.070,1,0,0,0,0,18,296,5,11,0
15-10 20:54:52,5.003,1.001,92.805,0.250,0,4527220,174900,176452,3071220,30728.283,4735.818,0,472.281,0,21.013,1211,1937,1.280,1.690,1.070,0,0,0,0,0,18,297,5,11,0
15-10 20:54:53,5.000,0.750,92.496,0.500,0,4528684,172660,176496,3071948,388330.690,8754.632,0,999.958,0,32.999,1731,2742,1.280,1.690,1.070,0,0,1.000,0,0,18,297,6,10,0
15-10 20:54:54,2.249,1.000,95.723,0,0.250,4528684,172660,176496,3071948,6220.271,1693.529,0,83.977,0,11.997,1129,1912,1.280,1.690,1.070,0,0,0,0,0,18,297,6,10,0
15-10 20:54:55,3.501,0.500,94.019,0,0,4528672,172660,176496,3071960,14295.959,1950.404,0,168.035,0,11.002,1301,2056,1.180,1.670,1.060,2,0,0,0,0,18,297,6,10,0
15-10 20:54:56,5.001,1.500,92.524,0,0,4528564,172660,176496,3072068,6105.612,1620.428,0,0,0,0,2204,4054,1.180,1.670,1.060,0,0,0,0,0,18,297,6,10,0
15-10 20:54:57,6.499,1.500,91.491,0.250,0.250,4528796,172408,176496,3072084,10364.974,1825.819,0,127.987,0,15.998,1644,2579,1.180,1.670,1.060,0,0,2.000,0,0,18,297,6,12,0
15-10 20:54:58,2.500,0.250,96.008,0,0,4528792,172408,176496,3072088,8585.747,1686.147,0,8.001,0,2.000,1035,1771,1.180,1.670,1.060,0,0,0,0,0,18,297,6,12,0
15-10 20:54:59,1.249,1.749,94.709,0.500,0.500,4530332,170784,176496,3072100,10198.553,1577.312,0,25400.925,0,386.831,1861,2397,1.180,1.670,1.060,0,0,0,0,0,18,297,6,12,0
15-10 20:55:00,2.001,1.000,95.782,0.250,0,4530472,170784,176496,3072100,15216.128,1772.597,0,896.302,0,33.011,1139,1870,1.080,1.640,1.060,0,0,0,0,0,18,297,6,12,0
15-10 20:55:01,2.500,1.750,95.253,0,0,4530468,170784,176500,3072100,5774.202,1768.062,0,80.003,0,12.000,1201,1907,1.080,1.640,1.060,0,0,0,0,0,18,297,6,12,0
15-10 20:55:02,2.250,0.250,95.495,0,0,4530464,170784,176500,3072104,6336.645,1619.909,0,59.997,0,7.000,1183,1972,1.080,1.640,1.060,0,0,0,0,0,18,297,6,12,0
15-10 20:55:03,1.750,1.500,95.745,0.250,0,4530464,170784,176500,3072104,7189.612,1619.913,0,215.988,0,20.999,1325,2249,1.080,1.640,1.060,0,0,0,0,0,18,297,6,12,0
15-10 20:55:04,10.001,3.500,84.256,0.500,0.250,4539092,160676,176552,3073476,792451.679,13046.900,0,104291.196,0,579.040,3162,4331,1.080,1.640,1.060,0,0,1.000,0,0,18,297,6,12,0
15-10 20:55:05,11.040,5.018,82.302,0.753,0,4544328,153492,176700,3075236,866239.769,17646.675,477.751,2958.844,24.088,37.136,2620,3718,1.240,1.660,1.070,2,0,144.530,0,0,18,297,6,12,0
15-10 20:55:06,14.445,1.245,81.687,0.249,0,4547092,140724,176720,3085160,5083465.494,23452.225,0,5164.231,0,28.889,2903,2973,1.240,1.660,1.070,0,0,1.992,0,0,18,297,6,12,0
15-10 20:55:07,8.506,2.251,87.557,0.500,0.500,4547112,140004,176856,3085688,323339.848,9256.007,0,1444.938,0,55.036,1659,2377,1.240,1.660,1.070,0,0,4.003,0,0,18,297,6,12,0
15-10 20:55:08,6.494,0.749,91.161,0.500,0.250,4546152,139780,176952,3086740,584823.873,6575.556,0,1042.978,0,14.985,1334,2005,1.240,1.660,1.070,0,0,2.997,0,0,18,297,6,12,0
15-10 20:55:09,5.502,1.250,91.283,0.750,0,4545640,139816,177020,3087116,218728.617,6141.235,4.001,1956.712,1.000,249.091,1906,2423,1.240,1.660,1.070,0,0,2.001,0,0,18,297,6,12,0
15-10 20:55:10,10.534,2.257,85.275,0.752,0,4545580,138876,177248,3087764,380621.362,13144.351,0,4257.718,0,76.246,1913,2626,1.140,1.630,1.060,2,0,2.006,0,0,18,297,6,12,0
15-10 20:55:11,10.997,2.249,84.726,0.750,0.250,4545180,137084,177484,3089628,1040734.472,13191.267,0,2199.378,0,38.989,1977,2635,1.140,1.630,1.060,1,0,5.998,0,0,18,297,6,12,0
15-10 20:55:12,11.214,1.495,85.225,0.498,0,4548716,131092,177680,3091788,1228237.163,14169.318,0,2117.174,0,29.904,1757,2296,1.140,1.630,1.060,1,0,3.987,0,0,18,297,6,12,0
15-10 20:55:13,13.755,4.001,81.278,1.000,0,4553852,132904,177876,3084520,1121337.347,9906.457,0,12700.432,0,273.095,2308,2985,1.140,1.630,1.060,1,0,6.002,0,0,18,297,6,12,0
15-10 20:55:14,26.007,0.750,72.020,0.250,0.250,4544320,141860,177900,3085080,444582.705,8866.447,48.013,832.230,2.001,16.004,1934,2449,1.140,1.630,1.060,1,0,0,0,0,18,297,6,12,0
15-10 20:55:15,17.488,1.249,79.944,0,0.250,4559032,121196,177920,3091012,3117474.238,11470.017,0,3221.758,0,12.991,1858,1835,1.050,1.610,1.050,0,0,0.999,0,0,18,297,6,12,0
15-10 20:55:16,9.503,2.251,86.281,1.000,0,4559800,131716,178124,3079468,1019674.004,13645.858,0,11960.258,0,147.052,1936,2414,1.050,1.610,1.050,0,0,4.001,0,0,18,297,6,12,0
15-10 20:55:17,10.006,1.001,87.051,0.500,0.250,4560252,129644,178248,3080928,827599.974,8637.061,0,1905.116,0,41.024,1676,2266,1.050,1.610,1.050,0,0,5.003,0,0,18,297,6,12,0
15-10 20:55:18,12.750,6.250,77.751,0.500,0,4560292,156224,178384,3055444,14695174.037,58825.765,568.007,14732.192,26.000,34.000,5058,3760,1.050,1.610,1.050,1,0,90.001,0,0,18,297,6,12,0
15-10 20:55:19,23.966,3.495,71.148,0.499,0,4561960,152824,178540,3056952,995423.581,13868.058,0,1757.473,0,33.951,2760,4693,1.050,1.610,1.050,0,0,35.948,0,0,18,297,6,12,0
15-10 20:55:20,22.762,1.501,74.539,0,0.250,4577216,123016,178560,3071452,7698508.129,38123.710,0,960.497,0,32.017,3247,2373,0.960,1.580,1.050,1,0,1.001,0,0,18,297,6,12,0
15-10 20:55:21,16.262,4.003,78.057,1.251,0,4571488,173216,178724,3028216,6022235.120,35078.432,0,54959.846,0,240.174,3410,2845,0.960,1.580,1.050,1,0,3.002,0,0,18,297,6,12,0
15-10 20:55:22,7.499,1.250,89.990,0.500,0.250,4571296,172768,178868,3028680,259025.953,9180.935,0,955.889,0,23.997,1435,2094,0.960,1.580,1.050,0,0,1.000,0,0,18,297,6,12,0
15-10 20:55:23,15.498,2.250,79.742,1.000,0,4567132,170204,179056,3035108,3335133.146,18218.105,0,4635.518,0,67.993,2603,3246,0.960,1.580,1.050,1,0,3.000,0,0,18,297,6,12,0
15-10 20:55:24,9.997,1.250,87.221,0.500,0.250,4567324,168692,179244,3036204,608543.312,9616.750,0,1799.392,0,46.984,1619,2288,0.960,1.580,1.050,0,0,1.999,0,0,18,297,6,12,0
15-10 20:55:25,6.998,1.250,90.721,0.500,0,4567844,167684,179376,3036496,169473.091,8234.332,0,1015.671,0,33.989,1383,2015,0.890,1.550,1.040,0,0,1.000,0,0,18,297,6,12,0
15-10 20:55:26,16.259,0.500,82.296,0.250,0.250,4571460,162528,179508,3037824,758553.238,8820.887,0,1376.763,0,21.012,1606,2230,0.890,1.550,1.040,0,0,2.001,0,0,18,297,6,12,0
15-10 20:55:27,12.750,1.250,84.503,0.750,0,4574560,156708,179704,3040268,1306494.421,11561.393,8.000,2292.078,1.000,34.001,1792,2408,0.890,1.550,1.040,1,0,6.000,0,0,18,297,6,12,0
15-10 20:55:28,13.750,1.000,84.001,0.250,0,4577368,153208,179848,3040752,289374.472,9580.115,0,1024.012,0,24.000,1380,2040,0.890,1.550,1.040,1,0,1.000,0,0,18,297,6,12,0
15-10 20:55:29,11.747,1.250,85.980,0.500,0.500,4582004,144528,180016,3044548,1988326.708,14172.712,0,2975.310,0,41.990,2069,2729,0.890,1.550,1.040,1,0,2.000,0,0,18,297,6,12,0
15-10 20:55:30,6.250,1.250,90.507,0.500,0,4582280,144024,180108,3044684,91474.226,5826.460,0,888.070,0,37.003,1275,1899,0.810,1.530,1.040,0,0,0,0,0,18,297,6,12,0
15-10 20:55:31,19.305,0.752,79.226,0.501,0,4587336,136884,180276,3046524,1109000.870,13296.923,0,2298.555,0,92.263,1940,2406,0.810,1.530,1.040,0,0,4.011,0,0,18,297,6,12,0
15-10 20:55:32,14.461,0.997,82.278,0,0,4586628,136660,180400,3047252,367884.711,6687.943,0,1009.275,0,20.943,1451,2101,0.810,1.530,1.040,1,0,2.992,0,0,18,297,6,12,0
15-10 20:55:33,20.003,1.500,77.261,0.750,0.250,4587636,134476,180556,3048236,557296.579,9798.382,0,1700.240,0,52.007,1942,2769,0.810,1.530,1.040,1,0,4.001,0,0,18,297,6,12,0
15-10 20:55:34,18.248,1.500,77.492,0.750,0,4592416,140504,180640,3037420,741462.595,9243.085,487.952,14066.607,4.000,169.983,1788,2094,0.810,1.530,1.040,0,0,1.000,0,0,18,297,6,12,0
15-10 20:55:35,20.756,2.251,75.772,0.250,0,4612148,146304,180712,3011880,37897.801,2659.758,0,416.119,0,16.005,1395,2033,0.830,1.520,1.040,1,0,1.000,0,0,18,297,6,12,0
15-10 20:55:36,27.082,2.006,71.216,0,0.251,4618600,139780,180740,3011892,5364.264,1624.927,0,132.401,0,13.040,1605,2319,0.830,1.520,1.040,2,0,1.003,0,0,18,297,6,12,0
15-10 20:55:37,40.611,9.468,47.837,0.249,0.249,4648776,154872,180740,2967112,6220.744,1634.415,510.256,294.992,3.986,14.949,12387,23927,0.830,1.520,1.040,2,0,14.949,0,0,18,297,6,12,0
15-10 20:55:38,28.752,7.251,58.504,5.500,0,4629420,139220,181684,2999160,6481.454,1620.113,13380.937,0,755.053,0,4304,5872,0.830,1.520,1.040,2,1,4.000,0,0,18,297,6,12,0
15-10 20:55:39,20.252,4.250,71.508,2.250,0,4629576,142652,182084,2994792,6466.757,1620.190,3516.411,2360.276,325.038,120.014,2528,4129,0.830,1.520,1.040,1,0,7.001,0,0,18,297,6,12,0
15-10 20:55:40,28.591,9.781,58.686,0.251,0,4647740,149036,182084,2970172,7152.660,1625.148,0,21307.502,0,172.547,34140,71983,0.840,1.510,1.040,1,0,5.016,0,0,18,297,6,5,0
15-10 20:55:41,21.684,6.730,70.536,0,0.249,4646932,138084,183460,2978188,6058.654,1654.989,39.879,0,5.982,0,4046,7590,0.840,1.510,1.040,2,0,0,0,0,18,297,6,5,0
15-10 20:55:42,23.837,3.764,72.012,0,0,4618588,196896,183484,2950124,6390.228,1625.910,0,0,0,0,1678,2705,0.840,1.510,1.040,1,0,1.004,0,0,18,297,6,3,0
15-10 20:55:43,25.159,1.495,70.745,0.249,0.249,4606196,208688,183504,2950704,5808.079,1614.186,0,1414.904,0,40.853,1767,2667,0.840,1.510,1.040,1,0,0.996,0,0,18,297,6,3,0
15-10 20:55:44,25.994,2.250,71.485,0.250,0.500,4620044,194880,183512,2950656,6543.593,1565.663,0,2123.543,0,129.972,1683,2440,0.840,1.510,1.040,1,0,0,0,0,18,297,6,3,0
15-10 20:55:45,26.598,1.004,72.518,0,0,4605912,209020,183516,2950644,7753.665,1626.011,0,13574.184,0,51.189,1359,1961,0.860,1.500,1.040,1,0,0,0,0,18,297,6,3,0
15-10 20:55:46,21.429,4.236,71.512,1.246,0,4608356,182252,183920,2972592,5585.412,1614.627,3.987,3476.430,0.997,140.532,1915,2924,0.860,1.500,1.040,2,0,0,0,0,18,297,6,3,0
15-10 20:55:47,22.745,3.499,71.985,0.750,0,4599644,170180,184832,2989924,6399.669,1619.663,0,2207.541,0,89.981,1899,2750,0.860,1.500,1.040,1,0,2.000,0,0,18,297,6,3,0
15-10 20:55:48,22.745,3.999,71.985,0.250,0.250,4600260,146404,185452,3010896,6942.549,1511.684,0,1247.739,0,18.996,1425,2112,0.860,1.500,1.040,1,0,0,0,0,18,297,6,3,0
15-10 20:55:49,22.091,6.276,68.783,1.757,0,4602984,144460,186420,3007388,6580.044,1700.991,36.149,88451.536,2.008,473.948,2671,3836,0.860,1.500,1.040,1,0,0,0,0,18,297,6,3,0
15-10 20:55:50,24.158,2.989,71.726,0.747,0,4601132,143188,187236,3008492,7092.919,1687.557,3.985,1797.139,0.996,53.795,1596,2409,0.870,1.490,1.040,4,0,0,0,0,18,297,6,3,0
15-10 20:55:51,21.495,5.499,71.734,0.500,0,4600252,138960,191636,3005056,7432.335,1619.637,0,5594.747,0,67.985,1608,2265,0.870,1.490,1.040,2,0,0,0,0,18,297,6,3,0
15-10 20:55:52,21.504,4.751,71.763,1.000,0,4599272,136732,192948,3005120,6662.239,1566.291,0,3364.626,0,115.021,1795,2637,0.870,1.490,1.040,2,0,0,0,0,18,297,6,3,0
15-10 20:55:53,22.001,6.250,70.503,0.750,0.250,4597732,137772,193844,3004504,6257.269,1620.070,0,1828.079,0,56.002,1734,2671,0.870,1.490,1.040,3,0,0,0,0,18,297,6,3,0
15-10 20:55:54,20.580,5.521,72.280,0.753,0.251,4597732,139336,195588,2999176,6013.302,1626.302,0,3409.211,0,94.366,1629,2658,0.870,1.490,1.040,1,0,0,0,0,18,297,6,3,0
15-10 20:55:55,22.403,4.978,71.689,0.498,0,4593584,140280,197424,2998264,5843.679,1505.477,0,1804.182,0,42.814,1424,2275,0.880,1.480,1.030,2,0,0,0,0,18,297,6,3,0
15-10 20:55:56,23.090,4.267,72.030,0,0,4594744,143188,198176,2992584,5181.160,1626.328,0,4.016,0,1.004,1444,2405,0.880,1.480,1.030,1,0,0,0,0,18,297,6,3,0
15-10 20:55:57,25.149,2.739,71.213,0,0,4618968,141508,198364,2970276,8363.246,1633.408,0,0,0,0,1357,2098,0.880,1.480,1.030,1,0,1.992,0,0,18,297,6,3,0
15-10 20:55:58,26.280,1.752,70.330,0,0.250,4620276,132516,198676,2977188,9613.998,1695.940,0,2342.680,0,7.008,1622,2125,0.880,1.480,1.030,1,0,0,0,0,18,297,6,1,0
15-10 20:55:59,27.227,3.247,68.442,0.250,0,4486988,330388,198804,2912672,9290.113,1966.331,99.915,899.237,0.999,9.992,2214,3691,0.880,1.480,1.030,1,0,1.998,0,0,18,295,6,1,0
15-10 20:56:00,28.256,5.001,65.763,0,0.250,4509044,308328,198804,2912676,6963.372,1620.319,0,0,0,0,11220,22937,0.890,1.480,1.030,1,0,5.001,0,0,18,295,6,3,0
15-10 20:56:01,27.996,4.749,63.990,0,0,4519624,297744,198804,2912680,6032.095,1511.773,0,487.927,0,2.000,20842,44463,0.890,1.480,1.030,1,0,3.999,0,0,18,295,6,3,0
15-10 20:56:02,27.255,4.251,67.263,0,0.250,4538768,278600,198804,2912680,6484.238,1620.309,0,76.015,0,6.001,13613,30245,0.890,1.480,1.030,2,0,5.001,0,0,18,295,6,3,0
15-10 20:56:03,32.374,6.274,60.230,0.251,0,4482880,334080,198804,2913088,11312.235,2048.831,120.460,1561.970,4.015,38.146,2023,2944,0.890,1.480,1.030,3,0,20.077,0,0,18,291,6,5,0
15-10 20:56:04,39.250,8.250,51.249,0.500,0.250,4283388,533204,198804,2913452,8270.909,1619.982,371.996,1315.986,8.000,245.997,1801,1997,0.890,1.480,1.030,3,0,3.000,0,0,18,279,6,7,0
15-10 20:56:05,80.009,12.251,7.001,0,0,4290836,525444,198804,2913772,11116.245,1694.190,104.012,564.063,26.003,18.002,2062,2446,1.140,1.520,1.050,5,0,2.000,0,0,18,273,6,7,0
15-10 20:56:06,83.746,14.749,0.500,0.250,0,4422488,391900,198804,2915660,5476.715,1619.916,379.980,255.987,18.999,13.999,3147,6045,1.140,1.520,1.050,4,0,4.000,0,0,18,273,5,13,0
15-10 20:56:07,49.836,9.967,40.367,0.498,0,4457864,354604,198804,2917580,5155.030,1614.684,621.953,833.257,56.813,31.895,3718,11902,1.140,1.520,1.050,2,0,2.990,0,0,18,273,5,17,0
15-10 20:56:08,44.406,7.276,46.162,0,0.502,4425024,387440,198804,2917588,5805.354,1625.700,8.028,0,1.004,0,2429,3701,1.140,1.520,1.050,2,0,3.011,0,0,18,267,5,17,0
15-10 20:56:09,45.267,11.254,42.266,0.250,0,4513640,297672,198804,2918668,4821.818,1512.570,104.039,73335.648,14.005,372.140,4823,10976,1.140,1.520,1.050,3,0,2.001,0,0,18,269,5,18,0
15-10 20:56:10,24.869,6.466,65.405,0.249,0.249,4591896,217536,198804,2920544,53831.875,27472.998,505.333,2399.336,43.769,51.727,6036,10546,1.050,1.490,1.040,0,0,2.984,0,0,18,275,5,26,0
15-10 20:56:11,10.257,2.001,85.811,0.250,0,4594780,214260,198804,2920936,106582.994,51249.541,240.171,300.214,5.004,9.006,2841,4108,1.050,1.490,1.040,1,0,0,0,0,18,274,5,26,0
15-10 20:56:12,12.249,2.500,82.744,0.250,0,4603808,205188,198804,2920980,83710.973,38083.258,0,271.980,0,23.998,3371,5689,1.050,1.490,1.040,0,0,1.000,0,0,18,278,5,26,0
15-10 20:56:13,4.751,1.750,91.760,0.250,0.250,4603808,205188,198804,2920980,5980.646,1620.175,0,196.021,0,25.003,2135,3812,1.050,1.490,1.040,1,0,0,0,0,18,278,5,26,0
15-10 20:56:14,8.526,2.758,88.264,0.752,0,4603800,205188,198804,2920988,41444.084,19614.726,0,39907.483,0,188.565,2570,3863,1.050,1.490,1.040,0,1,0,0,0,18,278,5,26,0
15-10 20:56:15,3.732,3.981,87.587,1.991,0.249,4613160,195612,198808,2921000,6585.934,1578.554,0,149291.791,0,442.911,3161,4671,0.960,1.470,1.040,0,0,0,0,0,18,278,5,26,0
15-10 20:56:16,5.757,1.001,91.364,0.250,0.250,4613160,195612,198808,2921000,8423.513,1622.024,0,184.230,0,25.031,2127,3601,0.960,1.470,1.040,2,0,0,0,0,18,278,5,26,0
15-10 20:56:17,4.503,1.001,92.303,0,0.250,4506508,302264,198808,2920996,6343.641,1694.973,0,72.041,0,9.005,1932,3399,0.960,1.470,1.040,0,0,2.001,0,0,18,267,5,27,0
15-10 20:56:18,2.249,1.000,94.716,0,0,4506760,302012,198808,2920996,21666.308,10260.358,0,0,0,0,1252,1932,0.960,1.470,1.040,0,0,0,0,0,18,268,5,27,0
15-10 20:56:19,8.750,5.000,86.246,0,0,4508548,299956,198808,2921264,26976.840,10783.536,0,35.998,0,4.000,2769,5448,0.960,1.470,1.040,1,0,33.999,0,0,18,271,5,28,0
15-10 20:56:20,2.250,1.000,93.729,1.750,0,4508996,299508,198808,2921264,7451.368,1619.645,0,5278.844,0,805.824,2513,1887,0.890,1.440,1.030,0,0,0,0,0,18,271,5,28,0
15-10 20:56:21,2.252,0.500,96.325,0,0.250,4508992,299508,198808,2921268,5840.550,1621.263,0,0,0,0,1125,1716,0.890,1.440,1.030,0,0,0,0,0,18,271,5,27,0
15-10 20:56:22,1.999,0.999,95.679,0.250,0.250,4508992,299508,198808,2921268,6231.351,1584.818,0,91.931,0,11.991,1177,2000,0.890,1.440,1.030,0,0,0,0,0,18,271,5,27,0
15-10 20:56:23,1.251,0.500,94.844,0.250,0,4508988,299508,198808,2921272,6097.018,1621.601,0,516.510,0,48.047,1355,2277,0.890,1.440,1.030,1,0,0,0,0,18,271,5,27,0
15-10 20:56:24,1.750,1.000,95.726,0,0,4508988,299508,198808,2921272,6219.445,1845.539,0,275.931,0,9.998,1203,1985,0.890,1.440,1.030,0,0,0,0,0,18,271,6,27,0
15-10 20:56:25,1.750,1.000,96.226,0.250,0,4508988,299508,198808,2921272,5463.661,1693.585,0,103.975,0,10.997,1113,1854,0.810,1.420,1.030,0,0,0,0,0,18,271,6,27,0
15-10 20:56:26,1.999,0.999,95.684,0,0.250,4509228,299268,198808,2921272,5480.241,1564.926,0,0,0,0,1098,1821,0.810,1.420,1.030,0,0,0,0,0,18,271,6,27,0
15-10 20:56:27,1.750,0.500,95.995,0,0,4509728,298768,198808,2921272,6406.673,1735.911,0,0,0,0,1078,1800,0.810,1.420,1.030,0,0,2.000,0,0,18,271,6,27,0
15-10 20:56:28,3.260,5.015,91.030,0,0.502,4513500,294988,198808,2921280,6478.942,1667.131,16.049,0,3.009,0,1479,2310,0.810,1.420,1.030,1,0,86.266,0,0,18,271,6,27,0
15-10 20:56:29,8.988,19.723,69.905,0,0.250,4528312,280132,198808,2921324,5818.111,1551.896,0,0,0,0,3860,6299,0.810,1.420,1.030,1,0,539.269,0,0,18,271,6,27,0
15-10 20:56:30,9.739,18.729,70.170,0,0,4542504,265912,198808,2921352,8660.110,1692.068,0,0,0,0,3601,6342,0.830,1.410,1.030,1,0,491.439,0,0,18,271,6,27,0
15-10 20:56:31,9.517,21.288,69.373,0.250,0,4535412,271948,198812,2922404,6003.675,1771.149,1021.817,36.064,18.032,3.005,4072,6938,0.830,1.410,1.030,1,0,625.111,0,0,18,271,6,27,0
15-10 20:56:32,15.725,11.731,70.887,0,0.250,4549804,257508,198812,2922452,5837.660,1617.412,19.968,107.827,0.998,10.982,2827,4574,0.830,1.410,1.030,1,0,278.554,0,0,18,271,6,27,0
15-10 20:56:33,6.247,2.998,88.951,0.500,0.250,4550648,255240,198816,2923872,22654.631,2415.681,1351.262,367.799,24.986,30.983,2719,4717,0.830,1.410,1.030,2,0,44.975,0,0,18,272,6,27,0
15-10 20:56:34,2.000,0.500,96.022,0,0,4550764,254988,198816,2924008,152669.961,6863.572,0,0,0,0,1266,1977,0.830,1.410,1.030,0,0,0,0,0,18,272,6,27,0
15-10 20:56:35,2.750,0.750,94.483,0,0.500,4550764,254736,198816,2924260,390803.828,13113.679,0,147.974,0,12.998,1521,2152,0.760,1.390,1.020,0,0,0,0,0,18,272,6,27,0
15-10 20:56:36,3.261,1.756,93.322,0,0,4550672,254260,198816,2924828,505263.644,16274.097,0,92.318,0,12.042,1981,2531,0.760,1.390,1.020,0,0,0,0,0,18,272,6,27,0
15-10 20:56:37,4.242,2.495,92.817,0.250,0,4550736,253308,198816,2925716,924704.107,32471.129,0,2079.909,0,19.961,2237,2569,0.760,1.390,1.020,0,0,1.996,0,0,18,272,6,27,0
15-10 20:56:38,0.749,0.749,96.888,0,0,4550688,253308,198816,2925764,38323.621,2532.068,0,15.981,0,0.999,1031,1685,0.760,1.390,1.020,0,0,0,0,0,18,272,6,27,0
15-10 20:56:39,3.248,0.999,95.443,0,0,4550776,253056,198816,2925928,181239.525,5592.684,0,0,0,0,1259,1941,0.760,1.390,1.020,0,0,0,0,0,18,272,6,27,0
15-10 20:56:40,2.500,0.750,94.762,0.250,0.500,4550672,252804,198816,2926284,387661.008,10069.299,0,580.075,0,124.016,1656,2119,0.700,1.360,1.010,0,0,0,0,0,18,272,6,27,0
15-10 20:56:41,3.501,1.500,93.781,0,0,4551036,251852,198816,2926872,635895.302,15960.203,0,1424.464,0,3.001,1816,2307,0.700,1.360,1.010,0,0,0,0,0,18,272,6,27,0
15-10 20:56:42,2.002,1.001,95.083,0,0,4551192,251600,198816,2926968,110655.155,3789.327,0,380.334,0,19.017,1353,2171,0.700,1.360,1.010,0,0,0,0,0,18,272,6,27,0
15-10 20:56:43,3.496,0.250,94.641,0.250,0.499,4550952,251600,198816,2927208,225188.682,4469.833,0,667.229,0,41.952,1534,2437,0.700,1.360,1.010,1,0,0,0,0,18,272,6,27,0
15-10 20:56:44,3.250,1.500,94.264,0.250,0,4551364,250844,198816,2927552,373417.266,7560.119,0,712.105,0,18.003,1536,2284,0.700,1.360,1.010,0,0,0,0,0,18,272,6,27,0
15-10 20:56:45,2.252,0.751,96.316,0,0,4551264,250844,198816,2927652,126204.946,3264.223,0,3090.104,0,59.040,1184,1858,0.640,1.340,1.010,0,0,0,0,0,18,272,6,27,0
15-10 20:56:46,7.022,2.508,88.022,1.254,0.251,4573676,223668,198980,2932604,196099.536,3233.000,5011.501,296.918,171.531,8.025,1528,2306,0.640,1.340,1.010,1,0,6.019,0,0,18,271,6,28,0
15-10 20:56:47,12.001,14.501,68.256,4.250,0,4583072,192324,199428,2953500,7358.677,1620.149,184.017,29242.690,39.004,1514.139,8703,16668,0.640,1.340,1.010,1,0,136.013,0,0,18,271,6,28,0
15-10 20:56:48,20.239,9.245,68.464,2.249,0,4570908,200276,199664,2956996,12870.217,1565.175,0,8143.708,0,706.628,4504,6662,0.640,1.340,1.010,3,0,87.954,0,0,18,271,6,28,0
15-10 20:56:49,23.523,8.008,67.065,1.251,0.250,4573700,196916,199732,2957384,5958.732,1513.456,0,1553.494,0,92.089,2556,3477,0.640,1.340,1.010,1,0,61.059,0,0,18,271,6,28,0
15-10 20:56:50,22.394,7.713,67.430,0.498,0,4577072,191216,199900,2959160,6660.423,1612.356,0,1616.337,0,74.646,2519,3388,0.830,1.370,1.020,2,0,52.750,0,0,18,271,6,28,0
15-10 20:56:51,18.330,9.793,69.805,1.758,0.502,4610392,132744,199860,2983944,8128.473,1627.101,116.508,5556.247,24.105,231.008,2981,4216,0.830,1.370,1.020,5,0,32.140,0,0,18,271,6,28,0
15-10 20:56:52,17.246,8.748,71.235,1.250,0,4584980,167128,199844,2974180,8029.362,1619.670,1847.623,387.921,451.908,30.994,2310,2873,0.830,1.370,1.020,1,0,21.996,0,0,18,271,6,28,0
15-10 20:56:53,17.198,10.967,69.790,0.748,0,4591232,160220,199848,2974608,5932.150,1615.140,47.856,1942.156,4.985,137.586,3516,6259,0.830,1.370,1.020,0,0,38.883,0,0,18,271,6,28,0
15-10 20:56:54,52.423,14.046,32.357,0.251,0,4296188,452272,199968,2977156,7653.294,2512.303,2833.364,706.334,132.438,27.090,5722,8320,0.830,1.370,1.020,2,0,89.295,0,0,18,263,6,32,0
15-10 20:56:55,45.533,5.504,47.785,0.250,0.250,4372744,375416,199992,2977448,7627.507,2013.454,96.069,104.075,24.017,7.005,1778,2121,0.930,1.380,1.020,2,0,11.008,0,0,18,263,6,32,0
15-10 20:56:56,43.727,9.995,44.476,0.750,0,4451868,288600,200120,2984992,6005.799,1735.075,6924.309,95.949,116.938,3.998,2198,4287,0.930,1.380,1.020,2,0,28.985,0,0,18,271,6,36,0
15-10 20:56:57,14.699,6.228,77.728,0.498,0.249,4206952,587672,200128,2932012,5664.198,1656.210,705.533,3.986,28.899,0.997,2585,4636,0.930,1.380,1.020,3,0,25.909,0,0,18,263,6,40,0
15-10 20:56:58,4.246,0.500,93.412,0,0,4207168,587448,200128,2932020,8039.443,2205.926,0,0,0,0,1339,2156,0.930,1.380,1.020,0,0,0,0,0,18,263,6,40,0
15-10 20:56:59,4.001,1.000,95.777,0,0,4207164,587448,200128,2932024,7423.078,1774.497,0,0,0,0,1153,1835,0.930,1.380,1.020,0,0,0,0,0,18,263,6,40,0
15-10 20:57:00,1.750,0.500,96.742,0,0,4207360,587252,200128,2932024,8297.353,1619.874,0,383.970,0,1.000,1022,1713,0.850,1.360,1.020,0,0,0,0,0,18,263,6,40,0
15-10 20:57:01,2.000,0.750,94.773,1.250,0.500,4207580,587028,200128,2932028,6629.578,1458.347,0,4537.080,0,512.122,1977,1845,0.850,1.360,1.020,0,0,0,0,0,18,263,6,40,0
15-10 20:57:02,1.747,0.250,95.351,0,0.250,4207580,587028,200128,2932028,7151.815,1617.470,0,227.644,0,9.984,1191,2030,0.850,1.360,1.020,0,0,0,0,0,18,263,6,38,0
15-10 20:57:03,2.504,0.751,96.163,0.250,0,4207580,587028,200128,2932028,7018.890,1696.875,0,436.740,0,47.080,1360,2373,0.850,1.360,1.020,0,0,0,0,0,18,263,6,38,0
15-10 20:57:04,1.499,1.249,96.165,0,0,4207580,587028,200128,2932028,8237.693,1782.419,0,0,0,0,1132,1806,0.850,1.360,1.020,0,0,0,0,0,18,263,6,36,0
15-10 20:57:05,3.504,0.501,94.595,0,0,4207580,587028,200128,2932028,10212.263,1695.704,0,0,0,0,1089,1736,0.780,1.330,1.010,0,0,0,0,0,18,261,6,36,0
15-10 20:57:06,2.249,1.250,95.470,0,0,4207576,587028,200128,2932032,5909.139,1661.477,0,123.961,0,13.996,1340,2204,0.780,1.330,1.010,0,0,0,0,0,18,261,6,34,0
15-10 20:57:07,7.756,1.001,87.822,0.751,0,4207460,587028,200128,2932148,5221.308,1765.457,0,608.502,0,71.059,2076,3678,0.780,1.330,1.010,0,0,2.002,0,0,18,261,6,34,0
15-10 20:57:08,1.749,1.249,96.184,0,0.250,4207456,587028,200128,2932152,7121.136,1457.005,0,183.874,0,16.988,1050,1778,0.780,1.330,1.010,0,0,0,0,0,18,261,6,24,0
15-10 20:57:09,1.500,1.250,96.000,0,0,4207456,587028,200128,2932152,5336.989,1619.997,0,104.000,0,8.000,1129,1887,0.780,1.330,1.010,0,0,0,0,0,18,261,6,24,0
15-10 20:57:10,1.999,0.500,94.219,0.250,0.250,4207456,587028,200128,2932152,7259.626,1619.470,0,439.856,0,36.988,1427,2338,0.720,1.310,1.010,0,0,0,0,0,18,261,6,23,0
15-10 20:57:11,1.251,1.501,96.292,0,0.500,4207456,587028,200128,2932152,7024.077,1768.775,0,272.119,0,19.008,1180,1905,0.720,1.310,1.010,0,0,0,0,0,18,261,6,23,0
15-10 20:57:12,2.002,0.250,95.577,0.250,0,4207396,587028,200128,2932212,9529.700,1621.310,0,304.246,0,14.011,1272,2080,0.720,1.310,1.010,0,0,0,0,0,18,261,6,15,0
15-10 20:57:13,1.748,0.250,95.654,0.250,0,4207392,587028,200128,2932216,6930.070,1618.382,0,483.516,0,40.959,1361,2289,0.720,1.310,1.010,0,0,0,0,0,18,261,6,15,0
15-10 20:57:14,2.501,1.000,96.297,0,0,4207392,587028,200128,2932216,5548.691,1602.777,0,0,0,0,1059,1724,0.720,1.310,1.010,1,0,0,0,0,18,261,6,15,0
15-10 20:57:15,1.749,0.749,95.918,0,0,4207392,587028,200128,2932216,6542.413,1564.664,0,103.911,0,9.991,1033,1703,0.660,1.290,1,0,0,0,0,0,18,261,6,15,0
15-10 20:57:16,0.750,0.750,96.469,0,0,4207392,587028,200128,2932216,6296.953,1619.474,0,0,0,0,1026,1725,0.660,1.290,1,0,0,0,0,0,18,261,6,15,0
15-10 20:57:17,2.500,1.750,94.014,0.250,0.500,4207124,587288,200128,2932224,7017.039,1620.240,0,308.046,0,42.006,1473,2433,0.660,1.290,1,0,0,2.000,0,0,18,261,6,15,0
15-10 20:57:18,2.251,0.500,96.280,0,0,4207092,587320,200128,2932224,6443.030,1620.510,0,188.059,0,14.004,1130,1995,0.660,1.290,1,0,0,0,0,0,18,261,6,14,0
15-10 20:57:19,7.003,4.002,88.537,0,0.250,4179644,614768,200128,2932224,8924.757,1694.713,0,36.015,0,5.002,1937,4193,0.660,1.290,1,0,0,34.014,0,0,18,261,6,15,0
15-10 20:57:20,2.499,0.750,96.202,0,0,4179868,614544,200128,2932224,6385.807,1693.153,0,31.984,0,2.999,1087,1732,0.610,1.270,1,0,0,0,0,0,18,261,6,14,0
15-10 20:57:21,2.253,0.751,95.112,0.501,0,4180640,613872,200132,2932224,9976.773,1459.722,4.005,7128.412,1.001,281.332,1288,1742,0.610,1.270,1,0,0,0,0,0,18,261,6,14,0
15-10 20:57:22,1.749,0.999,95.939,0.750,0.250,4180640,613872,200132,2932224,5704.366,1618.969,0,1203.234,0,185.882,1450,2017,0.610,1.270,1,0,0,0,0,0,18,261,6,14,0
15-10 20:57:23,2.748,0.999,95.682,0,0,4180636,613872,200132,2932228,7840.457,1618.855,0,471.667,0,42.970,1397,2301,0.610,1.270,1,0,0,0,0,0,18,261,6,14,0
15-10 20:57:24,2.501,1.251,95.543,0,0,4180632,613872,200132,2932228,6843.086,1690.763,0,0,0,0,1301,1942,0.610,1.270,1,0,0,2.001,0,0,18,261,6,14,0
15-10 20:57:25,1.749,1.249,96.199,0.250,0,4180632,613872,200132,2932228,6568.506,1709.091,0,155.917,0,10.994,1104,1803,0.560,1.250,0.990,0,0,0,0,0,18,261,6,14,0
15-10 20:57:26,2.752,1.251,95.056,0.500,0.250,4180632,613872,200132,2932228,6378.789,1620.963,0,48893.042,0,55.033,1147,1835,0.560,1.250,0.990,0,0,0,0,0,18,261,6,14,0
15-10 20:57:27,18.561,4.013,76.251,1.003,0,4218244,573668,200468,2933560,5845.266,1699.602,1344.431,778.566,110.364,13.043,2611,4538,0.560,1.250,0.990,1,0,7.023,0,0,18,264,6,14,0
15-10 20:57:28,24.766,1.501,72.297,0,0.500,4228644,563036,200468,2933784,5996.922,1533.003,12.008,288.188,3.002,23.015,2010,3217,0.560,1.250,0.990,2,0,5.003,0,0,18,266,6,14,0
15-10 20:57:29,24.164,3.488,71.496,0,0,4236080,555432,200468,2933952,5480.544,1614.269,15.943,131.533,0.996,16.940,1894,2966,0.560,1.250,0.990,1,0,4.982,0,0,18,270,6,14,0
15-10 20:57:30,23.232,3.997,70.445,0.250,0,4208220,583260,200468,2933980,6988.584,1618.745,0,351.727,0,41.967,2310,3829,0.600,1.240,0.990,2,0,9.992,0,0,18,269,6,14,0
15-10 20:57:31,23.272,4.754,72.068,0.250,0,4220832,570588,200468,2934040,6052.677,1621.521,40.038,204.192,3.003,20.019,1812,2825,0.600,1.240,0.990,1,0,5.005,0,0,18,269,6,14,0
15-10 20:57:32,49.912,6.020,43.140,0,0,3928952,862260,200468,2934288,5442.661,1625.274,32.104,260.846,3.010,28.091,2265,3475,0.600,1.240,0.990,2,0,19.062,0,0,18,254,6,18,0
15-10 20:57:33,66.260,21.253,12.002,0,0.250,3941596,849740,200468,2934296,5742.890,1620.251,4.001,132.020,1.000,15.002,4245,2618,0.600,1.240,0.990,5,0,6.001,0,0,18,252,6,18,0
15-10 20:57:34,86.003,13.250,0.500,0.500,0.250,3979964,810820,200468,2934968,6670.227,1552.053,640.022,364.012,50.002,10.000,2219,2741,0.600,1.240,0.990,4,0,6.000,0,0,18,250,6,18,0
15-10 20:57:35,82.411,10.239,7.492,0,0,4022864,765788,200468,2937220,9011.268,1692.172,71.922,1042.874,12.986,73.920,6708,12958,0.710,1.250,1,2,0,7.991,0,0,18,250,6,26,0
15-10 20:57:36,39.795,7.759,52.559,0.250,0,4136460,651436,200468,2937976,99536.078,50477.838,12.014,272.307,3.003,33.037,5146,7758,0.710,1.250,1,1,0,3.003,0,0,18,251,5,34,0
15-10 20:57:37,19.676,4.483,74.967,0.498,0.249,4150064,636120,200468,2939688,117296.736,55866.879,155.413,247.066,14.944,23.910,6278,10455,0.710,1.250,1,2,0,3.985,0,0,18,257,5,35,0
15-10 20:57:38,4.748,1.999,91.718,1.000,0,4152284,633880,200468,2939708,25840.111,10666.331,0,4706.381,0,805.723,3072,3020,0.710,1.250,1,0,0,0,0,0,18,259,5,35,0
15-10 20:57:39,2.499,1.000,95.479,0,0,4152284,633880,200468,2939708,6596.569,1759.618,0,115.975,0,6.998,1215,1984,0.710,1.250,1,1,0,0,0,0,18,260,5,35,0
15-10 20:57:40,3.749,1.000,94.237,0.250,0.500,4152272,633880,200468,2939720,42996.239,19339.409,0,103.986,0,6.999,1449,2100,0.650,1.230,0.990,0,0,0,0,0,18,259,5,35,0
15-10 20:57:41,1.500,0.750,95.774,0,0,4152272,633880,200468,2939720,5562.391,1458.365,0,104.026,0,11.003,1242,2131,0.650,1.230,0.990,0,0,0,0,0,18,259,5,35,0
15-10 20:57:42,1.749,1.249,95.691,0.250,0,4152272,633880,200468,2939720,7499.358,1618.998,0,683.577,0,49.969,1353,2204,0.650,1.230,0.990,1,0,0,0,0,18,259,5,35,0
15-10 20:57:43,1.751,0.750,94.543,0.500,0,4152484,633656,200468,2939732,6022.716,1620.731,0,8079.644,0,295.133,1768,2343,0.650,1.230,0.990,0,0,0,0,0,18,259,5,35,0
15-10 20:57:44,4.250,1.250,92.243,0,0,4160032,626096,200468,2939744,42533.852,19612.549,0,47.996,0,3.000,1718,2731,0.650,1.230,0.990,0,0,0,0,0,18,263,5,35,0
15-10 20:57:45,2.000,1.000,96.515,0.250,0.250,4160032,626096,200468,2939744,6697.038,1694.263,0,304.047,0,23.004,1198,1983,0.600,1.210,0.990,1,0,0,0,0,18,263,5,35,0
15-10 20:57:46,2.502,0.250,95.833,0,0,4160032,626096,200468,2939744,6113.325,1695.477,0,48.042,0,6.005,1149,1900,0.600,1.210,0.990,0,0,0,0,0,18,263,5,35,0
15-10 20:57:47,1.498,0.749,96.393,0,0.250,4160284,625844,200468,2939744,5947.416,1456.388,0,0,0,0,1093,1848,0.600,1.210,0.990,0,0,1.998,0,0,18,263,5,34,0
15-10 20:57:48,1.750,0.500,96.000,0,0,4160276,625844,200468,2939752,6811.986,1693.997,0,92.000,0,12.000,1214,2059,0.600,1.210,0.990,0,0,0,0,0,18,263,5,34,0
15-10 20:57:49,1.250,0.750,95.525,0.250,0.250,4160276,625844,200468,2939752,6158.583,1620.416,0,240.062,0,19.005,1180,1909,0.600,1.210,0.990,0,0,0,0,0,18,263,5,34,0
15-10 20:57:50,1.000,0.750,96.757,0,0,4160148,625844,200468,2939880,7528.580,1662.128,0,0,0,0,983,1641,0.550,1.190,0.980,0,0,0,0,0,18,263,5,34,0
15-10 20:57:51,2.501,1.251,95.306,0,0,4160400,625592,200468,2939880,6414.798,1620.960,0,0,0,0,1072,1798,0.550,1.190,0.980,0,0,0,0,0,18,263,5,34,0
15-10 20:57:52,3.247,0.500,95.171,0,0.250,4160652,625340,200468,2939880,6590.497,1692.587,0,0,0,0,1146,1783,0.550,1.190,0.980,2,0,0,0,0,18,263,5,34,0
15-10 20:57:53,3.500,0.500,93.746,0.500,0.250,4160872,625088,200468,2939912,5556.761,1457.937,31.999,2051.912,2.000,139.994,1739,2931,0.550,1.190,0.980,0,0,0,0,0,18,263,5,34,0
15-10 20:57:54,2.753,1.502,95.360,0.250,0.250,4161120,624836,200468,2939916,6230.196,1848.135,0,360.416,0,17.020,1282,2129,0.550,1.190,0.980,0,0,0,0,0,18,263,6,34,0
15-10 20:57:55,10.522,6.013,83.176,0.752,0,4191756,593668,200616,2940304,5928.509,1936.085,513.083,452.956,32.068,26.055,2008,3386,0.590,1.190,0.980,1,0,72.152,0,0,18,263,6,30,0
15-10 20:57:56,41.543,10.010,47.049,0,0,3976852,808540,200620,2940348,5283.495,1974.053,24.025,856.891,2.002,72.075,2303,3541,0.590,1.190,0.980,2,0,2.002,0,0,17,202,6,40,0
15-10 20:57:57,47.339,9.468,43.103,0,0,3957632,827416,200620,2940744,8866.773,2007.158,7.973,1120.181,1.993,121.586,2764,4116,0.590,1.190,0.980,3,0,14.949,0,0,17,208,6,40,0
15-10 20:57:58,33.602,8.024,57.926,0.752,0.251,3860140,924296,200620,2941352,5959.134,1847.622,288.879,180.549,41.125,13.040,2259,4511,0.590,1.190,0.980,2,0,0,0,0,17,200,6,44,0
15-10 20:57:59,27.411,2.741,68.777,0.748,0,3892568,890920,200620,2942300,5337.695,1726.403,785.454,211.315,97.683,10.964,2092,4016,0.590,1.190,0.980,2,0,0,0,0,17,202,6,40,0
15-10 20:58:00,27.500,2.000,69.499,0,0,3958080,825400,200620,2942308,5867.941,1531.985,0,127.999,0,4.000,1504,2079,0.590,1.190,0.980,2,0,0,0,0,17,202,6,42,0
15-10 20:58:01,39.898,7.528,51.190,0.251,0.251,3984620,795704,200620,2945660,6458.989,1915.113,907.370,481.789,91.339,37.138,3568,10444,0.620,1.190,0.980,4,0,6.022,0,0,18,222,6,52,0
15-10 20:58:02,23.900,3.983,72.197,0.249,0,4027172,752640,200620,2946172,9338.833,1613.234,155.348,529.778,14.937,57.758,3520,7010,0.620,1.190,0.980,0,0,0,0,0,18,227,6,53,0
15-10 20:58:03,2.999,0.750,94.963,0,0,4027396,752416,200620,2946172,7537.091,1619.375,0,163.937,0,18.993,1286,2216,0.620,1.190,0.980,0,0,0,0,0,18,227,6,53,0
15-10 20:58:04,2.500,0.500,95.764,0.500,0.500,4027396,752416,200620,2946172,10460.559,1620.241,0,132.020,0,9.001,1153,1857,0.620,1.190,0.980,0,0,0,0,0,18,227,6,53,0
15-10 20:58:05,3.000,1.000,95.506,0,0,4027396,752416,200620,2946172,11273.699,1710.106,0,380.024,0,25.002,1225,1989,0.620,1.190,0.980,0,0,0,0,0,18,227,6,53,0
15-10 20:58:06,2.250,0.500,96.268,0,0,4027636,752176,200620,2946172,10017.903,1596.303,0,36.007,0,4.001,1096,1784,0.570,1.170,0.980,0,0,0,0,0,18,227,6,53,0
15-10 20:58:07,2.501,1.000,95.528,0,0,4028380,751432,200620,2946172,6897.021,1566.459,0,16.005,0,3.001,1170,1936,0.570,1.170,0.980,0,0,2.001,0,0,18,227,6,53,0
15-10 20:58:08,2.002,0.500,95.580,0.250,0.250,4028628,751180,200620,2946176,12651.589,1761.474,0,148.124,0,16.013,1392,2262,0.570,1.170,0.980,0,0,0,0,0,18,227,6,53,0
15-10 20:58:09,2.497,0.499,96.129,0,0,4028628,751180,200620,2946176,5458.155,1765.786,0,0,0,0,1109,1825,0.570,1.170,0.980,0,0,0,0,0,18,227,6,53,0
15-10 20:58:10,1.751,0.750,96.550,0,0,4028624,751180,200620,2946180,7217.768,1620.846,0,56.029,0,6.003,1063,1773,0.570,1.170,0.980,0,0,0,0,0,18,227,6,53,0
15-10 20:58:11,2.749,1.000,95.462,0,0.250,4032908,746896,200620,2946180,5513.800,1619.354,0,303.879,0,21.991,1197,1923,0.520,1.150,0.970,1,1,0,0,0,18,233,6,53,0
15-10 20:58:12,22.765,3.252,71.548,0.500,0,4045572,734044,200620,2946368,5772.897,1621.094,32.022,720.486,3.002,75.051,2762,4598,0.520,1.150,0.970,0,0,2.001,0,0,18,239,6,53,0
15-10 20:58:13,2.747,0.500,95.408,0.250,0,4045564,734044,200620,2946376,7633.641,1510.544,0,135.869,0,21.979,1324,2204,0.520,1.150,0.970,0,0,0,0,0,18,239,6,53,0
15-10 20:58:14,2.251,0.500,94.525,1.000,0.250,4046460,733148,200620,2946376,6184.651,1566.418,0,8654.311,0,757.202,2439,1867,0.520,1.150,0.970,0,0,0,0,0,18,239,6,53,0
15-10 20:58:15,1.750,0.500,96.511,0,0,4046460,733148,200620,2946376,5867.669,1710.195,0,0,0,0,1099,1807,0.520,1.150,0.970,0,0,0,0,0,18,239,6,53,0
15-10 20:58:16,2.500,1.250,95.494,0,0.250,4046984,732644,200620,2946356,6395.616,1693.898,0,423.975,0,23.999,1320,2350,0.480,1.130,0.970,0,0,0,0,0,18,239,6,53,0
15-10 20:58:17,2.000,1.000,95.233,0.250,0.250,4047232,732392,200620,2946360,6307.902,1619.718,0,127.978,0,17.997,1293,2144,0.480,1.130,0.970,0,0,3.999,0,0,18,243,6,53,0
15-10 20:58:18,1.501,0.500,95.069,0,0.250,4047232,732392,200620,2946360,6702.880,1621.180,0,92.067,0,13.009,1318,2253,0.480,1.130,0.970,0,0,0,0,0,18,243,6,53,0
15-10 20:58:19,2.252,2.001,94.066,0.250,0,4060084,719540,200620,2946980,5984.183,1621.133,0,200.140,0,16.011,1307,2156,0.480,1.130,0.970,7,0,32.022,0,0,18,243,6,53,0
15-10 20:58:20,4.993,2.746,90.617,0,0,4053572,726052,200620,2946360,7793.520,1509.776,0,0,0,0,1478,3716,0.480,1.130,0.970,0,0,1.997,0,0,18,243,6,54,0
15-10 20:58:21,2.251,0.250,96.781,0,0,4053572,726052,200620,2946360,5710.839,1566.504,0,16.005,0,2.001,1077,1809,0.440,1.110,0.960,0,0,0,0,0,18,243,6,53,0
15-10 20:58:22,2.750,1.500,93.745,0.500,0,4053568,726052,200620,2946364,7087.596,1619.908,0,419.976,0,42.998,1756,3037,0.440,1.110,0.960,1,0,2.000,0,0,18,247,6,53,0
15-10 20:58:23,3.252,0.500,95.306,0,0,4053788,725828,200620,2946368,6394.747,1761.032,0,96.056,0,12.007,1294,2162,0.440,1.110,0.960,0,0,0,0,0,18,247,6,53,0
15-10 20:58:24,1.499,0.999,95.930,0.250,0.500,4053788,725828,200620,2946368,6102.533,1618.815,0,399.707,0,14.989,1206,2040,0.440,1.110,0.960,0,0,0,0,0,18,247,6,53,0
15-10 20:58:25,1.501,0.750,96.042,0,0,4053788,725828,200620,2946368,5541.422,1694.741,0,204.089,0,16.007,1045,1761,0.440,1.110,0.960,0,0,0,0,0,18,247,6,53,0
15-10 20:58:26,1.751,0.750,95.792,0,0.250,4053788,725828,200620,2946368,5402.366,1784.782,0,0,0,0,1110,1812,0.410,1.090,0.950,0,0,0,0,0,18,247,6,53,0
15-10 20:58:27,11.003,14.503,72.266,0,0,4075160,704436,200620,2946388,5984.364,1586.362,0,0,0,0,2919,4760,0.410,1.090,0.950,1,0,329.075,0,0,18,247,6,53,0
15-10 20:58:28,23.490,3.748,70.970,0.250,0.250,4124504,655072,200620,2946392,6222.368,1565.338,0,103.956,0,11.995,1943,3122,0.410,1.090,0.950,3,0,0,0,0,18,251,6,53,0
15-10 20:58:29,26.195,2.744,68.605,0.499,0,4154100,625336,200620,2946528,5664.021,1690.425,71.848,1329.189,4.989,112.762,3223,5843,0.410,1.090,0.950,11,0,0.998,0,0,18,252,6,54,0
15-10 20:58:30,24.293,4.758,69.622,0.501,0,4133620,645360,200760,2946840,6155.779,1664.915,216.379,1101.929,8.014,172.302,2756,4683,0.410,1.090,0.950,2,0,21.037,0,0,18,250,6,63,0
15-10 20:58:31,9.767,19.032,70.370,0.250,0.250,4104712,674232,200760,2946876,5661.630,1622.760,0,336.573,0,19.032,3505,5679,0.460,1.090,0.950,1,0,403.687,0,0,18,250,6,63,0
15-10 20:58:32,21.216,7.488,69.886,0.250,0,4153808,624748,200764,2947252,17491.559,2563.831,143.766,175.714,20.966,9.984,1938,3203,0.460,1.090,0.950,1,0,86.859,0,0,18,248,6,63,0
15-10 20:58:33,24.249,3.000,71.246,0.500,0.500,4204436,571396,200872,2949636,7083.610,1693.907,31.998,2059.887,6.000,240.987,2050,2627,0.460,1.090,0.950,1,0,0,0,0,18,248,6,63,0
15-10 20:58:34,23.832,4.516,70.996,0.502,0.251,4197592,577556,200884,2950192,5537.159,1794.208,0,3102.735,0,155.538,1876,2700,0.460,1.090,0.950,1,0,3.010,0,0,18,248,6,59,0
15-10 20:58:35,26.978,4.496,67.694,0.500,0,4207036,567280,200884,2951028,11868.268,1530.745,471.613,707.420,38.968,76.937,4862,9240,0.460,1.090,0.950,1,0,0,0,0,18,254,6,62,0
15-10 20:58:36,31.533,4.505,62.316,2.002,0,4224248,549136,200884,2951952,9634.145,4374.606,636.670,4328.558,38.040,437.461,5097,9107,0.500,1.090,0.960,1,0,3.003,0,0,18,259,6,49,0
15-10 20:58:37,7.969,1.743,88.908,0.498,0,4226840,546368,200884,2952128,13001.955,4345.275,15.939,1211.338,0.996,104.597,2334,4048,0.500,1.090,0.960,0,0,3.985,0,0,18,258,6,50,0
15-10 20:58:38,7.000,1.500,88.748,0.500,0,4229172,543848,200888,2952312,9447.811,3831.923,16.000,567.989,1.000,75.998,2279,3791,0.500,1.090,0.960,0,0,0,0,0,18,258,6,49,0
15-10 20:58:39,11.269,2.755,84.644,0.751,0.501,4235488,537296,200888,2952548,29352.871,12903.924,64.109,925.573,4.007,107.182,3025,4910,0.500,1.090,0.960,0,0,1.002,0,0,18,260,6,49,0
15-10 20:58:40,15.538,2.757,78.692,0.752,0,4243228,529484,200888,2952620,6896.814,1666.062,0,1046.551,0,130.318,3515,6291,0.500,1.090,0.960,1,0,1.002,0,0,18,264,6,50,0
15-10 20:58:41,26.768,5.003,66.546,1.501,0,4260260,512124,200888,2952948,6571.501,1769.212,32.022,2365.620,2.001,309.212,5925,11141,0.540,1.080,0.960,2,0,2.001,0,0,18,266,6,54,0
15-10 20:58:42,4.975,1.492,89.297,1.244,0.497,4260828,511368,200888,2953136,11226.006,4180.774,0,5416.500,0,373.106,3096,5089,0.540,1.080,0.960,0,0,0,0,0,18,265,6,54,0
15-10 20:58:43,12.758,1.501,84.053,1.001,0,4261208,510864,200888,2953260,31540.934,12890.147,0,1084.686,0,130.082,2989,4986,0.540,1.080,0.960,0,0,0,0,0,18,265,6,54,0
15-10 20:58:44,19.817,3.010,74.251,1.003,0,4267996,503556,200888,2953780,5983.223,1625.494,0,2452.289,0,219.743,4279,8667,0.540,1.080,0.960,1,0,1.003,0,0,18,270,6,56,0
15-10 20:58:45,17.428,3.237,74.941,2.241,0,4270404,500868,200892,2954056,10287.625,4342.115,0,9098.523,0,925.189,6392,9426,0.540,1.080,0.960,0,0,0.996,0,0,18,271,6,59,0
15-10 20:58:46,11.250,2.500,85.003,1.000,0.250,4271712,499356,200892,2954260,8086.299,4187.155,0,1956.072,0,180.007,2906,5012,0.500,1.070,0.950,0,0,0,0,0,18,270,6,62,0
15-10 20:58:47,9.013,1.753,86.379,0.501,0,4271928,499104,200896,2954292,7983.912,1796.681,0,1293.931,0,135.202,2486,4210,0.500,1.070,0.950,2,0,2.003,0,0,18,270,6,62,0
15-10 20:58:48,6.239,1.497,90.098,0.998,0,4272764,498096,200896,2954464,9725.544,4244.818,0,1233.912,0,122.792,2344,4113,0.500,1.070,0.950,1,0,0,0,0,18,269,6,63,0
15-10 20:58:49,20.507,3.251,74.525,0.500,0,4273628,496836,200896,2954860,18552.345,8075.762,148.051,1068.365,8.003,118.040,3181,5343,0.500,1.070,0.950,0,0,0,0,0,18,270,6,66,0
15-10 20:58:50,10.750,2.500,85.252,1.000,0.250,4273908,496332,200900,2955080,43709.005,19773.455,0,1164.027,0,136.003,2762,4519,0.500,1.070,0.950,0,0,0,0,0,18,270,6,68,0
15-10 20:58:51,8.499,1.500,87.995,0.500,0.250,4274376,495828,200900,2955116,25560.466,10719.357,0,935.944,0,99.994,2513,4194,0.540,1.070,0.950,0,0,1.000,0,0,18,274,6,68,0
15-10 20:58:52,7.249,1.500,87.240,1.750,0,4274356,495828,200900,2955136,27581.938,10982.781,0,5075.437,0,359.960,2931,5195,0.540,1.070,0.950,1,0,0,0,0,18,274,6,68,0
15-10 20:58:53,27.263,2.751,67.533,0.750,0.250,4275076,494820,200900,2955424,5564.738,1620.797,0,2221.093,0,234.115,6321,12243,0.540,1.070,0.950,1,1,0,0,0,18,274,6,71,0
15-10 20:58:54,26.243,5.499,65.733,1.750,0.250,4276560,492552,200900,2956208,7511.047,1619.579,0,2819.267,0,290.924,6378,12723,0.540,1.070,0.950,2,1,0,0,0,18,274,6,78,0
15-10 20:58:55,14.248,2.500,80.739,0.500,0,4277284,491292,200904,2956740,7655.982,1619.785,0,1195.841,0,118.984,4307,8228,0.540,1.070,0.950,1,0,1.000,0,0,18,275,6,80,0
15-10 20:58:56,5.251,1.000,92.022,0,0,4277524,491040,200904,2956752,5508.322,1458.350,0,544.131,0,33.008,1572,2656,0.490,1.050,0.950,0,0,1.000,0,0,18,276,6,73,0
15-10 20:58:57,13.253,2.251,83.770,0.750,0,4278404,490060,200904,2956852,5886.430,1694.412,32.008,660.160,2.000,81.020,3218,5800,0.490,1.050,0.950,1,0,4.001,0,0,18,281,6,73,0
15-10 20:58:58,28.333,3.761,65.944,1.504,0.251,4279132,489052,200908,2957128,5835.126,1698.987,0,2210.488,0,291.857,6573,12136,0.490,1.050,0.950,1,1,0,0,0,18,280,6,68,0
15-10 20:58:59,20.185,2.741,74.262,0.997,0,4281508,486028,200908,2957776,6880.974,1614.831,223.285,1666.665,13.955,192.384,5353,10069,0.490,1.050,0.950,1,0,0,0,0,18,279,6,69,0
15-10 20:59:00,11.042,2.510,84.068,2.259,0,4286528,480988,200912,2957792,8432.936,1626.158,0,7102.899,0,532.015,3674,6830,0.490,1.050,0.950,2,0,0,0,0,18,279,6,72,0
15-10 20:59:01,6.221,1.991,88.839,0.249,0.249,4286588,480736,200912,2957984,10493.405,4366.777,0,688.810,0,75.650,3054,5658,0.770,1.100,0.960,1,0,0,0,0,18,280,6,72,0
15-10 20:59:02,17.012,3.002,79.557,0.751,0.250,4289192,477712,200920,2958396,10998.919,4314.106,144.104,748.539,9.006,112.081,3436,5993,0.770,1.100,0.960,0,0,0,0,0,18,279,6,64,0
15-10 20:59:03,11.006,1.251,85.549,0.250,0.250,4290528,476200,200920,2958572,8137.630,1512.861,0,708.403,0,82.047,2578,4561,0.770,1.100,0.960,2,0,0,0,0,18,280,6,64,0
15-10 20:59:04,8.997,1.250,87.723,0.500,0,4293172,473512,200920,2958620,10563.725,4128.720,0,5178.395,0,212.934,2451,4301,0.770,1.100,0.960,0,0,0,0,0,18,279,6,67,0
15-10 20:59:05,11.497,3.499,81.977,1.000,0,4297484,469004,200920,2958816,32605.707,13106.265,0,5414.457,0,439.875,3706,5428,0.770,1.100,0.960,0,0,0,0,0,18,279,6,73,0
15-10 20:59:06,8.498,1.500,87.476,0.750,0,4297668,468752,200920,2958884,12184.637,3830.943,0,1499.586,0,145.960,2753,4584,0.710,1.080,0.960,2,0,0,0,0,18,279,5,74,0
15-10 20:59:07,9.795,2.009,84.887,1.256,0.251,4298888,467492,200920,2958924,9421.917,5300.142,0,1812.255,0,194.888,3034,5176,0.710,1.080,0.960,0,0,2.009,0,0,18,280,5,77,0
15-10 20:59:08,11.247,2.749,85.475,1.000,0,4299644,466484,200920,2959176,25732.435,9223.288,15.995,1119.671,1.000,125.963,3100,5114,0.710,1.080,0.960,1,0,0,0,0,18,280,5,77,0
15-10 20:59:09,4.485,0.997,90.447,1.744,0,4299752,466232,200920,2959320,5535.429,1614.583,0,5262.345,0,361.786,2616,4663,0.710,1.080,0.960,0,0,0,0,0,18,279,5,77,0
15-10 20:59:10,12.490,1.749,84.183,0.749,0.250,4300432,465224,200920,2959648,9237.610,4276.579,0,955.236,0,149.880,3270,5607,0.710,1.080,0.960,0,0,0,0,0,18,279,5,81,0
15-10 20:59:11,13.251,2.500,82.509,2.500,0,4301104,464468,200920,2959732,9429.009,4334.464,0,5924.634,0,853.091,4369,5763,0.660,1.060,0.950,0,0,0,0,0,18,279,5,86,0
15-10 20:59:12,6.999,1.250,89.482,0.500,0.500,4301452,463964,200920,2959888,5834.798,1619.666,0,531.890,0,73.985,2010,3375,0.660,1.060,0.950,0,0,0,0,0,18,279,5,87,0
15-10 20:59:13,4.999,0.750,90.990,0.250,0,4301928,463460,200920,2959916,6196.337,1619.827,0,311.967,0,46.995,1822,3166,0.660,1.060,0.950,0,0,0,0,0,18,279,5,87,0
15-10 20:59:14,4.001,1.750,92.023,0.250,0,4301908,463460,200920,2959936,8738.176,1620.403,0,620.154,0,56.014,1695,2900,0.660,1.060,0.950,0,0,0,0,0,18,279,5,87,0
15-10 20:59:15,5.007,1.502,91.876,0.250,0.250,4301892,463460,200920,2959952,7151.841,1696.334,0,1862.563,0,55.076,1565,2766,0.660,1.060,0.950,2,0,0,0,0,18,279,5,87,0
15-10 20:59:16,2.744,0.249,94.790,0.499,0,4301880,463460,200920,2959964,7034.440,1582.500,0,375.170,0,36.918,1376,2337,0.840,1.090,0.960,0,0,0,0,0,18,280,5,87,0
15-10 20:59:17,11.258,1.751,85.310,0.751,0,4302380,462704,200920,2960220,14379.166,6962.923,0,1080.764,0,165.117,2975,5214,0.840,1.090,0.960,1,0,2.001,0,0,18,279,5,89,0
15-10 20:59:18,9.002,2.000,85.518,1.000,0,4302456,462452,200924,2960392,13994.911,6119.273,16.003,1528.318,1.000,190.040,3247,5705,0.840,1.090,0.960,0,0,0,0,0,18,279,5,94,0
15-10 20:59:19,12.791,3.010,82.513,1.254,0.502,4302816,461948,200928,2960532,17193.900,8003.555,0,1621.176,0,210.673,3638,6041,0.840,1.090,0.960,0,0,0,0,0,18,280,5,97,0
15-10 20:59:20,14.946,5.480,77.219,1.245,0.249,4309244,455160,200928,2960892,25224.335,8650.564,0,7293.495,0,514.132,4532,9112,0.840,1.090,0.960,0,0,33.877,0,0,18,279,5,98,0
15-10 20:59:21,5.749,1.250,91.730,0.500,0,4309472,454908,200928,2960916,5832.746,1619.652,15.997,579.875,1.000,66.986,1630,2967,0.860,1.090,0.960,3,0,0,0,0,18,280,5,98,0
15-10 20:59:22,7.998,1.999,88.225,1.250,0.250,4309360,454656,200928,2961280,11988.571,4461.724,0,4086.831,0,511.854,3160,4470,0.860,1.090,0.960,1,0,1.999,0,0,18,279,5,102,0
15-10 20:59:23,7.999,1.500,86.989,0.750,0,4309316,454656,200928,2961324,10594.612,4161.455,0,1043.863,0,140.982,2725,4673,0.860,1.090,0.960,1,0,0,0,0,18,279,5,104,0
15-10 20:59:24,11.005,1.501,86.293,1.251,0,4310884,452892,200928,2961520,11597.741,4060.010,0,1104.547,0,122.060,2612,4632,0.860,1.090,0.960,0,0,0,0,0,18,279,6,105,0
15-10 20:59:25,13.001,2.000,81.254,1.000,0,4311072,452640,200928,2961584,13382.683,5894.301,0,1316.067,0,171.009,3098,5275,0.860,1.090,0.960,0,0,0,0,0,18,280,6,108,0
15-10 20:59:26,10.042,1.757,85.863,0.753,0,4311236,452388,200928,2961672,22010.059,8664.634,0,980.144,0,112.476,2930,5015,0.790,1.070,0.960,1,0,0,0,0,18,280,6,108,0
15-10 20:59:27,27.439,4.241,64.108,1.996,0,4311412,451884,200928,2962000,6017.647,1690.249,31.929,2302.890,0.998,319.291,5900,11311,0.790,1.070,0.960,1,0,1.996,0,0,18,280,6,113,0
15-10 20:59:28,25.207,3.494,65.638,2.745,0.499,4312456,450372,200928,2962464,5713.270,1659.174,0,7938.481,0,598.980,7150,13329,0.790,1.070,0.960,2,0,0,0,0,18,279,6,114,0
15-10 20:59:29,3.498,1.000,93.205,0.500,0.250,4312456,450372,200928,2962464,6097.043,1661.194,0,1711.170,0,104.949,1670,2733,0.790,1.070,0.960,1,0,0,0,0,18,280,6,114,0
15-10 20:59:30,11.001,2.000,85.508,1.000,0,4312712,449868,200928,2962712,10475.943,4358.392,32.003,1232.111,2.000,168.015,2917,5192,0.790,1.070,0.960,1,0,0,0,0,18,279,6,118,0
15-10 20:59:31,8.251,1.750,86.008,1.000,0.250,4312660,449868,200928,2962764,13323.199,4441.400,0,1936.174,0,166.015,2954,4874,0.720,1.050,0.950,0,0,0,0,0,18,279,6,109,0
15-10 20:59:32,12.002,2.250,83.511,1.250,0,4312936,449364,200928,2962988,11234.494,3832.510,0,1656.220,0,188.025,3527,5985,0.720,1.050,0.950,0,0,0,0,0,18,279,6,111,0
15-10 20:59:33,7.505,1.501,89.313,0.751,0,4312896,449364,200928,2963028,11330.033,3780.681,0,932.661,0,77.055,2243,3705,0.720,1.050,0.950,1,1,0,0,0,18,279,6,115,0
15-10 20:59:34,8.022,2.758,87.996,0.752,0,4313088,449140,200928,2963060,25854.185,10794.137,0,1853.174,0,181.507,2613,4208,0.720,1.050,0.950,1,0,0,0,0,18,280,6,115,0
15-10 20:59:35,28.214,4.494,64.167,2.247,0,4313752,448132,200928,2963408,9178.142,1659.855,0,2684.532,0,371.520,6689,12849,0.720,1.050,0.950,1,0,0.999,0,0,18,282,6,116,0
15-10 20:59:36,25.249,5.000,67.247,2.250,0.500,4314604,446872,200928,2963816,5633.730,1511.927,15.999,7107.659,1.000,514.975,6772,13569,0.830,1.070,0.960,2,0,0,0,0,18,282,6,116,0
15-10 20:59:37,27.441,2.994,66.857,1.497,0,4314724,446368,200928,2964200,7744.388,1616.533,0,2470.700,0,291.375,6056,12237,0.830,1.070,0.960,5,0,1.996,0,0,18,283,6,115,0
15-10 20:59:38,25.612,4.269,69.051,1.255,0.502,4315220,445612,200928,2964460,6588.727,1572.858,0,2631.473,0,246.073,5122,10571,0.830,1.070,0.960,1,0,0,0,0,18,282,6,116,0
15-10 20:59:39,26.015,3.002,67.790,1.251,0,4316184,444352,200936,2964748,6323.699,1769.035,0,2061.206,0,247.145,5223,10791,0.830,1.070,0.960,1,0,0,0,0,18,283,6,119,0
15-10 20:59:40,27.593,2.983,65.377,1.740,0,4316648,443596,200936,2965040,9825.017,1847.473,0,2354.584,0,274.436,5643,11323,0.830,1.070,0.960,2,0,0,0,0,18,282,6,123,0
15-10 20:59:41,17.509,3.502,74.789,2.251,0,4317156,442840,200940,2965284,5937.093,1620.844,0,5526.880,0,437.228,6047,10739,0.840,1.070,0.960,0,0,0,0,0,18,281,6,119,0
15-10 20:59:42,6.002,1.500,88.026,2.251,0,4317812,442140,200940,2965328,6095.792,1620.476,0,8894.615,0,904.266,3791,4197,0.840,1.070,0.960,0,0,0,0,0,18,281,6,119,0
15-10 20:59:43,7.785,1.256,88.653,0.753,0,4319036,440880,200940,2965364,6009.349,1518.913,0,847.859,0,126.576,2638,4374,0.840,1.070,0.960,3,0,1.005,0,0,18,278,6,121,0
15-10 20:59:44,4.729,0.996,90.599,0.747,0.498,4318860,440880,200940,2965540,10630.958,4358.713,0,812.405,0,77.656,2114,3761,0.840,1.070,0.960,0,0,0,0,0,18,279,6,123,0
15-10 20:59:45,16.246,2.499,79.230,0.750,0,4319896,439620,200940,2965764,29086.699,12824.781,0,1571.606,0,176.956,3945,6562,0.840,1.070,0.960,0,0,0,0,0,18,279,6,122,0
15-10 20:59:46,6.753,1.501,90.045,0.500,0.250,4319860,439620,200940,2965800,8617.352,3683.860,0,1136.574,0,97.049,2179,3563,0.770,1.050,0.950,0,0,0,0,0,18,280,6,122,0
15-10 20:59:47,14.000,2.500,81.502,1.000,0,4319868,439368,200940,2966044,22301.624,8682.243,0,1408.039,0,138.004,3509,5881,0.770,1.050,0.950,0,0,2.000,0,0,18,279,6,120,0
15-10 20:59:48,6.268,1.003,91.261,0.501,0,4320120,439116,200940,2966044,8067.104,1624.653,0,1026.941,0,104.299,2043,3468,0.770,1.050,0.950,1,0,0,0,0,18,280,6,121,0
15-10 20:59:49,8.222,2.242,86.703,0.997,0,4320276,438864,200940,2966140,10665.471,4365.050,0,1574.607,0,173.406,2847,5049,0.770,1.050,0.950,0,0,0,0,0,18,279,6,121,0
15-10 20:59:50,13.243,2.748,79.706,1.999,0.250,4320300,438612,200944,2966364,29965.489,13404.614,0,7032.125,0,541.702,4849,8120,0.770,1.050,0.950,1,0,0,0,0,18,279,6,125,0
15-10 20:59:51,5.254,1.501,91.312,0.500,0,4320516,438364,200944,2966396,8594.836,1621.101,0,740.503,0,73.050,1880,3405,0.710,1.030,0.950,2,0,0,0,0,18,279,6,127,0
15-10 20:59:52,7.498,1.000,89.481,0.500,0,4320488,438364,200944,2966424,6440.609,1759.620,0,627.864,0,70.985,1863,3208,0.710,1.030,0.950,0,0,0,0,0,18,279,6,127,0
15-10 20:59:53,9.505,1.501,87.296,0.250,0,4320316,438364,200944,2966596,5496.913,1566.830,0,660.350,0,65.034,1946,3497,0.710,1.030,0.950,5,0,0,0,0,18,280,6,133,0
15-10 20:59:54,9.994,2.249,86.196,0.999,0.500,4320764,437860,200944,2966652,33394.262,15084.632,0,1395.134,0,156.903,2691,4703,0.710,1.030,0.950,0,0,0,0,0,18,279,6,128,0
15-10 20:59:55,25.807,4.510,67.148,1.754,0,4320712,437608,200944,2966956,5824.879,1697.754,0,2377.256,0,282.625,5887,11670,0.710,1.030,0.950,2,0,0,0,0,18,281,6,132,0
15-10 20:59:56,25.211,2.995,68.645,1.498,0.250,4321172,436852,200944,2967252,5901.970,1691.412,0,2643.955,0,242.629,6293,12132,1.050,1.100,0.970,1,0,0,0,0,18,280,6,128,0
15-10 20:59:57,10.496,1.749,84.971,0.500,0,4322312,435592,200944,2967372,5393.161,1585.459,0,1535.476,0,151.948,3140,5977,1.050,1.100,0.970,0,0,1.999,0,0,18,279,6,130,0
15-10 20:59:58,12.509,1.751,84.812,1.251,0,4322476,435340,200948,2967456,11640.556,4386.224,0,1809.330,0,202.149,3511,5856,1.050,1.100,0.970,0,0,0,0,0,18,279,6,132,0
15-10 20:59:59,6.245,0.999,90.184,0.500,0,4322448,435340,200948,2967484,5302.129,1692.764,0,1303.049,0,99.927,1986,3399,1.050,1.100,0.970,0,0,0,0,0,18,280,6,133,0
15-10 21:00:00,12.024,1.753,84.165,1.002,0.250,4322572,435088,200948,2967612,26346.666,8909.471,0,1410.767,0,160.314,3178,5184,1.050,1.100,0.970,2,0,0,0,0,18,279,6,131,0
15-10 21:00:01,12.224,2.495,82.322,1.497,0,4323416,433828,200948,2968028,9124.255,3739.907,0,5077.013,0,337.270,4155,7565,0.970,1.080,0.960,0,0,0,0,0,18,280,6,136,0
15-10 21:00:02,14.787,3.509,80.953,1.754,0,4325988,431196,200948,2968088,34677.833,16475.254,0,8485.247,0,781.958,3864,5623,0.970,1.080,0.960,3,0,0,0,0,18,282,6,133,0
15-10 21:00:03,9.025,1.755,85.485,1.003,0.251,4326204,430944,200948,2968124,34393.720,13828.083,0,1628.485,0,176.486,2974,4829,0.970,1.080,0.960,1,0,0,0,0,18,281,6,133,0
15-10 21:00:04,28.363,4.478,64.438,1.493,0.249,4326352,430440,200952,2968476,8914.870,1924.688,0,2679.039,0,310.498,6259,12553,0.970,1.080,0.960,1,0,0,0,0,18,280,6,133,0
15-10 21:00:05,25.841,4.265,68.492,1.505,0,4327408,428928,200952,2968940,12374.633,1742.143,0,3817.460,0,322.136,6981,12637,0.970,1.080,0.960,1,0,0,0,0,18,280,6,135,0
15-10 21:00:06,6.724,1.494,89.159,0.996,0.249,4327620,428676,200952,2968980,5455.123,1613.824,0,2255.369,0,174.333,2711,4722,1.130,1.110,0.980,0,0,0,0,0,18,279,6,129,0
15-10 21:00:07,10.997,2.499,84.476,0.750,0,4328172,427920,200952,2969184,24735.025,10782.959,0,1339.622,0,128.964,2986,5227,1.130,1.110,0.980,0,0,1.999,0,0,18,279,6,130,0
15-10 21:00:08,17.011,2.001,78.802,1.001,0.250,4328084,427920,200956,2969268,5109.403,1609.072,0,1581.053,0,176.117,3899,7606,1.130,1.110,0.980,2,0,0,0,0,18,281,6,127,0
15-10 21:00:09,26.007,4.001,65.018,3.001,0,4328532,427164,200956,2969576,5098.407,1620.447,0,7418.047,0,586.162,6541,13364,1.130,1.110,0.980,1,0,0,0,0,18,280,6,131,0
15-10 21:00:10,21.725,2.497,73.164,1.498,0,4330124,425148,200956,2970000,10104.188,4402.853,0,3048.436,0,293.657,5204,10076,1.130,1.110,0.980,1,0,0,0,0,18,279,6,129,0
15-10 21:00:11,10.284,1.756,87.285,0.752,0.251,4330608,424644,200956,2970020,5731.714,1755.732,0,1625.307,0,125.409,2242,3726,1.040,1.090,0.970,1,0,0,0,0,18,280,6,129,0
15-10 21:00:12,8.976,0.997,85.020,1.995,0.249,4330524,424644,200956,2970104,9498.250,4395.085,0,6833.474,0,775.897,4080,5632,1.040,1.090,0.970,0,0,0,0,0,18,279,6,125,0
15-10 21:00:13,12.749,1.750,82.996,0.750,0,4331564,423384,200956,2970324,5571.744,1619.925,15.999,1727.921,1.000,197.991,3184,5567,1.040,1.090,0.970,0,0,0,0,0,18,279,6,126,0
15-10 21:00:14,11.001,2.250,83.509,0.750,0,4331784,423132,200956,2970356,10870.141,3658.384,0,1436.151,0,137.014,3107,5510,1.040,1.090,0.970,1,0,0,0,0,18,280,6,125,0
15-10 21:00:15,7.250,2.250,88.749,0.750,0.250,4331984,422880,200956,2970408,27628.641,10843.859,0,1139.985,0,109.999,2477,3924,1.040,1.090,0.970,1,0,0,0,0,18,280,6,125,0
15-10 21:00:16,9.998,2.000,86.484,1.000,0.250,4332304,422376,200956,2970592,28995.752,12825.679,0,1415.744,0,154.972,2799,4901,1.040,1.090,0.970,0,0,0,0,0,18,279,6,125,0
15-10 21:00:17,24.032,3.505,69.592,1.752,0,4332972,421620,200960,2970676,7736.243,1568.076,0,6344.400,0,468.620,5236,10134,1.040,1.090,0.970,4,0,2.003,0,0,18,281,6,127,0
15-10 21:00:18,26.301,4.509,66.629,1.753,0,4334012,420108,200960,2971148,5610.829,1569.028,32.062,3406.575,1.002,324.627,6961,12991,1.040,1.090,0.970,1,0,0,0,0,18,280,6,122,0
15-10 21:00:19,24.478,3.996,67.689,1.998,0,4334816,418596,200960,2971856,10252.834,1692.487,95.914,2737.553,4.996,315.718,6905,12913,1.040,1.090,0.970,2,0,0,0,0,18,280,6,125,0
15-10 21:00:20,29.697,6.488,61.639,1.248,0,4339844,413276,200964,2972128,6136.972,1690.961,0,2822.927,0,336.395,7000,15196,1.040,1.090,0.970,2,0,33.939,0,0,18,280,6,127,0
15-10 21:00:21,26.093,4.516,67.491,1.505,0.502,4341292,411540,200964,2972416,13091.829,1625.816,0,2227.969,0,261.937,5665,11387,0.950,1.070,0.970,2,0,0,0,0,18,280,6,128,0
15-10 21:00:22,6.226,1.743,86.665,2.739,0.498,4341248,411540,200968,2972456,13394.165,4349.169,0,8140.496,0,536.922,3551,5603,0.950,1.070,0.970,0,0,0,0,0,18,279,6,123,0
15-10 21:00:23,7.750,1.750,88.505,1.000,0,4341824,410784,200968,2972636,10277.545,4284.227,0,1024.054,0,131.007,2551,4249,0.950,1.070,0.970,1,0,0,0,0,18,279,6,123,0
15-10 21:00:24,11.249,1.250,85.742,1.000,0,4342476,410040,200968,2972712,11765.918,4121.621,0,1163.893,0,144.987,2983,5227,0.950,1.070,0.970,1,0,0,0,0,18,279,6,121,0
15-10 21:00:25,6.498,1.499,88.966,0.250,0,4342556,409788,200972,2972880,9544.364,3830.541,0,1015.613,0,106.959,2318,4185,0.950,1.070,0.970,0,0,0,0,0,18,279,6,121,0
15-10 21:00:26,8.251,2.750,87.515,1.000,0,4342736,409536,200976,2972948,10104.748,4284.741,0,1180.204,0,138.024,2712,4626,0.880,1.060,0.960,0,0,0,0,0,18,279,6,118,0
15-10 21:00:27,7.255,2.001,89.316,0.500,0,4343464,408784,200976,2972972,11658.592,3908.881,0,856.631,0,80.059,2299,3720,0.880,1.060,0.960,0,0,2.001,0,0,18,279,6,118,0
15-10 21:00:28,4.246,0.749,92.666,0,0,4343444,408784,200976,2972992,6338.239,1692.462,0,667.393,0,54.950,1786,3049,0.880,1.060,0.960,2,0,0,0,0,18,280,6,112,0
15-10 21:00:29,6.499,1.250,91.232,0.750,0,4343248,408784,200980,2973184,11609.690,4283.148,0,1043.792,0,128.974,2351,4120,0.880,1.060,0.960,1,0,0,0,0,18,279,6,112,0
15-10 21:00:30,8.240,1.498,87.398,0.499,0.749,4343208,408784,200980,2973224,10541.687,3827.529,0,1106.707,0,117.862,2555,4403,0.880,1.060,0.960,0,0,0,0,0,18,279,6,108,0
15-10 21:00:31,11.017,2.754,84.881,1.252,0.250,4343380,408532,200980,2973300,11497.764,4129.380,0,1410.179,0,157.243,3001,5132,0.810,1.040,0.950,1,0,0,0,0,18,279,6,108,0
15-10 21:00:32,8.983,1.497,88.086,0.499,0,4343476,408028,200980,2973708,10957.586,3824.874,0,990.155,0,98.816,2204,3794,0.810,1.040,0.950,0,0,0,0,0,18,279,6,105,0
15-10 21:00:33,9.273,3.760,82.208,2.757,0,4343400,407776,200980,2974036,11103.057,3841.708,0,12740.194,0,1163.941,4794,6069,0.810,1.040,0.950,1,0,0,0,0,18,281,6,106,0
15-10 21:00:34,3.500,1.500,92.741,0.500,0,4343360,407776,200980,2974076,7344.251,1713.825,0,819.916,0,103.989,2002,3492,0.810,1.040,0.950,2,0,0,0,0,18,282,6,106,0
15-10 21:00:35,7.749,2.000,87.735,1.000,0,4343176,407776,200980,2974260,32167.532,12953.798,0,1103.812,0,124.979,2625,4632,0.810,1.040,0.950,0,0,0,0,0,18,281,6,102,0
15-10 21:00:36,26.096,4.517,68.000,1.255,0,4343316,407524,200984,2974368,5343.643,1625.977,0,2790.257,0,328.206,5203,9809,0.740,1.020,0.950,3,0,0,0,0,18,283,6,106,0
15-10 21:00:37,25.939,4.240,66.594,1.496,0,4344104,406264,200984,2974840,5105.019,1616.207,0,2214.802,0,232.454,5950,12129,0.740,1.020,0.950,3,0,1.995,0,0,18,283,5,103,0
15-10 21:00:38,10.990,1.998,84.925,1.499,0,4344268,406012,200984,2974928,5456.160,1456.708,0,1906.309,0,212.811,3398,6163,0.740,1.020,0.950,0,0,0,0,0,18,281,5,104,0
15-10 21:00:39,12.990,2.748,80.441,1.749,0.500,4344384,405760,200984,2975064,5478.951,1618.804,0,2302.299,0,269.801,3890,6955,0.740,1.020,0.950,0,0,0,0,0,18,281,5,103,0
15-10 21:00:40,8.019,1.504,86.953,1.253,0.501,4344512,405508,200984,2975184,6828.918,1665.883,0,1732.037,0,152.355,2402,4036,0.740,1.020,0.950,1,0,0,0,0,18,282,5,103,0
15-10 21:00:41,26.822,4.261,63.922,2.507,0,4344608,405004,200984,2975592,6524.571,1624.374,0,7067.032,0,620.671,7071,13455,0.760,1.020,0.950,1,0,0,0,0,18,283,5,99,0
15-10 21:00:42,26.116,3.980,67.405,1.244,0,4346948,402232,200984,2976024,7523.510,1611.754,0,2145.026,0,188.038,6112,11649,0.760,1.020,0.950,1,0,0,0,0,18,282,5,100,0
15-10 21:00:43,28.859,4.266,64.744,2.008,0,4347144,401728,200984,2976332,8922.576,1626.119,0,2714.214,0,337.269,6195,12388,0.760,1.020,0.950,1,0,0,0,0,18,282,5,104,0
15-10 21:00:44,24.444,3.492,69.592,0.748,0,4348604,399976,200984,2976608,6381.508,1454.696,0,1724.085,0,164.626,5597,10989,0.760,1.020,0.950,0,0,0,0,0,18,282,5,105,0
15-10 21:00:45,4.245,0.999,93.140,0.250,0,4348600,399976,200984,2976612,6274.590,1692.002,0,1026.787,0,68.919,1764,2853,0.760,1.020,0.950,2,0,0,0,0,18,282,5,97,0
15-10 21:00:46,28.368,3.515,66.024,2.008,0,4348580,399724,200984,2976884,5134.297,1701.056,0,2514.430,0,307.275,5787,11478,1.100,1.090,0.970,2,0,0,0,0,18,282,5,101,0
15-10 21:00:47,26.257,4.501,65.518,2.251,0.500,4350164,397456,200992,2977560,5827.626,1620.452,0,7246.022,0,570.159,7195,13792,1.100,1.090,0.970,1,0,2.001,0,0,18,281,5,100,0
15-10 21:00:48,25.478,4.496,67.191,1.499,0.500,4350288,396952,200992,2977940,6049.694,1692.516,0,3800.667,0,297.739,6528,12536,1.100,1.090,0.970,5,0,0,0,0,18,283,5,102,0
15-10 21:00:49,25.926,3.739,67.557,1.246,0,4350896,396196,200996,2978084,6340.928,1615.396,0,2301.441,0,240.315,6193,11675,1.100,1.090,0.970,2,0,0,0,0,18,282,5,98,0
15-10 21:00:50,25.757,4.501,67.518,1.000,0,4352148,394432,200996,2978596,28086.302,10672.775,0,2104.547,0,225.059,5751,11248,1.100,1.090,0.970,1,0,0,0,0,18,282,5,99,0
15-10 21:00:51,10.238,1.249,83.400,2.497,0,4352204,394180,201000,2978788,11658.069,4203.976,0,7411.144,0,562.328,4567,7892,1.180,1.100,0.980,0,0,0,0,0,18,281,5,96,0
15-10 21:00:52,10.250,1.750,85.753,0.750,0,4352160,394180,201000,2978832,29729.951,13088.419,0,1200.038,0,142.005,2903,4893,1.180,1.100,0.980,0,0,0,0,0,18,281,5,96,0
15-10 21:00:53,11.485,1.748,83.394,1.248,0,4352444,393676,201000,2979052,13670.543,4362.429,0,2261.113,0,260.667,3656,6389,1.180,1.100,0.980,0,1,0,0,0,18,281,5,94,0
15-10 21:00:54,11.774,2.756,82.918,2.505,0,4358884,387152,201000,2979136,6633.419,1849.742,16.032,9527.274,1.002,1023.070,4304,5310,1.180,1.100,0.980,0,0,0,0,0,18,282,6,94,0
15-10 21:00:55,10.775,1.253,84.193,1.503,0,4359064,386900,201000,2979208,18986.441,8215.798,0,1671.825,0,215.493,3327,5889,1.180,1.100,0.980,1,0,0,0,0,18,282,6,86,0
15-10 21:00:56,12.217,2.244,84.024,0.997,0.249,4359000,386900,201000,2979272,17826.048,6431.699,0,1268.587,0,163.560,3317,5684,1.080,1.080,0.970,1,0,0,0,0,18,282,6,87,0
15-10 21:00:57,27.562,4.009,64.897,1.754,0.752,4359468,386144,201000,2979560,7752.544,1697.842,0,2585.852,0,338.767,6702,12686,1.080,1.080,0.970,6,0,2.005,0,0,18,283,6,83,0
15-10 21:00:58,25.682,4.738,65.827,2.244,0,4359964,385388,201000,2979816,5753.862,1657.639,0,7316.750,0,572.494,7318,13581,1.080,1.080,0.970,1,0,0,0,0,18,282,6,86,0
15-10 21:00:59,20.752,4.000,72.506,2.750,0,4360732,384184,201000,2980252,11514.875,4253.323,0,6184.470,0,757.058,6124,10673,1.080,1.080,0.970,0,0,0,0,0,18,281,6,82,0
15-10 21:01:00,10.551,1.759,84.911,0.754,0,4362364,382420,201000,2980384,9792.444,1702.247,52.253,1479.167,10.049,130.633,2766,4894,1.080,1.080,0.970,1,0,0,0,0,18,282,6,82,0
15-10 21:01:01,9.457,2.489,85.862,1.244,0,4362316,382420,201000,2980432,32688.217,12971.356,0,1839.683,0,183.172,3427,5556,1.310,1.130,0.990,1,0,0,0,0,18,281,6,74,0
15-10 21:01:02,25.316,3.259,69.431,1.755,0,4362820,381664,201000,2980684,6648.346,1624.238,0,2338.100,0,316.827,5598,10886,1.310,1.130,0.990,1,0,0,0,0,18,283,6,77,0
15-10 21:01:03,27.538,4.256,66.342,0.751,0,4363236,380656,201000,2981272,7432.301,1622.248,32.044,2331.231,1.001,228.316,6446,13566,1.310,1.130,0.990,1,0,0,0,0,18,282,6,75,0
15-10 21:01:04,17.428,3.735,72.949,3.984,0.249,4363736,379928,201000,2981500,12114.090,4368.004,0,10648.130,0,1045.692,5693,9177,1.310,1.130,0.990,1,0,0,0,0,18,281,6,79,0
15-10 21:01:05,10.498,2.750,85.485,0.750,0.250,4363936,379676,201000,2981552,27869.234,10428.217,0,1519.740,0,155.973,2704,4632,1.310,1.130,0.990,0,0,0,0,0,18,282,6,73,0
15-10 21:01:06,9.506,2.251,86.304,0.750,0,4364376,379172,201000,2981616,12686.891,3996.486,0,964.600,0,95.059,2275,3869,1.210,1.110,0.980,1,1,0,0,0,18,281,6,73,0
15-10 21:01:07,8.278,1.756,87.544,0.753,0.251,4364620,378668,201004,2981876,24737.996,10705.918,0,2175.298,0,154.518,2631,4531,1.210,1.110,0.980,2,0,2.007,0,0,18,282,6,71,0
15-10 21:01:08,28.966,2.747,65.174,1.498,0.250,4364728,378416,201004,2982020,5734.337,1618.120,0,2377.238,0,313.636,5739,11028,1.210,1.110,0.980,1,0,0,0,0,18,282,6,75,0
15-10 21:01:09,26.778,4.255,68.823,1.001,0,4365820,376904,201004,2982440,6931.340,1769.874,0,2350.489,0,222.235,6472,11727,1.210,1.110,0.980,1,0,0,0,0,18,281,6,70,0
15-10 21:01:10,12.450,2.241,81.426,1.245,0,4365952,376652,201004,2982560,11091.888,4351.693,0,1633.504,0,196.220,3556,6195,1.210,1.110,0.980,0,0,0,0,0,18,281,6,72,0
15-10 21:01:11,10.508,1.251,86.067,1.001,0,4366028,376400,201004,2982736,27898.761,12651.868,0,1889.474,0,175.137,2938,4735,1.110,1.090,0.980,0,0,0,0,0,18,282,6,70,0
15-10 21:01:12,13.778,2.255,77.405,3.006,0.501,4366200,376148,201004,2982812,7369.747,1863.729,0,6352.712,0,454.910,4622,8664,1.110,1.090,0.980,1,0,0,0,0,18,283,6,71,0
15-10 21:01:13,26.997,4.000,66.492,1.250,0,4366680,375392,201004,2983088,5440.380,1511.828,0,2639.699,0,257.971,5758,11097,1.110,1.090,0.980,1,0,0,0,0,18,282,6,73,0
15-10 21:01:14,27.794,3.255,66.606,1.252,0.250,4367484,374384,201004,2983292,6378.135,1610.559,0,2215.520,0,246.392,5886,11868,1.110,1.090,0.980,1,0,0,0,0,18,283,6,74,0
15-10 21:01:15,27.394,3.736,65.994,1.494,0,4368388,372872,201004,2983900,8685.336,1683.475,0,2087.907,0,233.097,6000,11565,1.110,1.090,0.980,2,0,0,0,0,18,282,6,77,0
15-10 21:01:16,20.988,3.748,72.208,1.499,0,4369112,371864,201004,2984184,10296.069,4279.535,0,2334.655,0,270.844,5480,10041,1.100,1.090,0.980,2,0,0,0,0,18,281,6,78,0
15-10 21:01:17,7.756,2.252,86.322,1.251,0,4369184,371612,201004,2984364,12544.475,4477.739,0,1849.544,0,217.181,2889,4938,1.100,1.090,0.980,0,0,2.002,0,0,18,281,6,78,0
15-10 21:01:18,4.999,2.000,90.729,0.750,0.500,4369148,371612,201008,2984396,8773.929,1619.618,31.992,1439.660,1.000,128.970,2382,4105,1.100,1.090,0.980,1,0,0,0,0,18,282,6,76,0
15-10 21:01:19,8.997,1.499,87.467,1.000,0,4369332,371360,201008,2984464,10295.139,3830.564,0,3298.763,0,157.941,2869,4852,1.100,1.090,0.980,0,0,0,0,0,18,281,6,76,0
15-10 21:01:20,13.993,4.248,77.712,2.249,0.250,4373812,366840,201008,2984504,28380.150,12527.886,0,7228.473,0,498.757,4420,8576,1.100,1.090,0.980,0,0,33.983,0,0,18,282,6,72,0
15-10 21:01:21,18.037,3.507,75.907,1.253,0,4373860,366588,201008,2984708,10498.743,1809.748,0,1639.395,0,228.473,4569,8730,1.010,1.070,0.970,1,0,0,0,0,18,283,6,73,0
15-10 21:01:22,25.810,3.258,66.655,1.754,0,4374328,365832,201008,2984996,6858.954,1623.777,0,1972.588,0,253.590,6253,11900,1.010,1.070,0.970,1,0,0,0,0,18,282,6,69,0
15-10 21:01:23,24.236,4.248,68.462,0.750,0.250,4375540,364320,201008,2985296,6185.524,1619.090,15.991,2254.733,0.999,247.861,6441,12143,1.010,1.070,0.970,1,0,0,0,0,18,282,6,69,0
15-10 21:01:24,7.725,1.246,86.475,2.991,0.249,4375608,364068,201008,2985480,10439.853,4400.030,0,9952.401,0,1086.550,4168,4938,1.010,1.070,0.970,0,0,0,0,0,18,281,6,70,0
15-10 21:01:25,10.249,2.000,85.490,1.250,0,4375552,364068,201008,2985536,30548.273,12954.420,0,1687.794,0,171.979,2945,5218,1.010,1.070,0.970,0,0,0,0,0,18,281,6,70,0
15-10 21:01:26,18.586,5.023,73.843,1.507,0,4375560,363816,201008,2985780,6439.900,1701.902,0,2399.139,0,300.395,5104,9862,0.930,1.060,0.970,1,1,0,0,0,18,283,6,69,0
15-10 21:01:27,29.126,5.726,62.484,2.987,0.249,4375724,363312,201012,2986116,5857.084,1579.282,7.966,9037.554,1.992,737.861,6646,13335,0.930,1.060,0.970,1,0,1.992,0,0,18,282,6,75,0
15-10 21:01:28,23.997,3.750,68.491,1.000,0,4376964,361800,201012,2986388,6803.129,1619.793,0,1687.784,0,179.977,5797,11153,0.930,1.060,0.970,1,0,0,0,0,18,282,6,75,0
15-10 21:01:29,9.493,1.749,86.189,1.249,0,4377248,361296,201012,2986608,10179.833,4416.891,0,1922.646,0,213.849,2929,5598,0.930,1.060,0.970,1,0,0,0,0,18,281,6,77,0
15-10 21:01:30,9.506,1.751,86.552,1.001,0,4377204,361296,201012,2986652,25751.374,10676.374,0,1480.884,0,149.089,2465,4351,0.930,1.060,0.970,0,0,0,0,0,18,281,6,77,0
15-10 21:01:31,9.510,2.002,85.087,1.001,0.501,4377576,360792,201012,2986784,28000.729,12654.984,16.016,1773.820,1.001,168.173,2747,4794,0.860,1.040,0.960,0,0,0,0,0,18,282,6,78,0
15-10 21:01:32,14.511,2.502,81.560,0.751,0,4378104,360036,201012,2987012,7553.559,1993.467,0,1849.361,0,167.123,3400,6481,0.860,1.040,0.960,1,0,0,0,0,18,282,6,78,0
15-10 21:01:33,27.284,4.506,64.580,3.254,0.250,4378048,359784,201012,2987320,7523.321,1696.101,0,7365.125,0,670.831,7008,13646,0.860,1.040,0.960,2,0,0,0,0,18,283,6,83,0
15-10 21:01:34,23.913,4.235,66.509,2.242,0.249,4379120,358300,201012,2987732,7844.556,1673.930,0,7879.429,0,817.037,7009,12376,0.860,1.040,0.960,1,3,0,0,0,18,282,6,85,0
15-10 21:01:35,24.821,4.012,68.196,2.256,0,4380616,356536,201012,2988000,9919.489,1698.879,0,3614.381,0,302.870,5839,11018,0.860,1.040,0.960,2,0,0,0,0,18,283,6,88,0
15-10 21:01:36,25.821,5.265,66.183,1.253,0,4380828,356032,201012,2988288,8329.999,1570.336,0,2306.368,0,246.681,5647,10607,0.870,1.040,0.960,1,0,0,0,0,18,282,6,96,0
15-10 21:01:37,24.483,3.498,67.952,1.249,0.500,4381504,355024,201012,2988620,6383.449,1692.793,0,2925.914,0,247.823,6327,11770,0.870,1.040,0.960,2,0,1.999,0,0,18,282,6,98,0
15-10 21:01:38,29.778,4.004,64.562,2.002,0,4381480,354772,201012,2988896,6413.137,1621.552,0,2818.697,0,343.329,6291,11510,0.870,1.040,0.960,2,0,0,0,0,18,282,6,96,0
15-10 21:01:39,24.944,4.490,66.850,1.996,0,4382580,353260,201012,2989304,6493.383,1658.267,0,6066.345,0,431.030,7105,12886,0.870,1.040,0.960,1,0,0,0,0,18,282,6,98,0
15-10 21:01:40,27.266,3.002,65.788,1.751,0,4382788,352756,201012,2989600,6532.802,1620.943,0,2817.640,0,316.184,6175,11742,0.870,1.040,0.960,0,1,0,0,0,18,283,6,99,0
15-10 21:01:41,25.675,4.487,67.551,0.997,0.249,4383756,351496,201012,2989892,6191.802,1655.136,0,2101.823,0,209.385,6061,12883,0.960,1.050,0.970,2,0,0,0,0,18,282,6,100,0
15-10 21:01:42,8.740,1.998,86.904,0.999,0.250,4383800,351244,201012,2990100,10503.415,4365.185,0,2205.567,0,242.732,2783,5297,0.960,1.050,0.970,0,0,0,0,0,18,281,6,97,0
15-10 21:01:43,11.999,1.750,83.491,1.000,0.250,4383972,350992,201012,2990180,10311.866,4500.505,0,2031.777,0,207.977,3020,5622,0.960,1.050,0.970,0,0,0,0,0,18,281,6,99,0
15-10 21:01:44,13.005,2.001,83.280,1.000,0.250,4383780,350992,201012,2990372,10248.659,4317.541,0,1732.619,0,179.064,2765,5008,0.960,1.050,0.970,0,0,0,0,0,18,281,6,95,0
15-10 21:01:45,13.254,2.251,83.024,1.500,0,4383936,350740,201012,2990452,5727.684,1620.476,0,1676.493,0,171.050,2675,5065,0.960,1.050,0.970,4,0,0,0,0,18,281,6,96,0
15-10 21:01:46,4.246,0.999,92.167,0.250,0,4383792,350740,201012,2990596,10123.929,4334.117,0,1178.944,0,96.913,1811,3159,1.040,1.070,0.970,1,0,0,0,0,18,282,6,95,0
15-10 21:01:47,14.757,2.251,80.288,1.501,0,4384948,349484,201012,2990696,54893.910,24281.461,0,6451.045,0,496.234,4293,7779,1.040,1.070,0.970,0,0,2.001,0,0,18,281,6,96,0
15-10 21:01:48,8.497,1.749,87.724,0.750,0,4384908,349484,201012,2990736,13351.035,5818.272,0,1251.628,0,155.954,2602,4878,1.040,1.070,0.970,0,0,0,0,0,18,282,6,93,0
15-10 21:01:49,12.049,2.761,85.097,1.004,0.502,4384732,349484,201012,2990912,46960.741,20244.659,0,1245.084,0,146.599,2625,4595,1.040,1.070,0.970,0,0,0,0,0,18,281,6,93,0
15-10 21:01:50,15.712,2.494,78.808,0.998,0.249,4385188,348980,201012,2990960,25911.801,10857.519,0,1296.837,0,155.620,3529,7076,1.040,1.070,0.970,1,0,0,0,0,18,283,6,91,0
15-10 21:01:51,26.547,3.757,66.867,1.753,0,4385632,348224,201012,2991272,7521.192,1568.752,0,2496.379,0,295.518,5949,11985,1.200,1.100,0.990,2,0,0,0,0,18,282,6,94,0
15-10 21:01:52,27.063,4.009,67.156,1.253,0.251,4386220,347216,201012,2991692,5993.882,1623.761,0,2409.581,0,263.611,5647,11283,1.200,1.100,0.990,1,0,0,0,0,18,282,6,95,0
15-10 21:01:53,26.483,3.748,67.208,0.750,0,4387172,345956,201012,2992000,7452.290,1618.977,0,2034.714,0,216.863,5734,11388,1.200,1.100,0.990,1,0,0,0,0,18,282,6,97,0
15-10 21:01:54,11.700,1.991,81.153,2.240,0,4387092,345956,201012,2992080,9216.617,4374.309,0,5317.279,0,435.141,4214,7992,1.200,1.100,0.990,0,0,0,0,0,18,281,6,97,0
15-10 21:01:55,7.754,2.001,84.789,4.502,0.250,4387156,345704,201012,2992252,9880.585,4289.991,0,10480.863,0,1226.569,4463,4902,1.200,1.100,0.990,0,0,0,0,0,18,283,6,97,0
15-10 21:01:56,14.276,3.506,81.149,1.503,0.250,4387528,345200,201012,2992384,9715.819,3881.118,0,1979.631,0,233.428,3394,6432,1.350,1.130,1,0,0,0,0,0,18,283,6,97,0
15-10 21:01:57,4.489,1.247,92.524,0.249,0,4387524,345200,201012,2992388,8408.500,1689.880,0,1025.500,0,59.854,1523,2583,1.350,1.130,1,1,0,1.995,0,0,18,284,6,97,0
15-10 21:01:58,7.498,1.999,87.472,1.000,0,4387576,344976,201012,2992560,29436.580,12877.879,0,1371.561,0,158.949,2808,4799,1.350,1.130,1,0,0,0,0,0,18,283,6,97,0
15-10 21:01:59,25.742,3.749,68.729,1.000,0.250,4388064,344220,201016,2992824,7156.853,1639.508,0,2103.369,0,223.933,5649,10780,1.350,1.130,1,1,0,0,0,0,18,283,6,94,0
15-10 21:02:00,24.529,4.005,66.578,1.752,0.250,4388552,343464,201016,2993092,5887.918,1621.906,0,6159.237,0,687.808,6721,12130,1.350,1.130,1,4,0,0,0,0,18,284,6,95,0
15-10 21:02:01,23.987,3.498,68.713,2.499,0,4389752,341952,201016,2993400,9313.952,4146.752,0,7036.186,0,526.715,6304,12709,1.480,1.160,1.010,0,0,0,0,0,18,282,6,96,0
15-10 21:02:02,8.521,0.752,88.470,0.501,0.251,4390104,341448,201016,2993552,11911.576,3907.703,0,1170.907,0,114.284,2314,4032,1.480,1.160,1.010,0,0,0,0,0,18,282,6,96,0
15-10 21:02:03,7.258,0.501,89.349,0.751,0,4390064,341448,201016,2993592,27863.901,10856.039,0,1197.328,0,130.144,2470,4109,1.480,1.160,1.010,3,0,0,0,0,18,282,6,93,0
15-10 21:02:04,28.427,5.236,64.085,1.995,0,4390928,340188,201020,2993984,6333.653,1615.830,0,2417.760,0,324.163,6809,13234,1.480,1.160,1.010,2,0,0,0,0,18,282,6,97,0
15-10 21:02:05,23.226,3.996,68.678,1.748,0,4392128,338676,201020,2994296,14159.090,4435.330,31.966,4858.884,0.999,316.667,5524,11035,1.480,1.160,1.010,3,0,0,0,0,18,281,6,97,0
15-10 21:02:06,9.749,1.750,86.492,1.250,0.500,4392092,338676,201020,2994332,9834.046,4283.584,0,3219.688,0,286.972,2627,4920,1.680,1.210,1.020,0,0,0,0,0,18,281,6,97,0
15-10 21:02:07,5.515,1.253,90.248,1.504,0,4392068,338676,201020,2994352,5246.391,1570.307,0,4961.610,0,316.869,2281,3859,1.680,1.210,1.020,1,0,2.006,0,0,18,282,5,97,0
15-10 21:02:08,4.980,0.747,90.631,0.996,0.249,4392020,338676,201020,2994400,10946.492,4160.085,0,1880.354,0,169.312,2398,4241,1.680,1.210,1.020,0,0,0,0,0,18,281,5,97,0
15-10 21:02:09,12.263,2.503,83.340,1.251,0,4392300,338200,201020,2994596,35583.466,17216.611,0,1966.125,0,243.263,3711,6222,1.680,1.210,1.020,1,0,0,0,0,18,282,5,93,0
15-10 21:02:10,12.747,2.000,81.481,1.000,0,4392688,337696,201020,2994712,13131.967,4603.936,0,1455.664,0,156.964,3460,6042,1.680,1.210,1.020,0,0,0,0,0,18,281,5,94,0
15-10 21:02:11,7.251,1.750,88.767,0.750,0,4392580,337696,201020,2994820,10550.068,4285.840,0,1260.247,0,134.026,2600,4268,1.550,1.190,1.020,0,0,0,0,0,18,281,5,92,0
15-10 21:02:12,11.755,2.251,84.283,1.000,0.500,4392760,337192,201020,2995144,11746.652,4297.702,0,1492.591,0,171.068,3052,5059,1.550,1.190,1.020,0,0,0,0,0,18,281,5,93,0
15-10 21:02:13,6.020,1.756,90.555,0.753,0,4392756,337192,201020,2995148,7527.352,1625.475,0,1252.217,0,111.375,1999,3448,1.550,1.190,1.020,1,1,0,0,0,18,282,5,89,0
15-10 21:02:14,7.729,1.247,88.754,0.748,0,4392708,337192,201020,2995196,42616.081,19609.740,0,1057.075,0,95.735,2202,3379,1.550,1.190,1.020,0,0,0,0,0,18,282,5,89,0
15-10 21:02:15,4.247,1.249,92.676,0.749,0.250,4392944,336940,201020,2995212,13126.512,3814.952,0,395.684,0,56.954,1755,2941,1.550,1.190,1.020,0,0,0,0,0,18,282,5,85,0
15-10 21:02:16,6.778,1.255,91.130,0.251,0,4393432,336436,201020,2995228,33707.628,15748.704,0,775.234,0,60.251,1665,2568,1.420,1.170,1.010,1,0,0,0,0,18,281,5,85,0
15-10 21:02:17,5.726,1.245,89.376,0.498,0.249,4393524,336184,201020,2995388,29827.173,12589.314,0,1063.549,0,111.533,2246,3735,1.420,1.170,1.010,0,0,1.992,0,0,18,282,5,83,0
15-10 21:02:18,9.505,1.501,86.549,1.001,0.250,4393464,336184,201020,2995448,16254.216,6137.480,0,1340.760,0,138.078,2604,4493,1.420,1.170,1.010,0,0,0,0,0,18,284,5,83,0
15-10 21:02:19,21.833,2.510,73.781,1.004,0.251,4393476,335932,201020,2995688,22676.511,8715.249,0,1851.062,0,222.850,4395,8391,1.420,1.170,1.010,1,0,0,0,0,18,284,5,86,0
15-10 21:02:20,23.397,4.729,66.208,2.240,0,4396192,332912,201020,2995992,12277.769,4428.440,0,6786.026,0,502.779,6568,13067,1.420,1.170,1.010,0,0,33.850,0,0,18,283,5,88,0
15-10 21:02:21,10.797,1.758,84.615,1.758,0,4397040,331764,201020,2996292,10149.776,1464.316,0,8572.975,0,923.985,4046,4688,1.390,1.170,1.010,1,0,0,0,0,18,283,5,87,0
15-10 21:02:22,9.708,1.742,84.635,1.245,0,4396836,331764,201020,2996496,32091.621,12900.374,0,1302.384,0,143.382,2939,4996,1.390,1.170,1.010,0,0,0,0,0,18,283,5,87,0
15-10 21:02:23,24.262,3.002,70.786,1.251,0.250,4396832,331512,201020,2996752,7081.605,1620.825,0,1860.947,0,215.109,5098,9437,1.390,1.170,1.010,1,0,0,0,0,18,284,5,85,0
15-10 21:02:24,24.795,5.260,67.121,1.503,0,4398304,329748,201020,2997044,9773.690,1849.347,0,2628.758,0,229.415,6342,12551,1.390,1.170,1.010,3,0,0,0,0,18,284,6,85,0
15-10 21:02:25,8.477,1.496,86.014,1.496,0,4398488,329496,201020,2997112,10363.593,4426.866,0,2864.149,0,271.256,3401,5768,1.390,1.170,1.010,0,0,0,0,0,18,283,6,86,0
15-10 21:02:26,10.021,2.004,85.679,1.002,0.501,4398536,329244,201020,2997316,5679.899,1623.401,0,1823.821,0,190.399,3220,5727,1.360,1.170,1.010,1,0,0,0,0,18,284,6,86,0
15-10 21:02:27,11.981,1.997,82.867,1.248,0.250,4399452,328240,201020,2997404,30797.754,12935.316,0,2064.699,0,266.574,3661,6338,1.360,1.170,1.010,0,0,1.997,0,0,18,283,6,83,0
15-10 21:02:28,12.497,2.250,80.982,2.499,0,4399340,327988,201020,2997768,10391.724,4244.071,0,5690.754,0,443.903,4034,6737,1.360,1.170,1.010,0,0,0,0,0,18,283,6,84,0
15-10 21:02:29,11.507,2.502,84.052,1.001,0,4399284,327988,201020,2997824,13184.135,6103.766,0,1516.936,0,152.094,3100,5261,1.360,1.170,1.010,1,0,0,0,0,18,284,6,80,0
15-10 21:02:30,8.498,1.250,87.228,0.750,0.250,4399448,327764,201020,2997884,23648.088,8753.812,0,1263.684,0,88.978,2404,4151,1.360,1.170,1.010,4,0,0,0,0,18,284,6,81,0
15-10 21:02:31,28.345,4.014,65.219,1.756,0,4399280,327512,201020,2998304,7877.500,1773.968,0,2849.586,0,351.181,6252,11547,1.330,1.160,1.010,1,0,0,0,0,18,285,6,84,0
15-10 21:02:32,25.910,3.986,67.515,1.495,0,4400760,325748,201020,2998588,6185.462,1656.233,0,2838.118,0,278.032,5712,11436,1.330,1.160,1.010,1,0,0,0,0,18,284,6,86,0
15-10 21:02:33,21.242,5.498,70.972,1.499,0.250,4401204,324992,201020,2998900,10432.910,4368.288,15.994,2658.958,1.000,314.877,6036,11065,1.330,1.160,1.010,0,0,0,0,0,18,283,6,86,0
15-10 21:02:34,11.284,2.006,83.000,2.758,0.251,4401316,324740,201020,2999040,6123.468,1719.185,16.048,6640.026,1.003,489.476,3907,6687,1.330,1.160,1.010,1,0,0,0,0,18,284,6,86,0
15-10 21:02:35,11.986,2.747,83.652,1.249,0,4401120,324740,201020,2999236,16208.085,5705.342,0,3304.144,0,253.704,3253,5606,1.330,1.160,1.010,0,0,0,0,0,18,284,6,80,0
15-10 21:02:36,9.266,1.753,87.154,0.751,0.250,4401272,324488,201020,2999336,21881.621,8643.255,0,1009.782,0,97.172,2284,3801,1.220,1.140,1.010,2,0,0,0,0,18,283,6,82,0
15-10 21:02:37,5.980,1.246,90.198,0.997,0,4401476,324236,201020,2999384,9759.287,4355.401,0,841.180,0,82.723,2150,3758,1.220,1.140,1.010,0,0,1.993,0,0,18,283,6,73,0
15-10 21:02:38,14.000,3.250,82.001,0.750,0.500,4401508,323984,201020,2999604,29242.292,12882.129,0,1288.013,0,145.001,3358,5557,1.220,1.140,1.010,0,0,0,0,0,18,283,6,74,0
15-10 21:02:39,17.006,2.501,76.529,0.750,0,4401556,323732,201020,2999808,5999.256,1768.665,0,1908.718,0,219.082,4064,7604,1.220,1.140,1.010,1,1,0,0,0,18,285,6,71,0
15-10 21:02:40,30.044,3.755,65.345,2.253,0,4401488,323480,201020,3000128,7205.470,1712.488,0,3272.755,0,363.528,6278,11706,1.220,1.140,1.010,1,0,0,0,0,18,284,6,76,0
15-10 21:02:41,24.567,3.760,68.937,1.003,0,4402244,322472,201020,3000380,7016.049,1624.410,0,2358.403,0,217.591,5886,11691,1.200,1.140,1.010,1,0,0,0,0,18,284,6,77,0
15-10 21:02:42,15.441,2.739,75.709,3.985,0.249,4402732,321716,201020,3000648,12211.061,4244.683,0,10348.221,0,1202.378,6475,7895,1.200,1.140,1.010,0,0,0,0,0,18,283,6,74,0
15-10 21:02:43,10.742,2.748,83.441,1.749,0.250,4402628,321716,201020,3000752,7683.598,1564.900,0,2941.932,0,290.796,3687,6579,1.200,1.140,1.010,0,0,0,0,0,18,284,6,74,0
15-10 21:02:44,14.252,2.750,80.264,2.750,0,4402548,321716,201020,3000832,29003.989,12686.182,0,6429.106,0,514.088,4411,7340,1.200,1.140,1.010,0,0,0,0,0,18,284,6,71,0
15-10 21:02:45,11.503,1.500,84.272,1.000,0,4402608,321464,201020,3001024,12421.230,4436.153,0,1792.466,0,192.050,3233,5592,1.200,1.140,1.010,2,0,0,0,0,18,284,6,74,0
15-10 21:02:46,6.494,1.249,89.672,0.500,0,4402852,321212,201020,3001032,7671.303,1866.371,0,1027.103,0,79.930,2036,3428,1.110,1.120,1,1,1,0,0,0,18,284,6,72,0
15-10 21:02:47,8.009,2.002,86.592,1.251,0.501,4403260,320736,201020,3001100,29568.431,13027.849,0,1469.562,0,168.179,3063,5100,1.110,1.120,1,1,0,2.002,0,0,18,283,6,74,0
15-10 21:02:48,24.778,3.504,70.079,1.251,0,4403048,320736,201020,3001296,6203.986,1621.826,0,1790.016,0,246.277,5127,9662,1.110,1.120,1,2,0,0,0,0,18,285,6,77,0
15-10 21:02:49,27.034,5.006,65.833,1.752,0,4402856,320484,201020,3001740,5619.103,1513.914,0,3796.799,0,350.443,6451,11636,1.110,1.120,1,1,0,0,0,0,18,284,6,83,0
15-10 21:02:50,13.712,2.244,79.777,1.247,0,4403360,319756,201020,3001964,29671.948,13595.945,0,2229.759,0,249.302,4218,7533,1.110,1.120,1,0,0,0,0,0,18,283,6,87,0
15-10 21:02:51,13.802,3.011,81.058,2.510,0,4403408,319504,201020,3002168,19986.007,9013.277,0,6934.371,0,507.932,4334,7206,1.180,1.140,1.010,2,0,0,0,0,18,283,6,90,0
15-10 21:02:52,9.712,1.494,85.164,1.992,0.498,4403324,319504,201020,3002252,19566.750,7540.231,0,5844.924,0,682.306,3648,4578,1.180,1.140,1.010,2,0,0,0,0,18,284,6,85,0
15-10 21:02:53,7.781,2.510,87.347,0.753,0,4403296,319504,201020,3002280,22649.030,9313.019,0,1273.060,0,116.463,2715,4449,1.180,1.140,1.010,1,1,0,0,0,18,283,6,85,0
15-10 21:02:54,8.723,2.243,86.736,0.997,0.249,4403484,319252,201020,3002344,28279.775,10679.438,0,1742.687,0,153.532,2722,4765,1.180,1.140,1.010,2,0,0,0,0,18,284,6,79,0
15-10 21:02:55,26.752,2.250,66.506,1.500,0,4403480,318244,201020,3003356,7417.668,1586.143,0,2356.212,0,251.023,5510,11154,1.180,1.140,1.010,2,0,0,0,0,18,284,6,81,0
15-10 21:02:56,8.244,2.998,87.683,0.749,0.250,4403412,318244,201020,3003424,10297.184,4481.598,0,2869.822,0,268.796,3161,5628,1.080,1.120,1,0,0,0,0,0,18,283,6,82,0
15-10 21:02:57,10.535,2.257,84.527,0.752,0,4403848,317740,201020,3003492,30969.487,12998.596,0,1428.682,0,135.444,3076,5058,1.080,1.120,1,0,0,2.007,0,0,18,283,6,82,0
15-10 21:02:58,22.431,2.492,73.773,1.246,0,4403636,317740,201020,3003704,5921.808,1561.204,0,2069.642,0,213.345,4512,8434,1.080,1.120,1,1,0,0,0,0,18,284,6,83,0
15-10 21:02:59,20.485,5.246,71.199,2.748,0,4403536,317488,201020,3004056,10350.568,4430.819,15.989,7858.358,0.999,605.565,6568,12107,1.080,1.120,1,1,0,0,0,0,18,283,6,84,0
15-10 21:03:00,11.540,1.254,85.294,0.753,0.251,4403988,316984,201020,3004108,7836.011,1715.915,0,1581.451,0,132.457,2705,4632,1.080,1.120,1,6,0,0,0,0,18,281,6,83,0
15-10 21:03:01,5.231,1.246,89.432,0.747,0.249,4403812,316984,201020,3004284,9849.016,4280.795,0,1191.767,0,121.568,2600,4432,1,1.100,0.990,1,0,0,0,0,18,283,6,83,0
15-10 21:03:02,12.755,2.501,84.536,0.500,0,4404504,316228,201020,3004348,31431.327,12779.418,0,1432.607,0,158.067,3315,5456,1,1.100,0.990,0,0,0,0,0,18,283,6,80,0
15-10 21:03:03,8.502,1.500,87.268,1.000,0,4404580,315976,201020,3004524,33012.801,13090.697,0,1444.298,0,135.028,2908,4570,1,1.100,0.990,0,0,0,0,0,18,283,6,80,0
15-10 21:03:04,10.254,2.251,84.532,0.750,0.250,4404968,315500,201020,3004612,15434.912,4434.698,0,1756.673,0,181.069,3170,5257,1,1.100,0.990,1,0,0,0,0,18,283,6,80,0
15-10 21:03:05,12.494,2.249,82.208,1.749,0,4405016,315248,201020,3004816,28369.617,8883.496,0,1895.039,0,195.901,3530,5836,1,1.100,0.990,0,0,0,0,0,18,284,6,82,0
15-10 21:03:06,10.481,1.248,85.342,0.499,0,4404972,315248,201020,3004860,11663.469,1736.794,0,2331.696,0,97.819,2649,4373,1,1.100,0.990,2,0,0,0,0,18,284,6,74,0
15-10 21:03:07,9.267,2.755,86.655,1.002,0,4405368,314492,201020,3005220,11153.943,4377.828,0,1979.539,0,202.362,3320,6414,1,1.100,0.990,1,0,2.004,0,0,18,283,6,75,0
15-10 21:03:08,12.750,2.000,82.999,1.750,0.250,4405312,314492,201020,3005276,32159.743,12641.899,0,5835.953,0,438.996,3901,6546,1,1.100,0.990,0,0,0,0,0,18,284,6,77,0
15-10 21:03:09,9.999,2.000,84.994,1.250,0,4405268,314492,201020,3005320,30572.768,13013.050,0,2059.850,0,202.985,3158,5317,1,1.100,0.990,0,0,0,0,0,18,283,6,77,0
15-10 21:03:10,8.249,2.000,87.486,0.500,0.500,4405452,314268,201020,3005360,23295.156,10254.308,0,1019.832,0,88.985,2384,3945,1,1.100,0.990,0,0,0,0,0,18,285,6,76,0
15-10 21:03:11,18.583,2.260,76.092,1.005,0,4405460,314016,201020,3005600,26791.266,11216.350,0,1836.243,0,207.933,4214,7916,1,1.090,1,1,0,0,0,0,18,285,6,77,0
15-10 21:03:12,25.515,4.503,66.791,2.251,0,4405420,313764,201020,3005892,7691.669,1620.984,0,9329.663,0,1075.653,7404,11885,1,1.090,1,1,0,0,0,0,18,285,6,79,0
15-10 21:03:13,23.880,3.234,69.403,1.244,0,4405872,313008,201024,3006192,8356.169,4168.134,0,2849.734,0,335.321,5855,11214,1,1.090,1,0,0,0,0,0,18,284,6,81,0
15-10 21:03:14,8.265,1.503,88.663,0.751,0,4405960,312756,201024,3006356,7547.911,1743.213,0,2264.173,0,192.355,2644,4498,1,1.090,1,3,0,0,0,0,18,281,6,81,0
15-10 21:03:15,4.993,1.498,89.879,1.498,0,4405876,312756,201024,3006440,9915.604,4401.054,0,1549.906,0,147.800,2371,4156,1,1.090,1,1,0,0,0,0,18,283,6,81,0
15-10 21:03:16,11.994,1.999,84.211,1.000,0.250,4405792,312756,201024,3006524,12826.087,4255.038,0,1675.228,0,176.918,3146,5324,1.160,1.130,1.010,0,0,0,0,0,18,283,6,82,0
15-10 21:03:17,18.331,2.762,78.093,0.251,0,4410064,308220,201024,3006788,4935.707,1627.156,0,835.675,0,51.225,2107,3400,1.160,1.130,1.010,1,0,2.009,0,0,18,284,6,85,0
15-10 21:03:18,28.384,2.739,68.222,0.498,0.249,4416680,301164,201024,3007228,9410.689,3643.169,0,1003.913,0,81.668,3174,5245,1.160,1.130,1.010,0,0,0,0,0,18,284,6,90,0
15-10 21:03:19,6.497,1.499,88.706,1.749,0.500,4416648,301164,201024,3007260,26396.775,10954.512,0,5137.426,0,343.828,2999,5015,1.160,1.130,1.010,1,0,0,0,0,18,284,6,90,0
15-10 21:03:20,13.252,4.001,81.761,0.500,0,4415388,302376,201024,3007208,29550.989,12957.749,0,1220.165,0,128.017,3282,6286,1.160,1.130,1.010,0,0,34.005,0,0,18,283,6,87,0
15-10 21:03:21,9.752,1.500,86.772,0.750,0,4415532,302192,201024,3007348,31227.869,13017.280,0,1208.304,0,122.031,2843,4659,1.060,1.110,1,2,0,0,0,0,18,283,6,89,0
15-10 21:03:22,23.068,3.510,72.462,1.504,0,4415272,302192,201024,3007608,7967.344,1462.284,0,3004.804,0,372.090,5313,9129,1.060,1.110,1,2,2,0,0,0,18,284,6,93,0
15-10 21:03:23,17.445,1.495,76.011,2.492,0.498,4416284,300932,201024,3007852,10959.609,4351.345,0,6802.653,0,808.463,5748,9070,1.060,1.110,1,0,0,0,0,0,18,283,6,94,0
15-10 21:03:24,14.760,2.252,81.806,0.500,0,4416764,300428,201024,3007876,8639.875,1621.102,0,1641.116,0,104.071,2689,5435,1.060,1.110,1,1,0,1.001,0,0,18,288,6,97,0
15-10 21:03:25,25.847,4.266,68.005,1.255,0,4418256,298412,201024,3008400,6376.875,1626.088,112.421,2272.508,6.023,191.718,5521,10414,1.060,1.110,1,1,0,2.008,0,0,18,290,6,115,0
15-10 21:03:26,25.377,2.985,68.666,0.746,0.249,4419036,297404,201024,3008628,7111.431,1612.163,0,1540.512,0,134.347,5003,9651,1.060,1.110,1,0,1,0,0,0,18,288,6,129,0
15-10 21:03:27,19.752,2.500,75.256,1.000,0,4419448,296648,201024,3008968,27507.146,12716.992,0,1604.125,0,167.013,4203,7740,1.060,1.110,1,0,0,2.000,0,0,18,287,6,135,0
15-10 21:03:28,14.001,2.500,79.506,1.750,0,4419340,296396,201024,3009328,8295.597,1860.134,0,5096.367,0,381.027,3901,7757,1.060,1.110,1,1,0,0,0,0,18,288,6,136,0
15-10 21:03:29,24.497,4.499,69.491,2.000,0,4420092,295136,201028,3009832,9819.753,4175.470,31.996,4119.477,1.000,398.949,5673,11308,1.060,1.110,1,0,0,0,0,0,18,287,6,137,0
15-10 21:03:30,8.778,0.752,88.283,1.254,0.251,4419952,295136,201028,3009972,7366.647,3314.640,0,1950.260,0,197.634,2644,4734,1.060,1.110,1,0,0,0,0,0,18,287,6,137,0
15-10 21:03:31,4.238,0.997,92.495,0.249,0.249,4420420,294632,201028,3010008,9921.606,2840.158,0,1164.784,0,91.747,1948,3203,0.970,1.090,0.990,1,0,0,0,0,18,286,6,136,0
15-10 21:03:32,6.998,1.250,89.719,1.250,0,4420368,294632,201028,3010060,10028.570,4332.518,0,1259.569,0,125.957,2360,4086,0.970,1.090,0.990,0,0,0,0,0,18,286,6,136,0
15-10 21:03:33,7.496,0.999,88.701,0.500,0.500,4420320,294632,201028,3010108,11422.718,4288.641,0,1235.321,0,146.919,2451,4124,0.970,1.090,0.990,0,0,0,0,0,18,286,6,129,0
15-10 21:03:34,18.505,2.501,76.770,0.750,0,4422916,291608,201028,3010536,9661.570,3927.045,0,1108.295,0,106.028,2960,5103,0.970,1.090,0.990,0,0,0,0,0,18,286,6,133,0
15-10 21:03:35,6.521,2.006,90.542,0.502,0,4423144,291356,201028,3010556,15136.831,3844.402,0,1179.806,0,114.369,2078,3642,0.970,1.090,0.990,5,0,0,0,0,18,286,6,131,0
15-10 21:03:36,5.006,1.001,91.615,0.501,0,4423380,291104,201028,3010572,5689.163,2979.752,0,877.104,0,64.081,1615,2815,0.900,1.070,0.990,0,1,0,0,0,18,287,6,131,0
15-10 21:03:37,4.741,1.747,91.325,1.747,0,4423552,290852,201028,3010652,9477.878,2383.443,0,6531.512,0,381.271,2501,4496,0.900,1.070,0.990,1,0,1.996,0,0,18,287,5,127,0
15-10 21:03:38,10.230,0.998,86.333,0.499,0.499,4423508,290852,201028,3010696,29601.809,12857.160,0,1185.709,0,130.747,2997,5085,0.900,1.070,0.990,1,0,0,0,0,18,286,5,127,0
15-10 21:03:39,23.788,4.006,70.361,1.502,0,4423248,290852,201028,3010956,5651.930,1622.564,0,1798.842,0,224.354,5349,9711,0.900,1.070,0.990,1,0,0,0,0,18,287,5,131,0
15-10 21:03:40,19.716,3.993,74.123,1.497,0,4424752,289088,201028,3011216,9704.425,4369.537,0,2575.601,0,272.535,4576,8391,0.900,1.070,0.990,0,0,0,0,0,18,286,5,135,0
15-10 21:03:41,8.500,1.750,87.255,1.250,0,4424808,288836,201028,3011412,10036.552,4296.236,0,2192.121,0,220.012,2839,4833,0.820,1.050,0.980,0,0,0,0,0,18,286,5,126,0
15-10 21:03:42,6.001,1.500,91.012,0.500,0.250,4425056,288584,201028,3011416,9390.286,3724.510,0,1196.164,0,75.010,1767,2924,0.820,1.050,0.980,1,0,0,0,0,18,286,5,126,0
15-10 21:03:43,6.501,1.750,89.265,2.250,0.250,4425668,287912,201028,3011476,6401.069,1620.271,0,9125.524,0,1097.183,3937,3735,0.820,1.050,0.980,1,0,0,0,0,18,286,5,124,0
15-10 21:03:44,8.497,1.000,87.715,0.750,0,4425624,287912,201028,3011520,29563.293,12954.870,0,1319.477,0,137.945,2800,4496,0.820,1.050,0.980,1,0,0,0,0,18,286,5,124,0
15-10 21:03:45,25.250,3.250,68.999,1.250,0.250,4313256,400052,201028,3011748,5514.906,1693.971,0,1923.967,0,209.996,3845,7151,0.820,1.050,0.980,1,0,0,0,0,18,286,5,126,0
15-10 21:03:46,8.997,1.499,85.967,1.999,0,4257792,453664,201036,3013592,7407.170,279119.376,1887.279,5957.724,22.991,370.858,2411,3650,0.920,1.070,0.990,0,0,0,0,0,18,286,5,126,0
15-10 21:03:47,2.001,1.250,95.283,0.250,0.250,4257788,453664,201036,3013596,7555.592,1620.556,0,576.198,0,37.013,1284,2133,0.920,1.070,0.990,0,0,2.001,0,0,18,286,5,121,0
15-10 21:03:48,2.750,0,95.506,0,0,4257788,453664,201036,3013596,6909.428,1694.105,0,848.053,0,56.003,1369,2324,0.920,1.070,0.990,0,0,0,0,0,18,286,5,121,0
15-10 21:03:49,1.750,1.000,95.776,0.250,0,4257788,453664,201036,3013596,6424.735,1512.408,0,176.048,0,12.003,1257,2110,0.920,1.070,0.990,0,0,0,0,0,18,286,5,112,0
15-10 21:03:50,4.250,0.250,94.259,0,0.250,4257780,453664,201036,3013604,25878.536,10671.046,0,44.004,0,7.001,1298,1969,0.920,1.070,0.990,0,0,0,0,0,18,286,5,112,0
15-10 21:03:51,1.999,1.000,95.964,0.250,0.250,4257772,453664,201036,3013612,7571.199,1565.421,0,91.966,0,10.996,1174,2113,0.840,1.050,0.980,2,0,0,0,0,18,286,5,103,0
15-10 21:03:52,2.501,1.000,96.029,0.250,0,4257772,453664,201036,3013612,6655.043,1694.520,0,276.085,0,19.006,1081,1812,0.840,1.050,0.980,1,0,0,0,0,18,286,5,103,0
15-10 21:03:53,2.750,0.750,95.240,0,0,4257772,453664,201036,3013612,6027.337,1661.817,0,211.977,0,24.997,1258,2225,0.840,1.050,0.980,0,0,0,0,0,18,286,5,103,0
15-10 21:03:54,2.000,0.750,95.506,0.250,0.250,4257996,453424,201036,3013612,7955.525,1846.122,0,396.026,0,19.001,1219,2004,0.840,1.050,0.980,0,0,0,0,0,18,286,6,103,0
15-10 21:03:55,2.499,1.000,94.228,0.250,0.250,4257984,453424,201036,3013624,5567.686,1763.584,0,431.898,0,64.985,1530,2657,0.840,1.050,0.980,1,0,0,0,0,18,286,6,101,0
15-10 21:03:56,1.250,0.500,96.008,0,0,4257972,453436,201036,3013624,6875.543,1512.119,0,340.027,0,13.001,1052,1775,0.860,1.050,0.980,0,0,0,0,0,18,286,6,101,0
15-10 21:03:57,2.000,0.750,96.514,0,0.250,4257968,453436,201036,3013628,5392.809,1694.254,0,32.005,0,4.001,1098,1874,0.860,1.050,0.980,0,0,2.000,0,0,18,286,6,100,0
15-10 21:03:58,2.001,1.501,95.548,0.250,0,4257968,453436,201036,3013628,5813.930,1608.811,0,72.036,0,11.006,1142,2052,0.860,1.050,0.980,0,0,0,0,0,18,286,6,100,0
15-10 21:03:59,1.499,1.249,96.203,0,0,4257968,453436,201036,3013628,7479.313,1661.181,0,175.913,0,10.995,1034,1779,0.860,1.050,0.980,0,0,0,0,0,18,286,6,97,0
15-10 21:04:00,1.750,0.250,96.498,0,0,4257968,453436,201036,3013628,8830.823,1693.966,0,31.999,0,4.000,1004,1700,0.860,1.050,0.980,0,0,0,0,0,18,286,6,97,0
15-10 21:04:01,4.498,1.000,93.719,0,0,4257956,453436,201036,3013640,8031.310,1767.408,0,171.942,0,21.993,1416,2471,0.790,1.030,0.980,2,0,0,0,0,18,286,6,96,0
15-10 21:04:02,2.250,0.750,96.016,0.250,0.250,4257956,453436,201036,3013640,6766.137,1512.254,0,396.067,0,26.004,1242,1952,0.790,1.030,0.980,0,0,0,0,0,18,286,6,96,0
15-10 21:04:03,4.001,1.000,95.271,0.250,0,4257956,453436,201036,3013640,7106.585,1620.361,0,236.053,0,32.007,1353,2276,0.790,1.030,0.980,0,0,0,0,0,18,286,6,95,0
15-10 21:04:04,2.500,0.750,96.503,0.250,0.250,4257956,453436,201036,3013640,8585.309,1620.058,0,140.005,0,9.000,1149,1877,0.790,1.030,0.980,0,0,0,0,0,18,286,6,95,0
15-10 21:04:05,3.760,0.752,95.008,0,0,4257952,453436,201036,3013644,9807.677,1570.271,0,108.295,0,16.044,1356,2324,0.790,1.030,0.980,0,0,0,0,0,18,286,6,92,0
15-10 21:04:06,3.989,2.244,92.484,0,0.499,4257836,453436,201036,3013760,5706.616,1657.242,0,175.496,0,10.969,2045,3787,0.720,1.010,0.970,0,0,0,0,0,18,286,6,92,0
15-10 21:04:07,12.252,1.250,85.016,0,0,4258036,453216,201036,3013780,5397.047,1620.314,0,4.001,0,1.000,2120,3924,0.720,1.010,0.970,0,0,2.000,0,0,18,286,6,92,0
15-10 21:04:08,3.751,0.500,95.284,0.250,0,4258036,453216,201036,3013780,5727.045,1662.594,0,436.156,0,13.005,1324,2230,0.720,1.010,0.970,0,0,0,0,0,18,286,6,91,0
15-10 21:04:09,2.249,0.250,95.690,0,0,4258036,453216,201036,3013780,5790.358,1585.003,0,187.882,0,10.993,1085,1831,0.720,1.010,0.970,0,0,0,0,0,18,286,6,91,0
15-10 21:04:10,1.750,0.500,96.768,0,0,4258036,453216,201036,3013780,6485.232,1694.322,0,32.006,0,4.001,1053,1782,0.720,1.010,0.970,0,0,0,0,0,18,286,6,89,0
15-10 21:04:11,2.250,0.750,95.002,0.500,0,4258028,453216,201036,3013792,5953.095,1620.026,0,584.009,0,78.001,1370,2351,0.670,1,0.970,0,0,0,0,0,18,286,6,89,0
15-10 21:04:12,2.500,1.250,96.012,0,0.250,4258024,453216,201036,3013796,5734.746,1620.211,0,276.036,0,20.003,1132,1873,0.670,1,0.970,0,0,0,0,0,18,286,6,87,0
15-10 21:04:13,2.750,0.750,95.485,0.250,0.250,4258024,453216,201036,3013796,5465.169,1565.762,0,223.966,0,22.997,1263,2219,0.670,1,0.970,1,0,0,0,0,18,286,6,87,0
15-10 21:04:14,1.000,1.000,95.478,0.250,0.250,4258440,452800,201036,3013796,5790.651,1661.613,0,2159.497,0,374.913,1678,1853,0.670,1,0.970,0,0,0,0,0,18,286,6,84,0
15-10 21:04:15,2.750,0.500,95.516,0,0,4258440,452800,201036,3013796,7434.271,1512.259,0,88.015,0,12.002,1259,2162,0.670,1,0.970,0,0,0,0,0,18,286,6,84,0
15-10 21:04:16,1.750,0.250,95.989,0.250,0,4258408,452832,201036,3013796,5094.435,809.910,0,359.960,0,14.998,1082,1869,0.610,0.980,0.960,0,0,0,0,0,18,286,6,83,0
15-10 21:04:17,8.499,3.000,87.486,0,0.250,4261860,449000,201056,3014156,227736.473,3873.396,383.940,279.956,8.999,18.997,1538,2247,0.610,0.980,0.960,0,0,9.998,0,0,18,286,6,83,0
15-10 21:04:18,9.757,5.254,83.807,0.751,0,4268304,442188,201076,3014504,353809.713,10383.123,152.104,196.135,6.004,13.009,2000,2748,0.610,0.980,0.960,2,0,38.026,0,0,18,286,6,79,0
15-10 21:04:19,20.581,7.279,71.532,0,0,4274448,415780,201076,3034720,4235.676,542.134,252.996,273.075,15.059,13.051,1682,2349,0.610,0.980,0.960,1,0,31.123,0,0,18,286,6,79,0
