{0} setUpClass (tempest.api.compute.******.test_live_migration.LiveAutoBlockMigrationV225Test) ... SKIPPED: Less than 2 compute nodes, skipping migration test.
{0} setUpClass (tempest.api.compute.******.test_live_migration.LiveMigrationTest) ... SKIPPED: Less than 2 compute nodes, skipping migration test.
{0} setUpClass (tempest.api.compute.******.test_live_migration.LiveMigrationWithoutHostTest) ... SKIPPED: Less than 2 compute nodes, skipping migration test.
{0} setUpClass (tempest.api.compute.servers.test_server_rescue.ServerBootFromVolumeStableRescueTest) ... SKIPPED: Stable rescue not available.
{0} setUpClass (tempest.api.compute.servers.test_server_rescue.ServerStableDeviceRescueTest) ... SKIPPED: Stable rescue not available.
{0} tempest.api.compute.volumes.test_volume_snapshots.VolumesSnapshotsTestJSON.test_volume_snapshot_create_get_list_delete [2.369523s] ... FAILED

Captured traceback:
~~~~~~~~~~~~~~~~~~~
    Traceback (most recent call last):

      File "/opt/stack/tempest/tempest/api/compute/volumes/test_volume_snapshots.py", line 54, in test_volume_snapshot_create_get_list_delete
    volume = self.create_volume()
             ^^^^^^^^^^^^^^^^^^^^

      File "/opt/stack/tempest/tempest/api/compute/base.py", line 551, in create_volume
    waiters.wait_for_volume_resource_status(cls.volumes_client,

      File "/opt/stack/tempest/tempest/common/waiters.py", line 379, in wait_for_volume_resource_status
    raise exceptions.VolumeResourceBuildErrorException(

    tempest.exceptions.VolumeResourceBuildErrorException: volume 770d1c17-5267-44d0-a132-36487e1a6124 failed to build and is in ERROR status


Captured pythonlogging:
~~~~~~~~~~~~~~~~~~~~~~~
    2026-03-17 11:04:36,955 125212 INFO     [tempest.lib.common.rest_client] Request (VolumesSnapshotsTestJSON:test_volume_snapshot_create_get_list_delete): 200 POST http://10.201.9.223/compute/v2.1/os-volumes 1.160s
2026-03-17 11:04:36,956 125212 DEBUG    [tempest.lib.common.rest_client] Request - Headers: {'Content-Type': 'application/json', 'Accept': 'application/json', 'X-Auth-Token': '<omitted>'}
        Body: {"volume": {"size": 1, "display_name": "tempest-VolumesSnapshotsTestJSON-volume-1852438166"}}
    Response - Headers: {'date': 'Tue, 17 Mar 2026 11:04:35 GMT', 'server': 'Apache/2.4.58 (Ubuntu)', 'content-length': '339', 'location': 'http://10.201.9.223/compute/v2.1/os-volumes/770d1c17-5267-44d0-a132-36487e1a6124', 'content-type': 'application/json', 'openstack-api-version': 'compute 2.1', 'x-openstack-nova-api-version': '2.1', 'vary': 'OpenStack-API-Version,X-OpenStack-Nova-API-Version', 'x-openstack-request-id': 'req-ad36bb77-660c-4a41-a551-093752e6471c', 'x-compute-request-id': 'req-ad36bb77-660c-4a41-a551-093752e6471c', 'connection': 'close', 'status': '200', 'content-location': 'http://10.201.9.223/compute/v2.1/os-volumes'}
        Body: b'{"volume": {"id": "770d1c17-5267-44d0-a132-36487e1a6124", "status": "creating", "size": 1, "availabilityZone": "nova", "createdAt": "2026-03-17T11:04:36.504019", "attachments": [{}], "displayName": "tempest-VolumesSnapshotsTestJSON-volume-1852438166", "displayDescription": null, "volumeType": "3par1", "snapshotId": null, "metadata": {}}}'
2026-03-17 11:04:37,107 125212 INFO     [tempest.lib.common.rest_client] Request (VolumesSnapshotsTestJSON:test_volume_snapshot_create_get_list_delete): 200 GET http://10.201.9.223/compute/v2.1/os-volumes/770d1c17-5267-44d0-a132-36487e1a6124 0.144s
2026-03-17 11:04:37,107 125212 DEBUG    [tempest.lib.common.rest_client] Request - Headers: {'Content-Type': 'application/json', 'Accept': 'application/json', 'X-Auth-Token': '<omitted>'}
        Body: None
    Response - Headers: {'date': 'Tue, 17 Mar 2026 11:04:36 GMT', 'server': 'Apache/2.4.58 (Ubuntu)', 'content-length': '336', 'content-type': 'application/json', 'openstack-api-version': 'compute 2.1', 'x-openstack-nova-api-version': '2.1', 'vary': 'OpenStack-API-Version,X-OpenStack-Nova-API-Version', 'x-openstack-request-id': 'req-bc6aee51-08fa-4e81-971d-c1bb81b8a2b1', 'x-compute-request-id': 'req-bc6aee51-08fa-4e81-971d-c1bb81b8a2b1', 'connection': 'close', 'status': '200', 'content-location': 'http://10.201.9.223/compute/v2.1/os-volumes/770d1c17-5267-44d0-a132-36487e1a6124'}
        Body: b'{"volume": {"id": "770d1c17-5267-44d0-a132-36487e1a6124", "status": "error", "size": 1, "availabilityZone": "nova", "createdAt": "2026-03-17T11:04:37.000000", "attachments": [{}], "displayName": "tempest-VolumesSnapshotsTestJSON-volume-1852438166", "displayDescription": null, "volumeType": "3par1", "snapshotId": null, "metadata": {}}}'
2026-03-17 11:04:38,160 125212 INFO     [tempest.lib.common.rest_client] Request (VolumesSnapshotsTestJSON:test_volume_snapshot_create_get_list_delete): 200 GET http://10.201.9.223/compute/v2.1/os-volumes/770d1c17-5267-44d0-a132-36487e1a6124 0.050s
2026-03-17 11:04:38,160 125212 DEBUG    [tempest.lib.common.rest_client] Request - Headers: {'Content-Type': 'application/json', 'Accept': 'application/json', 'X-Auth-Token': '<omitted>'}
        Body: None
    Response - Headers: {'date': 'Tue, 17 Mar 2026 11:04:38 GMT', 'server': 'Apache/2.4.58 (Ubuntu)', 'content-length': '336', 'content-type': 'application/json', 'openstack-api-version': 'compute 2.1', 'x-openstack-nova-api-version': '2.1', 'vary': 'OpenStack-API-Version,X-OpenStack-Nova-API-Version', 'x-openstack-request-id': 'req-6bfc5b97-762d-46fb-b916-e22f2c228e75', 'x-compute-request-id': 'req-6bfc5b97-762d-46fb-b916-e22f2c228e75', 'connection': 'close', 'status': '200', 'content-location': 'http://10.201.9.223/compute/v2.1/os-volumes/770d1c17-5267-44d0-a132-36487e1a6124'}
        Body: b'{"volume": {"id": "770d1c17-5267-44d0-a132-36487e1a6124", "status": "error", "size": 1, "availabilityZone": "nova", "createdAt": "2
    026-03-17T11:04:37.000000", "attachments": [{}], "displayName": "tempest-VolumesSnapshotsTestJSON-volume-1852438166", "displayDescription": null, "volumeType": "3par1", "snapshotId": null, "metadata": {}}}'

{0} tempest.api.compute.volumes.test_volumes_get.VolumesGetTestJSON.test_volume_create_get_delete [1.377740s] ... FAILED

Captured traceback:
~~~~~~~~~~~~~~~~~~~
    Traceback (most recent call last):

      File "/opt/stack/tempest/tempest/api/compute/volumes/test_volumes_get.py", line 56, in test_volume_create_get_delete
    volume = self.create_volume(size=CONF.volume.volume_size,
             ^^^^^^^^^^^^^^^^^^^^^^^^^^^^^^^^^^^^^^^^^^^^^^^^

      File "/opt/stack/tempest/tempest/api/compute/base.py", line 551, in create_volume
    waiters.wait_for_volume_resource_status(cls.volumes_client,

      File "/opt/stack/tempest/tempest/common/waiters.py", line 379, in wait_for_volume_resource_status
    raise exceptions.VolumeResourceBuildErrorException(

    tempest.exceptions.VolumeResourceBuildErrorException: volume cf3b03db-2092-49f6-ba31-495d0e1adc09 failed to build and is in ERROR status


Captured pythonlogging:
~~~~~~~~~~~~~~~~~~~~~~~
    2026-03-17 11:04:39,919 125212 INFO     [tempest.lib.common.rest_client] Request (VolumesGetTestJSON:test_volume_create_get_delete): 200 POST http://10.201.9.223/compute/v2.1/os-volumes 0.285s
2026-03-17 11:04:39,919 125212 DEBUG    [tempest.lib.common.rest_client] Request - Headers: {'Content-Type': 'application/json', 'Accept': 'application/json', 'X-Auth-Token': '<omitted>'}
        Body: {"volume": {"size": 1, "display_name": "tempest-VolumesGetTestJSON-Volume-713432323", "metadata": {"Type": "work"}}}
    Response - Headers: {'date': 'Tue, 17 Mar 2026 11:04:39 GMT', 'server': 'Apache/2.4.58 (Ubuntu)', 'content-length': '346', 'location': 'http://10.201.9.223/compute/v2.1/os-volumes/cf3b03db-2092-49f6-ba31-495d0e1adc09', 'content-type': 'application/json', 'openstack-api-version': 'compute 2.1', 'x-openstack-nova-api-version': '2.1', 'vary': 'OpenStack-API-Version,X-OpenStack-Nova-API-Version', 'x-openstack-request-id': 'req-0418c1a4-c860-4d30-84fb-20cf5da7e126', 'x-compute-request-id': 'req-0418c1a4-c860-4d30-84fb-20cf5da7e126', 'connection': 'close', 'status': '200', 'content-location': 'http://10.201.9.223/compute/v2.1/os-volumes'}
        Body: b'{"volume": {"id": "cf3b03db-2092-49f6-ba31-495d0e1adc09", "status": "creating", "size": 1, "availabilityZone": "nova", "createdAt": "2026-03-17T11:04:39.847385", "attachments": [{}], "displayName": "tempest-VolumesGetTestJSON-Volume-713432323", "displayDescription": null, "volumeType": "3par1", "snapshotId": null, "metadata": {"Type": "work"}}}'
2026-03-17 11:04:39,952 125212 INFO     [tempest.lib.common.rest_client] Request (VolumesGetTestJSON:test_volume_create_get_delete): 200 GET http://10.201.9.223/compute/v2.1/os-volumes/cf3b03db-2092-49f6-ba31-495d0e1adc09 0.029s
2026-03-17 11:04:39,953 125212 DEBUG    [tempest.lib.common.rest_client] Request - Headers: {'Content-Type': 'application/json', 'Accept': 'application/json', 'X-Auth-Token': '<omitted>'}
        Body: None
    Response - Headers: {'date': 'Tue, 17 Mar 2026 11:04:39 GMT', 'server': 'Apache/2.4.58 (Ubuntu)', 'content-length': '346', 'content-type': 'application/json', 'openstack-api-version': 'compute 2.1', 'x-openstack-nova-api-version': '2.1', 'vary': 'OpenStack-API-Version,X-OpenStack-Nova-API-Version', 'x-openstack-request-id': 'req-1bc6eb75-ded0-408d-9cce-d0c6fb25bdc0', 'x-compute-request-id': 'req-1bc6eb75-ded0-408d-9cce-d0c6fb25bdc0', 'connection': 'close', 'status': '200', 'content-location': 'http://10.201.9.223/compute/v2.1/os-volumes/cf3b03db-2092-49f6-ba31-495d0e1adc09'}
        Body: b'{"volume": {"id": "cf3b03db-2092-49f6-ba31-495d0e1adc09", "status": "creating", "size": 1, "availabilityZone": "nova", "createdAt": "2026-03-17T11:04:40.000000", "attachments": [{}], "displayName": "tempest-VolumesGetTestJSON-Volume-713432323", "displayDescription": null, "volumeType": "3par1", "snapshotId": null, "metadata": {"Type": "work"}}}'
2026-03-17 11:04:41,008 125212 INFO     [tempest.lib.common.rest_client] Request (VolumesGetTestJSON:test_volume_create_get_delete): 200 GET http://10.201.9.223/compute/v2.1/os-volumes/cf3b03db-2092-49f6-ba31-495d0e1adc09 0.051s
2026-03-17 11:04:41,008 125212 DEBUG    [tempest.lib.common.rest_client] Request - Headers: {'Content-Type': 'application/json', 'Accept': 'application/json', 'X-Auth-Token': '<omitted>'}
        Body: None
    Response - Headers: {'date': 'Tue, 17 Mar 2026 11:04:40 GMT', 'server': 'Apache/2.4.58 (Ubuntu)', 'content-length': '343', 'content-type': 'application/json', 'openstack-api-version': 'compute 2.1', 'x-openstack-nova-api-version': '2.1', 'vary': 'OpenStack-API-Version,X-OpenStack-Nova-API-Version', 'x-openstack-request-id': 'req-342d46e0-4628-4227-898b-183aac93cddb', 'x-compute-request-id': 'req-342d46e0-4628-4227-898b-183aac93cddb', 'connection': 'close', 'status': '200', 'content-location': 'http://10.201.9.223/compute/v2.1/os-volumes/cf3b03db-2092-49f6-ba31-495d0e1adc09'}
        Body: b'{"volume": {"id": "cf3b03db-2092-49f6-ba31-495d0e1adc09", "status": "error", "size": 1, "availabilityZone": "nova", "createdAt": "2026-03-17T11:04:40.0
    00000", "attachments": [{}], "displayName": "tempest-VolumesGetTestJSON-Volume-713432323", "displayDescription": null, "volumeType": "3par1", "snapshotId": null, "metadata": {"Type": "work"}}}'

{0} setUpClass (tempest.api.compute.volumes.test_volumes_list.VolumesTestJSON) [0.000000s] ... FAILED

Captured traceback:
~~~~~~~~~~~~~~~~~~~
    Traceback (most recent call last):

      File "/opt/stack/tempest/tempest/test.py", line 185, in setUpClass
    raise value.with_traceback(trace)

      File "/opt/stack/tempest/tempest/test.py", line 178, in setUpClass
    cls.resource_setup()

      File "/opt/stack/tempest/tempest/api/compute/volumes/test_volumes_list.py", line 57, in resource_setup
    volume = cls.create_volume(metadata=metadata)
             ^^^^^^^^^^^^^^^^^^^^^^^^^^^^^^^^^^^^

      File "/opt/stack/tempest/tempest/api/compute/base.py", line 551, in create_volume
    waiters.wait_for_volume_resource_status(cls.volumes_client,

      File "/opt/stack/tempest/tempest/common/waiters.py", line 379, in wait_for_volume_resource_status
    raise exceptions.VolumeResourceBuildErrorException(

    tempest.exceptions.VolumeResourceBuildErrorException: volume d010d3d3-93cb-4c2d-9577-8afa07ae4669 failed to build and is in ERROR status

{0} tempest.api.compute.volumes.test_volumes_negative.VolumesNegativeTest.test_create_volume_with_invalid_size [0.103803s] ... ok
{0} tempest.api.compute.volumes.test_volumes_negative.VolumesNegativeTest.test_create_volume_with_size_zero [0.008485s] ... ok
{0} tempest.api.compute.volumes.test_volumes_negative.VolumesNegativeTest.test_create_volume_without_passing_size [0.005539s] ... ok
{0} tempest.api.compute.volumes.test_volumes_negative.VolumesNegativeTest.test_delete_invalid_volume_id [0.022081s] ... ok
{0} tempest.api.compute.volumes.test_volumes_negative.VolumesNegativeTest.test_delete_volume_without_passing_volume_id [0.007622s] ... ok
{0} tempest.api.compute.volumes.test_volumes_negative.VolumesNegativeTest.test_get_volume_without_passing_volume_id [0.004086s] ... ok
{0} tempest.api.compute.volumes.test_volumes_negative.VolumesNegativeTest.test_volume_delete_nonexistent_volume_id [0.018305s] ... ok
{0} tempest.api.compute.volumes.test_volumes_negative.VolumesNegativeTest.test_volume_get_nonexistent_volume_id [0.022284s] ... ok
{0} tempest.api.volume.******.test_backends_capabilities.BackendsCapabilitiesAdminTestsJSON.test_compare_volume_stats_values [0.543681s] ... ok
{0} tempest.api.volume.******.test_backends_capabilities.BackendsCapabilitiesAdminTestsJSON.test_get_capabilities_backend [0.000638s] ... FAILED

Captured traceback:
~~~~~~~~~~~~~~~~~~~
    Traceback (most recent call last):

      File "/opt/stack/tempest/tempest/api/volume/******/test_backends_capabilities.py", line 38, in test_get_capabilities_backend
    self.******_capabilities_client.show_backend_capabilities(self.hosts[0])
                                                             ~~~~~~~~~~^^^

    IndexError: list index out of range

{0} setUpClass (tempest.api.volume.******.test_encrypted_volumes_extend.EncryptedVolumesExtendAttachedTest) ... SKIPPED: Attached encrypted volume extend is disabled.
{0} tempest.api.volume.******.test_group_snapshots.GroupSnapshotsTest.test_create_group_from_group_snapshot [1.556051s] ... FAILED

Captured traceback:
~~~~~~~~~~~~~~~~~~~
    Traceback (most recent call last):

      File "/opt/stack/tempest/tempest/api/volume/******/test_group_snapshots.py", line 162, in test_create_group_from_group_snapshot
    grp = self.create_group(group_type=group_type['id'],
          ^^^^^^^^^^^^^^^^^^^^^^^^^^^^^^^^^^^^^^^^^^^^^^

      File "/opt/stack/tempest/tempest/api/volume/base.py", line 293, in create_group
    waiters.wait_for_volume_resource_status(

      File "/opt/stack/tempest/tempest/common/waiters.py", line 379, in wait_for_volume_resource_status
    raise exceptions.VolumeResourceBuildErrorException(

    tempest.exceptions.VolumeResourceBuildErrorException: group 63785574-8216-4fef-be6f-52f7a411f1ab failed to build and is in ERROR status


Captured pythonlogging:
~~~~~~~~~~~~~~~~~~~~~~~
    2026-03-17 11:04:49,684 125212 INFO     [tempest.lib.common.rest_client] Request (GroupSnapshotsTest:test_create_group_from_group_snapshot): 200 POST http://10.201.9.223/volume/v3/types 0.070s
2026-03-17 11:04:49,684 125212 DEBUG    [tempest.lib.common.rest_client] Request - Headers: {'Content-Type': 'application/json', 'Accept': 'application/json', 'X-Auth-Token': '<omitted>'}
        Body: {"volume_type": {"name": "tempest-GroupSnapshotsTest-volume-type-1269222307"}}
    Response - Headers: {'date': 'Tue, 17 Mar 2026 11:04:49 GMT', 'server': 'Apache/2.4.58 (Ubuntu)', 'content-type': 'application/json', 'x-compute-request-id': 'req-9e107c75-588d-4b32-bb88-1053be782495', 'content-length': '224', 'openstack-api-version': 'volume 3.0', 'vary': 'OpenStack-API-Version', 'x-openstack-request-id': 'req-9e107c75-588d-4b32-bb88-1053be782495', 'connection': 'close', 'status': '200', 'content-location': 'http://10.201.9.223/volume/v3/types'}
        Body: b'{"volume_type": {"id": "170ce670-1a2a-4fb5-b7c6-961753edf2ad", "name": "tempest-GroupSnapshotsTest-volume-type-1269222307", "is_public": true, "extra_specs": {}, "description": null, "os-volume-type-access:is_public": true}}'
2026-03-17 11:04:49,728 125212 INFO     [tempest.lib.common.rest_client] Request (GroupSnapshotsTest:test_create_group_from_group_snapshot): 202 POST http://10.201.9.223/volume/v3/group_types 0.040s
2026-03-17 11:04:49,729 125212 DEBUG    [tempest.lib.common.rest_client] Request - Headers: {'Content-Type': 'application/json', 'Accept': 'application/json', 'Openstack-Api-Version': 'volume 3.14', 'X-Auth-Token': '<omitted>'}
        Body: {"group_type": {"name": "tempest-GroupSnapshotsTest-group-type-1671892257"}}
    Response - Headers: {'date': 'Tue, 17 Mar 2026 11:04:49 GMT', 'server': 'Apache/2.4.58 (Ubuntu)', 'content-type': 'application/json', 'x-compute-request-id': 'req-b44ff300-8a74-4fb3-8c06-2a026ab88582', 'content-length': '181', 'openstack-api-version': 'volume 3.14', 'vary': 'OpenStack-API-Version', 'x-openstack-request-id': 'req-b44ff300-8a74-4fb3-8c06-2a026ab88582', 'connection': 'close', 'status': '202', 'content-location': 'http://10.201.9.223/volume/v3/group_types'}
        Body: b'{"group_type": {"id": "70856a88-cc2c-4189-8d9e-9a63c2cc5e4c", "name": "tempest-GroupSnapshotsTest-group-type-1671892257", "description": null, "is_public": true, "group_specs": {}}}'
2026-03-17 11:04:49,880 125212 INFO     [tempest.lib.common.rest_client] Request (GroupSnapshotsTest:test_create_group_from_group_snapshot): 202 POST http://10.201.9.223/volume/v3/groups 0.148s
2026-03-17 11:04:49,881 125212 DEBUG    [tempest.lib.common.rest_client] Request - Headers: {'Content-Type': 'application/json', 'Accept': 'application/json', 'Openstack-Api-Version': 'volume 3.14', 'X-Auth-Token': '<omitted>'}
        Body: {"group": {"group_type": "70856a88-cc2c-4189-8d9e-9a63c2cc5e4c", "volume_types": ["170ce670-1a2a-4fb5-b7c6-961753edf2ad"], "name": "tempest-GroupSnapshotsTest-Group-82227283"}}
    Response - Headers: {'date': 'Tue, 17 Mar 2026 11:04:49 GMT', 'server': 'Apache/2.4.58 (Ubuntu)', 'content-type': 'application/json', 'x-compute-request-id': 'req-93085f5a-fda3-43f5-82b7-ad4e277b5f7b', 'content-length': '110', 'openstack-api-version': 'volume 3.14', 'vary': 'OpenStack-API-Version', 'x-openstack-request-id': 'req-93085f5a-fda3-43f5-82b7-ad4e277b5f7b', 'connection': 'close', 'status': '202', 'content-location': 'http://10.201.9.223/volume/v3/groups'}
        Body: b'{"group": {"id": "63785574-8216-4fef-be6f-52f7a411f1ab", "name": "tempest-GroupSnapshotsTest-Group-82227283"}}'
2026-03-17 11:04:49,909 125212 INFO     [tempest.lib.common.rest_client] Request (GroupSnapshotsTest:test_create_group_from_group_snapshot): 200 GET http://10.201.9.223/volume/v3/groups/63785574-8216-4fef-be6f-52f7a411f1ab 0.026s
2026-03-17 11:04:49,909 125212 DEBUG    [tempest.lib.common.rest_client] Request - Headers: {'Content-Type': 'application/json', 'Accept': 'application/json', 'Openstack-Api-Version': 'volume 3.14', 'X-Auth-Token': '<omitted>'}
        Body: None
    Response - Heade
    rs: {'date': 'Tue, 17 Mar 2026 11:04:49 GMT', 'server': 'Apache/2.4.58 (Ubuntu)', 'content-type': 'application/json', 'x-compute-request-id': 'req-b93d666a-ceb2-483d-abf5-455b4c8fcb4c', 'content-length': '390', 'openstack-api-version': 'volume 3.14', 'vary': 'OpenStack-API-Version', 'x-openstack-request-id': 'req-b93d666a-ceb2-483d-abf5-455b4c8fcb4c', 'connection': 'close', 'status': '200', 'content-location': 'http://10.201.9.223/volume/v3/groups/63785574-8216-4fef-be6f-52f7a411f1ab'}
        Body: b'{"group": {"id": "63785574-8216-4fef-be6f-52f7a411f1ab", "status": "creating", "availability_zone": "nova", "created_at": "2026-03-17T11:04:50.000000", "name": "tempest-GroupSnapshotsTest-Group-82227283", "description": null, "group_type": "70856a88-cc2c-4189-8d9e-9a63c2cc5e4c", "volume_types": ["170ce670-1a2a-4fb5-b7c6-961753edf2ad"], "group_snapshot_id": null, "source_group_id": null}}'
2026-03-17 11:04:50,947 125212 INFO     [tempest.lib.common.rest_client] Request (GroupSnapshotsTest:test_create_group_from_group_snapshot): 200 GET http://10.201.9.223/volume/v3/groups/63785574-8216-4fef-be6f-52f7a411f1ab 0.036s
2026-03-17 11:04:50,948 125212 DEBUG    [tempest.lib.common.rest_client] Request - Headers: {'Content-Type': 'application/json', 'Accept': 'application/json', 'Openstack-Api-Version': 'volume 3.14', 'X-Auth-Token': '<omitted>'}
        Body: None
    Response - Headers: {'date': 'Tue, 17 Mar 2026 11:04:50 GMT', 'server': 'Apache/2.4.58 (Ubuntu)', 'content-type': 'application/json', 'x-compute-request-id': 'req-1f987844-2759-450f-a856-f98896a924db', 'content-length': '387', 'openstack-api-version': 'volume 3.14', 'vary': 'OpenStack-API-Version', 'x-openstack-request-id': 'req-1f987844-2759-450f-a856-f98896a924db', 'connection': 'close', 'status': '200', 'content-location': 'http://10.201.9.223/volume/v3/groups/63785574-8216-4fef-be6f-52f7a411f1ab'}
        Body: b'{"group": {"id": "63785574-8216-4fef-be6f-52f7a411f1ab", "status": "error", "availability_zone": "nova", "created_at": "2026-03-17T11:04:50.000000", "name": "tempest-GroupSnapshotsTest-Group-82227283", "description": null, "group_type": "70856a88-cc2c-4189-8d9e-9a63c2cc5e4c", "volume_types": ["170ce670-1a2a-4fb5-b7c6-961753edf2ad"], "group_snapshot_id": null, "source_group_id": null}}'
2026-03-17 11:04:51,000 125212 INFO     [tempest.lib.common.rest_client] Request (GroupSnapshotsTest:_run_cleanups): 200 GET http://10.201.9.223/volume/v3/volumes/detail 0.050s
2026-03-17 11:04:51,000 125212 DEBUG    [tempest.lib.common.rest_client] Request - Headers: {'Content-Type': 'application/json', 'Accept': 'application/json', 'Openstack-Api-Version': 'volume 3.14', 'X-Auth-Token': '<omitted>'}
        Body: None
    Response - Headers: {'date': 'Tue, 17 Mar 2026 11:04:50 GMT', 'server': 'Apache/2.4.58 (Ubuntu)', 'content-type': 'application/json', 'x-compute-request-id': 'req-7c4b4a74-592a-4fe6-a0b0-7655b97ddeed', 'content-length': '15', 'openstack-api-version': 'volume 3.14', 'vary': 'OpenStack-API-Version', 'x-openstack-request-id': 'req-7c4b4a74-592a-4fe6-a0b0-7655b97ddeed', 'connection': 'close', 'status': '200', 'content-location': 'http://10.201.9.223/volume/v3/volumes/detail'}
        Body: b'{"volumes": []}'
2026-03-17 11:04:51,056 125212 INFO     [tempest.lib.common.rest_client] Request (GroupSnapshotsTest:_run_cleanups): 202 POST http://10.201.9.223/volume/v3/groups/63785574-8216-4fef-be6f-52f7a411f1ab/action 0.045s
2026-03-17 11:04:51,056 125212 DEBUG    [tempest.lib.common.rest_client] Request - Headers: {'Content-Type': 'application/json', 'Accept': 'application/json', 'Openstack-Api-Version': 'volume 3.14', 'X-Auth-Token': '<omitted>'}
        Body: {"delete": {"delete-volumes": true}}
    Response - Headers: {'date': 'Tue, 17 Mar 2026 11:04:51 GMT', 'server': 'Apache/2.4.58 (Ubuntu)', 'content-length': '0', 'content-type': 'text/html; charset=UTF-8', 'openstack-api-version': 'volume 3.14', 'vary': 'OpenStack-API-Version', 'x-openstack-request-id': 'req-39ced083-697d-4230-bf04-d9c35d34a9c8', 'connection': 'close', 'status': '202', 'content-location': '
    http://10.201.9.223/volume/v3/groups/63785574-8216-4fef-be6f-52f7a411f1ab/action'}
        Body: b''
2026-03-17 11:04:51,071 125212 INFO     [tempest.lib.common.rest_client] Request (GroupSnapshotsTest:_run_cleanups): 404 GET http://10.201.9.223/volume/v3/groups/63785574-8216-4fef-be6f-52f7a411f1ab 0.014s
2026-03-17 11:04:51,071 125212 DEBUG    [tempest.lib.common.rest_client] Request - Headers: {'Content-Type': 'application/json', 'Accept': 'application/json', 'Openstack-Api-Version': 'volume 3.14', 'X-Auth-Token': '<omitted>'}
        Body: None
    Response - Headers: {'date': 'Tue, 17 Mar 2026 11:04:51 GMT', 'server': 'Apache/2.4.58 (Ubuntu)', 'openstack-api-version': 'volume 3.14', 'vary': 'OpenStack-API-Version', 'content-length': '108', 'content-type': 'application/json', 'x-compute-request-id': 'req-6d329e20-668f-4f2d-8a58-cb40dff539d5', 'x-openstack-request-id': 'req-6d329e20-668f-4f2d-8a58-cb40dff539d5', 'connection': 'close', 'status': '404', 'content-location': 'http://10.201.9.223/volume/v3/groups/63785574-8216-4fef-be6f-52f7a411f1ab'}
        Body: b'{"itemNotFound": {"code": 404, "message": "Group 63785574-8216-4fef-be6f-52f7a411f1ab could not be found."}}'
2026-03-17 11:04:51,093 125212 INFO     [tempest.lib.common.rest_client] Request (GroupSnapshotsTest:_run_cleanups): 202 DELETE http://10.201.9.223/volume/v3/group_types/70856a88-cc2c-4189-8d9e-9a63c2cc5e4c 0.022s
2026-03-17 11:04:51,093 125212 DEBUG    [tempest.lib.common.rest_client] Request - Headers: {'Content-Type': 'application/json', 'Accept': 'application/json', 'Openstack-Api-Version': 'volume 3.14', 'X-Auth-Token': '<omitted>'}
        Body: None
    Response - Headers: {'date': 'Tue, 17 Mar 2026 11:04:51 GMT', 'server': 'Apache/2.4.58 (Ubuntu)', 'content-length': '0', 'content-type': 'text/html; charset=UTF-8', 'openstack-api-version': 'volume 3.14', 'vary': 'OpenStack-API-Version', 'x-openstack-request-id': 'req-d3218cd8-7cb5-4b2f-84d8-133bc46ba6c1', 'connection': 'close', 'status': '202', 'content-location': 'http://10.201.9.223/volume/v3/group_types/70856a88-cc2c-4189-8d9e-9a63c2cc5e4c'}
        Body: b''
2026-03-17 11:04:51,155 125212 INFO     [tempest.lib.common.rest_client] Request (GroupSnapshotsTest:_run_cleanups): 202 DELETE http://10.201.9.223/volume/v3/types/170ce670-1a2a-4fb5-b7c6-961753edf2ad 0.061s
2026-03-17 11:04:51,155 125212 DEBUG    [tempest.lib.common.rest_client] Request - Headers: {'Content-Type': 'application/json', 'Accept': 'application/json', 'X-Auth-Token': '<omitted>'}
        Body: None
    Response - Headers: {'date': 'Tue, 17 Mar 2026 11:04:51 GMT', 'server': 'Apache/2.4.58 (Ubuntu)', 'content-length': '0', 'content-type': 'text/html; charset=UTF-8', 'openstack-api-version': 'volume 3.0', 'vary': 'OpenStack-API-Version', 'x-openstack-request-id': 'req-6c1f2176-7058-4cc0-ab79-40022c9e7da1', 'connection': 'close', 'status': '202', 'content-location': 'http://10.201.9.223/volume/v3/types/170ce670-1a2a-4fb5-b7c6-961753edf2ad'}
        Body: b''
2026-03-17 11:04:51,168 125212 INFO     [tempest.lib.common.rest_client] Request (GroupSnapshotsTest:_run_cleanups): 404 GET http://10.201.9.223/volume/v3/types/170ce670-1a2a-4fb5-b7c6-961753edf2ad 0.012s
2026-03-17 11:04:51,169 125212 DEBUG    [tempest.lib.common.rest_client] Request - Headers: {'Content-Type': 'application/json', 'Accept': 'application/json', 'X-Auth-Token': '<omitted>'}
        Body: None
    Response - Headers: {'date': 'Tue, 17 Mar 2026 11:04:51 GMT', 'server': 'Apache/2.4.58 (Ubuntu)', 'openstack-api-version': 'volume 3.0', 'vary': 'OpenStack-API-Version', 'content-length': '114', 'content-type': 'application/json', 'x-compute-request-id': 'req-f978d224-8da5-41e7-af53-b9fddb5a2e55', 'x-openstack-request-id': 'req-f978d224-8da5-41e7-af53-b9fddb5a2e55', 'connection': 'close', 'status': '404', 'content-location': 'http://10.201.9.223/volume/v3/types/170ce670-1a2a-4fb5-b7c6-961753edf2ad'}
        Body: b'{"itemNotFound": {"code": 404, "message": "Volume type 170ce670-1a2a-4fb5-b7c6-961753edf2ad could not be found."}}'

{0} tempest.api.volume.******.test_group_snapshots.GroupSnapshotsTest.test_delete_group_snapshots_following_updated_volumes [1.373615s] ... FAILED

Captured traceback:
~~~~~~~~~~~~~~~~~~~
    Traceback (most recent call last):

      File "/opt/stack/tempest/tempest/lib/decorators.py", line 106, in wrapper
    raise exc

      File "/opt/stack/tempest/tempest/lib/decorators.py", line 98, in wrapper
    return f(*func_args, **func_kwargs)
           ^^^^^^^^^^^^^^^^^^^^^^^^^^^^

      File "/opt/stack/tempest/tempest/api/volume/******/test_group_snapshots.py", line 225, in test_delete_group_snapshots_following_updated_volumes
    grp = self.create_group(group_type=group_type['id'],
          ^^^^^^^^^^^^^^^^^^^^^^^^^^^^^^^^^^^^^^^^^^^^^^

      File "/opt/stack/tempest/tempest/api/volume/base.py", line 293, in create_group
    waiters.wait_for_volume_resource_status(

      File "/opt/stack/tempest/tempest/common/waiters.py", line 379, in wait_for_volume_resource_status
    raise exceptions.VolumeResourceBuildErrorException(

    tempest.exceptions.VolumeResourceBuildErrorException: group 9ed2881d-fca6-4c9b-81e0-67205aac91f9 failed to build and is in ERROR status


Captured pythonlogging:
~~~~~~~~~~~~~~~~~~~~~~~
    2026-03-17 11:04:51,192 125212 INFO     [tempest.lib.common.rest_client] Request (GroupSnapshotsTest:test_delete_group_snapshots_following_updated_volumes): 200 POST http://10.201.9.223/volume/v3/types 0.021s
2026-03-17 11:04:51,192 125212 DEBUG    [tempest.lib.common.rest_client] Request - Headers: {'Content-Type': 'application/json', 'Accept': 'application/json', 'X-Auth-Token': '<omitted>'}
        Body: {"volume_type": {"name": "tempest-GroupSnapshotsTest-volume-type-2015513557"}}
    Response - Headers: {'date': 'Tue, 17 Mar 2026 11:04:51 GMT', 'server': 'Apache/2.4.58 (Ubuntu)', 'content-type': 'application/json', 'x-compute-request-id': 'req-7579d8f7-4096-4152-b17d-ea4600b3c34c', 'content-length': '224', 'openstack-api-version': 'volume 3.0', 'vary': 'OpenStack-API-Version', 'x-openstack-request-id': 'req-7579d8f7-4096-4152-b17d-ea4600b3c34c', 'connection': 'close', 'status': '200', 'content-location': 'http://10.201.9.223/volume/v3/types'}
        Body: b'{"volume_type": {"id": "33c38692-e430-4010-81cd-0afc1ec65cfe", "name": "tempest-GroupSnapshotsTest-volume-type-2015513557", "is_public": true, "extra_specs": {}, "description": null, "os-volume-type-access:is_public": true}}'
2026-03-17 11:04:51,212 125212 INFO     [tempest.lib.common.rest_client] Request (GroupSnapshotsTest:test_delete_group_snapshots_following_updated_volumes): 202 POST http://10.201.9.223/volume/v3/group_types 0.018s
2026-03-17 11:04:51,212 125212 DEBUG    [tempest.lib.common.rest_client] Request - Headers: {'Content-Type': 'application/json', 'Accept': 'application/json', 'Openstack-Api-Version': 'volume 3.14', 'X-Auth-Token': '<omitted>'}
        Body: {"group_type": {"name": "tempest-GroupSnapshotsTest-group-type-1295482229"}}
    Response - Headers: {'date': 'Tue, 17 Mar 2026 11:04:51 GMT', 'server': 'Apache/2.4.58 (Ubuntu)', 'content-type': 'application/json', 'x-compute-request-id': 'req-596d9035-2617-4330-933e-31249ba96caa', 'content-length': '181', 'openstack-api-version': 'volume 3.14', 'vary': 'OpenStack-API-Version', 'x-openstack-request-id': 'req-596d9035-2617-4330-933e-31249ba96caa', 'connection': 'close', 'status': '202', 'content-location': 'http://10.201.9.223/volume/v3/group_types'}
        Body: b'{"group_type": {"id": "d5e47d2e-f62d-4b5b-be9d-076bf9012fa2", "name": "tempest-GroupSnapshotsTest-group-type-1295482229", "description": null, "is_public": true, "group_specs": {}}}'
2026-03-17 11:04:51,283 125212 INFO     [tempest.lib.common.rest_client] Request (GroupSnapshotsTest:test_delete_group_snapshots_following_updated_volumes): 202 POST http://10.201.9.223/volume/v3/groups 0.070s
2026-03-17 11:04:51,284 125212 DEBUG    [tempest.lib.common.rest_client] Request - Headers: {'Content-Type': 'application/json', 'Accept': 'application/json', 'Openstack-Api-Version': 'volume 3.14', 'X-Auth-Token': '<omitted>'}
        Body: {"group": {"group_type": "d5e47d2e-f62d-4b5b-be9d-076bf9012fa2", "volume_types": ["33c38692-e430-4010-81cd-0afc1ec65cfe"], "name": "tempest-GroupSnapshotsTest-Group-1885621512"}}
    Response - Headers: {'date': 'Tue, 17 Mar 2026 11:04:51 GMT', 'server': 'Apache/2.4.58 (Ubuntu)', 'content-type': 'application/json', 'x-compute-request-id': 'req-66a4aaed-eee4-4604-accd-11175d4c1521', 'content-length': '112', 'openstack-api-version': 'volume 3.14', 'vary': 'OpenStack-API-Version', 'x-openstack-request-id': 'req-66a4aaed-eee4-4604-accd-11175d4c1521', 'connection': 'close', 'status': '202', 'content-location': 'http://10.201.9.223/volume/v3/groups'}
        Body: b'{"group": {"id": "9ed2881d-fca6-4c9b-81e0-67205aac91f9", "name": "tempest-GroupSnapshotsTest-Group-1885621512"}}'
2026-03-17 11:04:51,305 125212 INFO     [tempest.lib.common.rest_client] Request (GroupSnapshotsTest:test_delete_group_snapshots_following_updated_volumes): 200 GET http://10.201.9.223/volume/v3/groups/9ed2881d-fca6-4c9b-81e0-67205aac91f9 0.019s
2026-03-17 11:04:51,306 125212 DEBUG    [tempest.lib.common.rest_client] Request - Headers: {'Content-Type': 'application/json', 'Accept': 'application/json', 'Openstack-Api-Version': 'volume 3.14', 
    'X-Auth-Token': '<omitted>'}
        Body: None
    Response - Headers: {'date': 'Tue, 17 Mar 2026 11:04:51 GMT', 'server': 'Apache/2.4.58 (Ubuntu)', 'content-type': 'application/json', 'x-compute-request-id': 'req-1f786c31-4fa9-4b8b-9ca7-6bbe1745da7f', 'content-length': '392', 'openstack-api-version': 'volume 3.14', 'vary': 'OpenStack-API-Version', 'x-openstack-request-id': 'req-1f786c31-4fa9-4b8b-9ca7-6bbe1745da7f', 'connection': 'close', 'status': '200', 'content-location': 'http://10.201.9.223/volume/v3/groups/9ed2881d-fca6-4c9b-81e0-67205aac91f9'}
        Body: b'{"group": {"id": "9ed2881d-fca6-4c9b-81e0-67205aac91f9", "status": "creating", "availability_zone": "nova", "created_at": "2026-03-17T11:04:51.000000", "name": "tempest-GroupSnapshotsTest-Group-1885621512", "description": null, "group_type": "d5e47d2e-f62d-4b5b-be9d-076bf9012fa2", "volume_types": ["33c38692-e430-4010-81cd-0afc1ec65cfe"], "group_snapshot_id": null, "source_group_id": null}}'
2026-03-17 11:04:52,343 125212 INFO     [tempest.lib.common.rest_client] Request (GroupSnapshotsTest:test_delete_group_snapshots_following_updated_volumes): 200 GET http://10.201.9.223/volume/v3/groups/9ed2881d-fca6-4c9b-81e0-67205aac91f9 0.031s
2026-03-17 11:04:52,343 125212 DEBUG    [tempest.lib.common.rest_client] Request - Headers: {'Content-Type': 'application/json', 'Accept': 'application/json', 'Openstack-Api-Version': 'volume 3.14', 'X-Auth-Token': '<omitted>'}
        Body: None
    Response - Headers: {'date': 'Tue, 17 Mar 2026 11:04:52 GMT', 'server': 'Apache/2.4.58 (Ubuntu)', 'content-type': 'application/json', 'x-compute-request-id': 'req-98ae8dad-4eda-4cbc-b6ff-4a5bc6241562', 'content-length': '389', 'openstack-api-version': 'volume 3.14', 'vary': 'OpenStack-API-Version', 'x-openstack-request-id': 'req-98ae8dad-4eda-4cbc-b6ff-4a5bc6241562', 'connection': 'close', 'status': '200', 'content-location': 'http://10.201.9.223/volume/v3/groups/9ed2881d-fca6-4c9b-81e0-67205aac91f9'}
        Body: b'{"group": {"id": "9ed2881d-fca6-4c9b-81e0-67205aac91f9", "status": "error", "availability_zone": "nova", "created_at": "2026-03-17T11:04:51.000000", "name": "tempest-GroupSnapshotsTest-Group-1885621512", "description": null, "group_type": "d5e47d2e-f62d-4b5b-be9d-076bf9012fa2", "volume_types": ["33c38692-e430-4010-81cd-0afc1ec65cfe"], "group_snapshot_id": null, "source_group_id": null}}'
2026-03-17 11:04:52,349 125212 ERROR    [tempest.lib.decorators] Hints: This test was made for the bug_type 1739031. The failure could be related to https://launchpad.net/bugs/1739031
2026-03-17 11:04:52,393 125212 INFO     [tempest.lib.common.rest_client] Request (GroupSnapshotsTest:_run_cleanups): 200 GET http://10.201.9.223/volume/v3/volumes/detail 0.042s
2026-03-17 11:04:52,394 125212 DEBUG    [tempest.lib.common.rest_client] Request - Headers: {'Content-Type': 'application/json', 'Accept': 'application/json', 'Openstack-Api-Version': 'volume 3.14', 'X-Auth-Token': '<omitted>'}
        Body: None
    Response - Headers: {'date': 'Tue, 17 Mar 2026 11:04:52 GMT', 'server': 'Apache/2.4.58 (Ubuntu)', 'content-type': 'application/json', 'x-compute-request-id': 'req-ca4581a1-239a-4d9b-ab1f-de52820e82b4', 'content-length': '15', 'openstack-api-version': 'volume 3.14', 'vary': 'OpenStack-API-Version', 'x-openstack-request-id': 'req-ca4581a1-239a-4d9b-ab1f-de52820e82b4', 'connection': 'close', 'status': '200', 'content-location': 'http://10.201.9.223/volume/v3/volumes/detail'}
        Body: b'{"volumes": []}'
2026-03-17 11:04:52,455 125212 INFO     [tempest.lib.common.rest_client] Request (GroupSnapshotsTest:_run_cleanups): 202 POST http://10.201.9.223/volume/v3/groups/9ed2881d-fca6-4c9b-81e0-67205aac91f9/action 0.050s
2026-03-17 11:04:52,455 125212 DEBUG    [tempest.lib.common.rest_client] Request - Headers: {'Content-Type': 'application/json', 'Accept': 'application/json', 'Openstack-Api-Version': 'volume 3.14', 'X-Auth-Token': '<omitted>'}
        Body: {"delete": {"delete-volumes": true}}
    Response - Headers: {'date': 'Tue, 17 Mar 2026 11:04:52 GMT', 'server': 'Apache/2.4.58 (Ubuntu)',
     'content-length': '0', 'content-type': 'text/html; charset=UTF-8', 'openstack-api-version': 'volume 3.14', 'vary': 'OpenStack-API-Version', 'x-openstack-request-id': 'req-55fead80-fe7e-4180-b502-244984b6a61c', 'connection': 'close', 'status': '202', 'content-location': 'http://10.201.9.223/volume/v3/groups/9ed2881d-fca6-4c9b-81e0-67205aac91f9/action'}
        Body: b''
2026-03-17 11:04:52,469 125212 INFO     [tempest.lib.common.rest_client] Request (GroupSnapshotsTest:_run_cleanups): 404 GET http://10.201.9.223/volume/v3/groups/9ed2881d-fca6-4c9b-81e0-67205aac91f9 0.013s
2026-03-17 11:04:52,469 125212 DEBUG    [tempest.lib.common.rest_client] Request - Headers: {'Content-Type': 'application/json', 'Accept': 'application/json', 'Openstack-Api-Version': 'volume 3.14', 'X-Auth-Token': '<omitted>'}
        Body: None
    Response - Headers: {'date': 'Tue, 17 Mar 2026 11:04:52 GMT', 'server': 'Apache/2.4.58 (Ubuntu)', 'openstack-api-version': 'volume 3.14', 'vary': 'OpenStack-API-Version', 'content-length': '108', 'content-type': 'application/json', 'x-compute-request-id': 'req-a476e8e2-faf6-4930-a426-ae3c3de39600', 'x-openstack-request-id': 'req-a476e8e2-faf6-4930-a426-ae3c3de39600', 'connection': 'close', 'status': '404', 'content-location': 'http://10.201.9.223/volume/v3/groups/9ed2881d-fca6-4c9b-81e0-67205aac91f9'}
        Body: b'{"itemNotFound": {"code": 404, "message": "Group 9ed2881d-fca6-4c9b-81e0-67205aac91f9 could not be found."}}'
2026-03-17 11:04:52,490 125212 INFO     [tempest.lib.common.rest_client] Request (GroupSnapshotsTest:_run_cleanups): 202 DELETE http://10.201.9.223/volume/v3/group_types/d5e47d2e-f62d-4b5b-be9d-076bf9012fa2 0.020s
2026-03-17 11:04:52,490 125212 DEBUG    [tempest.lib.common.rest_client] Request - Headers: {'Content-Type': 'application/json', 'Accept': 'application/json', 'Openstack-Api-Version': 'volume 3.14', 'X-Auth-Token': '<omitted>'}
        Body: None
    Response - Headers: {'date': 'Tue, 17 Mar 2026 11:04:52 GMT', 'server': 'Apache/2.4.58 (Ubuntu)', 'content-length': '0', 'content-type': 'text/html; charset=UTF-8', 'openstack-api-version': 'volume 3.14', 'vary': 'OpenStack-API-Version', 'x-openstack-request-id': 'req-31f41870-42dd-408c-b4d0-d80cbebf7b48', 'connection': 'close', 'status': '202', 'content-location': 'http://10.201.9.223/volume/v3/group_types/d5e47d2e-f62d-4b5b-be9d-076bf9012fa2'}
        Body: b''
2026-03-17 11:04:52,529 125212 INFO     [tempest.lib.common.rest_client] Request (GroupSnapshotsTest:_run_cleanups): 202 DELETE http://10.201.9.223/volume/v3/types/33c38692-e430-4010-81cd-0afc1ec65cfe 0.038s
2026-03-17 11:04:52,530 125212 DEBUG    [tempest.lib.common.rest_client] Request - Headers: {'Content-Type': 'application/json', 'Accept': 'application/json', 'X-Auth-Token': '<omitted>'}
        Body: None
    Response - Headers: {'date': 'Tue, 17 Mar 2026 11:04:52 GMT', 'server': 'Apache/2.4.58 (Ubuntu)', 'content-length': '0', 'content-type': 'text/html; charset=UTF-8', 'openstack-api-version': 'volume 3.0', 'vary': 'OpenStack-API-Version', 'x-openstack-request-id': 'req-8384a4e4-02ca-4009-bd02-8761a8018d49', 'connection': 'close', 'status': '202', 'content-location': 'http://10.201.9.223/volume/v3/types/33c38692-e430-4010-81cd-0afc1ec65cfe'}
        Body: b''
2026-03-17 11:04:52,543 125212 INFO     [tempest.lib.common.rest_client] Request (GroupSnapshotsTest:_run_cleanups): 404 GET http://10.201.9.223/volume/v3/types/33c38692-e430-4010-81cd-0afc1ec65cfe 0.012s
2026-03-17 11:04:52,543 125212 DEBUG    [tempest.lib.common.rest_client] Request - Headers: {'Content-Type': 'application/json', 'Accept': 'application/json', 'X-Auth-Token': '<omitted>'}
        Body: None
    Response - Headers: {'date': 'Tue, 17 Mar 2026 11:04:52 GMT', 'server': 'Apache/2.4.58 (Ubuntu)', 'openstack-api-version': 'volume 3.0', 'vary': 'OpenStack-API-Version', 'content-length': '114', 'content-type': 'application/json', 'x-compute-request-id': 'req-80089480-2352-4b21-b479-8a6b9ad20806', 'x-openstack-request-id': 'req-80089480-2352-4b21-b479-8a6b9ad20806', 'connection': 'close', 'status': '4
    04', 'content-location': 'http://10.201.9.223/volume/v3/types/33c38692-e430-4010-81cd-0afc1ec65cfe'}
        Body: b'{"itemNotFound": {"code": 404, "message": "Volume type 33c38692-e430-4010-81cd-0afc1ec65cfe could not be found."}}'

{0} tempest.api.volume.******.test_group_snapshots.GroupSnapshotsTest.test_group_snapshot_create_show_list_delete [1.297797s] ... FAILED

Captured traceback:
~~~~~~~~~~~~~~~~~~~
    Traceback (most recent call last):

      File "/opt/stack/tempest/tempest/api/volume/******/test_group_snapshots.py", line 92, in test_group_snapshot_create_show_list_delete
    grp = self.create_group(group_type=group_type['id'],
          ^^^^^^^^^^^^^^^^^^^^^^^^^^^^^^^^^^^^^^^^^^^^^^

      File "/opt/stack/tempest/tempest/api/volume/base.py", line 293, in create_group
    waiters.wait_for_volume_resource_status(

      File "/opt/stack/tempest/tempest/common/waiters.py", line 379, in wait_for_volume_resource_status
    raise exceptions.VolumeResourceBuildErrorException(

    tempest.exceptions.VolumeResourceBuildErrorException: group a845490d-7513-4f66-84aa-ac8660dc0e95 failed to build and is in ERROR status


Captured pythonlogging:
~~~~~~~~~~~~~~~~~~~~~~~
    2026-03-17 11:04:52,567 125212 INFO     [tempest.lib.common.rest_client] Request (GroupSnapshotsTest:test_group_snapshot_create_show_list_delete): 200 POST http://10.201.9.223/volume/v3/types 0.019s
2026-03-17 11:04:52,567 125212 DEBUG    [tempest.lib.common.rest_client] Request - Headers: {'Content-Type': 'application/json', 'Accept': 'application/json', 'X-Auth-Token': '<omitted>'}
        Body: {"volume_type": {"name": "tempest-GroupSnapshotsTest-volume-type-1234244546"}}
    Response - Headers: {'date': 'Tue, 17 Mar 2026 11:04:52 GMT', 'server': 'Apache/2.4.58 (Ubuntu)', 'content-type': 'application/json', 'x-compute-request-id': 'req-a2dcdb9f-0860-4554-807c-bd2d9ebb9f8e', 'content-length': '224', 'openstack-api-version': 'volume 3.0', 'vary': 'OpenStack-API-Version', 'x-openstack-request-id': 'req-a2dcdb9f-0860-4554-807c-bd2d9ebb9f8e', 'connection': 'close', 'status': '200', 'content-location': 'http://10.201.9.223/volume/v3/types'}
        Body: b'{"volume_type": {"id": "dd2b21b1-c857-46d4-90e3-4a961a8e165a", "name": "tempest-GroupSnapshotsTest-volume-type-1234244546", "is_public": true, "extra_specs": {}, "description": null, "os-volume-type-access:is_public": true}}'
2026-03-17 11:04:52,586 125212 INFO     [tempest.lib.common.rest_client] Request (GroupSnapshotsTest:test_group_snapshot_create_show_list_delete): 202 POST http://10.201.9.223/volume/v3/group_types 0.017s
2026-03-17 11:04:52,586 125212 DEBUG    [tempest.lib.common.rest_client] Request - Headers: {'Content-Type': 'application/json', 'Accept': 'application/json', 'Openstack-Api-Version': 'volume 3.14', 'X-Auth-Token': '<omitted>'}
        Body: {"group_type": {"name": "tempest-GroupSnapshotsTest-group-type-342977755"}}
    Response - Headers: {'date': 'Tue, 17 Mar 2026 11:04:52 GMT', 'server': 'Apache/2.4.58 (Ubuntu)', 'content-type': 'application/json', 'x-compute-request-id': 'req-1a63e504-6a5b-46e1-a08d-24a22271e051', 'content-length': '180', 'openstack-api-version': 'volume 3.14', 'vary': 'OpenStack-API-Version', 'x-openstack-request-id': 'req-1a63e504-6a5b-46e1-a08d-24a22271e051', 'connection': 'close', 'status': '202', 'content-location': 'http://10.201.9.223/volume/v3/group_types'}
        Body: b'{"group_type": {"id": "2a8151d5-0fa6-418d-b60a-aa8aec82cf23", "name": "tempest-GroupSnapshotsTest-group-type-342977755", "description": null, "is_public": true, "group_specs": {}}}'
2026-03-17 11:04:52,633 125212 INFO     [tempest.lib.common.rest_client] Request (GroupSnapshotsTest:test_group_snapshot_create_show_list_delete): 202 POST http://10.201.9.223/volume/v3/groups 0.045s
2026-03-17 11:04:52,633 125212 DEBUG    [tempest.lib.common.rest_client] Request - Headers: {'Content-Type': 'application/json', 'Accept': 'application/json', 'Openstack-Api-Version': 'volume 3.14', 'X-Auth-Token': '<omitted>'}
        Body: {"group": {"group_type": "2a8151d5-0fa6-418d-b60a-aa8aec82cf23", "volume_types": ["dd2b21b1-c857-46d4-90e3-4a961a8e165a"], "name": "tempest-GroupSnapshotsTest-Group-1872480962"}}
    Response - Headers: {'date': 'Tue, 17 Mar 2026 11:04:52 GMT', 'server': 'Apache/2.4.58 (Ubuntu)', 'content-type': 'application/json', 'x-compute-request-id': 'req-6bb92b41-ac38-40bb-b9de-c59377807de7', 'content-length': '112', 'openstack-api-version': 'volume 3.14', 'vary': 'OpenStack-API-Version', 'x-openstack-request-id': 'req-6bb92b41-ac38-40bb-b9de-c59377807de7', 'connection': 'close', 'status': '202', 'content-location': 'http://10.201.9.223/volume/v3/groups'}
        Body: b'{"group": {"id": "a845490d-7513-4f66-84aa-ac8660dc0e95", "name": "tempest-GroupSnapshotsTest-Group-1872480962"}}'
2026-03-17 11:04:52,656 125212 INFO     [tempest.lib.common.rest_client] Request (GroupSnapshotsTest:test_group_snapshot_create_show_list_delete): 200 GET http://10.201.9.223/volume/v3/groups/a845490d-7513-4f66-84aa-ac8660dc0e95 0.022s
2026-03-17 11:04:52,656 125212 DEBUG    [tempest.lib.common.rest_client] Request - Headers: {'Content-Type': 'application/json', 'Accept': 'application/json', 'Openstack-Api-Version': 'volume 3.14', 'X-Auth-Token': '<omitted>'}
        Body:
     None
    Response - Headers: {'date': 'Tue, 17 Mar 2026 11:04:52 GMT', 'server': 'Apache/2.4.58 (Ubuntu)', 'content-type': 'application/json', 'x-compute-request-id': 'req-8d1cdc49-0a7d-404c-8cc0-4819d413f96f', 'content-length': '392', 'openstack-api-version': 'volume 3.14', 'vary': 'OpenStack-API-Version', 'x-openstack-request-id': 'req-8d1cdc49-0a7d-404c-8cc0-4819d413f96f', 'connection': 'close', 'status': '200', 'content-location': 'http://10.201.9.223/volume/v3/groups/a845490d-7513-4f66-84aa-ac8660dc0e95'}
        Body: b'{"group": {"id": "a845490d-7513-4f66-84aa-ac8660dc0e95", "status": "creating", "availability_zone": "nova", "created_at": "2026-03-17T11:04:53.000000", "name": "tempest-GroupSnapshotsTest-Group-1872480962", "description": null, "group_type": "2a8151d5-0fa6-418d-b60a-aa8aec82cf23", "volume_types": ["dd2b21b1-c857-46d4-90e3-4a961a8e165a"], "group_snapshot_id": null, "source_group_id": null}}'
2026-03-17 11:04:53,691 125212 INFO     [tempest.lib.common.rest_client] Request (GroupSnapshotsTest:test_group_snapshot_create_show_list_delete): 200 GET http://10.201.9.223/volume/v3/groups/a845490d-7513-4f66-84aa-ac8660dc0e95 0.032s
2026-03-17 11:04:53,692 125212 DEBUG    [tempest.lib.common.rest_client] Request - Headers: {'Content-Type': 'application/json', 'Accept': 'application/json', 'Openstack-Api-Version': 'volume 3.14', 'X-Auth-Token': '<omitted>'}
        Body: None
    Response - Headers: {'date': 'Tue, 17 Mar 2026 11:04:53 GMT', 'server': 'Apache/2.4.58 (Ubuntu)', 'content-type': 'application/json', 'x-compute-request-id': 'req-d0e0e140-9df6-4c8c-8577-aa4e45d2ab0a', 'content-length': '389', 'openstack-api-version': 'volume 3.14', 'vary': 'OpenStack-API-Version', 'x-openstack-request-id': 'req-d0e0e140-9df6-4c8c-8577-aa4e45d2ab0a', 'connection': 'close', 'status': '200', 'content-location': 'http://10.201.9.223/volume/v3/groups/a845490d-7513-4f66-84aa-ac8660dc0e95'}
        Body: b'{"group": {"id": "a845490d-7513-4f66-84aa-ac8660dc0e95", "status": "error", "availability_zone": "nova", "created_at": "2026-03-17T11:04:53.000000", "name": "tempest-GroupSnapshotsTest-Group-1872480962", "description": null, "group_type": "2a8151d5-0fa6-418d-b60a-aa8aec82cf23", "volume_types": ["dd2b21b1-c857-46d4-90e3-4a961a8e165a"], "group_snapshot_id": null, "source_group_id": null}}'
2026-03-17 11:04:53,721 125212 INFO     [tempest.lib.common.rest_client] Request (GroupSnapshotsTest:_run_cleanups): 200 GET http://10.201.9.223/volume/v3/volumes/detail 0.024s
2026-03-17 11:04:53,721 125212 DEBUG    [tempest.lib.common.rest_client] Request - Headers: {'Content-Type': 'application/json', 'Accept': 'application/json', 'Openstack-Api-Version': 'volume 3.14', 'X-Auth-Token': '<omitted>'}
        Body: None
    Response - Headers: {'date': 'Tue, 17 Mar 2026 11:04:53 GMT', 'server': 'Apache/2.4.58 (Ubuntu)', 'content-type': 'application/json', 'x-compute-request-id': 'req-e3d62c39-1657-465e-a55d-c1f682e6635c', 'content-length': '15', 'openstack-api-version': 'volume 3.14', 'vary': 'OpenStack-API-Version', 'x-openstack-request-id': 'req-e3d62c39-1657-465e-a55d-c1f682e6635c', 'connection': 'close', 'status': '200', 'content-location': 'http://10.201.9.223/volume/v3/volumes/detail'}
        Body: b'{"volumes": []}'
2026-03-17 11:04:53,776 125212 INFO     [tempest.lib.common.rest_client] Request (GroupSnapshotsTest:_run_cleanups): 202 POST http://10.201.9.223/volume/v3/groups/a845490d-7513-4f66-84aa-ac8660dc0e95/action 0.047s
2026-03-17 11:04:53,776 125212 DEBUG    [tempest.lib.common.rest_client] Request - Headers: {'Content-Type': 'application/json', 'Accept': 'application/json', 'Openstack-Api-Version': 'volume 3.14', 'X-Auth-Token': '<omitted>'}
        Body: {"delete": {"delete-volumes": true}}
    Response - Headers: {'date': 'Tue, 17 Mar 2026 11:04:53 GMT', 'server': 'Apache/2.4.58 (Ubuntu)', 'content-length': '0', 'content-type': 'text/html; charset=UTF-8', 'openstack-api-version': 'volume 3.14', 'vary': 'OpenStack-API-Version', 'x-openstack-request-id': 'req-771595d4-99ef-448e-ba7e-e1dce21cf719', 'connection': 'close', 's
    tatus': '202', 'content-location': 'http://10.201.9.223/volume/v3/groups/a845490d-7513-4f66-84aa-ac8660dc0e95/action'}
        Body: b''
2026-03-17 11:04:53,785 125212 INFO     [tempest.lib.common.rest_client] Request (GroupSnapshotsTest:_run_cleanups): 404 GET http://10.201.9.223/volume/v3/groups/a845490d-7513-4f66-84aa-ac8660dc0e95 0.008s
2026-03-17 11:04:53,785 125212 DEBUG    [tempest.lib.common.rest_client] Request - Headers: {'Content-Type': 'application/json', 'Accept': 'application/json', 'Openstack-Api-Version': 'volume 3.14', 'X-Auth-Token': '<omitted>'}
        Body: None
    Response - Headers: {'date': 'Tue, 17 Mar 2026 11:04:53 GMT', 'server': 'Apache/2.4.58 (Ubuntu)', 'openstack-api-version': 'volume 3.14', 'vary': 'OpenStack-API-Version', 'content-length': '108', 'content-type': 'application/json', 'x-compute-request-id': 'req-08895731-4d5f-450b-addb-629adc8f69d7', 'x-openstack-request-id': 'req-08895731-4d5f-450b-addb-629adc8f69d7', 'connection': 'close', 'status': '404', 'content-location': 'http://10.201.9.223/volume/v3/groups/a845490d-7513-4f66-84aa-ac8660dc0e95'}
        Body: b'{"itemNotFound": {"code": 404, "message": "Group a845490d-7513-4f66-84aa-ac8660dc0e95 could not be found."}}'
2026-03-17 11:04:53,800 125212 INFO     [tempest.lib.common.rest_client] Request (GroupSnapshotsTest:_run_cleanups): 202 DELETE http://10.201.9.223/volume/v3/group_types/2a8151d5-0fa6-418d-b60a-aa8aec82cf23 0.015s
2026-03-17 11:04:53,801 125212 DEBUG    [tempest.lib.common.rest_client] Request - Headers: {'Content-Type': 'application/json', 'Accept': 'application/json', 'Openstack-Api-Version': 'volume 3.14', 'X-Auth-Token': '<omitted>'}
        Body: None
    Response - Headers: {'date': 'Tue, 17 Mar 2026 11:04:53 GMT', 'server': 'Apache/2.4.58 (Ubuntu)', 'content-length': '0', 'content-type': 'text/html; charset=UTF-8', 'openstack-api-version': 'volume 3.14', 'vary': 'OpenStack-API-Version', 'x-openstack-request-id': 'req-526bf26d-ffac-47e3-a08e-8ecd8e413891', 'connection': 'close', 'status': '202', 'content-location': 'http://10.201.9.223/volume/v3/group_types/2a8151d5-0fa6-418d-b60a-aa8aec82cf23'}
        Body: b''
2026-03-17 11:04:53,830 125212 INFO     [tempest.lib.common.rest_client] Request (GroupSnapshotsTest:_run_cleanups): 202 DELETE http://10.201.9.223/volume/v3/types/dd2b21b1-c857-46d4-90e3-4a961a8e165a 0.028s
2026-03-17 11:04:53,830 125212 DEBUG    [tempest.lib.common.rest_client] Request - Headers: {'Content-Type': 'application/json', 'Accept': 'application/json', 'X-Auth-Token': '<omitted>'}
        Body: None
    Response - Headers: {'date': 'Tue, 17 Mar 2026 11:04:53 GMT', 'server': 'Apache/2.4.58 (Ubuntu)', 'content-length': '0', 'content-type': 'text/html; charset=UTF-8', 'openstack-api-version': 'volume 3.0', 'vary': 'OpenStack-API-Version', 'x-openstack-request-id': 'req-cb805e40-64e8-403c-a51f-3e6870bded19', 'connection': 'close', 'status': '202', 'content-location': 'http://10.201.9.223/volume/v3/types/dd2b21b1-c857-46d4-90e3-4a961a8e165a'}
        Body: b''
2026-03-17 11:04:53,844 125212 INFO     [tempest.lib.common.rest_client] Request (GroupSnapshotsTest:_run_cleanups): 404 GET http://10.201.9.223/volume/v3/types/dd2b21b1-c857-46d4-90e3-4a961a8e165a 0.013s
2026-03-17 11:04:53,845 125212 DEBUG    [tempest.lib.common.rest_client] Request - Headers: {'Content-Type': 'application/json', 'Accept': 'application/json', 'X-Auth-Token': '<omitted>'}
        Body: None
    Response - Headers: {'date': 'Tue, 17 Mar 2026 11:04:53 GMT', 'server': 'Apache/2.4.58 (Ubuntu)', 'openstack-api-version': 'volume 3.0', 'vary': 'OpenStack-API-Version', 'content-length': '114', 'content-type': 'application/json', 'x-compute-request-id': 'req-0ccdcac2-9347-44de-ab16-d177f3eef08b', 'x-openstack-request-id': 'req-0ccdcac2-9347-44de-ab16-d177f3eef08b', 'connection': 'close', 'status': '404', 'content-location': 'http://10.201.9.223/volume/v3/types/dd2b21b1-c857-46d4-90e3-4a961a8e165a'}
        Body: b'{"itemNotFound": {"code": 404, "message": "Volume type dd2b21b1-c857-46d4-90e3-4a961a8e165a could not be found."}}'

{0} tempest.api.volume.******.test_group_snapshots.GroupSnapshotsV319Test.test_reset_group_snapshot_status [1.485370s] ... FAILED

Captured traceback:
~~~~~~~~~~~~~~~~~~~
    Traceback (most recent call last):

      File "/opt/stack/tempest/tempest/api/volume/******/test_group_snapshots.py", line 293, in test_reset_group_snapshot_status
    group = self.create_group(group_type=group_type['id'],
            ^^^^^^^^^^^^^^^^^^^^^^^^^^^^^^^^^^^^^^^^^^^^^^

      File "/opt/stack/tempest/tempest/api/volume/base.py", line 293, in create_group
    waiters.wait_for_volume_resource_status(

      File "/opt/stack/tempest/tempest/common/waiters.py", line 379, in wait_for_volume_resource_status
    raise exceptions.VolumeResourceBuildErrorException(

    tempest.exceptions.VolumeResourceBuildErrorException: group 38ab570b-8a0c-46a2-891f-63ebceb1d88b failed to build and is in ERROR status


Captured pythonlogging:
~~~~~~~~~~~~~~~~~~~~~~~
    2026-03-17 11:04:55,808 125212 INFO     [tempest.lib.common.rest_client] Request (GroupSnapshotsV319Test:test_reset_group_snapshot_status): 200 POST http://10.201.9.223/volume/v3/types 0.103s
2026-03-17 11:04:55,808 125212 DEBUG    [tempest.lib.common.rest_client] Request - Headers: {'Content-Type': 'application/json', 'Accept': 'application/json', 'X-Auth-Token': '<omitted>'}
        Body: {"volume_type": {"name": "tempest-GroupSnapshotsV319Test-volume-type-1483800693"}}
    Response - Headers: {'date': 'Tue, 17 Mar 2026 11:04:55 GMT', 'server': 'Apache/2.4.58 (Ubuntu)', 'content-type': 'application/json', 'x-compute-request-id': 'req-12d3ccc7-c433-44cd-9aa0-021a74cd82bd', 'content-length': '228', 'openstack-api-version': 'volume 3.0', 'vary': 'OpenStack-API-Version', 'x-openstack-request-id': 'req-12d3ccc7-c433-44cd-9aa0-021a74cd82bd', 'connection': 'close', 'status': '200', 'content-location': 'http://10.201.9.223/volume/v3/types'}
        Body: b'{"volume_type": {"id": "bcd3cf9e-bf62-474a-ba33-e51849005a31", "name": "tempest-GroupSnapshotsV319Test-volume-type-1483800693", "is_public": true, "extra_specs": {}, "description": null, "os-volume-type-access:is_public": true}}'
2026-03-17 11:04:55,833 125212 INFO     [tempest.lib.common.rest_client] Request (GroupSnapshotsV319Test:test_reset_group_snapshot_status): 202 POST http://10.201.9.223/volume/v3/group_types 0.020s
2026-03-17 11:04:55,833 125212 DEBUG    [tempest.lib.common.rest_client] Request - Headers: {'Content-Type': 'application/json', 'Accept': 'application/json', 'Openstack-Api-Version': 'volume 3.19', 'X-Auth-Token': '<omitted>'}
        Body: {"group_type": {"name": "tempest-GroupSnapshotsV319Test-group-type-1960106350"}}
    Response - Headers: {'date': 'Tue, 17 Mar 2026 11:04:55 GMT', 'server': 'Apache/2.4.58 (Ubuntu)', 'content-type': 'application/json', 'x-compute-request-id': 'req-d368e3e7-6a54-4c0e-a311-cc198d7b571e', 'content-length': '185', 'openstack-api-version': 'volume 3.19', 'vary': 'OpenStack-API-Version', 'x-openstack-request-id': 'req-d368e3e7-6a54-4c0e-a311-cc198d7b571e', 'connection': 'close', 'status': '202', 'content-location': 'http://10.201.9.223/volume/v3/group_types'}
        Body: b'{"group_type": {"id": "f011e10c-2cb2-49fc-ac27-c4709da80e0e", "name": "tempest-GroupSnapshotsV319Test-group-type-1960106350", "description": null, "is_public": true, "group_specs": {}}}'
2026-03-17 11:04:55,961 125212 INFO     [tempest.lib.common.rest_client] Request (GroupSnapshotsV319Test:test_reset_group_snapshot_status): 202 POST http://10.201.9.223/volume/v3/groups 0.126s
2026-03-17 11:04:55,961 125212 DEBUG    [tempest.lib.common.rest_client] Request - Headers: {'Content-Type': 'application/json', 'Accept': 'application/json', 'Openstack-Api-Version': 'volume 3.19', 'X-Auth-Token': '<omitted>'}
        Body: {"group": {"group_type": "f011e10c-2cb2-49fc-ac27-c4709da80e0e", "volume_types": ["bcd3cf9e-bf62-474a-ba33-e51849005a31"], "name": "tempest-GroupSnapshotsV319Test-Group-2123589396"}}
    Response - Headers: {'date': 'Tue, 17 Mar 2026 11:04:55 GMT', 'server': 'Apache/2.4.58 (Ubuntu)', 'content-type': 'application/json', 'x-compute-request-id': 'req-0323761e-bd3d-4e3f-ab87-cc184e3a7d51', 'content-length': '116', 'openstack-api-version': 'volume 3.19', 'vary': 'OpenStack-API-Version', 'x-openstack-request-id': 'req-0323761e-bd3d-4e3f-ab87-cc184e3a7d51', 'connection': 'close', 'status': '202', 'content-location': 'http://10.201.9.223/volume/v3/groups'}
        Body: b'{"group": {"id": "38ab570b-8a0c-46a2-891f-63ebceb1d88b", "name": "tempest-GroupSnapshotsV319Test-Group-2123589396"}}'
2026-03-17 11:04:55,980 125212 INFO     [tempest.lib.common.rest_client] Request (GroupSnapshotsV319Test:test_reset_group_snapshot_status): 200 GET http://10.201.9.223/volume/v3/groups/38ab570b-8a0c-46a2-891f-63ebceb1d88b 0.017s
2026-03-17 11:04:55,981 125212 DEBUG    [tempest.lib.common.rest_client] Request - Headers: {'Content-Type': 'application/json', 'Accept': 'application/json', 'Openstack-Api-Version': 'volume 3.19', 'X-Auth-Token': '<omitted>'}
        Body: N
    one
    Response - Headers: {'date': 'Tue, 17 Mar 2026 11:04:55 GMT', 'server': 'Apache/2.4.58 (Ubuntu)', 'content-type': 'application/json', 'x-compute-request-id': 'req-d9c073b5-adee-4ab9-8cb7-5892eb978897', 'content-length': '396', 'openstack-api-version': 'volume 3.19', 'vary': 'OpenStack-API-Version', 'x-openstack-request-id': 'req-d9c073b5-adee-4ab9-8cb7-5892eb978897', 'connection': 'close', 'status': '200', 'content-location': 'http://10.201.9.223/volume/v3/groups/38ab570b-8a0c-46a2-891f-63ebceb1d88b'}
        Body: b'{"group": {"id": "38ab570b-8a0c-46a2-891f-63ebceb1d88b", "status": "creating", "availability_zone": "nova", "created_at": "2026-03-17T11:04:56.000000", "name": "tempest-GroupSnapshotsV319Test-Group-2123589396", "description": null, "group_type": "f011e10c-2cb2-49fc-ac27-c4709da80e0e", "volume_types": ["bcd3cf9e-bf62-474a-ba33-e51849005a31"], "group_snapshot_id": null, "source_group_id": null}}'
2026-03-17 11:04:57,017 125212 INFO     [tempest.lib.common.rest_client] Request (GroupSnapshotsV319Test:test_reset_group_snapshot_status): 200 GET http://10.201.9.223/volume/v3/groups/38ab570b-8a0c-46a2-891f-63ebceb1d88b 0.033s
2026-03-17 11:04:57,017 125212 DEBUG    [tempest.lib.common.rest_client] Request - Headers: {'Content-Type': 'application/json', 'Accept': 'application/json', 'Openstack-Api-Version': 'volume 3.19', 'X-Auth-Token': '<omitted>'}
        Body: None
    Response - Headers: {'date': 'Tue, 17 Mar 2026 11:04:56 GMT', 'server': 'Apache/2.4.58 (Ubuntu)', 'content-type': 'application/json', 'x-compute-request-id': 'req-703ca38f-bfa3-4c77-b703-e36dec5c3c3a', 'content-length': '393', 'openstack-api-version': 'volume 3.19', 'vary': 'OpenStack-API-Version', 'x-openstack-request-id': 'req-703ca38f-bfa3-4c77-b703-e36dec5c3c3a', 'connection': 'close', 'status': '200', 'content-location': 'http://10.201.9.223/volume/v3/groups/38ab570b-8a0c-46a2-891f-63ebceb1d88b'}
        Body: b'{"group": {"id": "38ab570b-8a0c-46a2-891f-63ebceb1d88b", "status": "error", "availability_zone": "nova", "created_at": "2026-03-17T11:04:56.000000", "name": "tempest-GroupSnapshotsV319Test-Group-2123589396", "description": null, "group_type": "f011e10c-2cb2-49fc-ac27-c4709da80e0e", "volume_types": ["bcd3cf9e-bf62-474a-ba33-e51849005a31"], "group_snapshot_id": null, "source_group_id": null}}'
2026-03-17 11:04:57,047 125212 INFO     [tempest.lib.common.rest_client] Request (GroupSnapshotsV319Test:_run_cleanups): 200 GET http://10.201.9.223/volume/v3/volumes/detail 0.024s
2026-03-17 11:04:57,047 125212 DEBUG    [tempest.lib.common.rest_client] Request - Headers: {'Content-Type': 'application/json', 'Accept': 'application/json', 'Openstack-Api-Version': 'volume 3.19', 'X-Auth-Token': '<omitted>'}
        Body: None
    Response - Headers: {'date': 'Tue, 17 Mar 2026 11:04:57 GMT', 'server': 'Apache/2.4.58 (Ubuntu)', 'content-type': 'application/json', 'x-compute-request-id': 'req-699c787f-eec7-4a9b-a43e-e6d915c7fc18', 'content-length': '15', 'openstack-api-version': 'volume 3.19', 'vary': 'OpenStack-API-Version', 'x-openstack-request-id': 'req-699c787f-eec7-4a9b-a43e-e6d915c7fc18', 'connection': 'close', 'status': '200', 'content-location': 'http://10.201.9.223/volume/v3/volumes/detail'}
        Body: b'{"volumes": []}'
2026-03-17 11:04:57,106 125212 INFO     [tempest.lib.common.rest_client] Request (GroupSnapshotsV319Test:_run_cleanups): 202 POST http://10.201.9.223/volume/v3/groups/38ab570b-8a0c-46a2-891f-63ebceb1d88b/action 0.046s
2026-03-17 11:04:57,106 125212 DEBUG    [tempest.lib.common.rest_client] Request - Headers: {'Content-Type': 'application/json', 'Accept': 'application/json', 'Openstack-Api-Version': 'volume 3.19', 'X-Auth-Token': '<omitted>'}
        Body: {"delete": {"delete-volumes": true}}
    Response - Headers: {'date': 'Tue, 17 Mar 2026 11:04:57 GMT', 'server': 'Apache/2.4.58 (Ubuntu)', 'content-length': '0', 'content-type': 'text/html; charset=UTF-8', 'openstack-api-version': 'volume 3.19', 'vary': 'OpenStack-API-Version', 'x-openstack-request-id': 'req-7571efd7-826c-4d45-9070-19999227fc82', 'connection': 'clo
    se', 'status': '202', 'content-location': 'http://10.201.9.223/volume/v3/groups/38ab570b-8a0c-46a2-891f-63ebceb1d88b/action'}
        Body: b''
2026-03-17 11:04:57,122 125212 INFO     [tempest.lib.common.rest_client] Request (GroupSnapshotsV319Test:_run_cleanups): 404 GET http://10.201.9.223/volume/v3/groups/38ab570b-8a0c-46a2-891f-63ebceb1d88b 0.015s
2026-03-17 11:04:57,123 125212 DEBUG    [tempest.lib.common.rest_client] Request - Headers: {'Content-Type': 'application/json', 'Accept': 'application/json', 'Openstack-Api-Version': 'volume 3.19', 'X-Auth-Token': '<omitted>'}
        Body: None
    Response - Headers: {'date': 'Tue, 17 Mar 2026 11:04:57 GMT', 'server': 'Apache/2.4.58 (Ubuntu)', 'openstack-api-version': 'volume 3.19', 'vary': 'OpenStack-API-Version', 'content-length': '108', 'content-type': 'application/json', 'x-compute-request-id': 'req-ea0dd063-7b53-4160-9704-0c57c4a44811', 'x-openstack-request-id': 'req-ea0dd063-7b53-4160-9704-0c57c4a44811', 'connection': 'close', 'status': '404', 'content-location': 'http://10.201.9.223/volume/v3/groups/38ab570b-8a0c-46a2-891f-63ebceb1d88b'}
        Body: b'{"itemNotFound": {"code": 404, "message": "Group 38ab570b-8a0c-46a2-891f-63ebceb1d88b could not be found."}}'
2026-03-17 11:04:57,142 125212 INFO     [tempest.lib.common.rest_client] Request (GroupSnapshotsV319Test:_run_cleanups): 202 DELETE http://10.201.9.223/volume/v3/group_types/f011e10c-2cb2-49fc-ac27-c4709da80e0e 0.018s
2026-03-17 11:04:57,142 125212 DEBUG    [tempest.lib.common.rest_client] Request - Headers: {'Content-Type': 'application/json', 'Accept': 'application/json', 'Openstack-Api-Version': 'volume 3.19', 'X-Auth-Token': '<omitted>'}
        Body: None
    Response - Headers: {'date': 'Tue, 17 Mar 2026 11:04:57 GMT', 'server': 'Apache/2.4.58 (Ubuntu)', 'content-length': '0', 'content-type': 'text/html; charset=UTF-8', 'openstack-api-version': 'volume 3.19', 'vary': 'OpenStack-API-Version', 'x-openstack-request-id': 'req-081b3208-7d71-4575-9ab6-e5fe72c22cc9', 'connection': 'close', 'status': '202', 'content-location': 'http://10.201.9.223/volume/v3/group_types/f011e10c-2cb2-49fc-ac27-c4709da80e0e'}
        Body: b''
2026-03-17 11:04:57,172 125212 INFO     [tempest.lib.common.rest_client] Request (GroupSnapshotsV319Test:_run_cleanups): 202 DELETE http://10.201.9.223/volume/v3/types/bcd3cf9e-bf62-474a-ba33-e51849005a31 0.029s
2026-03-17 11:04:57,173 125212 DEBUG    [tempest.lib.common.rest_client] Request - Headers: {'Content-Type': 'application/json', 'Accept': 'application/json', 'X-Auth-Token': '<omitted>'}
        Body: None
    Response - Headers: {'date': 'Tue, 17 Mar 2026 11:04:57 GMT', 'server': 'Apache/2.4.58 (Ubuntu)', 'content-length': '0', 'content-type': 'text/html; charset=UTF-8', 'openstack-api-version': 'volume 3.0', 'vary': 'OpenStack-API-Version', 'x-openstack-request-id': 'req-519114ad-258d-4d54-9e5e-c1f2d800bb70', 'connection': 'close', 'status': '202', 'content-location': 'http://10.201.9.223/volume/v3/types/bcd3cf9e-bf62-474a-ba33-e51849005a31'}
        Body: b''
2026-03-17 11:04:57,186 125212 INFO     [tempest.lib.common.rest_client] Request (GroupSnapshotsV319Test:_run_cleanups): 404 GET http://10.201.9.223/volume/v3/types/bcd3cf9e-bf62-474a-ba33-e51849005a31 0.012s
2026-03-17 11:04:57,186 125212 DEBUG    [tempest.lib.common.rest_client] Request - Headers: {'Content-Type': 'application/json', 'Accept': 'application/json', 'X-Auth-Token': '<omitted>'}
        Body: None
    Response - Headers: {'date': 'Tue, 17 Mar 2026 11:04:57 GMT', 'server': 'Apache/2.4.58 (Ubuntu)', 'openstack-api-version': 'volume 3.0', 'vary': 'OpenStack-API-Version', 'content-length': '114', 'content-type': 'application/json', 'x-compute-request-id': 'req-1a98c467-92db-41bd-bde6-99c30e21fc76', 'x-openstack-request-id': 'req-1a98c467-92db-41bd-bde6-99c30e21fc76', 'connection': 'close', 'status': '404', 'content-location': 'http://10.201.9.223/volume/v3/types/bcd3cf9e-bf62-474a-ba33-e51849005a31'}
        Body: b'{"itemNotFound": {"code": 404, "message": "Volume type bcd3cf9e-bf62-474a-ba33-e51849005a31 coul
    d not be found."}}'

{0} tempest.api.volume.******.test_group_type_specs.GroupTypeSpecsTest.test_group_type_specs_create_show_update_list_delete [0.297213s] ... ok
{0} tempest.api.volume.******.test_group_types.GroupTypesTest.test_group_type_create_list_update_show_delete [0.174490s] ... ok
{0} tempest.api.volume.******.test_group_types.GroupTypesTest.test_group_type_list_by_optional_params [0.158498s] ... ok
{0} tempest.api.volume.******.test_groups.GroupsTest.test_group_create_show_list_delete [1.410197s] ... FAILED

Captured traceback:
~~~~~~~~~~~~~~~~~~~
    Traceback (most recent call last):

      File "/opt/stack/tempest/tempest/api/volume/******/test_groups.py", line 43, in test_group_create_show_list_delete
    grp1 = self.create_group(group_type=group_type['id'],
           ^^^^^^^^^^^^^^^^^^^^^^^^^^^^^^^^^^^^^^^^^^^^^^

      File "/opt/stack/tempest/tempest/api/volume/base.py", line 293, in create_group
    waiters.wait_for_volume_resource_status(

      File "/opt/stack/tempest/tempest/common/waiters.py", line 379, in wait_for_volume_resource_status
    raise exceptions.VolumeResourceBuildErrorException(

    tempest.exceptions.VolumeResourceBuildErrorException: group c5ad301f-9dc1-4543-a335-fb06faa0aa21 failed to build and is in ERROR status


Captured pythonlogging:
~~~~~~~~~~~~~~~~~~~~~~~
    2026-03-17 11:05:03,352 125212 INFO     [tempest.lib.common.rest_client] Request (GroupsTest:test_group_create_show_list_delete): 200 POST http://10.201.9.223/volume/v3/types 0.068s
2026-03-17 11:05:03,352 125212 DEBUG    [tempest.lib.common.rest_client] Request - Headers: {'Content-Type': 'application/json', 'Accept': 'application/json', 'X-Auth-Token': '<omitted>'}
        Body: {"volume_type": {"name": "tempest-GroupsTest-volume-type-1732938509"}}
    Response - Headers: {'date': 'Tue, 17 Mar 2026 11:05:03 GMT', 'server': 'Apache/2.4.58 (Ubuntu)', 'content-type': 'application/json', 'x-compute-request-id': 'req-039d7f70-7a8f-416f-9fae-5f2c5eed6064', 'content-length': '216', 'openstack-api-version': 'volume 3.0', 'vary': 'OpenStack-API-Version', 'x-openstack-request-id': 'req-039d7f70-7a8f-416f-9fae-5f2c5eed6064', 'connection': 'close', 'status': '200', 'content-location': 'http://10.201.9.223/volume/v3/types'}
        Body: b'{"volume_type": {"id": "2e6a9d41-159d-4617-b711-ff5c48790ea8", "name": "tempest-GroupsTest-volume-type-1732938509", "is_public": true, "extra_specs": {}, "description": null, "os-volume-type-access:is_public": true}}'
2026-03-17 11:05:03,379 125212 INFO     [tempest.lib.common.rest_client] Request (GroupsTest:test_group_create_show_list_delete): 202 POST http://10.201.9.223/volume/v3/group_types 0.024s
2026-03-17 11:05:03,380 125212 DEBUG    [tempest.lib.common.rest_client] Request - Headers: {'Content-Type': 'application/json', 'Accept': 'application/json', 'Openstack-Api-Version': 'volume 3.13', 'X-Auth-Token': '<omitted>'}
        Body: {"group_type": {"name": "tempest-GroupsTest-group-type-54181224"}}
    Response - Headers: {'date': 'Tue, 17 Mar 2026 11:05:03 GMT', 'server': 'Apache/2.4.58 (Ubuntu)', 'content-type': 'application/json', 'x-compute-request-id': 'req-f17c33e0-cbe4-4c88-a128-b89a7bd1df9f', 'content-length': '171', 'openstack-api-version': 'volume 3.13', 'vary': 'OpenStack-API-Version', 'x-openstack-request-id': 'req-f17c33e0-cbe4-4c88-a128-b89a7bd1df9f', 'connection': 'close', 'status': '202', 'content-location': 'http://10.201.9.223/volume/v3/group_types'}
        Body: b'{"group_type": {"id": "2a7bf914-d613-4c0f-ab28-a7de4b5e9f83", "name": "tempest-GroupsTest-group-type-54181224", "description": null, "is_public": true, "group_specs": {}}}'
2026-03-17 11:05:03,506 125212 INFO     [tempest.lib.common.rest_client] Request (GroupsTest:test_group_create_show_list_delete): 202 POST http://10.201.9.223/volume/v3/groups 0.124s
2026-03-17 11:05:03,506 125212 DEBUG    [tempest.lib.common.rest_client] Request - Headers: {'Content-Type': 'application/json', 'Accept': 'application/json', 'Openstack-Api-Version': 'volume 3.13', 'X-Auth-Token': '<omitted>'}
        Body: {"group": {"group_type": "2a7bf914-d613-4c0f-ab28-a7de4b5e9f83", "volume_types": ["2e6a9d41-159d-4617-b711-ff5c48790ea8"], "name": "tempest-Group1-1864935000"}}
    Response - Headers: {'date': 'Tue, 17 Mar 2026 11:05:03 GMT', 'server': 'Apache/2.4.58 (Ubuntu)', 'content-type': 'application/json', 'x-compute-request-id': 'req-a83756bd-7ef5-4ed4-8121-40b43117bab3', 'content-length': '94', 'openstack-api-version': 'volume 3.13', 'vary': 'OpenStack-API-Version', 'x-openstack-request-id': 'req-a83756bd-7ef5-4ed4-8121-40b43117bab3', 'connection': 'close', 'status': '202', 'content-location': 'http://10.201.9.223/volume/v3/groups'}
        Body: b'{"group": {"id": "c5ad301f-9dc1-4543-a335-fb06faa0aa21", "name": "tempest-Group1-1864935000"}}'
2026-03-17 11:05:03,529 125212 INFO     [tempest.lib.common.rest_client] Request (GroupsTest:test_group_create_show_list_delete): 200 GET http://10.201.9.223/volume/v3/groups/c5ad301f-9dc1-4543-a335-fb06faa0aa21 0.020s
2026-03-17 11:05:03,529 125212 DEBUG    [tempest.lib.common.rest_client] Request - Headers: {'Content-Type': 'application/json', 'Accept': 'application/json', 'Openstack-Api-Version': 'volume 3.13', 'X-Auth-Token': '<omitted>'}
        Body: None
    Response - Headers: {'date': 'Tue, 17 Mar 2026 11:05:03 GMT', 'server': 'Apache/2.4.58 (Ubuntu)', 'content-type': 'application/js
    on', 'x-compute-request-id': 'req-10bd9d51-49d8-482a-97f2-1c5fdafe54a5', 'content-length': '322', 'openstack-api-version': 'volume 3.13', 'vary': 'OpenStack-API-Version', 'x-openstack-request-id': 'req-10bd9d51-49d8-482a-97f2-1c5fdafe54a5', 'connection': 'close', 'status': '200', 'content-location': 'http://10.201.9.223/volume/v3/groups/c5ad301f-9dc1-4543-a335-fb06faa0aa21'}
        Body: b'{"group": {"id": "c5ad301f-9dc1-4543-a335-fb06faa0aa21", "status": "creating", "availability_zone": "nova", "created_at": "2026-03-17T11:05:03.000000", "name": "tempest-Group1-1864935000", "description": null, "group_type": "2a7bf914-d613-4c0f-ab28-a7de4b5e9f83", "volume_types": ["2e6a9d41-159d-4617-b711-ff5c48790ea8"]}}'
2026-03-17 11:05:04,561 125212 INFO     [tempest.lib.common.rest_client] Request (GroupsTest:test_group_create_show_list_delete): 200 GET http://10.201.9.223/volume/v3/groups/c5ad301f-9dc1-4543-a335-fb06faa0aa21 0.030s
2026-03-17 11:05:04,562 125212 DEBUG    [tempest.lib.common.rest_client] Request - Headers: {'Content-Type': 'application/json', 'Accept': 'application/json', 'Openstack-Api-Version': 'volume 3.13', 'X-Auth-Token': '<omitted>'}
        Body: None
    Response - Headers: {'date': 'Tue, 17 Mar 2026 11:05:04 GMT', 'server': 'Apache/2.4.58 (Ubuntu)', 'content-type': 'application/json', 'x-compute-request-id': 'req-14411874-6777-4576-adaa-8fba749674de', 'content-length': '319', 'openstack-api-version': 'volume 3.13', 'vary': 'OpenStack-API-Version', 'x-openstack-request-id': 'req-14411874-6777-4576-adaa-8fba749674de', 'connection': 'close', 'status': '200', 'content-location': 'http://10.201.9.223/volume/v3/groups/c5ad301f-9dc1-4543-a335-fb06faa0aa21'}
        Body: b'{"group": {"id": "c5ad301f-9dc1-4543-a335-fb06faa0aa21", "status": "error", "availability_zone": "nova", "created_at": "2026-03-17T11:05:03.000000", "name": "tempest-Group1-1864935000", "description": null, "group_type": "2a7bf914-d613-4c0f-ab28-a7de4b5e9f83", "volume_types": ["2e6a9d41-159d-4617-b711-ff5c48790ea8"]}}'
2026-03-17 11:05:04,584 125212 INFO     [tempest.lib.common.rest_client] Request (GroupsTest:_run_cleanups): 200 GET http://10.201.9.223/volume/v3/volumes/detail 0.016s
2026-03-17 11:05:04,584 125212 DEBUG    [tempest.lib.common.rest_client] Request - Headers: {'Content-Type': 'application/json', 'Accept': 'application/json', 'Openstack-Api-Version': 'volume 3.13', 'X-Auth-Token': '<omitted>'}
        Body: None
    Response - Headers: {'date': 'Tue, 17 Mar 2026 11:05:04 GMT', 'server': 'Apache/2.4.58 (Ubuntu)', 'content-type': 'application/json', 'x-compute-request-id': 'req-8e4228dd-d5d9-4fff-a6bd-dfa8d23017a0', 'content-length': '15', 'openstack-api-version': 'volume 3.13', 'vary': 'OpenStack-API-Version', 'x-openstack-request-id': 'req-8e4228dd-d5d9-4fff-a6bd-dfa8d23017a0', 'connection': 'close', 'status': '200', 'content-location': 'http://10.201.9.223/volume/v3/volumes/detail'}
        Body: b'{"volumes": []}'
2026-03-17 11:05:04,629 125212 INFO     [tempest.lib.common.rest_client] Request (GroupsTest:_run_cleanups): 202 POST http://10.201.9.223/volume/v3/groups/c5ad301f-9dc1-4543-a335-fb06faa0aa21/action 0.040s
2026-03-17 11:05:04,629 125212 DEBUG    [tempest.lib.common.rest_client] Request - Headers: {'Content-Type': 'application/json', 'Accept': 'application/json', 'Openstack-Api-Version': 'volume 3.13', 'X-Auth-Token': '<omitted>'}
        Body: {"delete": {"delete-volumes": true}}
    Response - Headers: {'date': 'Tue, 17 Mar 2026 11:05:04 GMT', 'server': 'Apache/2.4.58 (Ubuntu)', 'content-length': '0', 'content-type': 'text/html; charset=UTF-8', 'openstack-api-version': 'volume 3.13', 'vary': 'OpenStack-API-Version', 'x-openstack-request-id': 'req-5814e125-26c6-4ff8-96c4-5a460c5f2817', 'connection': 'close', 'status': '202', 'content-location': 'http://10.201.9.223/volume/v3/groups/c5ad301f-9dc1-4543-a335-fb06faa0aa21/action'}
        Body: b''
2026-03-17 11:05:04,640 125212 INFO     [tempest.lib.common.rest_client] Request (GroupsTest:_run_cleanups): 404 GET http://10.201.9.223/volume/v3/groups/c5ad301f-9dc1-4543-a3
    35-fb06faa0aa21 0.010s
2026-03-17 11:05:04,640 125212 DEBUG    [tempest.lib.common.rest_client] Request - Headers: {'Content-Type': 'application/json', 'Accept': 'application/json', 'Openstack-Api-Version': 'volume 3.13', 'X-Auth-Token': '<omitted>'}
        Body: None
    Response - Headers: {'date': 'Tue, 17 Mar 2026 11:05:04 GMT', 'server': 'Apache/2.4.58 (Ubuntu)', 'openstack-api-version': 'volume 3.13', 'vary': 'OpenStack-API-Version', 'content-length': '108', 'content-type': 'application/json', 'x-compute-request-id': 'req-0161fb5e-fbf7-4ea4-8638-295791265537', 'x-openstack-request-id': 'req-0161fb5e-fbf7-4ea4-8638-295791265537', 'connection': 'close', 'status': '404', 'content-location': 'http://10.201.9.223/volume/v3/groups/c5ad301f-9dc1-4543-a335-fb06faa0aa21'}
        Body: b'{"itemNotFound": {"code": 404, "message": "Group c5ad301f-9dc1-4543-a335-fb06faa0aa21 could not be found."}}'
2026-03-17 11:05:04,656 125212 INFO     [tempest.lib.common.rest_client] Request (GroupsTest:_run_cleanups): 202 DELETE http://10.201.9.223/volume/v3/group_types/2a7bf914-d613-4c0f-ab28-a7de4b5e9f83 0.015s
2026-03-17 11:05:04,656 125212 DEBUG    [tempest.lib.common.rest_client] Request - Headers: {'Content-Type': 'application/json', 'Accept': 'application/json', 'Openstack-Api-Version': 'volume 3.13', 'X-Auth-Token': '<omitted>'}
        Body: None
    Response - Headers: {'date': 'Tue, 17 Mar 2026 11:05:04 GMT', 'server': 'Apache/2.4.58 (Ubuntu)', 'content-length': '0', 'content-type': 'text/html; charset=UTF-8', 'openstack-api-version': 'volume 3.13', 'vary': 'OpenStack-API-Version', 'x-openstack-request-id': 'req-42e41197-096a-4739-8c5b-cf87ba44a56a', 'connection': 'close', 'status': '202', 'content-location': 'http://10.201.9.223/volume/v3/group_types/2a7bf914-d613-4c0f-ab28-a7de4b5e9f83'}
        Body: b''
2026-03-17 11:05:04,680 125212 INFO     [tempest.lib.common.rest_client] Request (GroupsTest:_run_cleanups): 202 DELETE http://10.201.9.223/volume/v3/types/2e6a9d41-159d-4617-b711-ff5c48790ea8 0.024s
2026-03-17 11:05:04,680 125212 DEBUG    [tempest.lib.common.rest_client] Request - Headers: {'Content-Type': 'application/json', 'Accept': 'application/json', 'X-Auth-Token': '<omitted>'}
        Body: None
    Response - Headers: {'date': 'Tue, 17 Mar 2026 11:05:04 GMT', 'server': 'Apache/2.4.58 (Ubuntu)', 'content-length': '0', 'content-type': 'text/html; charset=UTF-8', 'openstack-api-version': 'volume 3.0', 'vary': 'OpenStack-API-Version', 'x-openstack-request-id': 'req-3d8d9be2-4f61-404f-a67a-549e66245509', 'connection': 'close', 'status': '202', 'content-location': 'http://10.201.9.223/volume/v3/types/2e6a9d41-159d-4617-b711-ff5c48790ea8'}
        Body: b''
2026-03-17 11:05:04,693 125212 INFO     [tempest.lib.common.rest_client] Request (GroupsTest:_run_cleanups): 404 GET http://10.201.9.223/volume/v3/types/2e6a9d41-159d-4617-b711-ff5c48790ea8 0.012s
2026-03-17 11:05:04,693 125212 DEBUG    [tempest.lib.common.rest_client] Request - Headers: {'Content-Type': 'application/json', 'Accept': 'application/json', 'X-Auth-Token': '<omitted>'}
        Body: None
    Response - Headers: {'date': 'Tue, 17 Mar 2026 11:05:04 GMT', 'server': 'Apache/2.4.58 (Ubuntu)', 'openstack-api-version': 'volume 3.0', 'vary': 'OpenStack-API-Version', 'content-length': '114', 'content-type': 'application/json', 'x-compute-request-id': 'req-db27fcb7-8f24-40fd-8178-052cf78281f4', 'x-openstack-request-id': 'req-db27fcb7-8f24-40fd-8178-052cf78281f4', 'connection': 'close', 'status': '404', 'content-location': 'http://10.201.9.223/volume/v3/types/2e6a9d41-159d-4617-b711-ff5c48790ea8'}
        Body: b'{"itemNotFound": {"code": 404, "message": "Volume type 2e6a9d41-159d-4617-b711-ff5c48790ea8 could not be found."}}'

{0} tempest.api.volume.******.test_groups.GroupsTest.test_group_update [1.268184s] ... FAILED

Captured traceback:
~~~~~~~~~~~~~~~~~~~
    Traceback (most recent call last):

      File "/opt/stack/tempest/tempest/api/volume/******/test_groups.py", line 111, in test_group_update
    grp = self.create_group(group_type=group_type['id'],
          ^^^^^^^^^^^^^^^^^^^^^^^^^^^^^^^^^^^^^^^^^^^^^^

      File "/opt/stack/tempest/tempest/api/volume/base.py", line 293, in create_group
    waiters.wait_for_volume_resource_status(

      File "/opt/stack/tempest/tempest/common/waiters.py", line 379, in wait_for_volume_resource_status
    raise exceptions.VolumeResourceBuildErrorException(

    tempest.exceptions.VolumeResourceBuildErrorException: group aa1446e7-7644-4281-9332-30b670d1d74f failed to build and is in ERROR status


Captured pythonlogging:
~~~~~~~~~~~~~~~~~~~~~~~
    2026-03-17 11:05:04,710 125212 INFO     [tempest.lib.common.rest_client] Request (GroupsTest:test_group_update): 200 POST http://10.201.9.223/volume/v3/types 0.015s
2026-03-17 11:05:04,710 125212 DEBUG    [tempest.lib.common.rest_client] Request - Headers: {'Content-Type': 'application/json', 'Accept': 'application/json', 'X-Auth-Token': '<omitted>'}
        Body: {"volume_type": {"name": "tempest-GroupsTest-volume-type-1559442602"}}
    Response - Headers: {'date': 'Tue, 17 Mar 2026 11:05:04 GMT', 'server': 'Apache/2.4.58 (Ubuntu)', 'content-type': 'application/json', 'x-compute-request-id': 'req-667bc4c8-d8db-40c1-abb7-5b1145f62bff', 'content-length': '216', 'openstack-api-version': 'volume 3.0', 'vary': 'OpenStack-API-Version', 'x-openstack-request-id': 'req-667bc4c8-d8db-40c1-abb7-5b1145f62bff', 'connection': 'close', 'status': '200', 'content-location': 'http://10.201.9.223/volume/v3/types'}
        Body: b'{"volume_type": {"id": "5142c156-5517-42ab-9f02-160e29ce14ed", "name": "tempest-GroupsTest-volume-type-1559442602", "is_public": true, "extra_specs": {}, "description": null, "os-volume-type-access:is_public": true}}'
2026-03-17 11:05:04,726 125212 INFO     [tempest.lib.common.rest_client] Request (GroupsTest:test_group_update): 202 POST http://10.201.9.223/volume/v3/group_types 0.015s
2026-03-17 11:05:04,726 125212 DEBUG    [tempest.lib.common.rest_client] Request - Headers: {'Content-Type': 'application/json', 'Accept': 'application/json', 'Openstack-Api-Version': 'volume 3.13', 'X-Auth-Token': '<omitted>'}
        Body: {"group_type": {"name": "tempest-GroupsTest-group-type-1189124870"}}
    Response - Headers: {'date': 'Tue, 17 Mar 2026 11:05:04 GMT', 'server': 'Apache/2.4.58 (Ubuntu)', 'content-type': 'application/json', 'x-compute-request-id': 'req-1fa84057-5563-4912-9442-b4adffbb9c58', 'content-length': '173', 'openstack-api-version': 'volume 3.13', 'vary': 'OpenStack-API-Version', 'x-openstack-request-id': 'req-1fa84057-5563-4912-9442-b4adffbb9c58', 'connection': 'close', 'status': '202', 'content-location': 'http://10.201.9.223/volume/v3/group_types'}
        Body: b'{"group_type": {"id": "2c2f1ac5-c8b9-4f99-9914-d4c91e283f68", "name": "tempest-GroupsTest-group-type-1189124870", "description": null, "is_public": true, "group_specs": {}}}'
2026-03-17 11:05:04,770 125212 INFO     [tempest.lib.common.rest_client] Request (GroupsTest:test_group_update): 202 POST http://10.201.9.223/volume/v3/groups 0.042s
2026-03-17 11:05:04,770 125212 DEBUG    [tempest.lib.common.rest_client] Request - Headers: {'Content-Type': 'application/json', 'Accept': 'application/json', 'Openstack-Api-Version': 'volume 3.13', 'X-Auth-Token': '<omitted>'}
        Body: {"group": {"group_type": "2c2f1ac5-c8b9-4f99-9914-d4c91e283f68", "volume_types": ["5142c156-5517-42ab-9f02-160e29ce14ed"], "name": "tempest-GroupsTest-Group-1736433653"}}
    Response - Headers: {'date': 'Tue, 17 Mar 2026 11:05:04 GMT', 'server': 'Apache/2.4.58 (Ubuntu)', 'content-type': 'application/json', 'x-compute-request-id': 'req-bcd7fdc9-d96c-4521-961d-fc5c1393d166', 'content-length': '104', 'openstack-api-version': 'volume 3.13', 'vary': 'OpenStack-API-Version', 'x-openstack-request-id': 'req-bcd7fdc9-d96c-4521-961d-fc5c1393d166', 'connection': 'close', 'status': '202', 'content-location': 'http://10.201.9.223/volume/v3/groups'}
        Body: b'{"group": {"id": "aa1446e7-7644-4281-9332-30b670d1d74f", "name": "tempest-GroupsTest-Group-1736433653"}}'
2026-03-17 11:05:04,785 125212 INFO     [tempest.lib.common.rest_client] Request (GroupsTest:test_group_update): 200 GET http://10.201.9.223/volume/v3/groups/aa1446e7-7644-4281-9332-30b670d1d74f 0.014s
2026-03-17 11:05:04,785 125212 DEBUG    [tempest.lib.common.rest_client] Request - Headers: {'Content-Type': 'application/json', 'Accept': 'application/json', 'Openstack-Api-Version': 'volume 3.13', 'X-Auth-Token': '<omitted>'}
        Body: None
    Response - Headers: {'date': 'Tue, 17 Mar 2026 11:05:04 GMT', 'server': 'Apache/2.4.58 (Ubuntu)', 'content-type': 'application/json', 'x-compute-request-id': 'req-2ca246ab-
    d61f-40c8-ad3a-30e5be4fb9de', 'content-length': '332', 'openstack-api-version': 'volume 3.13', 'vary': 'OpenStack-API-Version', 'x-openstack-request-id': 'req-2ca246ab-d61f-40c8-ad3a-30e5be4fb9de', 'connection': 'close', 'status': '200', 'content-location': 'http://10.201.9.223/volume/v3/groups/aa1446e7-7644-4281-9332-30b670d1d74f'}
        Body: b'{"group": {"id": "aa1446e7-7644-4281-9332-30b670d1d74f", "status": "creating", "availability_zone": "nova", "created_at": "2026-03-17T11:05:05.000000", "name": "tempest-GroupsTest-Group-1736433653", "description": null, "group_type": "2c2f1ac5-c8b9-4f99-9914-d4c91e283f68", "volume_types": ["5142c156-5517-42ab-9f02-160e29ce14ed"]}}'
2026-03-17 11:05:05,816 125212 INFO     [tempest.lib.common.rest_client] Request (GroupsTest:test_group_update): 200 GET http://10.201.9.223/volume/v3/groups/aa1446e7-7644-4281-9332-30b670d1d74f 0.029s
2026-03-17 11:05:05,817 125212 DEBUG    [tempest.lib.common.rest_client] Request - Headers: {'Content-Type': 'application/json', 'Accept': 'application/json', 'Openstack-Api-Version': 'volume 3.13', 'X-Auth-Token': '<omitted>'}
        Body: None
    Response - Headers: {'date': 'Tue, 17 Mar 2026 11:05:05 GMT', 'server': 'Apache/2.4.58 (Ubuntu)', 'content-type': 'application/json', 'x-compute-request-id': 'req-44d90513-bd28-4aeb-8b0d-ddd2e4a29d89', 'content-length': '329', 'openstack-api-version': 'volume 3.13', 'vary': 'OpenStack-API-Version', 'x-openstack-request-id': 'req-44d90513-bd28-4aeb-8b0d-ddd2e4a29d89', 'connection': 'close', 'status': '200', 'content-location': 'http://10.201.9.223/volume/v3/groups/aa1446e7-7644-4281-9332-30b670d1d74f'}
        Body: b'{"group": {"id": "aa1446e7-7644-4281-9332-30b670d1d74f", "status": "error", "availability_zone": "nova", "created_at": "2026-03-17T11:05:05.000000", "name": "tempest-GroupsTest-Group-1736433653", "description": null, "group_type": "2c2f1ac5-c8b9-4f99-9914-d4c91e283f68", "volume_types": ["5142c156-5517-42ab-9f02-160e29ce14ed"]}}'
2026-03-17 11:05:05,841 125212 INFO     [tempest.lib.common.rest_client] Request (GroupsTest:_run_cleanups): 200 GET http://10.201.9.223/volume/v3/volumes/detail 0.022s
2026-03-17 11:05:05,842 125212 DEBUG    [tempest.lib.common.rest_client] Request - Headers: {'Content-Type': 'application/json', 'Accept': 'application/json', 'Openstack-Api-Version': 'volume 3.13', 'X-Auth-Token': '<omitted>'}
        Body: None
    Response - Headers: {'date': 'Tue, 17 Mar 2026 11:05:05 GMT', 'server': 'Apache/2.4.58 (Ubuntu)', 'content-type': 'application/json', 'x-compute-request-id': 'req-6de62e14-6b34-420a-91e8-259bacf4eb4e', 'content-length': '15', 'openstack-api-version': 'volume 3.13', 'vary': 'OpenStack-API-Version', 'x-openstack-request-id': 'req-6de62e14-6b34-420a-91e8-259bacf4eb4e', 'connection': 'close', 'status': '200', 'content-location': 'http://10.201.9.223/volume/v3/volumes/detail'}
        Body: b'{"volumes": []}'
2026-03-17 11:05:05,897 125212 INFO     [tempest.lib.common.rest_client] Request (GroupsTest:_run_cleanups): 202 POST http://10.201.9.223/volume/v3/groups/aa1446e7-7644-4281-9332-30b670d1d74f/action 0.044s
2026-03-17 11:05:05,897 125212 DEBUG    [tempest.lib.common.rest_client] Request - Headers: {'Content-Type': 'application/json', 'Accept': 'application/json', 'Openstack-Api-Version': 'volume 3.13', 'X-Auth-Token': '<omitted>'}
        Body: {"delete": {"delete-volumes": true}}
    Response - Headers: {'date': 'Tue, 17 Mar 2026 11:05:05 GMT', 'server': 'Apache/2.4.58 (Ubuntu)', 'content-length': '0', 'content-type': 'text/html; charset=UTF-8', 'openstack-api-version': 'volume 3.13', 'vary': 'OpenStack-API-Version', 'x-openstack-request-id': 'req-6a9dc119-e5b8-49c3-9fad-0f510fa41c06', 'connection': 'close', 'status': '202', 'content-location': 'http://10.201.9.223/volume/v3/groups/aa1446e7-7644-4281-9332-30b670d1d74f/action'}
        Body: b''
2026-03-17 11:05:05,908 125212 INFO     [tempest.lib.common.rest_client] Request (GroupsTest:_run_cleanups): 404 GET http://10.201.9.223/volume/v3/groups/aa1446e7-7644-4281-9332-30b670d1d74f 0.011s
2026-03-17 11:05:
    05,909 125212 DEBUG    [tempest.lib.common.rest_client] Request - Headers: {'Content-Type': 'application/json', 'Accept': 'application/json', 'Openstack-Api-Version': 'volume 3.13', 'X-Auth-Token': '<omitted>'}
        Body: None
    Response - Headers: {'date': 'Tue, 17 Mar 2026 11:05:05 GMT', 'server': 'Apache/2.4.58 (Ubuntu)', 'openstack-api-version': 'volume 3.13', 'vary': 'OpenStack-API-Version', 'content-length': '108', 'content-type': 'application/json', 'x-compute-request-id': 'req-906195ab-5459-4e30-8785-80c0ce87a393', 'x-openstack-request-id': 'req-906195ab-5459-4e30-8785-80c0ce87a393', 'connection': 'close', 'status': '404', 'content-location': 'http://10.201.9.223/volume/v3/groups/aa1446e7-7644-4281-9332-30b670d1d74f'}
        Body: b'{"itemNotFound": {"code": 404, "message": "Group aa1446e7-7644-4281-9332-30b670d1d74f could not be found."}}'
2026-03-17 11:05:05,926 125212 INFO     [tempest.lib.common.rest_client] Request (GroupsTest:_run_cleanups): 202 DELETE http://10.201.9.223/volume/v3/group_types/2c2f1ac5-c8b9-4f99-9914-d4c91e283f68 0.017s
2026-03-17 11:05:05,926 125212 DEBUG    [tempest.lib.common.rest_client] Request - Headers: {'Content-Type': 'application/json', 'Accept': 'application/json', 'Openstack-Api-Version': 'volume 3.13', 'X-Auth-Token': '<omitted>'}
        Body: None
    Response - Headers: {'date': 'Tue, 17 Mar 2026 11:05:05 GMT', 'server': 'Apache/2.4.58 (Ubuntu)', 'content-length': '0', 'content-type': 'text/html; charset=UTF-8', 'openstack-api-version': 'volume 3.13', 'vary': 'OpenStack-API-Version', 'x-openstack-request-id': 'req-175c99c3-12ce-4cdb-ba73-6f7895ee6bf9', 'connection': 'close', 'status': '202', 'content-location': 'http://10.201.9.223/volume/v3/group_types/2c2f1ac5-c8b9-4f99-9914-d4c91e283f68'}
        Body: b''
2026-03-17 11:05:05,954 125212 INFO     [tempest.lib.common.rest_client] Request (GroupsTest:_run_cleanups): 202 DELETE http://10.201.9.223/volume/v3/types/5142c156-5517-42ab-9f02-160e29ce14ed 0.028s
2026-03-17 11:05:05,954 125212 DEBUG    [tempest.lib.common.rest_client] Request - Headers: {'Content-Type': 'application/json', 'Accept': 'application/json', 'X-Auth-Token': '<omitted>'}
        Body: None
    Response - Headers: {'date': 'Tue, 17 Mar 2026 11:05:05 GMT', 'server': 'Apache/2.4.58 (Ubuntu)', 'content-length': '0', 'content-type': 'text/html; charset=UTF-8', 'openstack-api-version': 'volume 3.0', 'vary': 'OpenStack-API-Version', 'x-openstack-request-id': 'req-bdaef41e-2996-45ec-a564-403052142c57', 'connection': 'close', 'status': '202', 'content-location': 'http://10.201.9.223/volume/v3/types/5142c156-5517-42ab-9f02-160e29ce14ed'}
        Body: b''
2026-03-17 11:05:05,962 125212 INFO     [tempest.lib.common.rest_client] Request (GroupsTest:_run_cleanups): 404 GET http://10.201.9.223/volume/v3/types/5142c156-5517-42ab-9f02-160e29ce14ed 0.007s
2026-03-17 11:05:05,962 125212 DEBUG    [tempest.lib.common.rest_client] Request - Headers: {'Content-Type': 'application/json', 'Accept': 'application/json', 'X-Auth-Token': '<omitted>'}
        Body: None
    Response - Headers: {'date': 'Tue, 17 Mar 2026 11:05:05 GMT', 'server': 'Apache/2.4.58 (Ubuntu)', 'openstack-api-version': 'volume 3.0', 'vary': 'OpenStack-API-Version', 'content-length': '114', 'content-type': 'application/json', 'x-compute-request-id': 'req-24e91fc0-9add-46df-b0df-6514fcc8c52e', 'x-openstack-request-id': 'req-24e91fc0-9add-46df-b0df-6514fcc8c52e', 'connection': 'close', 'status': '404', 'content-location': 'http://10.201.9.223/volume/v3/types/5142c156-5517-42ab-9f02-160e29ce14ed'}
        Body: b'{"itemNotFound": {"code": 404, "message": "Volume type 5142c156-5517-42ab-9f02-160e29ce14ed could not be found."}}'

{0} tempest.api.volume.******.test_groups.GroupsV314Test.test_create_group_from_group [1.527049s] ... FAILED

Captured traceback:
~~~~~~~~~~~~~~~~~~~
    Traceback (most recent call last):

      File "/opt/stack/tempest/tempest/api/volume/******/test_groups.py", line 182, in test_create_group_from_group
    grp = self.create_group(group_type=group_type['id'],
          ^^^^^^^^^^^^^^^^^^^^^^^^^^^^^^^^^^^^^^^^^^^^^^

      File "/opt/stack/tempest/tempest/api/volume/base.py", line 293, in create_group
    waiters.wait_for_volume_resource_status(

      File "/opt/stack/tempest/tempest/common/waiters.py", line 379, in wait_for_volume_resource_status
    raise exceptions.VolumeResourceBuildErrorException(

    tempest.exceptions.VolumeResourceBuildErrorException: group 7fa0a885-1373-41ea-9a59-4ac4d55e993a failed to build and is in ERROR status


Captured pythonlogging:
~~~~~~~~~~~~~~~~~~~~~~~
    2026-03-17 11:05:07,810 125212 INFO     [tempest.lib.common.rest_client] Request (GroupsV314Test:test_create_group_from_group): 200 POST http://10.201.9.223/volume/v3/types 0.073s
2026-03-17 11:05:07,811 125212 DEBUG    [tempest.lib.common.rest_client] Request - Headers: {'Content-Type': 'application/json', 'Accept': 'application/json', 'X-Auth-Token': '<omitted>'}
        Body: {"volume_type": {"name": "tempest-GroupsV314Test-volume-type-1517945771"}}
    Response - Headers: {'date': 'Tue, 17 Mar 2026 11:05:07 GMT', 'server': 'Apache/2.4.58 (Ubuntu)', 'content-type': 'application/json', 'x-compute-request-id': 'req-f78c1f40-d127-4ff1-abc2-e573b17ea558', 'content-length': '220', 'openstack-api-version': 'volume 3.0', 'vary': 'OpenStack-API-Version', 'x-openstack-request-id': 'req-f78c1f40-d127-4ff1-abc2-e573b17ea558', 'connection': 'close', 'status': '200', 'content-location': 'http://10.201.9.223/volume/v3/types'}
        Body: b'{"volume_type": {"id": "14dd4779-8539-4f8b-b471-ea0a57f10e1b", "name": "tempest-GroupsV314Test-volume-type-1517945771", "is_public": true, "extra_specs": {}, "description": null, "os-volume-type-access:is_public": true}}'
2026-03-17 11:05:07,843 125212 INFO     [tempest.lib.common.rest_client] Request (GroupsV314Test:test_create_group_from_group): 202 POST http://10.201.9.223/volume/v3/group_types 0.031s
2026-03-17 11:05:07,844 125212 DEBUG    [tempest.lib.common.rest_client] Request - Headers: {'Content-Type': 'application/json', 'Accept': 'application/json', 'Openstack-Api-Version': 'volume 3.14', 'X-Auth-Token': '<omitted>'}
        Body: {"group_type": {"name": "tempest-GroupsV314Test-group-type-9952379"}}
    Response - Headers: {'date': 'Tue, 17 Mar 2026 11:05:07 GMT', 'server': 'Apache/2.4.58 (Ubuntu)', 'content-type': 'application/json', 'x-compute-request-id': 'req-10750518-47b2-411a-ab8d-7b583bb96363', 'content-length': '174', 'openstack-api-version': 'volume 3.14', 'vary': 'OpenStack-API-Version', 'x-openstack-request-id': 'req-10750518-47b2-411a-ab8d-7b583bb96363', 'connection': 'close', 'status': '202', 'content-location': 'http://10.201.9.223/volume/v3/group_types'}
        Body: b'{"group_type": {"id": "568805f7-e934-43d4-872b-40d5b55fca2c", "name": "tempest-GroupsV314Test-group-type-9952379", "description": null, "is_public": true, "group_specs": {}}}'
2026-03-17 11:05:08,073 125212 INFO     [tempest.lib.common.rest_client] Request (GroupsV314Test:test_create_group_from_group): 202 POST http://10.201.9.223/volume/v3/groups 0.226s
2026-03-17 11:05:08,073 125212 DEBUG    [tempest.lib.common.rest_client] Request - Headers: {'Content-Type': 'application/json', 'Accept': 'application/json', 'Openstack-Api-Version': 'volume 3.14', 'X-Auth-Token': '<omitted>'}
        Body: {"group": {"group_type": "568805f7-e934-43d4-872b-40d5b55fca2c", "volume_types": ["14dd4779-8539-4f8b-b471-ea0a57f10e1b"], "name": "tempest-GroupsV314Test-Group-369803806"}}
    Response - Headers: {'date': 'Tue, 17 Mar 2026 11:05:07 GMT', 'server': 'Apache/2.4.58 (Ubuntu)', 'content-type': 'application/json', 'x-compute-request-id': 'req-dc168e3f-71e1-4939-8fa1-76370d6c28bf', 'content-length': '107', 'openstack-api-version': 'volume 3.14', 'vary': 'OpenStack-API-Version', 'x-openstack-request-id': 'req-dc168e3f-71e1-4939-8fa1-76370d6c28bf', 'connection': 'close', 'status': '202', 'content-location': 'http://10.201.9.223/volume/v3/groups'}
        Body: b'{"group": {"id": "7fa0a885-1373-41ea-9a59-4ac4d55e993a", "name": "tempest-GroupsV314Test-Group-369803806"}}'
2026-03-17 11:05:08,093 125212 INFO     [tempest.lib.common.rest_client] Request (GroupsV314Test:test_create_group_from_group): 200 GET http://10.201.9.223/volume/v3/groups/7fa0a885-1373-41ea-9a59-4ac4d55e993a 0.019s
2026-03-17 11:05:08,093 125212 DEBUG    [tempest.lib.common.rest_client] Request - Headers: {'Content-Type': 'application/json', 'Accept': 'application/json', 'Openstack-Api-Version': 'volume 3.14', 'X-Auth-Token': '<omitted>'}
        Body: None
    Response - Headers: {'date': 'Tue, 17 Mar 2026 11:05:08 GMT', 'server': 'Apache/2.4.58 (Ubuntu)'
    , 'content-type': 'application/json', 'x-compute-request-id': 'req-5f9dce7e-1574-42b2-b505-77fc56d3c636', 'content-length': '387', 'openstack-api-version': 'volume 3.14', 'vary': 'OpenStack-API-Version', 'x-openstack-request-id': 'req-5f9dce7e-1574-42b2-b505-77fc56d3c636', 'connection': 'close', 'status': '200', 'content-location': 'http://10.201.9.223/volume/v3/groups/7fa0a885-1373-41ea-9a59-4ac4d55e993a'}
        Body: b'{"group": {"id": "7fa0a885-1373-41ea-9a59-4ac4d55e993a", "status": "creating", "availability_zone": "nova", "created_at": "2026-03-17T11:05:08.000000", "name": "tempest-GroupsV314Test-Group-369803806", "description": null, "group_type": "568805f7-e934-43d4-872b-40d5b55fca2c", "volume_types": ["14dd4779-8539-4f8b-b471-ea0a57f10e1b"], "group_snapshot_id": null, "source_group_id": null}}'
2026-03-17 11:05:09,128 125212 INFO     [tempest.lib.common.rest_client] Request (GroupsV314Test:test_create_group_from_group): 200 GET http://10.201.9.223/volume/v3/groups/7fa0a885-1373-41ea-9a59-4ac4d55e993a 0.032s
2026-03-17 11:05:09,129 125212 DEBUG    [tempest.lib.common.rest_client] Request - Headers: {'Content-Type': 'application/json', 'Accept': 'application/json', 'Openstack-Api-Version': 'volume 3.14', 'X-Auth-Token': '<omitted>'}
        Body: None
    Response - Headers: {'date': 'Tue, 17 Mar 2026 11:05:09 GMT', 'server': 'Apache/2.4.58 (Ubuntu)', 'content-type': 'application/json', 'x-compute-request-id': 'req-6e3cb505-14b3-4b6e-b659-8f7cdff8778f', 'content-length': '384', 'openstack-api-version': 'volume 3.14', 'vary': 'OpenStack-API-Version', 'x-openstack-request-id': 'req-6e3cb505-14b3-4b6e-b659-8f7cdff8778f', 'connection': 'close', 'status': '200', 'content-location': 'http://10.201.9.223/volume/v3/groups/7fa0a885-1373-41ea-9a59-4ac4d55e993a'}
        Body: b'{"group": {"id": "7fa0a885-1373-41ea-9a59-4ac4d55e993a", "status": "error", "availability_zone": "nova", "created_at": "2026-03-17T11:05:08.000000", "name": "tempest-GroupsV314Test-Group-369803806", "description": null, "group_type": "568805f7-e934-43d4-872b-40d5b55fca2c", "volume_types": ["14dd4779-8539-4f8b-b471-ea0a57f10e1b"], "group_snapshot_id": null, "source_group_id": null}}'
2026-03-17 11:05:09,148 125212 INFO     [tempest.lib.common.rest_client] Request (GroupsV314Test:_run_cleanups): 200 GET http://10.201.9.223/volume/v3/volumes/detail 0.017s
2026-03-17 11:05:09,149 125212 DEBUG    [tempest.lib.common.rest_client] Request - Headers: {'Content-Type': 'application/json', 'Accept': 'application/json', 'Openstack-Api-Version': 'volume 3.14', 'X-Auth-Token': '<omitted>'}
        Body: None
    Response - Headers: {'date': 'Tue, 17 Mar 2026 11:05:09 GMT', 'server': 'Apache/2.4.58 (Ubuntu)', 'content-type': 'application/json', 'x-compute-request-id': 'req-5549df84-12a4-498b-9176-da9d542489ee', 'content-length': '15', 'openstack-api-version': 'volume 3.14', 'vary': 'OpenStack-API-Version', 'x-openstack-request-id': 'req-5549df84-12a4-498b-9176-da9d542489ee', 'connection': 'close', 'status': '200', 'content-location': 'http://10.201.9.223/volume/v3/volumes/detail'}
        Body: b'{"volumes": []}'
2026-03-17 11:05:09,196 125212 INFO     [tempest.lib.common.rest_client] Request (GroupsV314Test:_run_cleanups): 202 POST http://10.201.9.223/volume/v3/groups/7fa0a885-1373-41ea-9a59-4ac4d55e993a/action 0.043s
2026-03-17 11:05:09,196 125212 DEBUG    [tempest.lib.common.rest_client] Request - Headers: {'Content-Type': 'application/json', 'Accept': 'application/json', 'Openstack-Api-Version': 'volume 3.14', 'X-Auth-Token': '<omitted>'}
        Body: {"delete": {"delete-volumes": true}}
    Response - Headers: {'date': 'Tue, 17 Mar 2026 11:05:09 GMT', 'server': 'Apache/2.4.58 (Ubuntu)', 'content-length': '0', 'content-type': 'text/html; charset=UTF-8', 'openstack-api-version': 'volume 3.14', 'vary': 'OpenStack-API-Version', 'x-openstack-request-id': 'req-51b8db54-ecda-4656-8fd2-3ac95d0b132e', 'connection': 'close', 'status': '202', 'content-location': 'http://10.201.9.223/volume/v3/groups/7fa0a885-1373-41ea-9a59-4ac4d55e993a/action'}
        Body: b''
2026-0
    3-17 11:05:09,205 125212 INFO     [tempest.lib.common.rest_client] Request (GroupsV314Test:_run_cleanups): 404 GET http://10.201.9.223/volume/v3/groups/7fa0a885-1373-41ea-9a59-4ac4d55e993a 0.009s
2026-03-17 11:05:09,205 125212 DEBUG    [tempest.lib.common.rest_client] Request - Headers: {'Content-Type': 'application/json', 'Accept': 'application/json', 'Openstack-Api-Version': 'volume 3.14', 'X-Auth-Token': '<omitted>'}
        Body: None
    Response - Headers: {'date': 'Tue, 17 Mar 2026 11:05:09 GMT', 'server': 'Apache/2.4.58 (Ubuntu)', 'openstack-api-version': 'volume 3.14', 'vary': 'OpenStack-API-Version', 'content-length': '108', 'content-type': 'application/json', 'x-compute-request-id': 'req-f5f69a8a-e948-4476-8392-ae92c4a9663d', 'x-openstack-request-id': 'req-f5f69a8a-e948-4476-8392-ae92c4a9663d', 'connection': 'close', 'status': '404', 'content-location': 'http://10.201.9.223/volume/v3/groups/7fa0a885-1373-41ea-9a59-4ac4d55e993a'}
        Body: b'{"itemNotFound": {"code": 404, "message": "Group 7fa0a885-1373-41ea-9a59-4ac4d55e993a could not be found."}}'
2026-03-17 11:05:09,224 125212 INFO     [tempest.lib.common.rest_client] Request (GroupsV314Test:_run_cleanups): 202 DELETE http://10.201.9.223/volume/v3/group_types/568805f7-e934-43d4-872b-40d5b55fca2c 0.018s
2026-03-17 11:05:09,224 125212 DEBUG    [tempest.lib.common.rest_client] Request - Headers: {'Content-Type': 'application/json', 'Accept': 'application/json', 'Openstack-Api-Version': 'volume 3.14', 'X-Auth-Token': '<omitted>'}
        Body: None
    Response - Headers: {'date': 'Tue, 17 Mar 2026 11:05:09 GMT', 'server': 'Apache/2.4.58 (Ubuntu)', 'content-length': '0', 'content-type': 'text/html; charset=UTF-8', 'openstack-api-version': 'volume 3.14', 'vary': 'OpenStack-API-Version', 'x-openstack-request-id': 'req-a8b52009-97fb-4368-930f-66c75ec8e806', 'connection': 'close', 'status': '202', 'content-location': 'http://10.201.9.223/volume/v3/group_types/568805f7-e934-43d4-872b-40d5b55fca2c'}
        Body: b''
2026-03-17 11:05:09,255 125212 INFO     [tempest.lib.common.rest_client] Request (GroupsV314Test:_run_cleanups): 202 DELETE http://10.201.9.223/volume/v3/types/14dd4779-8539-4f8b-b471-ea0a57f10e1b 0.030s
2026-03-17 11:05:09,255 125212 DEBUG    [tempest.lib.common.rest_client] Request - Headers: {'Content-Type': 'application/json', 'Accept': 'application/json', 'X-Auth-Token': '<omitted>'}
        Body: None
    Response - Headers: {'date': 'Tue, 17 Mar 2026 11:05:09 GMT', 'server': 'Apache/2.4.58 (Ubuntu)', 'content-length': '0', 'content-type': 'text/html; charset=UTF-8', 'openstack-api-version': 'volume 3.0', 'vary': 'OpenStack-API-Version', 'x-openstack-request-id': 'req-a745640f-f592-438d-91fd-fc600661d7e5', 'connection': 'close', 'status': '202', 'content-location': 'http://10.201.9.223/volume/v3/types/14dd4779-8539-4f8b-b471-ea0a57f10e1b'}
        Body: b''
2026-03-17 11:05:09,263 125212 INFO     [tempest.lib.common.rest_client] Request (GroupsV314Test:_run_cleanups): 404 GET http://10.201.9.223/volume/v3/types/14dd4779-8539-4f8b-b471-ea0a57f10e1b 0.007s
2026-03-17 11:05:09,263 125212 DEBUG    [tempest.lib.common.rest_client] Request - Headers: {'Content-Type': 'application/json', 'Accept': 'application/json', 'X-Auth-Token': '<omitted>'}
        Body: None
    Response - Headers: {'date': 'Tue, 17 Mar 2026 11:05:09 GMT', 'server': 'Apache/2.4.58 (Ubuntu)', 'openstack-api-version': 'volume 3.0', 'vary': 'OpenStack-API-Version', 'content-length': '114', 'content-type': 'application/json', 'x-compute-request-id': 'req-da4e3281-1b7d-4564-8641-61426c849648', 'x-openstack-request-id': 'req-da4e3281-1b7d-4564-8641-61426c849648', 'connection': 'close', 'status': '404', 'content-location': 'http://10.201.9.223/volume/v3/types/14dd4779-8539-4f8b-b471-ea0a57f10e1b'}
        Body: b'{"itemNotFound": {"code": 404, "message": "Volume type 14dd4779-8539-4f8b-b471-ea0a57f10e1b could not be found."}}'

{0} tempest.api.volume.******.test_groups.GroupsV320Test.test_reset_group_status [1.445922s] ... FAILED

Captured traceback:
~~~~~~~~~~~~~~~~~~~
    Traceback (most recent call last):

      File "/opt/stack/tempest/tempest/api/volume/******/test_groups.py", line 227, in test_reset_group_status
    group = self.create_group(group_type=group_type['id'],
            ^^^^^^^^^^^^^^^^^^^^^^^^^^^^^^^^^^^^^^^^^^^^^^

      File "/opt/stack/tempest/tempest/api/volume/base.py", line 293, in create_group
    waiters.wait_for_volume_resource_status(

      File "/opt/stack/tempest/tempest/common/waiters.py", line 379, in wait_for_volume_resource_status
    raise exceptions.VolumeResourceBuildErrorException(

    tempest.exceptions.VolumeResourceBuildErrorException: group b61b40cb-54fb-427e-ac57-d68303ea6e61 failed to build and is in ERROR status


Captured pythonlogging:
~~~~~~~~~~~~~~~~~~~~~~~
    2026-03-17 11:05:11,201 125212 INFO     [tempest.lib.common.rest_client] Request (GroupsV320Test:test_reset_group_status): 200 POST http://10.201.9.223/volume/v3/types 0.077s
2026-03-17 11:05:11,201 125212 DEBUG    [tempest.lib.common.rest_client] Request - Headers: {'Content-Type': 'application/json', 'Accept': 'application/json', 'X-Auth-Token': '<omitted>'}
        Body: {"volume_type": {"name": "tempest-GroupsV320Test-volume-type-1161845897"}}
    Response - Headers: {'date': 'Tue, 17 Mar 2026 11:05:11 GMT', 'server': 'Apache/2.4.58 (Ubuntu)', 'content-type': 'application/json', 'x-compute-request-id': 'req-16b97240-aadd-485b-9599-ce48710941e8', 'content-length': '220', 'openstack-api-version': 'volume 3.0', 'vary': 'OpenStack-API-Version', 'x-openstack-request-id': 'req-16b97240-aadd-485b-9599-ce48710941e8', 'connection': 'close', 'status': '200', 'content-location': 'http://10.201.9.223/volume/v3/types'}
        Body: b'{"volume_type": {"id": "d09a57d2-d3dd-4da2-a18c-873bd955fa79", "name": "tempest-GroupsV320Test-volume-type-1161845897", "is_public": true, "extra_specs": {}, "description": null, "os-volume-type-access:is_public": true}}'
2026-03-17 11:05:11,229 125212 INFO     [tempest.lib.common.rest_client] Request (GroupsV320Test:test_reset_group_status): 202 POST http://10.201.9.223/volume/v3/group_types 0.026s
2026-03-17 11:05:11,230 125212 DEBUG    [tempest.lib.common.rest_client] Request - Headers: {'Content-Type': 'application/json', 'Accept': 'application/json', 'Openstack-Api-Version': 'volume 3.20', 'X-Auth-Token': '<omitted>'}
        Body: {"group_type": {"name": "tempest-GroupsV320Test-group-type-2002347196"}}
    Response - Headers: {'date': 'Tue, 17 Mar 2026 11:05:11 GMT', 'server': 'Apache/2.4.58 (Ubuntu)', 'content-type': 'application/json', 'x-compute-request-id': 'req-3e57bb33-e56a-46ae-918f-2839005b0fc3', 'content-length': '177', 'openstack-api-version': 'volume 3.20', 'vary': 'OpenStack-API-Version', 'x-openstack-request-id': 'req-3e57bb33-e56a-46ae-918f-2839005b0fc3', 'connection': 'close', 'status': '202', 'content-location': 'http://10.201.9.223/volume/v3/group_types'}
        Body: b'{"group_type": {"id": "ee23ef86-b8ff-4b9b-934f-59340253727f", "name": "tempest-GroupsV320Test-group-type-2002347196", "description": null, "is_public": true, "group_specs": {}}}'
2026-03-17 11:05:11,339 125212 INFO     [tempest.lib.common.rest_client] Request (GroupsV320Test:test_reset_group_status): 202 POST http://10.201.9.223/volume/v3/groups 0.107s
2026-03-17 11:05:11,339 125212 DEBUG    [tempest.lib.common.rest_client] Request - Headers: {'Content-Type': 'application/json', 'Accept': 'application/json', 'Openstack-Api-Version': 'volume 3.20', 'X-Auth-Token': '<omitted>'}
        Body: {"group": {"group_type": "ee23ef86-b8ff-4b9b-934f-59340253727f", "volume_types": ["d09a57d2-d3dd-4da2-a18c-873bd955fa79"], "name": "tempest-GroupsV320Test-Group-720473551"}}
    Response - Headers: {'date': 'Tue, 17 Mar 2026 11:05:11 GMT', 'server': 'Apache/2.4.58 (Ubuntu)', 'content-type': 'application/json', 'x-compute-request-id': 'req-e0e7fae9-6d2f-4649-97ac-9f407d009ccf', 'content-length': '107', 'openstack-api-version': 'volume 3.20', 'vary': 'OpenStack-API-Version', 'x-openstack-request-id': 'req-e0e7fae9-6d2f-4649-97ac-9f407d009ccf', 'connection': 'close', 'status': '202', 'content-location': 'http://10.201.9.223/volume/v3/groups'}
        Body: b'{"group": {"id": "b61b40cb-54fb-427e-ac57-d68303ea6e61", "name": "tempest-GroupsV320Test-Group-720473551"}}'
2026-03-17 11:05:11,360 125212 INFO     [tempest.lib.common.rest_client] Request (GroupsV320Test:test_reset_group_status): 200 GET http://10.201.9.223/volume/v3/groups/b61b40cb-54fb-427e-ac57-d68303ea6e61 0.020s
2026-03-17 11:05:11,360 125212 DEBUG    [tempest.lib.common.rest_client] Request - Headers: {'Content-Type': 'application/json', 'Accept': 'application/json', 'Openstack-Api-Version': 'volume 3.20', 'X-Auth-Token': '<omitted>'}
        Body: None
    Response - Headers: {'date': 'Tue, 17 Mar 2026 11:05:11 GMT', 'server': 'Apache/2.4.58 (Ubuntu)', 'content-typ
    e': 'application/json', 'x-compute-request-id': 'req-57050d07-68cc-49a8-a0c4-4af155204f13', 'content-length': '387', 'openstack-api-version': 'volume 3.20', 'vary': 'OpenStack-API-Version', 'x-openstack-request-id': 'req-57050d07-68cc-49a8-a0c4-4af155204f13', 'connection': 'close', 'status': '200', 'content-location': 'http://10.201.9.223/volume/v3/groups/b61b40cb-54fb-427e-ac57-d68303ea6e61'}
        Body: b'{"group": {"id": "b61b40cb-54fb-427e-ac57-d68303ea6e61", "status": "creating", "availability_zone": "nova", "created_at": "2026-03-17T11:05:11.000000", "name": "tempest-GroupsV320Test-Group-720473551", "description": null, "group_type": "ee23ef86-b8ff-4b9b-934f-59340253727f", "volume_types": ["d09a57d2-d3dd-4da2-a18c-873bd955fa79"], "group_snapshot_id": null, "source_group_id": null}}'
2026-03-17 11:05:12,390 125212 INFO     [tempest.lib.common.rest_client] Request (GroupsV320Test:test_reset_group_status): 200 GET http://10.201.9.223/volume/v3/groups/b61b40cb-54fb-427e-ac57-d68303ea6e61 0.028s
2026-03-17 11:05:12,391 125212 DEBUG    [tempest.lib.common.rest_client] Request - Headers: {'Content-Type': 'application/json', 'Accept': 'application/json', 'Openstack-Api-Version': 'volume 3.20', 'X-Auth-Token': '<omitted>'}
        Body: None
    Response - Headers: {'date': 'Tue, 17 Mar 2026 11:05:12 GMT', 'server': 'Apache/2.4.58 (Ubuntu)', 'content-type': 'application/json', 'x-compute-request-id': 'req-1194ce89-2e07-4855-abd8-3bf0abec74b8', 'content-length': '384', 'openstack-api-version': 'volume 3.20', 'vary': 'OpenStack-API-Version', 'x-openstack-request-id': 'req-1194ce89-2e07-4855-abd8-3bf0abec74b8', 'connection': 'close', 'status': '200', 'content-location': 'http://10.201.9.223/volume/v3/groups/b61b40cb-54fb-427e-ac57-d68303ea6e61'}
        Body: b'{"group": {"id": "b61b40cb-54fb-427e-ac57-d68303ea6e61", "status": "error", "availability_zone": "nova", "created_at": "2026-03-17T11:05:11.000000", "name": "tempest-GroupsV320Test-Group-720473551", "description": null, "group_type": "ee23ef86-b8ff-4b9b-934f-59340253727f", "volume_types": ["d09a57d2-d3dd-4da2-a18c-873bd955fa79"], "group_snapshot_id": null, "source_group_id": null}}'
2026-03-17 11:05:12,423 125212 INFO     [tempest.lib.common.rest_client] Request (GroupsV320Test:_run_cleanups): 200 GET http://10.201.9.223/volume/v3/volumes/detail 0.026s
2026-03-17 11:05:12,424 125212 DEBUG    [tempest.lib.common.rest_client] Request - Headers: {'Content-Type': 'application/json', 'Accept': 'application/json', 'Openstack-Api-Version': 'volume 3.20', 'X-Auth-Token': '<omitted>'}
        Body: None
    Response - Headers: {'date': 'Tue, 17 Mar 2026 11:05:12 GMT', 'server': 'Apache/2.4.58 (Ubuntu)', 'content-type': 'application/json', 'x-compute-request-id': 'req-957b6fa5-9735-4dff-b6a4-5ff25fb2dace', 'content-length': '15', 'openstack-api-version': 'volume 3.20', 'vary': 'OpenStack-API-Version', 'x-openstack-request-id': 'req-957b6fa5-9735-4dff-b6a4-5ff25fb2dace', 'connection': 'close', 'status': '200', 'content-location': 'http://10.201.9.223/volume/v3/volumes/detail'}
        Body: b'{"volumes": []}'
2026-03-17 11:05:12,485 125212 INFO     [tempest.lib.common.rest_client] Request (GroupsV320Test:_run_cleanups): 202 POST http://10.201.9.223/volume/v3/groups/b61b40cb-54fb-427e-ac57-d68303ea6e61/action 0.052s
2026-03-17 11:05:12,485 125212 DEBUG    [tempest.lib.common.rest_client] Request - Headers: {'Content-Type': 'application/json', 'Accept': 'application/json', 'Openstack-Api-Version': 'volume 3.20', 'X-Auth-Token': '<omitted>'}
        Body: {"delete": {"delete-volumes": true}}
    Response - Headers: {'date': 'Tue, 17 Mar 2026 11:05:12 GMT', 'server': 'Apache/2.4.58 (Ubuntu)', 'content-length': '0', 'content-type': 'text/html; charset=UTF-8', 'openstack-api-version': 'volume 3.20', 'vary': 'OpenStack-API-Version', 'x-openstack-request-id': 'req-cf03a7b8-842d-4c8f-9645-5b0bd36e0c16', 'connection': 'close', 'status': '202', 'content-location': 'http://10.201.9.223/volume/v3/groups/b61b40cb-54fb-427e-ac57-d68303ea6e61/action'}
        Body: b''
2026-03-17 11:05:12,499 1
    25212 INFO     [tempest.lib.common.rest_client] Request (GroupsV320Test:_run_cleanups): 404 GET http://10.201.9.223/volume/v3/groups/b61b40cb-54fb-427e-ac57-d68303ea6e61 0.012s
2026-03-17 11:05:12,499 125212 DEBUG    [tempest.lib.common.rest_client] Request - Headers: {'Content-Type': 'application/json', 'Accept': 'application/json', 'Openstack-Api-Version': 'volume 3.20', 'X-Auth-Token': '<omitted>'}
        Body: None
    Response - Headers: {'date': 'Tue, 17 Mar 2026 11:05:12 GMT', 'server': 'Apache/2.4.58 (Ubuntu)', 'openstack-api-version': 'volume 3.20', 'vary': 'OpenStack-API-Version', 'content-length': '108', 'content-type': 'application/json', 'x-compute-request-id': 'req-93c193eb-bd3b-4b64-ad76-62e495c3dbab', 'x-openstack-request-id': 'req-93c193eb-bd3b-4b64-ad76-62e495c3dbab', 'connection': 'close', 'status': '404', 'content-location': 'http://10.201.9.223/volume/v3/groups/b61b40cb-54fb-427e-ac57-d68303ea6e61'}
        Body: b'{"itemNotFound": {"code": 404, "message": "Group b61b40cb-54fb-427e-ac57-d68303ea6e61 could not be found."}}'
2026-03-17 11:05:12,523 125212 INFO     [tempest.lib.common.rest_client] Request (GroupsV320Test:_run_cleanups): 202 DELETE http://10.201.9.223/volume/v3/group_types/ee23ef86-b8ff-4b9b-934f-59340253727f 0.023s
2026-03-17 11:05:12,524 125212 DEBUG    [tempest.lib.common.rest_client] Request - Headers: {'Content-Type': 'application/json', 'Accept': 'application/json', 'Openstack-Api-Version': 'volume 3.20', 'X-Auth-Token': '<omitted>'}
        Body: None
    Response - Headers: {'date': 'Tue, 17 Mar 2026 11:05:12 GMT', 'server': 'Apache/2.4.58 (Ubuntu)', 'content-length': '0', 'content-type': 'text/html; charset=UTF-8', 'openstack-api-version': 'volume 3.20', 'vary': 'OpenStack-API-Version', 'x-openstack-request-id': 'req-5b68f2ed-e8b2-4c6b-99f8-4586f7d05f85', 'connection': 'close', 'status': '202', 'content-location': 'http://10.201.9.223/volume/v3/group_types/ee23ef86-b8ff-4b9b-934f-59340253727f'}
        Body: b''
2026-03-17 11:05:12,558 125212 INFO     [tempest.lib.common.rest_client] Request (GroupsV320Test:_run_cleanups): 202 DELETE http://10.201.9.223/volume/v3/types/d09a57d2-d3dd-4da2-a18c-873bd955fa79 0.034s
2026-03-17 11:05:12,559 125212 DEBUG    [tempest.lib.common.rest_client] Request - Headers: {'Content-Type': 'application/json', 'Accept': 'application/json', 'X-Auth-Token': '<omitted>'}
        Body: None
    Response - Headers: {'date': 'Tue, 17 Mar 2026 11:05:12 GMT', 'server': 'Apache/2.4.58 (Ubuntu)', 'content-length': '0', 'content-type': 'text/html; charset=UTF-8', 'openstack-api-version': 'volume 3.0', 'vary': 'OpenStack-API-Version', 'x-openstack-request-id': 'req-b3dd69fc-fa2b-475f-a98c-304257d82f87', 'connection': 'close', 'status': '202', 'content-location': 'http://10.201.9.223/volume/v3/types/d09a57d2-d3dd-4da2-a18c-873bd955fa79'}
        Body: b''
2026-03-17 11:05:12,569 125212 INFO     [tempest.lib.common.rest_client] Request (GroupsV320Test:_run_cleanups): 404 GET http://10.201.9.223/volume/v3/types/d09a57d2-d3dd-4da2-a18c-873bd955fa79 0.010s
2026-03-17 11:05:12,569 125212 DEBUG    [tempest.lib.common.rest_client] Request - Headers: {'Content-Type': 'application/json', 'Accept': 'application/json', 'X-Auth-Token': '<omitted>'}
        Body: None
    Response - Headers: {'date': 'Tue, 17 Mar 2026 11:05:12 GMT', 'server': 'Apache/2.4.58 (Ubuntu)', 'openstack-api-version': 'volume 3.0', 'vary': 'OpenStack-API-Version', 'content-length': '114', 'content-type': 'application/json', 'x-compute-request-id': 'req-9afeaa83-ba9b-42ef-945c-188fe1e6101c', 'x-openstack-request-id': 'req-9afeaa83-ba9b-42ef-945c-188fe1e6101c', 'connection': 'close', 'status': '404', 'content-location': 'http://10.201.9.223/volume/v3/types/d09a57d2-d3dd-4da2-a18c-873bd955fa79'}
        Body: b'{"itemNotFound": {"code": 404, "message": "Volume type d09a57d2-d3dd-4da2-a18c-873bd955fa79 could not be found."}}'

{0} setUpClass (tempest.api.volume.******.test_multi_backend.VolumeMultiBackendTest) [0.000000s] ... FAILED

Captured traceback:
~~~~~~~~~~~~~~~~~~~
    Traceback (most recent call last):

      File "/opt/stack/tempest/tempest/test.py", line 185, in setUpClass
    raise value.with_traceback(trace)

      File "/opt/stack/tempest/tempest/test.py", line 178, in setUpClass
    cls.resource_setup()

      File "/opt/stack/tempest/tempest/api/volume/******/test_multi_backend.py", line 50, in resource_setup
    cls._create_type_and_volume(backend_name, False)

      File "/opt/stack/tempest/tempest/api/volume/******/test_multi_backend.py", line 74, in _create_type_and_volume
    cls.volume = cls.create_volume(**params)
                 ^^^^^^^^^^^^^^^^^^^^^^^^^^^

      File "/opt/stack/tempest/tempest/api/volume/base.py", line 144, in create_volume
    waiters.wait_for_volume_resource_status(self.volumes_client,

      File "/opt/stack/tempest/tempest/common/waiters.py", line 379, in wait_for_volume_resource_status
    raise exceptions.VolumeResourceBuildErrorException(

    tempest.exceptions.VolumeResourceBuildErrorException: volume 58b565a5-020b-45df-b28b-1fb310976314 failed to build and is in ERROR status

{0} tempest.api.volume.******.test_qos.QosSpecsTestJSON.test_associate_disassociate_qos [0.482215s] ... ok
{0} tempest.api.volume.******.test_qos.QosSpecsTestJSON.test_create_delete_qos_with_back_end_consumer [0.093422s] ... ok
{0} tempest.api.volume.******.test_qos.QosSpecsTestJSON.test_create_delete_qos_with_both_consumer [0.075239s] ... ok
{0} tempest.api.volume.******.test_qos.QosSpecsTestJSON.test_create_delete_qos_with_front_end_consumer [0.095499s] ... ok
{0} tempest.api.volume.******.test_qos.QosSpecsTestJSON.test_get_qos [0.007749s] ... ok
{0} tempest.api.volume.******.test_qos.QosSpecsTestJSON.test_list_qos [0.009262s] ... ok
{0} tempest.api.volume.******.test_qos.QosSpecsTestJSON.test_set_unset_qos_key [0.070634s] ... ok
{0} setUpClass (tempest.api.volume.******.test_snapshots_actions.SnapshotsActionsTest) [0.000000s] ... FAILED

Captured traceback:
~~~~~~~~~~~~~~~~~~~
    Traceback (most recent call last):

      File "/opt/stack/tempest/tempest/test.py", line 185, in setUpClass
    raise value.with_traceback(trace)

      File "/opt/stack/tempest/tempest/test.py", line 178, in setUpClass
    cls.resource_setup()

      File "/opt/stack/tempest/tempest/api/volume/******/test_snapshots_actions.py", line 38, in resource_setup
    cls.volume = cls.create_volume()
                 ^^^^^^^^^^^^^^^^^^^

      File "/opt/stack/tempest/tempest/api/volume/base.py", line 144, in create_volume
    waiters.wait_for_volume_resource_status(self.volumes_client,

      File "/opt/stack/tempest/tempest/common/waiters.py", line 379, in wait_for_volume_resource_status
    raise exceptions.VolumeResourceBuildErrorException(

    tempest.exceptions.VolumeResourceBuildErrorException: volume e41a6127-bdfa-4db0-9775-7725b89e9ae0 failed to build and is in ERROR status

{0} tempest.api.volume.******.test_user_messages.UserMessagesTest.test_delete_message [1.596133s] ... ok
{0} tempest.api.volume.******.test_user_messages.UserMessagesTest.test_list_show_messages [1.439039s] ... ok
{0} tempest.api.volume.******.test_volume_hosts.VolumeHostsAdminTestsJSON.test_list_hosts [0.072680s] ... ok
{0} tempest.api.volume.******.test_volume_hosts.VolumeHostsAdminTestsJSON.test_show_host [0.064388s] ... ok
{0} setUpClass (tempest.api.volume.******.test_volume_manage.VolumeManageAdminTest) ... SKIPPED: Manage volume tests are disabled
{0} tempest.api.volume.******.test_volume_pools.VolumePoolsAdminTestsJSON.test_get_pools_with_details [0.585390s] ... FAILED

Captured traceback:
~~~~~~~~~~~~~~~~~~~
    Traceback (most recent call last):

      File "/opt/stack/tempest/tempest/api/volume/******/test_volume_pools.py", line 44, in test_get_pools_with_details
    self._assert_pools(with_detail=True)

      File "/opt/stack/tempest/tempest/api/volume/******/test_volume_pools.py", line 29, in _assert_pools
    self.assertNotEmpty(cinder_pools, "no cinder pools listed.")

      File "/opt/stack/tempest/tempest/test.py", line 949, in assertNotEmpty
    self.assertTrue(items, msg)

      File "/usr/lib/python3.12/unittest/case.py", line 727, in assertTrue
    raise self.failureException(msg)

    AssertionError: [] is not true : no cinder pools listed.


Captured pythonlogging:
~~~~~~~~~~~~~~~~~~~~~~~
    2026-03-17 11:05:31,185 125212 INFO     [tempest.lib.common.rest_client] Request (VolumePoolsAdminTestsJSON:test_get_pools_with_details): 200 GET http://10.201.9.223/volume/v3/scheduler-stats/get_pools?detail=True 0.576s
2026-03-17 11:05:31,185 125212 DEBUG    [tempest.lib.common.rest_client] Request - Headers: {'Content-Type': 'application/json', 'Accept': 'application/json', 'X-Auth-Token': '<omitted>'}
        Body: None
    Response - Headers: {'date': 'Tue, 17 Mar 2026 11:05:30 GMT', 'server': 'Apache/2.4.58 (Ubuntu)', 'content-type': 'application/json', 'x-compute-request-id': 'req-a171f1ce-7a5a-41fb-997c-db436248d1ca', 'content-length': '13', 'openstack-api-version': 'volume 3.0', 'vary': 'OpenStack-API-Version', 'x-openstack-request-id': 'req-a171f1ce-7a5a-41fb-997c-db436248d1ca', 'connection': 'close', 'status': '200', 'content-location': 'http://10.201.9.223/volume/v3/scheduler-stats/get_pools?detail=True'}
        Body: b'{"pools": []}'

{0} tempest.api.volume.******.test_volume_pools.VolumePoolsAdminTestsJSON.test_get_pools_without_details [0.524211s] ... FAILED

Captured traceback:
~~~~~~~~~~~~~~~~~~~
    Traceback (most recent call last):

      File "/opt/stack/tempest/tempest/api/volume/******/test_volume_pools.py", line 39, in test_get_pools_without_details
    self._assert_pools()

      File "/opt/stack/tempest/tempest/api/volume/******/test_volume_pools.py", line 29, in _assert_pools
    self.assertNotEmpty(cinder_pools, "no cinder pools listed.")

      File "/opt/stack/tempest/tempest/test.py", line 949, in assertNotEmpty
    self.assertTrue(items, msg)

      File "/usr/lib/python3.12/unittest/case.py", line 727, in assertTrue
    raise self.failureException(msg)

    AssertionError: [] is not true : no cinder pools listed.


Captured pythonlogging:
~~~~~~~~~~~~~~~~~~~~~~~
    2026-03-17 11:05:31,714 125212 INFO     [tempest.lib.common.rest_client] Request (VolumePoolsAdminTestsJSON:test_get_pools_without_details): 200 GET http://10.201.9.223/volume/v3/scheduler-stats/get_pools 0.519s
2026-03-17 11:05:31,714 125212 DEBUG    [tempest.lib.common.rest_client] Request - Headers: {'Content-Type': 'application/json', 'Accept': 'application/json', 'X-Auth-Token': '<omitted>'}
        Body: None
    Response - Headers: {'date': 'Tue, 17 Mar 2026 11:05:31 GMT', 'server': 'Apache/2.4.58 (Ubuntu)', 'content-type': 'application/json', 'x-compute-request-id': 'req-1ca668b8-29cb-45d2-b9c2-78f4c58ea453', 'content-length': '13', 'openstack-api-version': 'volume 3.0', 'vary': 'OpenStack-API-Version', 'x-openstack-request-id': 'req-1ca668b8-29cb-45d2-b9c2-78f4c58ea453', 'connection': 'close', 'status': '200', 'content-location': 'http://10.201.9.223/volume/v3/scheduler-stats/get_pools'}
        Body: b'{"pools": []}'

{0} tempest.api.volume.******.test_volume_quota_classes.VolumeQuotaClassesTest.test_show_default_quota [0.084329s] ... ok
{0} tempest.api.volume.******.test_volume_quota_classes.VolumeQuotaClassesTest.test_update_default_quota [0.445706s] ... ok
{0} tempest.api.volume.******.test_volume_quotas.VolumeQuotasAdminTestJSON.test_delete_quota [0.189575s] ... ok
{0} tempest.api.volume.******.test_volume_quotas.VolumeQuotasAdminTestJSON.test_list_default_quotas [0.023284s] ... ok
{0} tempest.api.volume.******.test_volume_quotas.VolumeQuotasAdminTestJSON.test_list_quotas [0.030001s] ... ok
{0} tempest.api.volume.******.test_volume_quotas.VolumeQuotasAdminTestJSON.test_quota_usage [1.420512s] ... FAILED

Captured traceback:
~~~~~~~~~~~~~~~~~~~
    Traceback (most recent call last):

      File "/opt/stack/tempest/tempest/api/volume/******/test_volume_quotas.py", line 123, in test_quota_usage
    volume = self.create_volume()
             ^^^^^^^^^^^^^^^^^^^^

      File "/opt/stack/tempest/tempest/api/volume/base.py", line 144, in create_volume
    waiters.wait_for_volume_resource_status(self.volumes_client,

      File "/opt/stack/tempest/tempest/common/waiters.py", line 379, in wait_for_volume_resource_status
    raise exceptions.VolumeResourceBuildErrorException(

    tempest.exceptions.VolumeResourceBuildErrorException: volume 677bf1e0-5131-42ff-a805-7ad7500f2119 failed to build and is in ERROR status


Captured pythonlogging:
~~~~~~~~~~~~~~~~~~~~~~~
    2026-03-17 11:05:36,870 125212 INFO     [tempest.lib.common.rest_client] Request (VolumeQuotasAdminTestJSON:test_quota_usage): 200 GET http://10.201.9.223/volume/v3/os-quota-sets/1cebe539c61142c48978300fb439532e?usage=True 0.024s
2026-03-17 11:05:36,870 125212 DEBUG    [tempest.lib.common.rest_client] Request - Headers: {'Content-Type': 'application/json', 'Accept': 'application/json', 'X-Auth-Token': '<omitted>'}
        Body: None
    Response - Headers: {'date': 'Tue, 17 Mar 2026 11:05:36 GMT', 'server': 'Apache/2.4.58 (Ubuntu)', 'content-type': 'application/json', 'x-compute-request-id': 'req-e0c525c8-9793-4506-b426-d0435b8ed94b', 'content-length': '1236', 'openstack-api-version': 'volume 3.0', 'vary': 'OpenStack-API-Version', 'x-openstack-request-id': 'req-e0c525c8-9793-4506-b426-d0435b8ed94b', 'connection': 'close', 'status': '200', 'content-location': 'http://10.201.9.223/volume/v3/os-quota-sets/1cebe539c61142c48978300fb439532e?usage=True'}
        Body: b'{"quota_set": {"volumes": {"limit": 10, "in_use": 0, "reserved": 0}, "per_volume_gigabytes": {"limit": -1, "in_use": 0, "reserved": 0}, "snapshots": {"limit": 10, "in_use": 0, "reserved": 0}, "gigabytes": {"limit": 1000, "in_use": 0, "reserved": 0}, "backups": {"limit": 10, "in_use": 0, "reserved": 0}, "backup_gigabytes": {"limit": 1000, "in_use": 0, "reserved": 0}, "volumes_3par2": {"limit": -1, "in_use": 0, "reserved": 0}, "gigabytes_3par2": {"limit": -1, "in_use": 0, "reserved": 0}, "snapshots_3par2": {"limit": -1, "in_use": 0, "reserved": 0}, "volumes_3par1": {"limit": -1, "in_use": 0, "reserved": 0}, "gigabytes_3par1": {"limit": -1, "in_use": 0, "reserved": 0}, "snapshots_3par1": {"limit": -1, "in_use": 0, "reserved": 0}, "volumes_lvmdriver-1": {"limit": -1, "in_use": 0, "reserved": 0}, "gigabytes_lvmdriver-1": {"limit": -1, "in_use": 0, "reserved": 0}, "snapshots_lvmdriver-1": {"limit": -1, "in_use": 0, "reserved": 0}, "volumes___DEFAULT__": {"limit": -1, "in_use": 0, "reserved": 0}, "gigabytes___DEFAULT__": {"limit": -1, "in_use": 0, "reserved": 0}, "snapshots___DEFAULT__": {"limit": -1, "in_use": 0, "reserved": 0}, "groups": {"limit": 10, "in_use": 0, "reserved": 0}, "id": "1cebe539c61142c48978300fb439532e"}}'
2026-03-17 11:05:37,072 125212 INFO     [tempest.lib.common.rest_client] Request (VolumeQuotasAdminTestJSON:test_quota_usage): 202 POST http://10.201.9.223/volume/v3/volumes 0.196s
2026-03-17 11:05:37,072 125212 DEBUG    [tempest.lib.common.rest_client] Request - Headers: {'Content-Type': 'application/json', 'Accept': 'application/json', 'X-Auth-Token': '<omitted>'}
        Body: {"volume": {"size": 1, "name": "tempest-VolumeQuotasAdminTestJSON-Volume-1940264534"}}
    Response - Headers: {'date': 'Tue, 17 Mar 2026 11:05:36 GMT', 'server': 'Apache/2.4.58 (Ubuntu)', 'content-type': 'application/json', 'x-compute-request-id': 'req-1fccae22-1b42-4789-a5a4-41a2ab93235d', 'content-length': '755', 'openstack-api-version': 'volume 3.0', 'vary': 'OpenStack-API-Version', 'x-openstack-request-id': 'req-1fccae22-1b42-4789-a5a4-41a2ab93235d', 'connection': 'close', 'status': '202', 'content-location': 'http://10.201.9.223/volume/v3/volumes'}
        Body: b'{"volume": {"id": "677bf1e0-5131-42ff-a805-7ad7500f2119", "status": "creating", "size": 1, "availability_zone": "nova", "created_at": "2026-03-17T11:05:37.027377", "updated_at": null, "name": "tempest-VolumeQuotasAdminTestJSON-Volume-1940264534", "description": null, "volume_type": "3par1", "snapshot_id": null, "source_volid": null, "metadata": {}, "links": [{"rel": "self", "href": "http://10.201.9.223/volume/v3/volumes/677bf1e0-5131-42ff-a805-7ad7500f2119"}, {"rel": "bookmark", "href": "http://10.201.9.223/volume/volumes/677bf1e0-5131-42ff-a805-7ad7500f2119"}], "user_id": "cfbe77ee88204430917905a933bfb889", "bootable": "false", "encrypted": false, "replication_status": null, "consistencygroup_id": null, "multiattach": false, "attachments": []}}'
2026-03-17 11:05:37,102 125212 INFO     [tempest.lib.common.rest_client] Request (VolumeQuotasAdminTestJSON:test_quota_usage): 200 GET http://10.201.9.223/volume/v
    3/volumes/677bf1e0-5131-42ff-a805-7ad7500f2119 0.024s
2026-03-17 11:05:37,102 125212 DEBUG    [tempest.lib.common.rest_client] Request - Headers: {'Content-Type': 'application/json', 'Accept': 'application/json', 'X-Auth-Token': '<omitted>'}
        Body: None
    Response - Headers: {'date': 'Tue, 17 Mar 2026 11:05:37 GMT', 'server': 'Apache/2.4.58 (Ubuntu)', 'content-type': 'application/json', 'x-compute-request-id': 'req-e0ee96e2-0c8b-4159-9e2d-3dd05e84b45e', 'content-length': '823', 'openstack-api-version': 'volume 3.0', 'vary': 'OpenStack-API-Version', 'x-openstack-request-id': 'req-e0ee96e2-0c8b-4159-9e2d-3dd05e84b45e', 'connection': 'close', 'status': '200', 'content-location': 'http://10.201.9.223/volume/v3/volumes/677bf1e0-5131-42ff-a805-7ad7500f2119'}
        Body: b'{"volume": {"id": "677bf1e0-5131-42ff-a805-7ad7500f2119", "status": "creating", "size": 1, "availability_zone": "nova", "created_at": "2026-03-17T11:05:37.000000", "updated_at": null, "name": "tempest-VolumeQuotasAdminTestJSON-Volume-1940264534", "description": null, "volume_type": "3par1", "snapshot_id": null, "source_volid": null, "metadata": {}, "links": [{"rel": "self", "href": "http://10.201.9.223/volume/v3/volumes/677bf1e0-5131-42ff-a805-7ad7500f2119"}, {"rel": "bookmark", "href": "http://10.201.9.223/volume/volumes/677bf1e0-5131-42ff-a805-7ad7500f2119"}], "user_id": "cfbe77ee88204430917905a933bfb889", "bootable": "false", "encrypted": false, "replication_status": null, "consistencygroup_id": null, "multiattach": false, "attachments": [], "os-vol-tenant-attr:tenant_id": "1cebe539c61142c48978300fb439532e"}}'
2026-03-17 11:05:38,141 125212 INFO     [tempest.lib.common.rest_client] Request (VolumeQuotasAdminTestJSON:test_quota_usage): 200 GET http://10.201.9.223/volume/v3/volumes/677bf1e0-5131-42ff-a805-7ad7500f2119 0.034s
2026-03-17 11:05:38,142 125212 DEBUG    [tempest.lib.common.rest_client] Request - Headers: {'Content-Type': 'application/json', 'Accept': 'application/json', 'X-Auth-Token': '<omitted>'}
        Body: None
    Response - Headers: {'date': 'Tue, 17 Mar 2026 11:05:38 GMT', 'server': 'Apache/2.4.58 (Ubuntu)', 'content-type': 'application/json', 'x-compute-request-id': 'req-e7ee2c6c-496d-415e-a53d-9959ab5a74e6', 'content-length': '844', 'openstack-api-version': 'volume 3.0', 'vary': 'OpenStack-API-Version', 'x-openstack-request-id': 'req-e7ee2c6c-496d-415e-a53d-9959ab5a74e6', 'connection': 'close', 'status': '200', 'content-location': 'http://10.201.9.223/volume/v3/volumes/677bf1e0-5131-42ff-a805-7ad7500f2119'}
        Body: b'{"volume": {"id": "677bf1e0-5131-42ff-a805-7ad7500f2119", "status": "error", "size": 1, "availability_zone": "nova", "created_at": "2026-03-17T11:05:37.000000", "updated_at": "2026-03-17T11:05:37.000000", "name": "tempest-VolumeQuotasAdminTestJSON-Volume-1940264534", "description": null, "volume_type": "3par1", "snapshot_id": null, "source_volid": null, "metadata": {}, "links": [{"rel": "self", "href": "http://10.201.9.223/volume/v3/volumes/677bf1e0-5131-42ff-a805-7ad7500f2119"}, {"rel": "bookmark", "href": "http://10.201.9.223/volume/volumes/677bf1e0-5131-42ff-a805-7ad7500f2119"}], "user_id": "cfbe77ee88204430917905a933bfb889", "bootable": "false", "encrypted": false, "replication_status": null, "consistencygroup_id": null, "multiattach": false, "attachments": [], "os-vol-tenant-attr:tenant_id": "1cebe539c61142c48978300fb439532e"}}'
2026-03-17 11:05:38,167 125212 INFO     [tempest.lib.common.rest_client] Request (VolumeQuotasAdminTestJSON:_run_cleanups): 200 GET http://10.201.9.223/volume/v3/volumes/677bf1e0-5131-42ff-a805-7ad7500f2119 0.021s
2026-03-17 11:05:38,167 125212 DEBUG    [tempest.lib.common.rest_client] Request - Headers: {'Content-Type': 'application/json', 'Accept': 'application/json', 'X-Auth-Token': '<omitted>'}
        Body: None
    Response - Headers: {'date': 'Tue, 17 Mar 2026 11:05:38 GMT', 'server': 'Apache/2.4.58 (Ubuntu)', 'content-type': 'application/json', 'x-compute-request-id': 'req-8cf559ec-4aeb-490d-bff5-ea08470156aa', 'content-length': '844', 'openstack-api-version': 'volume 3
    .0', 'vary': 'OpenStack-API-Version', 'x-openstack-request-id': 'req-8cf559ec-4aeb-490d-bff5-ea08470156aa', 'connection': 'close', 'status': '200', 'content-location': 'http://10.201.9.223/volume/v3/volumes/677bf1e0-5131-42ff-a805-7ad7500f2119'}
        Body: b'{"volume": {"id": "677bf1e0-5131-42ff-a805-7ad7500f2119", "status": "error", "size": 1, "availability_zone": "nova", "created_at": "2026-03-17T11:05:37.000000", "updated_at": "2026-03-17T11:05:37.000000", "name": "tempest-VolumeQuotasAdminTestJSON-Volume-1940264534", "description": null, "volume_type": "3par1", "snapshot_id": null, "source_volid": null, "metadata": {}, "links": [{"rel": "self", "href": "http://10.201.9.223/volume/v3/volumes/677bf1e0-5131-42ff-a805-7ad7500f2119"}, {"rel": "bookmark", "href": "http://10.201.9.223/volume/volumes/677bf1e0-5131-42ff-a805-7ad7500f2119"}], "user_id": "cfbe77ee88204430917905a933bfb889", "bootable": "false", "encrypted": false, "replication_status": null, "consistencygroup_id": null, "multiattach": false, "attachments": [], "os-vol-tenant-attr:tenant_id": "1cebe539c61142c48978300fb439532e"}}'
2026-03-17 11:05:38,249 125212 INFO     [tempest.lib.common.rest_client] Request (VolumeQuotasAdminTestJSON:_run_cleanups): 202 DELETE http://10.201.9.223/volume/v3/volumes/677bf1e0-5131-42ff-a805-7ad7500f2119 0.077s
2026-03-17 11:05:38,249 125212 DEBUG    [tempest.lib.common.rest_client] Request - Headers: {'Content-Type': 'application/json', 'Accept': 'application/json', 'X-Auth-Token': '<omitted>'}
        Body: None
    Response - Headers: {'date': 'Tue, 17 Mar 2026 11:05:38 GMT', 'server': 'Apache/2.4.58 (Ubuntu)', 'content-length': '0', 'content-type': 'text/html; charset=UTF-8', 'openstack-api-version': 'volume 3.0', 'vary': 'OpenStack-API-Version', 'x-openstack-request-id': 'req-224a0edf-9367-44da-97c5-416ea54a74df', 'connection': 'close', 'status': '202', 'content-location': 'http://10.201.9.223/volume/v3/volumes/677bf1e0-5131-42ff-a805-7ad7500f2119'}
        Body: b''
2026-03-17 11:05:38,265 125212 INFO     [tempest.lib.common.rest_client] Request (VolumeQuotasAdminTestJSON:_run_cleanups): 404 GET http://10.201.9.223/volume/v3/volumes/677bf1e0-5131-42ff-a805-7ad7500f2119 0.015s
2026-03-17 11:05:38,265 125212 DEBUG    [tempest.lib.common.rest_client] Request - Headers: {'Content-Type': 'application/json', 'Accept': 'application/json', 'X-Auth-Token': '<omitted>'}
        Body: None
    Response - Headers: {'date': 'Tue, 17 Mar 2026 11:05:38 GMT', 'server': 'Apache/2.4.58 (Ubuntu)', 'openstack-api-version': 'volume 3.0', 'vary': 'OpenStack-API-Version', 'content-length': '109', 'content-type': 'application/json', 'x-compute-request-id': 'req-3241199f-72d1-408e-a95e-0087b72130f7', 'x-openstack-request-id': 'req-3241199f-72d1-408e-a95e-0087b72130f7', 'connection': 'close', 'status': '404', 'content-location': 'http://10.201.9.223/volume/v3/volumes/677bf1e0-5131-42ff-a805-7ad7500f2119'}
        Body: b'{"itemNotFound": {"code": 404, "message": "Volume 677bf1e0-5131-42ff-a805-7ad7500f2119 could not be found."}}'

{0} tempest.api.volume.******.test_volume_quotas.VolumeQuotasAdminTestJSON.test_quota_usage_after_volume_transfer [1.310623s] ... FAILED

Captured traceback:
~~~~~~~~~~~~~~~~~~~
    Traceback (most recent call last):

      File "/opt/stack/tempest/tempest/api/volume/******/test_volume_quotas.py", line 141, in test_quota_usage_after_volume_transfer
    volume = self.create_volume()
             ^^^^^^^^^^^^^^^^^^^^

      File "/opt/stack/tempest/tempest/api/volume/base.py", line 144, in create_volume
    waiters.wait_for_volume_resource_status(self.volumes_client,

      File "/opt/stack/tempest/tempest/common/waiters.py", line 379, in wait_for_volume_resource_status
    raise exceptions.VolumeResourceBuildErrorException(

    tempest.exceptions.VolumeResourceBuildErrorException: volume 66ea55f4-9489-4d78-a4dc-e48b09a36fd9 failed to build and is in ERROR status


Captured pythonlogging:
~~~~~~~~~~~~~~~~~~~~~~~
    2026-03-17 11:05:38,389 125212 INFO     [tempest.lib.common.rest_client] Request (VolumeQuotasAdminTestJSON:test_quota_usage_after_volume_transfer): 202 POST http://10.201.9.223/volume/v3/volumes 0.122s
2026-03-17 11:05:38,389 125212 DEBUG    [tempest.lib.common.rest_client] Request - Headers: {'Content-Type': 'application/json', 'Accept': 'application/json', 'X-Auth-Token': '<omitted>'}
        Body: {"volume": {"size": 1, "name": "tempest-VolumeQuotasAdminTestJSON-Volume-1125308641"}}
    Response - Headers: {'date': 'Tue, 17 Mar 2026 11:05:38 GMT', 'server': 'Apache/2.4.58 (Ubuntu)', 'content-type': 'application/json', 'x-compute-request-id': 'req-21236558-daa9-4039-b4dc-da187c4894f9', 'content-length': '755', 'openstack-api-version': 'volume 3.0', 'vary': 'OpenStack-API-Version', 'x-openstack-request-id': 'req-21236558-daa9-4039-b4dc-da187c4894f9', 'connection': 'close', 'status': '202', 'content-location': 'http://10.201.9.223/volume/v3/volumes'}
        Body: b'{"volume": {"id": "66ea55f4-9489-4d78-a4dc-e48b09a36fd9", "status": "creating", "size": 1, "availability_zone": "nova", "created_at": "2026-03-17T11:05:38.345574", "updated_at": null, "name": "tempest-VolumeQuotasAdminTestJSON-Volume-1125308641", "description": null, "volume_type": "3par1", "snapshot_id": null, "source_volid": null, "metadata": {}, "links": [{"rel": "self", "href": "http://10.201.9.223/volume/v3/volumes/66ea55f4-9489-4d78-a4dc-e48b09a36fd9"}, {"rel": "bookmark", "href": "http://10.201.9.223/volume/volumes/66ea55f4-9489-4d78-a4dc-e48b09a36fd9"}], "user_id": "cfbe77ee88204430917905a933bfb889", "bootable": "false", "encrypted": false, "replication_status": null, "consistencygroup_id": null, "multiattach": false, "attachments": []}}'
2026-03-17 11:05:38,421 125212 INFO     [tempest.lib.common.rest_client] Request (VolumeQuotasAdminTestJSON:test_quota_usage_after_volume_transfer): 200 GET http://10.201.9.223/volume/v3/volumes/66ea55f4-9489-4d78-a4dc-e48b09a36fd9 0.026s
2026-03-17 11:05:38,421 125212 DEBUG    [tempest.lib.common.rest_client] Request - Headers: {'Content-Type': 'application/json', 'Accept': 'application/json', 'X-Auth-Token': '<omitted>'}
        Body: None
    Response - Headers: {'date': 'Tue, 17 Mar 2026 11:05:38 GMT', 'server': 'Apache/2.4.58 (Ubuntu)', 'content-type': 'application/json', 'x-compute-request-id': 'req-5ff56bcd-106a-427c-83a1-b37c0425f00c', 'content-length': '823', 'openstack-api-version': 'volume 3.0', 'vary': 'OpenStack-API-Version', 'x-openstack-request-id': 'req-5ff56bcd-106a-427c-83a1-b37c0425f00c', 'connection': 'close', 'status': '200', 'content-location': 'http://10.201.9.223/volume/v3/volumes/66ea55f4-9489-4d78-a4dc-e48b09a36fd9'}
        Body: b'{"volume": {"id": "66ea55f4-9489-4d78-a4dc-e48b09a36fd9", "status": "creating", "size": 1, "availability_zone": "nova", "created_at": "2026-03-17T11:05:38.000000", "updated_at": null, "name": "tempest-VolumeQuotasAdminTestJSON-Volume-1125308641", "description": null, "volume_type": "3par1", "snapshot_id": null, "source_volid": null, "metadata": {}, "links": [{"rel": "self", "href": "http://10.201.9.223/volume/v3/volumes/66ea55f4-9489-4d78-a4dc-e48b09a36fd9"}, {"rel": "bookmark", "href": "http://10.201.9.223/volume/volumes/66ea55f4-9489-4d78-a4dc-e48b09a36fd9"}], "user_id": "cfbe77ee88204430917905a933bfb889", "bootable": "false", "encrypted": false, "replication_status": null, "consistencygroup_id": null, "multiattach": false, "attachments": [], "os-vol-tenant-attr:tenant_id": "1cebe539c61142c48978300fb439532e"}}'
2026-03-17 11:05:39,459 125212 INFO     [tempest.lib.common.rest_client] Request (VolumeQuotasAdminTestJSON:test_quota_usage_after_volume_transfer): 200 GET http://10.201.9.223/volume/v3/volumes/66ea55f4-9489-4d78-a4dc-e48b09a36fd9 0.033s
2026-03-17 11:05:39,460 125212 DEBUG    [tempest.lib.common.rest_client] Request - Headers: {'Content-Type': 'application/json', 'Accept': 'application/json', 'X-Auth-Token': '<omitted>'}
        Body: None
    Response - Headers: {'date': 'Tue, 17 Mar 2026 11:05:39 GMT', 'server': 'Apache/2.4.58 (Ubuntu)', 'content-ty
    pe': 'application/json', 'x-compute-request-id': 'req-a2635b19-3f5c-4a90-911a-8a00bad8444e', 'content-length': '844', 'openstack-api-version': 'volume 3.0', 'vary': 'OpenStack-API-Version', 'x-openstack-request-id': 'req-a2635b19-3f5c-4a90-911a-8a00bad8444e', 'connection': 'close', 'status': '200', 'content-location': 'http://10.201.9.223/volume/v3/volumes/66ea55f4-9489-4d78-a4dc-e48b09a36fd9'}
        Body: b'{"volume": {"id": "66ea55f4-9489-4d78-a4dc-e48b09a36fd9", "status": "error", "size": 1, "availability_zone": "nova", "created_at": "2026-03-17T11:05:38.000000", "updated_at": "2026-03-17T11:05:38.000000", "name": "tempest-VolumeQuotasAdminTestJSON-Volume-1125308641", "description": null, "volume_type": "3par1", "snapshot_id": null, "source_volid": null, "metadata": {}, "links": [{"rel": "self", "href": "http://10.201.9.223/volume/v3/volumes/66ea55f4-9489-4d78-a4dc-e48b09a36fd9"}, {"rel": "bookmark", "href": "http://10.201.9.223/volume/volumes/66ea55f4-9489-4d78-a4dc-e48b09a36fd9"}], "user_id": "cfbe77ee88204430917905a933bfb889", "bootable": "false", "encrypted": false, "replication_status": null, "consistencygroup_id": null, "multiattach": false, "attachments": [], "os-vol-tenant-attr:tenant_id": "1cebe539c61142c48978300fb439532e"}}'
2026-03-17 11:05:39,494 125212 INFO     [tempest.lib.common.rest_client] Request (VolumeQuotasAdminTestJSON:_run_cleanups): 200 GET http://10.201.9.223/volume/v3/volumes/66ea55f4-9489-4d78-a4dc-e48b09a36fd9 0.030s
2026-03-17 11:05:39,495 125212 DEBUG    [tempest.lib.common.rest_client] Request - Headers: {'Content-Type': 'application/json', 'Accept': 'application/json', 'X-Auth-Token': '<omitted>'}
        Body: None
    Response - Headers: {'date': 'Tue, 17 Mar 2026 11:05:39 GMT', 'server': 'Apache/2.4.58 (Ubuntu)', 'content-type': 'application/json', 'x-compute-request-id': 'req-aff226bd-a39c-4e86-a4b0-348a3018892d', 'content-length': '844', 'openstack-api-version': 'volume 3.0', 'vary': 'OpenStack-API-Version', 'x-openstack-request-id': 'req-aff226bd-a39c-4e86-a4b0-348a3018892d', 'connection': 'close', 'status': '200', 'content-location': 'http://10.201.9.223/volume/v3/volumes/66ea55f4-9489-4d78-a4dc-e48b09a36fd9'}
        Body: b'{"volume": {"id": "66ea55f4-9489-4d78-a4dc-e48b09a36fd9", "status": "error", "size": 1, "availability_zone": "nova", "created_at": "2026-03-17T11:05:38.000000", "updated_at": "2026-03-17T11:05:38.000000", "name": "tempest-VolumeQuotasAdminTestJSON-Volume-1125308641", "description": null, "volume_type": "3par1", "snapshot_id": null, "source_volid": null, "metadata": {}, "links": [{"rel": "self", "href": "http://10.201.9.223/volume/v3/volumes/66ea55f4-9489-4d78-a4dc-e48b09a36fd9"}, {"rel": "bookmark", "href": "http://10.201.9.223/volume/volumes/66ea55f4-9489-4d78-a4dc-e48b09a36fd9"}], "user_id": "cfbe77ee88204430917905a933bfb889", "bootable": "false", "encrypted": false, "replication_status": null, "consistencygroup_id": null, "multiattach": false, "attachments": [], "os-vol-tenant-attr:tenant_id": "1cebe539c61142c48978300fb439532e"}}'
2026-03-17 11:05:39,562 125212 INFO     [tempest.lib.common.rest_client] Request (VolumeQuotasAdminTestJSON:_run_cleanups): 202 DELETE http://10.201.9.223/volume/v3/volumes/66ea55f4-9489-4d78-a4dc-e48b09a36fd9 0.060s
2026-03-17 11:05:39,563 125212 DEBUG    [tempest.lib.common.rest_client] Request - Headers: {'Content-Type': 'application/json', 'Accept': 'application/json', 'X-Auth-Token': '<omitted>'}
        Body: None
    Response - Headers: {'date': 'Tue, 17 Mar 2026 11:05:39 GMT', 'server': 'Apache/2.4.58 (Ubuntu)', 'content-length': '0', 'content-type': 'text/html; charset=UTF-8', 'openstack-api-version': 'volume 3.0', 'vary': 'OpenStack-API-Version', 'x-openstack-request-id': 'req-ae604ee3-4c02-4179-b7e4-8d5b8408de2e', 'connection': 'close', 'status': '202', 'content-location': 'http://10.201.9.223/volume/v3/volumes/66ea55f4-9489-4d78-a4dc-e48b09a36fd9'}
        Body: b''
2026-03-17 11:05:39,576 125212 INFO     [tempest.lib.common.rest_client] Request (VolumeQuotasAdminTestJSON:_run_cleanups): 404 GET http://10.201.9.223
    /volume/v3/volumes/66ea55f4-9489-4d78-a4dc-e48b09a36fd9 0.012s
2026-03-17 11:05:39,576 125212 DEBUG    [tempest.lib.common.rest_client] Request - Headers: {'Content-Type': 'application/json', 'Accept': 'application/json', 'X-Auth-Token': '<omitted>'}
        Body: None
    Response - Headers: {'date': 'Tue, 17 Mar 2026 11:05:39 GMT', 'server': 'Apache/2.4.58 (Ubuntu)', 'openstack-api-version': 'volume 3.0', 'vary': 'OpenStack-API-Version', 'content-length': '109', 'content-type': 'application/json', 'x-compute-request-id': 'req-d9c803cb-7591-4081-891d-34583b3c8d61', 'x-openstack-request-id': 'req-d9c803cb-7591-4081-891d-34583b3c8d61', 'connection': 'close', 'status': '404', 'content-location': 'http://10.201.9.223/volume/v3/volumes/66ea55f4-9489-4d78-a4dc-e48b09a36fd9'}
        Body: b'{"itemNotFound": {"code": 404, "message": "Volume 66ea55f4-9489-4d78-a4dc-e48b09a36fd9 could not be found."}}'

{0} tempest.api.volume.******.test_volume_quotas.VolumeQuotasAdminTestJSON.test_show_quota_usage [0.038602s] ... ok
{0} tempest.api.volume.******.test_volume_quotas.VolumeQuotasAdminTestJSON.test_update_all_quota_resources_for_tenant [0.179740s] ... ok
{0} setUpClass (tempest.api.volume.******.test_volume_quotas_negative.VolumeQuotasNegativeTestJSON) [0.000000s] ... FAILED

Captured traceback:
~~~~~~~~~~~~~~~~~~~
    Traceback (most recent call last):

      File "/opt/stack/tempest/tempest/test.py", line 185, in setUpClass
    raise value.with_traceback(trace)

      File "/opt/stack/tempest/tempest/test.py", line 178, in setUpClass
    cls.resource_setup()

      File "/opt/stack/tempest/tempest/api/volume/******/test_volume_quotas_negative.py", line 51, in resource_setup
    cls.volume = cls.create_volume()
                 ^^^^^^^^^^^^^^^^^^^

      File "/opt/stack/tempest/tempest/api/volume/base.py", line 144, in create_volume
    waiters.wait_for_volume_resource_status(self.volumes_client,

      File "/opt/stack/tempest/tempest/common/waiters.py", line 379, in wait_for_volume_resource_status
    raise exceptions.VolumeResourceBuildErrorException(

    tempest.exceptions.VolumeResourceBuildErrorException: volume b976b065-9999-4216-8855-1f71a20a01b3 failed to build and is in ERROR status

{0} tempest.api.volume.******.test_volume_retype.VolumeRetypeMultiattachTest.test_volume_retype_multiattach [1.404837s] ... FAILED

Captured traceback:
~~~~~~~~~~~~~~~~~~~
    Traceback (most recent call last):

      File "/opt/stack/tempest/tempest/api/volume/******/test_volume_retype.py", line 247, in test_volume_retype_multiattach
    vol = self.create_volume(volume_type=self.src_vol_type['name'])
          ^^^^^^^^^^^^^^^^^^^^^^^^^^^^^^^^^^^^^^^^^^^^^^^^^^^^^^^^^

      File "/opt/stack/tempest/tempest/api/volume/base.py", line 144, in create_volume
    waiters.wait_for_volume_resource_status(self.volumes_client,

      File "/opt/stack/tempest/tempest/common/waiters.py", line 379, in wait_for_volume_resource_status
    raise exceptions.VolumeResourceBuildErrorException(

    tempest.exceptions.VolumeResourceBuildErrorException: volume 615507a3-c3ff-4f56-b37b-85655305de92 failed to build and is in ERROR status


Captured pythonlogging:
~~~~~~~~~~~~~~~~~~~~~~~
    2026-03-17 11:05:46,010 125212 INFO     [tempest.lib.common.rest_client] Request (VolumeRetypeMultiattachTest:test_volume_retype_multiattach): 202 POST http://10.201.9.223/volume/v3/volumes 0.225s
2026-03-17 11:05:46,010 125212 DEBUG    [tempest.lib.common.rest_client] Request - Headers: {'Content-Type': 'application/json', 'Accept': 'application/json', 'Openstack-Api-Version': 'volume 3.50', 'X-Auth-Token': '<omitted>'}
        Body: {"volume": {"volume_type": "tempest-VolumeRetypeMultiattachTest-volume-type-2067096498", "size": 1, "name": "tempest-VolumeRetypeMultiattachTest-Volume-2105682416"}}
    Response - Headers: {'date': 'Tue, 17 Mar 2026 11:05:45 GMT', 'server': 'Apache/2.4.58 (Ubuntu)', 'content-type': 'application/json', 'x-compute-request-id': 'req-1fd80f80-3c47-48a0-b0ce-4d37620a4f0d', 'content-length': '874', 'openstack-api-version': 'volume 3.50', 'vary': 'OpenStack-API-Version', 'x-openstack-request-id': 'req-1fd80f80-3c47-48a0-b0ce-4d37620a4f0d', 'connection': 'close', 'status': '202', 'content-location': 'http://10.201.9.223/volume/v3/volumes'}
        Body: b'{"volume": {"id": "615507a3-c3ff-4f56-b37b-85655305de92", "status": "creating", "size": 1, "availability_zone": "nova", "created_at": "2026-03-17T11:05:45.953146", "updated_at": null, "name": "tempest-VolumeRetypeMultiattachTest-Volume-2105682416", "description": null, "volume_type": "tempest-VolumeRetypeMultiattachTest-volume-type-2067096498", "snapshot_id": null, "source_volid": null, "metadata": {}, "links": [{"rel": "self", "href": "http://10.201.9.223/volume/v3/volumes/615507a3-c3ff-4f56-b37b-85655305de92"}, {"rel": "bookmark", "href": "http://10.201.9.223/volume/volumes/615507a3-c3ff-4f56-b37b-85655305de92"}], "user_id": "abadab96842d4c5aa5eb8474661eaa39", "bootable": "false", "encrypted": false, "replication_status": null, "consistencygroup_id": null, "multiattach": false, "attachments": [], "group_id": null, "shared_targets": true, "service_uuid": null}}'
2026-03-17 11:05:46,044 125212 INFO     [tempest.lib.common.rest_client] Request (VolumeRetypeMultiattachTest:test_volume_retype_multiattach): 200 GET http://10.201.9.223/volume/v3/volumes/615507a3-c3ff-4f56-b37b-85655305de92 0.024s
2026-03-17 11:05:46,044 125212 DEBUG    [tempest.lib.common.rest_client] Request - Headers: {'Content-Type': 'application/json', 'Accept': 'application/json', 'Openstack-Api-Version': 'volume 3.50', 'X-Auth-Token': '<omitted>'}
        Body: None
    Response - Headers: {'date': 'Tue, 17 Mar 2026 11:05:46 GMT', 'server': 'Apache/2.4.58 (Ubuntu)', 'content-type': 'application/json', 'x-compute-request-id': 'req-fba3d689-6ba0-4644-872b-51c7e5f73bc3', 'content-length': '942', 'openstack-api-version': 'volume 3.50', 'vary': 'OpenStack-API-Version', 'x-openstack-request-id': 'req-fba3d689-6ba0-4644-872b-51c7e5f73bc3', 'connection': 'close', 'status': '200', 'content-location': 'http://10.201.9.223/volume/v3/volumes/615507a3-c3ff-4f56-b37b-85655305de92'}
        Body: b'{"volume": {"id": "615507a3-c3ff-4f56-b37b-85655305de92", "status": "creating", "size": 1, "availability_zone": "nova", "created_at": "2026-03-17T11:05:46.000000", "updated_at": null, "name": "tempest-VolumeRetypeMultiattachTest-Volume-2105682416", "description": null, "volume_type": "tempest-VolumeRetypeMultiattachTest-volume-type-2067096498", "snapshot_id": null, "source_volid": null, "metadata": {}, "links": [{"rel": "self", "href": "http://10.201.9.223/volume/v3/volumes/615507a3-c3ff-4f56-b37b-85655305de92"}, {"rel": "bookmark", "href": "http://10.201.9.223/volume/volumes/615507a3-c3ff-4f56-b37b-85655305de92"}], "user_id": "abadab96842d4c5aa5eb8474661eaa39", "bootable": "false", "encrypted": false, "replication_status": null, "consistencygroup_id": null, "multiattach": false, "attachments": [], "group_id": null, "shared_targets": true, "service_uuid": null, "os-vol-tenant-attr:tenant_id": "7f456b8e006940dfac29fc0980caa40d"}}'
2026-03-17 11:05:47,081 125212 INFO     [tempest.lib.common.rest_client] Request (VolumeRetypeMultiattachTest:test_volume_retype_multiattach): 200 GET http://10.201.9.223/v
    olume/v3/volumes/615507a3-c3ff-4f56-b37b-85655305de92 0.031s
2026-03-17 11:05:47,082 125212 DEBUG    [tempest.lib.common.rest_client] Request - Headers: {'Content-Type': 'application/json', 'Accept': 'application/json', 'Openstack-Api-Version': 'volume 3.50', 'X-Auth-Token': '<omitted>'}
        Body: None
    Response - Headers: {'date': 'Tue, 17 Mar 2026 11:05:47 GMT', 'server': 'Apache/2.4.58 (Ubuntu)', 'content-type': 'application/json', 'x-compute-request-id': 'req-c15939dc-f5b5-4cd9-8c04-29cd42c56f03', 'content-length': '963', 'openstack-api-version': 'volume 3.50', 'vary': 'OpenStack-API-Version', 'x-openstack-request-id': 'req-c15939dc-f5b5-4cd9-8c04-29cd42c56f03', 'connection': 'close', 'status': '200', 'content-location': 'http://10.201.9.223/volume/v3/volumes/615507a3-c3ff-4f56-b37b-85655305de92'}
        Body: b'{"volume": {"id": "615507a3-c3ff-4f56-b37b-85655305de92", "status": "error", "size": 1, "availability_zone": "nova", "created_at": "2026-03-17T11:05:46.000000", "updated_at": "2026-03-17T11:05:46.000000", "name": "tempest-VolumeRetypeMultiattachTest-Volume-2105682416", "description": null, "volume_type": "tempest-VolumeRetypeMultiattachTest-volume-type-2067096498", "snapshot_id": null, "source_volid": null, "metadata": {}, "links": [{"rel": "self", "href": "http://10.201.9.223/volume/v3/volumes/615507a3-c3ff-4f56-b37b-85655305de92"}, {"rel": "bookmark", "href": "http://10.201.9.223/volume/volumes/615507a3-c3ff-4f56-b37b-85655305de92"}], "user_id": "abadab96842d4c5aa5eb8474661eaa39", "bootable": "false", "encrypted": false, "replication_status": null, "consistencygroup_id": null, "multiattach": false, "attachments": [], "group_id": null, "shared_targets": true, "service_uuid": null, "os-vol-tenant-attr:tenant_id": "7f456b8e006940dfac29fc0980caa40d"}}'
2026-03-17 11:05:47,111 125212 INFO     [tempest.lib.common.rest_client] Request (VolumeRetypeMultiattachTest:_run_cleanups): 200 GET http://10.201.9.223/volume/v3/volumes/615507a3-c3ff-4f56-b37b-85655305de92 0.018s
2026-03-17 11:05:47,111 125212 DEBUG    [tempest.lib.common.rest_client] Request - Headers: {'Content-Type': 'application/json', 'Accept': 'application/json', 'Openstack-Api-Version': 'volume 3.50', 'X-Auth-Token': '<omitted>'}
        Body: None
    Response - Headers: {'date': 'Tue, 17 Mar 2026 11:05:47 GMT', 'server': 'Apache/2.4.58 (Ubuntu)', 'content-type': 'application/json', 'x-compute-request-id': 'req-fa6091c4-ff33-4b9b-8b4b-6e6101c05393', 'content-length': '963', 'openstack-api-version': 'volume 3.50', 'vary': 'OpenStack-API-Version', 'x-openstack-request-id': 'req-fa6091c4-ff33-4b9b-8b4b-6e6101c05393', 'connection': 'close', 'status': '200', 'content-location': 'http://10.201.9.223/volume/v3/volumes/615507a3-c3ff-4f56-b37b-85655305de92'}
        Body: b'{"volume": {"id": "615507a3-c3ff-4f56-b37b-85655305de92", "status": "error", "size": 1, "availability_zone": "nova", "created_at": "2026-03-17T11:05:46.000000", "updated_at": "2026-03-17T11:05:46.000000", "name": "tempest-VolumeRetypeMultiattachTest-Volume-2105682416", "description": null, "volume_type": "tempest-VolumeRetypeMultiattachTest-volume-type-2067096498", "snapshot_id": null, "source_volid": null, "metadata": {}, "links": [{"rel": "self", "href": "http://10.201.9.223/volume/v3/volumes/615507a3-c3ff-4f56-b37b-85655305de92"}, {"rel": "bookmark", "href": "http://10.201.9.223/volume/volumes/615507a3-c3ff-4f56-b37b-85655305de92"}], "user_id": "abadab96842d4c5aa5eb8474661eaa39", "bootable": "false", "encrypted": false, "replication_status": null, "consistencygroup_id": null, "multiattach": false, "attachments": [], "group_id": null, "shared_targets": true, "service_uuid": null, "os-vol-tenant-attr:tenant_id": "7f456b8e006940dfac29fc0980caa40d"}}'
2026-03-17 11:05:47,178 125212 INFO     [tempest.lib.common.rest_client] Request (VolumeRetypeMultiattachTest:_run_cleanups): 202 DELETE http://10.201.9.223/volume/v3/volumes/615507a3-c3ff-4f56-b37b-85655305de92 0.062s
2026-03-17 11:05:47,178 125212 DEBUG    [tempest.lib.common.rest_client] Request - Headers: {'Content-Type': 'applicatio
    n/json', 'Accept': 'application/json', 'Openstack-Api-Version': 'volume 3.50', 'X-Auth-Token': '<omitted>'}
        Body: None
    Response - Headers: {'date': 'Tue, 17 Mar 2026 11:05:47 GMT', 'server': 'Apache/2.4.58 (Ubuntu)', 'content-length': '0', 'content-type': 'text/html; charset=UTF-8', 'openstack-api-version': 'volume 3.50', 'vary': 'OpenStack-API-Version', 'x-openstack-request-id': 'req-a9731551-7d0f-4d58-a1bd-dab1589e21a2', 'connection': 'close', 'status': '202', 'content-location': 'http://10.201.9.223/volume/v3/volumes/615507a3-c3ff-4f56-b37b-85655305de92'}
        Body: b''
2026-03-17 11:05:47,188 125212 INFO     [tempest.lib.common.rest_client] Request (VolumeRetypeMultiattachTest:_run_cleanups): 404 GET http://10.201.9.223/volume/v3/volumes/615507a3-c3ff-4f56-b37b-85655305de92 0.010s
2026-03-17 11:05:47,188 125212 DEBUG    [tempest.lib.common.rest_client] Request - Headers: {'Content-Type': 'application/json', 'Accept': 'application/json', 'Openstack-Api-Version': 'volume 3.50', 'X-Auth-Token': '<omitted>'}
        Body: None
    Response - Headers: {'date': 'Tue, 17 Mar 2026 11:05:47 GMT', 'server': 'Apache/2.4.58 (Ubuntu)', 'openstack-api-version': 'volume 3.50', 'vary': 'OpenStack-API-Version', 'content-length': '109', 'content-type': 'application/json', 'x-compute-request-id': 'req-6aff5e99-732f-43b1-96b6-d86d971a3ec1', 'x-openstack-request-id': 'req-6aff5e99-732f-43b1-96b6-d86d971a3ec1', 'connection': 'close', 'status': '404', 'content-location': 'http://10.201.9.223/volume/v3/volumes/615507a3-c3ff-4f56-b37b-85655305de92'}
        Body: b'{"itemNotFound": {"code": 404, "message": "Volume 615507a3-c3ff-4f56-b37b-85655305de92 could not be found."}}'

{0} tempest.api.volume.******.test_volume_retype.VolumeRetypeWithoutMigrationTest.test_available_volume_retype [1.399709s] ... FAILED

Captured traceback:
~~~~~~~~~~~~~~~~~~~
    Traceback (most recent call last):

      File "/opt/stack/tempest/tempest/api/volume/******/test_volume_retype.py", line 203, in test_available_volume_retype
    src_vol = self.create_volume(volume_type=self.src_vol_type['name'])
              ^^^^^^^^^^^^^^^^^^^^^^^^^^^^^^^^^^^^^^^^^^^^^^^^^^^^^^^^^

      File "/opt/stack/tempest/tempest/api/volume/base.py", line 144, in create_volume
    waiters.wait_for_volume_resource_status(self.volumes_client,

      File "/opt/stack/tempest/tempest/common/waiters.py", line 379, in wait_for_volume_resource_status
    raise exceptions.VolumeResourceBuildErrorException(

    tempest.exceptions.VolumeResourceBuildErrorException: volume be41096f-33d9-4c0d-8ee6-691ef5705ef4 failed to build and is in ERROR status


Captured pythonlogging:
~~~~~~~~~~~~~~~~~~~~~~~
    2026-03-17 11:05:49,415 125212 INFO     [tempest.lib.common.rest_client] Request (VolumeRetypeWithoutMigrationTest:test_available_volume_retype): 202 POST http://10.201.9.223/volume/v3/volumes 0.190s
2026-03-17 11:05:49,415 125212 DEBUG    [tempest.lib.common.rest_client] Request - Headers: {'Content-Type': 'application/json', 'Accept': 'application/json', 'X-Auth-Token': '<omitted>'}
        Body: {"volume": {"volume_type": "volume-type-1", "size": 1, "name": "tempest-VolumeRetypeWithoutMigrationTest-Volume-1999556659"}}
    Response - Headers: {'date': 'Tue, 17 Mar 2026 11:05:49 GMT', 'server': 'Apache/2.4.58 (Ubuntu)', 'content-type': 'application/json', 'x-compute-request-id': 'req-82edd2c7-999e-4776-834c-eaeb673de231', 'content-length': '770', 'openstack-api-version': 'volume 3.0', 'vary': 'OpenStack-API-Version', 'x-openstack-request-id': 'req-82edd2c7-999e-4776-834c-eaeb673de231', 'connection': 'close', 'status': '202', 'content-location': 'http://10.201.9.223/volume/v3/volumes'}
        Body: b'{"volume": {"id": "be41096f-33d9-4c0d-8ee6-691ef5705ef4", "status": "creating", "size": 1, "availability_zone": "nova", "created_at": "2026-03-17T11:05:49.370405", "updated_at": null, "name": "tempest-VolumeRetypeWithoutMigrationTest-Volume-1999556659", "description": null, "volume_type": "volume-type-1", "snapshot_id": null, "source_volid": null, "metadata": {}, "links": [{"rel": "self", "href": "http://10.201.9.223/volume/v3/volumes/be41096f-33d9-4c0d-8ee6-691ef5705ef4"}, {"rel": "bookmark", "href": "http://10.201.9.223/volume/volumes/be41096f-33d9-4c0d-8ee6-691ef5705ef4"}], "user_id": "6f86ceea6679486d8d7509ed969ed3e2", "bootable": "false", "encrypted": false, "replication_status": null, "consistencygroup_id": null, "multiattach": false, "attachments": []}}'
2026-03-17 11:05:49,445 125212 INFO     [tempest.lib.common.rest_client] Request (VolumeRetypeWithoutMigrationTest:test_available_volume_retype): 200 GET http://10.201.9.223/volume/v3/volumes/be41096f-33d9-4c0d-8ee6-691ef5705ef4 0.026s
2026-03-17 11:05:49,446 125212 DEBUG    [tempest.lib.common.rest_client] Request - Headers: {'Content-Type': 'application/json', 'Accept': 'application/json', 'X-Auth-Token': '<omitted>'}
        Body: None
    Response - Headers: {'date': 'Tue, 17 Mar 2026 11:05:49 GMT', 'server': 'Apache/2.4.58 (Ubuntu)', 'content-type': 'application/json', 'x-compute-request-id': 'req-e06e9a31-7f83-4427-90b7-867621116d9f', 'content-length': '838', 'openstack-api-version': 'volume 3.0', 'vary': 'OpenStack-API-Version', 'x-openstack-request-id': 'req-e06e9a31-7f83-4427-90b7-867621116d9f', 'connection': 'close', 'status': '200', 'content-location': 'http://10.201.9.223/volume/v3/volumes/be41096f-33d9-4c0d-8ee6-691ef5705ef4'}
        Body: b'{"volume": {"id": "be41096f-33d9-4c0d-8ee6-691ef5705ef4", "status": "creating", "size": 1, "availability_zone": "nova", "created_at": "2026-03-17T11:05:49.000000", "updated_at": null, "name": "tempest-VolumeRetypeWithoutMigrationTest-Volume-1999556659", "description": null, "volume_type": "volume-type-1", "snapshot_id": null, "source_volid": null, "metadata": {}, "links": [{"rel": "self", "href": "http://10.201.9.223/volume/v3/volumes/be41096f-33d9-4c0d-8ee6-691ef5705ef4"}, {"rel": "bookmark", "href": "http://10.201.9.223/volume/volumes/be41096f-33d9-4c0d-8ee6-691ef5705ef4"}], "user_id": "6f86ceea6679486d8d7509ed969ed3e2", "bootable": "false", "encrypted": false, "replication_status": null, "consistencygroup_id": null, "multiattach": false, "attachments": [], "os-vol-tenant-attr:tenant_id": "8d8beb5121054ae6a6240a05895eee17"}}'
2026-03-17 11:05:50,485 125212 INFO     [tempest.lib.common.rest_client] Request (VolumeRetypeWithoutMigrationTest:test_available_volume_retype): 200 GET http://10.201.9.223/volume/v3/volumes/be41096f-33d9-4c0d-8ee6-691ef5705ef4 0.032s
2026-03-17 11:05:50,485 125212 DEBUG    [tempest.lib.common.rest_client] Request - Headers: {'Content-Type': 'application/json', 'Accept': 'application/json', 'X-Auth-Token': '<omitted>'}
        Body: None
    Response - Headers: {'date': 'Tue, 17 Mar 2026 11
    :05:50 GMT', 'server': 'Apache/2.4.58 (Ubuntu)', 'content-type': 'application/json', 'x-compute-request-id': 'req-00e9f16b-5857-4967-9120-c8ded9ccab0c', 'content-length': '859', 'openstack-api-version': 'volume 3.0', 'vary': 'OpenStack-API-Version', 'x-openstack-request-id': 'req-00e9f16b-5857-4967-9120-c8ded9ccab0c', 'connection': 'close', 'status': '200', 'content-location': 'http://10.201.9.223/volume/v3/volumes/be41096f-33d9-4c0d-8ee6-691ef5705ef4'}
        Body: b'{"volume": {"id": "be41096f-33d9-4c0d-8ee6-691ef5705ef4", "status": "error", "size": 1, "availability_zone": "nova", "created_at": "2026-03-17T11:05:49.000000", "updated_at": "2026-03-17T11:05:49.000000", "name": "tempest-VolumeRetypeWithoutMigrationTest-Volume-1999556659", "description": null, "volume_type": "volume-type-1", "snapshot_id": null, "source_volid": null, "metadata": {}, "links": [{"rel": "self", "href": "http://10.201.9.223/volume/v3/volumes/be41096f-33d9-4c0d-8ee6-691ef5705ef4"}, {"rel": "bookmark", "href": "http://10.201.9.223/volume/volumes/be41096f-33d9-4c0d-8ee6-691ef5705ef4"}], "user_id": "6f86ceea6679486d8d7509ed969ed3e2", "bootable": "false", "encrypted": false, "replication_status": null, "consistencygroup_id": null, "multiattach": false, "attachments": [], "os-vol-tenant-attr:tenant_id": "8d8beb5121054ae6a6240a05895eee17"}}'
2026-03-17 11:05:50,526 125212 INFO     [tempest.lib.common.rest_client] Request (VolumeRetypeWithoutMigrationTest:_run_cleanups): 200 GET http://10.201.9.223/volume/v3/volumes/be41096f-33d9-4c0d-8ee6-691ef5705ef4 0.029s
2026-03-17 11:05:50,527 125212 DEBUG    [tempest.lib.common.rest_client] Request - Headers: {'Content-Type': 'application/json', 'Accept': 'application/json', 'X-Auth-Token': '<omitted>'}
        Body: None
    Response - Headers: {'date': 'Tue, 17 Mar 2026 11:05:50 GMT', 'server': 'Apache/2.4.58 (Ubuntu)', 'content-type': 'application/json', 'x-compute-request-id': 'req-f35e0c97-fc80-4df7-8ff2-fb67ad16377a', 'content-length': '859', 'openstack-api-version': 'volume 3.0', 'vary': 'OpenStack-API-Version', 'x-openstack-request-id': 'req-f35e0c97-fc80-4df7-8ff2-fb67ad16377a', 'connection': 'close', 'status': '200', 'content-location': 'http://10.201.9.223/volume/v3/volumes/be41096f-33d9-4c0d-8ee6-691ef5705ef4'}
        Body: b'{"volume": {"id": "be41096f-33d9-4c0d-8ee6-691ef5705ef4", "status": "error", "size": 1, "availability_zone": "nova", "created_at": "2026-03-17T11:05:49.000000", "updated_at": "2026-03-17T11:05:49.000000", "name": "tempest-VolumeRetypeWithoutMigrationTest-Volume-1999556659", "description": null, "volume_type": "volume-type-1", "snapshot_id": null, "source_volid": null, "metadata": {}, "links": [{"rel": "self", "href": "http://10.201.9.223/volume/v3/volumes/be41096f-33d9-4c0d-8ee6-691ef5705ef4"}, {"rel": "bookmark", "href": "http://10.201.9.223/volume/volumes/be41096f-33d9-4c0d-8ee6-691ef5705ef4"}], "user_id": "6f86ceea6679486d8d7509ed969ed3e2", "bootable": "false", "encrypted": false, "replication_status": null, "consistencygroup_id": null, "multiattach": false, "attachments": [], "os-vol-tenant-attr:tenant_id": "8d8beb5121054ae6a6240a05895eee17"}}'
2026-03-17 11:05:50,605 125212 INFO     [tempest.lib.common.rest_client] Request (VolumeRetypeWithoutMigrationTest:_run_cleanups): 202 DELETE http://10.201.9.223/volume/v3/volumes/be41096f-33d9-4c0d-8ee6-691ef5705ef4 0.070s
2026-03-17 11:05:50,605 125212 DEBUG    [tempest.lib.common.rest_client] Request - Headers: {'Content-Type': 'application/json', 'Accept': 'application/json', 'X-Auth-Token': '<omitted>'}
        Body: None
    Response - Headers: {'date': 'Tue, 17 Mar 2026 11:05:50 GMT', 'server': 'Apache/2.4.58 (Ubuntu)', 'content-length': '0', 'content-type': 'text/html; charset=UTF-8', 'openstack-api-version': 'volume 3.0', 'vary': 'OpenStack-API-Version', 'x-openstack-request-id': 'req-730653fc-a9d8-4b31-9783-02a1efdc0b56', 'connection': 'close', 'status': '202', 'content-location': 'http://10.201.9.223/volume/v3/volumes/be41096f-33d9-4c0d-8ee6-691ef5705ef4'}
        Body: b''
2026-03-17 11:05:50,623 125212 INFO     [tempes
    t.lib.common.rest_client] Request (VolumeRetypeWithoutMigrationTest:_run_cleanups): 404 GET http://10.201.9.223/volume/v3/volumes/be41096f-33d9-4c0d-8ee6-691ef5705ef4 0.017s
2026-03-17 11:05:50,623 125212 DEBUG    [tempest.lib.common.rest_client] Request - Headers: {'Content-Type': 'application/json', 'Accept': 'application/json', 'X-Auth-Token': '<omitted>'}
        Body: None
    Response - Headers: {'date': 'Tue, 17 Mar 2026 11:05:50 GMT', 'server': 'Apache/2.4.58 (Ubuntu)', 'openstack-api-version': 'volume 3.0', 'vary': 'OpenStack-API-Version', 'content-length': '109', 'content-type': 'application/json', 'x-compute-request-id': 'req-02a28777-7359-4b64-bd2e-f954a277df54', 'x-openstack-request-id': 'req-02a28777-7359-4b64-bd2e-f954a277df54', 'connection': 'close', 'status': '404', 'content-location': 'http://10.201.9.223/volume/v3/volumes/be41096f-33d9-4c0d-8ee6-691ef5705ef4'}
        Body: b'{"itemNotFound": {"code": 404, "message": "Volume be41096f-33d9-4c0d-8ee6-691ef5705ef4 could not be found."}}'

{0} tempest.api.volume.******.test_volume_services.VolumesServicesTestJSON.test_get_service_by_host_name [0.012955s] ... ok
{0} tempest.api.volume.******.test_volume_services.VolumesServicesTestJSON.test_get_service_by_service_and_host_name [0.011569s] ... ok
{0} tempest.api.volume.******.test_volume_services.VolumesServicesTestJSON.test_get_service_by_service_binary_name [0.008308s] ... ok
{0} tempest.api.volume.******.test_volume_services.VolumesServicesTestJSON.test_get_service_by_volume_host_name [1.416361s] ... FAILED

Captured traceback:
~~~~~~~~~~~~~~~~~~~
    Traceback (most recent call last):

      File "/opt/stack/tempest/tempest/api/volume/******/test_volume_services.py", line 76, in test_get_service_by_volume_host_name
    volume_id = self.create_volume()['id']
                ^^^^^^^^^^^^^^^^^^^^

      File "/opt/stack/tempest/tempest/api/volume/base.py", line 144, in create_volume
    waiters.wait_for_volume_resource_status(self.volumes_client,

      File "/opt/stack/tempest/tempest/common/waiters.py", line 379, in wait_for_volume_resource_status
    raise exceptions.VolumeResourceBuildErrorException(

    tempest.exceptions.VolumeResourceBuildErrorException: volume 966e5bc9-2bbe-478e-8369-02a2d032bde4 failed to build and is in ERROR status


Captured pythonlogging:
~~~~~~~~~~~~~~~~~~~~~~~
    2026-03-17 11:05:52,887 125212 INFO     [tempest.lib.common.rest_client] Request (VolumesServicesTestJSON:test_get_service_by_volume_host_name): 202 POST http://10.201.9.223/volume/v3/volumes 0.210s
2026-03-17 11:05:52,888 125212 DEBUG    [tempest.lib.common.rest_client] Request - Headers: {'Content-Type': 'application/json', 'Accept': 'application/json', 'X-Auth-Token': '<omitted>'}
        Body: {"volume": {"size": 1, "name": "tempest-VolumesServicesTestJSON-Volume-186759868"}}
    Response - Headers: {'date': 'Tue, 17 Mar 2026 11:05:52 GMT', 'server': 'Apache/2.4.58 (Ubuntu)', 'content-type': 'application/json', 'x-compute-request-id': 'req-9cc5fcde-c0bc-46e5-81a7-a08238837f21', 'content-length': '752', 'openstack-api-version': 'volume 3.0', 'vary': 'OpenStack-API-Version', 'x-openstack-request-id': 'req-9cc5fcde-c0bc-46e5-81a7-a08238837f21', 'connection': 'close', 'status': '202', 'content-location': 'http://10.201.9.223/volume/v3/volumes'}
        Body: b'{"volume": {"id": "966e5bc9-2bbe-478e-8369-02a2d032bde4", "status": "creating", "size": 1, "availability_zone": "nova", "created_at": "2026-03-17T11:05:52.840120", "updated_at": null, "name": "tempest-VolumesServicesTestJSON-Volume-186759868", "description": null, "volume_type": "3par1", "snapshot_id": null, "source_volid": null, "metadata": {}, "links": [{"rel": "self", "href": "http://10.201.9.223/volume/v3/volumes/966e5bc9-2bbe-478e-8369-02a2d032bde4"}, {"rel": "bookmark", "href": "http://10.201.9.223/volume/volumes/966e5bc9-2bbe-478e-8369-02a2d032bde4"}], "user_id": "fee2141d3d104490b64252503cfcb154", "bootable": "false", "encrypted": false, "replication_status": null, "consistencygroup_id": null, "multiattach": false, "attachments": []}}'
2026-03-17 11:05:52,916 125212 INFO     [tempest.lib.common.rest_client] Request (VolumesServicesTestJSON:test_get_service_by_volume_host_name): 200 GET http://10.201.9.223/volume/v3/volumes/966e5bc9-2bbe-478e-8369-02a2d032bde4 0.017s
2026-03-17 11:05:52,917 125212 DEBUG    [tempest.lib.common.rest_client] Request - Headers: {'Content-Type': 'application/json', 'Accept': 'application/json', 'X-Auth-Token': '<omitted>'}
        Body: None
    Response - Headers: {'date': 'Tue, 17 Mar 2026 11:05:52 GMT', 'server': 'Apache/2.4.58 (Ubuntu)', 'content-type': 'application/json', 'x-compute-request-id': 'req-fad710b4-8f7a-4cbe-b09a-58a1405db98f', 'content-length': '820', 'openstack-api-version': 'volume 3.0', 'vary': 'OpenStack-API-Version', 'x-openstack-request-id': 'req-fad710b4-8f7a-4cbe-b09a-58a1405db98f', 'connection': 'close', 'status': '200', 'content-location': 'http://10.201.9.223/volume/v3/volumes/966e5bc9-2bbe-478e-8369-02a2d032bde4'}
        Body: b'{"volume": {"id": "966e5bc9-2bbe-478e-8369-02a2d032bde4", "status": "creating", "size": 1, "availability_zone": "nova", "created_at": "2026-03-17T11:05:53.000000", "updated_at": null, "name": "tempest-VolumesServicesTestJSON-Volume-186759868", "description": null, "volume_type": "3par1", "snapshot_id": null, "source_volid": null, "metadata": {}, "links": [{"rel": "self", "href": "http://10.201.9.223/volume/v3/volumes/966e5bc9-2bbe-478e-8369-02a2d032bde4"}, {"rel": "bookmark", "href": "http://10.201.9.223/volume/volumes/966e5bc9-2bbe-478e-8369-02a2d032bde4"}], "user_id": "fee2141d3d104490b64252503cfcb154", "bootable": "false", "encrypted": false, "replication_status": null, "consistencygroup_id": null, "multiattach": false, "attachments": [], "os-vol-tenant-attr:tenant_id": "03a4342525094b2baec9bad029a3f299"}}'
2026-03-17 11:05:53,955 125212 INFO     [tempest.lib.common.rest_client] Request (VolumesServicesTestJSON:test_get_service_by_volume_host_name): 200 GET http://10.201.9.223/volume/v3/volumes/966e5bc9-2bbe-478e-8369-02a2d032bde4 0.033s
2026-03-17 11:05:53,955 125212 DEBUG    [tempest.lib.common.rest_client] Request - Headers: {'Content-Type': 'application/json', 'Accept': 'application/json', 'X-Auth-Token': '<omitted>'}
        Body: None
    Response - Headers: {'date': 'Tue, 17 Mar 2026 11:05:53 GMT', 'server': 'Apache/2.4.58 (Ubuntu)', 'content-type': 'application/jso
    n', 'x-compute-request-id': 'req-35f51fe2-83a2-490d-839e-0361b10aad58', 'content-length': '841', 'openstack-api-version': 'volume 3.0', 'vary': 'OpenStack-API-Version', 'x-openstack-request-id': 'req-35f51fe2-83a2-490d-839e-0361b10aad58', 'connection': 'close', 'status': '200', 'content-location': 'http://10.201.9.223/volume/v3/volumes/966e5bc9-2bbe-478e-8369-02a2d032bde4'}
        Body: b'{"volume": {"id": "966e5bc9-2bbe-478e-8369-02a2d032bde4", "status": "error", "size": 1, "availability_zone": "nova", "created_at": "2026-03-17T11:05:53.000000", "updated_at": "2026-03-17T11:05:53.000000", "name": "tempest-VolumesServicesTestJSON-Volume-186759868", "description": null, "volume_type": "3par1", "snapshot_id": null, "source_volid": null, "metadata": {}, "links": [{"rel": "self", "href": "http://10.201.9.223/volume/v3/volumes/966e5bc9-2bbe-478e-8369-02a2d032bde4"}, {"rel": "bookmark", "href": "http://10.201.9.223/volume/volumes/966e5bc9-2bbe-478e-8369-02a2d032bde4"}], "user_id": "fee2141d3d104490b64252503cfcb154", "bootable": "false", "encrypted": false, "replication_status": null, "consistencygroup_id": null, "multiattach": false, "attachments": [], "os-vol-tenant-attr:tenant_id": "03a4342525094b2baec9bad029a3f299"}}'
2026-03-17 11:05:53,990 125212 INFO     [tempest.lib.common.rest_client] Request (VolumesServicesTestJSON:_run_cleanups): 200 GET http://10.201.9.223/volume/v3/volumes/966e5bc9-2bbe-478e-8369-02a2d032bde4 0.023s
2026-03-17 11:05:53,990 125212 DEBUG    [tempest.lib.common.rest_client] Request - Headers: {'Content-Type': 'application/json', 'Accept': 'application/json', 'X-Auth-Token': '<omitted>'}
        Body: None
    Response - Headers: {'date': 'Tue, 17 Mar 2026 11:05:53 GMT', 'server': 'Apache/2.4.58 (Ubuntu)', 'content-type': 'application/json', 'x-compute-request-id': 'req-8c6a679f-b19e-45ba-8d25-49e7e0fc860a', 'content-length': '841', 'openstack-api-version': 'volume 3.0', 'vary': 'OpenStack-API-Version', 'x-openstack-request-id': 'req-8c6a679f-b19e-45ba-8d25-49e7e0fc860a', 'connection': 'close', 'status': '200', 'content-location': 'http://10.201.9.223/volume/v3/volumes/966e5bc9-2bbe-478e-8369-02a2d032bde4'}
        Body: b'{"volume": {"id": "966e5bc9-2bbe-478e-8369-02a2d032bde4", "status": "error", "size": 1, "availability_zone": "nova", "created_at": "2026-03-17T11:05:53.000000", "updated_at": "2026-03-17T11:05:53.000000", "name": "tempest-VolumesServicesTestJSON-Volume-186759868", "description": null, "volume_type": "3par1", "snapshot_id": null, "source_volid": null, "metadata": {}, "links": [{"rel": "self", "href": "http://10.201.9.223/volume/v3/volumes/966e5bc9-2bbe-478e-8369-02a2d032bde4"}, {"rel": "bookmark", "href": "http://10.201.9.223/volume/volumes/966e5bc9-2bbe-478e-8369-02a2d032bde4"}], "user_id": "fee2141d3d104490b64252503cfcb154", "bootable": "false", "encrypted": false, "replication_status": null, "consistencygroup_id": null, "multiattach": false, "attachments": [], "os-vol-tenant-attr:tenant_id": "03a4342525094b2baec9bad029a3f299"}}'
2026-03-17 11:05:54,076 125212 INFO     [tempest.lib.common.rest_client] Request (VolumesServicesTestJSON:_run_cleanups): 202 DELETE http://10.201.9.223/volume/v3/volumes/966e5bc9-2bbe-478e-8369-02a2d032bde4 0.073s
2026-03-17 11:05:54,076 125212 DEBUG    [tempest.lib.common.rest_client] Request - Headers: {'Content-Type': 'application/json', 'Accept': 'application/json', 'X-Auth-Token': '<omitted>'}
        Body: None
    Response - Headers: {'date': 'Tue, 17 Mar 2026 11:05:54 GMT', 'server': 'Apache/2.4.58 (Ubuntu)', 'content-length': '0', 'content-type': 'text/html; charset=UTF-8', 'openstack-api-version': 'volume 3.0', 'vary': 'OpenStack-API-Version', 'x-openstack-request-id': 'req-75a96412-0806-4119-88f0-1decac607478', 'connection': 'close', 'status': '202', 'content-location': 'http://10.201.9.223/volume/v3/volumes/966e5bc9-2bbe-478e-8369-02a2d032bde4'}
        Body: b''
2026-03-17 11:05:54,092 125212 INFO     [tempest.lib.common.rest_client] Request (VolumesServicesTestJSON:_run_cleanups): 404 GET http://10.201.9.223/volume/v3/volumes/966e5bc9-2bbe-
    478e-8369-02a2d032bde4 0.015s
2026-03-17 11:05:54,092 125212 DEBUG    [tempest.lib.common.rest_client] Request - Headers: {'Content-Type': 'application/json', 'Accept': 'application/json', 'X-Auth-Token': '<omitted>'}
        Body: None
    Response - Headers: {'date': 'Tue, 17 Mar 2026 11:05:54 GMT', 'server': 'Apache/2.4.58 (Ubuntu)', 'openstack-api-version': 'volume 3.0', 'vary': 'OpenStack-API-Version', 'content-length': '109', 'content-type': 'application/json', 'x-compute-request-id': 'req-1e9db355-945d-4d1e-af30-4a5bbcb811dc', 'x-openstack-request-id': 'req-1e9db355-945d-4d1e-af30-4a5bbcb811dc', 'connection': 'close', 'status': '404', 'content-location': 'http://10.201.9.223/volume/v3/volumes/966e5bc9-2bbe-478e-8369-02a2d032bde4'}
        Body: b'{"itemNotFound": {"code": 404, "message": "Volume 966e5bc9-2bbe-478e-8369-02a2d032bde4 could not be found."}}'

{0} tempest.api.volume.******.test_volume_services.VolumesServicesTestJSON.test_list_services [0.017693s] ... ok
{0} tempest.api.volume.******.test_volume_services_negative.VolumeServicesNegativeTest.test_disable_log_reason_with_no_reason [0.007712s] ... ok
{0} tempest.api.volume.******.test_volume_services_negative.VolumeServicesNegativeTest.test_disable_service_with_invalid_binary [0.017590s] ... ok
{0} tempest.api.volume.******.test_volume_services_negative.VolumeServicesNegativeTest.test_enable_service_with_invalid_host [0.014337s] ... ok
{0} tempest.api.volume.******.test_volume_services_negative.VolumeServicesNegativeTest.test_freeze_host_with_invalid_host [0.009568s] ... ok
{0} tempest.api.volume.******.test_volume_services_negative.VolumeServicesNegativeTest.test_thaw_host_with_invalid_host [0.008850s] ... ok
{0} setUpClass (tempest.api.volume.******.test_volume_snapshot_quotas_negative.VolumeSnapshotQuotasNegativeTestJSON) [0.000000s] ... FAILED

Captured traceback:
~~~~~~~~~~~~~~~~~~~
    Traceback (most recent call last):

      File "/opt/stack/tempest/tempest/test.py", line 185, in setUpClass
    raise value.with_traceback(trace)

      File "/opt/stack/tempest/tempest/test.py", line 178, in setUpClass
    cls.resource_setup()

      File "/opt/stack/tempest/tempest/api/volume/******/test_volume_snapshot_quotas_negative.py", line 65, in resource_setup
    cls.volume = cls.create_volume()
                 ^^^^^^^^^^^^^^^^^^^

      File "/opt/stack/tempest/tempest/api/volume/base.py", line 144, in create_volume
    waiters.wait_for_volume_resource_status(self.volumes_client,

      File "/opt/stack/tempest/tempest/common/waiters.py", line 379, in wait_for_volume_resource_status
    raise exceptions.VolumeResourceBuildErrorException(

    tempest.exceptions.VolumeResourceBuildErrorException: volume ac6b59d8-b7e2-4248-af79-5de09c576765 failed to build and is in ERROR status

{0} tempest.api.volume.******.test_volume_type_access.VolumeTypesAccessTest.test_volume_type_access_add [1.587365s] ... FAILED

Captured traceback:
~~~~~~~~~~~~~~~~~~~
    Traceback (most recent call last):

      File "/opt/stack/tempest/tempest/api/volume/******/test_volume_type_access.py", line 51, in test_volume_type_access_add
    volume = self.create_volume(volume_type=volume_type['id'])
             ^^^^^^^^^^^^^^^^^^^^^^^^^^^^^^^^^^^^^^^^^^^^^^^^^

      File "/opt/stack/tempest/tempest/api/volume/base.py", line 144, in create_volume
    waiters.wait_for_volume_resource_status(self.volumes_client,

      File "/opt/stack/tempest/tempest/common/waiters.py", line 379, in wait_for_volume_resource_status
    raise exceptions.VolumeResourceBuildErrorException(

    tempest.exceptions.VolumeResourceBuildErrorException: volume 4e6c0c10-5558-4c43-a77d-ff828c5a3ae7 failed to build and is in ERROR status


Captured pythonlogging:
~~~~~~~~~~~~~~~~~~~~~~~
    2026-03-17 11:06:01,924 125212 INFO     [tempest.lib.common.rest_client] Request (VolumeTypesAccessTest:test_volume_type_access_add): 200 POST http://10.201.9.223/volume/v3/types 0.078s
2026-03-17 11:06:01,924 125212 DEBUG    [tempest.lib.common.rest_client] Request - Headers: {'Content-Type': 'application/json', 'Accept': 'application/json', 'X-Auth-Token': '<omitted>'}
        Body: {"volume_type": {"name": "tempest-VolumeTypesAccessTest-volume-type-149483541", "os-volume-type-access:is_public": false}}
    Response - Headers: {'date': 'Tue, 17 Mar 2026 11:06:01 GMT', 'server': 'Apache/2.4.58 (Ubuntu)', 'content-type': 'application/json', 'x-compute-request-id': 'req-66793179-37b6-4b8a-a9cb-4062bc9aaa08', 'content-length': '228', 'openstack-api-version': 'volume 3.0', 'vary': 'OpenStack-API-Version', 'x-openstack-request-id': 'req-66793179-37b6-4b8a-a9cb-4062bc9aaa08', 'connection': 'close', 'status': '200', 'content-location': 'http://10.201.9.223/volume/v3/types'}
        Body: b'{"volume_type": {"id": "a746f67a-56ba-4fb6-b8a1-781e64be73fb", "name": "tempest-VolumeTypesAccessTest-volume-type-149483541", "is_public": false, "extra_specs": {}, "description": null, "os-volume-type-access:is_public": false}}'
2026-03-17 11:06:01,994 125212 INFO     [tempest.lib.common.rest_client] Request (VolumeTypesAccessTest:test_volume_type_access_add): 404 POST http://10.201.9.223/volume/v3/volumes 0.069s
2026-03-17 11:06:01,995 125212 DEBUG    [tempest.lib.common.rest_client] Request - Headers: {'Content-Type': 'application/json', 'Accept': 'application/json', 'X-Auth-Token': '<omitted>'}
        Body: {"volume": {"volume_type": "a746f67a-56ba-4fb6-b8a1-781e64be73fb", "size": 1}}
    Response - Headers: {'date': 'Tue, 17 Mar 2026 11:06:01 GMT', 'server': 'Apache/2.4.58 (Ubuntu)', 'openstack-api-version': 'volume 3.0', 'vary': 'OpenStack-API-Version', 'content-length': '114', 'content-type': 'application/json', 'x-compute-request-id': 'req-f1f08fa1-6418-4cea-82fe-8c84d6a2eec8', 'x-openstack-request-id': 'req-f1f08fa1-6418-4cea-82fe-8c84d6a2eec8', 'connection': 'close', 'status': '404', 'content-location': 'http://10.201.9.223/volume/v3/volumes'}
        Body: b'{"itemNotFound": {"code": 404, "message": "Volume type a746f67a-56ba-4fb6-b8a1-781e64be73fb could not be found."}}'
2026-03-17 11:06:01,995 125212 WARNING  [tempest.lib.common.rest_client] Deprecated: "tenant_id" property is deprecated for removal, use "project_id" instead
2026-03-17 11:06:02,016 125212 INFO     [tempest.lib.common.rest_client] Request (VolumeTypesAccessTest:test_volume_type_access_add): 202 POST http://10.201.9.223/volume/v3/types/a746f67a-56ba-4fb6-b8a1-781e64be73fb/action 0.021s
2026-03-17 11:06:02,016 125212 DEBUG    [tempest.lib.common.rest_client] Request - Headers: {'Content-Type': 'application/json', 'Accept': 'application/json', 'X-Auth-Token': '<omitted>'}
        Body: {"addProjectAccess": {"project": "03140b6674d84488a355c7df39d96ff8"}}
    Response - Headers: {'date': 'Tue, 17 Mar 2026 11:06:01 GMT', 'server': 'Apache/2.4.58 (Ubuntu)', 'content-length': '0', 'content-type': 'text/html; charset=UTF-8', 'openstack-api-version': 'volume 3.0', 'vary': 'OpenStack-API-Version', 'x-openstack-request-id': 'req-646e0c54-d2c2-4da2-bf3b-b35657648dc9', 'connection': 'close', 'status': '202', 'content-location': 'http://10.201.9.223/volume/v3/types/a746f67a-56ba-4fb6-b8a1-781e64be73fb/action'}
        Body: b''
2026-03-17 11:06:02,160 125212 INFO     [tempest.lib.common.rest_client] Request (VolumeTypesAccessTest:test_volume_type_access_add): 202 POST http://10.201.9.223/volume/v3/volumes 0.143s
2026-03-17 11:06:02,160 125212 DEBUG    [tempest.lib.common.rest_client] Request - Headers: {'Content-Type': 'application/json', 'Accept': 'application/json', 'X-Auth-Token': '<omitted>'}
        Body: {"volume": {"volume_type": "a746f67a-56ba-4fb6-b8a1-781e64be73fb", "size": 1, "name": "tempest-VolumeTypesAccessTest-Volume-2128567676"}}
    Response - Headers: {'date': 'Tue, 17 Mar 2026 11:06:02 GMT', 'server': 'Apache/2.4.58 (Ubuntu)', 'content-type': 'application/j
    son', 'x-compute-request-id': 'req-218466b7-9a6c-45fa-8bab-4caac05e75ed', 'content-length': '797', 'openstack-api-version': 'volume 3.0', 'vary': 'OpenStack-API-Version', 'x-openstack-request-id': 'req-218466b7-9a6c-45fa-8bab-4caac05e75ed', 'connection': 'close', 'status': '202', 'content-location': 'http://10.201.9.223/volume/v3/volumes'}
        Body: b'{"volume": {"id": "4e6c0c10-5558-4c43-a77d-ff828c5a3ae7", "status": "creating", "size": 1, "availability_zone": "nova", "created_at": "2026-03-17T11:06:02.119517", "updated_at": null, "name": "tempest-VolumeTypesAccessTest-Volume-2128567676", "description": null, "volume_type": "tempest-VolumeTypesAccessTest-volume-type-149483541", "snapshot_id": null, "source_volid": null, "metadata": {}, "links": [{"rel": "self", "href": "http://10.201.9.223/volume/v3/volumes/4e6c0c10-5558-4c43-a77d-ff828c5a3ae7"}, {"rel": "bookmark", "href": "http://10.201.9.223/volume/volumes/4e6c0c10-5558-4c43-a77d-ff828c5a3ae7"}], "user_id": "71ffea572fd84577bc5ca23be5395e23", "bootable": "false", "encrypted": false, "replication_status": null, "consistencygroup_id": null, "multiattach": false, "attachments": []}}'
2026-03-17 11:06:02,186 125212 INFO     [tempest.lib.common.rest_client] Request (VolumeTypesAccessTest:test_volume_type_access_add): 200 GET http://10.201.9.223/volume/v3/volumes/4e6c0c10-5558-4c43-a77d-ff828c5a3ae7 0.023s
2026-03-17 11:06:02,187 125212 DEBUG    [tempest.lib.common.rest_client] Request - Headers: {'Content-Type': 'application/json', 'Accept': 'application/json', 'X-Auth-Token': '<omitted>'}
        Body: None
    Response - Headers: {'date': 'Tue, 17 Mar 2026 11:06:02 GMT', 'server': 'Apache/2.4.58 (Ubuntu)', 'content-type': 'application/json', 'x-compute-request-id': 'req-657a1a0b-c7c8-4d2e-90fa-2ae4f479c9d6', 'content-length': '865', 'openstack-api-version': 'volume 3.0', 'vary': 'OpenStack-API-Version', 'x-openstack-request-id': 'req-657a1a0b-c7c8-4d2e-90fa-2ae4f479c9d6', 'connection': 'close', 'status': '200', 'content-location': 'http://10.201.9.223/volume/v3/volumes/4e6c0c10-5558-4c43-a77d-ff828c5a3ae7'}
        Body: b'{"volume": {"id": "4e6c0c10-5558-4c43-a77d-ff828c5a3ae7", "status": "creating", "size": 1, "availability_zone": "nova", "created_at": "2026-03-17T11:06:02.000000", "updated_at": null, "name": "tempest-VolumeTypesAccessTest-Volume-2128567676", "description": null, "volume_type": "tempest-VolumeTypesAccessTest-volume-type-149483541", "snapshot_id": null, "source_volid": null, "metadata": {}, "links": [{"rel": "self", "href": "http://10.201.9.223/volume/v3/volumes/4e6c0c10-5558-4c43-a77d-ff828c5a3ae7"}, {"rel": "bookmark", "href": "http://10.201.9.223/volume/volumes/4e6c0c10-5558-4c43-a77d-ff828c5a3ae7"}], "user_id": "71ffea572fd84577bc5ca23be5395e23", "bootable": "false", "encrypted": false, "replication_status": null, "consistencygroup_id": null, "multiattach": false, "attachments": [], "os-vol-tenant-attr:tenant_id": "03140b6674d84488a355c7df39d96ff8"}}'
2026-03-17 11:06:03,228 125212 INFO     [tempest.lib.common.rest_client] Request (VolumeTypesAccessTest:test_volume_type_access_add): 200 GET http://10.201.9.223/volume/v3/volumes/4e6c0c10-5558-4c43-a77d-ff828c5a3ae7 0.034s
2026-03-17 11:06:03,228 125212 DEBUG    [tempest.lib.common.rest_client] Request - Headers: {'Content-Type': 'application/json', 'Accept': 'application/json', 'X-Auth-Token': '<omitted>'}
        Body: None
    Response - Headers: {'date': 'Tue, 17 Mar 2026 11:06:03 GMT', 'server': 'Apache/2.4.58 (Ubuntu)', 'content-type': 'application/json', 'x-compute-request-id': 'req-6492304f-dd72-40cc-8b82-36c8477de605', 'content-length': '886', 'openstack-api-version': 'volume 3.0', 'vary': 'OpenStack-API-Version', 'x-openstack-request-id': 'req-6492304f-dd72-40cc-8b82-36c8477de605', 'connection': 'close', 'status': '200', 'content-location': 'http://10.201.9.223/volume/v3/volumes/4e6c0c10-5558-4c43-a77d-ff828c5a3ae7'}
        Body: b'{"volume": {"id": "4e6c0c10-5558-4c43-a77d-ff828c5a3ae7", "status": "error", "size": 1, "availability_zone": "nova", "created_at": "2026-03-17T11:06:02.0000
    00", "updated_at": "2026-03-17T11:06:02.000000", "name": "tempest-VolumeTypesAccessTest-Volume-2128567676", "description": null, "volume_type": "tempest-VolumeTypesAccessTest-volume-type-149483541", "snapshot_id": null, "source_volid": null, "metadata": {}, "links": [{"rel": "self", "href": "http://10.201.9.223/volume/v3/volumes/4e6c0c10-5558-4c43-a77d-ff828c5a3ae7"}, {"rel": "bookmark", "href": "http://10.201.9.223/volume/volumes/4e6c0c10-5558-4c43-a77d-ff828c5a3ae7"}], "user_id": "71ffea572fd84577bc5ca23be5395e23", "bootable": "false", "encrypted": false, "replication_status": null, "consistencygroup_id": null, "multiattach": false, "attachments": [], "os-vol-tenant-attr:tenant_id": "03140b6674d84488a355c7df39d96ff8"}}'
2026-03-17 11:06:03,262 125212 INFO     [tempest.lib.common.rest_client] Request (VolumeTypesAccessTest:_run_cleanups): 200 GET http://10.201.9.223/volume/v3/volumes/4e6c0c10-5558-4c43-a77d-ff828c5a3ae7 0.022s
2026-03-17 11:06:03,262 125212 DEBUG    [tempest.lib.common.rest_client] Request - Headers: {'Content-Type': 'application/json', 'Accept': 'application/json', 'X-Auth-Token': '<omitted>'}
        Body: None
    Response - Headers: {'date': 'Tue, 17 Mar 2026 11:06:03 GMT', 'server': 'Apache/2.4.58 (Ubuntu)', 'content-type': 'application/json', 'x-compute-request-id': 'req-34cc58ee-17e4-4e98-ac4a-195a0d420ed9', 'content-length': '886', 'openstack-api-version': 'volume 3.0', 'vary': 'OpenStack-API-Version', 'x-openstack-request-id': 'req-34cc58ee-17e4-4e98-ac4a-195a0d420ed9', 'connection': 'close', 'status': '200', 'content-location': 'http://10.201.9.223/volume/v3/volumes/4e6c0c10-5558-4c43-a77d-ff828c5a3ae7'}
        Body: b'{"volume": {"id": "4e6c0c10-5558-4c43-a77d-ff828c5a3ae7", "status": "error", "size": 1, "availability_zone": "nova", "created_at": "2026-03-17T11:06:02.000000", "updated_at": "2026-03-17T11:06:02.000000", "name": "tempest-VolumeTypesAccessTest-Volume-2128567676", "description": null, "volume_type": "tempest-VolumeTypesAccessTest-volume-type-149483541", "snapshot_id": null, "source_volid": null, "metadata": {}, "links": [{"rel": "self", "href": "http://10.201.9.223/volume/v3/volumes/4e6c0c10-5558-4c43-a77d-ff828c5a3ae7"}, {"rel": "bookmark", "href": "http://10.201.9.223/volume/volumes/4e6c0c10-5558-4c43-a77d-ff828c5a3ae7"}], "user_id": "71ffea572fd84577bc5ca23be5395e23", "bootable": "false", "encrypted": false, "replication_status": null, "consistencygroup_id": null, "multiattach": false, "attachments": [], "os-vol-tenant-attr:tenant_id": "03140b6674d84488a355c7df39d96ff8"}}'
2026-03-17 11:06:03,341 125212 INFO     [tempest.lib.common.rest_client] Request (VolumeTypesAccessTest:_run_cleanups): 202 DELETE http://10.201.9.223/volume/v3/volumes/4e6c0c10-5558-4c43-a77d-ff828c5a3ae7 0.074s
2026-03-17 11:06:03,341 125212 DEBUG    [tempest.lib.common.rest_client] Request - Headers: {'Content-Type': 'application/json', 'Accept': 'application/json', 'X-Auth-Token': '<omitted>'}
        Body: None
    Response - Headers: {'date': 'Tue, 17 Mar 2026 11:06:03 GMT', 'server': 'Apache/2.4.58 (Ubuntu)', 'content-length': '0', 'content-type': 'text/html; charset=UTF-8', 'openstack-api-version': 'volume 3.0', 'vary': 'OpenStack-API-Version', 'x-openstack-request-id': 'req-3a2fdaff-ddc4-4974-9efb-cf7f4e7bb826', 'connection': 'close', 'status': '202', 'content-location': 'http://10.201.9.223/volume/v3/volumes/4e6c0c10-5558-4c43-a77d-ff828c5a3ae7'}
        Body: b''
2026-03-17 11:06:03,371 125212 INFO     [tempest.lib.common.rest_client] Request (VolumeTypesAccessTest:_run_cleanups): 404 GET http://10.201.9.223/volume/v3/volumes/4e6c0c10-5558-4c43-a77d-ff828c5a3ae7 0.029s
2026-03-17 11:06:03,371 125212 DEBUG    [tempest.lib.common.rest_client] Request - Headers: {'Content-Type': 'application/json', 'Accept': 'application/json', 'X-Auth-Token': '<omitted>'}
        Body: None
    Response - Headers: {'date': 'Tue, 17 Mar 2026 11:06:03 GMT', 'server': 'Apache/2.4.58 (Ubuntu)', 'openstack-api-version': 'volume 3.0', 'vary': 'OpenStack-API-Version', 'content-length': '109', 'content-type': 'application/
    json', 'x-compute-request-id': 'req-6e925a59-0085-4e19-9e4c-6f418858d51d', 'x-openstack-request-id': 'req-6e925a59-0085-4e19-9e4c-6f418858d51d', 'connection': 'close', 'status': '404', 'content-location': 'http://10.201.9.223/volume/v3/volumes/4e6c0c10-5558-4c43-a77d-ff828c5a3ae7'}
        Body: b'{"itemNotFound": {"code": 404, "message": "Volume 4e6c0c10-5558-4c43-a77d-ff828c5a3ae7 could not be found."}}'
2026-03-17 11:06:03,389 125212 INFO     [tempest.lib.common.rest_client] Request (VolumeTypesAccessTest:_run_cleanups): 202 POST http://10.201.9.223/volume/v3/types/a746f67a-56ba-4fb6-b8a1-781e64be73fb/action 0.017s
2026-03-17 11:06:03,389 125212 DEBUG    [tempest.lib.common.rest_client] Request - Headers: {'Content-Type': 'application/json', 'Accept': 'application/json', 'X-Auth-Token': '<omitted>'}
        Body: {"removeProjectAccess": {"project": "03140b6674d84488a355c7df39d96ff8"}}
    Response - Headers: {'date': 'Tue, 17 Mar 2026 11:06:03 GMT', 'server': 'Apache/2.4.58 (Ubuntu)', 'content-length': '0', 'content-type': 'text/html; charset=UTF-8', 'openstack-api-version': 'volume 3.0', 'vary': 'OpenStack-API-Version', 'x-openstack-request-id': 'req-f5d7510e-a06d-4bbb-8870-1b2284c18489', 'connection': 'close', 'status': '202', 'content-location': 'http://10.201.9.223/volume/v3/types/a746f67a-56ba-4fb6-b8a1-781e64be73fb/action'}
        Body: b''
2026-03-17 11:06:03,424 125212 INFO     [tempest.lib.common.rest_client] Request (VolumeTypesAccessTest:_run_cleanups): 202 DELETE http://10.201.9.223/volume/v3/types/a746f67a-56ba-4fb6-b8a1-781e64be73fb 0.034s
2026-03-17 11:06:03,424 125212 DEBUG    [tempest.lib.common.rest_client] Request - Headers: {'Content-Type': 'application/json', 'Accept': 'application/json', 'X-Auth-Token': '<omitted>'}
        Body: None
    Response - Headers: {'date': 'Tue, 17 Mar 2026 11:06:03 GMT', 'server': 'Apache/2.4.58 (Ubuntu)', 'content-length': '0', 'content-type': 'text/html; charset=UTF-8', 'openstack-api-version': 'volume 3.0', 'vary': 'OpenStack-API-Version', 'x-openstack-request-id': 'req-3c6bbb12-5de0-4e5a-94e0-80947b9075df', 'connection': 'close', 'status': '202', 'content-location': 'http://10.201.9.223/volume/v3/types/a746f67a-56ba-4fb6-b8a1-781e64be73fb'}
        Body: b''
2026-03-17 11:06:03,433 125212 INFO     [tempest.lib.common.rest_client] Request (VolumeTypesAccessTest:_run_cleanups): 404 GET http://10.201.9.223/volume/v3/types/a746f67a-56ba-4fb6-b8a1-781e64be73fb 0.008s
2026-03-17 11:06:03,433 125212 DEBUG    [tempest.lib.common.rest_client] Request - Headers: {'Content-Type': 'application/json', 'Accept': 'application/json', 'X-Auth-Token': '<omitted>'}
        Body: None
    Response - Headers: {'date': 'Tue, 17 Mar 2026 11:06:03 GMT', 'server': 'Apache/2.4.58 (Ubuntu)', 'openstack-api-version': 'volume 3.0', 'vary': 'OpenStack-API-Version', 'content-length': '114', 'content-type': 'application/json', 'x-compute-request-id': 'req-4c9ceab4-8cda-4902-be76-cb2fb74a665d', 'x-openstack-request-id': 'req-4c9ceab4-8cda-4902-be76-cb2fb74a665d', 'connection': 'close', 'status': '404', 'content-location': 'http://10.201.9.223/volume/v3/types/a746f67a-56ba-4fb6-b8a1-781e64be73fb'}
        Body: b'{"itemNotFound": {"code": 404, "message": "Volume type a746f67a-56ba-4fb6-b8a1-781e64be73fb could not be found."}}'

{0} tempest.api.volume.******.test_volume_type_access.VolumeTypesAccessTest.test_volume_type_access_list [0.157589s] ... ok
{0} tempest.api.volume.******.test_volume_types.VolumeTypesTest.test_volume_crud_with_volume_type_and_extra_specs [1.538395s] ... FAILED

Captured traceback:
~~~~~~~~~~~~~~~~~~~
    Traceback (most recent call last):

      File "/opt/stack/tempest/tempest/api/volume/******/test_volume_types.py", line 56, in test_volume_crud_with_volume_type_and_extra_specs
    volume = self.create_volume(**params)
             ^^^^^^^^^^^^^^^^^^^^^^^^^^^^

      File "/opt/stack/tempest/tempest/api/volume/base.py", line 144, in create_volume
    waiters.wait_for_volume_resource_status(self.volumes_client,

      File "/opt/stack/tempest/tempest/common/waiters.py", line 379, in wait_for_volume_resource_status
    raise exceptions.VolumeResourceBuildErrorException(

    tempest.exceptions.VolumeResourceBuildErrorException: volume 224a70d0-b047-4296-b48f-257ceda084ed failed to build and is in ERROR status


Captured pythonlogging:
~~~~~~~~~~~~~~~~~~~~~~~
    2026-03-17 11:06:06,060 125212 INFO     [tempest.lib.common.rest_client] Request (VolumeTypesTest:test_volume_crud_with_volume_type_and_extra_specs): 200 POST http://10.201.9.223/volume/v3/types 0.081s
2026-03-17 11:06:06,060 125212 DEBUG    [tempest.lib.common.rest_client] Request - Headers: {'Content-Type': 'application/json', 'Accept': 'application/json', 'X-Auth-Token': '<omitted>'}
        Body: {"volume_type": {"name": "tempest-VolumeTypesTest-volume-type-1536806095", "extra_specs": {"storage_protocol": "iSCSI", "vendor_name": "Hewlett Packard Enterprise"}}}
    Response - Headers: {'date': 'Tue, 17 Mar 2026 11:06:05 GMT', 'server': 'Apache/2.4.58 (Ubuntu)', 'content-type': 'application/json', 'x-compute-request-id': 'req-6f2cfb5e-4164-453c-ab51-ed62d131e77f', 'content-length': '293', 'openstack-api-version': 'volume 3.0', 'vary': 'OpenStack-API-Version', 'x-openstack-request-id': 'req-6f2cfb5e-4164-453c-ab51-ed62d131e77f', 'connection': 'close', 'status': '200', 'content-location': 'http://10.201.9.223/volume/v3/types'}
        Body: b'{"volume_type": {"id": "12cd92ce-4376-408e-bf62-d650322d3388", "name": "tempest-VolumeTypesTest-volume-type-1536806095", "is_public": true, "extra_specs": {"storage_protocol": "iSCSI", "vendor_name": "Hewlett Packard Enterprise"}, "description": null, "os-volume-type-access:is_public": true}}'
2026-03-17 11:06:06,086 125212 INFO     [tempest.lib.common.rest_client] Request (VolumeTypesTest:test_volume_crud_with_volume_type_and_extra_specs): 200 POST http://10.201.9.223/volume/v3/types 0.025s
2026-03-17 11:06:06,087 125212 DEBUG    [tempest.lib.common.rest_client] Request - Headers: {'Content-Type': 'application/json', 'Accept': 'application/json', 'X-Auth-Token': '<omitted>'}
        Body: {"volume_type": {"name": "tempest-VolumeTypesTest-volume-type-1775617558", "extra_specs": {"storage_protocol": "iSCSI", "vendor_name": "Hewlett Packard Enterprise"}}}
    Response - Headers: {'date': 'Tue, 17 Mar 2026 11:06:06 GMT', 'server': 'Apache/2.4.58 (Ubuntu)', 'content-type': 'application/json', 'x-compute-request-id': 'req-e65ea3c5-5d82-416d-a4a5-59f243282ead', 'content-length': '293', 'openstack-api-version': 'volume 3.0', 'vary': 'OpenStack-API-Version', 'x-openstack-request-id': 'req-e65ea3c5-5d82-416d-a4a5-59f243282ead', 'connection': 'close', 'status': '200', 'content-location': 'http://10.201.9.223/volume/v3/types'}
        Body: b'{"volume_type": {"id": "43683cac-028c-4095-b2c3-030bb9fc203c", "name": "tempest-VolumeTypesTest-volume-type-1775617558", "is_public": true, "extra_specs": {"storage_protocol": "iSCSI", "vendor_name": "Hewlett Packard Enterprise"}, "description": null, "os-volume-type-access:is_public": true}}'
2026-03-17 11:06:06,279 125212 INFO     [tempest.lib.common.rest_client] Request (VolumeTypesTest:test_volume_crud_with_volume_type_and_extra_specs): 202 POST http://10.201.9.223/volume/v3/volumes 0.188s
2026-03-17 11:06:06,279 125212 DEBUG    [tempest.lib.common.rest_client] Request - Headers: {'Content-Type': 'application/json', 'Accept': 'application/json', 'X-Auth-Token': '<omitted>'}
        Body: {"volume": {"name": "tempest-VolumeTypesTest-volume-363726576", "volume_type": "12cd92ce-4376-408e-bf62-d650322d3388", "size": 1}}
    Response - Headers: {'date': 'Tue, 17 Mar 2026 11:06:06 GMT', 'server': 'Apache/2.4.58 (Ubuntu)', 'content-type': 'application/json', 'x-compute-request-id': 'req-b72d0371-129a-4609-a4c3-619129343079', 'content-length': '785', 'openstack-api-version': 'volume 3.0', 'vary': 'OpenStack-API-Version', 'x-openstack-request-id': 'req-b72d0371-129a-4609-a4c3-619129343079', 'connection': 'close', 'status': '202', 'content-location': 'http://10.201.9.223/volume/v3/volumes'}
        Body: b'{"volume": {"id": "224a70d0-b047-4296-b48f-257ceda084ed", "status": "creating", "size": 1, "availability_zone": "nova", "created_at": "2026-03-17T11:06:06.237453", "updated_at": null, "name": "tempest-VolumeTypesTest-volume-363726576", "description": null, "volume_type": "tempest-VolumeTypesTest-volume-type-1536806095", "snapshot_id": null, "source_volid": nu
    ll, "metadata": {}, "links": [{"rel": "self", "href": "http://10.201.9.223/volume/v3/volumes/224a70d0-b047-4296-b48f-257ceda084ed"}, {"rel": "bookmark", "href": "http://10.201.9.223/volume/volumes/224a70d0-b047-4296-b48f-257ceda084ed"}], "user_id": "7a578a28b8af4b7b89fe0d892aef3ca0", "bootable": "false", "encrypted": false, "replication_status": null, "consistencygroup_id": null, "multiattach": false, "attachments": []}}'
2026-03-17 11:06:06,302 125212 INFO     [tempest.lib.common.rest_client] Request (VolumeTypesTest:test_volume_crud_with_volume_type_and_extra_specs): 200 GET http://10.201.9.223/volume/v3/volumes/224a70d0-b047-4296-b48f-257ceda084ed 0.018s
2026-03-17 11:06:06,302 125212 DEBUG    [tempest.lib.common.rest_client] Request - Headers: {'Content-Type': 'application/json', 'Accept': 'application/json', 'X-Auth-Token': '<omitted>'}
        Body: None
    Response - Headers: {'date': 'Tue, 17 Mar 2026 11:06:06 GMT', 'server': 'Apache/2.4.58 (Ubuntu)', 'content-type': 'application/json', 'x-compute-request-id': 'req-4d59fe09-ae98-4e84-b024-fc0bb9339c04', 'content-length': '853', 'openstack-api-version': 'volume 3.0', 'vary': 'OpenStack-API-Version', 'x-openstack-request-id': 'req-4d59fe09-ae98-4e84-b024-fc0bb9339c04', 'connection': 'close', 'status': '200', 'content-location': 'http://10.201.9.223/volume/v3/volumes/224a70d0-b047-4296-b48f-257ceda084ed'}
        Body: b'{"volume": {"id": "224a70d0-b047-4296-b48f-257ceda084ed", "status": "creating", "size": 1, "availability_zone": "nova", "created_at": "2026-03-17T11:06:06.000000", "updated_at": null, "name": "tempest-VolumeTypesTest-volume-363726576", "description": null, "volume_type": "tempest-VolumeTypesTest-volume-type-1536806095", "snapshot_id": null, "source_volid": null, "metadata": {}, "links": [{"rel": "self", "href": "http://10.201.9.223/volume/v3/volumes/224a70d0-b047-4296-b48f-257ceda084ed"}, {"rel": "bookmark", "href": "http://10.201.9.223/volume/volumes/224a70d0-b047-4296-b48f-257ceda084ed"}], "user_id": "7a578a28b8af4b7b89fe0d892aef3ca0", "bootable": "false", "encrypted": false, "replication_status": null, "consistencygroup_id": null, "multiattach": false, "attachments": [], "os-vol-tenant-attr:tenant_id": "31b0bf942674455f887d231816a7680d"}}'
2026-03-17 11:06:07,345 125212 INFO     [tempest.lib.common.rest_client] Request (VolumeTypesTest:test_volume_crud_with_volume_type_and_extra_specs): 200 GET http://10.201.9.223/volume/v3/volumes/224a70d0-b047-4296-b48f-257ceda084ed 0.033s
2026-03-17 11:06:07,345 125212 DEBUG    [tempest.lib.common.rest_client] Request - Headers: {'Content-Type': 'application/json', 'Accept': 'application/json', 'X-Auth-Token': '<omitted>'}
        Body: None
    Response - Headers: {'date': 'Tue, 17 Mar 2026 11:06:07 GMT', 'server': 'Apache/2.4.58 (Ubuntu)', 'content-type': 'application/json', 'x-compute-request-id': 'req-44e58d83-4b70-4a46-8170-b4ce69db8cc7', 'content-length': '874', 'openstack-api-version': 'volume 3.0', 'vary': 'OpenStack-API-Version', 'x-openstack-request-id': 'req-44e58d83-4b70-4a46-8170-b4ce69db8cc7', 'connection': 'close', 'status': '200', 'content-location': 'http://10.201.9.223/volume/v3/volumes/224a70d0-b047-4296-b48f-257ceda084ed'}
        Body: b'{"volume": {"id": "224a70d0-b047-4296-b48f-257ceda084ed", "status": "error", "size": 1, "availability_zone": "nova", "created_at": "2026-03-17T11:06:06.000000", "updated_at": "2026-03-17T11:06:06.000000", "name": "tempest-VolumeTypesTest-volume-363726576", "description": null, "volume_type": "tempest-VolumeTypesTest-volume-type-1536806095", "snapshot_id": null, "source_volid": null, "metadata": {}, "links": [{"rel": "self", "href": "http://10.201.9.223/volume/v3/volumes/224a70d0-b047-4296-b48f-257ceda084ed"}, {"rel": "bookmark", "href": "http://10.201.9.223/volume/volumes/224a70d0-b047-4296-b48f-257ceda084ed"}], "user_id": "7a578a28b8af4b7b89fe0d892aef3ca0", "bootable": "false", "encrypted": false, "replication_status": null, "consistencygroup_id": null, "multiattach": false, "attachments": [], "os-vol-tenant-attr:tenant_id": "31b0bf942674455f887d231816a7
    680d"}}'
2026-03-17 11:06:07,379 125212 INFO     [tempest.lib.common.rest_client] Request (VolumeTypesTest:_run_cleanups): 200 GET http://10.201.9.223/volume/v3/volumes/224a70d0-b047-4296-b48f-257ceda084ed 0.028s
2026-03-17 11:06:07,380 125212 DEBUG    [tempest.lib.common.rest_client] Request - Headers: {'Content-Type': 'application/json', 'Accept': 'application/json', 'X-Auth-Token': '<omitted>'}
        Body: None
    Response - Headers: {'date': 'Tue, 17 Mar 2026 11:06:07 GMT', 'server': 'Apache/2.4.58 (Ubuntu)', 'content-type': 'application/json', 'x-compute-request-id': 'req-a76821eb-981e-44ba-a6d9-9fae60fecc2e', 'content-length': '874', 'openstack-api-version': 'volume 3.0', 'vary': 'OpenStack-API-Version', 'x-openstack-request-id': 'req-a76821eb-981e-44ba-a6d9-9fae60fecc2e', 'connection': 'close', 'status': '200', 'content-location': 'http://10.201.9.223/volume/v3/volumes/224a70d0-b047-4296-b48f-257ceda084ed'}
        Body: b'{"volume": {"id": "224a70d0-b047-4296-b48f-257ceda084ed", "status": "error", "size": 1, "availability_zone": "nova", "created_at": "2026-03-17T11:06:06.000000", "updated_at": "2026-03-17T11:06:06.000000", "name": "tempest-VolumeTypesTest-volume-363726576", "description": null, "volume_type": "tempest-VolumeTypesTest-volume-type-1536806095", "snapshot_id": null, "source_volid": null, "metadata": {}, "links": [{"rel": "self", "href": "http://10.201.9.223/volume/v3/volumes/224a70d0-b047-4296-b48f-257ceda084ed"}, {"rel": "bookmark", "href": "http://10.201.9.223/volume/volumes/224a70d0-b047-4296-b48f-257ceda084ed"}], "user_id": "7a578a28b8af4b7b89fe0d892aef3ca0", "bootable": "false", "encrypted": false, "replication_status": null, "consistencygroup_id": null, "multiattach": false, "attachments": [], "os-vol-tenant-attr:tenant_id": "31b0bf942674455f887d231816a7680d"}}'
2026-03-17 11:06:07,443 125212 INFO     [tempest.lib.common.rest_client] Request (VolumeTypesTest:_run_cleanups): 202 DELETE http://10.201.9.223/volume/v3/volumes/224a70d0-b047-4296-b48f-257ceda084ed 0.056s
2026-03-17 11:06:07,443 125212 DEBUG    [tempest.lib.common.rest_client] Request - Headers: {'Content-Type': 'application/json', 'Accept': 'application/json', 'X-Auth-Token': '<omitted>'}
        Body: None
    Response - Headers: {'date': 'Tue, 17 Mar 2026 11:06:07 GMT', 'server': 'Apache/2.4.58 (Ubuntu)', 'content-length': '0', 'content-type': 'text/html; charset=UTF-8', 'openstack-api-version': 'volume 3.0', 'vary': 'OpenStack-API-Version', 'x-openstack-request-id': 'req-e408dee6-88fd-4513-a725-d03ee40d34d4', 'connection': 'close', 'status': '202', 'content-location': 'http://10.201.9.223/volume/v3/volumes/224a70d0-b047-4296-b48f-257ceda084ed'}
        Body: b''
2026-03-17 11:06:07,454 125212 INFO     [tempest.lib.common.rest_client] Request (VolumeTypesTest:_run_cleanups): 404 GET http://10.201.9.223/volume/v3/volumes/224a70d0-b047-4296-b48f-257ceda084ed 0.010s
2026-03-17 11:06:07,454 125212 DEBUG    [tempest.lib.common.rest_client] Request - Headers: {'Content-Type': 'application/json', 'Accept': 'application/json', 'X-Auth-Token': '<omitted>'}
        Body: None
    Response - Headers: {'date': 'Tue, 17 Mar 2026 11:06:07 GMT', 'server': 'Apache/2.4.58 (Ubuntu)', 'openstack-api-version': 'volume 3.0', 'vary': 'OpenStack-API-Version', 'content-length': '109', 'content-type': 'application/json', 'x-compute-request-id': 'req-083e9147-6fac-4f73-a91d-b8e88fd1c65f', 'x-openstack-request-id': 'req-083e9147-6fac-4f73-a91d-b8e88fd1c65f', 'connection': 'close', 'status': '404', 'content-location': 'http://10.201.9.223/volume/v3/volumes/224a70d0-b047-4296-b48f-257ceda084ed'}
        Body: b'{"itemNotFound": {"code": 404, "message": "Volume 224a70d0-b047-4296-b48f-257ceda084ed could not be found."}}'
2026-03-17 11:06:07,478 125212 INFO     [tempest.lib.common.rest_client] Request (VolumeTypesTest:_run_cleanups): 202 DELETE http://10.201.9.223/volume/v3/types/43683cac-028c-4095-b2c3-030bb9fc203c 0.023s
2026-03-17 11:06:07,478 125212 DEBUG    [tempest.lib.common.rest_client] Request - Headers: {'Content-Type': 'application/json', 'Accept':
     'application/json', 'X-Auth-Token': '<omitted>'}
        Body: None
    Response - Headers: {'date': 'Tue, 17 Mar 2026 11:06:07 GMT', 'server': 'Apache/2.4.58 (Ubuntu)', 'content-length': '0', 'content-type': 'text/html; charset=UTF-8', 'openstack-api-version': 'volume 3.0', 'vary': 'OpenStack-API-Version', 'x-openstack-request-id': 'req-9611f002-55d6-456c-bf1a-cf8792f1b9fe', 'connection': 'close', 'status': '202', 'content-location': 'http://10.201.9.223/volume/v3/types/43683cac-028c-4095-b2c3-030bb9fc203c'}
        Body: b''
2026-03-17 11:06:07,484 125212 INFO     [tempest.lib.common.rest_client] Request (VolumeTypesTest:_run_cleanups): 404 GET http://10.201.9.223/volume/v3/types/43683cac-028c-4095-b2c3-030bb9fc203c 0.006s
2026-03-17 11:06:07,484 125212 DEBUG    [tempest.lib.common.rest_client] Request - Headers: {'Content-Type': 'application/json', 'Accept': 'application/json', 'X-Auth-Token': '<omitted>'}
        Body: None
    Response - Headers: {'date': 'Tue, 17 Mar 2026 11:06:07 GMT', 'server': 'Apache/2.4.58 (Ubuntu)', 'openstack-api-version': 'volume 3.0', 'vary': 'OpenStack-API-Version', 'content-length': '114', 'content-type': 'application/json', 'x-compute-request-id': 'req-186da1bd-bce0-457c-832d-2f06d250fd71', 'x-openstack-request-id': 'req-186da1bd-bce0-457c-832d-2f06d250fd71', 'connection': 'close', 'status': '404', 'content-location': 'http://10.201.9.223/volume/v3/types/43683cac-028c-4095-b2c3-030bb9fc203c'}
        Body: b'{"itemNotFound": {"code": 404, "message": "Volume type 43683cac-028c-4095-b2c3-030bb9fc203c could not be found."}}'
2026-03-17 11:06:07,509 125212 INFO     [tempest.lib.common.rest_client] Request (VolumeTypesTest:_run_cleanups): 202 DELETE http://10.201.9.223/volume/v3/types/12cd92ce-4376-408e-bf62-d650322d3388 0.024s
2026-03-17 11:06:07,509 125212 DEBUG    [tempest.lib.common.rest_client] Request - Headers: {'Content-Type': 'application/json', 'Accept': 'application/json', 'X-Auth-Token': '<omitted>'}
        Body: None
    Response - Headers: {'date': 'Tue, 17 Mar 2026 11:06:07 GMT', 'server': 'Apache/2.4.58 (Ubuntu)', 'content-length': '0', 'content-type': 'text/html; charset=UTF-8', 'openstack-api-version': 'volume 3.0', 'vary': 'OpenStack-API-Version', 'x-openstack-request-id': 'req-03885def-39eb-4207-9742-ee2925b759f8', 'connection': 'close', 'status': '202', 'content-location': 'http://10.201.9.223/volume/v3/types/12cd92ce-4376-408e-bf62-d650322d3388'}
        Body: b''
2026-03-17 11:06:07,516 125212 INFO     [tempest.lib.common.rest_client] Request (VolumeTypesTest:_run_cleanups): 404 GET http://10.201.9.223/volume/v3/types/12cd92ce-4376-408e-bf62-d650322d3388 0.006s
2026-03-17 11:06:07,516 125212 DEBUG    [tempest.lib.common.rest_client] Request - Headers: {'Content-Type': 'application/json', 'Accept': 'application/json', 'X-Auth-Token': '<omitted>'}
        Body: None
    Response - Headers: {'date': 'Tue, 17 Mar 2026 11:06:07 GMT', 'server': 'Apache/2.4.58 (Ubuntu)', 'openstack-api-version': 'volume 3.0', 'vary': 'OpenStack-API-Version', 'content-length': '114', 'content-type': 'application/json', 'x-compute-request-id': 'req-5714bf5b-2a94-414f-ade4-88f349882cba', 'x-openstack-request-id': 'req-5714bf5b-2a94-414f-ade4-88f349882cba', 'connection': 'close', 'status': '404', 'content-location': 'http://10.201.9.223/volume/v3/types/12cd92ce-4376-408e-bf62-d650322d3388'}
        Body: b'{"itemNotFound": {"code": 404, "message": "Volume type 12cd92ce-4376-408e-bf62-d650322d3388 could not be found."}}'

{0} tempest.api.volume.******.test_volume_types.VolumeTypesTest.test_volume_type_create_get_delete [0.078586s] ... ok
{0} tempest.api.volume.******.test_volume_types.VolumeTypesTest.test_volume_type_encryption_create_get_update_delete [0.258790s] ... ok
{0} tempest.api.volume.******.test_volume_types.VolumeTypesTest.test_volume_type_list [0.024741s] ... ok
{0} tempest.api.volume.******.test_volume_types.VolumeTypesTest.test_volume_type_update [0.123130s] ... ok
{0} tempest.api.volume.******.test_volume_types_extra_specs.VolumeTypesExtraSpecsTest.test_volume_type_extra_spec_create_get_delete [0.104456s] ... ok
{0} tempest.api.volume.******.test_volume_types_extra_specs.VolumeTypesExtraSpecsTest.test_volume_type_extra_specs_list [0.033113s] ... ok
{0} tempest.api.volume.******.test_volume_types_extra_specs.VolumeTypesExtraSpecsTest.test_volume_type_extra_specs_update [0.128961s] ... ok
{0} tempest.api.volume.******.test_volume_types_extra_specs_negative.ExtraSpecsNegativeTest.test_create_invalid_body [0.011398s] ... ok
{0} tempest.api.volume.******.test_volume_types_extra_specs_negative.ExtraSpecsNegativeTest.test_create_none_body [0.007439s] ... ok
{0} tempest.api.volume.******.test_volume_types_extra_specs_negative.ExtraSpecsNegativeTest.test_create_nonexistent_type_id [0.014362s] ... ok
{0} tempest.api.volume.******.test_volume_types_extra_specs_negative.ExtraSpecsNegativeTest.test_delete_nonexistent_volume_type_id [0.008651s] ... ok
{0} tempest.api.volume.******.test_volume_types_extra_specs_negative.ExtraSpecsNegativeTest.test_get_nonexistent_extra_spec_name [0.009381s] ... ok
{0} tempest.api.volume.******.test_volume_types_extra_specs_negative.ExtraSpecsNegativeTest.test_get_nonexistent_volume_type_id [0.007288s] ... ok
{0} tempest.api.volume.******.test_volume_types_extra_specs_negative.ExtraSpecsNegativeTest.test_list_nonexistent_volume_type_id [0.007675s] ... ok
{0} tempest.api.volume.******.test_volume_types_extra_specs_negative.ExtraSpecsNegativeTest.test_update_multiple_extra_spec [0.006192s] ... ok
{0} tempest.api.volume.******.test_volume_types_extra_specs_negative.ExtraSpecsNegativeTest.test_update_no_body [0.006101s] ... ok
{0} tempest.api.volume.******.test_volume_types_extra_specs_negative.ExtraSpecsNegativeTest.test_update_none_extra_spec_id [0.013219s] ... ok
{0} tempest.api.volume.******.test_volume_types_extra_specs_negative.ExtraSpecsNegativeTest.test_update_nonexistent_extra_spec_id [0.013757s] ... ok
{0} tempest.api.volume.******.test_volume_types_extra_specs_negative.ExtraSpecsNegativeTest.test_update_nonexistent_type_id [0.014813s] ... ok
{0} tempest.api.volume.******.test_volume_types_negative.VolumeTypesNegativeTest.test_create_volume_type_encryption_nonexistent_type_id [0.082525s] ... ok
{0} tempest.api.volume.******.test_volume_types_negative.VolumeTypesNegativeTest.test_create_volume_with_private_volume_type [0.152516s] ... ok
{0} tempest.api.volume.******.test_volume_types_negative.VolumeTypesNegativeTest.test_create_with_empty_name [0.014924s] ... ok
{0} tempest.api.volume.******.test_volume_types_negative.VolumeTypesNegativeTest.test_create_with_repeated_name [0.091746s] ... ok
{0} tempest.api.volume.******.test_volume_types_negative.VolumeTypesNegativeTest.test_delete_nonexistent_type_id [0.008468s] ... ok
{0} tempest.api.volume.******.test_volume_types_negative.VolumeTypesNegativeTest.test_get_nonexistent_type_id [0.007248s] ... ok
{0} setUpClass (tempest.api.volume.******.test_volumes_list.VolumesListAdminTestJSON) [0.000000s] ... FAILED

Captured traceback:
~~~~~~~~~~~~~~~~~~~
    Traceback (most recent call last):

      File "/opt/stack/tempest/tempest/test.py", line 185, in setUpClass
    raise value.with_traceback(trace)

      File "/opt/stack/tempest/tempest/test.py", line 178, in setUpClass
    cls.resource_setup()

      File "/opt/stack/tempest/tempest/api/volume/******/test_volumes_list.py", line 37, in resource_setup
    volume = cls.create_volume()
             ^^^^^^^^^^^^^^^^^^^

      File "/opt/stack/tempest/tempest/api/volume/base.py", line 144, in create_volume
    waiters.wait_for_volume_resource_status(self.volumes_client,

      File "/opt/stack/tempest/tempest/common/waiters.py", line 379, in wait_for_volume_resource_status
    raise exceptions.VolumeResourceBuildErrorException(

    tempest.exceptions.VolumeResourceBuildErrorException: volume 6b9680c3-99c4-4829-ae1d-87cb7a83336f failed to build and is in ERROR status

{0} tempest.api.volume.test_availability_zone.AvailabilityZoneTestJSON.test_get_availability_zone_list [0.081835s] ... ok
{0} tempest.api.volume.test_extensions.ExtensionsTestJSON.test_list_extensions [0.069151s] ... ok
{0} setUpClass (tempest.api.volume.test_snapshot_metadata.SnapshotMetadataTestJSON) [0.000000s] ... FAILED

Captured traceback:
~~~~~~~~~~~~~~~~~~~
    Traceback (most recent call last):

      File "/opt/stack/tempest/tempest/test.py", line 185, in setUpClass
    raise value.with_traceback(trace)

      File "/opt/stack/tempest/tempest/test.py", line 178, in setUpClass
    cls.resource_setup()

      File "/opt/stack/tempest/tempest/api/volume/test_snapshot_metadata.py", line 38, in resource_setup
    cls.volume = cls.create_volume()
                 ^^^^^^^^^^^^^^^^^^^

      File "/opt/stack/tempest/tempest/api/volume/base.py", line 144, in create_volume
    waiters.wait_for_volume_resource_status(self.volumes_client,

      File "/opt/stack/tempest/tempest/common/waiters.py", line 379, in wait_for_volume_resource_status
    raise exceptions.VolumeResourceBuildErrorException(

    tempest.exceptions.VolumeResourceBuildErrorException: volume 1d03e2c2-4aa2-4880-baf7-82e3e8fb618c failed to build and is in ERROR status

{0} tempest.api.volume.test_versions.VersionsTest.test_list_versions [0.011071s] ... ok
{0} tempest.api.volume.test_versions.VersionsTest.test_show_version [0.078054s] ... ok
{0} setUpClass (tempest.api.volume.test_volume_absolute_limits.AbsoluteLimitsTests) [0.000000s] ... FAILED

Captured traceback:
~~~~~~~~~~~~~~~~~~~
    Traceback (most recent call last):

      File "/opt/stack/tempest/tempest/test.py", line 185, in setUpClass
    raise value.with_traceback(trace)

      File "/opt/stack/tempest/tempest/test.py", line 178, in setUpClass
    cls.resource_setup()

      File "/opt/stack/tempest/tempest/api/volume/test_volume_absolute_limits.py", line 37, in resource_setup
    cls.volume = cls.create_volume()
                 ^^^^^^^^^^^^^^^^^^^

      File "/opt/stack/tempest/tempest/api/volume/base.py", line 144, in create_volume
    waiters.wait_for_volume_resource_status(self.volumes_client,

      File "/opt/stack/tempest/tempest/common/waiters.py", line 379, in wait_for_volume_resource_status
    raise exceptions.VolumeResourceBuildErrorException(

    tempest.exceptions.VolumeResourceBuildErrorException: volume 73fabdf1-b374-4c77-951c-4dfd4e9dd2a4 failed to build and is in ERROR status

{0} tempest.api.volume.test_volume_delete_cascade.VolumesDeleteCascade.test_volume_delete_cascade [1.406448s] ... FAILED

Captured traceback:
~~~~~~~~~~~~~~~~~~~
    Traceback (most recent call last):

      File "/opt/stack/tempest/tempest/api/volume/test_volume_delete_cascade.py", line 68, in test_volume_delete_cascade
    volume = self.create_volume()
             ^^^^^^^^^^^^^^^^^^^^

      File "/opt/stack/tempest/tempest/api/volume/base.py", line 144, in create_volume
    waiters.wait_for_volume_resource_status(self.volumes_client,

      File "/opt/stack/tempest/tempest/common/waiters.py", line 379, in wait_for_volume_resource_status
    raise exceptions.VolumeResourceBuildErrorException(

    tempest.exceptions.VolumeResourceBuildErrorException: volume 0bd64f71-3274-4db7-b1ae-baafa317be5b failed to build and is in ERROR status


Captured pythonlogging:
~~~~~~~~~~~~~~~~~~~~~~~
    2026-03-17 11:06:28,924 125212 INFO     [tempest.lib.common.rest_client] Request (VolumesDeleteCascade:test_volume_delete_cascade): 202 POST http://10.201.9.223/volume/v3/volumes 0.214s
2026-03-17 11:06:28,925 125212 DEBUG    [tempest.lib.common.rest_client] Request - Headers: {'Content-Type': 'application/json', 'Accept': 'application/json', 'X-Auth-Token': '<omitted>'}
        Body: {"volume": {"size": 1, "name": "tempest-VolumesDeleteCascade-Volume-1659472331"}}
    Response - Headers: {'date': 'Tue, 17 Mar 2026 11:06:28 GMT', 'server': 'Apache/2.4.58 (Ubuntu)', 'content-type': 'application/json', 'x-compute-request-id': 'req-0ded64db-5d72-4c76-ba6b-0ca67ddc3e87', 'content-length': '750', 'openstack-api-version': 'volume 3.0', 'vary': 'OpenStack-API-Version', 'x-openstack-request-id': 'req-0ded64db-5d72-4c76-ba6b-0ca67ddc3e87', 'connection': 'close', 'status': '202', 'content-location': 'http://10.201.9.223/volume/v3/volumes'}
        Body: b'{"volume": {"id": "0bd64f71-3274-4db7-b1ae-baafa317be5b", "status": "creating", "size": 1, "availability_zone": "nova", "created_at": "2026-03-17T11:06:28.875567", "updated_at": null, "name": "tempest-VolumesDeleteCascade-Volume-1659472331", "description": null, "volume_type": "3par1", "snapshot_id": null, "source_volid": null, "metadata": {}, "links": [{"rel": "self", "href": "http://10.201.9.223/volume/v3/volumes/0bd64f71-3274-4db7-b1ae-baafa317be5b"}, {"rel": "bookmark", "href": "http://10.201.9.223/volume/volumes/0bd64f71-3274-4db7-b1ae-baafa317be5b"}], "user_id": "22e97360ae534d2f848c80cbc747a4d9", "bootable": "false", "encrypted": false, "replication_status": null, "consistencygroup_id": null, "multiattach": false, "attachments": []}}'
2026-03-17 11:06:28,948 125212 INFO     [tempest.lib.common.rest_client] Request (VolumesDeleteCascade:test_volume_delete_cascade): 200 GET http://10.201.9.223/volume/v3/volumes/0bd64f71-3274-4db7-b1ae-baafa317be5b 0.018s
2026-03-17 11:06:28,949 125212 DEBUG    [tempest.lib.common.rest_client] Request - Headers: {'Content-Type': 'application/json', 'Accept': 'application/json', 'X-Auth-Token': '<omitted>'}
        Body: None
    Response - Headers: {'date': 'Tue, 17 Mar 2026 11:06:28 GMT', 'server': 'Apache/2.4.58 (Ubuntu)', 'content-type': 'application/json', 'x-compute-request-id': 'req-ca757d15-1d7e-4ba6-b83e-9aecc196450f', 'content-length': '818', 'openstack-api-version': 'volume 3.0', 'vary': 'OpenStack-API-Version', 'x-openstack-request-id': 'req-ca757d15-1d7e-4ba6-b83e-9aecc196450f', 'connection': 'close', 'status': '200', 'content-location': 'http://10.201.9.223/volume/v3/volumes/0bd64f71-3274-4db7-b1ae-baafa317be5b'}
        Body: b'{"volume": {"id": "0bd64f71-3274-4db7-b1ae-baafa317be5b", "status": "creating", "size": 1, "availability_zone": "nova", "created_at": "2026-03-17T11:06:29.000000", "updated_at": null, "name": "tempest-VolumesDeleteCascade-Volume-1659472331", "description": null, "volume_type": "3par1", "snapshot_id": null, "source_volid": null, "metadata": {}, "links": [{"rel": "self", "href": "http://10.201.9.223/volume/v3/volumes/0bd64f71-3274-4db7-b1ae-baafa317be5b"}, {"rel": "bookmark", "href": "http://10.201.9.223/volume/volumes/0bd64f71-3274-4db7-b1ae-baafa317be5b"}], "user_id": "22e97360ae534d2f848c80cbc747a4d9", "bootable": "false", "encrypted": false, "replication_status": null, "consistencygroup_id": null, "multiattach": false, "attachments": [], "os-vol-tenant-attr:tenant_id": "4ed8b647b17443cab6f38dfa4f0951c6"}}'
2026-03-17 11:06:29,986 125212 INFO     [tempest.lib.common.rest_client] Request (VolumesDeleteCascade:test_volume_delete_cascade): 200 GET http://10.201.9.223/volume/v3/volumes/0bd64f71-3274-4db7-b1ae-baafa317be5b 0.031s
2026-03-17 11:06:29,987 125212 DEBUG    [tempest.lib.common.rest_client] Request - Headers: {'Content-Type': 'application/json', 'Accept': 'application/json', 'X-Auth-Token': '<omitted>'}
        Body: None
    Response - Headers: {'date': 'Tue, 17 Mar 2026 11:06:29 GMT', 'server': 'Apache/2.4.58 (Ubuntu)', 'content-type': 'application/json', 'x-compute-request-id': 'req-56080467-6ea
    0-4207-ba08-b41b3ce4f351', 'content-length': '839', 'openstack-api-version': 'volume 3.0', 'vary': 'OpenStack-API-Version', 'x-openstack-request-id': 'req-56080467-6ea0-4207-ba08-b41b3ce4f351', 'connection': 'close', 'status': '200', 'content-location': 'http://10.201.9.223/volume/v3/volumes/0bd64f71-3274-4db7-b1ae-baafa317be5b'}
        Body: b'{"volume": {"id": "0bd64f71-3274-4db7-b1ae-baafa317be5b", "status": "error", "size": 1, "availability_zone": "nova", "created_at": "2026-03-17T11:06:29.000000", "updated_at": "2026-03-17T11:06:29.000000", "name": "tempest-VolumesDeleteCascade-Volume-1659472331", "description": null, "volume_type": "3par1", "snapshot_id": null, "source_volid": null, "metadata": {}, "links": [{"rel": "self", "href": "http://10.201.9.223/volume/v3/volumes/0bd64f71-3274-4db7-b1ae-baafa317be5b"}, {"rel": "bookmark", "href": "http://10.201.9.223/volume/volumes/0bd64f71-3274-4db7-b1ae-baafa317be5b"}], "user_id": "22e97360ae534d2f848c80cbc747a4d9", "bootable": "false", "encrypted": false, "replication_status": null, "consistencygroup_id": null, "multiattach": false, "attachments": [], "os-vol-tenant-attr:tenant_id": "4ed8b647b17443cab6f38dfa4f0951c6"}}'
2026-03-17 11:06:30,028 125212 INFO     [tempest.lib.common.rest_client] Request (VolumesDeleteCascade:_run_cleanups): 200 GET http://10.201.9.223/volume/v3/volumes/0bd64f71-3274-4db7-b1ae-baafa317be5b 0.036s
2026-03-17 11:06:30,029 125212 DEBUG    [tempest.lib.common.rest_client] Request - Headers: {'Content-Type': 'application/json', 'Accept': 'application/json', 'X-Auth-Token': '<omitted>'}
        Body: None
    Response - Headers: {'date': 'Tue, 17 Mar 2026 11:06:29 GMT', 'server': 'Apache/2.4.58 (Ubuntu)', 'content-type': 'application/json', 'x-compute-request-id': 'req-fbb0657a-b568-47c7-aeb3-48fed5336d6c', 'content-length': '839', 'openstack-api-version': 'volume 3.0', 'vary': 'OpenStack-API-Version', 'x-openstack-request-id': 'req-fbb0657a-b568-47c7-aeb3-48fed5336d6c', 'connection': 'close', 'status': '200', 'content-location': 'http://10.201.9.223/volume/v3/volumes/0bd64f71-3274-4db7-b1ae-baafa317be5b'}
        Body: b'{"volume": {"id": "0bd64f71-3274-4db7-b1ae-baafa317be5b", "status": "error", "size": 1, "availability_zone": "nova", "created_at": "2026-03-17T11:06:29.000000", "updated_at": "2026-03-17T11:06:29.000000", "name": "tempest-VolumesDeleteCascade-Volume-1659472331", "description": null, "volume_type": "3par1", "snapshot_id": null, "source_volid": null, "metadata": {}, "links": [{"rel": "self", "href": "http://10.201.9.223/volume/v3/volumes/0bd64f71-3274-4db7-b1ae-baafa317be5b"}, {"rel": "bookmark", "href": "http://10.201.9.223/volume/volumes/0bd64f71-3274-4db7-b1ae-baafa317be5b"}], "user_id": "22e97360ae534d2f848c80cbc747a4d9", "bootable": "false", "encrypted": false, "replication_status": null, "consistencygroup_id": null, "multiattach": false, "attachments": [], "os-vol-tenant-attr:tenant_id": "4ed8b647b17443cab6f38dfa4f0951c6"}}'
2026-03-17 11:06:30,100 125212 INFO     [tempest.lib.common.rest_client] Request (VolumesDeleteCascade:_run_cleanups): 202 DELETE http://10.201.9.223/volume/v3/volumes/0bd64f71-3274-4db7-b1ae-baafa317be5b 0.061s
2026-03-17 11:06:30,100 125212 DEBUG    [tempest.lib.common.rest_client] Request - Headers: {'Content-Type': 'application/json', 'Accept': 'application/json', 'X-Auth-Token': '<omitted>'}
        Body: None
    Response - Headers: {'date': 'Tue, 17 Mar 2026 11:06:30 GMT', 'server': 'Apache/2.4.58 (Ubuntu)', 'content-length': '0', 'content-type': 'text/html; charset=UTF-8', 'openstack-api-version': 'volume 3.0', 'vary': 'OpenStack-API-Version', 'x-openstack-request-id': 'req-6fdf2036-b1db-41ca-85df-f3eacc7c832a', 'connection': 'close', 'status': '202', 'content-location': 'http://10.201.9.223/volume/v3/volumes/0bd64f71-3274-4db7-b1ae-baafa317be5b'}
        Body: b''
2026-03-17 11:06:30,115 125212 INFO     [tempest.lib.common.rest_client] Request (VolumesDeleteCascade:_run_cleanups): 404 GET http://10.201.9.223/volume/v3/volumes/0bd64f71-3274-4db7-b1ae-baafa317be5b 0.015s
2026-03-17 11:06:30,115 1252
    12 DEBUG    [tempest.lib.common.rest_client] Request - Headers: {'Content-Type': 'application/json', 'Accept': 'application/json', 'X-Auth-Token': '<omitted>'}
        Body: None
    Response - Headers: {'date': 'Tue, 17 Mar 2026 11:06:30 GMT', 'server': 'Apache/2.4.58 (Ubuntu)', 'openstack-api-version': 'volume 3.0', 'vary': 'OpenStack-API-Version', 'content-length': '109', 'content-type': 'application/json', 'x-compute-request-id': 'req-a74cf3af-a523-4807-902e-1efee18e357d', 'x-openstack-request-id': 'req-a74cf3af-a523-4807-902e-1efee18e357d', 'connection': 'close', 'status': '404', 'content-location': 'http://10.201.9.223/volume/v3/volumes/0bd64f71-3274-4db7-b1ae-baafa317be5b'}
        Body: b'{"itemNotFound": {"code": 404, "message": "Volume 0bd64f71-3274-4db7-b1ae-baafa317be5b could not be found."}}'

{0} tempest.api.volume.test_volume_delete_cascade.VolumesDeleteCascade.test_volume_from_snapshot_cascade_delete [1.346077s] ... FAILED

Captured traceback:
~~~~~~~~~~~~~~~~~~~
    Traceback (most recent call last):

      File "/opt/stack/tempest/tempest/api/volume/test_volume_delete_cascade.py", line 93, in test_volume_from_snapshot_cascade_delete
    volume = self.create_volume()
             ^^^^^^^^^^^^^^^^^^^^

      File "/opt/stack/tempest/tempest/api/volume/base.py", line 144, in create_volume
    waiters.wait_for_volume_resource_status(self.volumes_client,

      File "/opt/stack/tempest/tempest/common/waiters.py", line 379, in wait_for_volume_resource_status
    raise exceptions.VolumeResourceBuildErrorException(

    tempest.exceptions.VolumeResourceBuildErrorException: volume be703223-8374-460b-99f8-c0016fc704e3 failed to build and is in ERROR status


Captured pythonlogging:
~~~~~~~~~~~~~~~~~~~~~~~
    2026-03-17 11:06:30,243 125212 INFO     [tempest.lib.common.rest_client] Request (VolumesDeleteCascade:test_volume_from_snapshot_cascade_delete): 202 POST http://10.201.9.223/volume/v3/volumes 0.127s
2026-03-17 11:06:30,244 125212 DEBUG    [tempest.lib.common.rest_client] Request - Headers: {'Content-Type': 'application/json', 'Accept': 'application/json', 'X-Auth-Token': '<omitted>'}
        Body: {"volume": {"size": 1, "name": "tempest-VolumesDeleteCascade-Volume-1565263483"}}
    Response - Headers: {'date': 'Tue, 17 Mar 2026 11:06:30 GMT', 'server': 'Apache/2.4.58 (Ubuntu)', 'content-type': 'application/json', 'x-compute-request-id': 'req-abd70813-1377-4743-b978-f947677bdb3f', 'content-length': '750', 'openstack-api-version': 'volume 3.0', 'vary': 'OpenStack-API-Version', 'x-openstack-request-id': 'req-abd70813-1377-4743-b978-f947677bdb3f', 'connection': 'close', 'status': '202', 'content-location': 'http://10.201.9.223/volume/v3/volumes'}
        Body: b'{"volume": {"id": "be703223-8374-460b-99f8-c0016fc704e3", "status": "creating", "size": 1, "availability_zone": "nova", "created_at": "2026-03-17T11:06:30.190868", "updated_at": null, "name": "tempest-VolumesDeleteCascade-Volume-1565263483", "description": null, "volume_type": "3par1", "snapshot_id": null, "source_volid": null, "metadata": {}, "links": [{"rel": "self", "href": "http://10.201.9.223/volume/v3/volumes/be703223-8374-460b-99f8-c0016fc704e3"}, {"rel": "bookmark", "href": "http://10.201.9.223/volume/volumes/be703223-8374-460b-99f8-c0016fc704e3"}], "user_id": "22e97360ae534d2f848c80cbc747a4d9", "bootable": "false", "encrypted": false, "replication_status": null, "consistencygroup_id": null, "multiattach": false, "attachments": []}}'
2026-03-17 11:06:30,267 125212 INFO     [tempest.lib.common.rest_client] Request (VolumesDeleteCascade:test_volume_from_snapshot_cascade_delete): 200 GET http://10.201.9.223/volume/v3/volumes/be703223-8374-460b-99f8-c0016fc704e3 0.020s
2026-03-17 11:06:30,267 125212 DEBUG    [tempest.lib.common.rest_client] Request - Headers: {'Content-Type': 'application/json', 'Accept': 'application/json', 'X-Auth-Token': '<omitted>'}
        Body: None
    Response - Headers: {'date': 'Tue, 17 Mar 2026 11:06:30 GMT', 'server': 'Apache/2.4.58 (Ubuntu)', 'content-type': 'application/json', 'x-compute-request-id': 'req-05414ba0-79dd-438f-a5e5-f07a09b42f87', 'content-length': '818', 'openstack-api-version': 'volume 3.0', 'vary': 'OpenStack-API-Version', 'x-openstack-request-id': 'req-05414ba0-79dd-438f-a5e5-f07a09b42f87', 'connection': 'close', 'status': '200', 'content-location': 'http://10.201.9.223/volume/v3/volumes/be703223-8374-460b-99f8-c0016fc704e3'}
        Body: b'{"volume": {"id": "be703223-8374-460b-99f8-c0016fc704e3", "status": "creating", "size": 1, "availability_zone": "nova", "created_at": "2026-03-17T11:06:30.000000", "updated_at": null, "name": "tempest-VolumesDeleteCascade-Volume-1565263483", "description": null, "volume_type": "3par1", "snapshot_id": null, "source_volid": null, "metadata": {}, "links": [{"rel": "self", "href": "http://10.201.9.223/volume/v3/volumes/be703223-8374-460b-99f8-c0016fc704e3"}, {"rel": "bookmark", "href": "http://10.201.9.223/volume/volumes/be703223-8374-460b-99f8-c0016fc704e3"}], "user_id": "22e97360ae534d2f848c80cbc747a4d9", "bootable": "false", "encrypted": false, "replication_status": null, "consistencygroup_id": null, "multiattach": false, "attachments": [], "os-vol-tenant-attr:tenant_id": "4ed8b647b17443cab6f38dfa4f0951c6"}}'
2026-03-17 11:06:31,304 125212 INFO     [tempest.lib.common.rest_client] Request (VolumesDeleteCascade:test_volume_from_snapshot_cascade_delete): 200 GET http://10.201.9.223/volume/v3/volumes/be703223-8374-460b-99f8-c0016fc704e3 0.031s
2026-03-17 11:06:31,304 125212 DEBUG    [tempest.lib.common.rest_client] Request - Headers: {'Content-Type': 'application/json', 'Accept': 'application/json', 'X-Auth-Token': '<omitted>'}
        Body: None
    Response - Headers: {'date': 'Tue, 17 Mar 2026 11:06:31 GMT', 'server': 'Apache/2.4.58 (Ubuntu)', 'content-type': 'application/json',
     'x-compute-request-id': 'req-1083e9f4-67db-4c30-8b13-145e1cae36e2', 'content-length': '839', 'openstack-api-version': 'volume 3.0', 'vary': 'OpenStack-API-Version', 'x-openstack-request-id': 'req-1083e9f4-67db-4c30-8b13-145e1cae36e2', 'connection': 'close', 'status': '200', 'content-location': 'http://10.201.9.223/volume/v3/volumes/be703223-8374-460b-99f8-c0016fc704e3'}
        Body: b'{"volume": {"id": "be703223-8374-460b-99f8-c0016fc704e3", "status": "error", "size": 1, "availability_zone": "nova", "created_at": "2026-03-17T11:06:30.000000", "updated_at": "2026-03-17T11:06:30.000000", "name": "tempest-VolumesDeleteCascade-Volume-1565263483", "description": null, "volume_type": "3par1", "snapshot_id": null, "source_volid": null, "metadata": {}, "links": [{"rel": "self", "href": "http://10.201.9.223/volume/v3/volumes/be703223-8374-460b-99f8-c0016fc704e3"}, {"rel": "bookmark", "href": "http://10.201.9.223/volume/volumes/be703223-8374-460b-99f8-c0016fc704e3"}], "user_id": "22e97360ae534d2f848c80cbc747a4d9", "bootable": "false", "encrypted": false, "replication_status": null, "consistencygroup_id": null, "multiattach": false, "attachments": [], "os-vol-tenant-attr:tenant_id": "4ed8b647b17443cab6f38dfa4f0951c6"}}'
2026-03-17 11:06:31,358 125212 INFO     [tempest.lib.common.rest_client] Request (VolumesDeleteCascade:_run_cleanups): 200 GET http://10.201.9.223/volume/v3/volumes/be703223-8374-460b-99f8-c0016fc704e3 0.042s
2026-03-17 11:06:31,358 125212 DEBUG    [tempest.lib.common.rest_client] Request - Headers: {'Content-Type': 'application/json', 'Accept': 'application/json', 'X-Auth-Token': '<omitted>'}
        Body: None
    Response - Headers: {'date': 'Tue, 17 Mar 2026 11:06:31 GMT', 'server': 'Apache/2.4.58 (Ubuntu)', 'content-type': 'application/json', 'x-compute-request-id': 'req-3bc8b6aa-fe3d-42ac-a589-b7e30ebdf626', 'content-length': '839', 'openstack-api-version': 'volume 3.0', 'vary': 'OpenStack-API-Version', 'x-openstack-request-id': 'req-3bc8b6aa-fe3d-42ac-a589-b7e30ebdf626', 'connection': 'close', 'status': '200', 'content-location': 'http://10.201.9.223/volume/v3/volumes/be703223-8374-460b-99f8-c0016fc704e3'}
        Body: b'{"volume": {"id": "be703223-8374-460b-99f8-c0016fc704e3", "status": "error", "size": 1, "availability_zone": "nova", "created_at": "2026-03-17T11:06:30.000000", "updated_at": "2026-03-17T11:06:30.000000", "name": "tempest-VolumesDeleteCascade-Volume-1565263483", "description": null, "volume_type": "3par1", "snapshot_id": null, "source_volid": null, "metadata": {}, "links": [{"rel": "self", "href": "http://10.201.9.223/volume/v3/volumes/be703223-8374-460b-99f8-c0016fc704e3"}, {"rel": "bookmark", "href": "http://10.201.9.223/volume/volumes/be703223-8374-460b-99f8-c0016fc704e3"}], "user_id": "22e97360ae534d2f848c80cbc747a4d9", "bootable": "false", "encrypted": false, "replication_status": null, "consistencygroup_id": null, "multiattach": false, "attachments": [], "os-vol-tenant-attr:tenant_id": "4ed8b647b17443cab6f38dfa4f0951c6"}}'
2026-03-17 11:06:31,442 125212 INFO     [tempest.lib.common.rest_client] Request (VolumesDeleteCascade:_run_cleanups): 202 DELETE http://10.201.9.223/volume/v3/volumes/be703223-8374-460b-99f8-c0016fc704e3 0.071s
2026-03-17 11:06:31,443 125212 DEBUG    [tempest.lib.common.rest_client] Request - Headers: {'Content-Type': 'application/json', 'Accept': 'application/json', 'X-Auth-Token': '<omitted>'}
        Body: None
    Response - Headers: {'date': 'Tue, 17 Mar 2026 11:06:31 GMT', 'server': 'Apache/2.4.58 (Ubuntu)', 'content-length': '0', 'content-type': 'text/html; charset=UTF-8', 'openstack-api-version': 'volume 3.0', 'vary': 'OpenStack-API-Version', 'x-openstack-request-id': 'req-67756bef-6103-4e31-a809-ad5e94754a84', 'connection': 'close', 'status': '202', 'content-location': 'http://10.201.9.223/volume/v3/volumes/be703223-8374-460b-99f8-c0016fc704e3'}
        Body: b''
2026-03-17 11:06:31,461 125212 INFO     [tempest.lib.common.rest_client] Request (VolumesDeleteCascade:_run_cleanups): 404 GET http://10.201.9.223/volume/v3/volumes/be703223-8374-460b-99f8-c0016f
    c704e3 0.018s
2026-03-17 11:06:31,462 125212 DEBUG    [tempest.lib.common.rest_client] Request - Headers: {'Content-Type': 'application/json', 'Accept': 'application/json', 'X-Auth-Token': '<omitted>'}
        Body: None
    Response - Headers: {'date': 'Tue, 17 Mar 2026 11:06:31 GMT', 'server': 'Apache/2.4.58 (Ubuntu)', 'openstack-api-version': 'volume 3.0', 'vary': 'OpenStack-API-Version', 'content-length': '109', 'content-type': 'application/json', 'x-compute-request-id': 'req-813d428b-c7c1-4cfb-a3f3-abf61d84e2b8', 'x-openstack-request-id': 'req-813d428b-c7c1-4cfb-a3f3-abf61d84e2b8', 'connection': 'close', 'status': '404', 'content-location': 'http://10.201.9.223/volume/v3/volumes/be703223-8374-460b-99f8-c0016fc704e3'}
        Body: b'{"itemNotFound": {"code": 404, "message": "Volume be703223-8374-460b-99f8-c0016fc704e3 could not be found."}}'

{0} setUpClass (tempest.api.volume.test_volume_metadata.VolumesMetadataTest) [0.000000s] ... FAILED

Captured traceback:
~~~~~~~~~~~~~~~~~~~
    Traceback (most recent call last):

      File "/opt/stack/tempest/tempest/test.py", line 185, in setUpClass
    raise value.with_traceback(trace)

      File "/opt/stack/tempest/tempest/test.py", line 178, in setUpClass
    cls.resource_setup()

      File "/opt/stack/tempest/tempest/api/volume/test_volume_metadata.py", line 29, in resource_setup
    cls.volume = cls.create_volume()
                 ^^^^^^^^^^^^^^^^^^^

      File "/opt/stack/tempest/tempest/api/volume/base.py", line 144, in create_volume
    waiters.wait_for_volume_resource_status(self.volumes_client,

      File "/opt/stack/tempest/tempest/common/waiters.py", line 379, in wait_for_volume_resource_status
    raise exceptions.VolumeResourceBuildErrorException(

    tempest.exceptions.VolumeResourceBuildErrorException: volume d978135e-5dfa-4924-936f-528420c8d0b3 failed to build and is in ERROR status

{0} tempest.api.volume.test_volume_transfers.VolumesTransfersTest.test_create_get_list_accept_volume_transfer [1.417179s] ... FAILED

Captured traceback:
~~~~~~~~~~~~~~~~~~~
    Traceback (most recent call last):

      File "/opt/stack/tempest/tempest/api/volume/test_volume_transfers.py", line 40, in test_create_get_list_accept_volume_transfer
    volume = self.create_volume()
             ^^^^^^^^^^^^^^^^^^^^

      File "/opt/stack/tempest/tempest/api/volume/base.py", line 144, in create_volume
    waiters.wait_for_volume_resource_status(self.volumes_client,

      File "/opt/stack/tempest/tempest/common/waiters.py", line 379, in wait_for_volume_resource_status
    raise exceptions.VolumeResourceBuildErrorException(

    tempest.exceptions.VolumeResourceBuildErrorException: volume 058a3b49-0815-4d52-9f87-61582412c366 failed to build and is in ERROR status


Captured pythonlogging:
~~~~~~~~~~~~~~~~~~~~~~~
    2026-03-17 11:06:35,754 125212 INFO     [tempest.lib.common.rest_client] Request (VolumesTransfersTest:test_create_get_list_accept_volume_transfer): 202 POST http://10.201.9.223/volume/v3/volumes 0.230s
2026-03-17 11:06:35,755 125212 DEBUG    [tempest.lib.common.rest_client] Request - Headers: {'Content-Type': 'application/json', 'Accept': 'application/json', 'X-Auth-Token': '<omitted>'}
        Body: {"volume": {"size": 1, "name": "tempest-VolumesTransfersTest-Volume-400824061"}}
    Response - Headers: {'date': 'Tue, 17 Mar 2026 11:06:35 GMT', 'server': 'Apache/2.4.58 (Ubuntu)', 'content-type': 'application/json', 'x-compute-request-id': 'req-289f3206-3d8c-48c5-8a72-56ae9020560e', 'content-length': '749', 'openstack-api-version': 'volume 3.0', 'vary': 'OpenStack-API-Version', 'x-openstack-request-id': 'req-289f3206-3d8c-48c5-8a72-56ae9020560e', 'connection': 'close', 'status': '202', 'content-location': 'http://10.201.9.223/volume/v3/volumes'}
        Body: b'{"volume": {"id": "058a3b49-0815-4d52-9f87-61582412c366", "status": "creating", "size": 1, "availability_zone": "nova", "created_at": "2026-03-17T11:06:35.708282", "updated_at": null, "name": "tempest-VolumesTransfersTest-Volume-400824061", "description": null, "volume_type": "3par1", "snapshot_id": null, "source_volid": null, "metadata": {}, "links": [{"rel": "self", "href": "http://10.201.9.223/volume/v3/volumes/058a3b49-0815-4d52-9f87-61582412c366"}, {"rel": "bookmark", "href": "http://10.201.9.223/volume/volumes/058a3b49-0815-4d52-9f87-61582412c366"}], "user_id": "935fed7278314d63b217142218b4876d", "bootable": "false", "encrypted": false, "replication_status": null, "consistencygroup_id": null, "multiattach": false, "attachments": []}}'
2026-03-17 11:06:35,783 125212 INFO     [tempest.lib.common.rest_client] Request (VolumesTransfersTest:test_create_get_list_accept_volume_transfer): 200 GET http://10.201.9.223/volume/v3/volumes/058a3b49-0815-4d52-9f87-61582412c366 0.019s
2026-03-17 11:06:35,784 125212 DEBUG    [tempest.lib.common.rest_client] Request - Headers: {'Content-Type': 'application/json', 'Accept': 'application/json', 'X-Auth-Token': '<omitted>'}
        Body: None
    Response - Headers: {'date': 'Tue, 17 Mar 2026 11:06:35 GMT', 'server': 'Apache/2.4.58 (Ubuntu)', 'content-type': 'application/json', 'x-compute-request-id': 'req-a92cc533-df93-4a29-b509-b767dcc8a5d4', 'content-length': '817', 'openstack-api-version': 'volume 3.0', 'vary': 'OpenStack-API-Version', 'x-openstack-request-id': 'req-a92cc533-df93-4a29-b509-b767dcc8a5d4', 'connection': 'close', 'status': '200', 'content-location': 'http://10.201.9.223/volume/v3/volumes/058a3b49-0815-4d52-9f87-61582412c366'}
        Body: b'{"volume": {"id": "058a3b49-0815-4d52-9f87-61582412c366", "status": "creating", "size": 1, "availability_zone": "nova", "created_at": "2026-03-17T11:06:36.000000", "updated_at": null, "name": "tempest-VolumesTransfersTest-Volume-400824061", "description": null, "volume_type": "3par1", "snapshot_id": null, "source_volid": null, "metadata": {}, "links": [{"rel": "self", "href": "http://10.201.9.223/volume/v3/volumes/058a3b49-0815-4d52-9f87-61582412c366"}, {"rel": "bookmark", "href": "http://10.201.9.223/volume/volumes/058a3b49-0815-4d52-9f87-61582412c366"}], "user_id": "935fed7278314d63b217142218b4876d", "bootable": "false", "encrypted": false, "replication_status": null, "consistencygroup_id": null, "multiattach": false, "attachments": [], "os-vol-tenant-attr:tenant_id": "aff3a617129241c9a87ac047686e4903"}}'
2026-03-17 11:06:36,822 125212 INFO     [tempest.lib.common.rest_client] Request (VolumesTransfersTest:test_create_get_list_accept_volume_transfer): 200 GET http://10.201.9.223/volume/v3/volumes/058a3b49-0815-4d52-9f87-61582412c366 0.033s
2026-03-17 11:06:36,823 125212 DEBUG    [tempest.lib.common.rest_client] Request - Headers: {'Content-Type': 'application/json', 'Accept': 'application/json', 'X-Auth-Token': '<omitted>'}
        Body: None
    Response - Headers: {'date': 'Tue, 17 Mar 2026 11:06:36 GMT', 'server': 'Apache/2.4.58 (Ubuntu)', 'content-type': 'application/
    json', 'x-compute-request-id': 'req-17a44ce4-7ede-47b7-a166-afd9e95949f3', 'content-length': '838', 'openstack-api-version': 'volume 3.0', 'vary': 'OpenStack-API-Version', 'x-openstack-request-id': 'req-17a44ce4-7ede-47b7-a166-afd9e95949f3', 'connection': 'close', 'status': '200', 'content-location': 'http://10.201.9.223/volume/v3/volumes/058a3b49-0815-4d52-9f87-61582412c366'}
        Body: b'{"volume": {"id": "058a3b49-0815-4d52-9f87-61582412c366", "status": "error", "size": 1, "availability_zone": "nova", "created_at": "2026-03-17T11:06:36.000000", "updated_at": "2026-03-17T11:06:36.000000", "name": "tempest-VolumesTransfersTest-Volume-400824061", "description": null, "volume_type": "3par1", "snapshot_id": null, "source_volid": null, "metadata": {}, "links": [{"rel": "self", "href": "http://10.201.9.223/volume/v3/volumes/058a3b49-0815-4d52-9f87-61582412c366"}, {"rel": "bookmark", "href": "http://10.201.9.223/volume/volumes/058a3b49-0815-4d52-9f87-61582412c366"}], "user_id": "935fed7278314d63b217142218b4876d", "bootable": "false", "encrypted": false, "replication_status": null, "consistencygroup_id": null, "multiattach": false, "attachments": [], "os-vol-tenant-attr:tenant_id": "aff3a617129241c9a87ac047686e4903"}}'
2026-03-17 11:06:36,853 125212 INFO     [tempest.lib.common.rest_client] Request (VolumesTransfersTest:_run_cleanups): 200 GET http://10.201.9.223/volume/v3/volumes/058a3b49-0815-4d52-9f87-61582412c366 0.020s
2026-03-17 11:06:36,853 125212 DEBUG    [tempest.lib.common.rest_client] Request - Headers: {'Content-Type': 'application/json', 'Accept': 'application/json', 'X-Auth-Token': '<omitted>'}
        Body: None
    Response - Headers: {'date': 'Tue, 17 Mar 2026 11:06:36 GMT', 'server': 'Apache/2.4.58 (Ubuntu)', 'content-type': 'application/json', 'x-compute-request-id': 'req-0109e662-049e-496f-85c3-edfff8148694', 'content-length': '838', 'openstack-api-version': 'volume 3.0', 'vary': 'OpenStack-API-Version', 'x-openstack-request-id': 'req-0109e662-049e-496f-85c3-edfff8148694', 'connection': 'close', 'status': '200', 'content-location': 'http://10.201.9.223/volume/v3/volumes/058a3b49-0815-4d52-9f87-61582412c366'}
        Body: b'{"volume": {"id": "058a3b49-0815-4d52-9f87-61582412c366", "status": "error", "size": 1, "availability_zone": "nova", "created_at": "2026-03-17T11:06:36.000000", "updated_at": "2026-03-17T11:06:36.000000", "name": "tempest-VolumesTransfersTest-Volume-400824061", "description": null, "volume_type": "3par1", "snapshot_id": null, "source_volid": null, "metadata": {}, "links": [{"rel": "self", "href": "http://10.201.9.223/volume/v3/volumes/058a3b49-0815-4d52-9f87-61582412c366"}, {"rel": "bookmark", "href": "http://10.201.9.223/volume/volumes/058a3b49-0815-4d52-9f87-61582412c366"}], "user_id": "935fed7278314d63b217142218b4876d", "bootable": "false", "encrypted": false, "replication_status": null, "consistencygroup_id": null, "multiattach": false, "attachments": [], "os-vol-tenant-attr:tenant_id": "aff3a617129241c9a87ac047686e4903"}}'
2026-03-17 11:06:36,925 125212 INFO     [tempest.lib.common.rest_client] Request (VolumesTransfersTest:_run_cleanups): 202 DELETE http://10.201.9.223/volume/v3/volumes/058a3b49-0815-4d52-9f87-61582412c366 0.067s
2026-03-17 11:06:36,925 125212 DEBUG    [tempest.lib.common.rest_client] Request - Headers: {'Content-Type': 'application/json', 'Accept': 'application/json', 'X-Auth-Token': '<omitted>'}
        Body: None
    Response - Headers: {'date': 'Tue, 17 Mar 2026 11:06:36 GMT', 'server': 'Apache/2.4.58 (Ubuntu)', 'content-length': '0', 'content-type': 'text/html; charset=UTF-8', 'openstack-api-version': 'volume 3.0', 'vary': 'OpenStack-API-Version', 'x-openstack-request-id': 'req-6a87a8ef-1459-4530-8064-5b453ef64abd', 'connection': 'close', 'status': '202', 'content-location': 'http://10.201.9.223/volume/v3/volumes/058a3b49-0815-4d52-9f87-61582412c366'}
        Body: b''
2026-03-17 11:06:36,940 125212 INFO     [tempest.lib.common.rest_client] Request (VolumesTransfersTest:_run_cleanups): 404 GET http://10.201.9.223/volume/v3/volumes/058a3b49-0815-4d52-9f87-61
    582412c366 0.014s
2026-03-17 11:06:36,940 125212 DEBUG    [tempest.lib.common.rest_client] Request - Headers: {'Content-Type': 'application/json', 'Accept': 'application/json', 'X-Auth-Token': '<omitted>'}
        Body: None
    Response - Headers: {'date': 'Tue, 17 Mar 2026 11:06:36 GMT', 'server': 'Apache/2.4.58 (Ubuntu)', 'openstack-api-version': 'volume 3.0', 'vary': 'OpenStack-API-Version', 'content-length': '109', 'content-type': 'application/json', 'x-compute-request-id': 'req-f61b8403-3ac0-463f-a614-5cbd85b51cf4', 'x-openstack-request-id': 'req-f61b8403-3ac0-463f-a614-5cbd85b51cf4', 'connection': 'close', 'status': '404', 'content-location': 'http://10.201.9.223/volume/v3/volumes/058a3b49-0815-4d52-9f87-61582412c366'}
        Body: b'{"itemNotFound": {"code": 404, "message": "Volume 058a3b49-0815-4d52-9f87-61582412c366 could not be found."}}'

{0} tempest.api.volume.test_volume_transfers.VolumesTransfersTest.test_create_list_delete_volume_transfer [1.333685s] ... FAILED

Captured traceback:
~~~~~~~~~~~~~~~~~~~
    Traceback (most recent call last):

      File "/opt/stack/tempest/tempest/api/volume/test_volume_transfers.py", line 81, in test_create_list_delete_volume_transfer
    volume = self.create_volume()
             ^^^^^^^^^^^^^^^^^^^^

      File "/opt/stack/tempest/tempest/api/volume/base.py", line 144, in create_volume
    waiters.wait_for_volume_resource_status(self.volumes_client,

      File "/opt/stack/tempest/tempest/common/waiters.py", line 379, in wait_for_volume_resource_status
    raise exceptions.VolumeResourceBuildErrorException(

    tempest.exceptions.VolumeResourceBuildErrorException: volume 81f13f25-fd85-4bca-ad64-537d99c568ea failed to build and is in ERROR status


Captured pythonlogging:
~~~~~~~~~~~~~~~~~~~~~~~
    2026-03-17 11:06:37,079 125212 INFO     [tempest.lib.common.rest_client] Request (VolumesTransfersTest:test_create_list_delete_volume_transfer): 202 POST http://10.201.9.223/volume/v3/volumes 0.137s
2026-03-17 11:06:37,080 125212 DEBUG    [tempest.lib.common.rest_client] Request - Headers: {'Content-Type': 'application/json', 'Accept': 'application/json', 'X-Auth-Token': '<omitted>'}
        Body: {"volume": {"size": 1, "name": "tempest-VolumesTransfersTest-Volume-366261494"}}
    Response - Headers: {'date': 'Tue, 17 Mar 2026 11:06:36 GMT', 'server': 'Apache/2.4.58 (Ubuntu)', 'content-type': 'application/json', 'x-compute-request-id': 'req-6fcedee8-d637-42f0-8400-c1b6cb09d296', 'content-length': '749', 'openstack-api-version': 'volume 3.0', 'vary': 'OpenStack-API-Version', 'x-openstack-request-id': 'req-6fcedee8-d637-42f0-8400-c1b6cb09d296', 'connection': 'close', 'status': '202', 'content-location': 'http://10.201.9.223/volume/v3/volumes'}
        Body: b'{"volume": {"id": "81f13f25-fd85-4bca-ad64-537d99c568ea", "status": "creating", "size": 1, "availability_zone": "nova", "created_at": "2026-03-17T11:06:37.032311", "updated_at": null, "name": "tempest-VolumesTransfersTest-Volume-366261494", "description": null, "volume_type": "3par1", "snapshot_id": null, "source_volid": null, "metadata": {}, "links": [{"rel": "self", "href": "http://10.201.9.223/volume/v3/volumes/81f13f25-fd85-4bca-ad64-537d99c568ea"}, {"rel": "bookmark", "href": "http://10.201.9.223/volume/volumes/81f13f25-fd85-4bca-ad64-537d99c568ea"}], "user_id": "935fed7278314d63b217142218b4876d", "bootable": "false", "encrypted": false, "replication_status": null, "consistencygroup_id": null, "multiattach": false, "attachments": []}}'
2026-03-17 11:06:37,111 125212 INFO     [tempest.lib.common.rest_client] Request (VolumesTransfersTest:test_create_list_delete_volume_transfer): 200 GET http://10.201.9.223/volume/v3/volumes/81f13f25-fd85-4bca-ad64-537d99c568ea 0.022s
2026-03-17 11:06:37,111 125212 DEBUG    [tempest.lib.common.rest_client] Request - Headers: {'Content-Type': 'application/json', 'Accept': 'application/json', 'X-Auth-Token': '<omitted>'}
        Body: None
    Response - Headers: {'date': 'Tue, 17 Mar 2026 11:06:37 GMT', 'server': 'Apache/2.4.58 (Ubuntu)', 'content-type': 'application/json', 'x-compute-request-id': 'req-eca0698d-1b87-4ba7-8cc1-f07c281be8f2', 'content-length': '817', 'openstack-api-version': 'volume 3.0', 'vary': 'OpenStack-API-Version', 'x-openstack-request-id': 'req-eca0698d-1b87-4ba7-8cc1-f07c281be8f2', 'connection': 'close', 'status': '200', 'content-location': 'http://10.201.9.223/volume/v3/volumes/81f13f25-fd85-4bca-ad64-537d99c568ea'}
        Body: b'{"volume": {"id": "81f13f25-fd85-4bca-ad64-537d99c568ea", "status": "creating", "size": 1, "availability_zone": "nova", "created_at": "2026-03-17T11:06:37.000000", "updated_at": null, "name": "tempest-VolumesTransfersTest-Volume-366261494", "description": null, "volume_type": "3par1", "snapshot_id": null, "source_volid": null, "metadata": {}, "links": [{"rel": "self", "href": "http://10.201.9.223/volume/v3/volumes/81f13f25-fd85-4bca-ad64-537d99c568ea"}, {"rel": "bookmark", "href": "http://10.201.9.223/volume/volumes/81f13f25-fd85-4bca-ad64-537d99c568ea"}], "user_id": "935fed7278314d63b217142218b4876d", "bootable": "false", "encrypted": false, "replication_status": null, "consistencygroup_id": null, "multiattach": false, "attachments": [], "os-vol-tenant-attr:tenant_id": "aff3a617129241c9a87ac047686e4903"}}'
2026-03-17 11:06:38,150 125212 INFO     [tempest.lib.common.rest_client] Request (VolumesTransfersTest:test_create_list_delete_volume_transfer): 200 GET http://10.201.9.223/volume/v3/volumes/81f13f25-fd85-4bca-ad64-537d99c568ea 0.032s
2026-03-17 11:06:38,150 125212 DEBUG    [tempest.lib.common.rest_client] Request - Headers: {'Content-Type': 'application/json', 'Accept': 'application/json', 'X-Auth-Token': '<omitted>'}
        Body: None
    Response - Headers: {'date': 'Tue, 17 Mar 2026 11:06:38 GMT', 'server': 'Apache/2.4.58 (Ubuntu)', 'content-type': 'application/json', 'x-co
    mpute-request-id': 'req-74d4f40d-b3d6-4201-ac3b-ad92a3bdee46', 'content-length': '838', 'openstack-api-version': 'volume 3.0', 'vary': 'OpenStack-API-Version', 'x-openstack-request-id': 'req-74d4f40d-b3d6-4201-ac3b-ad92a3bdee46', 'connection': 'close', 'status': '200', 'content-location': 'http://10.201.9.223/volume/v3/volumes/81f13f25-fd85-4bca-ad64-537d99c568ea'}
        Body: b'{"volume": {"id": "81f13f25-fd85-4bca-ad64-537d99c568ea", "status": "error", "size": 1, "availability_zone": "nova", "created_at": "2026-03-17T11:06:37.000000", "updated_at": "2026-03-17T11:06:37.000000", "name": "tempest-VolumesTransfersTest-Volume-366261494", "description": null, "volume_type": "3par1", "snapshot_id": null, "source_volid": null, "metadata": {}, "links": [{"rel": "self", "href": "http://10.201.9.223/volume/v3/volumes/81f13f25-fd85-4bca-ad64-537d99c568ea"}, {"rel": "bookmark", "href": "http://10.201.9.223/volume/volumes/81f13f25-fd85-4bca-ad64-537d99c568ea"}], "user_id": "935fed7278314d63b217142218b4876d", "bootable": "false", "encrypted": false, "replication_status": null, "consistencygroup_id": null, "multiattach": false, "attachments": [], "os-vol-tenant-attr:tenant_id": "aff3a617129241c9a87ac047686e4903"}}'
2026-03-17 11:06:38,184 125212 INFO     [tempest.lib.common.rest_client] Request (VolumesTransfersTest:_run_cleanups): 200 GET http://10.201.9.223/volume/v3/volumes/81f13f25-fd85-4bca-ad64-537d99c568ea 0.028s
2026-03-17 11:06:38,184 125212 DEBUG    [tempest.lib.common.rest_client] Request - Headers: {'Content-Type': 'application/json', 'Accept': 'application/json', 'X-Auth-Token': '<omitted>'}
        Body: None
    Response - Headers: {'date': 'Tue, 17 Mar 2026 11:06:38 GMT', 'server': 'Apache/2.4.58 (Ubuntu)', 'content-type': 'application/json', 'x-compute-request-id': 'req-e5785db6-5bc1-480b-8322-ec05e4756ab9', 'content-length': '838', 'openstack-api-version': 'volume 3.0', 'vary': 'OpenStack-API-Version', 'x-openstack-request-id': 'req-e5785db6-5bc1-480b-8322-ec05e4756ab9', 'connection': 'close', 'status': '200', 'content-location': 'http://10.201.9.223/volume/v3/volumes/81f13f25-fd85-4bca-ad64-537d99c568ea'}
        Body: b'{"volume": {"id": "81f13f25-fd85-4bca-ad64-537d99c568ea", "status": "error", "size": 1, "availability_zone": "nova", "created_at": "2026-03-17T11:06:37.000000", "updated_at": "2026-03-17T11:06:37.000000", "name": "tempest-VolumesTransfersTest-Volume-366261494", "description": null, "volume_type": "3par1", "snapshot_id": null, "source_volid": null, "metadata": {}, "links": [{"rel": "self", "href": "http://10.201.9.223/volume/v3/volumes/81f13f25-fd85-4bca-ad64-537d99c568ea"}, {"rel": "bookmark", "href": "http://10.201.9.223/volume/volumes/81f13f25-fd85-4bca-ad64-537d99c568ea"}], "user_id": "935fed7278314d63b217142218b4876d", "bootable": "false", "encrypted": false, "replication_status": null, "consistencygroup_id": null, "multiattach": false, "attachments": [], "os-vol-tenant-attr:tenant_id": "aff3a617129241c9a87ac047686e4903"}}'
2026-03-17 11:06:38,261 125212 INFO     [tempest.lib.common.rest_client] Request (VolumesTransfersTest:_run_cleanups): 202 DELETE http://10.201.9.223/volume/v3/volumes/81f13f25-fd85-4bca-ad64-537d99c568ea 0.068s
2026-03-17 11:06:38,261 125212 DEBUG    [tempest.lib.common.rest_client] Request - Headers: {'Content-Type': 'application/json', 'Accept': 'application/json', 'X-Auth-Token': '<omitted>'}
        Body: None
    Response - Headers: {'date': 'Tue, 17 Mar 2026 11:06:38 GMT', 'server': 'Apache/2.4.58 (Ubuntu)', 'content-length': '0', 'content-type': 'text/html; charset=UTF-8', 'openstack-api-version': 'volume 3.0', 'vary': 'OpenStack-API-Version', 'x-openstack-request-id': 'req-32be593f-6fa6-4c4f-8230-119c3339c16c', 'connection': 'close', 'status': '202', 'content-location': 'http://10.201.9.223/volume/v3/volumes/81f13f25-fd85-4bca-ad64-537d99c568ea'}
        Body: b''
2026-03-17 11:06:38,274 125212 INFO     [tempest.lib.common.rest_client] Request (VolumesTransfersTest:_run_cleanups): 404 GET http://10.201.9.223/volume/v3/volumes/81f13f25-fd85-4bca-ad64-537d99c568ea 0
    .013s
2026-03-17 11:06:38,275 125212 DEBUG    [tempest.lib.common.rest_client] Request - Headers: {'Content-Type': 'application/json', 'Accept': 'application/json', 'X-Auth-Token': '<omitted>'}
        Body: None
    Response - Headers: {'date': 'Tue, 17 Mar 2026 11:06:38 GMT', 'server': 'Apache/2.4.58 (Ubuntu)', 'openstack-api-version': 'volume 3.0', 'vary': 'OpenStack-API-Version', 'content-length': '109', 'content-type': 'application/json', 'x-compute-request-id': 'req-74833b2b-2c16-4a39-801b-45cf3a13fa48', 'x-openstack-request-id': 'req-74833b2b-2c16-4a39-801b-45cf3a13fa48', 'connection': 'close', 'status': '404', 'content-location': 'http://10.201.9.223/volume/v3/volumes/81f13f25-fd85-4bca-ad64-537d99c568ea'}
        Body: b'{"itemNotFound": {"code": 404, "message": "Volume 81f13f25-fd85-4bca-ad64-537d99c568ea could not be found."}}'

{0} tempest.api.volume.test_volume_transfers.VolumesTransfersV355Test.test_create_get_list_accept_volume_transfer [1.437052s] ... FAILED

Captured traceback:
~~~~~~~~~~~~~~~~~~~
    Traceback (most recent call last):

      File "/opt/stack/tempest/tempest/api/volume/test_volume_transfers.py", line 125, in test_create_get_list_accept_volume_transfer
    test_create_get_list_accept_volume_transfer()

      File "/opt/stack/tempest/tempest/api/volume/test_volume_transfers.py", line 40, in test_create_get_list_accept_volume_transfer
    volume = self.create_volume()
             ^^^^^^^^^^^^^^^^^^^^

      File "/opt/stack/tempest/tempest/api/volume/base.py", line 144, in create_volume
    waiters.wait_for_volume_resource_status(self.volumes_client,

      File "/opt/stack/tempest/tempest/common/waiters.py", line 379, in wait_for_volume_resource_status
    raise exceptions.VolumeResourceBuildErrorException(

    tempest.exceptions.VolumeResourceBuildErrorException: volume e1e1bcad-3d3a-4625-9a0e-ed2aa19e4b72 failed to build and is in ERROR status


Captured pythonlogging:
~~~~~~~~~~~~~~~~~~~~~~~
    2026-03-17 11:06:41,319 125212 INFO     [tempest.lib.common.rest_client] Request (VolumesTransfersV355Test:test_create_get_list_accept_volume_transfer): 202 POST http://10.201.9.223/volume/v3/volumes 0.240s
2026-03-17 11:06:41,320 125212 DEBUG    [tempest.lib.common.rest_client] Request - Headers: {'Content-Type': 'application/json', 'Accept': 'application/json', 'Openstack-Api-Version': 'volume 3.55', 'X-Auth-Token': '<omitted>'}
        Body: {"volume": {"size": 1, "name": "tempest-VolumesTransfersV355Test-Volume-163112328"}}
    Response - Headers: {'date': 'Tue, 17 Mar 2026 11:06:41 GMT', 'server': 'Apache/2.4.58 (Ubuntu)', 'content-type': 'application/json', 'x-compute-request-id': 'req-41473501-edf1-4c14-96af-7a7ec9e57c71', 'content-length': '817', 'openstack-api-version': 'volume 3.55', 'vary': 'OpenStack-API-Version', 'x-openstack-request-id': 'req-41473501-edf1-4c14-96af-7a7ec9e57c71', 'connection': 'close', 'status': '202', 'content-location': 'http://10.201.9.223/volume/v3/volumes'}
        Body: b'{"volume": {"id": "e1e1bcad-3d3a-4625-9a0e-ed2aa19e4b72", "status": "creating", "size": 1, "availability_zone": "nova", "created_at": "2026-03-17T11:06:41.270732", "updated_at": null, "name": "tempest-VolumesTransfersV355Test-Volume-163112328", "description": null, "volume_type": "3par1", "snapshot_id": null, "source_volid": null, "metadata": {}, "links": [{"rel": "self", "href": "http://10.201.9.223/volume/v3/volumes/e1e1bcad-3d3a-4625-9a0e-ed2aa19e4b72"}, {"rel": "bookmark", "href": "http://10.201.9.223/volume/volumes/e1e1bcad-3d3a-4625-9a0e-ed2aa19e4b72"}], "user_id": "1bc0e73e28e54bee92bc4a1b4d281f5a", "bootable": "false", "encrypted": false, "replication_status": null, "consistencygroup_id": null, "multiattach": false, "attachments": [], "group_id": null, "shared_targets": true, "service_uuid": null}}'
2026-03-17 11:06:41,352 125212 INFO     [tempest.lib.common.rest_client] Request (VolumesTransfersV355Test:test_create_get_list_accept_volume_transfer): 200 GET http://10.201.9.223/volume/v3/volumes/e1e1bcad-3d3a-4625-9a0e-ed2aa19e4b72 0.020s
2026-03-17 11:06:41,352 125212 DEBUG    [tempest.lib.common.rest_client] Request - Headers: {'Content-Type': 'application/json', 'Accept': 'application/json', 'Openstack-Api-Version': 'volume 3.55', 'X-Auth-Token': '<omitted>'}
        Body: None
    Response - Headers: {'date': 'Tue, 17 Mar 2026 11:06:41 GMT', 'server': 'Apache/2.4.58 (Ubuntu)', 'content-type': 'application/json', 'x-compute-request-id': 'req-0183ce90-81b0-4c22-8301-6493be96fd54', 'content-length': '885', 'openstack-api-version': 'volume 3.55', 'vary': 'OpenStack-API-Version', 'x-openstack-request-id': 'req-0183ce90-81b0-4c22-8301-6493be96fd54', 'connection': 'close', 'status': '200', 'content-location': 'http://10.201.9.223/volume/v3/volumes/e1e1bcad-3d3a-4625-9a0e-ed2aa19e4b72'}
        Body: b'{"volume": {"id": "e1e1bcad-3d3a-4625-9a0e-ed2aa19e4b72", "status": "creating", "size": 1, "availability_zone": "nova", "created_at": "2026-03-17T11:06:41.000000", "updated_at": null, "name": "tempest-VolumesTransfersV355Test-Volume-163112328", "description": null, "volume_type": "3par1", "snapshot_id": null, "source_volid": null, "metadata": {}, "links": [{"rel": "self", "href": "http://10.201.9.223/volume/v3/volumes/e1e1bcad-3d3a-4625-9a0e-ed2aa19e4b72"}, {"rel": "bookmark", "href": "http://10.201.9.223/volume/volumes/e1e1bcad-3d3a-4625-9a0e-ed2aa19e4b72"}], "user_id": "1bc0e73e28e54bee92bc4a1b4d281f5a", "bootable": "false", "encrypted": false, "replication_status": null, "consistencygroup_id": null, "multiattach": false, "attachments": [], "group_id": null, "shared_targets": true, "service_uuid": null, "os-vol-tenant-attr:tenant_id": "78e34e0b0ee2402981ec330653487d4b"}}'
2026-03-17 11:06:42,399 125212 INFO     [tempest.lib.common.rest_client] Request (VolumesTransfersV355Test:test_create_get_list_accept_volume_transfer): 200 GET http://10.201.9.223/volume/v3/volumes/e1e1bcad-3d3a-4625-9a0e-ed2aa19e4b72 0.037s
2026-03-17 11:06:42,400 125212 DEBUG    [tempest.lib.common.rest_client] Request - Headers: {'Content-Ty
    pe': 'application/json', 'Accept': 'application/json', 'Openstack-Api-Version': 'volume 3.55', 'X-Auth-Token': '<omitted>'}
        Body: None
    Response - Headers: {'date': 'Tue, 17 Mar 2026 11:06:42 GMT', 'server': 'Apache/2.4.58 (Ubuntu)', 'content-type': 'application/json', 'x-compute-request-id': 'req-522dc9a1-50b5-4bbf-81cb-3acffc503adf', 'content-length': '906', 'openstack-api-version': 'volume 3.55', 'vary': 'OpenStack-API-Version', 'x-openstack-request-id': 'req-522dc9a1-50b5-4bbf-81cb-3acffc503adf', 'connection': 'close', 'status': '200', 'content-location': 'http://10.201.9.223/volume/v3/volumes/e1e1bcad-3d3a-4625-9a0e-ed2aa19e4b72'}
        Body: b'{"volume": {"id": "e1e1bcad-3d3a-4625-9a0e-ed2aa19e4b72", "status": "error", "size": 1, "availability_zone": "nova", "created_at": "2026-03-17T11:06:41.000000", "updated_at": "2026-03-17T11:06:41.000000", "name": "tempest-VolumesTransfersV355Test-Volume-163112328", "description": null, "volume_type": "3par1", "snapshot_id": null, "source_volid": null, "metadata": {}, "links": [{"rel": "self", "href": "http://10.201.9.223/volume/v3/volumes/e1e1bcad-3d3a-4625-9a0e-ed2aa19e4b72"}, {"rel": "bookmark", "href": "http://10.201.9.223/volume/volumes/e1e1bcad-3d3a-4625-9a0e-ed2aa19e4b72"}], "user_id": "1bc0e73e28e54bee92bc4a1b4d281f5a", "bootable": "false", "encrypted": false, "replication_status": null, "consistencygroup_id": null, "multiattach": false, "attachments": [], "group_id": null, "shared_targets": true, "service_uuid": null, "os-vol-tenant-attr:tenant_id": "78e34e0b0ee2402981ec330653487d4b"}}'
2026-03-17 11:06:42,435 125212 INFO     [tempest.lib.common.rest_client] Request (VolumesTransfersV355Test:_run_cleanups): 200 GET http://10.201.9.223/volume/v3/volumes/e1e1bcad-3d3a-4625-9a0e-ed2aa19e4b72 0.022s
2026-03-17 11:06:42,436 125212 DEBUG    [tempest.lib.common.rest_client] Request - Headers: {'Content-Type': 'application/json', 'Accept': 'application/json', 'Openstack-Api-Version': 'volume 3.55', 'X-Auth-Token': '<omitted>'}
        Body: None
    Response - Headers: {'date': 'Tue, 17 Mar 2026 11:06:42 GMT', 'server': 'Apache/2.4.58 (Ubuntu)', 'content-type': 'application/json', 'x-compute-request-id': 'req-b55076f3-84cd-4f74-8c61-abad4d9de53f', 'content-length': '906', 'openstack-api-version': 'volume 3.55', 'vary': 'OpenStack-API-Version', 'x-openstack-request-id': 'req-b55076f3-84cd-4f74-8c61-abad4d9de53f', 'connection': 'close', 'status': '200', 'content-location': 'http://10.201.9.223/volume/v3/volumes/e1e1bcad-3d3a-4625-9a0e-ed2aa19e4b72'}
        Body: b'{"volume": {"id": "e1e1bcad-3d3a-4625-9a0e-ed2aa19e4b72", "status": "error", "size": 1, "availability_zone": "nova", "created_at": "2026-03-17T11:06:41.000000", "updated_at": "2026-03-17T11:06:41.000000", "name": "tempest-VolumesTransfersV355Test-Volume-163112328", "description": null, "volume_type": "3par1", "snapshot_id": null, "source_volid": null, "metadata": {}, "links": [{"rel": "self", "href": "http://10.201.9.223/volume/v3/volumes/e1e1bcad-3d3a-4625-9a0e-ed2aa19e4b72"}, {"rel": "bookmark", "href": "http://10.201.9.223/volume/volumes/e1e1bcad-3d3a-4625-9a0e-ed2aa19e4b72"}], "user_id": "1bc0e73e28e54bee92bc4a1b4d281f5a", "bootable": "false", "encrypted": false, "replication_status": null, "consistencygroup_id": null, "multiattach": false, "attachments": [], "group_id": null, "shared_targets": true, "service_uuid": null, "os-vol-tenant-attr:tenant_id": "78e34e0b0ee2402981ec330653487d4b"}}'
2026-03-17 11:06:42,499 125212 INFO     [tempest.lib.common.rest_client] Request (VolumesTransfersV355Test:_run_cleanups): 202 DELETE http://10.201.9.223/volume/v3/volumes/e1e1bcad-3d3a-4625-9a0e-ed2aa19e4b72 0.059s
2026-03-17 11:06:42,499 125212 DEBUG    [tempest.lib.common.rest_client] Request - Headers: {'Content-Type': 'application/json', 'Accept': 'application/json', 'Openstack-Api-Version': 'volume 3.55', 'X-Auth-Token': '<omitted>'}
        Body: None
    Response - Headers: {'date': 'Tue, 17 Mar 2026 11:06:42 GMT', 'server': 'Apache/2.4.58 (Ubuntu)', 'content-length': '0', 'content-type': 'text/html; chars
    et=UTF-8', 'openstack-api-version': 'volume 3.55', 'vary': 'OpenStack-API-Version', 'x-openstack-request-id': 'req-2205ceaf-9f93-49b9-8ce4-1667d4c64cc6', 'connection': 'close', 'status': '202', 'content-location': 'http://10.201.9.223/volume/v3/volumes/e1e1bcad-3d3a-4625-9a0e-ed2aa19e4b72'}
        Body: b''
2026-03-17 11:06:42,515 125212 INFO     [tempest.lib.common.rest_client] Request (VolumesTransfersV355Test:_run_cleanups): 404 GET http://10.201.9.223/volume/v3/volumes/e1e1bcad-3d3a-4625-9a0e-ed2aa19e4b72 0.016s
2026-03-17 11:06:42,515 125212 DEBUG    [tempest.lib.common.rest_client] Request - Headers: {'Content-Type': 'application/json', 'Accept': 'application/json', 'Openstack-Api-Version': 'volume 3.55', 'X-Auth-Token': '<omitted>'}
        Body: None
    Response - Headers: {'date': 'Tue, 17 Mar 2026 11:06:42 GMT', 'server': 'Apache/2.4.58 (Ubuntu)', 'openstack-api-version': 'volume 3.55', 'vary': 'OpenStack-API-Version', 'content-length': '109', 'content-type': 'application/json', 'x-compute-request-id': 'req-94946548-4c17-436a-aae9-2dd72a05f429', 'x-openstack-request-id': 'req-94946548-4c17-436a-aae9-2dd72a05f429', 'connection': 'close', 'status': '404', 'content-location': 'http://10.201.9.223/volume/v3/volumes/e1e1bcad-3d3a-4625-9a0e-ed2aa19e4b72'}
        Body: b'{"itemNotFound": {"code": 404, "message": "Volume e1e1bcad-3d3a-4625-9a0e-ed2aa19e4b72 could not be found."}}'

{0} tempest.api.volume.test_volume_transfers.VolumesTransfersV355Test.test_create_list_delete_volume_transfer [1.314778s] ... FAILED

Captured traceback:
~~~~~~~~~~~~~~~~~~~
    Traceback (most recent call last):

      File "/opt/stack/tempest/tempest/api/volume/test_volume_transfers.py", line 131, in test_create_list_delete_volume_transfer
    test_create_list_delete_volume_transfer()

      File "/opt/stack/tempest/tempest/api/volume/test_volume_transfers.py", line 81, in test_create_list_delete_volume_transfer
    volume = self.create_volume()
             ^^^^^^^^^^^^^^^^^^^^

      File "/opt/stack/tempest/tempest/api/volume/base.py", line 144, in create_volume
    waiters.wait_for_volume_resource_status(self.volumes_client,

      File "/opt/stack/tempest/tempest/common/waiters.py", line 379, in wait_for_volume_resource_status
    raise exceptions.VolumeResourceBuildErrorException(

    tempest.exceptions.VolumeResourceBuildErrorException: volume cb373027-e5c4-4169-bb75-40cdd54c6321 failed to build and is in ERROR status


Captured pythonlogging:
~~~~~~~~~~~~~~~~~~~~~~~
    2026-03-17 11:06:42,657 125212 INFO     [tempest.lib.common.rest_client] Request (VolumesTransfersV355Test:test_create_list_delete_volume_transfer): 202 POST http://10.201.9.223/volume/v3/volumes 0.140s
2026-03-17 11:06:42,657 125212 DEBUG    [tempest.lib.common.rest_client] Request - Headers: {'Content-Type': 'application/json', 'Accept': 'application/json', 'Openstack-Api-Version': 'volume 3.55', 'X-Auth-Token': '<omitted>'}
        Body: {"volume": {"size": 1, "name": "tempest-VolumesTransfersV355Test-Volume-839239858"}}
    Response - Headers: {'date': 'Tue, 17 Mar 2026 11:06:42 GMT', 'server': 'Apache/2.4.58 (Ubuntu)', 'content-type': 'application/json', 'x-compute-request-id': 'req-12d5f86f-728e-4d9a-83fb-eec287da27b8', 'content-length': '817', 'openstack-api-version': 'volume 3.55', 'vary': 'OpenStack-API-Version', 'x-openstack-request-id': 'req-12d5f86f-728e-4d9a-83fb-eec287da27b8', 'connection': 'close', 'status': '202', 'content-location': 'http://10.201.9.223/volume/v3/volumes'}
        Body: b'{"volume": {"id": "cb373027-e5c4-4169-bb75-40cdd54c6321", "status": "creating", "size": 1, "availability_zone": "nova", "created_at": "2026-03-17T11:06:42.591708", "updated_at": null, "name": "tempest-VolumesTransfersV355Test-Volume-839239858", "description": null, "volume_type": "3par1", "snapshot_id": null, "source_volid": null, "metadata": {}, "links": [{"rel": "self", "href": "http://10.201.9.223/volume/v3/volumes/cb373027-e5c4-4169-bb75-40cdd54c6321"}, {"rel": "bookmark", "href": "http://10.201.9.223/volume/volumes/cb373027-e5c4-4169-bb75-40cdd54c6321"}], "user_id": "1bc0e73e28e54bee92bc4a1b4d281f5a", "bootable": "false", "encrypted": false, "replication_status": null, "consistencygroup_id": null, "multiattach": false, "attachments": [], "group_id": null, "shared_targets": true, "service_uuid": null}}'
2026-03-17 11:06:42,683 125212 INFO     [tempest.lib.common.rest_client] Request (VolumesTransfersV355Test:test_create_list_delete_volume_transfer): 200 GET http://10.201.9.223/volume/v3/volumes/cb373027-e5c4-4169-bb75-40cdd54c6321 0.017s
2026-03-17 11:06:42,684 125212 DEBUG    [tempest.lib.common.rest_client] Request - Headers: {'Content-Type': 'application/json', 'Accept': 'application/json', 'Openstack-Api-Version': 'volume 3.55', 'X-Auth-Token': '<omitted>'}
        Body: None
    Response - Headers: {'date': 'Tue, 17 Mar 2026 11:06:42 GMT', 'server': 'Apache/2.4.58 (Ubuntu)', 'content-type': 'application/json', 'x-compute-request-id': 'req-73349b31-c52d-45cb-9def-7d1888d6a242', 'content-length': '885', 'openstack-api-version': 'volume 3.55', 'vary': 'OpenStack-API-Version', 'x-openstack-request-id': 'req-73349b31-c52d-45cb-9def-7d1888d6a242', 'connection': 'close', 'status': '200', 'content-location': 'http://10.201.9.223/volume/v3/volumes/cb373027-e5c4-4169-bb75-40cdd54c6321'}
        Body: b'{"volume": {"id": "cb373027-e5c4-4169-bb75-40cdd54c6321", "status": "creating", "size": 1, "availability_zone": "nova", "created_at": "2026-03-17T11:06:43.000000", "updated_at": null, "name": "tempest-VolumesTransfersV355Test-Volume-839239858", "description": null, "volume_type": "3par1", "snapshot_id": null, "source_volid": null, "metadata": {}, "links": [{"rel": "self", "href": "http://10.201.9.223/volume/v3/volumes/cb373027-e5c4-4169-bb75-40cdd54c6321"}, {"rel": "bookmark", "href": "http://10.201.9.223/volume/volumes/cb373027-e5c4-4169-bb75-40cdd54c6321"}], "user_id": "1bc0e73e28e54bee92bc4a1b4d281f5a", "bootable": "false", "encrypted": false, "replication_status": null, "consistencygroup_id": null, "multiattach": false, "attachments": [], "group_id": null, "shared_targets": true, "service_uuid": null, "os-vol-tenant-attr:tenant_id": "78e34e0b0ee2402981ec330653487d4b"}}'
2026-03-17 11:06:43,724 125212 INFO     [tempest.lib.common.rest_client] Request (VolumesTransfersV355Test:test_create_list_delete_volume_transfer): 200 GET http://10.201.9.223/volume/v3/volumes/cb373027-e5c4-4169-bb75-40cdd54c6321 0.036s
2026-03-17 11:06:43,725 125212 DEBUG    [tempest.lib.common.rest_client] Request - Headers: {'Content-Type': 'applic
    ation/json', 'Accept': 'application/json', 'Openstack-Api-Version': 'volume 3.55', 'X-Auth-Token': '<omitted>'}
        Body: None
    Response - Headers: {'date': 'Tue, 17 Mar 2026 11:06:43 GMT', 'server': 'Apache/2.4.58 (Ubuntu)', 'content-type': 'application/json', 'x-compute-request-id': 'req-3adb4dbf-5d6f-405a-a7d5-cee90a4901ad', 'content-length': '906', 'openstack-api-version': 'volume 3.55', 'vary': 'OpenStack-API-Version', 'x-openstack-request-id': 'req-3adb4dbf-5d6f-405a-a7d5-cee90a4901ad', 'connection': 'close', 'status': '200', 'content-location': 'http://10.201.9.223/volume/v3/volumes/cb373027-e5c4-4169-bb75-40cdd54c6321'}
        Body: b'{"volume": {"id": "cb373027-e5c4-4169-bb75-40cdd54c6321", "status": "error", "size": 1, "availability_zone": "nova", "created_at": "2026-03-17T11:06:43.000000", "updated_at": "2026-03-17T11:06:43.000000", "name": "tempest-VolumesTransfersV355Test-Volume-839239858", "description": null, "volume_type": "3par1", "snapshot_id": null, "source_volid": null, "metadata": {}, "links": [{"rel": "self", "href": "http://10.201.9.223/volume/v3/volumes/cb373027-e5c4-4169-bb75-40cdd54c6321"}, {"rel": "bookmark", "href": "http://10.201.9.223/volume/volumes/cb373027-e5c4-4169-bb75-40cdd54c6321"}], "user_id": "1bc0e73e28e54bee92bc4a1b4d281f5a", "bootable": "false", "encrypted": false, "replication_status": null, "consistencygroup_id": null, "multiattach": false, "attachments": [], "group_id": null, "shared_targets": true, "service_uuid": null, "os-vol-tenant-attr:tenant_id": "78e34e0b0ee2402981ec330653487d4b"}}'
2026-03-17 11:06:43,749 125212 INFO     [tempest.lib.common.rest_client] Request (VolumesTransfersV355Test:_run_cleanups): 200 GET http://10.201.9.223/volume/v3/volumes/cb373027-e5c4-4169-bb75-40cdd54c6321 0.019s
2026-03-17 11:06:43,749 125212 DEBUG    [tempest.lib.common.rest_client] Request - Headers: {'Content-Type': 'application/json', 'Accept': 'application/json', 'Openstack-Api-Version': 'volume 3.55', 'X-Auth-Token': '<omitted>'}
        Body: None
    Response - Headers: {'date': 'Tue, 17 Mar 2026 11:06:43 GMT', 'server': 'Apache/2.4.58 (Ubuntu)', 'content-type': 'application/json', 'x-compute-request-id': 'req-1bb3e9fc-2ba7-457c-b06a-8063ddcb0f1e', 'content-length': '906', 'openstack-api-version': 'volume 3.55', 'vary': 'OpenStack-API-Version', 'x-openstack-request-id': 'req-1bb3e9fc-2ba7-457c-b06a-8063ddcb0f1e', 'connection': 'close', 'status': '200', 'content-location': 'http://10.201.9.223/volume/v3/volumes/cb373027-e5c4-4169-bb75-40cdd54c6321'}
        Body: b'{"volume": {"id": "cb373027-e5c4-4169-bb75-40cdd54c6321", "status": "error", "size": 1, "availability_zone": "nova", "created_at": "2026-03-17T11:06:43.000000", "updated_at": "2026-03-17T11:06:43.000000", "name": "tempest-VolumesTransfersV355Test-Volume-839239858", "description": null, "volume_type": "3par1", "snapshot_id": null, "source_volid": null, "metadata": {}, "links": [{"rel": "self", "href": "http://10.201.9.223/volume/v3/volumes/cb373027-e5c4-4169-bb75-40cdd54c6321"}, {"rel": "bookmark", "href": "http://10.201.9.223/volume/volumes/cb373027-e5c4-4169-bb75-40cdd54c6321"}], "user_id": "1bc0e73e28e54bee92bc4a1b4d281f5a", "bootable": "false", "encrypted": false, "replication_status": null, "consistencygroup_id": null, "multiattach": false, "attachments": [], "group_id": null, "shared_targets": true, "service_uuid": null, "os-vol-tenant-attr:tenant_id": "78e34e0b0ee2402981ec330653487d4b"}}'
2026-03-17 11:06:43,818 125212 INFO     [tempest.lib.common.rest_client] Request (VolumesTransfersV355Test:_run_cleanups): 202 DELETE http://10.201.9.223/volume/v3/volumes/cb373027-e5c4-4169-bb75-40cdd54c6321 0.063s
2026-03-17 11:06:43,818 125212 DEBUG    [tempest.lib.common.rest_client] Request - Headers: {'Content-Type': 'application/json', 'Accept': 'application/json', 'Openstack-Api-Version': 'volume 3.55', 'X-Auth-Token': '<omitted>'}
        Body: None
    Response - Headers: {'date': 'Tue, 17 Mar 2026 11:06:43 GMT', 'server': 'Apache/2.4.58 (Ubuntu)', 'content-length': '0', 'content-type': 'text/html; charset=UTF-8', '
    openstack-api-version': 'volume 3.55', 'vary': 'OpenStack-API-Version', 'x-openstack-request-id': 'req-bee808bd-c792-4d57-984f-8207ebfb870f', 'connection': 'close', 'status': '202', 'content-location': 'http://10.201.9.223/volume/v3/volumes/cb373027-e5c4-4169-bb75-40cdd54c6321'}
        Body: b''
2026-03-17 11:06:43,830 125212 INFO     [tempest.lib.common.rest_client] Request (VolumesTransfersV355Test:_run_cleanups): 404 GET http://10.201.9.223/volume/v3/volumes/cb373027-e5c4-4169-bb75-40cdd54c6321 0.012s
2026-03-17 11:06:43,831 125212 DEBUG    [tempest.lib.common.rest_client] Request - Headers: {'Content-Type': 'application/json', 'Accept': 'application/json', 'Openstack-Api-Version': 'volume 3.55', 'X-Auth-Token': '<omitted>'}
        Body: None
    Response - Headers: {'date': 'Tue, 17 Mar 2026 11:06:43 GMT', 'server': 'Apache/2.4.58 (Ubuntu)', 'openstack-api-version': 'volume 3.55', 'vary': 'OpenStack-API-Version', 'content-length': '109', 'content-type': 'application/json', 'x-compute-request-id': 'req-5ab02fa3-bc05-46f0-b71c-5bc755701be1', 'x-openstack-request-id': 'req-5ab02fa3-bc05-46f0-b71c-5bc755701be1', 'connection': 'close', 'status': '404', 'content-location': 'http://10.201.9.223/volume/v3/volumes/cb373027-e5c4-4169-bb75-40cdd54c6321'}
        Body: b'{"itemNotFound": {"code": 404, "message": "Volume cb373027-e5c4-4169-bb75-40cdd54c6321 could not be found."}}'

{0} tempest.api.volume.test_volume_transfers.VolumesTransfersV357Test.test_create_get_list_accept_volume_transfer [1.460388s] ... FAILED

Captured traceback:
~~~~~~~~~~~~~~~~~~~
    Traceback (most recent call last):

      File "/opt/stack/tempest/tempest/api/volume/test_volume_transfers.py", line 144, in test_create_get_list_accept_volume_transfer
    test_create_get_list_accept_volume_transfer()

      File "/opt/stack/tempest/tempest/api/volume/test_volume_transfers.py", line 125, in test_create_get_list_accept_volume_transfer
    test_create_get_list_accept_volume_transfer()

      File "/opt/stack/tempest/tempest/api/volume/test_volume_transfers.py", line 40, in test_create_get_list_accept_volume_transfer
    volume = self.create_volume()
             ^^^^^^^^^^^^^^^^^^^^

      File "/opt/stack/tempest/tempest/api/volume/base.py", line 144, in create_volume
    waiters.wait_for_volume_resource_status(self.volumes_client,

      File "/opt/stack/tempest/tempest/common/waiters.py", line 379, in wait_for_volume_resource_status
    raise exceptions.VolumeResourceBuildErrorException(

    tempest.exceptions.VolumeResourceBuildErrorException: volume 7f7abdf8-8393-4ca9-a5c6-9b4d1c32240e failed to build and is in ERROR status


Captured pythonlogging:
~~~~~~~~~~~~~~~~~~~~~~~
    2026-03-17 11:06:46,705 125212 INFO     [tempest.lib.common.rest_client] Request (VolumesTransfersV357Test:test_create_get_list_accept_volume_transfer): 202 POST http://10.201.9.223/volume/v3/volumes 0.252s
2026-03-17 11:06:46,706 125212 DEBUG    [tempest.lib.common.rest_client] Request - Headers: {'Content-Type': 'application/json', 'Accept': 'application/json', 'Openstack-Api-Version': 'volume 3.57', 'X-Auth-Token': '<omitted>'}
        Body: {"volume": {"size": 1, "name": "tempest-VolumesTransfersV357Test-Volume-63316750"}}
    Response - Headers: {'date': 'Tue, 17 Mar 2026 11:06:46 GMT', 'server': 'Apache/2.4.58 (Ubuntu)', 'content-type': 'application/json', 'x-compute-request-id': 'req-9a71ce15-f9e5-4139-a4ec-e068a86d958a', 'content-length': '816', 'openstack-api-version': 'volume 3.57', 'vary': 'OpenStack-API-Version', 'x-openstack-request-id': 'req-9a71ce15-f9e5-4139-a4ec-e068a86d958a', 'connection': 'close', 'status': '202', 'content-location': 'http://10.201.9.223/volume/v3/volumes'}
        Body: b'{"volume": {"id": "7f7abdf8-8393-4ca9-a5c6-9b4d1c32240e", "status": "creating", "size": 1, "availability_zone": "nova", "created_at": "2026-03-17T11:06:46.653527", "updated_at": null, "name": "tempest-VolumesTransfersV357Test-Volume-63316750", "description": null, "volume_type": "3par1", "snapshot_id": null, "source_volid": null, "metadata": {}, "links": [{"rel": "self", "href": "http://10.201.9.223/volume/v3/volumes/7f7abdf8-8393-4ca9-a5c6-9b4d1c32240e"}, {"rel": "bookmark", "href": "http://10.201.9.223/volume/volumes/7f7abdf8-8393-4ca9-a5c6-9b4d1c32240e"}], "user_id": "5e98b15b68ba4cc1b02795d75ce9e6ce", "bootable": "false", "encrypted": false, "replication_status": null, "consistencygroup_id": null, "multiattach": false, "attachments": [], "group_id": null, "shared_targets": true, "service_uuid": null}}'
2026-03-17 11:06:46,735 125212 INFO     [tempest.lib.common.rest_client] Request (VolumesTransfersV357Test:test_create_get_list_accept_volume_transfer): 200 GET http://10.201.9.223/volume/v3/volumes/7f7abdf8-8393-4ca9-a5c6-9b4d1c32240e 0.018s
2026-03-17 11:06:46,736 125212 DEBUG    [tempest.lib.common.rest_client] Request - Headers: {'Content-Type': 'application/json', 'Accept': 'application/json', 'Openstack-Api-Version': 'volume 3.57', 'X-Auth-Token': '<omitted>'}
        Body: None
    Response - Headers: {'date': 'Tue, 17 Mar 2026 11:06:46 GMT', 'server': 'Apache/2.4.58 (Ubuntu)', 'content-type': 'application/json', 'x-compute-request-id': 'req-8ded01c6-828d-4643-8987-b274021c81e2', 'content-length': '884', 'openstack-api-version': 'volume 3.57', 'vary': 'OpenStack-API-Version', 'x-openstack-request-id': 'req-8ded01c6-828d-4643-8987-b274021c81e2', 'connection': 'close', 'status': '200', 'content-location': 'http://10.201.9.223/volume/v3/volumes/7f7abdf8-8393-4ca9-a5c6-9b4d1c32240e'}
        Body: b'{"volume": {"id": "7f7abdf8-8393-4ca9-a5c6-9b4d1c32240e", "status": "creating", "size": 1, "availability_zone": "nova", "created_at": "2026-03-17T11:06:47.000000", "updated_at": null, "name": "tempest-VolumesTransfersV357Test-Volume-63316750", "description": null, "volume_type": "3par1", "snapshot_id": null, "source_volid": null, "metadata": {}, "links": [{"rel": "self", "href": "http://10.201.9.223/volume/v3/volumes/7f7abdf8-8393-4ca9-a5c6-9b4d1c32240e"}, {"rel": "bookmark", "href": "http://10.201.9.223/volume/volumes/7f7abdf8-8393-4ca9-a5c6-9b4d1c32240e"}], "user_id": "5e98b15b68ba4cc1b02795d75ce9e6ce", "bootable": "false", "encrypted": false, "replication_status": null, "consistencygroup_id": null, "multiattach": false, "attachments": [], "group_id": null, "shared_targets": true, "service_uuid": null, "os-vol-tenant-attr:tenant_id": "3218b2ec3dc147b5877a7e1af0545c22"}}'
2026-03-17 11:06:47,778 125212 INFO     [tempest.lib.common.rest_client] Request (VolumesTransfersV357Test:test_create_get_list_accept_volume_transfer): 200 GET http://10.201.9.223/volume/v3/volumes/7f7abdf8-8393-4ca9-a5c6-9b4d1c32240e 0.031s
2026-03-17 11:06:47,778 125212 DEBUG    [tempest.lib.common.rest_client] Request - Headers: {'Content-Type'
    : 'application/json', 'Accept': 'application/json', 'Openstack-Api-Version': 'volume 3.57', 'X-Auth-Token': '<omitted>'}
        Body: None
    Response - Headers: {'date': 'Tue, 17 Mar 2026 11:06:47 GMT', 'server': 'Apache/2.4.58 (Ubuntu)', 'content-type': 'application/json', 'x-compute-request-id': 'req-e4068ae4-5f80-45d8-8bce-4412a708e0da', 'content-length': '905', 'openstack-api-version': 'volume 3.57', 'vary': 'OpenStack-API-Version', 'x-openstack-request-id': 'req-e4068ae4-5f80-45d8-8bce-4412a708e0da', 'connection': 'close', 'status': '200', 'content-location': 'http://10.201.9.223/volume/v3/volumes/7f7abdf8-8393-4ca9-a5c6-9b4d1c32240e'}
        Body: b'{"volume": {"id": "7f7abdf8-8393-4ca9-a5c6-9b4d1c32240e", "status": "error", "size": 1, "availability_zone": "nova", "created_at": "2026-03-17T11:06:47.000000", "updated_at": "2026-03-17T11:06:47.000000", "name": "tempest-VolumesTransfersV357Test-Volume-63316750", "description": null, "volume_type": "3par1", "snapshot_id": null, "source_volid": null, "metadata": {}, "links": [{"rel": "self", "href": "http://10.201.9.223/volume/v3/volumes/7f7abdf8-8393-4ca9-a5c6-9b4d1c32240e"}, {"rel": "bookmark", "href": "http://10.201.9.223/volume/volumes/7f7abdf8-8393-4ca9-a5c6-9b4d1c32240e"}], "user_id": "5e98b15b68ba4cc1b02795d75ce9e6ce", "bootable": "false", "encrypted": false, "replication_status": null, "consistencygroup_id": null, "multiattach": false, "attachments": [], "group_id": null, "shared_targets": true, "service_uuid": null, "os-vol-tenant-attr:tenant_id": "3218b2ec3dc147b5877a7e1af0545c22"}}'
2026-03-17 11:06:47,813 125212 INFO     [tempest.lib.common.rest_client] Request (VolumesTransfersV357Test:_run_cleanups): 200 GET http://10.201.9.223/volume/v3/volumes/7f7abdf8-8393-4ca9-a5c6-9b4d1c32240e 0.029s
2026-03-17 11:06:47,814 125212 DEBUG    [tempest.lib.common.rest_client] Request - Headers: {'Content-Type': 'application/json', 'Accept': 'application/json', 'Openstack-Api-Version': 'volume 3.57', 'X-Auth-Token': '<omitted>'}
        Body: None
    Response - Headers: {'date': 'Tue, 17 Mar 2026 11:06:47 GMT', 'server': 'Apache/2.4.58 (Ubuntu)', 'content-type': 'application/json', 'x-compute-request-id': 'req-6cdd90fc-cc8d-415f-9b73-1fd02b259b10', 'content-length': '905', 'openstack-api-version': 'volume 3.57', 'vary': 'OpenStack-API-Version', 'x-openstack-request-id': 'req-6cdd90fc-cc8d-415f-9b73-1fd02b259b10', 'connection': 'close', 'status': '200', 'content-location': 'http://10.201.9.223/volume/v3/volumes/7f7abdf8-8393-4ca9-a5c6-9b4d1c32240e'}
        Body: b'{"volume": {"id": "7f7abdf8-8393-4ca9-a5c6-9b4d1c32240e", "status": "error", "size": 1, "availability_zone": "nova", "created_at": "2026-03-17T11:06:47.000000", "updated_at": "2026-03-17T11:06:47.000000", "name": "tempest-VolumesTransfersV357Test-Volume-63316750", "description": null, "volume_type": "3par1", "snapshot_id": null, "source_volid": null, "metadata": {}, "links": [{"rel": "self", "href": "http://10.201.9.223/volume/v3/volumes/7f7abdf8-8393-4ca9-a5c6-9b4d1c32240e"}, {"rel": "bookmark", "href": "http://10.201.9.223/volume/volumes/7f7abdf8-8393-4ca9-a5c6-9b4d1c32240e"}], "user_id": "5e98b15b68ba4cc1b02795d75ce9e6ce", "bootable": "false", "encrypted": false, "replication_status": null, "consistencygroup_id": null, "multiattach": false, "attachments": [], "group_id": null, "shared_targets": true, "service_uuid": null, "os-vol-tenant-attr:tenant_id": "3218b2ec3dc147b5877a7e1af0545c22"}}'
2026-03-17 11:06:47,894 125212 INFO     [tempest.lib.common.rest_client] Request (VolumesTransfersV357Test:_run_cleanups): 202 DELETE http://10.201.9.223/volume/v3/volumes/7f7abdf8-8393-4ca9-a5c6-9b4d1c32240e 0.068s
2026-03-17 11:06:47,895 125212 DEBUG    [tempest.lib.common.rest_client] Request - Headers: {'Content-Type': 'application/json', 'Accept': 'application/json', 'Openstack-Api-Version': 'volume 3.57', 'X-Auth-Token': '<omitted>'}
        Body: None
    Response - Headers: {'date': 'Tue, 17 Mar 2026 11:06:47 GMT', 'server': 'Apache/2.4.58 (Ubuntu)', 'content-length': '0', 'content-type': 'text/html; charset=UT
    F-8', 'openstack-api-version': 'volume 3.57', 'vary': 'OpenStack-API-Version', 'x-openstack-request-id': 'req-7fd3c14a-6875-4b3f-ac8c-c1e9cc993cf3', 'connection': 'close', 'status': '202', 'content-location': 'http://10.201.9.223/volume/v3/volumes/7f7abdf8-8393-4ca9-a5c6-9b4d1c32240e'}
        Body: b''
2026-03-17 11:06:47,912 125212 INFO     [tempest.lib.common.rest_client] Request (VolumesTransfersV357Test:_run_cleanups): 404 GET http://10.201.9.223/volume/v3/volumes/7f7abdf8-8393-4ca9-a5c6-9b4d1c32240e 0.016s
2026-03-17 11:06:47,912 125212 DEBUG    [tempest.lib.common.rest_client] Request - Headers: {'Content-Type': 'application/json', 'Accept': 'application/json', 'Openstack-Api-Version': 'volume 3.57', 'X-Auth-Token': '<omitted>'}
        Body: None
    Response - Headers: {'date': 'Tue, 17 Mar 2026 11:06:47 GMT', 'server': 'Apache/2.4.58 (Ubuntu)', 'openstack-api-version': 'volume 3.57', 'vary': 'OpenStack-API-Version', 'content-length': '109', 'content-type': 'application/json', 'x-compute-request-id': 'req-c76271af-ec88-48ef-8084-4636dfc1ca33', 'x-openstack-request-id': 'req-c76271af-ec88-48ef-8084-4636dfc1ca33', 'connection': 'close', 'status': '404', 'content-location': 'http://10.201.9.223/volume/v3/volumes/7f7abdf8-8393-4ca9-a5c6-9b4d1c32240e'}
        Body: b'{"itemNotFound": {"code": 404, "message": "Volume 7f7abdf8-8393-4ca9-a5c6-9b4d1c32240e could not be found."}}'

{0} tempest.api.volume.test_volume_transfers.VolumesTransfersV357Test.test_create_list_delete_volume_transfer [1.342827s] ... FAILED

Captured traceback:
~~~~~~~~~~~~~~~~~~~
    Traceback (most recent call last):

      File "/opt/stack/tempest/tempest/api/volume/test_volume_transfers.py", line 150, in test_create_list_delete_volume_transfer
    test_create_list_delete_volume_transfer()

      File "/opt/stack/tempest/tempest/api/volume/test_volume_transfers.py", line 131, in test_create_list_delete_volume_transfer
    test_create_list_delete_volume_transfer()

      File "/opt/stack/tempest/tempest/api/volume/test_volume_transfers.py", line 81, in test_create_list_delete_volume_transfer
    volume = self.create_volume()
             ^^^^^^^^^^^^^^^^^^^^

      File "/opt/stack/tempest/tempest/api/volume/base.py", line 144, in create_volume
    waiters.wait_for_volume_resource_status(self.volumes_client,

      File "/opt/stack/tempest/tempest/common/waiters.py", line 379, in wait_for_volume_resource_status
    raise exceptions.VolumeResourceBuildErrorException(

    tempest.exceptions.VolumeResourceBuildErrorException: volume 12928197-15a3-4ff3-bb77-df48f9d8174b failed to build and is in ERROR status


Captured pythonlogging:
~~~~~~~~~~~~~~~~~~~~~~~
    2026-03-17 11:06:48,043 125212 INFO     [tempest.lib.common.rest_client] Request (VolumesTransfersV357Test:test_create_list_delete_volume_transfer): 202 POST http://10.201.9.223/volume/v3/volumes 0.128s
2026-03-17 11:06:48,043 125212 DEBUG    [tempest.lib.common.rest_client] Request - Headers: {'Content-Type': 'application/json', 'Accept': 'application/json', 'Openstack-Api-Version': 'volume 3.57', 'X-Auth-Token': '<omitted>'}
        Body: {"volume": {"size": 1, "name": "tempest-VolumesTransfersV357Test-Volume-1685354385"}}
    Response - Headers: {'date': 'Tue, 17 Mar 2026 11:06:47 GMT', 'server': 'Apache/2.4.58 (Ubuntu)', 'content-type': 'application/json', 'x-compute-request-id': 'req-2ac6a3cd-bbea-479c-8002-bd689f5194c6', 'content-length': '818', 'openstack-api-version': 'volume 3.57', 'vary': 'OpenStack-API-Version', 'x-openstack-request-id': 'req-2ac6a3cd-bbea-479c-8002-bd689f5194c6', 'connection': 'close', 'status': '202', 'content-location': 'http://10.201.9.223/volume/v3/volumes'}
        Body: b'{"volume": {"id": "12928197-15a3-4ff3-bb77-df48f9d8174b", "status": "creating", "size": 1, "availability_zone": "nova", "created_at": "2026-03-17T11:06:47.996283", "updated_at": null, "name": "tempest-VolumesTransfersV357Test-Volume-1685354385", "description": null, "volume_type": "3par1", "snapshot_id": null, "source_volid": null, "metadata": {}, "links": [{"rel": "self", "href": "http://10.201.9.223/volume/v3/volumes/12928197-15a3-4ff3-bb77-df48f9d8174b"}, {"rel": "bookmark", "href": "http://10.201.9.223/volume/volumes/12928197-15a3-4ff3-bb77-df48f9d8174b"}], "user_id": "5e98b15b68ba4cc1b02795d75ce9e6ce", "bootable": "false", "encrypted": false, "replication_status": null, "consistencygroup_id": null, "multiattach": false, "attachments": [], "group_id": null, "shared_targets": true, "service_uuid": null}}'
2026-03-17 11:06:48,065 125212 INFO     [tempest.lib.common.rest_client] Request (VolumesTransfersV357Test:test_create_list_delete_volume_transfer): 200 GET http://10.201.9.223/volume/v3/volumes/12928197-15a3-4ff3-bb77-df48f9d8174b 0.018s
2026-03-17 11:06:48,065 125212 DEBUG    [tempest.lib.common.rest_client] Request - Headers: {'Content-Type': 'application/json', 'Accept': 'application/json', 'Openstack-Api-Version': 'volume 3.57', 'X-Auth-Token': '<omitted>'}
        Body: None
    Response - Headers: {'date': 'Tue, 17 Mar 2026 11:06:48 GMT', 'server': 'Apache/2.4.58 (Ubuntu)', 'content-type': 'application/json', 'x-compute-request-id': 'req-a48c1ded-d279-4ef8-b8c9-af286ca418bb', 'content-length': '886', 'openstack-api-version': 'volume 3.57', 'vary': 'OpenStack-API-Version', 'x-openstack-request-id': 'req-a48c1ded-d279-4ef8-b8c9-af286ca418bb', 'connection': 'close', 'status': '200', 'content-location': 'http://10.201.9.223/volume/v3/volumes/12928197-15a3-4ff3-bb77-df48f9d8174b'}
        Body: b'{"volume": {"id": "12928197-15a3-4ff3-bb77-df48f9d8174b", "status": "creating", "size": 1, "availability_zone": "nova", "created_at": "2026-03-17T11:06:48.000000", "updated_at": null, "name": "tempest-VolumesTransfersV357Test-Volume-1685354385", "description": null, "volume_type": "3par1", "snapshot_id": null, "source_volid": null, "metadata": {}, "links": [{"rel": "self", "href": "http://10.201.9.223/volume/v3/volumes/12928197-15a3-4ff3-bb77-df48f9d8174b"}, {"rel": "bookmark", "href": "http://10.201.9.223/volume/volumes/12928197-15a3-4ff3-bb77-df48f9d8174b"}], "user_id": "5e98b15b68ba4cc1b02795d75ce9e6ce", "bootable": "false", "encrypted": false, "replication_status": null, "consistencygroup_id": null, "multiattach": false, "attachments": [], "group_id": null, "shared_targets": true, "service_uuid": null, "os-vol-tenant-attr:tenant_id": "3218b2ec3dc147b5877a7e1af0545c22"}}'
2026-03-17 11:06:49,102 125212 INFO     [tempest.lib.common.rest_client] Request (VolumesTransfersV357Test:test_create_list_delete_volume_transfer): 200 GET http://10.201.9.223/volume/v3/volumes/12928197-15a3-4ff3-bb77-df48f9d8174b 0.032s
2026-03-17 11:06:49,103 125212 DEBUG    [tempest.lib.common.rest_client] Request - Headers: {'Content-Type': 'app
    lication/json', 'Accept': 'application/json', 'Openstack-Api-Version': 'volume 3.57', 'X-Auth-Token': '<omitted>'}
        Body: None
    Response - Headers: {'date': 'Tue, 17 Mar 2026 11:06:49 GMT', 'server': 'Apache/2.4.58 (Ubuntu)', 'content-type': 'application/json', 'x-compute-request-id': 'req-d7042bf7-e1b4-467b-a16f-f6ea6b2d53c6', 'content-length': '907', 'openstack-api-version': 'volume 3.57', 'vary': 'OpenStack-API-Version', 'x-openstack-request-id': 'req-d7042bf7-e1b4-467b-a16f-f6ea6b2d53c6', 'connection': 'close', 'status': '200', 'content-location': 'http://10.201.9.223/volume/v3/volumes/12928197-15a3-4ff3-bb77-df48f9d8174b'}
        Body: b'{"volume": {"id": "12928197-15a3-4ff3-bb77-df48f9d8174b", "status": "error", "size": 1, "availability_zone": "nova", "created_at": "2026-03-17T11:06:48.000000", "updated_at": "2026-03-17T11:06:48.000000", "name": "tempest-VolumesTransfersV357Test-Volume-1685354385", "description": null, "volume_type": "3par1", "snapshot_id": null, "source_volid": null, "metadata": {}, "links": [{"rel": "self", "href": "http://10.201.9.223/volume/v3/volumes/12928197-15a3-4ff3-bb77-df48f9d8174b"}, {"rel": "bookmark", "href": "http://10.201.9.223/volume/volumes/12928197-15a3-4ff3-bb77-df48f9d8174b"}], "user_id": "5e98b15b68ba4cc1b02795d75ce9e6ce", "bootable": "false", "encrypted": false, "replication_status": null, "consistencygroup_id": null, "multiattach": false, "attachments": [], "group_id": null, "shared_targets": true, "service_uuid": null, "os-vol-tenant-attr:tenant_id": "3218b2ec3dc147b5877a7e1af0545c22"}}'
2026-03-17 11:06:49,150 125212 INFO     [tempest.lib.common.rest_client] Request (VolumesTransfersV357Test:_run_cleanups): 200 GET http://10.201.9.223/volume/v3/volumes/12928197-15a3-4ff3-bb77-df48f9d8174b 0.033s
2026-03-17 11:06:49,150 125212 DEBUG    [tempest.lib.common.rest_client] Request - Headers: {'Content-Type': 'application/json', 'Accept': 'application/json', 'Openstack-Api-Version': 'volume 3.57', 'X-Auth-Token': '<omitted>'}
        Body: None
    Response - Headers: {'date': 'Tue, 17 Mar 2026 11:06:49 GMT', 'server': 'Apache/2.4.58 (Ubuntu)', 'content-type': 'application/json', 'x-compute-request-id': 'req-11eea694-3ae1-468d-a716-e0426418fa0e', 'content-length': '907', 'openstack-api-version': 'volume 3.57', 'vary': 'OpenStack-API-Version', 'x-openstack-request-id': 'req-11eea694-3ae1-468d-a716-e0426418fa0e', 'connection': 'close', 'status': '200', 'content-location': 'http://10.201.9.223/volume/v3/volumes/12928197-15a3-4ff3-bb77-df48f9d8174b'}
        Body: b'{"volume": {"id": "12928197-15a3-4ff3-bb77-df48f9d8174b", "status": "error", "size": 1, "availability_zone": "nova", "created_at": "2026-03-17T11:06:48.000000", "updated_at": "2026-03-17T11:06:48.000000", "name": "tempest-VolumesTransfersV357Test-Volume-1685354385", "description": null, "volume_type": "3par1", "snapshot_id": null, "source_volid": null, "metadata": {}, "links": [{"rel": "self", "href": "http://10.201.9.223/volume/v3/volumes/12928197-15a3-4ff3-bb77-df48f9d8174b"}, {"rel": "bookmark", "href": "http://10.201.9.223/volume/volumes/12928197-15a3-4ff3-bb77-df48f9d8174b"}], "user_id": "5e98b15b68ba4cc1b02795d75ce9e6ce", "bootable": "false", "encrypted": false, "replication_status": null, "consistencygroup_id": null, "multiattach": false, "attachments": [], "group_id": null, "shared_targets": true, "service_uuid": null, "os-vol-tenant-attr:tenant_id": "3218b2ec3dc147b5877a7e1af0545c22"}}'
2026-03-17 11:06:49,239 125212 INFO     [tempest.lib.common.rest_client] Request (VolumesTransfersV357Test:_run_cleanups): 202 DELETE http://10.201.9.223/volume/v3/volumes/12928197-15a3-4ff3-bb77-df48f9d8174b 0.082s
2026-03-17 11:06:49,240 125212 DEBUG    [tempest.lib.common.rest_client] Request - Headers: {'Content-Type': 'application/json', 'Accept': 'application/json', 'Openstack-Api-Version': 'volume 3.57', 'X-Auth-Token': '<omitted>'}
        Body: None
    Response - Headers: {'date': 'Tue, 17 Mar 2026 11:06:49 GMT', 'server': 'Apache/2.4.58 (Ubuntu)', 'content-length': '0', 'content-type': 'text/html; charset=UTF-
    8', 'openstack-api-version': 'volume 3.57', 'vary': 'OpenStack-API-Version', 'x-openstack-request-id': 'req-fb1dcc1f-b997-4061-aeef-472c07d80fc6', 'connection': 'close', 'status': '202', 'content-location': 'http://10.201.9.223/volume/v3/volumes/12928197-15a3-4ff3-bb77-df48f9d8174b'}
        Body: b''
2026-03-17 11:06:49,257 125212 INFO     [tempest.lib.common.rest_client] Request (VolumesTransfersV357Test:_run_cleanups): 404 GET http://10.201.9.223/volume/v3/volumes/12928197-15a3-4ff3-bb77-df48f9d8174b 0.016s
2026-03-17 11:06:49,257 125212 DEBUG    [tempest.lib.common.rest_client] Request - Headers: {'Content-Type': 'application/json', 'Accept': 'application/json', 'Openstack-Api-Version': 'volume 3.57', 'X-Auth-Token': '<omitted>'}
        Body: None
    Response - Headers: {'date': 'Tue, 17 Mar 2026 11:06:49 GMT', 'server': 'Apache/2.4.58 (Ubuntu)', 'openstack-api-version': 'volume 3.57', 'vary': 'OpenStack-API-Version', 'content-length': '109', 'content-type': 'application/json', 'x-compute-request-id': 'req-109a9741-3f14-41ce-b684-8d6b5fb78c70', 'x-openstack-request-id': 'req-109a9741-3f14-41ce-b684-8d6b5fb78c70', 'connection': 'close', 'status': '404', 'content-location': 'http://10.201.9.223/volume/v3/volumes/12928197-15a3-4ff3-bb77-df48f9d8174b'}
        Body: b'{"itemNotFound": {"code": 404, "message": "Volume 12928197-15a3-4ff3-bb77-df48f9d8174b could not be found."}}'

{0} tempest.api.volume.test_volumes_clone.VolumesCloneTest.test_create_from_volume [1.391778s] ... FAILED

Captured traceback:
~~~~~~~~~~~~~~~~~~~
    Traceback (most recent call last):

      File "/opt/stack/tempest/tempest/api/volume/test_volumes_clone.py", line 54, in test_create_from_volume
    src_vol = self.create_volume(size=src_size)
              ^^^^^^^^^^^^^^^^^^^^^^^^^^^^^^^^^

      File "/opt/stack/tempest/tempest/api/volume/base.py", line 144, in create_volume
    waiters.wait_for_volume_resource_status(self.volumes_client,

      File "/opt/stack/tempest/tempest/common/waiters.py", line 379, in wait_for_volume_resource_status
    raise exceptions.VolumeResourceBuildErrorException(

    tempest.exceptions.VolumeResourceBuildErrorException: volume 1e6c0b77-e3a2-4bca-b3ba-7ff73b53fecd failed to build and is in ERROR status


Captured pythonlogging:
~~~~~~~~~~~~~~~~~~~~~~~
    2026-03-17 11:06:51,439 125212 INFO     [tempest.lib.common.rest_client] Request (VolumesCloneTest:test_create_from_volume): 202 POST http://10.201.9.223/volume/v3/volumes 0.202s
2026-03-17 11:06:51,439 125212 DEBUG    [tempest.lib.common.rest_client] Request - Headers: {'Content-Type': 'application/json', 'Accept': 'application/json', 'X-Auth-Token': '<omitted>'}
        Body: {"volume": {"size": 1, "name": "tempest-VolumesCloneTest-Volume-1378410810"}}
    Response - Headers: {'date': 'Tue, 17 Mar 2026 11:06:51 GMT', 'server': 'Apache/2.4.58 (Ubuntu)', 'content-type': 'application/json', 'x-compute-request-id': 'req-a78f025a-3408-48d3-9c1c-5e0ce2b312ca', 'content-length': '746', 'openstack-api-version': 'volume 3.0', 'vary': 'OpenStack-API-Version', 'x-openstack-request-id': 'req-a78f025a-3408-48d3-9c1c-5e0ce2b312ca', 'connection': 'close', 'status': '202', 'content-location': 'http://10.201.9.223/volume/v3/volumes'}
        Body: b'{"volume": {"id": "1e6c0b77-e3a2-4bca-b3ba-7ff73b53fecd", "status": "creating", "size": 1, "availability_zone": "nova", "created_at": "2026-03-17T11:06:51.396236", "updated_at": null, "name": "tempest-VolumesCloneTest-Volume-1378410810", "description": null, "volume_type": "3par1", "snapshot_id": null, "source_volid": null, "metadata": {}, "links": [{"rel": "self", "href": "http://10.201.9.223/volume/v3/volumes/1e6c0b77-e3a2-4bca-b3ba-7ff73b53fecd"}, {"rel": "bookmark", "href": "http://10.201.9.223/volume/volumes/1e6c0b77-e3a2-4bca-b3ba-7ff73b53fecd"}], "user_id": "5c9fa7a1ed6a4c959f1e91ba5eeaca28", "bootable": "false", "encrypted": false, "replication_status": null, "consistencygroup_id": null, "multiattach": false, "attachments": []}}'
2026-03-17 11:06:51,461 125212 INFO     [tempest.lib.common.rest_client] Request (VolumesCloneTest:test_create_from_volume): 200 GET http://10.201.9.223/volume/v3/volumes/1e6c0b77-e3a2-4bca-b3ba-7ff73b53fecd 0.017s
2026-03-17 11:06:51,461 125212 DEBUG    [tempest.lib.common.rest_client] Request - Headers: {'Content-Type': 'application/json', 'Accept': 'application/json', 'X-Auth-Token': '<omitted>'}
        Body: None
    Response - Headers: {'date': 'Tue, 17 Mar 2026 11:06:51 GMT', 'server': 'Apache/2.4.58 (Ubuntu)', 'content-type': 'application/json', 'x-compute-request-id': 'req-d00985db-50d8-4d46-85dd-593c3cb8f283', 'content-length': '814', 'openstack-api-version': 'volume 3.0', 'vary': 'OpenStack-API-Version', 'x-openstack-request-id': 'req-d00985db-50d8-4d46-85dd-593c3cb8f283', 'connection': 'close', 'status': '200', 'content-location': 'http://10.201.9.223/volume/v3/volumes/1e6c0b77-e3a2-4bca-b3ba-7ff73b53fecd'}
        Body: b'{"volume": {"id": "1e6c0b77-e3a2-4bca-b3ba-7ff73b53fecd", "status": "creating", "size": 1, "availability_zone": "nova", "created_at": "2026-03-17T11:06:51.000000", "updated_at": null, "name": "tempest-VolumesCloneTest-Volume-1378410810", "description": null, "volume_type": "3par1", "snapshot_id": null, "source_volid": null, "metadata": {}, "links": [{"rel": "self", "href": "http://10.201.9.223/volume/v3/volumes/1e6c0b77-e3a2-4bca-b3ba-7ff73b53fecd"}, {"rel": "bookmark", "href": "http://10.201.9.223/volume/volumes/1e6c0b77-e3a2-4bca-b3ba-7ff73b53fecd"}], "user_id": "5c9fa7a1ed6a4c959f1e91ba5eeaca28", "bootable": "false", "encrypted": false, "replication_status": null, "consistencygroup_id": null, "multiattach": false, "attachments": [], "os-vol-tenant-attr:tenant_id": "9df9b4a4bf1d46c78dae5f08ce23e22d"}}'
2026-03-17 11:06:52,502 125212 INFO     [tempest.lib.common.rest_client] Request (VolumesCloneTest:test_create_from_volume): 200 GET http://10.201.9.223/volume/v3/volumes/1e6c0b77-e3a2-4bca-b3ba-7ff73b53fecd 0.035s
2026-03-17 11:06:52,502 125212 DEBUG    [tempest.lib.common.rest_client] Request - Headers: {'Content-Type': 'application/json', 'Accept': 'application/json', 'X-Auth-Token': '<omitted>'}
        Body: None
    Response - Headers: {'date': 'Tue, 17 Mar 2026 11:06:52 GMT', 'server': 'Apache/2.4.58 (Ubuntu)', 'content-type': 'application/json', 'x-compute-request-id': 'req-36216a39-3847-4dad-97b5-ed42ed29284c', 'conte
    nt-length': '835', 'openstack-api-version': 'volume 3.0', 'vary': 'OpenStack-API-Version', 'x-openstack-request-id': 'req-36216a39-3847-4dad-97b5-ed42ed29284c', 'connection': 'close', 'status': '200', 'content-location': 'http://10.201.9.223/volume/v3/volumes/1e6c0b77-e3a2-4bca-b3ba-7ff73b53fecd'}
        Body: b'{"volume": {"id": "1e6c0b77-e3a2-4bca-b3ba-7ff73b53fecd", "status": "error", "size": 1, "availability_zone": "nova", "created_at": "2026-03-17T11:06:51.000000", "updated_at": "2026-03-17T11:06:51.000000", "name": "tempest-VolumesCloneTest-Volume-1378410810", "description": null, "volume_type": "3par1", "snapshot_id": null, "source_volid": null, "metadata": {}, "links": [{"rel": "self", "href": "http://10.201.9.223/volume/v3/volumes/1e6c0b77-e3a2-4bca-b3ba-7ff73b53fecd"}, {"rel": "bookmark", "href": "http://10.201.9.223/volume/volumes/1e6c0b77-e3a2-4bca-b3ba-7ff73b53fecd"}], "user_id": "5c9fa7a1ed6a4c959f1e91ba5eeaca28", "bootable": "false", "encrypted": false, "replication_status": null, "consistencygroup_id": null, "multiattach": false, "attachments": [], "os-vol-tenant-attr:tenant_id": "9df9b4a4bf1d46c78dae5f08ce23e22d"}}'
2026-03-17 11:06:52,540 125212 INFO     [tempest.lib.common.rest_client] Request (VolumesCloneTest:_run_cleanups): 200 GET http://10.201.9.223/volume/v3/volumes/1e6c0b77-e3a2-4bca-b3ba-7ff73b53fecd 0.028s
2026-03-17 11:06:52,540 125212 DEBUG    [tempest.lib.common.rest_client] Request - Headers: {'Content-Type': 'application/json', 'Accept': 'application/json', 'X-Auth-Token': '<omitted>'}
        Body: None
    Response - Headers: {'date': 'Tue, 17 Mar 2026 11:06:52 GMT', 'server': 'Apache/2.4.58 (Ubuntu)', 'content-type': 'application/json', 'x-compute-request-id': 'req-fb18d77b-1044-45ae-bf25-b69cb4cf4423', 'content-length': '835', 'openstack-api-version': 'volume 3.0', 'vary': 'OpenStack-API-Version', 'x-openstack-request-id': 'req-fb18d77b-1044-45ae-bf25-b69cb4cf4423', 'connection': 'close', 'status': '200', 'content-location': 'http://10.201.9.223/volume/v3/volumes/1e6c0b77-e3a2-4bca-b3ba-7ff73b53fecd'}
        Body: b'{"volume": {"id": "1e6c0b77-e3a2-4bca-b3ba-7ff73b53fecd", "status": "error", "size": 1, "availability_zone": "nova", "created_at": "2026-03-17T11:06:51.000000", "updated_at": "2026-03-17T11:06:51.000000", "name": "tempest-VolumesCloneTest-Volume-1378410810", "description": null, "volume_type": "3par1", "snapshot_id": null, "source_volid": null, "metadata": {}, "links": [{"rel": "self", "href": "http://10.201.9.223/volume/v3/volumes/1e6c0b77-e3a2-4bca-b3ba-7ff73b53fecd"}, {"rel": "bookmark", "href": "http://10.201.9.223/volume/volumes/1e6c0b77-e3a2-4bca-b3ba-7ff73b53fecd"}], "user_id": "5c9fa7a1ed6a4c959f1e91ba5eeaca28", "bootable": "false", "encrypted": false, "replication_status": null, "consistencygroup_id": null, "multiattach": false, "attachments": [], "os-vol-tenant-attr:tenant_id": "9df9b4a4bf1d46c78dae5f08ce23e22d"}}'
2026-03-17 11:06:52,610 125212 INFO     [tempest.lib.common.rest_client] Request (VolumesCloneTest:_run_cleanups): 202 DELETE http://10.201.9.223/volume/v3/volumes/1e6c0b77-e3a2-4bca-b3ba-7ff73b53fecd 0.063s
2026-03-17 11:06:52,610 125212 DEBUG    [tempest.lib.common.rest_client] Request - Headers: {'Content-Type': 'application/json', 'Accept': 'application/json', 'X-Auth-Token': '<omitted>'}
        Body: None
    Response - Headers: {'date': 'Tue, 17 Mar 2026 11:06:52 GMT', 'server': 'Apache/2.4.58 (Ubuntu)', 'content-length': '0', 'content-type': 'text/html; charset=UTF-8', 'openstack-api-version': 'volume 3.0', 'vary': 'OpenStack-API-Version', 'x-openstack-request-id': 'req-b21ab26f-aa10-4153-8182-c8017028f6fd', 'connection': 'close', 'status': '202', 'content-location': 'http://10.201.9.223/volume/v3/volumes/1e6c0b77-e3a2-4bca-b3ba-7ff73b53fecd'}
        Body: b''
2026-03-17 11:06:52,628 125212 INFO     [tempest.lib.common.rest_client] Request (VolumesCloneTest:_run_cleanups): 404 GET http://10.201.9.223/volume/v3/volumes/1e6c0b77-e3a2-4bca-b3ba-7ff73b53fecd 0.017s
2026-03-17 11:06:52,628 125212 DEBUG    [tempest.lib.common.rest_client] Request 
    - Headers: {'Content-Type': 'application/json', 'Accept': 'application/json', 'X-Auth-Token': '<omitted>'}
        Body: None
    Response - Headers: {'date': 'Tue, 17 Mar 2026 11:06:52 GMT', 'server': 'Apache/2.4.58 (Ubuntu)', 'openstack-api-version': 'volume 3.0', 'vary': 'OpenStack-API-Version', 'content-length': '109', 'content-type': 'application/json', 'x-compute-request-id': 'req-d8bf3112-149d-450b-ba2a-d954a408d500', 'x-openstack-request-id': 'req-d8bf3112-149d-450b-ba2a-d954a408d500', 'connection': 'close', 'status': '404', 'content-location': 'http://10.201.9.223/volume/v3/volumes/1e6c0b77-e3a2-4bca-b3ba-7ff73b53fecd'}
        Body: b'{"itemNotFound": {"code": 404, "message": "Volume 1e6c0b77-e3a2-4bca-b3ba-7ff73b53fecd could not be found."}}'

{0} tempest.api.volume.test_volumes_clone_negative.VolumesCloneNegativeTest.test_create_from_volume_decreasing_size [1.407007s] ... FAILED

Captured traceback:
~~~~~~~~~~~~~~~~~~~
    Traceback (most recent call last):

      File "/opt/stack/tempest/tempest/api/volume/test_volumes_clone_negative.py", line 40, in test_create_from_volume_decreasing_size
    src_vol = self.create_volume(size=src_size)
              ^^^^^^^^^^^^^^^^^^^^^^^^^^^^^^^^^

      File "/opt/stack/tempest/tempest/api/volume/base.py", line 144, in create_volume
    waiters.wait_for_volume_resource_status(self.volumes_client,

      File "/opt/stack/tempest/tempest/common/waiters.py", line 379, in wait_for_volume_resource_status
    raise exceptions.VolumeResourceBuildErrorException(

    tempest.exceptions.VolumeResourceBuildErrorException: volume c81d9563-1853-47a3-9523-2b2e87010df9 failed to build and is in ERROR status


Captured pythonlogging:
~~~~~~~~~~~~~~~~~~~~~~~
    2026-03-17 11:06:53,802 125212 INFO     [tempest.lib.common.rest_client] Request (VolumesCloneNegativeTest:test_create_from_volume_decreasing_size): 202 POST http://10.201.9.223/volume/v3/volumes 0.220s
2026-03-17 11:06:53,803 125212 DEBUG    [tempest.lib.common.rest_client] Request - Headers: {'Content-Type': 'application/json', 'Accept': 'application/json', 'X-Auth-Token': '<omitted>'}
        Body: {"volume": {"size": 2, "name": "tempest-VolumesCloneNegativeTest-Volume-870413226"}}
    Response - Headers: {'date': 'Tue, 17 Mar 2026 11:06:53 GMT', 'server': 'Apache/2.4.58 (Ubuntu)', 'content-type': 'application/json', 'x-compute-request-id': 'req-f4abe3e4-d0c6-4b58-b2bb-caf36657e3f0', 'content-length': '753', 'openstack-api-version': 'volume 3.0', 'vary': 'OpenStack-API-Version', 'x-openstack-request-id': 'req-f4abe3e4-d0c6-4b58-b2bb-caf36657e3f0', 'connection': 'close', 'status': '202', 'content-location': 'http://10.201.9.223/volume/v3/volumes'}
        Body: b'{"volume": {"id": "c81d9563-1853-47a3-9523-2b2e87010df9", "status": "creating", "size": 2, "availability_zone": "nova", "created_at": "2026-03-17T11:06:53.753106", "updated_at": null, "name": "tempest-VolumesCloneNegativeTest-Volume-870413226", "description": null, "volume_type": "3par1", "snapshot_id": null, "source_volid": null, "metadata": {}, "links": [{"rel": "self", "href": "http://10.201.9.223/volume/v3/volumes/c81d9563-1853-47a3-9523-2b2e87010df9"}, {"rel": "bookmark", "href": "http://10.201.9.223/volume/volumes/c81d9563-1853-47a3-9523-2b2e87010df9"}], "user_id": "fcf027c0c85b4263b80ed3a2e5c7bc55", "bootable": "false", "encrypted": false, "replication_status": null, "consistencygroup_id": null, "multiattach": false, "attachments": []}}'
2026-03-17 11:06:53,829 125212 INFO     [tempest.lib.common.rest_client] Request (VolumesCloneNegativeTest:test_create_from_volume_decreasing_size): 200 GET http://10.201.9.223/volume/v3/volumes/c81d9563-1853-47a3-9523-2b2e87010df9 0.020s
2026-03-17 11:06:53,829 125212 DEBUG    [tempest.lib.common.rest_client] Request - Headers: {'Content-Type': 'application/json', 'Accept': 'application/json', 'X-Auth-Token': '<omitted>'}
        Body: None
    Response - Headers: {'date': 'Tue, 17 Mar 2026 11:06:53 GMT', 'server': 'Apache/2.4.58 (Ubuntu)', 'content-type': 'application/json', 'x-compute-request-id': 'req-55b8c41c-2ac7-4e95-940a-a6368fd8589d', 'content-length': '821', 'openstack-api-version': 'volume 3.0', 'vary': 'OpenStack-API-Version', 'x-openstack-request-id': 'req-55b8c41c-2ac7-4e95-940a-a6368fd8589d', 'connection': 'close', 'status': '200', 'content-location': 'http://10.201.9.223/volume/v3/volumes/c81d9563-1853-47a3-9523-2b2e87010df9'}
        Body: b'{"volume": {"id": "c81d9563-1853-47a3-9523-2b2e87010df9", "status": "creating", "size": 2, "availability_zone": "nova", "created_at": "2026-03-17T11:06:54.000000", "updated_at": null, "name": "tempest-VolumesCloneNegativeTest-Volume-870413226", "description": null, "volume_type": "3par1", "snapshot_id": null, "source_volid": null, "metadata": {}, "links": [{"rel": "self", "href": "http://10.201.9.223/volume/v3/volumes/c81d9563-1853-47a3-9523-2b2e87010df9"}, {"rel": "bookmark", "href": "http://10.201.9.223/volume/volumes/c81d9563-1853-47a3-9523-2b2e87010df9"}], "user_id": "fcf027c0c85b4263b80ed3a2e5c7bc55", "bootable": "false", "encrypted": false, "replication_status": null, "consistencygroup_id": null, "multiattach": false, "attachments": [], "os-vol-tenant-attr:tenant_id": "eda4a9ed5557436998f1128fbe80a360"}}'
2026-03-17 11:06:54,870 125212 INFO     [tempest.lib.common.rest_client] Request (VolumesCloneNegativeTest:test_create_from_volume_decreasing_size): 200 GET http://10.201.9.223/volume/v3/volumes/c81d9563-1853-47a3-9523-2b2e87010df9 0.032s
2026-03-17 11:06:54,871 125212 DEBUG    [tempest.lib.common.rest_client] Request - Headers: {'Content-Type': 'application/json', 'Accept': 'application/json', 'X-Auth-Token': '<omitted>'}
        Body: None
    Response - Headers: {'date': 'Tue, 17 Mar 2026 11:06:54 GMT', 'server': 'Apache/2.4.58 (Ubuntu)', 'content-type': '
    application/json', 'x-compute-request-id': 'req-73c52179-18e2-4976-8497-8bbd7416174e', 'content-length': '842', 'openstack-api-version': 'volume 3.0', 'vary': 'OpenStack-API-Version', 'x-openstack-request-id': 'req-73c52179-18e2-4976-8497-8bbd7416174e', 'connection': 'close', 'status': '200', 'content-location': 'http://10.201.9.223/volume/v3/volumes/c81d9563-1853-47a3-9523-2b2e87010df9'}
        Body: b'{"volume": {"id": "c81d9563-1853-47a3-9523-2b2e87010df9", "status": "error", "size": 2, "availability_zone": "nova", "created_at": "2026-03-17T11:06:54.000000", "updated_at": "2026-03-17T11:06:54.000000", "name": "tempest-VolumesCloneNegativeTest-Volume-870413226", "description": null, "volume_type": "3par1", "snapshot_id": null, "source_volid": null, "metadata": {}, "links": [{"rel": "self", "href": "http://10.201.9.223/volume/v3/volumes/c81d9563-1853-47a3-9523-2b2e87010df9"}, {"rel": "bookmark", "href": "http://10.201.9.223/volume/volumes/c81d9563-1853-47a3-9523-2b2e87010df9"}], "user_id": "fcf027c0c85b4263b80ed3a2e5c7bc55", "bootable": "false", "encrypted": false, "replication_status": null, "consistencygroup_id": null, "multiattach": false, "attachments": [], "os-vol-tenant-attr:tenant_id": "eda4a9ed5557436998f1128fbe80a360"}}'
2026-03-17 11:06:54,903 125212 INFO     [tempest.lib.common.rest_client] Request (VolumesCloneNegativeTest:_run_cleanups): 200 GET http://10.201.9.223/volume/v3/volumes/c81d9563-1853-47a3-9523-2b2e87010df9 0.027s
2026-03-17 11:06:54,903 125212 DEBUG    [tempest.lib.common.rest_client] Request - Headers: {'Content-Type': 'application/json', 'Accept': 'application/json', 'X-Auth-Token': '<omitted>'}
        Body: None
    Response - Headers: {'date': 'Tue, 17 Mar 2026 11:06:54 GMT', 'server': 'Apache/2.4.58 (Ubuntu)', 'content-type': 'application/json', 'x-compute-request-id': 'req-cd89fb0b-1e53-4c9e-9aa7-d121c4a7116d', 'content-length': '842', 'openstack-api-version': 'volume 3.0', 'vary': 'OpenStack-API-Version', 'x-openstack-request-id': 'req-cd89fb0b-1e53-4c9e-9aa7-d121c4a7116d', 'connection': 'close', 'status': '200', 'content-location': 'http://10.201.9.223/volume/v3/volumes/c81d9563-1853-47a3-9523-2b2e87010df9'}
        Body: b'{"volume": {"id": "c81d9563-1853-47a3-9523-2b2e87010df9", "status": "error", "size": 2, "availability_zone": "nova", "created_at": "2026-03-17T11:06:54.000000", "updated_at": "2026-03-17T11:06:54.000000", "name": "tempest-VolumesCloneNegativeTest-Volume-870413226", "description": null, "volume_type": "3par1", "snapshot_id": null, "source_volid": null, "metadata": {}, "links": [{"rel": "self", "href": "http://10.201.9.223/volume/v3/volumes/c81d9563-1853-47a3-9523-2b2e87010df9"}, {"rel": "bookmark", "href": "http://10.201.9.223/volume/volumes/c81d9563-1853-47a3-9523-2b2e87010df9"}], "user_id": "fcf027c0c85b4263b80ed3a2e5c7bc55", "bootable": "false", "encrypted": false, "replication_status": null, "consistencygroup_id": null, "multiattach": false, "attachments": [], "os-vol-tenant-attr:tenant_id": "eda4a9ed5557436998f1128fbe80a360"}}'
2026-03-17 11:06:54,974 125212 INFO     [tempest.lib.common.rest_client] Request (VolumesCloneNegativeTest:_run_cleanups): 202 DELETE http://10.201.9.223/volume/v3/volumes/c81d9563-1853-47a3-9523-2b2e87010df9 0.063s
2026-03-17 11:06:54,975 125212 DEBUG    [tempest.lib.common.rest_client] Request - Headers: {'Content-Type': 'application/json', 'Accept': 'application/json', 'X-Auth-Token': '<omitted>'}
        Body: None
    Response - Headers: {'date': 'Tue, 17 Mar 2026 11:06:54 GMT', 'server': 'Apache/2.4.58 (Ubuntu)', 'content-length': '0', 'content-type': 'text/html; charset=UTF-8', 'openstack-api-version': 'volume 3.0', 'vary': 'OpenStack-API-Version', 'x-openstack-request-id': 'req-477c6efe-c747-43e0-a52d-b36aaebce017', 'connection': 'close', 'status': '202', 'content-location': 'http://10.201.9.223/volume/v3/volumes/c81d9563-1853-47a3-9523-2b2e87010df9'}
        Body: b''
2026-03-17 11:06:54,988 125212 INFO     [tempest.lib.common.rest_client] Request (VolumesCloneNegativeTest:_run_cleanups): 404 GET http://10.201.9.223/volume/v3/vo
    lumes/c81d9563-1853-47a3-9523-2b2e87010df9 0.013s
2026-03-17 11:06:54,988 125212 DEBUG    [tempest.lib.common.rest_client] Request - Headers: {'Content-Type': 'application/json', 'Accept': 'application/json', 'X-Auth-Token': '<omitted>'}
        Body: None
    Response - Headers: {'date': 'Tue, 17 Mar 2026 11:06:54 GMT', 'server': 'Apache/2.4.58 (Ubuntu)', 'openstack-api-version': 'volume 3.0', 'vary': 'OpenStack-API-Version', 'content-length': '109', 'content-type': 'application/json', 'x-compute-request-id': 'req-8fc82b71-70d6-4db6-b70f-59c77470abc6', 'x-openstack-request-id': 'req-8fc82b71-70d6-4db6-b70f-59c77470abc6', 'connection': 'close', 'status': '404', 'content-location': 'http://10.201.9.223/volume/v3/volumes/c81d9563-1853-47a3-9523-2b2e87010df9'}
        Body: b'{"itemNotFound": {"code": 404, "message": "Volume c81d9563-1853-47a3-9523-2b2e87010df9 could not be found."}}'

{0} tempest.api.volume.test_volumes_get.VolumesGetTest.test_volume_create_get_update_delete [1.429832s] ... FAILED

Captured traceback:
~~~~~~~~~~~~~~~~~~~
    Traceback (most recent call last):

      File "/opt/stack/tempest/tempest/api/volume/test_volumes_get.py", line 117, in test_volume_create_get_update_delete
    self._volume_create_get_update_delete(size=CONF.volume.volume_size)

      File "/opt/stack/tempest/tempest/api/volume/test_volumes_get.py", line 40, in _volume_create_get_update_delete
    volume = self.create_volume(wait_until='available', **kwargs)
             ^^^^^^^^^^^^^^^^^^^^^^^^^^^^^^^^^^^^^^^^^^^^^^^^^^^^

      File "/opt/stack/tempest/tempest/api/volume/base.py", line 144, in create_volume
    waiters.wait_for_volume_resource_status(self.volumes_client,

      File "/opt/stack/tempest/tempest/common/waiters.py", line 379, in wait_for_volume_resource_status
    raise exceptions.VolumeResourceBuildErrorException(

    tempest.exceptions.VolumeResourceBuildErrorException: volume 97200e65-bd4b-4349-bda4-07633ffcf65f failed to build and is in ERROR status


Captured pythonlogging:
~~~~~~~~~~~~~~~~~~~~~~~
    2026-03-17 11:06:56,178 125212 INFO     [tempest.lib.common.rest_client] Request (VolumesGetTest:test_volume_create_get_update_delete): 202 POST http://10.201.9.223/volume/v3/volumes 0.219s
2026-03-17 11:06:56,179 125212 DEBUG    [tempest.lib.common.rest_client] Request - Headers: {'Content-Type': 'application/json', 'Accept': 'application/json', 'X-Auth-Token': '<omitted>'}
        Body: {"volume": {"size": 1, "name": "tempest-VolumesGetTest-Volume-1545320849", "metadata": {"Type": "Test"}}}
    Response - Headers: {'date': 'Tue, 17 Mar 2026 11:06:55 GMT', 'server': 'Apache/2.4.58 (Ubuntu)', 'content-type': 'application/json', 'x-compute-request-id': 'req-0fdb1f77-79f6-4ef6-9108-2a7d412acc3b', 'content-length': '758', 'openstack-api-version': 'volume 3.0', 'vary': 'OpenStack-API-Version', 'x-openstack-request-id': 'req-0fdb1f77-79f6-4ef6-9108-2a7d412acc3b', 'connection': 'close', 'status': '202', 'content-location': 'http://10.201.9.223/volume/v3/volumes'}
        Body: b'{"volume": {"id": "97200e65-bd4b-4349-bda4-07633ffcf65f", "status": "creating", "size": 1, "availability_zone": "nova", "created_at": "2026-03-17T11:06:56.121040", "updated_at": null, "name": "tempest-VolumesGetTest-Volume-1545320849", "description": null, "volume_type": "3par1", "snapshot_id": null, "source_volid": null, "metadata": {"Type": "Test"}, "links": [{"rel": "self", "href": "http://10.201.9.223/volume/v3/volumes/97200e65-bd4b-4349-bda4-07633ffcf65f"}, {"rel": "bookmark", "href": "http://10.201.9.223/volume/volumes/97200e65-bd4b-4349-bda4-07633ffcf65f"}], "user_id": "6fe642e68b274828b3a916056d1b9407", "bootable": "false", "encrypted": false, "replication_status": null, "consistencygroup_id": null, "multiattach": false, "attachments": []}}'
2026-03-17 11:06:56,202 125212 INFO     [tempest.lib.common.rest_client] Request (VolumesGetTest:test_volume_create_get_update_delete): 200 GET http://10.201.9.223/volume/v3/volumes/97200e65-bd4b-4349-bda4-07633ffcf65f 0.018s
2026-03-17 11:06:56,202 125212 DEBUG    [tempest.lib.common.rest_client] Request - Headers: {'Content-Type': 'application/json', 'Accept': 'application/json', 'X-Auth-Token': '<omitted>'}
        Body: None
    Response - Headers: {'date': 'Tue, 17 Mar 2026 11:06:56 GMT', 'server': 'Apache/2.4.58 (Ubuntu)', 'content-type': 'application/json', 'x-compute-request-id': 'req-260e16cd-7451-4a63-92b7-7121e8ccc6f1', 'content-length': '826', 'openstack-api-version': 'volume 3.0', 'vary': 'OpenStack-API-Version', 'x-openstack-request-id': 'req-260e16cd-7451-4a63-92b7-7121e8ccc6f1', 'connection': 'close', 'status': '200', 'content-location': 'http://10.201.9.223/volume/v3/volumes/97200e65-bd4b-4349-bda4-07633ffcf65f'}
        Body: b'{"volume": {"id": "97200e65-bd4b-4349-bda4-07633ffcf65f", "status": "creating", "size": 1, "availability_zone": "nova", "created_at": "2026-03-17T11:06:56.000000", "updated_at": null, "name": "tempest-VolumesGetTest-Volume-1545320849", "description": null, "volume_type": "3par1", "snapshot_id": null, "source_volid": null, "metadata": {"Type": "Test"}, "links": [{"rel": "self", "href": "http://10.201.9.223/volume/v3/volumes/97200e65-bd4b-4349-bda4-07633ffcf65f"}, {"rel": "bookmark", "href": "http://10.201.9.223/volume/volumes/97200e65-bd4b-4349-bda4-07633ffcf65f"}], "user_id": "6fe642e68b274828b3a916056d1b9407", "bootable": "false", "encrypted": false, "replication_status": null, "consistencygroup_id": null, "multiattach": false, "attachments": [], "os-vol-tenant-attr:tenant_id": "c4df1df141804431959abd4baec61c99"}}'
2026-03-17 11:06:57,242 125212 INFO     [tempest.lib.common.rest_client] Request (VolumesGetTest:test_volume_create_get_update_delete): 200 GET http://10.201.9.223/volume/v3/volumes/97200e65-bd4b-4349-bda4-07633ffcf65f 0.035s
2026-03-17 11:06:57,242 125212 DEBUG    [tempest.lib.common.rest_client] Request - Headers: {'Content-Type': 'application/json', 'Accept': 'application/json', 'X-Auth-Token': '<omitted>'}
        Body: None
    Response - Headers: {'date': 'Tue, 17 Mar 2026 11:06:57 GMT', 'server': 'Apache/2.4.58 (Ubuntu)', 'content-type': 'applicat
    ion/json', 'x-compute-request-id': 'req-135c6ca2-e528-4e16-b240-3afa8c7f0190', 'content-length': '847', 'openstack-api-version': 'volume 3.0', 'vary': 'OpenStack-API-Version', 'x-openstack-request-id': 'req-135c6ca2-e528-4e16-b240-3afa8c7f0190', 'connection': 'close', 'status': '200', 'content-location': 'http://10.201.9.223/volume/v3/volumes/97200e65-bd4b-4349-bda4-07633ffcf65f'}
        Body: b'{"volume": {"id": "97200e65-bd4b-4349-bda4-07633ffcf65f", "status": "error", "size": 1, "availability_zone": "nova", "created_at": "2026-03-17T11:06:56.000000", "updated_at": "2026-03-17T11:06:56.000000", "name": "tempest-VolumesGetTest-Volume-1545320849", "description": null, "volume_type": "3par1", "snapshot_id": null, "source_volid": null, "metadata": {"Type": "Test"}, "links": [{"rel": "self", "href": "http://10.201.9.223/volume/v3/volumes/97200e65-bd4b-4349-bda4-07633ffcf65f"}, {"rel": "bookmark", "href": "http://10.201.9.223/volume/volumes/97200e65-bd4b-4349-bda4-07633ffcf65f"}], "user_id": "6fe642e68b274828b3a916056d1b9407", "bootable": "false", "encrypted": false, "replication_status": null, "consistencygroup_id": null, "multiattach": false, "attachments": [], "os-vol-tenant-attr:tenant_id": "c4df1df141804431959abd4baec61c99"}}'
2026-03-17 11:06:57,271 125212 INFO     [tempest.lib.common.rest_client] Request (VolumesGetTest:_run_cleanups): 200 GET http://10.201.9.223/volume/v3/volumes/97200e65-bd4b-4349-bda4-07633ffcf65f 0.019s
2026-03-17 11:06:57,272 125212 DEBUG    [tempest.lib.common.rest_client] Request - Headers: {'Content-Type': 'application/json', 'Accept': 'application/json', 'X-Auth-Token': '<omitted>'}
        Body: None
    Response - Headers: {'date': 'Tue, 17 Mar 2026 11:06:57 GMT', 'server': 'Apache/2.4.58 (Ubuntu)', 'content-type': 'application/json', 'x-compute-request-id': 'req-db85e497-99f3-43f8-9bc9-8d642c8cfd91', 'content-length': '847', 'openstack-api-version': 'volume 3.0', 'vary': 'OpenStack-API-Version', 'x-openstack-request-id': 'req-db85e497-99f3-43f8-9bc9-8d642c8cfd91', 'connection': 'close', 'status': '200', 'content-location': 'http://10.201.9.223/volume/v3/volumes/97200e65-bd4b-4349-bda4-07633ffcf65f'}
        Body: b'{"volume": {"id": "97200e65-bd4b-4349-bda4-07633ffcf65f", "status": "error", "size": 1, "availability_zone": "nova", "created_at": "2026-03-17T11:06:56.000000", "updated_at": "2026-03-17T11:06:56.000000", "name": "tempest-VolumesGetTest-Volume-1545320849", "description": null, "volume_type": "3par1", "snapshot_id": null, "source_volid": null, "metadata": {"Type": "Test"}, "links": [{"rel": "self", "href": "http://10.201.9.223/volume/v3/volumes/97200e65-bd4b-4349-bda4-07633ffcf65f"}, {"rel": "bookmark", "href": "http://10.201.9.223/volume/volumes/97200e65-bd4b-4349-bda4-07633ffcf65f"}], "user_id": "6fe642e68b274828b3a916056d1b9407", "bootable": "false", "encrypted": false, "replication_status": null, "consistencygroup_id": null, "multiattach": false, "attachments": [], "os-vol-tenant-attr:tenant_id": "c4df1df141804431959abd4baec61c99"}}'
2026-03-17 11:06:57,372 125212 INFO     [tempest.lib.common.rest_client] Request (VolumesGetTest:_run_cleanups): 202 DELETE http://10.201.9.223/volume/v3/volumes/97200e65-bd4b-4349-bda4-07633ffcf65f 0.091s
2026-03-17 11:06:57,373 125212 DEBUG    [tempest.lib.common.rest_client] Request - Headers: {'Content-Type': 'application/json', 'Accept': 'application/json', 'X-Auth-Token': '<omitted>'}
        Body: None
    Response - Headers: {'date': 'Tue, 17 Mar 2026 11:06:57 GMT', 'server': 'Apache/2.4.58 (Ubuntu)', 'content-length': '0', 'content-type': 'text/html; charset=UTF-8', 'openstack-api-version': 'volume 3.0', 'vary': 'OpenStack-API-Version', 'x-openstack-request-id': 'req-b461f949-7ca7-4a8d-8f70-0f78227e0146', 'connection': 'close', 'status': '202', 'content-location': 'http://10.201.9.223/volume/v3/volumes/97200e65-bd4b-4349-bda4-07633ffcf65f'}
        Body: b''
2026-03-17 11:06:57,388 125212 INFO     [tempest.lib.common.rest_client] Request (VolumesGetTest:_run_cleanups): 404 GET http://10.201.9.223/volume/v3/volumes/97200e65-bd4b-4349-bda
    4-07633ffcf65f 0.015s
2026-03-17 11:06:57,388 125212 DEBUG    [tempest.lib.common.rest_client] Request - Headers: {'Content-Type': 'application/json', 'Accept': 'application/json', 'X-Auth-Token': '<omitted>'}
        Body: None
    Response - Headers: {'date': 'Tue, 17 Mar 2026 11:06:57 GMT', 'server': 'Apache/2.4.58 (Ubuntu)', 'openstack-api-version': 'volume 3.0', 'vary': 'OpenStack-API-Version', 'content-length': '109', 'content-type': 'application/json', 'x-compute-request-id': 'req-6f2f9f63-273c-428c-8ea1-4e8fba8a6e7b', 'x-openstack-request-id': 'req-6f2f9f63-273c-428c-8ea1-4e8fba8a6e7b', 'connection': 'close', 'status': '404', 'content-location': 'http://10.201.9.223/volume/v3/volumes/97200e65-bd4b-4349-bda4-07633ffcf65f'}
        Body: b'{"itemNotFound": {"code": 404, "message": "Volume 97200e65-bd4b-4349-bda4-07633ffcf65f could not be found."}}'

{0} tempest.api.volume.test_volumes_get.VolumesGetTest.test_volume_create_get_update_delete_as_clone [1.327506s] ... FAILED

Captured traceback:
~~~~~~~~~~~~~~~~~~~
    Traceback (most recent call last):

      File "/opt/stack/tempest/tempest/api/volume/test_volumes_get.py", line 135, in test_volume_create_get_update_delete_as_clone
    origin = self.create_volume()
             ^^^^^^^^^^^^^^^^^^^^

      File "/opt/stack/tempest/tempest/api/volume/base.py", line 144, in create_volume
    waiters.wait_for_volume_resource_status(self.volumes_client,

      File "/opt/stack/tempest/tempest/common/waiters.py", line 379, in wait_for_volume_resource_status
    raise exceptions.VolumeResourceBuildErrorException(

    tempest.exceptions.VolumeResourceBuildErrorException: volume 58c04aa6-3b1c-4cdb-a190-94956dd1fb34 failed to build and is in ERROR status


Captured pythonlogging:
~~~~~~~~~~~~~~~~~~~~~~~
    2026-03-17 11:06:57,536 125212 INFO     [tempest.lib.common.rest_client] Request (VolumesGetTest:test_volume_create_get_update_delete_as_clone): 202 POST http://10.201.9.223/volume/v3/volumes 0.145s
2026-03-17 11:06:57,536 125212 DEBUG    [tempest.lib.common.rest_client] Request - Headers: {'Content-Type': 'application/json', 'Accept': 'application/json', 'X-Auth-Token': '<omitted>'}
        Body: {"volume": {"size": 1, "name": "tempest-VolumesGetTest-Volume-1328467451"}}
    Response - Headers: {'date': 'Tue, 17 Mar 2026 11:06:57 GMT', 'server': 'Apache/2.4.58 (Ubuntu)', 'content-type': 'application/json', 'x-compute-request-id': 'req-c04baf47-9e59-4112-b3a2-6f5452a8bc8a', 'content-length': '744', 'openstack-api-version': 'volume 3.0', 'vary': 'OpenStack-API-Version', 'x-openstack-request-id': 'req-c04baf47-9e59-4112-b3a2-6f5452a8bc8a', 'connection': 'close', 'status': '202', 'content-location': 'http://10.201.9.223/volume/v3/volumes'}
        Body: b'{"volume": {"id": "58c04aa6-3b1c-4cdb-a190-94956dd1fb34", "status": "creating", "size": 1, "availability_zone": "nova", "created_at": "2026-03-17T11:06:57.481643", "updated_at": null, "name": "tempest-VolumesGetTest-Volume-1328467451", "description": null, "volume_type": "3par1", "snapshot_id": null, "source_volid": null, "metadata": {}, "links": [{"rel": "self", "href": "http://10.201.9.223/volume/v3/volumes/58c04aa6-3b1c-4cdb-a190-94956dd1fb34"}, {"rel": "bookmark", "href": "http://10.201.9.223/volume/volumes/58c04aa6-3b1c-4cdb-a190-94956dd1fb34"}], "user_id": "6fe642e68b274828b3a916056d1b9407", "bootable": "false", "encrypted": false, "replication_status": null, "consistencygroup_id": null, "multiattach": false, "attachments": []}}'
2026-03-17 11:06:57,559 125212 INFO     [tempest.lib.common.rest_client] Request (VolumesGetTest:test_volume_create_get_update_delete_as_clone): 200 GET http://10.201.9.223/volume/v3/volumes/58c04aa6-3b1c-4cdb-a190-94956dd1fb34 0.017s
2026-03-17 11:06:57,559 125212 DEBUG    [tempest.lib.common.rest_client] Request - Headers: {'Content-Type': 'application/json', 'Accept': 'application/json', 'X-Auth-Token': '<omitted>'}
        Body: None
    Response - Headers: {'date': 'Tue, 17 Mar 2026 11:06:57 GMT', 'server': 'Apache/2.4.58 (Ubuntu)', 'content-type': 'application/json', 'x-compute-request-id': 'req-5c698862-8bc1-49f4-9d9d-d4acd9d9cf92', 'content-length': '812', 'openstack-api-version': 'volume 3.0', 'vary': 'OpenStack-API-Version', 'x-openstack-request-id': 'req-5c698862-8bc1-49f4-9d9d-d4acd9d9cf92', 'connection': 'close', 'status': '200', 'content-location': 'http://10.201.9.223/volume/v3/volumes/58c04aa6-3b1c-4cdb-a190-94956dd1fb34'}
        Body: b'{"volume": {"id": "58c04aa6-3b1c-4cdb-a190-94956dd1fb34", "status": "creating", "size": 1, "availability_zone": "nova", "created_at": "2026-03-17T11:06:57.000000", "updated_at": null, "name": "tempest-VolumesGetTest-Volume-1328467451", "description": null, "volume_type": "3par1", "snapshot_id": null, "source_volid": null, "metadata": {}, "links": [{"rel": "self", "href": "http://10.201.9.223/volume/v3/volumes/58c04aa6-3b1c-4cdb-a190-94956dd1fb34"}, {"rel": "bookmark", "href": "http://10.201.9.223/volume/volumes/58c04aa6-3b1c-4cdb-a190-94956dd1fb34"}], "user_id": "6fe642e68b274828b3a916056d1b9407", "bootable": "false", "encrypted": false, "replication_status": null, "consistencygroup_id": null, "multiattach": false, "attachments": [], "os-vol-tenant-attr:tenant_id": "c4df1df141804431959abd4baec61c99"}}'
2026-03-17 11:06:58,598 125212 INFO     [tempest.lib.common.rest_client] Request (VolumesGetTest:test_volume_create_get_update_delete_as_clone): 200 GET http://10.201.9.223/volume/v3/volumes/58c04aa6-3b1c-4cdb-a190-94956dd1fb34 0.034s
2026-03-17 11:06:58,598 125212 DEBUG    [tempest.lib.common.rest_client] Request - Headers: {'Content-Type': 'application/json', 'Accept': 'application/json', 'X-Auth-Token': '<omitted>'}
        Body: None
    Response - Headers: {'date': 'Tue, 17 Mar 2026 11:06:58 GMT', 'server': 'Apache/2.4.58 (Ubuntu)', 'content-type': 'application/json', 'x-compute-request-i
    d': 'req-ede75529-0a32-40e1-8a8c-27eee1ef4d06', 'content-length': '833', 'openstack-api-version': 'volume 3.0', 'vary': 'OpenStack-API-Version', 'x-openstack-request-id': 'req-ede75529-0a32-40e1-8a8c-27eee1ef4d06', 'connection': 'close', 'status': '200', 'content-location': 'http://10.201.9.223/volume/v3/volumes/58c04aa6-3b1c-4cdb-a190-94956dd1fb34'}
        Body: b'{"volume": {"id": "58c04aa6-3b1c-4cdb-a190-94956dd1fb34", "status": "error", "size": 1, "availability_zone": "nova", "created_at": "2026-03-17T11:06:57.000000", "updated_at": "2026-03-17T11:06:58.000000", "name": "tempest-VolumesGetTest-Volume-1328467451", "description": null, "volume_type": "3par1", "snapshot_id": null, "source_volid": null, "metadata": {}, "links": [{"rel": "self", "href": "http://10.201.9.223/volume/v3/volumes/58c04aa6-3b1c-4cdb-a190-94956dd1fb34"}, {"rel": "bookmark", "href": "http://10.201.9.223/volume/volumes/58c04aa6-3b1c-4cdb-a190-94956dd1fb34"}], "user_id": "6fe642e68b274828b3a916056d1b9407", "bootable": "false", "encrypted": false, "replication_status": null, "consistencygroup_id": null, "multiattach": false, "attachments": [], "os-vol-tenant-attr:tenant_id": "c4df1df141804431959abd4baec61c99"}}'
2026-03-17 11:06:58,632 125212 INFO     [tempest.lib.common.rest_client] Request (VolumesGetTest:_run_cleanups): 200 GET http://10.201.9.223/volume/v3/volumes/58c04aa6-3b1c-4cdb-a190-94956dd1fb34 0.024s
2026-03-17 11:06:58,632 125212 DEBUG    [tempest.lib.common.rest_client] Request - Headers: {'Content-Type': 'application/json', 'Accept': 'application/json', 'X-Auth-Token': '<omitted>'}
        Body: None
    Response - Headers: {'date': 'Tue, 17 Mar 2026 11:06:58 GMT', 'server': 'Apache/2.4.58 (Ubuntu)', 'content-type': 'application/json', 'x-compute-request-id': 'req-f03df225-a22d-4852-9cfc-6e83997d2677', 'content-length': '833', 'openstack-api-version': 'volume 3.0', 'vary': 'OpenStack-API-Version', 'x-openstack-request-id': 'req-f03df225-a22d-4852-9cfc-6e83997d2677', 'connection': 'close', 'status': '200', 'content-location': 'http://10.201.9.223/volume/v3/volumes/58c04aa6-3b1c-4cdb-a190-94956dd1fb34'}
        Body: b'{"volume": {"id": "58c04aa6-3b1c-4cdb-a190-94956dd1fb34", "status": "error", "size": 1, "availability_zone": "nova", "created_at": "2026-03-17T11:06:57.000000", "updated_at": "2026-03-17T11:06:58.000000", "name": "tempest-VolumesGetTest-Volume-1328467451", "description": null, "volume_type": "3par1", "snapshot_id": null, "source_volid": null, "metadata": {}, "links": [{"rel": "self", "href": "http://10.201.9.223/volume/v3/volumes/58c04aa6-3b1c-4cdb-a190-94956dd1fb34"}, {"rel": "bookmark", "href": "http://10.201.9.223/volume/volumes/58c04aa6-3b1c-4cdb-a190-94956dd1fb34"}], "user_id": "6fe642e68b274828b3a916056d1b9407", "bootable": "false", "encrypted": false, "replication_status": null, "consistencygroup_id": null, "multiattach": false, "attachments": [], "os-vol-tenant-attr:tenant_id": "c4df1df141804431959abd4baec61c99"}}'
2026-03-17 11:06:58,706 125212 INFO     [tempest.lib.common.rest_client] Request (VolumesGetTest:_run_cleanups): 202 DELETE http://10.201.9.223/volume/v3/volumes/58c04aa6-3b1c-4cdb-a190-94956dd1fb34 0.069s
2026-03-17 11:06:58,706 125212 DEBUG    [tempest.lib.common.rest_client] Request - Headers: {'Content-Type': 'application/json', 'Accept': 'application/json', 'X-Auth-Token': '<omitted>'}
        Body: None
    Response - Headers: {'date': 'Tue, 17 Mar 2026 11:06:58 GMT', 'server': 'Apache/2.4.58 (Ubuntu)', 'content-length': '0', 'content-type': 'text/html; charset=UTF-8', 'openstack-api-version': 'volume 3.0', 'vary': 'OpenStack-API-Version', 'x-openstack-request-id': 'req-b67107e1-b4b1-42d7-96c1-819dfe9e9d78', 'connection': 'close', 'status': '202', 'content-location': 'http://10.201.9.223/volume/v3/volumes/58c04aa6-3b1c-4cdb-a190-94956dd1fb34'}
        Body: b''
2026-03-17 11:06:58,717 125212 INFO     [tempest.lib.common.rest_client] Request (VolumesGetTest:_run_cleanups): 404 GET http://10.201.9.223/volume/v3/volumes/58c04aa6-3b1c-4cdb-a190-94956dd1fb34 0.010s
2026-03-17 11:06:58,717 125212 DEBUG 
       [tempest.lib.common.rest_client] Request - Headers: {'Content-Type': 'application/json', 'Accept': 'application/json', 'X-Auth-Token': '<omitted>'}
        Body: None
    Response - Headers: {'date': 'Tue, 17 Mar 2026 11:06:58 GMT', 'server': 'Apache/2.4.58 (Ubuntu)', 'openstack-api-version': 'volume 3.0', 'vary': 'OpenStack-API-Version', 'content-length': '109', 'content-type': 'application/json', 'x-compute-request-id': 'req-d5acd890-62d1-4c76-9b83-3c1f5d9009d4', 'x-openstack-request-id': 'req-d5acd890-62d1-4c76-9b83-3c1f5d9009d4', 'connection': 'close', 'status': '404', 'content-location': 'http://10.201.9.223/volume/v3/volumes/58c04aa6-3b1c-4cdb-a190-94956dd1fb34'}
        Body: b'{"itemNotFound": {"code": 404, "message": "Volume 58c04aa6-3b1c-4cdb-a190-94956dd1fb34 could not be found."}}'

{0} tempest.api.volume.test_volumes_get.VolumesSummaryTest.test_show_volume_summary [0.064139s] ... ok
{0} setUpClass (tempest.api.volume.test_volumes_list.VolumesListTestJSON) [0.000000s] ... FAILED

Captured traceback:
~~~~~~~~~~~~~~~~~~~
    Traceback (most recent call last):

      File "/opt/stack/tempest/tempest/test.py", line 185, in setUpClass
    raise value.with_traceback(trace)

      File "/opt/stack/tempest/tempest/test.py", line 178, in setUpClass
    cls.resource_setup()

      File "/opt/stack/tempest/tempest/api/volume/test_volumes_list.py", line 89, in resource_setup
    volume = cls.create_volume(metadata=cls.metadata)
             ^^^^^^^^^^^^^^^^^^^^^^^^^^^^^^^^^^^^^^^^

      File "/opt/stack/tempest/tempest/api/volume/base.py", line 144, in create_volume
    waiters.wait_for_volume_resource_status(self.volumes_client,

      File "/opt/stack/tempest/tempest/common/waiters.py", line 379, in wait_for_volume_resource_status
    raise exceptions.VolumeResourceBuildErrorException(

    tempest.exceptions.VolumeResourceBuildErrorException: volume 706e88e5-2fce-4e35-8ad4-f27794e6dbe6 failed to build and is in ERROR status

{0} setUpClass (tempest.api.volume.test_volumes_negative.VolumesNegativeTest) [0.000000s] ... FAILED

Captured traceback:
~~~~~~~~~~~~~~~~~~~
    Traceback (most recent call last):

      File "/opt/stack/tempest/tempest/test.py", line 185, in setUpClass
    raise value.with_traceback(trace)

      File "/opt/stack/tempest/tempest/test.py", line 178, in setUpClass
    cls.resource_setup()

      File "/opt/stack/tempest/tempest/api/volume/test_volumes_negative.py", line 38, in resource_setup
    cls.volume = cls.create_volume()
                 ^^^^^^^^^^^^^^^^^^^

      File "/opt/stack/tempest/tempest/api/volume/base.py", line 144, in create_volume
    waiters.wait_for_volume_resource_status(self.volumes_client,

      File "/opt/stack/tempest/tempest/common/waiters.py", line 379, in wait_for_volume_resource_status
    raise exceptions.VolumeResourceBuildErrorException(

    tempest.exceptions.VolumeResourceBuildErrorException: volume d4cfbe7e-b316-4454-9433-5bd4da017a23 failed to build and is in ERROR status

{0} setUpClass (tempest.api.volume.test_volumes_snapshots_list.VolumesSnapshotListTestJSON) [0.000000s] ... FAILED

Captured traceback:
~~~~~~~~~~~~~~~~~~~
    Traceback (most recent call last):

      File "/opt/stack/tempest/tempest/test.py", line 185, in setUpClass
    raise value.with_traceback(trace)

      File "/opt/stack/tempest/tempest/test.py", line 178, in setUpClass
    cls.resource_setup()

      File "/opt/stack/tempest/tempest/api/volume/test_volumes_snapshots_list.py", line 32, in resource_setup
    volume_origin = cls.create_volume()
                    ^^^^^^^^^^^^^^^^^^^

      File "/opt/stack/tempest/tempest/api/volume/base.py", line 144, in create_volume
    waiters.wait_for_volume_resource_status(self.volumes_client,

      File "/opt/stack/tempest/tempest/common/waiters.py", line 379, in wait_for_volume_resource_status
    raise exceptions.VolumeResourceBuildErrorException(

    tempest.exceptions.VolumeResourceBuildErrorException: volume 213a791d-fbcb-4d53-9688-de7061735454 failed to build and is in ERROR status

{0} tempest.api.volume.test_volumes_snapshots_negative.VolumesSnapshotNegativeTestJSON.test_create_snapshot_with_nonexistent_volume_id [0.080168s] ... ok
{0} tempest.api.volume.test_volumes_snapshots_negative.VolumesSnapshotNegativeTestJSON.test_create_snapshot_without_passing_volume_id [0.035044s] ... ok
{0} tempest.api.volume.test_volumes_snapshots_negative.VolumesSnapshotNegativeTestJSON.test_list_snapshot_invalid_param_limit [0.006860s] ... ok
{0} tempest.api.volume.test_volumes_snapshots_negative.VolumesSnapshotNegativeTestJSON.test_list_snapshots_invalid_param_marker [0.029466s] ... ok
{0} tempest.api.volume.test_volumes_snapshots_negative.VolumesSnapshotNegativeTestJSON.test_list_snapshots_invalid_param_sort [0.009672s] ... ok
{0} tempest.api.volume.test_volumes_snapshots_negative.VolumesSnapshotNegativeTestJSON.test_volume_from_snapshot_decreasing_size [1.322036s] ... FAILED

Captured traceback:
~~~~~~~~~~~~~~~~~~~
    Traceback (most recent call last):

      File "/opt/stack/tempest/tempest/api/volume/test_volumes_snapshots_negative.py", line 65, in test_volume_from_snapshot_decreasing_size
    src_vol = self.create_volume(size=src_size)
              ^^^^^^^^^^^^^^^^^^^^^^^^^^^^^^^^^

      File "/opt/stack/tempest/tempest/api/volume/base.py", line 144, in create_volume
    waiters.wait_for_volume_resource_status(self.volumes_client,

      File "/opt/stack/tempest/tempest/common/waiters.py", line 379, in wait_for_volume_resource_status
    raise exceptions.VolumeResourceBuildErrorException(

    tempest.exceptions.VolumeResourceBuildErrorException: volume ba74b5f3-6fc0-41e1-a3fa-134ff44c55b6 failed to build and is in ERROR status


Captured pythonlogging:
~~~~~~~~~~~~~~~~~~~~~~~
    2026-03-17 11:07:08,198 125212 INFO     [tempest.lib.common.rest_client] Request (VolumesSnapshotNegativeTestJSON:test_volume_from_snapshot_decreasing_size): 202 POST http://10.201.9.223/volume/v3/volumes 0.144s
2026-03-17 11:07:08,198 125212 DEBUG    [tempest.lib.common.rest_client] Request - Headers: {'Content-Type': 'application/json', 'Accept': 'application/json', 'X-Auth-Token': '<omitted>'}
        Body: {"volume": {"size": 2, "name": "tempest-VolumesSnapshotNegativeTestJSON-Volume-1181466433"}}
    Response - Headers: {'date': 'Tue, 17 Mar 2026 11:07:08 GMT', 'server': 'Apache/2.4.58 (Ubuntu)', 'content-type': 'application/json', 'x-compute-request-id': 'req-54298962-cc65-43fc-8647-527022698be8', 'content-length': '761', 'openstack-api-version': 'volume 3.0', 'vary': 'OpenStack-API-Version', 'x-openstack-request-id': 'req-54298962-cc65-43fc-8647-527022698be8', 'connection': 'close', 'status': '202', 'content-location': 'http://10.201.9.223/volume/v3/volumes'}
        Body: b'{"volume": {"id": "ba74b5f3-6fc0-41e1-a3fa-134ff44c55b6", "status": "creating", "size": 2, "availability_zone": "nova", "created_at": "2026-03-17T11:07:08.147744", "updated_at": null, "name": "tempest-VolumesSnapshotNegativeTestJSON-Volume-1181466433", "description": null, "volume_type": "3par1", "snapshot_id": null, "source_volid": null, "metadata": {}, "links": [{"rel": "self", "href": "http://10.201.9.223/volume/v3/volumes/ba74b5f3-6fc0-41e1-a3fa-134ff44c55b6"}, {"rel": "bookmark", "href": "http://10.201.9.223/volume/volumes/ba74b5f3-6fc0-41e1-a3fa-134ff44c55b6"}], "user_id": "c53b73655c1f429aad202d84f0b268ed", "bootable": "false", "encrypted": false, "replication_status": null, "consistencygroup_id": null, "multiattach": false, "attachments": []}}'
2026-03-17 11:07:08,219 125212 INFO     [tempest.lib.common.rest_client] Request (VolumesSnapshotNegativeTestJSON:test_volume_from_snapshot_decreasing_size): 200 GET http://10.201.9.223/volume/v3/volumes/ba74b5f3-6fc0-41e1-a3fa-134ff44c55b6 0.017s
2026-03-17 11:07:08,219 125212 DEBUG    [tempest.lib.common.rest_client] Request - Headers: {'Content-Type': 'application/json', 'Accept': 'application/json', 'X-Auth-Token': '<omitted>'}
        Body: None
    Response - Headers: {'date': 'Tue, 17 Mar 2026 11:07:08 GMT', 'server': 'Apache/2.4.58 (Ubuntu)', 'content-type': 'application/json', 'x-compute-request-id': 'req-6fbf59fe-2b37-44ba-950e-f23ec465551f', 'content-length': '829', 'openstack-api-version': 'volume 3.0', 'vary': 'OpenStack-API-Version', 'x-openstack-request-id': 'req-6fbf59fe-2b37-44ba-950e-f23ec465551f', 'connection': 'close', 'status': '200', 'content-location': 'http://10.201.9.223/volume/v3/volumes/ba74b5f3-6fc0-41e1-a3fa-134ff44c55b6'}
        Body: b'{"volume": {"id": "ba74b5f3-6fc0-41e1-a3fa-134ff44c55b6", "status": "creating", "size": 2, "availability_zone": "nova", "created_at": "2026-03-17T11:07:08.000000", "updated_at": null, "name": "tempest-VolumesSnapshotNegativeTestJSON-Volume-1181466433", "description": null, "volume_type": "3par1", "snapshot_id": null, "source_volid": null, "metadata": {}, "links": [{"rel": "self", "href": "http://10.201.9.223/volume/v3/volumes/ba74b5f3-6fc0-41e1-a3fa-134ff44c55b6"}, {"rel": "bookmark", "href": "http://10.201.9.223/volume/volumes/ba74b5f3-6fc0-41e1-a3fa-134ff44c55b6"}], "user_id": "c53b73655c1f429aad202d84f0b268ed", "bootable": "false", "encrypted": false, "replication_status": null, "consistencygroup_id": null, "multiattach": false, "attachments": [], "os-vol-tenant-attr:tenant_id": "3723c921acef47bd8c11fddd8c68a878"}}'
2026-03-17 11:07:09,260 125212 INFO     [tempest.lib.common.rest_client] Request (VolumesSnapshotNegativeTestJSON:test_volume_from_snapshot_decreasing_size): 200 GET http://10.201.9.223/volume/v3/volumes/ba74b5f3-6fc0-41e1-a3fa-134ff44c55b6 0.035s
2026-03-17 11:07:09,260 125212 DEBUG    [tempest.lib.common.rest_client] Request - Headers: {'Content-Type': 'application/json', 'Accept': 'application/json', 'X-Auth-Token': '<omitted>'}
        Body: None
    Response - Headers: {'date': 'Tue, 17 Mar 2026 11:07:09 GMT', 's
    erver': 'Apache/2.4.58 (Ubuntu)', 'content-type': 'application/json', 'x-compute-request-id': 'req-96416b62-4a84-4b6b-8211-0edb505cfa9b', 'content-length': '850', 'openstack-api-version': 'volume 3.0', 'vary': 'OpenStack-API-Version', 'x-openstack-request-id': 'req-96416b62-4a84-4b6b-8211-0edb505cfa9b', 'connection': 'close', 'status': '200', 'content-location': 'http://10.201.9.223/volume/v3/volumes/ba74b5f3-6fc0-41e1-a3fa-134ff44c55b6'}
        Body: b'{"volume": {"id": "ba74b5f3-6fc0-41e1-a3fa-134ff44c55b6", "status": "error", "size": 2, "availability_zone": "nova", "created_at": "2026-03-17T11:07:08.000000", "updated_at": "2026-03-17T11:07:08.000000", "name": "tempest-VolumesSnapshotNegativeTestJSON-Volume-1181466433", "description": null, "volume_type": "3par1", "snapshot_id": null, "source_volid": null, "metadata": {}, "links": [{"rel": "self", "href": "http://10.201.9.223/volume/v3/volumes/ba74b5f3-6fc0-41e1-a3fa-134ff44c55b6"}, {"rel": "bookmark", "href": "http://10.201.9.223/volume/volumes/ba74b5f3-6fc0-41e1-a3fa-134ff44c55b6"}], "user_id": "c53b73655c1f429aad202d84f0b268ed", "bootable": "false", "encrypted": false, "replication_status": null, "consistencygroup_id": null, "multiattach": false, "attachments": [], "os-vol-tenant-attr:tenant_id": "3723c921acef47bd8c11fddd8c68a878"}}'
2026-03-17 11:07:09,291 125212 INFO     [tempest.lib.common.rest_client] Request (VolumesSnapshotNegativeTestJSON:_run_cleanups): 200 GET http://10.201.9.223/volume/v3/volumes/ba74b5f3-6fc0-41e1-a3fa-134ff44c55b6 0.026s
2026-03-17 11:07:09,292 125212 DEBUG    [tempest.lib.common.rest_client] Request - Headers: {'Content-Type': 'application/json', 'Accept': 'application/json', 'X-Auth-Token': '<omitted>'}
        Body: None
    Response - Headers: {'date': 'Tue, 17 Mar 2026 11:07:09 GMT', 'server': 'Apache/2.4.58 (Ubuntu)', 'content-type': 'application/json', 'x-compute-request-id': 'req-c0b78484-8365-475d-8f4f-7475bb950b4d', 'content-length': '850', 'openstack-api-version': 'volume 3.0', 'vary': 'OpenStack-API-Version', 'x-openstack-request-id': 'req-c0b78484-8365-475d-8f4f-7475bb950b4d', 'connection': 'close', 'status': '200', 'content-location': 'http://10.201.9.223/volume/v3/volumes/ba74b5f3-6fc0-41e1-a3fa-134ff44c55b6'}
        Body: b'{"volume": {"id": "ba74b5f3-6fc0-41e1-a3fa-134ff44c55b6", "status": "error", "size": 2, "availability_zone": "nova", "created_at": "2026-03-17T11:07:08.000000", "updated_at": "2026-03-17T11:07:08.000000", "name": "tempest-VolumesSnapshotNegativeTestJSON-Volume-1181466433", "description": null, "volume_type": "3par1", "snapshot_id": null, "source_volid": null, "metadata": {}, "links": [{"rel": "self", "href": "http://10.201.9.223/volume/v3/volumes/ba74b5f3-6fc0-41e1-a3fa-134ff44c55b6"}, {"rel": "bookmark", "href": "http://10.201.9.223/volume/volumes/ba74b5f3-6fc0-41e1-a3fa-134ff44c55b6"}], "user_id": "c53b73655c1f429aad202d84f0b268ed", "bootable": "false", "encrypted": false, "replication_status": null, "consistencygroup_id": null, "multiattach": false, "attachments": [], "os-vol-tenant-attr:tenant_id": "3723c921acef47bd8c11fddd8c68a878"}}'
2026-03-17 11:07:09,361 125212 INFO     [tempest.lib.common.rest_client] Request (VolumesSnapshotNegativeTestJSON:_run_cleanups): 202 DELETE http://10.201.9.223/volume/v3/volumes/ba74b5f3-6fc0-41e1-a3fa-134ff44c55b6 0.063s
2026-03-17 11:07:09,361 125212 DEBUG    [tempest.lib.common.rest_client] Request - Headers: {'Content-Type': 'application/json', 'Accept': 'application/json', 'X-Auth-Token': '<omitted>'}
        Body: None
    Response - Headers: {'date': 'Tue, 17 Mar 2026 11:07:09 GMT', 'server': 'Apache/2.4.58 (Ubuntu)', 'content-length': '0', 'content-type': 'text/html; charset=UTF-8', 'openstack-api-version': 'volume 3.0', 'vary': 'OpenStack-API-Version', 'x-openstack-request-id': 'req-1d0c4bc3-7f87-432b-ba52-c6c70c3f33cb', 'connection': 'close', 'status': '202', 'content-location': 'http://10.201.9.223/volume/v3/volumes/ba74b5f3-6fc0-41e1-a3fa-134ff44c55b6'}
        Body: b''
2026-03-17 11:07:09,375 125212 INFO     [tempest.lib.common.rest_client] Request (
    VolumesSnapshotNegativeTestJSON:_run_cleanups): 404 GET http://10.201.9.223/volume/v3/volumes/ba74b5f3-6fc0-41e1-a3fa-134ff44c55b6 0.013s
2026-03-17 11:07:09,375 125212 DEBUG    [tempest.lib.common.rest_client] Request - Headers: {'Content-Type': 'application/json', 'Accept': 'application/json', 'X-Auth-Token': '<omitted>'}
        Body: None
    Response - Headers: {'date': 'Tue, 17 Mar 2026 11:07:09 GMT', 'server': 'Apache/2.4.58 (Ubuntu)', 'openstack-api-version': 'volume 3.0', 'vary': 'OpenStack-API-Version', 'content-length': '109', 'content-type': 'application/json', 'x-compute-request-id': 'req-1c036a8a-27c1-4f5e-97f0-de072562f5d2', 'x-openstack-request-id': 'req-1c036a8a-27c1-4f5e-97f0-de072562f5d2', 'connection': 'close', 'status': '404', 'content-location': 'http://10.201.9.223/volume/v3/volumes/ba74b5f3-6fc0-41e1-a3fa-134ff44c55b6'}
        Body: b'{"itemNotFound": {"code": 404, "message": "Volume ba74b5f3-6fc0-41e1-a3fa-134ff44c55b6 could not be found."}}'


==============================
Failed 45 tests - output below:
==============================

tempest.api.compute.volumes.test_volume_snapshots.VolumesSnapshotsTestJSON.test_volume_snapshot_create_get_list_delete[id-cd4ec87d-7825-450d-8040-6e2068f2da8f]
---------------------------------------------------------------------------------------------------------------------------------------------------------------

Captured traceback:
~~~~~~~~~~~~~~~~~~~
    Traceback (most recent call last):

      File "/opt/stack/tempest/tempest/api/compute/volumes/test_volume_snapshots.py", line 54, in test_volume_snapshot_create_get_list_delete
    volume = self.create_volume()
             ^^^^^^^^^^^^^^^^^^^^

      File "/opt/stack/tempest/tempest/api/compute/base.py", line 551, in create_volume
    waiters.wait_for_volume_resource_status(cls.volumes_client,

      File "/opt/stack/tempest/tempest/common/waiters.py", line 379, in wait_for_volume_resource_status
    raise exceptions.VolumeResourceBuildErrorException(

    tempest.exceptions.VolumeResourceBuildErrorException: volume 770d1c17-5267-44d0-a132-36487e1a6124 failed to build and is in ERROR status


Captured pythonlogging:
~~~~~~~~~~~~~~~~~~~~~~~
    2026-03-17 11:04:36,955 125212 INFO     [tempest.lib.common.rest_client] Request (VolumesSnapshotsTestJSON:test_volume_snapshot_create_get_list_delete): 200 POST http://10.201.9.223/compute/v2.1/os-volumes 1.160s
2026-03-17 11:04:36,956 125212 DEBUG    [tempest.lib.common.rest_client] Request - Headers: {'Content-Type': 'application/json', 'Accept': 'application/json', 'X-Auth-Token': '<omitted>'}
        Body: {"volume": {"size": 1, "display_name": "tempest-VolumesSnapshotsTestJSON-volume-1852438166"}}
    Response - Headers: {'date': 'Tue, 17 Mar 2026 11:04:35 GMT', 'server': 'Apache/2.4.58 (Ubuntu)', 'content-length': '339', 'location': 'http://10.201.9.223/compute/v2.1/os-volumes/770d1c17-5267-44d0-a132-36487e1a6124', 'content-type': 'application/json', 'openstack-api-version': 'compute 2.1', 'x-openstack-nova-api-version': '2.1', 'vary': 'OpenStack-API-Version,X-OpenStack-Nova-API-Version', 'x-openstack-request-id': 'req-ad36bb77-660c-4a41-a551-093752e6471c', 'x-compute-request-id': 'req-ad36bb77-660c-4a41-a551-093752e6471c', 'connection': 'close', 'status': '200', 'content-location': 'http://10.201.9.223/compute/v2.1/os-volumes'}
        Body: b'{"volume": {"id": "770d1c17-5267-44d0-a132-36487e1a6124", "status": "creating", "size": 1, "availabilityZone": "nova", "createdAt": "2026-03-17T11:04:36.504019", "attachments": [{}], "displayName": "tempest-VolumesSnapshotsTestJSON-volume-1852438166", "displayDescription": null, "volumeType": "3par1", "snapshotId": null, "metadata": {}}}'
2026-03-17 11:04:37,107 125212 INFO     [tempest.lib.common.rest_client] Request (VolumesSnapshotsTestJSON:test_volume_snapshot_create_get_list_delete): 200 GET http://10.201.9.223/compute/v2.1/os-volumes/770d1c17-5267-44d0-a132-36487e1a6124 0.144s
2026-03-17 11:04:37,107 125212 DEBUG    [tempest.lib.common.rest_client] Request - Headers: {'Content-Type': 'application/json', 'Accept': 'application/json', 'X-Auth-Token': '<omitted>'}
        Body: None
    Response - Headers: {'date': 'Tue, 17 Mar 2026 11:04:36 GMT', 'server': 'Apache/2.4.58 (Ubuntu)', 'content-length': '336', 'content-type': 'application/json', 'openstack-api-version': 'compute 2.1', 'x-openstack-nova-api-version': '2.1', 'vary': 'OpenStack-API-Version,X-OpenStack-Nova-API-Version', 'x-openstack-request-id': 'req-bc6aee51-08fa-4e81-971d-c1bb81b8a2b1', 'x-compute-request-id': 'req-bc6aee51-08fa-4e81-971d-c1bb81b8a2b1', 'connection': 'close', 'status': '200', 'content-location': 'http://10.201.9.223/compute/v2.1/os-volumes/770d1c17-5267-44d0-a132-36487e1a6124'}
        Body: b'{"volume": {"id": "770d1c17-5267-44d0-a132-36487e1a6124", "status": "error", "size": 1, "availabilityZone": "nova", "createdAt": "2026-03-17T11:04:37.000000", "attachments": [{}], "displayName": "tempest-VolumesSnapshotsTestJSON-volume-1852438166", "displayDescription": null, "volumeType": "3par1", "snapshotId": null, "metadata": {}}}'
2026-03-17 11:04:38,160 125212 INFO     [tempest.lib.common.rest_client] Request (VolumesSnapshotsTestJSON:test_volume_snapshot_create_get_list_delete): 200 GET http://10.201.9.223/compute/v2.1/os-volumes/770d1c17-5267-44d0-a132-36487e1a6124 0.050s
2026-03-17 11:04:38,160 125212 DEBUG    [tempest.lib.common.rest_client] Request - Headers: {'Content-Type': 'application/json', 'Accept': 'application/json', 'X-Auth-Token': '<omitted>'}
        Body: None
    Response - Headers: {'date': 'Tue, 17 Mar 2026 11:04:38 GMT', 'server': 'Apache/2.4.58 (Ubuntu)', 'content-length': '336', 'content-type': 'application/json', 'openstack-api-version': 'compute 2.1', 'x-openstack-nova-api-version': '2.1', 'vary': 'OpenStack-API-Version,X-OpenStack-Nova-API-Version', 'x-openstack-request-id': 'req-6bfc5b97-762d-46fb-b916-e22f2c228e75', 'x-compute-request-id': 'req-6bfc5b97-762d-46fb-b916-e22f2c228e75', 'connection': 'close', 'status': '200', 'content-location': 'http://10.201.9.223/compute/v2.1/os-volumes/770d1c17-5267-44d0-a132-36487e1a6124'}
        Body: b'{"volume": {"id": "770d1c17-5267-44d0-a132-36487e1a6124", "status": "error", "size": 1, "availabilityZone": "nova", "createdAt": "2
    026-03-17T11:04:37.000000", "attachments": [{}], "displayName": "tempest-VolumesSnapshotsTestJSON-volume-1852438166", "displayDescription": null, "volumeType": "3par1", "snapshotId": null, "metadata": {}}}'


tempest.api.compute.volumes.test_volumes_get.VolumesGetTestJSON.test_volume_create_get_delete[id-f10f25eb-9775-4d9d-9cbe-1cf54dae9d5f]
--------------------------------------------------------------------------------------------------------------------------------------

Captured traceback:
~~~~~~~~~~~~~~~~~~~
    Traceback (most recent call last):

      File "/opt/stack/tempest/tempest/api/compute/volumes/test_volumes_get.py", line 56, in test_volume_create_get_delete
    volume = self.create_volume(size=CONF.volume.volume_size,
             ^^^^^^^^^^^^^^^^^^^^^^^^^^^^^^^^^^^^^^^^^^^^^^^^

      File "/opt/stack/tempest/tempest/api/compute/base.py", line 551, in create_volume
    waiters.wait_for_volume_resource_status(cls.volumes_client,

      File "/opt/stack/tempest/tempest/common/waiters.py", line 379, in wait_for_volume_resource_status
    raise exceptions.VolumeResourceBuildErrorException(

    tempest.exceptions.VolumeResourceBuildErrorException: volume cf3b03db-2092-49f6-ba31-495d0e1adc09 failed to build and is in ERROR status


Captured pythonlogging:
~~~~~~~~~~~~~~~~~~~~~~~
    2026-03-17 11:04:39,919 125212 INFO     [tempest.lib.common.rest_client] Request (VolumesGetTestJSON:test_volume_create_get_delete): 200 POST http://10.201.9.223/compute/v2.1/os-volumes 0.285s
2026-03-17 11:04:39,919 125212 DEBUG    [tempest.lib.common.rest_client] Request - Headers: {'Content-Type': 'application/json', 'Accept': 'application/json', 'X-Auth-Token': '<omitted>'}
        Body: {"volume": {"size": 1, "display_name": "tempest-VolumesGetTestJSON-Volume-713432323", "metadata": {"Type": "work"}}}
    Response - Headers: {'date': 'Tue, 17 Mar 2026 11:04:39 GMT', 'server': 'Apache/2.4.58 (Ubuntu)', 'content-length': '346', 'location': 'http://10.201.9.223/compute/v2.1/os-volumes/cf3b03db-2092-49f6-ba31-495d0e1adc09', 'content-type': 'application/json', 'openstack-api-version': 'compute 2.1', 'x-openstack-nova-api-version': '2.1', 'vary': 'OpenStack-API-Version,X-OpenStack-Nova-API-Version', 'x-openstack-request-id': 'req-0418c1a4-c860-4d30-84fb-20cf5da7e126', 'x-compute-request-id': 'req-0418c1a4-c860-4d30-84fb-20cf5da7e126', 'connection': 'close', 'status': '200', 'content-location': 'http://10.201.9.223/compute/v2.1/os-volumes'}
        Body: b'{"volume": {"id": "cf3b03db-2092-49f6-ba31-495d0e1adc09", "status": "creating", "size": 1, "availabilityZone": "nova", "createdAt": "2026-03-17T11:04:39.847385", "attachments": [{}], "displayName": "tempest-VolumesGetTestJSON-Volume-713432323", "displayDescription": null, "volumeType": "3par1", "snapshotId": null, "metadata": {"Type": "work"}}}'
2026-03-17 11:04:39,952 125212 INFO     [tempest.lib.common.rest_client] Request (VolumesGetTestJSON:test_volume_create_get_delete): 200 GET http://10.201.9.223/compute/v2.1/os-volumes/cf3b03db-2092-49f6-ba31-495d0e1adc09 0.029s
2026-03-17 11:04:39,953 125212 DEBUG    [tempest.lib.common.rest_client] Request - Headers: {'Content-Type': 'application/json', 'Accept': 'application/json', 'X-Auth-Token': '<omitted>'}
        Body: None
    Response - Headers: {'date': 'Tue, 17 Mar 2026 11:04:39 GMT', 'server': 'Apache/2.4.58 (Ubuntu)', 'content-length': '346', 'content-type': 'application/json', 'openstack-api-version': 'compute 2.1', 'x-openstack-nova-api-version': '2.1', 'vary': 'OpenStack-API-Version,X-OpenStack-Nova-API-Version', 'x-openstack-request-id': 'req-1bc6eb75-ded0-408d-9cce-d0c6fb25bdc0', 'x-compute-request-id': 'req-1bc6eb75-ded0-408d-9cce-d0c6fb25bdc0', 'connection': 'close', 'status': '200', 'content-location': 'http://10.201.9.223/compute/v2.1/os-volumes/cf3b03db-2092-49f6-ba31-495d0e1adc09'}
        Body: b'{"volume": {"id": "cf3b03db-2092-49f6-ba31-495d0e1adc09", "status": "creating", "size": 1, "availabilityZone": "nova", "createdAt": "2026-03-17T11:04:40.000000", "attachments": [{}], "displayName": "tempest-VolumesGetTestJSON-Volume-713432323", "displayDescription": null, "volumeType": "3par1", "snapshotId": null, "metadata": {"Type": "work"}}}'
2026-03-17 11:04:41,008 125212 INFO     [tempest.lib.common.rest_client] Request (VolumesGetTestJSON:test_volume_create_get_delete): 200 GET http://10.201.9.223/compute/v2.1/os-volumes/cf3b03db-2092-49f6-ba31-495d0e1adc09 0.051s
2026-03-17 11:04:41,008 125212 DEBUG    [tempest.lib.common.rest_client] Request - Headers: {'Content-Type': 'application/json', 'Accept': 'application/json', 'X-Auth-Token': '<omitted>'}
        Body: None
    Response - Headers: {'date': 'Tue, 17 Mar 2026 11:04:40 GMT', 'server': 'Apache/2.4.58 (Ubuntu)', 'content-length': '343', 'content-type': 'application/json', 'openstack-api-version': 'compute 2.1', 'x-openstack-nova-api-version': '2.1', 'vary': 'OpenStack-API-Version,X-OpenStack-Nova-API-Version', 'x-openstack-request-id': 'req-342d46e0-4628-4227-898b-183aac93cddb', 'x-compute-request-id': 'req-342d46e0-4628-4227-898b-183aac93cddb', 'connection': 'close', 'status': '200', 'content-location': 'http://10.201.9.223/compute/v2.1/os-volumes/cf3b03db-2092-49f6-ba31-495d0e1adc09'}
        Body: b'{"volume": {"id": "cf3b03db-2092-49f6-ba31-495d0e1adc09", "status": "error", "size": 1, "availabilityZone": "nova", "createdAt": "2026-03-17T11:04:40.0
    00000", "attachments": [{}], "displayName": "tempest-VolumesGetTestJSON-Volume-713432323", "displayDescription": null, "volumeType": "3par1", "snapshotId": null, "metadata": {"Type": "work"}}}'


setUpClass (tempest.api.compute.volumes.test_volumes_list.VolumesTestJSON)
--------------------------------------------------------------------------

Captured traceback:
~~~~~~~~~~~~~~~~~~~
    Traceback (most recent call last):

      File "/opt/stack/tempest/tempest/test.py", line 185, in setUpClass
    raise value.with_traceback(trace)

      File "/opt/stack/tempest/tempest/test.py", line 178, in setUpClass
    cls.resource_setup()

      File "/opt/stack/tempest/tempest/api/compute/volumes/test_volumes_list.py", line 57, in resource_setup
    volume = cls.create_volume(metadata=metadata)
             ^^^^^^^^^^^^^^^^^^^^^^^^^^^^^^^^^^^^

      File "/opt/stack/tempest/tempest/api/compute/base.py", line 551, in create_volume
    waiters.wait_for_volume_resource_status(cls.volumes_client,

      File "/opt/stack/tempest/tempest/common/waiters.py", line 379, in wait_for_volume_resource_status
    raise exceptions.VolumeResourceBuildErrorException(

    tempest.exceptions.VolumeResourceBuildErrorException: volume d010d3d3-93cb-4c2d-9577-8afa07ae4669 failed to build and is in ERROR status


tempest.api.volume.******.test_backends_capabilities.BackendsCapabilitiesAdminTestsJSON.test_get_capabilities_backend[id-3750af44-5ea2-4cd4-bc3e-56e7e6caf854]
-------------------------------------------------------------------------------------------------------------------------------------------------------------

Captured traceback:
~~~~~~~~~~~~~~~~~~~
    Traceback (most recent call last):

      File "/opt/stack/tempest/tempest/api/volume/******/test_backends_capabilities.py", line 38, in test_get_capabilities_backend
    self.******_capabilities_client.show_backend_capabilities(self.hosts[0])
                                                             ~~~~~~~~~~^^^

    IndexError: list index out of range


tempest.api.volume.******.test_group_snapshots.GroupSnapshotsTest.test_create_group_from_group_snapshot[id-eff52c70-efc7-45ed-b47a-4ad675d09b81]
-----------------------------------------------------------------------------------------------------------------------------------------------

Captured traceback:
~~~~~~~~~~~~~~~~~~~
    Traceback (most recent call last):

      File "/opt/stack/tempest/tempest/api/volume/******/test_group_snapshots.py", line 162, in test_create_group_from_group_snapshot
    grp = self.create_group(group_type=group_type['id'],
          ^^^^^^^^^^^^^^^^^^^^^^^^^^^^^^^^^^^^^^^^^^^^^^

      File "/opt/stack/tempest/tempest/api/volume/base.py", line 293, in create_group
    waiters.wait_for_volume_resource_status(

      File "/opt/stack/tempest/tempest/common/waiters.py", line 379, in wait_for_volume_resource_status
    raise exceptions.VolumeResourceBuildErrorException(

    tempest.exceptions.VolumeResourceBuildErrorException: group 63785574-8216-4fef-be6f-52f7a411f1ab failed to build and is in ERROR status


Captured pythonlogging:
~~~~~~~~~~~~~~~~~~~~~~~
    2026-03-17 11:04:49,684 125212 INFO     [tempest.lib.common.rest_client] Request (GroupSnapshotsTest:test_create_group_from_group_snapshot): 200 POST http://10.201.9.223/volume/v3/types 0.070s
2026-03-17 11:04:49,684 125212 DEBUG    [tempest.lib.common.rest_client] Request - Headers: {'Content-Type': 'application/json', 'Accept': 'application/json', 'X-Auth-Token': '<omitted>'}
        Body: {"volume_type": {"name": "tempest-GroupSnapshotsTest-volume-type-1269222307"}}
    Response - Headers: {'date': 'Tue, 17 Mar 2026 11:04:49 GMT', 'server': 'Apache/2.4.58 (Ubuntu)', 'content-type': 'application/json', 'x-compute-request-id': 'req-9e107c75-588d-4b32-bb88-1053be782495', 'content-length': '224', 'openstack-api-version': 'volume 3.0', 'vary': 'OpenStack-API-Version', 'x-openstack-request-id': 'req-9e107c75-588d-4b32-bb88-1053be782495', 'connection': 'close', 'status': '200', 'content-location': 'http://10.201.9.223/volume/v3/types'}
        Body: b'{"volume_type": {"id": "170ce670-1a2a-4fb5-b7c6-961753edf2ad", "name": "tempest-GroupSnapshotsTest-volume-type-1269222307", "is_public": true, "extra_specs": {}, "description": null, "os-volume-type-access:is_public": true}}'
2026-03-17 11:04:49,728 125212 INFO     [tempest.lib.common.rest_client] Request (GroupSnapshotsTest:test_create_group_from_group_snapshot): 202 POST http://10.201.9.223/volume/v3/group_types 0.040s
2026-03-17 11:04:49,729 125212 DEBUG    [tempest.lib.common.rest_client] Request - Headers: {'Content-Type': 'application/json', 'Accept': 'application/json', 'Openstack-Api-Version': 'volume 3.14', 'X-Auth-Token': '<omitted>'}
        Body: {"group_type": {"name": "tempest-GroupSnapshotsTest-group-type-1671892257"}}
    Response - Headers: {'date': 'Tue, 17 Mar 2026 11:04:49 GMT', 'server': 'Apache/2.4.58 (Ubuntu)', 'content-type': 'application/json', 'x-compute-request-id': 'req-b44ff300-8a74-4fb3-8c06-2a026ab88582', 'content-length': '181', 'openstack-api-version': 'volume 3.14', 'vary': 'OpenStack-API-Version', 'x-openstack-request-id': 'req-b44ff300-8a74-4fb3-8c06-2a026ab88582', 'connection': 'close', 'status': '202', 'content-location': 'http://10.201.9.223/volume/v3/group_types'}
        Body: b'{"group_type": {"id": "70856a88-cc2c-4189-8d9e-9a63c2cc5e4c", "name": "tempest-GroupSnapshotsTest-group-type-1671892257", "description": null, "is_public": true, "group_specs": {}}}'
2026-03-17 11:04:49,880 125212 INFO     [tempest.lib.common.rest_client] Request (GroupSnapshotsTest:test_create_group_from_group_snapshot): 202 POST http://10.201.9.223/volume/v3/groups 0.148s
2026-03-17 11:04:49,881 125212 DEBUG    [tempest.lib.common.rest_client] Request - Headers: {'Content-Type': 'application/json', 'Accept': 'application/json', 'Openstack-Api-Version': 'volume 3.14', 'X-Auth-Token': '<omitted>'}
        Body: {"group": {"group_type": "70856a88-cc2c-4189-8d9e-9a63c2cc5e4c", "volume_types": ["170ce670-1a2a-4fb5-b7c6-961753edf2ad"], "name": "tempest-GroupSnapshotsTest-Group-82227283"}}
    Response - Headers: {'date': 'Tue, 17 Mar 2026 11:04:49 GMT', 'server': 'Apache/2.4.58 (Ubuntu)', 'content-type': 'application/json', 'x-compute-request-id': 'req-93085f5a-fda3-43f5-82b7-ad4e277b5f7b', 'content-length': '110', 'openstack-api-version': 'volume 3.14', 'vary': 'OpenStack-API-Version', 'x-openstack-request-id': 'req-93085f5a-fda3-43f5-82b7-ad4e277b5f7b', 'connection': 'close', 'status': '202', 'content-location': 'http://10.201.9.223/volume/v3/groups'}
        Body: b'{"group": {"id": "63785574-8216-4fef-be6f-52f7a411f1ab", "name": "tempest-GroupSnapshotsTest-Group-82227283"}}'
2026-03-17 11:04:49,909 125212 INFO     [tempest.lib.common.rest_client] Request (GroupSnapshotsTest:test_create_group_from_group_snapshot): 200 GET http://10.201.9.223/volume/v3/groups/63785574-8216-4fef-be6f-52f7a411f1ab 0.026s
2026-03-17 11:04:49,909 125212 DEBUG    [tempest.lib.common.rest_client] Request - Headers: {'Content-Type': 'application/json', 'Accept': 'application/json', 'Openstack-Api-Version': 'volume 3.14', 'X-Auth-Token': '<omitted>'}
        Body: None
    Response - Heade
    rs: {'date': 'Tue, 17 Mar 2026 11:04:49 GMT', 'server': 'Apache/2.4.58 (Ubuntu)', 'content-type': 'application/json', 'x-compute-request-id': 'req-b93d666a-ceb2-483d-abf5-455b4c8fcb4c', 'content-length': '390', 'openstack-api-version': 'volume 3.14', 'vary': 'OpenStack-API-Version', 'x-openstack-request-id': 'req-b93d666a-ceb2-483d-abf5-455b4c8fcb4c', 'connection': 'close', 'status': '200', 'content-location': 'http://10.201.9.223/volume/v3/groups/63785574-8216-4fef-be6f-52f7a411f1ab'}
        Body: b'{"group": {"id": "63785574-8216-4fef-be6f-52f7a411f1ab", "status": "creating", "availability_zone": "nova", "created_at": "2026-03-17T11:04:50.000000", "name": "tempest-GroupSnapshotsTest-Group-82227283", "description": null, "group_type": "70856a88-cc2c-4189-8d9e-9a63c2cc5e4c", "volume_types": ["170ce670-1a2a-4fb5-b7c6-961753edf2ad"], "group_snapshot_id": null, "source_group_id": null}}'
2026-03-17 11:04:50,947 125212 INFO     [tempest.lib.common.rest_client] Request (GroupSnapshotsTest:test_create_group_from_group_snapshot): 200 GET http://10.201.9.223/volume/v3/groups/63785574-8216-4fef-be6f-52f7a411f1ab 0.036s
2026-03-17 11:04:50,948 125212 DEBUG    [tempest.lib.common.rest_client] Request - Headers: {'Content-Type': 'application/json', 'Accept': 'application/json', 'Openstack-Api-Version': 'volume 3.14', 'X-Auth-Token': '<omitted>'}
        Body: None
    Response - Headers: {'date': 'Tue, 17 Mar 2026 11:04:50 GMT', 'server': 'Apache/2.4.58 (Ubuntu)', 'content-type': 'application/json', 'x-compute-request-id': 'req-1f987844-2759-450f-a856-f98896a924db', 'content-length': '387', 'openstack-api-version': 'volume 3.14', 'vary': 'OpenStack-API-Version', 'x-openstack-request-id': 'req-1f987844-2759-450f-a856-f98896a924db', 'connection': 'close', 'status': '200', 'content-location': 'http://10.201.9.223/volume/v3/groups/63785574-8216-4fef-be6f-52f7a411f1ab'}
        Body: b'{"group": {"id": "63785574-8216-4fef-be6f-52f7a411f1ab", "status": "error", "availability_zone": "nova", "created_at": "2026-03-17T11:04:50.000000", "name": "tempest-GroupSnapshotsTest-Group-82227283", "description": null, "group_type": "70856a88-cc2c-4189-8d9e-9a63c2cc5e4c", "volume_types": ["170ce670-1a2a-4fb5-b7c6-961753edf2ad"], "group_snapshot_id": null, "source_group_id": null}}'
2026-03-17 11:04:51,000 125212 INFO     [tempest.lib.common.rest_client] Request (GroupSnapshotsTest:_run_cleanups): 200 GET http://10.201.9.223/volume/v3/volumes/detail 0.050s
2026-03-17 11:04:51,000 125212 DEBUG    [tempest.lib.common.rest_client] Request - Headers: {'Content-Type': 'application/json', 'Accept': 'application/json', 'Openstack-Api-Version': 'volume 3.14', 'X-Auth-Token': '<omitted>'}
        Body: None
    Response - Headers: {'date': 'Tue, 17 Mar 2026 11:04:50 GMT', 'server': 'Apache/2.4.58 (Ubuntu)', 'content-type': 'application/json', 'x-compute-request-id': 'req-7c4b4a74-592a-4fe6-a0b0-7655b97ddeed', 'content-length': '15', 'openstack-api-version': 'volume 3.14', 'vary': 'OpenStack-API-Version', 'x-openstack-request-id': 'req-7c4b4a74-592a-4fe6-a0b0-7655b97ddeed', 'connection': 'close', 'status': '200', 'content-location': 'http://10.201.9.223/volume/v3/volumes/detail'}
        Body: b'{"volumes": []}'
2026-03-17 11:04:51,056 125212 INFO     [tempest.lib.common.rest_client] Request (GroupSnapshotsTest:_run_cleanups): 202 POST http://10.201.9.223/volume/v3/groups/63785574-8216-4fef-be6f-52f7a411f1ab/action 0.045s
2026-03-17 11:04:51,056 125212 DEBUG    [tempest.lib.common.rest_client] Request - Headers: {'Content-Type': 'application/json', 'Accept': 'application/json', 'Openstack-Api-Version': 'volume 3.14', 'X-Auth-Token': '<omitted>'}
        Body: {"delete": {"delete-volumes": true}}
    Response - Headers: {'date': 'Tue, 17 Mar 2026 11:04:51 GMT', 'server': 'Apache/2.4.58 (Ubuntu)', 'content-length': '0', 'content-type': 'text/html; charset=UTF-8', 'openstack-api-version': 'volume 3.14', 'vary': 'OpenStack-API-Version', 'x-openstack-request-id': 'req-39ced083-697d-4230-bf04-d9c35d34a9c8', 'connection': 'close', 'status': '202', 'content-location': '
    http://10.201.9.223/volume/v3/groups/63785574-8216-4fef-be6f-52f7a411f1ab/action'}
        Body: b''
2026-03-17 11:04:51,071 125212 INFO     [tempest.lib.common.rest_client] Request (GroupSnapshotsTest:_run_cleanups): 404 GET http://10.201.9.223/volume/v3/groups/63785574-8216-4fef-be6f-52f7a411f1ab 0.014s
2026-03-17 11:04:51,071 125212 DEBUG    [tempest.lib.common.rest_client] Request - Headers: {'Content-Type': 'application/json', 'Accept': 'application/json', 'Openstack-Api-Version': 'volume 3.14', 'X-Auth-Token': '<omitted>'}
        Body: None
    Response - Headers: {'date': 'Tue, 17 Mar 2026 11:04:51 GMT', 'server': 'Apache/2.4.58 (Ubuntu)', 'openstack-api-version': 'volume 3.14', 'vary': 'OpenStack-API-Version', 'content-length': '108', 'content-type': 'application/json', 'x-compute-request-id': 'req-6d329e20-668f-4f2d-8a58-cb40dff539d5', 'x-openstack-request-id': 'req-6d329e20-668f-4f2d-8a58-cb40dff539d5', 'connection': 'close', 'status': '404', 'content-location': 'http://10.201.9.223/volume/v3/groups/63785574-8216-4fef-be6f-52f7a411f1ab'}
        Body: b'{"itemNotFound": {"code": 404, "message": "Group 63785574-8216-4fef-be6f-52f7a411f1ab could not be found."}}'
2026-03-17 11:04:51,093 125212 INFO     [tempest.lib.common.rest_client] Request (GroupSnapshotsTest:_run_cleanups): 202 DELETE http://10.201.9.223/volume/v3/group_types/70856a88-cc2c-4189-8d9e-9a63c2cc5e4c 0.022s
2026-03-17 11:04:51,093 125212 DEBUG    [tempest.lib.common.rest_client] Request - Headers: {'Content-Type': 'application/json', 'Accept': 'application/json', 'Openstack-Api-Version': 'volume 3.14', 'X-Auth-Token': '<omitted>'}
        Body: None
    Response - Headers: {'date': 'Tue, 17 Mar 2026 11:04:51 GMT', 'server': 'Apache/2.4.58 (Ubuntu)', 'content-length': '0', 'content-type': 'text/html; charset=UTF-8', 'openstack-api-version': 'volume 3.14', 'vary': 'OpenStack-API-Version', 'x-openstack-request-id': 'req-d3218cd8-7cb5-4b2f-84d8-133bc46ba6c1', 'connection': 'close', 'status': '202', 'content-location': 'http://10.201.9.223/volume/v3/group_types/70856a88-cc2c-4189-8d9e-9a63c2cc5e4c'}
        Body: b''
2026-03-17 11:04:51,155 125212 INFO     [tempest.lib.common.rest_client] Request (GroupSnapshotsTest:_run_cleanups): 202 DELETE http://10.201.9.223/volume/v3/types/170ce670-1a2a-4fb5-b7c6-961753edf2ad 0.061s
2026-03-17 11:04:51,155 125212 DEBUG    [tempest.lib.common.rest_client] Request - Headers: {'Content-Type': 'application/json', 'Accept': 'application/json', 'X-Auth-Token': '<omitted>'}
        Body: None
    Response - Headers: {'date': 'Tue, 17 Mar 2026 11:04:51 GMT', 'server': 'Apache/2.4.58 (Ubuntu)', 'content-length': '0', 'content-type': 'text/html; charset=UTF-8', 'openstack-api-version': 'volume 3.0', 'vary': 'OpenStack-API-Version', 'x-openstack-request-id': 'req-6c1f2176-7058-4cc0-ab79-40022c9e7da1', 'connection': 'close', 'status': '202', 'content-location': 'http://10.201.9.223/volume/v3/types/170ce670-1a2a-4fb5-b7c6-961753edf2ad'}
        Body: b''
2026-03-17 11:04:51,168 125212 INFO     [tempest.lib.common.rest_client] Request (GroupSnapshotsTest:_run_cleanups): 404 GET http://10.201.9.223/volume/v3/types/170ce670-1a2a-4fb5-b7c6-961753edf2ad 0.012s
2026-03-17 11:04:51,169 125212 DEBUG    [tempest.lib.common.rest_client] Request - Headers: {'Content-Type': 'application/json', 'Accept': 'application/json', 'X-Auth-Token': '<omitted>'}
        Body: None
    Response - Headers: {'date': 'Tue, 17 Mar 2026 11:04:51 GMT', 'server': 'Apache/2.4.58 (Ubuntu)', 'openstack-api-version': 'volume 3.0', 'vary': 'OpenStack-API-Version', 'content-length': '114', 'content-type': 'application/json', 'x-compute-request-id': 'req-f978d224-8da5-41e7-af53-b9fddb5a2e55', 'x-openstack-request-id': 'req-f978d224-8da5-41e7-af53-b9fddb5a2e55', 'connection': 'close', 'status': '404', 'content-location': 'http://10.201.9.223/volume/v3/types/170ce670-1a2a-4fb5-b7c6-961753edf2ad'}
        Body: b'{"itemNotFound": {"code": 404, "message": "Volume type 170ce670-1a2a-4fb5-b7c6-961753edf2ad could not be found."}}'


tempest.api.volume.******.test_group_snapshots.GroupSnapshotsTest.test_delete_group_snapshots_following_updated_volumes[id-7d7fc000-0b4c-4376-a372-544116d2e127]
---------------------------------------------------------------------------------------------------------------------------------------------------------------

Captured traceback:
~~~~~~~~~~~~~~~~~~~
    Traceback (most recent call last):

      File "/opt/stack/tempest/tempest/lib/decorators.py", line 106, in wrapper
    raise exc

      File "/opt/stack/tempest/tempest/lib/decorators.py", line 98, in wrapper
    return f(*func_args, **func_kwargs)
           ^^^^^^^^^^^^^^^^^^^^^^^^^^^^

      File "/opt/stack/tempest/tempest/api/volume/******/test_group_snapshots.py", line 225, in test_delete_group_snapshots_following_updated_volumes
    grp = self.create_group(group_type=group_type['id'],
          ^^^^^^^^^^^^^^^^^^^^^^^^^^^^^^^^^^^^^^^^^^^^^^

      File "/opt/stack/tempest/tempest/api/volume/base.py", line 293, in create_group
    waiters.wait_for_volume_resource_status(

      File "/opt/stack/tempest/tempest/common/waiters.py", line 379, in wait_for_volume_resource_status
    raise exceptions.VolumeResourceBuildErrorException(

    tempest.exceptions.VolumeResourceBuildErrorException: group 9ed2881d-fca6-4c9b-81e0-67205aac91f9 failed to build and is in ERROR status


Captured pythonlogging:
~~~~~~~~~~~~~~~~~~~~~~~
    2026-03-17 11:04:51,192 125212 INFO     [tempest.lib.common.rest_client] Request (GroupSnapshotsTest:test_delete_group_snapshots_following_updated_volumes): 200 POST http://10.201.9.223/volume/v3/types 0.021s
2026-03-17 11:04:51,192 125212 DEBUG    [tempest.lib.common.rest_client] Request - Headers: {'Content-Type': 'application/json', 'Accept': 'application/json', 'X-Auth-Token': '<omitted>'}
        Body: {"volume_type": {"name": "tempest-GroupSnapshotsTest-volume-type-2015513557"}}
    Response - Headers: {'date': 'Tue, 17 Mar 2026 11:04:51 GMT', 'server': 'Apache/2.4.58 (Ubuntu)', 'content-type': 'application/json', 'x-compute-request-id': 'req-7579d8f7-4096-4152-b17d-ea4600b3c34c', 'content-length': '224', 'openstack-api-version': 'volume 3.0', 'vary': 'OpenStack-API-Version', 'x-openstack-request-id': 'req-7579d8f7-4096-4152-b17d-ea4600b3c34c', 'connection': 'close', 'status': '200', 'content-location': 'http://10.201.9.223/volume/v3/types'}
        Body: b'{"volume_type": {"id": "33c38692-e430-4010-81cd-0afc1ec65cfe", "name": "tempest-GroupSnapshotsTest-volume-type-2015513557", "is_public": true, "extra_specs": {}, "description": null, "os-volume-type-access:is_public": true}}'
2026-03-17 11:04:51,212 125212 INFO     [tempest.lib.common.rest_client] Request (GroupSnapshotsTest:test_delete_group_snapshots_following_updated_volumes): 202 POST http://10.201.9.223/volume/v3/group_types 0.018s
2026-03-17 11:04:51,212 125212 DEBUG    [tempest.lib.common.rest_client] Request - Headers: {'Content-Type': 'application/json', 'Accept': 'application/json', 'Openstack-Api-Version': 'volume 3.14', 'X-Auth-Token': '<omitted>'}
        Body: {"group_type": {"name": "tempest-GroupSnapshotsTest-group-type-1295482229"}}
    Response - Headers: {'date': 'Tue, 17 Mar 2026 11:04:51 GMT', 'server': 'Apache/2.4.58 (Ubuntu)', 'content-type': 'application/json', 'x-compute-request-id': 'req-596d9035-2617-4330-933e-31249ba96caa', 'content-length': '181', 'openstack-api-version': 'volume 3.14', 'vary': 'OpenStack-API-Version', 'x-openstack-request-id': 'req-596d9035-2617-4330-933e-31249ba96caa', 'connection': 'close', 'status': '202', 'content-location': 'http://10.201.9.223/volume/v3/group_types'}
        Body: b'{"group_type": {"id": "d5e47d2e-f62d-4b5b-be9d-076bf9012fa2", "name": "tempest-GroupSnapshotsTest-group-type-1295482229", "description": null, "is_public": true, "group_specs": {}}}'
2026-03-17 11:04:51,283 125212 INFO     [tempest.lib.common.rest_client] Request (GroupSnapshotsTest:test_delete_group_snapshots_following_updated_volumes): 202 POST http://10.201.9.223/volume/v3/groups 0.070s
2026-03-17 11:04:51,284 125212 DEBUG    [tempest.lib.common.rest_client] Request - Headers: {'Content-Type': 'application/json', 'Accept': 'application/json', 'Openstack-Api-Version': 'volume 3.14', 'X-Auth-Token': '<omitted>'}
        Body: {"group": {"group_type": "d5e47d2e-f62d-4b5b-be9d-076bf9012fa2", "volume_types": ["33c38692-e430-4010-81cd-0afc1ec65cfe"], "name": "tempest-GroupSnapshotsTest-Group-1885621512"}}
    Response - Headers: {'date': 'Tue, 17 Mar 2026 11:04:51 GMT', 'server': 'Apache/2.4.58 (Ubuntu)', 'content-type': 'application/json', 'x-compute-request-id': 'req-66a4aaed-eee4-4604-accd-11175d4c1521', 'content-length': '112', 'openstack-api-version': 'volume 3.14', 'vary': 'OpenStack-API-Version', 'x-openstack-request-id': 'req-66a4aaed-eee4-4604-accd-11175d4c1521', 'connection': 'close', 'status': '202', 'content-location': 'http://10.201.9.223/volume/v3/groups'}
        Body: b'{"group": {"id": "9ed2881d-fca6-4c9b-81e0-67205aac91f9", "name": "tempest-GroupSnapshotsTest-Group-1885621512"}}'
2026-03-17 11:04:51,305 125212 INFO     [tempest.lib.common.rest_client] Request (GroupSnapshotsTest:test_delete_group_snapshots_following_updated_volumes): 200 GET http://10.201.9.223/volume/v3/groups/9ed2881d-fca6-4c9b-81e0-67205aac91f9 0.019s
2026-03-17 11:04:51,306 125212 DEBUG    [tempest.lib.common.rest_client] Request - Headers: {'Content-Type': 'application/json', 'Accept': 'application/json', 'Openstack-Api-Version': 'volume 3.14', 
    'X-Auth-Token': '<omitted>'}
        Body: None
    Response - Headers: {'date': 'Tue, 17 Mar 2026 11:04:51 GMT', 'server': 'Apache/2.4.58 (Ubuntu)', 'content-type': 'application/json', 'x-compute-request-id': 'req-1f786c31-4fa9-4b8b-9ca7-6bbe1745da7f', 'content-length': '392', 'openstack-api-version': 'volume 3.14', 'vary': 'OpenStack-API-Version', 'x-openstack-request-id': 'req-1f786c31-4fa9-4b8b-9ca7-6bbe1745da7f', 'connection': 'close', 'status': '200', 'content-location': 'http://10.201.9.223/volume/v3/groups/9ed2881d-fca6-4c9b-81e0-67205aac91f9'}
        Body: b'{"group": {"id": "9ed2881d-fca6-4c9b-81e0-67205aac91f9", "status": "creating", "availability_zone": "nova", "created_at": "2026-03-17T11:04:51.000000", "name": "tempest-GroupSnapshotsTest-Group-1885621512", "description": null, "group_type": "d5e47d2e-f62d-4b5b-be9d-076bf9012fa2", "volume_types": ["33c38692-e430-4010-81cd-0afc1ec65cfe"], "group_snapshot_id": null, "source_group_id": null}}'
2026-03-17 11:04:52,343 125212 INFO     [tempest.lib.common.rest_client] Request (GroupSnapshotsTest:test_delete_group_snapshots_following_updated_volumes): 200 GET http://10.201.9.223/volume/v3/groups/9ed2881d-fca6-4c9b-81e0-67205aac91f9 0.031s
2026-03-17 11:04:52,343 125212 DEBUG    [tempest.lib.common.rest_client] Request - Headers: {'Content-Type': 'application/json', 'Accept': 'application/json', 'Openstack-Api-Version': 'volume 3.14', 'X-Auth-Token': '<omitted>'}
        Body: None
    Response - Headers: {'date': 'Tue, 17 Mar 2026 11:04:52 GMT', 'server': 'Apache/2.4.58 (Ubuntu)', 'content-type': 'application/json', 'x-compute-request-id': 'req-98ae8dad-4eda-4cbc-b6ff-4a5bc6241562', 'content-length': '389', 'openstack-api-version': 'volume 3.14', 'vary': 'OpenStack-API-Version', 'x-openstack-request-id': 'req-98ae8dad-4eda-4cbc-b6ff-4a5bc6241562', 'connection': 'close', 'status': '200', 'content-location': 'http://10.201.9.223/volume/v3/groups/9ed2881d-fca6-4c9b-81e0-67205aac91f9'}
        Body: b'{"group": {"id": "9ed2881d-fca6-4c9b-81e0-67205aac91f9", "status": "error", "availability_zone": "nova", "created_at": "2026-03-17T11:04:51.000000", "name": "tempest-GroupSnapshotsTest-Group-1885621512", "description": null, "group_type": "d5e47d2e-f62d-4b5b-be9d-076bf9012fa2", "volume_types": ["33c38692-e430-4010-81cd-0afc1ec65cfe"], "group_snapshot_id": null, "source_group_id": null}}'
2026-03-17 11:04:52,349 125212 ERROR    [tempest.lib.decorators] Hints: This test was made for the bug_type 1739031. The failure could be related to https://launchpad.net/bugs/1739031
2026-03-17 11:04:52,393 125212 INFO     [tempest.lib.common.rest_client] Request (GroupSnapshotsTest:_run_cleanups): 200 GET http://10.201.9.223/volume/v3/volumes/detail 0.042s
2026-03-17 11:04:52,394 125212 DEBUG    [tempest.lib.common.rest_client] Request - Headers: {'Content-Type': 'application/json', 'Accept': 'application/json', 'Openstack-Api-Version': 'volume 3.14', 'X-Auth-Token': '<omitted>'}
        Body: None
    Response - Headers: {'date': 'Tue, 17 Mar 2026 11:04:52 GMT', 'server': 'Apache/2.4.58 (Ubuntu)', 'content-type': 'application/json', 'x-compute-request-id': 'req-ca4581a1-239a-4d9b-ab1f-de52820e82b4', 'content-length': '15', 'openstack-api-version': 'volume 3.14', 'vary': 'OpenStack-API-Version', 'x-openstack-request-id': 'req-ca4581a1-239a-4d9b-ab1f-de52820e82b4', 'connection': 'close', 'status': '200', 'content-location': 'http://10.201.9.223/volume/v3/volumes/detail'}
        Body: b'{"volumes": []}'
2026-03-17 11:04:52,455 125212 INFO     [tempest.lib.common.rest_client] Request (GroupSnapshotsTest:_run_cleanups): 202 POST http://10.201.9.223/volume/v3/groups/9ed2881d-fca6-4c9b-81e0-67205aac91f9/action 0.050s
2026-03-17 11:04:52,455 125212 DEBUG    [tempest.lib.common.rest_client] Request - Headers: {'Content-Type': 'application/json', 'Accept': 'application/json', 'Openstack-Api-Version': 'volume 3.14', 'X-Auth-Token': '<omitted>'}
        Body: {"delete": {"delete-volumes": true}}
    Response - Headers: {'date': 'Tue, 17 Mar 2026 11:04:52 GMT', 'server': 'Apache/2.4.58 (Ubuntu)',
     'content-length': '0', 'content-type': 'text/html; charset=UTF-8', 'openstack-api-version': 'volume 3.14', 'vary': 'OpenStack-API-Version', 'x-openstack-request-id': 'req-55fead80-fe7e-4180-b502-244984b6a61c', 'connection': 'close', 'status': '202', 'content-location': 'http://10.201.9.223/volume/v3/groups/9ed2881d-fca6-4c9b-81e0-67205aac91f9/action'}
        Body: b''
2026-03-17 11:04:52,469 125212 INFO     [tempest.lib.common.rest_client] Request (GroupSnapshotsTest:_run_cleanups): 404 GET http://10.201.9.223/volume/v3/groups/9ed2881d-fca6-4c9b-81e0-67205aac91f9 0.013s
2026-03-17 11:04:52,469 125212 DEBUG    [tempest.lib.common.rest_client] Request - Headers: {'Content-Type': 'application/json', 'Accept': 'application/json', 'Openstack-Api-Version': 'volume 3.14', 'X-Auth-Token': '<omitted>'}
        Body: None
    Response - Headers: {'date': 'Tue, 17 Mar 2026 11:04:52 GMT', 'server': 'Apache/2.4.58 (Ubuntu)', 'openstack-api-version': 'volume 3.14', 'vary': 'OpenStack-API-Version', 'content-length': '108', 'content-type': 'application/json', 'x-compute-request-id': 'req-a476e8e2-faf6-4930-a426-ae3c3de39600', 'x-openstack-request-id': 'req-a476e8e2-faf6-4930-a426-ae3c3de39600', 'connection': 'close', 'status': '404', 'content-location': 'http://10.201.9.223/volume/v3/groups/9ed2881d-fca6-4c9b-81e0-67205aac91f9'}
        Body: b'{"itemNotFound": {"code": 404, "message": "Group 9ed2881d-fca6-4c9b-81e0-67205aac91f9 could not be found."}}'
2026-03-17 11:04:52,490 125212 INFO     [tempest.lib.common.rest_client] Request (GroupSnapshotsTest:_run_cleanups): 202 DELETE http://10.201.9.223/volume/v3/group_types/d5e47d2e-f62d-4b5b-be9d-076bf9012fa2 0.020s
2026-03-17 11:04:52,490 125212 DEBUG    [tempest.lib.common.rest_client] Request - Headers: {'Content-Type': 'application/json', 'Accept': 'application/json', 'Openstack-Api-Version': 'volume 3.14', 'X-Auth-Token': '<omitted>'}
        Body: None
    Response - Headers: {'date': 'Tue, 17 Mar 2026 11:04:52 GMT', 'server': 'Apache/2.4.58 (Ubuntu)', 'content-length': '0', 'content-type': 'text/html; charset=UTF-8', 'openstack-api-version': 'volume 3.14', 'vary': 'OpenStack-API-Version', 'x-openstack-request-id': 'req-31f41870-42dd-408c-b4d0-d80cbebf7b48', 'connection': 'close', 'status': '202', 'content-location': 'http://10.201.9.223/volume/v3/group_types/d5e47d2e-f62d-4b5b-be9d-076bf9012fa2'}
        Body: b''
2026-03-17 11:04:52,529 125212 INFO     [tempest.lib.common.rest_client] Request (GroupSnapshotsTest:_run_cleanups): 202 DELETE http://10.201.9.223/volume/v3/types/33c38692-e430-4010-81cd-0afc1ec65cfe 0.038s
2026-03-17 11:04:52,530 125212 DEBUG    [tempest.lib.common.rest_client] Request - Headers: {'Content-Type': 'application/json', 'Accept': 'application/json', 'X-Auth-Token': '<omitted>'}
        Body: None
    Response - Headers: {'date': 'Tue, 17 Mar 2026 11:04:52 GMT', 'server': 'Apache/2.4.58 (Ubuntu)', 'content-length': '0', 'content-type': 'text/html; charset=UTF-8', 'openstack-api-version': 'volume 3.0', 'vary': 'OpenStack-API-Version', 'x-openstack-request-id': 'req-8384a4e4-02ca-4009-bd02-8761a8018d49', 'connection': 'close', 'status': '202', 'content-location': 'http://10.201.9.223/volume/v3/types/33c38692-e430-4010-81cd-0afc1ec65cfe'}
        Body: b''
2026-03-17 11:04:52,543 125212 INFO     [tempest.lib.common.rest_client] Request (GroupSnapshotsTest:_run_cleanups): 404 GET http://10.201.9.223/volume/v3/types/33c38692-e430-4010-81cd-0afc1ec65cfe 0.012s
2026-03-17 11:04:52,543 125212 DEBUG    [tempest.lib.common.rest_client] Request - Headers: {'Content-Type': 'application/json', 'Accept': 'application/json', 'X-Auth-Token': '<omitted>'}
        Body: None
    Response - Headers: {'date': 'Tue, 17 Mar 2026 11:04:52 GMT', 'server': 'Apache/2.4.58 (Ubuntu)', 'openstack-api-version': 'volume 3.0', 'vary': 'OpenStack-API-Version', 'content-length': '114', 'content-type': 'application/json', 'x-compute-request-id': 'req-80089480-2352-4b21-b479-8a6b9ad20806', 'x-openstack-request-id': 'req-80089480-2352-4b21-b479-8a6b9ad20806', 'connection': 'close', 'status': '4
    04', 'content-location': 'http://10.201.9.223/volume/v3/types/33c38692-e430-4010-81cd-0afc1ec65cfe'}
        Body: b'{"itemNotFound": {"code": 404, "message": "Volume type 33c38692-e430-4010-81cd-0afc1ec65cfe could not be found."}}'


tempest.api.volume.******.test_group_snapshots.GroupSnapshotsTest.test_group_snapshot_create_show_list_delete[id-1298e537-f1f0-47a3-a1dd-8adec8168897]
-----------------------------------------------------------------------------------------------------------------------------------------------------

Captured traceback:
~~~~~~~~~~~~~~~~~~~
    Traceback (most recent call last):

      File "/opt/stack/tempest/tempest/api/volume/******/test_group_snapshots.py", line 92, in test_group_snapshot_create_show_list_delete
    grp = self.create_group(group_type=group_type['id'],
          ^^^^^^^^^^^^^^^^^^^^^^^^^^^^^^^^^^^^^^^^^^^^^^

      File "/opt/stack/tempest/tempest/api/volume/base.py", line 293, in create_group
    waiters.wait_for_volume_resource_status(

      File "/opt/stack/tempest/tempest/common/waiters.py", line 379, in wait_for_volume_resource_status
    raise exceptions.VolumeResourceBuildErrorException(

    tempest.exceptions.VolumeResourceBuildErrorException: group a845490d-7513-4f66-84aa-ac8660dc0e95 failed to build and is in ERROR status


Captured pythonlogging:
~~~~~~~~~~~~~~~~~~~~~~~
    2026-03-17 11:04:52,567 125212 INFO     [tempest.lib.common.rest_client] Request (GroupSnapshotsTest:test_group_snapshot_create_show_list_delete): 200 POST http://10.201.9.223/volume/v3/types 0.019s
2026-03-17 11:04:52,567 125212 DEBUG    [tempest.lib.common.rest_client] Request - Headers: {'Content-Type': 'application/json', 'Accept': 'application/json', 'X-Auth-Token': '<omitted>'}
        Body: {"volume_type": {"name": "tempest-GroupSnapshotsTest-volume-type-1234244546"}}
    Response - Headers: {'date': 'Tue, 17 Mar 2026 11:04:52 GMT', 'server': 'Apache/2.4.58 (Ubuntu)', 'content-type': 'application/json', 'x-compute-request-id': 'req-a2dcdb9f-0860-4554-807c-bd2d9ebb9f8e', 'content-length': '224', 'openstack-api-version': 'volume 3.0', 'vary': 'OpenStack-API-Version', 'x-openstack-request-id': 'req-a2dcdb9f-0860-4554-807c-bd2d9ebb9f8e', 'connection': 'close', 'status': '200', 'content-location': 'http://10.201.9.223/volume/v3/types'}
        Body: b'{"volume_type": {"id": "dd2b21b1-c857-46d4-90e3-4a961a8e165a", "name": "tempest-GroupSnapshotsTest-volume-type-1234244546", "is_public": true, "extra_specs": {}, "description": null, "os-volume-type-access:is_public": true}}'
2026-03-17 11:04:52,586 125212 INFO     [tempest.lib.common.rest_client] Request (GroupSnapshotsTest:test_group_snapshot_create_show_list_delete): 202 POST http://10.201.9.223/volume/v3/group_types 0.017s
2026-03-17 11:04:52,586 125212 DEBUG    [tempest.lib.common.rest_client] Request - Headers: {'Content-Type': 'application/json', 'Accept': 'application/json', 'Openstack-Api-Version': 'volume 3.14', 'X-Auth-Token': '<omitted>'}
        Body: {"group_type": {"name": "tempest-GroupSnapshotsTest-group-type-342977755"}}
    Response - Headers: {'date': 'Tue, 17 Mar 2026 11:04:52 GMT', 'server': 'Apache/2.4.58 (Ubuntu)', 'content-type': 'application/json', 'x-compute-request-id': 'req-1a63e504-6a5b-46e1-a08d-24a22271e051', 'content-length': '180', 'openstack-api-version': 'volume 3.14', 'vary': 'OpenStack-API-Version', 'x-openstack-request-id': 'req-1a63e504-6a5b-46e1-a08d-24a22271e051', 'connection': 'close', 'status': '202', 'content-location': 'http://10.201.9.223/volume/v3/group_types'}
        Body: b'{"group_type": {"id": "2a8151d5-0fa6-418d-b60a-aa8aec82cf23", "name": "tempest-GroupSnapshotsTest-group-type-342977755", "description": null, "is_public": true, "group_specs": {}}}'
2026-03-17 11:04:52,633 125212 INFO     [tempest.lib.common.rest_client] Request (GroupSnapshotsTest:test_group_snapshot_create_show_list_delete): 202 POST http://10.201.9.223/volume/v3/groups 0.045s
2026-03-17 11:04:52,633 125212 DEBUG    [tempest.lib.common.rest_client] Request - Headers: {'Content-Type': 'application/json', 'Accept': 'application/json', 'Openstack-Api-Version': 'volume 3.14', 'X-Auth-Token': '<omitted>'}
        Body: {"group": {"group_type": "2a8151d5-0fa6-418d-b60a-aa8aec82cf23", "volume_types": ["dd2b21b1-c857-46d4-90e3-4a961a8e165a"], "name": "tempest-GroupSnapshotsTest-Group-1872480962"}}
    Response - Headers: {'date': 'Tue, 17 Mar 2026 11:04:52 GMT', 'server': 'Apache/2.4.58 (Ubuntu)', 'content-type': 'application/json', 'x-compute-request-id': 'req-6bb92b41-ac38-40bb-b9de-c59377807de7', 'content-length': '112', 'openstack-api-version': 'volume 3.14', 'vary': 'OpenStack-API-Version', 'x-openstack-request-id': 'req-6bb92b41-ac38-40bb-b9de-c59377807de7', 'connection': 'close', 'status': '202', 'content-location': 'http://10.201.9.223/volume/v3/groups'}
        Body: b'{"group": {"id": "a845490d-7513-4f66-84aa-ac8660dc0e95", "name": "tempest-GroupSnapshotsTest-Group-1872480962"}}'
2026-03-17 11:04:52,656 125212 INFO     [tempest.lib.common.rest_client] Request (GroupSnapshotsTest:test_group_snapshot_create_show_list_delete): 200 GET http://10.201.9.223/volume/v3/groups/a845490d-7513-4f66-84aa-ac8660dc0e95 0.022s
2026-03-17 11:04:52,656 125212 DEBUG    [tempest.lib.common.rest_client] Request - Headers: {'Content-Type': 'application/json', 'Accept': 'application/json', 'Openstack-Api-Version': 'volume 3.14', 'X-Auth-Token': '<omitted>'}
        Body:
     None
    Response - Headers: {'date': 'Tue, 17 Mar 2026 11:04:52 GMT', 'server': 'Apache/2.4.58 (Ubuntu)', 'content-type': 'application/json', 'x-compute-request-id': 'req-8d1cdc49-0a7d-404c-8cc0-4819d413f96f', 'content-length': '392', 'openstack-api-version': 'volume 3.14', 'vary': 'OpenStack-API-Version', 'x-openstack-request-id': 'req-8d1cdc49-0a7d-404c-8cc0-4819d413f96f', 'connection': 'close', 'status': '200', 'content-location': 'http://10.201.9.223/volume/v3/groups/a845490d-7513-4f66-84aa-ac8660dc0e95'}
        Body: b'{"group": {"id": "a845490d-7513-4f66-84aa-ac8660dc0e95", "status": "creating", "availability_zone": "nova", "created_at": "2026-03-17T11:04:53.000000", "name": "tempest-GroupSnapshotsTest-Group-1872480962", "description": null, "group_type": "2a8151d5-0fa6-418d-b60a-aa8aec82cf23", "volume_types": ["dd2b21b1-c857-46d4-90e3-4a961a8e165a"], "group_snapshot_id": null, "source_group_id": null}}'
2026-03-17 11:04:53,691 125212 INFO     [tempest.lib.common.rest_client] Request (GroupSnapshotsTest:test_group_snapshot_create_show_list_delete): 200 GET http://10.201.9.223/volume/v3/groups/a845490d-7513-4f66-84aa-ac8660dc0e95 0.032s
2026-03-17 11:04:53,692 125212 DEBUG    [tempest.lib.common.rest_client] Request - Headers: {'Content-Type': 'application/json', 'Accept': 'application/json', 'Openstack-Api-Version': 'volume 3.14', 'X-Auth-Token': '<omitted>'}
        Body: None
    Response - Headers: {'date': 'Tue, 17 Mar 2026 11:04:53 GMT', 'server': 'Apache/2.4.58 (Ubuntu)', 'content-type': 'application/json', 'x-compute-request-id': 'req-d0e0e140-9df6-4c8c-8577-aa4e45d2ab0a', 'content-length': '389', 'openstack-api-version': 'volume 3.14', 'vary': 'OpenStack-API-Version', 'x-openstack-request-id': 'req-d0e0e140-9df6-4c8c-8577-aa4e45d2ab0a', 'connection': 'close', 'status': '200', 'content-location': 'http://10.201.9.223/volume/v3/groups/a845490d-7513-4f66-84aa-ac8660dc0e95'}
        Body: b'{"group": {"id": "a845490d-7513-4f66-84aa-ac8660dc0e95", "status": "error", "availability_zone": "nova", "created_at": "2026-03-17T11:04:53.000000", "name": "tempest-GroupSnapshotsTest-Group-1872480962", "description": null, "group_type": "2a8151d5-0fa6-418d-b60a-aa8aec82cf23", "volume_types": ["dd2b21b1-c857-46d4-90e3-4a961a8e165a"], "group_snapshot_id": null, "source_group_id": null}}'
2026-03-17 11:04:53,721 125212 INFO     [tempest.lib.common.rest_client] Request (GroupSnapshotsTest:_run_cleanups): 200 GET http://10.201.9.223/volume/v3/volumes/detail 0.024s
2026-03-17 11:04:53,721 125212 DEBUG    [tempest.lib.common.rest_client] Request - Headers: {'Content-Type': 'application/json', 'Accept': 'application/json', 'Openstack-Api-Version': 'volume 3.14', 'X-Auth-Token': '<omitted>'}
        Body: None
    Response - Headers: {'date': 'Tue, 17 Mar 2026 11:04:53 GMT', 'server': 'Apache/2.4.58 (Ubuntu)', 'content-type': 'application/json', 'x-compute-request-id': 'req-e3d62c39-1657-465e-a55d-c1f682e6635c', 'content-length': '15', 'openstack-api-version': 'volume 3.14', 'vary': 'OpenStack-API-Version', 'x-openstack-request-id': 'req-e3d62c39-1657-465e-a55d-c1f682e6635c', 'connection': 'close', 'status': '200', 'content-location': 'http://10.201.9.223/volume/v3/volumes/detail'}
        Body: b'{"volumes": []}'
2026-03-17 11:04:53,776 125212 INFO     [tempest.lib.common.rest_client] Request (GroupSnapshotsTest:_run_cleanups): 202 POST http://10.201.9.223/volume/v3/groups/a845490d-7513-4f66-84aa-ac8660dc0e95/action 0.047s
2026-03-17 11:04:53,776 125212 DEBUG    [tempest.lib.common.rest_client] Request - Headers: {'Content-Type': 'application/json', 'Accept': 'application/json', 'Openstack-Api-Version': 'volume 3.14', 'X-Auth-Token': '<omitted>'}
        Body: {"delete": {"delete-volumes": true}}
    Response - Headers: {'date': 'Tue, 17 Mar 2026 11:04:53 GMT', 'server': 'Apache/2.4.58 (Ubuntu)', 'content-length': '0', 'content-type': 'text/html; charset=UTF-8', 'openstack-api-version': 'volume 3.14', 'vary': 'OpenStack-API-Version', 'x-openstack-request-id': 'req-771595d4-99ef-448e-ba7e-e1dce21cf719', 'connection': 'close', 's
    tatus': '202', 'content-location': 'http://10.201.9.223/volume/v3/groups/a845490d-7513-4f66-84aa-ac8660dc0e95/action'}
        Body: b''
2026-03-17 11:04:53,785 125212 INFO     [tempest.lib.common.rest_client] Request (GroupSnapshotsTest:_run_cleanups): 404 GET http://10.201.9.223/volume/v3/groups/a845490d-7513-4f66-84aa-ac8660dc0e95 0.008s
2026-03-17 11:04:53,785 125212 DEBUG    [tempest.lib.common.rest_client] Request - Headers: {'Content-Type': 'application/json', 'Accept': 'application/json', 'Openstack-Api-Version': 'volume 3.14', 'X-Auth-Token': '<omitted>'}
        Body: None
    Response - Headers: {'date': 'Tue, 17 Mar 2026 11:04:53 GMT', 'server': 'Apache/2.4.58 (Ubuntu)', 'openstack-api-version': 'volume 3.14', 'vary': 'OpenStack-API-Version', 'content-length': '108', 'content-type': 'application/json', 'x-compute-request-id': 'req-08895731-4d5f-450b-addb-629adc8f69d7', 'x-openstack-request-id': 'req-08895731-4d5f-450b-addb-629adc8f69d7', 'connection': 'close', 'status': '404', 'content-location': 'http://10.201.9.223/volume/v3/groups/a845490d-7513-4f66-84aa-ac8660dc0e95'}
        Body: b'{"itemNotFound": {"code": 404, "message": "Group a845490d-7513-4f66-84aa-ac8660dc0e95 could not be found."}}'
2026-03-17 11:04:53,800 125212 INFO     [tempest.lib.common.rest_client] Request (GroupSnapshotsTest:_run_cleanups): 202 DELETE http://10.201.9.223/volume/v3/group_types/2a8151d5-0fa6-418d-b60a-aa8aec82cf23 0.015s
2026-03-17 11:04:53,801 125212 DEBUG    [tempest.lib.common.rest_client] Request - Headers: {'Content-Type': 'application/json', 'Accept': 'application/json', 'Openstack-Api-Version': 'volume 3.14', 'X-Auth-Token': '<omitted>'}
        Body: None
    Response - Headers: {'date': 'Tue, 17 Mar 2026 11:04:53 GMT', 'server': 'Apache/2.4.58 (Ubuntu)', 'content-length': '0', 'content-type': 'text/html; charset=UTF-8', 'openstack-api-version': 'volume 3.14', 'vary': 'OpenStack-API-Version', 'x-openstack-request-id': 'req-526bf26d-ffac-47e3-a08e-8ecd8e413891', 'connection': 'close', 'status': '202', 'content-location': 'http://10.201.9.223/volume/v3/group_types/2a8151d5-0fa6-418d-b60a-aa8aec82cf23'}
        Body: b''
2026-03-17 11:04:53,830 125212 INFO     [tempest.lib.common.rest_client] Request (GroupSnapshotsTest:_run_cleanups): 202 DELETE http://10.201.9.223/volume/v3/types/dd2b21b1-c857-46d4-90e3-4a961a8e165a 0.028s
2026-03-17 11:04:53,830 125212 DEBUG    [tempest.lib.common.rest_client] Request - Headers: {'Content-Type': 'application/json', 'Accept': 'application/json', 'X-Auth-Token': '<omitted>'}
        Body: None
    Response - Headers: {'date': 'Tue, 17 Mar 2026 11:04:53 GMT', 'server': 'Apache/2.4.58 (Ubuntu)', 'content-length': '0', 'content-type': 'text/html; charset=UTF-8', 'openstack-api-version': 'volume 3.0', 'vary': 'OpenStack-API-Version', 'x-openstack-request-id': 'req-cb805e40-64e8-403c-a51f-3e6870bded19', 'connection': 'close', 'status': '202', 'content-location': 'http://10.201.9.223/volume/v3/types/dd2b21b1-c857-46d4-90e3-4a961a8e165a'}
        Body: b''
2026-03-17 11:04:53,844 125212 INFO     [tempest.lib.common.rest_client] Request (GroupSnapshotsTest:_run_cleanups): 404 GET http://10.201.9.223/volume/v3/types/dd2b21b1-c857-46d4-90e3-4a961a8e165a 0.013s
2026-03-17 11:04:53,845 125212 DEBUG    [tempest.lib.common.rest_client] Request - Headers: {'Content-Type': 'application/json', 'Accept': 'application/json', 'X-Auth-Token': '<omitted>'}
        Body: None
    Response - Headers: {'date': 'Tue, 17 Mar 2026 11:04:53 GMT', 'server': 'Apache/2.4.58 (Ubuntu)', 'openstack-api-version': 'volume 3.0', 'vary': 'OpenStack-API-Version', 'content-length': '114', 'content-type': 'application/json', 'x-compute-request-id': 'req-0ccdcac2-9347-44de-ab16-d177f3eef08b', 'x-openstack-request-id': 'req-0ccdcac2-9347-44de-ab16-d177f3eef08b', 'connection': 'close', 'status': '404', 'content-location': 'http://10.201.9.223/volume/v3/types/dd2b21b1-c857-46d4-90e3-4a961a8e165a'}
        Body: b'{"itemNotFound": {"code": 404, "message": "Volume type dd2b21b1-c857-46d4-90e3-4a961a8e165a could not be found."}}'


tempest.api.volume.******.test_group_snapshots.GroupSnapshotsV319Test.test_reset_group_snapshot_status[id-3b42c9b9-c984-4444-816e-ca2e1ed30b40]
----------------------------------------------------------------------------------------------------------------------------------------------

Captured traceback:
~~~~~~~~~~~~~~~~~~~
    Traceback (most recent call last):

      File "/opt/stack/tempest/tempest/api/volume/******/test_group_snapshots.py", line 293, in test_reset_group_snapshot_status
    group = self.create_group(group_type=group_type['id'],
            ^^^^^^^^^^^^^^^^^^^^^^^^^^^^^^^^^^^^^^^^^^^^^^

      File "/opt/stack/tempest/tempest/api/volume/base.py", line 293, in create_group
    waiters.wait_for_volume_resource_status(

      File "/opt/stack/tempest/tempest/common/waiters.py", line 379, in wait_for_volume_resource_status
    raise exceptions.VolumeResourceBuildErrorException(

    tempest.exceptions.VolumeResourceBuildErrorException: group 38ab570b-8a0c-46a2-891f-63ebceb1d88b failed to build and is in ERROR status


Captured pythonlogging:
~~~~~~~~~~~~~~~~~~~~~~~
    2026-03-17 11:04:55,808 125212 INFO     [tempest.lib.common.rest_client] Request (GroupSnapshotsV319Test:test_reset_group_snapshot_status): 200 POST http://10.201.9.223/volume/v3/types 0.103s
2026-03-17 11:04:55,808 125212 DEBUG    [tempest.lib.common.rest_client] Request - Headers: {'Content-Type': 'application/json', 'Accept': 'application/json', 'X-Auth-Token': '<omitted>'}
        Body: {"volume_type": {"name": "tempest-GroupSnapshotsV319Test-volume-type-1483800693"}}
    Response - Headers: {'date': 'Tue, 17 Mar 2026 11:04:55 GMT', 'server': 'Apache/2.4.58 (Ubuntu)', 'content-type': 'application/json', 'x-compute-request-id': 'req-12d3ccc7-c433-44cd-9aa0-021a74cd82bd', 'content-length': '228', 'openstack-api-version': 'volume 3.0', 'vary': 'OpenStack-API-Version', 'x-openstack-request-id': 'req-12d3ccc7-c433-44cd-9aa0-021a74cd82bd', 'connection': 'close', 'status': '200', 'content-location': 'http://10.201.9.223/volume/v3/types'}
        Body: b'{"volume_type": {"id": "bcd3cf9e-bf62-474a-ba33-e51849005a31", "name": "tempest-GroupSnapshotsV319Test-volume-type-1483800693", "is_public": true, "extra_specs": {}, "description": null, "os-volume-type-access:is_public": true}}'
2026-03-17 11:04:55,833 125212 INFO     [tempest.lib.common.rest_client] Request (GroupSnapshotsV319Test:test_reset_group_snapshot_status): 202 POST http://10.201.9.223/volume/v3/group_types 0.020s
2026-03-17 11:04:55,833 125212 DEBUG    [tempest.lib.common.rest_client] Request - Headers: {'Content-Type': 'application/json', 'Accept': 'application/json', 'Openstack-Api-Version': 'volume 3.19', 'X-Auth-Token': '<omitted>'}
        Body: {"group_type": {"name": "tempest-GroupSnapshotsV319Test-group-type-1960106350"}}
    Response - Headers: {'date': 'Tue, 17 Mar 2026 11:04:55 GMT', 'server': 'Apache/2.4.58 (Ubuntu)', 'content-type': 'application/json', 'x-compute-request-id': 'req-d368e3e7-6a54-4c0e-a311-cc198d7b571e', 'content-length': '185', 'openstack-api-version': 'volume 3.19', 'vary': 'OpenStack-API-Version', 'x-openstack-request-id': 'req-d368e3e7-6a54-4c0e-a311-cc198d7b571e', 'connection': 'close', 'status': '202', 'content-location': 'http://10.201.9.223/volume/v3/group_types'}
        Body: b'{"group_type": {"id": "f011e10c-2cb2-49fc-ac27-c4709da80e0e", "name": "tempest-GroupSnapshotsV319Test-group-type-1960106350", "description": null, "is_public": true, "group_specs": {}}}'
2026-03-17 11:04:55,961 125212 INFO     [tempest.lib.common.rest_client] Request (GroupSnapshotsV319Test:test_reset_group_snapshot_status): 202 POST http://10.201.9.223/volume/v3/groups 0.126s
2026-03-17 11:04:55,961 125212 DEBUG    [tempest.lib.common.rest_client] Request - Headers: {'Content-Type': 'application/json', 'Accept': 'application/json', 'Openstack-Api-Version': 'volume 3.19', 'X-Auth-Token': '<omitted>'}
        Body: {"group": {"group_type": "f011e10c-2cb2-49fc-ac27-c4709da80e0e", "volume_types": ["bcd3cf9e-bf62-474a-ba33-e51849005a31"], "name": "tempest-GroupSnapshotsV319Test-Group-2123589396"}}
    Response - Headers: {'date': 'Tue, 17 Mar 2026 11:04:55 GMT', 'server': 'Apache/2.4.58 (Ubuntu)', 'content-type': 'application/json', 'x-compute-request-id': 'req-0323761e-bd3d-4e3f-ab87-cc184e3a7d51', 'content-length': '116', 'openstack-api-version': 'volume 3.19', 'vary': 'OpenStack-API-Version', 'x-openstack-request-id': 'req-0323761e-bd3d-4e3f-ab87-cc184e3a7d51', 'connection': 'close', 'status': '202', 'content-location': 'http://10.201.9.223/volume/v3/groups'}
        Body: b'{"group": {"id": "38ab570b-8a0c-46a2-891f-63ebceb1d88b", "name": "tempest-GroupSnapshotsV319Test-Group-2123589396"}}'
2026-03-17 11:04:55,980 125212 INFO     [tempest.lib.common.rest_client] Request (GroupSnapshotsV319Test:test_reset_group_snapshot_status): 200 GET http://10.201.9.223/volume/v3/groups/38ab570b-8a0c-46a2-891f-63ebceb1d88b 0.017s
2026-03-17 11:04:55,981 125212 DEBUG    [tempest.lib.common.rest_client] Request - Headers: {'Content-Type': 'application/json', 'Accept': 'application/json', 'Openstack-Api-Version': 'volume 3.19', 'X-Auth-Token': '<omitted>'}
        Body: N
    one
    Response - Headers: {'date': 'Tue, 17 Mar 2026 11:04:55 GMT', 'server': 'Apache/2.4.58 (Ubuntu)', 'content-type': 'application/json', 'x-compute-request-id': 'req-d9c073b5-adee-4ab9-8cb7-5892eb978897', 'content-length': '396', 'openstack-api-version': 'volume 3.19', 'vary': 'OpenStack-API-Version', 'x-openstack-request-id': 'req-d9c073b5-adee-4ab9-8cb7-5892eb978897', 'connection': 'close', 'status': '200', 'content-location': 'http://10.201.9.223/volume/v3/groups/38ab570b-8a0c-46a2-891f-63ebceb1d88b'}
        Body: b'{"group": {"id": "38ab570b-8a0c-46a2-891f-63ebceb1d88b", "status": "creating", "availability_zone": "nova", "created_at": "2026-03-17T11:04:56.000000", "name": "tempest-GroupSnapshotsV319Test-Group-2123589396", "description": null, "group_type": "f011e10c-2cb2-49fc-ac27-c4709da80e0e", "volume_types": ["bcd3cf9e-bf62-474a-ba33-e51849005a31"], "group_snapshot_id": null, "source_group_id": null}}'
2026-03-17 11:04:57,017 125212 INFO     [tempest.lib.common.rest_client] Request (GroupSnapshotsV319Test:test_reset_group_snapshot_status): 200 GET http://10.201.9.223/volume/v3/groups/38ab570b-8a0c-46a2-891f-63ebceb1d88b 0.033s
2026-03-17 11:04:57,017 125212 DEBUG    [tempest.lib.common.rest_client] Request - Headers: {'Content-Type': 'application/json', 'Accept': 'application/json', 'Openstack-Api-Version': 'volume 3.19', 'X-Auth-Token': '<omitted>'}
        Body: None
    Response - Headers: {'date': 'Tue, 17 Mar 2026 11:04:56 GMT', 'server': 'Apache/2.4.58 (Ubuntu)', 'content-type': 'application/json', 'x-compute-request-id': 'req-703ca38f-bfa3-4c77-b703-e36dec5c3c3a', 'content-length': '393', 'openstack-api-version': 'volume 3.19', 'vary': 'OpenStack-API-Version', 'x-openstack-request-id': 'req-703ca38f-bfa3-4c77-b703-e36dec5c3c3a', 'connection': 'close', 'status': '200', 'content-location': 'http://10.201.9.223/volume/v3/groups/38ab570b-8a0c-46a2-891f-63ebceb1d88b'}
        Body: b'{"group": {"id": "38ab570b-8a0c-46a2-891f-63ebceb1d88b", "status": "error", "availability_zone": "nova", "created_at": "2026-03-17T11:04:56.000000", "name": "tempest-GroupSnapshotsV319Test-Group-2123589396", "description": null, "group_type": "f011e10c-2cb2-49fc-ac27-c4709da80e0e", "volume_types": ["bcd3cf9e-bf62-474a-ba33-e51849005a31"], "group_snapshot_id": null, "source_group_id": null}}'
2026-03-17 11:04:57,047 125212 INFO     [tempest.lib.common.rest_client] Request (GroupSnapshotsV319Test:_run_cleanups): 200 GET http://10.201.9.223/volume/v3/volumes/detail 0.024s
2026-03-17 11:04:57,047 125212 DEBUG    [tempest.lib.common.rest_client] Request - Headers: {'Content-Type': 'application/json', 'Accept': 'application/json', 'Openstack-Api-Version': 'volume 3.19', 'X-Auth-Token': '<omitted>'}
        Body: None
    Response - Headers: {'date': 'Tue, 17 Mar 2026 11:04:57 GMT', 'server': 'Apache/2.4.58 (Ubuntu)', 'content-type': 'application/json', 'x-compute-request-id': 'req-699c787f-eec7-4a9b-a43e-e6d915c7fc18', 'content-length': '15', 'openstack-api-version': 'volume 3.19', 'vary': 'OpenStack-API-Version', 'x-openstack-request-id': 'req-699c787f-eec7-4a9b-a43e-e6d915c7fc18', 'connection': 'close', 'status': '200', 'content-location': 'http://10.201.9.223/volume/v3/volumes/detail'}
        Body: b'{"volumes": []}'
2026-03-17 11:04:57,106 125212 INFO     [tempest.lib.common.rest_client] Request (GroupSnapshotsV319Test:_run_cleanups): 202 POST http://10.201.9.223/volume/v3/groups/38ab570b-8a0c-46a2-891f-63ebceb1d88b/action 0.046s
2026-03-17 11:04:57,106 125212 DEBUG    [tempest.lib.common.rest_client] Request - Headers: {'Content-Type': 'application/json', 'Accept': 'application/json', 'Openstack-Api-Version': 'volume 3.19', 'X-Auth-Token': '<omitted>'}
        Body: {"delete": {"delete-volumes": true}}
    Response - Headers: {'date': 'Tue, 17 Mar 2026 11:04:57 GMT', 'server': 'Apache/2.4.58 (Ubuntu)', 'content-length': '0', 'content-type': 'text/html; charset=UTF-8', 'openstack-api-version': 'volume 3.19', 'vary': 'OpenStack-API-Version', 'x-openstack-request-id': 'req-7571efd7-826c-4d45-9070-19999227fc82', 'connection': 'clo
    se', 'status': '202', 'content-location': 'http://10.201.9.223/volume/v3/groups/38ab570b-8a0c-46a2-891f-63ebceb1d88b/action'}
        Body: b''
2026-03-17 11:04:57,122 125212 INFO     [tempest.lib.common.rest_client] Request (GroupSnapshotsV319Test:_run_cleanups): 404 GET http://10.201.9.223/volume/v3/groups/38ab570b-8a0c-46a2-891f-63ebceb1d88b 0.015s
2026-03-17 11:04:57,123 125212 DEBUG    [tempest.lib.common.rest_client] Request - Headers: {'Content-Type': 'application/json', 'Accept': 'application/json', 'Openstack-Api-Version': 'volume 3.19', 'X-Auth-Token': '<omitted>'}
        Body: None
    Response - Headers: {'date': 'Tue, 17 Mar 2026 11:04:57 GMT', 'server': 'Apache/2.4.58 (Ubuntu)', 'openstack-api-version': 'volume 3.19', 'vary': 'OpenStack-API-Version', 'content-length': '108', 'content-type': 'application/json', 'x-compute-request-id': 'req-ea0dd063-7b53-4160-9704-0c57c4a44811', 'x-openstack-request-id': 'req-ea0dd063-7b53-4160-9704-0c57c4a44811', 'connection': 'close', 'status': '404', 'content-location': 'http://10.201.9.223/volume/v3/groups/38ab570b-8a0c-46a2-891f-63ebceb1d88b'}
        Body: b'{"itemNotFound": {"code": 404, "message": "Group 38ab570b-8a0c-46a2-891f-63ebceb1d88b could not be found."}}'
2026-03-17 11:04:57,142 125212 INFO     [tempest.lib.common.rest_client] Request (GroupSnapshotsV319Test:_run_cleanups): 202 DELETE http://10.201.9.223/volume/v3/group_types/f011e10c-2cb2-49fc-ac27-c4709da80e0e 0.018s
2026-03-17 11:04:57,142 125212 DEBUG    [tempest.lib.common.rest_client] Request - Headers: {'Content-Type': 'application/json', 'Accept': 'application/json', 'Openstack-Api-Version': 'volume 3.19', 'X-Auth-Token': '<omitted>'}
        Body: None
    Response - Headers: {'date': 'Tue, 17 Mar 2026 11:04:57 GMT', 'server': 'Apache/2.4.58 (Ubuntu)', 'content-length': '0', 'content-type': 'text/html; charset=UTF-8', 'openstack-api-version': 'volume 3.19', 'vary': 'OpenStack-API-Version', 'x-openstack-request-id': 'req-081b3208-7d71-4575-9ab6-e5fe72c22cc9', 'connection': 'close', 'status': '202', 'content-location': 'http://10.201.9.223/volume/v3/group_types/f011e10c-2cb2-49fc-ac27-c4709da80e0e'}
        Body: b''
2026-03-17 11:04:57,172 125212 INFO     [tempest.lib.common.rest_client] Request (GroupSnapshotsV319Test:_run_cleanups): 202 DELETE http://10.201.9.223/volume/v3/types/bcd3cf9e-bf62-474a-ba33-e51849005a31 0.029s
2026-03-17 11:04:57,173 125212 DEBUG    [tempest.lib.common.rest_client] Request - Headers: {'Content-Type': 'application/json', 'Accept': 'application/json', 'X-Auth-Token': '<omitted>'}
        Body: None
    Response - Headers: {'date': 'Tue, 17 Mar 2026 11:04:57 GMT', 'server': 'Apache/2.4.58 (Ubuntu)', 'content-length': '0', 'content-type': 'text/html; charset=UTF-8', 'openstack-api-version': 'volume 3.0', 'vary': 'OpenStack-API-Version', 'x-openstack-request-id': 'req-519114ad-258d-4d54-9e5e-c1f2d800bb70', 'connection': 'close', 'status': '202', 'content-location': 'http://10.201.9.223/volume/v3/types/bcd3cf9e-bf62-474a-ba33-e51849005a31'}
        Body: b''
2026-03-17 11:04:57,186 125212 INFO     [tempest.lib.common.rest_client] Request (GroupSnapshotsV319Test:_run_cleanups): 404 GET http://10.201.9.223/volume/v3/types/bcd3cf9e-bf62-474a-ba33-e51849005a31 0.012s
2026-03-17 11:04:57,186 125212 DEBUG    [tempest.lib.common.rest_client] Request - Headers: {'Content-Type': 'application/json', 'Accept': 'application/json', 'X-Auth-Token': '<omitted>'}
        Body: None
    Response - Headers: {'date': 'Tue, 17 Mar 2026 11:04:57 GMT', 'server': 'Apache/2.4.58 (Ubuntu)', 'openstack-api-version': 'volume 3.0', 'vary': 'OpenStack-API-Version', 'content-length': '114', 'content-type': 'application/json', 'x-compute-request-id': 'req-1a98c467-92db-41bd-bde6-99c30e21fc76', 'x-openstack-request-id': 'req-1a98c467-92db-41bd-bde6-99c30e21fc76', 'connection': 'close', 'status': '404', 'content-location': 'http://10.201.9.223/volume/v3/types/bcd3cf9e-bf62-474a-ba33-e51849005a31'}
        Body: b'{"itemNotFound": {"code": 404, "message": "Volume type bcd3cf9e-bf62-474a-ba33-e51849005a31 coul
    d not be found."}}'


tempest.api.volume.******.test_groups.GroupsTest.test_group_create_show_list_delete[id-4b111d28-b73d-4908-9bd2-03dc2992e4d4]
---------------------------------------------------------------------------------------------------------------------------

Captured traceback:
~~~~~~~~~~~~~~~~~~~
    Traceback (most recent call last):

      File "/opt/stack/tempest/tempest/api/volume/******/test_groups.py", line 43, in test_group_create_show_list_delete
    grp1 = self.create_group(group_type=group_type['id'],
           ^^^^^^^^^^^^^^^^^^^^^^^^^^^^^^^^^^^^^^^^^^^^^^

      File "/opt/stack/tempest/tempest/api/volume/base.py", line 293, in create_group
    waiters.wait_for_volume_resource_status(

      File "/opt/stack/tempest/tempest/common/waiters.py", line 379, in wait_for_volume_resource_status
    raise exceptions.VolumeResourceBuildErrorException(

    tempest.exceptions.VolumeResourceBuildErrorException: group c5ad301f-9dc1-4543-a335-fb06faa0aa21 failed to build and is in ERROR status


Captured pythonlogging:
~~~~~~~~~~~~~~~~~~~~~~~
    2026-03-17 11:05:03,352 125212 INFO     [tempest.lib.common.rest_client] Request (GroupsTest:test_group_create_show_list_delete): 200 POST http://10.201.9.223/volume/v3/types 0.068s
2026-03-17 11:05:03,352 125212 DEBUG    [tempest.lib.common.rest_client] Request - Headers: {'Content-Type': 'application/json', 'Accept': 'application/json', 'X-Auth-Token': '<omitted>'}
        Body: {"volume_type": {"name": "tempest-GroupsTest-volume-type-1732938509"}}
    Response - Headers: {'date': 'Tue, 17 Mar 2026 11:05:03 GMT', 'server': 'Apache/2.4.58 (Ubuntu)', 'content-type': 'application/json', 'x-compute-request-id': 'req-039d7f70-7a8f-416f-9fae-5f2c5eed6064', 'content-length': '216', 'openstack-api-version': 'volume 3.0', 'vary': 'OpenStack-API-Version', 'x-openstack-request-id': 'req-039d7f70-7a8f-416f-9fae-5f2c5eed6064', 'connection': 'close', 'status': '200', 'content-location': 'http://10.201.9.223/volume/v3/types'}
        Body: b'{"volume_type": {"id": "2e6a9d41-159d-4617-b711-ff5c48790ea8", "name": "tempest-GroupsTest-volume-type-1732938509", "is_public": true, "extra_specs": {}, "description": null, "os-volume-type-access:is_public": true}}'
2026-03-17 11:05:03,379 125212 INFO     [tempest.lib.common.rest_client] Request (GroupsTest:test_group_create_show_list_delete): 202 POST http://10.201.9.223/volume/v3/group_types 0.024s
2026-03-17 11:05:03,380 125212 DEBUG    [tempest.lib.common.rest_client] Request - Headers: {'Content-Type': 'application/json', 'Accept': 'application/json', 'Openstack-Api-Version': 'volume 3.13', 'X-Auth-Token': '<omitted>'}
        Body: {"group_type": {"name": "tempest-GroupsTest-group-type-54181224"}}
    Response - Headers: {'date': 'Tue, 17 Mar 2026 11:05:03 GMT', 'server': 'Apache/2.4.58 (Ubuntu)', 'content-type': 'application/json', 'x-compute-request-id': 'req-f17c33e0-cbe4-4c88-a128-b89a7bd1df9f', 'content-length': '171', 'openstack-api-version': 'volume 3.13', 'vary': 'OpenStack-API-Version', 'x-openstack-request-id': 'req-f17c33e0-cbe4-4c88-a128-b89a7bd1df9f', 'connection': 'close', 'status': '202', 'content-location': 'http://10.201.9.223/volume/v3/group_types'}
        Body: b'{"group_type": {"id": "2a7bf914-d613-4c0f-ab28-a7de4b5e9f83", "name": "tempest-GroupsTest-group-type-54181224", "description": null, "is_public": true, "group_specs": {}}}'
2026-03-17 11:05:03,506 125212 INFO     [tempest.lib.common.rest_client] Request (GroupsTest:test_group_create_show_list_delete): 202 POST http://10.201.9.223/volume/v3/groups 0.124s
2026-03-17 11:05:03,506 125212 DEBUG    [tempest.lib.common.rest_client] Request - Headers: {'Content-Type': 'application/json', 'Accept': 'application/json', 'Openstack-Api-Version': 'volume 3.13', 'X-Auth-Token': '<omitted>'}
        Body: {"group": {"group_type": "2a7bf914-d613-4c0f-ab28-a7de4b5e9f83", "volume_types": ["2e6a9d41-159d-4617-b711-ff5c48790ea8"], "name": "tempest-Group1-1864935000"}}
    Response - Headers: {'date': 'Tue, 17 Mar 2026 11:05:03 GMT', 'server': 'Apache/2.4.58 (Ubuntu)', 'content-type': 'application/json', 'x-compute-request-id': 'req-a83756bd-7ef5-4ed4-8121-40b43117bab3', 'content-length': '94', 'openstack-api-version': 'volume 3.13', 'vary': 'OpenStack-API-Version', 'x-openstack-request-id': 'req-a83756bd-7ef5-4ed4-8121-40b43117bab3', 'connection': 'close', 'status': '202', 'content-location': 'http://10.201.9.223/volume/v3/groups'}
        Body: b'{"group": {"id": "c5ad301f-9dc1-4543-a335-fb06faa0aa21", "name": "tempest-Group1-1864935000"}}'
2026-03-17 11:05:03,529 125212 INFO     [tempest.lib.common.rest_client] Request (GroupsTest:test_group_create_show_list_delete): 200 GET http://10.201.9.223/volume/v3/groups/c5ad301f-9dc1-4543-a335-fb06faa0aa21 0.020s
2026-03-17 11:05:03,529 125212 DEBUG    [tempest.lib.common.rest_client] Request - Headers: {'Content-Type': 'application/json', 'Accept': 'application/json', 'Openstack-Api-Version': 'volume 3.13', 'X-Auth-Token': '<omitted>'}
        Body: None
    Response - Headers: {'date': 'Tue, 17 Mar 2026 11:05:03 GMT', 'server': 'Apache/2.4.58 (Ubuntu)', 'content-type': 'application/js
    on', 'x-compute-request-id': 'req-10bd9d51-49d8-482a-97f2-1c5fdafe54a5', 'content-length': '322', 'openstack-api-version': 'volume 3.13', 'vary': 'OpenStack-API-Version', 'x-openstack-request-id': 'req-10bd9d51-49d8-482a-97f2-1c5fdafe54a5', 'connection': 'close', 'status': '200', 'content-location': 'http://10.201.9.223/volume/v3/groups/c5ad301f-9dc1-4543-a335-fb06faa0aa21'}
        Body: b'{"group": {"id": "c5ad301f-9dc1-4543-a335-fb06faa0aa21", "status": "creating", "availability_zone": "nova", "created_at": "2026-03-17T11:05:03.000000", "name": "tempest-Group1-1864935000", "description": null, "group_type": "2a7bf914-d613-4c0f-ab28-a7de4b5e9f83", "volume_types": ["2e6a9d41-159d-4617-b711-ff5c48790ea8"]}}'
2026-03-17 11:05:04,561 125212 INFO     [tempest.lib.common.rest_client] Request (GroupsTest:test_group_create_show_list_delete): 200 GET http://10.201.9.223/volume/v3/groups/c5ad301f-9dc1-4543-a335-fb06faa0aa21 0.030s
2026-03-17 11:05:04,562 125212 DEBUG    [tempest.lib.common.rest_client] Request - Headers: {'Content-Type': 'application/json', 'Accept': 'application/json', 'Openstack-Api-Version': 'volume 3.13', 'X-Auth-Token': '<omitted>'}
        Body: None
    Response - Headers: {'date': 'Tue, 17 Mar 2026 11:05:04 GMT', 'server': 'Apache/2.4.58 (Ubuntu)', 'content-type': 'application/json', 'x-compute-request-id': 'req-14411874-6777-4576-adaa-8fba749674de', 'content-length': '319', 'openstack-api-version': 'volume 3.13', 'vary': 'OpenStack-API-Version', 'x-openstack-request-id': 'req-14411874-6777-4576-adaa-8fba749674de', 'connection': 'close', 'status': '200', 'content-location': 'http://10.201.9.223/volume/v3/groups/c5ad301f-9dc1-4543-a335-fb06faa0aa21'}
        Body: b'{"group": {"id": "c5ad301f-9dc1-4543-a335-fb06faa0aa21", "status": "error", "availability_zone": "nova", "created_at": "2026-03-17T11:05:03.000000", "name": "tempest-Group1-1864935000", "description": null, "group_type": "2a7bf914-d613-4c0f-ab28-a7de4b5e9f83", "volume_types": ["2e6a9d41-159d-4617-b711-ff5c48790ea8"]}}'
2026-03-17 11:05:04,584 125212 INFO     [tempest.lib.common.rest_client] Request (GroupsTest:_run_cleanups): 200 GET http://10.201.9.223/volume/v3/volumes/detail 0.016s
2026-03-17 11:05:04,584 125212 DEBUG    [tempest.lib.common.rest_client] Request - Headers: {'Content-Type': 'application/json', 'Accept': 'application/json', 'Openstack-Api-Version': 'volume 3.13', 'X-Auth-Token': '<omitted>'}
        Body: None
    Response - Headers: {'date': 'Tue, 17 Mar 2026 11:05:04 GMT', 'server': 'Apache/2.4.58 (Ubuntu)', 'content-type': 'application/json', 'x-compute-request-id': 'req-8e4228dd-d5d9-4fff-a6bd-dfa8d23017a0', 'content-length': '15', 'openstack-api-version': 'volume 3.13', 'vary': 'OpenStack-API-Version', 'x-openstack-request-id': 'req-8e4228dd-d5d9-4fff-a6bd-dfa8d23017a0', 'connection': 'close', 'status': '200', 'content-location': 'http://10.201.9.223/volume/v3/volumes/detail'}
        Body: b'{"volumes": []}'
2026-03-17 11:05:04,629 125212 INFO     [tempest.lib.common.rest_client] Request (GroupsTest:_run_cleanups): 202 POST http://10.201.9.223/volume/v3/groups/c5ad301f-9dc1-4543-a335-fb06faa0aa21/action 0.040s
2026-03-17 11:05:04,629 125212 DEBUG    [tempest.lib.common.rest_client] Request - Headers: {'Content-Type': 'application/json', 'Accept': 'application/json', 'Openstack-Api-Version': 'volume 3.13', 'X-Auth-Token': '<omitted>'}
        Body: {"delete": {"delete-volumes": true}}
    Response - Headers: {'date': 'Tue, 17 Mar 2026 11:05:04 GMT', 'server': 'Apache/2.4.58 (Ubuntu)', 'content-length': '0', 'content-type': 'text/html; charset=UTF-8', 'openstack-api-version': 'volume 3.13', 'vary': 'OpenStack-API-Version', 'x-openstack-request-id': 'req-5814e125-26c6-4ff8-96c4-5a460c5f2817', 'connection': 'close', 'status': '202', 'content-location': 'http://10.201.9.223/volume/v3/groups/c5ad301f-9dc1-4543-a335-fb06faa0aa21/action'}
        Body: b''
2026-03-17 11:05:04,640 125212 INFO     [tempest.lib.common.rest_client] Request (GroupsTest:_run_cleanups): 404 GET http://10.201.9.223/volume/v3/groups/c5ad301f-9dc1-4543-a3
    35-fb06faa0aa21 0.010s
2026-03-17 11:05:04,640 125212 DEBUG    [tempest.lib.common.rest_client] Request - Headers: {'Content-Type': 'application/json', 'Accept': 'application/json', 'Openstack-Api-Version': 'volume 3.13', 'X-Auth-Token': '<omitted>'}
        Body: None
    Response - Headers: {'date': 'Tue, 17 Mar 2026 11:05:04 GMT', 'server': 'Apache/2.4.58 (Ubuntu)', 'openstack-api-version': 'volume 3.13', 'vary': 'OpenStack-API-Version', 'content-length': '108', 'content-type': 'application/json', 'x-compute-request-id': 'req-0161fb5e-fbf7-4ea4-8638-295791265537', 'x-openstack-request-id': 'req-0161fb5e-fbf7-4ea4-8638-295791265537', 'connection': 'close', 'status': '404', 'content-location': 'http://10.201.9.223/volume/v3/groups/c5ad301f-9dc1-4543-a335-fb06faa0aa21'}
        Body: b'{"itemNotFound": {"code": 404, "message": "Group c5ad301f-9dc1-4543-a335-fb06faa0aa21 could not be found."}}'
2026-03-17 11:05:04,656 125212 INFO     [tempest.lib.common.rest_client] Request (GroupsTest:_run_cleanups): 202 DELETE http://10.201.9.223/volume/v3/group_types/2a7bf914-d613-4c0f-ab28-a7de4b5e9f83 0.015s
2026-03-17 11:05:04,656 125212 DEBUG    [tempest.lib.common.rest_client] Request - Headers: {'Content-Type': 'application/json', 'Accept': 'application/json', 'Openstack-Api-Version': 'volume 3.13', 'X-Auth-Token': '<omitted>'}
        Body: None
    Response - Headers: {'date': 'Tue, 17 Mar 2026 11:05:04 GMT', 'server': 'Apache/2.4.58 (Ubuntu)', 'content-length': '0', 'content-type': 'text/html; charset=UTF-8', 'openstack-api-version': 'volume 3.13', 'vary': 'OpenStack-API-Version', 'x-openstack-request-id': 'req-42e41197-096a-4739-8c5b-cf87ba44a56a', 'connection': 'close', 'status': '202', 'content-location': 'http://10.201.9.223/volume/v3/group_types/2a7bf914-d613-4c0f-ab28-a7de4b5e9f83'}
        Body: b''
2026-03-17 11:05:04,680 125212 INFO     [tempest.lib.common.rest_client] Request (GroupsTest:_run_cleanups): 202 DELETE http://10.201.9.223/volume/v3/types/2e6a9d41-159d-4617-b711-ff5c48790ea8 0.024s
2026-03-17 11:05:04,680 125212 DEBUG    [tempest.lib.common.rest_client] Request - Headers: {'Content-Type': 'application/json', 'Accept': 'application/json', 'X-Auth-Token': '<omitted>'}
        Body: None
    Response - Headers: {'date': 'Tue, 17 Mar 2026 11:05:04 GMT', 'server': 'Apache/2.4.58 (Ubuntu)', 'content-length': '0', 'content-type': 'text/html; charset=UTF-8', 'openstack-api-version': 'volume 3.0', 'vary': 'OpenStack-API-Version', 'x-openstack-request-id': 'req-3d8d9be2-4f61-404f-a67a-549e66245509', 'connection': 'close', 'status': '202', 'content-location': 'http://10.201.9.223/volume/v3/types/2e6a9d41-159d-4617-b711-ff5c48790ea8'}
        Body: b''
2026-03-17 11:05:04,693 125212 INFO     [tempest.lib.common.rest_client] Request (GroupsTest:_run_cleanups): 404 GET http://10.201.9.223/volume/v3/types/2e6a9d41-159d-4617-b711-ff5c48790ea8 0.012s
2026-03-17 11:05:04,693 125212 DEBUG    [tempest.lib.common.rest_client] Request - Headers: {'Content-Type': 'application/json', 'Accept': 'application/json', 'X-Auth-Token': '<omitted>'}
        Body: None
    Response - Headers: {'date': 'Tue, 17 Mar 2026 11:05:04 GMT', 'server': 'Apache/2.4.58 (Ubuntu)', 'openstack-api-version': 'volume 3.0', 'vary': 'OpenStack-API-Version', 'content-length': '114', 'content-type': 'application/json', 'x-compute-request-id': 'req-db27fcb7-8f24-40fd-8178-052cf78281f4', 'x-openstack-request-id': 'req-db27fcb7-8f24-40fd-8178-052cf78281f4', 'connection': 'close', 'status': '404', 'content-location': 'http://10.201.9.223/volume/v3/types/2e6a9d41-159d-4617-b711-ff5c48790ea8'}
        Body: b'{"itemNotFound": {"code": 404, "message": "Volume type 2e6a9d41-159d-4617-b711-ff5c48790ea8 could not be found."}}'


tempest.api.volume.******.test_groups.GroupsTest.test_group_update[id-4a8a6fd2-8b3b-4641-8f54-6a6f99320006]
----------------------------------------------------------------------------------------------------------

Captured traceback:
~~~~~~~~~~~~~~~~~~~
    Traceback (most recent call last):

      File "/opt/stack/tempest/tempest/api/volume/******/test_groups.py", line 111, in test_group_update
    grp = self.create_group(group_type=group_type['id'],
          ^^^^^^^^^^^^^^^^^^^^^^^^^^^^^^^^^^^^^^^^^^^^^^

      File "/opt/stack/tempest/tempest/api/volume/base.py", line 293, in create_group
    waiters.wait_for_volume_resource_status(

      File "/opt/stack/tempest/tempest/common/waiters.py", line 379, in wait_for_volume_resource_status
    raise exceptions.VolumeResourceBuildErrorException(

    tempest.exceptions.VolumeResourceBuildErrorException: group aa1446e7-7644-4281-9332-30b670d1d74f failed to build and is in ERROR status


Captured pythonlogging:
~~~~~~~~~~~~~~~~~~~~~~~
    2026-03-17 11:05:04,710 125212 INFO     [tempest.lib.common.rest_client] Request (GroupsTest:test_group_update): 200 POST http://10.201.9.223/volume/v3/types 0.015s
2026-03-17 11:05:04,710 125212 DEBUG    [tempest.lib.common.rest_client] Request - Headers: {'Content-Type': 'application/json', 'Accept': 'application/json', 'X-Auth-Token': '<omitted>'}
        Body: {"volume_type": {"name": "tempest-GroupsTest-volume-type-1559442602"}}
    Response - Headers: {'date': 'Tue, 17 Mar 2026 11:05:04 GMT', 'server': 'Apache/2.4.58 (Ubuntu)', 'content-type': 'application/json', 'x-compute-request-id': 'req-667bc4c8-d8db-40c1-abb7-5b1145f62bff', 'content-length': '216', 'openstack-api-version': 'volume 3.0', 'vary': 'OpenStack-API-Version', 'x-openstack-request-id': 'req-667bc4c8-d8db-40c1-abb7-5b1145f62bff', 'connection': 'close', 'status': '200', 'content-location': 'http://10.201.9.223/volume/v3/types'}
        Body: b'{"volume_type": {"id": "5142c156-5517-42ab-9f02-160e29ce14ed", "name": "tempest-GroupsTest-volume-type-1559442602", "is_public": true, "extra_specs": {}, "description": null, "os-volume-type-access:is_public": true}}'
2026-03-17 11:05:04,726 125212 INFO     [tempest.lib.common.rest_client] Request (GroupsTest:test_group_update): 202 POST http://10.201.9.223/volume/v3/group_types 0.015s
2026-03-17 11:05:04,726 125212 DEBUG    [tempest.lib.common.rest_client] Request - Headers: {'Content-Type': 'application/json', 'Accept': 'application/json', 'Openstack-Api-Version': 'volume 3.13', 'X-Auth-Token': '<omitted>'}
        Body: {"group_type": {"name": "tempest-GroupsTest-group-type-1189124870"}}
    Response - Headers: {'date': 'Tue, 17 Mar 2026 11:05:04 GMT', 'server': 'Apache/2.4.58 (Ubuntu)', 'content-type': 'application/json', 'x-compute-request-id': 'req-1fa84057-5563-4912-9442-b4adffbb9c58', 'content-length': '173', 'openstack-api-version': 'volume 3.13', 'vary': 'OpenStack-API-Version', 'x-openstack-request-id': 'req-1fa84057-5563-4912-9442-b4adffbb9c58', 'connection': 'close', 'status': '202', 'content-location': 'http://10.201.9.223/volume/v3/group_types'}
        Body: b'{"group_type": {"id": "2c2f1ac5-c8b9-4f99-9914-d4c91e283f68", "name": "tempest-GroupsTest-group-type-1189124870", "description": null, "is_public": true, "group_specs": {}}}'
2026-03-17 11:05:04,770 125212 INFO     [tempest.lib.common.rest_client] Request (GroupsTest:test_group_update): 202 POST http://10.201.9.223/volume/v3/groups 0.042s
2026-03-17 11:05:04,770 125212 DEBUG    [tempest.lib.common.rest_client] Request - Headers: {'Content-Type': 'application/json', 'Accept': 'application/json', 'Openstack-Api-Version': 'volume 3.13', 'X-Auth-Token': '<omitted>'}
        Body: {"group": {"group_type": "2c2f1ac5-c8b9-4f99-9914-d4c91e283f68", "volume_types": ["5142c156-5517-42ab-9f02-160e29ce14ed"], "name": "tempest-GroupsTest-Group-1736433653"}}
    Response - Headers: {'date': 'Tue, 17 Mar 2026 11:05:04 GMT', 'server': 'Apache/2.4.58 (Ubuntu)', 'content-type': 'application/json', 'x-compute-request-id': 'req-bcd7fdc9-d96c-4521-961d-fc5c1393d166', 'content-length': '104', 'openstack-api-version': 'volume 3.13', 'vary': 'OpenStack-API-Version', 'x-openstack-request-id': 'req-bcd7fdc9-d96c-4521-961d-fc5c1393d166', 'connection': 'close', 'status': '202', 'content-location': 'http://10.201.9.223/volume/v3/groups'}
        Body: b'{"group": {"id": "aa1446e7-7644-4281-9332-30b670d1d74f", "name": "tempest-GroupsTest-Group-1736433653"}}'
2026-03-17 11:05:04,785 125212 INFO     [tempest.lib.common.rest_client] Request (GroupsTest:test_group_update): 200 GET http://10.201.9.223/volume/v3/groups/aa1446e7-7644-4281-9332-30b670d1d74f 0.014s
2026-03-17 11:05:04,785 125212 DEBUG    [tempest.lib.common.rest_client] Request - Headers: {'Content-Type': 'application/json', 'Accept': 'application/json', 'Openstack-Api-Version': 'volume 3.13', 'X-Auth-Token': '<omitted>'}
        Body: None
    Response - Headers: {'date': 'Tue, 17 Mar 2026 11:05:04 GMT', 'server': 'Apache/2.4.58 (Ubuntu)', 'content-type': 'application/json', 'x-compute-request-id': 'req-2ca246ab-
    d61f-40c8-ad3a-30e5be4fb9de', 'content-length': '332', 'openstack-api-version': 'volume 3.13', 'vary': 'OpenStack-API-Version', 'x-openstack-request-id': 'req-2ca246ab-d61f-40c8-ad3a-30e5be4fb9de', 'connection': 'close', 'status': '200', 'content-location': 'http://10.201.9.223/volume/v3/groups/aa1446e7-7644-4281-9332-30b670d1d74f'}
        Body: b'{"group": {"id": "aa1446e7-7644-4281-9332-30b670d1d74f", "status": "creating", "availability_zone": "nova", "created_at": "2026-03-17T11:05:05.000000", "name": "tempest-GroupsTest-Group-1736433653", "description": null, "group_type": "2c2f1ac5-c8b9-4f99-9914-d4c91e283f68", "volume_types": ["5142c156-5517-42ab-9f02-160e29ce14ed"]}}'
2026-03-17 11:05:05,816 125212 INFO     [tempest.lib.common.rest_client] Request (GroupsTest:test_group_update): 200 GET http://10.201.9.223/volume/v3/groups/aa1446e7-7644-4281-9332-30b670d1d74f 0.029s
2026-03-17 11:05:05,817 125212 DEBUG    [tempest.lib.common.rest_client] Request - Headers: {'Content-Type': 'application/json', 'Accept': 'application/json', 'Openstack-Api-Version': 'volume 3.13', 'X-Auth-Token': '<omitted>'}
        Body: None
    Response - Headers: {'date': 'Tue, 17 Mar 2026 11:05:05 GMT', 'server': 'Apache/2.4.58 (Ubuntu)', 'content-type': 'application/json', 'x-compute-request-id': 'req-44d90513-bd28-4aeb-8b0d-ddd2e4a29d89', 'content-length': '329', 'openstack-api-version': 'volume 3.13', 'vary': 'OpenStack-API-Version', 'x-openstack-request-id': 'req-44d90513-bd28-4aeb-8b0d-ddd2e4a29d89', 'connection': 'close', 'status': '200', 'content-location': 'http://10.201.9.223/volume/v3/groups/aa1446e7-7644-4281-9332-30b670d1d74f'}
        Body: b'{"group": {"id": "aa1446e7-7644-4281-9332-30b670d1d74f", "status": "error", "availability_zone": "nova", "created_at": "2026-03-17T11:05:05.000000", "name": "tempest-GroupsTest-Group-1736433653", "description": null, "group_type": "2c2f1ac5-c8b9-4f99-9914-d4c91e283f68", "volume_types": ["5142c156-5517-42ab-9f02-160e29ce14ed"]}}'
2026-03-17 11:05:05,841 125212 INFO     [tempest.lib.common.rest_client] Request (GroupsTest:_run_cleanups): 200 GET http://10.201.9.223/volume/v3/volumes/detail 0.022s
2026-03-17 11:05:05,842 125212 DEBUG    [tempest.lib.common.rest_client] Request - Headers: {'Content-Type': 'application/json', 'Accept': 'application/json', 'Openstack-Api-Version': 'volume 3.13', 'X-Auth-Token': '<omitted>'}
        Body: None
    Response - Headers: {'date': 'Tue, 17 Mar 2026 11:05:05 GMT', 'server': 'Apache/2.4.58 (Ubuntu)', 'content-type': 'application/json', 'x-compute-request-id': 'req-6de62e14-6b34-420a-91e8-259bacf4eb4e', 'content-length': '15', 'openstack-api-version': 'volume 3.13', 'vary': 'OpenStack-API-Version', 'x-openstack-request-id': 'req-6de62e14-6b34-420a-91e8-259bacf4eb4e', 'connection': 'close', 'status': '200', 'content-location': 'http://10.201.9.223/volume/v3/volumes/detail'}
        Body: b'{"volumes": []}'
2026-03-17 11:05:05,897 125212 INFO     [tempest.lib.common.rest_client] Request (GroupsTest:_run_cleanups): 202 POST http://10.201.9.223/volume/v3/groups/aa1446e7-7644-4281-9332-30b670d1d74f/action 0.044s
2026-03-17 11:05:05,897 125212 DEBUG    [tempest.lib.common.rest_client] Request - Headers: {'Content-Type': 'application/json', 'Accept': 'application/json', 'Openstack-Api-Version': 'volume 3.13', 'X-Auth-Token': '<omitted>'}
        Body: {"delete": {"delete-volumes": true}}
    Response - Headers: {'date': 'Tue, 17 Mar 2026 11:05:05 GMT', 'server': 'Apache/2.4.58 (Ubuntu)', 'content-length': '0', 'content-type': 'text/html; charset=UTF-8', 'openstack-api-version': 'volume 3.13', 'vary': 'OpenStack-API-Version', 'x-openstack-request-id': 'req-6a9dc119-e5b8-49c3-9fad-0f510fa41c06', 'connection': 'close', 'status': '202', 'content-location': 'http://10.201.9.223/volume/v3/groups/aa1446e7-7644-4281-9332-30b670d1d74f/action'}
        Body: b''
2026-03-17 11:05:05,908 125212 INFO     [tempest.lib.common.rest_client] Request (GroupsTest:_run_cleanups): 404 GET http://10.201.9.223/volume/v3/groups/aa1446e7-7644-4281-9332-30b670d1d74f 0.011s
2026-03-17 11:05:
    05,909 125212 DEBUG    [tempest.lib.common.rest_client] Request - Headers: {'Content-Type': 'application/json', 'Accept': 'application/json', 'Openstack-Api-Version': 'volume 3.13', 'X-Auth-Token': '<omitted>'}
        Body: None
    Response - Headers: {'date': 'Tue, 17 Mar 2026 11:05:05 GMT', 'server': 'Apache/2.4.58 (Ubuntu)', 'openstack-api-version': 'volume 3.13', 'vary': 'OpenStack-API-Version', 'content-length': '108', 'content-type': 'application/json', 'x-compute-request-id': 'req-906195ab-5459-4e30-8785-80c0ce87a393', 'x-openstack-request-id': 'req-906195ab-5459-4e30-8785-80c0ce87a393', 'connection': 'close', 'status': '404', 'content-location': 'http://10.201.9.223/volume/v3/groups/aa1446e7-7644-4281-9332-30b670d1d74f'}
        Body: b'{"itemNotFound": {"code": 404, "message": "Group aa1446e7-7644-4281-9332-30b670d1d74f could not be found."}}'
2026-03-17 11:05:05,926 125212 INFO     [tempest.lib.common.rest_client] Request (GroupsTest:_run_cleanups): 202 DELETE http://10.201.9.223/volume/v3/group_types/2c2f1ac5-c8b9-4f99-9914-d4c91e283f68 0.017s
2026-03-17 11:05:05,926 125212 DEBUG    [tempest.lib.common.rest_client] Request - Headers: {'Content-Type': 'application/json', 'Accept': 'application/json', 'Openstack-Api-Version': 'volume 3.13', 'X-Auth-Token': '<omitted>'}
        Body: None
    Response - Headers: {'date': 'Tue, 17 Mar 2026 11:05:05 GMT', 'server': 'Apache/2.4.58 (Ubuntu)', 'content-length': '0', 'content-type': 'text/html; charset=UTF-8', 'openstack-api-version': 'volume 3.13', 'vary': 'OpenStack-API-Version', 'x-openstack-request-id': 'req-175c99c3-12ce-4cdb-ba73-6f7895ee6bf9', 'connection': 'close', 'status': '202', 'content-location': 'http://10.201.9.223/volume/v3/group_types/2c2f1ac5-c8b9-4f99-9914-d4c91e283f68'}
        Body: b''
2026-03-17 11:05:05,954 125212 INFO     [tempest.lib.common.rest_client] Request (GroupsTest:_run_cleanups): 202 DELETE http://10.201.9.223/volume/v3/types/5142c156-5517-42ab-9f02-160e29ce14ed 0.028s
2026-03-17 11:05:05,954 125212 DEBUG    [tempest.lib.common.rest_client] Request - Headers: {'Content-Type': 'application/json', 'Accept': 'application/json', 'X-Auth-Token': '<omitted>'}
        Body: None
    Response - Headers: {'date': 'Tue, 17 Mar 2026 11:05:05 GMT', 'server': 'Apache/2.4.58 (Ubuntu)', 'content-length': '0', 'content-type': 'text/html; charset=UTF-8', 'openstack-api-version': 'volume 3.0', 'vary': 'OpenStack-API-Version', 'x-openstack-request-id': 'req-bdaef41e-2996-45ec-a564-403052142c57', 'connection': 'close', 'status': '202', 'content-location': 'http://10.201.9.223/volume/v3/types/5142c156-5517-42ab-9f02-160e29ce14ed'}
        Body: b''
2026-03-17 11:05:05,962 125212 INFO     [tempest.lib.common.rest_client] Request (GroupsTest:_run_cleanups): 404 GET http://10.201.9.223/volume/v3/types/5142c156-5517-42ab-9f02-160e29ce14ed 0.007s
2026-03-17 11:05:05,962 125212 DEBUG    [tempest.lib.common.rest_client] Request - Headers: {'Content-Type': 'application/json', 'Accept': 'application/json', 'X-Auth-Token': '<omitted>'}
        Body: None
    Response - Headers: {'date': 'Tue, 17 Mar 2026 11:05:05 GMT', 'server': 'Apache/2.4.58 (Ubuntu)', 'openstack-api-version': 'volume 3.0', 'vary': 'OpenStack-API-Version', 'content-length': '114', 'content-type': 'application/json', 'x-compute-request-id': 'req-24e91fc0-9add-46df-b0df-6514fcc8c52e', 'x-openstack-request-id': 'req-24e91fc0-9add-46df-b0df-6514fcc8c52e', 'connection': 'close', 'status': '404', 'content-location': 'http://10.201.9.223/volume/v3/types/5142c156-5517-42ab-9f02-160e29ce14ed'}
        Body: b'{"itemNotFound": {"code": 404, "message": "Volume type 5142c156-5517-42ab-9f02-160e29ce14ed could not be found."}}'


tempest.api.volume.******.test_groups.GroupsV314Test.test_create_group_from_group[id-2424af8c-7851-4888-986a-794b10c3210e]
-------------------------------------------------------------------------------------------------------------------------

Captured traceback:
~~~~~~~~~~~~~~~~~~~
    Traceback (most recent call last):

      File "/opt/stack/tempest/tempest/api/volume/******/test_groups.py", line 182, in test_create_group_from_group
    grp = self.create_group(group_type=group_type['id'],
          ^^^^^^^^^^^^^^^^^^^^^^^^^^^^^^^^^^^^^^^^^^^^^^

      File "/opt/stack/tempest/tempest/api/volume/base.py", line 293, in create_group
    waiters.wait_for_volume_resource_status(

      File "/opt/stack/tempest/tempest/common/waiters.py", line 379, in wait_for_volume_resource_status
    raise exceptions.VolumeResourceBuildErrorException(

    tempest.exceptions.VolumeResourceBuildErrorException: group 7fa0a885-1373-41ea-9a59-4ac4d55e993a failed to build and is in ERROR status


Captured pythonlogging:
~~~~~~~~~~~~~~~~~~~~~~~
    2026-03-17 11:05:07,810 125212 INFO     [tempest.lib.common.rest_client] Request (GroupsV314Test:test_create_group_from_group): 200 POST http://10.201.9.223/volume/v3/types 0.073s
2026-03-17 11:05:07,811 125212 DEBUG    [tempest.lib.common.rest_client] Request - Headers: {'Content-Type': 'application/json', 'Accept': 'application/json', 'X-Auth-Token': '<omitted>'}
        Body: {"volume_type": {"name": "tempest-GroupsV314Test-volume-type-1517945771"}}
    Response - Headers: {'date': 'Tue, 17 Mar 2026 11:05:07 GMT', 'server': 'Apache/2.4.58 (Ubuntu)', 'content-type': 'application/json', 'x-compute-request-id': 'req-f78c1f40-d127-4ff1-abc2-e573b17ea558', 'content-length': '220', 'openstack-api-version': 'volume 3.0', 'vary': 'OpenStack-API-Version', 'x-openstack-request-id': 'req-f78c1f40-d127-4ff1-abc2-e573b17ea558', 'connection': 'close', 'status': '200', 'content-location': 'http://10.201.9.223/volume/v3/types'}
        Body: b'{"volume_type": {"id": "14dd4779-8539-4f8b-b471-ea0a57f10e1b", "name": "tempest-GroupsV314Test-volume-type-1517945771", "is_public": true, "extra_specs": {}, "description": null, "os-volume-type-access:is_public": true}}'
2026-03-17 11:05:07,843 125212 INFO     [tempest.lib.common.rest_client] Request (GroupsV314Test:test_create_group_from_group): 202 POST http://10.201.9.223/volume/v3/group_types 0.031s
2026-03-17 11:05:07,844 125212 DEBUG    [tempest.lib.common.rest_client] Request - Headers: {'Content-Type': 'application/json', 'Accept': 'application/json', 'Openstack-Api-Version': 'volume 3.14', 'X-Auth-Token': '<omitted>'}
        Body: {"group_type": {"name": "tempest-GroupsV314Test-group-type-9952379"}}
    Response - Headers: {'date': 'Tue, 17 Mar 2026 11:05:07 GMT', 'server': 'Apache/2.4.58 (Ubuntu)', 'content-type': 'application/json', 'x-compute-request-id': 'req-10750518-47b2-411a-ab8d-7b583bb96363', 'content-length': '174', 'openstack-api-version': 'volume 3.14', 'vary': 'OpenStack-API-Version', 'x-openstack-request-id': 'req-10750518-47b2-411a-ab8d-7b583bb96363', 'connection': 'close', 'status': '202', 'content-location': 'http://10.201.9.223/volume/v3/group_types'}
        Body: b'{"group_type": {"id": "568805f7-e934-43d4-872b-40d5b55fca2c", "name": "tempest-GroupsV314Test-group-type-9952379", "description": null, "is_public": true, "group_specs": {}}}'
2026-03-17 11:05:08,073 125212 INFO     [tempest.lib.common.rest_client] Request (GroupsV314Test:test_create_group_from_group): 202 POST http://10.201.9.223/volume/v3/groups 0.226s
2026-03-17 11:05:08,073 125212 DEBUG    [tempest.lib.common.rest_client] Request - Headers: {'Content-Type': 'application/json', 'Accept': 'application/json', 'Openstack-Api-Version': 'volume 3.14', 'X-Auth-Token': '<omitted>'}
        Body: {"group": {"group_type": "568805f7-e934-43d4-872b-40d5b55fca2c", "volume_types": ["14dd4779-8539-4f8b-b471-ea0a57f10e1b"], "name": "tempest-GroupsV314Test-Group-369803806"}}
    Response - Headers: {'date': 'Tue, 17 Mar 2026 11:05:07 GMT', 'server': 'Apache/2.4.58 (Ubuntu)', 'content-type': 'application/json', 'x-compute-request-id': 'req-dc168e3f-71e1-4939-8fa1-76370d6c28bf', 'content-length': '107', 'openstack-api-version': 'volume 3.14', 'vary': 'OpenStack-API-Version', 'x-openstack-request-id': 'req-dc168e3f-71e1-4939-8fa1-76370d6c28bf', 'connection': 'close', 'status': '202', 'content-location': 'http://10.201.9.223/volume/v3/groups'}
        Body: b'{"group": {"id": "7fa0a885-1373-41ea-9a59-4ac4d55e993a", "name": "tempest-GroupsV314Test-Group-369803806"}}'
2026-03-17 11:05:08,093 125212 INFO     [tempest.lib.common.rest_client] Request (GroupsV314Test:test_create_group_from_group): 200 GET http://10.201.9.223/volume/v3/groups/7fa0a885-1373-41ea-9a59-4ac4d55e993a 0.019s
2026-03-17 11:05:08,093 125212 DEBUG    [tempest.lib.common.rest_client] Request - Headers: {'Content-Type': 'application/json', 'Accept': 'application/json', 'Openstack-Api-Version': 'volume 3.14', 'X-Auth-Token': '<omitted>'}
        Body: None
    Response - Headers: {'date': 'Tue, 17 Mar 2026 11:05:08 GMT', 'server': 'Apache/2.4.58 (Ubuntu)'
    , 'content-type': 'application/json', 'x-compute-request-id': 'req-5f9dce7e-1574-42b2-b505-77fc56d3c636', 'content-length': '387', 'openstack-api-version': 'volume 3.14', 'vary': 'OpenStack-API-Version', 'x-openstack-request-id': 'req-5f9dce7e-1574-42b2-b505-77fc56d3c636', 'connection': 'close', 'status': '200', 'content-location': 'http://10.201.9.223/volume/v3/groups/7fa0a885-1373-41ea-9a59-4ac4d55e993a'}
        Body: b'{"group": {"id": "7fa0a885-1373-41ea-9a59-4ac4d55e993a", "status": "creating", "availability_zone": "nova", "created_at": "2026-03-17T11:05:08.000000", "name": "tempest-GroupsV314Test-Group-369803806", "description": null, "group_type": "568805f7-e934-43d4-872b-40d5b55fca2c", "volume_types": ["14dd4779-8539-4f8b-b471-ea0a57f10e1b"], "group_snapshot_id": null, "source_group_id": null}}'
2026-03-17 11:05:09,128 125212 INFO     [tempest.lib.common.rest_client] Request (GroupsV314Test:test_create_group_from_group): 200 GET http://10.201.9.223/volume/v3/groups/7fa0a885-1373-41ea-9a59-4ac4d55e993a 0.032s
2026-03-17 11:05:09,129 125212 DEBUG    [tempest.lib.common.rest_client] Request - Headers: {'Content-Type': 'application/json', 'Accept': 'application/json', 'Openstack-Api-Version': 'volume 3.14', 'X-Auth-Token': '<omitted>'}
        Body: None
    Response - Headers: {'date': 'Tue, 17 Mar 2026 11:05:09 GMT', 'server': 'Apache/2.4.58 (Ubuntu)', 'content-type': 'application/json', 'x-compute-request-id': 'req-6e3cb505-14b3-4b6e-b659-8f7cdff8778f', 'content-length': '384', 'openstack-api-version': 'volume 3.14', 'vary': 'OpenStack-API-Version', 'x-openstack-request-id': 'req-6e3cb505-14b3-4b6e-b659-8f7cdff8778f', 'connection': 'close', 'status': '200', 'content-location': 'http://10.201.9.223/volume/v3/groups/7fa0a885-1373-41ea-9a59-4ac4d55e993a'}
        Body: b'{"group": {"id": "7fa0a885-1373-41ea-9a59-4ac4d55e993a", "status": "error", "availability_zone": "nova", "created_at": "2026-03-17T11:05:08.000000", "name": "tempest-GroupsV314Test-Group-369803806", "description": null, "group_type": "568805f7-e934-43d4-872b-40d5b55fca2c", "volume_types": ["14dd4779-8539-4f8b-b471-ea0a57f10e1b"], "group_snapshot_id": null, "source_group_id": null}}'
2026-03-17 11:05:09,148 125212 INFO     [tempest.lib.common.rest_client] Request (GroupsV314Test:_run_cleanups): 200 GET http://10.201.9.223/volume/v3/volumes/detail 0.017s
2026-03-17 11:05:09,149 125212 DEBUG    [tempest.lib.common.rest_client] Request - Headers: {'Content-Type': 'application/json', 'Accept': 'application/json', 'Openstack-Api-Version': 'volume 3.14', 'X-Auth-Token': '<omitted>'}
        Body: None
    Response - Headers: {'date': 'Tue, 17 Mar 2026 11:05:09 GMT', 'server': 'Apache/2.4.58 (Ubuntu)', 'content-type': 'application/json', 'x-compute-request-id': 'req-5549df84-12a4-498b-9176-da9d542489ee', 'content-length': '15', 'openstack-api-version': 'volume 3.14', 'vary': 'OpenStack-API-Version', 'x-openstack-request-id': 'req-5549df84-12a4-498b-9176-da9d542489ee', 'connection': 'close', 'status': '200', 'content-location': 'http://10.201.9.223/volume/v3/volumes/detail'}
        Body: b'{"volumes": []}'
2026-03-17 11:05:09,196 125212 INFO     [tempest.lib.common.rest_client] Request (GroupsV314Test:_run_cleanups): 202 POST http://10.201.9.223/volume/v3/groups/7fa0a885-1373-41ea-9a59-4ac4d55e993a/action 0.043s
2026-03-17 11:05:09,196 125212 DEBUG    [tempest.lib.common.rest_client] Request - Headers: {'Content-Type': 'application/json', 'Accept': 'application/json', 'Openstack-Api-Version': 'volume 3.14', 'X-Auth-Token': '<omitted>'}
        Body: {"delete": {"delete-volumes": true}}
    Response - Headers: {'date': 'Tue, 17 Mar 2026 11:05:09 GMT', 'server': 'Apache/2.4.58 (Ubuntu)', 'content-length': '0', 'content-type': 'text/html; charset=UTF-8', 'openstack-api-version': 'volume 3.14', 'vary': 'OpenStack-API-Version', 'x-openstack-request-id': 'req-51b8db54-ecda-4656-8fd2-3ac95d0b132e', 'connection': 'close', 'status': '202', 'content-location': 'http://10.201.9.223/volume/v3/groups/7fa0a885-1373-41ea-9a59-4ac4d55e993a/action'}
        Body: b''
2026-0
    3-17 11:05:09,205 125212 INFO     [tempest.lib.common.rest_client] Request (GroupsV314Test:_run_cleanups): 404 GET http://10.201.9.223/volume/v3/groups/7fa0a885-1373-41ea-9a59-4ac4d55e993a 0.009s
2026-03-17 11:05:09,205 125212 DEBUG    [tempest.lib.common.rest_client] Request - Headers: {'Content-Type': 'application/json', 'Accept': 'application/json', 'Openstack-Api-Version': 'volume 3.14', 'X-Auth-Token': '<omitted>'}
        Body: None
    Response - Headers: {'date': 'Tue, 17 Mar 2026 11:05:09 GMT', 'server': 'Apache/2.4.58 (Ubuntu)', 'openstack-api-version': 'volume 3.14', 'vary': 'OpenStack-API-Version', 'content-length': '108', 'content-type': 'application/json', 'x-compute-request-id': 'req-f5f69a8a-e948-4476-8392-ae92c4a9663d', 'x-openstack-request-id': 'req-f5f69a8a-e948-4476-8392-ae92c4a9663d', 'connection': 'close', 'status': '404', 'content-location': 'http://10.201.9.223/volume/v3/groups/7fa0a885-1373-41ea-9a59-4ac4d55e993a'}
        Body: b'{"itemNotFound": {"code": 404, "message": "Group 7fa0a885-1373-41ea-9a59-4ac4d55e993a could not be found."}}'
2026-03-17 11:05:09,224 125212 INFO     [tempest.lib.common.rest_client] Request (GroupsV314Test:_run_cleanups): 202 DELETE http://10.201.9.223/volume/v3/group_types/568805f7-e934-43d4-872b-40d5b55fca2c 0.018s
2026-03-17 11:05:09,224 125212 DEBUG    [tempest.lib.common.rest_client] Request - Headers: {'Content-Type': 'application/json', 'Accept': 'application/json', 'Openstack-Api-Version': 'volume 3.14', 'X-Auth-Token': '<omitted>'}
        Body: None
    Response - Headers: {'date': 'Tue, 17 Mar 2026 11:05:09 GMT', 'server': 'Apache/2.4.58 (Ubuntu)', 'content-length': '0', 'content-type': 'text/html; charset=UTF-8', 'openstack-api-version': 'volume 3.14', 'vary': 'OpenStack-API-Version', 'x-openstack-request-id': 'req-a8b52009-97fb-4368-930f-66c75ec8e806', 'connection': 'close', 'status': '202', 'content-location': 'http://10.201.9.223/volume/v3/group_types/568805f7-e934-43d4-872b-40d5b55fca2c'}
        Body: b''
2026-03-17 11:05:09,255 125212 INFO     [tempest.lib.common.rest_client] Request (GroupsV314Test:_run_cleanups): 202 DELETE http://10.201.9.223/volume/v3/types/14dd4779-8539-4f8b-b471-ea0a57f10e1b 0.030s
2026-03-17 11:05:09,255 125212 DEBUG    [tempest.lib.common.rest_client] Request - Headers: {'Content-Type': 'application/json', 'Accept': 'application/json', 'X-Auth-Token': '<omitted>'}
        Body: None
    Response - Headers: {'date': 'Tue, 17 Mar 2026 11:05:09 GMT', 'server': 'Apache/2.4.58 (Ubuntu)', 'content-length': '0', 'content-type': 'text/html; charset=UTF-8', 'openstack-api-version': 'volume 3.0', 'vary': 'OpenStack-API-Version', 'x-openstack-request-id': 'req-a745640f-f592-438d-91fd-fc600661d7e5', 'connection': 'close', 'status': '202', 'content-location': 'http://10.201.9.223/volume/v3/types/14dd4779-8539-4f8b-b471-ea0a57f10e1b'}
        Body: b''
2026-03-17 11:05:09,263 125212 INFO     [tempest.lib.common.rest_client] Request (GroupsV314Test:_run_cleanups): 404 GET http://10.201.9.223/volume/v3/types/14dd4779-8539-4f8b-b471-ea0a57f10e1b 0.007s
2026-03-17 11:05:09,263 125212 DEBUG    [tempest.lib.common.rest_client] Request - Headers: {'Content-Type': 'application/json', 'Accept': 'application/json', 'X-Auth-Token': '<omitted>'}
        Body: None
    Response - Headers: {'date': 'Tue, 17 Mar 2026 11:05:09 GMT', 'server': 'Apache/2.4.58 (Ubuntu)', 'openstack-api-version': 'volume 3.0', 'vary': 'OpenStack-API-Version', 'content-length': '114', 'content-type': 'application/json', 'x-compute-request-id': 'req-da4e3281-1b7d-4564-8641-61426c849648', 'x-openstack-request-id': 'req-da4e3281-1b7d-4564-8641-61426c849648', 'connection': 'close', 'status': '404', 'content-location': 'http://10.201.9.223/volume/v3/types/14dd4779-8539-4f8b-b471-ea0a57f10e1b'}
        Body: b'{"itemNotFound": {"code": 404, "message": "Volume type 14dd4779-8539-4f8b-b471-ea0a57f10e1b could not be found."}}'


tempest.api.volume.******.test_groups.GroupsV320Test.test_reset_group_status[id-b20c696b-0cbc-49a5-8b3a-b1fb9338f45c]
--------------------------------------------------------------------------------------------------------------------

Captured traceback:
~~~~~~~~~~~~~~~~~~~
    Traceback (most recent call last):

      File "/opt/stack/tempest/tempest/api/volume/******/test_groups.py", line 227, in test_reset_group_status
    group = self.create_group(group_type=group_type['id'],
            ^^^^^^^^^^^^^^^^^^^^^^^^^^^^^^^^^^^^^^^^^^^^^^

      File "/opt/stack/tempest/tempest/api/volume/base.py", line 293, in create_group
    waiters.wait_for_volume_resource_status(

      File "/opt/stack/tempest/tempest/common/waiters.py", line 379, in wait_for_volume_resource_status
    raise exceptions.VolumeResourceBuildErrorException(

    tempest.exceptions.VolumeResourceBuildErrorException: group b61b40cb-54fb-427e-ac57-d68303ea6e61 failed to build and is in ERROR status


Captured pythonlogging:
~~~~~~~~~~~~~~~~~~~~~~~
    2026-03-17 11:05:11,201 125212 INFO     [tempest.lib.common.rest_client] Request (GroupsV320Test:test_reset_group_status): 200 POST http://10.201.9.223/volume/v3/types 0.077s
2026-03-17 11:05:11,201 125212 DEBUG    [tempest.lib.common.rest_client] Request - Headers: {'Content-Type': 'application/json', 'Accept': 'application/json', 'X-Auth-Token': '<omitted>'}
        Body: {"volume_type": {"name": "tempest-GroupsV320Test-volume-type-1161845897"}}
    Response - Headers: {'date': 'Tue, 17 Mar 2026 11:05:11 GMT', 'server': 'Apache/2.4.58 (Ubuntu)', 'content-type': 'application/json', 'x-compute-request-id': 'req-16b97240-aadd-485b-9599-ce48710941e8', 'content-length': '220', 'openstack-api-version': 'volume 3.0', 'vary': 'OpenStack-API-Version', 'x-openstack-request-id': 'req-16b97240-aadd-485b-9599-ce48710941e8', 'connection': 'close', 'status': '200', 'content-location': 'http://10.201.9.223/volume/v3/types'}
        Body: b'{"volume_type": {"id": "d09a57d2-d3dd-4da2-a18c-873bd955fa79", "name": "tempest-GroupsV320Test-volume-type-1161845897", "is_public": true, "extra_specs": {}, "description": null, "os-volume-type-access:is_public": true}}'
2026-03-17 11:05:11,229 125212 INFO     [tempest.lib.common.rest_client] Request (GroupsV320Test:test_reset_group_status): 202 POST http://10.201.9.223/volume/v3/group_types 0.026s
2026-03-17 11:05:11,230 125212 DEBUG    [tempest.lib.common.rest_client] Request - Headers: {'Content-Type': 'application/json', 'Accept': 'application/json', 'Openstack-Api-Version': 'volume 3.20', 'X-Auth-Token': '<omitted>'}
        Body: {"group_type": {"name": "tempest-GroupsV320Test-group-type-2002347196"}}
    Response - Headers: {'date': 'Tue, 17 Mar 2026 11:05:11 GMT', 'server': 'Apache/2.4.58 (Ubuntu)', 'content-type': 'application/json', 'x-compute-request-id': 'req-3e57bb33-e56a-46ae-918f-2839005b0fc3', 'content-length': '177', 'openstack-api-version': 'volume 3.20', 'vary': 'OpenStack-API-Version', 'x-openstack-request-id': 'req-3e57bb33-e56a-46ae-918f-2839005b0fc3', 'connection': 'close', 'status': '202', 'content-location': 'http://10.201.9.223/volume/v3/group_types'}
        Body: b'{"group_type": {"id": "ee23ef86-b8ff-4b9b-934f-59340253727f", "name": "tempest-GroupsV320Test-group-type-2002347196", "description": null, "is_public": true, "group_specs": {}}}'
2026-03-17 11:05:11,339 125212 INFO     [tempest.lib.common.rest_client] Request (GroupsV320Test:test_reset_group_status): 202 POST http://10.201.9.223/volume/v3/groups 0.107s
2026-03-17 11:05:11,339 125212 DEBUG    [tempest.lib.common.rest_client] Request - Headers: {'Content-Type': 'application/json', 'Accept': 'application/json', 'Openstack-Api-Version': 'volume 3.20', 'X-Auth-Token': '<omitted>'}
        Body: {"group": {"group_type": "ee23ef86-b8ff-4b9b-934f-59340253727f", "volume_types": ["d09a57d2-d3dd-4da2-a18c-873bd955fa79"], "name": "tempest-GroupsV320Test-Group-720473551"}}
    Response - Headers: {'date': 'Tue, 17 Mar 2026 11:05:11 GMT', 'server': 'Apache/2.4.58 (Ubuntu)', 'content-type': 'application/json', 'x-compute-request-id': 'req-e0e7fae9-6d2f-4649-97ac-9f407d009ccf', 'content-length': '107', 'openstack-api-version': 'volume 3.20', 'vary': 'OpenStack-API-Version', 'x-openstack-request-id': 'req-e0e7fae9-6d2f-4649-97ac-9f407d009ccf', 'connection': 'close', 'status': '202', 'content-location': 'http://10.201.9.223/volume/v3/groups'}
        Body: b'{"group": {"id": "b61b40cb-54fb-427e-ac57-d68303ea6e61", "name": "tempest-GroupsV320Test-Group-720473551"}}'
2026-03-17 11:05:11,360 125212 INFO     [tempest.lib.common.rest_client] Request (GroupsV320Test:test_reset_group_status): 200 GET http://10.201.9.223/volume/v3/groups/b61b40cb-54fb-427e-ac57-d68303ea6e61 0.020s
2026-03-17 11:05:11,360 125212 DEBUG    [tempest.lib.common.rest_client] Request - Headers: {'Content-Type': 'application/json', 'Accept': 'application/json', 'Openstack-Api-Version': 'volume 3.20', 'X-Auth-Token': '<omitted>'}
        Body: None
    Response - Headers: {'date': 'Tue, 17 Mar 2026 11:05:11 GMT', 'server': 'Apache/2.4.58 (Ubuntu)', 'content-typ
    e': 'application/json', 'x-compute-request-id': 'req-57050d07-68cc-49a8-a0c4-4af155204f13', 'content-length': '387', 'openstack-api-version': 'volume 3.20', 'vary': 'OpenStack-API-Version', 'x-openstack-request-id': 'req-57050d07-68cc-49a8-a0c4-4af155204f13', 'connection': 'close', 'status': '200', 'content-location': 'http://10.201.9.223/volume/v3/groups/b61b40cb-54fb-427e-ac57-d68303ea6e61'}
        Body: b'{"group": {"id": "b61b40cb-54fb-427e-ac57-d68303ea6e61", "status": "creating", "availability_zone": "nova", "created_at": "2026-03-17T11:05:11.000000", "name": "tempest-GroupsV320Test-Group-720473551", "description": null, "group_type": "ee23ef86-b8ff-4b9b-934f-59340253727f", "volume_types": ["d09a57d2-d3dd-4da2-a18c-873bd955fa79"], "group_snapshot_id": null, "source_group_id": null}}'
2026-03-17 11:05:12,390 125212 INFO     [tempest.lib.common.rest_client] Request (GroupsV320Test:test_reset_group_status): 200 GET http://10.201.9.223/volume/v3/groups/b61b40cb-54fb-427e-ac57-d68303ea6e61 0.028s
2026-03-17 11:05:12,391 125212 DEBUG    [tempest.lib.common.rest_client] Request - Headers: {'Content-Type': 'application/json', 'Accept': 'application/json', 'Openstack-Api-Version': 'volume 3.20', 'X-Auth-Token': '<omitted>'}
        Body: None
    Response - Headers: {'date': 'Tue, 17 Mar 2026 11:05:12 GMT', 'server': 'Apache/2.4.58 (Ubuntu)', 'content-type': 'application/json', 'x-compute-request-id': 'req-1194ce89-2e07-4855-abd8-3bf0abec74b8', 'content-length': '384', 'openstack-api-version': 'volume 3.20', 'vary': 'OpenStack-API-Version', 'x-openstack-request-id': 'req-1194ce89-2e07-4855-abd8-3bf0abec74b8', 'connection': 'close', 'status': '200', 'content-location': 'http://10.201.9.223/volume/v3/groups/b61b40cb-54fb-427e-ac57-d68303ea6e61'}
        Body: b'{"group": {"id": "b61b40cb-54fb-427e-ac57-d68303ea6e61", "status": "error", "availability_zone": "nova", "created_at": "2026-03-17T11:05:11.000000", "name": "tempest-GroupsV320Test-Group-720473551", "description": null, "group_type": "ee23ef86-b8ff-4b9b-934f-59340253727f", "volume_types": ["d09a57d2-d3dd-4da2-a18c-873bd955fa79"], "group_snapshot_id": null, "source_group_id": null}}'
2026-03-17 11:05:12,423 125212 INFO     [tempest.lib.common.rest_client] Request (GroupsV320Test:_run_cleanups): 200 GET http://10.201.9.223/volume/v3/volumes/detail 0.026s
2026-03-17 11:05:12,424 125212 DEBUG    [tempest.lib.common.rest_client] Request - Headers: {'Content-Type': 'application/json', 'Accept': 'application/json', 'Openstack-Api-Version': 'volume 3.20', 'X-Auth-Token': '<omitted>'}
        Body: None
    Response - Headers: {'date': 'Tue, 17 Mar 2026 11:05:12 GMT', 'server': 'Apache/2.4.58 (Ubuntu)', 'content-type': 'application/json', 'x-compute-request-id': 'req-957b6fa5-9735-4dff-b6a4-5ff25fb2dace', 'content-length': '15', 'openstack-api-version': 'volume 3.20', 'vary': 'OpenStack-API-Version', 'x-openstack-request-id': 'req-957b6fa5-9735-4dff-b6a4-5ff25fb2dace', 'connection': 'close', 'status': '200', 'content-location': 'http://10.201.9.223/volume/v3/volumes/detail'}
        Body: b'{"volumes": []}'
2026-03-17 11:05:12,485 125212 INFO     [tempest.lib.common.rest_client] Request (GroupsV320Test:_run_cleanups): 202 POST http://10.201.9.223/volume/v3/groups/b61b40cb-54fb-427e-ac57-d68303ea6e61/action 0.052s
2026-03-17 11:05:12,485 125212 DEBUG    [tempest.lib.common.rest_client] Request - Headers: {'Content-Type': 'application/json', 'Accept': 'application/json', 'Openstack-Api-Version': 'volume 3.20', 'X-Auth-Token': '<omitted>'}
        Body: {"delete": {"delete-volumes": true}}
    Response - Headers: {'date': 'Tue, 17 Mar 2026 11:05:12 GMT', 'server': 'Apache/2.4.58 (Ubuntu)', 'content-length': '0', 'content-type': 'text/html; charset=UTF-8', 'openstack-api-version': 'volume 3.20', 'vary': 'OpenStack-API-Version', 'x-openstack-request-id': 'req-cf03a7b8-842d-4c8f-9645-5b0bd36e0c16', 'connection': 'close', 'status': '202', 'content-location': 'http://10.201.9.223/volume/v3/groups/b61b40cb-54fb-427e-ac57-d68303ea6e61/action'}
        Body: b''
2026-03-17 11:05:12,499 1
    25212 INFO     [tempest.lib.common.rest_client] Request (GroupsV320Test:_run_cleanups): 404 GET http://10.201.9.223/volume/v3/groups/b61b40cb-54fb-427e-ac57-d68303ea6e61 0.012s
2026-03-17 11:05:12,499 125212 DEBUG    [tempest.lib.common.rest_client] Request - Headers: {'Content-Type': 'application/json', 'Accept': 'application/json', 'Openstack-Api-Version': 'volume 3.20', 'X-Auth-Token': '<omitted>'}
        Body: None
    Response - Headers: {'date': 'Tue, 17 Mar 2026 11:05:12 GMT', 'server': 'Apache/2.4.58 (Ubuntu)', 'openstack-api-version': 'volume 3.20', 'vary': 'OpenStack-API-Version', 'content-length': '108', 'content-type': 'application/json', 'x-compute-request-id': 'req-93c193eb-bd3b-4b64-ad76-62e495c3dbab', 'x-openstack-request-id': 'req-93c193eb-bd3b-4b64-ad76-62e495c3dbab', 'connection': 'close', 'status': '404', 'content-location': 'http://10.201.9.223/volume/v3/groups/b61b40cb-54fb-427e-ac57-d68303ea6e61'}
        Body: b'{"itemNotFound": {"code": 404, "message": "Group b61b40cb-54fb-427e-ac57-d68303ea6e61 could not be found."}}'
2026-03-17 11:05:12,523 125212 INFO     [tempest.lib.common.rest_client] Request (GroupsV320Test:_run_cleanups): 202 DELETE http://10.201.9.223/volume/v3/group_types/ee23ef86-b8ff-4b9b-934f-59340253727f 0.023s
2026-03-17 11:05:12,524 125212 DEBUG    [tempest.lib.common.rest_client] Request - Headers: {'Content-Type': 'application/json', 'Accept': 'application/json', 'Openstack-Api-Version': 'volume 3.20', 'X-Auth-Token': '<omitted>'}
        Body: None
    Response - Headers: {'date': 'Tue, 17 Mar 2026 11:05:12 GMT', 'server': 'Apache/2.4.58 (Ubuntu)', 'content-length': '0', 'content-type': 'text/html; charset=UTF-8', 'openstack-api-version': 'volume 3.20', 'vary': 'OpenStack-API-Version', 'x-openstack-request-id': 'req-5b68f2ed-e8b2-4c6b-99f8-4586f7d05f85', 'connection': 'close', 'status': '202', 'content-location': 'http://10.201.9.223/volume/v3/group_types/ee23ef86-b8ff-4b9b-934f-59340253727f'}
        Body: b''
2026-03-17 11:05:12,558 125212 INFO     [tempest.lib.common.rest_client] Request (GroupsV320Test:_run_cleanups): 202 DELETE http://10.201.9.223/volume/v3/types/d09a57d2-d3dd-4da2-a18c-873bd955fa79 0.034s
2026-03-17 11:05:12,559 125212 DEBUG    [tempest.lib.common.rest_client] Request - Headers: {'Content-Type': 'application/json', 'Accept': 'application/json', 'X-Auth-Token': '<omitted>'}
        Body: None
    Response - Headers: {'date': 'Tue, 17 Mar 2026 11:05:12 GMT', 'server': 'Apache/2.4.58 (Ubuntu)', 'content-length': '0', 'content-type': 'text/html; charset=UTF-8', 'openstack-api-version': 'volume 3.0', 'vary': 'OpenStack-API-Version', 'x-openstack-request-id': 'req-b3dd69fc-fa2b-475f-a98c-304257d82f87', 'connection': 'close', 'status': '202', 'content-location': 'http://10.201.9.223/volume/v3/types/d09a57d2-d3dd-4da2-a18c-873bd955fa79'}
        Body: b''
2026-03-17 11:05:12,569 125212 INFO     [tempest.lib.common.rest_client] Request (GroupsV320Test:_run_cleanups): 404 GET http://10.201.9.223/volume/v3/types/d09a57d2-d3dd-4da2-a18c-873bd955fa79 0.010s
2026-03-17 11:05:12,569 125212 DEBUG    [tempest.lib.common.rest_client] Request - Headers: {'Content-Type': 'application/json', 'Accept': 'application/json', 'X-Auth-Token': '<omitted>'}
        Body: None
    Response - Headers: {'date': 'Tue, 17 Mar 2026 11:05:12 GMT', 'server': 'Apache/2.4.58 (Ubuntu)', 'openstack-api-version': 'volume 3.0', 'vary': 'OpenStack-API-Version', 'content-length': '114', 'content-type': 'application/json', 'x-compute-request-id': 'req-9afeaa83-ba9b-42ef-945c-188fe1e6101c', 'x-openstack-request-id': 'req-9afeaa83-ba9b-42ef-945c-188fe1e6101c', 'connection': 'close', 'status': '404', 'content-location': 'http://10.201.9.223/volume/v3/types/d09a57d2-d3dd-4da2-a18c-873bd955fa79'}
        Body: b'{"itemNotFound": {"code": 404, "message": "Volume type d09a57d2-d3dd-4da2-a18c-873bd955fa79 could not be found."}}'


setUpClass (tempest.api.volume.******.test_multi_backend.VolumeMultiBackendTest)
-------------------------------------------------------------------------------

Captured traceback:
~~~~~~~~~~~~~~~~~~~
    Traceback (most recent call last):

      File "/opt/stack/tempest/tempest/test.py", line 185, in setUpClass
    raise value.with_traceback(trace)

      File "/opt/stack/tempest/tempest/test.py", line 178, in setUpClass
    cls.resource_setup()

      File "/opt/stack/tempest/tempest/api/volume/******/test_multi_backend.py", line 50, in resource_setup
    cls._create_type_and_volume(backend_name, False)

      File "/opt/stack/tempest/tempest/api/volume/******/test_multi_backend.py", line 74, in _create_type_and_volume
    cls.volume = cls.create_volume(**params)
                 ^^^^^^^^^^^^^^^^^^^^^^^^^^^

      File "/opt/stack/tempest/tempest/api/volume/base.py", line 144, in create_volume
    waiters.wait_for_volume_resource_status(self.volumes_client,

      File "/opt/stack/tempest/tempest/common/waiters.py", line 379, in wait_for_volume_resource_status
    raise exceptions.VolumeResourceBuildErrorException(

    tempest.exceptions.VolumeResourceBuildErrorException: volume 58b565a5-020b-45df-b28b-1fb310976314 failed to build and is in ERROR status


setUpClass (tempest.api.volume.******.test_snapshots_actions.SnapshotsActionsTest)
---------------------------------------------------------------------------------

Captured traceback:
~~~~~~~~~~~~~~~~~~~
    Traceback (most recent call last):

      File "/opt/stack/tempest/tempest/test.py", line 185, in setUpClass
    raise value.with_traceback(trace)

      File "/opt/stack/tempest/tempest/test.py", line 178, in setUpClass
    cls.resource_setup()

      File "/opt/stack/tempest/tempest/api/volume/******/test_snapshots_actions.py", line 38, in resource_setup
    cls.volume = cls.create_volume()
                 ^^^^^^^^^^^^^^^^^^^

      File "/opt/stack/tempest/tempest/api/volume/base.py", line 144, in create_volume
    waiters.wait_for_volume_resource_status(self.volumes_client,

      File "/opt/stack/tempest/tempest/common/waiters.py", line 379, in wait_for_volume_resource_status
    raise exceptions.VolumeResourceBuildErrorException(

    tempest.exceptions.VolumeResourceBuildErrorException: volume e41a6127-bdfa-4db0-9775-7725b89e9ae0 failed to build and is in ERROR status


tempest.api.volume.******.test_volume_pools.VolumePoolsAdminTestsJSON.test_get_pools_with_details[id-d4bb61f7-762d-4437-b8a4-5785759a0ced]
-----------------------------------------------------------------------------------------------------------------------------------------

Captured traceback:
~~~~~~~~~~~~~~~~~~~
    Traceback (most recent call last):

      File "/opt/stack/tempest/tempest/api/volume/******/test_volume_pools.py", line 44, in test_get_pools_with_details
    self._assert_pools(with_detail=True)

      File "/opt/stack/tempest/tempest/api/volume/******/test_volume_pools.py", line 29, in _assert_pools
    self.assertNotEmpty(cinder_pools, "no cinder pools listed.")

      File "/opt/stack/tempest/tempest/test.py", line 949, in assertNotEmpty
    self.assertTrue(items, msg)

      File "/usr/lib/python3.12/unittest/case.py", line 727, in assertTrue
    raise self.failureException(msg)

    AssertionError: [] is not true : no cinder pools listed.


Captured pythonlogging:
~~~~~~~~~~~~~~~~~~~~~~~
    2026-03-17 11:05:31,185 125212 INFO     [tempest.lib.common.rest_client] Request (VolumePoolsAdminTestsJSON:test_get_pools_with_details): 200 GET http://10.201.9.223/volume/v3/scheduler-stats/get_pools?detail=True 0.576s
2026-03-17 11:05:31,185 125212 DEBUG    [tempest.lib.common.rest_client] Request - Headers: {'Content-Type': 'application/json', 'Accept': 'application/json', 'X-Auth-Token': '<omitted>'}
        Body: None
    Response - Headers: {'date': 'Tue, 17 Mar 2026 11:05:30 GMT', 'server': 'Apache/2.4.58 (Ubuntu)', 'content-type': 'application/json', 'x-compute-request-id': 'req-a171f1ce-7a5a-41fb-997c-db436248d1ca', 'content-length': '13', 'openstack-api-version': 'volume 3.0', 'vary': 'OpenStack-API-Version', 'x-openstack-request-id': 'req-a171f1ce-7a5a-41fb-997c-db436248d1ca', 'connection': 'close', 'status': '200', 'content-location': 'http://10.201.9.223/volume/v3/scheduler-stats/get_pools?detail=True'}
        Body: b'{"pools": []}'


tempest.api.volume.******.test_volume_pools.VolumePoolsAdminTestsJSON.test_get_pools_without_details[id-0248a46c-e226-4933-be10-ad6fca8227e7]
--------------------------------------------------------------------------------------------------------------------------------------------

Captured traceback:
~~~~~~~~~~~~~~~~~~~
    Traceback (most recent call last):

      File "/opt/stack/tempest/tempest/api/volume/******/test_volume_pools.py", line 39, in test_get_pools_without_details
    self._assert_pools()

      File "/opt/stack/tempest/tempest/api/volume/******/test_volume_pools.py", line 29, in _assert_pools
    self.assertNotEmpty(cinder_pools, "no cinder pools listed.")

      File "/opt/stack/tempest/tempest/test.py", line 949, in assertNotEmpty
    self.assertTrue(items, msg)

      File "/usr/lib/python3.12/unittest/case.py", line 727, in assertTrue
    raise self.failureException(msg)

    AssertionError: [] is not true : no cinder pools listed.


Captured pythonlogging:
~~~~~~~~~~~~~~~~~~~~~~~
    2026-03-17 11:05:31,714 125212 INFO     [tempest.lib.common.rest_client] Request (VolumePoolsAdminTestsJSON:test_get_pools_without_details): 200 GET http://10.201.9.223/volume/v3/scheduler-stats/get_pools 0.519s
2026-03-17 11:05:31,714 125212 DEBUG    [tempest.lib.common.rest_client] Request - Headers: {'Content-Type': 'application/json', 'Accept': 'application/json', 'X-Auth-Token': '<omitted>'}
        Body: None
    Response - Headers: {'date': 'Tue, 17 Mar 2026 11:05:31 GMT', 'server': 'Apache/2.4.58 (Ubuntu)', 'content-type': 'application/json', 'x-compute-request-id': 'req-1ca668b8-29cb-45d2-b9c2-78f4c58ea453', 'content-length': '13', 'openstack-api-version': 'volume 3.0', 'vary': 'OpenStack-API-Version', 'x-openstack-request-id': 'req-1ca668b8-29cb-45d2-b9c2-78f4c58ea453', 'connection': 'close', 'status': '200', 'content-location': 'http://10.201.9.223/volume/v3/scheduler-stats/get_pools'}
        Body: b'{"pools": []}'


tempest.api.volume.******.test_volume_quotas.VolumeQuotasAdminTestJSON.test_quota_usage[id-ae8b6091-48ad-4bfa-a188-bbf5cc02115f]
-------------------------------------------------------------------------------------------------------------------------------

Captured traceback:
~~~~~~~~~~~~~~~~~~~
    Traceback (most recent call last):

      File "/opt/stack/tempest/tempest/api/volume/******/test_volume_quotas.py", line 123, in test_quota_usage
    volume = self.create_volume()
             ^^^^^^^^^^^^^^^^^^^^

      File "/opt/stack/tempest/tempest/api/volume/base.py", line 144, in create_volume
    waiters.wait_for_volume_resource_status(self.volumes_client,

      File "/opt/stack/tempest/tempest/common/waiters.py", line 379, in wait_for_volume_resource_status
    raise exceptions.VolumeResourceBuildErrorException(

    tempest.exceptions.VolumeResourceBuildErrorException: volume 677bf1e0-5131-42ff-a805-7ad7500f2119 failed to build and is in ERROR status


Captured pythonlogging:
~~~~~~~~~~~~~~~~~~~~~~~
    2026-03-17 11:05:36,870 125212 INFO     [tempest.lib.common.rest_client] Request (VolumeQuotasAdminTestJSON:test_quota_usage): 200 GET http://10.201.9.223/volume/v3/os-quota-sets/1cebe539c61142c48978300fb439532e?usage=True 0.024s
2026-03-17 11:05:36,870 125212 DEBUG    [tempest.lib.common.rest_client] Request - Headers: {'Content-Type': 'application/json', 'Accept': 'application/json', 'X-Auth-Token': '<omitted>'}
        Body: None
    Response - Headers: {'date': 'Tue, 17 Mar 2026 11:05:36 GMT', 'server': 'Apache/2.4.58 (Ubuntu)', 'content-type': 'application/json', 'x-compute-request-id': 'req-e0c525c8-9793-4506-b426-d0435b8ed94b', 'content-length': '1236', 'openstack-api-version': 'volume 3.0', 'vary': 'OpenStack-API-Version', 'x-openstack-request-id': 'req-e0c525c8-9793-4506-b426-d0435b8ed94b', 'connection': 'close', 'status': '200', 'content-location': 'http://10.201.9.223/volume/v3/os-quota-sets/1cebe539c61142c48978300fb439532e?usage=True'}
        Body: b'{"quota_set": {"volumes": {"limit": 10, "in_use": 0, "reserved": 0}, "per_volume_gigabytes": {"limit": -1, "in_use": 0, "reserved": 0}, "snapshots": {"limit": 10, "in_use": 0, "reserved": 0}, "gigabytes": {"limit": 1000, "in_use": 0, "reserved": 0}, "backups": {"limit": 10, "in_use": 0, "reserved": 0}, "backup_gigabytes": {"limit": 1000, "in_use": 0, "reserved": 0}, "volumes_3par2": {"limit": -1, "in_use": 0, "reserved": 0}, "gigabytes_3par2": {"limit": -1, "in_use": 0, "reserved": 0}, "snapshots_3par2": {"limit": -1, "in_use": 0, "reserved": 0}, "volumes_3par1": {"limit": -1, "in_use": 0, "reserved": 0}, "gigabytes_3par1": {"limit": -1, "in_use": 0, "reserved": 0}, "snapshots_3par1": {"limit": -1, "in_use": 0, "reserved": 0}, "volumes_lvmdriver-1": {"limit": -1, "in_use": 0, "reserved": 0}, "gigabytes_lvmdriver-1": {"limit": -1, "in_use": 0, "reserved": 0}, "snapshots_lvmdriver-1": {"limit": -1, "in_use": 0, "reserved": 0}, "volumes___DEFAULT__": {"limit": -1, "in_use": 0, "reserved": 0}, "gigabytes___DEFAULT__": {"limit": -1, "in_use": 0, "reserved": 0}, "snapshots___DEFAULT__": {"limit": -1, "in_use": 0, "reserved": 0}, "groups": {"limit": 10, "in_use": 0, "reserved": 0}, "id": "1cebe539c61142c48978300fb439532e"}}'
2026-03-17 11:05:37,072 125212 INFO     [tempest.lib.common.rest_client] Request (VolumeQuotasAdminTestJSON:test_quota_usage): 202 POST http://10.201.9.223/volume/v3/volumes 0.196s
2026-03-17 11:05:37,072 125212 DEBUG    [tempest.lib.common.rest_client] Request - Headers: {'Content-Type': 'application/json', 'Accept': 'application/json', 'X-Auth-Token': '<omitted>'}
        Body: {"volume": {"size": 1, "name": "tempest-VolumeQuotasAdminTestJSON-Volume-1940264534"}}
    Response - Headers: {'date': 'Tue, 17 Mar 2026 11:05:36 GMT', 'server': 'Apache/2.4.58 (Ubuntu)', 'content-type': 'application/json', 'x-compute-request-id': 'req-1fccae22-1b42-4789-a5a4-41a2ab93235d', 'content-length': '755', 'openstack-api-version': 'volume 3.0', 'vary': 'OpenStack-API-Version', 'x-openstack-request-id': 'req-1fccae22-1b42-4789-a5a4-41a2ab93235d', 'connection': 'close', 'status': '202', 'content-location': 'http://10.201.9.223/volume/v3/volumes'}
        Body: b'{"volume": {"id": "677bf1e0-5131-42ff-a805-7ad7500f2119", "status": "creating", "size": 1, "availability_zone": "nova", "created_at": "2026-03-17T11:05:37.027377", "updated_at": null, "name": "tempest-VolumeQuotasAdminTestJSON-Volume-1940264534", "description": null, "volume_type": "3par1", "snapshot_id": null, "source_volid": null, "metadata": {}, "links": [{"rel": "self", "href": "http://10.201.9.223/volume/v3/volumes/677bf1e0-5131-42ff-a805-7ad7500f2119"}, {"rel": "bookmark", "href": "http://10.201.9.223/volume/volumes/677bf1e0-5131-42ff-a805-7ad7500f2119"}], "user_id": "cfbe77ee88204430917905a933bfb889", "bootable": "false", "encrypted": false, "replication_status": null, "consistencygroup_id": null, "multiattach": false, "attachments": []}}'
2026-03-17 11:05:37,102 125212 INFO     [tempest.lib.common.rest_client] Request (VolumeQuotasAdminTestJSON:test_quota_usage): 200 GET http://10.201.9.223/volume/v
    3/volumes/677bf1e0-5131-42ff-a805-7ad7500f2119 0.024s
2026-03-17 11:05:37,102 125212 DEBUG    [tempest.lib.common.rest_client] Request - Headers: {'Content-Type': 'application/json', 'Accept': 'application/json', 'X-Auth-Token': '<omitted>'}
        Body: None
    Response - Headers: {'date': 'Tue, 17 Mar 2026 11:05:37 GMT', 'server': 'Apache/2.4.58 (Ubuntu)', 'content-type': 'application/json', 'x-compute-request-id': 'req-e0ee96e2-0c8b-4159-9e2d-3dd05e84b45e', 'content-length': '823', 'openstack-api-version': 'volume 3.0', 'vary': 'OpenStack-API-Version', 'x-openstack-request-id': 'req-e0ee96e2-0c8b-4159-9e2d-3dd05e84b45e', 'connection': 'close', 'status': '200', 'content-location': 'http://10.201.9.223/volume/v3/volumes/677bf1e0-5131-42ff-a805-7ad7500f2119'}
        Body: b'{"volume": {"id": "677bf1e0-5131-42ff-a805-7ad7500f2119", "status": "creating", "size": 1, "availability_zone": "nova", "created_at": "2026-03-17T11:05:37.000000", "updated_at": null, "name": "tempest-VolumeQuotasAdminTestJSON-Volume-1940264534", "description": null, "volume_type": "3par1", "snapshot_id": null, "source_volid": null, "metadata": {}, "links": [{"rel": "self", "href": "http://10.201.9.223/volume/v3/volumes/677bf1e0-5131-42ff-a805-7ad7500f2119"}, {"rel": "bookmark", "href": "http://10.201.9.223/volume/volumes/677bf1e0-5131-42ff-a805-7ad7500f2119"}], "user_id": "cfbe77ee88204430917905a933bfb889", "bootable": "false", "encrypted": false, "replication_status": null, "consistencygroup_id": null, "multiattach": false, "attachments": [], "os-vol-tenant-attr:tenant_id": "1cebe539c61142c48978300fb439532e"}}'
2026-03-17 11:05:38,141 125212 INFO     [tempest.lib.common.rest_client] Request (VolumeQuotasAdminTestJSON:test_quota_usage): 200 GET http://10.201.9.223/volume/v3/volumes/677bf1e0-5131-42ff-a805-7ad7500f2119 0.034s
2026-03-17 11:05:38,142 125212 DEBUG    [tempest.lib.common.rest_client] Request - Headers: {'Content-Type': 'application/json', 'Accept': 'application/json', 'X-Auth-Token': '<omitted>'}
        Body: None
    Response - Headers: {'date': 'Tue, 17 Mar 2026 11:05:38 GMT', 'server': 'Apache/2.4.58 (Ubuntu)', 'content-type': 'application/json', 'x-compute-request-id': 'req-e7ee2c6c-496d-415e-a53d-9959ab5a74e6', 'content-length': '844', 'openstack-api-version': 'volume 3.0', 'vary': 'OpenStack-API-Version', 'x-openstack-request-id': 'req-e7ee2c6c-496d-415e-a53d-9959ab5a74e6', 'connection': 'close', 'status': '200', 'content-location': 'http://10.201.9.223/volume/v3/volumes/677bf1e0-5131-42ff-a805-7ad7500f2119'}
        Body: b'{"volume": {"id": "677bf1e0-5131-42ff-a805-7ad7500f2119", "status": "error", "size": 1, "availability_zone": "nova", "created_at": "2026-03-17T11:05:37.000000", "updated_at": "2026-03-17T11:05:37.000000", "name": "tempest-VolumeQuotasAdminTestJSON-Volume-1940264534", "description": null, "volume_type": "3par1", "snapshot_id": null, "source_volid": null, "metadata": {}, "links": [{"rel": "self", "href": "http://10.201.9.223/volume/v3/volumes/677bf1e0-5131-42ff-a805-7ad7500f2119"}, {"rel": "bookmark", "href": "http://10.201.9.223/volume/volumes/677bf1e0-5131-42ff-a805-7ad7500f2119"}], "user_id": "cfbe77ee88204430917905a933bfb889", "bootable": "false", "encrypted": false, "replication_status": null, "consistencygroup_id": null, "multiattach": false, "attachments": [], "os-vol-tenant-attr:tenant_id": "1cebe539c61142c48978300fb439532e"}}'
2026-03-17 11:05:38,167 125212 INFO     [tempest.lib.common.rest_client] Request (VolumeQuotasAdminTestJSON:_run_cleanups): 200 GET http://10.201.9.223/volume/v3/volumes/677bf1e0-5131-42ff-a805-7ad7500f2119 0.021s
2026-03-17 11:05:38,167 125212 DEBUG    [tempest.lib.common.rest_client] Request - Headers: {'Content-Type': 'application/json', 'Accept': 'application/json', 'X-Auth-Token': '<omitted>'}
        Body: None
    Response - Headers: {'date': 'Tue, 17 Mar 2026 11:05:38 GMT', 'server': 'Apache/2.4.58 (Ubuntu)', 'content-type': 'application/json', 'x-compute-request-id': 'req-8cf559ec-4aeb-490d-bff5-ea08470156aa', 'content-length': '844', 'openstack-api-version': 'volume 3
    .0', 'vary': 'OpenStack-API-Version', 'x-openstack-request-id': 'req-8cf559ec-4aeb-490d-bff5-ea08470156aa', 'connection': 'close', 'status': '200', 'content-location': 'http://10.201.9.223/volume/v3/volumes/677bf1e0-5131-42ff-a805-7ad7500f2119'}
        Body: b'{"volume": {"id": "677bf1e0-5131-42ff-a805-7ad7500f2119", "status": "error", "size": 1, "availability_zone": "nova", "created_at": "2026-03-17T11:05:37.000000", "updated_at": "2026-03-17T11:05:37.000000", "name": "tempest-VolumeQuotasAdminTestJSON-Volume-1940264534", "description": null, "volume_type": "3par1", "snapshot_id": null, "source_volid": null, "metadata": {}, "links": [{"rel": "self", "href": "http://10.201.9.223/volume/v3/volumes/677bf1e0-5131-42ff-a805-7ad7500f2119"}, {"rel": "bookmark", "href": "http://10.201.9.223/volume/volumes/677bf1e0-5131-42ff-a805-7ad7500f2119"}], "user_id": "cfbe77ee88204430917905a933bfb889", "bootable": "false", "encrypted": false, "replication_status": null, "consistencygroup_id": null, "multiattach": false, "attachments": [], "os-vol-tenant-attr:tenant_id": "1cebe539c61142c48978300fb439532e"}}'
2026-03-17 11:05:38,249 125212 INFO     [tempest.lib.common.rest_client] Request (VolumeQuotasAdminTestJSON:_run_cleanups): 202 DELETE http://10.201.9.223/volume/v3/volumes/677bf1e0-5131-42ff-a805-7ad7500f2119 0.077s
2026-03-17 11:05:38,249 125212 DEBUG    [tempest.lib.common.rest_client] Request - Headers: {'Content-Type': 'application/json', 'Accept': 'application/json', 'X-Auth-Token': '<omitted>'}
        Body: None
    Response - Headers: {'date': 'Tue, 17 Mar 2026 11:05:38 GMT', 'server': 'Apache/2.4.58 (Ubuntu)', 'content-length': '0', 'content-type': 'text/html; charset=UTF-8', 'openstack-api-version': 'volume 3.0', 'vary': 'OpenStack-API-Version', 'x-openstack-request-id': 'req-224a0edf-9367-44da-97c5-416ea54a74df', 'connection': 'close', 'status': '202', 'content-location': 'http://10.201.9.223/volume/v3/volumes/677bf1e0-5131-42ff-a805-7ad7500f2119'}
        Body: b''
2026-03-17 11:05:38,265 125212 INFO     [tempest.lib.common.rest_client] Request (VolumeQuotasAdminTestJSON:_run_cleanups): 404 GET http://10.201.9.223/volume/v3/volumes/677bf1e0-5131-42ff-a805-7ad7500f2119 0.015s
2026-03-17 11:05:38,265 125212 DEBUG    [tempest.lib.common.rest_client] Request - Headers: {'Content-Type': 'application/json', 'Accept': 'application/json', 'X-Auth-Token': '<omitted>'}
        Body: None
    Response - Headers: {'date': 'Tue, 17 Mar 2026 11:05:38 GMT', 'server': 'Apache/2.4.58 (Ubuntu)', 'openstack-api-version': 'volume 3.0', 'vary': 'OpenStack-API-Version', 'content-length': '109', 'content-type': 'application/json', 'x-compute-request-id': 'req-3241199f-72d1-408e-a95e-0087b72130f7', 'x-openstack-request-id': 'req-3241199f-72d1-408e-a95e-0087b72130f7', 'connection': 'close', 'status': '404', 'content-location': 'http://10.201.9.223/volume/v3/volumes/677bf1e0-5131-42ff-a805-7ad7500f2119'}
        Body: b'{"itemNotFound": {"code": 404, "message": "Volume 677bf1e0-5131-42ff-a805-7ad7500f2119 could not be found."}}'


tempest.api.volume.******.test_volume_quotas.VolumeQuotasAdminTestJSON.test_quota_usage_after_volume_transfer[id-8911036f-9d54-4720-80cc-a1c9796a8805]
-----------------------------------------------------------------------------------------------------------------------------------------------------

Captured traceback:
~~~~~~~~~~~~~~~~~~~
    Traceback (most recent call last):

      File "/opt/stack/tempest/tempest/api/volume/******/test_volume_quotas.py", line 141, in test_quota_usage_after_volume_transfer
    volume = self.create_volume()
             ^^^^^^^^^^^^^^^^^^^^

      File "/opt/stack/tempest/tempest/api/volume/base.py", line 144, in create_volume
    waiters.wait_for_volume_resource_status(self.volumes_client,

      File "/opt/stack/tempest/tempest/common/waiters.py", line 379, in wait_for_volume_resource_status
    raise exceptions.VolumeResourceBuildErrorException(

    tempest.exceptions.VolumeResourceBuildErrorException: volume 66ea55f4-9489-4d78-a4dc-e48b09a36fd9 failed to build and is in ERROR status


Captured pythonlogging:
~~~~~~~~~~~~~~~~~~~~~~~
    2026-03-17 11:05:38,389 125212 INFO     [tempest.lib.common.rest_client] Request (VolumeQuotasAdminTestJSON:test_quota_usage_after_volume_transfer): 202 POST http://10.201.9.223/volume/v3/volumes 0.122s
2026-03-17 11:05:38,389 125212 DEBUG    [tempest.lib.common.rest_client] Request - Headers: {'Content-Type': 'application/json', 'Accept': 'application/json', 'X-Auth-Token': '<omitted>'}
        Body: {"volume": {"size": 1, "name": "tempest-VolumeQuotasAdminTestJSON-Volume-1125308641"}}
    Response - Headers: {'date': 'Tue, 17 Mar 2026 11:05:38 GMT', 'server': 'Apache/2.4.58 (Ubuntu)', 'content-type': 'application/json', 'x-compute-request-id': 'req-21236558-daa9-4039-b4dc-da187c4894f9', 'content-length': '755', 'openstack-api-version': 'volume 3.0', 'vary': 'OpenStack-API-Version', 'x-openstack-request-id': 'req-21236558-daa9-4039-b4dc-da187c4894f9', 'connection': 'close', 'status': '202', 'content-location': 'http://10.201.9.223/volume/v3/volumes'}
        Body: b'{"volume": {"id": "66ea55f4-9489-4d78-a4dc-e48b09a36fd9", "status": "creating", "size": 1, "availability_zone": "nova", "created_at": "2026-03-17T11:05:38.345574", "updated_at": null, "name": "tempest-VolumeQuotasAdminTestJSON-Volume-1125308641", "description": null, "volume_type": "3par1", "snapshot_id": null, "source_volid": null, "metadata": {}, "links": [{"rel": "self", "href": "http://10.201.9.223/volume/v3/volumes/66ea55f4-9489-4d78-a4dc-e48b09a36fd9"}, {"rel": "bookmark", "href": "http://10.201.9.223/volume/volumes/66ea55f4-9489-4d78-a4dc-e48b09a36fd9"}], "user_id": "cfbe77ee88204430917905a933bfb889", "bootable": "false", "encrypted": false, "replication_status": null, "consistencygroup_id": null, "multiattach": false, "attachments": []}}'
2026-03-17 11:05:38,421 125212 INFO     [tempest.lib.common.rest_client] Request (VolumeQuotasAdminTestJSON:test_quota_usage_after_volume_transfer): 200 GET http://10.201.9.223/volume/v3/volumes/66ea55f4-9489-4d78-a4dc-e48b09a36fd9 0.026s
2026-03-17 11:05:38,421 125212 DEBUG    [tempest.lib.common.rest_client] Request - Headers: {'Content-Type': 'application/json', 'Accept': 'application/json', 'X-Auth-Token': '<omitted>'}
        Body: None
    Response - Headers: {'date': 'Tue, 17 Mar 2026 11:05:38 GMT', 'server': 'Apache/2.4.58 (Ubuntu)', 'content-type': 'application/json', 'x-compute-request-id': 'req-5ff56bcd-106a-427c-83a1-b37c0425f00c', 'content-length': '823', 'openstack-api-version': 'volume 3.0', 'vary': 'OpenStack-API-Version', 'x-openstack-request-id': 'req-5ff56bcd-106a-427c-83a1-b37c0425f00c', 'connection': 'close', 'status': '200', 'content-location': 'http://10.201.9.223/volume/v3/volumes/66ea55f4-9489-4d78-a4dc-e48b09a36fd9'}
        Body: b'{"volume": {"id": "66ea55f4-9489-4d78-a4dc-e48b09a36fd9", "status": "creating", "size": 1, "availability_zone": "nova", "created_at": "2026-03-17T11:05:38.000000", "updated_at": null, "name": "tempest-VolumeQuotasAdminTestJSON-Volume-1125308641", "description": null, "volume_type": "3par1", "snapshot_id": null, "source_volid": null, "metadata": {}, "links": [{"rel": "self", "href": "http://10.201.9.223/volume/v3/volumes/66ea55f4-9489-4d78-a4dc-e48b09a36fd9"}, {"rel": "bookmark", "href": "http://10.201.9.223/volume/volumes/66ea55f4-9489-4d78-a4dc-e48b09a36fd9"}], "user_id": "cfbe77ee88204430917905a933bfb889", "bootable": "false", "encrypted": false, "replication_status": null, "consistencygroup_id": null, "multiattach": false, "attachments": [], "os-vol-tenant-attr:tenant_id": "1cebe539c61142c48978300fb439532e"}}'
2026-03-17 11:05:39,459 125212 INFO     [tempest.lib.common.rest_client] Request (VolumeQuotasAdminTestJSON:test_quota_usage_after_volume_transfer): 200 GET http://10.201.9.223/volume/v3/volumes/66ea55f4-9489-4d78-a4dc-e48b09a36fd9 0.033s
2026-03-17 11:05:39,460 125212 DEBUG    [tempest.lib.common.rest_client] Request - Headers: {'Content-Type': 'application/json', 'Accept': 'application/json', 'X-Auth-Token': '<omitted>'}
        Body: None
    Response - Headers: {'date': 'Tue, 17 Mar 2026 11:05:39 GMT', 'server': 'Apache/2.4.58 (Ubuntu)', 'content-ty
    pe': 'application/json', 'x-compute-request-id': 'req-a2635b19-3f5c-4a90-911a-8a00bad8444e', 'content-length': '844', 'openstack-api-version': 'volume 3.0', 'vary': 'OpenStack-API-Version', 'x-openstack-request-id': 'req-a2635b19-3f5c-4a90-911a-8a00bad8444e', 'connection': 'close', 'status': '200', 'content-location': 'http://10.201.9.223/volume/v3/volumes/66ea55f4-9489-4d78-a4dc-e48b09a36fd9'}
        Body: b'{"volume": {"id": "66ea55f4-9489-4d78-a4dc-e48b09a36fd9", "status": "error", "size": 1, "availability_zone": "nova", "created_at": "2026-03-17T11:05:38.000000", "updated_at": "2026-03-17T11:05:38.000000", "name": "tempest-VolumeQuotasAdminTestJSON-Volume-1125308641", "description": null, "volume_type": "3par1", "snapshot_id": null, "source_volid": null, "metadata": {}, "links": [{"rel": "self", "href": "http://10.201.9.223/volume/v3/volumes/66ea55f4-9489-4d78-a4dc-e48b09a36fd9"}, {"rel": "bookmark", "href": "http://10.201.9.223/volume/volumes/66ea55f4-9489-4d78-a4dc-e48b09a36fd9"}], "user_id": "cfbe77ee88204430917905a933bfb889", "bootable": "false", "encrypted": false, "replication_status": null, "consistencygroup_id": null, "multiattach": false, "attachments": [], "os-vol-tenant-attr:tenant_id": "1cebe539c61142c48978300fb439532e"}}'
2026-03-17 11:05:39,494 125212 INFO     [tempest.lib.common.rest_client] Request (VolumeQuotasAdminTestJSON:_run_cleanups): 200 GET http://10.201.9.223/volume/v3/volumes/66ea55f4-9489-4d78-a4dc-e48b09a36fd9 0.030s
2026-03-17 11:05:39,495 125212 DEBUG    [tempest.lib.common.rest_client] Request - Headers: {'Content-Type': 'application/json', 'Accept': 'application/json', 'X-Auth-Token': '<omitted>'}
        Body: None
    Response - Headers: {'date': 'Tue, 17 Mar 2026 11:05:39 GMT', 'server': 'Apache/2.4.58 (Ubuntu)', 'content-type': 'application/json', 'x-compute-request-id': 'req-aff226bd-a39c-4e86-a4b0-348a3018892d', 'content-length': '844', 'openstack-api-version': 'volume 3.0', 'vary': 'OpenStack-API-Version', 'x-openstack-request-id': 'req-aff226bd-a39c-4e86-a4b0-348a3018892d', 'connection': 'close', 'status': '200', 'content-location': 'http://10.201.9.223/volume/v3/volumes/66ea55f4-9489-4d78-a4dc-e48b09a36fd9'}
        Body: b'{"volume": {"id": "66ea55f4-9489-4d78-a4dc-e48b09a36fd9", "status": "error", "size": 1, "availability_zone": "nova", "created_at": "2026-03-17T11:05:38.000000", "updated_at": "2026-03-17T11:05:38.000000", "name": "tempest-VolumeQuotasAdminTestJSON-Volume-1125308641", "description": null, "volume_type": "3par1", "snapshot_id": null, "source_volid": null, "metadata": {}, "links": [{"rel": "self", "href": "http://10.201.9.223/volume/v3/volumes/66ea55f4-9489-4d78-a4dc-e48b09a36fd9"}, {"rel": "bookmark", "href": "http://10.201.9.223/volume/volumes/66ea55f4-9489-4d78-a4dc-e48b09a36fd9"}], "user_id": "cfbe77ee88204430917905a933bfb889", "bootable": "false", "encrypted": false, "replication_status": null, "consistencygroup_id": null, "multiattach": false, "attachments": [], "os-vol-tenant-attr:tenant_id": "1cebe539c61142c48978300fb439532e"}}'
2026-03-17 11:05:39,562 125212 INFO     [tempest.lib.common.rest_client] Request (VolumeQuotasAdminTestJSON:_run_cleanups): 202 DELETE http://10.201.9.223/volume/v3/volumes/66ea55f4-9489-4d78-a4dc-e48b09a36fd9 0.060s
2026-03-17 11:05:39,563 125212 DEBUG    [tempest.lib.common.rest_client] Request - Headers: {'Content-Type': 'application/json', 'Accept': 'application/json', 'X-Auth-Token': '<omitted>'}
        Body: None
    Response - Headers: {'date': 'Tue, 17 Mar 2026 11:05:39 GMT', 'server': 'Apache/2.4.58 (Ubuntu)', 'content-length': '0', 'content-type': 'text/html; charset=UTF-8', 'openstack-api-version': 'volume 3.0', 'vary': 'OpenStack-API-Version', 'x-openstack-request-id': 'req-ae604ee3-4c02-4179-b7e4-8d5b8408de2e', 'connection': 'close', 'status': '202', 'content-location': 'http://10.201.9.223/volume/v3/volumes/66ea55f4-9489-4d78-a4dc-e48b09a36fd9'}
        Body: b''
2026-03-17 11:05:39,576 125212 INFO     [tempest.lib.common.rest_client] Request (VolumeQuotasAdminTestJSON:_run_cleanups): 404 GET http://10.201.9.223
    /volume/v3/volumes/66ea55f4-9489-4d78-a4dc-e48b09a36fd9 0.012s
2026-03-17 11:05:39,576 125212 DEBUG    [tempest.lib.common.rest_client] Request - Headers: {'Content-Type': 'application/json', 'Accept': 'application/json', 'X-Auth-Token': '<omitted>'}
        Body: None
    Response - Headers: {'date': 'Tue, 17 Mar 2026 11:05:39 GMT', 'server': 'Apache/2.4.58 (Ubuntu)', 'openstack-api-version': 'volume 3.0', 'vary': 'OpenStack-API-Version', 'content-length': '109', 'content-type': 'application/json', 'x-compute-request-id': 'req-d9c803cb-7591-4081-891d-34583b3c8d61', 'x-openstack-request-id': 'req-d9c803cb-7591-4081-891d-34583b3c8d61', 'connection': 'close', 'status': '404', 'content-location': 'http://10.201.9.223/volume/v3/volumes/66ea55f4-9489-4d78-a4dc-e48b09a36fd9'}
        Body: b'{"itemNotFound": {"code": 404, "message": "Volume 66ea55f4-9489-4d78-a4dc-e48b09a36fd9 could not be found."}}'


setUpClass (tempest.api.volume.******.test_volume_quotas_negative.VolumeQuotasNegativeTestJSON)
----------------------------------------------------------------------------------------------

Captured traceback:
~~~~~~~~~~~~~~~~~~~
    Traceback (most recent call last):

      File "/opt/stack/tempest/tempest/test.py", line 185, in setUpClass
    raise value.with_traceback(trace)

      File "/opt/stack/tempest/tempest/test.py", line 178, in setUpClass
    cls.resource_setup()

      File "/opt/stack/tempest/tempest/api/volume/******/test_volume_quotas_negative.py", line 51, in resource_setup
    cls.volume = cls.create_volume()
                 ^^^^^^^^^^^^^^^^^^^

      File "/opt/stack/tempest/tempest/api/volume/base.py", line 144, in create_volume
    waiters.wait_for_volume_resource_status(self.volumes_client,

      File "/opt/stack/tempest/tempest/common/waiters.py", line 379, in wait_for_volume_resource_status
    raise exceptions.VolumeResourceBuildErrorException(

    tempest.exceptions.VolumeResourceBuildErrorException: volume b976b065-9999-4216-8855-1f71a20a01b3 failed to build and is in ERROR status


tempest.api.volume.******.test_volume_retype.VolumeRetypeMultiattachTest.test_volume_retype_multiattach[id-c0521465-ed82-4d03-961d-a68d673a5051]
-----------------------------------------------------------------------------------------------------------------------------------------------

Captured traceback:
~~~~~~~~~~~~~~~~~~~
    Traceback (most recent call last):

      File "/opt/stack/tempest/tempest/api/volume/******/test_volume_retype.py", line 247, in test_volume_retype_multiattach
    vol = self.create_volume(volume_type=self.src_vol_type['name'])
          ^^^^^^^^^^^^^^^^^^^^^^^^^^^^^^^^^^^^^^^^^^^^^^^^^^^^^^^^^

      File "/opt/stack/tempest/tempest/api/volume/base.py", line 144, in create_volume
    waiters.wait_for_volume_resource_status(self.volumes_client,

      File "/opt/stack/tempest/tempest/common/waiters.py", line 379, in wait_for_volume_resource_status
    raise exceptions.VolumeResourceBuildErrorException(

    tempest.exceptions.VolumeResourceBuildErrorException: volume 615507a3-c3ff-4f56-b37b-85655305de92 failed to build and is in ERROR status


Captured pythonlogging:
~~~~~~~~~~~~~~~~~~~~~~~
    2026-03-17 11:05:46,010 125212 INFO     [tempest.lib.common.rest_client] Request (VolumeRetypeMultiattachTest:test_volume_retype_multiattach): 202 POST http://10.201.9.223/volume/v3/volumes 0.225s
2026-03-17 11:05:46,010 125212 DEBUG    [tempest.lib.common.rest_client] Request - Headers: {'Content-Type': 'application/json', 'Accept': 'application/json', 'Openstack-Api-Version': 'volume 3.50', 'X-Auth-Token': '<omitted>'}
        Body: {"volume": {"volume_type": "tempest-VolumeRetypeMultiattachTest-volume-type-2067096498", "size": 1, "name": "tempest-VolumeRetypeMultiattachTest-Volume-2105682416"}}
    Response - Headers: {'date': 'Tue, 17 Mar 2026 11:05:45 GMT', 'server': 'Apache/2.4.58 (Ubuntu)', 'content-type': 'application/json', 'x-compute-request-id': 'req-1fd80f80-3c47-48a0-b0ce-4d37620a4f0d', 'content-length': '874', 'openstack-api-version': 'volume 3.50', 'vary': 'OpenStack-API-Version', 'x-openstack-request-id': 'req-1fd80f80-3c47-48a0-b0ce-4d37620a4f0d', 'connection': 'close', 'status': '202', 'content-location': 'http://10.201.9.223/volume/v3/volumes'}
        Body: b'{"volume": {"id": "615507a3-c3ff-4f56-b37b-85655305de92", "status": "creating", "size": 1, "availability_zone": "nova", "created_at": "2026-03-17T11:05:45.953146", "updated_at": null, "name": "tempest-VolumeRetypeMultiattachTest-Volume-2105682416", "description": null, "volume_type": "tempest-VolumeRetypeMultiattachTest-volume-type-2067096498", "snapshot_id": null, "source_volid": null, "metadata": {}, "links": [{"rel": "self", "href": "http://10.201.9.223/volume/v3/volumes/615507a3-c3ff-4f56-b37b-85655305de92"}, {"rel": "bookmark", "href": "http://10.201.9.223/volume/volumes/615507a3-c3ff-4f56-b37b-85655305de92"}], "user_id": "abadab96842d4c5aa5eb8474661eaa39", "bootable": "false", "encrypted": false, "replication_status": null, "consistencygroup_id": null, "multiattach": false, "attachments": [], "group_id": null, "shared_targets": true, "service_uuid": null}}'
2026-03-17 11:05:46,044 125212 INFO     [tempest.lib.common.rest_client] Request (VolumeRetypeMultiattachTest:test_volume_retype_multiattach): 200 GET http://10.201.9.223/volume/v3/volumes/615507a3-c3ff-4f56-b37b-85655305de92 0.024s
2026-03-17 11:05:46,044 125212 DEBUG    [tempest.lib.common.rest_client] Request - Headers: {'Content-Type': 'application/json', 'Accept': 'application/json', 'Openstack-Api-Version': 'volume 3.50', 'X-Auth-Token': '<omitted>'}
        Body: None
    Response - Headers: {'date': 'Tue, 17 Mar 2026 11:05:46 GMT', 'server': 'Apache/2.4.58 (Ubuntu)', 'content-type': 'application/json', 'x-compute-request-id': 'req-fba3d689-6ba0-4644-872b-51c7e5f73bc3', 'content-length': '942', 'openstack-api-version': 'volume 3.50', 'vary': 'OpenStack-API-Version', 'x-openstack-request-id': 'req-fba3d689-6ba0-4644-872b-51c7e5f73bc3', 'connection': 'close', 'status': '200', 'content-location': 'http://10.201.9.223/volume/v3/volumes/615507a3-c3ff-4f56-b37b-85655305de92'}
        Body: b'{"volume": {"id": "615507a3-c3ff-4f56-b37b-85655305de92", "status": "creating", "size": 1, "availability_zone": "nova", "created_at": "2026-03-17T11:05:46.000000", "updated_at": null, "name": "tempest-VolumeRetypeMultiattachTest-Volume-2105682416", "description": null, "volume_type": "tempest-VolumeRetypeMultiattachTest-volume-type-2067096498", "snapshot_id": null, "source_volid": null, "metadata": {}, "links": [{"rel": "self", "href": "http://10.201.9.223/volume/v3/volumes/615507a3-c3ff-4f56-b37b-85655305de92"}, {"rel": "bookmark", "href": "http://10.201.9.223/volume/volumes/615507a3-c3ff-4f56-b37b-85655305de92"}], "user_id": "abadab96842d4c5aa5eb8474661eaa39", "bootable": "false", "encrypted": false, "replication_status": null, "consistencygroup_id": null, "multiattach": false, "attachments": [], "group_id": null, "shared_targets": true, "service_uuid": null, "os-vol-tenant-attr:tenant_id": "7f456b8e006940dfac29fc0980caa40d"}}'
2026-03-17 11:05:47,081 125212 INFO     [tempest.lib.common.rest_client] Request (VolumeRetypeMultiattachTest:test_volume_retype_multiattach): 200 GET http://10.201.9.223/v
    olume/v3/volumes/615507a3-c3ff-4f56-b37b-85655305de92 0.031s
2026-03-17 11:05:47,082 125212 DEBUG    [tempest.lib.common.rest_client] Request - Headers: {'Content-Type': 'application/json', 'Accept': 'application/json', 'Openstack-Api-Version': 'volume 3.50', 'X-Auth-Token': '<omitted>'}
        Body: None
    Response - Headers: {'date': 'Tue, 17 Mar 2026 11:05:47 GMT', 'server': 'Apache/2.4.58 (Ubuntu)', 'content-type': 'application/json', 'x-compute-request-id': 'req-c15939dc-f5b5-4cd9-8c04-29cd42c56f03', 'content-length': '963', 'openstack-api-version': 'volume 3.50', 'vary': 'OpenStack-API-Version', 'x-openstack-request-id': 'req-c15939dc-f5b5-4cd9-8c04-29cd42c56f03', 'connection': 'close', 'status': '200', 'content-location': 'http://10.201.9.223/volume/v3/volumes/615507a3-c3ff-4f56-b37b-85655305de92'}
        Body: b'{"volume": {"id": "615507a3-c3ff-4f56-b37b-85655305de92", "status": "error", "size": 1, "availability_zone": "nova", "created_at": "2026-03-17T11:05:46.000000", "updated_at": "2026-03-17T11:05:46.000000", "name": "tempest-VolumeRetypeMultiattachTest-Volume-2105682416", "description": null, "volume_type": "tempest-VolumeRetypeMultiattachTest-volume-type-2067096498", "snapshot_id": null, "source_volid": null, "metadata": {}, "links": [{"rel": "self", "href": "http://10.201.9.223/volume/v3/volumes/615507a3-c3ff-4f56-b37b-85655305de92"}, {"rel": "bookmark", "href": "http://10.201.9.223/volume/volumes/615507a3-c3ff-4f56-b37b-85655305de92"}], "user_id": "abadab96842d4c5aa5eb8474661eaa39", "bootable": "false", "encrypted": false, "replication_status": null, "consistencygroup_id": null, "multiattach": false, "attachments": [], "group_id": null, "shared_targets": true, "service_uuid": null, "os-vol-tenant-attr:tenant_id": "7f456b8e006940dfac29fc0980caa40d"}}'
2026-03-17 11:05:47,111 125212 INFO     [tempest.lib.common.rest_client] Request (VolumeRetypeMultiattachTest:_run_cleanups): 200 GET http://10.201.9.223/volume/v3/volumes/615507a3-c3ff-4f56-b37b-85655305de92 0.018s
2026-03-17 11:05:47,111 125212 DEBUG    [tempest.lib.common.rest_client] Request - Headers: {'Content-Type': 'application/json', 'Accept': 'application/json', 'Openstack-Api-Version': 'volume 3.50', 'X-Auth-Token': '<omitted>'}
        Body: None
    Response - Headers: {'date': 'Tue, 17 Mar 2026 11:05:47 GMT', 'server': 'Apache/2.4.58 (Ubuntu)', 'content-type': 'application/json', 'x-compute-request-id': 'req-fa6091c4-ff33-4b9b-8b4b-6e6101c05393', 'content-length': '963', 'openstack-api-version': 'volume 3.50', 'vary': 'OpenStack-API-Version', 'x-openstack-request-id': 'req-fa6091c4-ff33-4b9b-8b4b-6e6101c05393', 'connection': 'close', 'status': '200', 'content-location': 'http://10.201.9.223/volume/v3/volumes/615507a3-c3ff-4f56-b37b-85655305de92'}
        Body: b'{"volume": {"id": "615507a3-c3ff-4f56-b37b-85655305de92", "status": "error", "size": 1, "availability_zone": "nova", "created_at": "2026-03-17T11:05:46.000000", "updated_at": "2026-03-17T11:05:46.000000", "name": "tempest-VolumeRetypeMultiattachTest-Volume-2105682416", "description": null, "volume_type": "tempest-VolumeRetypeMultiattachTest-volume-type-2067096498", "snapshot_id": null, "source_volid": null, "metadata": {}, "links": [{"rel": "self", "href": "http://10.201.9.223/volume/v3/volumes/615507a3-c3ff-4f56-b37b-85655305de92"}, {"rel": "bookmark", "href": "http://10.201.9.223/volume/volumes/615507a3-c3ff-4f56-b37b-85655305de92"}], "user_id": "abadab96842d4c5aa5eb8474661eaa39", "bootable": "false", "encrypted": false, "replication_status": null, "consistencygroup_id": null, "multiattach": false, "attachments": [], "group_id": null, "shared_targets": true, "service_uuid": null, "os-vol-tenant-attr:tenant_id": "7f456b8e006940dfac29fc0980caa40d"}}'
2026-03-17 11:05:47,178 125212 INFO     [tempest.lib.common.rest_client] Request (VolumeRetypeMultiattachTest:_run_cleanups): 202 DELETE http://10.201.9.223/volume/v3/volumes/615507a3-c3ff-4f56-b37b-85655305de92 0.062s
2026-03-17 11:05:47,178 125212 DEBUG    [tempest.lib.common.rest_client] Request - Headers: {'Content-Type': 'applicatio
    n/json', 'Accept': 'application/json', 'Openstack-Api-Version': 'volume 3.50', 'X-Auth-Token': '<omitted>'}
        Body: None
    Response - Headers: {'date': 'Tue, 17 Mar 2026 11:05:47 GMT', 'server': 'Apache/2.4.58 (Ubuntu)', 'content-length': '0', 'content-type': 'text/html; charset=UTF-8', 'openstack-api-version': 'volume 3.50', 'vary': 'OpenStack-API-Version', 'x-openstack-request-id': 'req-a9731551-7d0f-4d58-a1bd-dab1589e21a2', 'connection': 'close', 'status': '202', 'content-location': 'http://10.201.9.223/volume/v3/volumes/615507a3-c3ff-4f56-b37b-85655305de92'}
        Body: b''
2026-03-17 11:05:47,188 125212 INFO     [tempest.lib.common.rest_client] Request (VolumeRetypeMultiattachTest:_run_cleanups): 404 GET http://10.201.9.223/volume/v3/volumes/615507a3-c3ff-4f56-b37b-85655305de92 0.010s
2026-03-17 11:05:47,188 125212 DEBUG    [tempest.lib.common.rest_client] Request - Headers: {'Content-Type': 'application/json', 'Accept': 'application/json', 'Openstack-Api-Version': 'volume 3.50', 'X-Auth-Token': '<omitted>'}
        Body: None
    Response - Headers: {'date': 'Tue, 17 Mar 2026 11:05:47 GMT', 'server': 'Apache/2.4.58 (Ubuntu)', 'openstack-api-version': 'volume 3.50', 'vary': 'OpenStack-API-Version', 'content-length': '109', 'content-type': 'application/json', 'x-compute-request-id': 'req-6aff5e99-732f-43b1-96b6-d86d971a3ec1', 'x-openstack-request-id': 'req-6aff5e99-732f-43b1-96b6-d86d971a3ec1', 'connection': 'close', 'status': '404', 'content-location': 'http://10.201.9.223/volume/v3/volumes/615507a3-c3ff-4f56-b37b-85655305de92'}
        Body: b'{"itemNotFound": {"code": 404, "message": "Volume 615507a3-c3ff-4f56-b37b-85655305de92 could not be found."}}'


tempest.api.volume.******.test_volume_retype.VolumeRetypeWithoutMigrationTest.test_available_volume_retype[id-b90412ee-465d-46e9-b249-ec84a47d5f25]
--------------------------------------------------------------------------------------------------------------------------------------------------

Captured traceback:
~~~~~~~~~~~~~~~~~~~
    Traceback (most recent call last):

      File "/opt/stack/tempest/tempest/api/volume/******/test_volume_retype.py", line 203, in test_available_volume_retype
    src_vol = self.create_volume(volume_type=self.src_vol_type['name'])
              ^^^^^^^^^^^^^^^^^^^^^^^^^^^^^^^^^^^^^^^^^^^^^^^^^^^^^^^^^

      File "/opt/stack/tempest/tempest/api/volume/base.py", line 144, in create_volume
    waiters.wait_for_volume_resource_status(self.volumes_client,

      File "/opt/stack/tempest/tempest/common/waiters.py", line 379, in wait_for_volume_resource_status
    raise exceptions.VolumeResourceBuildErrorException(

    tempest.exceptions.VolumeResourceBuildErrorException: volume be41096f-33d9-4c0d-8ee6-691ef5705ef4 failed to build and is in ERROR status


Captured pythonlogging:
~~~~~~~~~~~~~~~~~~~~~~~
    2026-03-17 11:05:49,415 125212 INFO     [tempest.lib.common.rest_client] Request (VolumeRetypeWithoutMigrationTest:test_available_volume_retype): 202 POST http://10.201.9.223/volume/v3/volumes 0.190s
2026-03-17 11:05:49,415 125212 DEBUG    [tempest.lib.common.rest_client] Request - Headers: {'Content-Type': 'application/json', 'Accept': 'application/json', 'X-Auth-Token': '<omitted>'}
        Body: {"volume": {"volume_type": "volume-type-1", "size": 1, "name": "tempest-VolumeRetypeWithoutMigrationTest-Volume-1999556659"}}
    Response - Headers: {'date': 'Tue, 17 Mar 2026 11:05:49 GMT', 'server': 'Apache/2.4.58 (Ubuntu)', 'content-type': 'application/json', 'x-compute-request-id': 'req-82edd2c7-999e-4776-834c-eaeb673de231', 'content-length': '770', 'openstack-api-version': 'volume 3.0', 'vary': 'OpenStack-API-Version', 'x-openstack-request-id': 'req-82edd2c7-999e-4776-834c-eaeb673de231', 'connection': 'close', 'status': '202', 'content-location': 'http://10.201.9.223/volume/v3/volumes'}
        Body: b'{"volume": {"id": "be41096f-33d9-4c0d-8ee6-691ef5705ef4", "status": "creating", "size": 1, "availability_zone": "nova", "created_at": "2026-03-17T11:05:49.370405", "updated_at": null, "name": "tempest-VolumeRetypeWithoutMigrationTest-Volume-1999556659", "description": null, "volume_type": "volume-type-1", "snapshot_id": null, "source_volid": null, "metadata": {}, "links": [{"rel": "self", "href": "http://10.201.9.223/volume/v3/volumes/be41096f-33d9-4c0d-8ee6-691ef5705ef4"}, {"rel": "bookmark", "href": "http://10.201.9.223/volume/volumes/be41096f-33d9-4c0d-8ee6-691ef5705ef4"}], "user_id": "6f86ceea6679486d8d7509ed969ed3e2", "bootable": "false", "encrypted": false, "replication_status": null, "consistencygroup_id": null, "multiattach": false, "attachments": []}}'
2026-03-17 11:05:49,445 125212 INFO     [tempest.lib.common.rest_client] Request (VolumeRetypeWithoutMigrationTest:test_available_volume_retype): 200 GET http://10.201.9.223/volume/v3/volumes/be41096f-33d9-4c0d-8ee6-691ef5705ef4 0.026s
2026-03-17 11:05:49,446 125212 DEBUG    [tempest.lib.common.rest_client] Request - Headers: {'Content-Type': 'application/json', 'Accept': 'application/json', 'X-Auth-Token': '<omitted>'}
        Body: None
    Response - Headers: {'date': 'Tue, 17 Mar 2026 11:05:49 GMT', 'server': 'Apache/2.4.58 (Ubuntu)', 'content-type': 'application/json', 'x-compute-request-id': 'req-e06e9a31-7f83-4427-90b7-867621116d9f', 'content-length': '838', 'openstack-api-version': 'volume 3.0', 'vary': 'OpenStack-API-Version', 'x-openstack-request-id': 'req-e06e9a31-7f83-4427-90b7-867621116d9f', 'connection': 'close', 'status': '200', 'content-location': 'http://10.201.9.223/volume/v3/volumes/be41096f-33d9-4c0d-8ee6-691ef5705ef4'}
        Body: b'{"volume": {"id": "be41096f-33d9-4c0d-8ee6-691ef5705ef4", "status": "creating", "size": 1, "availability_zone": "nova", "created_at": "2026-03-17T11:05:49.000000", "updated_at": null, "name": "tempest-VolumeRetypeWithoutMigrationTest-Volume-1999556659", "description": null, "volume_type": "volume-type-1", "snapshot_id": null, "source_volid": null, "metadata": {}, "links": [{"rel": "self", "href": "http://10.201.9.223/volume/v3/volumes/be41096f-33d9-4c0d-8ee6-691ef5705ef4"}, {"rel": "bookmark", "href": "http://10.201.9.223/volume/volumes/be41096f-33d9-4c0d-8ee6-691ef5705ef4"}], "user_id": "6f86ceea6679486d8d7509ed969ed3e2", "bootable": "false", "encrypted": false, "replication_status": null, "consistencygroup_id": null, "multiattach": false, "attachments": [], "os-vol-tenant-attr:tenant_id": "8d8beb5121054ae6a6240a05895eee17"}}'
2026-03-17 11:05:50,485 125212 INFO     [tempest.lib.common.rest_client] Request (VolumeRetypeWithoutMigrationTest:test_available_volume_retype): 200 GET http://10.201.9.223/volume/v3/volumes/be41096f-33d9-4c0d-8ee6-691ef5705ef4 0.032s
2026-03-17 11:05:50,485 125212 DEBUG    [tempest.lib.common.rest_client] Request - Headers: {'Content-Type': 'application/json', 'Accept': 'application/json', 'X-Auth-Token': '<omitted>'}
        Body: None
    Response - Headers: {'date': 'Tue, 17 Mar 2026 11
    :05:50 GMT', 'server': 'Apache/2.4.58 (Ubuntu)', 'content-type': 'application/json', 'x-compute-request-id': 'req-00e9f16b-5857-4967-9120-c8ded9ccab0c', 'content-length': '859', 'openstack-api-version': 'volume 3.0', 'vary': 'OpenStack-API-Version', 'x-openstack-request-id': 'req-00e9f16b-5857-4967-9120-c8ded9ccab0c', 'connection': 'close', 'status': '200', 'content-location': 'http://10.201.9.223/volume/v3/volumes/be41096f-33d9-4c0d-8ee6-691ef5705ef4'}
        Body: b'{"volume": {"id": "be41096f-33d9-4c0d-8ee6-691ef5705ef4", "status": "error", "size": 1, "availability_zone": "nova", "created_at": "2026-03-17T11:05:49.000000", "updated_at": "2026-03-17T11:05:49.000000", "name": "tempest-VolumeRetypeWithoutMigrationTest-Volume-1999556659", "description": null, "volume_type": "volume-type-1", "snapshot_id": null, "source_volid": null, "metadata": {}, "links": [{"rel": "self", "href": "http://10.201.9.223/volume/v3/volumes/be41096f-33d9-4c0d-8ee6-691ef5705ef4"}, {"rel": "bookmark", "href": "http://10.201.9.223/volume/volumes/be41096f-33d9-4c0d-8ee6-691ef5705ef4"}], "user_id": "6f86ceea6679486d8d7509ed969ed3e2", "bootable": "false", "encrypted": false, "replication_status": null, "consistencygroup_id": null, "multiattach": false, "attachments": [], "os-vol-tenant-attr:tenant_id": "8d8beb5121054ae6a6240a05895eee17"}}'
2026-03-17 11:05:50,526 125212 INFO     [tempest.lib.common.rest_client] Request (VolumeRetypeWithoutMigrationTest:_run_cleanups): 200 GET http://10.201.9.223/volume/v3/volumes/be41096f-33d9-4c0d-8ee6-691ef5705ef4 0.029s
2026-03-17 11:05:50,527 125212 DEBUG    [tempest.lib.common.rest_client] Request - Headers: {'Content-Type': 'application/json', 'Accept': 'application/json', 'X-Auth-Token': '<omitted>'}
        Body: None
    Response - Headers: {'date': 'Tue, 17 Mar 2026 11:05:50 GMT', 'server': 'Apache/2.4.58 (Ubuntu)', 'content-type': 'application/json', 'x-compute-request-id': 'req-f35e0c97-fc80-4df7-8ff2-fb67ad16377a', 'content-length': '859', 'openstack-api-version': 'volume 3.0', 'vary': 'OpenStack-API-Version', 'x-openstack-request-id': 'req-f35e0c97-fc80-4df7-8ff2-fb67ad16377a', 'connection': 'close', 'status': '200', 'content-location': 'http://10.201.9.223/volume/v3/volumes/be41096f-33d9-4c0d-8ee6-691ef5705ef4'}
        Body: b'{"volume": {"id": "be41096f-33d9-4c0d-8ee6-691ef5705ef4", "status": "error", "size": 1, "availability_zone": "nova", "created_at": "2026-03-17T11:05:49.000000", "updated_at": "2026-03-17T11:05:49.000000", "name": "tempest-VolumeRetypeWithoutMigrationTest-Volume-1999556659", "description": null, "volume_type": "volume-type-1", "snapshot_id": null, "source_volid": null, "metadata": {}, "links": [{"rel": "self", "href": "http://10.201.9.223/volume/v3/volumes/be41096f-33d9-4c0d-8ee6-691ef5705ef4"}, {"rel": "bookmark", "href": "http://10.201.9.223/volume/volumes/be41096f-33d9-4c0d-8ee6-691ef5705ef4"}], "user_id": "6f86ceea6679486d8d7509ed969ed3e2", "bootable": "false", "encrypted": false, "replication_status": null, "consistencygroup_id": null, "multiattach": false, "attachments": [], "os-vol-tenant-attr:tenant_id": "8d8beb5121054ae6a6240a05895eee17"}}'
2026-03-17 11:05:50,605 125212 INFO     [tempest.lib.common.rest_client] Request (VolumeRetypeWithoutMigrationTest:_run_cleanups): 202 DELETE http://10.201.9.223/volume/v3/volumes/be41096f-33d9-4c0d-8ee6-691ef5705ef4 0.070s
2026-03-17 11:05:50,605 125212 DEBUG    [tempest.lib.common.rest_client] Request - Headers: {'Content-Type': 'application/json', 'Accept': 'application/json', 'X-Auth-Token': '<omitted>'}
        Body: None
    Response - Headers: {'date': 'Tue, 17 Mar 2026 11:05:50 GMT', 'server': 'Apache/2.4.58 (Ubuntu)', 'content-length': '0', 'content-type': 'text/html; charset=UTF-8', 'openstack-api-version': 'volume 3.0', 'vary': 'OpenStack-API-Version', 'x-openstack-request-id': 'req-730653fc-a9d8-4b31-9783-02a1efdc0b56', 'connection': 'close', 'status': '202', 'content-location': 'http://10.201.9.223/volume/v3/volumes/be41096f-33d9-4c0d-8ee6-691ef5705ef4'}
        Body: b''
2026-03-17 11:05:50,623 125212 INFO     [tempes
    t.lib.common.rest_client] Request (VolumeRetypeWithoutMigrationTest:_run_cleanups): 404 GET http://10.201.9.223/volume/v3/volumes/be41096f-33d9-4c0d-8ee6-691ef5705ef4 0.017s
2026-03-17 11:05:50,623 125212 DEBUG    [tempest.lib.common.rest_client] Request - Headers: {'Content-Type': 'application/json', 'Accept': 'application/json', 'X-Auth-Token': '<omitted>'}
        Body: None
    Response - Headers: {'date': 'Tue, 17 Mar 2026 11:05:50 GMT', 'server': 'Apache/2.4.58 (Ubuntu)', 'openstack-api-version': 'volume 3.0', 'vary': 'OpenStack-API-Version', 'content-length': '109', 'content-type': 'application/json', 'x-compute-request-id': 'req-02a28777-7359-4b64-bd2e-f954a277df54', 'x-openstack-request-id': 'req-02a28777-7359-4b64-bd2e-f954a277df54', 'connection': 'close', 'status': '404', 'content-location': 'http://10.201.9.223/volume/v3/volumes/be41096f-33d9-4c0d-8ee6-691ef5705ef4'}
        Body: b'{"itemNotFound": {"code": 404, "message": "Volume be41096f-33d9-4c0d-8ee6-691ef5705ef4 could not be found."}}'


tempest.api.volume.******.test_volume_services.VolumesServicesTestJSON.test_get_service_by_volume_host_name[id-67ec6902-f91d-4dec-91fa-338523208bbc]
---------------------------------------------------------------------------------------------------------------------------------------------------

Captured traceback:
~~~~~~~~~~~~~~~~~~~
    Traceback (most recent call last):

      File "/opt/stack/tempest/tempest/api/volume/******/test_volume_services.py", line 76, in test_get_service_by_volume_host_name
    volume_id = self.create_volume()['id']
                ^^^^^^^^^^^^^^^^^^^^

      File "/opt/stack/tempest/tempest/api/volume/base.py", line 144, in create_volume
    waiters.wait_for_volume_resource_status(self.volumes_client,

      File "/opt/stack/tempest/tempest/common/waiters.py", line 379, in wait_for_volume_resource_status
    raise exceptions.VolumeResourceBuildErrorException(

    tempest.exceptions.VolumeResourceBuildErrorException: volume 966e5bc9-2bbe-478e-8369-02a2d032bde4 failed to build and is in ERROR status


Captured pythonlogging:
~~~~~~~~~~~~~~~~~~~~~~~
    2026-03-17 11:05:52,887 125212 INFO     [tempest.lib.common.rest_client] Request (VolumesServicesTestJSON:test_get_service_by_volume_host_name): 202 POST http://10.201.9.223/volume/v3/volumes 0.210s
2026-03-17 11:05:52,888 125212 DEBUG    [tempest.lib.common.rest_client] Request - Headers: {'Content-Type': 'application/json', 'Accept': 'application/json', 'X-Auth-Token': '<omitted>'}
        Body: {"volume": {"size": 1, "name": "tempest-VolumesServicesTestJSON-Volume-186759868"}}
    Response - Headers: {'date': 'Tue, 17 Mar 2026 11:05:52 GMT', 'server': 'Apache/2.4.58 (Ubuntu)', 'content-type': 'application/json', 'x-compute-request-id': 'req-9cc5fcde-c0bc-46e5-81a7-a08238837f21', 'content-length': '752', 'openstack-api-version': 'volume 3.0', 'vary': 'OpenStack-API-Version', 'x-openstack-request-id': 'req-9cc5fcde-c0bc-46e5-81a7-a08238837f21', 'connection': 'close', 'status': '202', 'content-location': 'http://10.201.9.223/volume/v3/volumes'}
        Body: b'{"volume": {"id": "966e5bc9-2bbe-478e-8369-02a2d032bde4", "status": "creating", "size": 1, "availability_zone": "nova", "created_at": "2026-03-17T11:05:52.840120", "updated_at": null, "name": "tempest-VolumesServicesTestJSON-Volume-186759868", "description": null, "volume_type": "3par1", "snapshot_id": null, "source_volid": null, "metadata": {}, "links": [{"rel": "self", "href": "http://10.201.9.223/volume/v3/volumes/966e5bc9-2bbe-478e-8369-02a2d032bde4"}, {"rel": "bookmark", "href": "http://10.201.9.223/volume/volumes/966e5bc9-2bbe-478e-8369-02a2d032bde4"}], "user_id": "fee2141d3d104490b64252503cfcb154", "bootable": "false", "encrypted": false, "replication_status": null, "consistencygroup_id": null, "multiattach": false, "attachments": []}}'
2026-03-17 11:05:52,916 125212 INFO     [tempest.lib.common.rest_client] Request (VolumesServicesTestJSON:test_get_service_by_volume_host_name): 200 GET http://10.201.9.223/volume/v3/volumes/966e5bc9-2bbe-478e-8369-02a2d032bde4 0.017s
2026-03-17 11:05:52,917 125212 DEBUG    [tempest.lib.common.rest_client] Request - Headers: {'Content-Type': 'application/json', 'Accept': 'application/json', 'X-Auth-Token': '<omitted>'}
        Body: None
    Response - Headers: {'date': 'Tue, 17 Mar 2026 11:05:52 GMT', 'server': 'Apache/2.4.58 (Ubuntu)', 'content-type': 'application/json', 'x-compute-request-id': 'req-fad710b4-8f7a-4cbe-b09a-58a1405db98f', 'content-length': '820', 'openstack-api-version': 'volume 3.0', 'vary': 'OpenStack-API-Version', 'x-openstack-request-id': 'req-fad710b4-8f7a-4cbe-b09a-58a1405db98f', 'connection': 'close', 'status': '200', 'content-location': 'http://10.201.9.223/volume/v3/volumes/966e5bc9-2bbe-478e-8369-02a2d032bde4'}
        Body: b'{"volume": {"id": "966e5bc9-2bbe-478e-8369-02a2d032bde4", "status": "creating", "size": 1, "availability_zone": "nova", "created_at": "2026-03-17T11:05:53.000000", "updated_at": null, "name": "tempest-VolumesServicesTestJSON-Volume-186759868", "description": null, "volume_type": "3par1", "snapshot_id": null, "source_volid": null, "metadata": {}, "links": [{"rel": "self", "href": "http://10.201.9.223/volume/v3/volumes/966e5bc9-2bbe-478e-8369-02a2d032bde4"}, {"rel": "bookmark", "href": "http://10.201.9.223/volume/volumes/966e5bc9-2bbe-478e-8369-02a2d032bde4"}], "user_id": "fee2141d3d104490b64252503cfcb154", "bootable": "false", "encrypted": false, "replication_status": null, "consistencygroup_id": null, "multiattach": false, "attachments": [], "os-vol-tenant-attr:tenant_id": "03a4342525094b2baec9bad029a3f299"}}'
2026-03-17 11:05:53,955 125212 INFO     [tempest.lib.common.rest_client] Request (VolumesServicesTestJSON:test_get_service_by_volume_host_name): 200 GET http://10.201.9.223/volume/v3/volumes/966e5bc9-2bbe-478e-8369-02a2d032bde4 0.033s
2026-03-17 11:05:53,955 125212 DEBUG    [tempest.lib.common.rest_client] Request - Headers: {'Content-Type': 'application/json', 'Accept': 'application/json', 'X-Auth-Token': '<omitted>'}
        Body: None
    Response - Headers: {'date': 'Tue, 17 Mar 2026 11:05:53 GMT', 'server': 'Apache/2.4.58 (Ubuntu)', 'content-type': 'application/jso
    n', 'x-compute-request-id': 'req-35f51fe2-83a2-490d-839e-0361b10aad58', 'content-length': '841', 'openstack-api-version': 'volume 3.0', 'vary': 'OpenStack-API-Version', 'x-openstack-request-id': 'req-35f51fe2-83a2-490d-839e-0361b10aad58', 'connection': 'close', 'status': '200', 'content-location': 'http://10.201.9.223/volume/v3/volumes/966e5bc9-2bbe-478e-8369-02a2d032bde4'}
        Body: b'{"volume": {"id": "966e5bc9-2bbe-478e-8369-02a2d032bde4", "status": "error", "size": 1, "availability_zone": "nova", "created_at": "2026-03-17T11:05:53.000000", "updated_at": "2026-03-17T11:05:53.000000", "name": "tempest-VolumesServicesTestJSON-Volume-186759868", "description": null, "volume_type": "3par1", "snapshot_id": null, "source_volid": null, "metadata": {}, "links": [{"rel": "self", "href": "http://10.201.9.223/volume/v3/volumes/966e5bc9-2bbe-478e-8369-02a2d032bde4"}, {"rel": "bookmark", "href": "http://10.201.9.223/volume/volumes/966e5bc9-2bbe-478e-8369-02a2d032bde4"}], "user_id": "fee2141d3d104490b64252503cfcb154", "bootable": "false", "encrypted": false, "replication_status": null, "consistencygroup_id": null, "multiattach": false, "attachments": [], "os-vol-tenant-attr:tenant_id": "03a4342525094b2baec9bad029a3f299"}}'
2026-03-17 11:05:53,990 125212 INFO     [tempest.lib.common.rest_client] Request (VolumesServicesTestJSON:_run_cleanups): 200 GET http://10.201.9.223/volume/v3/volumes/966e5bc9-2bbe-478e-8369-02a2d032bde4 0.023s
2026-03-17 11:05:53,990 125212 DEBUG    [tempest.lib.common.rest_client] Request - Headers: {'Content-Type': 'application/json', 'Accept': 'application/json', 'X-Auth-Token': '<omitted>'}
        Body: None
    Response - Headers: {'date': 'Tue, 17 Mar 2026 11:05:53 GMT', 'server': 'Apache/2.4.58 (Ubuntu)', 'content-type': 'application/json', 'x-compute-request-id': 'req-8c6a679f-b19e-45ba-8d25-49e7e0fc860a', 'content-length': '841', 'openstack-api-version': 'volume 3.0', 'vary': 'OpenStack-API-Version', 'x-openstack-request-id': 'req-8c6a679f-b19e-45ba-8d25-49e7e0fc860a', 'connection': 'close', 'status': '200', 'content-location': 'http://10.201.9.223/volume/v3/volumes/966e5bc9-2bbe-478e-8369-02a2d032bde4'}
        Body: b'{"volume": {"id": "966e5bc9-2bbe-478e-8369-02a2d032bde4", "status": "error", "size": 1, "availability_zone": "nova", "created_at": "2026-03-17T11:05:53.000000", "updated_at": "2026-03-17T11:05:53.000000", "name": "tempest-VolumesServicesTestJSON-Volume-186759868", "description": null, "volume_type": "3par1", "snapshot_id": null, "source_volid": null, "metadata": {}, "links": [{"rel": "self", "href": "http://10.201.9.223/volume/v3/volumes/966e5bc9-2bbe-478e-8369-02a2d032bde4"}, {"rel": "bookmark", "href": "http://10.201.9.223/volume/volumes/966e5bc9-2bbe-478e-8369-02a2d032bde4"}], "user_id": "fee2141d3d104490b64252503cfcb154", "bootable": "false", "encrypted": false, "replication_status": null, "consistencygroup_id": null, "multiattach": false, "attachments": [], "os-vol-tenant-attr:tenant_id": "03a4342525094b2baec9bad029a3f299"}}'
2026-03-17 11:05:54,076 125212 INFO     [tempest.lib.common.rest_client] Request (VolumesServicesTestJSON:_run_cleanups): 202 DELETE http://10.201.9.223/volume/v3/volumes/966e5bc9-2bbe-478e-8369-02a2d032bde4 0.073s
2026-03-17 11:05:54,076 125212 DEBUG    [tempest.lib.common.rest_client] Request - Headers: {'Content-Type': 'application/json', 'Accept': 'application/json', 'X-Auth-Token': '<omitted>'}
        Body: None
    Response - Headers: {'date': 'Tue, 17 Mar 2026 11:05:54 GMT', 'server': 'Apache/2.4.58 (Ubuntu)', 'content-length': '0', 'content-type': 'text/html; charset=UTF-8', 'openstack-api-version': 'volume 3.0', 'vary': 'OpenStack-API-Version', 'x-openstack-request-id': 'req-75a96412-0806-4119-88f0-1decac607478', 'connection': 'close', 'status': '202', 'content-location': 'http://10.201.9.223/volume/v3/volumes/966e5bc9-2bbe-478e-8369-02a2d032bde4'}
        Body: b''
2026-03-17 11:05:54,092 125212 INFO     [tempest.lib.common.rest_client] Request (VolumesServicesTestJSON:_run_cleanups): 404 GET http://10.201.9.223/volume/v3/volumes/966e5bc9-2bbe-
    478e-8369-02a2d032bde4 0.015s
2026-03-17 11:05:54,092 125212 DEBUG    [tempest.lib.common.rest_client] Request - Headers: {'Content-Type': 'application/json', 'Accept': 'application/json', 'X-Auth-Token': '<omitted>'}
        Body: None
    Response - Headers: {'date': 'Tue, 17 Mar 2026 11:05:54 GMT', 'server': 'Apache/2.4.58 (Ubuntu)', 'openstack-api-version': 'volume 3.0', 'vary': 'OpenStack-API-Version', 'content-length': '109', 'content-type': 'application/json', 'x-compute-request-id': 'req-1e9db355-945d-4d1e-af30-4a5bbcb811dc', 'x-openstack-request-id': 'req-1e9db355-945d-4d1e-af30-4a5bbcb811dc', 'connection': 'close', 'status': '404', 'content-location': 'http://10.201.9.223/volume/v3/volumes/966e5bc9-2bbe-478e-8369-02a2d032bde4'}
        Body: b'{"itemNotFound": {"code": 404, "message": "Volume 966e5bc9-2bbe-478e-8369-02a2d032bde4 could not be found."}}'


setUpClass (tempest.api.volume.******.test_volume_snapshot_quotas_negative.VolumeSnapshotQuotasNegativeTestJSON)
---------------------------------------------------------------------------------------------------------------

Captured traceback:
~~~~~~~~~~~~~~~~~~~
    Traceback (most recent call last):

      File "/opt/stack/tempest/tempest/test.py", line 185, in setUpClass
    raise value.with_traceback(trace)

      File "/opt/stack/tempest/tempest/test.py", line 178, in setUpClass
    cls.resource_setup()

      File "/opt/stack/tempest/tempest/api/volume/******/test_volume_snapshot_quotas_negative.py", line 65, in resource_setup
    cls.volume = cls.create_volume()
                 ^^^^^^^^^^^^^^^^^^^

      File "/opt/stack/tempest/tempest/api/volume/base.py", line 144, in create_volume
    waiters.wait_for_volume_resource_status(self.volumes_client,

      File "/opt/stack/tempest/tempest/common/waiters.py", line 379, in wait_for_volume_resource_status
    raise exceptions.VolumeResourceBuildErrorException(

    tempest.exceptions.VolumeResourceBuildErrorException: volume ac6b59d8-b7e2-4248-af79-5de09c576765 failed to build and is in ERROR status


tempest.api.volume.******.test_volume_type_access.VolumeTypesAccessTest.test_volume_type_access_add[id-d4dd0027-835f-4554-a6e5-50903fb79184]
-------------------------------------------------------------------------------------------------------------------------------------------

Captured traceback:
~~~~~~~~~~~~~~~~~~~
    Traceback (most recent call last):

      File "/opt/stack/tempest/tempest/api/volume/******/test_volume_type_access.py", line 51, in test_volume_type_access_add
    volume = self.create_volume(volume_type=volume_type['id'])
             ^^^^^^^^^^^^^^^^^^^^^^^^^^^^^^^^^^^^^^^^^^^^^^^^^

      File "/opt/stack/tempest/tempest/api/volume/base.py", line 144, in create_volume
    waiters.wait_for_volume_resource_status(self.volumes_client,

      File "/opt/stack/tempest/tempest/common/waiters.py", line 379, in wait_for_volume_resource_status
    raise exceptions.VolumeResourceBuildErrorException(

    tempest.exceptions.VolumeResourceBuildErrorException: volume 4e6c0c10-5558-4c43-a77d-ff828c5a3ae7 failed to build and is in ERROR status


Captured pythonlogging:
~~~~~~~~~~~~~~~~~~~~~~~
    2026-03-17 11:06:01,924 125212 INFO     [tempest.lib.common.rest_client] Request (VolumeTypesAccessTest:test_volume_type_access_add): 200 POST http://10.201.9.223/volume/v3/types 0.078s
2026-03-17 11:06:01,924 125212 DEBUG    [tempest.lib.common.rest_client] Request - Headers: {'Content-Type': 'application/json', 'Accept': 'application/json', 'X-Auth-Token': '<omitted>'}
        Body: {"volume_type": {"name": "tempest-VolumeTypesAccessTest-volume-type-149483541", "os-volume-type-access:is_public": false}}
    Response - Headers: {'date': 'Tue, 17 Mar 2026 11:06:01 GMT', 'server': 'Apache/2.4.58 (Ubuntu)', 'content-type': 'application/json', 'x-compute-request-id': 'req-66793179-37b6-4b8a-a9cb-4062bc9aaa08', 'content-length': '228', 'openstack-api-version': 'volume 3.0', 'vary': 'OpenStack-API-Version', 'x-openstack-request-id': 'req-66793179-37b6-4b8a-a9cb-4062bc9aaa08', 'connection': 'close', 'status': '200', 'content-location': 'http://10.201.9.223/volume/v3/types'}
        Body: b'{"volume_type": {"id": "a746f67a-56ba-4fb6-b8a1-781e64be73fb", "name": "tempest-VolumeTypesAccessTest-volume-type-149483541", "is_public": false, "extra_specs": {}, "description": null, "os-volume-type-access:is_public": false}}'
2026-03-17 11:06:01,994 125212 INFO     [tempest.lib.common.rest_client] Request (VolumeTypesAccessTest:test_volume_type_access_add): 404 POST http://10.201.9.223/volume/v3/volumes 0.069s
2026-03-17 11:06:01,995 125212 DEBUG    [tempest.lib.common.rest_client] Request - Headers: {'Content-Type': 'application/json', 'Accept': 'application/json', 'X-Auth-Token': '<omitted>'}
        Body: {"volume": {"volume_type": "a746f67a-56ba-4fb6-b8a1-781e64be73fb", "size": 1}}
    Response - Headers: {'date': 'Tue, 17 Mar 2026 11:06:01 GMT', 'server': 'Apache/2.4.58 (Ubuntu)', 'openstack-api-version': 'volume 3.0', 'vary': 'OpenStack-API-Version', 'content-length': '114', 'content-type': 'application/json', 'x-compute-request-id': 'req-f1f08fa1-6418-4cea-82fe-8c84d6a2eec8', 'x-openstack-request-id': 'req-f1f08fa1-6418-4cea-82fe-8c84d6a2eec8', 'connection': 'close', 'status': '404', 'content-location': 'http://10.201.9.223/volume/v3/volumes'}
        Body: b'{"itemNotFound": {"code": 404, "message": "Volume type a746f67a-56ba-4fb6-b8a1-781e64be73fb could not be found."}}'
2026-03-17 11:06:01,995 125212 WARNING  [tempest.lib.common.rest_client] Deprecated: "tenant_id" property is deprecated for removal, use "project_id" instead
2026-03-17 11:06:02,016 125212 INFO     [tempest.lib.common.rest_client] Request (VolumeTypesAccessTest:test_volume_type_access_add): 202 POST http://10.201.9.223/volume/v3/types/a746f67a-56ba-4fb6-b8a1-781e64be73fb/action 0.021s
2026-03-17 11:06:02,016 125212 DEBUG    [tempest.lib.common.rest_client] Request - Headers: {'Content-Type': 'application/json', 'Accept': 'application/json', 'X-Auth-Token': '<omitted>'}
        Body: {"addProjectAccess": {"project": "03140b6674d84488a355c7df39d96ff8"}}
    Response - Headers: {'date': 'Tue, 17 Mar 2026 11:06:01 GMT', 'server': 'Apache/2.4.58 (Ubuntu)', 'content-length': '0', 'content-type': 'text/html; charset=UTF-8', 'openstack-api-version': 'volume 3.0', 'vary': 'OpenStack-API-Version', 'x-openstack-request-id': 'req-646e0c54-d2c2-4da2-bf3b-b35657648dc9', 'connection': 'close', 'status': '202', 'content-location': 'http://10.201.9.223/volume/v3/types/a746f67a-56ba-4fb6-b8a1-781e64be73fb/action'}
        Body: b''
2026-03-17 11:06:02,160 125212 INFO     [tempest.lib.common.rest_client] Request (VolumeTypesAccessTest:test_volume_type_access_add): 202 POST http://10.201.9.223/volume/v3/volumes 0.143s
2026-03-17 11:06:02,160 125212 DEBUG    [tempest.lib.common.rest_client] Request - Headers: {'Content-Type': 'application/json', 'Accept': 'application/json', 'X-Auth-Token': '<omitted>'}
        Body: {"volume": {"volume_type": "a746f67a-56ba-4fb6-b8a1-781e64be73fb", "size": 1, "name": "tempest-VolumeTypesAccessTest-Volume-2128567676"}}
    Response - Headers: {'date': 'Tue, 17 Mar 2026 11:06:02 GMT', 'server': 'Apache/2.4.58 (Ubuntu)', 'content-type': 'application/j
    son', 'x-compute-request-id': 'req-218466b7-9a6c-45fa-8bab-4caac05e75ed', 'content-length': '797', 'openstack-api-version': 'volume 3.0', 'vary': 'OpenStack-API-Version', 'x-openstack-request-id': 'req-218466b7-9a6c-45fa-8bab-4caac05e75ed', 'connection': 'close', 'status': '202', 'content-location': 'http://10.201.9.223/volume/v3/volumes'}
        Body: b'{"volume": {"id": "4e6c0c10-5558-4c43-a77d-ff828c5a3ae7", "status": "creating", "size": 1, "availability_zone": "nova", "created_at": "2026-03-17T11:06:02.119517", "updated_at": null, "name": "tempest-VolumeTypesAccessTest-Volume-2128567676", "description": null, "volume_type": "tempest-VolumeTypesAccessTest-volume-type-149483541", "snapshot_id": null, "source_volid": null, "metadata": {}, "links": [{"rel": "self", "href": "http://10.201.9.223/volume/v3/volumes/4e6c0c10-5558-4c43-a77d-ff828c5a3ae7"}, {"rel": "bookmark", "href": "http://10.201.9.223/volume/volumes/4e6c0c10-5558-4c43-a77d-ff828c5a3ae7"}], "user_id": "71ffea572fd84577bc5ca23be5395e23", "bootable": "false", "encrypted": false, "replication_status": null, "consistencygroup_id": null, "multiattach": false, "attachments": []}}'
2026-03-17 11:06:02,186 125212 INFO     [tempest.lib.common.rest_client] Request (VolumeTypesAccessTest:test_volume_type_access_add): 200 GET http://10.201.9.223/volume/v3/volumes/4e6c0c10-5558-4c43-a77d-ff828c5a3ae7 0.023s
2026-03-17 11:06:02,187 125212 DEBUG    [tempest.lib.common.rest_client] Request - Headers: {'Content-Type': 'application/json', 'Accept': 'application/json', 'X-Auth-Token': '<omitted>'}
        Body: None
    Response - Headers: {'date': 'Tue, 17 Mar 2026 11:06:02 GMT', 'server': 'Apache/2.4.58 (Ubuntu)', 'content-type': 'application/json', 'x-compute-request-id': 'req-657a1a0b-c7c8-4d2e-90fa-2ae4f479c9d6', 'content-length': '865', 'openstack-api-version': 'volume 3.0', 'vary': 'OpenStack-API-Version', 'x-openstack-request-id': 'req-657a1a0b-c7c8-4d2e-90fa-2ae4f479c9d6', 'connection': 'close', 'status': '200', 'content-location': 'http://10.201.9.223/volume/v3/volumes/4e6c0c10-5558-4c43-a77d-ff828c5a3ae7'}
        Body: b'{"volume": {"id": "4e6c0c10-5558-4c43-a77d-ff828c5a3ae7", "status": "creating", "size": 1, "availability_zone": "nova", "created_at": "2026-03-17T11:06:02.000000", "updated_at": null, "name": "tempest-VolumeTypesAccessTest-Volume-2128567676", "description": null, "volume_type": "tempest-VolumeTypesAccessTest-volume-type-149483541", "snapshot_id": null, "source_volid": null, "metadata": {}, "links": [{"rel": "self", "href": "http://10.201.9.223/volume/v3/volumes/4e6c0c10-5558-4c43-a77d-ff828c5a3ae7"}, {"rel": "bookmark", "href": "http://10.201.9.223/volume/volumes/4e6c0c10-5558-4c43-a77d-ff828c5a3ae7"}], "user_id": "71ffea572fd84577bc5ca23be5395e23", "bootable": "false", "encrypted": false, "replication_status": null, "consistencygroup_id": null, "multiattach": false, "attachments": [], "os-vol-tenant-attr:tenant_id": "03140b6674d84488a355c7df39d96ff8"}}'
2026-03-17 11:06:03,228 125212 INFO     [tempest.lib.common.rest_client] Request (VolumeTypesAccessTest:test_volume_type_access_add): 200 GET http://10.201.9.223/volume/v3/volumes/4e6c0c10-5558-4c43-a77d-ff828c5a3ae7 0.034s
2026-03-17 11:06:03,228 125212 DEBUG    [tempest.lib.common.rest_client] Request - Headers: {'Content-Type': 'application/json', 'Accept': 'application/json', 'X-Auth-Token': '<omitted>'}
        Body: None
    Response - Headers: {'date': 'Tue, 17 Mar 2026 11:06:03 GMT', 'server': 'Apache/2.4.58 (Ubuntu)', 'content-type': 'application/json', 'x-compute-request-id': 'req-6492304f-dd72-40cc-8b82-36c8477de605', 'content-length': '886', 'openstack-api-version': 'volume 3.0', 'vary': 'OpenStack-API-Version', 'x-openstack-request-id': 'req-6492304f-dd72-40cc-8b82-36c8477de605', 'connection': 'close', 'status': '200', 'content-location': 'http://10.201.9.223/volume/v3/volumes/4e6c0c10-5558-4c43-a77d-ff828c5a3ae7'}
        Body: b'{"volume": {"id": "4e6c0c10-5558-4c43-a77d-ff828c5a3ae7", "status": "error", "size": 1, "availability_zone": "nova", "created_at": "2026-03-17T11:06:02.0000
    00", "updated_at": "2026-03-17T11:06:02.000000", "name": "tempest-VolumeTypesAccessTest-Volume-2128567676", "description": null, "volume_type": "tempest-VolumeTypesAccessTest-volume-type-149483541", "snapshot_id": null, "source_volid": null, "metadata": {}, "links": [{"rel": "self", "href": "http://10.201.9.223/volume/v3/volumes/4e6c0c10-5558-4c43-a77d-ff828c5a3ae7"}, {"rel": "bookmark", "href": "http://10.201.9.223/volume/volumes/4e6c0c10-5558-4c43-a77d-ff828c5a3ae7"}], "user_id": "71ffea572fd84577bc5ca23be5395e23", "bootable": "false", "encrypted": false, "replication_status": null, "consistencygroup_id": null, "multiattach": false, "attachments": [], "os-vol-tenant-attr:tenant_id": "03140b6674d84488a355c7df39d96ff8"}}'
2026-03-17 11:06:03,262 125212 INFO     [tempest.lib.common.rest_client] Request (VolumeTypesAccessTest:_run_cleanups): 200 GET http://10.201.9.223/volume/v3/volumes/4e6c0c10-5558-4c43-a77d-ff828c5a3ae7 0.022s
2026-03-17 11:06:03,262 125212 DEBUG    [tempest.lib.common.rest_client] Request - Headers: {'Content-Type': 'application/json', 'Accept': 'application/json', 'X-Auth-Token': '<omitted>'}
        Body: None
    Response - Headers: {'date': 'Tue, 17 Mar 2026 11:06:03 GMT', 'server': 'Apache/2.4.58 (Ubuntu)', 'content-type': 'application/json', 'x-compute-request-id': 'req-34cc58ee-17e4-4e98-ac4a-195a0d420ed9', 'content-length': '886', 'openstack-api-version': 'volume 3.0', 'vary': 'OpenStack-API-Version', 'x-openstack-request-id': 'req-34cc58ee-17e4-4e98-ac4a-195a0d420ed9', 'connection': 'close', 'status': '200', 'content-location': 'http://10.201.9.223/volume/v3/volumes/4e6c0c10-5558-4c43-a77d-ff828c5a3ae7'}
        Body: b'{"volume": {"id": "4e6c0c10-5558-4c43-a77d-ff828c5a3ae7", "status": "error", "size": 1, "availability_zone": "nova", "created_at": "2026-03-17T11:06:02.000000", "updated_at": "2026-03-17T11:06:02.000000", "name": "tempest-VolumeTypesAccessTest-Volume-2128567676", "description": null, "volume_type": "tempest-VolumeTypesAccessTest-volume-type-149483541", "snapshot_id": null, "source_volid": null, "metadata": {}, "links": [{"rel": "self", "href": "http://10.201.9.223/volume/v3/volumes/4e6c0c10-5558-4c43-a77d-ff828c5a3ae7"}, {"rel": "bookmark", "href": "http://10.201.9.223/volume/volumes/4e6c0c10-5558-4c43-a77d-ff828c5a3ae7"}], "user_id": "71ffea572fd84577bc5ca23be5395e23", "bootable": "false", "encrypted": false, "replication_status": null, "consistencygroup_id": null, "multiattach": false, "attachments": [], "os-vol-tenant-attr:tenant_id": "03140b6674d84488a355c7df39d96ff8"}}'
2026-03-17 11:06:03,341 125212 INFO     [tempest.lib.common.rest_client] Request (VolumeTypesAccessTest:_run_cleanups): 202 DELETE http://10.201.9.223/volume/v3/volumes/4e6c0c10-5558-4c43-a77d-ff828c5a3ae7 0.074s
2026-03-17 11:06:03,341 125212 DEBUG    [tempest.lib.common.rest_client] Request - Headers: {'Content-Type': 'application/json', 'Accept': 'application/json', 'X-Auth-Token': '<omitted>'}
        Body: None
    Response - Headers: {'date': 'Tue, 17 Mar 2026 11:06:03 GMT', 'server': 'Apache/2.4.58 (Ubuntu)', 'content-length': '0', 'content-type': 'text/html; charset=UTF-8', 'openstack-api-version': 'volume 3.0', 'vary': 'OpenStack-API-Version', 'x-openstack-request-id': 'req-3a2fdaff-ddc4-4974-9efb-cf7f4e7bb826', 'connection': 'close', 'status': '202', 'content-location': 'http://10.201.9.223/volume/v3/volumes/4e6c0c10-5558-4c43-a77d-ff828c5a3ae7'}
        Body: b''
2026-03-17 11:06:03,371 125212 INFO     [tempest.lib.common.rest_client] Request (VolumeTypesAccessTest:_run_cleanups): 404 GET http://10.201.9.223/volume/v3/volumes/4e6c0c10-5558-4c43-a77d-ff828c5a3ae7 0.029s
2026-03-17 11:06:03,371 125212 DEBUG    [tempest.lib.common.rest_client] Request - Headers: {'Content-Type': 'application/json', 'Accept': 'application/json', 'X-Auth-Token': '<omitted>'}
        Body: None
    Response - Headers: {'date': 'Tue, 17 Mar 2026 11:06:03 GMT', 'server': 'Apache/2.4.58 (Ubuntu)', 'openstack-api-version': 'volume 3.0', 'vary': 'OpenStack-API-Version', 'content-length': '109', 'content-type': 'application/
    json', 'x-compute-request-id': 'req-6e925a59-0085-4e19-9e4c-6f418858d51d', 'x-openstack-request-id': 'req-6e925a59-0085-4e19-9e4c-6f418858d51d', 'connection': 'close', 'status': '404', 'content-location': 'http://10.201.9.223/volume/v3/volumes/4e6c0c10-5558-4c43-a77d-ff828c5a3ae7'}
        Body: b'{"itemNotFound": {"code": 404, "message": "Volume 4e6c0c10-5558-4c43-a77d-ff828c5a3ae7 could not be found."}}'
2026-03-17 11:06:03,389 125212 INFO     [tempest.lib.common.rest_client] Request (VolumeTypesAccessTest:_run_cleanups): 202 POST http://10.201.9.223/volume/v3/types/a746f67a-56ba-4fb6-b8a1-781e64be73fb/action 0.017s
2026-03-17 11:06:03,389 125212 DEBUG    [tempest.lib.common.rest_client] Request - Headers: {'Content-Type': 'application/json', 'Accept': 'application/json', 'X-Auth-Token': '<omitted>'}
        Body: {"removeProjectAccess": {"project": "03140b6674d84488a355c7df39d96ff8"}}
    Response - Headers: {'date': 'Tue, 17 Mar 2026 11:06:03 GMT', 'server': 'Apache/2.4.58 (Ubuntu)', 'content-length': '0', 'content-type': 'text/html; charset=UTF-8', 'openstack-api-version': 'volume 3.0', 'vary': 'OpenStack-API-Version', 'x-openstack-request-id': 'req-f5d7510e-a06d-4bbb-8870-1b2284c18489', 'connection': 'close', 'status': '202', 'content-location': 'http://10.201.9.223/volume/v3/types/a746f67a-56ba-4fb6-b8a1-781e64be73fb/action'}
        Body: b''
2026-03-17 11:06:03,424 125212 INFO     [tempest.lib.common.rest_client] Request (VolumeTypesAccessTest:_run_cleanups): 202 DELETE http://10.201.9.223/volume/v3/types/a746f67a-56ba-4fb6-b8a1-781e64be73fb 0.034s
2026-03-17 11:06:03,424 125212 DEBUG    [tempest.lib.common.rest_client] Request - Headers: {'Content-Type': 'application/json', 'Accept': 'application/json', 'X-Auth-Token': '<omitted>'}
        Body: None
    Response - Headers: {'date': 'Tue, 17 Mar 2026 11:06:03 GMT', 'server': 'Apache/2.4.58 (Ubuntu)', 'content-length': '0', 'content-type': 'text/html; charset=UTF-8', 'openstack-api-version': 'volume 3.0', 'vary': 'OpenStack-API-Version', 'x-openstack-request-id': 'req-3c6bbb12-5de0-4e5a-94e0-80947b9075df', 'connection': 'close', 'status': '202', 'content-location': 'http://10.201.9.223/volume/v3/types/a746f67a-56ba-4fb6-b8a1-781e64be73fb'}
        Body: b''
2026-03-17 11:06:03,433 125212 INFO     [tempest.lib.common.rest_client] Request (VolumeTypesAccessTest:_run_cleanups): 404 GET http://10.201.9.223/volume/v3/types/a746f67a-56ba-4fb6-b8a1-781e64be73fb 0.008s
2026-03-17 11:06:03,433 125212 DEBUG    [tempest.lib.common.rest_client] Request - Headers: {'Content-Type': 'application/json', 'Accept': 'application/json', 'X-Auth-Token': '<omitted>'}
        Body: None
    Response - Headers: {'date': 'Tue, 17 Mar 2026 11:06:03 GMT', 'server': 'Apache/2.4.58 (Ubuntu)', 'openstack-api-version': 'volume 3.0', 'vary': 'OpenStack-API-Version', 'content-length': '114', 'content-type': 'application/json', 'x-compute-request-id': 'req-4c9ceab4-8cda-4902-be76-cb2fb74a665d', 'x-openstack-request-id': 'req-4c9ceab4-8cda-4902-be76-cb2fb74a665d', 'connection': 'close', 'status': '404', 'content-location': 'http://10.201.9.223/volume/v3/types/a746f67a-56ba-4fb6-b8a1-781e64be73fb'}
        Body: b'{"itemNotFound": {"code": 404, "message": "Volume type a746f67a-56ba-4fb6-b8a1-781e64be73fb could not be found."}}'


tempest.api.volume.******.test_volume_types.VolumeTypesTest.test_volume_crud_with_volume_type_and_extra_specs[id-c03cc62c-f4e9-4623-91ec-64ce2f9c1260]
-----------------------------------------------------------------------------------------------------------------------------------------------------

Captured traceback:
~~~~~~~~~~~~~~~~~~~
    Traceback (most recent call last):

      File "/opt/stack/tempest/tempest/api/volume/******/test_volume_types.py", line 56, in test_volume_crud_with_volume_type_and_extra_specs
    volume = self.create_volume(**params)
             ^^^^^^^^^^^^^^^^^^^^^^^^^^^^

      File "/opt/stack/tempest/tempest/api/volume/base.py", line 144, in create_volume
    waiters.wait_for_volume_resource_status(self.volumes_client,

      File "/opt/stack/tempest/tempest/common/waiters.py", line 379, in wait_for_volume_resource_status
    raise exceptions.VolumeResourceBuildErrorException(

    tempest.exceptions.VolumeResourceBuildErrorException: volume 224a70d0-b047-4296-b48f-257ceda084ed failed to build and is in ERROR status


Captured pythonlogging:
~~~~~~~~~~~~~~~~~~~~~~~
    2026-03-17 11:06:06,060 125212 INFO     [tempest.lib.common.rest_client] Request (VolumeTypesTest:test_volume_crud_with_volume_type_and_extra_specs): 200 POST http://10.201.9.223/volume/v3/types 0.081s
2026-03-17 11:06:06,060 125212 DEBUG    [tempest.lib.common.rest_client] Request - Headers: {'Content-Type': 'application/json', 'Accept': 'application/json', 'X-Auth-Token': '<omitted>'}
        Body: {"volume_type": {"name": "tempest-VolumeTypesTest-volume-type-1536806095", "extra_specs": {"storage_protocol": "iSCSI", "vendor_name": "Hewlett Packard Enterprise"}}}
    Response - Headers: {'date': 'Tue, 17 Mar 2026 11:06:05 GMT', 'server': 'Apache/2.4.58 (Ubuntu)', 'content-type': 'application/json', 'x-compute-request-id': 'req-6f2cfb5e-4164-453c-ab51-ed62d131e77f', 'content-length': '293', 'openstack-api-version': 'volume 3.0', 'vary': 'OpenStack-API-Version', 'x-openstack-request-id': 'req-6f2cfb5e-4164-453c-ab51-ed62d131e77f', 'connection': 'close', 'status': '200', 'content-location': 'http://10.201.9.223/volume/v3/types'}
        Body: b'{"volume_type": {"id": "12cd92ce-4376-408e-bf62-d650322d3388", "name": "tempest-VolumeTypesTest-volume-type-1536806095", "is_public": true, "extra_specs": {"storage_protocol": "iSCSI", "vendor_name": "Hewlett Packard Enterprise"}, "description": null, "os-volume-type-access:is_public": true}}'
2026-03-17 11:06:06,086 125212 INFO     [tempest.lib.common.rest_client] Request (VolumeTypesTest:test_volume_crud_with_volume_type_and_extra_specs): 200 POST http://10.201.9.223/volume/v3/types 0.025s
2026-03-17 11:06:06,087 125212 DEBUG    [tempest.lib.common.rest_client] Request - Headers: {'Content-Type': 'application/json', 'Accept': 'application/json', 'X-Auth-Token': '<omitted>'}
        Body: {"volume_type": {"name": "tempest-VolumeTypesTest-volume-type-1775617558", "extra_specs": {"storage_protocol": "iSCSI", "vendor_name": "Hewlett Packard Enterprise"}}}
    Response - Headers: {'date': 'Tue, 17 Mar 2026 11:06:06 GMT', 'server': 'Apache/2.4.58 (Ubuntu)', 'content-type': 'application/json', 'x-compute-request-id': 'req-e65ea3c5-5d82-416d-a4a5-59f243282ead', 'content-length': '293', 'openstack-api-version': 'volume 3.0', 'vary': 'OpenStack-API-Version', 'x-openstack-request-id': 'req-e65ea3c5-5d82-416d-a4a5-59f243282ead', 'connection': 'close', 'status': '200', 'content-location': 'http://10.201.9.223/volume/v3/types'}
        Body: b'{"volume_type": {"id": "43683cac-028c-4095-b2c3-030bb9fc203c", "name": "tempest-VolumeTypesTest-volume-type-1775617558", "is_public": true, "extra_specs": {"storage_protocol": "iSCSI", "vendor_name": "Hewlett Packard Enterprise"}, "description": null, "os-volume-type-access:is_public": true}}'
2026-03-17 11:06:06,279 125212 INFO     [tempest.lib.common.rest_client] Request (VolumeTypesTest:test_volume_crud_with_volume_type_and_extra_specs): 202 POST http://10.201.9.223/volume/v3/volumes 0.188s
2026-03-17 11:06:06,279 125212 DEBUG    [tempest.lib.common.rest_client] Request - Headers: {'Content-Type': 'application/json', 'Accept': 'application/json', 'X-Auth-Token': '<omitted>'}
        Body: {"volume": {"name": "tempest-VolumeTypesTest-volume-363726576", "volume_type": "12cd92ce-4376-408e-bf62-d650322d3388", "size": 1}}
    Response - Headers: {'date': 'Tue, 17 Mar 2026 11:06:06 GMT', 'server': 'Apache/2.4.58 (Ubuntu)', 'content-type': 'application/json', 'x-compute-request-id': 'req-b72d0371-129a-4609-a4c3-619129343079', 'content-length': '785', 'openstack-api-version': 'volume 3.0', 'vary': 'OpenStack-API-Version', 'x-openstack-request-id': 'req-b72d0371-129a-4609-a4c3-619129343079', 'connection': 'close', 'status': '202', 'content-location': 'http://10.201.9.223/volume/v3/volumes'}
        Body: b'{"volume": {"id": "224a70d0-b047-4296-b48f-257ceda084ed", "status": "creating", "size": 1, "availability_zone": "nova", "created_at": "2026-03-17T11:06:06.237453", "updated_at": null, "name": "tempest-VolumeTypesTest-volume-363726576", "description": null, "volume_type": "tempest-VolumeTypesTest-volume-type-1536806095", "snapshot_id": null, "source_volid": nu
    ll, "metadata": {}, "links": [{"rel": "self", "href": "http://10.201.9.223/volume/v3/volumes/224a70d0-b047-4296-b48f-257ceda084ed"}, {"rel": "bookmark", "href": "http://10.201.9.223/volume/volumes/224a70d0-b047-4296-b48f-257ceda084ed"}], "user_id": "7a578a28b8af4b7b89fe0d892aef3ca0", "bootable": "false", "encrypted": false, "replication_status": null, "consistencygroup_id": null, "multiattach": false, "attachments": []}}'
2026-03-17 11:06:06,302 125212 INFO     [tempest.lib.common.rest_client] Request (VolumeTypesTest:test_volume_crud_with_volume_type_and_extra_specs): 200 GET http://10.201.9.223/volume/v3/volumes/224a70d0-b047-4296-b48f-257ceda084ed 0.018s
2026-03-17 11:06:06,302 125212 DEBUG    [tempest.lib.common.rest_client] Request - Headers: {'Content-Type': 'application/json', 'Accept': 'application/json', 'X-Auth-Token': '<omitted>'}
        Body: None
    Response - Headers: {'date': 'Tue, 17 Mar 2026 11:06:06 GMT', 'server': 'Apache/2.4.58 (Ubuntu)', 'content-type': 'application/json', 'x-compute-request-id': 'req-4d59fe09-ae98-4e84-b024-fc0bb9339c04', 'content-length': '853', 'openstack-api-version': 'volume 3.0', 'vary': 'OpenStack-API-Version', 'x-openstack-request-id': 'req-4d59fe09-ae98-4e84-b024-fc0bb9339c04', 'connection': 'close', 'status': '200', 'content-location': 'http://10.201.9.223/volume/v3/volumes/224a70d0-b047-4296-b48f-257ceda084ed'}
        Body: b'{"volume": {"id": "224a70d0-b047-4296-b48f-257ceda084ed", "status": "creating", "size": 1, "availability_zone": "nova", "created_at": "2026-03-17T11:06:06.000000", "updated_at": null, "name": "tempest-VolumeTypesTest-volume-363726576", "description": null, "volume_type": "tempest-VolumeTypesTest-volume-type-1536806095", "snapshot_id": null, "source_volid": null, "metadata": {}, "links": [{"rel": "self", "href": "http://10.201.9.223/volume/v3/volumes/224a70d0-b047-4296-b48f-257ceda084ed"}, {"rel": "bookmark", "href": "http://10.201.9.223/volume/volumes/224a70d0-b047-4296-b48f-257ceda084ed"}], "user_id": "7a578a28b8af4b7b89fe0d892aef3ca0", "bootable": "false", "encrypted": false, "replication_status": null, "consistencygroup_id": null, "multiattach": false, "attachments": [], "os-vol-tenant-attr:tenant_id": "31b0bf942674455f887d231816a7680d"}}'
2026-03-17 11:06:07,345 125212 INFO     [tempest.lib.common.rest_client] Request (VolumeTypesTest:test_volume_crud_with_volume_type_and_extra_specs): 200 GET http://10.201.9.223/volume/v3/volumes/224a70d0-b047-4296-b48f-257ceda084ed 0.033s
2026-03-17 11:06:07,345 125212 DEBUG    [tempest.lib.common.rest_client] Request - Headers: {'Content-Type': 'application/json', 'Accept': 'application/json', 'X-Auth-Token': '<omitted>'}
        Body: None
    Response - Headers: {'date': 'Tue, 17 Mar 2026 11:06:07 GMT', 'server': 'Apache/2.4.58 (Ubuntu)', 'content-type': 'application/json', 'x-compute-request-id': 'req-44e58d83-4b70-4a46-8170-b4ce69db8cc7', 'content-length': '874', 'openstack-api-version': 'volume 3.0', 'vary': 'OpenStack-API-Version', 'x-openstack-request-id': 'req-44e58d83-4b70-4a46-8170-b4ce69db8cc7', 'connection': 'close', 'status': '200', 'content-location': 'http://10.201.9.223/volume/v3/volumes/224a70d0-b047-4296-b48f-257ceda084ed'}
        Body: b'{"volume": {"id": "224a70d0-b047-4296-b48f-257ceda084ed", "status": "error", "size": 1, "availability_zone": "nova", "created_at": "2026-03-17T11:06:06.000000", "updated_at": "2026-03-17T11:06:06.000000", "name": "tempest-VolumeTypesTest-volume-363726576", "description": null, "volume_type": "tempest-VolumeTypesTest-volume-type-1536806095", "snapshot_id": null, "source_volid": null, "metadata": {}, "links": [{"rel": "self", "href": "http://10.201.9.223/volume/v3/volumes/224a70d0-b047-4296-b48f-257ceda084ed"}, {"rel": "bookmark", "href": "http://10.201.9.223/volume/volumes/224a70d0-b047-4296-b48f-257ceda084ed"}], "user_id": "7a578a28b8af4b7b89fe0d892aef3ca0", "bootable": "false", "encrypted": false, "replication_status": null, "consistencygroup_id": null, "multiattach": false, "attachments": [], "os-vol-tenant-attr:tenant_id": "31b0bf942674455f887d231816a7
    680d"}}'
2026-03-17 11:06:07,379 125212 INFO     [tempest.lib.common.rest_client] Request (VolumeTypesTest:_run_cleanups): 200 GET http://10.201.9.223/volume/v3/volumes/224a70d0-b047-4296-b48f-257ceda084ed 0.028s
2026-03-17 11:06:07,380 125212 DEBUG    [tempest.lib.common.rest_client] Request - Headers: {'Content-Type': 'application/json', 'Accept': 'application/json', 'X-Auth-Token': '<omitted>'}
        Body: None
    Response - Headers: {'date': 'Tue, 17 Mar 2026 11:06:07 GMT', 'server': 'Apache/2.4.58 (Ubuntu)', 'content-type': 'application/json', 'x-compute-request-id': 'req-a76821eb-981e-44ba-a6d9-9fae60fecc2e', 'content-length': '874', 'openstack-api-version': 'volume 3.0', 'vary': 'OpenStack-API-Version', 'x-openstack-request-id': 'req-a76821eb-981e-44ba-a6d9-9fae60fecc2e', 'connection': 'close', 'status': '200', 'content-location': 'http://10.201.9.223/volume/v3/volumes/224a70d0-b047-4296-b48f-257ceda084ed'}
        Body: b'{"volume": {"id": "224a70d0-b047-4296-b48f-257ceda084ed", "status": "error", "size": 1, "availability_zone": "nova", "created_at": "2026-03-17T11:06:06.000000", "updated_at": "2026-03-17T11:06:06.000000", "name": "tempest-VolumeTypesTest-volume-363726576", "description": null, "volume_type": "tempest-VolumeTypesTest-volume-type-1536806095", "snapshot_id": null, "source_volid": null, "metadata": {}, "links": [{"rel": "self", "href": "http://10.201.9.223/volume/v3/volumes/224a70d0-b047-4296-b48f-257ceda084ed"}, {"rel": "bookmark", "href": "http://10.201.9.223/volume/volumes/224a70d0-b047-4296-b48f-257ceda084ed"}], "user_id": "7a578a28b8af4b7b89fe0d892aef3ca0", "bootable": "false", "encrypted": false, "replication_status": null, "consistencygroup_id": null, "multiattach": false, "attachments": [], "os-vol-tenant-attr:tenant_id": "31b0bf942674455f887d231816a7680d"}}'
2026-03-17 11:06:07,443 125212 INFO     [tempest.lib.common.rest_client] Request (VolumeTypesTest:_run_cleanups): 202 DELETE http://10.201.9.223/volume/v3/volumes/224a70d0-b047-4296-b48f-257ceda084ed 0.056s
2026-03-17 11:06:07,443 125212 DEBUG    [tempest.lib.common.rest_client] Request - Headers: {'Content-Type': 'application/json', 'Accept': 'application/json', 'X-Auth-Token': '<omitted>'}
        Body: None
    Response - Headers: {'date': 'Tue, 17 Mar 2026 11:06:07 GMT', 'server': 'Apache/2.4.58 (Ubuntu)', 'content-length': '0', 'content-type': 'text/html; charset=UTF-8', 'openstack-api-version': 'volume 3.0', 'vary': 'OpenStack-API-Version', 'x-openstack-request-id': 'req-e408dee6-88fd-4513-a725-d03ee40d34d4', 'connection': 'close', 'status': '202', 'content-location': 'http://10.201.9.223/volume/v3/volumes/224a70d0-b047-4296-b48f-257ceda084ed'}
        Body: b''
2026-03-17 11:06:07,454 125212 INFO     [tempest.lib.common.rest_client] Request (VolumeTypesTest:_run_cleanups): 404 GET http://10.201.9.223/volume/v3/volumes/224a70d0-b047-4296-b48f-257ceda084ed 0.010s
2026-03-17 11:06:07,454 125212 DEBUG    [tempest.lib.common.rest_client] Request - Headers: {'Content-Type': 'application/json', 'Accept': 'application/json', 'X-Auth-Token': '<omitted>'}
        Body: None
    Response - Headers: {'date': 'Tue, 17 Mar 2026 11:06:07 GMT', 'server': 'Apache/2.4.58 (Ubuntu)', 'openstack-api-version': 'volume 3.0', 'vary': 'OpenStack-API-Version', 'content-length': '109', 'content-type': 'application/json', 'x-compute-request-id': 'req-083e9147-6fac-4f73-a91d-b8e88fd1c65f', 'x-openstack-request-id': 'req-083e9147-6fac-4f73-a91d-b8e88fd1c65f', 'connection': 'close', 'status': '404', 'content-location': 'http://10.201.9.223/volume/v3/volumes/224a70d0-b047-4296-b48f-257ceda084ed'}
        Body: b'{"itemNotFound": {"code": 404, "message": "Volume 224a70d0-b047-4296-b48f-257ceda084ed could not be found."}}'
2026-03-17 11:06:07,478 125212 INFO     [tempest.lib.common.rest_client] Request (VolumeTypesTest:_run_cleanups): 202 DELETE http://10.201.9.223/volume/v3/types/43683cac-028c-4095-b2c3-030bb9fc203c 0.023s
2026-03-17 11:06:07,478 125212 DEBUG    [tempest.lib.common.rest_client] Request - Headers: {'Content-Type': 'application/json', 'Accept':
     'application/json', 'X-Auth-Token': '<omitted>'}
        Body: None
    Response - Headers: {'date': 'Tue, 17 Mar 2026 11:06:07 GMT', 'server': 'Apache/2.4.58 (Ubuntu)', 'content-length': '0', 'content-type': 'text/html; charset=UTF-8', 'openstack-api-version': 'volume 3.0', 'vary': 'OpenStack-API-Version', 'x-openstack-request-id': 'req-9611f002-55d6-456c-bf1a-cf8792f1b9fe', 'connection': 'close', 'status': '202', 'content-location': 'http://10.201.9.223/volume/v3/types/43683cac-028c-4095-b2c3-030bb9fc203c'}
        Body: b''
2026-03-17 11:06:07,484 125212 INFO     [tempest.lib.common.rest_client] Request (VolumeTypesTest:_run_cleanups): 404 GET http://10.201.9.223/volume/v3/types/43683cac-028c-4095-b2c3-030bb9fc203c 0.006s
2026-03-17 11:06:07,484 125212 DEBUG    [tempest.lib.common.rest_client] Request - Headers: {'Content-Type': 'application/json', 'Accept': 'application/json', 'X-Auth-Token': '<omitted>'}
        Body: None
    Response - Headers: {'date': 'Tue, 17 Mar 2026 11:06:07 GMT', 'server': 'Apache/2.4.58 (Ubuntu)', 'openstack-api-version': 'volume 3.0', 'vary': 'OpenStack-API-Version', 'content-length': '114', 'content-type': 'application/json', 'x-compute-request-id': 'req-186da1bd-bce0-457c-832d-2f06d250fd71', 'x-openstack-request-id': 'req-186da1bd-bce0-457c-832d-2f06d250fd71', 'connection': 'close', 'status': '404', 'content-location': 'http://10.201.9.223/volume/v3/types/43683cac-028c-4095-b2c3-030bb9fc203c'}
        Body: b'{"itemNotFound": {"code": 404, "message": "Volume type 43683cac-028c-4095-b2c3-030bb9fc203c could not be found."}}'
2026-03-17 11:06:07,509 125212 INFO     [tempest.lib.common.rest_client] Request (VolumeTypesTest:_run_cleanups): 202 DELETE http://10.201.9.223/volume/v3/types/12cd92ce-4376-408e-bf62-d650322d3388 0.024s
2026-03-17 11:06:07,509 125212 DEBUG    [tempest.lib.common.rest_client] Request - Headers: {'Content-Type': 'application/json', 'Accept': 'application/json', 'X-Auth-Token': '<omitted>'}
        Body: None
    Response - Headers: {'date': 'Tue, 17 Mar 2026 11:06:07 GMT', 'server': 'Apache/2.4.58 (Ubuntu)', 'content-length': '0', 'content-type': 'text/html; charset=UTF-8', 'openstack-api-version': 'volume 3.0', 'vary': 'OpenStack-API-Version', 'x-openstack-request-id': 'req-03885def-39eb-4207-9742-ee2925b759f8', 'connection': 'close', 'status': '202', 'content-location': 'http://10.201.9.223/volume/v3/types/12cd92ce-4376-408e-bf62-d650322d3388'}
        Body: b''
2026-03-17 11:06:07,516 125212 INFO     [tempest.lib.common.rest_client] Request (VolumeTypesTest:_run_cleanups): 404 GET http://10.201.9.223/volume/v3/types/12cd92ce-4376-408e-bf62-d650322d3388 0.006s
2026-03-17 11:06:07,516 125212 DEBUG    [tempest.lib.common.rest_client] Request - Headers: {'Content-Type': 'application/json', 'Accept': 'application/json', 'X-Auth-Token': '<omitted>'}
        Body: None
    Response - Headers: {'date': 'Tue, 17 Mar 2026 11:06:07 GMT', 'server': 'Apache/2.4.58 (Ubuntu)', 'openstack-api-version': 'volume 3.0', 'vary': 'OpenStack-API-Version', 'content-length': '114', 'content-type': 'application/json', 'x-compute-request-id': 'req-5714bf5b-2a94-414f-ade4-88f349882cba', 'x-openstack-request-id': 'req-5714bf5b-2a94-414f-ade4-88f349882cba', 'connection': 'close', 'status': '404', 'content-location': 'http://10.201.9.223/volume/v3/types/12cd92ce-4376-408e-bf62-d650322d3388'}
        Body: b'{"itemNotFound": {"code": 404, "message": "Volume type 12cd92ce-4376-408e-bf62-d650322d3388 could not be found."}}'


setUpClass (tempest.api.volume.******.test_volumes_list.VolumesListAdminTestJSON)
--------------------------------------------------------------------------------

Captured traceback:
~~~~~~~~~~~~~~~~~~~
    Traceback (most recent call last):

      File "/opt/stack/tempest/tempest/test.py", line 185, in setUpClass
    raise value.with_traceback(trace)

      File "/opt/stack/tempest/tempest/test.py", line 178, in setUpClass
    cls.resource_setup()

      File "/opt/stack/tempest/tempest/api/volume/******/test_volumes_list.py", line 37, in resource_setup
    volume = cls.create_volume()
             ^^^^^^^^^^^^^^^^^^^

      File "/opt/stack/tempest/tempest/api/volume/base.py", line 144, in create_volume
    waiters.wait_for_volume_resource_status(self.volumes_client,

      File "/opt/stack/tempest/tempest/common/waiters.py", line 379, in wait_for_volume_resource_status
    raise exceptions.VolumeResourceBuildErrorException(

    tempest.exceptions.VolumeResourceBuildErrorException: volume 6b9680c3-99c4-4829-ae1d-87cb7a83336f failed to build and is in ERROR status


setUpClass (tempest.api.volume.test_snapshot_metadata.SnapshotMetadataTestJSON)
-------------------------------------------------------------------------------

Captured traceback:
~~~~~~~~~~~~~~~~~~~
    Traceback (most recent call last):

      File "/opt/stack/tempest/tempest/test.py", line 185, in setUpClass
    raise value.with_traceback(trace)

      File "/opt/stack/tempest/tempest/test.py", line 178, in setUpClass
    cls.resource_setup()

      File "/opt/stack/tempest/tempest/api/volume/test_snapshot_metadata.py", line 38, in resource_setup
    cls.volume = cls.create_volume()
                 ^^^^^^^^^^^^^^^^^^^

      File "/opt/stack/tempest/tempest/api/volume/base.py", line 144, in create_volume
    waiters.wait_for_volume_resource_status(self.volumes_client,

      File "/opt/stack/tempest/tempest/common/waiters.py", line 379, in wait_for_volume_resource_status
    raise exceptions.VolumeResourceBuildErrorException(

    tempest.exceptions.VolumeResourceBuildErrorException: volume 1d03e2c2-4aa2-4880-baf7-82e3e8fb618c failed to build and is in ERROR status


setUpClass (tempest.api.volume.test_volume_absolute_limits.AbsoluteLimitsTests)
-------------------------------------------------------------------------------

Captured traceback:
~~~~~~~~~~~~~~~~~~~
    Traceback (most recent call last):

      File "/opt/stack/tempest/tempest/test.py", line 185, in setUpClass
    raise value.with_traceback(trace)

      File "/opt/stack/tempest/tempest/test.py", line 178, in setUpClass
    cls.resource_setup()

      File "/opt/stack/tempest/tempest/api/volume/test_volume_absolute_limits.py", line 37, in resource_setup
    cls.volume = cls.create_volume()
                 ^^^^^^^^^^^^^^^^^^^

      File "/opt/stack/tempest/tempest/api/volume/base.py", line 144, in create_volume
    waiters.wait_for_volume_resource_status(self.volumes_client,

      File "/opt/stack/tempest/tempest/common/waiters.py", line 379, in wait_for_volume_resource_status
    raise exceptions.VolumeResourceBuildErrorException(

    tempest.exceptions.VolumeResourceBuildErrorException: volume 73fabdf1-b374-4c77-951c-4dfd4e9dd2a4 failed to build and is in ERROR status


tempest.api.volume.test_volume_delete_cascade.VolumesDeleteCascade.test_volume_delete_cascade[id-994e2d40-de37-46e8-b328-a58fba7e4a95]
--------------------------------------------------------------------------------------------------------------------------------------

Captured traceback:
~~~~~~~~~~~~~~~~~~~
    Traceback (most recent call last):

      File "/opt/stack/tempest/tempest/api/volume/test_volume_delete_cascade.py", line 68, in test_volume_delete_cascade
    volume = self.create_volume()
             ^^^^^^^^^^^^^^^^^^^^

      File "/opt/stack/tempest/tempest/api/volume/base.py", line 144, in create_volume
    waiters.wait_for_volume_resource_status(self.volumes_client,

      File "/opt/stack/tempest/tempest/common/waiters.py", line 379, in wait_for_volume_resource_status
    raise exceptions.VolumeResourceBuildErrorException(

    tempest.exceptions.VolumeResourceBuildErrorException: volume 0bd64f71-3274-4db7-b1ae-baafa317be5b failed to build and is in ERROR status


Captured pythonlogging:
~~~~~~~~~~~~~~~~~~~~~~~
    2026-03-17 11:06:28,924 125212 INFO     [tempest.lib.common.rest_client] Request (VolumesDeleteCascade:test_volume_delete_cascade): 202 POST http://10.201.9.223/volume/v3/volumes 0.214s
2026-03-17 11:06:28,925 125212 DEBUG    [tempest.lib.common.rest_client] Request - Headers: {'Content-Type': 'application/json', 'Accept': 'application/json', 'X-Auth-Token': '<omitted>'}
        Body: {"volume": {"size": 1, "name": "tempest-VolumesDeleteCascade-Volume-1659472331"}}
    Response - Headers: {'date': 'Tue, 17 Mar 2026 11:06:28 GMT', 'server': 'Apache/2.4.58 (Ubuntu)', 'content-type': 'application/json', 'x-compute-request-id': 'req-0ded64db-5d72-4c76-ba6b-0ca67ddc3e87', 'content-length': '750', 'openstack-api-version': 'volume 3.0', 'vary': 'OpenStack-API-Version', 'x-openstack-request-id': 'req-0ded64db-5d72-4c76-ba6b-0ca67ddc3e87', 'connection': 'close', 'status': '202', 'content-location': 'http://10.201.9.223/volume/v3/volumes'}
        Body: b'{"volume": {"id": "0bd64f71-3274-4db7-b1ae-baafa317be5b", "status": "creating", "size": 1, "availability_zone": "nova", "created_at": "2026-03-17T11:06:28.875567", "updated_at": null, "name": "tempest-VolumesDeleteCascade-Volume-1659472331", "description": null, "volume_type": "3par1", "snapshot_id": null, "source_volid": null, "metadata": {}, "links": [{"rel": "self", "href": "http://10.201.9.223/volume/v3/volumes/0bd64f71-3274-4db7-b1ae-baafa317be5b"}, {"rel": "bookmark", "href": "http://10.201.9.223/volume/volumes/0bd64f71-3274-4db7-b1ae-baafa317be5b"}], "user_id": "22e97360ae534d2f848c80cbc747a4d9", "bootable": "false", "encrypted": false, "replication_status": null, "consistencygroup_id": null, "multiattach": false, "attachments": []}}'
2026-03-17 11:06:28,948 125212 INFO     [tempest.lib.common.rest_client] Request (VolumesDeleteCascade:test_volume_delete_cascade): 200 GET http://10.201.9.223/volume/v3/volumes/0bd64f71-3274-4db7-b1ae-baafa317be5b 0.018s
2026-03-17 11:06:28,949 125212 DEBUG    [tempest.lib.common.rest_client] Request - Headers: {'Content-Type': 'application/json', 'Accept': 'application/json', 'X-Auth-Token': '<omitted>'}
        Body: None
    Response - Headers: {'date': 'Tue, 17 Mar 2026 11:06:28 GMT', 'server': 'Apache/2.4.58 (Ubuntu)', 'content-type': 'application/json', 'x-compute-request-id': 'req-ca757d15-1d7e-4ba6-b83e-9aecc196450f', 'content-length': '818', 'openstack-api-version': 'volume 3.0', 'vary': 'OpenStack-API-Version', 'x-openstack-request-id': 'req-ca757d15-1d7e-4ba6-b83e-9aecc196450f', 'connection': 'close', 'status': '200', 'content-location': 'http://10.201.9.223/volume/v3/volumes/0bd64f71-3274-4db7-b1ae-baafa317be5b'}
        Body: b'{"volume": {"id": "0bd64f71-3274-4db7-b1ae-baafa317be5b", "status": "creating", "size": 1, "availability_zone": "nova", "created_at": "2026-03-17T11:06:29.000000", "updated_at": null, "name": "tempest-VolumesDeleteCascade-Volume-1659472331", "description": null, "volume_type": "3par1", "snapshot_id": null, "source_volid": null, "metadata": {}, "links": [{"rel": "self", "href": "http://10.201.9.223/volume/v3/volumes/0bd64f71-3274-4db7-b1ae-baafa317be5b"}, {"rel": "bookmark", "href": "http://10.201.9.223/volume/volumes/0bd64f71-3274-4db7-b1ae-baafa317be5b"}], "user_id": "22e97360ae534d2f848c80cbc747a4d9", "bootable": "false", "encrypted": false, "replication_status": null, "consistencygroup_id": null, "multiattach": false, "attachments": [], "os-vol-tenant-attr:tenant_id": "4ed8b647b17443cab6f38dfa4f0951c6"}}'
2026-03-17 11:06:29,986 125212 INFO     [tempest.lib.common.rest_client] Request (VolumesDeleteCascade:test_volume_delete_cascade): 200 GET http://10.201.9.223/volume/v3/volumes/0bd64f71-3274-4db7-b1ae-baafa317be5b 0.031s
2026-03-17 11:06:29,987 125212 DEBUG    [tempest.lib.common.rest_client] Request - Headers: {'Content-Type': 'application/json', 'Accept': 'application/json', 'X-Auth-Token': '<omitted>'}
        Body: None
    Response - Headers: {'date': 'Tue, 17 Mar 2026 11:06:29 GMT', 'server': 'Apache/2.4.58 (Ubuntu)', 'content-type': 'application/json', 'x-compute-request-id': 'req-56080467-6ea
    0-4207-ba08-b41b3ce4f351', 'content-length': '839', 'openstack-api-version': 'volume 3.0', 'vary': 'OpenStack-API-Version', 'x-openstack-request-id': 'req-56080467-6ea0-4207-ba08-b41b3ce4f351', 'connection': 'close', 'status': '200', 'content-location': 'http://10.201.9.223/volume/v3/volumes/0bd64f71-3274-4db7-b1ae-baafa317be5b'}
        Body: b'{"volume": {"id": "0bd64f71-3274-4db7-b1ae-baafa317be5b", "status": "error", "size": 1, "availability_zone": "nova", "created_at": "2026-03-17T11:06:29.000000", "updated_at": "2026-03-17T11:06:29.000000", "name": "tempest-VolumesDeleteCascade-Volume-1659472331", "description": null, "volume_type": "3par1", "snapshot_id": null, "source_volid": null, "metadata": {}, "links": [{"rel": "self", "href": "http://10.201.9.223/volume/v3/volumes/0bd64f71-3274-4db7-b1ae-baafa317be5b"}, {"rel": "bookmark", "href": "http://10.201.9.223/volume/volumes/0bd64f71-3274-4db7-b1ae-baafa317be5b"}], "user_id": "22e97360ae534d2f848c80cbc747a4d9", "bootable": "false", "encrypted": false, "replication_status": null, "consistencygroup_id": null, "multiattach": false, "attachments": [], "os-vol-tenant-attr:tenant_id": "4ed8b647b17443cab6f38dfa4f0951c6"}}'
2026-03-17 11:06:30,028 125212 INFO     [tempest.lib.common.rest_client] Request (VolumesDeleteCascade:_run_cleanups): 200 GET http://10.201.9.223/volume/v3/volumes/0bd64f71-3274-4db7-b1ae-baafa317be5b 0.036s
2026-03-17 11:06:30,029 125212 DEBUG    [tempest.lib.common.rest_client] Request - Headers: {'Content-Type': 'application/json', 'Accept': 'application/json', 'X-Auth-Token': '<omitted>'}
        Body: None
    Response - Headers: {'date': 'Tue, 17 Mar 2026 11:06:29 GMT', 'server': 'Apache/2.4.58 (Ubuntu)', 'content-type': 'application/json', 'x-compute-request-id': 'req-fbb0657a-b568-47c7-aeb3-48fed5336d6c', 'content-length': '839', 'openstack-api-version': 'volume 3.0', 'vary': 'OpenStack-API-Version', 'x-openstack-request-id': 'req-fbb0657a-b568-47c7-aeb3-48fed5336d6c', 'connection': 'close', 'status': '200', 'content-location': 'http://10.201.9.223/volume/v3/volumes/0bd64f71-3274-4db7-b1ae-baafa317be5b'}
        Body: b'{"volume": {"id": "0bd64f71-3274-4db7-b1ae-baafa317be5b", "status": "error", "size": 1, "availability_zone": "nova", "created_at": "2026-03-17T11:06:29.000000", "updated_at": "2026-03-17T11:06:29.000000", "name": "tempest-VolumesDeleteCascade-Volume-1659472331", "description": null, "volume_type": "3par1", "snapshot_id": null, "source_volid": null, "metadata": {}, "links": [{"rel": "self", "href": "http://10.201.9.223/volume/v3/volumes/0bd64f71-3274-4db7-b1ae-baafa317be5b"}, {"rel": "bookmark", "href": "http://10.201.9.223/volume/volumes/0bd64f71-3274-4db7-b1ae-baafa317be5b"}], "user_id": "22e97360ae534d2f848c80cbc747a4d9", "bootable": "false", "encrypted": false, "replication_status": null, "consistencygroup_id": null, "multiattach": false, "attachments": [], "os-vol-tenant-attr:tenant_id": "4ed8b647b17443cab6f38dfa4f0951c6"}}'
2026-03-17 11:06:30,100 125212 INFO     [tempest.lib.common.rest_client] Request (VolumesDeleteCascade:_run_cleanups): 202 DELETE http://10.201.9.223/volume/v3/volumes/0bd64f71-3274-4db7-b1ae-baafa317be5b 0.061s
2026-03-17 11:06:30,100 125212 DEBUG    [tempest.lib.common.rest_client] Request - Headers: {'Content-Type': 'application/json', 'Accept': 'application/json', 'X-Auth-Token': '<omitted>'}
        Body: None
    Response - Headers: {'date': 'Tue, 17 Mar 2026 11:06:30 GMT', 'server': 'Apache/2.4.58 (Ubuntu)', 'content-length': '0', 'content-type': 'text/html; charset=UTF-8', 'openstack-api-version': 'volume 3.0', 'vary': 'OpenStack-API-Version', 'x-openstack-request-id': 'req-6fdf2036-b1db-41ca-85df-f3eacc7c832a', 'connection': 'close', 'status': '202', 'content-location': 'http://10.201.9.223/volume/v3/volumes/0bd64f71-3274-4db7-b1ae-baafa317be5b'}
        Body: b''
2026-03-17 11:06:30,115 125212 INFO     [tempest.lib.common.rest_client] Request (VolumesDeleteCascade:_run_cleanups): 404 GET http://10.201.9.223/volume/v3/volumes/0bd64f71-3274-4db7-b1ae-baafa317be5b 0.015s
2026-03-17 11:06:30,115 1252
    12 DEBUG    [tempest.lib.common.rest_client] Request - Headers: {'Content-Type': 'application/json', 'Accept': 'application/json', 'X-Auth-Token': '<omitted>'}
        Body: None
    Response - Headers: {'date': 'Tue, 17 Mar 2026 11:06:30 GMT', 'server': 'Apache/2.4.58 (Ubuntu)', 'openstack-api-version': 'volume 3.0', 'vary': 'OpenStack-API-Version', 'content-length': '109', 'content-type': 'application/json', 'x-compute-request-id': 'req-a74cf3af-a523-4807-902e-1efee18e357d', 'x-openstack-request-id': 'req-a74cf3af-a523-4807-902e-1efee18e357d', 'connection': 'close', 'status': '404', 'content-location': 'http://10.201.9.223/volume/v3/volumes/0bd64f71-3274-4db7-b1ae-baafa317be5b'}
        Body: b'{"itemNotFound": {"code": 404, "message": "Volume 0bd64f71-3274-4db7-b1ae-baafa317be5b could not be found."}}'


tempest.api.volume.test_volume_delete_cascade.VolumesDeleteCascade.test_volume_from_snapshot_cascade_delete[id-59a77ede-609b-4ee8-9f68-fc3c6ffe97b5]
----------------------------------------------------------------------------------------------------------------------------------------------------

Captured traceback:
~~~~~~~~~~~~~~~~~~~
    Traceback (most recent call last):

      File "/opt/stack/tempest/tempest/api/volume/test_volume_delete_cascade.py", line 93, in test_volume_from_snapshot_cascade_delete
    volume = self.create_volume()
             ^^^^^^^^^^^^^^^^^^^^

      File "/opt/stack/tempest/tempest/api/volume/base.py", line 144, in create_volume
    waiters.wait_for_volume_resource_status(self.volumes_client,

      File "/opt/stack/tempest/tempest/common/waiters.py", line 379, in wait_for_volume_resource_status
    raise exceptions.VolumeResourceBuildErrorException(

    tempest.exceptions.VolumeResourceBuildErrorException: volume be703223-8374-460b-99f8-c0016fc704e3 failed to build and is in ERROR status


Captured pythonlogging:
~~~~~~~~~~~~~~~~~~~~~~~
    2026-03-17 11:06:30,243 125212 INFO     [tempest.lib.common.rest_client] Request (VolumesDeleteCascade:test_volume_from_snapshot_cascade_delete): 202 POST http://10.201.9.223/volume/v3/volumes 0.127s
2026-03-17 11:06:30,244 125212 DEBUG    [tempest.lib.common.rest_client] Request - Headers: {'Content-Type': 'application/json', 'Accept': 'application/json', 'X-Auth-Token': '<omitted>'}
        Body: {"volume": {"size": 1, "name": "tempest-VolumesDeleteCascade-Volume-1565263483"}}
    Response - Headers: {'date': 'Tue, 17 Mar 2026 11:06:30 GMT', 'server': 'Apache/2.4.58 (Ubuntu)', 'content-type': 'application/json', 'x-compute-request-id': 'req-abd70813-1377-4743-b978-f947677bdb3f', 'content-length': '750', 'openstack-api-version': 'volume 3.0', 'vary': 'OpenStack-API-Version', 'x-openstack-request-id': 'req-abd70813-1377-4743-b978-f947677bdb3f', 'connection': 'close', 'status': '202', 'content-location': 'http://10.201.9.223/volume/v3/volumes'}
        Body: b'{"volume": {"id": "be703223-8374-460b-99f8-c0016fc704e3", "status": "creating", "size": 1, "availability_zone": "nova", "created_at": "2026-03-17T11:06:30.190868", "updated_at": null, "name": "tempest-VolumesDeleteCascade-Volume-1565263483", "description": null, "volume_type": "3par1", "snapshot_id": null, "source_volid": null, "metadata": {}, "links": [{"rel": "self", "href": "http://10.201.9.223/volume/v3/volumes/be703223-8374-460b-99f8-c0016fc704e3"}, {"rel": "bookmark", "href": "http://10.201.9.223/volume/volumes/be703223-8374-460b-99f8-c0016fc704e3"}], "user_id": "22e97360ae534d2f848c80cbc747a4d9", "bootable": "false", "encrypted": false, "replication_status": null, "consistencygroup_id": null, "multiattach": false, "attachments": []}}'
2026-03-17 11:06:30,267 125212 INFO     [tempest.lib.common.rest_client] Request (VolumesDeleteCascade:test_volume_from_snapshot_cascade_delete): 200 GET http://10.201.9.223/volume/v3/volumes/be703223-8374-460b-99f8-c0016fc704e3 0.020s
2026-03-17 11:06:30,267 125212 DEBUG    [tempest.lib.common.rest_client] Request - Headers: {'Content-Type': 'application/json', 'Accept': 'application/json', 'X-Auth-Token': '<omitted>'}
        Body: None
    Response - Headers: {'date': 'Tue, 17 Mar 2026 11:06:30 GMT', 'server': 'Apache/2.4.58 (Ubuntu)', 'content-type': 'application/json', 'x-compute-request-id': 'req-05414ba0-79dd-438f-a5e5-f07a09b42f87', 'content-length': '818', 'openstack-api-version': 'volume 3.0', 'vary': 'OpenStack-API-Version', 'x-openstack-request-id': 'req-05414ba0-79dd-438f-a5e5-f07a09b42f87', 'connection': 'close', 'status': '200', 'content-location': 'http://10.201.9.223/volume/v3/volumes/be703223-8374-460b-99f8-c0016fc704e3'}
        Body: b'{"volume": {"id": "be703223-8374-460b-99f8-c0016fc704e3", "status": "creating", "size": 1, "availability_zone": "nova", "created_at": "2026-03-17T11:06:30.000000", "updated_at": null, "name": "tempest-VolumesDeleteCascade-Volume-1565263483", "description": null, "volume_type": "3par1", "snapshot_id": null, "source_volid": null, "metadata": {}, "links": [{"rel": "self", "href": "http://10.201.9.223/volume/v3/volumes/be703223-8374-460b-99f8-c0016fc704e3"}, {"rel": "bookmark", "href": "http://10.201.9.223/volume/volumes/be703223-8374-460b-99f8-c0016fc704e3"}], "user_id": "22e97360ae534d2f848c80cbc747a4d9", "bootable": "false", "encrypted": false, "replication_status": null, "consistencygroup_id": null, "multiattach": false, "attachments": [], "os-vol-tenant-attr:tenant_id": "4ed8b647b17443cab6f38dfa4f0951c6"}}'
2026-03-17 11:06:31,304 125212 INFO     [tempest.lib.common.rest_client] Request (VolumesDeleteCascade:test_volume_from_snapshot_cascade_delete): 200 GET http://10.201.9.223/volume/v3/volumes/be703223-8374-460b-99f8-c0016fc704e3 0.031s
2026-03-17 11:06:31,304 125212 DEBUG    [tempest.lib.common.rest_client] Request - Headers: {'Content-Type': 'application/json', 'Accept': 'application/json', 'X-Auth-Token': '<omitted>'}
        Body: None
    Response - Headers: {'date': 'Tue, 17 Mar 2026 11:06:31 GMT', 'server': 'Apache/2.4.58 (Ubuntu)', 'content-type': 'application/json',
     'x-compute-request-id': 'req-1083e9f4-67db-4c30-8b13-145e1cae36e2', 'content-length': '839', 'openstack-api-version': 'volume 3.0', 'vary': 'OpenStack-API-Version', 'x-openstack-request-id': 'req-1083e9f4-67db-4c30-8b13-145e1cae36e2', 'connection': 'close', 'status': '200', 'content-location': 'http://10.201.9.223/volume/v3/volumes/be703223-8374-460b-99f8-c0016fc704e3'}
        Body: b'{"volume": {"id": "be703223-8374-460b-99f8-c0016fc704e3", "status": "error", "size": 1, "availability_zone": "nova", "created_at": "2026-03-17T11:06:30.000000", "updated_at": "2026-03-17T11:06:30.000000", "name": "tempest-VolumesDeleteCascade-Volume-1565263483", "description": null, "volume_type": "3par1", "snapshot_id": null, "source_volid": null, "metadata": {}, "links": [{"rel": "self", "href": "http://10.201.9.223/volume/v3/volumes/be703223-8374-460b-99f8-c0016fc704e3"}, {"rel": "bookmark", "href": "http://10.201.9.223/volume/volumes/be703223-8374-460b-99f8-c0016fc704e3"}], "user_id": "22e97360ae534d2f848c80cbc747a4d9", "bootable": "false", "encrypted": false, "replication_status": null, "consistencygroup_id": null, "multiattach": false, "attachments": [], "os-vol-tenant-attr:tenant_id": "4ed8b647b17443cab6f38dfa4f0951c6"}}'
2026-03-17 11:06:31,358 125212 INFO     [tempest.lib.common.rest_client] Request (VolumesDeleteCascade:_run_cleanups): 200 GET http://10.201.9.223/volume/v3/volumes/be703223-8374-460b-99f8-c0016fc704e3 0.042s
2026-03-17 11:06:31,358 125212 DEBUG    [tempest.lib.common.rest_client] Request - Headers: {'Content-Type': 'application/json', 'Accept': 'application/json', 'X-Auth-Token': '<omitted>'}
        Body: None
    Response - Headers: {'date': 'Tue, 17 Mar 2026 11:06:31 GMT', 'server': 'Apache/2.4.58 (Ubuntu)', 'content-type': 'application/json', 'x-compute-request-id': 'req-3bc8b6aa-fe3d-42ac-a589-b7e30ebdf626', 'content-length': '839', 'openstack-api-version': 'volume 3.0', 'vary': 'OpenStack-API-Version', 'x-openstack-request-id': 'req-3bc8b6aa-fe3d-42ac-a589-b7e30ebdf626', 'connection': 'close', 'status': '200', 'content-location': 'http://10.201.9.223/volume/v3/volumes/be703223-8374-460b-99f8-c0016fc704e3'}
        Body: b'{"volume": {"id": "be703223-8374-460b-99f8-c0016fc704e3", "status": "error", "size": 1, "availability_zone": "nova", "created_at": "2026-03-17T11:06:30.000000", "updated_at": "2026-03-17T11:06:30.000000", "name": "tempest-VolumesDeleteCascade-Volume-1565263483", "description": null, "volume_type": "3par1", "snapshot_id": null, "source_volid": null, "metadata": {}, "links": [{"rel": "self", "href": "http://10.201.9.223/volume/v3/volumes/be703223-8374-460b-99f8-c0016fc704e3"}, {"rel": "bookmark", "href": "http://10.201.9.223/volume/volumes/be703223-8374-460b-99f8-c0016fc704e3"}], "user_id": "22e97360ae534d2f848c80cbc747a4d9", "bootable": "false", "encrypted": false, "replication_status": null, "consistencygroup_id": null, "multiattach": false, "attachments": [], "os-vol-tenant-attr:tenant_id": "4ed8b647b17443cab6f38dfa4f0951c6"}}'
2026-03-17 11:06:31,442 125212 INFO     [tempest.lib.common.rest_client] Request (VolumesDeleteCascade:_run_cleanups): 202 DELETE http://10.201.9.223/volume/v3/volumes/be703223-8374-460b-99f8-c0016fc704e3 0.071s
2026-03-17 11:06:31,443 125212 DEBUG    [tempest.lib.common.rest_client] Request - Headers: {'Content-Type': 'application/json', 'Accept': 'application/json', 'X-Auth-Token': '<omitted>'}
        Body: None
    Response - Headers: {'date': 'Tue, 17 Mar 2026 11:06:31 GMT', 'server': 'Apache/2.4.58 (Ubuntu)', 'content-length': '0', 'content-type': 'text/html; charset=UTF-8', 'openstack-api-version': 'volume 3.0', 'vary': 'OpenStack-API-Version', 'x-openstack-request-id': 'req-67756bef-6103-4e31-a809-ad5e94754a84', 'connection': 'close', 'status': '202', 'content-location': 'http://10.201.9.223/volume/v3/volumes/be703223-8374-460b-99f8-c0016fc704e3'}
        Body: b''
2026-03-17 11:06:31,461 125212 INFO     [tempest.lib.common.rest_client] Request (VolumesDeleteCascade:_run_cleanups): 404 GET http://10.201.9.223/volume/v3/volumes/be703223-8374-460b-99f8-c0016f
    c704e3 0.018s
2026-03-17 11:06:31,462 125212 DEBUG    [tempest.lib.common.rest_client] Request - Headers: {'Content-Type': 'application/json', 'Accept': 'application/json', 'X-Auth-Token': '<omitted>'}
        Body: None
    Response - Headers: {'date': 'Tue, 17 Mar 2026 11:06:31 GMT', 'server': 'Apache/2.4.58 (Ubuntu)', 'openstack-api-version': 'volume 3.0', 'vary': 'OpenStack-API-Version', 'content-length': '109', 'content-type': 'application/json', 'x-compute-request-id': 'req-813d428b-c7c1-4cfb-a3f3-abf61d84e2b8', 'x-openstack-request-id': 'req-813d428b-c7c1-4cfb-a3f3-abf61d84e2b8', 'connection': 'close', 'status': '404', 'content-location': 'http://10.201.9.223/volume/v3/volumes/be703223-8374-460b-99f8-c0016fc704e3'}
        Body: b'{"itemNotFound": {"code": 404, "message": "Volume be703223-8374-460b-99f8-c0016fc704e3 could not be found."}}'


setUpClass (tempest.api.volume.test_volume_metadata.VolumesMetadataTest)
------------------------------------------------------------------------

Captured traceback:
~~~~~~~~~~~~~~~~~~~
    Traceback (most recent call last):

      File "/opt/stack/tempest/tempest/test.py", line 185, in setUpClass
    raise value.with_traceback(trace)

      File "/opt/stack/tempest/tempest/test.py", line 178, in setUpClass
    cls.resource_setup()

      File "/opt/stack/tempest/tempest/api/volume/test_volume_metadata.py", line 29, in resource_setup
    cls.volume = cls.create_volume()
                 ^^^^^^^^^^^^^^^^^^^

      File "/opt/stack/tempest/tempest/api/volume/base.py", line 144, in create_volume
    waiters.wait_for_volume_resource_status(self.volumes_client,

      File "/opt/stack/tempest/tempest/common/waiters.py", line 379, in wait_for_volume_resource_status
    raise exceptions.VolumeResourceBuildErrorException(

    tempest.exceptions.VolumeResourceBuildErrorException: volume d978135e-5dfa-4924-936f-528420c8d0b3 failed to build and is in ERROR status


tempest.api.volume.test_volume_transfers.VolumesTransfersTest.test_create_get_list_accept_volume_transfer[id-4d75b645-a478-48b1-97c8-503f64242f1a]
--------------------------------------------------------------------------------------------------------------------------------------------------

Captured traceback:
~~~~~~~~~~~~~~~~~~~
    Traceback (most recent call last):

      File "/opt/stack/tempest/tempest/api/volume/test_volume_transfers.py", line 40, in test_create_get_list_accept_volume_transfer
    volume = self.create_volume()
             ^^^^^^^^^^^^^^^^^^^^

      File "/opt/stack/tempest/tempest/api/volume/base.py", line 144, in create_volume
    waiters.wait_for_volume_resource_status(self.volumes_client,

      File "/opt/stack/tempest/tempest/common/waiters.py", line 379, in wait_for_volume_resource_status
    raise exceptions.VolumeResourceBuildErrorException(

    tempest.exceptions.VolumeResourceBuildErrorException: volume 058a3b49-0815-4d52-9f87-61582412c366 failed to build and is in ERROR status


Captured pythonlogging:
~~~~~~~~~~~~~~~~~~~~~~~
    2026-03-17 11:06:35,754 125212 INFO     [tempest.lib.common.rest_client] Request (VolumesTransfersTest:test_create_get_list_accept_volume_transfer): 202 POST http://10.201.9.223/volume/v3/volumes 0.230s
2026-03-17 11:06:35,755 125212 DEBUG    [tempest.lib.common.rest_client] Request - Headers: {'Content-Type': 'application/json', 'Accept': 'application/json', 'X-Auth-Token': '<omitted>'}
        Body: {"volume": {"size": 1, "name": "tempest-VolumesTransfersTest-Volume-400824061"}}
    Response - Headers: {'date': 'Tue, 17 Mar 2026 11:06:35 GMT', 'server': 'Apache/2.4.58 (Ubuntu)', 'content-type': 'application/json', 'x-compute-request-id': 'req-289f3206-3d8c-48c5-8a72-56ae9020560e', 'content-length': '749', 'openstack-api-version': 'volume 3.0', 'vary': 'OpenStack-API-Version', 'x-openstack-request-id': 'req-289f3206-3d8c-48c5-8a72-56ae9020560e', 'connection': 'close', 'status': '202', 'content-location': 'http://10.201.9.223/volume/v3/volumes'}
        Body: b'{"volume": {"id": "058a3b49-0815-4d52-9f87-61582412c366", "status": "creating", "size": 1, "availability_zone": "nova", "created_at": "2026-03-17T11:06:35.708282", "updated_at": null, "name": "tempest-VolumesTransfersTest-Volume-400824061", "description": null, "volume_type": "3par1", "snapshot_id": null, "source_volid": null, "metadata": {}, "links": [{"rel": "self", "href": "http://10.201.9.223/volume/v3/volumes/058a3b49-0815-4d52-9f87-61582412c366"}, {"rel": "bookmark", "href": "http://10.201.9.223/volume/volumes/058a3b49-0815-4d52-9f87-61582412c366"}], "user_id": "935fed7278314d63b217142218b4876d", "bootable": "false", "encrypted": false, "replication_status": null, "consistencygroup_id": null, "multiattach": false, "attachments": []}}'
2026-03-17 11:06:35,783 125212 INFO     [tempest.lib.common.rest_client] Request (VolumesTransfersTest:test_create_get_list_accept_volume_transfer): 200 GET http://10.201.9.223/volume/v3/volumes/058a3b49-0815-4d52-9f87-61582412c366 0.019s
2026-03-17 11:06:35,784 125212 DEBUG    [tempest.lib.common.rest_client] Request - Headers: {'Content-Type': 'application/json', 'Accept': 'application/json', 'X-Auth-Token': '<omitted>'}
        Body: None
    Response - Headers: {'date': 'Tue, 17 Mar 2026 11:06:35 GMT', 'server': 'Apache/2.4.58 (Ubuntu)', 'content-type': 'application/json', 'x-compute-request-id': 'req-a92cc533-df93-4a29-b509-b767dcc8a5d4', 'content-length': '817', 'openstack-api-version': 'volume 3.0', 'vary': 'OpenStack-API-Version', 'x-openstack-request-id': 'req-a92cc533-df93-4a29-b509-b767dcc8a5d4', 'connection': 'close', 'status': '200', 'content-location': 'http://10.201.9.223/volume/v3/volumes/058a3b49-0815-4d52-9f87-61582412c366'}
        Body: b'{"volume": {"id": "058a3b49-0815-4d52-9f87-61582412c366", "status": "creating", "size": 1, "availability_zone": "nova", "created_at": "2026-03-17T11:06:36.000000", "updated_at": null, "name": "tempest-VolumesTransfersTest-Volume-400824061", "description": null, "volume_type": "3par1", "snapshot_id": null, "source_volid": null, "metadata": {}, "links": [{"rel": "self", "href": "http://10.201.9.223/volume/v3/volumes/058a3b49-0815-4d52-9f87-61582412c366"}, {"rel": "bookmark", "href": "http://10.201.9.223/volume/volumes/058a3b49-0815-4d52-9f87-61582412c366"}], "user_id": "935fed7278314d63b217142218b4876d", "bootable": "false", "encrypted": false, "replication_status": null, "consistencygroup_id": null, "multiattach": false, "attachments": [], "os-vol-tenant-attr:tenant_id": "aff3a617129241c9a87ac047686e4903"}}'
2026-03-17 11:06:36,822 125212 INFO     [tempest.lib.common.rest_client] Request (VolumesTransfersTest:test_create_get_list_accept_volume_transfer): 200 GET http://10.201.9.223/volume/v3/volumes/058a3b49-0815-4d52-9f87-61582412c366 0.033s
2026-03-17 11:06:36,823 125212 DEBUG    [tempest.lib.common.rest_client] Request - Headers: {'Content-Type': 'application/json', 'Accept': 'application/json', 'X-Auth-Token': '<omitted>'}
        Body: None
    Response - Headers: {'date': 'Tue, 17 Mar 2026 11:06:36 GMT', 'server': 'Apache/2.4.58 (Ubuntu)', 'content-type': 'application/
    json', 'x-compute-request-id': 'req-17a44ce4-7ede-47b7-a166-afd9e95949f3', 'content-length': '838', 'openstack-api-version': 'volume 3.0', 'vary': 'OpenStack-API-Version', 'x-openstack-request-id': 'req-17a44ce4-7ede-47b7-a166-afd9e95949f3', 'connection': 'close', 'status': '200', 'content-location': 'http://10.201.9.223/volume/v3/volumes/058a3b49-0815-4d52-9f87-61582412c366'}
        Body: b'{"volume": {"id": "058a3b49-0815-4d52-9f87-61582412c366", "status": "error", "size": 1, "availability_zone": "nova", "created_at": "2026-03-17T11:06:36.000000", "updated_at": "2026-03-17T11:06:36.000000", "name": "tempest-VolumesTransfersTest-Volume-400824061", "description": null, "volume_type": "3par1", "snapshot_id": null, "source_volid": null, "metadata": {}, "links": [{"rel": "self", "href": "http://10.201.9.223/volume/v3/volumes/058a3b49-0815-4d52-9f87-61582412c366"}, {"rel": "bookmark", "href": "http://10.201.9.223/volume/volumes/058a3b49-0815-4d52-9f87-61582412c366"}], "user_id": "935fed7278314d63b217142218b4876d", "bootable": "false", "encrypted": false, "replication_status": null, "consistencygroup_id": null, "multiattach": false, "attachments": [], "os-vol-tenant-attr:tenant_id": "aff3a617129241c9a87ac047686e4903"}}'
2026-03-17 11:06:36,853 125212 INFO     [tempest.lib.common.rest_client] Request (VolumesTransfersTest:_run_cleanups): 200 GET http://10.201.9.223/volume/v3/volumes/058a3b49-0815-4d52-9f87-61582412c366 0.020s
2026-03-17 11:06:36,853 125212 DEBUG    [tempest.lib.common.rest_client] Request - Headers: {'Content-Type': 'application/json', 'Accept': 'application/json', 'X-Auth-Token': '<omitted>'}
        Body: None
    Response - Headers: {'date': 'Tue, 17 Mar 2026 11:06:36 GMT', 'server': 'Apache/2.4.58 (Ubuntu)', 'content-type': 'application/json', 'x-compute-request-id': 'req-0109e662-049e-496f-85c3-edfff8148694', 'content-length': '838', 'openstack-api-version': 'volume 3.0', 'vary': 'OpenStack-API-Version', 'x-openstack-request-id': 'req-0109e662-049e-496f-85c3-edfff8148694', 'connection': 'close', 'status': '200', 'content-location': 'http://10.201.9.223/volume/v3/volumes/058a3b49-0815-4d52-9f87-61582412c366'}
        Body: b'{"volume": {"id": "058a3b49-0815-4d52-9f87-61582412c366", "status": "error", "size": 1, "availability_zone": "nova", "created_at": "2026-03-17T11:06:36.000000", "updated_at": "2026-03-17T11:06:36.000000", "name": "tempest-VolumesTransfersTest-Volume-400824061", "description": null, "volume_type": "3par1", "snapshot_id": null, "source_volid": null, "metadata": {}, "links": [{"rel": "self", "href": "http://10.201.9.223/volume/v3/volumes/058a3b49-0815-4d52-9f87-61582412c366"}, {"rel": "bookmark", "href": "http://10.201.9.223/volume/volumes/058a3b49-0815-4d52-9f87-61582412c366"}], "user_id": "935fed7278314d63b217142218b4876d", "bootable": "false", "encrypted": false, "replication_status": null, "consistencygroup_id": null, "multiattach": false, "attachments": [], "os-vol-tenant-attr:tenant_id": "aff3a617129241c9a87ac047686e4903"}}'
2026-03-17 11:06:36,925 125212 INFO     [tempest.lib.common.rest_client] Request (VolumesTransfersTest:_run_cleanups): 202 DELETE http://10.201.9.223/volume/v3/volumes/058a3b49-0815-4d52-9f87-61582412c366 0.067s
2026-03-17 11:06:36,925 125212 DEBUG    [tempest.lib.common.rest_client] Request - Headers: {'Content-Type': 'application/json', 'Accept': 'application/json', 'X-Auth-Token': '<omitted>'}
        Body: None
    Response - Headers: {'date': 'Tue, 17 Mar 2026 11:06:36 GMT', 'server': 'Apache/2.4.58 (Ubuntu)', 'content-length': '0', 'content-type': 'text/html; charset=UTF-8', 'openstack-api-version': 'volume 3.0', 'vary': 'OpenStack-API-Version', 'x-openstack-request-id': 'req-6a87a8ef-1459-4530-8064-5b453ef64abd', 'connection': 'close', 'status': '202', 'content-location': 'http://10.201.9.223/volume/v3/volumes/058a3b49-0815-4d52-9f87-61582412c366'}
        Body: b''
2026-03-17 11:06:36,940 125212 INFO     [tempest.lib.common.rest_client] Request (VolumesTransfersTest:_run_cleanups): 404 GET http://10.201.9.223/volume/v3/volumes/058a3b49-0815-4d52-9f87-61
    582412c366 0.014s
2026-03-17 11:06:36,940 125212 DEBUG    [tempest.lib.common.rest_client] Request - Headers: {'Content-Type': 'application/json', 'Accept': 'application/json', 'X-Auth-Token': '<omitted>'}
        Body: None
    Response - Headers: {'date': 'Tue, 17 Mar 2026 11:06:36 GMT', 'server': 'Apache/2.4.58 (Ubuntu)', 'openstack-api-version': 'volume 3.0', 'vary': 'OpenStack-API-Version', 'content-length': '109', 'content-type': 'application/json', 'x-compute-request-id': 'req-f61b8403-3ac0-463f-a614-5cbd85b51cf4', 'x-openstack-request-id': 'req-f61b8403-3ac0-463f-a614-5cbd85b51cf4', 'connection': 'close', 'status': '404', 'content-location': 'http://10.201.9.223/volume/v3/volumes/058a3b49-0815-4d52-9f87-61582412c366'}
        Body: b'{"itemNotFound": {"code": 404, "message": "Volume 058a3b49-0815-4d52-9f87-61582412c366 could not be found."}}'


tempest.api.volume.test_volume_transfers.VolumesTransfersTest.test_create_list_delete_volume_transfer[id-ab526943-b725-4c07-b875-8e8ef87a2c30]
----------------------------------------------------------------------------------------------------------------------------------------------

Captured traceback:
~~~~~~~~~~~~~~~~~~~
    Traceback (most recent call last):

      File "/opt/stack/tempest/tempest/api/volume/test_volume_transfers.py", line 81, in test_create_list_delete_volume_transfer
    volume = self.create_volume()
             ^^^^^^^^^^^^^^^^^^^^

      File "/opt/stack/tempest/tempest/api/volume/base.py", line 144, in create_volume
    waiters.wait_for_volume_resource_status(self.volumes_client,

      File "/opt/stack/tempest/tempest/common/waiters.py", line 379, in wait_for_volume_resource_status
    raise exceptions.VolumeResourceBuildErrorException(

    tempest.exceptions.VolumeResourceBuildErrorException: volume 81f13f25-fd85-4bca-ad64-537d99c568ea failed to build and is in ERROR status


Captured pythonlogging:
~~~~~~~~~~~~~~~~~~~~~~~
    2026-03-17 11:06:37,079 125212 INFO     [tempest.lib.common.rest_client] Request (VolumesTransfersTest:test_create_list_delete_volume_transfer): 202 POST http://10.201.9.223/volume/v3/volumes 0.137s
2026-03-17 11:06:37,080 125212 DEBUG    [tempest.lib.common.rest_client] Request - Headers: {'Content-Type': 'application/json', 'Accept': 'application/json', 'X-Auth-Token': '<omitted>'}
        Body: {"volume": {"size": 1, "name": "tempest-VolumesTransfersTest-Volume-366261494"}}
    Response - Headers: {'date': 'Tue, 17 Mar 2026 11:06:36 GMT', 'server': 'Apache/2.4.58 (Ubuntu)', 'content-type': 'application/json', 'x-compute-request-id': 'req-6fcedee8-d637-42f0-8400-c1b6cb09d296', 'content-length': '749', 'openstack-api-version': 'volume 3.0', 'vary': 'OpenStack-API-Version', 'x-openstack-request-id': 'req-6fcedee8-d637-42f0-8400-c1b6cb09d296', 'connection': 'close', 'status': '202', 'content-location': 'http://10.201.9.223/volume/v3/volumes'}
        Body: b'{"volume": {"id": "81f13f25-fd85-4bca-ad64-537d99c568ea", "status": "creating", "size": 1, "availability_zone": "nova", "created_at": "2026-03-17T11:06:37.032311", "updated_at": null, "name": "tempest-VolumesTransfersTest-Volume-366261494", "description": null, "volume_type": "3par1", "snapshot_id": null, "source_volid": null, "metadata": {}, "links": [{"rel": "self", "href": "http://10.201.9.223/volume/v3/volumes/81f13f25-fd85-4bca-ad64-537d99c568ea"}, {"rel": "bookmark", "href": "http://10.201.9.223/volume/volumes/81f13f25-fd85-4bca-ad64-537d99c568ea"}], "user_id": "935fed7278314d63b217142218b4876d", "bootable": "false", "encrypted": false, "replication_status": null, "consistencygroup_id": null, "multiattach": false, "attachments": []}}'
2026-03-17 11:06:37,111 125212 INFO     [tempest.lib.common.rest_client] Request (VolumesTransfersTest:test_create_list_delete_volume_transfer): 200 GET http://10.201.9.223/volume/v3/volumes/81f13f25-fd85-4bca-ad64-537d99c568ea 0.022s
2026-03-17 11:06:37,111 125212 DEBUG    [tempest.lib.common.rest_client] Request - Headers: {'Content-Type': 'application/json', 'Accept': 'application/json', 'X-Auth-Token': '<omitted>'}
        Body: None
    Response - Headers: {'date': 'Tue, 17 Mar 2026 11:06:37 GMT', 'server': 'Apache/2.4.58 (Ubuntu)', 'content-type': 'application/json', 'x-compute-request-id': 'req-eca0698d-1b87-4ba7-8cc1-f07c281be8f2', 'content-length': '817', 'openstack-api-version': 'volume 3.0', 'vary': 'OpenStack-API-Version', 'x-openstack-request-id': 'req-eca0698d-1b87-4ba7-8cc1-f07c281be8f2', 'connection': 'close', 'status': '200', 'content-location': 'http://10.201.9.223/volume/v3/volumes/81f13f25-fd85-4bca-ad64-537d99c568ea'}
        Body: b'{"volume": {"id": "81f13f25-fd85-4bca-ad64-537d99c568ea", "status": "creating", "size": 1, "availability_zone": "nova", "created_at": "2026-03-17T11:06:37.000000", "updated_at": null, "name": "tempest-VolumesTransfersTest-Volume-366261494", "description": null, "volume_type": "3par1", "snapshot_id": null, "source_volid": null, "metadata": {}, "links": [{"rel": "self", "href": "http://10.201.9.223/volume/v3/volumes/81f13f25-fd85-4bca-ad64-537d99c568ea"}, {"rel": "bookmark", "href": "http://10.201.9.223/volume/volumes/81f13f25-fd85-4bca-ad64-537d99c568ea"}], "user_id": "935fed7278314d63b217142218b4876d", "bootable": "false", "encrypted": false, "replication_status": null, "consistencygroup_id": null, "multiattach": false, "attachments": [], "os-vol-tenant-attr:tenant_id": "aff3a617129241c9a87ac047686e4903"}}'
2026-03-17 11:06:38,150 125212 INFO     [tempest.lib.common.rest_client] Request (VolumesTransfersTest:test_create_list_delete_volume_transfer): 200 GET http://10.201.9.223/volume/v3/volumes/81f13f25-fd85-4bca-ad64-537d99c568ea 0.032s
2026-03-17 11:06:38,150 125212 DEBUG    [tempest.lib.common.rest_client] Request - Headers: {'Content-Type': 'application/json', 'Accept': 'application/json', 'X-Auth-Token': '<omitted>'}
        Body: None
    Response - Headers: {'date': 'Tue, 17 Mar 2026 11:06:38 GMT', 'server': 'Apache/2.4.58 (Ubuntu)', 'content-type': 'application/json', 'x-co
    mpute-request-id': 'req-74d4f40d-b3d6-4201-ac3b-ad92a3bdee46', 'content-length': '838', 'openstack-api-version': 'volume 3.0', 'vary': 'OpenStack-API-Version', 'x-openstack-request-id': 'req-74d4f40d-b3d6-4201-ac3b-ad92a3bdee46', 'connection': 'close', 'status': '200', 'content-location': 'http://10.201.9.223/volume/v3/volumes/81f13f25-fd85-4bca-ad64-537d99c568ea'}
        Body: b'{"volume": {"id": "81f13f25-fd85-4bca-ad64-537d99c568ea", "status": "error", "size": 1, "availability_zone": "nova", "created_at": "2026-03-17T11:06:37.000000", "updated_at": "2026-03-17T11:06:37.000000", "name": "tempest-VolumesTransfersTest-Volume-366261494", "description": null, "volume_type": "3par1", "snapshot_id": null, "source_volid": null, "metadata": {}, "links": [{"rel": "self", "href": "http://10.201.9.223/volume/v3/volumes/81f13f25-fd85-4bca-ad64-537d99c568ea"}, {"rel": "bookmark", "href": "http://10.201.9.223/volume/volumes/81f13f25-fd85-4bca-ad64-537d99c568ea"}], "user_id": "935fed7278314d63b217142218b4876d", "bootable": "false", "encrypted": false, "replication_status": null, "consistencygroup_id": null, "multiattach": false, "attachments": [], "os-vol-tenant-attr:tenant_id": "aff3a617129241c9a87ac047686e4903"}}'
2026-03-17 11:06:38,184 125212 INFO     [tempest.lib.common.rest_client] Request (VolumesTransfersTest:_run_cleanups): 200 GET http://10.201.9.223/volume/v3/volumes/81f13f25-fd85-4bca-ad64-537d99c568ea 0.028s
2026-03-17 11:06:38,184 125212 DEBUG    [tempest.lib.common.rest_client] Request - Headers: {'Content-Type': 'application/json', 'Accept': 'application/json', 'X-Auth-Token': '<omitted>'}
        Body: None
    Response - Headers: {'date': 'Tue, 17 Mar 2026 11:06:38 GMT', 'server': 'Apache/2.4.58 (Ubuntu)', 'content-type': 'application/json', 'x-compute-request-id': 'req-e5785db6-5bc1-480b-8322-ec05e4756ab9', 'content-length': '838', 'openstack-api-version': 'volume 3.0', 'vary': 'OpenStack-API-Version', 'x-openstack-request-id': 'req-e5785db6-5bc1-480b-8322-ec05e4756ab9', 'connection': 'close', 'status': '200', 'content-location': 'http://10.201.9.223/volume/v3/volumes/81f13f25-fd85-4bca-ad64-537d99c568ea'}
        Body: b'{"volume": {"id": "81f13f25-fd85-4bca-ad64-537d99c568ea", "status": "error", "size": 1, "availability_zone": "nova", "created_at": "2026-03-17T11:06:37.000000", "updated_at": "2026-03-17T11:06:37.000000", "name": "tempest-VolumesTransfersTest-Volume-366261494", "description": null, "volume_type": "3par1", "snapshot_id": null, "source_volid": null, "metadata": {}, "links": [{"rel": "self", "href": "http://10.201.9.223/volume/v3/volumes/81f13f25-fd85-4bca-ad64-537d99c568ea"}, {"rel": "bookmark", "href": "http://10.201.9.223/volume/volumes/81f13f25-fd85-4bca-ad64-537d99c568ea"}], "user_id": "935fed7278314d63b217142218b4876d", "bootable": "false", "encrypted": false, "replication_status": null, "consistencygroup_id": null, "multiattach": false, "attachments": [], "os-vol-tenant-attr:tenant_id": "aff3a617129241c9a87ac047686e4903"}}'
2026-03-17 11:06:38,261 125212 INFO     [tempest.lib.common.rest_client] Request (VolumesTransfersTest:_run_cleanups): 202 DELETE http://10.201.9.223/volume/v3/volumes/81f13f25-fd85-4bca-ad64-537d99c568ea 0.068s
2026-03-17 11:06:38,261 125212 DEBUG    [tempest.lib.common.rest_client] Request - Headers: {'Content-Type': 'application/json', 'Accept': 'application/json', 'X-Auth-Token': '<omitted>'}
        Body: None
    Response - Headers: {'date': 'Tue, 17 Mar 2026 11:06:38 GMT', 'server': 'Apache/2.4.58 (Ubuntu)', 'content-length': '0', 'content-type': 'text/html; charset=UTF-8', 'openstack-api-version': 'volume 3.0', 'vary': 'OpenStack-API-Version', 'x-openstack-request-id': 'req-32be593f-6fa6-4c4f-8230-119c3339c16c', 'connection': 'close', 'status': '202', 'content-location': 'http://10.201.9.223/volume/v3/volumes/81f13f25-fd85-4bca-ad64-537d99c568ea'}
        Body: b''
2026-03-17 11:06:38,274 125212 INFO     [tempest.lib.common.rest_client] Request (VolumesTransfersTest:_run_cleanups): 404 GET http://10.201.9.223/volume/v3/volumes/81f13f25-fd85-4bca-ad64-537d99c568ea 0
    .013s
2026-03-17 11:06:38,275 125212 DEBUG    [tempest.lib.common.rest_client] Request - Headers: {'Content-Type': 'application/json', 'Accept': 'application/json', 'X-Auth-Token': '<omitted>'}
        Body: None
    Response - Headers: {'date': 'Tue, 17 Mar 2026 11:06:38 GMT', 'server': 'Apache/2.4.58 (Ubuntu)', 'openstack-api-version': 'volume 3.0', 'vary': 'OpenStack-API-Version', 'content-length': '109', 'content-type': 'application/json', 'x-compute-request-id': 'req-74833b2b-2c16-4a39-801b-45cf3a13fa48', 'x-openstack-request-id': 'req-74833b2b-2c16-4a39-801b-45cf3a13fa48', 'connection': 'close', 'status': '404', 'content-location': 'http://10.201.9.223/volume/v3/volumes/81f13f25-fd85-4bca-ad64-537d99c568ea'}
        Body: b'{"itemNotFound": {"code": 404, "message": "Volume 81f13f25-fd85-4bca-ad64-537d99c568ea could not be found."}}'


tempest.api.volume.test_volume_transfers.VolumesTransfersV355Test.test_create_get_list_accept_volume_transfer[id-9f36bb2b-619f-4507-b246-76aeb9a28851]
------------------------------------------------------------------------------------------------------------------------------------------------------

Captured traceback:
~~~~~~~~~~~~~~~~~~~
    Traceback (most recent call last):

      File "/opt/stack/tempest/tempest/api/volume/test_volume_transfers.py", line 125, in test_create_get_list_accept_volume_transfer
    test_create_get_list_accept_volume_transfer()

      File "/opt/stack/tempest/tempest/api/volume/test_volume_transfers.py", line 40, in test_create_get_list_accept_volume_transfer
    volume = self.create_volume()
             ^^^^^^^^^^^^^^^^^^^^

      File "/opt/stack/tempest/tempest/api/volume/base.py", line 144, in create_volume
    waiters.wait_for_volume_resource_status(self.volumes_client,

      File "/opt/stack/tempest/tempest/common/waiters.py", line 379, in wait_for_volume_resource_status
    raise exceptions.VolumeResourceBuildErrorException(

    tempest.exceptions.VolumeResourceBuildErrorException: volume e1e1bcad-3d3a-4625-9a0e-ed2aa19e4b72 failed to build and is in ERROR status


Captured pythonlogging:
~~~~~~~~~~~~~~~~~~~~~~~
    2026-03-17 11:06:41,319 125212 INFO     [tempest.lib.common.rest_client] Request (VolumesTransfersV355Test:test_create_get_list_accept_volume_transfer): 202 POST http://10.201.9.223/volume/v3/volumes 0.240s
2026-03-17 11:06:41,320 125212 DEBUG    [tempest.lib.common.rest_client] Request - Headers: {'Content-Type': 'application/json', 'Accept': 'application/json', 'Openstack-Api-Version': 'volume 3.55', 'X-Auth-Token': '<omitted>'}
        Body: {"volume": {"size": 1, "name": "tempest-VolumesTransfersV355Test-Volume-163112328"}}
    Response - Headers: {'date': 'Tue, 17 Mar 2026 11:06:41 GMT', 'server': 'Apache/2.4.58 (Ubuntu)', 'content-type': 'application/json', 'x-compute-request-id': 'req-41473501-edf1-4c14-96af-7a7ec9e57c71', 'content-length': '817', 'openstack-api-version': 'volume 3.55', 'vary': 'OpenStack-API-Version', 'x-openstack-request-id': 'req-41473501-edf1-4c14-96af-7a7ec9e57c71', 'connection': 'close', 'status': '202', 'content-location': 'http://10.201.9.223/volume/v3/volumes'}
        Body: b'{"volume": {"id": "e1e1bcad-3d3a-4625-9a0e-ed2aa19e4b72", "status": "creating", "size": 1, "availability_zone": "nova", "created_at": "2026-03-17T11:06:41.270732", "updated_at": null, "name": "tempest-VolumesTransfersV355Test-Volume-163112328", "description": null, "volume_type": "3par1", "snapshot_id": null, "source_volid": null, "metadata": {}, "links": [{"rel": "self", "href": "http://10.201.9.223/volume/v3/volumes/e1e1bcad-3d3a-4625-9a0e-ed2aa19e4b72"}, {"rel": "bookmark", "href": "http://10.201.9.223/volume/volumes/e1e1bcad-3d3a-4625-9a0e-ed2aa19e4b72"}], "user_id": "1bc0e73e28e54bee92bc4a1b4d281f5a", "bootable": "false", "encrypted": false, "replication_status": null, "consistencygroup_id": null, "multiattach": false, "attachments": [], "group_id": null, "shared_targets": true, "service_uuid": null}}'
2026-03-17 11:06:41,352 125212 INFO     [tempest.lib.common.rest_client] Request (VolumesTransfersV355Test:test_create_get_list_accept_volume_transfer): 200 GET http://10.201.9.223/volume/v3/volumes/e1e1bcad-3d3a-4625-9a0e-ed2aa19e4b72 0.020s
2026-03-17 11:06:41,352 125212 DEBUG    [tempest.lib.common.rest_client] Request - Headers: {'Content-Type': 'application/json', 'Accept': 'application/json', 'Openstack-Api-Version': 'volume 3.55', 'X-Auth-Token': '<omitted>'}
        Body: None
    Response - Headers: {'date': 'Tue, 17 Mar 2026 11:06:41 GMT', 'server': 'Apache/2.4.58 (Ubuntu)', 'content-type': 'application/json', 'x-compute-request-id': 'req-0183ce90-81b0-4c22-8301-6493be96fd54', 'content-length': '885', 'openstack-api-version': 'volume 3.55', 'vary': 'OpenStack-API-Version', 'x-openstack-request-id': 'req-0183ce90-81b0-4c22-8301-6493be96fd54', 'connection': 'close', 'status': '200', 'content-location': 'http://10.201.9.223/volume/v3/volumes/e1e1bcad-3d3a-4625-9a0e-ed2aa19e4b72'}
        Body: b'{"volume": {"id": "e1e1bcad-3d3a-4625-9a0e-ed2aa19e4b72", "status": "creating", "size": 1, "availability_zone": "nova", "created_at": "2026-03-17T11:06:41.000000", "updated_at": null, "name": "tempest-VolumesTransfersV355Test-Volume-163112328", "description": null, "volume_type": "3par1", "snapshot_id": null, "source_volid": null, "metadata": {}, "links": [{"rel": "self", "href": "http://10.201.9.223/volume/v3/volumes/e1e1bcad-3d3a-4625-9a0e-ed2aa19e4b72"}, {"rel": "bookmark", "href": "http://10.201.9.223/volume/volumes/e1e1bcad-3d3a-4625-9a0e-ed2aa19e4b72"}], "user_id": "1bc0e73e28e54bee92bc4a1b4d281f5a", "bootable": "false", "encrypted": false, "replication_status": null, "consistencygroup_id": null, "multiattach": false, "attachments": [], "group_id": null, "shared_targets": true, "service_uuid": null, "os-vol-tenant-attr:tenant_id": "78e34e0b0ee2402981ec330653487d4b"}}'
2026-03-17 11:06:42,399 125212 INFO     [tempest.lib.common.rest_client] Request (VolumesTransfersV355Test:test_create_get_list_accept_volume_transfer): 200 GET http://10.201.9.223/volume/v3/volumes/e1e1bcad-3d3a-4625-9a0e-ed2aa19e4b72 0.037s
2026-03-17 11:06:42,400 125212 DEBUG    [tempest.lib.common.rest_client] Request - Headers: {'Content-Ty
    pe': 'application/json', 'Accept': 'application/json', 'Openstack-Api-Version': 'volume 3.55', 'X-Auth-Token': '<omitted>'}
        Body: None
    Response - Headers: {'date': 'Tue, 17 Mar 2026 11:06:42 GMT', 'server': 'Apache/2.4.58 (Ubuntu)', 'content-type': 'application/json', 'x-compute-request-id': 'req-522dc9a1-50b5-4bbf-81cb-3acffc503adf', 'content-length': '906', 'openstack-api-version': 'volume 3.55', 'vary': 'OpenStack-API-Version', 'x-openstack-request-id': 'req-522dc9a1-50b5-4bbf-81cb-3acffc503adf', 'connection': 'close', 'status': '200', 'content-location': 'http://10.201.9.223/volume/v3/volumes/e1e1bcad-3d3a-4625-9a0e-ed2aa19e4b72'}
        Body: b'{"volume": {"id": "e1e1bcad-3d3a-4625-9a0e-ed2aa19e4b72", "status": "error", "size": 1, "availability_zone": "nova", "created_at": "2026-03-17T11:06:41.000000", "updated_at": "2026-03-17T11:06:41.000000", "name": "tempest-VolumesTransfersV355Test-Volume-163112328", "description": null, "volume_type": "3par1", "snapshot_id": null, "source_volid": null, "metadata": {}, "links": [{"rel": "self", "href": "http://10.201.9.223/volume/v3/volumes/e1e1bcad-3d3a-4625-9a0e-ed2aa19e4b72"}, {"rel": "bookmark", "href": "http://10.201.9.223/volume/volumes/e1e1bcad-3d3a-4625-9a0e-ed2aa19e4b72"}], "user_id": "1bc0e73e28e54bee92bc4a1b4d281f5a", "bootable": "false", "encrypted": false, "replication_status": null, "consistencygroup_id": null, "multiattach": false, "attachments": [], "group_id": null, "shared_targets": true, "service_uuid": null, "os-vol-tenant-attr:tenant_id": "78e34e0b0ee2402981ec330653487d4b"}}'
2026-03-17 11:06:42,435 125212 INFO     [tempest.lib.common.rest_client] Request (VolumesTransfersV355Test:_run_cleanups): 200 GET http://10.201.9.223/volume/v3/volumes/e1e1bcad-3d3a-4625-9a0e-ed2aa19e4b72 0.022s
2026-03-17 11:06:42,436 125212 DEBUG    [tempest.lib.common.rest_client] Request - Headers: {'Content-Type': 'application/json', 'Accept': 'application/json', 'Openstack-Api-Version': 'volume 3.55', 'X-Auth-Token': '<omitted>'}
        Body: None
    Response - Headers: {'date': 'Tue, 17 Mar 2026 11:06:42 GMT', 'server': 'Apache/2.4.58 (Ubuntu)', 'content-type': 'application/json', 'x-compute-request-id': 'req-b55076f3-84cd-4f74-8c61-abad4d9de53f', 'content-length': '906', 'openstack-api-version': 'volume 3.55', 'vary': 'OpenStack-API-Version', 'x-openstack-request-id': 'req-b55076f3-84cd-4f74-8c61-abad4d9de53f', 'connection': 'close', 'status': '200', 'content-location': 'http://10.201.9.223/volume/v3/volumes/e1e1bcad-3d3a-4625-9a0e-ed2aa19e4b72'}
        Body: b'{"volume": {"id": "e1e1bcad-3d3a-4625-9a0e-ed2aa19e4b72", "status": "error", "size": 1, "availability_zone": "nova", "created_at": "2026-03-17T11:06:41.000000", "updated_at": "2026-03-17T11:06:41.000000", "name": "tempest-VolumesTransfersV355Test-Volume-163112328", "description": null, "volume_type": "3par1", "snapshot_id": null, "source_volid": null, "metadata": {}, "links": [{"rel": "self", "href": "http://10.201.9.223/volume/v3/volumes/e1e1bcad-3d3a-4625-9a0e-ed2aa19e4b72"}, {"rel": "bookmark", "href": "http://10.201.9.223/volume/volumes/e1e1bcad-3d3a-4625-9a0e-ed2aa19e4b72"}], "user_id": "1bc0e73e28e54bee92bc4a1b4d281f5a", "bootable": "false", "encrypted": false, "replication_status": null, "consistencygroup_id": null, "multiattach": false, "attachments": [], "group_id": null, "shared_targets": true, "service_uuid": null, "os-vol-tenant-attr:tenant_id": "78e34e0b0ee2402981ec330653487d4b"}}'
2026-03-17 11:06:42,499 125212 INFO     [tempest.lib.common.rest_client] Request (VolumesTransfersV355Test:_run_cleanups): 202 DELETE http://10.201.9.223/volume/v3/volumes/e1e1bcad-3d3a-4625-9a0e-ed2aa19e4b72 0.059s
2026-03-17 11:06:42,499 125212 DEBUG    [tempest.lib.common.rest_client] Request - Headers: {'Content-Type': 'application/json', 'Accept': 'application/json', 'Openstack-Api-Version': 'volume 3.55', 'X-Auth-Token': '<omitted>'}
        Body: None
    Response - Headers: {'date': 'Tue, 17 Mar 2026 11:06:42 GMT', 'server': 'Apache/2.4.58 (Ubuntu)', 'content-length': '0', 'content-type': 'text/html; chars
    et=UTF-8', 'openstack-api-version': 'volume 3.55', 'vary': 'OpenStack-API-Version', 'x-openstack-request-id': 'req-2205ceaf-9f93-49b9-8ce4-1667d4c64cc6', 'connection': 'close', 'status': '202', 'content-location': 'http://10.201.9.223/volume/v3/volumes/e1e1bcad-3d3a-4625-9a0e-ed2aa19e4b72'}
        Body: b''
2026-03-17 11:06:42,515 125212 INFO     [tempest.lib.common.rest_client] Request (VolumesTransfersV355Test:_run_cleanups): 404 GET http://10.201.9.223/volume/v3/volumes/e1e1bcad-3d3a-4625-9a0e-ed2aa19e4b72 0.016s
2026-03-17 11:06:42,515 125212 DEBUG    [tempest.lib.common.rest_client] Request - Headers: {'Content-Type': 'application/json', 'Accept': 'application/json', 'Openstack-Api-Version': 'volume 3.55', 'X-Auth-Token': '<omitted>'}
        Body: None
    Response - Headers: {'date': 'Tue, 17 Mar 2026 11:06:42 GMT', 'server': 'Apache/2.4.58 (Ubuntu)', 'openstack-api-version': 'volume 3.55', 'vary': 'OpenStack-API-Version', 'content-length': '109', 'content-type': 'application/json', 'x-compute-request-id': 'req-94946548-4c17-436a-aae9-2dd72a05f429', 'x-openstack-request-id': 'req-94946548-4c17-436a-aae9-2dd72a05f429', 'connection': 'close', 'status': '404', 'content-location': 'http://10.201.9.223/volume/v3/volumes/e1e1bcad-3d3a-4625-9a0e-ed2aa19e4b72'}
        Body: b'{"itemNotFound": {"code": 404, "message": "Volume e1e1bcad-3d3a-4625-9a0e-ed2aa19e4b72 could not be found."}}'


tempest.api.volume.test_volume_transfers.VolumesTransfersV355Test.test_create_list_delete_volume_transfer[id-af4a5b97-0859-4f31-aa3c-85b05bb63322]
--------------------------------------------------------------------------------------------------------------------------------------------------

Captured traceback:
~~~~~~~~~~~~~~~~~~~
    Traceback (most recent call last):

      File "/opt/stack/tempest/tempest/api/volume/test_volume_transfers.py", line 131, in test_create_list_delete_volume_transfer
    test_create_list_delete_volume_transfer()

      File "/opt/stack/tempest/tempest/api/volume/test_volume_transfers.py", line 81, in test_create_list_delete_volume_transfer
    volume = self.create_volume()
             ^^^^^^^^^^^^^^^^^^^^

      File "/opt/stack/tempest/tempest/api/volume/base.py", line 144, in create_volume
    waiters.wait_for_volume_resource_status(self.volumes_client,

      File "/opt/stack/tempest/tempest/common/waiters.py", line 379, in wait_for_volume_resource_status
    raise exceptions.VolumeResourceBuildErrorException(

    tempest.exceptions.VolumeResourceBuildErrorException: volume cb373027-e5c4-4169-bb75-40cdd54c6321 failed to build and is in ERROR status


Captured pythonlogging:
~~~~~~~~~~~~~~~~~~~~~~~
    2026-03-17 11:06:42,657 125212 INFO     [tempest.lib.common.rest_client] Request (VolumesTransfersV355Test:test_create_list_delete_volume_transfer): 202 POST http://10.201.9.223/volume/v3/volumes 0.140s
2026-03-17 11:06:42,657 125212 DEBUG    [tempest.lib.common.rest_client] Request - Headers: {'Content-Type': 'application/json', 'Accept': 'application/json', 'Openstack-Api-Version': 'volume 3.55', 'X-Auth-Token': '<omitted>'}
        Body: {"volume": {"size": 1, "name": "tempest-VolumesTransfersV355Test-Volume-839239858"}}
    Response - Headers: {'date': 'Tue, 17 Mar 2026 11:06:42 GMT', 'server': 'Apache/2.4.58 (Ubuntu)', 'content-type': 'application/json', 'x-compute-request-id': 'req-12d5f86f-728e-4d9a-83fb-eec287da27b8', 'content-length': '817', 'openstack-api-version': 'volume 3.55', 'vary': 'OpenStack-API-Version', 'x-openstack-request-id': 'req-12d5f86f-728e-4d9a-83fb-eec287da27b8', 'connection': 'close', 'status': '202', 'content-location': 'http://10.201.9.223/volume/v3/volumes'}
        Body: b'{"volume": {"id": "cb373027-e5c4-4169-bb75-40cdd54c6321", "status": "creating", "size": 1, "availability_zone": "nova", "created_at": "2026-03-17T11:06:42.591708", "updated_at": null, "name": "tempest-VolumesTransfersV355Test-Volume-839239858", "description": null, "volume_type": "3par1", "snapshot_id": null, "source_volid": null, "metadata": {}, "links": [{"rel": "self", "href": "http://10.201.9.223/volume/v3/volumes/cb373027-e5c4-4169-bb75-40cdd54c6321"}, {"rel": "bookmark", "href": "http://10.201.9.223/volume/volumes/cb373027-e5c4-4169-bb75-40cdd54c6321"}], "user_id": "1bc0e73e28e54bee92bc4a1b4d281f5a", "bootable": "false", "encrypted": false, "replication_status": null, "consistencygroup_id": null, "multiattach": false, "attachments": [], "group_id": null, "shared_targets": true, "service_uuid": null}}'
2026-03-17 11:06:42,683 125212 INFO     [tempest.lib.common.rest_client] Request (VolumesTransfersV355Test:test_create_list_delete_volume_transfer): 200 GET http://10.201.9.223/volume/v3/volumes/cb373027-e5c4-4169-bb75-40cdd54c6321 0.017s
2026-03-17 11:06:42,684 125212 DEBUG    [tempest.lib.common.rest_client] Request - Headers: {'Content-Type': 'application/json', 'Accept': 'application/json', 'Openstack-Api-Version': 'volume 3.55', 'X-Auth-Token': '<omitted>'}
        Body: None
    Response - Headers: {'date': 'Tue, 17 Mar 2026 11:06:42 GMT', 'server': 'Apache/2.4.58 (Ubuntu)', 'content-type': 'application/json', 'x-compute-request-id': 'req-73349b31-c52d-45cb-9def-7d1888d6a242', 'content-length': '885', 'openstack-api-version': 'volume 3.55', 'vary': 'OpenStack-API-Version', 'x-openstack-request-id': 'req-73349b31-c52d-45cb-9def-7d1888d6a242', 'connection': 'close', 'status': '200', 'content-location': 'http://10.201.9.223/volume/v3/volumes/cb373027-e5c4-4169-bb75-40cdd54c6321'}
        Body: b'{"volume": {"id": "cb373027-e5c4-4169-bb75-40cdd54c6321", "status": "creating", "size": 1, "availability_zone": "nova", "created_at": "2026-03-17T11:06:43.000000", "updated_at": null, "name": "tempest-VolumesTransfersV355Test-Volume-839239858", "description": null, "volume_type": "3par1", "snapshot_id": null, "source_volid": null, "metadata": {}, "links": [{"rel": "self", "href": "http://10.201.9.223/volume/v3/volumes/cb373027-e5c4-4169-bb75-40cdd54c6321"}, {"rel": "bookmark", "href": "http://10.201.9.223/volume/volumes/cb373027-e5c4-4169-bb75-40cdd54c6321"}], "user_id": "1bc0e73e28e54bee92bc4a1b4d281f5a", "bootable": "false", "encrypted": false, "replication_status": null, "consistencygroup_id": null, "multiattach": false, "attachments": [], "group_id": null, "shared_targets": true, "service_uuid": null, "os-vol-tenant-attr:tenant_id": "78e34e0b0ee2402981ec330653487d4b"}}'
2026-03-17 11:06:43,724 125212 INFO     [tempest.lib.common.rest_client] Request (VolumesTransfersV355Test:test_create_list_delete_volume_transfer): 200 GET http://10.201.9.223/volume/v3/volumes/cb373027-e5c4-4169-bb75-40cdd54c6321 0.036s
2026-03-17 11:06:43,725 125212 DEBUG    [tempest.lib.common.rest_client] Request - Headers: {'Content-Type': 'applic
    ation/json', 'Accept': 'application/json', 'Openstack-Api-Version': 'volume 3.55', 'X-Auth-Token': '<omitted>'}
        Body: None
    Response - Headers: {'date': 'Tue, 17 Mar 2026 11:06:43 GMT', 'server': 'Apache/2.4.58 (Ubuntu)', 'content-type': 'application/json', 'x-compute-request-id': 'req-3adb4dbf-5d6f-405a-a7d5-cee90a4901ad', 'content-length': '906', 'openstack-api-version': 'volume 3.55', 'vary': 'OpenStack-API-Version', 'x-openstack-request-id': 'req-3adb4dbf-5d6f-405a-a7d5-cee90a4901ad', 'connection': 'close', 'status': '200', 'content-location': 'http://10.201.9.223/volume/v3/volumes/cb373027-e5c4-4169-bb75-40cdd54c6321'}
        Body: b'{"volume": {"id": "cb373027-e5c4-4169-bb75-40cdd54c6321", "status": "error", "size": 1, "availability_zone": "nova", "created_at": "2026-03-17T11:06:43.000000", "updated_at": "2026-03-17T11:06:43.000000", "name": "tempest-VolumesTransfersV355Test-Volume-839239858", "description": null, "volume_type": "3par1", "snapshot_id": null, "source_volid": null, "metadata": {}, "links": [{"rel": "self", "href": "http://10.201.9.223/volume/v3/volumes/cb373027-e5c4-4169-bb75-40cdd54c6321"}, {"rel": "bookmark", "href": "http://10.201.9.223/volume/volumes/cb373027-e5c4-4169-bb75-40cdd54c6321"}], "user_id": "1bc0e73e28e54bee92bc4a1b4d281f5a", "bootable": "false", "encrypted": false, "replication_status": null, "consistencygroup_id": null, "multiattach": false, "attachments": [], "group_id": null, "shared_targets": true, "service_uuid": null, "os-vol-tenant-attr:tenant_id": "78e34e0b0ee2402981ec330653487d4b"}}'
2026-03-17 11:06:43,749 125212 INFO     [tempest.lib.common.rest_client] Request (VolumesTransfersV355Test:_run_cleanups): 200 GET http://10.201.9.223/volume/v3/volumes/cb373027-e5c4-4169-bb75-40cdd54c6321 0.019s
2026-03-17 11:06:43,749 125212 DEBUG    [tempest.lib.common.rest_client] Request - Headers: {'Content-Type': 'application/json', 'Accept': 'application/json', 'Openstack-Api-Version': 'volume 3.55', 'X-Auth-Token': '<omitted>'}
        Body: None
    Response - Headers: {'date': 'Tue, 17 Mar 2026 11:06:43 GMT', 'server': 'Apache/2.4.58 (Ubuntu)', 'content-type': 'application/json', 'x-compute-request-id': 'req-1bb3e9fc-2ba7-457c-b06a-8063ddcb0f1e', 'content-length': '906', 'openstack-api-version': 'volume 3.55', 'vary': 'OpenStack-API-Version', 'x-openstack-request-id': 'req-1bb3e9fc-2ba7-457c-b06a-8063ddcb0f1e', 'connection': 'close', 'status': '200', 'content-location': 'http://10.201.9.223/volume/v3/volumes/cb373027-e5c4-4169-bb75-40cdd54c6321'}
        Body: b'{"volume": {"id": "cb373027-e5c4-4169-bb75-40cdd54c6321", "status": "error", "size": 1, "availability_zone": "nova", "created_at": "2026-03-17T11:06:43.000000", "updated_at": "2026-03-17T11:06:43.000000", "name": "tempest-VolumesTransfersV355Test-Volume-839239858", "description": null, "volume_type": "3par1", "snapshot_id": null, "source_volid": null, "metadata": {}, "links": [{"rel": "self", "href": "http://10.201.9.223/volume/v3/volumes/cb373027-e5c4-4169-bb75-40cdd54c6321"}, {"rel": "bookmark", "href": "http://10.201.9.223/volume/volumes/cb373027-e5c4-4169-bb75-40cdd54c6321"}], "user_id": "1bc0e73e28e54bee92bc4a1b4d281f5a", "bootable": "false", "encrypted": false, "replication_status": null, "consistencygroup_id": null, "multiattach": false, "attachments": [], "group_id": null, "shared_targets": true, "service_uuid": null, "os-vol-tenant-attr:tenant_id": "78e34e0b0ee2402981ec330653487d4b"}}'
2026-03-17 11:06:43,818 125212 INFO     [tempest.lib.common.rest_client] Request (VolumesTransfersV355Test:_run_cleanups): 202 DELETE http://10.201.9.223/volume/v3/volumes/cb373027-e5c4-4169-bb75-40cdd54c6321 0.063s
2026-03-17 11:06:43,818 125212 DEBUG    [tempest.lib.common.rest_client] Request - Headers: {'Content-Type': 'application/json', 'Accept': 'application/json', 'Openstack-Api-Version': 'volume 3.55', 'X-Auth-Token': '<omitted>'}
        Body: None
    Response - Headers: {'date': 'Tue, 17 Mar 2026 11:06:43 GMT', 'server': 'Apache/2.4.58 (Ubuntu)', 'content-length': '0', 'content-type': 'text/html; charset=UTF-8', '
    openstack-api-version': 'volume 3.55', 'vary': 'OpenStack-API-Version', 'x-openstack-request-id': 'req-bee808bd-c792-4d57-984f-8207ebfb870f', 'connection': 'close', 'status': '202', 'content-location': 'http://10.201.9.223/volume/v3/volumes/cb373027-e5c4-4169-bb75-40cdd54c6321'}
        Body: b''
2026-03-17 11:06:43,830 125212 INFO     [tempest.lib.common.rest_client] Request (VolumesTransfersV355Test:_run_cleanups): 404 GET http://10.201.9.223/volume/v3/volumes/cb373027-e5c4-4169-bb75-40cdd54c6321 0.012s
2026-03-17 11:06:43,831 125212 DEBUG    [tempest.lib.common.rest_client] Request - Headers: {'Content-Type': 'application/json', 'Accept': 'application/json', 'Openstack-Api-Version': 'volume 3.55', 'X-Auth-Token': '<omitted>'}
        Body: None
    Response - Headers: {'date': 'Tue, 17 Mar 2026 11:06:43 GMT', 'server': 'Apache/2.4.58 (Ubuntu)', 'openstack-api-version': 'volume 3.55', 'vary': 'OpenStack-API-Version', 'content-length': '109', 'content-type': 'application/json', 'x-compute-request-id': 'req-5ab02fa3-bc05-46f0-b71c-5bc755701be1', 'x-openstack-request-id': 'req-5ab02fa3-bc05-46f0-b71c-5bc755701be1', 'connection': 'close', 'status': '404', 'content-location': 'http://10.201.9.223/volume/v3/volumes/cb373027-e5c4-4169-bb75-40cdd54c6321'}
        Body: b'{"itemNotFound": {"code": 404, "message": "Volume cb373027-e5c4-4169-bb75-40cdd54c6321 could not be found."}}'


tempest.api.volume.test_volume_transfers.VolumesTransfersV357Test.test_create_get_list_accept_volume_transfer[id-d746bd69-bb30-4414-9a1c-577959fac6a1]
------------------------------------------------------------------------------------------------------------------------------------------------------

Captured traceback:
~~~~~~~~~~~~~~~~~~~
    Traceback (most recent call last):

      File "/opt/stack/tempest/tempest/api/volume/test_volume_transfers.py", line 144, in test_create_get_list_accept_volume_transfer
    test_create_get_list_accept_volume_transfer()

      File "/opt/stack/tempest/tempest/api/volume/test_volume_transfers.py", line 125, in test_create_get_list_accept_volume_transfer
    test_create_get_list_accept_volume_transfer()

      File "/opt/stack/tempest/tempest/api/volume/test_volume_transfers.py", line 40, in test_create_get_list_accept_volume_transfer
    volume = self.create_volume()
             ^^^^^^^^^^^^^^^^^^^^

      File "/opt/stack/tempest/tempest/api/volume/base.py", line 144, in create_volume
    waiters.wait_for_volume_resource_status(self.volumes_client,

      File "/opt/stack/tempest/tempest/common/waiters.py", line 379, in wait_for_volume_resource_status
    raise exceptions.VolumeResourceBuildErrorException(

    tempest.exceptions.VolumeResourceBuildErrorException: volume 7f7abdf8-8393-4ca9-a5c6-9b4d1c32240e failed to build and is in ERROR status


Captured pythonlogging:
~~~~~~~~~~~~~~~~~~~~~~~
    2026-03-17 11:06:46,705 125212 INFO     [tempest.lib.common.rest_client] Request (VolumesTransfersV357Test:test_create_get_list_accept_volume_transfer): 202 POST http://10.201.9.223/volume/v3/volumes 0.252s
2026-03-17 11:06:46,706 125212 DEBUG    [tempest.lib.common.rest_client] Request - Headers: {'Content-Type': 'application/json', 'Accept': 'application/json', 'Openstack-Api-Version': 'volume 3.57', 'X-Auth-Token': '<omitted>'}
        Body: {"volume": {"size": 1, "name": "tempest-VolumesTransfersV357Test-Volume-63316750"}}
    Response - Headers: {'date': 'Tue, 17 Mar 2026 11:06:46 GMT', 'server': 'Apache/2.4.58 (Ubuntu)', 'content-type': 'application/json', 'x-compute-request-id': 'req-9a71ce15-f9e5-4139-a4ec-e068a86d958a', 'content-length': '816', 'openstack-api-version': 'volume 3.57', 'vary': 'OpenStack-API-Version', 'x-openstack-request-id': 'req-9a71ce15-f9e5-4139-a4ec-e068a86d958a', 'connection': 'close', 'status': '202', 'content-location': 'http://10.201.9.223/volume/v3/volumes'}
        Body: b'{"volume": {"id": "7f7abdf8-8393-4ca9-a5c6-9b4d1c32240e", "status": "creating", "size": 1, "availability_zone": "nova", "created_at": "2026-03-17T11:06:46.653527", "updated_at": null, "name": "tempest-VolumesTransfersV357Test-Volume-63316750", "description": null, "volume_type": "3par1", "snapshot_id": null, "source_volid": null, "metadata": {}, "links": [{"rel": "self", "href": "http://10.201.9.223/volume/v3/volumes/7f7abdf8-8393-4ca9-a5c6-9b4d1c32240e"}, {"rel": "bookmark", "href": "http://10.201.9.223/volume/volumes/7f7abdf8-8393-4ca9-a5c6-9b4d1c32240e"}], "user_id": "5e98b15b68ba4cc1b02795d75ce9e6ce", "bootable": "false", "encrypted": false, "replication_status": null, "consistencygroup_id": null, "multiattach": false, "attachments": [], "group_id": null, "shared_targets": true, "service_uuid": null}}'
2026-03-17 11:06:46,735 125212 INFO     [tempest.lib.common.rest_client] Request (VolumesTransfersV357Test:test_create_get_list_accept_volume_transfer): 200 GET http://10.201.9.223/volume/v3/volumes/7f7abdf8-8393-4ca9-a5c6-9b4d1c32240e 0.018s
2026-03-17 11:06:46,736 125212 DEBUG    [tempest.lib.common.rest_client] Request - Headers: {'Content-Type': 'application/json', 'Accept': 'application/json', 'Openstack-Api-Version': 'volume 3.57', 'X-Auth-Token': '<omitted>'}
        Body: None
    Response - Headers: {'date': 'Tue, 17 Mar 2026 11:06:46 GMT', 'server': 'Apache/2.4.58 (Ubuntu)', 'content-type': 'application/json', 'x-compute-request-id': 'req-8ded01c6-828d-4643-8987-b274021c81e2', 'content-length': '884', 'openstack-api-version': 'volume 3.57', 'vary': 'OpenStack-API-Version', 'x-openstack-request-id': 'req-8ded01c6-828d-4643-8987-b274021c81e2', 'connection': 'close', 'status': '200', 'content-location': 'http://10.201.9.223/volume/v3/volumes/7f7abdf8-8393-4ca9-a5c6-9b4d1c32240e'}
        Body: b'{"volume": {"id": "7f7abdf8-8393-4ca9-a5c6-9b4d1c32240e", "status": "creating", "size": 1, "availability_zone": "nova", "created_at": "2026-03-17T11:06:47.000000", "updated_at": null, "name": "tempest-VolumesTransfersV357Test-Volume-63316750", "description": null, "volume_type": "3par1", "snapshot_id": null, "source_volid": null, "metadata": {}, "links": [{"rel": "self", "href": "http://10.201.9.223/volume/v3/volumes/7f7abdf8-8393-4ca9-a5c6-9b4d1c32240e"}, {"rel": "bookmark", "href": "http://10.201.9.223/volume/volumes/7f7abdf8-8393-4ca9-a5c6-9b4d1c32240e"}], "user_id": "5e98b15b68ba4cc1b02795d75ce9e6ce", "bootable": "false", "encrypted": false, "replication_status": null, "consistencygroup_id": null, "multiattach": false, "attachments": [], "group_id": null, "shared_targets": true, "service_uuid": null, "os-vol-tenant-attr:tenant_id": "3218b2ec3dc147b5877a7e1af0545c22"}}'
2026-03-17 11:06:47,778 125212 INFO     [tempest.lib.common.rest_client] Request (VolumesTransfersV357Test:test_create_get_list_accept_volume_transfer): 200 GET http://10.201.9.223/volume/v3/volumes/7f7abdf8-8393-4ca9-a5c6-9b4d1c32240e 0.031s
2026-03-17 11:06:47,778 125212 DEBUG    [tempest.lib.common.rest_client] Request - Headers: {'Content-Type'
    : 'application/json', 'Accept': 'application/json', 'Openstack-Api-Version': 'volume 3.57', 'X-Auth-Token': '<omitted>'}
        Body: None
    Response - Headers: {'date': 'Tue, 17 Mar 2026 11:06:47 GMT', 'server': 'Apache/2.4.58 (Ubuntu)', 'content-type': 'application/json', 'x-compute-request-id': 'req-e4068ae4-5f80-45d8-8bce-4412a708e0da', 'content-length': '905', 'openstack-api-version': 'volume 3.57', 'vary': 'OpenStack-API-Version', 'x-openstack-request-id': 'req-e4068ae4-5f80-45d8-8bce-4412a708e0da', 'connection': 'close', 'status': '200', 'content-location': 'http://10.201.9.223/volume/v3/volumes/7f7abdf8-8393-4ca9-a5c6-9b4d1c32240e'}
        Body: b'{"volume": {"id": "7f7abdf8-8393-4ca9-a5c6-9b4d1c32240e", "status": "error", "size": 1, "availability_zone": "nova", "created_at": "2026-03-17T11:06:47.000000", "updated_at": "2026-03-17T11:06:47.000000", "name": "tempest-VolumesTransfersV357Test-Volume-63316750", "description": null, "volume_type": "3par1", "snapshot_id": null, "source_volid": null, "metadata": {}, "links": [{"rel": "self", "href": "http://10.201.9.223/volume/v3/volumes/7f7abdf8-8393-4ca9-a5c6-9b4d1c32240e"}, {"rel": "bookmark", "href": "http://10.201.9.223/volume/volumes/7f7abdf8-8393-4ca9-a5c6-9b4d1c32240e"}], "user_id": "5e98b15b68ba4cc1b02795d75ce9e6ce", "bootable": "false", "encrypted": false, "replication_status": null, "consistencygroup_id": null, "multiattach": false, "attachments": [], "group_id": null, "shared_targets": true, "service_uuid": null, "os-vol-tenant-attr:tenant_id": "3218b2ec3dc147b5877a7e1af0545c22"}}'
2026-03-17 11:06:47,813 125212 INFO     [tempest.lib.common.rest_client] Request (VolumesTransfersV357Test:_run_cleanups): 200 GET http://10.201.9.223/volume/v3/volumes/7f7abdf8-8393-4ca9-a5c6-9b4d1c32240e 0.029s
2026-03-17 11:06:47,814 125212 DEBUG    [tempest.lib.common.rest_client] Request - Headers: {'Content-Type': 'application/json', 'Accept': 'application/json', 'Openstack-Api-Version': 'volume 3.57', 'X-Auth-Token': '<omitted>'}
        Body: None
    Response - Headers: {'date': 'Tue, 17 Mar 2026 11:06:47 GMT', 'server': 'Apache/2.4.58 (Ubuntu)', 'content-type': 'application/json', 'x-compute-request-id': 'req-6cdd90fc-cc8d-415f-9b73-1fd02b259b10', 'content-length': '905', 'openstack-api-version': 'volume 3.57', 'vary': 'OpenStack-API-Version', 'x-openstack-request-id': 'req-6cdd90fc-cc8d-415f-9b73-1fd02b259b10', 'connection': 'close', 'status': '200', 'content-location': 'http://10.201.9.223/volume/v3/volumes/7f7abdf8-8393-4ca9-a5c6-9b4d1c32240e'}
        Body: b'{"volume": {"id": "7f7abdf8-8393-4ca9-a5c6-9b4d1c32240e", "status": "error", "size": 1, "availability_zone": "nova", "created_at": "2026-03-17T11:06:47.000000", "updated_at": "2026-03-17T11:06:47.000000", "name": "tempest-VolumesTransfersV357Test-Volume-63316750", "description": null, "volume_type": "3par1", "snapshot_id": null, "source_volid": null, "metadata": {}, "links": [{"rel": "self", "href": "http://10.201.9.223/volume/v3/volumes/7f7abdf8-8393-4ca9-a5c6-9b4d1c32240e"}, {"rel": "bookmark", "href": "http://10.201.9.223/volume/volumes/7f7abdf8-8393-4ca9-a5c6-9b4d1c32240e"}], "user_id": "5e98b15b68ba4cc1b02795d75ce9e6ce", "bootable": "false", "encrypted": false, "replication_status": null, "consistencygroup_id": null, "multiattach": false, "attachments": [], "group_id": null, "shared_targets": true, "service_uuid": null, "os-vol-tenant-attr:tenant_id": "3218b2ec3dc147b5877a7e1af0545c22"}}'
2026-03-17 11:06:47,894 125212 INFO     [tempest.lib.common.rest_client] Request (VolumesTransfersV357Test:_run_cleanups): 202 DELETE http://10.201.9.223/volume/v3/volumes/7f7abdf8-8393-4ca9-a5c6-9b4d1c32240e 0.068s
2026-03-17 11:06:47,895 125212 DEBUG    [tempest.lib.common.rest_client] Request - Headers: {'Content-Type': 'application/json', 'Accept': 'application/json', 'Openstack-Api-Version': 'volume 3.57', 'X-Auth-Token': '<omitted>'}
        Body: None
    Response - Headers: {'date': 'Tue, 17 Mar 2026 11:06:47 GMT', 'server': 'Apache/2.4.58 (Ubuntu)', 'content-length': '0', 'content-type': 'text/html; charset=UT
    F-8', 'openstack-api-version': 'volume 3.57', 'vary': 'OpenStack-API-Version', 'x-openstack-request-id': 'req-7fd3c14a-6875-4b3f-ac8c-c1e9cc993cf3', 'connection': 'close', 'status': '202', 'content-location': 'http://10.201.9.223/volume/v3/volumes/7f7abdf8-8393-4ca9-a5c6-9b4d1c32240e'}
        Body: b''
2026-03-17 11:06:47,912 125212 INFO     [tempest.lib.common.rest_client] Request (VolumesTransfersV357Test:_run_cleanups): 404 GET http://10.201.9.223/volume/v3/volumes/7f7abdf8-8393-4ca9-a5c6-9b4d1c32240e 0.016s
2026-03-17 11:06:47,912 125212 DEBUG    [tempest.lib.common.rest_client] Request - Headers: {'Content-Type': 'application/json', 'Accept': 'application/json', 'Openstack-Api-Version': 'volume 3.57', 'X-Auth-Token': '<omitted>'}
        Body: None
    Response - Headers: {'date': 'Tue, 17 Mar 2026 11:06:47 GMT', 'server': 'Apache/2.4.58 (Ubuntu)', 'openstack-api-version': 'volume 3.57', 'vary': 'OpenStack-API-Version', 'content-length': '109', 'content-type': 'application/json', 'x-compute-request-id': 'req-c76271af-ec88-48ef-8084-4636dfc1ca33', 'x-openstack-request-id': 'req-c76271af-ec88-48ef-8084-4636dfc1ca33', 'connection': 'close', 'status': '404', 'content-location': 'http://10.201.9.223/volume/v3/volumes/7f7abdf8-8393-4ca9-a5c6-9b4d1c32240e'}
        Body: b'{"itemNotFound": {"code": 404, "message": "Volume 7f7abdf8-8393-4ca9-a5c6-9b4d1c32240e could not be found."}}'


tempest.api.volume.test_volume_transfers.VolumesTransfersV357Test.test_create_list_delete_volume_transfer[id-d4b20ec2-e1bb-4068-adcf-6c20020a8e05]
--------------------------------------------------------------------------------------------------------------------------------------------------

Captured traceback:
~~~~~~~~~~~~~~~~~~~
    Traceback (most recent call last):

      File "/opt/stack/tempest/tempest/api/volume/test_volume_transfers.py", line 150, in test_create_list_delete_volume_transfer
    test_create_list_delete_volume_transfer()

      File "/opt/stack/tempest/tempest/api/volume/test_volume_transfers.py", line 131, in test_create_list_delete_volume_transfer
    test_create_list_delete_volume_transfer()

      File "/opt/stack/tempest/tempest/api/volume/test_volume_transfers.py", line 81, in test_create_list_delete_volume_transfer
    volume = self.create_volume()
             ^^^^^^^^^^^^^^^^^^^^

      File "/opt/stack/tempest/tempest/api/volume/base.py", line 144, in create_volume
    waiters.wait_for_volume_resource_status(self.volumes_client,

      File "/opt/stack/tempest/tempest/common/waiters.py", line 379, in wait_for_volume_resource_status
    raise exceptions.VolumeResourceBuildErrorException(

    tempest.exceptions.VolumeResourceBuildErrorException: volume 12928197-15a3-4ff3-bb77-df48f9d8174b failed to build and is in ERROR status


Captured pythonlogging:
~~~~~~~~~~~~~~~~~~~~~~~
    2026-03-17 11:06:48,043 125212 INFO     [tempest.lib.common.rest_client] Request (VolumesTransfersV357Test:test_create_list_delete_volume_transfer): 202 POST http://10.201.9.223/volume/v3/volumes 0.128s
2026-03-17 11:06:48,043 125212 DEBUG    [tempest.lib.common.rest_client] Request - Headers: {'Content-Type': 'application/json', 'Accept': 'application/json', 'Openstack-Api-Version': 'volume 3.57', 'X-Auth-Token': '<omitted>'}
        Body: {"volume": {"size": 1, "name": "tempest-VolumesTransfersV357Test-Volume-1685354385"}}
    Response - Headers: {'date': 'Tue, 17 Mar 2026 11:06:47 GMT', 'server': 'Apache/2.4.58 (Ubuntu)', 'content-type': 'application/json', 'x-compute-request-id': 'req-2ac6a3cd-bbea-479c-8002-bd689f5194c6', 'content-length': '818', 'openstack-api-version': 'volume 3.57', 'vary': 'OpenStack-API-Version', 'x-openstack-request-id': 'req-2ac6a3cd-bbea-479c-8002-bd689f5194c6', 'connection': 'close', 'status': '202', 'content-location': 'http://10.201.9.223/volume/v3/volumes'}
        Body: b'{"volume": {"id": "12928197-15a3-4ff3-bb77-df48f9d8174b", "status": "creating", "size": 1, "availability_zone": "nova", "created_at": "2026-03-17T11:06:47.996283", "updated_at": null, "name": "tempest-VolumesTransfersV357Test-Volume-1685354385", "description": null, "volume_type": "3par1", "snapshot_id": null, "source_volid": null, "metadata": {}, "links": [{"rel": "self", "href": "http://10.201.9.223/volume/v3/volumes/12928197-15a3-4ff3-bb77-df48f9d8174b"}, {"rel": "bookmark", "href": "http://10.201.9.223/volume/volumes/12928197-15a3-4ff3-bb77-df48f9d8174b"}], "user_id": "5e98b15b68ba4cc1b02795d75ce9e6ce", "bootable": "false", "encrypted": false, "replication_status": null, "consistencygroup_id": null, "multiattach": false, "attachments": [], "group_id": null, "shared_targets": true, "service_uuid": null}}'
2026-03-17 11:06:48,065 125212 INFO     [tempest.lib.common.rest_client] Request (VolumesTransfersV357Test:test_create_list_delete_volume_transfer): 200 GET http://10.201.9.223/volume/v3/volumes/12928197-15a3-4ff3-bb77-df48f9d8174b 0.018s
2026-03-17 11:06:48,065 125212 DEBUG    [tempest.lib.common.rest_client] Request - Headers: {'Content-Type': 'application/json', 'Accept': 'application/json', 'Openstack-Api-Version': 'volume 3.57', 'X-Auth-Token': '<omitted>'}
        Body: None
    Response - Headers: {'date': 'Tue, 17 Mar 2026 11:06:48 GMT', 'server': 'Apache/2.4.58 (Ubuntu)', 'content-type': 'application/json', 'x-compute-request-id': 'req-a48c1ded-d279-4ef8-b8c9-af286ca418bb', 'content-length': '886', 'openstack-api-version': 'volume 3.57', 'vary': 'OpenStack-API-Version', 'x-openstack-request-id': 'req-a48c1ded-d279-4ef8-b8c9-af286ca418bb', 'connection': 'close', 'status': '200', 'content-location': 'http://10.201.9.223/volume/v3/volumes/12928197-15a3-4ff3-bb77-df48f9d8174b'}
        Body: b'{"volume": {"id": "12928197-15a3-4ff3-bb77-df48f9d8174b", "status": "creating", "size": 1, "availability_zone": "nova", "created_at": "2026-03-17T11:06:48.000000", "updated_at": null, "name": "tempest-VolumesTransfersV357Test-Volume-1685354385", "description": null, "volume_type": "3par1", "snapshot_id": null, "source_volid": null, "metadata": {}, "links": [{"rel": "self", "href": "http://10.201.9.223/volume/v3/volumes/12928197-15a3-4ff3-bb77-df48f9d8174b"}, {"rel": "bookmark", "href": "http://10.201.9.223/volume/volumes/12928197-15a3-4ff3-bb77-df48f9d8174b"}], "user_id": "5e98b15b68ba4cc1b02795d75ce9e6ce", "bootable": "false", "encrypted": false, "replication_status": null, "consistencygroup_id": null, "multiattach": false, "attachments": [], "group_id": null, "shared_targets": true, "service_uuid": null, "os-vol-tenant-attr:tenant_id": "3218b2ec3dc147b5877a7e1af0545c22"}}'
2026-03-17 11:06:49,102 125212 INFO     [tempest.lib.common.rest_client] Request (VolumesTransfersV357Test:test_create_list_delete_volume_transfer): 200 GET http://10.201.9.223/volume/v3/volumes/12928197-15a3-4ff3-bb77-df48f9d8174b 0.032s
2026-03-17 11:06:49,103 125212 DEBUG    [tempest.lib.common.rest_client] Request - Headers: {'Content-Type': 'app
    lication/json', 'Accept': 'application/json', 'Openstack-Api-Version': 'volume 3.57', 'X-Auth-Token': '<omitted>'}
        Body: None
    Response - Headers: {'date': 'Tue, 17 Mar 2026 11:06:49 GMT', 'server': 'Apache/2.4.58 (Ubuntu)', 'content-type': 'application/json', 'x-compute-request-id': 'req-d7042bf7-e1b4-467b-a16f-f6ea6b2d53c6', 'content-length': '907', 'openstack-api-version': 'volume 3.57', 'vary': 'OpenStack-API-Version', 'x-openstack-request-id': 'req-d7042bf7-e1b4-467b-a16f-f6ea6b2d53c6', 'connection': 'close', 'status': '200', 'content-location': 'http://10.201.9.223/volume/v3/volumes/12928197-15a3-4ff3-bb77-df48f9d8174b'}
        Body: b'{"volume": {"id": "12928197-15a3-4ff3-bb77-df48f9d8174b", "status": "error", "size": 1, "availability_zone": "nova", "created_at": "2026-03-17T11:06:48.000000", "updated_at": "2026-03-17T11:06:48.000000", "name": "tempest-VolumesTransfersV357Test-Volume-1685354385", "description": null, "volume_type": "3par1", "snapshot_id": null, "source_volid": null, "metadata": {}, "links": [{"rel": "self", "href": "http://10.201.9.223/volume/v3/volumes/12928197-15a3-4ff3-bb77-df48f9d8174b"}, {"rel": "bookmark", "href": "http://10.201.9.223/volume/volumes/12928197-15a3-4ff3-bb77-df48f9d8174b"}], "user_id": "5e98b15b68ba4cc1b02795d75ce9e6ce", "bootable": "false", "encrypted": false, "replication_status": null, "consistencygroup_id": null, "multiattach": false, "attachments": [], "group_id": null, "shared_targets": true, "service_uuid": null, "os-vol-tenant-attr:tenant_id": "3218b2ec3dc147b5877a7e1af0545c22"}}'
2026-03-17 11:06:49,150 125212 INFO     [tempest.lib.common.rest_client] Request (VolumesTransfersV357Test:_run_cleanups): 200 GET http://10.201.9.223/volume/v3/volumes/12928197-15a3-4ff3-bb77-df48f9d8174b 0.033s
2026-03-17 11:06:49,150 125212 DEBUG    [tempest.lib.common.rest_client] Request - Headers: {'Content-Type': 'application/json', 'Accept': 'application/json', 'Openstack-Api-Version': 'volume 3.57', 'X-Auth-Token': '<omitted>'}
        Body: None
    Response - Headers: {'date': 'Tue, 17 Mar 2026 11:06:49 GMT', 'server': 'Apache/2.4.58 (Ubuntu)', 'content-type': 'application/json', 'x-compute-request-id': 'req-11eea694-3ae1-468d-a716-e0426418fa0e', 'content-length': '907', 'openstack-api-version': 'volume 3.57', 'vary': 'OpenStack-API-Version', 'x-openstack-request-id': 'req-11eea694-3ae1-468d-a716-e0426418fa0e', 'connection': 'close', 'status': '200', 'content-location': 'http://10.201.9.223/volume/v3/volumes/12928197-15a3-4ff3-bb77-df48f9d8174b'}
        Body: b'{"volume": {"id": "12928197-15a3-4ff3-bb77-df48f9d8174b", "status": "error", "size": 1, "availability_zone": "nova", "created_at": "2026-03-17T11:06:48.000000", "updated_at": "2026-03-17T11:06:48.000000", "name": "tempest-VolumesTransfersV357Test-Volume-1685354385", "description": null, "volume_type": "3par1", "snapshot_id": null, "source_volid": null, "metadata": {}, "links": [{"rel": "self", "href": "http://10.201.9.223/volume/v3/volumes/12928197-15a3-4ff3-bb77-df48f9d8174b"}, {"rel": "bookmark", "href": "http://10.201.9.223/volume/volumes/12928197-15a3-4ff3-bb77-df48f9d8174b"}], "user_id": "5e98b15b68ba4cc1b02795d75ce9e6ce", "bootable": "false", "encrypted": false, "replication_status": null, "consistencygroup_id": null, "multiattach": false, "attachments": [], "group_id": null, "shared_targets": true, "service_uuid": null, "os-vol-tenant-attr:tenant_id": "3218b2ec3dc147b5877a7e1af0545c22"}}'
2026-03-17 11:06:49,239 125212 INFO     [tempest.lib.common.rest_client] Request (VolumesTransfersV357Test:_run_cleanups): 202 DELETE http://10.201.9.223/volume/v3/volumes/12928197-15a3-4ff3-bb77-df48f9d8174b 0.082s
2026-03-17 11:06:49,240 125212 DEBUG    [tempest.lib.common.rest_client] Request - Headers: {'Content-Type': 'application/json', 'Accept': 'application/json', 'Openstack-Api-Version': 'volume 3.57', 'X-Auth-Token': '<omitted>'}
        Body: None
    Response - Headers: {'date': 'Tue, 17 Mar 2026 11:06:49 GMT', 'server': 'Apache/2.4.58 (Ubuntu)', 'content-length': '0', 'content-type': 'text/html; charset=UTF-
    8', 'openstack-api-version': 'volume 3.57', 'vary': 'OpenStack-API-Version', 'x-openstack-request-id': 'req-fb1dcc1f-b997-4061-aeef-472c07d80fc6', 'connection': 'close', 'status': '202', 'content-location': 'http://10.201.9.223/volume/v3/volumes/12928197-15a3-4ff3-bb77-df48f9d8174b'}
        Body: b''
2026-03-17 11:06:49,257 125212 INFO     [tempest.lib.common.rest_client] Request (VolumesTransfersV357Test:_run_cleanups): 404 GET http://10.201.9.223/volume/v3/volumes/12928197-15a3-4ff3-bb77-df48f9d8174b 0.016s
2026-03-17 11:06:49,257 125212 DEBUG    [tempest.lib.common.rest_client] Request - Headers: {'Content-Type': 'application/json', 'Accept': 'application/json', 'Openstack-Api-Version': 'volume 3.57', 'X-Auth-Token': '<omitted>'}
        Body: None
    Response - Headers: {'date': 'Tue, 17 Mar 2026 11:06:49 GMT', 'server': 'Apache/2.4.58 (Ubuntu)', 'openstack-api-version': 'volume 3.57', 'vary': 'OpenStack-API-Version', 'content-length': '109', 'content-type': 'application/json', 'x-compute-request-id': 'req-109a9741-3f14-41ce-b684-8d6b5fb78c70', 'x-openstack-request-id': 'req-109a9741-3f14-41ce-b684-8d6b5fb78c70', 'connection': 'close', 'status': '404', 'content-location': 'http://10.201.9.223/volume/v3/volumes/12928197-15a3-4ff3-bb77-df48f9d8174b'}
        Body: b'{"itemNotFound": {"code": 404, "message": "Volume 12928197-15a3-4ff3-bb77-df48f9d8174b could not be found."}}'


tempest.api.volume.test_volumes_clone.VolumesCloneTest.test_create_from_volume[id-9adae371-a257-43a5-9555-dc7c88e66e0e]
-----------------------------------------------------------------------------------------------------------------------

Captured traceback:
~~~~~~~~~~~~~~~~~~~
    Traceback (most recent call last):

      File "/opt/stack/tempest/tempest/api/volume/test_volumes_clone.py", line 54, in test_create_from_volume
    src_vol = self.create_volume(size=src_size)
              ^^^^^^^^^^^^^^^^^^^^^^^^^^^^^^^^^

      File "/opt/stack/tempest/tempest/api/volume/base.py", line 144, in create_volume
    waiters.wait_for_volume_resource_status(self.volumes_client,

      File "/opt/stack/tempest/tempest/common/waiters.py", line 379, in wait_for_volume_resource_status
    raise exceptions.VolumeResourceBuildErrorException(

    tempest.exceptions.VolumeResourceBuildErrorException: volume 1e6c0b77-e3a2-4bca-b3ba-7ff73b53fecd failed to build and is in ERROR status


Captured pythonlogging:
~~~~~~~~~~~~~~~~~~~~~~~
    2026-03-17 11:06:51,439 125212 INFO     [tempest.lib.common.rest_client] Request (VolumesCloneTest:test_create_from_volume): 202 POST http://10.201.9.223/volume/v3/volumes 0.202s
2026-03-17 11:06:51,439 125212 DEBUG    [tempest.lib.common.rest_client] Request - Headers: {'Content-Type': 'application/json', 'Accept': 'application/json', 'X-Auth-Token': '<omitted>'}
        Body: {"volume": {"size": 1, "name": "tempest-VolumesCloneTest-Volume-1378410810"}}
    Response - Headers: {'date': 'Tue, 17 Mar 2026 11:06:51 GMT', 'server': 'Apache/2.4.58 (Ubuntu)', 'content-type': 'application/json', 'x-compute-request-id': 'req-a78f025a-3408-48d3-9c1c-5e0ce2b312ca', 'content-length': '746', 'openstack-api-version': 'volume 3.0', 'vary': 'OpenStack-API-Version', 'x-openstack-request-id': 'req-a78f025a-3408-48d3-9c1c-5e0ce2b312ca', 'connection': 'close', 'status': '202', 'content-location': 'http://10.201.9.223/volume/v3/volumes'}
        Body: b'{"volume": {"id": "1e6c0b77-e3a2-4bca-b3ba-7ff73b53fecd", "status": "creating", "size": 1, "availability_zone": "nova", "created_at": "2026-03-17T11:06:51.396236", "updated_at": null, "name": "tempest-VolumesCloneTest-Volume-1378410810", "description": null, "volume_type": "3par1", "snapshot_id": null, "source_volid": null, "metadata": {}, "links": [{"rel": "self", "href": "http://10.201.9.223/volume/v3/volumes/1e6c0b77-e3a2-4bca-b3ba-7ff73b53fecd"}, {"rel": "bookmark", "href": "http://10.201.9.223/volume/volumes/1e6c0b77-e3a2-4bca-b3ba-7ff73b53fecd"}], "user_id": "5c9fa7a1ed6a4c959f1e91ba5eeaca28", "bootable": "false", "encrypted": false, "replication_status": null, "consistencygroup_id": null, "multiattach": false, "attachments": []}}'
2026-03-17 11:06:51,461 125212 INFO     [tempest.lib.common.rest_client] Request (VolumesCloneTest:test_create_from_volume): 200 GET http://10.201.9.223/volume/v3/volumes/1e6c0b77-e3a2-4bca-b3ba-7ff73b53fecd 0.017s
2026-03-17 11:06:51,461 125212 DEBUG    [tempest.lib.common.rest_client] Request - Headers: {'Content-Type': 'application/json', 'Accept': 'application/json', 'X-Auth-Token': '<omitted>'}
        Body: None
    Response - Headers: {'date': 'Tue, 17 Mar 2026 11:06:51 GMT', 'server': 'Apache/2.4.58 (Ubuntu)', 'content-type': 'application/json', 'x-compute-request-id': 'req-d00985db-50d8-4d46-85dd-593c3cb8f283', 'content-length': '814', 'openstack-api-version': 'volume 3.0', 'vary': 'OpenStack-API-Version', 'x-openstack-request-id': 'req-d00985db-50d8-4d46-85dd-593c3cb8f283', 'connection': 'close', 'status': '200', 'content-location': 'http://10.201.9.223/volume/v3/volumes/1e6c0b77-e3a2-4bca-b3ba-7ff73b53fecd'}
        Body: b'{"volume": {"id": "1e6c0b77-e3a2-4bca-b3ba-7ff73b53fecd", "status": "creating", "size": 1, "availability_zone": "nova", "created_at": "2026-03-17T11:06:51.000000", "updated_at": null, "name": "tempest-VolumesCloneTest-Volume-1378410810", "description": null, "volume_type": "3par1", "snapshot_id": null, "source_volid": null, "metadata": {}, "links": [{"rel": "self", "href": "http://10.201.9.223/volume/v3/volumes/1e6c0b77-e3a2-4bca-b3ba-7ff73b53fecd"}, {"rel": "bookmark", "href": "http://10.201.9.223/volume/volumes/1e6c0b77-e3a2-4bca-b3ba-7ff73b53fecd"}], "user_id": "5c9fa7a1ed6a4c959f1e91ba5eeaca28", "bootable": "false", "encrypted": false, "replication_status": null, "consistencygroup_id": null, "multiattach": false, "attachments": [], "os-vol-tenant-attr:tenant_id": "9df9b4a4bf1d46c78dae5f08ce23e22d"}}'
2026-03-17 11:06:52,502 125212 INFO     [tempest.lib.common.rest_client] Request (VolumesCloneTest:test_create_from_volume): 200 GET http://10.201.9.223/volume/v3/volumes/1e6c0b77-e3a2-4bca-b3ba-7ff73b53fecd 0.035s
2026-03-17 11:06:52,502 125212 DEBUG    [tempest.lib.common.rest_client] Request - Headers: {'Content-Type': 'application/json', 'Accept': 'application/json', 'X-Auth-Token': '<omitted>'}
        Body: None
    Response - Headers: {'date': 'Tue, 17 Mar 2026 11:06:52 GMT', 'server': 'Apache/2.4.58 (Ubuntu)', 'content-type': 'application/json', 'x-compute-request-id': 'req-36216a39-3847-4dad-97b5-ed42ed29284c', 'conte
    nt-length': '835', 'openstack-api-version': 'volume 3.0', 'vary': 'OpenStack-API-Version', 'x-openstack-request-id': 'req-36216a39-3847-4dad-97b5-ed42ed29284c', 'connection': 'close', 'status': '200', 'content-location': 'http://10.201.9.223/volume/v3/volumes/1e6c0b77-e3a2-4bca-b3ba-7ff73b53fecd'}
        Body: b'{"volume": {"id": "1e6c0b77-e3a2-4bca-b3ba-7ff73b53fecd", "status": "error", "size": 1, "availability_zone": "nova", "created_at": "2026-03-17T11:06:51.000000", "updated_at": "2026-03-17T11:06:51.000000", "name": "tempest-VolumesCloneTest-Volume-1378410810", "description": null, "volume_type": "3par1", "snapshot_id": null, "source_volid": null, "metadata": {}, "links": [{"rel": "self", "href": "http://10.201.9.223/volume/v3/volumes/1e6c0b77-e3a2-4bca-b3ba-7ff73b53fecd"}, {"rel": "bookmark", "href": "http://10.201.9.223/volume/volumes/1e6c0b77-e3a2-4bca-b3ba-7ff73b53fecd"}], "user_id": "5c9fa7a1ed6a4c959f1e91ba5eeaca28", "bootable": "false", "encrypted": false, "replication_status": null, "consistencygroup_id": null, "multiattach": false, "attachments": [], "os-vol-tenant-attr:tenant_id": "9df9b4a4bf1d46c78dae5f08ce23e22d"}}'
2026-03-17 11:06:52,540 125212 INFO     [tempest.lib.common.rest_client] Request (VolumesCloneTest:_run_cleanups): 200 GET http://10.201.9.223/volume/v3/volumes/1e6c0b77-e3a2-4bca-b3ba-7ff73b53fecd 0.028s
2026-03-17 11:06:52,540 125212 DEBUG    [tempest.lib.common.rest_client] Request - Headers: {'Content-Type': 'application/json', 'Accept': 'application/json', 'X-Auth-Token': '<omitted>'}
        Body: None
    Response - Headers: {'date': 'Tue, 17 Mar 2026 11:06:52 GMT', 'server': 'Apache/2.4.58 (Ubuntu)', 'content-type': 'application/json', 'x-compute-request-id': 'req-fb18d77b-1044-45ae-bf25-b69cb4cf4423', 'content-length': '835', 'openstack-api-version': 'volume 3.0', 'vary': 'OpenStack-API-Version', 'x-openstack-request-id': 'req-fb18d77b-1044-45ae-bf25-b69cb4cf4423', 'connection': 'close', 'status': '200', 'content-location': 'http://10.201.9.223/volume/v3/volumes/1e6c0b77-e3a2-4bca-b3ba-7ff73b53fecd'}
        Body: b'{"volume": {"id": "1e6c0b77-e3a2-4bca-b3ba-7ff73b53fecd", "status": "error", "size": 1, "availability_zone": "nova", "created_at": "2026-03-17T11:06:51.000000", "updated_at": "2026-03-17T11:06:51.000000", "name": "tempest-VolumesCloneTest-Volume-1378410810", "description": null, "volume_type": "3par1", "snapshot_id": null, "source_volid": null, "metadata": {}, "links": [{"rel": "self", "href": "http://10.201.9.223/volume/v3/volumes/1e6c0b77-e3a2-4bca-b3ba-7ff73b53fecd"}, {"rel": "bookmark", "href": "http://10.201.9.223/volume/volumes/1e6c0b77-e3a2-4bca-b3ba-7ff73b53fecd"}], "user_id": "5c9fa7a1ed6a4c959f1e91ba5eeaca28", "bootable": "false", "encrypted": false, "replication_status": null, "consistencygroup_id": null, "multiattach": false, "attachments": [], "os-vol-tenant-attr:tenant_id": "9df9b4a4bf1d46c78dae5f08ce23e22d"}}'
2026-03-17 11:06:52,610 125212 INFO     [tempest.lib.common.rest_client] Request (VolumesCloneTest:_run_cleanups): 202 DELETE http://10.201.9.223/volume/v3/volumes/1e6c0b77-e3a2-4bca-b3ba-7ff73b53fecd 0.063s
2026-03-17 11:06:52,610 125212 DEBUG    [tempest.lib.common.rest_client] Request - Headers: {'Content-Type': 'application/json', 'Accept': 'application/json', 'X-Auth-Token': '<omitted>'}
        Body: None
    Response - Headers: {'date': 'Tue, 17 Mar 2026 11:06:52 GMT', 'server': 'Apache/2.4.58 (Ubuntu)', 'content-length': '0', 'content-type': 'text/html; charset=UTF-8', 'openstack-api-version': 'volume 3.0', 'vary': 'OpenStack-API-Version', 'x-openstack-request-id': 'req-b21ab26f-aa10-4153-8182-c8017028f6fd', 'connection': 'close', 'status': '202', 'content-location': 'http://10.201.9.223/volume/v3/volumes/1e6c0b77-e3a2-4bca-b3ba-7ff73b53fecd'}
        Body: b''
2026-03-17 11:06:52,628 125212 INFO     [tempest.lib.common.rest_client] Request (VolumesCloneTest:_run_cleanups): 404 GET http://10.201.9.223/volume/v3/volumes/1e6c0b77-e3a2-4bca-b3ba-7ff73b53fecd 0.017s
2026-03-17 11:06:52,628 125212 DEBUG    [tempest.lib.common.rest_client] Request 
    - Headers: {'Content-Type': 'application/json', 'Accept': 'application/json', 'X-Auth-Token': '<omitted>'}
        Body: None
    Response - Headers: {'date': 'Tue, 17 Mar 2026 11:06:52 GMT', 'server': 'Apache/2.4.58 (Ubuntu)', 'openstack-api-version': 'volume 3.0', 'vary': 'OpenStack-API-Version', 'content-length': '109', 'content-type': 'application/json', 'x-compute-request-id': 'req-d8bf3112-149d-450b-ba2a-d954a408d500', 'x-openstack-request-id': 'req-d8bf3112-149d-450b-ba2a-d954a408d500', 'connection': 'close', 'status': '404', 'content-location': 'http://10.201.9.223/volume/v3/volumes/1e6c0b77-e3a2-4bca-b3ba-7ff73b53fecd'}
        Body: b'{"itemNotFound": {"code": 404, "message": "Volume 1e6c0b77-e3a2-4bca-b3ba-7ff73b53fecd could not be found."}}'


tempest.api.volume.test_volumes_clone_negative.VolumesCloneNegativeTest.test_create_from_volume_decreasing_size[id-9adae371-a257-43a5-459a-dc7c88e66e0e,negative]
-----------------------------------------------------------------------------------------------------------------------------------------------------------------

Captured traceback:
~~~~~~~~~~~~~~~~~~~
    Traceback (most recent call last):

      File "/opt/stack/tempest/tempest/api/volume/test_volumes_clone_negative.py", line 40, in test_create_from_volume_decreasing_size
    src_vol = self.create_volume(size=src_size)
              ^^^^^^^^^^^^^^^^^^^^^^^^^^^^^^^^^

      File "/opt/stack/tempest/tempest/api/volume/base.py", line 144, in create_volume
    waiters.wait_for_volume_resource_status(self.volumes_client,

      File "/opt/stack/tempest/tempest/common/waiters.py", line 379, in wait_for_volume_resource_status
    raise exceptions.VolumeResourceBuildErrorException(

    tempest.exceptions.VolumeResourceBuildErrorException: volume c81d9563-1853-47a3-9523-2b2e87010df9 failed to build and is in ERROR status


Captured pythonlogging:
~~~~~~~~~~~~~~~~~~~~~~~
    2026-03-17 11:06:53,802 125212 INFO     [tempest.lib.common.rest_client] Request (VolumesCloneNegativeTest:test_create_from_volume_decreasing_size): 202 POST http://10.201.9.223/volume/v3/volumes 0.220s
2026-03-17 11:06:53,803 125212 DEBUG    [tempest.lib.common.rest_client] Request - Headers: {'Content-Type': 'application/json', 'Accept': 'application/json', 'X-Auth-Token': '<omitted>'}
        Body: {"volume": {"size": 2, "name": "tempest-VolumesCloneNegativeTest-Volume-870413226"}}
    Response - Headers: {'date': 'Tue, 17 Mar 2026 11:06:53 GMT', 'server': 'Apache/2.4.58 (Ubuntu)', 'content-type': 'application/json', 'x-compute-request-id': 'req-f4abe3e4-d0c6-4b58-b2bb-caf36657e3f0', 'content-length': '753', 'openstack-api-version': 'volume 3.0', 'vary': 'OpenStack-API-Version', 'x-openstack-request-id': 'req-f4abe3e4-d0c6-4b58-b2bb-caf36657e3f0', 'connection': 'close', 'status': '202', 'content-location': 'http://10.201.9.223/volume/v3/volumes'}
        Body: b'{"volume": {"id": "c81d9563-1853-47a3-9523-2b2e87010df9", "status": "creating", "size": 2, "availability_zone": "nova", "created_at": "2026-03-17T11:06:53.753106", "updated_at": null, "name": "tempest-VolumesCloneNegativeTest-Volume-870413226", "description": null, "volume_type": "3par1", "snapshot_id": null, "source_volid": null, "metadata": {}, "links": [{"rel": "self", "href": "http://10.201.9.223/volume/v3/volumes/c81d9563-1853-47a3-9523-2b2e87010df9"}, {"rel": "bookmark", "href": "http://10.201.9.223/volume/volumes/c81d9563-1853-47a3-9523-2b2e87010df9"}], "user_id": "fcf027c0c85b4263b80ed3a2e5c7bc55", "bootable": "false", "encrypted": false, "replication_status": null, "consistencygroup_id": null, "multiattach": false, "attachments": []}}'
2026-03-17 11:06:53,829 125212 INFO     [tempest.lib.common.rest_client] Request (VolumesCloneNegativeTest:test_create_from_volume_decreasing_size): 200 GET http://10.201.9.223/volume/v3/volumes/c81d9563-1853-47a3-9523-2b2e87010df9 0.020s
2026-03-17 11:06:53,829 125212 DEBUG    [tempest.lib.common.rest_client] Request - Headers: {'Content-Type': 'application/json', 'Accept': 'application/json', 'X-Auth-Token': '<omitted>'}
        Body: None
    Response - Headers: {'date': 'Tue, 17 Mar 2026 11:06:53 GMT', 'server': 'Apache/2.4.58 (Ubuntu)', 'content-type': 'application/json', 'x-compute-request-id': 'req-55b8c41c-2ac7-4e95-940a-a6368fd8589d', 'content-length': '821', 'openstack-api-version': 'volume 3.0', 'vary': 'OpenStack-API-Version', 'x-openstack-request-id': 'req-55b8c41c-2ac7-4e95-940a-a6368fd8589d', 'connection': 'close', 'status': '200', 'content-location': 'http://10.201.9.223/volume/v3/volumes/c81d9563-1853-47a3-9523-2b2e87010df9'}
        Body: b'{"volume": {"id": "c81d9563-1853-47a3-9523-2b2e87010df9", "status": "creating", "size": 2, "availability_zone": "nova", "created_at": "2026-03-17T11:06:54.000000", "updated_at": null, "name": "tempest-VolumesCloneNegativeTest-Volume-870413226", "description": null, "volume_type": "3par1", "snapshot_id": null, "source_volid": null, "metadata": {}, "links": [{"rel": "self", "href": "http://10.201.9.223/volume/v3/volumes/c81d9563-1853-47a3-9523-2b2e87010df9"}, {"rel": "bookmark", "href": "http://10.201.9.223/volume/volumes/c81d9563-1853-47a3-9523-2b2e87010df9"}], "user_id": "fcf027c0c85b4263b80ed3a2e5c7bc55", "bootable": "false", "encrypted": false, "replication_status": null, "consistencygroup_id": null, "multiattach": false, "attachments": [], "os-vol-tenant-attr:tenant_id": "eda4a9ed5557436998f1128fbe80a360"}}'
2026-03-17 11:06:54,870 125212 INFO     [tempest.lib.common.rest_client] Request (VolumesCloneNegativeTest:test_create_from_volume_decreasing_size): 200 GET http://10.201.9.223/volume/v3/volumes/c81d9563-1853-47a3-9523-2b2e87010df9 0.032s
2026-03-17 11:06:54,871 125212 DEBUG    [tempest.lib.common.rest_client] Request - Headers: {'Content-Type': 'application/json', 'Accept': 'application/json', 'X-Auth-Token': '<omitted>'}
        Body: None
    Response - Headers: {'date': 'Tue, 17 Mar 2026 11:06:54 GMT', 'server': 'Apache/2.4.58 (Ubuntu)', 'content-type': '
    application/json', 'x-compute-request-id': 'req-73c52179-18e2-4976-8497-8bbd7416174e', 'content-length': '842', 'openstack-api-version': 'volume 3.0', 'vary': 'OpenStack-API-Version', 'x-openstack-request-id': 'req-73c52179-18e2-4976-8497-8bbd7416174e', 'connection': 'close', 'status': '200', 'content-location': 'http://10.201.9.223/volume/v3/volumes/c81d9563-1853-47a3-9523-2b2e87010df9'}
        Body: b'{"volume": {"id": "c81d9563-1853-47a3-9523-2b2e87010df9", "status": "error", "size": 2, "availability_zone": "nova", "created_at": "2026-03-17T11:06:54.000000", "updated_at": "2026-03-17T11:06:54.000000", "name": "tempest-VolumesCloneNegativeTest-Volume-870413226", "description": null, "volume_type": "3par1", "snapshot_id": null, "source_volid": null, "metadata": {}, "links": [{"rel": "self", "href": "http://10.201.9.223/volume/v3/volumes/c81d9563-1853-47a3-9523-2b2e87010df9"}, {"rel": "bookmark", "href": "http://10.201.9.223/volume/volumes/c81d9563-1853-47a3-9523-2b2e87010df9"}], "user_id": "fcf027c0c85b4263b80ed3a2e5c7bc55", "bootable": "false", "encrypted": false, "replication_status": null, "consistencygroup_id": null, "multiattach": false, "attachments": [], "os-vol-tenant-attr:tenant_id": "eda4a9ed5557436998f1128fbe80a360"}}'
2026-03-17 11:06:54,903 125212 INFO     [tempest.lib.common.rest_client] Request (VolumesCloneNegativeTest:_run_cleanups): 200 GET http://10.201.9.223/volume/v3/volumes/c81d9563-1853-47a3-9523-2b2e87010df9 0.027s
2026-03-17 11:06:54,903 125212 DEBUG    [tempest.lib.common.rest_client] Request - Headers: {'Content-Type': 'application/json', 'Accept': 'application/json', 'X-Auth-Token': '<omitted>'}
        Body: None
    Response - Headers: {'date': 'Tue, 17 Mar 2026 11:06:54 GMT', 'server': 'Apache/2.4.58 (Ubuntu)', 'content-type': 'application/json', 'x-compute-request-id': 'req-cd89fb0b-1e53-4c9e-9aa7-d121c4a7116d', 'content-length': '842', 'openstack-api-version': 'volume 3.0', 'vary': 'OpenStack-API-Version', 'x-openstack-request-id': 'req-cd89fb0b-1e53-4c9e-9aa7-d121c4a7116d', 'connection': 'close', 'status': '200', 'content-location': 'http://10.201.9.223/volume/v3/volumes/c81d9563-1853-47a3-9523-2b2e87010df9'}
        Body: b'{"volume": {"id": "c81d9563-1853-47a3-9523-2b2e87010df9", "status": "error", "size": 2, "availability_zone": "nova", "created_at": "2026-03-17T11:06:54.000000", "updated_at": "2026-03-17T11:06:54.000000", "name": "tempest-VolumesCloneNegativeTest-Volume-870413226", "description": null, "volume_type": "3par1", "snapshot_id": null, "source_volid": null, "metadata": {}, "links": [{"rel": "self", "href": "http://10.201.9.223/volume/v3/volumes/c81d9563-1853-47a3-9523-2b2e87010df9"}, {"rel": "bookmark", "href": "http://10.201.9.223/volume/volumes/c81d9563-1853-47a3-9523-2b2e87010df9"}], "user_id": "fcf027c0c85b4263b80ed3a2e5c7bc55", "bootable": "false", "encrypted": false, "replication_status": null, "consistencygroup_id": null, "multiattach": false, "attachments": [], "os-vol-tenant-attr:tenant_id": "eda4a9ed5557436998f1128fbe80a360"}}'
2026-03-17 11:06:54,974 125212 INFO     [tempest.lib.common.rest_client] Request (VolumesCloneNegativeTest:_run_cleanups): 202 DELETE http://10.201.9.223/volume/v3/volumes/c81d9563-1853-47a3-9523-2b2e87010df9 0.063s
2026-03-17 11:06:54,975 125212 DEBUG    [tempest.lib.common.rest_client] Request - Headers: {'Content-Type': 'application/json', 'Accept': 'application/json', 'X-Auth-Token': '<omitted>'}
        Body: None
    Response - Headers: {'date': 'Tue, 17 Mar 2026 11:06:54 GMT', 'server': 'Apache/2.4.58 (Ubuntu)', 'content-length': '0', 'content-type': 'text/html; charset=UTF-8', 'openstack-api-version': 'volume 3.0', 'vary': 'OpenStack-API-Version', 'x-openstack-request-id': 'req-477c6efe-c747-43e0-a52d-b36aaebce017', 'connection': 'close', 'status': '202', 'content-location': 'http://10.201.9.223/volume/v3/volumes/c81d9563-1853-47a3-9523-2b2e87010df9'}
        Body: b''
2026-03-17 11:06:54,988 125212 INFO     [tempest.lib.common.rest_client] Request (VolumesCloneNegativeTest:_run_cleanups): 404 GET http://10.201.9.223/volume/v3/vo
    lumes/c81d9563-1853-47a3-9523-2b2e87010df9 0.013s
2026-03-17 11:06:54,988 125212 DEBUG    [tempest.lib.common.rest_client] Request - Headers: {'Content-Type': 'application/json', 'Accept': 'application/json', 'X-Auth-Token': '<omitted>'}
        Body: None
    Response - Headers: {'date': 'Tue, 17 Mar 2026 11:06:54 GMT', 'server': 'Apache/2.4.58 (Ubuntu)', 'openstack-api-version': 'volume 3.0', 'vary': 'OpenStack-API-Version', 'content-length': '109', 'content-type': 'application/json', 'x-compute-request-id': 'req-8fc82b71-70d6-4db6-b70f-59c77470abc6', 'x-openstack-request-id': 'req-8fc82b71-70d6-4db6-b70f-59c77470abc6', 'connection': 'close', 'status': '404', 'content-location': 'http://10.201.9.223/volume/v3/volumes/c81d9563-1853-47a3-9523-2b2e87010df9'}
        Body: b'{"itemNotFound": {"code": 404, "message": "Volume c81d9563-1853-47a3-9523-2b2e87010df9 could not be found."}}'


tempest.api.volume.test_volumes_get.VolumesGetTest.test_volume_create_get_update_delete[id-27fb0e9f-fb64-41dd-8bdb-1ffa762f0d51,smoke]
--------------------------------------------------------------------------------------------------------------------------------------

Captured traceback:
~~~~~~~~~~~~~~~~~~~
    Traceback (most recent call last):

      File "/opt/stack/tempest/tempest/api/volume/test_volumes_get.py", line 117, in test_volume_create_get_update_delete
    self._volume_create_get_update_delete(size=CONF.volume.volume_size)

      File "/opt/stack/tempest/tempest/api/volume/test_volumes_get.py", line 40, in _volume_create_get_update_delete
    volume = self.create_volume(wait_until='available', **kwargs)
             ^^^^^^^^^^^^^^^^^^^^^^^^^^^^^^^^^^^^^^^^^^^^^^^^^^^^

      File "/opt/stack/tempest/tempest/api/volume/base.py", line 144, in create_volume
    waiters.wait_for_volume_resource_status(self.volumes_client,

      File "/opt/stack/tempest/tempest/common/waiters.py", line 379, in wait_for_volume_resource_status
    raise exceptions.VolumeResourceBuildErrorException(

    tempest.exceptions.VolumeResourceBuildErrorException: volume 97200e65-bd4b-4349-bda4-07633ffcf65f failed to build and is in ERROR status


Captured pythonlogging:
~~~~~~~~~~~~~~~~~~~~~~~
    2026-03-17 11:06:56,178 125212 INFO     [tempest.lib.common.rest_client] Request (VolumesGetTest:test_volume_create_get_update_delete): 202 POST http://10.201.9.223/volume/v3/volumes 0.219s
2026-03-17 11:06:56,179 125212 DEBUG    [tempest.lib.common.rest_client] Request - Headers: {'Content-Type': 'application/json', 'Accept': 'application/json', 'X-Auth-Token': '<omitted>'}
        Body: {"volume": {"size": 1, "name": "tempest-VolumesGetTest-Volume-1545320849", "metadata": {"Type": "Test"}}}
    Response - Headers: {'date': 'Tue, 17 Mar 2026 11:06:55 GMT', 'server': 'Apache/2.4.58 (Ubuntu)', 'content-type': 'application/json', 'x-compute-request-id': 'req-0fdb1f77-79f6-4ef6-9108-2a7d412acc3b', 'content-length': '758', 'openstack-api-version': 'volume 3.0', 'vary': 'OpenStack-API-Version', 'x-openstack-request-id': 'req-0fdb1f77-79f6-4ef6-9108-2a7d412acc3b', 'connection': 'close', 'status': '202', 'content-location': 'http://10.201.9.223/volume/v3/volumes'}
        Body: b'{"volume": {"id": "97200e65-bd4b-4349-bda4-07633ffcf65f", "status": "creating", "size": 1, "availability_zone": "nova", "created_at": "2026-03-17T11:06:56.121040", "updated_at": null, "name": "tempest-VolumesGetTest-Volume-1545320849", "description": null, "volume_type": "3par1", "snapshot_id": null, "source_volid": null, "metadata": {"Type": "Test"}, "links": [{"rel": "self", "href": "http://10.201.9.223/volume/v3/volumes/97200e65-bd4b-4349-bda4-07633ffcf65f"}, {"rel": "bookmark", "href": "http://10.201.9.223/volume/volumes/97200e65-bd4b-4349-bda4-07633ffcf65f"}], "user_id": "6fe642e68b274828b3a916056d1b9407", "bootable": "false", "encrypted": false, "replication_status": null, "consistencygroup_id": null, "multiattach": false, "attachments": []}}'
2026-03-17 11:06:56,202 125212 INFO     [tempest.lib.common.rest_client] Request (VolumesGetTest:test_volume_create_get_update_delete): 200 GET http://10.201.9.223/volume/v3/volumes/97200e65-bd4b-4349-bda4-07633ffcf65f 0.018s
2026-03-17 11:06:56,202 125212 DEBUG    [tempest.lib.common.rest_client] Request - Headers: {'Content-Type': 'application/json', 'Accept': 'application/json', 'X-Auth-Token': '<omitted>'}
        Body: None
    Response - Headers: {'date': 'Tue, 17 Mar 2026 11:06:56 GMT', 'server': 'Apache/2.4.58 (Ubuntu)', 'content-type': 'application/json', 'x-compute-request-id': 'req-260e16cd-7451-4a63-92b7-7121e8ccc6f1', 'content-length': '826', 'openstack-api-version': 'volume 3.0', 'vary': 'OpenStack-API-Version', 'x-openstack-request-id': 'req-260e16cd-7451-4a63-92b7-7121e8ccc6f1', 'connection': 'close', 'status': '200', 'content-location': 'http://10.201.9.223/volume/v3/volumes/97200e65-bd4b-4349-bda4-07633ffcf65f'}
        Body: b'{"volume": {"id": "97200e65-bd4b-4349-bda4-07633ffcf65f", "status": "creating", "size": 1, "availability_zone": "nova", "created_at": "2026-03-17T11:06:56.000000", "updated_at": null, "name": "tempest-VolumesGetTest-Volume-1545320849", "description": null, "volume_type": "3par1", "snapshot_id": null, "source_volid": null, "metadata": {"Type": "Test"}, "links": [{"rel": "self", "href": "http://10.201.9.223/volume/v3/volumes/97200e65-bd4b-4349-bda4-07633ffcf65f"}, {"rel": "bookmark", "href": "http://10.201.9.223/volume/volumes/97200e65-bd4b-4349-bda4-07633ffcf65f"}], "user_id": "6fe642e68b274828b3a916056d1b9407", "bootable": "false", "encrypted": false, "replication_status": null, "consistencygroup_id": null, "multiattach": false, "attachments": [], "os-vol-tenant-attr:tenant_id": "c4df1df141804431959abd4baec61c99"}}'
2026-03-17 11:06:57,242 125212 INFO     [tempest.lib.common.rest_client] Request (VolumesGetTest:test_volume_create_get_update_delete): 200 GET http://10.201.9.223/volume/v3/volumes/97200e65-bd4b-4349-bda4-07633ffcf65f 0.035s
2026-03-17 11:06:57,242 125212 DEBUG    [tempest.lib.common.rest_client] Request - Headers: {'Content-Type': 'application/json', 'Accept': 'application/json', 'X-Auth-Token': '<omitted>'}
        Body: None
    Response - Headers: {'date': 'Tue, 17 Mar 2026 11:06:57 GMT', 'server': 'Apache/2.4.58 (Ubuntu)', 'content-type': 'applicat
    ion/json', 'x-compute-request-id': 'req-135c6ca2-e528-4e16-b240-3afa8c7f0190', 'content-length': '847', 'openstack-api-version': 'volume 3.0', 'vary': 'OpenStack-API-Version', 'x-openstack-request-id': 'req-135c6ca2-e528-4e16-b240-3afa8c7f0190', 'connection': 'close', 'status': '200', 'content-location': 'http://10.201.9.223/volume/v3/volumes/97200e65-bd4b-4349-bda4-07633ffcf65f'}
        Body: b'{"volume": {"id": "97200e65-bd4b-4349-bda4-07633ffcf65f", "status": "error", "size": 1, "availability_zone": "nova", "created_at": "2026-03-17T11:06:56.000000", "updated_at": "2026-03-17T11:06:56.000000", "name": "tempest-VolumesGetTest-Volume-1545320849", "description": null, "volume_type": "3par1", "snapshot_id": null, "source_volid": null, "metadata": {"Type": "Test"}, "links": [{"rel": "self", "href": "http://10.201.9.223/volume/v3/volumes/97200e65-bd4b-4349-bda4-07633ffcf65f"}, {"rel": "bookmark", "href": "http://10.201.9.223/volume/volumes/97200e65-bd4b-4349-bda4-07633ffcf65f"}], "user_id": "6fe642e68b274828b3a916056d1b9407", "bootable": "false", "encrypted": false, "replication_status": null, "consistencygroup_id": null, "multiattach": false, "attachments": [], "os-vol-tenant-attr:tenant_id": "c4df1df141804431959abd4baec61c99"}}'
2026-03-17 11:06:57,271 125212 INFO     [tempest.lib.common.rest_client] Request (VolumesGetTest:_run_cleanups): 200 GET http://10.201.9.223/volume/v3/volumes/97200e65-bd4b-4349-bda4-07633ffcf65f 0.019s
2026-03-17 11:06:57,272 125212 DEBUG    [tempest.lib.common.rest_client] Request - Headers: {'Content-Type': 'application/json', 'Accept': 'application/json', 'X-Auth-Token': '<omitted>'}
        Body: None
    Response - Headers: {'date': 'Tue, 17 Mar 2026 11:06:57 GMT', 'server': 'Apache/2.4.58 (Ubuntu)', 'content-type': 'application/json', 'x-compute-request-id': 'req-db85e497-99f3-43f8-9bc9-8d642c8cfd91', 'content-length': '847', 'openstack-api-version': 'volume 3.0', 'vary': 'OpenStack-API-Version', 'x-openstack-request-id': 'req-db85e497-99f3-43f8-9bc9-8d642c8cfd91', 'connection': 'close', 'status': '200', 'content-location': 'http://10.201.9.223/volume/v3/volumes/97200e65-bd4b-4349-bda4-07633ffcf65f'}
        Body: b'{"volume": {"id": "97200e65-bd4b-4349-bda4-07633ffcf65f", "status": "error", "size": 1, "availability_zone": "nova", "created_at": "2026-03-17T11:06:56.000000", "updated_at": "2026-03-17T11:06:56.000000", "name": "tempest-VolumesGetTest-Volume-1545320849", "description": null, "volume_type": "3par1", "snapshot_id": null, "source_volid": null, "metadata": {"Type": "Test"}, "links": [{"rel": "self", "href": "http://10.201.9.223/volume/v3/volumes/97200e65-bd4b-4349-bda4-07633ffcf65f"}, {"rel": "bookmark", "href": "http://10.201.9.223/volume/volumes/97200e65-bd4b-4349-bda4-07633ffcf65f"}], "user_id": "6fe642e68b274828b3a916056d1b9407", "bootable": "false", "encrypted": false, "replication_status": null, "consistencygroup_id": null, "multiattach": false, "attachments": [], "os-vol-tenant-attr:tenant_id": "c4df1df141804431959abd4baec61c99"}}'
2026-03-17 11:06:57,372 125212 INFO     [tempest.lib.common.rest_client] Request (VolumesGetTest:_run_cleanups): 202 DELETE http://10.201.9.223/volume/v3/volumes/97200e65-bd4b-4349-bda4-07633ffcf65f 0.091s
2026-03-17 11:06:57,373 125212 DEBUG    [tempest.lib.common.rest_client] Request - Headers: {'Content-Type': 'application/json', 'Accept': 'application/json', 'X-Auth-Token': '<omitted>'}
        Body: None
    Response - Headers: {'date': 'Tue, 17 Mar 2026 11:06:57 GMT', 'server': 'Apache/2.4.58 (Ubuntu)', 'content-length': '0', 'content-type': 'text/html; charset=UTF-8', 'openstack-api-version': 'volume 3.0', 'vary': 'OpenStack-API-Version', 'x-openstack-request-id': 'req-b461f949-7ca7-4a8d-8f70-0f78227e0146', 'connection': 'close', 'status': '202', 'content-location': 'http://10.201.9.223/volume/v3/volumes/97200e65-bd4b-4349-bda4-07633ffcf65f'}
        Body: b''
2026-03-17 11:06:57,388 125212 INFO     [tempest.lib.common.rest_client] Request (VolumesGetTest:_run_cleanups): 404 GET http://10.201.9.223/volume/v3/volumes/97200e65-bd4b-4349-bda
    4-07633ffcf65f 0.015s
2026-03-17 11:06:57,388 125212 DEBUG    [tempest.lib.common.rest_client] Request - Headers: {'Content-Type': 'application/json', 'Accept': 'application/json', 'X-Auth-Token': '<omitted>'}
        Body: None
    Response - Headers: {'date': 'Tue, 17 Mar 2026 11:06:57 GMT', 'server': 'Apache/2.4.58 (Ubuntu)', 'openstack-api-version': 'volume 3.0', 'vary': 'OpenStack-API-Version', 'content-length': '109', 'content-type': 'application/json', 'x-compute-request-id': 'req-6f2f9f63-273c-428c-8ea1-4e8fba8a6e7b', 'x-openstack-request-id': 'req-6f2f9f63-273c-428c-8ea1-4e8fba8a6e7b', 'connection': 'close', 'status': '404', 'content-location': 'http://10.201.9.223/volume/v3/volumes/97200e65-bd4b-4349-bda4-07633ffcf65f'}
        Body: b'{"itemNotFound": {"code": 404, "message": "Volume 97200e65-bd4b-4349-bda4-07633ffcf65f could not be found."}}'


tempest.api.volume.test_volumes_get.VolumesGetTest.test_volume_create_get_update_delete_as_clone[id-3f591b4a-7dc6-444c-bd51-77469506b3a1]
-----------------------------------------------------------------------------------------------------------------------------------------

Captured traceback:
~~~~~~~~~~~~~~~~~~~
    Traceback (most recent call last):

      File "/opt/stack/tempest/tempest/api/volume/test_volumes_get.py", line 135, in test_volume_create_get_update_delete_as_clone
    origin = self.create_volume()
             ^^^^^^^^^^^^^^^^^^^^

      File "/opt/stack/tempest/tempest/api/volume/base.py", line 144, in create_volume
    waiters.wait_for_volume_resource_status(self.volumes_client,

      File "/opt/stack/tempest/tempest/common/waiters.py", line 379, in wait_for_volume_resource_status
    raise exceptions.VolumeResourceBuildErrorException(

    tempest.exceptions.VolumeResourceBuildErrorException: volume 58c04aa6-3b1c-4cdb-a190-94956dd1fb34 failed to build and is in ERROR status


Captured pythonlogging:
~~~~~~~~~~~~~~~~~~~~~~~
    2026-03-17 11:06:57,536 125212 INFO     [tempest.lib.common.rest_client] Request (VolumesGetTest:test_volume_create_get_update_delete_as_clone): 202 POST http://10.201.9.223/volume/v3/volumes 0.145s
2026-03-17 11:06:57,536 125212 DEBUG    [tempest.lib.common.rest_client] Request - Headers: {'Content-Type': 'application/json', 'Accept': 'application/json', 'X-Auth-Token': '<omitted>'}
        Body: {"volume": {"size": 1, "name": "tempest-VolumesGetTest-Volume-1328467451"}}
    Response - Headers: {'date': 'Tue, 17 Mar 2026 11:06:57 GMT', 'server': 'Apache/2.4.58 (Ubuntu)', 'content-type': 'application/json', 'x-compute-request-id': 'req-c04baf47-9e59-4112-b3a2-6f5452a8bc8a', 'content-length': '744', 'openstack-api-version': 'volume 3.0', 'vary': 'OpenStack-API-Version', 'x-openstack-request-id': 'req-c04baf47-9e59-4112-b3a2-6f5452a8bc8a', 'connection': 'close', 'status': '202', 'content-location': 'http://10.201.9.223/volume/v3/volumes'}
        Body: b'{"volume": {"id": "58c04aa6-3b1c-4cdb-a190-94956dd1fb34", "status": "creating", "size": 1, "availability_zone": "nova", "created_at": "2026-03-17T11:06:57.481643", "updated_at": null, "name": "tempest-VolumesGetTest-Volume-1328467451", "description": null, "volume_type": "3par1", "snapshot_id": null, "source_volid": null, "metadata": {}, "links": [{"rel": "self", "href": "http://10.201.9.223/volume/v3/volumes/58c04aa6-3b1c-4cdb-a190-94956dd1fb34"}, {"rel": "bookmark", "href": "http://10.201.9.223/volume/volumes/58c04aa6-3b1c-4cdb-a190-94956dd1fb34"}], "user_id": "6fe642e68b274828b3a916056d1b9407", "bootable": "false", "encrypted": false, "replication_status": null, "consistencygroup_id": null, "multiattach": false, "attachments": []}}'
2026-03-17 11:06:57,559 125212 INFO     [tempest.lib.common.rest_client] Request (VolumesGetTest:test_volume_create_get_update_delete_as_clone): 200 GET http://10.201.9.223/volume/v3/volumes/58c04aa6-3b1c-4cdb-a190-94956dd1fb34 0.017s
2026-03-17 11:06:57,559 125212 DEBUG    [tempest.lib.common.rest_client] Request - Headers: {'Content-Type': 'application/json', 'Accept': 'application/json', 'X-Auth-Token': '<omitted>'}
        Body: None
    Response - Headers: {'date': 'Tue, 17 Mar 2026 11:06:57 GMT', 'server': 'Apache/2.4.58 (Ubuntu)', 'content-type': 'application/json', 'x-compute-request-id': 'req-5c698862-8bc1-49f4-9d9d-d4acd9d9cf92', 'content-length': '812', 'openstack-api-version': 'volume 3.0', 'vary': 'OpenStack-API-Version', 'x-openstack-request-id': 'req-5c698862-8bc1-49f4-9d9d-d4acd9d9cf92', 'connection': 'close', 'status': '200', 'content-location': 'http://10.201.9.223/volume/v3/volumes/58c04aa6-3b1c-4cdb-a190-94956dd1fb34'}
        Body: b'{"volume": {"id": "58c04aa6-3b1c-4cdb-a190-94956dd1fb34", "status": "creating", "size": 1, "availability_zone": "nova", "created_at": "2026-03-17T11:06:57.000000", "updated_at": null, "name": "tempest-VolumesGetTest-Volume-1328467451", "description": null, "volume_type": "3par1", "snapshot_id": null, "source_volid": null, "metadata": {}, "links": [{"rel": "self", "href": "http://10.201.9.223/volume/v3/volumes/58c04aa6-3b1c-4cdb-a190-94956dd1fb34"}, {"rel": "bookmark", "href": "http://10.201.9.223/volume/volumes/58c04aa6-3b1c-4cdb-a190-94956dd1fb34"}], "user_id": "6fe642e68b274828b3a916056d1b9407", "bootable": "false", "encrypted": false, "replication_status": null, "consistencygroup_id": null, "multiattach": false, "attachments": [], "os-vol-tenant-attr:tenant_id": "c4df1df141804431959abd4baec61c99"}}'
2026-03-17 11:06:58,598 125212 INFO     [tempest.lib.common.rest_client] Request (VolumesGetTest:test_volume_create_get_update_delete_as_clone): 200 GET http://10.201.9.223/volume/v3/volumes/58c04aa6-3b1c-4cdb-a190-94956dd1fb34 0.034s
2026-03-17 11:06:58,598 125212 DEBUG    [tempest.lib.common.rest_client] Request - Headers: {'Content-Type': 'application/json', 'Accept': 'application/json', 'X-Auth-Token': '<omitted>'}
        Body: None
    Response - Headers: {'date': 'Tue, 17 Mar 2026 11:06:58 GMT', 'server': 'Apache/2.4.58 (Ubuntu)', 'content-type': 'application/json', 'x-compute-request-i
    d': 'req-ede75529-0a32-40e1-8a8c-27eee1ef4d06', 'content-length': '833', 'openstack-api-version': 'volume 3.0', 'vary': 'OpenStack-API-Version', 'x-openstack-request-id': 'req-ede75529-0a32-40e1-8a8c-27eee1ef4d06', 'connection': 'close', 'status': '200', 'content-location': 'http://10.201.9.223/volume/v3/volumes/58c04aa6-3b1c-4cdb-a190-94956dd1fb34'}
        Body: b'{"volume": {"id": "58c04aa6-3b1c-4cdb-a190-94956dd1fb34", "status": "error", "size": 1, "availability_zone": "nova", "created_at": "2026-03-17T11:06:57.000000", "updated_at": "2026-03-17T11:06:58.000000", "name": "tempest-VolumesGetTest-Volume-1328467451", "description": null, "volume_type": "3par1", "snapshot_id": null, "source_volid": null, "metadata": {}, "links": [{"rel": "self", "href": "http://10.201.9.223/volume/v3/volumes/58c04aa6-3b1c-4cdb-a190-94956dd1fb34"}, {"rel": "bookmark", "href": "http://10.201.9.223/volume/volumes/58c04aa6-3b1c-4cdb-a190-94956dd1fb34"}], "user_id": "6fe642e68b274828b3a916056d1b9407", "bootable": "false", "encrypted": false, "replication_status": null, "consistencygroup_id": null, "multiattach": false, "attachments": [], "os-vol-tenant-attr:tenant_id": "c4df1df141804431959abd4baec61c99"}}'
2026-03-17 11:06:58,632 125212 INFO     [tempest.lib.common.rest_client] Request (VolumesGetTest:_run_cleanups): 200 GET http://10.201.9.223/volume/v3/volumes/58c04aa6-3b1c-4cdb-a190-94956dd1fb34 0.024s
2026-03-17 11:06:58,632 125212 DEBUG    [tempest.lib.common.rest_client] Request - Headers: {'Content-Type': 'application/json', 'Accept': 'application/json', 'X-Auth-Token': '<omitted>'}
        Body: None
    Response - Headers: {'date': 'Tue, 17 Mar 2026 11:06:58 GMT', 'server': 'Apache/2.4.58 (Ubuntu)', 'content-type': 'application/json', 'x-compute-request-id': 'req-f03df225-a22d-4852-9cfc-6e83997d2677', 'content-length': '833', 'openstack-api-version': 'volume 3.0', 'vary': 'OpenStack-API-Version', 'x-openstack-request-id': 'req-f03df225-a22d-4852-9cfc-6e83997d2677', 'connection': 'close', 'status': '200', 'content-location': 'http://10.201.9.223/volume/v3/volumes/58c04aa6-3b1c-4cdb-a190-94956dd1fb34'}
        Body: b'{"volume": {"id": "58c04aa6-3b1c-4cdb-a190-94956dd1fb34", "status": "error", "size": 1, "availability_zone": "nova", "created_at": "2026-03-17T11:06:57.000000", "updated_at": "2026-03-17T11:06:58.000000", "name": "tempest-VolumesGetTest-Volume-1328467451", "description": null, "volume_type": "3par1", "snapshot_id": null, "source_volid": null, "metadata": {}, "links": [{"rel": "self", "href": "http://10.201.9.223/volume/v3/volumes/58c04aa6-3b1c-4cdb-a190-94956dd1fb34"}, {"rel": "bookmark", "href": "http://10.201.9.223/volume/volumes/58c04aa6-3b1c-4cdb-a190-94956dd1fb34"}], "user_id": "6fe642e68b274828b3a916056d1b9407", "bootable": "false", "encrypted": false, "replication_status": null, "consistencygroup_id": null, "multiattach": false, "attachments": [], "os-vol-tenant-attr:tenant_id": "c4df1df141804431959abd4baec61c99"}}'
2026-03-17 11:06:58,706 125212 INFO     [tempest.lib.common.rest_client] Request (VolumesGetTest:_run_cleanups): 202 DELETE http://10.201.9.223/volume/v3/volumes/58c04aa6-3b1c-4cdb-a190-94956dd1fb34 0.069s
2026-03-17 11:06:58,706 125212 DEBUG    [tempest.lib.common.rest_client] Request - Headers: {'Content-Type': 'application/json', 'Accept': 'application/json', 'X-Auth-Token': '<omitted>'}
        Body: None
    Response - Headers: {'date': 'Tue, 17 Mar 2026 11:06:58 GMT', 'server': 'Apache/2.4.58 (Ubuntu)', 'content-length': '0', 'content-type': 'text/html; charset=UTF-8', 'openstack-api-version': 'volume 3.0', 'vary': 'OpenStack-API-Version', 'x-openstack-request-id': 'req-b67107e1-b4b1-42d7-96c1-819dfe9e9d78', 'connection': 'close', 'status': '202', 'content-location': 'http://10.201.9.223/volume/v3/volumes/58c04aa6-3b1c-4cdb-a190-94956dd1fb34'}
        Body: b''
2026-03-17 11:06:58,717 125212 INFO     [tempest.lib.common.rest_client] Request (VolumesGetTest:_run_cleanups): 404 GET http://10.201.9.223/volume/v3/volumes/58c04aa6-3b1c-4cdb-a190-94956dd1fb34 0.010s
2026-03-17 11:06:58,717 125212 DEBUG 
       [tempest.lib.common.rest_client] Request - Headers: {'Content-Type': 'application/json', 'Accept': 'application/json', 'X-Auth-Token': '<omitted>'}
        Body: None
    Response - Headers: {'date': 'Tue, 17 Mar 2026 11:06:58 GMT', 'server': 'Apache/2.4.58 (Ubuntu)', 'openstack-api-version': 'volume 3.0', 'vary': 'OpenStack-API-Version', 'content-length': '109', 'content-type': 'application/json', 'x-compute-request-id': 'req-d5acd890-62d1-4c76-9b83-3c1f5d9009d4', 'x-openstack-request-id': 'req-d5acd890-62d1-4c76-9b83-3c1f5d9009d4', 'connection': 'close', 'status': '404', 'content-location': 'http://10.201.9.223/volume/v3/volumes/58c04aa6-3b1c-4cdb-a190-94956dd1fb34'}
        Body: b'{"itemNotFound": {"code": 404, "message": "Volume 58c04aa6-3b1c-4cdb-a190-94956dd1fb34 could not be found."}}'


setUpClass (tempest.api.volume.test_volumes_list.VolumesListTestJSON)
---------------------------------------------------------------------

Captured traceback:
~~~~~~~~~~~~~~~~~~~
    Traceback (most recent call last):

      File "/opt/stack/tempest/tempest/test.py", line 185, in setUpClass
    raise value.with_traceback(trace)

      File "/opt/stack/tempest/tempest/test.py", line 178, in setUpClass
    cls.resource_setup()

      File "/opt/stack/tempest/tempest/api/volume/test_volumes_list.py", line 89, in resource_setup
    volume = cls.create_volume(metadata=cls.metadata)
             ^^^^^^^^^^^^^^^^^^^^^^^^^^^^^^^^^^^^^^^^

      File "/opt/stack/tempest/tempest/api/volume/base.py", line 144, in create_volume
    waiters.wait_for_volume_resource_status(self.volumes_client,

      File "/opt/stack/tempest/tempest/common/waiters.py", line 379, in wait_for_volume_resource_status
    raise exceptions.VolumeResourceBuildErrorException(

    tempest.exceptions.VolumeResourceBuildErrorException: volume 706e88e5-2fce-4e35-8ad4-f27794e6dbe6 failed to build and is in ERROR status


setUpClass (tempest.api.volume.test_volumes_negative.VolumesNegativeTest)
-------------------------------------------------------------------------

Captured traceback:
~~~~~~~~~~~~~~~~~~~
    Traceback (most recent call last):

      File "/opt/stack/tempest/tempest/test.py", line 185, in setUpClass
    raise value.with_traceback(trace)

      File "/opt/stack/tempest/tempest/test.py", line 178, in setUpClass
    cls.resource_setup()

      File "/opt/stack/tempest/tempest/api/volume/test_volumes_negative.py", line 38, in resource_setup
    cls.volume = cls.create_volume()
                 ^^^^^^^^^^^^^^^^^^^

      File "/opt/stack/tempest/tempest/api/volume/base.py", line 144, in create_volume
    waiters.wait_for_volume_resource_status(self.volumes_client,

      File "/opt/stack/tempest/tempest/common/waiters.py", line 379, in wait_for_volume_resource_status
    raise exceptions.VolumeResourceBuildErrorException(

    tempest.exceptions.VolumeResourceBuildErrorException: volume d4cfbe7e-b316-4454-9433-5bd4da017a23 failed to build and is in ERROR status


setUpClass (tempest.api.volume.test_volumes_snapshots_list.VolumesSnapshotListTestJSON)
---------------------------------------------------------------------------------------

Captured traceback:
~~~~~~~~~~~~~~~~~~~
    Traceback (most recent call last):

      File "/opt/stack/tempest/tempest/test.py", line 185, in setUpClass
    raise value.with_traceback(trace)

      File "/opt/stack/tempest/tempest/test.py", line 178, in setUpClass
    cls.resource_setup()

      File "/opt/stack/tempest/tempest/api/volume/test_volumes_snapshots_list.py", line 32, in resource_setup
    volume_origin = cls.create_volume()
                    ^^^^^^^^^^^^^^^^^^^

      File "/opt/stack/tempest/tempest/api/volume/base.py", line 144, in create_volume
    waiters.wait_for_volume_resource_status(self.volumes_client,

      File "/opt/stack/tempest/tempest/common/waiters.py", line 379, in wait_for_volume_resource_status
    raise exceptions.VolumeResourceBuildErrorException(

    tempest.exceptions.VolumeResourceBuildErrorException: volume 213a791d-fbcb-4d53-9688-de7061735454 failed to build and is in ERROR status


tempest.api.volume.test_volumes_snapshots_negative.VolumesSnapshotNegativeTestJSON.test_volume_from_snapshot_decreasing_size[id-677863d1-34f9-456d-b6ac-9924f667a7f4,negative]
------------------------------------------------------------------------------------------------------------------------------------------------------------------------------

Captured traceback:
~~~~~~~~~~~~~~~~~~~
    Traceback (most recent call last):

      File "/opt/stack/tempest/tempest/api/volume/test_volumes_snapshots_negative.py", line 65, in test_volume_from_snapshot_decreasing_size
    src_vol = self.create_volume(size=src_size)
              ^^^^^^^^^^^^^^^^^^^^^^^^^^^^^^^^^

      File "/opt/stack/tempest/tempest/api/volume/base.py", line 144, in create_volume
    waiters.wait_for_volume_resource_status(self.volumes_client,

      File "/opt/stack/tempest/tempest/common/waiters.py", line 379, in wait_for_volume_resource_status
    raise exceptions.VolumeResourceBuildErrorException(

    tempest.exceptions.VolumeResourceBuildErrorException: volume ba74b5f3-6fc0-41e1-a3fa-134ff44c55b6 failed to build and is in ERROR status


Captured pythonlogging:
~~~~~~~~~~~~~~~~~~~~~~~
    2026-03-17 11:07:08,198 125212 INFO     [tempest.lib.common.rest_client] Request (VolumesSnapshotNegativeTestJSON:test_volume_from_snapshot_decreasing_size): 202 POST http://10.201.9.223/volume/v3/volumes 0.144s
2026-03-17 11:07:08,198 125212 DEBUG    [tempest.lib.common.rest_client] Request - Headers: {'Content-Type': 'application/json', 'Accept': 'application/json', 'X-Auth-Token': '<omitted>'}
        Body: {"volume": {"size": 2, "name": "tempest-VolumesSnapshotNegativeTestJSON-Volume-1181466433"}}
    Response - Headers: {'date': 'Tue, 17 Mar 2026 11:07:08 GMT', 'server': 'Apache/2.4.58 (Ubuntu)', 'content-type': 'application/json', 'x-compute-request-id': 'req-54298962-cc65-43fc-8647-527022698be8', 'content-length': '761', 'openstack-api-version': 'volume 3.0', 'vary': 'OpenStack-API-Version', 'x-openstack-request-id': 'req-54298962-cc65-43fc-8647-527022698be8', 'connection': 'close', 'status': '202', 'content-location': 'http://10.201.9.223/volume/v3/volumes'}
        Body: b'{"volume": {"id": "ba74b5f3-6fc0-41e1-a3fa-134ff44c55b6", "status": "creating", "size": 2, "availability_zone": "nova", "created_at": "2026-03-17T11:07:08.147744", "updated_at": null, "name": "tempest-VolumesSnapshotNegativeTestJSON-Volume-1181466433", "description": null, "volume_type": "3par1", "snapshot_id": null, "source_volid": null, "metadata": {}, "links": [{"rel": "self", "href": "http://10.201.9.223/volume/v3/volumes/ba74b5f3-6fc0-41e1-a3fa-134ff44c55b6"}, {"rel": "bookmark", "href": "http://10.201.9.223/volume/volumes/ba74b5f3-6fc0-41e1-a3fa-134ff44c55b6"}], "user_id": "c53b73655c1f429aad202d84f0b268ed", "bootable": "false", "encrypted": false, "replication_status": null, "consistencygroup_id": null, "multiattach": false, "attachments": []}}'
2026-03-17 11:07:08,219 125212 INFO     [tempest.lib.common.rest_client] Request (VolumesSnapshotNegativeTestJSON:test_volume_from_snapshot_decreasing_size): 200 GET http://10.201.9.223/volume/v3/volumes/ba74b5f3-6fc0-41e1-a3fa-134ff44c55b6 0.017s
2026-03-17 11:07:08,219 125212 DEBUG    [tempest.lib.common.rest_client] Request - Headers: {'Content-Type': 'application/json', 'Accept': 'application/json', 'X-Auth-Token': '<omitted>'}
        Body: None
    Response - Headers: {'date': 'Tue, 17 Mar 2026 11:07:08 GMT', 'server': 'Apache/2.4.58 (Ubuntu)', 'content-type': 'application/json', 'x-compute-request-id': 'req-6fbf59fe-2b37-44ba-950e-f23ec465551f', 'content-length': '829', 'openstack-api-version': 'volume 3.0', 'vary': 'OpenStack-API-Version', 'x-openstack-request-id': 'req-6fbf59fe-2b37-44ba-950e-f23ec465551f', 'connection': 'close', 'status': '200', 'content-location': 'http://10.201.9.223/volume/v3/volumes/ba74b5f3-6fc0-41e1-a3fa-134ff44c55b6'}
        Body: b'{"volume": {"id": "ba74b5f3-6fc0-41e1-a3fa-134ff44c55b6", "status": "creating", "size": 2, "availability_zone": "nova", "created_at": "2026-03-17T11:07:08.000000", "updated_at": null, "name": "tempest-VolumesSnapshotNegativeTestJSON-Volume-1181466433", "description": null, "volume_type": "3par1", "snapshot_id": null, "source_volid": null, "metadata": {}, "links": [{"rel": "self", "href": "http://10.201.9.223/volume/v3/volumes/ba74b5f3-6fc0-41e1-a3fa-134ff44c55b6"}, {"rel": "bookmark", "href": "http://10.201.9.223/volume/volumes/ba74b5f3-6fc0-41e1-a3fa-134ff44c55b6"}], "user_id": "c53b73655c1f429aad202d84f0b268ed", "bootable": "false", "encrypted": false, "replication_status": null, "consistencygroup_id": null, "multiattach": false, "attachments": [], "os-vol-tenant-attr:tenant_id": "3723c921acef47bd8c11fddd8c68a878"}}'
2026-03-17 11:07:09,260 125212 INFO     [tempest.lib.common.rest_client] Request (VolumesSnapshotNegativeTestJSON:test_volume_from_snapshot_decreasing_size): 200 GET http://10.201.9.223/volume/v3/volumes/ba74b5f3-6fc0-41e1-a3fa-134ff44c55b6 0.035s
2026-03-17 11:07:09,260 125212 DEBUG    [tempest.lib.common.rest_client] Request - Headers: {'Content-Type': 'application/json', 'Accept': 'application/json', 'X-Auth-Token': '<omitted>'}
        Body: None
    Response - Headers: {'date': 'Tue, 17 Mar 2026 11:07:09 GMT', 's
    erver': 'Apache/2.4.58 (Ubuntu)', 'content-type': 'application/json', 'x-compute-request-id': 'req-96416b62-4a84-4b6b-8211-0edb505cfa9b', 'content-length': '850', 'openstack-api-version': 'volume 3.0', 'vary': 'OpenStack-API-Version', 'x-openstack-request-id': 'req-96416b62-4a84-4b6b-8211-0edb505cfa9b', 'connection': 'close', 'status': '200', 'content-location': 'http://10.201.9.223/volume/v3/volumes/ba74b5f3-6fc0-41e1-a3fa-134ff44c55b6'}
        Body: b'{"volume": {"id": "ba74b5f3-6fc0-41e1-a3fa-134ff44c55b6", "status": "error", "size": 2, "availability_zone": "nova", "created_at": "2026-03-17T11:07:08.000000", "updated_at": "2026-03-17T11:07:08.000000", "name": "tempest-VolumesSnapshotNegativeTestJSON-Volume-1181466433", "description": null, "volume_type": "3par1", "snapshot_id": null, "source_volid": null, "metadata": {}, "links": [{"rel": "self", "href": "http://10.201.9.223/volume/v3/volumes/ba74b5f3-6fc0-41e1-a3fa-134ff44c55b6"}, {"rel": "bookmark", "href": "http://10.201.9.223/volume/volumes/ba74b5f3-6fc0-41e1-a3fa-134ff44c55b6"}], "user_id": "c53b73655c1f429aad202d84f0b268ed", "bootable": "false", "encrypted": false, "replication_status": null, "consistencygroup_id": null, "multiattach": false, "attachments": [], "os-vol-tenant-attr:tenant_id": "3723c921acef47bd8c11fddd8c68a878"}}'
2026-03-17 11:07:09,291 125212 INFO     [tempest.lib.common.rest_client] Request (VolumesSnapshotNegativeTestJSON:_run_cleanups): 200 GET http://10.201.9.223/volume/v3/volumes/ba74b5f3-6fc0-41e1-a3fa-134ff44c55b6 0.026s
2026-03-17 11:07:09,292 125212 DEBUG    [tempest.lib.common.rest_client] Request - Headers: {'Content-Type': 'application/json', 'Accept': 'application/json', 'X-Auth-Token': '<omitted>'}
        Body: None
    Response - Headers: {'date': 'Tue, 17 Mar 2026 11:07:09 GMT', 'server': 'Apache/2.4.58 (Ubuntu)', 'content-type': 'application/json', 'x-compute-request-id': 'req-c0b78484-8365-475d-8f4f-7475bb950b4d', 'content-length': '850', 'openstack-api-version': 'volume 3.0', 'vary': 'OpenStack-API-Version', 'x-openstack-request-id': 'req-c0b78484-8365-475d-8f4f-7475bb950b4d', 'connection': 'close', 'status': '200', 'content-location': 'http://10.201.9.223/volume/v3/volumes/ba74b5f3-6fc0-41e1-a3fa-134ff44c55b6'}
        Body: b'{"volume": {"id": "ba74b5f3-6fc0-41e1-a3fa-134ff44c55b6", "status": "error", "size": 2, "availability_zone": "nova", "created_at": "2026-03-17T11:07:08.000000", "updated_at": "2026-03-17T11:07:08.000000", "name": "tempest-VolumesSnapshotNegativeTestJSON-Volume-1181466433", "description": null, "volume_type": "3par1", "snapshot_id": null, "source_volid": null, "metadata": {}, "links": [{"rel": "self", "href": "http://10.201.9.223/volume/v3/volumes/ba74b5f3-6fc0-41e1-a3fa-134ff44c55b6"}, {"rel": "bookmark", "href": "http://10.201.9.223/volume/volumes/ba74b5f3-6fc0-41e1-a3fa-134ff44c55b6"}], "user_id": "c53b73655c1f429aad202d84f0b268ed", "bootable": "false", "encrypted": false, "replication_status": null, "consistencygroup_id": null, "multiattach": false, "attachments": [], "os-vol-tenant-attr:tenant_id": "3723c921acef47bd8c11fddd8c68a878"}}'
2026-03-17 11:07:09,361 125212 INFO     [tempest.lib.common.rest_client] Request (VolumesSnapshotNegativeTestJSON:_run_cleanups): 202 DELETE http://10.201.9.223/volume/v3/volumes/ba74b5f3-6fc0-41e1-a3fa-134ff44c55b6 0.063s
2026-03-17 11:07:09,361 125212 DEBUG    [tempest.lib.common.rest_client] Request - Headers: {'Content-Type': 'application/json', 'Accept': 'application/json', 'X-Auth-Token': '<omitted>'}
        Body: None
    Response - Headers: {'date': 'Tue, 17 Mar 2026 11:07:09 GMT', 'server': 'Apache/2.4.58 (Ubuntu)', 'content-length': '0', 'content-type': 'text/html; charset=UTF-8', 'openstack-api-version': 'volume 3.0', 'vary': 'OpenStack-API-Version', 'x-openstack-request-id': 'req-1d0c4bc3-7f87-432b-ba52-c6c70c3f33cb', 'connection': 'close', 'status': '202', 'content-location': 'http://10.201.9.223/volume/v3/volumes/ba74b5f3-6fc0-41e1-a3fa-134ff44c55b6'}
        Body: b''
2026-03-17 11:07:09,375 125212 INFO     [tempest.lib.common.rest_client] Request (
    VolumesSnapshotNegativeTestJSON:_run_cleanups): 404 GET http://10.201.9.223/volume/v3/volumes/ba74b5f3-6fc0-41e1-a3fa-134ff44c55b6 0.013s
2026-03-17 11:07:09,375 125212 DEBUG    [tempest.lib.common.rest_client] Request - Headers: {'Content-Type': 'application/json', 'Accept': 'application/json', 'X-Auth-Token': '<omitted>'}
        Body: None
    Response - Headers: {'date': 'Tue, 17 Mar 2026 11:07:09 GMT', 'server': 'Apache/2.4.58 (Ubuntu)', 'openstack-api-version': 'volume 3.0', 'vary': 'OpenStack-API-Version', 'content-length': '109', 'content-type': 'application/json', 'x-compute-request-id': 'req-1c036a8a-27c1-4f5e-97f0-de072562f5d2', 'x-openstack-request-id': 'req-1c036a8a-27c1-4f5e-97f0-de072562f5d2', 'connection': 'close', 'status': '404', 'content-location': 'http://10.201.9.223/volume/v3/volumes/ba74b5f3-6fc0-41e1-a3fa-134ff44c55b6'}
        Body: b'{"itemNotFound": {"code": 404, "message": "Volume ba74b5f3-6fc0-41e1-a3fa-134ff44c55b6 could not be found."}}'



======
Totals
======
Ran: 127 tests in 154.2236 sec.
 - Passed: 75
 - Skipped: 7
 - Expected Fail: 0
 - Unexpected Success: 0
 - Failed: 45
Sum of execute time for each test: 52.5608 sec.

==============
Worker Balance
==============
 - Worker 0 (127 tests) => 0:02:34.223619
