"pcp-dstat 5.3.6 CSV Output"
"Author:","PCP team <pcp@groups.io> and Dag Wieers <dag@wieers.com>",,,,"URL:","https://pcp.io/ and http://dag.wieers.com/home-made/dstat/"
"Host:","ubuntu",,,,"User:","ubuntu"
"Cmdline:","dstat -tcmndrylpg --tcp --output /tmp/devstack_logs/dstat-csv.log",,,,"Date:","08 Feb 2024 07:42:57 UTC"
"system","total usage",,,,,"memory usage",,,,"net/total",,"dsk/total",,"io/total",,"system",,"load avg",,,"procs",,,"paging",,"tcp sockets",,,,
"time","total usage:usr","total usage:sys","total usage:idl","total usage:wai","total usage:stl","used","free","buf","cach","net/total:recv","net/total:send","dsk/total:read","dsk/total:writ","read","writ","int","csw","1m","5m","15m","run","blk","new","in","out","lis","act","syn","tim","clo"
08-02 07:42:57,,1033216,1609960,158420,5009556,,,,,,,1.130,0.650,0.450,2,0,,,,9,8,6,10,0
08-02 07:42:58,15.987,17.986,65.698,0.500,0,992476,1646616,158456,5013384,2513368.952,27880.003,0,3421.301,0,64.949,4141,5577,1.130,0.650,0.450,1,0,437.655,0,0,9,5,7,10,2
08-02 07:42:59,14.985,19.730,64.436,0.250,0,998840,1640088,158460,5013632,26611.495,5826.197,0,5738.285,0,178.822,3678,6199,1.200,0.670,0.450,2,0,355.646,0,0,9,5,6,10,1
08-02 07:43:00,22.031,15.021,61.337,0,0,1001480,1637404,158472,5013652,190784.295,6019.560,0,288.410,0,10.014,4845,10374,1.200,0.670,0.450,11,0,237.337,0,0,9,4,6,10,1
08-02 07:43:01,32.200,6.740,60.656,0.250,0.250,1156592,1481896,158508,5138680,18069.955,4159.544,0,503.219,0,14.977,2132,3178,1.200,0.670,0.450,3,0,20.967,0,0,10,5,6,10,2
08-02 07:43:02,27.531,12.514,58.817,0,0.250,1169860,1468456,158524,5138836,12936.657,3742.240,80.091,72.082,1.001,11.012,2043,2463,1.200,0.670,0.450,1,0,165.187,0,0,10,7,6,10,2
08-02 07:43:03,19.463,9.482,70.116,0.499,0,1211116,1426548,158612,5139376,24378.486,5345.800,227.566,3680.977,13.973,253.516,2254,2834,1.200,0.670,0.450,1,0,119.771,0,0,10,7,7,13,2
08-02 07:43:04,27.754,3.251,68.011,0.500,0,1255920,1380320,158812,5140416,28063.434,6903.091,112.018,13730.169,4.001,71.011,1390,1652,1.180,0.680,0.460,0,1,1.000,0,0,10,10,6,13,2
08-02 07:43:05,17.535,5.260,65.129,12.525,0,1269688,1358436,159644,5147408,213204.078,7876.556,0,22031.512,0,2156.259,10295,21118,1.180,0.680,0.460,3,1,45.089,0,0,10,10,6,13,2
08-02 07:43:06,21.511,6.003,60.780,9.505,0.250,1190024,1430668,160260,5154000,1956281.097,19194.617,0,36982.528,0,2719.362,10696,20754,1.180,0.680,0.460,3,0,88.044,0,0,10,6,6,13,4
08-02 07:43:07,27.232,3.498,63.958,3.997,0.250,1213768,1406512,160424,5154160,10855.813,5056.652,0,17188.621,0,988.346,3277,6012,1.180,0.680,0.460,1,0,10.993,0,0,10,6,6,13,2
08-02 07:43:08,32.494,2.500,63.989,0.250,0,1169072,1450288,160440,5155032,12313.796,4102.266,0,375.933,0,9.998,1097,1293,1.180,0.680,0.460,1,0,11.998,0,0,10,6,6,13,2
08-02 07:43:09,27.224,2.997,68.933,0.749,0,1220760,1398376,160496,5155196,183095.313,5696.503,0,3236.876,0,178.827,1630,2147,1.250,0.700,0.470,3,0,0,0,0,10,6,6,13,2
08-02 07:43:10,18.264,12.509,67.801,0.250,0,1150744,1468204,160540,5155316,17880.357,5009.742,0,508.380,0,25.019,2363,3557,1.250,0.700,0.470,1,0,265.198,0,0,10,6,6,13,2
08-02 07:43:11,13.745,19.743,65.977,0.250,0,1157684,1460712,160556,5155848,12033.860,5034.268,0,511.824,0,21.992,2905,4690,1.250,0.700,0.470,2,0,399.862,0,0,10,6,6,12,2
08-02 07:43:12,26.024,16.265,55.551,0,0.250,1192924,1425036,160616,5156624,35677.073,4450.125,100.093,948.880,1.001,36.033,4959,9549,1.250,0.700,0.470,4,0,227.211,0,0,10,6,6,12,2
08-02 07:43:13,51.243,5.499,43.494,0.250,0.250,1308160,1308564,160688,5157676,16952.711,5067.316,587.921,935.874,9.999,47.994,1449,1576,1.250,0.700,0.470,2,0,25.996,0,0,10,7,6,11,2
08-02 07:43:14,55.241,3.999,40.493,0.500,0,1358560,1254504,160920,5160696,67670.105,4091.341,0,11114.211,0,125.980,1773,4686,1.390,0.740,0.480,3,0,1.000,0,0,10,7,6,11,2
08-02 07:43:15,8.232,7.982,82.316,0,0,1349672,1262452,160952,5161328,20123.005,4901.041,0,1141.448,0,12.971,1531,2265,1.390,0.740,0.480,0,0,117.737,0,0,10,6,6,12,2
08-02 07:43:16,22.506,3.751,73.269,0,0,1405196,1206760,161004,5161448,80386.302,4377.160,0,380.101,0,20.005,1639,2077,1.390,0.740,0.480,1,0,23.006,0,0,10,6,6,12,2
08-02 07:43:17,28.251,2.250,68.753,0,0.250,1445600,1165936,161040,5161828,74883.669,4957.243,0,1088.053,0,57.003,1329,1822,1.390,0.740,0.480,1,0,1.000,0,0,10,10,6,12,2
08-02 07:43:18,25.744,5.499,67.235,1.500,0.250,1386856,1224452,161120,5161952,33833.320,4572.962,0,1395.683,0,181.959,2810,5511,1.390,0.740,0.480,1,0,43.990,0,0,10,6,6,14,2
08-02 07:43:19,28.256,3.001,67.014,0.500,0,1424820,1175004,161176,5172936,460770.379,6709.389,272.056,2856.591,62.013,32.007,1844,2749,1.360,0.740,0.480,1,0,5.001,0,0,10,29,6,15,2
08-02 07:43:20,29.507,6.001,63.515,0.250,0.250,1439796,1154204,161292,5178336,345612.837,6325.461,1344.311,1516.350,14.003,19.004,1766,2063,1.360,0.740,0.480,2,0,47.011,0,0,10,30,6,15,2
08-02 07:43:21,45.081,16.780,37.567,0.751,0,1463408,1119296,161304,5189156,9931.798,1556.790,10450.728,180.323,119.214,33.059,2877,3858,1.360,0.740,0.480,3,0,250.449,0,0,10,30,6,15,2
08-02 07:43:22,62.289,11.257,25.266,0.250,0,1467200,1113632,161332,5190868,14937.246,1695.049,1164.721,4126.554,14.009,176.109,4346,8783,1.360,0.740,0.480,3,0,68.042,0,0,10,31,6,16,2
08-02 07:43:23,78.720,17.243,3.749,0.250,0.500,1553244,1004180,162348,5210236,9114.500,1639.370,0,2515.034,0,87.966,2558,4373,1.360,0.740,0.480,6,0,417.840,0,0,10,30,6,16,2
08-02 07:43:24,82.000,15.750,3.000,0,0,1646348,895548,162700,5224308,8117.951,1693.990,0,1859.989,0,83.000,4516,9888,1.970,0.880,0.530,7,0,167.999,0,0,10,31,6,16,2
08-02 07:43:25,76.750,13.250,9.000,0.250,0.250,1538368,982680,163704,5241536,10777.957,1619.994,0,38847.845,0,259.999,3626,8145,1.970,0.880,0.530,4,0,189.999,0,0,10,31,6,16,2
08-02 07:43:26,38.487,7.997,52.482,0.750,0,1469636,1027616,164460,5262428,19411.497,1932.353,0,2179.270,0,84.972,2462,4115,1.970,0.880,0.530,1,0,110.963,0,0,10,31,6,17,2
08-02 07:43:27,21.750,5.500,71.751,0,0.250,1442056,1055176,164460,5262448,11706.117,3322.033,0,340.003,0,13.000,2230,4535,1.970,0.880,0.530,1,0,68.001,0,0,10,31,6,17,2
08-02 07:43:28,40.989,2.999,55.236,0.250,0,1395804,1117336,164476,5246836,7610.044,2231.427,383.901,1203.691,2.999,64.983,1806,4144,1.970,0.880,0.530,2,0,4.999,0,0,10,28,6,17,0
08-02 07:43:29,37.523,25.516,34.772,0.250,0,1363136,1149288,164476,5247548,7178.494,1621.015,0,4662.919,0,159.100,12547,23690,2.130,0.930,0.550,6,0,826.517,0,0,10,28,6,17,0
08-02 07:43:30,82.998,15.500,0.750,0,0.250,1563744,948536,164476,5247676,12743.720,1767.961,0,14091.690,0,552.988,2274,33267,2.130,0.930,0.550,8,0,220.995,0,0,10,30,6,17,0
08-02 07:43:31,81.252,13.250,4.750,0,0,1522908,988764,164476,5248408,12694.355,1566.044,0,1116.031,0,65.002,5696,15030,2.130,0.930,0.550,7,0,81.002,0,0,10,28,6,17,0
08-02 07:43:32,85.749,11.500,3.000,0,0.250,1442424,1069152,164476,5248504,9059.882,1619.979,0,515.993,0,38.000,3785,8085,2.130,0.930,0.550,7,0,82.999,0,0,10,28,6,17,0
08-02 07:43:33,83.036,15.257,1.251,0,0,1598712,912616,164488,5248700,12313.406,1620.711,0,232.102,0,14.006,4052,8926,2.130,0.930,0.550,9,0,181.079,0,0,10,30,6,18,0
08-02 07:43:34,87.512,11.002,1.500,0,0.500,1449436,1061664,164488,5248928,6470.912,1620.228,0,256.036,0,13.002,5364,11586,2.360,1,0.570,8,0,140.020,0,0,10,29,6,18,0
08-02 07:43:35,51.599,10.719,36.892,0,0,1331640,1179312,164504,5249056,12064.807,1507.602,0,1535.521,0,39.884,3496,10700,2.360,1,0.570,3,0,208.392,0,0,10,28,6,16,0
08-02 07:43:36,44.344,5.512,50.356,0,0,1419300,1091364,164508,5249340,11760.815,1623.425,0,156.330,0,8.017,2579,5166,2.360,1,0.570,3,0,0,0,0,10,30,6,16,0
08-02 07:43:37,48.003,18.501,33.252,0.250,0,1420472,1090136,164508,5249396,17910.985,1620.089,0,240.013,0,28.002,3619,6970,2.360,1,0.570,3,0,378.021,0,0,10,28,6,17,0
08-02 07:43:38,60.312,8.759,30.531,0.250,0.250,1436728,1073088,164528,5250164,9077.295,1695.736,0,340.349,0,30.031,4340,9909,2.360,1,0.570,3,0,15.015,0,0,10,29,6,20,0
08-02 07:43:39,78.387,17.225,4.494,0,0,1537716,972056,164536,5250200,7453.238,1637.635,0,427.383,0,30.955,2543,4187,2.490,1.050,0.590,4,0,244.647,0,0,10,29,6,20,0
08-02 07:43:40,66.728,13.496,19.494,0.250,0.250,1398992,1110520,164540,5250452,6415.896,1619.469,0,2511.176,0,41.986,5926,15392,2.490,1.050,0.590,6,0,236.922,0,0,10,29,6,22,0
08-02 07:43:41,69.289,11.256,18.260,0,0,1498408,1010928,164540,5250628,6596.760,1620.924,0,336.192,0,19.011,3041,5853,2.490,1.050,0.590,3,0,87.050,0,0,10,30,6,21,0
08-02 07:43:42,63.385,12.477,22.958,0,0,1415496,1093600,164560,5250848,8558.466,1551.185,0,427.225,0,38.929,5952,13277,2.490,1.050,0.590,3,0,298.458,0,0,10,28,6,21,0
08-02 07:43:43,66.886,5.762,28.057,0,0,1442724,1066172,164568,5251032,6881.943,1623.289,0,312.633,0,23.047,3333,9843,2.490,1.050,0.590,3,0,36.073,0,0,10,29,6,22,0
08-02 07:43:44,70.508,13.751,16.752,0,0,1498844,1010008,164568,5251076,7210.772,1662.178,0,232.025,0,15.002,2071,4931,2.530,1.080,0.600,2,0,251.027,0,0,10,31,6,22,0
08-02 07:43:45,60.860,9.977,28.435,0,0.249,1407956,1100656,164584,5251296,7313.231,1616.294,0,1564.413,0,49.886,3965,11803,2.530,1.080,0.600,4,0,111.744,0,0,10,28,6,24,0
08-02 07:43:46,65.395,8.018,25.557,0.251,0,1443712,1064708,164592,5251480,7944.653,1771.937,0,501.113,0,50.111,4177,10859,2.530,1.080,0.600,5,0,70.156,0,0,10,29,6,28,0
08-02 07:43:47,79.721,16.994,2.749,0,0.250,1542016,966304,164612,5251560,16429.020,1565.430,0,2655.034,0,171.937,2951,5055,2.530,1.080,0.600,8,0,441.839,0,0,10,29,6,28,0
08-02 07:43:48,83.499,13.000,3.250,0,0.250,1613956,894108,164620,5251800,15585.735,1619.972,0,447.992,0,34.999,5692,10113,2.530,1.080,0.600,8,0,204.997,0,0,10,30,6,28,0
08-02 07:43:49,81.525,16.505,3.001,0,0.250,1516052,991616,164628,5252176,17325.302,1512.463,0,552.169,0,45.014,4358,7952,2.810,1.170,0.630,7,0,284.087,0,0,10,28,6,28,0
08-02 07:43:50,82.187,13.490,2.498,0,0,1540016,967452,164628,5252368,8417.502,1618.750,0,2150.340,0,14.988,4259,9729,2.810,1.170,0.630,9,0,275.787,0,0,10,29,6,28,0
08-02 07:43:51,67.058,20.017,12.261,0,0,1374492,1132744,164632,5252580,11457.945,1663.444,0,204.177,0,8.007,7516,22411,2.810,1.170,0.630,5,0,571.496,0,0,10,29,6,31,0
08-02 07:43:52,13.998,24.997,59.243,0.250,0,1324308,1182748,164644,5252748,9080.865,1619.798,0,175.978,0,10.999,4119,7426,2.810,1.170,0.630,3,0,716.910,0,0,10,28,6,27,0
08-02 07:43:53,47.759,28.505,24.254,0,0.250,1435900,1071104,164644,5252800,6335.153,1620.295,0,196.036,0,20.004,3191,6445,2.810,1.170,0.630,6,0,904.165,0,0,10,28,6,27,0
08-02 07:43:54,79.997,11.000,8.750,0,0,1498780,1007892,164648,5253116,7605.719,1693.937,0,431.984,0,46.998,4218,11451,2.830,1.200,0.650,5,0,93.997,0,0,10,28,6,28,0
08-02 07:43:55,79.719,15.244,4.248,0,0.250,1518696,987736,164652,5253320,8352.717,1565.385,0,45670.052,0,180.929,2937,5484,2.830,1.200,0.650,6,0,200.921,0,0,10,29,6,28,0
08-02 07:43:56,60.368,8.980,30.683,0,0.249,1554596,951224,164652,5253892,8960.421,1508.703,0,969.881,0,8.980,7570,16977,2.830,1.200,0.650,5,0,0,0,0,10,31,5,33,1
08-02 07:43:57,60.656,9.775,27.822,0,0,1426784,1078468,164656,5254448,7172.455,1624.179,0,272.702,0,36.093,8591,20142,2.830,1.200,0.650,6,0,79.204,0,0,10,29,5,38,0
08-02 07:43:58,85.417,9.491,4.496,0,0.250,1551856,953340,164660,5254484,21621.028,1618.430,0,231.775,0,20.980,3334,7428,2.830,1.200,0.650,4,0,42.958,0,0,10,31,5,38,0
08-02 07:43:59,54.043,6.005,40.282,0,0,1558792,945780,164660,5255088,9485.465,1715.350,0,140.110,0,7.006,5024,21763,2.760,1.210,0.650,2,0,0,0,0,10,32,5,45,0
08-02 07:44:00,66.009,13.252,19.753,0,0.250,1384288,1119024,164660,5256332,8249.064,1620.209,0,33888.372,0,221.029,5792,17009,2.760,1.210,0.650,4,0,226.029,0,0,10,28,5,48,0
08-02 07:44:01,80.156,11.487,7.491,0,0,1553888,949212,164660,5256532,10208.036,1618.104,0,483.433,0,7.991,4554,8590,2.760,1.210,0.650,2,0,41.951,0,0,10,31,5,48,0
08-02 07:44:02,77.585,12.013,11.012,0,0,1443792,1058872,164668,5256960,10879.892,1621.773,0,224.245,0,18.020,5071,11776,2.760,1.210,0.650,4,0,132.144,0,0,10,28,5,48,0
08-02 07:44:03,83.380,10.485,5.492,0,0.250,1432704,1069700,164672,5257212,10299.118,1455.896,0,367.469,0,45.934,4173,7626,2.760,1.210,0.650,4,0,63.908,0,0,10,29,5,48,0
08-02 07:44:04,83.369,11.767,3.755,0,0.250,1500556,1000200,164672,5258856,7715.025,1696.424,0,152.218,0,10.014,4042,9936,2.940,1.270,0.680,4,0,121.173,0,0,10,30,5,45,0
08-02 07:44:05,76.743,12.999,9.999,0,0.250,1449592,1050796,164672,5259212,11664.869,1693.836,0,1367.867,0,43.996,4693,11273,2.940,1.270,0.680,4,1,190.981,0,0,10,29,5,46,0
08-02 07:44:06,78.969,12.495,9.246,0,0,1536236,963976,164676,5259428,11873.298,1619.359,0,419.834,0,23.990,5528,10078,2.940,1.270,0.680,3,0,33.987,0,0,10,31,5,48,0
08-02 07:44:07,67.286,14.258,16.509,0.250,0.250,1412516,1087424,164684,5259688,9046.795,1694.898,0,664.352,0,68.036,4425,10143,2.940,1.270,0.680,3,0,261.138,0,0,10,28,5,48,0
08-02 07:44:08,62.999,10.750,25.750,0,0,1448208,1051488,164688,5259904,12725.847,1619.981,0,239.997,0,18.000,2608,7498,2.940,1.270,0.680,5,0,105.999,0,0,10,29,5,49,0
08-02 07:44:09,64.746,9.249,24.748,0,0.250,1474980,1024676,164688,5259952,16219.011,1619.901,0,191.988,0,9.999,3307,5610,2.940,1.300,0.690,3,0,76.995,0,0,10,28,5,50,0
08-02 07:44:10,64.008,9.501,26.253,0,0,1450852,1048556,164696,5260184,19846.401,1458.176,0,396.048,0,41.005,4247,10242,2.940,1.300,0.690,3,0,65.008,0,0,10,28,5,51,0
08-02 07:44:11,66.325,8.446,24.841,0,0,1500212,999000,164704,5260368,6140.675,1683.221,0,310.015,0,24.841,3122,8806,2.940,1.300,0.690,4,0,66.574,0,0,10,28,5,54,0
08-02 07:44:12,65.162,10.315,24.908,0,0.252,1469324,1029704,164708,5260544,8099.236,1857.752,0,454.878,0,22.140,2399,4517,2.940,1.300,0.690,3,0,82.522,0,0,10,29,6,54,0
08-02 07:44:13,62.484,11.497,25.244,0.500,0.250,1384740,1114028,164724,5260784,11573.095,1693.575,0,467.883,0,45.988,4954,10070,2.940,1.300,0.690,3,0,136.966,0,0,10,28,6,56,0
08-02 07:44:14,65.555,8.507,26.272,0,0,1503428,995124,164728,5260984,12828.815,1621.367,0,240.202,0,18.015,3597,7142,2.950,1.330,0.700,2,0,0,0,0,10,31,6,57,0
08-02 07:44:15,55.956,17.486,25.480,0,0,1438964,1059384,164732,5261180,8173.559,1692.666,0,355.720,0,32.974,4164,8279,2.950,1.330,0.700,3,0,422.667,0,0,10,28,6,58,0
08-02 07:44:16,62.693,7.743,28.474,0,0,1454232,1043656,164740,5261624,8606.134,1660.482,0,559.489,0,31.971,4457,9935,2.950,1.330,0.700,3,0,85.921,0,0,10,29,6,59,0
08-02 07:44:17,26.459,16.724,55.914,0,0.250,1375724,1122080,164744,5261700,8461.004,1593.552,0,183.718,0,12.980,2642,4252,2.950,1.330,0.700,1,0,322.505,0,0,10,28,6,59,0
08-02 07:44:18,25.003,2.250,72.010,0.250,0.250,1385612,1112000,164748,5261884,8289.119,1566.211,0,300.041,0,21.003,3109,7037,2.950,1.330,0.700,1,0,2.000,0,0,10,28,6,57,0
08-02 07:44:19,10.263,19.274,68.085,0.250,0,1328620,1168828,164756,5262036,7118.934,1770.222,0,845.061,0,57.072,2680,3540,2.790,1.330,0.700,2,0,316.397,0,0,10,28,6,57,0
08-02 07:44:20,28.464,16.230,55.181,0,0,1412256,1085072,164772,5262136,20360.387,1691.872,0,395.502,0,27.965,2588,3579,2.790,1.330,0.700,2,0,278.649,0,0,10,28,6,58,0
08-02 07:44:21,41.546,6.758,47.303,4.505,0,1512264,980588,165080,5266012,11090.321,1663.849,368.409,12049.387,23.026,795.884,5786,9224,2.790,1.330,0.700,1,1,59.066,0,0,10,32,6,58,0
08-02 07:44:22,37.783,7.757,40.035,14.763,0,1467036,1020508,165948,5270176,9021.957,1621.430,0,34934.813,0,3045.686,16021,25832,2.790,1.330,0.700,3,0,85.075,0,0,10,32,6,57,0
08-02 07:44:23,43.759,6.501,44.760,5.001,0.500,1474676,1012916,166184,5269860,10118.186,1620.350,0,24125.211,0,1781.385,8490,13313,2.790,1.330,0.700,3,0,10.002,0,0,10,28,6,57,0
08-02 07:44:24,42.995,5.999,45.995,4.250,0,1482620,1004640,166356,5270020,6781.247,1619.820,0,8987.002,0,1115.876,7562,12344,2.890,1.370,0.720,1,1,4.000,0,0,10,30,6,57,0
08-02 07:44:25,38.990,8.248,44.238,7.998,0,1366824,1119888,166560,5270360,6928.150,1511.596,0,14872.029,0,1944.481,13507,22385,2.890,1.370,0.720,2,0,56.985,0,0,10,28,6,57,0
08-02 07:44:26,22.467,4.493,71.394,0.499,0,1437940,1048732,166572,5270364,7049.560,1563.684,0,7804.442,0,318.528,1739,1989,2.890,1.370,0.720,1,0,43.935,0,0,10,28,6,56,0
08-02 07:44:27,23.237,3.248,73.709,0,0.250,1398552,1088104,166576,5270376,11233.732,1693.055,0,71.960,0,8.995,1078,1296,2.890,1.370,0.720,1,0,0.999,0,0,10,28,6,56,0
08-02 07:44:28,23.762,3.502,70.787,1.001,0.250,1344432,1142156,166620,5270400,6463.342,1620.838,0,7023.631,0,364.188,2059,2942,2.890,1.370,0.720,1,0,5.003,0,0,10,32,6,56,0
08-02 07:44:29,23.464,2.746,73.888,0,0,1417512,1069076,166620,5270400,8728.758,1691.434,0,0,0,0,960,1073,2.740,1.360,0.720,1,0,1.997,0,0,10,32,6,56,0
08-02 07:44:30,22.821,2.759,73.981,0,0,1382624,1103916,166620,5270416,8081.221,1625.072,0,0,0,0,906,1018,2.740,1.360,0.720,1,0,1.003,0,0,10,32,6,56,0
08-02 07:44:31,23.947,1.497,73.588,0,0,1436468,1050016,166624,5270464,15916.967,1616.442,0,0,0,0,970,1074,2.740,1.360,0.720,1,0,1.996,0,0,10,32,6,56,0
08-02 07:44:32,22.505,3.001,74.018,0,0,1391300,1095184,166624,5270464,12352.928,1512.358,0,0,0,0,964,1070,2.740,1.360,0.720,1,0,1.000,0,0,10,32,6,56,0
08-02 07:44:33,24.315,1.504,73.698,0,0,1343800,1142592,166628,5270552,8009.546,1570.224,0,8.022,0,2.005,942,1039,2.740,1.360,0.720,1,0,3.008,0,0,10,32,6,56,0
08-02 07:44:34,22.439,2.992,74.299,0,0,1366528,1119768,166636,5270588,6801.595,1615.628,0,191.482,0,1.995,809,1078,2.600,1.360,0.730,1,0,0.997,0,0,10,32,6,56,0
08-02 07:44:35,22.502,3.250,73.007,0.250,0,1434812,1051476,166636,5270596,8046.781,1694.164,0,140.014,0,11.001,1091,1466,2.600,1.360,0.730,1,0,2.000,0,0,10,32,6,55,0
08-02 07:44:36,22.307,3.008,74.190,0,0.251,1372520,1113716,166640,5270644,10450.743,1624.156,0,2161.531,0,244.626,1113,1156,2.600,1.360,0.730,1,0,2.005,0,0,10,32,6,55,0
08-02 07:44:37,21.945,3.242,73.815,0,0,1434736,1051500,166640,5270644,9937.048,1615.942,0,0,0,0,936,1101,2.600,1.360,0.730,1,0,1.995,0,0,10,32,6,54,0
08-02 07:44:38,13.257,15.258,71.039,0,0.250,1345760,1140312,166648,5270792,9099.004,1620.891,0,352.194,0,4.002,2360,3456,2.600,1.360,0.730,2,0,304.167,0,0,10,32,6,54,0
08-02 07:44:39,9.758,18.765,70.307,0,0.500,1345976,1140056,166656,5270824,9243.450,1513.220,0,544.439,0,10.008,2862,4279,2.390,1.330,0.720,1,0,399.322,0,0,10,32,6,51,0
08-02 07:44:40,10.508,19.515,69.304,0,0,1349496,1136480,166656,5270860,41134.167,1567.226,0,264.207,0,3.002,3122,4707,2.390,1.330,0.720,1,0,444.347,0,0,10,32,6,51,0
08-02 07:44:41,15.250,12.000,71.752,0,0,1388704,1097264,166656,5270864,8316.233,1662.047,0,148.004,0,2.000,1981,2721,2.390,1.330,0.720,2,0,194.005,0,0,10,32,6,49,0
08-02 07:44:42,24.247,2.500,72.991,0.250,0.250,1449424,1036532,166668,5270864,16867.908,1619.799,0,447.944,0,17.998,1138,1225,2.390,1.330,0.720,1,0,2.000,0,0,10,32,6,49,0
08-02 07:44:43,23.452,2.994,73.849,0,0,1426228,1059732,166668,5270860,13214.909,1690.534,0,0,0,0,953,1053,2.390,1.330,0.720,1,0,2.994,0,0,10,32,6,49,0
08-02 07:44:44,23.301,3.007,73.910,0,0,1374024,1111928,166668,5270868,10364.481,1707.704,0,20.043,0,1.002,880,1003,2.280,1.330,0.720,1,0,1.002,0,0,10,32,6,49,0
08-02 07:44:45,22.750,2.500,73.749,0.250,0,1443792,1042152,166676,5270868,13024.844,1693.980,0,83.999,0,9.000,1122,1432,2.280,1.330,0.720,1,0,2.000,0,0,10,32,6,46,0
08-02 07:44:46,23.432,2.244,73.537,0,0,1399872,1086064,166684,5270868,8266.078,1581.423,0,319.077,0,24.928,906,1186,2.280,1.330,0.720,1,0,0.997,0,0,10,32,6,46,0
08-02 07:44:47,23.014,2.502,73.794,0,0,1349900,1136024,166684,5270880,7118.292,1620.977,0,12.007,0,1.001,901,1130,2.280,1.330,0.720,1,0,3.002,0,0,10,32,6,41,0
08-02 07:44:48,23.503,3.000,73.761,0,0,1422748,1063196,166684,5270860,7793.138,1640.239,0,0,0,0,1015,1256,2.280,1.330,0.720,1,0,4.001,0,0,10,32,6,41,0
08-02 07:44:49,22.293,3.507,73.643,0,0,1389488,1096448,166684,5270868,6817.246,1623.154,0,20.039,0,1.002,948,1108,2.180,1.320,0.730,1,0,1.002,0,0,10,32,6,41,0
08-02 07:44:50,22.754,2.750,74.013,0,0.250,1445924,1040000,166684,5270880,7342.300,1620.287,0,12.002,0,1.000,945,1123,2.180,1.320,0.730,1,0,2.000,0,0,10,32,6,41,0
08-02 07:44:51,26.687,5.986,67.841,0,0,1415484,1070456,166692,5270856,12623.360,1690.032,0,51.878,0,2.993,1563,2673,2.180,1.320,0.730,1,0,36.913,0,0,10,32,6,39,0
08-02 07:44:52,23.760,2.251,73.280,0,0.500,1365768,1120216,166692,5270796,10562.288,1768.718,0,1628.661,0,7.003,917,1066,2.180,1.320,0.730,1,0,1.000,0,0,10,32,6,39,0
08-02 07:44:53,22.496,3.249,73.988,0,0,1435292,1050692,166692,5270796,14843.610,1511.757,0,0,0,0,872,1109,2.180,1.320,0.730,1,0,2.000,0,0,10,32,6,39,0
08-02 07:44:54,23.000,2.250,73.749,0,0,1385008,1100900,166692,5270872,12213.780,1693.970,0,87.998,0,1.000,922,1041,2.080,1.320,0.730,1,0,1.000,0,0,10,32,6,39,0
08-02 07:44:55,23.552,3.508,73.413,0.251,0,1401292,1084608,166700,5270872,7232.091,1569.492,0,252.562,0,12.027,1133,1520,2.080,1.320,0.730,1,0,1.002,0,0,10,32,6,38,0
08-02 07:44:56,22.945,2.993,73.574,0.249,0,1358972,1126896,166708,5270896,7948.954,1616.128,0,941.744,0,141.661,1049,1217,2.080,1.320,0.730,1,0,2.993,0,0,10,32,6,38,0
08-02 07:44:57,23.047,3.507,74.153,0,0.251,1405588,1080292,166708,5270884,7719.895,1623.342,0,124.256,0,5.010,975,1122,2.080,1.320,0.730,1,0,1.002,0,0,10,32,6,28,0
08-02 07:44:58,20.736,5.746,72.701,0,0,1349024,1136832,166708,5270908,6055.894,1692.852,0,23.984,0,1.999,1246,1647,2.080,1.320,0.730,1,0,67.954,0,0,10,32,6,28,0
08-02 07:44:59,11.987,17.481,69.924,0,0.250,1365560,1120256,166712,5270944,9957.216,1604.263,0,83.909,0,6.992,2459,3613,2.080,1.320,0.730,1,0,327.645,0,0,10,32,6,23,0
08-02 07:45:00,23.248,2.500,73.745,0,0,1431704,1053920,166712,5271132,7283.519,1693.888,0,0,0,0,902,1112,2,1.310,0.730,1,0,0,0,0,10,32,6,23,0
08-02 07:45:01,22.003,3.250,74.011,0,0.500,1405964,1079616,166712,5271172,9025.282,1620.230,0,148.021,0,2.000,959,1169,2,1.310,0.730,1,0,9.001,0,0,10,32,6,18,0
08-02 07:45:02,17.535,11.022,69.891,0,0,1346296,1139212,166712,5271244,10627.425,1623.273,0,68.137,0,3.006,2111,3112,2,1.310,0.730,2,0,267.539,0,0,10,32,6,18,0
08-02 07:45:03,8.743,19.734,69.443,0,0,1347660,1137816,166712,5271272,7757.623,1606.679,0,123.898,0,5.995,2874,4314,2,1.310,0.730,1,0,397.673,0,0,10,32,6,18,0
08-02 07:45:04,9.242,21.481,69.188,0,0,1347968,1137436,166712,5271304,21328.975,1618.556,0,211.811,0,5.995,3210,4668,2,1.310,0.730,1,0,451.597,0,0,10,32,6,18,0
08-02 07:45:05,10.013,21.779,68.841,0,0,1348408,1136956,166716,5271336,10535.865,1622.135,0,1333.755,0,24.032,3436,5469,2,1.320,0.740,2,0,503.663,0,0,10,32,6,17,0
08-02 07:45:06,9.751,20.752,68.505,0.250,0.250,1347196,1138140,166716,5271360,8134.643,1694.134,0,1504.119,0,36.003,3125,4875,2,1.320,0.740,2,0,470.037,0,0,10,32,6,17,0
08-02 07:45:07,9.985,20.470,69.648,0,0,1347812,1137500,166716,5271384,12691.432,1509.791,0,898.685,0,10.984,3019,4731,2,1.320,0.740,1,0,453.337,0,0,10,32,6,15,0
08-02 07:45:08,10.263,19.024,70.090,0,0,1345144,1140136,166716,5271416,14817.010,1622.081,0,144.185,0,6.008,2884,4407,2,1.320,0.740,1,0,412.529,0,0,10,32,6,15,0
08-02 07:45:09,8.472,20.432,69.517,0,0,1348220,1137028,166716,5271448,6928.809,1688.349,0,306.973,0,8.970,3014,4430,2,1.320,0.740,2,0,443.516,0,0,10,32,6,13,0
08-02 07:45:10,41.342,26.058,31.821,0,0.501,1458240,1026744,166764,5271616,5750.796,1623.613,0,982.185,0,63.140,4068,7072,2,1.330,0.740,3,0,728.621,0,0,10,32,6,19,0
08-02 07:45:11,63.500,8.750,26.000,3.000,0.250,1614672,864792,167228,5276156,10857.946,1565.992,411.998,10375.948,5.000,872.996,5889,8891,2,1.330,0.740,5,0,39.000,0,0,10,36,6,19,0
08-02 07:45:12,39.830,9.018,39.079,13.277,0,1589064,878892,168376,5285740,7845.762,1623.261,0,53363.207,0,4203.445,19327,32248,2,1.330,0.740,4,2,150.302,0,0,10,36,6,16,0
08-02 07:45:13,37.485,9.246,36.236,16.493,0.250,1631036,825268,169012,5296304,10141.994,1619.360,0,87309.513,0,6183.557,23836,43261,2,1.330,0.740,3,0,86.966,0,0,10,37,6,17,0
08-02 07:45:14,40.741,10.748,31.243,15.247,0,1623332,824580,169544,5303908,8126.302,1511.684,0,63186.794,0,4835.989,18984,36968,2,1.330,0.740,6,0,102.978,0,0,10,36,6,16,0
08-02 07:45:15,44.511,13.253,28.757,12.253,0,1560684,878988,169752,5312000,19236.867,1620.410,364.092,51917.135,6.002,3691.934,17872,34888,2.240,1.400,0.770,10,1,280.071,0,0,10,35,6,17,0
08-02 07:45:16,39.768,15.507,28.513,13.506,0,1534736,898280,170096,5317560,9504.277,1768.796,692.312,47658.446,10.005,3625.632,18801,34936,2.240,1.400,0.770,2,1,146.066,0,0,10,34,6,16,0
08-02 07:45:17,42.202,11.986,34.211,11.487,0.250,1559696,869532,170544,5320812,7964.944,1618.160,910.964,40557.886,10.988,3501.019,16228,30211,2.240,1.400,0.770,3,0,156.822,0,0,10,35,6,17,0
08-02 07:45:18,33.285,8.509,44.046,12.763,0,1503084,924316,170904,5322200,7075.408,1621.698,0,36322.029,0,3254.407,18230,32573,2.240,1.400,0.770,2,1,81.085,0,0,10,34,6,18,0
08-02 07:45:19,37.919,5.987,40.912,14.219,0.249,1560540,865600,171108,5323240,7539.827,1562.648,0,38365.706,0,3453.592,15330,26590,2.240,1.400,0.770,1,1,39.914,0,0,10,34,6,18,0
08-02 07:45:20,36.066,8.265,41.576,12.773,0.250,1560516,864592,171268,5324076,7601.866,1622.960,0,38153.592,0,3388.180,17575,34685,2.300,1.420,0.780,2,1,12.022,0,0,10,35,6,20,0
08-02 07:45:21,41.446,6.491,43.942,6.991,0,1552740,870444,171392,5325828,7843.693,1551.961,0,25290.768,0,2555.642,12892,22091,2.300,1.420,0.780,5,1,62.917,0,0,10,34,6,21,0
08-02 07:45:22,36.201,7.240,40.945,11.984,0,1558324,862380,171524,5328140,10841.375,1617.818,0,32408.281,0,3010.938,16211,32442,2.300,1.420,0.780,3,1,38.947,0,0,10,37,6,23,0
08-02 07:45:23,35.883,8.783,42.909,11.292,0,1529724,888676,171592,5330304,6666.687,1700.296,0,34897.224,0,2890.704,13816,27301,2.300,1.420,0.780,3,0,76.282,0,0,10,36,6,26,0
08-02 07:45:24,35.203,6.991,43.193,14.231,0,1560268,854976,171772,5333156,6583.257,1617.851,0,38377.035,0,3545.292,15513,31274,2.300,1.420,0.780,3,0,32.956,0,0,10,36,6,28,0
08-02 07:45:25,33.754,9.501,42.505,14.502,0.250,1558396,853552,171980,5336164,9839.230,1620.203,0,38808.851,0,3298.412,13607,27051,2.350,1.450,0.790,1,1,115.014,0,0,10,36,6,28,0
08-02 07:45:26,35.790,9.260,41.046,13.015,0,1537968,871528,172124,5338416,18508.711,1621.815,0,35399.612,0,3071.437,13842,27765,2.350,1.450,0.790,4,1,93.104,0,0,10,36,5,28,0
08-02 07:45:27,36.971,10.242,39.220,14.239,0,1508060,906832,172252,5332880,10809.644,1456.874,0,47131.567,0,4063.859,15941,34333,2.350,1.450,0.790,2,1,43.966,0,0,10,36,5,29,0
08-02 07:45:28,39.005,9.001,45.256,5.501,0,1453392,960884,172288,5333460,7514.969,1662.214,0,9033.165,0,1084.140,5479,11235,2.350,1.450,0.790,2,0,150.019,0,0,10,32,5,30,0
08-02 07:45:29,16.995,15.246,64.983,1.999,0.500,1386108,1027928,172300,5333680,15895.788,1619.571,0,9497.483,0,574.848,4485,7950,2.350,1.450,0.790,4,0,325.914,0,0,10,32,5,31,0
08-02 07:45:30,24.246,21.246,53.241,0.750,0,1440560,973308,172320,5333828,10222.283,1619.728,0,2071.652,0,133.977,3938,6358,2.330,1.460,0.800,3,0,551.907,0,0,10,32,5,37,0
08-02 07:45:31,66.618,9.232,23.703,0.250,0.250,1622096,790384,172372,5335072,6968.189,1616.796,0,1089.840,0,61.877,1495,1546,2.330,1.460,0.800,3,0,2.994,0,0,10,32,5,37,0
08-02 07:45:32,64.648,6.264,26.561,2.005,0,1767824,639544,172584,5339436,9142.937,1623.718,0,10824.789,0,698.600,4464,6050,2.330,1.460,0.800,5,1,18.041,0,0,10,38,5,37,0
08-02 07:45:33,26.754,8.501,43.757,19.503,0,1766540,629476,172712,5350332,6348.946,1620.241,0,76163.348,0,5692.848,25454,41855,2.330,1.460,0.800,5,1,201.030,0,0,10,38,5,37,0
08-02 07:45:34,24.745,6.999,46.491,19.996,0,1771664,612604,172868,5361560,7482.601,1531.714,0,72062.524,0,5613.950,25542,42013,2.330,1.460,0.800,1,1,194.964,0,0,10,38,5,37,0
08-02 07:45:35,38.752,9.501,33.502,18.751,0,1673360,700836,173040,5371160,6562.367,1694.095,0,65511.669,0,4955.277,21918,36592,2.540,1.520,0.820,5,1,204.011,0,0,10,36,5,37,0
08-02 07:45:36,40.254,9.251,30.753,19.002,0,1736744,628832,173156,5379344,15611.421,1620.147,0,70902.452,0,5302.483,21300,36347,2.540,1.520,0.820,5,0,139.013,0,0,10,36,5,37,0
08-02 07:45:37,46.490,8.748,29.744,12.247,0.250,1661220,696992,173220,5386428,15992.610,1693.641,0,57707.766,0,4032.145,16102,29145,2.540,1.520,0.820,2,1,92.980,0,0,10,36,5,37,0
08-02 07:45:38,17.752,9.001,50.755,21.502,0.250,1656892,690760,173308,5396392,9192.919,1620.162,0,82344.234,0,5873.587,23766,40355,2.540,1.520,0.820,0,2,20.002,0,0,10,36,5,37,0
08-02 07:45:39,37.397,4.737,45.874,11.718,0.249,1522880,821124,173408,5399832,7142.380,1615.562,0,43009.852,0,3447.530,15840,25471,2.540,1.520,0.820,2,0,25.929,0,0,10,32,5,37,0
08-02 07:45:40,18.040,12.528,67.401,1.754,0.251,1432208,911756,173420,5399852,8058.074,1623.642,0,7564.968,0,479.075,3143,4887,2.580,1.540,0.830,1,0,248.558,0,0,10,32,5,37,0
08-02 07:45:41,23.703,2.495,72.854,0.499,0,1501492,842472,173420,5399852,7991.992,1528.938,0,1157.681,0,83.832,1232,1633,2.580,1.540,0.830,1,0,0,0,0,10,32,5,37,0
08-02 07:45:42,23.248,3.500,71.993,1.000,0,1414600,929352,173420,5399860,9756.995,1845.810,0,4523.534,0,270.972,2020,3095,2.580,1.540,0.830,2,0,26.997,0,0,10,32,6,37,0
08-02 07:45:43,23.759,2.751,73.027,0.250,0,1481544,862404,173420,5399864,19239.022,1736.634,0,4245.550,0,166.061,1231,1133,2.580,1.540,0.830,1,0,1.000,0,0,10,32,6,37,0
08-02 07:45:44,21.301,5.764,71.420,0.501,0,1403532,940388,173424,5399880,7678.259,1665.962,0,781.859,0,55.131,1714,2530,2.580,1.540,0.830,2,0,102.243,0,0,10,32,6,37,0
08-02 07:45:45,14.487,32.971,51.455,0,0,1406736,937108,173424,5399956,7031.826,1692.514,0,243.786,0,25.977,5357,8971,2.450,1.530,0.830,1,0,1200.946,0,0,10,32,6,37,0
08-02 07:45:46,9.761,20.523,68.577,0,0,1406232,937556,173424,5400012,8415.434,1621.818,0,232.260,0,20.022,2978,4229,2.450,1.530,0.830,1,0,444.498,0,0,10,32,6,37,0
08-02 07:45:47,10.482,16.970,71.125,0,0,1408648,935076,173424,5400052,10950.749,1701.010,0,99.825,0,7.986,2711,3918,2.450,1.530,0.830,1,0,343.396,0,0,10,32,6,37,0
08-02 07:45:48,13.505,17.006,69.026,0,0.250,1407172,936500,173424,5400080,21744.154,1458.547,0,76.029,0,12.005,2872,4372,2.450,1.530,0.830,1,0,377.141,0,0,10,32,6,37,0
08-02 07:45:49,25.529,15.017,58.066,0,0.501,1443372,900172,173428,5400556,9312.644,1770.023,0,32.037,0,3.003,3816,8296,2.450,1.530,0.830,2,0,222.254,0,0,10,33,6,37,0
08-02 07:45:50,44.991,5.249,49.240,0,0,1555140,788240,173432,5400676,11442.677,1735.648,0,47.990,0,2.000,1197,1146,2.500,1.560,0.840,2,0,0,0,0,10,33,6,37,0
08-02 07:45:51,52.509,6.751,40.757,0,0,1603392,736948,173480,5403412,6607.150,1620.282,84.015,696.121,1.000,113.020,1838,15262,2.500,1.560,0.840,4,0,34.006,0,0,10,33,6,38,0
08-02 07:45:52,29.926,10.973,58.855,0,0,1650092,689852,173488,5403720,9783.824,1616.007,0,690.294,0,28.929,2620,4196,2.500,1.560,0.840,1,0,179.556,0,0,10,48,6,38,0
08-02 07:45:53,12.496,5.498,80.977,0.250,0.250,1670412,669504,173488,5403740,7567.805,2026.412,0,4586.670,0,246.928,1799,1908,2.500,1.560,0.840,1,0,81.976,0,0,10,49,6,37,0
08-02 07:45:54,1.000,0.750,96.256,1.000,0,1670372,669504,173496,5403772,41144.592,3066.193,0,7644.482,0,383.024,1388,2693,2.500,1.560,0.840,0,0,0,0,0,10,49,6,37,0
08-02 07:45:55,1.000,0.500,96.732,0.500,0,1670504,669252,173496,5403892,155242.659,4679.116,0,2043.614,0,107.980,1001,1524,2.300,1.530,0.840,1,0,0,0,0,10,49,6,37,0
08-02 07:45:56,18.242,9.246,70.220,2.249,0,1678388,659648,173600,5405248,8410.375,1697.268,3.998,6193.331,1.000,386.833,3045,4051,2.300,1.530,0.840,1,0,69.970,0,0,10,48,6,38,0
08-02 07:45:57,15.796,9.277,73.713,1.254,0.501,1710356,580996,173612,5449976,7678.236,1773.135,64.186,4589.291,4.012,132.383,2134,2667,2.300,1.530,0.840,1,0,49.142,0,0,10,48,6,38,0
08-02 07:45:58,19.949,5.985,73.314,0,0,1703128,588208,173612,5449980,10507.353,1615.902,0,0,0,0,1468,1602,2.300,1.530,0.840,1,0,51.868,0,0,10,48,6,38,0
08-02 07:45:59,20.763,4.503,73.545,0,0,1718656,572700,173612,5449980,10684.603,1715.060,0,0,0,0,1250,1251,2.300,1.530,0.840,1,0,18.011,0,0,10,48,6,38,0
08-02 07:46:00,14.997,12.248,72.737,0,0,1659208,677196,173616,5405536,12113.880,1619.717,99.983,19.997,2.999,2.999,2041,2754,2.190,1.520,0.840,2,0,185.967,0,0,10,48,6,38,0
08-02 07:46:01,15.498,13.499,69.242,0,0.250,1663340,672888,173616,5405556,11650.730,1619.823,0,0,0,0,3371,8592,2.190,1.520,0.840,0,0,192.979,0,0,10,48,6,38,0
08-02 07:46:02,0.500,0.250,98.272,0,0,1663340,672888,173616,5405556,14675.273,1512.337,0,228.051,0,2.000,713,909,2.190,1.520,0.840,0,0,3.001,0,0,10,48,6,38,0
08-02 07:46:03,0.750,0.750,96.948,0.999,0.250,1663564,672664,173616,5405556,19599.534,1619.135,0,2886.459,0,198.894,1351,1107,2.190,1.520,0.840,0,0,3.998,0,0,10,48,6,38,0
08-02 07:46:04,1.000,0.750,98.259,0.250,0,1663564,672664,173616,5405556,14839.336,1566.141,0,368.033,0,31.003,959,1403,2.190,1.520,0.840,0,0,2.000,0,0,10,48,6,38,0
08-02 07:46:05,0.750,0.250,97.756,0,0,1662780,673448,173616,5405552,11918.751,1620.102,0,28.002,0,4.000,784,997,2.020,1.500,0.840,0,0,1.000,0,0,10,48,6,38,0
08-02 07:46:06,14.253,14.253,70.015,0,0.250,1642500,693568,173616,5406036,8897.966,1694.374,0,0,0,0,3086,7905,2.020,1.500,0.840,1,0,218.048,0,0,10,48,6,38,0
08-02 07:46:07,12.007,11.507,74.795,0,0.250,1639784,696176,173616,5405700,8993.351,1620.964,0,4.002,0,1.001,2832,4427,2.020,1.500,0.840,2,0,260.155,0,0,11,48,6,38,0
08-02 07:46:08,19.027,15.021,65.092,0,0.250,1643172,692672,173616,5405748,7238.235,1860.631,0,300.425,0,3.004,4933,10545,2.020,1.500,0.840,1,0,243.344,0,0,11,48,6,38,0
08-02 07:46:09,5.188,5.682,86.961,0,0,1637156,698656,173616,5405740,7247.372,1494.141,0,268.787,0,14.823,1693,2591,2.020,1.500,0.840,1,0,141.311,0,0,11,48,6,38,0
08-02 07:46:10,14.647,16.414,67.930,0,0.253,1644144,691648,173616,5406152,14901.251,1636.390,0,4.040,0,1.010,4286,7404,1.850,1.470,0.830,1,0,214.145,0,0,13,50,6,38,0
08-02 07:46:11,10.768,14.024,74.377,0,0,1643304,692444,173616,5405820,21204.068,1568.668,0,16.027,0,3.005,2724,5757,1.850,1.470,0.830,1,0,246.419,0,0,13,50,6,33,0
08-02 07:46:12,10.484,19.720,69.396,0.250,0,1643888,691832,173616,5405852,12517.212,1617.572,0,523.215,0,27.958,3051,4586,1.850,1.470,0.830,1,0,368.447,0,0,13,50,6,33,0
08-02 07:46:13,21.299,16.788,61.140,0,0,1665972,669524,173620,5406004,8469.352,1665.806,0,16.037,0,2.005,3050,9399,1.850,1.470,0.830,2,0,274.628,0,0,13,50,6,32,0
08-02 07:46:14,37.171,14.220,47.149,0.249,0,1736320,598968,173628,5406248,7965.019,1690.396,0,3336.886,0,368.215,4026,9409,1.850,1.470,0.830,1,0,221.528,0,0,13,50,6,32,0
08-02 07:46:15,24.993,5.249,69.732,0,0.250,1804924,529512,173676,5407020,7951.909,1693.555,31.992,423.889,1.999,9.997,1560,3019,1.790,1.460,0.830,1,0,9.997,0,0,13,58,6,33,0
08-02 07:46:16,22.053,4.010,72.924,0,0.251,1855868,478376,173680,5407208,7930.939,1589.796,0,112.268,0,5.012,1032,1233,1.790,1.460,0.830,2,0,5.012,0,0,13,58,6,33,0
08-02 07:46:17,6.986,1.746,92.311,0,0.249,1868608,465272,173680,5407572,7686.251,1616.687,0,0,0,0,1071,2612,1.790,1.460,0.830,0,0,3.992,0,0,13,58,6,32,0
08-02 07:46:18,0,0.999,97.948,0,0,1869084,464796,173680,5407572,6724.449,1729.087,0,723.618,0,1.999,691,1030,1.790,1.460,0.830,1,0,2.998,0,0,13,58,6,32,0
08-02 07:46:19,13.524,13.273,70.875,0.501,0,1870240,463496,173680,5408044,8609.152,1664.930,0,1686.969,0,215.379,4640,9835,1.790,1.460,0.830,3,0,216.381,0,0,13,56,6,28,2
08-02 07:46:20,12.744,12.244,72.964,0,0.250,1867184,466500,173680,5408060,12643.817,1619.208,0,99.951,0,2.999,3873,7332,1.720,1.460,0.830,0,0,235.885,0,0,13,56,6,29,2
08-02 07:46:21,19.510,15.008,64.284,0,0,1875024,458580,173680,5407724,24467.016,1736.924,0,144.077,0,3.002,5973,9584,1.720,1.460,0.830,0,0,174.093,0,0,12,56,6,26,2
08-02 07:46:22,19.463,16.469,63.628,0,0,1878320,455244,173680,5408124,21387.108,1698.752,0,15.969,0,2.994,5058,10724,1.720,1.460,0.830,1,0,322.384,0,0,13,52,6,28,4
08-02 07:46:23,11.744,7.246,79.958,0,0,1877280,456132,173680,5407876,12633.405,1619.155,0,0,0,0,2720,4776,1.720,1.460,0.830,0,0,40.979,0,0,13,58,6,21,4
08-02 07:46:24,27.075,15.794,55.905,0.501,0,1693980,639332,173680,5407980,7558.984,1698.716,80.223,2964.229,3.008,190.529,3159,4566,1.720,1.460,0.830,2,0,391.086,0,0,13,50,6,27,0
08-02 07:46:25,33.935,20.461,44.664,0,0.250,1748664,584252,173680,5408720,9479.837,1616.902,0,483.074,0,10.979,3381,6812,1.660,1.450,0.830,4,0,508.027,0,0,13,52,6,26,0
08-02 07:46:26,45.097,16.285,37.330,0,0.251,1860832,471988,173684,5408440,6089.067,1569.368,0,244.525,0,2.004,3768,9046,1.660,1.450,0.830,2,0,247.531,0,0,13,58,6,29,0
08-02 07:46:27,35.665,6.235,57.363,0,0.499,1962860,369200,173700,5409180,6705.979,1616.139,0,11.971,0,2.993,1232,2946,1.660,1.450,0.830,2,0,3.990,0,0,13,58,6,28,0
08-02 07:46:28,23.002,3.750,73.006,0.250,0,2002180,327436,174040,5411004,7272.560,1784.137,152.012,0,38.003,0,1154,1912,1.660,1.450,0.830,2,0,7.001,0,0,13,60,6,28,0
08-02 07:46:29,23.831,5.268,57.445,11.539,0,2003548,311068,174084,5425868,6423.828,1517.155,0,75685.178,0,2725.260,15227,24721,1.660,1.450,0.830,2,1,4.014,0,0,13,60,6,26,0
08-02 07:46:30,36.965,10.990,43.959,6.993,0,2165936,140812,174212,5433128,7417.028,1692.409,0,12164.565,0,1124.943,10130,22606,1.930,1.510,0.860,3,0,36.965,0,0,14,85,6,37,0
08-02 07:46:31,12.749,18.749,66.745,0.250,0,2179028,127468,174212,5433356,6559.475,1619.870,0,1303.896,0,76.994,3679,6280,1.930,1.510,0.860,1,0,465.963,0,0,14,85,6,31,0
08-02 07:46:32,13.218,17.458,65.593,1.496,0,2150156,160840,174212,5429260,14104.291,1616.137,127.695,13499.736,1.995,781.133,5085,6542,1.930,1.510,0.860,1,0,335.199,0,0,14,85,6,31,0
08-02 07:46:33,32.210,13.234,52.685,1.498,0,2215756,123188,172264,5404356,11667.521,1617.992,795.013,5193.555,33.958,379.529,3918,9382,1.930,1.510,0.860,2,0,160.800,0,0,14,86,6,31,0
08-02 07:46:34,41.623,9.027,48.393,0.251,0.251,2302212,139564,169940,5304380,16107.436,1570.625,2976.767,894.635,45.133,53.157,2024,2762,1.930,1.510,0.860,2,0,16.047,0,0,14,89,6,32,0
08-02 07:46:35,9.477,17.707,71.328,0,0.499,2317788,124024,169940,5304508,16133.151,1616.108,203.510,718.270,4.988,41.899,2853,4148,1.780,1.480,0.850,1,0,303.270,0,0,14,89,6,32,0
08-02 07:46:36,8.510,18.522,71.334,0,0,2314604,129160,169820,5302732,7112.400,1513.788,0,124.147,0,12.014,2683,3842,1.780,1.480,0.850,2,0,298.352,0,0,14,89,6,32,0
08-02 07:46:37,10.010,17.017,71.322,0.250,0,2320220,128360,169616,5298144,15013.223,1695.719,4.004,36.037,1.001,4.004,2832,4034,1.780,1.480,0.850,1,0,348.353,0,0,14,89,6,32,0
08-02 07:46:38,21.487,5.247,71.455,0.999,0.250,2374008,131800,169372,5241876,12298.326,1708.934,5328.675,0,163.898,0,1392,2087,1.780,1.480,0.850,1,0,27.983,0,0,14,90,6,32,0
08-02 07:46:39,21.716,5.741,71.139,0,0.250,2353820,151704,169376,5242168,8788.238,1617.467,275.568,7.987,17.972,1.997,2261,3473,1.780,1.480,0.850,2,0,62.901,0,0,14,91,6,33,0
08-02 07:46:40,26.075,5.265,67.696,1.003,0,2410648,129108,168808,5209068,7644.091,1698.910,433.252,3112.997,39.113,347.003,2748,3672,1.710,1.470,0.850,2,0,8.023,0,0,14,111,6,33,0
08-02 07:46:41,27.428,6.732,62.586,0.997,0.249,2378824,192972,168656,5177764,10189.223,1561.895,797.903,3837.914,123.675,311.182,3947,7154,1.710,1.470,0.850,1,0,73.806,0,0,14,112,6,35,0
08-02 07:46:42,21.304,4.261,73.436,0,0,2439200,132492,168680,5177844,8780.249,1666.222,24.061,388.986,6.015,24.061,1444,2113,1.710,1.470,0.850,1,0,39.099,0,0,14,112,6,36,0
08-02 07:46:43,25.681,3.241,68.316,0.997,0,2471620,124736,168452,5153892,8207.863,1549.820,31.914,2696.727,6.981,357.037,3307,5320,1.710,1.470,0.850,2,0,1.995,0,0,14,115,6,38,0
08-02 07:46:44,20.753,7.251,72.012,0.250,0.250,2468524,127816,168456,5153904,10743.751,1620.264,116.019,400.065,9.001,35.006,1620,2260,1.710,1.470,0.850,3,0,92.015,0,0,14,119,6,38,0
08-02 07:46:45,21.748,5.000,72.494,0,0,2456652,139428,168456,5154164,14926.746,1619.864,7.999,271.977,2.000,15.999,1518,2030,1.660,1.470,0.850,4,0,54.995,0,0,14,119,6,39,0
08-02 07:46:46,21.251,6.250,72.002,0.250,0,2439680,171972,168068,5139344,14754.428,1694.049,16.000,1236.036,4.000,181.005,1681,2171,1.660,1.470,0.850,2,0,51.001,0,0,14,119,6,40,0
08-02 07:46:47,23.032,2.754,72.600,0.501,0.250,2483468,128136,168068,5139392,7842.847,1738.404,8.011,532.737,2.003,54.075,1545,2509,1.660,1.470,0.850,2,0,0,0,0,14,121,6,40,0
08-02 07:46:48,19.977,6.742,72.416,0,0.250,2471148,140312,168068,5139536,6736.179,1618.121,127.852,435.494,0.999,42.950,1717,2524,1.660,1.470,0.850,1,0,83.903,0,0,14,119,6,41,0
08-02 07:46:49,21.742,6.498,71.223,0.750,0,2461232,149376,168072,5140384,5905.785,1457.453,823.691,2387.105,137.948,141.947,1941,2862,1.660,1.470,0.850,2,0,54.979,0,0,14,119,6,42,0
08-02 07:46:50,25.733,3.997,68.704,0.999,0,2491212,119148,168072,5140632,7289.073,1618.906,7.995,1435.030,1.999,194.868,2912,5102,1.600,1.460,0.850,3,0,0,0,0,14,121,6,42,0
08-02 07:46:51,26.584,8.276,64.203,1.003,0,2486528,131324,168028,5133308,8011.380,1625.148,20.064,3398.767,3.010,335.061,3268,5424,1.600,1.460,0.850,1,0,88.280,0,0,14,121,6,44,0
08-02 07:46:52,25.503,3.250,70.759,0.750,0.250,2503696,128932,167984,5118940,8251.089,1620.214,0,1420.187,0,188.025,2603,4013,1.600,1.460,0.850,1,0,0,0,0,14,123,6,43,0
08-02 07:46:53,33.000,1.500,62.250,0.500,0,2459924,187088,167956,5104940,8642.017,1694.003,0,2068.004,0,263.001,3480,5551,1.600,1.460,0.850,1,0,1.000,0,0,14,123,6,44,0
08-02 07:46:54,21.197,5.486,72.568,0.499,0,2523616,123388,167960,5104944,8007.924,1615.949,3.990,514.710,0.997,30.922,1470,2106,1.600,1.460,0.850,1,0,68.827,0,0,14,123,6,44,0
08-02 07:46:55,21.301,7.267,70.169,0.752,0.501,2482104,164796,167960,5105048,6789.315,1623.902,36.087,1515.642,1.002,144.347,2986,4816,1.560,1.450,0.860,1,0,147.354,0,0,14,123,6,45,0
08-02 07:46:56,25.713,1.747,72.145,0.250,0,2514976,131784,167960,5105188,16847.470,1509.802,0,794.843,0,52.923,1610,2229,1.560,1.450,0.860,1,0,0,0,0,14,125,5,44,0
08-02 07:46:57,28.554,3.006,66.375,0.751,0,2525536,119448,167984,5106940,10964.723,1568.965,1795.393,1318.492,74.140,129.244,3048,5139,1.560,1.450,0.860,6,0,2.004,0,0,14,125,5,44,0
08-02 07:46:58,42.392,11.471,43.639,1.496,0,2499456,157356,167964,5095472,8808.617,2032.835,2517.603,3167.950,92.764,363.077,5366,9031,1.560,1.450,0.860,3,0,288.268,0,0,14,123,5,45,0
08-02 07:46:59,26.288,4.256,68.849,0,0.250,2483008,173224,167964,5096052,7684.057,1802.594,564.813,580.836,5.007,45.065,1844,2867,1.560,1.450,0.860,2,0,32.046,0,0,14,123,5,46,0
08-02 07:47:00,9.753,20.757,66.774,1.250,0,2494084,161968,168100,5096096,8775.106,1870.662,140.050,5449.929,5.002,325.115,3866,6268,1.430,1.430,0.850,1,0,357.126,0,0,14,123,5,46,0
08-02 07:47:01,13.761,15.262,68.304,0.250,0,2503240,152512,168100,5096772,8636.849,1621.286,308.244,244.194,21.017,14.011,4679,10407,1.430,1.430,0.850,3,0,281.223,0,0,14,123,5,46,0
08-02 07:47:02,27.499,20.249,52.747,0,0,2517036,139596,168084,5095580,9851.468,1693.909,4.000,2535.863,1.000,342.981,4545,8188,1.430,1.430,0.850,2,0,395.979,0,0,14,123,5,46,0
08-02 07:47:03,33.517,20.510,43.522,0.250,0.250,2580800,122516,168028,5050316,7001.557,1820.925,444.226,2181.108,25.013,346.176,4054,8053,1.430,1.430,0.850,2,0,414.210,0,0,14,129,5,46,0
08-02 07:47:04,41.230,21.240,34.484,1.999,0,2676444,131448,167740,4948568,10135.155,1527.270,2898.614,9479.469,83.960,1426.318,8552,13745,1.430,1.430,0.850,3,0,364.826,0,0,16,135,5,46,0
08-02 07:47:05,55.887,22.455,21.457,0.249,0.499,2785220,139536,167508,4834732,7710.463,1690.593,491.011,279.437,22.954,19.960,4080,7862,1.560,1.450,0.860,3,0,516.958,0,0,16,135,5,46,0
08-02 07:47:06,53.884,19.369,24.335,0,0,2861336,120848,167160,4778784,8730.753,1609.081,83.434,230.436,3.973,15.892,6435,19390,1.560,1.450,0.860,4,0,286.059,0,0,16,151,5,46,0
08-02 07:47:07,31.473,26.438,41.545,0,0,2913104,128892,167036,4719744,15763.829,1631.574,44.314,459.258,7.050,15.107,3316,5588,1.560,1.450,0.860,2,0,441.129,0,0,16,151,5,46,0
08-02 07:47:08,14.735,19.480,64.434,0,0.250,2933284,121728,167040,4707432,15022.677,1708.258,0,267.727,0,19.980,3391,5865,1.560,1.450,0.860,3,0,382.610,0,0,17,151,5,46,0
08-02 07:47:09,25.032,14.769,58.325,0.501,0,2952696,131468,167028,4678660,6404.185,1696.168,1417.812,384.491,79.101,27.035,4489,10703,1.560,1.450,0.860,2,0,228.292,0,0,17,153,5,46,0
08-02 07:47:10,32.775,20.766,44.284,0.751,0,3011960,131548,167016,4620492,7605.879,1621.253,144.111,7233.592,3.002,579.448,4004,6363,1.590,1.460,0.870,2,0,481.372,0,0,17,153,5,46,0
08-02 07:47:11,40.775,18.011,40.274,0.500,0,3115932,128000,166988,4522136,6441.891,1691.021,956.578,292.176,44.027,21.013,6771,17863,1.590,1.460,0.870,2,0,181.109,0,0,17,165,5,46,0
08-02 07:47:12,31.761,22.007,44.265,0.250,0.250,3172084,131748,166996,4463540,11113.690,1684.559,280.093,512.170,21.007,27.009,4387,7720,1.590,1.460,0.870,2,0,733.243,0,0,17,165,6,45,0
08-02 07:47:13,25.709,22.713,50.419,0,0,3241772,127528,166996,4399896,7813.444,1691.282,0,583.063,0,39.936,5414,14140,1.590,1.460,0.870,2,0,531.146,0,0,17,173,6,45,0
08-02 07:47:14,17.235,14.987,65.193,0,0,3252084,128744,166996,4388632,10147.192,1618.595,267.768,471.591,17.984,30.973,5183,11322,1.590,1.460,0.870,2,0,225.804,0,0,17,177,6,45,0
08-02 07:47:15,38.595,11.278,50.374,0.251,0.251,3351380,129048,166996,4291156,8422.754,1698.184,208.514,264.652,13.032,18.044,2410,4418,1.540,1.450,0.870,2,0,117.289,0,0,17,177,6,45,0
08-02 07:47:16,45.601,6.977,46.597,0.498,0,3457376,124352,167128,4191556,8119.425,1614.715,1658.571,578.108,45.850,35.883,1803,2373,1.540,1.450,0.870,4,0,1.993,0,0,17,177,6,41,0
08-02 07:47:17,43.402,19.820,34.872,0.502,0,3456220,156300,167164,4161596,7215.326,1699.967,2785.778,481.691,47.166,24.085,5749,14646,1.540,1.450,0.870,3,0,438.539,0,0,17,183,6,41,0
08-02 07:47:18,46.748,28.249,24.999,0,0.500,3417016,191572,167176,4165488,13323.547,1619.945,23.999,751.974,3.000,52.998,5939,12182,1.540,1.450,0.870,3,0,575.980,0,0,17,193,6,42,0
08-02 07:47:19,52.473,18.740,25.987,0.250,0,3521856,127972,167176,4125560,13978.773,1675.134,75.961,751.611,1.999,50.974,6183,12019,1.540,1.450,0.870,6,0,219.886,0,0,17,204,6,43,0
08-02 07:47:20,81.728,14.996,2.249,0,0,3621372,119996,167180,4035764,7450.011,1565.582,1171.687,2131.431,28.992,51.986,2949,6158,1.820,1.510,0.890,5,0,74.980,0,0,17,212,6,43,0
08-02 07:47:21,73.252,17.500,8.250,0,0.250,3640056,146920,167264,3991172,6394.134,1736.036,268.006,22796.479,5.000,816.017,5464,16097,1.820,1.510,0.890,6,0,59.001,0,0,17,224,6,44,0
08-02 07:47:22,60.195,19.232,18.733,0.250,0.250,3661020,153568,167268,3964332,7618.975,1660.469,551.492,2126.040,31.971,195.819,7603,46681,1.820,1.510,0.890,2,0,241.777,0,0,17,226,6,51,0
08-02 07:47:23,34.781,19.267,44.790,0.500,0,3648572,188008,167268,3943036,5963.266,1621.432,60.053,788.696,5.004,59.052,4559,9256,1.820,1.510,0.890,2,0,388.343,0,0,17,228,6,50,0
08-02 07:47:24,43.756,18.753,35.755,0.250,0,3725928,129680,167268,3924228,10173.363,1620.217,56.008,716.096,1.000,47.006,4633,11232,1.820,1.510,0.890,3,0,322.043,0,0,17,228,6,51,0
08-02 07:47:25,57.475,20.991,21.241,0,0.250,3788396,121856,167268,3871344,8938.112,1619.296,0,451.803,0,31.986,4822,8355,1.920,1.540,0.900,3,0,386.832,0,0,17,228,6,46,0
08-02 07:47:26,59.520,20.257,18.256,0,0,3826576,126380,167364,3829100,6512.227,1662.569,456.156,1816.621,32.011,58.020,5319,15406,1.920,1.540,0.900,5,0,461.158,0,0,17,236,6,48,0
08-02 07:47:27,56.004,20.501,22.752,1.000,0,3870144,127176,167372,3786248,10302.742,1730.125,52.004,18273.316,4.000,848.061,7677,12652,1.920,1.540,0.900,5,0,272.020,0,0,17,238,6,46,0
08-02 07:47:28,59.993,16.998,20.748,0.750,0.500,3943480,132188,167372,3708048,9784.885,1565.821,575.934,707.919,52.994,53.994,5544,11503,1.920,1.540,0.900,4,0,179.979,0,0,17,244,6,46,0
08-02 07:47:29,66.021,10.253,23.007,0.250,0.250,4004492,172028,167388,3608360,12840.160,1710.554,356.115,780.253,20.006,61.020,2875,4256,1.920,1.540,0.900,4,0,9.003,0,0,17,253,6,49,0
08-02 07:47:30,51.457,21.732,25.229,0.250,0,4037612,146616,167388,3600756,16164.438,1618.642,843.292,803.326,22.981,70.940,4595,9168,2,1.560,0.920,4,0,345.710,0,0,17,255,6,53,0
08-02 07:47:31,46.460,24.229,28.226,0.999,0,4048980,132732,167736,3602904,7211.827,1618.614,4620.045,1497.718,78.932,78.932,4932,8603,2,1.560,0.920,5,0,487.583,0,0,17,254,6,42,0
08-02 07:47:32,54.109,18.788,24.800,0.251,0.251,4039084,169880,167740,3576524,8841.799,1623.268,801.614,1166.348,8.016,62.125,6552,12942,2,1.560,0.920,4,0,268.541,0,0,18,256,6,43,0
08-02 07:47:33,60.988,11.700,26.138,0,0,4145144,134252,167740,3507668,8264.471,1613.065,768.695,585.483,6.970,18.919,2084,2642,2,1.560,0.920,3,0,19.914,0,0,18,259,6,43,0
08-02 07:47:34,57.209,15.055,27.099,0.502,0,4208908,120428,167792,3458932,9534.764,1591.804,1015.703,10261.413,9.033,854.114,5404,9796,2,1.560,0.920,2,0,177.648,0,0,18,256,6,44,0
08-02 07:47:35,19.993,7.747,71.974,0,0.500,4210100,120616,167800,3457544,15485.332,2554.065,871.681,235.914,13.995,14.995,1980,3062,2.080,1.590,0.930,1,0,54.980,0,0,18,259,6,43,0
08-02 07:47:36,18.688,5.482,73.505,0,0.249,4205348,142280,167808,3440996,9722.633,2350.176,1056.483,115.615,11.960,11.960,1845,2745,2.080,1.590,0.930,1,0,10.964,0,0,18,262,6,43,0
08-02 07:47:37,20.251,6.500,72.753,0.250,0,4226156,138584,167808,3424164,10735.408,2665.101,768.029,108.004,6.000,12.000,1917,3739,2.080,1.590,0.930,3,0,11.000,0,0,18,267,6,43,0
08-02 07:47:38,8.747,3.249,86.220,0.250,0,4225684,139044,167808,3424176,24895.361,2971.969,255.911,1427.505,1.999,114.960,2061,3296,2.080,1.590,0.930,1,0,4.998,0,0,18,269,6,43,0
08-02 07:47:39,3.249,1.000,94.978,0.250,0,4226020,138596,167808,3424288,65069.034,3076.292,47.989,979.775,5.999,40.991,1407,2324,2.080,1.590,0.930,0,0,1.000,0,0,18,270,6,42,0
08-02 07:47:40,3.500,1.500,93.492,1.000,0,4226456,137252,167808,3425196,966275.732,10529.147,0,1583.872,0,99.992,1742,2410,1.920,1.560,0.920,0,0,2.000,0,0,18,274,6,42,0
08-02 07:47:41,4.750,1.500,92.490,0,0.250,4226224,133892,167808,3428788,3744660.555,29678.913,0,43.995,0,4.000,2377,2255,1.920,1.560,0.920,0,0,0,0,0,18,274,6,42,0
08-02 07:47:42,4.500,1.500,92.749,0.250,0.250,4224504,132660,167808,3431740,3076454.777,17735.716,0,455.993,0,21.000,1922,2282,1.920,1.560,0.920,0,0,0,0,0,18,274,6,42,0
08-02 07:47:43,4.748,1.000,93.466,0,0.250,4224896,128796,167808,3435212,3594078.132,17077.852,0,0,0,0,1848,1819,1.920,1.560,0.920,0,0,0,0,0,18,274,6,39,0
08-02 07:47:44,3.752,1.251,94.298,0,0,4225580,125160,167808,3438164,3262466.283,14011.062,0,388.196,0,2.001,1679,1692,1.920,1.560,0.920,1,0,0,0,0,18,274,6,39,0
08-02 07:47:45,8.020,10.777,80.202,0.501,0,4215712,131276,167808,3441916,1925125.766,9018.673,2177.474,92.232,29.073,4.010,2770,3657,1.760,1.530,0.920,1,0,178.449,0,0,18,273,6,36,0
08-02 07:47:46,21.201,7.732,70.338,0.249,0.249,4263112,137352,167808,3389504,11701.029,1732.008,315.273,107.752,14.966,7.982,1873,2810,1.760,1.530,0.920,1,0,73.830,0,0,18,273,6,36,0
08-02 07:47:47,24.330,4.766,68.226,1.254,0,4277252,125388,167808,3387416,8748.941,1625.377,449.487,9158.296,26.086,534.769,4358,7469,1.760,1.530,0.920,1,0,3.010,0,0,18,284,6,39,0
08-02 07:47:48,24.740,5.498,68.722,0.250,0,4212132,183592,167808,3394492,10467.719,1585.352,207.915,679.722,8.996,77.968,4042,8435,1.760,1.530,0.920,1,0,69.971,0,0,18,287,6,40,0
08-02 07:47:49,13.708,15.702,69.290,0.249,0,4242340,153148,167808,3394728,8131.354,1615.105,23.927,267.190,2.991,12.961,3138,5107,1.760,1.530,0.920,1,0,400.785,0,0,18,287,6,38,0
08-02 07:47:50,18.773,9.011,71.837,0,0,4224440,171040,167808,3394736,7392.908,1621.954,0,216.261,0,16.019,2015,2957,1.700,1.520,0.920,1,0,112.135,0,0,18,287,6,38,0
08-02 07:47:51,13.283,20.051,65.665,0.501,0.251,4222608,172608,167808,3394976,9758.592,1644.143,256.647,918.314,28.071,54.136,4571,8870,1.700,1.520,0.920,1,0,442.114,0,0,18,287,6,37,0
08-02 07:47:52,4.234,8.468,86.671,0.249,0.249,4225124,170024,167808,3395068,17079.219,1761.319,7.970,11966.611,0.996,46.822,2107,3211,1.700,1.520,0.920,0,0,141.463,0,0,18,287,6,37,0
08-02 07:47:53,15.753,2.501,80.518,0.250,0.500,4269468,125672,167808,3395076,9288.043,1620.356,0,16011.523,0,24.005,1362,1954,1.700,1.520,0.920,1,0,9.002,0,0,18,287,6,37,0
08-02 07:47:54,18.011,10.506,70.543,0,0,4228700,179396,167812,3382228,12995.928,1695.034,8.005,112.068,2.001,12.007,2426,3709,1.700,1.520,0.920,5,0,131.080,0,0,18,289,6,37,0
08-02 07:47:55,12.279,16.540,70.168,0,0,4232312,175656,167812,3382356,10062.048,1515.622,0,76.182,0,6.014,2975,4658,1.720,1.530,0.920,2,0,234.561,0,0,18,289,6,35,0
08-02 07:47:56,18.195,9.970,69.791,0,0,4258508,149228,167812,3382588,9918.265,1615.158,51.845,83.749,2.991,5.982,2467,3862,1.720,1.530,0.920,1,0,174.477,0,0,18,289,6,35,0
08-02 07:47:57,21.999,5.000,71.247,0,0.250,4314736,124884,167812,3351372,7753.682,1689.931,15.999,47.998,4.000,6.000,1371,2089,1.720,1.530,0.920,1,0,2.000,0,0,18,291,6,35,0
08-02 07:47:58,25.501,4.000,69.502,0.500,0,4236180,234700,167816,3320944,9892.346,1640.057,100.004,1128.039,7.000,110.004,2336,3602,1.720,1.530,0.920,1,0,9.000,0,0,18,293,6,35,0
08-02 07:47:59,23.717,2.746,71.649,0,0,4297624,173212,167816,3320988,9111.135,1711.583,31.955,135.808,1.997,7.989,1393,1837,1.720,1.530,0.920,1,0,0,0,0,18,293,6,33,0
08-02 07:48:00,25.535,3.755,70.096,0,0.501,4328348,142468,167816,3321008,7875.837,1622.232,4.006,188.259,1.001,25.034,2190,3421,1.670,1.520,0.920,2,0,7.010,0,0,18,295,6,33,0
08-02 07:48:01,23.999,3.750,71.246,0.250,0,4282648,188168,167816,3321008,8369.523,1693.903,0,171.990,0,8.999,1530,2123,1.670,1.520,0.920,1,0,14.999,0,0,18,293,6,33,0
08-02 07:48:02,16.543,11.279,71.938,0,0,4231468,238080,167824,3322268,12944.799,1515.958,1499.916,316.827,20.052,9.024,2410,3502,1.670,1.520,0.920,1,0,186.487,0,0,18,293,6,33,0
08-02 07:48:03,14.463,13.715,70.070,0,0,4250744,218688,167824,3322384,15316.545,1615.838,131.661,83.784,32.915,3.990,2924,4371,1.670,1.520,0.920,1,0,303.219,0,0,18,293,6,33,0
08-02 07:48:04,19.555,7.772,72.204,0.501,0.251,4281012,180936,167836,3329856,9402.506,1624.580,7364.761,0,105.297,0,2031,2864,1.670,1.520,0.920,1,0,93.263,0,0,18,293,6,33,0
08-02 07:48:05,23.248,5.750,69.495,0.250,0,4303032,158760,167852,3329996,8217.441,1619.890,155.989,7.999,7.000,2.000,8938,18196,1.610,1.510,0.920,1,0,9.999,0,0,18,293,6,33,0
08-02 07:48:06,11.714,1.994,85.487,0,0,4289220,172172,167852,3330396,7123.082,2446.472,271.166,79.755,4.985,0.997,1413,2167,1.610,1.510,0.920,0,0,2.991,0,0,18,294,6,33,0
08-02 07:48:07,7.752,1.000,91.025,0,0.250,4291460,169904,167856,3330420,12411.413,3603.991,0,152.042,0,3.001,1204,1871,1.610,1.510,0.920,0,0,0,0,0,18,294,6,33,0
08-02 07:48:08,19.320,1.255,78.285,0.251,0,4296056,164892,167868,3330792,10686.911,2625.560,200.731,822.997,9.033,54.197,1782,2831,1.610,1.510,0.920,1,0,2.007,0,0,18,294,6,33,0
08-02 07:48:09,25.604,2.486,71.095,0.249,0.497,4310072,149056,168016,3332192,14799.745,1610.830,0,521.034,0,21.875,2512,4134,1.610,1.510,0.920,1,0,4.972,0,0,18,294,6,33,0
08-02 07:48:10,24.562,4.762,69.926,0,0.251,4287188,171844,168020,3332252,7803.618,1515.811,0,344.867,0,27.068,8537,16819,1.640,1.520,0.930,1,0,8.020,0,0,18,294,6,33,0
08-02 07:48:11,15.243,13.994,69.970,0,0,4255516,203776,168020,3331992,7874.622,1793.231,0,7.997,0,1.999,2732,4227,1.640,1.520,0.930,1,0,264.886,0,0,18,293,6,33,0
08-02 07:48:12,24.580,2.257,72.485,0,0,4303936,155168,168020,3332180,14244.165,1625.267,16.052,0,1.003,0,1617,2458,1.640,1.520,0.930,1,0,0,0,0,18,293,6,36,0
08-02 07:48:13,20.435,7.227,71.772,0,0,4287260,171800,168020,3332224,20784.094,1561.050,7.975,0,0.997,0,2000,2972,1.640,1.520,0.930,1,0,111.646,0,0,18,293,6,36,0
08-02 07:48:14,23.767,5.504,70.800,0,0,4269984,188932,168020,3332368,7599.320,1621.135,0,0,0,0,1808,2794,1.640,1.520,0.930,3,0,70.049,0,0,18,293,6,36,0
08-02 07:48:15,22.731,4.996,71.441,0,0,4244720,214124,168020,3332440,8528.989,1618.669,47.961,271.777,2.998,11.990,1964,2931,1.590,1.510,0.930,2,0,55.954,0,0,18,293,6,36,0
08-02 07:48:16,23.992,3.249,71.976,0,0,4297636,161204,168020,3332444,8155.268,1585.469,0,0,0,0,1590,2367,1.590,1.510,0.930,3,0,0,0,0,18,293,6,39,0
08-02 07:48:17,27.623,6.529,64.789,0,0.502,4291208,167500,168020,3332576,9428.030,1701.586,0,12.054,0,2.009,2351,4186,1.590,1.510,0.930,2,0,28.125,0,0,18,293,6,39,0
08-02 07:48:18,23.903,5.478,68.721,0.996,0,4273668,184908,168024,3332704,39503.773,1613.456,95.612,4605.321,5.976,525.867,3451,4202,1.590,1.510,0.930,1,0,48.802,0,0,18,293,6,39,0
08-02 07:48:19,22.999,5.000,71.247,0,0,4262676,195756,168024,3332848,11227.472,1619.924,0,147.993,0,10.000,1758,2542,1.590,1.510,0.930,1,0,27.999,0,0,18,293,6,42,0
08-02 07:48:20,24.082,4.264,70.990,0.251,0.251,4242544,215872,168024,3332864,7208.415,1571.322,0,365.237,0,36.122,2133,3309,1.540,1.500,0.930,1,0,28.095,0,0,18,293,6,40,0
08-02 07:48:21,23.932,3.739,71.796,0,0,4298688,159716,168024,3332876,11489.313,1615.404,0,175.501,0,10.969,1839,2742,1.540,1.500,0.930,1,0,59.830,0,0,18,293,6,40,0
08-02 07:48:22,22.087,5.773,71.531,0,0.251,4293632,164752,168024,3332896,13246.097,1668.562,0,152.600,0,10.039,1739,2582,1.540,1.500,0.930,2,0,47.186,0,0,18,293,6,34,0
08-02 07:48:23,23.966,3.745,71.647,0.250,0.250,4269648,188684,168024,3332948,7207.650,1691.571,39.943,774.887,6.990,13.980,1697,2494,1.540,1.500,0.930,1,0,13.980,0,0,18,293,6,35,0
08-02 07:48:24,29.264,3.252,66.783,0.750,0,4297572,160208,168024,3333500,20836.231,1512.743,348.171,1052.517,26.013,153.075,3347,5753,1.540,1.500,0.930,2,0,0,0,0,18,299,6,33,0
08-02 07:48:25,24.699,3.992,70.105,1.247,0,4297300,160196,168028,3333776,9763.828,1616.660,15.967,2870.070,0.998,214.557,2415,3643,1.500,1.500,0.930,3,0,4.990,0,0,18,298,6,34,0
08-02 07:48:26,23.989,6.747,67.469,1.000,0,4246400,210844,168028,3334028,7908.362,1619.255,39.982,2270.955,2.999,217.900,4083,6809,1.500,1.500,0.930,1,0,81.962,0,0,18,297,5,31,0
08-02 07:48:27,10.524,21.548,66.900,0.251,0,4254916,202300,168028,3334056,10605.725,1623.632,0,613.372,0,45.101,3690,6066,1.500,1.500,0.930,1,0,515.152,0,0,18,297,5,31,0
08-02 07:48:28,10.983,20.967,66.147,0,0.250,4256128,201056,168028,3334088,11304.331,1563.556,0,627.020,0,52.917,4208,7071,1.500,1.500,0.930,2,0,566.115,0,0,18,297,5,29,0
08-02 07:48:29,10.254,21.258,68.027,0,0.500,4253160,204004,168028,3334108,7398.945,1620.645,0,452.180,0,36.014,3674,5823,1.500,1.500,0.930,2,0,499.199,0,0,18,297,5,29,0
08-02 07:48:30,11.507,20.763,66.791,0.500,0,4255044,202080,168028,3334148,12551.744,1621.000,0,2029.252,0,129.080,4431,7434,1.380,1.470,0.930,1,0,591.365,0,0,18,297,5,22,0
08-02 07:48:31,10.994,19.239,68.210,0,0,4257816,199276,168028,3334180,9714.307,1511.114,0,311.817,0,22.987,3462,5443,1.380,1.470,0.930,1,0,451.735,0,0,18,297,5,22,0
08-02 07:48:32,9.760,20.772,67.820,0,0,4258648,198420,168028,3334204,15882.470,1695.759,0,212.220,0,22.023,3881,6202,1.380,1.470,0.930,1,0,525.545,0,0,18,297,5,21,0
08-02 07:48:33,10.743,18.987,68.702,0,0.250,4255748,201288,168028,3334236,7574.713,1692.818,3.997,311.782,0.999,16.988,3680,5965,1.380,1.470,0.930,1,0,494.655,0,0,18,297,5,21,0
08-02 07:48:34,17.275,10.766,70.354,0.250,0,4263768,279676,168044,3256672,11689.207,1622.388,8.012,1846.718,2.003,12.018,9114,17810,1.380,1.470,0.930,2,0,93.137,0,0,18,297,5,20,0
08-02 07:48:35,25.416,2.741,72.261,0,0,4305756,232668,168084,3261152,17549.927,1688.413,59.802,7.974,1.993,1.993,1462,2061,1.350,1.460,0.930,2,0,3.987,0,0,18,297,5,20,0
08-02 07:48:36,13.723,1.747,81.841,0.499,0,4305612,232444,168084,3261480,11796.033,2449.231,31.938,1760.572,0.998,60.881,1856,3008,1.350,1.460,0.930,0,0,0,0,0,18,298,5,20,0
08-02 07:48:37,3.754,0.250,95.354,0,0,4306336,231688,168088,3261508,11004.038,3427.750,16.018,76.083,3.003,7.008,1120,1811,1.350,1.460,0.930,0,0,0,0,0,18,298,5,20,0
08-02 07:48:38,7.252,1.000,90.523,0.250,0.750,4307524,230428,168104,3261564,15887.988,5010.258,24.006,684.172,3.001,45.011,1525,2475,1.350,1.460,0.930,1,0,2.001,0,0,18,298,5,20,0
08-02 07:48:39,7.243,0.500,89.668,0.250,0,4314040,223876,168116,3261584,14717.578,4154.211,0,355.676,0,15.985,1184,1772,1.350,1.460,0.930,0,0,0,0,0,18,298,5,20,0
08-02 07:48:40,6.504,1.501,90.811,0.250,0.250,4314000,223876,168132,3261604,13745.168,4949.301,0,528.352,0,34.023,1361,2069,1.320,1.450,0.930,0,0,0,0,0,18,298,5,20,0
08-02 07:48:41,5.001,1.000,93.765,0,0,4314688,223120,168132,3261640,11788.851,4012.630,0,356.056,0,13.002,1112,1782,1.320,1.450,0.930,1,0,0,0,0,18,298,5,20,0
08-02 07:48:42,5.500,1.500,92.504,0.500,0,4314836,222868,168132,3261776,12544.514,5038.207,32.001,504.021,4.000,17.001,1259,1970,1.320,1.450,0.930,0,0,0,0,0,18,298,6,20,0
08-02 07:48:43,5.249,0.500,93.237,0.250,0,4315212,222420,168132,3261844,12522.309,4822.349,0,1975.733,0,15.998,1191,1895,1.320,1.450,0.930,0,0,0,0,0,18,298,6,20,0
08-02 07:48:44,5.750,0.250,92.001,0,0,4315036,222420,168148,3262004,12168.110,4712.042,0,360.003,0,12.000,1133,1736,1.320,1.450,0.930,0,0,0,0,0,18,298,6,20,0
08-02 07:48:45,11.033,1.505,87.766,0.251,0.251,4320732,216000,168160,3262716,12026.404,3574.821,0,252.765,0,9.027,1259,1882,1.220,1.430,0.920,3,0,0,0,0,18,298,6,20,0
08-02 07:48:46,7.229,0.997,89.739,0,0.249,4321520,215020,168176,3262892,21158.513,4983.518,0,618.204,0,36.893,1459,2269,1.220,1.430,0.920,0,0,0,0,0,18,298,6,20,0
08-02 07:48:47,5.002,1.250,92.284,0.500,0,4321340,214768,168188,3263312,14959.550,4303.597,0,496.184,0,18.007,1234,1909,1.220,1.430,0.920,1,0,0,0,0,18,298,6,20,0
08-02 07:48:48,5.747,1.499,89.710,1.749,0.500,4322792,213264,168200,3263348,10504.336,4939.807,0,6009.332,0,533.763,2064,2567,1.220,1.430,0.920,0,0,1.999,0,0,18,298,6,20,0
08-02 07:48:49,8.000,1.000,91.249,0.250,0,4325260,210744,168216,3263384,10932.825,5003.920,16.000,439.993,3.000,19.000,1296,2032,1.220,1.430,0.920,0,0,0,0,0,18,298,6,15,0
08-02 07:48:50,6.003,0.750,91.299,0.250,0,4326452,209512,168220,3263420,12226.529,4035.155,0,372.199,0,16.009,1277,1983,1.200,1.420,0.920,1,0,0,0,0,18,298,6,15,0
08-02 07:48:51,10.751,1.500,87.009,0,0,4339636,196168,168232,3263908,9746.062,4093.446,0,248.027,0,9.001,1434,2254,1.200,1.420,0.920,2,0,12.001,0,0,18,298,6,15,0
08-02 07:48:52,11.241,3.747,84.432,0.250,0.250,4335340,200372,168244,3263628,10983.159,4997.977,0,243.804,0,8.993,1742,4125,1.200,1.420,0.920,0,0,21.982,0,0,18,298,6,16,0
08-02 07:48:53,19.268,3.003,75.569,0.500,0,4340344,167764,168340,3290180,10017.116,1687.536,412.375,1157.053,15.014,37.034,1473,2061,1.200,1.420,0.920,1,0,0,0,0,18,298,6,15,0
08-02 07:48:54,21.058,3.760,72.952,1.253,0.251,4359236,123704,168884,3312596,6524.052,1624.495,0,3301.134,0,144.400,1979,2922,1.200,1.420,0.920,1,0,0,0,0,18,298,6,15,0
08-02 07:48:55,22.677,3.987,71.768,0.997,0,4324564,146956,169684,3321364,8155.657,1614.784,0,2878.702,0,119.614,1804,2847,1.180,1.420,0.920,1,0,0,0,0,18,298,6,15,0
08-02 07:48:56,24.267,3.002,72.051,0.751,0.250,4284480,197376,169936,3310144,8794.218,1795.269,64.045,1781.259,9.006,75.053,1851,2701,1.180,1.420,0.920,1,0,5.004,0,0,18,297,6,15,0
08-02 07:48:57,23.489,6.247,68.469,0,0,4307400,172596,169940,3311864,20384.745,1837.166,0,755.657,0,4.998,9762,19382,1.180,1.420,0.920,1,0,14.993,0,0,18,297,6,15,0
08-02 07:48:58,27.022,3.753,68.556,0.250,0,4305028,174876,169940,3311952,6325.130,1459.183,0,1585.286,0,35.028,9852,19587,1.180,1.420,0.920,2,0,11.009,0,0,18,297,6,15,0
08-02 07:48:59,23.224,4.495,71.421,0,0,4292164,187736,169940,3311924,6197.127,1712.101,0,335.628,0,17.980,1480,2051,1.180,1.420,0.920,1,0,9.989,0,0,18,297,6,15,0
08-02 07:49:00,25.839,4.265,68.738,0,0,4274832,205012,169940,3311948,5840.213,1625.626,0,232.806,0,17.059,8827,17648,1.170,1.410,0.920,1,0,53.184,0,0,18,297,6,15,0
08-02 07:49:01,23.176,5.981,69.030,0,0.748,4315668,164140,169940,3311980,7163.192,1614.858,0,247.213,0,10.965,8573,17386,1.170,1.410,0.920,1,0,16.946,0,0,18,297,6,15,0
08-02 07:49:02,22.499,6.750,69.748,0,0,4306580,173144,169940,3312056,10721.678,1619.951,0,323.990,0,13.000,9313,18421,1.170,1.410,0.920,1,0,13.000,0,0,18,297,6,15,0
08-02 07:49:03,23.583,3.512,72.504,0,0,4299360,180468,169940,3311952,8485.691,1625.688,0,8.028,0,2.007,1323,1913,1.170,1.410,0.920,1,0,9.032,0,0,18,297,6,15,0
08-02 07:49:04,24.918,1.993,71.764,0,0,4307096,172708,169940,3311976,13382.930,1688.440,0,0,0,0,1459,1903,1.170,1.410,0.920,1,0,2.990,0,0,18,297,6,15,0
08-02 07:49:05,20.238,7.995,70.209,0,0,4281028,184360,170488,3324272,8534.956,1511.107,0,19.988,0,4.997,7840,15151,1.230,1.420,0.930,2,0,100.940,0,0,18,297,6,15,0
08-02 07:49:06,24.750,3.750,71.001,0.500,0.250,4294848,165772,170676,3328208,7643.115,1566.023,0,1708.026,0,29.000,1689,2644,1.230,1.420,0.930,2,0,4.000,0,0,18,297,6,15,0
08-02 07:49:07,8.750,1.000,90.004,0,0,4296152,164276,170696,3328372,19716.828,2770.116,0,360.015,0,4.000,1243,1796,1.230,1.420,0.930,0,0,0,0,0,18,298,6,15,0
08-02 07:49:08,4.499,1.000,92.985,0.250,0,4297752,162624,170704,3328380,17425.142,4133.322,0,459.925,0,38.994,1450,2276,1.230,1.420,0.930,0,0,2.000,0,0,18,298,6,15,0
08-02 07:49:09,10.252,2.501,86.768,0.500,0.250,4298760,161504,170724,3328404,11218.378,5073.075,0,17271.662,0,82.017,1563,2324,1.230,1.420,0.930,1,0,0,0,0,18,298,6,15,0
08-02 07:49:10,5.748,1.250,92.468,0,0,4298684,161504,170732,3328472,10833.295,4017.626,0,395.865,0,20.993,1323,2009,1.130,1.390,0.920,1,0,0,0,0,18,298,6,15,0
08-02 07:49:11,4.751,1.000,91.767,0.250,0,4298620,161504,170744,3328492,14324.722,4814.915,0,544.103,0,25.005,1207,1870,1.130,1.390,0.920,0,0,0,0,0,18,298,6,15,0
08-02 07:49:12,6.000,0.250,91.744,0.250,0.250,4298792,161252,170764,3328548,11664.184,4703.671,0,763.947,0,30.998,1377,2141,1.130,1.390,0.920,0,0,0,0,0,18,298,6,15,0
08-02 07:49:13,5.253,1.001,92.301,0,0.250,4298680,161252,170780,3328644,15001.236,4907.694,0,348.191,0,12.007,1263,1958,1.130,1.390,0.920,0,0,0,0,0,18,298,6,12,0
08-02 07:49:14,3.249,0.750,94.966,0.250,0.250,4298588,161252,170804,3328708,30780.073,3238.850,0,251.911,0,8.997,1165,1834,1.130,1.390,0.920,0,0,0,0,0,18,299,6,12,0
08-02 07:49:15,3.999,1.000,94.473,0,0.250,4298536,161252,170816,3328716,18162.878,4099.844,0,171.952,0,6.998,1167,1775,1.040,1.370,0.920,0,0,0,0,0,18,299,6,12,0
08-02 07:49:16,3.751,1.250,93.764,0.500,0,4298408,161252,170836,3328824,56472.697,3084.475,16.002,624.096,1.000,46.007,1620,2737,1.040,1.370,0.920,0,0,1.000,0,0,18,299,6,12,0
08-02 07:49:17,9.999,2.500,86.738,0.250,0,4298008,161252,170896,3329128,111217.985,6296.093,19.997,611.912,2.000,25.996,2395,4181,1.040,1.370,0.920,0,0,0,0,0,18,299,6,11,0
08-02 07:49:18,7.754,0.750,89.798,0.500,0,4298812,160244,170924,3329300,29030.415,4399.336,0,568.302,0,35.019,1655,2560,1.040,1.370,0.920,1,0,2.001,0,0,18,299,6,11,0
08-02 07:49:19,10.747,1.999,87.222,0.250,0,4312232,146888,170936,3329324,16869.568,4049.696,0,6493.909,0,372.880,2011,2060,1.040,1.370,0.920,2,0,0,0,0,18,299,6,8,0
08-02 07:49:20,7.506,0.751,90.322,0,0,4311328,146888,170952,3330196,12204.788,5019.025,0,492.395,0,25.020,1294,2004,0.960,1.350,0.910,0,0,0,0,0,18,299,6,8,0
08-02 07:49:21,17.807,4.765,77.750,0.251,0.251,4322260,135880,170964,3330248,39078.755,4363.040,513.653,405.304,4.013,16.052,1759,2394,0.960,1.350,0.910,2,0,6.019,0,0,18,299,6,8,0
08-02 07:49:22,17.428,4.482,76.933,0.249,0.249,4311100,146716,170976,3330524,12316.196,5105.938,509.897,2410.059,3.984,115.523,1872,2790,0.960,1.350,0.910,0,0,5.975,0,0,18,299,6,8,0
08-02 07:49:23,7.498,1.000,91.478,0,0.250,4313544,144196,170996,3330576,11453.217,5057.771,0,371.910,0,17.996,1224,1897,0.960,1.350,0.910,0,0,0,0,0,18,299,6,5,0
08-02 07:49:24,5.755,1.501,91.582,0.250,0.250,4315852,141872,171008,3330580,12817.420,5016.470,0,30407.093,0,99.088,1461,2190,0.960,1.350,0.910,0,0,0,0,0,18,299,6,5,0
08-02 07:49:25,9.001,1.000,89.511,0.250,0,4320092,137588,171024,3330608,12064.496,3298.409,0,272.034,0,9.001,1216,1769,0.880,1.330,0.910,1,0,0,0,0,18,299,6,4,0
08-02 07:49:26,5.496,0.999,91.431,0.250,0,4323112,134312,171040,3330812,168304.257,7113.601,31.976,711.460,0.999,43.967,1694,2617,0.880,1.330,0.910,0,0,0,0,0,18,299,6,4,0
08-02 07:49:27,5.500,0.750,91.999,0.500,0,4323016,134312,171084,3330856,20416.775,4245.953,0,675.993,0,47.999,1562,2490,0.880,1.330,0.910,1,0,0,0,0,18,299,6,4,0
08-02 07:49:28,4.249,1.250,92.475,0.250,0,4323156,134060,171132,3330884,17188.325,4101.884,0,687.813,0,48.987,1659,2725,0.880,1.330,0.910,2,0,0,0,0,18,299,6,3,0
08-02 07:49:29,4.002,2.001,92.792,0.250,0.500,4323800,133388,171172,3330924,33211.912,4468.006,0,42551.105,0,128.057,1581,2096,0.880,1.330,0.910,0,0,2.001,0,0,18,299,6,3,0
08-02 07:49:30,4.250,1.250,93.257,0.750,0,4323924,133164,171220,3330956,25824.937,4241.318,0,2040.153,0,180.014,1846,2526,0.810,1.300,0.900,1,0,0,0,0,18,299,6,3,0
08-02 07:49:31,4.000,0.750,93.739,0,0,4324064,132912,171256,3330996,37326.633,4506.473,0,531.938,0,25.997,1297,2019,0.810,1.300,0.900,0,0,0,0,0,18,299,6,3,0
08-02 07:49:32,3.501,1.000,93.785,0.500,0.250,4324228,132660,171312,3331024,27582.288,4302.605,0,544.203,0,28.010,1315,2047,0.810,1.300,0.900,1,0,0,0,0,18,299,6,3,0
08-02 07:49:33,3.499,1.000,94.716,0,0.250,4324132,132436,171344,3331244,119478.466,6561.664,0,355.873,0,12.995,1282,1889,0.810,1.300,0.900,2,0,1.000,0,0,18,299,6,3,0
08-02 07:49:34,4.500,0.500,94.501,0.250,0,4324016,132436,171404,3331268,26768.214,5144.041,0,528.004,0,25.000,1221,1950,0.810,1.300,0.900,0,0,0,0,0,18,299,6,3,0
08-02 07:49:35,8.000,0.250,90.996,0.500,0,4323828,132436,171420,3331436,19192.232,4287.828,0,307.988,0,12.999,1207,1918,0.830,1.300,0.900,1,0,0,0,0,18,299,6,3,0
08-02 07:49:36,9.750,1.500,87.746,0.250,0,4323744,132436,171440,3331496,10606.555,4206.823,0,619.974,0,36.998,1522,2519,0.830,1.300,0.900,0,0,0,0,0,18,299,6,3,0
08-02 07:49:37,12.500,1.250,85.500,0.250,0.250,4319884,127144,171456,3340568,272669.091,9371.037,0,388.002,0,22.000,1736,2527,0.830,1.300,0.900,2,0,1.000,0,0,18,299,6,3,0
08-02 07:49:38,5.499,2.000,89.730,0.250,0,4319764,123056,171468,3344732,2112589.343,33504.662,0,1831.599,0,62.986,2778,3571,0.830,1.300,0.900,0,0,1.000,0,0,18,299,6,3,0
08-02 07:49:39,5.251,2.751,90.772,0.250,0,4318904,135152,171472,3333652,2009070.204,19880.831,0,3396.825,0,16.004,2136,2684,0.830,1.300,0.900,0,0,2.000,0,0,18,299,6,3,0
08-02 07:49:40,6.252,2.751,89.031,0.250,0.500,4320080,128208,171472,3339408,2961491.522,30736.758,0,16981.944,0,69.024,2652,2812,0.840,1.290,0.900,0,0,1.000,0,0,18,299,6,3,0
08-02 07:49:41,6.257,1.752,90.849,0,0.250,4322356,119892,171472,3345448,3180624.978,18800.398,0,44.048,0,5.005,1866,2183,0.840,1.290,0.900,2,0,0,0,0,18,299,6,3,0
08-02 07:49:42,7.490,1.498,90.380,0,0,4319016,132308,171472,3336496,3439223.832,14878.212,0,0,0,0,1806,2039,0.840,1.290,0.900,0,0,0,0,0,18,299,6,3,0
08-02 07:49:43,6.002,2.751,89.778,0.250,0,4326420,151064,171484,3310776,2224692.329,15939.989,0,11555.617,0,30.009,2113,2645,0.840,1.290,0.900,0,0,1.000,0,0,18,299,6,3,0
08-02 07:49:44,5.248,1.499,91.965,0.750,0,4328620,142048,171500,3317528,1729055.230,19331.635,759.711,1935.263,126.952,12.995,2110,2491,0.840,1.290,0.900,0,0,1.999,0,0,18,299,6,3,0
08-02 07:49:45,2.999,1.250,93.728,0,0.250,4328928,140060,171556,3319096,414013.293,6758.405,243.942,1039.755,39.991,22.995,1436,2104,0.770,1.270,0.900,1,0,3.999,0,0,18,299,6,3,0
08-02 07:49:46,19.766,2.252,77.562,0.500,0,4333936,148216,171608,3305900,99161.329,2928.343,116.093,868.695,19.015,46.037,1696,2582,0.770,1.270,0.900,1,0,1.001,0,0,18,299,6,3,0
08-02 07:49:47,19.740,6.747,71.214,1.999,0.250,4336440,139604,175080,3304404,12447.714,1661.161,3.998,5960.990,0.999,152.923,2184,3101,0.770,1.270,0.900,1,0,0,0,0,18,299,6,3,0
08-02 07:49:48,23.757,3.751,70.520,0.750,0,4356632,136772,175644,3285368,8268.356,1620.462,0,2460.701,0,116.033,1983,3200,0.770,1.270,0.900,3,0,0,0,0,18,299,6,3,0
08-02 07:49:49,22.252,5.250,72.005,0.750,0,4341264,137592,176616,3296072,6898.517,1620.122,0,2316.174,0,90.007,1661,2600,0.770,1.270,0.900,3,0,2.000,0,0,18,299,6,3,0
08-02 07:49:50,23.499,3.750,71.496,0.250,0.250,4344060,126036,178152,3300968,8347.533,1565.912,0,9783.452,0,289.984,1881,2466,0.790,1.270,0.900,2,0,0,0,0,18,299,6,3,0
08-02 07:49:51,23.500,4.250,70.999,1.000,0,4339392,131060,179296,3297264,18815.737,1619.977,0,3759.947,0,103.999,1721,2663,0.790,1.270,0.900,2,0,0,0,0,18,299,6,3,0
08-02 07:49:52,9.248,3.749,86.731,0,0,4346752,168304,179328,3252916,12805.221,2769.399,0,219.952,0,5.999,2278,5275,0.790,1.270,0.900,1,0,34.992,0,0,18,300,6,3,0
08-02 07:49:53,15.253,3.501,80.767,0,0,4269444,278936,179328,3219612,8597.797,2965.620,12.003,428.089,2.000,10.002,1260,1779,0.790,1.270,0.900,1,0,2.000,0,0,18,297,6,3,0
08-02 07:49:54,24.249,5.250,69.246,0,0.500,4308508,238116,179424,3221272,7859.521,1619.901,0,0,0,0,9229,18385,0.790,1.270,0.900,1,0,16.999,0,0,18,297,6,3,0
08-02 07:49:55,23.751,3.500,72.503,0,0,4293468,253016,179428,3221408,9230.323,1620.057,0,80.003,0,1.000,1353,1926,0.810,1.260,0.900,1,0,0,0,0,18,297,6,3,0
08-02 07:49:56,24.000,6.000,68.750,0.500,0,4308752,237676,179428,3221464,8144.033,1620.006,20.000,2656.011,2.000,38.000,8728,17398,0.810,1.260,0.900,2,0,13.000,0,0,18,297,5,3,0
08-02 07:49:57,24.012,3.502,71.785,0.250,0.250,4265132,281324,179428,3221436,8097.895,1566.754,0,256.123,0,8.004,1481,2042,0.810,1.260,0.900,1,0,7.003,0,0,18,297,5,3,0
08-02 07:49:58,23.820,4.012,70.206,0.501,0,4293984,248424,179792,3224536,6384.701,1624.759,938.750,2086.110,23.068,61.179,2824,5489,0.810,1.260,0.900,1,0,0,0,0,18,299,5,5,0
08-02 07:49:59,26.188,6.734,63.351,2.245,0,4244088,297280,179796,3225568,10166.079,1709.976,722.300,4369.718,38.908,401.056,6048,11072,0.810,1.260,0.900,1,0,100.763,0,0,18,299,5,11,0
08-02 07:50:00,13.984,15.482,68.920,0.499,0,4248524,291500,179796,3226912,9680.809,1510.254,1294.504,886.975,46.946,57.933,3619,5575,0.820,1.260,0.900,1,0,339.607,0,0,18,299,5,13,0
08-02 07:50:01,8.999,3.499,84.737,0.750,0,4231360,308136,179804,3227408,13998.872,2470.624,479.927,3555.460,25.996,282.957,1711,2176,0.820,1.260,0.900,0,0,13.998,0,0,18,300,5,13,0
08-02 07:50:02,2.999,1.000,95.976,0,0.250,4231360,308136,179804,3227408,19357.141,3165.206,0,171.957,0,10.997,1237,1864,0.820,1.260,0.900,0,0,0,0,0,18,300,5,13,0
08-02 07:50:03,3.010,1.756,94.577,0.251,0,4231100,307660,180056,3227788,109286.366,3974.725,88.305,1155.992,1.003,62.215,1334,2056,0.820,1.260,0.900,1,0,2.007,0,0,18,300,5,13,0
08-02 07:50:04,15.481,2.747,79.401,1.498,0.250,4228940,297164,180188,3240104,299453.982,4847.945,11961.061,1182.523,174.782,19.975,2058,2885,0.820,1.260,0.900,1,0,20.974,0,0,18,299,5,13,0
08-02 07:50:05,18.028,7.762,71.861,1.502,0,4266660,253356,180200,3246148,6287.670,1642.526,3877.964,88.136,184.283,5.008,3053,4885,0.840,1.250,0.900,1,0,53.082,0,0,18,299,5,13,0
08-02 07:50:06,15.440,3.486,79.440,0.249,0.249,4318080,200940,180208,3247120,7964.929,1744.196,812.829,0,57.775,0,1443,2047,0.840,1.250,0.900,0,0,4.981,0,0,18,300,5,13,0
08-02 07:50:07,4.250,1.000,94.739,0,0.250,4319340,199680,180208,3247120,21779.495,3323.618,0,0,0,0,1168,1847,0.840,1.250,0.900,0,0,0,0,0,18,300,5,13,0
08-02 07:50:08,6.001,1.250,91.773,0.250,0,4321052,197916,180236,3247140,20157.979,2850.704,4.001,632.156,1.000,47.012,1495,2481,0.840,1.250,0.900,0,0,0,0,0,18,301,5,13,0
08-02 07:50:09,4.709,2.479,91.955,0.744,0,4321008,197916,180236,3247184,66911.218,2790.859,0,3386.705,0,209.191,2044,3408,0.840,1.250,0.900,1,0,1.983,0,0,18,301,5,13,0
08-02 07:50:10,22.048,2.788,72.985,0.507,0,4292016,225756,180328,3248092,61660.228,2738.968,210.846,742.015,17.233,30.410,10869,22012,0.770,1.230,0.900,2,0,4.055,0,0,18,299,5,13,0
08-02 07:50:11,26.439,0.748,71.586,0,0.249,4296956,220720,180328,3248184,10111.783,1616.289,91.789,7.982,3.991,1.995,2869,4955,0.770,1.230,0.900,1,0,4.989,0,0,18,299,5,13,0
08-02 07:50:12,20.706,1.996,76.088,0.499,0.249,4267640,249780,180332,3248432,13004.340,1915.925,23.949,770.361,1.996,21.953,1515,2151,0.770,1.230,0.900,0,0,2.994,0,0,18,299,7,13,0
08-02 07:50:13,2.997,0.749,94.653,0,0,4267864,249556,180332,3248432,22079.457,3306.624,0,191.804,0,3.996,1252,1925,0.770,1.230,0.900,0,0,0,0,0,18,300,6,13,0
08-02 07:50:14,6.505,1.251,92.572,0,0,4267724,249556,180356,3248548,19455.117,3323.582,0,192.149,0,7.005,1251,1901,0.770,1.230,0.900,0,0,0,0,0,18,301,6,13,0
08-02 07:50:15,2.001,1.501,95.551,0,0,4267948,249332,180376,3248528,24231.819,3556.882,0,176.093,0,6.003,1155,1803,0.710,1.210,0.890,0,0,0,0,0,18,301,6,13,0
08-02 07:50:16,3.746,0.999,94.640,0.250,0.250,4267656,249332,180396,3248768,130797.406,3946.426,0,111.870,0,2.997,1150,1816,0.710,1.210,0.890,0,0,0.999,0,0,18,301,6,13,0
08-02 07:50:17,3.750,1.000,94.749,0,0,4267548,248884,180416,3249304,341214.882,5999.910,0,463.993,0,4.000,1283,1952,0.710,1.210,0.890,0,0,0,0,0,18,301,6,13,0
08-02 07:50:18,13.509,2.502,82.552,0.250,0.250,4270956,244908,180444,3249844,264712.298,7095.484,0,496.314,0,23.015,2802,4542,0.710,1.210,0.890,0,0,1.001,0,0,18,301,6,15,0
08-02 07:50:19,6.000,1.500,90.250,0,0.500,4270644,244212,180496,3250800,498863.494,15291.076,0,1052.005,0,25.000,2070,2820,0.710,1.210,0.890,0,0,2.000,0,0,18,301,6,13,0
08-02 07:50:20,5.249,0.750,92.486,0.250,0.250,4270508,243540,180548,3251516,376857.341,11481.243,0,783.880,0,16.997,1660,2272,0.730,1.210,0.890,1,0,1.000,0,0,18,301,6,13,0
08-02 07:50:21,22.265,10.007,66.796,1.001,0,4280928,231516,180592,3252972,392293.721,12057.259,1444.990,130737.555,14.010,965.661,4103,4973,0.730,1.210,0.890,2,0,9.006,0,0,18,301,6,13,0
08-02 07:50:22,17.228,4.494,77.150,0.250,0,4271272,237788,180592,3256332,1843966.064,41340.464,511.338,1350.251,3.995,202.737,3497,3454,0.730,1.210,0.890,0,0,4.994,0,0,18,301,6,13,0
08-02 07:50:23,7.003,1.751,87.792,0,0,4269832,232968,180592,3262560,3222488.682,60124.559,0,180.086,0,7.003,3608,3493,0.730,1.210,0.890,0,0,0,0,0,18,301,6,13,0
08-02 07:50:24,8.004,2.251,88.799,0.250,0,4277392,219316,180608,3268636,3153173.705,26120.445,0,7948.395,0,31.017,2216,2513,0.730,1.210,0.890,1,0,0,0,0,18,301,6,13,0
08-02 07:50:25,5.749,1.000,91.978,0.250,0,4277480,218920,180668,3268868,150102.525,6878.329,0,423.897,0,8.998,1302,1947,0.670,1.190,0.890,1,0,1.000,0,0,18,301,6,13,0
08-02 07:50:26,4.497,1.249,92.693,0.250,0,4278592,217324,180724,3269244,212166.578,7103.667,0,27687.111,0,68.958,1503,2076,0.670,1.190,0.890,0,0,1.999,0,0,18,301,6,13,0
08-02 07:50:27,4.999,1.750,92.726,0,0.250,4278408,217324,180788,3269332,107470.595,6213.416,0,343.912,0,8.998,1294,1957,0.670,1.190,0.890,0,0,1.000,0,0,18,301,6,13,0
08-02 07:50:28,6.258,1.502,90.861,0.250,0.250,4278160,216876,180864,3269916,288203.184,10238.511,0,945.155,0,42.051,1888,2766,0.670,1.190,0.890,1,0,1.001,0,0,18,303,6,13,0
08-02 07:50:29,5.001,1.250,92.028,0.250,0.500,4279028,215424,180900,3270432,290731.929,8991.689,32.010,840.251,1.000,33.010,1602,2456,0.670,1.190,0.890,0,0,3.001,0,0,18,303,6,13,0
08-02 07:50:30,5.748,1.250,91.222,0.500,0,4279652,214416,180972,3270744,203372.175,9315.168,0,675.795,0,24.992,1669,2566,0.700,1.180,0.890,0,0,1.999,0,0,18,303,6,13,0
08-02 07:50:31,3.748,1.749,93.702,0.250,0,4279824,213912,181028,3270984,123553.235,6731.580,0,2922.515,0,29.985,1416,2122,0.700,1.180,0.890,0,0,0.999,0,0,18,303,6,13,0
08-02 07:50:32,4.248,1.749,93.202,0.500,0,4279648,213912,181108,3271076,110871.456,6679.593,0,1079.449,0,120.938,1470,1910,0.700,1.180,0.890,1,0,0,0,0,18,303,6,13,0
08-02 07:50:33,5.514,0.752,93.493,0,0,4280000,213184,181168,3271308,114282.134,7008.221,0,745.939,0,28.073,1293,2010,0.700,1.180,0.890,0,0,1.003,0,0,18,303,6,13,0
08-02 07:50:34,5.238,0.249,93.045,0.249,0,4280408,212428,181216,3271600,159086.374,7851.695,0,466.971,0,12.971,1317,1955,0.700,1.180,0.890,0,0,0.998,0,0,18,303,6,13,0
08-02 07:50:35,4.500,1.000,93.245,0,0,4280608,211924,181276,3271808,137651.154,6806.612,0,427.976,0,10.999,1355,1992,0.640,1.160,0.890,0,0,1.000,0,0,18,303,6,13,0
08-02 07:50:36,4.998,0.750,91.972,0.500,0.500,4281172,210916,181348,3272144,200204.337,9302.135,0,1419.563,0,15.995,1492,2262,0.640,1.160,0.890,0,0,1.999,0,0,18,303,6,13,0
08-02 07:50:37,5.002,0.750,92.280,0,0,4282064,208900,181400,3273164,548213.362,16492.426,0,804.265,0,9.003,1708,2375,0.640,1.160,0.890,1,0,2.001,0,0,18,303,6,13,0
08-02 07:50:38,7.249,1.250,90.485,0.500,0,4284088,206632,181464,3273332,151088.222,7134.830,0,715.883,0,39.993,1555,2464,0.640,1.160,0.890,0,0,0,0,0,18,303,6,13,0
08-02 07:50:39,4.249,1.750,92.482,0.250,0.250,4284196,205624,181520,3274140,414257.291,12600.606,31.994,975.815,1.000,32.994,1816,2559,0.640,1.160,0.890,0,0,3.999,0,0,18,303,6,13,0
08-02 07:50:40,5.752,1.000,92.282,0.250,0.250,4284456,204868,181572,3274584,253110.082,9140.181,0,652.227,0,24.008,1506,2155,0.590,1.140,0.880,0,0,1.000,0,0,18,303,6,13,0
08-02 07:50:41,5.000,1.500,92.009,0.500,0,4285772,201996,181608,3276052,787450.958,21141.093,0,1624.161,0,11.001,2103,2497,0.590,1.140,0.880,0,0,2.000,0,0,18,303,6,13,0
08-02 07:50:42,4.748,0.500,93.207,0.250,0,4285992,201520,181676,3276236,162167.052,7588.540,0,1199.453,0,45.979,1528,2162,0.590,1.140,0.880,1,0,1.999,0,0,18,303,6,13,0
08-02 07:50:43,4.502,1.501,92.287,0.500,0,4287728,198580,181732,3277332,541957.867,15779.343,0,884.356,0,14.006,1822,2320,0.590,1.140,0.880,0,0,1.000,0,0,18,303,6,13,0
08-02 07:50:44,19.520,1.001,77.832,0,0.250,4307960,177664,181788,3277920,91058.429,3619.794,0,180.189,0,3.003,1341,1890,0.590,1.140,0.880,1,0,2.002,0,0,18,303,6,13,0
08-02 07:50:45,19.476,1.498,78.402,0,0,4288712,196500,181800,3278284,364468.685,7900.109,0,495.380,0,3.995,1581,2036,0.620,1.140,0.880,1,0,0,0,0,18,303,6,13,0
08-02 07:50:46,10.747,1.750,86.479,0,0,4290164,191992,181804,3281320,1640090.378,29567.904,0,499.880,0,2.999,2514,2568,0.620,1.140,0.880,0,0,1.000,0,0,18,303,6,13,0
08-02 07:50:47,7.500,1.750,89.745,0.250,0.250,4297516,181604,181832,3284276,1522540.738,16089.099,0,3215.820,0,8.999,1816,2298,0.620,1.140,0.880,0,0,0,0,0,18,303,6,13,0
08-02 07:50:48,5.000,1.000,92.754,0.250,0.250,4297696,181140,181872,3284472,112419.171,6070.279,0,648.030,0,31.001,1552,2426,0.620,1.140,0.880,0,0,1.000,0,0,18,303,6,13,0
08-02 07:50:49,4.005,1.252,93.118,0.250,0,4297348,181140,181892,3284768,169144.968,6399.095,0,752.952,0,32.041,1584,2459,0.620,1.140,0.880,0,0,3.004,0,0,18,303,6,13,0
08-02 07:50:50,5.246,0.999,91.932,0.250,0,4297680,179432,181900,3286132,734344.320,15505.541,0,1171.135,0,19.985,1672,2267,0.570,1.120,0.880,1,0,1.999,0,0,18,303,6,13,0
08-02 07:50:51,4.999,1.500,91.735,0.250,0,4297740,178732,181904,3286764,357639.347,11806.064,0,627.897,0,8.999,1651,2331,0.570,1.120,0.880,0,0,1.000,0,0,18,303,6,13,0
08-02 07:50:52,9.997,2.999,86.220,0.500,0.250,4302392,173416,181960,3287512,410086.520,12577.661,0,6505.756,0,183.937,2536,3938,0.570,1.120,0.880,0,0,35.988,0,0,18,303,6,14,0
08-02 07:50:53,6.993,1.499,89.661,0,0.250,4302164,170488,181972,3290640,1748698.799,31788.275,0,207.793,0,7.992,2460,2518,0.570,1.120,0.880,0,0,0.999,0,0,18,303,6,14,0
08-02 07:50:54,6.010,2.504,89.906,0,0,4304740,161360,181972,3297192,3354990.198,30250.424,0,0,0,0,2349,2496,0.570,1.120,0.880,0,0,0,0,0,18,303,6,13,0
08-02 07:50:55,6.008,2.253,91.123,0,0.250,4305300,154400,181972,3303576,3332370.032,23439.667,0,4.005,0,1.001,1883,2220,0.610,1.120,0.880,1,0,0,0,0,18,303,6,13,0
08-02 07:50:56,6.490,1.747,89.613,0,0.250,4308028,145412,181972,3309836,3326480.505,20728.224,0,0,0,0,1836,2104,0.610,1.120,0.880,0,0,0,0,0,18,303,6,13,0
08-02 07:50:57,5.746,2.498,89.944,0.500,0,4296472,155908,182020,3310780,633795.244,7906.051,0,20247.325,0,51.967,1512,1995,0.610,1.120,0.880,0,0,0.999,0,0,18,303,6,13,0
08-02 07:50:58,6.504,1.001,91.804,0.250,0.250,4296256,155656,182028,3311236,243835.595,7101.211,0,648.384,0,37.022,1746,2596,0.610,1.120,0.880,0,0,2.001,0,0,18,303,6,13,0
08-02 07:50:59,10.249,2.000,86.241,0.250,0,4304328,143932,182064,3314820,1970135.166,24338.420,0,2379.748,0,20.998,2289,2583,0.610,1.120,0.880,1,0,2.000,0,0,18,303,6,13,0
08-02 07:51:00,14.503,0.500,83.019,0.500,0,4308764,138696,182100,3315580,487427.621,7706.765,0,828.190,0,22.005,1695,2431,0.640,1.120,0.880,1,0,1.000,0,0,18,303,6,5,0
08-02 07:51:01,15.788,1.754,82.449,0,0,4313096,132616,182104,3317308,1020597.723,14865.886,0,332.803,0,18.044,1923,2200,0.640,1.120,0.880,1,0,1.002,0,0,18,303,6,5,0
08-02 07:51:02,6.734,1.746,90.782,0,0.249,4309904,144276,182100,3308908,3396703.498,25451.019,0,834.002,0,7.981,2170,2364,0.640,1.120,0.880,0,0,0,0,0,18,303,6,3,0
08-02 07:51:03,5.008,2.003,91.138,0,0.250,4312652,135292,182100,3315144,3301212.132,16891.523,0,436.660,0,88.133,1839,2033,0.640,1.120,0.880,0,0,0,0,0,18,303,6,3,0
08-02 07:51:04,7.235,1.247,90.812,0,0.249,4307732,133552,182100,3321788,3403864.385,15819.191,0,59.876,0,5.988,1872,2076,0.640,1.120,0.880,0,0,1.996,0,0,18,303,6,3,0
08-02 07:51:05,5.263,2.757,90.724,0.501,0.251,4323932,145280,182132,3294000,1049594.598,8328.588,0,11981.619,0,37.092,1413,2056,0.670,1.120,0.880,0,0,0,0,0,18,303,6,3,0
08-02 07:51:06,7.479,0.997,89.999,0,0,4319172,149860,182188,3294108,109680.662,5286.236,0,394.897,0,9.972,1359,2151,0.670,1.120,0.880,0,0,0.997,0,0,18,303,6,3,0
08-02 07:51:07,4.504,1.501,93.824,0.250,0,4318492,149860,182252,3294724,341127.126,8486.671,0,1437.130,0,14.011,1331,2039,0.670,1.120,0.880,3,0,1.001,0,0,18,303,6,3,0
08-02 07:51:08,5.750,0.250,92.008,0.250,0,4318128,149860,182308,3295032,186806.692,8356.702,0,624.052,0,26.002,1468,2241,0.670,1.120,0.880,0,0,1.000,0,0,18,303,6,3,0
08-02 07:51:09,7.992,1.748,89.409,0.749,0.250,4319324,148104,182364,3295472,240255.621,7470.432,0,907.081,0,36.963,1691,2526,0.670,1.120,0.880,2,0,2.997,0,0,18,303,6,3,0
08-02 07:51:10,5.755,0.751,92.087,0.500,0,4320004,147124,182376,3295728,129607.127,5541.264,0,556.529,0,22.021,1404,2045,0.700,1.110,0.880,0,0,1.001,0,0,18,303,6,3,0
08-02 07:51:11,4.250,1.000,93.504,0,0,4320552,146380,182384,3295880,96008.416,5991.276,0,464.021,0,13.001,1227,1890,0.700,1.110,0.880,0,0,0,0,0,18,303,6,3,0
08-02 07:51:12,6.499,1.000,91.485,0.250,0.250,4321184,145624,182416,3295972,88967.676,5001.195,0,2071.666,0,16.997,1282,1876,0.700,1.110,0.880,0,0,0,0,0,18,303,6,3,0
08-02 07:51:13,7.000,1.500,91.248,0,0.250,4322188,142516,182448,3298008,1164924.702,28060.439,0,215.996,0,6.000,2449,2717,0.700,1.110,0.880,1,0,1.000,0,0,18,303,6,3,0
08-02 07:51:14,4.250,1.250,91.753,0,0.250,4325968,136228,182504,3300412,1217837.317,27524.798,0,2492.072,0,10.000,2252,2552,0.700,1.110,0.880,0,0,0,0,0,18,303,6,3,0
08-02 07:51:15,5.751,1.000,91.774,0.250,0,4324736,135976,182560,3301836,784228.547,19392.984,0,1072.276,0,10.003,1678,2333,0.640,1.090,0.880,0,0,1.000,0,0,18,303,6,3,0
08-02 07:51:16,5.247,1.499,92.442,0.250,0.250,4324480,135976,182612,3302000,75346.908,5359.650,0,463.710,0,20.987,1380,2219,0.640,1.090,0.880,1,0,0,0,0,18,303,6,3,0
08-02 07:51:17,4.505,1.001,92.850,0,0,4324656,135472,182672,3302216,221301.900,8721.375,0,4572.916,0,31.033,1478,2158,0.640,1.090,0.880,0,0,1.001,0,0,18,303,6,3,0
08-02 07:51:18,16.798,4.262,77.973,0.501,0,4341596,142388,182760,3278732,146797.253,6197.701,866.475,794.268,19.054,29.083,2705,4643,0.640,1.090,0.880,1,0,3.009,0,0,18,303,6,2,0
08-02 07:51:19,19.873,0.248,77.504,0.248,0,4320260,163704,182784,3278728,20884.402,3149.850,0,310.017,0,15.898,1413,2013,0.640,1.090,0.880,0,0,1.987,0,0,18,303,6,2,0
08-02 07:51:20,6.019,1.254,92.787,0,0,4320520,163004,182836,3279084,318710.453,9880.551,0,774.394,0,20.062,1524,2114,0.590,1.080,0.870,0,0,1.003,0,0,18,303,6,2,0
08-02 07:51:21,15.513,4.504,78.066,0.500,0.250,4337440,145856,182888,3279228,34057.813,4295.634,512.434,1809.531,4.003,78.066,1977,2864,0.590,1.080,0.870,1,0,6.005,0,0,18,303,6,2,0
08-02 07:51:22,17.981,4.245,77.168,0.250,0,4350660,132428,182956,3279368,117567.144,6457.143,511.457,3684.087,3.996,100.893,1771,2325,0.590,1.080,0.870,0,0,6.993,0,0,18,303,6,2,0
08-02 07:51:23,6.500,0.750,91.750,0.250,0.250,4351280,131224,183008,3279852,234292.829,9302.953,0,703.996,0,16.000,1456,2041,0.590,1.080,0.870,0,0,1.000,0,0,18,303,6,2,0
08-02 07:51:24,7.002,0.750,90.270,0.250,0,4352248,129072,183048,3280964,621519.842,16592.733,0,784.176,0,7.002,1903,2422,0.590,1.080,0.870,0,0,1.000,0,0,18,303,5,2,0
08-02 07:51:25,3.749,1.749,92.973,0,0.500,4353204,127392,183084,3281652,371452.279,10606.924,0,543.842,0,5.998,1542,2140,0.540,1.060,0.870,0,0,1.000,0,0,18,303,5,2,0
08-02 07:51:26,3.500,0.750,92.738,0.500,0,4353864,126440,183144,3281848,117094.363,6099.238,0,519.935,0,17.998,1367,2019,0.540,1.060,0.870,2,0,1.000,0,0,18,303,5,2,0
08-02 07:51:27,9.787,1.757,87.835,0,0.251,4354160,125948,183200,3281972,113389.923,5422.704,0,12576.015,0,56.215,1577,2365,0.540,1.060,0.870,1,0,1.004,0,0,18,303,5,2,0
08-02 07:51:28,6.475,0.996,91.154,0.249,0,4354196,125696,183240,3282116,40699.545,4409.267,0,693.369,0,43.834,1772,2801,0.540,1.060,0.870,0,0,0,0,0,18,303,5,2,0
08-02 07:51:29,6.763,1.002,91.177,0.501,0,4341892,138076,183292,3281952,182056.644,7342.222,0,1595.090,0,200.388,1711,2096,0.540,1.060,0.870,0,0,3.006,0,0,18,303,5,2,0
08-02 07:51:30,7.489,2.247,90.115,0,0,4341308,136964,183308,3283632,897714.735,22247.562,0,1074.385,0,15.976,2419,3078,0.500,1.040,0.860,0,0,0.998,0,0,18,303,5,2,0
08-02 07:51:31,11.265,2.003,84.113,0.501,0,4346804,131208,183364,3283820,113968.718,5802.776,0,1489.997,0,104.140,2443,4137,0.500,1.040,0.860,0,0,1.001,0,0,18,303,5,2,0
08-02 07:51:32,6.486,0.748,91.799,0.249,0,4346588,131208,183392,3283972,119865.894,4743.588,0,13905.477,0,42.906,1323,1959,0.500,1.040,0.860,0,0,0,0,0,18,303,5,2,0
08-02 07:51:33,6.771,0.752,90.786,0.251,0.502,4346556,130984,183436,3284160,112393.590,6050.033,0,385.212,0,9.028,1306,1915,0.500,1.040,0.860,0,0,1.003,0,0,18,303,5,2,0
08-02 07:51:34,5.237,0.499,93.516,0,0.249,4346440,130984,183468,3284240,51205.627,4215.432,0,271.320,0,6.982,1162,1854,0.500,1.040,0.860,0,0,0,0,0,18,303,5,2,0
08-02 07:51:35,4.000,0.750,93.753,0.250,0.250,4346268,130984,183524,3284324,64774.749,4943.133,0,344.009,0,10.000,1238,1923,0.460,1.020,0.860,1,0,0,0,0,18,303,5,2,0
08-02 07:51:36,5.750,2.250,90.751,0,0,4345100,129204,183528,3287268,1568381.957,36818.515,0,4.000,0,1.000,2707,3084,0.460,1.020,0.860,0,0,1.000,0,0,18,303,5,2,0
08-02 07:51:37,6.002,1.250,92.028,0.500,0,4345328,128560,183580,3287600,175077.874,7446.249,0,2044.617,0,25.008,1619,2472,0.460,1.020,0.860,0,0,0,0,0,18,303,5,2,0
08-02 07:51:38,6.505,2.002,89.324,0.250,0.500,4345940,127816,183640,3287652,59665.761,4676.901,0,1409.175,0,74.062,1781,2846,0.460,1.020,0.860,0,0,0,0,0,18,303,5,2,0
08-02 07:51:39,5.513,0.501,92.724,0.251,0,4346156,127316,183688,3287880,105903.286,5960.424,0,380.922,0,9.022,1332,2057,0.460,1.020,0.860,0,0,3.007,0,0,18,303,5,2,0
08-02 07:51:40,4.484,1.246,93.424,0,0,4346760,126560,183740,3287932,77254.767,5056.379,0,346.791,0,9.965,1294,1897,0.500,1.020,0.860,0,0,0,0,0,18,303,5,2,0
08-02 07:51:41,8.244,0.749,89.934,0.749,0,4346744,126232,183768,3288248,181592.619,6748.081,0,819.403,0,51.962,1740,2465,0.500,1.020,0.860,0,0,1.999,0,0,18,305,5,2,0
08-02 07:51:42,11.006,1.501,86.551,0,0,4347524,124712,183808,3288944,463770.697,10993.464,0,952.560,0,20.012,1716,2273,0.500,1.020,0.860,0,0,1.001,0,0,18,305,6,2,0
08-02 07:51:43,9.753,1.000,88.278,0.250,0.250,4347376,139004,183824,3275044,318573.306,9773.108,0,1076.342,0,11.003,1596,2174,0.500,1.020,0.860,0,0,1.000,0,0,18,305,6,2,0
08-02 07:51:44,5.750,1.500,91.999,0,0.750,4347264,138780,183872,3275328,133887.795,5756.948,0,419.996,0,9.000,1293,1984,0.500,1.020,0.860,1,0,2.000,0,0,18,305,6,2,0
08-02 07:51:45,5.251,0.500,93.024,0,0,4347832,138080,183904,3275364,53976.818,4821.234,0,244.062,0,6.002,1196,1887,0.460,1.010,0.850,0,0,0,0,0,18,305,6,2,0
08-02 07:51:46,12.496,1.250,85.721,0.250,0,4348036,137604,183936,3275604,145353.161,5924.010,0,343.884,0,6.998,1367,1967,0.460,1.010,0.850,0,0,1.000,0,0,18,305,6,2,0
08-02 07:51:47,5.753,1.251,92.049,0,0,4348608,136624,183968,3275976,205278.798,7532.992,0,472.250,0,14.007,1503,2129,0.460,1.010,0.850,0,0,1.001,0,0,18,305,6,2,0
08-02 07:51:48,10.744,1.249,86.204,0.750,0,4348052,136624,184012,3276444,391601.060,9139.147,0,4253.741,0,54.971,1718,2618,0.460,1.010,0.850,1,0,0.999,0,0,18,305,6,2,0
08-02 07:51:49,8.995,1.499,87.953,0,0,4347252,135872,184020,3277988,839081.287,21474.618,0,195.896,0,8.995,1773,2374,0.460,1.010,0.850,1,0,2.998,0,0,18,305,6,2,0
08-02 07:51:50,5.503,1.501,93.053,0,0,4348788,133436,184072,3278828,434162.302,13430.588,0,1492.843,0,13.007,1670,2227,0.420,0.990,0.850,0,0,0,0,0,18,305,6,2,0
08-02 07:51:51,5.250,1.000,92.995,0.250,0,4348524,133436,184128,3278984,97612.217,5750.718,0,379.981,0,9.000,1290,2065,0.420,0.990,0.850,0,0,1.000,0,0,18,305,6,2,0
08-02 07:51:52,11.500,3.750,84.501,0,0.250,4343528,167372,184160,3250436,52142.626,3804.046,0,240.003,0,7.000,1858,3580,0.420,0.990,0.850,0,0,34.000,0,0,18,305,6,3,0
08-02 07:51:53,24.272,2.002,71.815,0.250,0.500,4368416,142204,184220,3250620,35823.205,2041.836,4.004,2786.505,1.001,119.107,1559,1821,0.420,0.990,0.850,1,0,1.001,0,0,18,305,6,2,0
08-02 07:51:54,26.989,3.748,68.472,0,0,4369560,140988,184248,3250628,10575.727,1619.346,0,3.998,0,1.000,11939,24613,0.420,0.990,0.850,2,0,4.998,0,0,18,305,6,2,0
08-02 07:51:55,26.229,0.999,71.692,0,0.250,4374600,135948,184248,3250628,7172.155,1618.681,0,0,0,0,1344,1954,0.470,0.990,0.850,1,0,0.999,0,0,18,305,6,2,0
08-02 07:51:56,23.260,6.003,70.780,0,0,4373292,134956,185348,3249536,7441.170,1620.690,0,24.010,0,6.003,2923,5004,0.470,0.990,0.850,1,0,7.003,0,0,18,305,6,2,0
08-02 07:51:57,27.241,9.247,61.481,0,0,4383824,136284,185584,3237280,8171.442,1693.470,11.996,199.937,1.000,1.000,33368,70891,0.470,0.990,0.850,1,0,4.998,0,0,18,305,6,2,0
08-02 07:51:58,22.756,8.252,68.018,0.250,0,4387612,139612,186960,3227368,10196.651,1694.441,8.002,5201.352,2.001,44.011,7221,13957,0.470,0.990,0.850,1,0,0,0,0,18,305,6,2,0
08-02 07:51:59,24.006,3.501,71.019,0,0,4376080,180612,186980,3200052,7353.941,1660.438,72.019,4.001,5.001,1.000,1920,2959,0.470,0.990,0.850,1,0,3.001,0,0,18,305,6,2,0
08-02 07:52:00,26.504,1.000,71.510,0.250,0,4364456,191756,187028,3200520,5974.854,1512.216,0,1436.205,0,156.022,1855,2475,0.510,0.990,0.850,2,0,1.000,0,0,18,305,6,2,0
08-02 07:52:01,26.230,1.749,71.447,0.250,0,4381392,174624,187036,3200708,9650.820,1618.796,0,363.729,0,15.988,1414,2010,0.510,0.990,0.850,1,0,0.999,0,0,18,305,6,2,0
08-02 07:52:02,25.514,2.251,71.538,0,0.750,4380400,175668,187036,3200656,12450.599,1620.859,0,132.070,0,5.003,1451,1953,0.510,0.990,0.850,2,0,1.001,0,0,18,305,6,2,0
08-02 07:52:03,26.726,0.749,71.936,0,0,4367748,188268,187044,3200700,25954.796,1618.553,0,1206.921,0,10.990,1531,1879,0.510,0.990,0.850,2,0,0,0,0,18,305,6,2,0
08-02 07:52:04,23.510,2.751,71.530,0.500,0,4364044,169256,187076,3222532,22491.514,1694.717,0,1652.699,0,78.033,1945,2491,0.510,0.990,0.850,1,0,0,0,0,18,305,6,2,0
08-02 07:52:05,23.761,3.502,71.534,1.000,0,4360136,150324,187200,3243460,15709.556,1620.780,0,3697.779,0,179.086,2130,2868,0.550,0.990,0.850,1,0,0,0,0,18,305,6,2,0
08-02 07:52:06,23.739,3.498,71.465,0.500,0,4348644,143488,188080,3258724,7496.379,1511.270,11.994,835.596,2.999,29.986,1477,2316,0.550,0.990,0.850,2,0,0,0,0,18,305,6,2,0
08-02 07:52:07,23.257,3.501,72.271,1.000,0,4339144,134960,189080,3273764,7762.212,1566.446,0,3208.915,0,110.031,1835,2729,0.550,0.990,0.850,1,0,0,0,0,18,305,6,2,0
08-02 07:52:08,24.985,2.748,70.958,0.250,0.250,4341224,135112,189752,3269640,6278.258,1619.035,0,3741.770,0,76.954,1845,2898,0.550,0.990,0.850,1,0,0,0,0,18,305,6,2,0
08-02 07:52:09,20.677,7.139,70.154,0.738,0,4341592,132368,194116,3262608,6470.943,1595.089,0,5647.798,0,75.816,1753,2606,0.550,0.990,0.850,2,0,1.969,0,0,18,305,6,2,0
08-02 07:52:10,21.614,4.323,72.470,1.017,0.254,4343652,126344,195472,3262596,10478.340,1647.730,0,3136.789,0,104.763,1766,2718,0.590,0.990,0.850,1,0,0,0,0,18,305,6,2,0
08-02 07:52:11,20.235,7.744,70.697,0.500,0,4343880,126116,196440,3259984,5701.741,1618.791,0,1550.842,0,36.972,1543,2294,0.590,0.990,0.850,1,0,0,0,0,18,305,6,2,0
08-02 07:52:12,21.997,5.249,70.992,0.750,0,4342520,142268,198272,3241152,8377.037,1619.814,131.985,3943.546,3.000,107.988,1912,2920,0.590,0.990,0.850,2,0,0,0,0,18,305,6,2,0
08-02 07:52:13,23.218,7.739,67.407,0.250,0.250,4336928,129204,200164,3254232,12478.729,1529.883,0,128813.722,0,547.243,2938,4281,0.590,0.990,0.850,2,0,0,0,0,18,305,6,2,0
08-02 07:52:14,23.792,4.257,71.125,0,0.250,4336364,130404,201040,3251420,17083.931,1771.103,0,4.007,0,1.002,1412,2048,0.590,0.990,0.850,1,0,0,0,0,18,305,6,2,0
08-02 07:52:15,25.487,2.249,71.215,0,0,4358980,130156,201220,3229072,25533.438,1619.203,0,4457.807,0,107.947,1750,2195,0.620,0.990,0.850,1,0,0,0,0,18,305,6,2,0
08-02 07:52:16,25.248,2.000,71.994,0,0.250,4360332,128236,201584,3228960,12525.960,1693.859,0,0,0,0,1377,2086,0.620,0.990,0.850,2,0,0,0,0,18,305,6,2,0
08-02 07:52:17,26.014,3.502,70.037,0.250,0,4250188,298564,201628,3168492,10459.460,1969.028,44.023,2353.228,4.002,24.013,1763,2528,0.620,0.990,0.850,1,0,5.003,0,0,18,303,6,2,0
08-02 07:52:18,26.995,4.249,67.986,0.250,0,4258504,290248,201628,3168492,8303.348,1619.678,0,311.938,0,15.997,12034,24517,0.620,0.990,0.850,1,0,2.000,0,0,18,303,6,2,0
08-02 07:52:19,30.752,12.001,53.254,0.750,0.250,4270876,277928,201632,3168628,10501.798,1620.123,0,203239.446,0,621.047,26223,53030,0.620,0.990,0.850,2,0,7.001,0,0,18,303,6,4,0
08-02 07:52:20,26.279,4.004,68.075,0,0,4274800,274004,201632,3168628,11967.248,1459.616,0,168.186,0,13.014,11909,25124,0.730,1.010,0.860,1,0,7.008,0,0,18,303,6,3,0
08-02 07:52:21,32.336,19.301,44.870,1.253,0,4241852,131404,201700,3342264,24790.066,2174.796,7836.885,39665.709,137.366,399.064,3615,9401,0.730,1.010,0.860,4,3,27.072,0,0,18,299,6,5,0
08-02 07:52:22,65.290,19.936,10.716,3.987,0.249,3904384,727668,201676,3088116,14953.938,1688.573,15270.919,282591.750,164.471,734.639,4284,7470,0.730,1.010,0.860,2,0,19.936,0,0,18,270,6,8,0
08-02 07:52:23,64.464,10.535,23.829,0.502,0,3869700,761536,201676,3088864,7260.089,1699.639,786.610,152.506,45.150,10.033,1948,2719,0.730,1.010,0.860,5,0,8.027,0,0,18,258,6,9,0
08-02 07:52:24,89.018,10.252,0.500,0,0.250,4077068,553160,201676,3089876,7015.403,1620.324,828.166,16.003,63.013,1.000,1937,2134,0.730,1.010,0.860,6,0,2.000,0,0,18,262,6,9,0
08-02 07:52:25,69.749,9.750,20.500,0,0.250,4217308,408040,201684,3094748,107301.961,49795.054,971.982,1807.966,97.998,86.998,7036,20645,1.310,1.120,0.900,3,0,8.000,0,0,18,268,6,22,0
08-02 07:52:26,29.218,4.245,65.679,0,0.250,4253576,370804,201684,3095712,146845.407,66278.419,0,0,0,0,3837,8923,1.310,1.120,0.900,1,0,0,0,0,18,269,6,27,0
08-02 07:52:27,13.451,2.989,79.960,3.238,0,4267276,357336,201684,3095796,68776.547,27021.991,0,31780.731,0,1039.231,4270,6192,1.310,1.120,0.900,1,0,1.993,0,0,18,276,6,27,0
08-02 07:52:28,3.501,1.250,95.268,0.250,0,4267276,357336,201684,3095796,8965.686,1566.294,0,160.030,0,20.004,1293,2110,1.310,1.120,0.900,0,0,0,0,0,18,276,6,27,0
08-02 07:52:29,2.751,1.000,94.793,0,0.250,4267776,356832,201684,3095800,5716.590,1768.801,0,548.248,0,18.008,1279,2068,1.310,1.120,0.900,0,0,2.001,0,0,18,276,6,27,0
08-02 07:52:30,3.250,0.500,94.752,0.500,0.250,4267776,356832,201684,3095800,10766.269,1620.041,0,396.010,0,30.001,1479,2377,1.210,1.100,0.890,1,0,0,0,0,18,276,6,27,0
08-02 07:52:31,1.751,1.251,95.565,0,0,4267776,356832,201684,3095800,7070.787,1621.097,0,252.171,0,15.010,1230,1959,1.210,1.100,0.890,0,0,0,0,0,18,276,6,27,0
08-02 07:52:32,2.248,0.999,96.420,0.250,0,4267776,356832,201684,3095800,12455.724,1618.665,0,1334.899,0,116.904,1216,1781,1.210,1.100,0.890,0,0,0,0,0,18,276,6,27,0
08-02 07:52:33,2.750,1.000,96.262,0,0.250,4267776,356832,201684,3095800,13985.748,1620.203,0,4.001,0,1.000,1094,1784,1.210,1.100,0.890,0,0,0,0,0,18,276,6,27,0
08-02 07:52:34,2.000,0.750,96.498,0,0.250,4267776,356832,201684,3095800,6273.887,1511.973,0,0,0,0,1029,1763,1.210,1.100,0.890,0,0,0,0,0,18,276,6,27,0
08-02 07:52:35,1.500,1.250,95.994,0,0,4267776,356832,201684,3095800,12029.242,1565.901,0,0,0,0,1125,1830,1.110,1.090,0.890,0,0,0,0,0,18,276,6,27,0
08-02 07:52:36,2.499,0.500,96.470,0,0,4267772,356832,201684,3095804,22023.041,1619.488,0,0,0,0,1243,1906,1.110,1.090,0.890,0,0,0,0,0,18,276,6,27,0
08-02 07:52:37,3.500,1.000,93.010,1.000,0.250,4267764,356832,201688,3095808,14967.542,1694.174,0,1876.193,0,110.011,1855,3076,1.110,1.090,0.890,2,0,0,0,0,18,276,6,27,0
08-02 07:52:38,2.500,1.250,94.756,0.500,0,4267756,356832,201688,3095816,6660.446,1694.114,0,508.034,0,48.003,1396,2387,1.110,1.090,0.890,1,0,0,0,0,18,276,6,27,0
08-02 07:52:39,3.249,1.250,95.220,0,0.250,4268512,356076,201688,3095816,8053.423,1619.482,0,7.997,0,1.999,1159,1847,1.110,1.090,0.890,0,0,1.999,0,0,18,276,6,27,0
08-02 07:52:40,2.251,1.001,96.053,0.250,0,4268508,356076,201688,3095820,6739.714,1620.893,0,140.077,0,12.007,1166,1902,1.020,1.070,0.880,0,0,0,0,0,18,276,6,27,0
08-02 07:52:41,2.500,0.500,96.252,0,0,4268508,356076,201688,3095820,13708.343,1512.038,0,32.001,0,4.000,1113,1794,1.020,1.070,0.880,0,0,0,0,0,18,276,6,27,0
08-02 07:52:42,2.748,0.749,95.684,0,0.250,4268508,356076,201688,3095820,12615.321,1606.894,0,0,0,0,1119,1753,1.020,1.070,0.880,1,0,0,0,0,18,276,6,27,0
08-02 07:52:43,3.009,4.012,91.535,0,0,4272412,352048,201688,3095944,9304.976,1625.060,16.050,0,3.009,0,1490,2388,1.020,1.070,0.880,2,0,89.278,0,0,18,276,6,27,0
08-02 07:52:44,8.991,19.980,69.681,0,0.500,4284960,339456,201688,3095988,6309.741,1618.395,0,0,0,0,3807,6288,1.020,1.070,0.880,1,0,536.468,0,0,18,276,6,27,0
08-02 07:52:45,8.742,18.733,70.934,0,0,4292424,331964,201688,3096016,9437.280,1692.436,0,3.996,0,0.999,3539,5762,0.940,1.050,0.880,1,0,444.589,0,0,18,276,6,27,0
08-02 07:52:46,8.497,20.243,69.225,0,0.250,4288808,334764,201688,3096832,12657.469,1693.394,779.721,0,14.995,0,3975,6832,0.940,1.050,0.880,1,0,583.791,0,0,18,276,6,27,0
08-02 07:52:47,13.795,15.049,69.976,0,0,4312872,310648,201688,3096884,17101.323,1625.258,24.078,248.805,2.006,23.075,3669,6149,0.940,1.050,0.880,1,0,410.327,0,0,18,276,6,27,0
08-02 07:52:48,7.973,4.485,86.460,0.249,0,4308160,312696,201688,3099548,6175.257,1895.633,869.081,478.393,12.956,41.859,2649,4565,0.940,1.050,0.880,0,0,41.859,0,0,18,277,6,27,0
08-02 07:52:49,1.749,1.749,95.719,0,0,4308616,312196,201688,3099592,99983.305,4786.435,0,0,0,0,1266,1908,0.940,1.050,0.880,0,0,1.999,0,0,18,277,6,27,0
08-02 07:52:50,3.499,1.500,94.477,0,0.250,4308700,311468,201688,3100236,639236.748,15686.141,0,95.976,0,5.999,1567,2071,0.940,1.050,0.880,1,0,0,0,0,18,277,6,27,0
08-02 07:52:51,4.001,1.751,92.281,0.250,0.500,4308700,310312,201688,3101392,1225169.432,30825.326,0,1884.631,0,7.002,2244,2618,0.940,1.050,0.880,0,0,0,0,0,18,277,6,27,0
08-02 07:52:52,7.760,3.755,88.114,0.250,0,4299448,318380,201688,3102576,1273202.343,30037.959,0,1265.642,0,11.014,3328,5449,0.940,1.050,0.880,0,0,34.044,0,0,18,277,6,27,0
08-02 07:52:53,6.245,1.998,89.422,0.250,0,4311540,302400,201700,3106452,965410.335,18085.139,3061.315,1542.647,37.967,126.889,2447,2369,0.940,1.050,0.880,2,0,1.998,0,0,18,276,6,27,1
08-02 07:52:54,13.542,11.536,69.216,4.263,0,4339740,253092,202188,3127076,6456.182,1582.948,2022.322,24235.761,170.533,1092.415,8426,14611,0.940,1.050,0.880,1,0,93.292,0,0,18,276,5,28,0
08-02 07:52:55,15.448,11.960,68.768,3.488,0.249,4330340,256444,202572,3132164,5870.206,1614.556,0,12454.005,0,1096.303,5355,9077,0.950,1.050,0.880,1,0,114.614,0,0,18,276,5,28,0
08-02 07:52:56,21.261,10.255,67.536,1.001,0.250,4331620,254352,202588,3132864,9294.982,1620.869,12.006,1612.864,1.001,96.051,2372,3207,0.950,1.050,0.880,0,1,65.035,0,0,18,276,5,28,0
08-02 07:52:57,23.226,8.241,66.431,0.749,0,4340208,243988,202768,3134296,13288.247,1564.381,0,1474.474,0,92.904,2655,3955,0.950,1.050,0.880,1,0,58.939,0,0,18,276,5,28,0
08-02 07:52:58,22.587,7.780,68.766,1.004,0,4331828,249872,202908,3136268,16596.144,1626.286,8.031,4553.600,1.004,293.133,2680,3915,0.950,1.050,0.880,1,0,51.198,0,0,18,276,5,28,0
08-02 07:52:59,14.462,9.974,71.560,2.493,0,4352236,180276,202964,3183320,9087.854,1709.458,2429.545,4077.167,559.513,96.743,2789,3579,0.950,1.050,0.880,1,0,27.926,0,0,18,276,5,28,0
08-02 07:53:00,17.289,10.273,71.409,0.251,0.251,4351704,179628,202964,3183336,6813.193,1623.621,12.027,216.483,1.002,18.040,2030,2780,0.950,1.050,0.880,1,0,41.092,0,0,18,276,5,28,0
08-02 07:53:01,9.718,7.974,79.990,0.498,0.498,4340192,188460,202988,3185980,9790.231,1507.109,2647.409,223.275,55.819,10.964,2256,3624,0.950,1.050,0.880,0,0,50.835,0,0,18,276,5,28,0
08-02 07:53:02,43.525,6.754,49.278,0,0,4181004,347452,203004,3186264,7944.552,1620.929,92.053,100.057,11.006,4.002,1906,2437,0.950,1.050,0.880,2,0,25.014,0,0,18,268,5,32,0
08-02 07:53:03,42.158,9.285,48.180,0.251,0,4172732,404984,203008,3138072,7755.043,1700.368,140.526,12.045,23.086,3.011,2517,5476,0.950,1.050,0.880,3,0,40.150,0,0,18,270,5,33,0
08-02 07:53:04,22.401,5.725,70.936,0.498,0.249,4060328,517036,203008,3138432,8494.395,1686.534,115.489,2775.712,7.965,377.330,2400,2818,0.950,1.050,0.880,0,0,5.974,0,0,18,268,5,40,0
08-02 07:53:05,3.251,0.750,96.521,0,0,4060552,516812,203008,3138432,7623.662,1566.341,0,0,0,0,1086,1767,0.880,1.030,0.880,1,0,0,0,0,18,268,5,40,0
08-02 07:53:06,2.000,0.500,96.771,0,0,4060552,516812,203008,3138432,8749.864,1694.361,0,0,0,0,998,1581,0.880,1.030,0.880,0,0,0,0,0,18,268,5,40,0
08-02 07:53:07,2.750,1.250,94.490,0.500,0,4060768,516588,203008,3138440,8551.102,1619.830,0,547.942,0,25.997,1493,2477,0.880,1.030,0.880,0,0,0,0,0,18,268,5,40,0
08-02 07:53:08,2.250,0.500,94.738,0.250,0,4060768,516588,203008,3138440,9370.782,1511.803,0,731.905,0,43.994,1378,2343,0.880,1.030,0.880,1,0,0,0,0,18,268,5,40,0
08-02 07:53:09,2.977,1.489,94.772,0,0.744,4061020,516336,203008,3138440,20413.145,1607.647,0,91.298,0,12.901,1442,2267,0.880,1.030,0.880,1,0,1.985,0,0,18,268,5,40,0
08-02 07:53:10,2.267,0.756,95.699,0,0,4061020,516336,203008,3138440,14006.302,1706.464,0,64.471,0,6.044,1131,1795,0.810,1.010,0.870,0,0,0,0,0,18,268,5,40,0
08-02 07:53:11,2.502,0.500,96.311,0.250,0,4060988,516336,203008,3138472,6832.345,1621.031,0,176.112,0,11.007,1118,1866,0.810,1.010,0.870,0,0,0,0,0,18,268,5,40,0
08-02 07:53:12,2.749,1.000,96.230,0,0,4060988,516336,203008,3138472,7402.482,1565.679,0,31.993,0,3.999,1077,1733,0.810,1.010,0.870,0,0,0,0,0,18,268,5,40,0
08-02 07:53:13,1.500,0.750,96.743,0,0,4060988,516336,203008,3138472,13323.094,1619.890,0,0,0,0,1043,1739,0.810,1.010,0.870,0,0,0,0,0,18,268,5,40,0
08-02 07:53:14,3.000,0.750,95.746,0,0,4060988,516336,203008,3138472,7797.657,1511.933,0,0,0,0,1085,1795,0.810,1.010,0.870,0,0,0,0,0,18,270,5,40,0
08-02 07:53:15,2.251,0.750,96.278,0,0.250,4060988,516336,203008,3138472,13892.056,1620.473,0,44.013,0,3.001,1117,1781,0.740,1,0.870,0,0,0,0,0,18,270,5,40,0
08-02 07:53:16,2.750,1.250,95.740,0,0,4060988,516336,203008,3138472,8005.143,1619.827,0,99.989,0,13.999,1246,2165,0.740,1,0.870,0,0,0,0,0,18,270,5,40,0
08-02 07:53:17,2.500,1.500,94.741,0.250,0,4060988,516336,203008,3138472,8709.207,1619.853,0,311.972,0,34.997,1593,2651,0.740,1,0.870,0,0,0,0,0,18,270,5,40,0
08-02 07:53:18,2.999,0.250,94.968,0,0.250,4060972,516336,203008,3138488,8771.027,1693.426,0,275.906,0,18.994,1316,2232,0.740,1,0.870,0,0,0,0,0,18,270,5,40,0
08-02 07:53:19,14.253,2.251,82.519,0.250,0.500,4061772,515332,203008,3138692,7021.615,1694.390,64.015,252.058,4.001,21.005,3152,6062,0.740,1,0.870,0,0,2.000,0,0,18,270,5,40,0
08-02 07:53:20,2.250,0.750,96.017,0,0,4061772,515332,203008,3138692,24628.482,1566.285,0,0,0,0,1259,1827,0.680,0.980,0.860,1,0,0,0,0,18,270,5,40,0
08-02 07:53:21,2.249,1.000,96.205,0,0,4061772,515332,203008,3138692,12715.100,1553.279,0,3.998,0,1.000,1157,1799,0.680,0.980,0.860,0,0,0,0,0,18,270,5,40,0
08-02 07:53:22,3.500,0.750,94.760,0.250,0,4061768,515332,203008,3138696,18420.916,1620.168,0,476.050,0,31.003,1379,1987,0.680,0.980,0.860,0,0,0,0,0,18,270,5,40,0
08-02 07:53:23,2.249,0.250,96.469,0,0.250,4061768,515332,203008,3138696,9767.894,1619.485,0,31.990,0,3.999,1141,1799,0.680,0.980,0.860,0,0,0,0,0,18,270,5,34,0
08-02 07:53:24,2.002,1.251,96.337,0,0,4061768,515332,203008,3138696,7458.773,1621.472,0,116.105,0,2.002,1087,1764,0.680,0.980,0.860,0,0,0,0,0,18,270,5,34,0
08-02 07:53:25,2.502,0.500,96.070,0,0.250,4061764,515332,203008,3138700,11666.447,1621.174,0,0,0,0,1091,1752,0.630,0.960,0.860,2,0,0,0,0,18,270,5,21,0
08-02 07:53:26,2.747,0.749,96.142,0,0.250,4061628,515332,203008,3138836,7485.571,1618.178,0,103.883,0,8.990,1116,1767,0.630,0.960,0.860,0,0,0,0,0,18,270,5,21,0
08-02 07:53:27,4.255,0.751,94.105,0.501,0,4061628,515332,203008,3138836,8173.121,1641.832,0,244.273,0,42.047,1637,2778,0.630,0.960,0.860,0,0,0,0,0,18,270,5,16,0
08-02 07:53:28,2.248,1.748,93.906,0.500,0,4062748,514212,203008,3138836,6681.319,1510.490,0,6005.994,0,215.784,1480,2407,0.630,0.960,0.860,0,0,0,0,0,18,270,5,16,0
08-02 07:53:29,2.250,0.750,95.002,0.250,0,4062744,514212,203008,3138840,8600.146,1620.028,0,376.006,0,18.000,1226,1999,0.630,0.960,0.860,0,0,2.000,0,0,18,270,5,16,0
08-02 07:53:30,2.752,0.750,94.811,0,0.250,4062740,514212,203008,3138844,11335.277,1621.041,0,108.069,0,17.011,1368,2239,0.580,0.950,0.850,0,0,0,0,0,18,270,5,16,0
08-02 07:53:31,1.499,0.749,95.919,0.250,0.250,4062740,514212,203008,3138844,23378.199,1618.629,0,175.851,0,10.991,1237,1872,0.580,0.950,0.850,1,0,0,0,0,18,270,5,16,0
08-02 07:53:32,2.001,0.750,96.297,0,0,4062740,514212,203008,3138844,9576.654,1662.808,0,52.025,0,7.003,1132,1781,0.580,0.950,0.850,1,0,0,0,0,18,270,5,16,0
08-02 07:53:33,1.500,1.500,96.752,0,0,4062740,514212,203008,3138844,10406.260,1620.041,0,4.000,0,1.000,1039,1696,0.580,0.950,0.850,0,0,0,0,0,18,270,5,16,0
08-02 07:53:34,23.254,3.251,71.012,0.500,0,4093848,480616,203040,3140220,7221.264,1532.268,1068.187,43727.652,93.016,43.008,2451,4604,0.580,0.950,0.850,1,0,5.001,0,0,18,275,5,16,0
08-02 07:53:35,26.248,3.000,69.495,1.500,0,4097268,477168,203040,3140248,10483.277,1619.888,11.999,5311.633,3.000,490.966,2863,3673,0.610,0.950,0.850,1,0,5.000,0,0,18,279,5,16,0
08-02 07:53:36,25.860,2.260,71.302,0,0.251,4097384,476944,203040,3140356,9164.868,1626.900,16.068,353.499,1.004,38.162,2106,3447,0.610,0.950,0.850,1,0,5.021,0,0,18,280,5,17,0
08-02 07:53:37,24.654,2.739,70.723,0.249,0.249,4098944,475236,203040,3140504,11098.593,1613.689,0,270.940,0,36.856,2242,3610,0.610,0.950,0.850,1,0,9.961,0,0,18,280,5,17,0
08-02 07:53:38,24.817,2.757,70.941,0.251,0.251,4106496,467536,203040,3140652,9170.632,1624.363,0,216.582,0,31.083,2091,3371,0.610,0.950,0.850,2,0,5.013,0,0,18,281,5,17,0
08-02 07:53:39,45.008,24.505,30.256,0,0,4092728,191740,203088,3423836,8893.645,1620.300,16.003,120.022,4.001,14.003,3247,7579,0.610,0.950,0.850,3,0,25.005,0,0,18,280,5,17,0
08-02 07:53:40,73.778,10.504,13.255,1.250,0.250,3848972,681112,203088,3182868,8387.128,1620.604,0,45048.803,0,479.179,3339,4148,0.800,0.980,0.860,5,0,16.006,0,0,18,266,5,19,0
08-02 07:53:41,85.276,13.754,1.000,0,0,3910192,619716,203088,3183140,29063.806,8140.467,0,1036.314,0,67.020,2122,2397,0.800,0.980,0.860,5,0,5.002,0,0,18,265,5,19,0
08-02 07:53:42,82.755,14.751,2.500,0,0,3886552,641896,203092,3184720,18890.077,1860.106,344.020,348.020,21.001,32.002,3804,7349,0.800,0.980,0.860,3,0,8.000,0,0,18,256,5,25,0
08-02 07:53:43,44.120,7.977,46.613,0.249,0.499,3962156,563276,203092,3187744,8572.753,1615.243,0,267.213,0,28.915,6938,16379,0.800,0.980,0.860,1,0,2.991,0,0,18,262,5,30,0
08-02 07:53:44,21.023,4.505,73.081,0,0,4024436,500088,203092,3188652,96715.968,47234.241,32.035,1445.599,2.002,27.030,4703,7580,0.800,0.980,0.860,1,0,2.002,0,0,18,263,5,36,0
08-02 07:53:45,11.503,2.251,85.776,0,0,4025636,498856,203092,3188684,143442.607,66944.351,0,4.001,0,1.000,2400,2724,0.820,0.980,0.860,0,0,0,0,0,18,264,5,36,0
08-02 07:53:46,13.462,2.992,82.267,0,0.499,4046592,477716,203092,3188868,71052.708,29480.482,0,658.136,0,29.915,2910,4794,0.820,0.980,0.860,0,0,1.994,0,0,18,272,5,36,0
08-02 07:53:47,2.002,1.251,95.606,0,0,4046608,477716,203092,3188852,12081.422,1695.884,0,160.178,0,9.010,1417,2297,0.820,0.980,0.860,1,0,0,0,0,18,272,5,36,0
08-02 07:53:48,2.998,0.749,94.679,0.250,0,4046604,477716,203092,3188856,7144.613,1498.870,0,251.810,0,30.977,1498,2617,0.820,0.980,0.860,1,0,0,0,0,18,272,5,36,0
08-02 07:53:49,2.499,0.250,95.978,0,0.250,4046856,477464,203092,3188856,14168.685,1619.621,0,51.988,0,6.998,1167,1778,0.820,0.980,0.860,0,0,2.000,0,0,18,272,5,36,0
08-02 07:53:50,2.251,1.250,96.036,0,0,4046856,477464,203092,3188856,7536.849,1620.613,0,412.156,0,29.011,1108,1818,0.750,0.960,0.860,0,0,0,0,0,18,272,5,36,0
08-02 07:53:51,2.249,0.250,95.954,0,0,4046852,477464,203092,3188860,7766.249,1693.182,0,59.971,0,4.998,1107,1780,0.750,0.960,0.860,0,0,0,0,0,18,272,5,36,0
08-02 07:53:52,5.754,3.002,90.313,0,0,4075072,449244,203092,3192084,14570.228,1695.190,0,0,0,0,1922,3750,0.750,0.960,0.860,2,0,34.024,0,0,19,273,5,36,0
08-02 07:53:53,2.748,0.500,96.181,0,0.250,4046232,478084,203092,3188860,16462.180,1692.785,0,0,0,0,1193,1853,0.750,0.960,0.860,0,0,0,0,0,18,272,5,37,0
08-02 07:53:54,2.250,1.250,96.255,0,0.250,4046232,478084,203092,3188860,8098.445,1620.089,0,0,0,0,1083,1725,0.750,0.960,0.860,0,0,0,0,0,18,272,5,35,0
08-02 07:53:55,1.750,0.750,96.740,0,0.250,4046228,478084,203092,3188864,7501.205,1531.838,0,0,0,0,1008,1598,0.690,0.950,0.850,0,0,0,0,0,18,272,5,35,0
08-02 07:53:56,3.253,1.001,93.082,2.002,0,4046732,477580,203092,3188864,8657.636,1663.467,0,8699.673,0,974.860,2173,2420,0.690,0.950,0.850,0,0,0,0,0,18,272,5,35,0
08-02 07:53:57,2.998,0.500,95.189,0,0,4046732,477580,203092,3188864,11004.902,1618.956,0,403.740,0,35.977,1443,2454,0.690,0.950,0.850,0,0,0,0,0,18,272,5,35,0
08-02 07:53:58,3.250,1.000,95.741,0.250,0.250,4046728,477580,203092,3188868,4691.564,1619.849,0,123.988,0,14.999,1199,2119,0.690,0.950,0.850,1,0,0,0,0,18,272,5,35,0
08-02 07:53:59,1.749,0.750,95.462,0.500,0,4047480,476828,203092,3188868,10711.737,1767.297,0,1415.437,0,126.949,1172,1764,0.690,0.950,0.850,0,0,1.999,0,0,18,272,5,35,0
08-02 07:54:00,2.501,0.750,95.787,0.750,0.250,4047472,476828,203092,3188876,6908.667,1714.662,0,292.113,0,27.010,1236,2139,0.640,0.930,0.850,0,0,0,0,0,18,272,5,35,0
08-02 07:54:01,1.750,0.750,95.985,0.250,0,4047472,476828,203092,3188876,9878.429,1619.742,0,1851.706,0,68.989,1277,1840,0.640,0.930,0.850,0,0,0,0,0,18,272,5,35,0
08-02 07:54:02,12.006,9.254,78.287,0,0,4013856,506900,203236,3192200,24390.683,2293.098,1804.865,192.092,134.064,14.007,2682,4731,0.640,0.930,0.850,4,0,95.046,0,0,18,248,5,33,0
08-02 07:54:03,43.486,8.997,45.986,0.250,0.250,4072028,448252,203236,3192768,13675.747,1917.404,267.917,427.867,51.984,33.989,2451,3708,0.640,0.930,0.850,3,0,1.999,0,0,18,248,5,35,0
08-02 07:54:04,46.015,10.003,43.514,0,0,4147704,371960,203236,3193384,18411.818,1940.613,44.014,88.028,3.001,6.002,2455,3886,0.640,0.930,0.850,2,0,5.002,0,0,18,256,5,35,0
08-02 07:54:05,25.497,10.749,62.991,0,0,3972660,546864,203236,3193520,15981.842,1799.757,0,415.944,0,12.998,1789,2695,0.670,0.930,0.850,1,0,0,0,0,18,233,5,41,0
08-02 07:54:06,22.744,4.999,71.480,0.250,0,3972568,546964,203236,3193528,7865.829,1619.553,0,127.965,0,19.994,1481,2007,0.670,0.930,0.850,3,0,0,0,0,18,233,5,37,0
08-02 07:54:07,22.765,6.004,70.797,0,0.500,3972792,546740,203236,3193528,13591.038,1779.183,0,484.322,0,42.028,1788,2573,0.670,0.930,0.850,2,0,0,0,0,18,233,5,37,0
08-02 07:54:08,22.747,5.249,71.242,0.250,0,3972788,546740,203236,3193532,6775.207,1833.785,0,127.985,0,16.998,1521,2126,0.670,0.930,0.850,2,0,0,0,0,18,233,5,37,0
08-02 07:54:09,21.470,6.990,71.150,0,0.250,3972788,546740,203236,3193532,13221.345,1617.717,0,15.977,0,2.996,1407,1825,0.670,0.930,0.850,3,0,1.997,0,0,18,233,5,37,0
08-02 07:54:10,21.533,6.009,71.861,0.250,0,3972752,546740,203236,3193568,5474.474,1460.260,0,280.434,0,16.025,1300,1633,0.690,0.940,0.850,1,0,0,0,0,18,233,5,37,0
08-02 07:54:11,23.238,5.497,71.963,0,0,3972752,546740,203236,3193568,9245.294,1619.176,0,35.982,0,4.997,1359,1621,0.690,0.940,0.850,1,0,0,0,0,18,233,5,37,0
08-02 07:54:12,21.251,6.000,72.004,0,0,3972752,546740,203236,3193568,9174.532,1710.099,0,0,0,0,1255,1557,0.690,0.940,0.850,2,0,0,0,0,18,233,5,37,0
08-02 07:54:13,22.752,5.250,71.506,0,0,3972748,546740,203236,3193572,10770.862,1620.130,0,148.012,0,21.002,1435,1814,0.690,0.940,0.850,1,0,0,0,0,18,233,5,37,0
08-02 07:54:14,21.254,6.501,71.764,0,0.250,3972748,546740,203236,3193572,41133.898,1620.311,0,0,0,0,1343,1674,0.690,0.940,0.850,3,0,0,0,0,18,233,5,37,0
08-02 07:54:15,23.002,4.250,72.257,0,0,3972748,546740,203236,3193572,22048.006,1694.154,0,80.007,0,6.001,1335,1618,0.720,0.940,0.850,1,0,0,0,0,18,233,5,37,0
08-02 07:54:16,22.747,5.249,70.989,0.250,0.250,3972748,546740,203236,3193572,13263.997,1511.772,0,135.979,0,15.998,1443,1800,0.720,0.940,0.850,2,0,0,0,0,18,233,5,37,0
08-02 07:54:17,22.505,6.001,71.265,0,0,3972740,546740,203236,3193580,10660.260,1802.382,0,464.098,0,40.008,1682,2370,0.720,0.940,0.850,2,0,0,0,0,18,233,5,37,0
08-02 07:54:18,23.996,4.249,71.239,0.250,0,3972740,546740,203236,3193580,8576.705,1565.764,0,95.986,0,13.998,1489,2112,0.720,0.940,0.850,4,0,0,0,0,18,233,5,37,0
08-02 07:54:19,22.247,6.249,70.492,0.500,0,3972732,546740,203236,3193588,8049.034,1619.806,0,2251.730,0,138.983,1737,2450,0.720,0.940,0.850,1,0,2.000,0,0,18,233,5,37,0
08-02 07:54:20,26.007,5.752,67.519,0,0,3972476,546740,203236,3193844,11033.122,1620.459,0,312.088,0,27.008,2405,4567,0.740,0.940,0.850,3,0,0,0,0,18,233,5,38,0
08-02 07:54:21,21.755,7.252,70.017,1.000,0,3972428,546788,203236,3193844,8296.016,1620.394,0,4573.111,0,532.129,1761,1759,0.740,0.940,0.850,1,0,0,0,0,18,233,5,38,0
08-02 07:54:22,22.971,3.995,71.910,0,0,3972428,546788,203236,3193844,8155.805,1617.978,0,0,0,0,1296,1571,0.740,0.940,0.850,2,0,0,0,0,18,233,5,38,0
08-02 07:54:23,25.013,3.502,71.538,0,0.750,3972428,546788,203236,3193844,7481.988,1718.916,0,0,0,0,1374,1681,0.740,0.940,0.850,2,0,0,0,0,18,233,5,38,0
08-02 07:54:24,22.505,5.751,72.016,0,0.250,3972424,546788,203236,3193848,9880.263,1620.371,0,0,0,0,1281,1610,0.740,0.940,0.850,1,0,0,0,0,18,233,5,38,0
08-02 07:54:25,21.274,5.756,72.080,0,0,3972424,546788,203236,3193848,7653.534,1567.748,0,4.004,0,1.001,1262,1561,0.760,0.940,0.850,2,0,0,0,0,18,233,4,38,0
08-02 07:54:26,21.975,5.993,70.920,0,0,3972424,546788,203236,3193848,11614.956,1618.183,0,175.803,0,21.975,1471,1853,0.760,0.940,0.850,2,0,0,0,0,18,233,4,38,0
08-02 07:54:27,23.003,6.001,71.009,0.250,0,3972424,546788,203236,3193848,13882.777,1620.207,0,396.051,0,34.004,1690,2381,0.760,0.940,0.850,1,0,0,0,0,18,233,4,38,0
08-02 07:54:28,22.999,5.250,71.246,0,0,3972416,546788,203236,3193856,10982.352,1619.904,0,83.995,0,11.999,1459,1899,0.760,0.940,0.850,2,0,0,0,0,18,233,4,38,0
08-02 07:54:29,22.503,5.251,72.010,0,0,3972416,546788,203236,3193856,7235.020,1620.228,0,0,0,0,1320,1702,0.760,0.940,0.850,3,0,2.000,0,0,18,233,4,38,0
08-02 07:54:30,21.489,5.747,70.964,0.250,0.250,3972412,546788,203240,3193856,6836.575,1511.243,0,331.834,0,31.984,1540,2165,0.780,0.940,0.860,1,0,0,0,0,18,233,4,38,0
08-02 07:54:31,21.257,6.502,71.773,0,0,3972412,546788,203240,3193856,8112.547,1620.509,0,192.060,0,15.005,1332,1768,0.780,0.940,0.860,1,0,0,0,0,18,233,4,38,0
08-02 07:54:32,22.072,5.016,72.237,0.251,0,3972412,546788,203240,3193856,7488.540,1625.326,0,52.171,0,5.016,1210,1538,0.780,0.940,0.860,1,0,0,0,0,18,233,4,38,0
08-02 07:54:33,22.180,5.483,72.022,0,0,3972412,546788,203240,3193856,5442.736,1724.530,0,119.621,0,1.994,1288,1574,0.780,0.940,0.860,1,0,0,0,0,18,233,4,38,0
08-02 07:54:34,21.996,4.999,71.987,0,0.250,3972408,546788,203240,3193860,7874.559,1693.690,0,0,0,0,1232,1517,0.780,0.940,0.860,1,0,0,0,0,18,233,4,38,0
08-02 07:54:35,21.505,5.751,72.268,0,0,3972408,546788,203240,3193860,10496.582,1760.433,0,188.046,0,42.010,1299,1548,0.800,0.940,0.860,1,0,0,0,0,18,233,4,38,0
08-02 07:54:36,22.279,5.507,71.094,0.250,0,3972408,546788,203240,3193860,7527.967,1696.246,0,180.239,0,22.029,1374,1811,0.800,0.940,0.860,6,0,0,0,0,18,233,4,38,0
08-02 07:54:37,22.968,5.492,71.399,0.250,0,3972404,546788,203240,3193864,5522.208,1509.870,0,375.470,0,29.958,1562,2165,0.800,0.940,0.860,1,0,0,0,0,18,233,4,37,0
08-02 07:54:38,21.499,7.000,71.247,0,0,3972404,546788,203240,3193864,14987.281,1619.922,0,163.992,0,23.999,1555,1935,0.800,0.940,0.860,1,0,0,0,0,18,233,4,37,0
08-02 07:54:39,21.762,5.503,71.789,0,0.250,3972404,546788,203240,3193864,10203.510,1662.898,0,4.002,0,1.001,1320,1684,0.800,0.940,0.860,1,0,2.001,0,0,18,233,4,37,0
08-02 07:54:40,22.726,5.494,71.924,0.250,0,3972400,546788,203240,3193868,9705.809,1638.280,0,231.757,0,16.982,1383,1663,0.890,0.960,0.860,1,0,0,0,0,18,233,4,37,0
08-02 07:54:41,22.261,5.503,71.785,0,0,3972400,546788,203240,3193868,8037.971,1620.801,0,32.016,0,4.002,1287,1606,0.890,0.960,0.860,1,0,0,0,0,18,233,4,35,0
08-02 07:54:42,22.249,5.000,71.996,0.250,0,3972396,546788,203240,3193872,13061.256,1619.908,0,707.960,0,143.992,1395,1512,0.890,0.960,0.860,2,0,0,0,0,18,233,4,35,0
08-02 07:54:43,21.999,6.000,71.747,0,0.250,3972396,546788,203240,3193872,10353.617,1619.940,0,4.000,0,1.000,1391,1780,0.890,0.960,0.860,2,0,0,0,0,18,233,4,24,0
08-02 07:54:44,21.496,6.249,71.988,0,0.250,3972396,546788,203240,3193872,12215.911,1553.734,0,0,0,0,1254,1496,0.890,0.960,0.860,1,0,0,0,0,18,233,4,24,0
08-02 07:54:45,22.072,5.267,72.236,0,0,3972396,546788,203240,3193872,11541.741,1625.315,0,8.026,0,1.003,1268,1764,0.900,0.960,0.860,1,0,0,0,0,18,233,4,18,0
08-02 07:54:46,22.444,5.985,70.824,0.249,0,3972392,546788,203240,3193876,9803.697,3599.078,0,143.644,0,19.951,1461,2019,0.900,0.960,0.860,1,0,0,0,0,18,234,4,18,0
08-02 07:54:47,24.246,5.249,69.238,0,0.250,3972388,546788,203240,3193880,22764.039,8018.605,0,499.913,0,41.993,1866,2637,0.900,0.960,0.860,2,0,0,0,0,18,234,4,18,0
08-02 07:54:48,22.497,6.749,69.490,0.250,0,3972380,546788,203240,3193888,19972.984,6982.946,0,147.978,0,20.997,1702,2312,0.900,0.960,0.860,4,0,0,0,0,18,233,4,18,0
08-02 07:54:49,22.245,5.999,71.733,0,0,3972380,546788,203240,3193888,16088.219,1693.602,0,19.995,0,1.000,1392,1701,0.900,0.960,0.860,1,0,2.000,0,0,18,233,4,18,0
08-02 07:54:50,21.255,6.502,71.768,0,0,3972380,546788,203240,3193888,7883.939,1662.409,0,204.050,0,15.004,1292,1659,0.910,0.960,0.870,1,0,0,0,0,18,233,4,18,0
08-02 07:54:51,21.008,5.752,72.279,0,0,3972380,546788,203240,3193888,7098.854,1512.608,0,4.002,0,1.000,1269,1593,0.910,0.960,0.870,1,0,0,0,0,18,233,4,18,0
08-02 07:54:52,21.242,5.998,72.224,0,0.250,3972380,546788,203240,3193888,9198.652,1619.411,0,0,0,0,1261,1572,0.910,0.960,0.870,2,0,0,0,0,18,233,4,18,0
08-02 07:54:53,26.752,7.001,66.255,0.250,0,3954628,564540,203240,3193888,7662.613,1620.130,0,616.049,0,127.010,1960,3389,0.910,0.960,0.870,1,0,34.003,0,0,18,233,4,18,0
08-02 07:54:54,22.239,4.498,71.965,0,0.250,3954628,564540,203240,3193888,6782.738,1619.221,0,0,0,0,1230,1474,0.910,0.960,0.870,1,0,0,0,0,18,233,4,18,0
08-02 07:54:55,22.253,5.001,72.259,0,0,3954852,564316,203240,3193888,7344.940,1566.200,0,4.001,0,1.000,1211,1554,0.920,0.960,0.870,1,0,0,0,0,18,233,4,18,0
08-02 07:54:56,21.751,6.750,71.004,0.250,0,3954840,564316,203240,3193900,6506.384,1620.096,0,144.008,0,18.001,1368,1812,0.920,0.960,0.870,1,0,0,0,0,18,233,4,18,0
08-02 07:54:57,22.254,5.251,71.012,0.250,0.250,3954840,564316,203240,3193900,8315.455,1586.278,0,472.083,0,43.008,1651,2329,0.920,0.960,0.870,1,0,0,0,0,18,233,4,18,0
08-02 07:54:58,23.003,5.751,71.758,0,0,3954840,564316,203240,3193900,6088.700,1620.186,0,108.012,0,15.002,1464,2037,0.920,0.960,0.870,1,0,0,0,0,18,233,4,18,0
08-02 07:54:59,22.494,4.749,71.730,0,0,3954840,564316,203240,3193900,7777.884,1619.559,0,0,0,0,1323,1622,0.920,0.960,0.870,2,0,1.999,0,0,18,233,4,18,0
08-02 07:55:00,24.508,10.003,64.770,0.250,0,3961276,557524,203244,3194272,19224.017,1714.537,364.114,340.106,18.006,27.008,2236,3328,0.930,0.960,0.870,1,0,143.045,0,0,18,233,4,18,0
08-02 07:55:01,21.500,5.250,71.751,0.250,0.250,3961276,557524,203244,3194272,11864.214,1620.029,0,244.004,0,13.000,1328,1708,0.930,0.960,0.870,4,0,0,0,0,18,233,4,18,0
08-02 07:55:02,24.102,5.218,70.317,0.248,0,3911136,607664,203244,3194272,8883.279,1651.825,119.265,31.804,12.920,3.976,1432,2442,0.930,0.960,0.870,6,0,4.969,0,0,18,227,4,18,0
08-02 07:55:03,36.733,6.793,54.345,0.252,0,3724372,794188,203244,3194668,8987.005,1575.997,8.051,1678.648,2.013,276.755,1747,2951,0.930,0.960,0.870,1,0,3.019,0,0,17,201,4,20,0
08-02 07:55:04,23.749,3.750,70.748,1.000,0.250,3763624,753616,203248,3195984,7557.819,1585.962,983.976,0,132.997,0,1596,3590,0.930,0.960,0.870,3,0,0,0,0,17,201,4,20,0
08-02 07:55:05,26.252,2.000,71.255,0,0,3816088,701032,203248,3196100,9514.618,1620.105,32.002,4.000,1.000,1.000,1290,1890,0.930,0.960,0.870,3,0,0,0,0,17,203,4,10,0
08-02 07:55:06,27.320,3.008,68.676,2.256,0,3803236,712176,203256,3197800,8505.749,1624.153,256.656,4002.234,15.038,376.964,2975,5286,0.930,0.960,0.870,4,0,0,0,0,17,203,4,10,0
08-02 07:55:07,44.372,10.968,42.377,0.997,0.249,3925168,586448,203260,3201604,8349.819,1615.322,949.251,5631.691,83.757,363.946,7343,22849,0.930,0.960,0.870,0,0,5.983,0,0,18,228,4,21,0
08-02 07:55:08,3.998,0.500,94.453,0,0.250,3925868,585748,203260,3201604,13373.300,1619.189,0,331.834,0,34.982,1521,2607,0.930,0.960,0.870,0,0,0,0,0,18,228,4,21,0
08-02 07:55:09,3.247,1.499,93.171,0.250,0.250,3926300,585272,203260,3201648,9995.504,1618.624,0,411.650,0,36.969,1397,2393,0.930,0.960,0.870,2,0,1.998,0,0,18,228,4,21,0
08-02 07:55:10,3.004,0.501,94.868,0,0,3926256,585272,203260,3201692,7315.085,1762.189,0,176.219,0,9.011,1108,1830,1.020,0.980,0.870,0,0,0,0,0,18,228,4,21,0
08-02 07:55:11,2.499,0.500,96.475,0,0,3926944,584584,203260,3201692,17045.568,1457.621,0,135.965,0,7.998,1156,1769,1.020,0.980,0.870,0,0,0,0,0,18,228,4,21,0
08-02 07:55:12,5.251,0.750,91.760,0.500,0,3927444,584080,203260,3201696,7376.782,1620.172,0,2568.272,0,122.013,1693,2919,1.020,0.980,0.870,0,0,0,0,0,18,228,4,21,0
08-02 07:55:13,3.000,0.750,96.245,0,0.250,3927440,584080,203260,3201700,6033.680,1619.914,0,231.988,0,19.999,1179,1932,1.020,0.980,0.870,0,0,0,0,0,18,228,4,21,0
08-02 07:55:14,2.000,1.000,96.514,0,0,3927440,584080,203260,3201700,5482.811,1764.261,0,0,0,0,1028,1706,1.020,0.980,0.870,0,0,0,0,0,18,228,4,21,0
08-02 07:55:15,2.751,0.750,96.526,0,0,3927432,584080,203260,3201708,8434.294,1694.461,8.002,60.016,1.000,4.001,1087,1785,0.940,0.970,0.870,0,0,0,0,0,18,228,4,21,0
08-02 07:55:16,3.505,0.250,94.383,0.250,0.250,3927680,583828,203260,3201712,13164.575,1622.289,0,216.305,0,31.044,1416,2301,0.940,0.970,0.870,0,0,0,0,0,18,228,4,21,0
08-02 07:55:17,14.475,2.745,81.112,0.749,0.250,3938384,572992,203260,3201844,22553.614,1529.397,111.810,1201.954,2.995,126.784,2635,4575,0.940,0.970,0.870,1,0,1.997,0,0,18,240,4,21,0
08-02 07:55:18,19.995,2.249,77.232,0.250,0.250,3950176,561148,203260,3201896,8034.080,1619.613,35.991,239.943,2.999,23.994,2068,3421,0.940,0.970,0.870,0,0,0,0,0,18,240,4,21,0
08-02 07:55:19,2.498,1.249,94.689,0.750,0.250,3951372,559952,203260,3201896,12000.320,1618.964,0,6156.060,0,575.632,1689,1968,0.940,0.970,0.870,0,0,1.999,0,0,18,240,4,21,0
08-02 07:55:20,2.252,1.001,96.078,0,0,3951372,559952,203260,3201896,8190.618,1621.310,0,0,0,0,1111,1780,0.860,0.950,0.860,0,0,0,0,0,18,240,4,18,0
08-02 07:55:21,2.000,0.250,96.264,0,0,3951368,559952,203264,3201896,12119.757,1736.252,0,312.045,0,24.003,1147,1810,0.860,0.950,0.860,0,0,0,0,0,18,240,4,18,0
08-02 07:55:22,6.998,1.750,89.979,0,0,3951872,559196,203264,3202148,17661.885,1619.623,0,127.970,0,17.996,2717,4711,0.860,0.950,0.860,1,0,2.000,0,0,18,244,4,20,0
08-02 07:55:23,2.250,0.750,96.250,0,0.250,3951868,559196,203264,3202152,12230.037,1620.005,0,28.000,0,1.000,1154,1811,0.860,0.950,0.860,0,0,0,0,0,18,244,4,20,0
08-02 07:55:24,2.253,0.501,96.124,0,0,3951868,559196,203264,3202152,5935.657,1459.883,0,0,0,0,1093,1822,0.860,0.950,0.860,0,0,0,0,0,18,244,4,20,0
08-02 07:55:25,3.995,2.247,94.130,0,0,3962956,548108,203264,3202152,8153.580,1617.932,0,0,0,0,1227,1889,0.790,0.930,0.860,1,0,0.999,0,0,18,246,4,20,0
08-02 07:55:26,3.002,0.500,95.065,0.500,0.250,3962948,548108,203264,3202160,5573.812,1663.138,0,204.140,0,27.018,1244,2030,0.790,0.930,0.860,0,0,0,0,0,18,246,4,20,0
08-02 07:55:27,3.248,1.249,93.184,0.250,0.250,3962940,548108,203264,3202168,10558.535,1618.855,0,763.460,0,71.949,2041,3435,0.790,0.930,0.860,1,0,0,0,0,18,246,4,20,0
08-02 07:55:28,2.501,1.000,94.037,0.250,0.250,3963440,547604,203264,3202172,8791.437,1620.634,0,232.091,0,34.013,1816,3024,0.790,0.930,0.860,0,0,2.001,0,0,18,250,4,20,0
08-02 07:55:29,3.493,3.992,91.075,0.250,0.250,3967468,543324,203264,3202424,9741.287,1690.752,251.517,7.985,12.975,1.996,1635,2544,0.790,0.930,0.860,0,0,86.833,0,0,18,250,4,20,0
08-02 07:55:30,1.753,0.501,96.168,0.250,0,3967468,543324,203264,3202424,12584.009,1514.649,0,388.680,0,23.040,1206,1867,0.730,0.920,0.850,1,0,0,0,0,18,250,4,20,0
08-02 07:55:31,2.251,1.001,96.298,0,0,3967468,543324,203264,3202424,8533.292,1566.788,0,0,0,0,1077,1687,0.730,0.920,0.850,0,0,0,0,0,18,250,4,20,0
08-02 07:55:32,2.748,0.500,95.935,0,0,3967464,543324,203264,3202428,8680.124,1618.904,0,55.962,0,5.996,1159,1822,0.730,0.920,0.850,0,0,0,0,0,18,250,4,20,0
08-02 07:55:33,11.755,16.757,71.281,0,0,3988816,521948,203264,3202452,11951.163,1620.700,0,16.007,0,2.001,3107,5031,0.730,0.920,0.850,1,0,351.152,0,0,18,250,4,20,0
08-02 07:55:34,23.494,3.499,71.981,0,0.250,4041984,468776,203264,3202456,14030.324,1619.576,0,0,0,0,1632,2445,0.730,0.920,0.850,1,0,0,0,0,18,255,4,20,0
08-02 07:55:35,27.478,2.971,68.077,0.990,0,4071380,439292,203264,3202544,7363.236,1604.148,35.648,2915.192,1.980,211.906,3273,5767,0.750,0.920,0.860,2,0,2.971,0,0,18,260,4,21,0
08-02 07:55:36,26.347,3.800,68.149,0.760,0.507,4051888,458508,203264,3202820,6793.601,1641.652,64.855,863.387,5.067,85.123,2821,4963,0.750,0.920,0.860,3,0,22.294,0,0,18,264,4,28,0
08-02 07:55:37,9.738,18.477,70.411,0.250,0.250,4023780,486556,203264,3202880,8655.025,1510.085,0,1498.100,0,220.720,4429,7224,0.750,0.920,0.860,2,0,457.420,0,0,18,260,4,30,0
08-02 07:55:38,20.710,6.986,71.112,0.250,0,4077252,432676,203268,3203284,19299.520,2636.879,47.907,399.225,2.994,26.948,1976,2971,0.750,0.920,0.860,1,0,55.891,0,0,18,260,4,30,0
08-02 07:55:39,23.964,3.994,71.391,0,0,4125148,381328,203472,3206152,8608.914,1563.623,15.976,758.847,2.995,15.976,1389,2111,0.750,0.920,0.860,3,0,1.997,0,0,18,260,4,30,0
08-02 07:55:40,23.792,3.506,71.377,0.250,0,4126660,379540,203476,3206268,9683.294,1622.898,0,1506.691,0,73.131,1994,3296,0.770,0.920,0.860,1,0,3.005,0,0,18,260,4,30,0
08-02 07:55:41,26.249,3.250,67.997,0.750,0,4132352,373268,203476,3206816,6249.725,1619.929,299.987,1711.925,29.999,119.995,4579,8917,0.770,0.920,0.860,1,1,1.000,0,0,18,266,4,33,0
08-02 07:55:42,31.102,4.264,60.949,2.759,0,4146464,357672,203476,3208268,16449.741,7061.069,846.766,5409.673,49.161,519.698,6203,11112,0.770,0.920,0.860,1,0,5.016,0,0,18,272,4,35,0
08-02 07:55:43,3.240,0.498,93.699,0.249,0.249,4146452,357672,203480,3208276,13664.097,1614.812,0,665.861,0,34.888,1539,2428,0.770,0.920,0.860,0,0,0,0,0,18,270,4,35,0
08-02 07:55:44,7.989,1.498,89.131,0.999,0.499,4149556,354508,203484,3208332,22450.961,3719.024,15.979,5077.207,0.999,596.202,3066,3678,0.770,0.920,0.860,0,0,0,0,0,18,270,4,35,0
08-02 07:55:45,10.252,2.250,86.014,1.000,0,4150572,353248,203492,3208568,32644.125,10761.690,64.010,1064.167,4.001,119.019,2843,4574,0.790,0.920,0.860,0,0,0,0,0,18,270,4,35,0
08-02 07:55:46,18.832,3.013,76.333,0.502,0.251,4161072,342664,203492,3208652,12422.223,3569.581,0,1655.225,0,164.719,3922,7033,0.790,0.920,0.860,1,1,1.004,0,0,18,277,4,37,0
08-02 07:55:47,27.505,4.001,65.262,1.500,0,4169084,334348,203492,3208956,27909.331,8499.623,16.003,3708.708,1.000,327.062,6127,11799,0.790,0.920,0.860,3,0,3.001,0,0,18,282,4,40,0
08-02 07:55:48,12.444,1.991,84.123,1.493,0,4170616,332584,203492,3209188,25651.007,9187.811,15.929,2301.682,0.996,239.924,3564,6296,0.790,0.920,0.860,0,0,0,0,0,18,279,4,42,0
08-02 07:55:49,11.750,2.250,84.500,0.500,0,4171180,331828,203492,3209380,32534.837,10685.947,0,1419.993,0,156.999,3135,5359,0.790,0.920,0.860,2,0,2.000,0,0,18,279,4,43,0
08-02 07:55:50,18.828,2.761,76.064,1.757,0,4176408,326536,203492,3209444,7559.197,1668.887,0,6964.743,0,480.985,4716,8789,0.810,0.920,0.860,2,0,0,0,0,18,281,4,44,0
08-02 07:55:51,22.401,3.733,72.429,1.493,0,4177712,324772,203492,3209904,8908.526,4061.006,0,2759.771,0,286.730,5820,11975,0.810,0.920,0.860,0,0,0,0,0,18,280,4,46,0
08-02 07:55:52,11.021,1.252,85.410,0.751,0.250,4178420,324016,203492,3209952,8944.771,1797.370,0,1554.915,0,150.282,2794,4819,0.810,0.920,0.860,1,0,0,0,0,18,279,4,47,0
08-02 07:55:53,9.989,3.996,84.409,0.749,0.499,4177968,324296,203492,3210124,12436.606,4355.309,0,1026.894,0,106.885,2827,6180,0.810,0.920,0.860,1,0,33.963,0,0,18,280,4,48,0
08-02 07:55:54,12.246,1.749,84.725,1.000,0,4178136,324044,203492,3210208,11098.748,4305.738,0,1671.510,0,170.950,2851,5432,0.810,0.920,0.860,0,0,0,0,0,18,279,4,49,0
08-02 07:55:55,19.529,3.004,76.364,0.250,0.250,4178528,323288,203492,3210572,23264.781,3663.477,148.222,1502.246,8.012,59.088,2783,4842,0.820,0.930,0.860,0,0,0,0,0,18,280,3,48,0
08-02 07:55:56,8.770,1.503,88.454,1.002,0,4178476,323288,203492,3210624,24551.567,8800.276,0,1206.780,0,141.326,2641,4343,0.820,0.930,0.860,2,0,0,0,0,18,280,3,48,0
08-02 07:55:57,8.471,1.744,88.202,0.498,0,4178428,323036,203492,3210924,29614.872,10596.174,0,1482.986,0,163.447,3109,5202,0.820,0.930,0.860,0,0,0,0,0,18,279,3,48,0
08-02 07:55:58,9.994,1.999,85.947,0.750,0,4178632,322784,203492,3210972,25763.181,10625.476,0,1463.102,0,149.908,2882,4851,0.820,0.930,0.860,0,0,0,0,0,18,279,3,49,0
08-02 07:55:59,22.759,4.502,70.029,1.751,0,4179792,321528,203492,3211068,10260.268,1662.692,0,7223.005,0,531.221,5765,11013,0.820,0.930,0.860,1,0,2.001,0,0,18,280,3,52,0
08-02 07:56:00,29.042,4.256,66.095,1.001,0.250,4180616,320268,203492,3211504,7935.451,1716.477,0,1518.191,0,180.260,5781,11184,0.840,0.930,0.860,1,0,0,0,0,18,280,3,54,0
08-02 07:56:01,24.029,5.256,67.831,0.751,0.250,4182072,318504,203496,3211808,9743.585,1567.864,16.019,1213.443,3.004,126.150,6278,12601,0.840,0.930,0.860,1,0,2.002,0,0,18,282,3,55,0
08-02 07:56:02,28.942,3.992,64.871,1.497,0,4184008,316236,203496,3212136,10067.965,1616.783,0,2315.392,0,297.408,5962,12147,0.840,0.930,0.860,1,0,0,0,0,18,282,3,60,0
08-02 07:56:03,25.497,4.499,67.992,0.750,0,4184772,314976,203496,3212632,13922.315,1693.795,63.992,1791.783,4.000,186.977,6355,12939,0.840,0.930,0.860,1,0,0,0,0,18,283,3,60,0
08-02 07:56:04,8.227,1.246,88.249,0.997,0.249,4185528,313968,203496,3212884,9317.501,1581.502,207.410,1527.655,11.966,134.617,2596,4457,0.840,0.930,0.860,0,0,0,0,0,18,281,3,60,0
08-02 07:56:05,12.258,2.752,79.805,4.503,0.250,4189768,309488,203496,3213120,10639.373,4391.043,0,14890.319,0,1355.940,5684,7602,0.770,0.910,0.860,0,0,0,0,0,18,281,3,57,0
08-02 07:56:06,10.805,2.010,85.687,0.754,0,4190664,308480,203496,3213232,25186.451,4364.258,64.328,1101.618,4.021,163.836,3043,5044,0.770,0.910,0.860,0,0,0,0,0,18,281,3,58,0
08-02 07:56:07,12.502,2.000,83.013,1.000,0,4192168,306716,203496,3213492,12730.050,1620.261,0,1080.174,0,141.023,3230,6143,0.770,0.910,0.860,4,0,0,0,0,18,282,3,51,0
08-02 07:56:08,6.224,0.996,89.879,0.498,0.249,4192260,306464,203496,3213652,10889.028,4166.791,0,1943.971,0,181.251,2270,3846,0.770,0.910,0.860,0,0,0.996,0,0,18,283,3,53,0
08-02 07:56:09,14.654,3.477,79.975,0.993,0,4195720,302936,203496,3213720,28013.011,10616.272,0,1426.630,0,152.995,3555,5847,0.770,0.910,0.860,1,0,1.987,0,0,18,283,3,54,0
08-02 07:56:10,9.060,1.510,87.327,0.503,0.252,4195956,302460,203496,3213960,10911.134,3877.635,0,1059.001,0,127.845,2748,4664,0.790,0.910,0.860,0,0,0,0,0,18,283,3,55,0
08-02 07:56:11,9.748,2.000,86.233,1.250,0,4197404,300948,203496,3214024,19874.125,5950.840,0,1459.715,0,158.969,2839,4871,0.790,0.910,0.860,1,0,0,0,0,18,284,3,57,0
08-02 07:56:12,6.753,1.250,90.035,0.500,0.250,4197732,300444,203496,3214200,22145.592,6248.424,144.056,980.380,9.003,81.031,2105,3326,0.790,0.910,0.860,1,0,0,0,0,18,283,3,58,0
08-02 07:56:13,3.000,1.750,94.247,0.250,0.500,4199148,299016,203496,3214212,9117.663,1759.935,0,4147.847,0,47.998,1421,2153,0.790,0.910,0.860,0,0,0,0,0,18,283,3,58,0
08-02 07:56:14,5.250,1.750,91.997,0.250,0,4200260,297756,203496,3214360,11041.647,1619.948,0,683.978,0,69.998,1660,2842,0.790,0.910,0.860,3,0,0,0,0,18,284,3,59,0
08-02 07:56:15,4.000,1.500,92.993,0.250,0,4200216,297756,203496,3214404,7989.369,1661.869,0,623.951,0,58.995,1805,3131,0.720,0.900,0.850,0,0,0,0,0,18,283,3,59,0
08-02 07:56:16,14.287,2.256,78.703,3.258,0,4200700,297000,203508,3214664,15114.982,4399.346,0,7904.385,0,589.520,4592,7620,0.720,0.900,0.850,1,0,1.003,0,0,18,283,3,62,0
08-02 07:56:17,14.706,2.742,81.755,0.748,0,4202308,294984,203508,3215072,25130.784,4321.067,0,1256.240,0,176.472,3826,6463,0.720,0.900,0.850,0,0,0,0,0,18,283,3,67,0
08-02 07:56:18,7.501,0.500,90.767,0.500,0.250,4202156,294984,203508,3215224,6229.190,1586.303,0,612.117,0,61.012,2038,3526,0.720,0.900,0.850,0,0,0,0,0,18,283,3,68,0
08-02 07:56:19,6.495,1.749,89.683,0.250,0,4202760,294228,203508,3215376,7250.598,1692.739,0,539.598,0,52.961,1703,2916,0.720,0.900,0.850,0,0,1.999,0,0,18,283,3,68,0
08-02 07:56:20,6.005,1.501,92.327,0.250,0,4202736,294228,203516,3215392,9335.749,1663.381,0,520.432,0,47.039,1680,2792,0.670,0.880,0.850,0,0,0,0,0,18,283,3,68,0
08-02 07:56:21,3.764,0.251,94.106,0.251,0.251,4202960,293976,203516,3215416,13097.522,1626.148,0,389.473,0,25.095,1361,2197,0.670,0.880,0.850,3,0,0,0,0,18,284,3,68,0
08-02 07:56:22,4.238,0.748,93.492,0.249,0.249,4202944,293976,203516,3215432,10423.263,1615.546,0,418.845,0,40.887,1629,2682,0.670,0.880,0.850,0,0,0,0,0,18,283,3,69,0
08-02 07:56:23,9.741,1.748,86.169,0.999,0.250,4202880,293976,203516,3215496,16512.495,6951.473,0,1190.882,0,155.854,3095,5195,0.670,0.880,0.850,0,0,0,0,0,18,283,3,69,0
08-02 07:56:24,16.265,3.003,79.321,1.001,0.250,4203032,293220,203516,3216100,16240.519,5995.360,0,1397.249,0,194.174,4227,7893,0.670,0.880,0.850,0,0,0,0,0,18,283,3,73,0
08-02 07:56:25,11.542,1.756,84.307,0.753,0,4203224,292716,203520,3216408,16144.832,5957.710,0,1180.301,0,151.552,3122,5210,0.690,0.880,0.850,1,0,0,0,0,18,283,3,76,0
08-02 07:56:26,7.990,1.498,88.138,1.498,0,4203500,292240,203520,3216608,21778.276,8463.226,0,6915.197,0,615.217,3299,4039,0.690,0.880,0.850,1,0,0,0,0,18,283,3,77,0
08-02 07:56:27,4.489,1.496,92.762,0.249,0.249,4203484,292240,203520,3216624,10630.775,1615.862,0,614.426,0,54.860,1949,3121,0.690,0.880,0.850,0,0,0,0,0,18,283,3,77,0
08-02 07:56:28,8.027,1.756,89.804,0.753,0,4204292,291232,203520,3216824,13784.730,1667.653,0,915.102,0,101.344,2462,4130,0.690,0.880,0.850,1,0,0,0,0,18,283,3,77,0
08-02 07:56:29,5.740,1.497,94.087,0.250,0,4204532,290980,203520,3216836,8177.852,1617.202,0,555.040,0,42.926,1626,2608,0.690,0.880,0.850,1,0,1.997,0,0,18,284,3,77,0
08-02 07:56:30,11.718,2.493,79.783,3.491,0,4204488,290728,203520,3217132,12174.957,4377.120,31.913,7966.379,1.995,605.357,4597,7691,0.800,0.900,0.850,0,0,0,0,0,18,283,3,81,0
08-02 07:56:31,9.247,1.000,87.221,0.750,0.250,4204692,290476,203528,3217172,13859.316,4106.612,0,967.673,0,129.956,2539,4308,0.800,0.900,0.850,0,0,0,0,0,18,283,3,82,0
08-02 07:56:32,11.501,2.000,86.508,0.500,0.250,4204740,290224,203528,3217376,13724.208,3832.337,0,828.073,0,105.009,2538,4224,0.800,0.900,0.850,0,0,0,0,0,18,283,3,85,0
08-02 07:56:33,9.501,1.500,88.014,0,0,4205948,288964,203532,3217424,20415.164,3658.567,0,548.085,0,47.007,1886,3145,0.800,0.900,0.850,0,0,0,0,0,18,284,3,87,0
08-02 07:56:34,6.517,1.755,89.734,0.752,0.501,4205924,288964,203532,3217448,29327.398,8744.780,0,974.539,0,130.340,2493,3918,0.800,0.900,0.850,1,0,0,0,0,18,284,3,87,0
08-02 07:56:35,2.743,0.997,94.008,0.499,0,4205956,288712,203532,3217660,10575.799,1615.844,0,506.697,0,38.900,1580,2598,0.730,0.890,0.850,0,0,0,0,0,18,283,3,87,0
08-02 07:56:36,3.755,1.252,94.115,0,0,4205944,288712,203532,3217672,10174.443,1621.984,0,384.470,0,28.034,1393,2230,0.730,0.890,0.850,1,0,0,0,0,18,283,3,86,0
08-02 07:56:37,27.552,4.509,66.125,1.503,0,4206576,287704,203532,3218048,7452.129,1623.077,0,2733.182,0,367.697,6625,12592,0.730,0.890,0.850,2,0,0,0,0,18,285,3,89,0
08-02 07:56:38,26.772,4.504,67.305,1.251,0,4207944,285940,203532,3218444,13791.309,1567.285,32.026,2846.334,1.001,281.231,7114,13859,0.730,0.890,0.850,4,0,0,0,0,18,284,3,82,0
08-02 07:56:39,7.716,1.742,87.619,0.747,0,4208252,285436,203536,3218636,18786.280,1547.269,0,1764.325,0,164.285,3132,5095,0.730,0.890,0.850,1,0,1.991,0,0,18,283,3,82,0
08-02 07:56:40,11.758,2.752,80.552,2.752,0.500,4208380,285184,203536,3218760,15183.748,4395.822,16.010,7072.541,1.001,568.365,4618,7718,0.670,0.870,0.840,0,0,0,0,0,18,283,3,86,0
08-02 07:56:41,8.997,1.250,87.974,0.750,0,4208448,284932,203536,3218944,18206.684,4333.735,0,2667.221,0,220.935,2978,4885,0.670,0.870,0.840,0,0,0,0,0,18,283,3,88,0
08-02 07:56:42,12.053,2.511,84.871,0.502,0.251,4208636,284680,203536,3219008,13358.443,3298.431,8.035,859.761,2.009,91.400,2588,4521,0.670,0.870,0.840,2,0,0,0,0,18,285,3,86,0
08-02 07:56:43,3.984,0.747,93.121,0.498,0,4208452,284680,203536,3219192,14472.055,2159.206,0,840.576,0,98.598,1992,3411,0.670,0.870,0.840,0,0,0,0,0,18,283,3,86,0
08-02 07:56:44,11.749,2.250,84.746,1.000,0.250,4209900,283168,203536,3219256,29309.710,10759.527,0,1415.938,0,139.994,2999,4935,0.670,0.870,0.840,0,0,0,0,0,18,283,3,86,0
08-02 07:56:45,4.750,1.250,92.505,0,0,4209872,283168,203536,3219284,7632.389,1694.086,8.000,592.030,2.000,44.002,1645,2914,0.620,0.860,0.840,0,0,0,0,0,18,283,3,86,0
08-02 07:56:46,3.997,1.749,91.181,2.248,0,4209728,283168,203536,3219428,7794.077,1456.893,0,5971.462,0,583.556,1970,2703,0.620,0.860,0.840,0,0,0,0,0,18,283,3,86,0
08-02 07:56:47,19.807,3.761,75.717,1.003,0,4210268,282412,203536,3219644,11779.796,3692.594,16.046,1857.329,1.003,227.653,5099,9971,0.620,0.860,0.840,6,0,0,0,0,18,286,3,87,0
08-02 07:56:48,27.709,3.495,65.154,1.248,0,4212012,280396,203536,3219916,21013.006,6476.447,0,2436.406,0,264.610,6667,12230,0.620,0.860,0.840,1,0,0,0,0,18,284,3,83,0
08-02 07:56:49,25.779,3.504,67.327,2.503,0.250,4213028,278884,203536,3220412,12566.376,1621.855,32.037,6523.463,1.001,509.583,7219,13850,0.620,0.860,0.840,1,0,2.002,0,0,18,284,3,84,0
08-02 07:56:50,28.708,3.744,65.653,0.749,0,4213772,277876,203540,3220672,14900.022,1617.614,0,2975.611,0,291.570,5683,11478,1.130,0.960,0.870,1,0,0,0,0,18,284,3,88,0
08-02 07:56:51,25.022,3.253,69.311,0.751,0.500,4214684,276616,203540,3221020,10120.937,1695.497,0,1801.591,0,173.153,5359,10939,1.130,0.960,0.870,2,0,0,0,0,18,284,3,90,0
08-02 07:56:52,26.577,4.012,66.944,1.254,0,4214936,276112,203540,3221272,8143.633,1624.715,0,2423.032,0,286.832,5845,11258,1.130,0.960,0.870,1,0,0,0,0,18,285,3,90,0
08-02 07:56:53,28.874,5.227,61.481,0.996,0.249,4222508,268220,203540,3221576,6047.530,1505.411,0,1776.225,0,169.259,6680,20043,1.130,0.960,0.870,3,0,33.852,0,0,18,284,3,93,0
08-02 07:56:54,10.003,2.251,86.529,1.000,0,4222568,267968,203540,3221768,6380.112,1566.519,0,1764.584,0,159.053,2985,5585,1.130,0.960,0.870,0,0,0,0,0,18,283,3,90,0
08-02 07:56:55,6.250,1.250,90.246,0.500,0,4222748,267744,203540,3221812,6805.735,1619.937,0,1155.955,0,111.996,2111,3770,1.040,0.940,0.870,1,0,0,0,0,18,283,3,91,0
08-02 07:56:56,12.299,2.008,83.335,1.004,0,4223532,266736,203540,3222036,13128.778,4396.675,0,3253.077,0,229.924,3241,6236,1.040,0.940,0.870,0,0,0,0,0,18,283,3,95,0
08-02 07:56:57,11.493,1.999,82.451,2.249,0.250,4223472,266736,203540,3222096,9377.467,2942.264,0,6592.111,0,437.742,3490,6859,1.040,0.940,0.870,0,0,0,0,0,18,284,3,101,0
08-02 07:56:58,8.714,1.245,88.630,0.747,0.249,4223412,266736,203544,3222152,25907.835,9203.575,0,1394.179,0,173.277,2732,5122,1.040,0.940,0.870,1,0,0,0,0,18,284,3,100,0
08-02 07:56:59,6.254,1.501,90.801,0.250,0,4223760,266232,203544,3222308,9003.087,3684.082,0,692.391,0,66.037,1844,3331,1.040,0.940,0.870,1,0,2.001,0,0,18,284,3,101,0
08-02 07:57:00,8.000,1.750,88.504,0.250,0,4223720,266232,203544,3222348,19508.897,6580.303,0,496.023,0,38.002,1917,3546,1.040,0.950,0.870,0,0,0,0,0,18,283,3,98,0
08-02 07:57:01,3.999,0.250,94.488,0.250,0,4223704,266232,203544,3222364,16621.856,1619.791,0,375.952,0,23.997,1292,2207,1.040,0.950,0.870,1,0,0,0,0,18,283,3,98,0
08-02 07:57:02,10.250,2.500,86.501,0.750,0.500,4223668,265980,203544,3222652,8936.116,1620.021,0,1104.014,0,127.002,2567,4741,1.040,0.950,0.870,1,0,0,0,0,18,283,3,93,0
08-02 07:57:03,11.762,1.752,84.588,1.001,0,4223948,265476,203544,3222876,13556.058,4221.378,0,1401.453,0,189.196,2989,5557,1.040,0.950,0.870,2,0,0,0,0,18,283,3,97,0
08-02 07:57:04,11.774,1.754,84.425,1.002,0,4224644,264720,203544,3222936,8904.432,1665.447,0,1226.539,0,145.301,2620,4741,1.040,0.950,0.870,3,0,0,0,0,18,283,3,101,0
08-02 07:57:05,4.231,0.995,92.326,0.498,0.249,4224600,264720,203544,3222980,13563.688,4359.970,7.963,816.250,1.991,85.607,1898,3258,0.950,0.930,0.860,2,0,0,0,0,18,284,3,101,0
08-02 07:57:06,7.516,1.754,89.941,0.501,0.251,4224704,264468,203544,3223128,8079.184,1623.453,0,793.688,0,77.164,1982,3308,0.950,0.930,0.860,1,0,0,0,0,18,283,3,98,0
08-02 07:57:07,10.990,1.748,85.421,1.499,0,4225360,263768,203544,3223172,11405.427,1618.500,0,7964.617,0,861.202,3894,4420,0.950,0.930,0.860,0,0,0,0,0,18,283,3,100,0
08-02 07:57:08,13.509,3.252,79.552,1.251,0,4225392,263516,203544,3223392,18250.027,8111.345,0,1649.087,0,229.151,3561,6793,0.950,0.930,0.860,0,0,0,0,0,18,284,3,104,0
08-02 07:57:09,8.196,1.739,88.415,1.490,0,4225356,263516,203544,3223428,19868.589,6443.383,0,6147.341,0,401.346,2765,4851,0.950,0.930,0.860,1,0,1.987,0,0,18,283,3,104,0
08-02 07:57:10,3.269,0.503,95.042,0.251,0.251,4225308,263516,203544,3223476,6535.277,1466.364,0,253.446,0,13.075,1206,2061,0.880,0.910,0.860,0,0,0,0,0,18,283,3,99,0
08-02 07:57:11,8.039,2.010,89.185,0.502,0.251,4225556,263012,203544,3223732,9928.401,1627.936,0,606.959,0,70.343,2404,4567,0.880,0.910,0.860,2,0,0,0,0,18,284,3,100,0
08-02 07:57:12,28.726,3.747,64.697,1.499,0.250,4226616,261752,203552,3223924,15854.904,1844.476,3.997,3780.877,0.999,377.688,5904,11928,0.880,0.910,0.860,1,0,0,0,0,18,284,4,102,0
08-02 07:57:13,25.777,5.005,67.071,1.251,0,4227136,260496,203552,3224660,10833.451,1695.792,0,1938.049,0,198.210,5865,11660,0.880,0.910,0.860,1,0,0,0,0,18,283,4,104,0
08-02 07:57:14,3.236,1.245,94.599,0.249,0,4227100,260496,203552,3224696,7571.865,1613.154,0,1210.861,0,55.763,1617,2687,0.880,0.910,0.860,1,0,0,0,0,18,284,4,103,0
08-02 07:57:15,10.998,2.000,84.234,1.250,0.250,4226884,260496,203552,3224912,11917.700,4531.125,0,2387.539,0,255.951,3609,6077,0.890,0.910,0.860,0,0,0,0,0,18,283,4,107,0
08-02 07:57:16,14.307,2.008,81.070,1.004,0,4227184,259992,203552,3225116,21577.252,8981.486,0,1505.950,0,168.666,3467,5939,0.890,0.910,0.860,1,0,0,0,0,18,285,4,111,0
08-02 07:57:17,12.696,1.743,82.900,1.245,0,4228048,259068,203552,3225176,15530.508,3618.740,0,5512.753,0,610.426,3706,5057,0.890,0.910,0.860,0,0,0,0,0,18,286,4,112,0
08-02 07:57:18,11.521,3.005,83.151,2.254,0,4228264,258816,203552,3225208,23279.205,8609.609,0,5750.426,0,460.835,4101,6478,0.890,0.910,0.860,1,0,0,0,0,18,286,4,113,0
08-02 07:57:19,10.488,2.497,84.655,0.999,0.499,4228956,258060,203552,3225272,29732.462,12651.729,0,1522.283,0,156.823,2969,4872,0.890,0.910,0.860,0,0,1.998,0,0,18,286,4,108,0
08-02 07:57:20,4.996,0.749,91.926,0.250,0.250,4228852,258060,203552,3225376,19899.981,6480.783,0,639.485,0,41.966,1706,2871,0.820,0.900,0.860,0,0,0,0,0,18,285,4,110,0
08-02 07:57:21,4.001,1.000,95.035,0.250,0,4228712,258060,203552,3225516,8365.120,1662.620,0,488.182,0,26.010,1202,1935,0.820,0.900,0.860,0,0,0,0,0,18,285,4,111,0
08-02 07:57:22,22.825,2.257,72.236,1.254,0,4228656,257808,203552,3225820,8553.946,1625.310,0,2094.844,0,191.626,4528,8703,0.820,0.900,0.860,1,0,0,0,0,18,286,4,114,0
08-02 07:57:23,28.195,3.992,66.121,1.248,0,4229232,256800,203556,3226248,13789.097,1616.846,0,2886.369,0,291.431,6506,12763,0.820,0.900,0.860,1,0,0,0,0,18,286,4,115,0
08-02 07:57:24,17.974,2.996,76.141,0.749,0.250,4229856,255792,203556,3226632,15729.585,1509.848,15.977,2152.932,0.999,194.723,5350,10175,0.820,0.900,0.860,0,0,0,0,0,18,285,4,117,0
08-02 07:57:25,13.742,2.998,82.451,0.750,0,4229856,255288,203556,3227216,17501.639,7466.580,0,1523.098,0,130.922,3187,5289,0.910,0.920,0.860,0,0,0,0,0,18,286,3,115,0
08-02 07:57:26,6.004,1.251,91.067,0.751,0,4230064,255036,203556,3227260,9094.721,2570.900,0,928.686,0,80.059,2053,3337,0.910,0.920,0.860,3,0,0,0,0,18,285,3,116,0
08-02 07:57:27,5.756,1.251,91.097,1.251,0.501,4230064,255036,203556,3227260,12068.914,1621.735,0,4236.533,0,289.310,2530,4204,0.910,0.920,0.860,0,0,0,0,0,18,285,3,112,0
08-02 07:57:28,6.245,1.499,89.932,0.500,0,4230232,254784,203556,3227344,8707.382,1734.682,0,691.474,0,63.951,2144,3824,0.910,0.920,0.860,2,0,0,0,0,18,286,3,112,0
08-02 07:57:29,28.498,5.000,64.496,2.000,0.250,4230460,254280,203556,3227620,8191.549,1619.911,0,2863.842,0,313.983,6533,12067,0.910,0.920,0.860,1,0,2.000,0,0,18,286,3,116,0
08-02 07:57:30,24.306,3.508,68.659,1.002,0,4231680,252768,203556,3227912,8016.518,1623.751,0,1675.871,0,204.472,6593,12575,0.920,0.920,0.860,3,1,0,0,0,18,286,3,118,0
08-02 07:57:31,8.230,1.995,88.537,0.748,0,4231744,252516,203556,3228100,11390.594,4287.684,0,1336.784,0,137.669,2627,4366,0.920,0.920,0.860,0,0,0,0,0,18,285,3,114,0
08-02 07:57:32,12.247,2.249,82.728,1.000,0,4232276,251760,203556,3228324,13240.544,4407.850,0,1803.529,0,215.944,3391,5912,0.920,0.920,0.860,0,0,0,0,0,18,285,3,115,0
08-02 07:57:33,13.248,2.500,82.735,0.500,0.250,4237348,246468,203556,3228544,13959.473,4420.200,0,1571.716,0,173.969,2836,5118,0.920,0.920,0.860,1,0,0,0,0,18,285,3,113,0
08-02 07:57:34,11.756,2.251,83.290,1.000,0.250,4237504,246216,203556,3228640,19690.511,3065.481,0,1816.878,0,214.103,3419,5904,0.920,0.920,0.860,0,0,0,0,0,18,286,3,114,0
08-02 07:57:35,4.253,1.751,92.316,1.001,0,4237492,246216,203556,3228652,17225.247,2991.127,0,976.694,0,76.054,1925,3107,0.850,0.900,0.860,1,0,0,0,0,18,286,3,112,0
08-02 07:57:36,17.529,2.003,79.131,0.751,0.250,4240024,243444,203556,3228892,28660.347,10661.613,0,1414.336,0,148.245,3319,5739,0.850,0.900,0.860,0,1,0,0,0,18,285,3,113,0
08-02 07:57:37,4.239,1.995,92.262,0.499,0,4240000,243444,203556,3228916,7610.358,1615.830,0,969.498,0,80.791,1986,3455,0.850,0.900,0.860,0,0,0,0,0,18,285,3,113,0
08-02 07:57:38,4.997,0.500,91.950,1.499,0.250,4239976,243444,203556,3228940,10951.010,1511.173,0,7264.027,0,762.583,2862,2879,0.850,0.900,0.860,0,0,0,0,0,18,285,3,114,0
08-02 07:57:39,10.256,4.002,83.549,2.001,0,4240428,242940,203556,3228992,24285.158,9754.687,0,5715.332,0,420.245,3958,6556,0.850,0.900,0.860,0,0,2.001,0,0,18,286,3,110,0
08-02 07:57:40,6.251,1.500,92.011,0.250,0,4240332,242940,203556,3229088,12415.515,2527.308,0,872.106,0,91.011,1747,2800,0.780,0.890,0.850,0,0,0,0,0,18,285,3,110,0
08-02 07:57:41,2.499,0.500,94.729,0,0.250,4240444,242688,203556,3229228,7880.258,1619.642,0,411.909,0,26.994,1233,2051,0.780,0.890,0.850,0,0,0,0,0,18,285,3,104,0
08-02 07:57:42,7.998,1.999,89.223,0.750,0,4240600,242436,203556,3229324,16192.175,3872.846,0,1091.675,0,78.976,2258,3911,0.780,0.890,0.850,2,0,0,0,0,18,285,3,104,0
08-02 07:57:43,6.001,0.750,90.764,0.250,0,4240572,242436,203560,3229348,22787.395,8475.263,0,788.117,0,90.013,2142,3730,0.780,0.890,0.850,0,0,0,0,0,18,285,3,103,0
08-02 07:57:44,2.501,0.750,95.021,0.500,0.250,4240552,242436,203560,3229368,11340.472,1694.369,0,408.089,0,26.006,1215,2205,0.780,0.890,0.850,0,0,0,0,0,18,285,3,103,0
08-02 07:57:45,2.005,1.253,96.241,0,0,4240544,242436,203560,3229376,10037.133,1515.796,0,633.587,0,20.050,1116,1838,0.710,0.870,0.850,1,0,0,0,0,18,286,3,101,0
08-02 07:57:46,11.965,1.246,84.749,0.997,0,4241148,241708,203560,3229500,39962.591,12636.558,0,1148.597,0,138.589,3082,5104,0.710,0.870,0.850,1,1,0,0,0,18,286,3,102,0
08-02 07:57:47,5.500,1.500,91.500,0.250,0.250,4241252,241456,203560,3229648,16128.032,3608.007,0,648.001,0,65.000,1980,3409,0.710,0.870,0.850,0,0,0,0,0,18,287,3,102,0
08-02 07:57:48,6.505,1.501,90.817,0,0.250,4241344,241204,203560,3229808,35156.015,11330.384,0,488.361,0,43.032,1850,3175,0.710,0.870,0.850,0,0,0,0,0,18,285,3,102,0
08-02 07:57:49,23.857,3.265,70.065,1.758,0.251,4241464,240952,203564,3229936,9910.538,1701.647,0,2077.336,0,279.255,4863,10818,0.710,0.870,0.850,1,1,2.009,0,0,18,287,3,101,0
08-02 07:57:50,26.242,4.499,66.980,1.000,0,4242696,239188,203572,3230460,11516.510,1619.509,0,1983.399,0,211.936,5928,13644,0.740,0.880,0.850,1,0,0,0,0,18,287,3,104,0
08-02 07:57:51,10.702,2.738,84.624,1.493,0,4242636,238936,203572,3230772,6311.950,1612.833,95.575,5993.365,4.978,427.102,3879,7131,0.740,0.880,0.850,0,0,0,0,0,18,285,3,98,0
08-02 07:57:52,2.749,0.500,94.199,0.250,0,4242620,238936,203572,3230788,37461.883,1511.188,0,359.807,0,18.990,1355,2355,0.740,0.880,0.850,0,0,0,0,0,18,285,3,98,0
08-02 07:57:53,8.002,3.751,87.270,0,0.250,4242420,238988,203572,3230936,13519.042,1620.365,0,1480.333,0,15.003,2095,4367,0.740,0.880,0.850,0,0,34.008,0,0,18,285,3,94,0
08-02 07:57:54,3.001,0.750,95.017,0,0.250,4242652,238740,203572,3230952,10667.931,1620.293,0,304.055,0,17.003,1203,2180,0.740,0.880,0.850,0,0,0,0,0,18,285,3,94,0
08-02 07:57:55,2.998,0.999,94.197,0.250,0,4242632,238740,203572,3230972,14971.601,1565.122,0,451.747,0,15.991,1378,2719,0.680,0.860,0.840,1,0,0,0,0,18,285,3,93,0
08-02 07:57:56,3.513,1.505,93.591,0.251,0,4242616,238740,203572,3230988,15370.039,1668.082,0,256.937,0,26.095,1501,2597,0.680,0.860,0.840,1,0,0,0,0,18,285,3,93,0
08-02 07:57:57,13.462,2.493,82.019,0.997,0.249,4243080,237984,203572,3231280,15384.661,1615.449,0,1025.112,0,116.671,3454,6727,0.680,0.860,0.840,6,0,0,0,0,18,286,3,86,0
08-02 07:57:58,28.997,3.500,64.993,1.250,0,4243124,237480,203576,3231736,7937.119,1511.832,0,2291.746,0,300.967,6037,11792,0.680,0.860,0.840,1,0,0,0,0,18,287,3,89,0
08-02 07:57:59,24.767,4.503,67.046,1.251,0.250,4243080,237228,203576,3232032,5601.871,1621.120,4.003,1857.283,1.001,194.134,6517,12994,0.680,0.860,0.840,1,0,2.001,0,0,18,286,3,90,0
08-02 07:58:00,12.242,2.498,82.694,0.749,0.250,4243484,236724,203576,3232132,11012.478,4455.957,0,1750.804,0,206.859,3924,6944,0.620,0.850,0.840,1,0,0,0,0,18,285,3,90,0
08-02 07:58:01,7.499,2.000,88.243,0.750,0,4243304,236724,203576,3232312,12067.083,4284.674,0,1403.893,0,157.988,2738,4458,0.620,0.850,0.840,0,0,0,0,0,18,285,3,90,0
08-02 07:58:02,10.515,2.003,85.871,1.001,0.250,4243480,236472,203576,3232388,20641.145,4236.983,0,1381.951,0,165.233,3168,5162,0.620,0.850,0.840,0,0,0,0,0,18,285,3,91,0
08-02 07:58:03,6.494,1.998,89.670,1.499,0,4244500,235296,203576,3232544,16973.876,3828.589,0,7809.042,0,750.331,3109,3346,0.620,0.850,0.840,1,0,0,0,0,18,285,3,92,0
08-02 07:58:04,5.004,1.751,89.573,2.002,0,4244464,235296,203576,3232580,13867.330,1621.325,0,5464.464,0,363.297,2804,4419,0.620,0.850,0.840,1,0,0,0,0,18,286,3,87,0
08-02 07:58:05,7.990,1.998,88.392,0.749,0,4244520,235044,203576,3232776,21819.228,4170.882,0,1486.176,0,155.809,2854,4779,0.570,0.830,0.830,2,0,0,0,0,18,285,3,89,0
08-02 07:58:06,9.524,1.504,88.219,0.752,0.251,4244724,234792,203576,3232824,10863.932,3841.523,0,926.296,0,91.226,2349,3989,0.570,0.830,0.830,1,0,0,0,0,18,285,3,82,0
08-02 07:58:07,9.724,0.997,86.272,0.748,0.249,4244776,234540,203576,3233024,20747.062,4271.689,0,1268.641,0,151.599,3216,5397,0.570,0.830,0.830,0,0,0,0,0,18,285,3,84,0
08-02 07:58:08,8.022,2.256,87.495,0.501,0,4244596,234540,203580,3233200,15893.534,3842.767,0,1776.979,0,143.402,2754,4591,0.570,0.830,0.830,0,0,0,0,0,18,285,3,82,0
08-02 07:58:09,9.216,1.245,86.925,1.245,0.249,4244904,234036,203580,3233396,15256.985,4268.050,0,1167.637,0,142.468,2739,4632,0.570,0.830,0.830,0,0,1.993,0,0,18,285,3,83,0
08-02 07:58:10,5.007,1.502,91.883,0.250,0,4244836,234036,203580,3233464,8872.848,1568.271,0,733.061,0,65.094,1719,2916,0.530,0.820,0.830,3,0,0,0,0,18,286,3,76,0
08-02 07:58:11,3.998,1.749,92.955,0.500,0,4245044,233784,203580,3233508,12323.085,3830.162,0,1071.486,0,122.941,1952,3197,0.530,0.820,0.830,0,0,0,0,0,18,285,3,76,0
08-02 07:58:12,11.251,2.750,84.260,1.000,0,4244816,233784,203580,3233736,11474.331,3724.432,0,1332.155,0,151.018,3269,5745,0.530,0.820,0.830,2,0,0,0,0,18,285,3,75,0
08-02 07:58:13,10.038,1.255,86.575,0.753,0.502,4244760,233784,203580,3233792,27969.971,10726.256,0,1108.159,0,125.471,2725,4670,0.530,0.820,0.830,0,0,0,0,0,18,285,3,76,0
08-02 07:58:14,17.508,3.001,77.787,1.251,0.250,4245160,233308,203580,3233868,10995.278,1694.814,0,6623.179,0,486.233,4701,9306,0.530,0.820,0.830,1,0,0,0,0,18,287,3,71,0
08-02 07:58:15,25.161,3.986,65.766,1.744,0,4246000,232048,203584,3234284,7784.350,1688.004,0,2132.426,0,282.995,5921,12612,0.570,0.820,0.830,2,0,0,0,0,18,286,3,74,0
08-02 07:58:16,16.751,3.750,77.503,1.500,0,4246960,230788,203584,3234584,9320.382,1694.069,16.001,2312.095,1.000,232.010,4223,8240,0.570,0.820,0.830,2,0,0,0,0,18,285,3,71,0
08-02 07:58:17,11.490,2.248,86.177,0.500,0.250,4247152,230536,203584,3234644,15275.108,1692.571,0,1338.870,0,129.890,2820,5011,0.570,0.820,0.830,0,0,0,0,0,18,285,3,71,0
08-02 07:58:18,4.249,1.000,92.977,0.250,0,4247148,230536,203584,3234648,15046.253,1565.610,0,923.770,0,75.981,1791,3019,0.570,0.820,0.830,0,0,0,0,0,18,285,3,65,0
08-02 07:58:19,5.275,1.256,92.934,0.502,0,4247488,230032,203584,3234812,13933.039,1561.288,0,614.870,0,52.244,1667,2686,0.570,0.820,0.830,1,0,2.009,0,0,18,286,3,65,0
08-02 07:58:20,6.473,0.996,89.620,0.747,0.249,4247700,229780,203584,3234852,15723.255,1752.560,0,1234.758,0,156.336,2763,4677,0.520,0.810,0.830,0,0,0,0,0,18,285,3,62,0
08-02 07:58:21,8.499,2.250,86.993,0.500,0.250,4247832,229276,203584,3235224,17184.591,1693.861,0,827.932,0,82.993,2485,4001,0.520,0.810,0.830,0,0,0,0,0,18,285,3,62,0
08-02 07:58:22,3.249,1.249,94.707,0.250,0,4247940,229024,203584,3235368,19760.930,1619.257,0,431.802,0,23.989,1492,2319,0.520,0.810,0.830,0,0,0,0,0,18,285,3,60,0
08-02 07:58:23,14.317,2.763,80.123,1.005,0,4247948,228772,203584,3235612,7940.981,1627.580,0,1290.008,0,159.744,3846,7661,0.520,0.810,0.830,2,0,0,0,0,18,287,3,62,0
08-02 07:58:24,26.182,3.740,62.838,4.239,0.249,4248160,228268,203584,3235904,10151.748,1615.821,31.917,13157.973,0.997,1206.879,7712,13093,0.520,0.810,0.830,1,0,0,0,0,18,286,3,58,0
08-02 07:58:25,30.752,5.250,61.753,0.500,0,4249744,226252,203584,3236336,10120.567,1458.082,0,1460.082,0,149.008,8027,15630,0.560,0.810,0.830,1,0,0,0,0,18,286,3,61,0
08-02 07:58:26,27.828,3.761,64.681,2.006,0,4250476,225244,203584,3236612,9470.489,1624.544,0,2434.810,0,282.791,6250,11672,0.560,0.810,0.830,1,0,0,0,0,18,286,3,63,0
08-02 07:58:27,25.731,5.746,66.451,0.999,0.250,4251336,223984,203584,3237060,11085.852,1660.779,0,2110.449,0,229.831,6368,12408,0.560,0.810,0.830,5,0,0,0,0,18,287,3,64,0
08-02 07:58:28,28.762,4.752,64.027,2.251,0,4252556,222472,203584,3237352,8341.528,1662.703,0,7086.998,0,559.237,6338,12643,0.560,0.810,0.830,1,0,0,0,0,18,285,3,68,0
08-02 07:58:29,26.269,4.754,68.050,1.001,0,4252964,221716,203584,3237700,14784.941,1695.254,0,1541.140,0,179.133,5668,12006,0.560,0.810,0.830,2,0,2.001,0,0,18,286,3,70,0
08-02 07:58:30,3.234,0.746,93.545,0.249,0.249,4253308,221212,203584,3237860,15144.353,1612.160,0,899.625,0,56.724,1730,3182,0.510,0.800,0.820,0,0,0,0,0,18,285,3,64,0
08-02 07:58:31,3.749,2.000,94.982,0.250,0,4253292,221212,203584,3237876,9598.157,1619.689,0,767.853,0,30.994,1311,2083,0.510,0.800,0.820,0,0,0,0,0,18,285,3,65,0
08-02 07:58:32,22.018,3.253,69.556,1.751,0.500,4253220,220960,203584,3238200,9984.107,1513.229,0,1885.531,0,255.207,5035,10931,0.510,0.800,0.820,1,0,0,0,0,18,287,3,66,0
08-02 07:58:33,27.028,3.754,66.820,1.001,0,4254272,219448,203584,3238660,8925.407,1567.652,0,2050.161,0,230.243,5693,11742,0.510,0.800,0.820,2,0,0,0,0,18,286,3,68,0
08-02 07:58:34,25.310,3.508,67.160,2.255,0,4256060,217180,203584,3239140,9779.226,1623.857,0,8195.464,0,897.131,6082,10871,0.510,0.800,0.820,2,0,0,0,0,18,285,3,69,0
08-02 07:58:35,12.204,1.992,83.682,1.494,0,4256204,216928,203584,3239248,11657.631,4354.427,0,2191.659,0,227.136,3356,5975,0.470,0.780,0.820,0,0,0,0,0,18,285,3,70,0
08-02 07:58:36,12.251,2.250,81.005,2.750,0.250,4256272,216676,203584,3239432,26656.599,10686.641,0,6412.385,0,475.029,4250,7054,0.470,0.780,0.820,0,0,0,0,0,18,285,3,68,0
08-02 07:58:37,11.245,3.249,83.465,1.000,0,4256408,216424,203584,3239548,15425.537,4195.242,0,1247.477,0,151.936,3337,5787,0.470,0.780,0.820,1,0,0,0,0,18,285,3,71,0
08-02 07:58:38,11.754,2.001,84.279,0.750,0.250,4256716,215920,203584,3239744,5942.044,1794.617,16.006,1136.391,1.000,127.044,3069,5513,0.470,0.780,0.820,1,1,0,0,0,18,286,3,70,0
08-02 07:58:39,19.829,2.259,75.301,1.757,0,4257120,215416,203584,3239844,30286.023,10620.439,0,3718.861,0,326.304,4613,7638,0.470,0.780,0.820,0,0,2.008,0,0,18,285,3,71,0
08-02 07:58:40,12.204,1.992,82.188,1.494,0.498,4257144,215284,203584,3239952,14867.518,1560.073,0,4040.650,0,565.850,3663,6185,0.670,0.820,0.830,3,1,1.992,0,0,18,286,3,72,0
08-02 07:58:41,27.658,3.239,65.282,2.243,0,4257136,215032,203584,3240212,15544.021,1614.601,0,2938.175,0,345.843,5727,11439,0.670,0.820,0.830,2,0,0,0,0,18,287,3,75,0
08-02 07:58:42,26.602,4.517,64.749,2.259,0,4257856,214024,203584,3240500,9781.620,1853.127,0,6794.130,0,542.085,7023,13603,0.670,0.820,0.830,2,0,0,0,0,18,286,4,79,0
08-02 07:58:43,22.001,3.250,73.504,1.500,0,4258796,212764,203584,3240820,13112.721,4448.245,32.002,2432.134,1.000,235.013,4689,9611,0.670,0.820,0.830,1,0,0,0,0,18,285,4,80,0
08-02 07:58:44,10.532,1.003,86.513,0.502,0,4260124,211252,203584,3241004,11686.504,1624.937,8.024,794.413,1.003,87.265,2436,4381,0.670,0.820,0.830,1,0,0,0,0,18,286,4,80,0
08-02 07:58:45,10.957,2.241,83.920,1.245,0.249,4260548,210748,203584,3241084,17593.786,7622.015,0,1753.103,0,168.338,3348,5769,0.860,0.860,0.840,0,0,0,0,0,18,286,4,80,0
08-02 07:58:46,21.015,3.252,72.552,1.501,0,4260616,210496,203584,3241268,18679.393,6686.794,0,2769.986,0,262.188,5100,9551,0.860,0.860,0.840,2,0,0,0,0,18,288,4,81,0
08-02 07:58:47,28.082,4.262,65.191,1.003,0.251,4261560,209236,203584,3241584,27213.627,8649.308,0,2675.829,0,305.895,6586,12787,0.860,0.860,0.840,1,0,0,0,0,18,287,4,83,0
08-02 07:58:48,28.136,4.233,65.735,1.743,0.249,4262664,207724,203584,3241992,20822.917,7844.325,0,2577.592,0,279.870,5372,11599,0.860,0.860,0.840,0,0,0,0,0,18,286,4,84,0
08-02 07:58:49,6.016,1.504,88.234,2.507,0,4262652,207724,203584,3242004,10641.199,3024.014,0,6741.866,0,440.166,2776,5063,0.860,0.860,0.840,1,0,2.005,0,0,18,286,4,85,0
08-02 07:58:50,8.738,1.498,87.876,0.499,0.250,4262948,207220,203584,3242212,23750.369,8462.018,0,1154.365,0,114.837,2435,4497,0.870,0.860,0.840,0,0,0,0,0,18,285,4,85,0
08-02 07:58:51,12.240,0.999,83.434,0.500,0,4262888,207220,203584,3242272,29645.610,10677.575,0,1115.120,0,116.908,3031,5102,0.870,0.860,0.840,0,0,0,0,0,18,285,4,78,0
08-02 07:58:52,4.499,1.250,94.469,0.250,0,4262796,207220,203584,3242364,15914.732,1619.464,0,479.841,0,24.992,1587,2666,0.870,0.860,0.840,0,0,0,0,0,18,285,4,78,0
08-02 07:58:53,7.000,4.000,87.753,0,0.250,4269296,200580,203584,3242504,8602.275,1512.048,0,440.014,0,27.001,2110,4572,0.870,0.860,0.840,0,0,34.001,0,0,18,285,4,79,0
08-02 07:58:54,4.005,1.001,94.364,0.250,0,4269492,200356,203584,3242532,6529.921,1706.069,0,388.471,0,23.028,1221,2184,0.870,0.860,0.840,0,0,0,0,0,18,285,4,79,0
08-02 07:58:55,3.496,0.749,95.148,0,0.250,4269480,200356,203584,3242540,30697.123,1564.325,0,411.559,0,28.969,1300,2113,0.800,0.850,0.840,0,0,0,0,0,18,285,3,76,0
08-02 07:58:56,13.291,2.257,83.756,1.003,0,4269288,200356,203584,3242732,8403.715,1624.972,0,978.996,0,132.405,3461,6861,0.800,0.850,0.840,1,0,0,0,0,18,287,3,77,0
08-02 07:58:57,29.673,3.990,64.083,1.745,0.249,4270100,199096,203584,3243164,12591.187,1615.789,0,2904.431,0,360.062,6193,12935,0.800,0.850,0.840,3,0,0,0,0,18,286,3,82,0
08-02 07:58:58,26.486,3.748,67.465,1.249,0,4271024,197836,203584,3243492,14550.434,4307.760,0,2182.865,0,232.879,5167,10696,0.800,0.850,0.840,0,0,0,0,0,18,286,3,89,0
08-02 07:58:59,4.996,0.999,91.430,0.500,0.250,4271144,197584,203584,3243624,12328.581,1792.630,0,975.255,0,79.939,1899,3111,0.800,0.850,0.840,1,0,1.998,0,0,18,286,3,82,0
08-02 07:59:00,9.765,2.504,83.878,3.756,0,4271160,197360,203584,3243824,26573.604,10688.332,0,12475.062,0,1189.818,4868,5887,0.980,0.880,0.850,1,0,0,0,0,18,285,3,83,0
08-02 07:59:01,25.860,3.013,68.039,1.506,0.251,4271400,196856,203584,3244084,8592.501,1626.911,0,2566.904,0,245.041,5258,10141,0.980,0.880,0.850,2,0,0,0,0,18,287,3,86,0
08-02 07:59:02,24.481,4.746,67.697,1.249,0,4271900,196100,203584,3244336,7669.987,1618.731,0,2050.392,0,189.851,5483,10787,0.980,0.880,0.850,3,0,0,0,0,18,286,3,89,0
08-02 07:59:03,25.442,3.991,66.847,0.998,0,4272136,195596,203584,3244596,15717.990,1562.420,0,1436.709,0,166.618,5319,10307,0.980,0.880,0.850,2,0,0,0,0,18,287,3,91,0
08-02 07:59:04,25.979,5.495,65.946,1.499,0,4272324,195092,203584,3244900,15239.458,1618.668,0,2206.184,0,253.791,6526,12247,0.980,0.880,0.850,2,0,0,0,0,18,286,3,95,0
08-02 07:59:05,21.028,2.754,73.346,1.252,0.250,4272284,194840,203584,3245184,17290.685,4386.755,0,3384.440,0,264.347,5083,9786,1.140,0.920,0.860,1,0,0,0,0,18,285,3,93,0
08-02 07:59:06,8.979,1.746,87.292,0.998,0,4272348,194588,203584,3245368,12591.956,4289.765,0,1564.268,0,166.602,2632,4672,1.140,0.920,0.860,0,0,0,0,0,18,285,3,93,0
08-02 07:59:07,8.754,1.501,87.289,0.750,0,4272316,194588,203588,3245396,12415.525,1620.721,0,1604.714,0,128.057,2910,5043,1.140,0.920,0.860,2,0,0,0,0,18,286,3,91,0
08-02 07:59:08,8.743,2.248,84.437,2.748,0.500,4272244,194588,203588,3245468,10595.107,3721.228,0,6914.848,0,498.629,3953,6610,1.140,0.920,0.860,0,0,0,0,0,18,285,3,94,0
08-02 07:59:09,11.955,1.992,83.933,0.747,0,4272404,194336,203588,3245548,26640.326,10645.770,0,1227.362,0,146.447,3009,5157,1.140,0.920,0.860,1,0,1.992,0,0,18,285,3,94,0
08-02 07:59:10,17.338,3.518,75.885,1.256,0,4272200,194336,203588,3245752,8040.759,1628.254,0,1744.845,0,233.182,4460,8541,1.130,0.920,0.860,2,0,0,0,0,18,287,3,95,0
08-02 07:59:11,28.513,3.502,65.030,1.751,0.250,4271896,194336,203588,3246048,10722.986,1566.729,32.015,2373.103,2.001,277.129,6184,11944,1.130,0.920,0.860,4,0,0,0,0,18,286,3,97,0
08-02 07:59:12,25.809,3.759,68.407,1.253,0,4272320,193584,203588,3246368,7777.881,1623.733,16.037,2349.401,1.002,213.491,6209,12474,1.130,0.920,0.860,1,0,0,0,0,18,286,3,97,0
08-02 07:59:13,8.716,1.245,86.659,0.996,0.249,4272356,193332,203592,3246576,11120.186,4396.677,0,2031.994,0,229.097,3238,5648,1.130,0.920,0.860,0,0,0,0,0,18,285,3,96,0
08-02 07:59:14,10.242,1.998,86.432,0.999,0,4272304,193332,203592,3246624,26183.472,10445.810,0,1322.963,0,133.895,2746,4552,1.130,0.920,0.860,0,0,0,0,0,18,286,3,97,0
08-02 07:59:15,5.257,1.001,92.368,0.501,0,4272272,193332,203592,3246652,18873.195,1754.249,0,1141.463,0,82.105,2014,3287,1.040,0.900,0.860,0,0,0,0,0,18,285,3,93,0
08-02 07:59:16,4.247,0.999,93.174,0.250,0,4272260,193332,203592,3246664,12931.383,1618.671,0,727.403,0,50.958,1629,2812,1.040,0.900,0.860,0,0,0,0,0,18,285,3,94,0
08-02 07:59:17,8.003,2.001,87.281,0.500,0.500,4272776,192576,203592,3246900,9141.263,1620.579,0,1768.631,0,133.047,2893,5078,1.040,0.900,0.860,1,0,0,0,0,18,285,3,94,0
08-02 07:59:18,3.749,1.250,92.225,1.750,0,4272764,192576,203592,3246908,12976.444,1619.556,0,4862.668,0,290.920,2294,3879,1.040,0.900,0.860,0,0,0,0,0,18,285,3,95,0
08-02 07:59:19,10.297,1.758,85.638,0.753,0.251,4272636,192576,203596,3247028,8259.457,1689.663,0,912.137,0,111.506,2933,6197,1.040,0.900,0.860,0,1,2.009,0,0,18,286,3,94,0
08-02 07:59:20,27.963,3.995,64.915,1.997,0,4272620,192444,203596,3247168,8526.770,1617.869,0,9743.168,0,1135.505,6234,10835,1.030,0.910,0.860,1,0,0,0,0,18,287,3,100,0
08-02 07:59:21,24.952,3.743,67.869,0.998,0,4273412,191184,203596,3247632,12865.080,1690.725,0,1517.061,0,155.698,5537,11134,1.030,0.910,0.860,1,0,0,0,0,18,286,3,101,0
08-02 07:59:22,18.727,2.497,75.907,1.748,0,4273820,190428,203596,3247968,11917.389,4362.651,0,2357.110,0,266.673,5076,8946,1.030,0.910,0.860,0,0,0,0,0,18,285,3,102,0
08-02 07:59:23,9.754,2.251,86.782,0.750,0,4273780,190428,203596,3248008,10613.970,3609.350,0,1356.507,0,136.051,2590,4420,1.030,0.910,0.860,0,0,0,0,0,18,286,3,102,0
08-02 07:59:24,6.751,1.500,90.018,0.500,0.250,4273992,190176,203596,3248040,15400.157,5892.208,0,1036.212,0,84.017,1965,3280,1.030,0.910,0.860,0,0,0,0,0,18,287,3,100,0
08-02 07:59:25,7.273,1.003,89.276,0.502,0.251,4273824,190176,203596,3248204,36408.721,11390.264,0,1147.553,0,104.323,2395,3921,0.950,0.890,0.850,0,0,0,0,0,18,285,3,100,0
08-02 07:59:26,1.992,0.747,94.891,0.249,0.249,4273804,190176,203596,3248224,10414.643,1601.946,0,514.057,0,44.831,1370,2321,0.950,0.890,0.850,1,0,0,0,0,18,286,3,93,0
08-02 07:59:27,8.754,2.751,85.786,0.750,0,4274156,189672,203596,3248376,8041.393,1620.684,0,752.317,0,66.028,2970,5479,0.950,0.890,0.850,1,0,0,0,0,18,285,3,96,0
08-02 07:59:28,5.250,0.750,92.992,0.250,0,4274000,189672,203596,3248528,6849.397,1553.863,0,467.959,0,36.997,1701,2939,0.950,0.890,0.850,0,0,0,0,0,18,285,3,90,0
08-02 07:59:29,3.494,0.998,93.830,0.250,0.250,4274236,189420,203596,3248544,7087.151,1690.934,0,511.073,0,30.944,1541,2478,0.950,0.890,0.850,0,0,1.996,0,0,18,285,3,90,0
08-02 07:59:30,5.021,1.758,90.889,0.753,0,4274360,189196,203596,3248640,8164.921,1626.959,0,4314.453,0,499.135,2455,3607,0.870,0.870,0.850,1,0,0,0,0,18,285,3,84,0
08-02 07:59:31,3.491,0.998,93.268,0.249,0,4274460,188944,203596,3248792,8466.968,1615.986,0,694.275,0,64.839,1654,2785,0.870,0.870,0.850,1,0,0,0,0,18,285,3,84,0
08-02 07:59:32,10.998,1.750,87.238,0.750,0.250,4274864,188440,203596,3248884,9306.716,1619.776,0,1187.836,0,107.985,2486,4444,0.870,0.870,0.850,0,0,0,0,0,18,285,3,91,0
08-02 07:59:33,2.250,0.750,95.010,0.250,0.250,4274856,188440,203596,3248892,12577.321,1620.170,0,412.043,0,28.003,1346,2215,0.870,0.870,0.850,0,0,0,0,0,18,285,3,91,0
08-02 07:59:34,6.247,1.249,90.213,0.250,0.250,4274884,188188,203596,3249112,9032.270,1565.354,0,559.769,0,46.981,1813,3239,0.870,0.870,0.850,0,0,0,0,0,18,285,3,86,0
08-02 07:59:35,4.002,1.751,93.300,1.251,0,4274872,188188,203596,3249128,12242.550,1512.809,0,4546.432,0,217.116,1949,3085,0.970,0.890,0.850,0,0,0,0,0,18,285,3,86,0
08-02 07:59:36,7.511,2.003,89.378,0.250,0,4274948,187936,203596,3249296,15454.068,1622.317,0,725.035,0,70.100,2321,4461,0.970,0.890,0.850,1,0,0,0,0,18,286,3,84,0
08-02 07:59:37,28.942,3.992,64.372,1.497,0,4275056,187684,203596,3249436,13185.734,1690.632,0,2854.314,0,314.374,5618,11260,0.970,0.890,0.850,1,0,0,0,0,18,286,3,88,0
08-02 07:59:38,25.613,4.520,69.558,0.753,0.251,4276408,185920,203600,3249840,7316.375,1627.200,0,1803.983,0,158.702,5562,11618,0.970,0.890,0.850,1,0,0,0,0,18,286,3,90,0
08-02 07:59:39,8.717,1.992,86.667,0.996,0,4277048,185192,203600,3249916,8294.126,1613.798,0,1115.712,0,97.625,2535,4827,0.970,0.890,0.850,0,0,1.992,0,0,18,285,3,91,0
08-02 07:59:40,3.249,1.250,94.983,0,0,4277036,185192,203600,3249928,7220.722,1619.713,0,767.864,0,30.995,1282,2339,0.890,0.880,0.850,0,0,0,0,0,18,285,3,90,0
08-02 07:59:41,19.277,3.505,76.356,1.252,0.250,4276808,185192,203604,3250144,6819.479,1622.255,0,1478.054,0,177.246,4040,8541,0.890,0.880,0.850,1,0,0,0,0,18,286,3,92,0
08-02 07:59:42,27.326,3.510,67.438,0.752,0.251,4277280,184436,203608,3250420,6642.566,1462.087,0,2274.357,0,251.704,5828,11784,0.890,0.880,0.850,1,0,0,0,0,18,286,3,86,0
08-02 07:59:43,15.187,2.490,78.673,0.747,0.249,4277996,183428,203608,3250700,6733.987,1613.289,0,1601.338,0,152.366,3945,7976,0.890,0.880,0.850,0,0,0,0,0,18,285,3,86,0
08-02 07:59:44,3.500,1.000,95.006,0,0,4278108,183176,203608,3250840,9888.593,1620.097,0,548.033,0,31.002,1312,2432,0.890,0.880,0.850,0,0,0,0,0,18,285,3,84,0
08-02 07:59:45,11.310,2.011,85.451,0.754,0,4278300,182924,203608,3250896,11663.572,1628.597,0,1093.774,0,119.632,2737,5932,0.900,0.880,0.850,1,0,0,0,0,18,287,3,85,0
08-02 07:59:46,28.712,3.995,64.664,0.999,0,4278496,182420,203608,3251196,11267.946,3677.087,0,2428.755,0,293.608,5683,12091,0.900,0.880,0.850,1,0,0,0,0,18,287,3,89,0
08-02 07:59:47,19.676,3.985,73.722,1.743,0,4279748,180908,203608,3251448,28875.112,6485.543,0,6459.641,0,432.370,5515,11618,0.900,0.880,0.850,0,0,0.996,0,0,18,285,3,90,0
08-02 07:59:48,3.749,1.500,93.735,0.250,0,4279604,180908,203608,3251592,13860.782,1457.767,0,915.853,0,41.993,1569,2856,0.900,0.880,0.850,0,0,0,0,0,18,285,3,86,0
08-02 07:59:49,5.997,1.249,91.954,0.250,0.250,4280040,180404,203608,3251648,11569.204,1619.189,0,459.770,0,31.984,1637,3096,0.900,0.880,0.850,0,0,1.999,0,0,18,285,3,86,0
08-02 07:59:50,2.752,1.751,94.809,0.250,0.500,4280032,180404,203608,3251656,7694.755,1621.002,0,328.203,0,18.011,1226,2098,0.820,0.870,0.850,0,0,0,0,0,18,285,3,84,0
08-02 07:59:51,7.502,2.001,88.779,1.500,0.250,4279956,180432,203608,3251704,11965.901,1662.542,0,7274.371,0,764.249,3155,3631,0.820,0.870,0.850,1,0,0,0,0,18,286,3,85,0
08-02 07:59:52,28.370,3.766,64.773,1.506,0,4279804,180180,203608,3252104,8373.302,1626.859,0,2149.060,0,285.202,6066,11863,0.820,0.870,0.850,1,0,0,0,0,18,286,3,90,0
08-02 07:59:53,26.394,5.976,64.243,0.747,0,4308248,151456,203608,3254748,6661.308,1729.072,0,1513.934,0,165.337,6232,14270,0.820,0.870,0.850,4,1,31.872,0,0,18,286,3,91,0
08-02 07:59:54,8.745,1.999,87.449,0.999,0,4288020,171580,203608,3252476,13907.947,4365.472,0,2034.822,0,210.878,3181,6592,0.820,0.870,0.850,0,0,1.999,0,0,18,285,3,93,0
08-02 07:59:55,11.999,2.750,83.993,0.750,0,4287536,171076,203608,3253456,12591.018,4259.668,0,1775.861,0,187.985,2745,5458,0.760,0.850,0.840,0,0,0,0,0,18,285,3,95,0
08-02 07:59:56,12.006,3.502,82.539,1.751,0.250,4287940,170320,203612,3253800,10598.982,4317.029,0,1772.833,0,216.102,3306,6229,0.760,0.850,0.840,0,0,0,0,0,18,285,3,95,0
08-02 07:59:57,13.243,2.249,82.959,0.500,0,4288352,169816,203612,3253888,10606.750,4161.940,0,1435.290,0,189.906,3243,6551,0.760,0.850,0.840,1,0,0,0,0,18,286,3,96,0
08-02 07:59:58,7.503,2.251,87.282,2.001,0,4288216,169816,203612,3254024,9221.338,1794.650,0,5041.825,0,352.127,2845,5159,0.760,0.850,0.840,1,0,0,0,0,18,286,3,87,0
08-02 07:59:59,12.258,2.252,81.805,1.501,0,4288600,169312,203612,3254136,52173.217,19765.342,0,2461.662,0,265.179,3781,6997,0.760,0.850,0.840,0,0,2.001,0,0,18,285,3,88,0
08-02 08:00:00,10.274,2.255,85.703,0.501,0.501,4288552,169312,203612,3254180,42058.468,10805.555,0,1238.930,0,136.322,2708,4749,0.860,0.870,0.850,0,0,0,0,0,18,285,3,84,0
08-02 08:00:01,10.468,1.495,85.990,0.997,0.249,4288448,169312,203612,3254284,27812.949,10653.804,0,1160.493,0,120.635,2554,4647,0.860,0.870,0.850,0,0,0,0,0,18,285,3,84,0
08-02 08:00:02,15.830,3.266,80.405,0.503,0,4288360,169060,203612,3254620,9791.378,1519.664,0,1362.873,0,163.826,4007,8135,0.860,0.870,0.850,5,0,0,0,0,18,287,3,79,0
08-02 08:00:03,26.970,3.996,64.678,1.998,0,4288992,168080,203612,3254956,7971.128,1564.259,31.964,2844.834,0.999,315.649,6478,12742,0.860,0.870,0.850,1,0,0,0,0,18,286,3,84,0
08-02 08:00:04,26.556,4.964,66.514,1.737,0,4289432,167352,203612,3255236,9111.369,1608.239,0,6659.301,0,507.290,6663,13122,0.860,0.870,0.850,1,0,0,0,0,18,286,3,84,0
08-02 08:00:05,25.614,3.767,68.052,1.004,0.251,4290156,166344,203612,3255520,7426.953,1627.220,0,2470.964,0,253.123,5955,13038,0.870,0.870,0.850,1,0,0,0,0,18,286,3,87,0
08-02 08:00:06,16.239,2.498,78.447,0.999,0.250,4290900,165084,203612,3256024,13414.864,4366.027,0,2014.628,0,225.846,4483,8546,0.870,0.870,0.850,0,0,0,0,0,18,285,3,90,0
08-02 08:00:07,13.994,2.249,81.466,1.499,0,4291080,164832,203612,3256088,15159.694,4286.217,0,2095.128,0,242.899,3786,6692,0.870,0.870,0.850,1,0,0,0,0,18,285,3,89,0
08-02 08:00:08,12.009,2.252,83.815,0.751,0,4290868,164832,203612,3256300,5464.207,1621.248,0,1865.436,0,174.134,3330,6037,0.870,0.870,0.850,1,0,0,0,0,18,286,3,90,0
08-02 08:00:09,5.938,2.227,89.817,0.742,0.247,4291580,164076,203612,3256344,13981.771,3792.606,0,1349.978,0,120.746,2322,3901,0.870,0.870,0.850,2,0,1.979,0,0,18,285,3,87,0
08-02 08:00:10,9.591,1.767,85.059,1.010,0.252,4291344,164076,203612,3256572,27502.633,10679.595,0,1554.791,0,148.412,2906,5021,1.120,0.930,0.860,0,0,0,0,0,18,285,3,87,0
08-02 08:00:11,22.587,4.015,72.780,1.004,0,4291236,164076,203612,3256676,18541.366,1572.051,0,3959.239,0,268.032,5026,9867,1.120,0.930,0.860,1,1,0,0,0,18,286,3,89,0
08-02 08:00:12,26.719,2.997,64.426,4.994,0,4291700,163320,203612,3256952,9479.146,1843.889,0,14843.005,0,1406.390,7452,13247,1.120,0.930,0.860,7,0,0,0,0,18,286,4,91,0
08-02 08:00:13,25.428,4.487,68.306,0.748,0.499,4292804,161808,203612,3257356,6800.679,1689.201,0,2373.258,0,202.425,6050,12671,1.120,0.930,0.860,1,0,0,0,0,18,286,4,88,0
08-02 08:00:14,8.755,1.501,86.051,1.251,0,4292944,161556,203616,3257456,11654.911,4367.590,0,1873.111,0,221.131,3349,5851,1.120,0.930,0.860,0,0,0,0,0,18,285,4,89,0
08-02 08:00:15,9.493,1.998,87.931,0.250,0,4292772,161556,203616,3257624,12458.195,3729.065,0,1155.091,0,78.938,2135,3865,1.030,0.910,0.860,0,0,0,0,0,18,286,4,89,0
08-02 08:00:16,19.829,3.263,74.797,1.506,0,4292932,161304,203616,3257716,23289.459,8574.039,0,2032.067,0,220.877,4573,8572,1.030,0.910,0.860,2,0,0,0,0,18,287,4,91,0
08-02 08:00:17,28.414,3.739,64.306,1.495,0.249,4293400,160548,203616,3257988,9315.875,1656.998,0,2452.596,0,274.172,6307,12528,1.030,0.910,0.860,1,0,0,0,0,18,285,4,95,0
08-02 08:00:18,12.489,2.248,82.426,1.499,0.250,4293672,160044,203616,3258220,17320.533,4348.117,0,2118.109,0,246.780,3775,6825,1.030,0.910,0.860,0,0,0,0,0,18,285,4,96,0
08-02 08:00:19,8.503,2.001,87.781,0.750,0,4293868,159792,203616,3258268,14303.020,4328.519,0,2012.706,0,169.059,2719,4621,1.030,0.910,0.860,0,0,2.001,0,0,18,285,4,94,0
08-02 08:00:20,7.749,1.750,88.988,0.750,0,4293696,159792,203616,3258440,13514.189,4358.416,0,1491.800,0,139.981,2474,4255,1.110,0.930,0.870,1,0,0,0,0,18,285,4,96,0
08-02 08:00:21,10.040,1.255,86.597,1.004,0.251,4293896,159540,203620,3258488,32228.171,7518.133,0,2044.193,0,228.918,3208,5591,1.110,0.930,0.870,2,0,0,0,0,18,286,4,90,0
08-02 08:00:22,10.963,1.993,82.973,1.993,0,4294164,159036,203620,3258716,37837.622,9211.234,0,7203.939,0,481.392,3866,7137,1.110,0.930,0.870,0,1,0,0,0,18,286,4,92,0
08-02 08:00:23,9.001,1.250,88.264,1.250,0.250,4294308,158812,203620,3258792,15764.570,4257.694,0,1168.190,0,141.023,2672,4726,1.110,0.930,0.870,0,0,0,0,0,18,285,4,92,0
08-02 08:00:24,7.492,2.497,89.159,0.250,0,4294264,158812,203620,3258836,11500.247,4279.626,0,986.991,0,109.888,2300,4159,1.110,0.930,0.870,0,0,0,0,0,18,285,4,92,0
08-02 08:00:25,12.504,1.250,83.527,1.000,0,4294616,158056,203620,3259232,14568.633,4254.353,0,1324.421,0,153.049,3031,5545,1.020,0.910,0.860,0,0,0,0,0,18,285,3,94,0
08-02 08:00:26,9.248,2.249,87.977,0.500,0.250,4294572,158056,203620,3259276,26763.149,10263.373,0,1019.739,0,94.976,2455,4062,1.020,0.910,0.860,0,0,0,0,0,18,287,3,96,0
08-02 08:00:27,6.747,2.249,89.209,0.500,0.250,4294668,157804,203620,3259432,30010.255,11199.870,0,1027.529,0,109.950,2447,3947,1.020,0.910,0.860,1,0,0,0,0,18,286,3,93,0
08-02 08:00:28,10.251,3.000,86.258,0.500,0.250,4294408,157804,203620,3259692,16772.627,7669.744,0,704.068,0,61.006,2801,5179,1.020,0.910,0.860,0,0,0,0,0,18,287,3,96,0
08-02 08:00:29,13.258,2.001,83.050,0.500,0,4294508,157300,203620,3260092,42657.467,17563.485,0,1368.817,0,165.099,3347,5570,1.020,0.910,0.860,0,0,2.001,0,0,18,287,3,98,0
08-02 08:00:30,6.742,1.748,89.893,0.749,0,4294764,156824,203620,3260308,33700.795,11752.979,0,1110.675,0,118.858,2524,4141,0.940,0.900,0.860,2,0,0,0,0,18,286,3,99,0
08-02 08:00:31,26.037,4.506,66.093,1.502,0,4295180,156068,203620,3260636,12593.808,1622.294,0,2896.095,0,288.408,5936,11942,0.940,0.900,0.860,1,0,0,0,0,18,286,3,100,0
08-02 08:00:32,14.245,2.499,78.474,3.499,0,4296592,154416,203620,3260872,21924.677,4363.543,0,15154.938,0,1369.543,6369,8265,0.940,0.900,0.860,1,0,0,0,0,18,286,3,101,0
08-02 08:00:33,18.031,3.506,76.380,1.002,0.501,4296908,153408,203620,3261556,12960.123,3610.163,0,1827.119,0,181.309,3898,6573,0.940,0.900,0.860,0,0,0,0,0,18,287,3,95,0
08-02 08:00:34,6.989,1.498,90.108,0.499,0,4296868,153408,203620,3261596,27469.845,8634.435,0,862.645,0,82.870,2261,3612,0.940,0.900,0.860,1,0,0,0,0,18,287,3,96,0
08-02 08:00:35,26.819,3.760,67.173,1.003,0,4297568,152148,203620,3262148,7998.645,1624.192,0,2698.966,0,278.719,5741,11804,0.940,0.900,0.860,2,0,0,0,0,18,287,3,102,0
08-02 08:00:36,24.510,3.501,68.778,1.251,0.500,4298796,150636,203620,3262420,6652.661,1620.648,0,2180.872,0,240.096,5979,12189,0.940,0.900,0.860,1,0,0,0,0,18,287,3,104,0
08-02 08:00:37,7.976,1.246,87.983,0.997,0,4298600,150636,203620,3262616,15477.058,4244.128,0,2153.469,0,187.432,2962,5189,0.940,0.900,0.860,0,0,0,0,0,18,286,3,101,0
08-02 08:00:38,21.006,3.501,72.770,1.750,0,4298700,150384,203620,3262764,19439.287,8055.191,0,2908.791,0,405.110,5022,9410,0.940,0.900,0.860,0,0,0,0,0,18,287,3,102,0
08-02 08:00:39,11.540,2.258,83.037,2.258,0,4299000,149884,203620,3262956,15783.469,4267.728,0,5426.728,0,391.351,3620,6081,0.940,0.900,0.860,1,0,2.007,0,0,18,286,3,97,0
08-02 08:00:40,5.235,0.748,91.729,0.499,0,4299192,149632,203620,3263016,10445.197,4353.163,0,1567.378,0,115.659,2057,3601,0.870,0.880,0.850,1,0,0,0,0,18,287,3,97,0
08-02 08:00:41,12.986,2.248,82.660,0.999,0.250,4298992,149632,203620,3263212,30959.471,10620.498,0,1458.421,0,156.830,3527,5887,0.870,0.880,0.850,1,0,0,0,0,18,286,3,97,0
08-02 08:00:42,20.778,4.005,73.848,0.751,0,4298780,149632,203620,3263416,9722.873,1622.148,16.021,2591.431,1.001,277.367,5095,9661,0.870,0.880,0.850,2,0,0,0,0,18,288,3,98,0
08-02 08:00:43,28.483,2.748,64.461,1.749,0.250,4298544,149128,203620,3264152,18029.110,1619.022,0,3397.948,0,360.782,6239,11795,0.870,0.880,0.850,4,0,0,0,0,18,287,3,101,0
08-02 08:00:44,26.218,3.745,68.416,0.749,0.250,4300000,147364,203620,3264448,15189.347,1584.055,0,2101.419,0,226.722,5754,11969,0.870,0.880,0.850,2,0,0,0,0,18,286,3,105,0
08-02 08:00:45,14.564,2.260,80.854,1.507,0.251,4300436,146608,203620,3264760,13557.313,4389.203,16.070,3081.481,1.004,302.323,4195,7631,0.880,0.890,0.850,0,0,0,0,0,18,286,3,104,0
08-02 08:00:46,17.500,1.750,75.249,2.500,0,4300564,146356,203620,3264880,14543.855,3607.964,0,6379.936,0,522.995,4733,8569,0.880,0.890,0.850,3,0,0,0,0,18,288,3,104,0
08-02 08:00:47,8.712,1.493,87.364,0.747,0,4300364,146356,203620,3265072,42591.003,17010.914,0,2046.965,0,175.227,3178,5036,0.880,0.890,0.850,1,0,0,0,0,18,287,3,99,0
08-02 08:00:48,13.509,1.501,81.803,1.251,0,4300864,145600,203620,3265324,25398.458,9719.298,0,2189.419,0,211.137,3431,5747,0.880,0.890,0.850,0,0,0,0,0,18,286,3,100,0
08-02 08:00:49,12.497,2.999,82.981,1.000,0.250,4301044,145348,203620,3265396,30557.155,10431.663,0,1739.610,0,146.967,3301,5520,0.880,0.890,0.850,1,0,2.000,0,0,18,287,3,100,0
08-02 08:00:50,12.013,3.253,83.086,0.501,0.250,4301212,144844,203620,3265728,9610.004,1861.938,0,1441.501,0,160.167,3545,7587,0.890,0.890,0.850,1,0,0,0,0,18,287,3,100,0
08-02 08:00:51,30.349,3.010,65.463,1.505,0,4300936,144844,203620,3265996,14332.710,1516.944,0,2885.404,0,311.014,5399,10921,0.890,0.890,0.850,1,0,0,0,0,18,288,3,105,0
08-02 08:00:52,27.421,3.739,67.057,0.748,0,4301904,143584,203620,3266280,13141.114,1689.130,0,3051.203,0,199.425,5501,11407,0.890,0.890,0.850,2,0,0,0,0,18,287,3,105,0
08-02 08:00:53,20.215,3.494,71.126,2.496,0.250,4302776,142408,203620,3266572,11160.469,4262.541,0,10857.000,0,1307.712,6778,10254,0.890,0.890,0.850,1,0,0,0,0,18,287,3,107,0
08-02 08:00:54,15.785,4.510,77.674,2.004,0,4298932,150092,203520,3263108,16691.439,1798.033,148.333,5323.942,4.009,386.868,4174,7789,0.890,0.890,0.850,2,0,34.076,0,0,18,287,3,99,0
08-02 08:00:55,14.729,2.247,81.633,1.747,0,4298944,149840,203520,3263348,32378.440,10918.299,11.983,3902.388,0.999,377.457,4308,7555,0.900,0.890,0.860,1,0,0,0,0,18,286,3,99,0
08-02 08:00:56,12.005,2.001,84.285,1.000,0.250,4299088,149588,203524,3263452,16594.953,4412.849,0,1392.583,0,154.065,3050,5274,0.900,0.890,0.860,2,0,0,0,0,18,286,3,98,0
08-02 08:00:57,12.238,2.747,83.418,0.999,0,4299132,149336,203524,3263660,15937.286,5760.320,0,1462.558,0,162.839,3185,5678,0.900,0.890,0.860,0,0,0,0,0,18,287,3,98,0
08-02 08:00:58,9.007,2.252,86.817,1.001,0.250,4299296,149112,203524,3263720,23546.225,6382.940,0,4123.191,0,504.390,3289,4846,0.900,0.890,0.860,2,0,0,0,0,18,287,3,96,0
08-02 08:00:59,28.490,2.999,64.227,2.249,0,4299788,148360,203528,3263976,9516.631,1693.401,0,3110.899,0,364.871,6385,12538,0.900,0.890,0.860,1,0,1.999,0,0,18,288,3,100,0
08-02 08:01:00,26.264,3.752,66.036,1.501,0.250,4299748,148108,203528,3264268,7654.187,1714.938,0,2657.454,0,318.174,5684,11625,0.990,0.910,0.860,2,0,1.001,0,0,18,287,3,102,0
08-02 08:01:01,6.995,1.749,89.441,0.999,0,4299692,147856,203528,3264576,11796.262,4358.141,0,2498.361,0,193.873,2768,4793,0.990,0.910,0.860,0,0,0,0,0,18,288,3,102,0
08-02 08:01:02,13.006,2.751,80.285,2.251,0,4299596,147856,203528,3264672,21775.407,9037.904,0,6902.982,0,490.212,3652,6802,0.990,0.910,0.860,0,0,0,0,0,18,288,3,104,0
08-02 08:01:03,11.744,1.999,83.709,0.750,0.250,4299416,147856,203528,3264852,32085.439,10680.820,0,1375.333,0,146.929,3038,5174,0.990,0.910,0.860,0,0,0,0,0,18,288,3,104,0
08-02 08:01:04,9.006,2.502,86.303,0.750,0,4299844,147352,203528,3264920,26282.137,10452.418,16.010,1164.715,1.001,127.078,2698,4346,0.990,0.910,0.860,0,0,0,0,0,18,289,3,94,0
08-02 08:01:05,10.749,2.250,85.244,0.500,0.250,4299792,147352,203528,3264972,20639.452,1697.873,0,1203.910,0,115.991,3099,5894,0.990,0.910,0.860,5,1,0,0,0,18,290,3,94,0
08-02 08:01:06,29.607,3.764,63.731,1.756,0.251,4300152,146600,203528,3265352,12368.812,1766.400,0,3115.287,0,332.204,6498,12296,0.990,0.910,0.860,1,0,0,0,0,18,289,3,88,0
08-02 08:01:07,5.241,2.246,90.101,1.248,0,4299984,146600,203528,3265520,14464.062,4295.890,0,2180.391,0,169.719,2567,4062,0.990,0.910,0.860,1,0,0,0,0,18,289,3,88,0
08-02 08:01:08,9.979,1.497,85.817,0.998,0.249,4300424,146096,203528,3265580,36924.204,10663.245,0,1560.670,0,164.649,2990,4779,0.990,0.910,0.860,2,0,0,0,0,18,288,3,88,0
08-02 08:01:09,24.215,4.743,70.148,0.749,0,4300880,145380,203528,3265840,28791.992,1617.640,0,1945.162,0,227.668,5102,10062,0.990,0.910,0.860,5,0,1.997,0,0,18,289,3,90,0
08-02 08:01:10,14.759,2.502,78.800,1.001,0.250,4300956,144876,203528,3266256,13434.464,4361.748,0,2125.339,0,227.143,4016,7794,0.990,0.910,0.860,0,0,0,0,0,18,288,3,91,0
08-02 08:01:11,13.015,3.254,82.346,1.251,0,4301076,144384,203528,3266608,12466.561,4126.820,0,2286.671,0,220.257,3307,5955,0.990,0.910,0.860,0,0,0,0,0,18,289,3,92,0
08-02 08:01:12,8.755,1.501,84.803,2.752,0.250,4300900,144384,203528,3266780,15316.542,3900.430,0,7856.895,0,537.335,3513,6338,0.990,0.910,0.860,1,0,0,0,0,18,288,3,89,0
08-02 08:01:13,7.992,1.748,88.157,0.499,0.250,4301132,144132,203528,3266800,25044.678,9853.644,0,966.984,0,97.897,2462,4179,0.990,0.910,0.860,2,0,0,0,0,18,289,3,89,0
08-02 08:01:14,5.247,0.999,91.449,0.500,0.250,4300964,144132,203528,3266968,26031.370,9236.809,0,911.488,0,90.949,2217,3727,0.990,0.910,0.860,1,0,0,0,0,18,288,3,85,0
08-02 08:01:15,10.504,2.251,84.783,1.000,0,4301032,143880,203528,3267144,14493.653,4361.701,0,1644.641,0,201.078,2991,5441,0.910,0.900,0.860,0,0,0,0,0,18,288,3,87,0
08-02 08:01:16,13.298,2.007,82.548,1.004,0,4301340,143376,203528,3267332,25425.762,6306.761,0,1340.839,0,147.532,3242,5437,0.910,0.900,0.860,0,0,0,0,0,18,289,3,86,0
08-02 08:01:17,6.976,1.246,89.945,0.747,0.249,4301312,143376,203528,3267360,16513.070,4341.296,0,1160.071,0,123.581,2455,4048,0.910,0.900,0.860,0,0,0,0,0,18,288,3,86,0
08-02 08:01:18,14.006,2.751,81.537,1.000,0,4301476,142872,203528,3267700,11633.223,4123.852,0,1392.625,0,151.068,2855,5506,0.910,0.900,0.860,0,0,0,0,0,18,289,3,80,0
08-02 08:01:19,7.774,2.508,88.778,1.254,0.251,4301440,142872,203528,3267728,15494.467,1691.290,0,1275.991,0,145.455,2547,4316,0.910,0.900,0.860,2,0,2.006,0,0,18,289,3,80,0
08-02 08:01:20,6.477,0.996,89.430,0.498,0.249,4301264,142872,203528,3267904,28668.567,10594.147,0,1737.791,0,137.509,2711,4537,0.840,0.880,0.850,0,0,0,0,0,18,288,3,77,0
08-02 08:01:21,8.747,1.749,87.221,1.000,0,4301180,142872,203528,3267984,32866.187,10724.472,0,1419.533,0,149.951,2746,4573,0.840,0.880,0.850,0,0,0,0,0,18,288,3,77,0
08-02 08:01:22,7.996,1.499,88.206,0.250,0,4301156,142872,203528,3268004,26386.886,10598.732,0,879.563,0,76.962,2229,3661,0.840,0.880,0.850,1,0,0,0,0,18,288,3,75,0
08-02 08:01:23,22.854,3.767,68.562,3.014,0.251,4301364,142368,203528,3268300,24495.405,8587.054,16.073,10640.393,1.005,716.258,6306,11902,0.840,0.880,0.850,1,0,0,0,0,18,289,3,78,0
08-02 08:01:24,27.698,3.493,65.876,1.497,0,4300908,142368,203528,3268740,6661.430,1616.949,0,10057.022,0,1213.710,6954,12155,0.840,0.880,0.850,2,0,0,0,0,18,289,3,77,0
08-02 08:01:25,20.957,3.243,73.849,1.247,0,4301376,141612,203528,3269024,9849.837,4356.083,0,2642.591,0,299.387,5398,10658,0.770,0.870,0.850,3,0,0,0,0,18,288,3,78,0
08-02 08:01:26,11.299,1.758,85.621,0.502,0,4301420,141360,203528,3269224,11562.133,4141.960,0,1534.654,0,166.723,2744,5228,0.770,0.870,0.850,0,0,0,0,0,18,289,3,76,0
08-02 08:01:27,7.220,0.996,88.384,0.747,0.498,4301380,141360,203528,3269264,23333.376,1828.428,0,1382.276,0,129.464,2739,4705,0.770,0.870,0.850,3,0,0,0,0,18,289,3,76,0
08-02 08:01:28,8.494,1.999,86.690,1.249,0,4301276,141108,203528,3269616,12007.631,4305.999,0,1878.691,0,199.861,3120,5538,0.770,0.870,0.850,1,0,0,0,0,18,288,3,74,0
08-02 08:01:29,27.821,4.261,66.420,0.752,0.251,4304928,136824,203528,3270236,8315.237,1624.148,0,4716.045,0,565.444,4350,7643,0.770,0.870,0.850,1,0,2.005,0,0,18,289,3,79,0
08-02 08:01:30,15.153,2.733,78.748,0.745,0,4306780,134556,203528,3270644,31945.348,10618.308,0,1407.030,0,141.100,3273,5611,0.710,0.850,0.840,3,0,0,0,0,18,288,3,82,0
08-02 08:01:31,10.550,2.009,86.407,0.502,0,4306720,134556,203528,3270700,26593.308,10495.455,0,1161.473,0,133.630,2584,4215,0.710,0.850,0.840,0,0,0,0,0,18,289,3,84,0
08-02 08:01:32,9.492,1.749,86.676,1.499,0.250,4306680,134556,203528,3270740,22791.650,8285.965,0,5815.063,0,406.655,3222,5710,0.710,0.850,0.840,0,0,0,0,0,18,289,3,86,0
08-02 08:01:33,11.270,2.004,84.901,0.501,0,4307016,134052,203528,3270904,13198.427,4226.502,0,1077.913,0,107.190,3366,5879,0.710,0.850,0.840,1,0,0,0,0,18,290,3,83,0
08-02 08:01:34,28.575,4.011,65.673,1.504,0,4307984,132792,203528,3271188,5257.870,1698.481,0,2951.787,0,339.897,6519,12117,0.710,0.850,0.840,3,0,0,0,0,18,288,3,87,0
08-02 08:01:35,4.982,1.744,91.909,0.498,0.249,4307912,132792,203528,3271256,10385.439,4348.853,0,1450.614,0,121.549,2063,3517,0.650,0.840,0.840,2,0,0,0,0,18,289,3,84,0
08-02 08:01:36,26.845,3.262,68.243,0.502,0.251,4309348,131028,203528,3271580,11294.162,1645.853,0,1320.696,0,99.353,5499,10343,0.650,0.840,0.840,2,0,2.007,0,0,18,293,3,88,0
08-02 08:01:37,26.265,4.002,68.038,1.001,0.250,4310648,129264,203528,3272032,13751.673,1620.904,112.063,2041.139,6.003,207.116,5624,12067,0.650,0.840,0.840,1,0,1.001,0,0,18,295,3,98,0
08-02 08:01:38,28.878,3.236,66.468,0.996,0,4312644,126492,203528,3272796,20120.708,3642.559,0,1656.976,0,154.346,5028,9518,0.650,0.840,0.840,0,0,0,0,0,18,292,3,115,0
08-02 08:01:39,6.750,2.000,89.255,0.500,0.250,4312860,126240,203528,3272828,30234.572,8648.450,0,1568.082,0,137.007,2386,3750,0.650,0.840,0.840,2,0,2.000,0,0,18,292,3,114,0
08-02 08:01:40,26.862,3.766,66.778,1.255,0.251,4313072,125736,203528,3273116,7288.319,1592.625,0,3201.317,0,295.228,6546,12091,0.680,0.840,0.840,1,0,0,0,0,18,293,3,116,0
08-02 08:01:41,11.693,2.488,82.346,2.737,0,4313348,125232,203528,3273336,14021.240,4350.664,0,7037.488,0,541.345,4199,7177,0.680,0.840,0.840,0,0,0,0,0,18,291,3,115,0
08-02 08:01:42,8.502,2.001,88.024,1.250,0,4313548,124980,203528,3273388,14425.895,4519.220,0,2068.559,0,180.049,2698,4795,0.680,0.840,0.840,1,0,0,0,0,18,291,4,116,0
08-02 08:01:43,8.749,1.750,87.993,0.250,0,4313504,124980,203528,3273432,18218.634,4311.677,0,2475.814,0,127.990,2624,4356,0.680,0.840,0.840,0,0,0,0,0,18,291,4,113,0
08-02 08:01:44,8.000,1.250,89.501,0.750,0,4313432,124728,203528,3273748,9368.141,4118.062,0,1140.017,0,112.002,2300,3957,0.680,0.840,0.840,0,0,0,0,0,18,292,4,113,0
08-02 08:01:45,12.306,2.009,85.141,0.502,0.502,4312880,136348,203388,3263564,7922.340,1876.608,172.793,771.539,4.018,60.276,2223,3941,0.700,0.840,0.840,1,0,0,0,0,18,292,4,105,0
08-02 08:01:46,12.481,1.248,84.369,0.749,0.250,4314136,134864,203388,3263792,21563.576,5810.993,7.988,1545.604,0.998,144.776,2453,4076,0.700,0.840,0.840,0,0,0,0,0,18,292,4,106,0
08-02 08:01:47,11.489,1.748,84.422,0.999,0,4314044,134864,203388,3263884,28287.004,10198.627,0,1226.873,0,127.882,2813,4529,0.700,0.840,0.840,1,0,0,0,0,18,292,4,105,0
08-02 08:01:48,9.980,1.248,87.326,0.499,0,4314380,134360,203388,3264052,27532.046,9273.490,0,1153.697,0,131.737,2574,4111,0.700,0.840,0.840,1,0,0,0,0,18,291,4,105,0
08-02 08:01:49,7.255,2.001,86.561,2.001,0,4315032,133664,203388,3264096,32749.088,8132.734,0,9278.541,0,1136.801,3520,4175,0.700,0.840,0.840,0,0,2.001,0,0,18,292,4,104,0
08-02 08:01:50,10.000,2.500,85.754,0.500,0.250,4315012,133664,203388,3264116,15667.642,4253.174,0,1060.043,0,112.005,3028,5143,0.730,0.850,0.840,1,0,0,0,0,18,294,4,104,0
08-02 08:01:51,26.577,5.516,66.193,1.254,0.251,4315664,132668,203388,3264460,6912.156,1570.580,68.199,2804.177,1.003,234.684,5687,10845,0.730,0.850,0.840,1,0,0,0,0,18,291,4,105,0
08-02 08:01:52,11.210,1.495,82.707,2.740,0,4315680,132416,203388,3264696,12174.889,4360.559,0,7441.649,0,563.006,4324,7303,0.730,0.850,0.840,0,0,0,0,0,18,291,4,106,0
08-02 08:01:53,8.533,1.506,88.592,1.004,0.251,4315612,132416,203388,3264764,12917.928,4311.665,0,1333.153,0,145.563,2716,4479,0.730,0.850,0.840,0,0,0,0,0,18,291,4,102,0
08-02 08:01:54,10.460,3.985,83.433,0.498,0,4321000,153348,203356,3239160,10103.616,3793.588,83.682,1040.049,2.989,102.610,2920,6167,0.730,0.850,0.840,0,0,33.871,0,0,18,291,4,105,0
08-02 08:01:55,8.990,1.998,87.406,0.999,0.250,4321604,152704,203356,3239200,28807.090,10434.803,0,3767.957,0,522.439,3009,4033,0.670,0.830,0.840,0,0,0,0,0,18,292,4,102,0
08-02 08:01:56,14.522,1.753,81.873,0.751,0,4321516,152704,203356,3239288,9376.055,1862.792,0,1458.186,0,178.267,3525,6925,0.670,0.830,0.840,1,0,0,0,0,18,293,4,103,0
08-02 08:01:57,24.990,2.999,70.221,1.000,0,4140224,332176,203360,3241120,10209.834,288482.299,283.884,1751.285,4.998,158.935,3146,5351,0.670,0.830,0.840,1,0,0,0,0,18,291,4,103,0
08-02 08:01:58,3.499,1.000,94.980,0.500,0.250,4140336,331952,203360,3241248,7784.396,1639.662,0,971.800,0,66.986,1485,2486,0.670,0.830,0.840,0,0,0,0,0,18,291,4,103,0
08-02 08:01:59,2.500,1.250,95.516,0,0,4140336,331952,203360,3241248,15590.666,1620.277,0,708.121,0,41.007,1245,1995,0.670,0.830,0.840,0,0,2.000,0,0,18,291,4,101,0
08-02 08:02:00,2.000,1.000,95.507,0.750,0.250,4140560,331728,203360,3241248,13784.965,1620.113,0,2976.208,0,182.013,1586,2547,0.620,0.820,0.830,0,0,0,0,0,18,291,4,101,0
08-02 08:02:01,2.252,0.751,95.837,0,0,4140640,331476,203360,3241420,7306.612,1513.370,256.232,12.011,2.002,2.002,1184,1963,0.620,0.820,0.830,0,0,0,0,0,18,291,4,96,0
08-02 08:02:02,1.499,0.749,96.411,0,0.250,4140556,331476,203360,3241504,9003.690,1618.506,0,0,0,0,1096,1921,0.620,0.820,0.830,0,0,0,0,0,18,291,4,96,0
08-02 08:02:03,1.751,1.000,96.297,0,0,4140552,331476,203360,3241508,11601.696,1620.796,0,4.002,0,1.000,1160,1932,0.620,0.820,0.830,0,0,0,0,0,18,291,4,94,0
08-02 08:02:04,2.249,1.000,96.205,0,0,4140548,331476,203360,3241512,7588.471,1693.213,0,0,0,0,1087,1776,0.620,0.820,0.830,0,0,0,0,0,18,291,4,94,0
08-02 08:02:05,1.249,0.250,96.432,0,0,4140548,331476,203360,3241512,11024.228,1618.859,0,0,0,0,955,1659,0.570,0.810,0.830,0,0,0,0,0,18,291,4,94,0
08-02 08:02:06,4.513,1.003,94.270,0.251,0,4140544,331476,203360,3241516,7102.370,1570.504,0,324.932,0,43.124,1524,2532,0.570,0.810,0.830,1,1,0,0,0,18,291,4,94,0
08-02 08:02:07,3.991,0.998,91.540,0.499,0.249,4140524,331476,203360,3241536,6750.508,1508.538,0,1173.307,0,134.691,2267,3778,0.570,0.810,0.830,0,0,0,0,0,18,291,4,90,0
08-02 08:02:08,3.750,1.250,95.262,0.250,0.250,4140524,331476,203360,3241536,7330.924,1620.204,0,276.035,0,31.004,1365,2296,0.570,0.810,0.830,0,0,0,0,0,18,291,4,90,0
08-02 08:02:09,1.492,0.994,94.962,0,0.249,4140524,331476,203360,3241536,7207.164,1610.873,0,107.392,0,10.938,1136,1945,0.570,0.810,0.830,1,0,1.989,0,0,18,291,4,88,0
08-02 08:02:10,2.011,0.503,96.295,0,0,4140492,331476,203360,3241568,17545.306,1629.221,0,0,0,0,1113,1656,0.520,0.790,0.820,0,0,0,0,0,18,291,4,88,0
08-02 08:02:11,2.500,1.250,96.516,0,0.250,4140492,331476,203360,3241568,14876.469,1620.269,0,0,0,0,1144,1813,0.520,0.790,0.820,1,0,0,0,0,18,291,4,85,0
08-02 08:02:12,2.501,1.000,95.278,0.250,0,4140492,331476,203360,3241568,22500.570,1620.473,0,416.122,0,15.004,1177,1958,0.520,0.790,0.820,0,0,0,0,0,18,291,4,85,0
08-02 08:02:13,2.499,0.750,95.966,0,0.250,4140492,331476,203360,3241568,9746.540,1565.444,0,0,0,0,1106,1872,0.520,0.790,0.820,0,0,0,0,0,18,291,4,85,0
08-02 08:02:14,2.000,0.250,96.505,0,0,4140492,331476,203360,3241568,7870.394,1586.079,0,456.023,0,1.000,1006,1679,0.520,0.790,0.820,1,0,0,0,0,18,291,4,85,0
08-02 08:02:15,1.750,1.250,96.729,0,0,4140492,331476,203360,3241568,8240.253,1619.657,0,39.992,0,2.000,1022,1692,0.480,0.780,0.820,0,0,0,0,0,18,291,4,85,0
08-02 08:02:16,3.999,0.500,94.980,0,0,4140484,331476,203360,3241576,7828.333,1619.655,0,1007.785,0,62.987,1382,2131,0.480,0.780,0.820,1,0,0,0,0,18,291,4,83,0
08-02 08:02:17,3.502,2.001,92.049,1.751,0.250,4140468,331476,203360,3241592,12168.486,1620.864,0,4382.336,0,253.135,2245,3943,0.480,0.780,0.820,1,0,0,0,0,18,291,4,83,0
08-02 08:02:18,2.748,1.249,94.683,0,0.250,4140468,331476,203360,3241592,8715.803,1618.849,0,271.807,0,29.979,1384,2395,0.480,0.780,0.820,0,0,0,0,0,18,291,4,82,0
08-02 08:02:19,2.501,0.750,96.298,0.250,0,4140716,331228,203360,3241592,11755.819,1662.823,0,88.044,0,10.005,1103,1838,0.480,0.780,0.820,0,0,2.001,0,0,18,291,4,82,0
08-02 08:02:20,1.750,1.000,96.727,0,0.250,4140716,331228,203360,3241592,9191.849,1457.659,0,0,0,0,1030,1702,0.440,0.770,0.810,1,0,0,0,0,18,291,4,81,0
08-02 08:02:21,1.250,1.250,95.786,0,0.250,4140716,331228,203360,3241592,15791.906,1620.606,0,116.043,0,3.001,1135,1753,0.440,0.770,0.810,0,0,0,0,0,18,291,4,81,0
08-02 08:02:22,1.750,0.500,96.486,0,0,4140716,331228,203360,3241592,16495.674,1693.761,0,0,0,0,1153,1886,0.440,0.770,0.810,0,0,0,0,0,18,291,4,81,0
08-02 08:02:23,3.249,1.000,95.970,0,0,4140716,331228,203360,3241592,7425.698,1693.475,0,0,0,0,1090,1889,0.440,0.770,0.810,1,0,0,0,0,18,291,4,81,0
08-02 08:02:24,2.251,0.750,96.528,0,0,4140716,331228,203360,3241592,7494.211,1704.503,0,0,0,0,1029,1774,0.440,0.770,0.810,0,0,0,0,0,18,291,4,78,0
08-02 08:02:25,1.750,0.750,96.493,0,0,4140716,331228,203360,3241592,6841.521,1693.881,0,55.996,0,2.000,1011,1701,0.400,0.750,0.810,0,0,0,0,0,18,291,4,78,0
08-02 08:02:26,3.503,0.500,93.589,0.500,0.500,4140580,331228,203360,3241728,6420.093,1621.539,0,2029.926,0,372.353,1853,2693,0.400,0.750,0.810,0,0,0,0,0,18,291,4,75,0
08-02 08:02:27,3.995,1.498,93.883,0.499,0.250,4140572,331228,203360,3241736,7065.169,1510.112,0,719.101,0,68.914,1915,3375,0.400,0.750,0.810,0,0,0,0,0,18,291,4,75,0
08-02 08:02:28,3.751,1.250,94.035,0.250,0,4140572,331228,203360,3241736,6960.582,108.040,0,264.098,0,26.010,1482,2541,0.400,0.750,0.810,0,0,0,0,0,18,291,4,72,0
08-02 08:02:29,11.990,5.745,81.435,0.500,0,4161780,309412,203392,3242312,342652.507,10325.698,567.544,219.823,25.979,9.992,1920,2546,0.400,0.750,0.810,0,0,34.972,0,0,18,291,4,72,0
08-02 08:02:30,19.088,5.776,74.341,0,0,4174440,289324,203404,3249712,234756.830,4470.506,76.350,8.037,2.009,2.009,2542,4459,0.450,0.760,0.810,1,0,27.124,0,0,18,291,4,65,0
