"pcp-dstat 5.3.6 CSV Output"
"Author:","PCP team <pcp@groups.io> and Dag Wieers <dag@wieers.com>",,,,"URL:","https://pcp.io/ and http://dag.wieers.com/home-made/dstat/"
"Host:","ubuntu",,,,"User:","ubuntu"
"Cmdline:","dstat -tcmndrylpg --tcp --output /tmp/devstack_logs/dstat-csv.log",,,,"Date:","15 Aug 2025 21:46:57 UTC"
"system","total usage",,,,,"memory usage",,,,"net/total",,"dsk/total",,"io/total",,"system",,"load avg",,,"procs",,,"paging",,"tcp sockets",,,,
"time","total usage:usr","total usage:sys","total usage:idl","total usage:wai","total usage:stl","used","free","buf","cach","net/total:recv","net/total:send","dsk/total:read","dsk/total:writ","read","writ","int","csw","1m","5m","15m","run","blk","new","in","out","lis","act","syn","tim","clo"
15-08 21:46:57,,1016172,1850136,166396,4773932,,,,,,,1.540,0.880,0.490,3,0,,,,9,5,3,17,0
15-08 21:46:58,21.709,19.213,57.640,0,0.749,980916,1885368,166444,4773868,24060.261,7870.039,0,1784.607,0,72.861,3498,5861,1.540,0.880,0.490,1,0,506.038,0,0,9,5,3,17,0
15-08 21:46:59,21.782,16.024,61.090,0.501,0,996564,1869548,166476,4774136,20972.060,6407.489,0,4246.289,0,42.062,4399,8907,1.490,0.880,0.490,2,0,328.486,0,0,9,5,3,17,0
15-08 21:47:00,21.254,15.753,60.761,0.500,0,1063104,1802624,166548,4848520,41381.697,10063.872,0,1120.208,0,39.007,5409,9754,1.490,0.880,0.490,3,0,205.038,0,0,10,6,3,17,0
15-08 21:47:01,28.163,7.975,62.558,0.249,0,1140692,1724240,166632,4899684,239659.568,16904.983,0,1595.092,0,52.837,2163,2624,1.490,0.880,0.490,4,0,104.678,0,0,10,8,3,17,0
15-08 21:47:02,26.502,11.251,61.004,0.750,0,1180968,1683416,166704,4900076,70067.115,15003.095,80.006,2644.193,1.000,80.006,2567,3667,1.490,0.880,0.490,4,0,180.013,0,0,10,7,3,19,1
15-08 21:47:03,37.002,4.000,58.253,0.750,0,1239304,1613652,166876,4910660,295844.751,20559.234,0,3692.222,0,80.005,1676,1926,1.490,0.880,0.490,3,0,0,0,0,10,6,3,19,2
15-08 21:47:04,13.734,3.995,69.916,9.988,0.250,1254264,1592064,167352,4916488,145775.216,4488.618,0,18721.553,0,1827.808,11114,18465,1.490,0.880,0.490,2,0,39.952,0,0,10,8,3,19,2
15-08 21:47:05,17.263,4.253,60.545,16.012,0,1259328,1582028,167916,4920736,238667.000,11014.261,0,45458.094,0,3768.827,14680,25586,1.530,0.900,0.500,2,0,33.025,0,0,10,6,4,19,2
15-08 21:47:06,18.507,7.503,73.779,0,0,1232680,1608672,167916,4920740,23528.247,2096.824,0,692.272,0,37.015,1488,1968,1.530,0.900,0.500,2,0,75.029,0,0,10,6,4,19,2
15-08 21:47:07,40.615,3.510,55.156,0.501,0.251,1172132,1653908,168496,4933428,471346.081,11923.672,0,3975.226,0,119.337,1950,2196,1.530,0.900,0.500,4,0,12.034,0,0,10,6,4,19,2
15-08 21:47:08,44.380,5.485,48.120,1.247,0,1266204,1540376,168984,4950252,13608.339,1527.884,0,8947.894,0,434.829,2152,3217,1.530,0.900,0.500,4,0,0,0,0,10,6,4,19,2
15-08 21:47:09,40.594,7.768,48.613,2.255,0.251,1187724,1589676,170148,4975120,9781.762,1623.779,0,6130.265,0,340.793,2593,3594,1.530,0.900,0.500,3,0,97.226,0,0,10,6,4,19,2
15-08 21:47:10,30.996,21.747,45.745,1.250,0,1192592,1554020,171188,5001660,5449.368,1457.831,0,4315.499,0,220.974,3825,5906,1.570,0.920,0.510,3,0,477.945,0,0,10,6,4,19,2
15-08 21:47:11,34.747,15.499,47.996,0.250,0,1114504,1647240,171204,4986724,14991.606,4358.595,0,927.914,0,48.995,4426,10899,1.570,0.920,0.510,2,0,214.980,0,0,10,4,4,19,0
15-08 21:47:12,62.802,11.009,26.522,0,0,1267484,1494172,171236,4987104,20336.900,3627.014,0,1245.035,0,37.031,2353,3605,1.570,0.920,0.510,4,0,137.114,0,0,10,6,4,19,0
15-08 21:47:13,68.744,6.999,23.498,0.250,0,1310800,1441584,171620,4995020,9915.187,1793.853,0,3275.731,0,161.987,1686,3939,1.570,0.920,0.510,4,0,3.000,0,0,10,5,4,19,0
15-08 21:47:14,32.627,9.464,57.035,0.249,0.249,1317916,1425048,172236,5002104,21051.468,4635.487,0,13401.370,0,100.620,2106,3680,1.570,0.920,0.510,2,0,122.537,0,0,10,4,4,20,0
15-08 21:47:15,30.305,8.015,60.110,0.250,0,1351948,1390220,172324,5002532,10462.146,1556.849,0,2328.261,0,60.110,9392,18610,1.530,0.920,0.510,4,0,39.072,0,0,10,4,4,18,0
15-08 21:47:16,44.187,8.238,46.684,0,0.749,1417396,1324480,172368,5002720,13183.280,1563.779,0,687.024,0,30.956,8995,17941,1.530,0.920,0.510,3,0,14.979,0,0,10,4,4,18,0
15-08 21:47:17,43.639,6.772,48.905,1.003,0,1396580,1359352,172448,4990272,11327.009,1625.166,0,2520.011,0,257.820,3253,5066,1.530,0.920,0.510,3,0,15.048,0,0,10,10,4,18,0
15-08 21:47:18,35.494,6.749,57.991,0.250,0,1325704,1430020,172488,4990440,8298.697,1619.746,19.997,2503.607,4.999,152.976,1793,2384,1.530,0.920,0.510,3,0,91.986,0,0,10,4,3,16,0
15-08 21:47:19,27.399,4.982,64.761,0.498,0.249,1348472,1406844,172488,4990732,8805.516,1614.046,235.133,2566.532,58.783,97.640,2590,5279,1.530,0.920,0.510,3,0,36.864,0,0,10,28,3,17,0
15-08 21:47:20,21.745,3.999,71.983,2.249,0,1343912,1411392,172492,4990740,13628.715,1619.610,0,10389.496,0,694.833,2214,1725,1.480,0.920,0.510,2,0,42.990,0,0,10,28,3,16,0
15-08 21:47:21,25.023,10.009,64.810,0.250,0.250,1328496,1426796,172492,4990752,13455.406,1695.563,0,3643.359,0,145.134,2219,2872,1.480,0.920,0.510,3,0,156.144,0,0,10,28,3,16,0
15-08 21:47:22,46.663,4.265,48.670,0,0,1420524,1334684,172492,4990832,15877.556,1591.569,0,0,0,0,1679,3260,1.480,0.920,0.510,3,0,0,0,0,10,30,3,16,0
15-08 21:47:23,49.494,19.748,30.246,0,0,1396980,1358064,172512,4991156,16913.920,1565.807,0,287.965,0,31.996,3884,8479,1.480,0.920,0.510,7,0,491.939,0,0,10,28,3,18,0
15-08 21:47:24,87.005,11.501,1.500,0,0,1618036,1136944,172512,4991216,18384.011,1620.089,0,0,0,0,2890,4354,1.480,0.920,0.510,7,0,86.005,0,0,10,29,3,18,0
15-08 21:47:25,81.996,13.999,3.000,0,0,1524608,1230144,172516,4991544,7285.636,1661.917,0,42057.897,0,165.992,4563,10777,1.850,1.010,0.540,9,0,149.993,0,0,10,29,3,18,0
15-08 21:47:26,28.475,7.993,62.696,0.250,0.250,1360140,1394392,172516,4991604,6038.758,1618.595,0,471.591,0,37.967,2637,5054,1.850,1.010,0.540,2,0,159.861,0,0,10,28,3,17,0
15-08 21:47:27,23.742,3.249,72.226,0.250,0,1329464,1425056,172516,4991616,13759.473,1619.467,0,219.928,0,20.993,1777,3010,1.850,1.010,0.540,3,0,5.998,0,0,10,28,3,17,0
15-08 21:47:28,20.257,5.502,73.276,0,0.250,1388844,1365648,172528,4991632,9658.467,1512.543,0,120.043,0,6.002,1296,1763,1.850,1.010,0.540,3,0,63.023,0,0,10,28,3,16,0
15-08 21:47:29,17.982,10.240,71.180,0,0,1328724,1425760,172544,4991624,6202.934,1564.470,0,263.742,0,27.973,2848,4722,1.850,1.010,0.540,3,0,169.834,0,0,10,28,3,17,0
15-08 21:47:30,18.786,25.298,55.105,0.501,0,1364920,1389524,172548,4991660,15051.704,1623.095,0,6460.320,0,95.182,3664,5737,1.780,1.010,0.540,5,0,729.391,0,0,10,28,3,17,0
15-08 21:47:31,87.668,12.239,0.500,0,0,1612276,1142128,172548,4991700,13216.695,1456.644,0,163.847,0,8.992,2749,4092,1.780,1.010,0.540,6,0,139.870,0,0,10,29,3,17,0
15-08 21:47:32,81.827,9.259,8.508,0,0,1624292,1129784,172572,4992000,17475.374,1621.519,0,432.405,0,55.052,6247,15896,1.780,1.010,0.540,7,0,30.028,0,0,10,29,3,18,0
15-08 21:47:33,83.999,13.500,2.500,0,0,1561492,1192296,172580,4992280,17409.704,1619.972,0,291.995,0,25.000,3027,4939,1.780,1.010,0.540,9,0,204.997,0,0,10,29,3,18,0
15-08 21:47:34,85.743,11.249,1.750,0,0,1636736,1116708,172580,4992624,5790.525,1457.880,0,231.981,0,10.999,5044,12050,1.780,1.010,0.540,9,0,122.990,0,0,10,30,3,18,0
15-08 21:47:35,57.966,10.744,29.982,0,0,1413420,1339804,172584,4992840,14687.379,1619.050,0,1902.883,0,43.974,4788,9280,2.120,1.090,0.570,4,0,219.871,0,0,10,29,3,20,0
15-08 21:47:36,43.597,7.225,48.580,0.249,0.249,1445852,1307356,172584,4992856,13868.419,1506.722,0,235.176,0,21.923,2318,3561,2.120,1.090,0.570,5,0,29.895,0,0,10,28,3,20,0
15-08 21:47:37,56.987,17.322,26.862,0,0,1486440,1266736,172588,4992880,4961.630,1646.848,0,257.069,0,27.113,3590,8034,2.120,1.090,0.570,7,0,330.374,0,0,10,28,3,20,0
15-08 21:47:38,67.219,8.246,25.738,0,0.250,1530892,1222140,172592,4993020,14176.380,1619.244,0,199.907,0,10.995,3115,7429,2.120,1.090,0.570,3,0,49.977,0,0,10,31,3,23,0
15-08 21:47:39,74.263,14.002,11.252,0,0.250,1514428,1238316,172600,4993300,9895.692,1458.249,0,488.083,0,49.008,3015,6244,2.120,1.090,0.570,5,0,258.044,0,0,10,28,3,23,0
15-08 21:47:40,73.265,9.502,16.754,0.250,0.250,1608256,1144488,172600,4993408,15592.290,1620.342,0,70386.852,0,222.047,4848,11635,2.270,1.140,0.590,5,0,0,0,0,10,31,3,25,0
15-08 21:47:41,64.718,16.742,18.491,0,0,1481364,1271348,172612,4993428,10499.803,1619.198,0,3894.072,0,108.946,3453,6051,2.270,1.140,0.590,3,0,323.840,0,0,10,28,3,26,0
15-08 21:47:42,64.032,8.504,26.763,0,0,1475212,1277096,172628,4993816,7917.919,1620.802,0,528.261,0,48.024,6088,11672,2.270,1.140,0.590,5,0,70.035,0,0,10,28,3,28,0
15-08 21:47:43,65.734,13.497,20.245,0,0,1517260,1234996,172628,4993868,14946.353,1661.595,0,243.940,0,14.996,1834,2501,2.270,1.140,0.590,5,0,228.944,0,0,10,28,3,28,0
15-08 21:47:44,59.847,14.712,24.188,0.249,0,1385700,1366532,172636,4993884,9404.020,1615.880,0,355.095,0,28.926,5311,11357,2.270,1.140,0.590,4,0,286.270,0,0,10,28,3,31,0
15-08 21:47:45,64.397,8.770,26.059,0,0,1539108,1212516,172652,4994472,13540.846,1515.452,0,6242.220,0,91.208,2249,3555,2.330,1.170,0.610,4,0,0,0,0,10,31,3,31,0
15-08 21:47:46,60.285,11.006,28.516,0,0,1458920,1292524,172660,4994644,14750.482,1640.944,0,408.235,0,28.016,3657,7100,2.330,1.170,0.610,5,0,112.064,0,0,10,28,3,32,0
15-08 21:47:47,66.178,8.491,24.473,0.250,0,1479044,1272180,172668,4994856,13586.272,1786.064,0,763.173,0,44.951,4132,10152,2.330,1.170,0.610,4,0,122.867,0,0,10,28,3,32,0
15-08 21:47:48,84.797,14.008,1.251,0,0,1576820,1174336,172688,4994900,9580.298,1620.896,0,2873.589,0,162.090,2383,3561,2.330,1.170,0.610,7,0,319.177,0,0,10,28,3,29,0
15-08 21:47:49,80.965,15.493,2.499,0,0.250,1511264,1239728,172700,4995052,5264.752,1531.346,0,491.790,0,41.982,4590,10125,2.330,1.170,0.610,7,0,264.887,0,0,10,28,3,29,0
15-08 21:47:50,87.499,11.750,0.500,0,0.250,1645320,1105360,172712,4995336,5979.952,1619.987,0,4803.962,0,93.999,2838,4301,2.780,1.290,0.650,6,0,153.999,0,0,10,28,3,28,0
15-08 21:47:51,80.563,15.512,3.002,0,0.250,1626932,1123744,172728,4995400,14133.123,1513.191,0,332.261,0,20.016,5780,11353,2.780,1.290,0.650,7,0,208.164,0,0,10,30,3,28,0
15-08 21:47:52,68.248,18.999,12.250,0,0,1462888,1287564,172728,4995624,9765.707,1565.953,0,171.995,0,11.000,5153,13231,2.780,1.290,0.650,4,0,605.982,0,0,10,29,3,27,0
15-08 21:47:53,17.207,24.189,57.106,0,0,1321220,1429012,172728,4995844,14566.322,1689.745,0,183.538,0,7.980,3373,5162,2.780,1.290,0.650,2,0,646.372,0,0,10,28,3,27,0
15-08 21:47:54,14.289,26.321,58.659,0,0.251,1332260,1417952,172728,4995864,9312.292,1558.232,0,24.065,0,6.016,3382,5137,2.780,1.290,0.650,4,0,635.727,0,0,10,28,3,24,0
15-08 21:47:55,78.253,19.751,2.250,0,0,1549944,1200212,172728,4995920,13505.540,1566.063,0,572.023,0,24.001,2456,5111,2.800,1.310,0.660,6,0,500.020,0,0,10,30,3,24,0
15-08 21:47:56,77.734,13.247,8.748,0,0,1376508,1373468,172764,4996064,9682.957,1619.658,0,511.892,0,52.989,5333,11058,2.800,1.310,0.660,5,0,218.954,0,0,10,28,3,24,0
15-08 21:47:57,83.455,11.744,4.248,0,0,1577104,1172624,172764,4996312,6382.553,1511.184,0,147.920,0,8.995,2565,6364,2.800,1.310,0.660,3,0,49.973,0,0,10,31,3,24,0
15-08 21:47:58,57.793,5.754,35.276,0,0,1524804,1224664,172768,4996568,6235.602,1567.157,0,96.071,0,11.008,5587,17926,2.800,1.310,0.660,5,0,2.001,0,0,10,31,3,28,0
15-08 21:47:59,82.247,12.499,5.500,0.250,0,1504316,1244976,172792,4996720,13202.445,1619.932,0,415.983,0,43.998,3997,9301,2.800,1.310,0.660,7,0,117.995,0,0,10,28,3,28,0
15-08 21:48:00,72.000,8.250,19.250,0,0.250,1593224,1155796,172800,4996984,10993.978,1619.997,0,140.000,0,7.000,5253,13502,2.890,1.360,0.680,4,0,0,0,0,10,32,3,30,0
15-08 21:48:01,60.751,10.000,28.000,0,0,1483244,1265436,172812,4997312,16855.253,1566.023,0,168.003,0,9.000,8429,18255,2.890,1.360,0.680,6,0,92.001,0,0,10,29,3,37,0
15-08 21:48:02,82.999,13.500,3.250,0,0.250,1547240,1201384,172820,4997360,15082.879,1639.987,0,163.999,0,9.000,3783,6153,2.890,1.360,0.680,5,0,182.999,0,0,10,29,3,37,0
15-08 21:48:03,76.000,11.500,12.750,0,0,1341416,1406840,172828,4997720,13304.973,1565.997,0,236.000,0,20.000,5914,13455,2.890,1.360,0.680,8,0,81.000,0,0,10,28,3,38,0
15-08 21:48:04,86.496,11.250,2.000,0,0.250,1575936,1172288,172844,4997736,9692.583,1619.930,0,263.989,0,25.999,2386,3646,2.890,1.360,0.680,6,0,50.998,0,0,10,29,3,38,0
15-08 21:48:05,82.255,12.501,4.250,0.250,0.250,1453404,1294772,172852,4997776,6346.387,1620.099,0,1176.072,0,35.002,3939,10064,2.980,1.400,0.690,7,0,194.012,0,0,10,28,3,38,0
15-08 21:48:06,83.655,10.988,4.745,0,0,1512828,1235104,172852,4998020,13041.250,1618.170,0,183.792,0,10.988,3163,9937,2.980,1.400,0.690,4,0,87.901,0,0,10,29,3,39,0
15-08 21:48:07,83.841,11.763,4.004,0,0,1519052,1228700,172860,4998192,17322.830,1621.763,0,168.183,0,10.011,2541,4519,2.980,1.400,0.690,5,0,121.132,0,0,10,28,3,39,0
15-08 21:48:08,79.706,9.245,9.994,0,0,1471404,1276032,172872,4998496,10889.956,1619.101,0,555.692,0,53.970,6310,13278,2.980,1.400,0.690,6,0,110.938,0,0,10,29,3,40,0
15-08 21:48:09,68.781,11.255,19.009,0,0,1506668,1240672,172872,4998592,13937.314,1512.685,0,388.176,0,33.015,2574,4448,2.980,1.400,0.690,4,0,155.070,0,0,10,29,3,40,0
15-08 21:48:10,61.753,13.501,24.501,0,0,1362812,1384076,172880,4999020,10136.497,1620.079,0,232.011,0,18.001,4717,9142,2.990,1.430,0.710,5,0,243.012,0,0,10,28,3,41,0
15-08 21:48:11,66.503,8.750,25.001,0,0,1502380,1244496,172884,4999028,13599.680,1640.082,0,340.017,0,23.001,2287,4215,2.990,1.430,0.710,6,0,0,0,0,10,30,3,42,0
15-08 21:48:12,51.514,10.452,36.583,0.249,0,1390736,1355752,172896,4999380,13024.439,1612.625,0,6609.774,0,189.135,3528,7290,2.990,1.430,0.710,5,0,157.281,0,0,10,28,3,43,0
15-08 21:48:13,44.358,7.769,47.867,0.251,0,1401576,1344852,172908,4999428,6262.280,1623.962,0,312.763,0,27.066,2225,4499,2.990,1.430,0.710,4,0,5.012,0,0,10,29,3,43,0
15-08 21:48:14,45.591,6.012,48.847,0.250,0.751,1415588,1330696,172908,4999572,13374.669,1665.321,0,236.472,0,16.032,2035,3729,2.990,1.430,0.710,4,0,34.068,0,0,10,29,3,43,0
15-08 21:48:15,43.505,6.751,48.756,0,0,1366380,1379872,172920,4999592,9532.134,1620.193,0,368.044,0,36.004,2317,3972,2.910,1.440,0.710,5,0,65.008,0,0,10,28,3,42,0
15-08 21:48:16,45.751,4.750,49.001,0.250,0,1372968,1373236,172928,4999632,5362.086,1458.023,0,396.006,0,27.000,2050,4172,2.910,1.440,0.710,4,0,6.000,0,0,10,28,3,42,0
15-08 21:48:17,38.581,14.188,46.795,0,0,1381980,1364076,172932,4999776,14627.973,1612.940,0,242.937,0,16.926,3042,5565,2.910,1.440,0.710,5,0,320.597,0,0,10,28,3,42,0
15-08 21:48:18,45.645,4.264,49.407,0,0.251,1440400,1305612,172932,4999820,10544.542,1699.406,0,192.613,0,9.029,3845,6815,2.910,1.440,0.710,5,0,0,0,0,10,29,3,45,0
15-08 21:48:19,38.092,14.191,47.055,0,0,1379816,1366112,172932,4999904,15602.204,1129.310,0,314.693,0,26.888,3020,7656,2.910,1.440,0.710,1,0,355.524,0,0,10,28,3,43,0
15-08 21:48:20,23.992,2.749,71.477,0.250,0,1387456,1358300,172948,5000060,8903.187,863.727,0,1047.669,0,40.987,3721,7415,2.750,1.430,0.720,2,0,1.999,0,0,10,32,3,43,0
15-08 21:48:21,11.266,20.029,68.350,0,0,1325184,1420556,172952,5000072,6452.421,1622.369,0,532.778,0,46.067,2748,4044,2.750,1.430,0.720,4,0,407.595,0,0,10,32,3,43,0
15-08 21:48:22,36.506,12.752,51.009,0,0,1434088,1311512,172964,5000216,14742.521,1620.277,0,468.080,0,26.004,2251,3205,2.750,1.430,0.720,3,0,219.037,0,0,10,32,3,45,0
15-08 21:48:23,39.264,7.253,46.016,7.002,0,1505612,1235944,173304,5003904,13685.831,1458.515,0,12140.286,0,1005.355,6842,12065,2.750,1.430,0.720,4,1,62.022,0,0,10,36,3,43,0
15-08 21:48:24,38.389,7.025,41.149,13.800,0,1470076,1266688,173952,5007876,6396.167,1625.889,0,39952.709,0,3252.782,14354,26577,2.750,1.430,0.720,4,0,85.309,0,0,10,36,3,43,0
15-08 21:48:25,39.084,6.721,44.560,8.962,0,1340404,1395968,174088,5008092,13480.600,1613.131,0,20456.895,0,1909.868,10024,18008,2.770,1.460,0.730,3,0,31.864,0,0,10,32,3,43,0
15-08 21:48:26,47.907,5.016,46.402,1.505,0,1472660,1263700,174116,5008076,9623.546,1504.933,0,14098.214,0,819.687,3055,4859,2.770,1.460,0.730,3,0,1.003,0,0,10,32,3,43,0
15-08 21:48:27,41.142,6.483,44.384,10.722,0,1424104,1311500,174376,5008548,15543.292,1689.575,0,11358.253,0,2212.206,14481,27440,2.770,1.460,0.730,4,1,3.990,0,0,10,34,3,43,0
15-08 21:48:28,30.478,6.745,61.955,0.999,0,1427036,1308432,174444,5008608,10977.086,1692.780,0,8901.582,0,673.514,3540,6464,2.770,1.460,0.730,3,0,99.928,0,0,10,32,3,43,0
15-08 21:48:29,23.268,2.752,72.808,0.751,0.500,1359616,1375836,174460,5008608,7538.956,1513.195,0,1064.841,0,65.051,1189,1503,2.770,1.460,0.730,2,0,1.001,0,0,10,32,3,42,0
15-08 21:48:30,23.728,3.497,72.932,0.250,0,1429128,1306284,174476,5008632,13113.752,1638.470,0,1354.735,0,75.929,1257,1495,2.630,1.450,0.730,3,0,1.998,0,0,10,32,3,42,0
15-08 21:48:31,24.252,2.000,72.507,0.750,0,1390712,1344672,174488,5008648,10661.981,1620.149,0,5168.475,0,278.026,1693,2230,2.630,1.450,0.730,3,0,1.000,0,0,10,32,3,42,0
15-08 21:48:32,23.496,1.750,73.987,0,0,1445868,1289516,174492,5008644,14599.445,1619.717,0,0,0,0,995,1079,2.630,1.450,0.730,3,0,2.000,0,0,10,32,3,42,0
15-08 21:48:33,23.264,2.752,73.544,0,0,1424620,1310648,174492,5008716,12052.219,1620.971,0,8.005,0,2.001,953,1090,2.630,1.450,0.730,3,0,1.001,0,0,10,32,3,41,0
15-08 21:48:34,23.492,2.499,73.976,0,0,1354880,1380288,174492,5008808,13834.421,1693.439,0,0,0,0,997,1064,2.630,1.450,0.730,3,0,2.999,0,0,10,32,3,41,0
15-08 21:48:35,23.001,3.500,73.504,0.250,0,1360996,1374132,174496,5008840,16485.956,1888.110,0,432.025,0,10.001,1115,1313,2.580,1.460,0.740,3,0,1.000,0,0,10,32,4,41,0
15-08 21:48:36,22.250,3.250,74.001,0,0,1438304,1296820,174496,5008840,7554.106,1532.021,0,0,0,0,947,1191,2.580,1.460,0.740,3,0,2.000,0,0,10,32,4,41,0
15-08 21:48:37,23.507,2.501,73.522,0,0,1389104,1345988,174500,5008864,6283.847,1620.476,0,112.033,0,12.004,1070,1547,2.580,1.460,0.740,3,0,2.001,0,0,10,32,4,39,0
15-08 21:48:38,22.739,2.998,73.963,0,0.250,1382736,1352288,174500,5008900,15093.423,1693.150,0,343.827,0,22.988,982,1155,2.580,1.460,0.740,2,0,0.999,0,0,10,32,4,39,0
15-08 21:48:39,23.016,3.502,73.801,0,0,1449516,1285508,174500,5008900,10509.262,1459.008,0,4.003,0,1.001,834,1046,2.580,1.460,0.740,2,0,2.001,0,0,10,32,4,36,0
15-08 21:48:40,15.054,12.043,72.007,0,0,1354440,1380572,174508,5008904,14328.108,1710.100,0,184.659,0,2.007,2144,3100,2.450,1.450,0.740,2,0,253.906,0,0,10,32,4,36,0
15-08 21:48:41,8.968,19.930,69.755,0,0.249,1355208,1379648,174508,5009056,10241.999,1494.746,0,948.665,0,12.954,3114,4661,2.450,1.450,0.740,2,0,445.434,0,0,10,32,4,33,0
15-08 21:48:42,9.770,20.793,69.394,0,0.251,1353608,1381120,174508,5009172,15376.861,1771.671,0,276.573,0,3.006,3103,4757,2.450,1.450,0.740,4,0,460.955,0,0,10,32,4,33,0
15-08 21:48:43,17.426,9.211,72.192,0.249,0,1399308,1335384,174508,5009200,11998.765,1613.112,0,2306.153,0,172.264,1855,2434,2.450,1.450,0.740,2,0,156.332,0,0,10,32,4,33,0
15-08 21:48:44,23.015,2.251,74.048,0,0,1455360,1279340,174508,5009192,5951.827,1458.938,0,16.010,0,1.001,893,1089,2.450,1.450,0.740,2,0,2.001,0,0,10,32,4,31,0
15-08 21:48:45,22.768,3.253,74.058,0,0.250,1432324,1302376,174508,5009188,5829.559,1621.268,0,4.003,0,1.001,876,1071,2.340,1.440,0.740,2,0,1.001,0,0,10,32,4,31,0
15-08 21:48:46,23.250,2.500,73.500,0,0,1371540,1363140,174508,5009208,13849.014,1620.002,0,20.000,0,1.000,958,1038,2.340,1.440,0.740,2,0,3.000,0,0,10,32,4,28,0
15-08 21:48:47,23.349,2.511,73.561,0.251,0.251,1442100,1292580,174512,5009204,9420.869,1558.596,0,160.680,0,13.055,1164,1524,2.340,1.440,0.740,2,0,3.013,0,0,10,32,4,28,0
15-08 21:48:48,23.756,1.750,74.019,0.500,0,1389128,1345532,174520,5009216,15023.846,1620.415,0,388.099,0,30.008,1017,1167,2.340,1.440,0.740,2,0,1.000,0,0,10,32,4,27,0
15-08 21:48:49,22.828,2.481,73.446,0,0,1448080,1286564,174520,5009228,8519.778,1607.880,0,19.850,0,0.993,998,1172,2.340,1.440,0.740,1,0,1.985,0,0,10,32,4,27,0
15-08 21:48:50,22.844,2.761,73.805,0,0,1403876,1330748,174520,5009248,14052.021,1626.717,0,0,0,0,985,1041,2.230,1.440,0.740,2,0,1.004,0,0,10,32,4,27,0
15-08 21:48:51,23.483,2.248,73.697,0,0,1447736,1286900,174520,5009236,13920.033,1692.788,0,39.971,0,2.998,967,1068,2.230,1.440,0.740,3,0,1.999,0,0,10,32,4,27,0
15-08 21:48:52,22.504,3.251,73.513,0.250,0.250,1427056,1307592,174520,5009224,6721.230,1586.290,0,2088.382,0,233.043,1272,1129,2.230,1.440,0.740,2,0,1.000,0,0,10,32,4,27,0
15-08 21:48:53,23.990,2.249,73.719,0,0,1365076,1369420,174520,5009376,13319.366,1565.338,0,91.961,0,2.999,976,1091,2.230,1.440,0.740,2,0,2.999,0,0,10,32,4,27,0
15-08 21:48:54,22.956,2.745,73.358,0,0,1441776,1292812,174520,5009284,12597.636,1616.873,0,0,0,0,971,1132,2.230,1.440,0.740,2,0,1.996,0,0,10,32,4,27,0
15-08 21:48:55,23.467,1.997,74.145,0,0,1367260,1367236,174520,5009376,6797.395,1617.714,0,127.819,0,1.997,860,1022,2.130,1.430,0.740,1,0,0.999,0,0,10,32,4,27,0
15-08 21:48:56,22.969,2.996,73.901,0,0,1379240,1355252,174520,5009380,12807.774,1456.042,0,15.979,0,1.997,950,1102,2.130,1.430,0.740,1,0,0.999,0,0,10,32,4,27,0
15-08 21:48:57,23.056,3.258,73.177,0,0,1444208,1290300,174524,5009356,13270.074,1623.925,0,1720.158,0,18.044,1225,1533,2.130,1.430,0.740,1,0,3.007,0,0,10,32,4,27,0
15-08 21:48:58,23.975,1.498,73.673,0,0,1376392,1358092,174524,5009380,17473.792,1510.426,0,479.500,0,23.975,1019,1032,2.130,1.430,0.740,1,0,0.999,0,0,10,32,4,26,0
15-08 21:48:59,23.000,3.000,73.501,0,0,1374340,1360140,174524,5009384,9850.148,1640.025,0,20.000,0,1.000,921,1019,2.130,1.430,0.740,1,0,1.000,0,0,10,32,4,26,0
15-08 21:49:00,22.999,2.750,73.997,0,0,1449448,1285044,174524,5009372,5545.773,1619.934,0,0,0,0,876,1109,2.040,1.420,0.750,1,0,2.000,0,0,10,32,4,23,0
15-08 21:49:01,14.591,14.842,69.934,0,0,1353212,1381244,174524,5009408,14081.375,1467.103,0,156.974,0,8.050,2336,3311,2.040,1.420,0.750,1,0,300.867,0,0,10,32,4,23,0
15-08 21:49:02,19.141,7.955,72.836,0,0,1408064,1326364,174524,5009436,9952.411,1610.841,0,71.593,0,2.983,1762,2448,2.040,1.420,0.750,1,0,163.073,0,0,10,32,4,14,0
15-08 21:49:03,23.230,2.997,73.687,0,0,1371188,1363000,174524,5009668,5328.434,1456.752,0,99.914,0,2.997,939,1227,2.040,1.420,0.750,1,0,8.992,0,0,10,32,4,14,0
15-08 21:49:04,23.772,2.002,73.818,0,0.250,1438164,1296024,174524,5009668,14500.311,1621.489,0,0,0,0,922,1127,2.040,1.420,0.750,1,0,0,0,0,10,32,4,11,0
15-08 21:49:05,12.798,17.816,68.254,0.251,0,1356104,1378072,174524,5009680,9490.333,1626.054,0,586.182,0,20.075,3381,5303,1.960,1.410,0.750,3,0,509.898,0,0,10,32,4,11,0
15-08 21:49:06,10.011,20.522,69.074,0,0.250,1352904,1381156,174524,5009788,13219.144,1459.562,0,256.274,0,5.005,3167,4534,1.960,1.410,0.750,3,0,445.477,0,0,10,32,4,11,0
15-08 21:49:07,9.772,21.297,68.401,0,0.251,1353528,1380508,174524,5009812,10501.229,1697.755,0,974.155,0,24.053,3580,5698,1.960,1.410,0.750,4,0,541.197,0,0,10,32,4,11,0
15-08 21:49:08,9.217,20.677,68.757,0,0,1353776,1380188,174536,5009856,5664.946,1614.285,0,1857.425,0,43.845,3187,5059,1.960,1.410,0.750,3,0,494.250,0,0,10,32,4,9,0
15-08 21:49:09,9.783,20.820,68.730,0,0.251,1355540,1378392,174536,5009888,14291.863,1625.444,0,834.796,0,10.034,2746,3806,1.960,1.410,0.750,2,0,350.173,0,0,10,32,4,9,0
15-08 21:49:10,9.250,19.250,69.998,0,0,1353524,1380404,174536,5009892,10082.768,1619.963,0,507.988,0,7.000,2736,3977,1.800,1.390,0.740,2,0,354.992,0,0,10,32,4,9,0
15-08 21:49:11,8.500,20.251,70.504,0,0,1353840,1380056,174536,5009920,12871.721,1620.091,0,188.011,0,7.000,3200,4934,1.800,1.390,0.740,2,0,473.026,0,0,10,32,4,9,0
15-08 21:49:12,9.722,19.693,69.049,0,0,1354672,1379188,174536,5009956,9296.937,1615.298,0,442.711,0,16.951,3359,5302,1.800,1.390,0.740,2,0,541.424,0,0,10,32,4,6,0
15-08 21:49:13,11.513,18.521,70.079,0,0,1354164,1379512,174536,5009964,14496.410,1459.652,0,172.195,0,9.010,3012,4321,1.800,1.390,0.740,2,0,374.424,0,0,10,32,4,6,0
15-08 21:49:14,26.546,26.296,45.830,0.250,0,1402968,1330684,174568,5010124,9563.708,1664.909,0,1330.324,0,139.243,4617,7718,1.800,1.390,0.740,6,0,861.505,0,0,10,32,4,11,0
15-08 21:49:15,66.562,10.183,22.850,0,0,1610808,1121508,174656,5011300,5626.958,1609.405,0,588.128,0,34.771,1903,2264,1.900,1.420,0.750,4,0,49.673,0,0,10,32,4,12,0
15-08 21:49:16,42.018,11.322,36.735,11.826,1.006,1639376,1081644,175452,5020664,7312.721,1704.893,402.572,45945.546,4.026,3487.280,17020,29356,1.900,1.420,0.750,2,2,113.727,0,0,10,38,4,13,0
15-08 21:49:17,37.955,9.923,33.490,17.613,0.248,1621804,1088408,176208,5030364,18015.023,1680.939,0,65626.085,0,5089.455,22882,37456,1.900,1.420,0.750,4,1,140.905,0,0,10,36,4,13,0
15-08 21:49:18,40.294,8.562,36.265,13.096,0,1575812,1126928,176652,5037168,9902.247,1631.906,0,71904.616,0,5644.180,23301,40428,1.900,1.420,0.750,1,3,115.845,0,0,10,36,4,12,0
15-08 21:49:19,51.999,14.000,25.000,9.500,0,1551636,1142324,176796,5045556,20484.652,1531.974,0,58375.008,0,4664.921,17694,38519,1.900,1.420,0.750,4,1,202.997,0,0,10,35,4,13,0
15-08 21:49:20,40.771,19.010,28.765,10.756,0,1562228,1125960,177212,5050596,15642.087,1620.838,364.188,50045.874,6.003,3639.882,20854,40807,2.140,1.480,0.780,2,0,204.106,0,0,10,35,4,13,0
15-08 21:49:21,36.512,14.505,38.012,9.503,0,1536324,1146476,177632,5055192,13842.388,1662.527,1608.510,42726.544,22.007,3420.084,16944,29944,2.140,1.480,0.780,6,0,228.072,0,0,10,34,4,14,0
15-08 21:49:22,34.689,8.236,42.176,12.728,0,1558300,1120056,177924,5059212,16632.809,1509.351,0,45480.182,0,3604.674,17346,30846,2.140,1.480,0.780,5,0,47.916,0,0,10,35,4,12,0
15-08 21:49:23,34.560,11.019,43.075,12.522,0,1517136,1159048,178200,5061032,6097.634,1642.865,0,38026.318,0,3332.812,16209,30186,2.140,1.480,0.780,3,0,107.187,0,0,10,34,4,12,0
15-08 21:49:24,39.739,6.748,39.489,13.996,0.250,1564384,1111448,178296,5061260,5098.639,1661.556,0,38937.604,0,3456.077,12889,25580,2.140,1.480,0.780,4,0,20.994,0,0,10,35,4,13,0
15-08 21:49:25,34.000,8.750,42.500,14.250,0.250,1505520,1169608,178384,5061812,13466.040,1512.005,0,39024.117,0,3623.011,18358,35616,2.050,1.470,0.780,3,0,66.000,0,0,10,34,4,16,0
15-08 21:49:26,38.001,5.750,39.751,13.750,0,1561416,1111648,178500,5063724,13049.274,1566.033,0,35496.745,0,3476.073,15726,27696,2.050,1.470,0.780,4,0,33.001,0,0,10,37,4,16,0
15-08 21:49:27,37.763,8.003,42.764,11.754,0.250,1561696,1108876,178720,5065944,15275.163,1620.548,0,31486.642,0,2940.994,17865,32079,2.050,1.470,0.780,3,0,46.016,0,0,10,37,4,17,0
15-08 21:49:28,33.745,9.249,42.494,13.748,0,1541100,1126448,178960,5068624,9078.729,1553.782,0,43205.951,0,3624.493,14587,27902,2.050,1.470,0.780,3,0,90.987,0,0,10,36,4,17,0
15-08 21:49:29,36.970,5.995,40.717,15.238,0,1561644,1103264,179128,5071048,13449.173,1564.740,0,44236.390,0,3642.068,15435,30316,2.050,1.470,0.780,4,0,50.959,0,0,10,36,4,17,0
15-08 21:49:30,35.246,8.749,40.995,15.998,0,1560264,1101668,179304,5073752,9051.986,1619.819,0,45370.918,0,3727.583,14086,28433,2.130,1.490,0.790,8,0,108.988,0,0,10,36,4,17,0
15-08 21:49:31,34.773,8.255,40.277,16.261,0,1529452,1129952,179368,5076152,6953.575,1512.996,0,45718.082,0,3966.610,15631,31902,2.130,1.490,0.790,4,0,123.081,0,0,10,36,4,17,0
15-08 21:49:32,38.260,7.252,39.260,14.254,0,1563200,1096044,179444,5076152,15434.967,1694.435,0,44391.409,0,3821.982,15097,32185,2.130,1.490,0.790,6,0,24.006,0,0,10,36,4,17,0
15-08 21:49:33,34.477,7.245,43.471,12.242,0,1555196,1108060,179508,5072056,9809.398,1638.897,0,39993.085,0,3516.633,17051,29233,2.130,1.490,0.790,5,0,51.965,0,0,10,36,4,17,0
15-08 21:49:34,41.765,6.502,46.517,5.002,0.250,1378932,1283888,179528,5072464,4999.850,1620.600,0,10655.943,0,1279.473,9038,14869,2.130,1.490,0.790,3,1,68.025,0,0,10,32,4,18,0
15-08 21:49:35,10.739,23.226,64.183,2.248,0.749,1377124,1285648,179540,5072500,14250.123,1618.310,0,15355.968,0,906.054,6036,8823,2.040,1.490,0.790,4,0,557.418,0,0,10,32,4,18,0
15-08 21:49:36,38.550,18.274,42.054,0,0,1475184,1187420,179560,5072648,9312.031,1622.096,0,1449.873,0,105.136,3479,5277,2.040,1.490,0.790,8,0,407.527,0,0,10,32,4,24,0
15-08 21:49:37,66.274,9.503,23.759,0.250,0,1677688,982836,179612,5074476,13172.769,1620.587,0,3441.246,0,189.068,2006,2104,2.040,1.490,0.790,4,0,10.004,0,0,10,32,4,24,0
15-08 21:49:38,59.985,6.498,28.993,3.999,0,1784900,870036,179744,5079576,10028.543,1511.630,0,13504.691,0,987.758,6223,9154,2.040,1.490,0.790,3,3,44.989,0,0,10,38,4,24,0
15-08 21:49:39,27.496,8.249,44.244,18.497,0,1782256,859984,179956,5091636,6019.139,1565.776,0,72573.622,0,5796.171,25600,42541,2.040,1.490,0.790,1,1,221.968,0,0,10,38,4,24,0
15-08 21:49:40,23.751,6.250,46.753,22.501,0,1781216,853460,180072,5098812,13302.745,1620.091,0,78968.422,0,5989.335,25679,42962,2.040,1.500,0.800,5,0,174.010,0,0,10,38,4,24,0
15-08 21:49:41,31.736,7.247,39.732,19.491,0,1652248,975032,180136,5105896,13613.819,1693.231,0,71815.396,0,5740.394,23751,39575,2.040,1.500,0.800,12,0,161.926,0,0,10,36,4,24,0
15-08 21:49:42,39.766,10.504,35.514,15.756,0,1705292,912880,180260,5114596,5763.253,1662.650,0,75709.602,0,5507.153,23269,38056,2.040,1.500,0.800,7,0,168.066,0,0,10,36,4,24,0
15-08 21:49:43,44.761,8.502,32.008,13.503,0,1774048,834760,180340,5123676,15978.026,1620.408,0,59062.884,0,4345.095,20161,32508,2.040,1.500,0.800,5,2,51.013,0,0,10,36,4,24,0
15-08 21:49:44,37.489,9.497,37.489,17.245,0,1665228,933844,180404,5132796,9095.362,1619.530,0,79277.010,0,5811.315,24833,41374,2.040,1.500,0.800,8,1,110.968,0,0,10,36,4,24,0
15-08 21:49:45,21.971,5.992,52.682,19.475,0,1665284,930596,180424,5135860,13323.693,1456.109,0,61312.355,0,5173.280,22840,37735,2.110,1.520,0.810,2,0,86.887,0,0,10,36,4,24,0
15-08 21:49:46,29.296,11.518,52.582,5.759,0,1393684,1201640,180432,5136380,8919.924,1622.533,0,27438.832,0,1954.050,8563,12962,2.110,1.520,0.810,2,0,212.331,0,0,10,32,4,24,0
15-08 21:49:47,21.159,4.979,73.187,0.249,0,1461132,1134144,180432,5136412,4796.476,1776.399,0,979.807,0,54.766,1472,1943,2.110,1.520,0.810,2,0,49.787,0,0,10,32,4,24,0
15-08 21:49:48,24.499,2.750,71.248,1.250,0.250,1519348,1075916,180436,5136412,13259.602,1531.954,0,9863.704,0,391.988,2144,2921,2.110,1.520,0.810,3,0,0,0,0,10,36,4,24,0
15-08 21:49:49,23.349,3.515,72.808,0.251,0,1428900,1166324,180436,5136452,9907.881,1626.877,0,333.409,0,12.051,1341,1756,2.110,1.520,0.810,2,0,27.115,0,0,10,32,4,24,0
15-08 21:49:50,22.895,2.489,73.415,0,0,1494408,1100812,180436,5136452,13409.744,1612.633,0,270.763,0,51.764,1068,1146,2.020,1.510,0.810,2,0,2.986,0,0,10,32,4,24,0
15-08 21:49:51,20.848,6.028,72.591,0.251,0.251,1398544,1196676,180440,5136448,9277.605,1464.885,0,574.701,0,46.217,1676,2294,2.020,1.510,0.810,3,0,87.411,0,0,10,32,4,24,0
15-08 21:49:52,14.981,31.459,50.684,0,0,1403600,1191596,180440,5136472,13904.951,1617.900,0,247.679,0,24.968,5609,9320,2.020,1.510,0.810,2,0,1242.387,0,0,10,32,4,24,0
15-08 21:49:53,9.988,19.227,69.169,0,0.250,1402496,1192640,180440,5136532,9887.372,1618.097,0,299.648,0,21.974,2971,4178,2.020,1.510,0.810,2,0,421.504,0,0,10,32,4,24,0
15-08 21:49:54,9.263,18.776,71.099,0,0,1405916,1189140,180440,5136608,5342.458,1460.038,0,164.229,0,7.010,2784,4156,2.020,1.510,0.810,3,0,360.503,0,0,10,32,4,24,0
15-08 21:49:55,11.473,18.207,69.335,0,0,1403040,1191980,180440,5136632,4758.703,1616.163,0,35.915,0,8.979,2880,4471,2.020,1.520,0.820,2,0,377.105,0,0,10,32,4,24,0
15-08 21:49:56,29.003,12.751,56.255,0,0.250,1447512,1147256,180452,5137240,15642.517,1458.141,0,16.002,0,3.000,5390,9086,2.020,1.520,0.820,3,0,209.020,0,0,10,33,4,24,0
15-08 21:49:57,47.396,3.762,48.901,0,0,1562356,1032348,180452,5137312,13226.778,1699.239,0,32.099,0,2.006,1317,1225,2.020,1.520,0.820,3,0,1.003,0,0,10,33,4,24,0
15-08 21:49:58,48.993,5.499,45.493,0.500,0,1630516,960276,180468,5141144,13014.061,1693.748,0,1183.824,0,110.983,2048,13011,2.020,1.520,0.820,3,0,6.999,0,0,10,49,4,24,0
15-08 21:49:59,27.647,12.204,59.278,0,0,1672724,916648,180528,5142224,9011.280,1613.961,3.985,1263.273,0.996,153.426,2416,3102,2.020,1.520,0.820,2,0,163.389,0,0,10,48,4,25,0
15-08 21:50:00,14.506,16.006,67.026,0,0,1676144,913036,180528,5142280,14563.607,1694.652,0,160.062,0,12.005,4924,9928,1.940,1.510,0.820,4,0,248.096,0,0,10,48,4,25,0
15-08 21:50:01,1.998,1.998,93.905,0.749,0,1676992,912160,180528,5142260,9607.268,1456.525,0,5226.705,0,308.687,1945,3049,1.940,1.510,0.820,1,0,25.974,0,0,10,48,4,25,0
15-08 21:50:02,1.000,0.250,97.780,0,0,1676728,912412,180528,5142268,9210.782,1662.502,0,76.023,0,6.002,686,1004,1.940,1.510,0.820,1,0,3.001,0,0,10,48,4,25,0
15-08 21:50:03,0.250,0.250,98.780,0,0,1676728,912412,180528,5142268,13173.992,1620.491,0,40.012,0,5.002,819,1160,1.940,1.510,0.820,1,0,3.001,0,0,10,48,4,25,0
15-08 21:50:04,0.500,0.500,98.188,0,0.250,1676728,912412,180528,5142268,19991.325,1692.927,0,0,0,0,731,941,1.940,1.510,0.820,1,0,0.999,0,0,10,48,4,25,0
15-08 21:50:05,11.791,11.038,76.264,0,0,1621228,967948,180532,5142448,9724.628,1689.843,0,301.041,0,10.035,3148,6094,1.860,1.500,0.820,2,0,182.632,0,0,10,48,5,25,0
15-08 21:50:06,12.228,16.221,70.125,0,0,1648436,940472,180532,5142404,13677.695,1690.995,0,3.993,0,0.998,3969,6985,1.860,1.500,0.820,2,0,308.452,0,0,11,48,5,25,0
15-08 21:50:07,18.252,19.002,61.008,0,0.250,1664084,924648,180532,5142620,9520.247,1858.243,8.001,4.001,2.000,1.000,4808,13473,1.860,1.500,0.820,2,0,295.039,0,0,11,48,5,25,0
15-08 21:50:08,8.989,5.243,85.641,0,0,1658472,930240,180532,5142620,15073.781,1753.764,15.980,267.659,0.999,11.985,1542,2208,1.860,1.500,0.820,2,0,117.850,0,0,11,48,6,25,0
15-08 21:50:09,16.555,16.054,66.221,0,0,1667936,920664,180532,5142652,14458.291,1699.677,0,2070.917,0,9.030,4666,10585,1.860,1.500,0.820,1,0,236.791,0,0,13,48,6,26,0
15-08 21:50:10,9.973,16.704,72.552,0,0.249,1663172,925368,180532,5142684,5653.594,1537.809,0,39.891,0,8.976,2905,4550,1.790,1.490,0.820,2,0,380.962,0,0,13,50,6,26,0
15-08 21:50:11,13.763,17.516,67.062,0.250,0,1665032,923460,180532,5142896,15354.279,1695.577,0,600.559,0,37.034,3826,7094,1.790,1.490,0.820,3,0,294.274,0,0,13,50,6,26,0
15-08 21:50:12,28.075,20.555,50.886,0,0,1725832,862632,180540,5142716,13287.411,1624.329,0,292.780,0,11.029,3899,7197,1.790,1.490,0.820,3,0,383.021,0,0,13,50,6,26,0
15-08 21:50:13,30.725,22.732,44.714,0,0,1777508,809088,180600,5144432,7303.143,1604.713,0,1075.138,0,12.990,3986,11613,1.790,1.490,0.820,3,0,620.502,0,0,13,50,6,27,0
15-08 21:50:14,32.506,21.754,44.258,0,0,1845756,740564,180608,5144912,15279.781,1662.303,32.006,212.039,2.000,14.003,4297,8173,1.790,1.490,0.820,3,0,494.090,0,0,13,54,6,28,0
15-08 21:50:15,56.022,19.007,25.010,0,0.250,1979640,606312,180620,5145256,12056.630,1694.651,0,4.002,0,1.000,4890,8157,1.810,1.500,0.830,4,0,435.167,0,0,13,54,6,28,0
15-08 21:50:16,56.768,23.007,19.256,0,0,2101100,483976,180652,5146348,13796.387,1458.464,0,108.034,0,9.003,3797,10834,1.810,1.500,0.830,6,0,391.124,0,0,13,54,6,22,0
15-08 21:50:17,69.548,21.189,6.980,0.499,0,2230716,352192,180932,5147744,10651.122,1705.057,159.538,1726.993,39.884,110.679,3203,8870,1.810,1.500,0.830,5,0,519.494,0,0,13,58,6,22,0
15-08 21:50:18,67.136,20.041,8.267,3.257,0,2382596,191000,180948,5156708,7397.988,1623.289,0,16212.847,0,1097.223,10499,19794,1.810,1.500,0.830,4,3,283.575,0,0,13,58,6,21,0
15-08 21:50:19,67.680,25.195,2.964,2.717,0,2489936,127920,179368,5117516,14363.049,1600.615,1541.333,40303.880,68.174,3597.432,15960,30160,1.810,1.500,0.830,6,1,522.670,0,0,13,60,6,21,0
15-08 21:50:20,74.702,20.258,3.798,0.253,0,2538776,142652,178860,5051748,7744.698,1640.912,5064.543,6049.090,149.910,430.486,9647,24811,1.990,1.540,0.850,4,1,220.814,0,0,13,66,6,24,0
15-08 21:50:21,68.508,21.175,8.968,0,0.498,2685208,134244,178844,4915468,6507.017,1688.038,1231.650,9063.986,136.518,635.755,5737,13975,1.990,1.540,0.850,4,0,543.082,0,0,13,79,6,27,0
15-08 21:50:22,52.012,22.255,24.756,0.500,0.250,2755096,132796,178676,4849392,13012.045,1532.359,2392.560,6629.551,198.046,481.113,9881,26786,1.990,1.540,0.850,3,0,350.082,0,0,13,79,6,26,0
15-08 21:50:23,62.697,12.038,24.577,0.752,0,2911592,121708,178664,4707072,9733.593,1699.341,5425.051,5372.887,168.530,436.372,3260,5671,1.990,1.540,0.850,6,0,128.404,0,0,13,82,6,26,0
15-08 21:50:24,36.914,16.212,45.394,0.499,0,2988032,125612,178688,4628624,15571.733,1616.236,39.907,6053.900,8.979,344.198,3951,13627,1.990,1.540,0.850,2,0,171.600,0,0,13,87,6,30,0
15-08 21:50:25,9.007,19.014,70.302,0.751,0,3000036,120136,178688,4622216,14321.598,1459.080,128.095,2561.896,1.001,140.104,3349,5013,1.910,1.530,0.850,2,0,383.284,0,0,13,87,6,30,0
15-08 21:50:26,8.735,18.718,71.129,0,0,3007160,131388,178692,4604332,6623.766,1617.257,343.418,1465.514,5.990,155.736,3473,5116,1.910,1.530,0.850,2,1,442.250,0,0,13,87,6,26,0
15-08 21:50:27,22.809,3.760,72.687,0.501,0,3061104,119132,178692,4563528,13967.021,1756.530,188.486,645.665,8.021,126.326,1517,1915,1.910,1.530,0.850,3,0,1.003,0,0,13,87,6,26,0
15-08 21:50:28,21.424,5.231,73.241,0,0,3028208,164564,178692,4551496,9156.595,1452.858,147.478,302.928,2.989,22.919,1767,2908,1.910,1.530,0.850,2,0,62.778,0,0,13,89,6,25,0
15-08 21:50:29,23.791,2.254,72.626,0.250,0.250,3067500,125252,178692,4551516,13662.677,1696.941,0,232.403,0,26.045,1644,2718,1.910,1.530,0.850,2,0,0,0,0,13,92,6,26,0
15-08 21:50:30,27.410,1.993,67.030,1.495,0,3073436,127112,178700,4543684,5671.403,1614.705,0,3592.221,0,336.895,4462,8593,1.830,1.530,0.850,15,0,2.990,0,0,13,95,6,27,0
15-08 21:50:31,22.845,7.531,68.535,0.753,0.251,3060924,156952,178704,4526948,15125.954,1464.094,4.017,1024.263,1.004,90.376,2422,3758,1.830,1.530,0.850,3,0,111.464,0,0,13,94,6,28,0
15-08 21:50:32,24.037,3.255,71.359,0.250,0.250,3090868,126992,178704,4526964,17634.893,1622.474,0,340.519,0,47.072,2391,4086,1.830,1.530,0.850,2,0,1.002,0,0,13,97,6,29,0
15-08 21:50:33,38.234,9.246,51.478,0.500,0,3102668,138964,178716,4503524,6328.304,1457.379,383.836,3138.663,10.995,376.839,3231,4973,1.830,1.530,0.850,3,0,99.957,0,0,13,98,6,29,0
15-08 21:50:34,52.983,7.997,37.988,0.250,0,3161384,179088,178720,4406832,5361.284,1619.482,743.762,1163.628,128.959,148.952,2644,3813,1.830,1.530,0.850,2,0,34.989,0,0,13,104,6,29,0
15-08 21:50:35,22.671,4.484,70.255,1.246,0,3230020,134772,178724,4383024,14429.712,1614.374,27.903,4576.052,4.983,253.118,2216,3145,1.770,1.520,0.850,2,0,25.910,0,0,13,105,6,29,0
15-08 21:50:36,20.992,5.998,71.972,0.250,0,3204012,160832,178724,4383048,14164.561,1619.378,15.994,371.857,1.000,28.989,1805,2461,1.770,1.520,0.850,3,0,51.980,0,0,13,104,6,23,0
15-08 21:50:37,25.514,2.752,71.540,0.500,0.250,3235112,129572,178724,4383208,12753.167,1785.003,0,676.380,0,89.050,2113,3612,1.770,1.520,0.850,2,0,1.001,0,0,13,104,6,24,0
15-08 21:50:38,20.485,5.996,72.697,0.250,0,3227148,137512,178724,4383232,8812.532,1530.876,0,271.800,0,17.987,1484,1959,1.770,1.520,0.850,2,0,81.940,0,0,13,104,6,24,0
15-08 21:50:39,21.259,5.002,72.030,0,0,3200284,164356,178724,4383252,13622.681,1768.738,0,316.132,0,15.006,1655,2135,1.770,1.520,0.850,2,0,55.023,0,0,13,104,6,24,0
15-08 21:50:40,24.999,2.000,72.498,0,0,3239932,124700,178724,4383260,9697.796,1689.965,0,339.993,0,26.999,1424,2105,1.790,1.520,0.860,2,0,1.000,0,0,13,107,6,25,0
15-08 21:50:41,26.502,4.750,65.506,2.500,0,3241964,122444,178728,4383480,5512.469,1694.144,0,5604.476,0,523.044,6426,12943,1.790,1.520,0.860,3,0,1.000,0,0,13,107,6,26,0
15-08 21:50:42,19.994,5.748,72.978,0,0,3231256,133068,178728,4383564,6004.151,1703.475,0,587.819,0,33.990,1245,1727,1.790,1.520,0.860,2,0,52.984,0,0,13,107,6,26,0
15-08 21:50:43,26.859,2.259,70.034,0.753,0,3241776,122540,178728,4383572,16465.818,1626.601,0,963.912,0,107.436,3423,6702,1.790,1.520,0.860,2,0,1.004,0,0,13,110,6,26,0
15-08 21:50:44,45.230,8.496,43.980,1.000,0,3242728,188236,178672,4318224,13406.048,1619.281,0,3598.402,0,445.802,11707,22765,1.790,1.520,0.860,5,0,96.957,0,0,13,121,6,26,0
15-08 21:50:45,23.164,4.483,71.234,0.249,0,3309792,132320,178672,4307248,12790.241,1526.301,0,494.155,0,30.885,2356,4118,1.800,1.530,0.860,2,0,1.993,0,0,13,119,6,27,0
15-08 21:50:46,20.504,8.002,71.015,0.750,0,3275148,166916,178672,4307316,9005.873,1694.352,8.002,1336.278,1.000,129.027,2891,5247,1.800,1.530,0.860,2,0,147.031,0,0,13,119,6,27,0
15-08 21:50:47,23.996,3.749,71.487,0,0.750,3313432,128108,178672,4307840,13302.552,1787.671,563.896,479.912,4.999,27.995,1648,2781,1.800,1.530,0.860,2,0,1.000,0,0,13,120,6,28,0
15-08 21:50:48,25.569,2.757,69.188,1.504,0,3316036,125336,178680,4308000,9724.392,1624.409,64.174,6020.339,4.011,439.192,5115,9429,1.800,1.530,0.860,2,0,0,0,0,13,120,6,28,0
15-08 21:50:49,52.869,12.779,34.077,0.501,0,3278288,162284,178680,4308720,6577.826,2026.568,557.256,2269.115,30.068,162.366,7448,15377,1.800,1.530,0.860,5,0,289.653,0,0,13,119,6,28,0
15-08 21:50:50,43.196,4.245,51.436,0.499,0,3330600,137668,178644,4281468,12785.095,1793.769,0,1206.499,0,129.838,7757,15431,1.820,1.540,0.870,2,0,0.999,0,0,13,123,6,28,0
15-08 21:50:51,12.515,14.767,70.832,0.250,0,3278776,189480,178644,4281480,14636.979,1709.984,0,564.655,0,34.039,2937,4335,1.820,1.540,0.870,2,0,295.343,0,0,13,121,6,28,0
15-08 21:50:52,11.746,16.994,68.976,0,0,3293272,174380,178644,4282428,4942.265,1619.432,479.832,535.812,27.990,35.987,4092,6520,1.820,1.540,0.870,17,1,368.871,0,0,13,121,6,28,0
15-08 21:50:53,25.947,17.714,55.886,0.249,0,3316440,150600,178688,4282632,14724.081,1616.715,522.937,463.059,33.931,26.945,4387,6826,1.820,1.540,0.870,3,0,245.501,0,0,13,121,6,28,0
15-08 21:50:54,33.752,20.751,45.003,0.250,0,3363412,131296,178696,4255668,9777.636,1852.120,8.001,2196.143,2.000,135.009,3465,5727,1.820,1.540,0.870,3,0,457.030,0,0,13,121,6,28,0
15-08 21:50:55,41.305,19.025,38.551,0.501,0,3461132,133100,178712,4158484,13051.358,1622.157,88.117,925.231,4.005,61.081,7049,15056,1.830,1.550,0.870,3,0,309.412,0,0,15,135,6,28,0
15-08 21:50:56,54.051,24.523,21.020,0.250,0,3572476,126268,178712,4056132,8705.279,1529.455,32.030,7254.899,3.003,629.599,4586,7069,1.830,1.550,0.870,3,0,643.612,0,0,15,135,6,28,0
15-08 21:50:57,60.701,21.483,16.237,0,0,3652480,133196,178712,3971324,6606.655,1618.690,11.990,383.690,0.999,24.980,8620,24308,1.830,1.550,0.870,6,0,236.808,0,0,15,151,6,28,0
15-08 21:50:58,37.262,20.757,41.513,0.500,0,3716052,134984,178712,3907596,14201.516,1620.515,0,6714.135,0,510.162,4646,6462,1.830,1.550,0.870,4,0,593.189,0,0,15,151,6,28,0
15-08 21:50:59,25.256,18.254,54.513,0,0,3747368,135736,178720,3876332,10131.350,1458.338,4.001,392.091,1.000,21.005,4389,8163,1.830,1.550,0.870,2,0,369.086,0,0,16,151,6,28,0
15-08 21:51:00,27.507,18.755,53.014,0.250,0.250,3790572,127276,178720,3842240,7762.088,1710.460,0,308.083,0,24.006,4755,9688,1.770,1.540,0.880,5,0,448.121,0,0,16,151,6,28,0
15-08 21:51:01,37.794,18.648,42.270,0,0,3851516,124384,178724,3785076,13522.384,1611.228,0,493.314,0,40.778,6015,11312,1.770,1.540,0.880,4,0,299.370,0,0,16,161,6,27,0
15-08 21:51:02,39.220,24.387,35.198,0.754,0,3961936,128976,178732,3670944,8967.397,1540.659,84.475,6074.137,8.045,507.854,6510,14187,1.770,1.540,0.880,4,0,644.623,0,0,16,167,6,27,2
15-08 21:51:03,33.000,25.000,41.750,0,0.500,4050360,133352,178740,3579688,13807.848,1693.981,0,331.996,0,28.000,5341,11235,1.770,1.540,0.880,5,0,682.992,0,0,16,173,6,27,2
15-08 21:51:04,21.858,15.151,60.854,0.497,0.248,4071564,136592,178740,3556264,12215.562,1518.128,0,4943.850,0,407.351,7216,15377,1.770,1.540,0.880,2,0,292.100,0,0,16,173,6,27,2
15-08 21:51:05,41.999,10.311,47.028,0,0,4171024,134336,178740,3460884,6342.542,1629.646,84.500,1339.931,4.024,201.191,3335,5031,1.790,1.550,0.880,4,0,123.732,0,0,16,179,6,27,2
15-08 21:51:06,45.481,7.997,45.731,0.500,0,4290728,132580,178740,3345272,15316.628,1457.394,171.928,583.757,8.996,42.982,1866,2261,1.790,1.550,0.880,5,0,2.999,0,0,16,179,6,27,2
15-08 21:51:07,32.029,13.762,53.298,0.250,0,4232420,201456,178752,3335232,9363.399,1621.454,24.022,504.452,5.004,32.029,3278,5411,1.790,1.550,0.880,4,0,314.282,0,0,16,183,6,27,2
15-08 21:51:08,36.743,22.995,37.993,0,0,4292628,139924,178760,3336516,16117.825,1693.666,0,555.890,0,44.991,6876,12465,1.790,1.550,0.880,9,0,529.896,0,0,16,197,6,27,2
15-08 21:51:09,47.709,20.233,31.223,0.500,0.250,4317976,126856,178780,3324852,15383.816,1692.549,2525.835,403.654,44.961,16.985,5826,15334,1.790,1.550,0.880,5,0,187.839,0,0,16,195,6,27,2
15-08 21:51:10,81.083,15.766,2.753,0,0,4391468,161732,178792,3217584,13549.834,1785.823,368.376,10967.198,14.014,560.572,4139,6712,2.120,1.620,0.910,7,0,160.164,0,0,16,210,6,30,2
15-08 21:51:11,81.230,15.996,1.500,0.250,0,4518584,121856,178880,3131284,10872.347,1767.569,1371.665,6202.487,39.990,295.928,3431,8055,2.120,1.620,0.910,5,0,58.986,0,0,16,220,6,29,2
15-08 21:51:12,52.500,24.750,20.750,0.250,0,4516976,137960,178896,3116724,6610.046,1620.011,968.007,868.006,15.000,61.000,5679,12953,2.120,1.620,0.910,5,0,413.003,0,0,16,219,6,36,2
15-08 21:51:13,47.010,23.005,29.506,0.250,0,4502148,163708,178912,3106120,7332.584,1458.315,0,800.173,0,46.010,7124,13961,2.120,1.620,0.910,4,0,339.073,0,0,16,221,6,36,2
15-08 21:51:14,58.246,23.248,17.499,0.250,0,4563316,124716,178912,3083660,13723.026,1661.882,631.955,1051.925,47.997,60.996,5360,34966,2.120,1.620,0.910,6,0,442.969,0,0,16,222,6,36,2
15-08 21:51:15,57.211,20.736,19.487,1.499,0.500,4608844,134740,178928,3028564,17645.842,1692.834,647.554,22684.370,31.978,974.329,7702,13983,2.190,1.640,0.920,6,0,261.820,0,0,16,223,6,34,2
15-08 21:51:16,58.548,22.268,17.765,1.001,0.500,4643560,156144,178932,2972988,20496.746,1621.325,324.265,8747.146,20.016,716.585,8372,18504,2.190,1.640,0.920,4,0,500.409,0,0,16,225,6,38,2
15-08 21:51:17,57.407,20.716,19.718,0,0.250,4723092,128372,178936,2922332,14758.018,1617.372,543.117,2344.191,29.951,304.505,8530,21822,2.190,1.640,0.920,5,0,243.604,0,0,16,237,6,40,2
15-08 21:51:18,67.040,12.007,20.512,0.750,0.250,4837664,144236,178732,2795860,14103.476,1695.019,212.127,6359.822,4.002,593.357,3568,3662,2.190,1.640,0.920,4,0,145.087,0,0,16,237,6,40,2
15-08 21:51:19,67.973,9.246,21.991,0.500,0.500,4903680,131588,178180,2744440,13259.643,1619.346,1135.541,1083.562,80.967,89.964,4185,9352,2.190,1.640,0.920,5,0,11.995,0,0,16,250,6,45,2
15-08 21:51:20,62.822,19.022,17.020,0.501,0,4828104,276948,177440,2676520,5877.765,1549.784,1569.807,1890.176,82.094,243.280,6118,17245,3.460,1.920,1.010,5,0,370.426,0,0,16,251,6,46,2
15-08 21:51:21,50.293,23.784,25.518,0.496,0,4909240,191576,177524,2680968,7589.099,1674.795,4431.764,1790.742,86.217,96.127,4817,9866,3.460,1.920,1.010,7,0,504.420,0,0,16,252,6,37,2
15-08 21:51:22,63.558,17.151,18.159,0.252,0,4951936,148508,177528,2681324,13246.303,1634.350,895.866,863.582,19.168,50.443,5386,9003,3.460,1.920,1.010,5,0,149.311,0,0,17,254,6,37,2
15-08 21:51:23,79.274,13.754,4.751,1.500,0,5006484,162784,176712,2614408,13469.068,1736.524,2212.668,712.215,140.042,50.015,3177,4746,3.460,1.920,1.010,5,0,106.032,0,0,17,257,6,37,2
15-08 21:51:24,80.747,12.500,5.750,1.000,0,5116616,140860,175964,2529460,13306.561,1619.947,1459.952,8139.731,54.998,716.976,4754,5820,3.460,1.920,1.010,5,0,18.999,0,0,17,262,6,37,2
15-08 21:51:25,32.979,11.992,53.716,0.750,0,5061280,208380,175788,2517828,10055.675,2655.330,931.414,5664.437,24.984,506.681,5477,8300,3.420,1.930,1.020,2,0,251.842,0,0,17,259,6,34,2
15-08 21:51:26,20.695,4.987,71.311,0,0,5085472,184120,175796,2517940,33354.477,5069.545,550.539,490.698,7.979,37.899,2177,3089,3.420,1.930,1.020,3,0,9.974,0,0,17,264,6,34,3
15-08 21:51:27,30.840,13.539,54.408,0.251,0,5097912,158216,175796,2531372,16591135.658,92847.630,2964.609,457.328,39.114,28.082,7411,6798,3.420,1.930,1.020,3,0,267.778,0,0,17,267,6,34,2
15-08 21:51:28,41.001,9.250,48.501,0.750,0,5146240,143932,175456,2498924,6742.189,1694.047,768.022,14932.418,6.000,320.009,2409,3007,3.420,1.930,1.020,3,0,9.000,0,0,17,270,6,35,2
15-08 21:51:29,31.496,3.750,62.242,0.500,0,5142484,147068,175456,2499548,5474.332,1619.802,679.917,731.911,27.997,83.990,4766,10186,3.420,1.930,1.020,2,0,4.999,0,0,17,281,6,35,2
15-08 21:51:30,21.110,10.182,66.807,0.745,0.248,5078460,194968,175456,2515624,17645.867,1617.265,206.628,858.303,7.947,74.505,3660,6271,3.230,1.920,1.020,3,0,151.991,0,0,17,279,6,37,2
15-08 21:51:31,15.487,13.489,69.443,0.250,0,5116156,157036,175456,2515844,16229.611,1564.709,15.987,359.703,1.998,18.984,2912,4800,3.230,1.920,1.020,2,0,312.742,0,0,17,279,6,35,2
15-08 21:51:32,20.111,6.788,71.646,0,0.251,5084160,189028,175456,2515848,14215.655,1629.013,0,1146.343,0,72.401,2065,2913,3.230,1.920,1.020,2,0,66.367,0,0,17,279,6,35,2
15-08 21:51:33,10.227,17.212,70.842,0,0,5090704,182468,175456,2515864,12653.782,1454.756,0,3803.518,0,18.958,3138,5044,3.230,1.920,1.020,2,0,319.288,0,0,17,279,6,35,2
15-08 21:51:34,9.239,15.981,73.411,0.250,0,5096992,176052,175456,2515992,13326.888,1618.044,67.918,79.903,4.994,5.993,2948,4629,3.230,1.920,1.020,2,0,286.653,0,0,17,281,6,34,0
15-08 21:51:35,5.991,1.498,90.867,0,0.250,5108028,164892,175456,2516116,10647.391,1917.189,0,16288.122,0,50.925,1626,2693,2.970,1.890,1.020,4,0,9.985,0,0,17,281,7,34,0
15-08 21:51:36,23.777,4.505,70.329,0.751,0,5155168,128412,175288,2505920,5345.029,1533.730,64.072,2815.176,4.005,402.454,2673,3358,2.970,1.890,1.020,3,0,2.002,0,0,17,285,7,33,0
15-08 21:51:37,12.308,16.326,70.580,0,0,5100180,183376,175296,2505920,13588.567,1627.614,20.094,208.978,5.023,13.061,2884,4281,2.970,1.890,1.020,2,0,219.025,0,0,17,285,7,33,0
15-08 21:51:38,12.987,15.735,69.932,0,0.250,5103132,179864,175296,2506480,9701.560,1692.353,47.953,159.844,6.993,16.983,3256,4947,2.970,1.890,1.020,3,0,241.765,0,0,17,285,7,32,0
15-08 21:51:39,19.976,7.741,70.167,0,0,5138752,143844,175296,2506880,6116.782,1530.194,39.953,327.613,5.993,28.966,2551,4011,2.970,1.890,1.020,3,0,143.830,0,0,17,289,7,32,0
15-08 21:51:40,24.897,4.481,69.461,0.996,0.249,5162872,145012,174876,2482704,14880.188,1655.125,211.123,2848.169,10.954,389.383,2179,2698,2.810,1.870,1.020,5,0,1.992,0,0,17,293,7,32,0
15-08 21:51:41,25.046,3.006,70.129,0.501,0,5066772,250712,174664,2473444,10853.939,1622.981,320.589,392.721,14.026,46.085,2054,3000,2.810,1.870,1.020,2,0,7.013,0,0,17,293,7,32,0
15-08 21:51:42,24.486,2.748,71.210,0.750,0,5138004,179476,174668,2473444,13222.490,1693.038,19.989,2126.792,3.998,122.930,1826,2466,2.810,1.870,1.020,2,0,0,0,0,17,293,7,30,0
15-08 21:51:43,23.980,2.748,71.440,0.250,0,5175832,141600,174668,2473492,9589.973,1692.583,0,235.803,0,11.990,1874,2869,2.810,1.870,1.020,2,0,3.997,0,0,17,299,7,31,0
15-08 21:51:44,24.243,3.999,70.979,0,0.250,5134916,182376,174796,2473504,6574.100,1693.511,135.961,899.740,4.999,44.987,1615,2393,2.810,1.870,1.020,4,0,14.996,0,0,17,295,7,31,0
15-08 21:51:45,21.600,6.279,71.329,0,0,5087000,230284,174796,2473512,13238.054,1519.006,0,148.686,0,18.083,1893,2770,2.670,1.860,1.020,3,0,75.348,0,0,17,295,7,31,0
15-08 21:51:46,10.499,19.247,69.741,0.250,0,5094456,221416,174924,2474796,8701.834,1565.790,1611.784,375.950,23.997,16.998,3314,5011,2.670,1.860,1.020,2,0,372.950,0,0,17,295,7,30,0
15-08 21:51:47,16.511,10.257,71.548,0,0,5121860,193596,174924,2475212,12630.412,1715.142,500.333,0,26.017,0,2229,3175,2.670,1.860,1.020,3,0,138.092,0,0,17,295,7,30,0
15-08 21:51:48,24.904,5.230,69.233,0.249,0,5147384,167816,174940,2475452,11247.573,1613.769,195.246,199.231,16.935,12.950,9604,19235,2.670,1.860,1.020,5,0,6.973,0,0,17,295,7,29,0
15-08 21:51:49,18.425,4.482,74.944,0.498,0,5122688,191964,175076,2475864,19792.149,4357.201,119.512,509.917,29.878,20.915,1753,2684,2.670,1.860,1.020,7,0,6.972,0,0,17,296,7,29,0
15-08 21:51:50,27.131,4.522,68.330,0.251,0.251,5163172,149892,175180,2477316,9725.976,1627.863,44.214,852.116,4.019,54.262,9701,19174,2.530,1.840,1.020,3,0,9.044,0,0,17,296,7,29,0
15-08 21:51:51,22.193,4.239,71.316,0.748,0,5208216,126628,175088,2456036,5048.943,2095.581,0,3766.260,0,335.133,1953,2451,2.530,1.840,1.020,1,0,7.979,0,0,17,297,7,29,0
15-08 21:51:52,19.523,3.754,75.839,0.250,0,5187400,162348,175212,2440680,10112.832,3390.967,196.230,1029.204,40.047,20.023,1383,2032,2.530,1.840,1.020,2,0,1.001,0,0,17,296,7,29,0
15-08 21:51:53,21.239,4.498,73.460,0.250,0,5212128,136504,175280,2441624,18238.151,2870.450,0,571.691,0,20.989,1565,2083,2.530,1.840,1.020,2,0,4.997,0,0,17,297,7,29,0
15-08 21:51:54,21.401,2.770,75.532,0.504,0,5182180,164852,175816,2441792,13187.909,3417.073,20.142,1180.315,4.028,26.184,1378,2149,2.530,1.840,1.020,2,0,2.014,0,0,17,296,7,29,0
15-08 21:51:55,23.369,5.966,68.614,0,0.497,5199720,146796,175888,2442144,13237.618,1449.853,0,314.234,0,4.972,9444,19131,2.410,1.830,1.020,2,0,16.905,0,0,17,296,7,29,0
15-08 21:51:56,22.457,6.488,68.619,0,0.250,5206936,139268,175924,2442420,8692.363,1686.772,0,167.679,0,1.996,8405,17332,2.410,1.830,1.020,3,0,14.971,0,0,17,296,7,29,0
15-08 21:51:57,14.572,14.070,70.098,0,0,5104544,255992,175932,2429544,12585.424,1748.673,0,462.293,0,11.055,2843,4405,2.410,1.830,1.020,2,0,266.321,0,0,17,295,7,29,0
15-08 21:51:58,24.390,2.738,71.426,0.249,0,5169804,190808,175932,2429628,8696.604,1505.182,0,645.078,0,12.941,1628,2440,2.410,1.830,1.020,2,0,0,0,0,17,295,7,29,0
15-08 21:51:59,20.232,6.994,70.686,0,0,5146676,213876,175932,2429688,11639.478,1692.470,23.978,211.809,1.998,10.990,2164,3413,2.410,1.830,1.020,3,0,111.899,0,0,17,295,7,31,0
15-08 21:52:00,22.006,6.002,70.518,0.250,0,5115336,245184,175932,2429720,12362.165,1620.415,32.008,284.073,1.000,28.007,2153,3415,2.300,1.810,1.010,4,0,70.018,0,0,17,295,7,31,0
15-08 21:52:01,24.930,3.525,71.012,0,0,5172960,187536,175932,2429744,13868.030,1577.378,0,265.918,0,24.174,1612,2336,2.300,1.810,1.010,3,0,0,0,0,17,297,7,31,0
15-08 21:52:02,20.753,6.751,71.511,0,0,5156012,204220,175932,2430008,8719.351,1512.234,0,88.014,0,6.001,1829,2780,2.300,1.810,1.010,2,0,56.009,0,0,17,295,7,31,0
15-08 21:52:03,23.370,3.729,71.353,0,0,5124024,236200,175932,2430016,14881.216,1611.038,0,47.734,0,3.978,1865,2721,2.300,1.810,1.010,4,0,31.823,0,0,17,295,7,33,0
15-08 21:52:04,24.964,2.746,70.898,0.250,0,5167260,192924,175932,2430056,10572.733,1617.664,0,267.614,0,33.951,1896,3100,2.300,1.810,1.010,2,0,0,0,0,17,295,7,35,0
15-08 21:52:05,23.462,5.242,70.636,0.250,0.250,5160656,199524,175932,2430060,13990.503,1617.399,0,615.011,0,34.944,2097,3211,2.190,1.800,1.010,2,0,47.923,0,0,17,295,7,35,0
15-08 21:52:06,24.465,4.540,71.126,0,0,5138424,221744,175932,2430072,9990.991,1634.394,0,238.097,0,22.195,2025,3057,2.190,1.800,1.010,2,0,33.293,0,0,17,295,7,38,0
15-08 21:52:07,25.966,4.993,66.911,0.499,0.250,5091432,268584,175932,2430224,7611.922,1691.760,0,2113.202,0,342.546,3814,6249,2.190,1.800,1.010,3,0,34.954,0,0,17,299,7,39,0
15-08 21:52:08,25.109,4.723,68.615,0,0,5153284,206720,175932,2430236,13592.677,1758.128,0,346.057,0,21.877,2092,3030,2.190,1.800,1.010,4,0,53.698,0,0,17,299,7,39,0
15-08 21:52:09,23.143,4.528,71.441,0,0,5127356,232496,175932,2430388,9178.706,1615.984,0,209.293,0,14.087,1966,2943,2.190,1.800,1.010,2,0,47.292,0,0,17,299,7,40,0
15-08 21:52:10,25.638,2.738,71.188,0.498,0,5095668,264168,175932,2430404,5319.668,1612.926,83.633,258.865,8.961,19.913,1891,2919,2.100,1.790,1.010,2,0,3.983,0,0,17,299,7,40,0
15-08 21:52:11,24.495,3.749,70.984,0,0,5164136,195608,175932,2430496,12664.201,1767.609,0,159.965,0,9.998,1716,2421,2.100,1.790,1.010,3,0,9.998,0,0,17,300,7,40,0
15-08 21:52:12,26.990,3.249,67.724,0.750,0,5121576,237572,175932,2431092,8601.740,1619.386,539.795,1399.470,40.984,155.941,4938,9414,2.100,1.790,1.010,2,0,6.997,0,0,17,301,7,34,0
15-08 21:52:13,25.406,2.767,70.684,0.252,0.252,5163136,195952,175932,2431152,14630.789,1467.003,36.222,808.965,3.019,81.500,2574,3939,2.100,1.790,1.010,2,0,0,0,0,17,302,7,34,0
15-08 21:52:14,17.976,13.482,68.409,0.499,0,5107680,251196,175932,2431364,9395.448,1617.839,31.957,1210.383,0.999,115.845,3936,7559,2.100,1.790,1.010,2,0,269.640,0,0,17,301,7,34,0
15-08 21:52:15,11.008,19.764,67.548,0,0,5107480,251364,175932,2431396,4913.518,1769.267,0,588.421,0,43.031,3951,6519,2.010,1.770,1.010,2,0,591.423,0,0,17,301,7,34,0
15-08 21:52:16,10.975,21.451,66.846,0.499,0,5109256,249560,175932,2431424,13590.768,1454.657,0,2809.544,0,171.606,4500,7365,2.010,1.770,1.010,2,0,607.604,0,0,17,301,7,34,0
15-08 21:52:17,10.282,20.815,67.209,0,0,5106196,252588,175936,2431452,10532.704,1699.276,0,284.885,0,31.097,4398,7403,2.010,1.770,1.010,4,0,633.968,0,0,17,301,7,30,0
15-08 21:52:18,11.250,20.749,68.248,0.250,0.250,5109356,249388,175936,2431492,7007.811,1693.954,0,435.988,0,33.999,4155,6863,2.010,1.770,1.010,2,0,595.984,0,0,17,301,7,30,0
15-08 21:52:19,11.730,19.217,67.885,0,0,5111560,247156,175936,2431520,15122.383,1455.534,0,291.506,0,20.964,3962,6237,2.010,1.770,1.010,3,0,526.109,0,0,17,301,7,28,0
15-08 21:52:20,15.757,17.508,65.029,0,0.250,5109536,248932,175936,2431648,6218.817,1694.768,88.040,296.134,12.005,22.010,4491,9176,2.090,1.790,1.020,2,0,470.213,0,0,17,301,7,29,0
15-08 21:52:21,18.512,10.256,68.543,0.500,0,5152420,293868,175940,2353964,15738.790,1621.008,344.214,3061.905,50.031,32.020,11396,22228,2.090,1.790,1.020,5,0,41.026,0,0,17,301,7,23,0
15-08 21:52:22,22.841,2.731,72.000,0,0.248,5172528,270528,175940,2356828,15301.638,2691.293,0,4468.936,0,135.061,1845,2436,2.090,1.790,1.020,2,0,5.959,0,0,17,304,7,23,0
15-08 21:52:23,12.751,1.250,84.008,0.500,0.250,5175940,266496,175940,2357420,35474.476,9687.949,624.061,1056.103,35.003,44.004,1649,2192,2.090,1.790,1.020,2,0,0,0,0,17,304,7,22,0
15-08 21:52:24,15.499,2.000,80.746,1.250,0,5195376,245580,175948,2358820,51709.311,16741.129,1175.939,1971.897,67.996,87.995,2300,3022,2.090,1.790,1.020,3,0,0,0,0,17,304,7,22,0
15-08 21:52:25,18.286,1.002,78.904,0.751,0,5196932,243340,175952,2359500,46634.938,12741.847,480.938,1142.227,44.086,44.086,1935,2418,2,1.780,1.020,1,0,0,0,0,17,304,7,21,0
15-08 21:52:26,16.737,1.499,79.690,0.749,0,5205904,233288,175984,2360524,49227.080,14355.234,839.370,1442.918,50.962,53.960,2019,2602,2,1.780,1.020,2,0,0,0,0,17,304,7,21,0
15-08 21:52:27,22.048,5.011,71.908,1.503,0,5202800,193704,176156,2401556,6367.997,1731.807,14127.051,2593.701,154.339,83.183,2103,2910,2,1.780,1.020,2,0,2.004,0,0,17,304,7,21,0
15-08 21:52:28,23.666,2.989,71.247,0.498,0,5227288,150556,176324,2418560,30082.965,1656.108,0,1578.384,0,56.798,1879,2493,2,1.780,1.020,6,0,0,0,0,17,304,7,21,0
15-08 21:52:29,24.014,3.002,71.292,1.501,0,5227612,122064,176648,2444228,25130.676,1620.947,0,7116.156,0,300.175,2670,3769,2,1.780,1.020,3,0,0,0,0,17,304,7,20,0
15-08 21:52:30,22.787,4.507,69.864,1.252,0,5222628,140352,176764,2429476,22357.532,1839.005,0,25577.794,0,765.250,3192,3388,1.920,1.770,1.020,4,0,0,0,0,17,303,7,20,0
15-08 21:52:31,23.976,3.497,71.179,0.500,0,5162840,199912,176768,2429788,21839.139,1456.542,427.572,759.240,5.994,13.986,1612,2042,1.920,1.770,1.020,3,0,5.994,0,0,17,303,7,17,0
15-08 21:52:32,21.244,2.999,75.230,0.250,0,5154052,201600,176912,2436008,36734.339,3958.959,0,1175.691,0,12.997,1774,2190,1.920,1.770,1.020,2,0,4.999,0,0,17,305,7,17,0
15-08 21:52:33,18.993,2.249,77.221,0,0.500,5170496,184968,176920,2436124,36769.954,4551.261,0,519.801,0,5.998,1661,2071,1.920,1.770,1.020,3,0,4.998,0,0,17,306,7,17,0
15-08 21:52:34,23.254,6.251,68.512,0.250,0,5154236,193872,177156,2442236,15012.522,1632.274,32.005,1488.250,1.000,41.007,9444,18842,1.920,1.770,1.020,3,0,14.002,0,0,17,305,7,17,0
15-08 21:52:35,23.993,7.748,66.480,0,0.250,5170896,176572,177208,2442476,25191.367,1619.509,0,57398.608,0,193.941,10801,20376,1.930,1.770,1.030,4,0,13.996,0,0,17,305,7,17,0
15-08 21:52:36,21.128,6.288,72.189,0,0,5137912,223512,177244,2430020,13944.756,1629.907,0,845.137,0,36.220,1855,2698,1.930,1.770,1.030,3,0,9.055,0,0,17,305,7,17,0
15-08 21:52:37,22.883,5.472,70.392,0,0,5132856,227788,177248,2430956,25065.367,1450.613,0,744.210,0,9.949,4152,7301,1.930,1.770,1.030,5,0,54.721,0,0,17,305,7,17,0
15-08 21:52:38,23.982,4.497,69.697,0,0,5169060,191520,177256,2431012,14081.270,1618.766,0,623.525,0,9.992,6665,12918,1.930,1.770,1.030,2,0,6.995,0,0,17,305,7,17,0
15-08 21:52:39,19.990,3.248,75.710,0.750,0.250,5156932,196960,177368,2436972,13182.079,3869.968,0,1031.458,0,26.986,1573,2343,1.930,1.770,1.030,2,0,3.998,0,0,17,305,7,17,0
15-08 21:52:40,20.249,3.000,76.248,0,0,5174628,178844,177384,2437344,38149.046,4552.886,0,535.987,0,10.000,1721,2084,1.850,1.760,1.030,2,0,5.000,0,0,17,306,7,17,0
15-08 21:52:41,22.502,6.250,69.005,0.250,0,5162396,183784,177584,2443428,26749.792,1794.120,0,976.065,0,14.001,9021,17745,1.850,1.760,1.030,3,0,15.001,0,0,17,305,7,17,0
15-08 21:52:42,22.782,7.511,68.596,0,0,5164920,180760,177652,2443796,29618.555,1460.048,0,172.242,0,3.004,8119,16079,1.850,1.760,1.030,2,0,17.024,0,0,17,305,7,17,0
15-08 21:52:43,22.129,4.526,72.170,0,0,5135956,223788,177664,2431008,25473.101,1629.474,0,740.304,0,13.076,1676,2193,1.850,1.760,1.030,2,0,9.053,0,0,17,305,7,17,0
15-08 21:52:44,22.692,4.987,70.820,0.249,0.249,5123756,236012,177664,2431080,30556.234,1615.888,31.919,1013.421,0.997,30.921,1933,2624,1.850,1.760,1.030,4,0,38.901,0,0,17,305,7,17,0
15-08 21:52:45,21.128,6.960,68.852,0,0,5153144,192640,177684,2444020,24929.781,1610.682,0,246.574,0,12.925,12201,23580,1.940,1.780,1.040,3,0,62.638,0,0,17,305,7,16,0
15-08 21:52:46,23.271,2.753,73.567,0,0.250,5168408,174020,177700,2446848,9948.112,2874.633,0,1289.181,0,9.008,1421,2147,1.940,1.780,1.040,1,0,3.003,0,0,17,306,7,16,0
15-08 21:52:47,16.995,1.250,80.974,0.500,0,5182220,159936,177708,2447080,50835.885,14827.300,0,1547.509,0,48.984,1908,2572,1.940,1.780,1.040,4,0,1.000,0,0,17,306,7,16,0
15-08 21:52:48,7.015,1.002,90.944,0.501,0,5182668,159180,177716,2447316,79835.529,10817.105,0,1090.329,0,45.096,1681,2364,1.940,1.780,1.040,2,1,0,0,0,17,307,7,16,0
15-08 21:52:49,14.238,1.249,82.679,0.500,0,5205512,136052,177732,2447536,121130.343,11097.412,0,1510.695,0,65.943,1863,2649,1.940,1.780,1.040,3,0,0,0,0,17,307,6,16,0
15-08 21:52:50,19.755,1.000,77.520,0.500,0,5198720,142716,177756,2447640,47549.410,14701.837,56.015,1540.402,5.001,63.016,2046,3032,1.870,1.770,1.040,2,0,1.000,0,0,17,307,6,16,0
15-08 21:52:51,13.747,1.750,82.982,0.500,0,5208288,132636,177808,2448100,272612.479,15637.700,0,2127.551,0,92.980,1915,2929,1.870,1.770,1.040,2,0,1.000,0,0,17,307,6,16,0
15-08 21:52:52,11.750,1.750,84.003,1.250,0,5208268,132160,177912,2448396,149232.626,21504.667,124.004,2996.093,10.000,131.004,2178,3087,1.870,1.770,1.040,4,0,0,0,0,17,307,6,16,0
15-08 21:52:53,10.249,1.250,84.490,1.250,0.250,5204852,130256,177800,2453892,4005687.329,47668.375,0,11726.616,0,420.950,3320,2993,1.870,1.770,1.040,1,0,2.000,0,0,17,307,6,16,0
15-08 21:52:54,3.247,2.248,93.174,0.250,0.250,5216732,129024,177620,2443596,182804.283,11130.884,0,491.597,0,31.974,1771,2453,1.870,1.770,1.040,1,0,1.998,0,0,17,309,6,16,0
15-08 21:52:55,2.999,0.250,95.719,0,0,5216808,128520,177620,2444108,164277.446,9982.746,0,0,0,0,1563,2062,1.720,1.740,1.030,1,0,0,0,0,17,309,6,16,0
15-08 21:52:56,2.501,1.000,95.289,0,0.250,5217032,128296,177620,2444108,166524.775,10178.204,0,48.020,0,4.002,1621,2051,1.720,1.740,1.030,1,0,0,0,0,17,309,6,16,0
15-08 21:52:57,6.017,4.012,88.254,0.752,0,5214996,147144,177128,2428480,11648094.809,65280.137,0,14658.245,0,41.119,4962,4016,1.720,1.740,1.030,2,0,3.009,0,0,17,309,6,16,0
15-08 21:52:58,17.479,5.493,74.410,2.497,0,5223984,135368,177240,2431172,1826202.426,13980.154,163.803,71198.206,3.995,543.345,3165,3456,1.720,1.740,1.030,2,0,1.998,0,0,17,309,6,16,0
15-08 21:52:59,20.604,5.528,70.859,2.261,0,5230204,130904,179744,2424528,24917.231,1628.249,0,19683.718,0,369.874,2430,3181,1.720,1.740,1.030,3,0,0,0,0,17,309,6,16,0
15-08 21:53:00,22.999,4.250,71.246,0.750,0,5234788,129384,179876,2421476,28710.478,1619.914,11.999,1911.899,3.000,65.997,2106,3046,1.660,1.720,1.030,3,0,0,0,0,17,309,6,14,0
15-08 21:53:01,21.826,4.960,70.686,0.992,0,5224108,138372,180164,2422044,24293.189,1519.874,0,2992.129,0,106.153,2102,2843,1.660,1.720,1.030,2,0,0,0,0,17,309,6,14,0
15-08 21:53:02,23.301,3.508,71.408,1.002,0.251,5224760,197940,181724,2358796,21348.115,1623.583,0,2525.574,0,96.212,1996,2845,1.660,1.720,1.030,3,0,0,0,0,17,309,6,14,0
15-08 21:53:03,22.480,3.996,71.685,0.749,0,5229056,168412,182476,2381840,17861.853,1618.537,0,3025.265,0,52.952,1700,2387,1.660,1.720,1.030,5,0,0,0,0,17,309,6,14,0
15-08 21:53:04,19.779,2.003,75.362,0.751,0,5233164,184112,183164,2360060,35265.228,4071.029,84.125,3064.539,5.007,105.156,2163,2958,1.660,1.720,1.030,2,0,1.001,0,0,17,309,6,12,0
15-08 21:53:05,24.229,4.496,70.188,0.500,0,5176112,241008,183308,2360080,29486.845,1918.298,119.894,1051.068,4.996,28.974,3672,2745,1.610,1.710,1.030,2,0,6.994,0,0,17,309,7,12,0
15-08 21:53:06,20.741,2.999,74.968,0,0,5205028,206040,183564,2365488,30801.786,4028.272,0,1495.358,0,32.986,1892,2548,1.610,1.710,1.030,3,0,3.998,0,0,17,309,7,10,0
15-08 21:53:07,34.004,7.251,58.507,0.500,0,5222220,187636,183640,2366396,33610.100,2710.331,512.062,768.094,4.000,21.003,2274,2905,1.610,1.710,1.030,2,0,13.002,0,0,17,310,7,10,0
15-08 21:53:08,36.531,8.257,53.295,0.500,0,5180268,221904,184192,2372504,24280.639,3552.019,512.436,1465.245,4.003,34.029,8810,16611,1.610,1.710,1.030,3,0,12.010,0,0,17,309,7,6,0
15-08 21:53:09,23.998,7.749,67.493,0,0.500,5166336,235476,184244,2372744,18289.226,1669.838,0,923.910,0,29.997,3358,6376,1.610,1.710,1.030,4,0,8.999,0,0,17,309,7,6,0
15-08 21:53:10,22.751,8.250,66.502,0,0,5187904,213804,184260,2372832,5771.167,1566.045,0,2032.059,0,14.000,8860,17234,1.560,1.700,1.030,6,0,12.000,0,0,17,309,7,7,0
15-08 21:53:11,22.474,6.243,69.169,0.499,0,5173528,241852,184288,2360392,50727.801,1692.025,0,659.231,0,23.972,2143,2804,1.560,1.700,1.030,6,0,6.992,0,0,17,309,7,7,0
15-08 21:53:12,23.672,4.281,71.518,0,0.252,5180108,232476,184436,2363088,34541.251,1468.640,773.605,757.488,16.117,7.051,1839,2422,1.560,1.700,1.030,4,0,8.058,0,0,17,309,7,4,0
15-08 21:53:13,25.256,3.751,68.516,1.250,0.250,5180296,231272,184436,2363976,35531.421,1768.419,404.096,3188.756,28.007,236.056,5916,11067,1.560,1.700,1.030,3,0,0,0,0,17,312,7,6,0
15-08 21:53:14,17.737,13.490,66.200,1.998,0,5134504,276524,184436,2364516,22180.254,1692.722,467.647,6143.362,22.983,425.679,5747,10198,1.560,1.700,1.030,2,0,384.710,0,0,17,311,7,5,0
15-08 21:53:15,11.650,5.701,69.651,11.154,0,5110744,274676,184580,2389976,13240.148,1679.557,25338.118,2657.151,1560.581,371.803,5361,6029,1.510,1.690,1.030,2,0,67.420,0,0,17,311,7,7,0
15-08 21:53:16,10.026,4.261,74.193,12.031,0,5103780,264344,184580,2407264,26127.906,2645.877,17317.007,1997.191,1880.888,37.096,5296,6088,1.510,1.690,1.030,1,0,6.016,0,0,17,312,7,7,0
15-08 21:53:17,4.278,0.755,92.863,0,0,5104284,263840,184580,2407264,34112.037,3293.729,0,430.842,0,22.146,1513,2380,1.510,1.690,1.030,2,0,1.007,0,0,17,310,7,7,0
15-08 21:53:18,7.451,1.987,88.417,0.248,0,5117064,249504,185136,2408264,50984.958,3611.199,1621.314,719.259,47.686,20.862,1771,2568,1.510,1.690,1.030,3,0,16.889,0,0,17,309,7,7,1
15-08 21:53:19,21.629,4.779,71.930,1.509,0,5141012,209904,185144,2423868,21163.579,1684.072,15601.311,185.107,197.179,12.072,2607,3956,1.510,1.690,1.030,2,0,30.181,0,0,17,309,7,7,0
15-08 21:53:20,24.870,7.710,64.413,1.243,0,5201232,146980,185168,2426380,24298.747,1611.560,2498.913,473.520,144.245,22.880,2958,5536,1.470,1.680,1.030,3,0,42.776,0,0,17,309,7,8,0
15-08 21:53:21,16.745,1.000,80.477,0.250,0,5163600,183868,185288,2427172,188800.003,7963.722,0,735.790,0,34.990,1872,2475,1.470,1.680,1.030,3,0,1.000,0,0,17,309,7,8,0
15-08 21:53:22,25.255,4.001,68.513,0.250,0,5171284,174860,185544,2428044,11569.117,1694.310,1088.199,0,42.008,0,12681,25751,1.470,1.680,1.030,3,0,5.001,0,0,17,309,7,7,0
15-08 21:53:23,25.225,1.249,72.179,0,0.250,5172516,173600,185548,2428068,29701.862,1584.446,0,351.655,0,10.989,1671,2106,1.470,1.680,1.030,4,0,3.996,0,0,17,309,7,7,0
15-08 21:53:24,15.993,2.249,78.718,0.750,0.250,5143380,202332,185556,2428460,53363.068,5786.622,31.987,1171.519,3.998,62.974,2085,2935,1.470,1.680,1.030,2,0,2.999,0,0,17,311,7,7,0
15-08 21:53:25,13.484,1.748,83.404,0.250,0,5148092,195220,185684,2430728,1260602.265,19619.359,0,1897.810,0,25.970,2022,2498,1.350,1.650,1.020,1,0,1.998,0,0,17,311,7,7,0
15-08 21:53:26,13.539,1.504,83.492,0.501,0,5152488,189312,185768,2432124,935192.122,13826.082,0,1652.791,0,39.113,2249,2746,1.350,1.650,1.020,5,0,2.006,0,0,17,311,7,7,0
15-08 21:53:27,13.210,1.495,82.996,0.498,0.249,5155884,175108,185840,2442792,5637541.398,41812.138,0,6037.537,0,33.896,3214,2768,1.350,1.650,1.020,1,0,3.988,0,0,17,311,7,7,0
15-08 21:53:28,9.277,1.755,87.756,0.501,0,5155292,174632,185840,2443856,602688.234,11187.601,0,1737.062,0,56.164,1932,2814,1.350,1.650,1.020,1,0,3.009,0,0,17,311,7,7,0
15-08 21:53:29,5.744,1.498,90.653,0.499,0,5155080,174408,185844,2444220,257849.874,7089.436,0,942.994,0,38.958,1880,2859,1.350,1.650,1.020,3,0,1.998,0,0,17,311,7,7,0
15-08 21:53:30,4.000,1.250,92.499,0.750,0,5156148,173260,185852,2444452,133911.527,5660.938,0,23759.739,0,469.995,2334,2478,1.330,1.640,1.020,1,0,1.000,0,0,17,311,7,7,0
15-08 21:53:31,6.746,0.750,90.698,0.500,0,5155952,173036,185940,2444828,274748.119,8509.141,0,2126.786,0,242.861,2209,2423,1.330,1.640,1.020,1,0,0.999,0,0,17,311,7,7,0
15-08 21:53:32,6.000,1.500,91.256,0.250,0,5155508,172812,186016,2445420,357746.400,9029.641,0,1096.078,0,26.002,1755,2176,1.330,1.640,1.020,2,0,2.000,0,0,17,311,7,7,0
15-08 21:53:33,5.506,1.752,91.857,0.250,0,5156284,170880,186068,2446456,654711.775,17717.588,0,808.940,0,12.014,2036,2357,1.330,1.640,1.020,1,0,3.003,0,0,17,311,7,7,0
15-08 21:53:34,4.499,0.750,92.234,0.750,0.250,5156932,169648,186152,2446924,196015.109,9509.307,0,1355.759,0,48.991,1725,2717,1.330,1.640,1.020,1,0,1.000,0,0,17,311,7,7,0
15-08 21:53:35,8.001,4.501,85.763,1.000,0,5161220,163948,186216,2448096,690556.727,18028.812,0,123811.315,0,974.152,5658,6754,1.220,1.610,1.020,1,0,3.000,0,0,17,311,7,7,0
15-08 21:53:36,5.744,0.999,90.906,0.250,0,5161984,161988,186324,2449112,551373.534,15624.891,0,1394.562,0,40.958,2139,2736,1.220,1.610,1.020,1,0,3.996,0,0,17,311,7,7,0
15-08 21:53:37,4.754,1.752,92.330,0,0,5164000,159024,186380,2450004,573229.563,14655.721,0,932.810,0,16.014,1982,2392,1.220,1.610,1.020,2,0,2.002,0,0,17,311,7,7,0
15-08 21:53:38,21.789,1.002,75.886,0.250,0,5177756,144436,186420,2450796,563518.206,18049.453,0,921.657,0,27.049,2178,2266,1.220,1.610,1.020,2,0,1.002,0,0,17,311,7,7,0
15-08 21:53:39,7.000,1.500,90.005,0.250,0.250,5179192,138808,186424,2454984,2466162.037,55312.208,56.003,552.032,6.000,29.002,4566,4851,1.220,1.610,1.020,1,0,1.000,0,0,17,311,7,7,0
15-08 21:53:40,6.998,1.500,89.475,0.250,0.250,5178152,151332,186384,2443944,1101931.052,26994.334,0,3958.876,0,29.991,3011,3312,1.120,1.580,1.010,2,1,1.000,0,0,17,311,7,7,0
15-08 21:53:41,6.988,1.497,89.594,0.499,0,5179644,147928,186496,2445744,887387.172,27296.450,0,2132.286,0,139.757,2537,2625,1.120,1.580,1.010,1,0,2.995,0,0,17,311,7,7,0
15-08 21:53:42,5.493,1.248,91.880,0,0,5180488,145800,186572,2446952,688545.383,15129.211,0,1030.652,0,11.984,2076,2364,1.120,1.580,1.010,3,0,1.997,0,0,17,311,7,7,0
15-08 21:53:43,8.012,0.751,90.132,0.250,0.250,5180448,144904,186624,2447836,677618.033,17311.344,0,508.745,0,10.015,2065,2377,1.120,1.580,1.010,1,0,2.003,0,0,17,311,7,7,0
15-08 21:53:44,6.253,1.251,90.049,0,0,5179276,141376,186624,2452536,2485856.362,54711.544,4.002,440.238,1.001,28.015,5148,4949,1.120,1.580,1.010,1,0,0,0,0,17,311,7,7,0
15-08 21:53:45,5.751,3.501,88.515,0,0,5179652,141620,186432,2452280,6730065.301,71644.394,32.006,2288.396,7.001,21.004,5349,4596,1.030,1.560,1.010,2,0,0,0,0,17,311,7,7,0
15-08 21:53:46,7.738,2.496,87.365,0.499,0.250,5191412,181724,185700,2404896,4831650.101,27116.106,0,14577.478,0,35.944,2584,2586,1.030,1.560,1.010,1,0,1.997,0,0,17,311,7,7,0
15-08 21:53:47,19.991,1.499,78.466,0.250,0.250,5199076,170276,185752,2408628,2224991.254,15130.494,19.991,2450.946,2.999,14.994,2051,2062,1.030,1.560,1.010,4,0,1.999,0,0,17,311,7,7,0
15-08 21:53:48,21.506,1.250,75.770,0.250,0,5207240,160476,185860,2410152,1047548.363,12163.162,0,1696.441,0,28.007,1843,2179,1.030,1.560,1.010,3,0,2.001,0,0,17,311,7,7,0
15-08 21:53:49,20.531,4.256,73.362,0.751,0,5192264,177632,185528,2408644,14340944.941,53764.992,0,14550.189,0,51.078,4497,2533,1.030,1.560,1.010,2,0,2.003,0,0,17,311,7,7,0
15-08 21:53:50,10.494,1.499,86.702,0.250,0.250,5193520,175360,185628,2409616,623104.931,9618.642,0,1435.201,0,36.979,1954,2725,0.950,1.530,1,1,0,2.998,0,0,17,311,7,7,0
15-08 21:53:51,10.241,0.999,86.424,0.250,0,5194012,174260,185744,2410100,273744.831,7763.161,0,1162.975,0,40.964,1840,2591,0.950,1.530,1,2,0,1.998,0,0,17,311,7,7,0
15-08 21:53:52,9.254,1.251,88.041,0,0,5195948,171604,185872,2410688,361614.235,10614.968,0,1016.476,0,21.010,1659,2106,0.950,1.530,1,2,0,2.001,0,0,17,311,7,7,0
15-08 21:53:53,11.493,0.999,85.695,0.500,0,5199820,165540,185996,2412740,1172653.638,12099.196,0,1794.842,0,21.986,1719,2268,0.950,1.530,1,1,0,1.999,0,0,17,311,7,7,0
15-08 21:53:54,10.762,3.754,84.097,0.250,0,5214460,145304,186168,2418148,2699103.766,14396.614,16.018,3840.432,1.001,64.074,2430,2764,0.950,1.530,1,3,0,4.005,0,0,17,311,7,7,0
15-08 21:53:55,19.088,3.767,76.351,0.502,0,5216120,188036,185632,2374596,36659.524,3807.503,108.499,261.201,17.079,8.037,1687,2137,0.950,1.520,1,2,0,4.018,0,0,17,311,7,7,0
15-08 21:53:56,26.347,0.994,71.832,0,0,5216396,187700,185648,2374656,29063.762,1449.559,0,1717.996,0,7.954,1549,2042,0.950,1.520,1,3,0,0,0,0,17,311,7,7,0
15-08 21:53:57,18.754,1.000,78.015,0,0,5195976,208036,185672,2374716,46936.293,3514.696,0,440.087,0,7.001,1607,2173,0.950,1.520,1,2,0,5.001,0,0,17,311,7,7,0
15-08 21:53:58,10.020,1.252,87.923,0.250,0,5195532,207348,185764,2375740,525221.586,9593.862,0,1222.403,0,33.065,1603,2368,0.950,1.520,1,1,0,2.004,0,0,17,311,7,7,0
15-08 21:53:59,5.994,1.499,91.409,0.250,0,5195692,206844,185868,2375980,184573.427,7910.090,0,919.081,0,31.968,1796,2435,0.950,1.520,1,1,0,1.998,0,0,17,311,7,7,0
15-08 21:54:00,13.213,1.496,83.016,0.249,0,5198360,202896,185972,2377144,669795.846,10150.386,0,1300.334,0,27.921,1804,2244,0.960,1.510,1,1,0,1.994,0,0,17,311,7,7,0
15-08 21:54:01,11.600,1.261,85.990,1.009,0,5200652,197940,186112,2379716,1311939.552,9907.262,0,13891.551,0,191.649,1997,2372,0.960,1.510,1,2,0,3.026,0,0,17,311,7,7,0
15-08 21:54:02,15.705,0.748,81.763,0.249,0,5203604,194412,186240,2380164,408925.162,9755.757,0,1152.663,0,23.931,1653,2226,0.960,1.510,1,2,0,1.994,0,0,17,311,7,7,0
15-08 21:54:03,8.467,0.498,88.161,0.249,0.249,5203404,192688,186328,2381984,1084805.010,55357.207,0,593.718,0,14.943,3103,2912,0.960,1.510,1,2,0,0.996,0,0,17,311,7,7,0
15-08 21:54:04,8.998,1.999,86.477,1.000,0.500,5205212,188796,186468,2383928,1031152.651,30891.721,15.996,5610.496,1.000,208.944,3254,3943,0.960,1.510,1,2,0,1.000,0,0,17,311,7,7,0
15-08 21:54:05,12.519,1.502,84.882,0.250,0,5205700,187368,186572,2384764,541405.261,17097.535,0,969.505,0,31.048,2154,2761,0.960,1.500,1,2,0,3.005,0,0,17,311,7,7,0
15-08 21:54:06,15.510,0.750,81.301,0.250,0,5211348,180872,186648,2385520,408236.597,12712.021,0,3654.306,0,62.039,2176,2820,0.960,1.500,1,1,0,2.001,0,0,17,311,7,7,0
15-08 21:54:07,22.741,4.498,70.473,0.250,0,5237068,153928,186768,2386620,631146.271,15471.075,511.804,1191.544,3.998,18.993,2496,2829,0.960,1.500,1,2,0,8.997,0,0,17,311,7,7,0
15-08 21:54:08,29.240,4.998,64.477,0.250,0,5228044,162096,186908,2387352,363352.920,8705.883,511.817,1295.536,3.999,34.987,2337,2643,0.960,1.500,1,2,0,8.997,0,0,17,311,7,7,0
15-08 21:54:09,17.600,1.509,80.960,0.754,0.251,5227560,161752,187032,2388040,442134.979,12508.121,0,1086.176,0,21.120,1954,2515,0.960,1.500,1,2,0,3.017,0,0,17,311,7,7,0
15-08 21:54:10,19.386,1.491,77.544,0,0,5238388,150244,187120,2388632,630107.230,15773.285,0,902.694,0,12.924,2058,2326,0.880,1.480,0.990,1,0,0.994,0,0,17,311,7,7,0
15-08 21:54:11,20.633,2.768,75.235,0.503,0,5245388,152292,187056,2379648,351470.634,12820.681,0,5265.960,0,39.253,2045,2373,0.880,1.480,0.990,3,0,1.006,0,0,17,311,7,5,0
15-08 21:54:12,23.588,2.731,72.255,0.248,0,5231076,166596,187096,2379760,55159.160,3325.222,0,1358.693,0,198.639,2986,4784,0.880,1.480,0.990,4,0,0,0,0,17,311,7,5,0
15-08 21:54:13,16.031,2.004,81.406,0.250,0,5232172,164664,187176,2380500,482988.822,13810.530,0,941.809,0,16.031,2216,2672,0.880,1.480,0.990,1,0,3.006,0,0,17,311,7,5,0
15-08 21:54:14,12.980,2.995,81.625,0.250,0,5242152,151924,187280,2383152,1404282.660,30719.092,35.945,2072.835,1.997,45.930,3445,3959,0.880,1.480,0.990,2,0,3.994,0,0,17,311,7,5,0
15-08 21:54:15,26.270,4.253,68.051,0,0.500,5244188,154376,187212,2378732,20944.709,1695.271,0,168.126,0,6.005,12559,25401,0.890,1.470,1,2,0,5.004,0,0,17,311,7,3,0
15-08 21:54:16,24.389,5.029,69.899,0.503,0,5241832,145312,188040,2388400,29171.599,1703.730,116.666,15432.133,14.080,55.316,3219,5079,0.890,1.470,1,4,0,0,0,0,17,311,7,3,0
15-08 21:54:17,24.007,5.502,69.771,0,0,5246984,153188,188040,2375748,6060.861,1458.448,12.004,1660.510,1.000,7.002,6198,12032,0.890,1.470,1,4,0,10.003,0,0,17,311,7,3,0
15-08 21:54:18,27.175,10.222,59.585,0.249,0,5265800,169800,187564,2342024,31146.599,1615.519,15.956,510.584,1.994,12.964,27937,59125,0.890,1.470,1,3,0,2.992,0,0,17,311,7,3,0
15-08 21:54:19,23.162,5.479,69.985,0,0,5259720,148208,188680,2366896,28209.116,1613.885,7.970,2024.330,1.992,13.947,4536,7765,0.890,1.470,1,2,0,0,0,0,17,311,6,3,0
15-08 21:54:20,27.657,5.531,64.869,0,0.251,5240752,197824,188704,2337748,21349.457,1629.269,0,675.845,0,18.103,2711,5833,0.900,1.460,1,4,0,36.206,0,0,17,311,6,4,0
15-08 21:54:21,26.267,1.251,70.796,0,0,5243980,194444,188712,2337804,26770.374,1621.052,0,17071.079,0,63.041,1799,2291,0.900,1.460,1,2,0,3.002,0,0,17,311,6,3,0
15-08 21:54:22,25.594,2.236,71.565,0,0,5245784,192600,188724,2337832,12480.059,1610.202,0,190.839,0,5.964,1569,2217,0.900,1.460,1,4,0,3.976,0,0,17,311,6,3,0
15-08 21:54:23,26.006,1.250,71.517,0,0,5225612,212704,188724,2337896,17921.211,1694.398,4.001,160.038,1.000,10.002,1524,2109,0.900,1.460,1,2,0,0,0,0,17,311,6,3,0
15-08 21:54:24,23.725,2.497,71.424,0.499,0,5231088,195372,188784,2349520,10224.142,1456.453,0,1634.264,0,80.914,1812,2519,0.900,1.460,1,2,0,0,0,0,17,311,6,3,0
15-08 21:54:25,23.663,3.021,71.996,1.007,0,5230120,175644,189164,2368012,15480.662,1631.239,4.028,2440.817,1.007,90.624,1852,2620,0.910,1.450,1,4,0,0,0,0,17,311,6,3,0
15-08 21:54:26,23.105,4.472,71.798,0.745,0.248,5233380,151000,190224,2385928,13290.377,1609.871,0,6475.258,0,66.581,1733,2451,0.910,1.450,1,2,0,0,0,0,17,311,6,3,0
15-08 21:54:27,24.483,2.748,71.699,0.250,0.250,5224648,162476,190424,2382724,6633.284,1660.819,0,1446.971,0,24.982,1459,2250,0.910,1.450,1,3,0,0.999,0,0,17,311,6,3,0
15-08 21:54:28,21.602,5.275,70.835,1.005,0,5221640,153192,191072,2392504,6896.586,1702.042,0,2761.046,0,114.541,1850,2812,0.910,1.450,1,4,0,0,0,0,17,311,6,3,0
15-08 21:54:29,23.669,2.990,71.007,0.747,0,5221740,149856,191428,2394916,14553.126,1730.071,0,1490.891,0,55.809,1821,2673,0.910,1.450,1,3,0,0,0,0,17,311,6,3,0
15-08 21:54:30,20.216,7.737,69.882,0.749,0,5222644,152080,195736,2384664,9650.710,1455.543,0,6241.464,0,70.880,1751,2563,0.920,1.450,1,2,0,0,0,0,17,311,6,3,0
15-08 21:54:31,23.283,2.754,71.853,1.252,0,5223820,146100,196628,2387764,14381.551,1696.424,0,17781.410,0,248.355,1893,2673,0.920,1.450,1,2,0,0,0,0,17,311,6,3,0
15-08 21:54:32,23.253,4.501,71.260,1.000,0.250,5216124,155028,197912,2383900,14290.015,1620.228,0,3864.545,0,243.034,1951,2641,0.920,1.450,1,2,0,0,0,0,17,311,6,3,0
15-08 21:54:33,22.233,8.993,68.198,0.749,0,5209656,164404,198400,2379580,15996.715,1618.757,0,94079.747,0,342.737,2413,3293,0.920,1.450,1,4,0,0,0,0,17,311,6,3,0
15-08 21:54:34,22.238,4.747,70.962,0.500,0,5209924,161820,192552,2389736,10160.615,1457.228,0,4085.835,0,64.966,1606,2483,0.920,1.450,1,4,0,0,0,0,17,311,6,3,0
15-08 21:54:35,21.014,9.006,67.294,1.001,0,5214116,226760,193892,2321412,7932.227,1921.266,36.024,80801.248,4.003,436.288,2983,4105,0.920,1.440,1,2,0,1.001,0,0,17,311,7,3,0
15-08 21:54:36,24.945,2.993,70.843,0,0,5214816,217464,194468,2329212,5820.074,1616.410,0,1420.844,0,26.940,1642,2645,0.920,1.440,1,3,0,0.998,0,0,17,311,7,3,0
15-08 21:54:37,25.516,2.001,71.296,0,0,5240036,185756,194680,2335072,13921.896,1532.980,0,0,0,0,1491,2172,0.920,1.440,1,2,0,1.001,0,0,17,311,7,3,0
15-08 21:54:38,26.434,1.762,71.246,0.252,0,5225868,191452,195044,2342392,10802.227,1631.361,0,1643.445,0,18.126,1529,2302,0.920,1.440,1,3,0,0,0,0,17,311,7,3,0
15-08 21:54:39,25.395,3.237,70.458,0.249,0,5097388,382252,195124,2279892,14562.667,2107.270,0,2039.550,0,37.843,1731,2277,0.920,1.440,1,2,0,1.992,0,0,17,309,7,3,0
15-08 21:54:40,26.679,6.483,65.824,0.499,0.249,5125752,353948,195124,2280024,10317.422,1496.001,15.957,79499.498,1.995,353.056,12074,23673,0.930,1.430,1,3,0,4.987,0,0,17,309,7,3,0
15-08 21:54:41,26.278,8.759,60.315,0,0,5142348,337316,195124,2280080,14574.609,1621.737,32.034,492.527,3.003,1.001,34278,72146,0.930,1.430,1,5,0,5.005,0,0,17,309,7,3,0
15-08 21:54:42,23.482,2.998,72.695,0,0.500,5148172,331492,195124,2280080,6496.082,1618.775,0,399.697,0,8.993,2347,4170,0.930,1.430,1,3,0,6.995,0,0,17,309,7,3,0
15-08 21:54:43,41.472,7.289,50.269,0.251,0,4883544,595444,195124,2280740,12884.007,2092.206,378.025,663.554,17.092,142.765,1979,2501,0.930,1.430,1,2,0,17.092,0,0,17,293,7,7,0
15-08 21:54:44,42.101,8.270,49.870,0,0,4940380,538536,195132,2280684,5524.258,1698.075,112.269,1952.686,8.019,7.017,1583,2101,0.930,1.430,1,5,0,5.012,0,0,17,293,7,7,0
15-08 21:54:45,65.511,11.002,23.254,0,0,5050088,428604,195132,2281020,17131.758,1620.261,196.032,372.060,21.003,8.001,1968,2238,1.100,1.460,1.010,4,0,8.001,0,0,17,293,7,7,0
15-08 21:54:46,48.446,9.989,40.705,0.250,0.250,5093984,383100,195136,2282684,11172.643,1618.210,175.806,275.695,24.972,6.992,1939,6179,1.100,1.460,1.010,2,0,0,0,0,17,293,7,12,0
15-08 21:54:47,20.752,6.751,71.255,0,0,4963116,513968,195136,2282684,14110.072,1714.130,24.002,96.007,6.000,10.001,1507,2142,1.100,1.460,1.010,2,0,2.000,0,0,17,280,7,13,0
15-08 21:54:48,43.290,8.508,48.044,0.250,0,4883524,593356,195136,2282888,10063.268,1459.344,0,3863.558,0,429.395,2553,2548,1.100,1.460,1.010,4,0,6.006,0,0,17,266,7,14,0
15-08 21:54:49,67.516,10.252,21.505,0.250,0,5073716,401084,195556,2284548,47538.171,20837.897,784.184,1136.267,36.008,73.017,6141,10109,1.100,1.460,1.010,3,0,8.002,0,0,17,270,7,22,0
15-08 21:54:50,25.701,6.488,67.122,0,0,5096840,375436,195804,2286824,175697.175,83379.579,347.340,858.369,32.937,40.922,9098,15771,1.170,1.470,1.010,4,0,0.998,0,0,17,278,7,24,0
15-08 21:54:51,7.949,1.242,88.683,0,0.248,5112684,359588,195808,2286824,68698.740,32751.586,0,218.602,0,21.860,2067,2895,1.170,1.470,1.010,1,0,0.994,0,0,17,282,7,24,0
15-08 21:54:52,7.023,1.505,90.550,0.502,0,5119448,352784,195808,2286864,47667.160,17311.439,0,140.466,0,10.033,2292,4033,1.170,1.470,1.010,6,0,0,0,0,17,287,7,24,0
15-08 21:54:53,6.490,1.997,91.104,0,0,5121192,351020,195816,2286876,48262.683,18246.769,0,503.194,0,37.939,2117,3474,1.170,1.470,1.010,2,0,0,0,0,17,286,7,24,0
15-08 21:54:54,2.001,0.750,95.546,0,0,5121180,351020,195820,2286884,5490.657,1620.784,0,140.068,0,10.005,1136,1860,1.170,1.470,1.010,1,0,0,0,0,17,286,7,24,0
15-08 21:54:55,2.251,0.500,96.024,0.250,0,5121180,351020,195832,2286872,13831.444,1554.387,0,596.148,0,43.011,1406,2158,1.080,1.440,1.010,1,0,0,0,0,17,286,7,24,0
15-08 21:54:56,1.751,0.250,96.332,0,0,5121164,351020,195832,2286888,8979.651,1567.335,0,88.075,0,10.009,1154,1844,1.080,1.440,1.010,2,0,0,0,0,17,286,7,24,0
15-08 21:54:57,1.996,0.998,96.317,0,0,5121416,350768,195832,2286888,13465.469,1616.934,0,0,0,0,1251,1966,1.080,1.440,1.010,1,0,0.998,0,0,17,286,7,24,0
15-08 21:54:58,2.250,0.750,95.741,0,0,5121408,350768,195836,2286892,9955.034,1619.843,0,143.986,0,17.998,1326,2062,1.080,1.440,1.010,1,0,0,0,0,17,286,7,24,0
15-08 21:54:59,2.247,0.499,96.115,0.250,0.499,5121396,350768,195844,2286896,6295.143,1529.848,0,263.629,0,18.973,1241,2142,1.080,1.440,1.010,1,0,0,0,0,17,286,7,24,0
15-08 21:55:00,4.518,5.522,88.603,0,0.251,5126824,344980,195992,2287108,13356.265,1626.486,610.434,148.593,27.108,22.088,2052,3247,0.990,1.420,1,4,0,88.352,0,0,17,286,7,24,0
15-08 21:55:01,2.489,3.235,91.586,0.249,0,5128040,343468,196020,2287376,15479.096,1612.717,0,1947.206,0,100.546,1785,2757,0.990,1.420,1,1,0,54.753,0,0,17,286,7,24,0
15-08 21:55:02,2.255,0.752,96.462,0,0,5128040,343468,196024,2287372,7103.614,1461.212,0,32.070,0,4.009,1117,1841,0.990,1.420,1,2,0,0,0,0,17,286,7,24,0
15-08 21:55:03,3.749,0.500,94.485,0.250,0,5128012,343468,196044,2287380,13979.847,1619.751,0,487.925,0,54.992,1774,2903,0.990,1.420,1,1,0,0,0,0,17,286,7,24,0
15-08 21:55:04,2.497,0.749,96.393,0,0.250,5128012,343468,196044,2287380,13259.229,1618.197,0,3.996,0,0.999,1218,1941,0.990,1.420,1,1,0,0,0,0,17,286,7,24,0
15-08 21:55:05,2.251,1.500,94.279,0.750,0,5128116,343244,196052,2287492,13332.106,1458.449,0,31025.556,0,112.035,1657,2469,0.910,1.390,1,2,1,1.000,0,0,17,286,7,24,0
15-08 21:55:06,2.501,2.751,92.783,0.500,0,5130900,340304,196064,2287500,9616.375,1620.569,0,96473.862,0,429.151,2444,3832,0.910,1.390,1,1,0,1.000,0,0,17,286,7,24,0
15-08 21:55:07,1.502,1.001,95.383,0.250,0,5131148,340052,196068,2287500,5266.362,1534.145,0,92.129,0,12.017,1341,2314,0.910,1.390,1,2,0,1.001,0,0,17,286,7,24,0
15-08 21:55:08,6.789,10.057,83.224,0.503,0,5137088,333768,196324,2287584,15214.586,1629.272,498.839,128.733,22.126,13.074,2740,4293,0.910,1.390,1,2,0,284.620,0,0,17,286,6,24,0
15-08 21:55:09,10.428,17.876,70.511,0,0.248,5143660,327020,196324,2287760,17843.275,1521.450,0,4949.679,0,308.858,4549,7540,0.910,1.390,1,2,0,579.978,0,0,17,286,6,24,0
15-08 21:55:10,11.552,16.574,70.566,0.251,0,5145180,325444,196332,2287808,15407.966,1701.616,0,996.460,0,11.049,3615,6080,0.920,1.390,1,2,0,441.978,0,0,17,286,6,24,0
15-08 21:55:11,10.997,19.994,67.980,0,0,5146940,323708,196336,2287860,14222.747,1619.516,195.941,19874.058,6.998,65.980,4234,7069,0.920,1.390,1,4,0,571.829,0,0,17,286,6,24,0
15-08 21:55:12,16.685,11.953,69.977,0,0,5155956,314196,196340,2288388,13016.289,1687.426,23.907,0,1.992,0,2769,4512,0.920,1.390,1,2,0,269.948,0,0,17,286,6,24,0
15-08 21:55:13,10.003,4.501,85.024,0.250,0.500,5161828,307248,196376,2289428,29777.397,2603.734,1096.309,940.265,30.008,53.015,3659,6568,0.920,1.390,1,1,0,26.007,0,0,17,287,6,24,0
15-08 21:55:14,5.993,0.999,90.648,1.249,0.250,5162024,306808,196376,2289672,220234.118,8210.796,0,4630.809,0,705.209,2380,2521,0.920,1.390,1,1,0,1.998,0,0,17,287,6,26,0
15-08 21:55:15,3.247,1.499,93.926,0,0,5162124,306136,196376,2290244,514609.003,16752.816,0,91.928,0,5.995,1911,2310,0.840,1.360,0.990,1,0,0,0,0,17,287,6,24,0
15-08 21:55:16,3.256,1.503,93.422,0.501,0,5161360,306136,196376,2291008,825568.523,28761.007,0,4071.504,0,159.294,2287,2632,0.840,1.360,0.990,1,0,0,0,0,17,287,6,24,0
15-08 21:55:17,3.750,1.750,93.504,0.250,0,5162316,304936,196384,2291392,440410.378,17197.757,0,2364.104,0,39.002,2015,2851,0.840,1.360,0.990,1,0,1.000,0,0,17,287,6,24,0
15-08 21:55:18,2.499,0.500,94.702,0,0,5162472,304684,196384,2291488,82923.124,3054.457,0,175.911,0,13.993,1461,2264,0.840,1.360,0.990,1,0,0,0,0,17,287,6,24,0
15-08 21:55:19,2.499,0.750,95.198,0,0,5162684,304208,196388,2291748,272805.594,7423.961,0,263.856,0,16.991,1603,2426,0.840,1.360,0.990,1,0,0,0,0,17,287,6,24,0
15-08 21:55:20,7.049,5.035,87.612,0,0.252,5180124,285900,196528,2294712,528052.865,13196.135,302.109,173.209,11.077,20.141,2665,5776,0.780,1.340,0.990,6,0,118.830,0,0,17,287,6,24,0
15-08 21:55:21,3.733,1.991,91.579,0.249,0,5151972,313700,196532,2292824,427723.040,10800.383,19.909,1540.921,3.982,27.872,2206,3574,0.780,1.340,0.990,2,0,3.982,0,0,17,287,6,24,0
15-08 21:55:22,3.243,0.748,95.554,0,0.249,5152248,313224,196532,2293024,205499.343,3877.064,0,203.583,0,4.990,1296,2004,0.780,1.340,0.990,1,0,0,0,0,17,287,6,24,0
15-08 21:55:23,3.254,0.501,94.352,0.250,0,5152164,313000,196544,2293320,314898.350,9850.678,0,432.469,0,49.053,1936,2918,0.780,1.340,0.990,1,0,0,0,0,17,287,6,24,0
15-08 21:55:24,2.994,0.250,94.818,0.250,0,5152240,312748,196548,2293492,182891.665,6170.147,0,622.804,0,16.967,1416,2166,0.780,1.340,0.990,1,0,0,0,0,17,287,6,24,0
15-08 21:55:25,7.011,2.504,88.892,1.002,0,5158644,301496,196836,2298052,237140.187,6616.580,4839.739,220.352,149.239,3.005,1791,2456,0.790,1.330,0.990,3,0,3.005,0,0,17,286,6,25,0
15-08 21:55:26,13.048,11.041,68.754,6.273,0.251,5184040,249868,197600,2322928,14953.282,1668.167,8688.120,20347.224,805.980,537.989,7592,12798,0.790,1.330,0.990,2,0,65.241,0,0,17,286,6,25,0
15-08 21:55:27,11.690,13.183,68.898,4.975,0,5179404,244336,198620,2330896,9064.661,1450.585,485.518,15918.624,34.822,1611.761,7929,12344,0.790,1.330,0.990,2,0,124.364,0,0,17,286,6,25,0
15-08 21:55:28,24.149,8.804,66.914,1.006,0,5178520,244400,198676,2331548,14299.456,1467.075,0,1581.785,0,107.666,2764,3565,0.790,1.330,0.990,4,0,64.398,0,0,17,286,6,25,0
15-08 21:55:29,22.866,7.208,67.852,0.994,0,5176896,243748,198912,2333244,9275.553,1610.546,0,1829.262,0,88.481,2703,3881,0.790,1.330,0.990,2,0,49.708,0,0,17,286,6,25,0
15-08 21:55:30,22.623,6.787,68.121,1.508,0,5177784,236088,200484,2335704,6094.164,1582.613,2115.513,3080.766,162.886,106.580,2820,3984,0.730,1.310,0.980,1,1,43.235,0,0,17,286,6,25,0
15-08 21:55:31,12.726,11.479,70.619,3.743,0,5205172,171868,190116,2387732,14785.469,1686.859,59034.079,2327.666,920.286,62.883,3340,4243,0.730,1.310,0.980,2,0,23.955,0,0,17,286,6,25,0
15-08 21:55:32,17.563,9.033,72.009,0.251,0.251,5208656,166832,190128,2387960,11735.247,1625.853,40.145,0,8.029,0,2022,2703,0.730,1.310,0.980,3,0,44.159,0,0,17,286,6,25,0
15-08 21:55:33,24.845,10.186,63.850,0.497,0.248,4978028,394056,190312,2391308,7210.882,1522.474,3351.033,604.219,86.459,56.646,3417,5042,0.730,1.310,0.980,1,0,65.590,0,0,17,282,6,27,0
15-08 21:55:34,1.498,0.250,95.852,0.499,0,4978472,393608,190312,2391312,13127.678,1617.496,0,1661.428,0,312.516,1551,1901,0.730,1.310,0.980,1,0,0,0,0,17,282,6,27,0
15-08 21:55:35,2.006,0.752,95.773,0.251,0.251,4978688,393384,190320,2391312,10885.077,1462.175,0,184.527,0,12.034,1291,2229,0.670,1.290,0.980,4,0,0,0,0,17,282,6,27,0
15-08 21:55:36,9.743,4.497,82.439,0.999,0,4976212,388908,190372,2398212,14989.922,1844.637,6866.925,959.291,221.836,43.968,3553,5365,0.670,1.290,0.980,1,0,57.957,0,0,17,282,1,27,0
15-08 21:55:37,1.749,0.500,95.960,0,0,4976136,388908,190372,2398292,9840.946,1693.302,0,0,0,0,1217,2000,0.670,1.290,0.980,3,0,1.000,0,0,17,282,1,27,0
15-08 21:55:38,2.497,0.749,95.148,0,0,4975988,389056,190380,2398284,6690.801,1618.259,3.996,135.854,0.999,17.981,1256,2121,0.670,1.290,0.980,2,0,0,0,0,17,282,1,27,0
15-08 21:55:39,2.000,1.000,95.502,0.500,0,4975856,389164,190392,2398296,14289.243,1694.029,0,324.006,0,25.000,1393,2321,0.670,1.290,0.980,1,0,0,0,0,17,282,1,27,0
15-08 21:55:40,2.250,0.750,96.013,0,0,4975848,389164,190392,2398304,9388.277,1620.220,0,4.001,0,1.000,1158,1964,0.620,1.270,0.970,1,0,0,0,0,17,282,1,27,0
15-08 21:55:41,2.000,0.750,96.235,0,0,4976088,388924,190392,2398304,5422.170,1457.777,0,47.993,0,1.000,1130,1906,0.620,1.270,0.970,1,0,0,0,0,17,282,1,27,0
15-08 21:55:42,3.005,1.252,96.396,0,0.250,4976336,388672,190392,2398304,13391.248,1622.453,0,40.061,0,1.002,1192,1894,0.620,1.270,0.970,1,0,0,0,0,17,282,1,27,0
15-08 21:55:43,2.500,1.000,94.740,0.250,0.250,4976336,388672,190416,2398280,9857.994,1619.835,0,595.939,0,52.995,1614,2760,0.620,1.270,0.970,1,0,0,0,0,17,282,1,25,0
15-08 21:55:44,7.541,1.005,90.242,0.251,0,4976536,388420,190428,2398320,14858.051,1540.403,0,189.031,0,22.121,1841,3439,0.620,1.270,0.970,2,0,0,0,0,17,282,1,25,0
15-08 21:55:45,3.728,0.249,93.455,0.994,0,4976524,388420,190472,2398288,11219.523,1610.601,0,2656.497,0,173.985,1939,3518,0.570,1.250,0.970,1,0,0,0,0,17,282,1,23,0
15-08 21:55:46,1.499,0.500,96.677,0,0,4976484,388420,190472,2398328,7372.471,1844.617,0,55.958,0,5.996,1178,1968,0.570,1.250,0.970,1,0,0,0,0,17,282,2,23,0
15-08 21:55:47,3.251,1.000,95.516,0.250,0.250,4976736,388168,190472,2398328,28732.798,1532.256,0,2464.412,0,268.045,1778,1964,0.570,1.250,0.970,1,0,1.000,0,0,17,282,2,17,0
15-08 21:55:48,2.002,0.501,95.862,0.250,0.250,4976736,388168,190480,2398320,21073.656,1716.008,0,92.108,0,10.012,1260,1884,0.570,1.250,0.970,1,0,0,0,0,17,282,2,17,0
15-08 21:55:49,1.749,0.999,95.450,0,0,4976908,387944,190480,2398372,29227.685,1693.113,0,199.895,0,13.993,1514,2298,0.570,1.250,0.970,1,0,0,0,0,17,282,2,8,0
15-08 21:55:50,2.752,0.500,95.333,0.250,0,4977332,387496,190500,2398376,26313.972,1459.274,0,1281.118,0,249.218,1735,2433,0.520,1.230,0.960,1,0,0,0,0,17,282,2,8,0
15-08 21:55:51,1.996,0.998,95.554,0.249,0,4977332,387496,190516,2398360,15123.966,1658.597,0,267.451,0,22.953,1453,2381,0.520,1.230,0.960,3,0,0,0,0,17,282,2,8,0
15-08 21:55:52,2.750,0.750,96.257,0,0,4977312,387496,190516,2398380,30961.353,1640.125,0,4.000,0,1.000,1402,2005,0.520,1.230,0.960,1,0,0,0,0,17,282,2,6,0
15-08 21:55:53,5.747,0.750,91.955,0,0,4977312,387496,190532,2398364,46466.046,11018.557,0,311.846,0,40.980,2087,3070,0.520,1.230,0.960,1,0,0,0,0,17,282,2,6,0
15-08 21:55:54,2.254,0.501,95.915,0.250,0,4977268,387496,190536,2398404,22363.577,1696.927,8.014,132.228,1.002,11.019,1321,2074,0.520,1.230,0.960,1,0,0,0,0,17,282,2,6,0
15-08 21:55:55,1.999,0.250,96.445,0,0,4977268,387496,190536,2398404,26436.984,1619.080,0,43.975,0,5.997,1328,2023,0.480,1.210,0.950,1,0,0,0,0,17,282,2,6,0
15-08 21:55:56,1.748,0.999,96.645,0,0,4977256,387496,190548,2398404,25762.970,1843.994,0,287.687,0,19.978,1321,1993,0.480,1.210,0.950,1,0,0,0,0,17,282,3,6,0
15-08 21:55:57,2.500,0.750,95.758,0,0.250,4977508,387244,190548,2398404,29268.371,1458.118,0,60.005,0,6.000,1353,1943,0.480,1.210,0.950,1,0,1.000,0,0,17,282,3,6,0
15-08 21:55:58,2.262,1.257,95.764,0,0.251,4977496,387244,190560,2398404,13296.348,1703.139,0,152.820,0,16.086,1290,2038,0.480,1.210,0.950,1,0,0,0,0,17,282,3,6,0
15-08 21:55:59,2.740,0.747,95.896,0.249,0,4977488,387244,190568,2398404,29177.248,1614.039,0,195.279,0,13.948,1481,2274,0.480,1.210,0.950,1,0,0,0,0,17,282,3,6,0
15-08 21:56:00,2.247,0.499,95.863,0,0.250,4977480,387244,190568,2398412,24279.402,1691.589,99.858,71.898,2.996,9.986,1377,2075,0.440,1.190,0.950,1,0,0,0,0,17,282,3,6,0
15-08 21:56:01,2.252,0.250,95.831,0,0,4977380,387244,190572,2398508,21402.085,1621.370,0,48.041,0,6.005,1307,2009,0.440,1.190,0.950,1,0,0,0,0,17,282,3,6,0
15-08 21:56:02,2.000,1.250,94.769,0.500,0,4978524,386096,190572,2398512,21037.165,1736.344,0,58879.658,0,86.017,1373,1946,0.440,1.190,0.950,1,0,0,0,0,17,282,3,6,0
15-08 21:56:03,2.998,0.500,94.175,0.500,0,4978492,386096,190584,2398504,14118.790,1618.715,0,751.403,0,57.954,1807,2961,0.440,1.190,0.950,1,0,0,0,0,17,282,3,6,0
15-08 21:56:04,2.001,0.500,96.821,0,0,4978480,386096,190584,2398516,29683.758,1533.124,0,4.003,0,1.001,1318,1965,0.440,1.190,0.950,1,0,0,0,0,17,282,3,6,0
15-08 21:56:05,2.000,0.500,95.754,0.250,0.250,4978480,386096,190588,2398512,29427.118,1620.062,0,804.031,0,167.006,1777,2498,0.410,1.170,0.940,2,0,0,0,0,17,282,3,6,0
15-08 21:56:06,2.996,0.499,94.623,0.499,0,4978468,386096,190592,2398516,31195.136,1843.526,0,363.512,0,31.957,1797,2615,0.410,1.170,0.940,1,0,1.997,0,0,17,282,4,6,0
15-08 21:56:07,3.757,1.002,94.169,0,0,4978468,386096,190592,2398516,13855.871,1739.122,0,0,0,0,1430,2151,0.410,1.170,0.940,1,0,1.002,0,0,17,282,4,6,0
15-08 21:56:08,3.502,1.001,94.562,0,0,4978468,386096,190604,2398504,30740.258,1695.117,0,156.103,0,15.010,1625,2363,0.410,1.170,0.940,1,0,0,0,0,17,282,4,6,0
15-08 21:56:09,1.498,0.250,96.342,0,0.250,4978456,386096,190604,2398516,23176.874,1529.484,0,31.947,0,2.995,1349,2231,0.410,1.170,0.940,1,0,0,0,0,17,282,4,6,0
15-08 21:56:10,1.751,1.251,96.293,0,0,4978452,386096,190604,2398520,13578.083,1620.726,0,4.002,0,1.000,1191,1934,0.370,1.150,0.940,1,0,0,0,0,17,282,4,6,0
15-08 21:56:11,2.247,1.498,95.387,0.250,0,4978436,386096,190616,2398524,25423.847,1510.209,0,303.640,0,21.974,1414,2002,0.370,1.150,0.940,1,0,0,0,0,17,282,4,6,0
15-08 21:56:12,1.501,0.500,96.792,0,0,4978436,386096,190616,2398524,20374.863,1640.714,0,44.019,0,1.000,1229,1852,0.370,1.150,0.940,1,0,0,0,0,17,282,4,6,0
15-08 21:56:13,8.016,2.004,88.677,0.251,0,4978364,386096,190628,2398584,30967.874,1623.243,0,456.913,0,50.100,3284,5818,0.370,1.150,0.940,3,0,0,0,0,17,282,4,6,0
15-08 21:56:14,4.248,1.499,93.210,0,0,4978304,386096,190628,2398644,16367.978,1531.343,0,0,0,0,1531,2445,0.370,1.150,0.940,1,0,1.999,0,0,17,282,4,6,0
15-08 21:56:15,2.998,0,95.437,0,0,4978172,386096,190628,2398776,13725.968,1618.935,0,75.950,0,5.996,1312,2070,0.340,1.130,0.930,1,0,0,0,0,17,282,4,6,0
15-08 21:56:16,2.513,1.005,94.984,0.251,0.251,4979932,384332,190628,2398780,25726.023,1628.293,0,884.505,0,168.860,1751,2167,0.340,1.130,0.930,3,0,4.020,0,0,17,282,4,6,0
15-08 21:56:17,7.211,1.989,89.024,0,0,4981408,382820,190632,2398816,24377.701,1675.047,31.830,501.320,3.979,24.867,2279,3153,0.340,1.130,0.930,1,0,3.979,0,0,17,282,5,6,0
15-08 21:56:18,2.264,1.006,95.832,0.252,0,4981408,382820,190636,2398812,30924.931,1778.810,0,213.296,0,13.079,1492,2102,0.340,1.130,0.930,1,0,0,0,0,17,282,5,6,0
15-08 21:56:19,1.741,0.249,95.238,0.497,0.497,4981404,382820,190652,2398800,27520.052,1450.204,0,680.342,0,109.412,1674,2448,0.340,1.130,0.930,1,0,1.989,0,0,17,282,5,6,0
15-08 21:56:20,2.748,0.250,95.426,0,0,4981376,382820,190660,2398820,21822.978,1692.680,0,183.857,0,21.983,1610,2609,0.310,1.110,0.930,1,0,0,0,0,17,282,5,6,0
15-08 21:56:21,6.748,3.499,88.476,0,0.250,4975644,388552,190664,2398900,29451.107,1619.566,0,267.928,0,22.994,2180,5253,0.310,1.110,0.930,1,0,33.991,0,0,17,282,5,7,0
15-08 21:56:22,2.250,1.000,96.004,0.250,0,4975500,388692,190664,2398820,9501.352,1694.063,0,36.001,0,4.000,1339,2237,0.310,1.110,0.930,2,0,0,0,0,17,282,5,6,0
15-08 21:56:23,3.002,0.750,94.048,0.250,0,4975500,388692,190696,2398788,30179.452,1620.830,0,692.354,0,85.044,2073,3081,0.310,1.110,0.930,1,0,0,0,0,17,282,5,6,0
15-08 21:56:24,2.249,0.250,95.728,0,0,4975448,388692,190704,2398832,23883.578,1693.616,0,155.965,0,13.997,1445,2223,0.310,1.110,0.930,1,0,0,0,0,17,282,5,6,0
15-08 21:56:25,2.000,0.750,96.267,0,0,4975448,388692,190704,2398832,21659.899,1620.292,0,0,0,0,1287,2057,0.290,1.090,0.920,2,0,0,0,0,17,282,5,6,0
15-08 21:56:26,1.500,0.500,95.985,0,0,4975444,388692,190712,2398828,23423.393,1457.776,0,291.955,0,19.997,1441,2161,0.290,1.090,0.920,3,0,0,0,0,17,282,5,5,0
15-08 21:56:27,0.999,1.249,96.409,0,0,4975436,388692,190712,2398836,9646.845,1618.464,0,0,0,0,1260,2137,0.290,1.090,0.920,1,0,0.999,0,0,17,282,5,5,0
15-08 21:56:28,1.763,0.755,95.687,0,0,4975436,388692,190716,2398832,31563.500,1585.377,0,108.781,0,18.130,1563,2265,0.290,1.090,0.920,1,0,0,0,0,17,282,5,5,0
15-08 21:56:29,1.739,0.745,96.115,0.248,0,4975432,388692,190716,2398836,25768.823,1651.096,0,194.714,0,13.908,1568,2500,0.290,1.090,0.920,2,0,0,0,0,17,282,5,5,0
15-08 21:56:30,3.254,1.251,95.114,0.250,0,4975432,388692,190720,2398832,32618.947,1621.937,0,72.086,0,10.012,1660,2319,0.270,1.070,0.920,2,0,0,0,0,17,282,5,5,0
15-08 21:56:31,2.001,1.000,95.789,0,0.250,4975424,388692,190724,2398836,31337.817,1458.597,0,64.026,0,6.002,1455,2111,0.270,1.070,0.920,1,0,0,0,0,17,282,5,5,0
15-08 21:56:32,1.748,0.250,96.381,0,0.250,4975416,388692,190724,2398844,23896.536,1691.914,0,31.961,0,2.996,1321,2035,0.270,1.070,0.920,3,0,0,0,0,17,282,5,5,0
15-08 21:56:33,2.749,1.500,94.474,0.500,0,4975400,388692,190740,2398844,14945.965,1619.563,0,443.880,0,52.986,1759,2898,0.270,1.070,0.920,2,0,0,0,0,17,282,5,5,0
15-08 21:56:34,1.250,1.000,96.494,0,0,4975400,388692,190740,2398844,13643.168,1457.911,0,4.000,0,1.000,1218,2111,0.270,1.070,0.920,2,0,0,0,0,17,282,5,5,0
15-08 21:56:35,2.753,1.752,95.099,0,0,4975400,388692,190740,2398844,26990.070,1621.687,0,100.104,0,15.016,1654,2597,0.240,1.050,0.910,1,0,0,0,0,17,282,5,3,0
15-08 21:56:36,1.500,1.000,95.015,0.250,0.500,4975396,388692,190748,2398840,28314.332,1620.248,0,2128.326,0,121.019,1891,2924,0.240,1.050,0.910,4,0,0,0,0,17,282,5,3,0
15-08 21:56:37,1.998,0.499,95.653,0,0,4975380,388692,190752,2398852,25268.479,1456.529,0,107.891,0,7.992,1412,2133,0.240,1.050,0.910,1,0,0.999,0,0,17,282,5,3,0
15-08 21:56:38,2.260,0.502,96.196,0,0,4975380,388692,190756,2398848,32590.961,1701.883,0,72.335,0,9.042,1486,2170,0.240,1.050,0.910,1,0,0,0,0,17,282,5,3,0
15-08 21:56:39,1.242,0.745,95.611,0.497,0,4975372,388692,190760,2398852,21457.641,1609.249,0,294.036,0,24.834,1475,2550,0.240,1.050,0.910,1,0,0,0,0,17,282,5,3,0
15-08 21:56:40,2.256,0.501,96.239,0,0,4975372,388692,190760,2398852,21430.233,1624.034,0,64.159,0,4.010,1321,2141,0.220,1.040,0.910,1,0,0,0,0,17,282,5,3,0
15-08 21:56:41,2.003,0.751,96.644,0,0,4975368,388692,190760,2398856,15259.722,1696.526,0,0,0,0,1294,2096,0.220,1.040,0.910,1,0,0,0,0,17,282,5,3,0
15-08 21:56:42,2.248,0.749,96.152,0,0.250,4975368,388692,190760,2398856,28936.369,1510.453,0,0,0,0,1348,2044,0.220,1.040,0.910,2,0,0,0,0,17,282,5,3,0
15-08 21:56:43,3.498,0.750,94.455,0.250,0,4975368,388692,190772,2398844,25172.043,1565.257,0,475.774,0,48.977,1933,3124,0.220,1.040,0.910,1,0,0,0,0,17,282,5,3,0
15-08 21:56:44,2.000,1.000,95.981,0,0.250,4975356,388692,190772,2398856,29164.225,1619.679,0,0,0,0,1350,2153,0.220,1.040,0.910,2,0,0,0,0,17,282,5,3,0
15-08 21:56:45,4.245,0.499,93.644,0,0,4975356,388692,190780,2398848,49195.409,10657.957,0,87.901,0,8.990,1700,2423,0.210,1.020,0.900,1,0,0,0,0,17,282,5,3,0
15-08 21:56:46,1.751,0.500,96.306,0.250,0,4975340,388692,190780,2398864,15167.812,1620.942,0,232.135,0,22.013,1370,2196,0.210,1.020,0.900,1,0,0,0,0,17,282,5,3,0
15-08 21:56:47,2.754,1.252,94.654,0.250,0,4975332,388692,190788,2398864,26277.886,1622.648,0,1346.197,0,210.343,1803,2354,0.210,1.020,0.900,1,0,3.005,0,0,17,282,5,3,0
15-08 21:56:48,3.010,0.251,95.556,0,0,4975332,388692,190788,2398860,20903.851,1793.736,0,108.346,0,6.019,1319,2050,0.210,1.020,0.900,7,0,0,0,0,17,282,5,3,0
15-08 21:56:49,2.734,0.994,94.701,0.249,0.249,4975328,388692,190788,2398864,29712.873,1503.291,0,270.433,0,29.827,1607,2652,0.210,1.020,0.900,1,0,0,0,0,17,282,5,3,0
15-08 21:56:50,3.002,1.001,95.560,0,0,4975288,388692,190796,2398896,24774.434,1566.976,0,116.072,0,16.010,1683,2667,0.190,1,0.900,1,0,0,0,0,17,282,5,3,0
15-08 21:56:51,2.504,1.002,95.650,0,0,4975284,388692,190808,2398888,20671.309,1696.652,0,252.394,0,23.036,1630,2667,0.190,1,0.900,1,0,0,0,0,17,282,5,3,0
15-08 21:56:52,2.250,0.500,96.251,0,0,4975272,388692,190808,2398900,29569.414,1620.023,0,4.000,0,1.000,1366,2014,0.190,1,0.900,1,0,0,0,0,17,282,5,3,0
15-08 21:56:53,3.249,1.250,93.980,0.250,0.250,4975272,388692,190816,2398892,10867.685,3607.232,0,455.903,0,69.985,1820,3148,0.190,1,0.900,2,0,0,0,0,17,283,5,3,0
15-08 21:56:54,3.745,0.999,93.637,0,0,4975212,388692,190816,2398952,46922.365,8671.533,0,107.870,0,7.990,1649,2385,0.190,1,0.900,1,0,0,0,0,17,282,5,3,0
15-08 21:56:55,1.250,0.250,96.975,0,0,4975212,388692,190816,2398952,18584.242,1619.585,0,0,0,0,1235,2132,0.170,0.980,0.890,1,0,0,0,0,17,282,5,3,0
15-08 21:56:56,1.502,0.501,96.359,0.250,0,4975208,388692,190820,2398952,20234.865,1513.710,0,288.326,0,20.023,1347,2133,0.170,0.980,0.890,1,0,0,0,0,17,282,5,3,0
15-08 21:56:57,1.501,0.751,96.316,0,0.250,4975460,388440,190820,2398952,24964.150,1567.077,0,0,0,0,1381,2108,0.170,0.980,0.890,1,0,1.001,0,0,17,282,5,3,0
15-08 21:56:58,2.499,0.999,95.700,0.250,0,4975452,388440,190828,2398952,9151.177,1619.147,0,71.962,0,9.995,1264,2160,0.170,0.980,0.890,2,0,0,0,0,17,282,5,3,0
15-08 21:56:59,1.248,0.499,95.866,0,0,4975448,388440,190840,2398944,22530.480,1455.963,0,195.726,0,13.980,1516,2573,0.170,0.980,0.890,1,0,0,0,0,17,282,5,3,0
15-08 21:57:00,3.505,1.001,94.884,0,0,4975416,388440,190860,2398956,28875.802,1622.292,0,128.181,0,18.025,1767,2752,0.160,0.970,0.890,1,0,0,0,0,17,282,5,3,0
15-08 21:57:01,2.247,0.499,95.883,0.250,0,4975416,388440,190868,2398948,21731.553,1691.941,0,231.718,0,20.974,1445,2313,0.160,0.970,0.890,1,0,0,0,0,17,282,5,3,0
15-08 21:57:02,2.001,0.500,96.301,0,0.250,4975408,388440,190868,2398956,20721.920,1458.769,0,0,0,0,1226,1993,0.160,0.970,0.890,2,0,0,0,0,17,282,5,3,0
15-08 21:57:03,4.250,1.000,93.499,0.750,0.250,4975404,388440,190896,2398932,20757.709,1619.977,0,1095.985,0,172.998,2133,3427,0.160,0.970,0.890,2,0,0,0,0,17,282,5,3,0
15-08 21:57:04,1.502,0.501,96.110,0,0.250,4975372,388440,190896,2398964,20459.385,1459.668,0,8.009,0,2.002,1336,2190,0.160,0.970,0.890,1,0,0,0,0,17,282,5,3,0
15-08 21:57:05,2.997,0.749,95.894,0,0,4975372,388440,190904,2398956,19898.092,1618.218,0,95.894,0,11.987,1538,2554,0.150,0.950,0.880,1,0,0,0,0,17,282,5,3,0
15-08 21:57:06,1.509,0.754,96.313,0.251,0,4975344,388440,190920,2398968,30657.130,1508.816,0,370.163,0,34.200,1742,2660,0.150,0.950,0.880,1,0,0,0,0,17,282,5,3,0
15-08 21:57:07,2.249,0.500,95.449,0.500,0,4975336,388440,190932,2398964,28822.638,1619.137,0,79.957,0,10.994,1627,2540,0.150,0.950,0.880,2,0,0.999,0,0,17,282,5,3,0
15-08 21:57:08,2.002,0.751,96.323,0,0,4975332,388440,190932,2398968,24703.800,1459.110,0,28.021,0,2.002,1392,2090,0.150,0.950,0.880,2,1,0,0,0,17,282,5,3,0
15-08 21:57:09,2.485,0.745,95.672,0,0,4975332,388440,190936,2398964,29940.251,1652.027,0,163.016,0,17.892,1630,2578,0.150,0.950,0.880,1,0,0,0,0,17,282,5,3,0
15-08 21:57:10,2.000,0.500,95.486,0,0,4975328,388440,190940,2398964,14055.878,1619.755,0,75.989,0,9.998,1323,2186,0.130,0.930,0.880,1,0,0,0,0,17,282,5,3,0
15-08 21:57:11,2.000,0.750,96.735,0.250,0,4975276,388440,190952,2399004,23322.478,1693.744,0,335.949,0,23.996,1366,2161,0.130,0.930,0.880,2,0,0,0,0,17,282,5,3,0
15-08 21:57:12,1.750,0.750,95.992,0,0,4975272,388440,190952,2399008,13027.880,1619.861,0,0,0,0,1243,2140,0.130,0.930,0.880,1,0,0,0,0,17,282,5,3,0
15-08 21:57:13,3.001,1.250,93.768,0.250,0.500,4975492,388188,190984,2399008,29513.785,1566.307,0,476.093,0,54.011,1973,3122,0.130,0.930,0.880,1,0,0,0,0,17,282,5,3,0
15-08 21:57:14,5.753,2.251,91.052,0,0.250,4975628,387936,190984,2399124,25184.254,1512.856,0,40.023,0,1.001,2635,4967,0.130,0.930,0.880,2,0,2.001,0,0,17,282,5,3,0
15-08 21:57:15,10.054,0.754,88.723,0,0,4976132,387432,190992,2399116,28419.647,1628.691,0,64.343,0,6.032,2284,3641,0.120,0.920,0.870,3,0,0,0,0,17,283,5,6,0
15-08 21:57:16,3.975,1.242,93.666,0,0,4976116,387180,190992,2399384,24355.121,1609.960,63.603,83.479,3.975,6.957,1727,2645,0.120,0.920,0.870,1,0,0,0,0,17,282,5,4,0
15-08 21:57:17,2.003,1.002,95.404,0,0,4976868,386424,190992,2399388,14261.074,1622.625,0,120.194,0,12.019,1451,2324,0.120,0.920,0.870,1,0,1.002,0,0,17,282,5,4,0
15-08 21:57:18,1.752,0.250,95.089,0.751,0,4977080,386200,191000,2399392,29468.701,1621.524,0,1297.219,0,229.215,1831,2135,0.120,0.920,0.870,3,0,0,0,0,17,282,5,4,0
15-08 21:57:19,2.740,0.996,95.148,0,0,4977072,386200,191004,2399396,24720.436,1614.022,0,462.288,0,30.886,1683,2778,0.120,0.920,0.870,1,0,0,0,0,17,282,5,4,0
15-08 21:57:20,2.503,1.001,95.352,0.250,0.250,4977068,386200,191012,2399392,21522.093,1459.566,0,140.150,0,17.018,1568,2560,0.110,0.900,0.870,1,0,0,0,0,17,282,5,4,0
15-08 21:57:21,6.251,2.751,88.769,0,0,4986040,377212,191020,2399332,31448.824,1620.352,0,272.059,0,23.005,2456,4796,0.110,0.900,0.870,1,0,34.007,0,0,17,282,5,5,0
15-08 21:57:22,2.258,0.502,96.598,0,0,4985868,377380,191020,2399404,13438.446,1700.129,0,36.130,0,4.014,1281,2036,0.110,0.900,0.870,2,0,0,0,0,17,282,5,4,0
15-08 21:57:23,3.491,0.997,93.006,1.247,0,4985800,377380,191088,2399404,29808.811,1615.762,0,2493.460,0,178.532,2390,3636,0.110,0.900,0.870,1,0,0,0,0,17,282,5,4,0
15-08 21:57:24,1.748,0.749,96.398,0,0,4985796,377380,191088,2399408,23935.676,1456.459,0,115.877,0,21.977,1376,2137,0.110,0.900,0.870,1,0,0,0,0,17,282,5,4,0
15-08 21:57:25,2.001,0.750,95.290,0,0.250,4985796,377380,191088,2399408,34346.288,1620.674,0,56.023,0,6.002,1451,2194,0.100,0.890,0.860,1,0,0,0,0,17,282,5,4,0
15-08 21:57:26,3.249,1.000,94.978,0.250,0.250,4985792,377380,191092,2399408,24581.346,1619.627,0,491.887,0,44.990,1789,2597,0.100,0.890,0.860,1,0,0,0,0,17,282,5,4,0
15-08 21:57:27,1.502,1.001,96.110,0,0,4985792,377380,191092,2399408,7151.167,1459.667,0,32.037,0,4.005,1213,2088,0.100,0.890,0.860,1,0,1.001,0,0,17,282,5,4,0
15-08 21:57:28,2.246,0.250,96.096,0,0,4985788,377380,191092,2399412,29119.380,1617.411,0,7.987,0,0.998,1404,2034,0.100,0.890,0.860,3,0,0,0,0,17,282,5,4,0
15-08 21:57:29,1.501,1.001,95.844,0.250,0,4985780,377380,191108,2399404,24077.717,1459.438,0,276.272,0,23.023,1571,2562,0.100,0.890,0.860,1,0,0,0,0,17,282,5,4,0
15-08 21:57:30,3.999,0.250,95.472,0,0.250,4985764,377380,191116,2399412,21365.697,1661.510,0,71.979,0,9.997,1459,2265,0.180,0.890,0.860,2,0,0,0,0,17,282,5,4,0
15-08 21:57:31,1.748,0.749,95.659,0,0,4985760,377380,191120,2399412,29480.023,1456.618,0,63.939,0,5.994,1466,2104,0.180,0.890,0.860,1,0,0,0,0,17,282,5,4,0
15-08 21:57:32,2.752,0.751,96.325,0,0,4985752,377380,191120,2399420,26352.529,1621.263,0,0,0,0,1434,2036,0.180,0.890,0.860,2,0,0,0,0,17,282,5,4,0
15-08 21:57:33,3.005,1.252,94.650,0.751,0,4985752,377380,191156,2399384,30002.674,1622.578,0,444.707,0,51.081,1955,3000,0.180,0.890,0.860,1,0,0,0,0,17,282,5,4,0
15-08 21:57:34,1.499,0.500,95.683,0,0,4985716,377380,191156,2399420,13018.861,1456.977,0,559.607,0,120.915,1389,2106,0.180,0.890,0.860,1,0,0,0,0,17,282,5,4,0
15-08 21:57:35,1.998,1.249,95.663,0,0,4985716,377380,191164,2399412,22732.291,1618.526,0,91.916,0,11.989,1527,2478,0.320,0.910,0.870,1,0,0,0,0,17,282,5,4,0
15-08 21:57:36,2.499,0.750,95.227,0.250,0.250,4985696,377380,191176,2399420,31301.550,1619.615,0,363.913,0,31.992,1698,2558,0.320,0.910,0.870,1,0,0,0,0,17,282,5,4,0
15-08 21:57:37,2.252,0.751,96.352,0,0,4985692,377380,191176,2399424,30161.911,1621.716,0,0,0,0,1455,2130,0.320,0.910,0.870,1,0,1.001,0,0,17,282,5,4,0
15-08 21:57:38,1.998,0.999,96.174,0,0.250,4985692,377380,191176,2399424,26564.987,1618.720,0,0,0,0,1295,1927,0.320,0.910,0.870,3,0,0,0,0,17,282,5,4,0
15-08 21:57:39,2.000,0.500,95.228,0.250,0,4985904,377128,191204,2399436,11671.292,1553.640,0,539.875,0,50.988,1538,2754,0.320,0.910,0.870,1,0,0,0,0,17,282,5,4,0
15-08 21:57:40,2.501,0.500,95.540,0,0,4985904,377128,191204,2399436,31972.332,1566.653,0,4.002,0,1.000,1345,2056,0.300,0.890,0.860,1,0,0,0,0,17,282,5,4,0
15-08 21:57:41,1.500,0.500,96.974,0,0,4985904,377128,191204,2399436,24166.644,1619.574,0,0,0,0,1297,1951,0.300,0.890,0.860,1,0,0,0,0,17,282,5,4,0
15-08 21:57:42,1.251,1.001,96.051,0,0,4986156,376876,191204,2399436,21223.227,1620.857,0,0,0,0,1236,1976,0.300,0.890,0.860,1,0,0,0,0,17,282,5,4,0
15-08 21:57:43,2.748,0.500,94.448,0.250,0.250,4986156,376876,191212,2399428,21040.428,1457.199,0,507.721,0,54.970,1919,3115,0.300,0.890,0.860,1,0,0,0,0,17,282,5,4,0
15-08 21:57:44,2.002,1.501,95.572,0,0.250,4986148,376876,191212,2399436,28033.221,1621.227,0,0,0,0,1331,2101,0.300,0.890,0.860,1,0,0,0,0,17,282,5,4,0
15-08 21:57:45,4.501,0.750,93.772,0.250,0,4986148,376876,191212,2399436,44820.398,10870.522,0,524.122,0,96.022,1874,2427,0.270,0.880,0.860,1,0,0,0,0,17,282,5,4,0
15-08 21:57:46,1.249,0.999,96.163,0,0.250,4986140,376876,191212,2399444,12671.507,1530.612,0,51.953,0,6.994,1325,2097,0.270,0.880,0.860,1,0,0,0,0,17,282,5,4,0
15-08 21:57:47,3.749,1.749,93.463,0.250,0,4987396,375616,191216,2399448,16142.688,1919.250,0,511.800,0,24.990,1813,2548,0.270,0.880,0.860,1,0,1.999,0,0,17,282,6,4,0
15-08 21:57:48,2.253,0.501,96.645,0,0,4987396,375616,191216,2399448,18164.192,1682.519,0,0,0,0,1308,2006,0.270,0.880,0.860,2,0,0,0,0,17,282,6,4,0
15-08 21:57:49,3.499,1.499,94.214,0,0,4987348,375616,191220,2399492,19469.524,1639.370,0,319.877,0,28.989,1643,2735,0.270,0.880,0.860,1,0,0,0,0,17,282,6,4,0
15-08 21:57:50,1.998,0.749,95.402,0.250,0.250,4987572,375392,191220,2399492,8549.228,1692.264,0,823.155,0,161.834,1721,2625,0.250,0.860,0.850,1,0,0,0,0,17,282,6,4,0
15-08 21:57:51,2.252,0.751,96.101,0.501,0,4987572,375392,191220,2399492,9948.446,1555.633,0,92.097,0,14.015,1457,2531,0.250,0.860,0.850,1,0,0,0,0,17,282,6,4,0
15-08 21:57:52,1.249,0.749,95.922,0,0,4987572,375392,191220,2399492,18444.930,1606.687,0,3.997,0,0.999,1304,2048,0.250,0.860,0.850,2,0,0,0,0,17,282,6,4,0
15-08 21:57:53,4.252,1.001,93.551,0,0,4987572,375392,191232,2399480,33433.087,10695.786,0,228.123,0,36.019,1934,3152,0.250,0.860,0.850,2,0,0,0,0,17,282,6,4,0
15-08 21:57:54,2.248,0.500,95.179,0,0.250,4987548,375392,191232,2399504,13107.196,1638.774,0,55.958,0,6.995,1326,2181,0.250,0.860,0.850,1,0,0,0,0,17,282,6,4,0
15-08 21:57:55,2.002,0.751,96.108,0,0,4987548,375392,191232,2399504,8793.858,1621.818,0,144.162,0,29.033,1272,2144,0.230,0.850,0.850,1,0,0,0,0,17,282,6,4,0
15-08 21:57:56,1.501,0.750,96.533,0,0,4987548,375392,191232,2399504,13561.665,1640.564,0,0,0,0,1283,2098,0.230,0.850,0.850,1,0,0,0,0,17,282,6,4,0
15-08 21:57:57,3.001,1.251,95.548,0.250,0.500,4988300,374640,191236,2399500,13465.719,1694.846,0,536.268,0,39.019,1379,2242,0.230,0.850,0.850,2,0,1.000,0,0,17,282,6,4,0
15-08 21:57:58,1.500,0.250,96.233,0,0,4988296,374640,191236,2399504,6498.824,1619.707,0,7.999,0,1.000,1146,1999,0.230,0.850,0.850,2,0,0,0,0,17,282,6,4,0
15-08 21:57:59,1.999,0.749,94.935,0,0,4988292,374640,191244,2399500,13318.877,1660.862,0,303.792,0,25.982,1516,2663,0.230,0.850,0.850,1,0,0,0,0,17,282,6,4,0
15-08 21:58:00,1.749,0.500,95.689,0.250,0,4988284,374640,191244,2399508,14230.935,1584.990,0,595.621,0,119.924,1448,2226,0.210,0.830,0.850,1,0,0,0,0,17,282,6,4,0
15-08 21:58:01,2.250,0.250,95.997,0,0,4988280,374640,191244,2399512,5369.812,1565.945,0,51.998,0,6.000,1254,2171,0.210,0.830,0.850,1,0,0,0,0,17,282,6,4,0
15-08 21:58:02,2.250,1.000,96.736,0,0,4988280,374640,191244,2399512,13351.037,1767.740,0,0,0,0,1300,2083,0.210,0.830,0.850,2,0,0,0,0,17,282,6,4,0
15-08 21:58:03,2.253,1.252,94.625,0.250,0,4988280,374640,191256,2399500,14267.876,1514.003,0,456.604,0,53.070,1791,3050,0.210,0.830,0.850,1,0,0,0,0,17,282,6,4,0
15-08 21:58:04,1.498,0.499,95.900,0.250,0,4988264,374640,191256,2399516,13383.001,1638.286,0,51.946,0,3.996,1268,2151,0.210,0.830,0.850,3,0,0,0,0,17,282,6,4,0
15-08 21:58:05,2.996,1.748,95.368,0,0.250,4988264,374640,191264,2399508,16776.714,1617.755,0,87.878,0,13.981,1418,2374,0.190,0.820,0.840,1,0,0,0,0,17,282,6,4,0
15-08 21:58:06,2.753,0.751,95.100,0.250,0.250,4988248,374640,191272,2399516,9726.261,1513.597,0,360.380,0,31.033,1464,2478,0.190,0.820,0.840,1,0,0,0,0,17,282,6,4,0
15-08 21:58:07,1.750,0.500,95.754,0,0.250,4988240,374640,191272,2399524,12880.541,1682.071,0,0,0,0,1379,2207,0.190,0.820,0.840,1,0,1.000,0,0,17,282,6,4,0
15-08 21:58:08,2.000,0.750,96.523,0,0,4988236,374640,191272,2399528,13191.166,1694.407,0,0,0,0,1233,1993,0.190,0.820,0.840,2,0,0,0,0,17,282,6,4,0
15-08 21:58:09,2.252,0.500,95.593,0.500,0,4988484,374388,191288,2399516,7480.271,1555.512,0,388.378,0,35.034,1434,2659,0.190,0.820,0.840,1,0,0,0,0,17,282,6,4,0
15-08 21:58:10,1.499,0.500,96.709,0,0.250,4988472,374388,191288,2399528,13362.388,1639.311,0,3.998,0,1.000,1181,2032,0.180,0.810,0.840,1,0,0,0,0,17,282,6,4,0
15-08 21:58:11,2.000,0.250,96.259,0,0,4988472,374388,191288,2399528,10148.984,1620.157,0,0,0,0,1191,2023,0.180,0.810,0.840,1,0,0,0,0,17,282,6,4,0
15-08 21:58:12,1.748,0,95.908,0,0,4988472,374388,191288,2399528,13670.944,1530.538,0,0,0,0,1277,2115,0.180,0.810,0.840,1,0,0,0,0,17,282,6,4,0
15-08 21:58:13,3.002,1.251,94.557,0.500,0,4988444,374388,191312,2399532,11048.629,1620.973,0,488.293,0,62.037,1793,3256,0.180,0.810,0.840,2,0,0,0,0,17,282,6,4,0
15-08 21:58:14,1.499,0.750,94.960,0.750,0,4988444,374388,191340,2399504,5656.607,1693.284,0,2394.987,0,150.936,1587,2965,0.180,0.810,0.840,2,0,1.999,0,0,17,282,6,4,0
15-08 21:58:15,5.510,2.004,91.164,0,0,4988352,374388,191352,2399584,13622.561,1622.926,0,68.123,0,6.011,2479,4932,0.160,0.790,0.830,1,0,0,0,0,17,282,6,4,0
15-08 21:58:16,3.995,0.999,92.380,0,0.250,4988288,374388,191352,2399648,10193.789,1617.903,0,107.860,0,7.990,1584,2465,0.160,0.790,0.830,1,0,0,0,0,17,282,6,6,0
15-08 21:58:17,3.003,1.001,94.835,0,0,4988776,373884,191356,2399660,12855.493,1587.419,0,460.412,0,15.013,1494,2324,0.160,0.790,0.830,2,0,3.003,0,0,17,282,6,3,0
15-08 21:58:18,3.245,0.998,96.350,0,0,4988776,373884,191356,2399656,14558.391,1839.144,0,0,0,0,1289,1965,0.160,0.790,0.830,1,0,0,0,0,17,282,6,3,0
15-08 21:58:19,1.755,0.251,95.747,0.251,0.251,4988892,373632,191364,2399784,12416.071,1570.055,0,248.642,0,22.057,1437,2479,0.160,0.790,0.830,1,0,0,0,0,17,282,6,3,0
15-08 21:58:20,1.499,1.749,95.669,0,0,4988888,373632,191372,2399780,9866.663,1692.570,0,139.882,0,12.989,1512,2597,0.150,0.780,0.830,1,0,0,0,0,17,282,6,3,0
15-08 21:58:21,6.499,2.500,87.484,0,0.250,4986828,375676,191380,2399756,6108.858,1619.697,0,255.952,0,26.995,2481,4929,0.150,0.780,0.830,3,0,33.994,0,0,17,282,6,3,0
15-08 21:58:22,2.750,1.250,95.994,0,0,4986824,375676,191380,2399792,7019.593,1693.902,0,51.997,0,4.000,1321,2296,0.150,0.780,0.830,1,0,0,0,0,17,282,6,3,0
15-08 21:58:23,2.497,0.499,94.398,0,0,4987048,375452,191392,2399780,14293.606,1618.257,0,203.781,0,32.964,1791,2990,0.150,0.780,0.830,1,0,0,0,0,17,282,6,3,0
15-08 21:58:24,1.499,0.749,96.184,0,0,4987032,375452,191392,2399796,14353.154,1584.913,0,0,0,0,1237,2147,0.150,0.780,0.830,1,0,0,0,0,17,282,6,3,0
15-08 21:58:25,1.251,0.500,96.337,0,0,4987028,375452,191392,2399800,16723.134,1567.419,0,0,0,0,1313,2186,0.140,0.770,0.820,1,0,0,0,0,17,282,6,3,0
15-08 21:58:26,2.001,0.750,95.281,0.250,0.250,4987028,375452,191392,2399800,6294.077,1620.535,0,508.168,0,38.013,1306,2215,0.140,0.770,0.820,1,0,0,0,0,17,282,6,3,0
15-08 21:58:27,1.997,0.250,96.378,0,0,4987276,375204,191392,2399800,15083.844,1637.920,0,0,0,0,1259,2120,0.140,0.770,0.820,1,0,0.999,0,0,17,282,6,3,0
15-08 21:58:28,1.502,0.751,96.625,0,0.250,4987276,375204,191392,2399800,15325.755,1662.143,0,140.181,0,30.039,1225,1932,0.140,0.770,0.820,1,0,0,0,0,17,282,6,3,0
15-08 21:58:29,2.997,0.500,95.170,0,0,4987272,375204,191400,2399796,7195.927,1618.634,0,251.787,0,23.980,1362,2535,0.140,0.770,0.820,1,0,0,0,0,17,282,6,3,0
15-08 21:58:30,3.501,0.750,95.274,0.250,0,4987264,375204,191400,2399804,7308.813,1682.417,0,64.016,0,10.002,1360,2281,0.130,0.750,0.820,1,0,0,0,0,17,282,6,3,0
15-08 21:58:31,1.752,0.751,95.587,0.250,0,4987264,375204,191400,2399804,16001.513,1513.373,0,1008.915,0,189.172,1563,2231,0.130,0.750,0.820,2,0,0,0,0,17,282,6,3,0
15-08 21:58:32,2.248,0.999,96.163,0,0,4987264,375204,191400,2399804,10458.577,1692.475,0,35.968,0,2.997,1196,1990,0.130,0.750,0.820,1,0,0,0,0,17,282,6,3,0
15-08 21:58:33,3.506,0.751,94.169,0.501,0.250,4987264,375204,191412,2399792,15304.502,1568.819,0,464.835,0,53.095,1809,2934,0.130,0.750,0.820,3,0,0,0,0,17,282,6,3,0
15-08 21:58:34,1.748,0.749,96.142,0,0.250,4987240,375204,191412,2399816,9143.732,1584.221,0,3.996,0,0.999,1208,2143,0.130,0.750,0.820,2,0,0,0,0,17,282,6,3,0
15-08 21:58:35,2.498,0.749,95.172,0,0,4987240,375204,191412,2399816,14839.846,1618.674,0,83.931,0,11.990,1531,2570,0.120,0.740,0.810,1,0,0,0,0,17,282,6,3,0
15-08 21:58:36,2.500,0.750,95.496,0.250,0,4987228,375204,191424,2399816,15065.443,1565.942,0,387.986,0,34.999,1559,2592,0.120,0.740,0.810,1,0,0,0,0,17,282,6,3,0
15-08 21:58:37,1.752,0.501,96.369,0,0,4987224,375204,191424,2399820,7646.436,1513.868,0,0,0,0,1215,2082,0.120,0.740,0.810,1,0,1.001,0,0,17,282,6,3,0
15-08 21:58:38,1.498,0.250,96.131,0,0.250,4987224,375204,191424,2399820,5576.075,1733.847,0,0,0,0,1123,1914,0.120,0.740,0.810,2,0,0,0,0,17,282,6,3,0
15-08 21:58:39,2.750,1.000,95.007,0.250,0,4987224,375204,191424,2399820,13847.052,1620.123,0,400.030,0,41.003,1552,2668,0.120,0.740,0.810,1,0,0,0,0,17,282,6,3,0
15-08 21:58:40,1.759,1.005,96.496,0,0,4987224,375204,191424,2399820,14179.870,1628.368,0,4.021,0,1.005,1277,2145,0.110,0.730,0.810,1,0,0,0,0,17,282,6,3,0
15-08 21:58:41,1.492,0.497,95.741,0,0.249,4987224,375204,191424,2399820,14424.263,1611.427,0,0,0,0,1268,2069,0.110,0.730,0.810,1,0,0,0,0,17,282,6,3,0
15-08 21:58:42,1.999,1.000,95.720,0.250,0,4987224,375204,191424,2399820,9969.899,1457.547,0,567.823,0,123.961,1274,2044,0.110,0.730,0.810,1,0,0,0,0,17,282,6,3,0
15-08 21:58:43,3.005,0.751,94.416,0.250,0,4987476,374952,191432,2399812,15397.099,1696.987,0,476.839,0,53.093,1874,3117,0.110,0.730,0.810,1,0,0,0,0,17,282,6,3,0
15-08 21:58:44,1.999,0.250,96.211,0,0,4987464,374952,191432,2399824,9741.055,1619.344,0,0,0,0,1182,2121,0.110,0.730,0.810,1,0,0,0,0,17,282,6,3,0
15-08 21:58:45,3.000,1.250,94.014,0,0,4987464,374952,191432,2399824,25492.824,10671.601,0,160.024,0,7.001,1454,2349,0.100,0.720,0.800,1,0,0,0,0,17,282,6,3,0
15-08 21:58:46,1.497,0.250,95.072,0,0.499,4987448,374952,191440,2399832,13537.590,1616.965,0,251.528,0,21.959,1345,2188,0.100,0.720,0.800,1,0,0,0,0,17,282,6,3,0
15-08 21:58:47,1.751,1.001,96.311,0,0,4987696,374700,191440,2399836,14235.954,1621.020,0,32.020,0,1.001,1245,2106,0.100,0.720,0.800,1,0,1.001,0,0,17,282,6,3,0
15-08 21:58:48,1.503,0.501,97.182,0,0,4987696,374700,191440,2399836,6517.187,1629.046,0,0,0,0,1113,2000,0.100,0.720,0.800,1,0,0,0,0,17,282,6,3,0
15-08 21:58:49,2.495,1.248,95.314,0.250,0,4987684,374700,191452,2399836,13074.531,1616.850,0,311.393,0,27.946,1499,2659,0.100,0.720,0.800,1,0,0,0,0,17,282,6,3,0
15-08 21:58:50,2.001,0.500,95.278,0,0.250,4987648,374700,191452,2399872,21686.311,1620.472,0,88.026,0,12.003,1564,2566,0.090,0.700,0.800,1,0,0,0,0,17,282,6,3,0
15-08 21:58:51,2.002,1.001,95.351,0,0,4987648,374700,191456,2399868,28258.983,1621.721,0,252.268,0,24.025,1705,2581,0.090,0.700,0.800,1,0,0,0,0,17,282,6,3,0
15-08 21:58:52,1.751,0.750,96.550,0,0,4987636,374700,191460,2399876,24845.845,1606.831,0,52.027,0,6.003,1391,2087,0.090,0.700,0.800,4,0,0,0,0,17,282,6,3,0
15-08 21:58:53,4.247,0.500,92.438,0.500,0,4987636,374700,191476,2399860,40706.482,10794.703,0,235.841,0,35.976,2174,3298,0.090,0.700,0.800,1,0,0,0,0,17,282,6,3,0
15-08 21:58:54,1.000,0.750,96.499,0,0,4987616,374700,191476,2399880,15095.879,1661.987,0,0,0,0,1235,2153,0.090,0.700,0.800,1,0,0,0,0,17,282,6,3,0
15-08 21:58:55,2.247,0.499,96.113,0,0,4987616,374700,191476,2399880,29448.888,1455.918,0,0,0,0,1402,2083,0.080,0.690,0.790,1,0,0,0,0,17,282,6,3,0
15-08 21:58:56,2.251,0.250,96.033,0.500,0,4987616,374700,191476,2399880,22204.616,1620.556,0,460.158,0,33.011,1366,2124,0.080,0.690,0.790,1,0,0,0,0,17,282,6,3,0
15-08 21:58:57,2.751,0.750,96.027,0,0,4987616,374700,191476,2399880,29775.456,1458.414,0,0,0,0,1391,2015,0.080,0.690,0.790,1,0,1.000,0,0,17,282,6,3,0
15-08 21:58:58,1.501,0,96.078,0,0.250,4987612,374700,191476,2399884,21611.592,1621.320,0,4.003,0,1.001,1256,1999,0.080,0.690,0.790,1,0,0,0,0,17,282,6,3,0
15-08 21:58:59,2.248,0.250,95.652,0,0.250,4987612,374700,191476,2399884,28898.466,1692.270,0,251.743,0,22.977,1528,2484,0.080,0.690,0.790,1,0,0,0,0,17,282,6,3,0
15-08 21:59:00,2.498,1.249,94.942,0,0.250,4987608,374700,191480,2399884,24302.151,1457.110,0,143.912,0,17.989,1587,2562,0.080,0.680,0.790,1,0,0,0,0,17,282,6,3,0
15-08 21:59:01,1.753,0.501,96.141,0.250,0,4987604,374700,191480,2399888,9683.176,1622.375,0,228.334,0,21.031,1371,2268,0.080,0.680,0.790,1,0,0,0,0,17,282,6,3,0
15-08 21:59:02,2.246,0.499,96.097,0,0,4987604,374700,191480,2399888,34500.214,1691.314,0,0,0,0,1499,2085,0.080,0.680,0.790,1,0,0,0,0,17,282,6,3,0
15-08 21:59:03,3.501,0.500,93.028,0.750,0,4987604,374700,191508,2399860,27393.300,1620.491,0,2276.690,0,150.045,2304,3710,0.080,0.680,0.790,1,0,0,0,0,17,282,6,3,0
15-08 21:59:04,2.755,1.002,96.162,0,0,4987568,374700,191508,2399896,28592.035,1460.454,0,204.343,0,26.044,1430,2205,0.080,0.680,0.790,1,0,0,0,0,17,282,6,3,0
15-08 21:59:05,2.248,0.749,95.426,0,0.250,4987568,374700,191508,2399896,26207.715,1618.747,0,91.929,0,11.991,1550,2549,0.070,0.670,0.790,1,0,0,0,0,17,282,6,3,0
15-08 21:59:06,2.751,1.000,95.528,0.250,0,4987560,374700,191508,2399904,13907.019,1620.468,0,328.095,0,26.008,1422,2418,0.070,0.670,0.790,1,0,0,0,0,17,282,6,3,0
15-08 21:59:07,3.000,1.000,94.753,0,0,4987812,374448,191508,2399904,28968.898,1458.045,0,96.003,0,12.000,1623,2567,0.070,0.670,0.790,2,0,1.000,0,0,17,282,6,3,0
15-08 21:59:08,1.249,1.498,96.402,0,0,4987812,374448,191508,2399904,21912.759,1618.357,0,31.968,0,2.997,1343,2055,0.070,0.670,0.790,2,0,0,0,0,17,282,6,3,0
15-08 21:59:09,1.999,0.500,95.726,0.250,0,4987812,374448,191508,2399904,22099.365,1661.576,0,507.870,0,45.988,1628,2663,0.070,0.670,0.790,1,0,0,0,0,17,282,6,3,0
15-08 21:59:10,2.251,1.000,95.526,0,0,4987812,374448,191508,2399904,29414.001,1620.441,0,76.021,0,10.003,1517,2248,0.060,0.660,0.780,1,0,0,0,0,17,282,6,3,0
15-08 21:59:11,2.000,0.250,96.017,0,0.250,4987812,374448,191508,2399904,28720.969,1620.280,0,0,0,0,1370,1968,0.060,0.660,0.780,1,0,0,0,0,17,282,6,3,0
15-08 21:59:12,2.002,1.251,96.328,0,0,4987808,374448,191508,2399908,29567.038,1695.378,0,0,0,0,1384,1998,0.060,0.660,0.780,1,0,0,0,0,17,282,6,3,0
15-08 21:59:13,3.252,0.500,93.808,0.750,0,4987804,374448,191516,2399904,9938.142,1512.935,0,1356.839,0,224.139,2148,3208,0.060,0.660,0.780,1,0,0,0,0,17,282,6,3,0
15-08 21:59:14,2.249,0.500,95.957,0,0,4987788,374448,191516,2399920,30541.379,1565.302,0,0,0,0,1326,2106,0.060,0.660,0.780,1,0,1.999,0,0,17,282,6,3,0
15-08 21:59:15,6.004,2.252,90.817,0.250,0.250,4987736,374448,191516,2399972,21173.563,1621.192,0,52.038,0,6.004,2455,4817,0.060,0.650,0.780,1,0,0,0,0,17,282,6,3,0
15-08 21:59:16,4.244,1.248,93.121,0,0,4987924,374196,191520,2400032,21663.974,1509.907,0,255.646,0,21.970,1718,2521,0.060,0.650,0.780,1,0,0,0,0,17,282,6,1,0
15-08 21:59:17,3.245,1.997,92.853,0,0,4989428,372684,191536,2400024,18910.988,1789.161,0,411.347,0,18.970,1786,2478,0.060,0.650,0.780,2,0,1.997,0,0,17,282,7,1,0
15-08 21:59:18,1.751,0.500,96.064,0,0,4989412,372684,191536,2400044,30330.200,1695.129,0,44.029,0,1.001,1406,2095,0.060,0.650,0.780,1,0,0,0,0,17,282,7,1,0
15-08 21:59:19,1.752,0.751,95.384,0.250,0.250,4989400,372684,191544,2400048,22045.930,1514.124,0,284.399,0,23.032,1657,2701,0.060,0.650,0.780,1,0,0,0,0,17,282,7,1,0
15-08 21:59:20,2.502,1.001,95.572,0,0,4989400,372684,191544,2400048,21164.000,1641.241,0,248.188,0,15.011,1545,2523,0.050,0.640,0.770,3,0,0,0,0,17,282,7,1,0
15-08 21:59:21,6.499,1.750,89.735,0.250,0,4976180,385884,191564,2399908,25771.799,1619.736,0,267.956,0,23.996,2282,4235,0.050,0.640,0.770,1,0,33.994,0,0,17,282,7,2,0
15-08 21:59:22,1.998,0.250,95.903,0,0,4976404,385660,191568,2400044,39433.251,1614.373,0,35.964,0,4.995,1446,2102,0.050,0.640,0.770,2,0,0,0,0,17,282,7,1,0
15-08 21:59:23,2.500,1.500,94.991,0.500,0.250,4976388,385660,191572,2400056,25189.506,1619.840,0,195.981,0,32.997,1893,3005,0.050,0.640,0.770,1,0,0,0,0,17,282,7,1,0
15-08 21:59:24,2.002,0.751,96.323,0,0.250,4976388,385660,191572,2400056,17405.158,1533.159,0,0,0,0,1293,2173,0.050,0.640,0.770,1,0,0,0,0,17,282,7,1,0
15-08 21:59:25,2.247,0.250,96.132,0,0,4976388,385660,191572,2400056,6729.769,1618.021,0,0,0,0,1173,2122,0.050,0.620,0.770,1,0,0,0,0,17,282,7,1,0
15-08 21:59:26,3.000,1.250,94.499,0,0,4976388,385660,191584,2400044,31598.589,1511.980,0,719.991,0,54.999,1905,2781,0.050,0.620,0.770,1,0,0,0,0,17,282,7,1,0
15-08 21:59:27,2.000,0.250,96.020,0.250,0,4976364,385660,191592,2400060,26799.548,1566.324,0,32.007,0,4.001,1421,2098,0.050,0.620,0.770,1,0,0,0,0,17,282,7,1,0
15-08 21:59:28,2.253,1.001,96.370,0,0,4976364,385660,191592,2400060,29843.125,1622.018,0,4.005,0,1.001,1422,2084,0.050,0.620,0.770,1,0,1.001,0,0,17,282,7,1,0
15-08 21:59:29,1.998,0.250,95.412,0.250,0.250,4976348,385660,191604,2400064,26067.835,1618.500,0,267.752,0,22.979,1521,2499,0.050,0.620,0.770,2,0,0,0,0,17,282,7,1,0
15-08 21:59:30,2.998,1.249,94.938,0,0,4976348,385660,191612,2400056,24046.322,1660.917,0,63.958,0,9.993,1436,2212,0.040,0.610,0.760,1,0,0,0,0,17,282,7,1,0
15-08 21:59:31,1.750,0.500,95.774,0.250,0,4976340,385660,191612,2400064,26391.730,1620.413,0,48.012,0,6.002,1479,2166,0.040,0.610,0.760,1,0,0,0,0,17,282,7,1,0
15-08 21:59:32,2.501,0.500,96.546,0,0,4976340,385660,191612,2400064,18698.976,1694.814,0,0,0,0,1333,2007,0.040,0.610,0.760,2,0,0,0,0,17,282,7,1,0
15-08 21:59:33,2.502,0.750,94.562,0,0.250,4976340,385660,191612,2400064,34725.606,1587.033,0,428.279,0,50.033,2031,3021,0.040,0.610,0.760,1,0,0,0,0,17,282,7,1,0
15-08 21:59:34,1.750,0.750,96.014,0,0,4976336,385660,191612,2400068,28223.233,1620.243,0,4.001,0,1.000,1392,2136,0.040,0.610,0.760,1,0,0,0,0,17,282,7,1,0
15-08 21:59:35,2.747,0.250,95.408,0.250,0.250,4976336,385660,191612,2400068,20923.850,1564.493,0,263.746,0,44.957,1615,2600,0.040,0.600,0.760,1,0,0,0,0,17,282,7,1,0
15-08 21:59:36,1.499,0.999,95.691,0,0,4976332,385660,191612,2400072,25484.378,1619.008,0,363.777,0,30.981,1576,2478,0.040,0.600,0.760,1,0,0,0,0,17,282,7,1,0
15-08 21:59:37,2.499,0.750,95.959,0,0,4976332,385660,191612,2400072,9380.023,1619.313,0,0,0,0,1209,2038,0.040,0.600,0.760,1,0,0,0,0,17,282,7,1,0
15-08 21:59:38,2.003,0.751,95.885,0.501,0,4976332,385660,191612,2400072,29678.936,1664.352,0,1145.619,0,224.317,1770,2043,0.040,0.600,0.760,1,0,1.001,0,0,17,282,7,1,0
15-08 21:59:39,2.751,0.750,95.021,0.250,0,4976320,385660,191616,2400080,21206.750,1620.363,0,448.100,0,48.011,1632,2692,0.040,0.600,0.760,1,0,0,0,0,17,282,7,1,0
15-08 21:59:40,1.753,1.002,96.145,0,0,4976320,385660,191616,2400080,21398.354,1514.290,0,8.012,0,1.002,1375,2127,0.040,0.590,0.750,1,0,0,0,0,17,282,7,1,0
15-08 21:59:41,2.247,0.999,96.117,0,0,4976320,385660,191616,2400080,28956.808,1617.755,0,0,0,0,1456,2094,0.040,0.590,0.750,1,0,0,0,0,17,282,7,1,0
15-08 21:59:42,2.496,0.749,96.357,0,0,4976320,385660,191616,2400080,19264.469,1563.684,0,0,0,0,1240,2006,0.040,0.590,0.750,2,0,0,0,0,17,282,7,1,0
15-08 21:59:43,2.504,0.751,94.403,0.250,0,4976316,385660,191624,2400076,19565.716,1622.630,0,484.786,0,55.089,1966,3257,0.040,0.590,0.750,1,0,0,0,0,17,282,7,1,0
15-08 21:59:44,1.749,0.750,96.200,0,0.250,4976308,385660,191624,2400084,20309.378,1619.153,0,0,0,0,1318,2143,0.040,0.590,0.750,1,0,0,0,0,17,282,7,1,0
15-08 21:59:45,4.244,0.999,93.123,0.250,0.250,4976308,385660,191624,2400084,45914.373,10547.613,0,75.896,0,8.988,1675,2393,0.030,0.580,0.750,1,0,0,0,0,17,282,7,1,0
15-08 21:59:46,2.503,0.751,95.848,0.250,0.250,4976300,385660,191624,2400092,33894.640,1621.657,0,300.307,0,26.027,1527,2146,0.030,0.580,0.750,1,0,0,0,0,17,282,7,1,0
15-08 21:59:47,2.754,1.001,95.127,0,0,4976172,385660,191628,2400212,25221.620,1568.090,0,440.587,0,15.020,1573,2172,0.030,0.580,0.750,2,0,2.003,0,0,17,282,7,1,0
15-08 21:59:48,2.998,0.500,96.674,0,0,4976168,385660,191628,2400216,18475.497,1678.682,0,0,0,0,1216,1854,0.030,0.580,0.750,1,0,0.999,0,0,17,282,7,1,0
15-08 21:59:49,2.500,0.750,94.232,0.500,0,4976412,385408,191652,2400200,13734.363,1565.699,0,2151.587,0,121.977,1686,2880,0.030,0.580,0.750,1,0,0,0,0,17,282,7,1,0
15-08 21:59:50,2.500,1.000,95.235,0.250,0,4976340,385408,191668,2400256,29261.260,1661.731,0,131.979,0,14.998,1584,2402,0.030,0.570,0.750,1,0,0,0,0,17,282,7,1,0
15-08 21:59:51,1.751,0.750,95.533,0,0,4976336,385408,191668,2400260,28821.944,1512.522,0,256.088,0,22.008,1535,2334,0.030,0.570,0.750,1,0,0,0,0,17,282,7,1,0
15-08 21:59:52,1.749,0.749,96.679,0,0.250,4976332,385408,191668,2400264,24125.268,1564.850,0,35.974,0,4.996,1290,1906,0.030,0.570,0.750,1,0,0,0,0,17,282,7,1,0
15-08 21:59:53,2.249,0.750,94.192,0.250,0,4976312,385408,191688,2400264,29141.990,1607.007,0,219.864,0,37.977,1879,3002,0.030,0.570,0.750,1,0,0,0,0,17,282,7,1,0
15-08 21:59:54,2.254,0.501,96.406,0.250,0,4976312,385408,191688,2400264,12948.990,1568.543,0,765.240,0,159.258,1369,1966,0.030,0.570,0.750,1,0,0,0,0,17,282,7,1,0
15-08 21:59:55,1.997,0.749,96.121,0,0,4976312,385408,191688,2400264,20747.240,1563.907,0,0,0,0,1228,1946,0.030,0.560,0.740,1,0,0,0,0,17,282,7,1,0
15-08 21:59:56,2.501,0.750,96.278,0,0,4976312,385408,191688,2400264,22471.607,1566.461,0,472.139,0,33.010,1303,1954,0.030,0.560,0.740,1,0,0,0,0,17,282,7,1,0
15-08 21:59:57,1.750,1.000,96.008,0,0.250,4976312,385408,191688,2400264,30330.396,1714.135,0,0,0,0,1340,1886,0.030,0.560,0.740,1,0,0,0,0,17,282,7,1,0
15-08 21:59:58,1.502,0.751,96.871,0,0.501,4976312,385408,191688,2400264,25352.539,1716.135,0,4.005,0,1.001,1302,1906,0.030,0.560,0.740,1,0,1.001,0,0,17,282,7,1,0
15-08 21:59:59,2.246,0.250,94.601,0,0,4976312,385408,191688,2400264,29137.962,1617.444,0,275.565,0,28.954,1591,2504,0.030,0.560,0.740,1,0,0,0,0,17,282,7,1,0
15-08 22:00:00,1.499,0.749,95.925,0.250,0,4976312,385408,191688,2400264,24527.795,1766.617,0,63.950,0,9.992,1322,1942,0.030,0.550,0.740,1,0,0,0,0,17,282,7,1,0
15-08 22:00:01,3.256,0.501,95.926,0,0,4976144,385156,191688,2400684,14827.178,1568.876,420.771,64.118,24.044,6.011,1216,1867,0.030,0.550,0.740,1,0,0,0,0,17,282,7,1,0
15-08 22:00:02,1.499,0.500,96.211,0,0,4976136,385156,191688,2400692,30468.660,1619.344,0,0,0,0,1311,1847,0.030,0.550,0.740,1,0,0,0,0,17,282,7,1,0
15-08 22:00:03,3.497,0.749,94.171,0.749,0,4976136,385156,191688,2400692,20479.817,1618.642,0,459.614,0,52.956,1882,3145,0.030,0.550,0.740,2,0,0,0,0,17,282,7,1,0
15-08 22:00:04,1.500,0.500,96.265,0,0,4976136,385156,191688,2400692,24197.896,1714.276,0,4.001,0,1.000,1223,1976,0.030,0.550,0.740,1,0,0,0,0,17,282,7,1,0
15-08 22:00:05,1.752,0.250,95.584,0,0,4976132,385156,191688,2400696,30679.937,1567.376,0,84.074,0,12.011,1548,2399,0.100,0.560,0.740,1,0,0,0,0,17,282,7,1,0
15-08 22:00:06,1.998,0.999,95.398,0.250,0,4976132,385156,191688,2400696,13280.829,1618.273,0,591.369,0,67.928,1451,2297,0.100,0.560,0.740,1,0,0,0,0,17,282,7,1,0
15-08 22:00:07,2.253,0.751,96.624,0,0,4976132,385156,191688,2400696,29035.223,1622.080,0,0,0,0,1320,1863,0.100,0.560,0.740,1,0,0,0,0,17,282,7,1,0
15-08 22:00:08,2.001,0.500,96.291,0,0.500,4976384,384904,191688,2400696,21864.205,1694.713,0,0,0,0,1258,1954,0.100,0.560,0.740,1,0,1.000,0,0,17,282,7,1,0
15-08 22:00:09,1.748,0.999,95.664,0,0,4976380,384904,191692,2400696,29308.739,1680.494,0,379.660,0,35.968,1638,2551,0.100,0.560,0.740,1,0,0,0,0,17,282,7,1,0
15-08 22:00:10,2.497,0.499,95.400,0,0,4976380,384904,191692,2400696,30017.422,1688.224,0,411.567,0,84.911,1426,1989,0.100,0.550,0.730,1,0,0,0,0,17,282,7,1,0
15-08 22:00:11,2.001,0.250,96.301,0,0.250,4976376,384904,191692,2400700,23109.155,1694.892,0,0,0,0,1288,1931,0.100,0.550,0.730,1,0,0,0,0,17,282,7,1,0
15-08 22:00:12,2.750,0.500,95.496,0,0,4976376,384904,191692,2400700,24901.029,1511.941,0,0,0,0,1357,2012,0.100,0.550,0.730,1,0,0,0,0,17,282,7,1,0
15-08 22:00:13,3.249,1.000,93.968,0.250,0.250,4976376,384904,191724,2400668,12557.781,1713.424,0,575.807,0,61.979,1922,3192,0.100,0.550,0.730,1,0,0,0,0,17,282,7,1,0
15-08 22:00:14,2.251,1.251,96.052,0,0,4976328,384904,191724,2400716,22560.250,1620.880,0,0,0,0,1302,1990,0.100,0.550,0.730,3,0,2.001,0,0,17,282,7,1,0
15-08 22:00:15,2.251,0.750,96.050,0.250,0,4976328,384904,191732,2400708,29595.301,1586.820,0,48.025,0,6.003,1346,1966,0.090,0.540,0.730,1,0,0,0,0,17,282,7,1,0
15-08 22:00:16,5.252,2.001,90.536,0,0,4976196,384904,191740,2400832,22185.741,1566.617,0,252.099,0,22.009,2562,4813,0.090,0.540,0.730,1,0,0,0,0,17,282,7,1,0
15-08 22:00:17,3.747,1.499,92.938,0,0,4976196,384904,191740,2400832,29761.090,1618.917,0,0,0,0,1682,2344,0.090,0.540,0.730,2,0,0,0,0,17,282,7,3,0
15-08 22:00:18,1.752,1.252,95.616,0,0,4976444,384652,191740,2400836,15617.913,1533.858,0,0,0,0,1275,1983,0.090,0.540,0.730,1,0,1.001,0,0,17,282,7,3,0
15-08 22:00:19,1.997,0.250,95.356,0,0.250,4976440,384652,191744,2400836,21424.585,1691.441,0,95.855,0,11.982,1530,2418,0.090,0.540,0.730,1,0,0,0,0,17,282,7,3,0
15-08 22:00:20,2.503,1.001,95.372,0,0,4976432,384652,191744,2400844,28623.696,1513.941,0,180.231,0,14.018,1657,2442,0.320,0.580,0.740,1,0,0,0,0,17,282,7,3,0
15-08 22:00:21,6.502,3.001,89.027,0.250,0,4992608,368468,191752,2400828,24790.462,1640.494,0,372.112,0,29.009,2258,4187,0.320,0.580,0.740,1,0,34.010,0,0,17,282,7,4,0
15-08 22:00:22,2.248,0.250,95.433,0.250,0.250,4993020,368056,191752,2400844,20274.686,1584.881,0,55.960,0,7.994,1388,2014,0.320,0.580,0.740,1,0,0,0,0,17,282,7,3,0
15-08 22:00:23,3.250,1.250,94.986,0.500,0,4993012,368056,191760,2400844,28862.728,1639.757,0,215.968,0,37.994,1942,2870,0.320,0.580,0.740,2,0,0,0,0,17,282,7,3,0
15-08 22:00:24,1.747,0.749,96.319,0,0,4993008,368056,191760,2400848,21076.376,1509.163,0,0,0,0,1204,1879,0.320,0.580,0.740,1,0,0,0,0,17,282,7,3,0
15-08 22:00:25,2.002,1.001,96.591,0,0,4993008,368056,191760,2400848,15167.288,1641.546,0,0,0,0,1197,1966,0.290,0.570,0.740,2,0,0,0,0,17,282,7,3,0
15-08 22:00:26,0.751,0.751,96.355,0,0,4993008,368056,191764,2400844,25018.245,1621.766,0,460.501,0,32.035,1323,2009,0.290,0.570,0.740,1,0,0,0,0,17,282,7,3,0
15-08 22:00:27,2.249,0.250,95.945,0,0.250,4993000,368056,191768,2400848,21721.554,1619.072,0,79.954,0,8.995,1262,1953,0.290,0.570,0.740,1,0,0,0,0,17,282,7,3,0
15-08 22:00:28,1.748,0.999,96.140,0,0.250,4993248,367808,191768,2400848,29478.159,1692.058,0,3.995,0,0.999,1293,1919,0.290,0.570,0.740,1,0,0.999,0,0,17,282,7,3,0
15-08 22:00:29,3.256,0.751,95.438,0.250,0,4993236,367808,191776,2400852,25235.790,1845.641,0,272.538,0,23.045,1502,2423,0.290,0.570,0.740,2,0,0,0,0,17,282,7,3,0
15-08 22:00:30,2.258,0.502,95.572,0,0,4993236,367808,191780,2400848,13567.778,1559.261,0,64.217,0,10.034,1262,2085,0.270,0.560,0.730,2,0,0,0,0,17,282,7,3,0
15-08 22:00:31,1.745,0.498,96.206,0,0,4993228,367808,191780,2400856,26170.129,1635.010,0,47.854,0,5.982,1334,1971,0.270,0.560,0.730,2,0,0,0,0,17,282,7,3,0
15-08 22:00:32,1.997,0.250,96.089,0,0.250,4993224,367808,191784,2400856,29000.482,1617.294,0,31.947,0,2.995,1327,1907,0.270,0.560,0.730,1,0,0,0,0,17,282,7,3,0
15-08 22:00:33,22.739,4.498,71.215,0.500,0,4911652,448708,192020,2401292,33262.834,1693.177,759.631,519.747,46.977,53.974,2392,3375,0.270,0.560,0.730,4,0,19.990,0,0,17,282,7,3,0
15-08 22:00:34,42.560,8.011,48.318,0.751,0,4992612,363876,192060,2405172,20327.743,1460.065,3701.234,8.011,119.169,2.003,1958,2474,0.270,0.560,0.730,5,0,13.018,0,0,17,282,7,3,0
15-08 22:00:35,33.281,8.758,56.553,1.251,0,4982888,425644,192172,2354392,21575.108,1695.580,7911.373,336.313,163.152,13.012,3037,6853,0.330,0.570,0.730,4,0,42.039,0,0,17,286,7,5,0
15-08 22:00:36,21.822,6.271,69.227,1.003,0,4973152,434640,192188,2355132,25382.177,1516.971,156.513,5855.187,13.043,719.357,3714,4188,0.330,0.570,0.730,3,0,13.043,0,0,17,286,7,9,0
15-08 22:00:37,22.643,4.977,70.666,0.746,0,4960652,446712,192236,2355512,9934.101,1558.642,0,2153.832,0,126.403,2291,4631,0.330,0.570,0.730,3,0,11.944,0,0,17,286,7,13,0
15-08 22:00:38,23.561,5.013,70.431,0,0.251,4962296,444456,192236,2356124,30036.163,1740.471,20.052,0,4.010,0,2479,5221,0.330,0.570,0.730,4,0,13.033,0,0,17,286,7,17,0
15-08 22:00:39,22.593,6.527,70.289,0,0,4946832,458980,192240,2357060,13675.191,1666.849,0,622.558,0,29.120,2962,8072,0.330,0.570,0.730,2,0,17.070,0,0,17,286,7,24,0
15-08 22:00:40,23.329,4.715,69.986,0.248,0.248,4952016,453160,192240,2357696,28757.603,1554.572,0,107.212,0,4.964,2424,4908,0.380,0.580,0.740,2,0,17.869,0,0,17,286,7,29,0
15-08 22:00:41,22.453,5.987,69.604,0.748,0,4958540,445756,192244,2358572,25240.198,1690.464,0,7899.474,0,684.568,3275,4597,0.380,0.580,0.740,2,0,12.973,0,0,17,286,7,33,0
15-08 22:00:42,22.943,6.051,71.098,0,0,4972520,431304,192248,2359040,5713.081,1524.833,0,0,0,0,1817,3945,0.380,0.580,0.740,2,0,12.102,0,0,17,286,7,37,0
15-08 22:00:43,24.130,4.478,69.406,0.249,0.249,4979252,424056,192260,2359544,22560.214,1631.914,0,624.904,0,55.724,2521,5201,0.380,0.580,0.740,3,0,11.941,0,0,17,286,7,41,0
15-08 22:00:44,24.288,5.509,69.859,0,0,4958048,444764,192260,2360040,28514.597,1622.538,0,0,0,0,2224,4695,0.380,0.580,0.740,4,0,12.019,0,0,17,286,7,45,0
15-08 22:00:45,25.107,6.528,68.041,0,0,4935944,466120,192268,2360780,49370.206,10681.696,0,132.567,0,6.026,2732,6870,0.430,0.590,0.740,3,0,15.064,0,0,17,284,7,51,0
15-08 22:00:46,21.983,5.995,70.445,0,0.250,4938848,462804,192268,2361192,28365.931,1660.708,0,227.823,0,7.994,2178,4775,0.430,0.590,0.740,2,0,19.984,0,0,17,286,7,57,0
15-08 22:00:47,24.508,6.752,68.773,0.250,0,4937348,463804,192284,2361680,24267.251,1792.609,0,552.188,0,25.009,2542,4974,0.430,0.590,0.740,2,0,13.004,0,0,17,286,8,61,0
15-08 22:00:48,22.111,5.466,70.555,0,0,4957116,443564,192284,2362152,31029.422,1776.801,0,0,0,0,2118,3678,0.430,0.590,0.740,4,0,12.919,0,0,17,286,8,65,0
15-08 22:00:49,22.232,6.744,69.943,0,0,4967080,432888,192288,2362860,9303.362,1692.610,0,395.675,0,27.977,2239,4082,0.430,0.590,0.740,2,0,12.989,0,0,17,286,8,69,0
15-08 22:00:50,23.005,5.251,70.264,0.250,0,4981048,418616,192292,2363160,4775.979,1736.356,0,160.033,0,12.002,2101,5013,0.480,0.590,0.740,4,0,12.002,0,0,17,286,8,73,0
15-08 22:00:51,24.276,5.256,70.825,0,0,4976812,422216,192296,2363792,13946.853,1513.612,0,2654.827,0,19.020,2421,5389,0.480,0.590,0.740,4,0,12.013,0,0,17,286,8,77,0
15-08 22:00:52,25.504,3.501,70.012,0,0,4977204,421444,192300,2364168,12884.216,1650.284,0,116.020,0,5.001,2659,4226,0.480,0.590,0.740,3,0,12.002,0,0,17,286,8,81,0
15-08 22:00:53,24.729,6.245,67.944,0.250,0.250,4953636,444064,192300,2365116,25223.065,10685.131,0,319.735,0,35.970,3296,5363,0.480,0.590,0.740,4,0,11.990,0,0,17,286,8,85,0
15-08 22:00:54,24.004,5.751,69.261,0,0,4943704,453324,192300,2365788,13184.083,1768.279,0,96.015,0,3.000,3294,5519,0.480,0.590,0.740,3,0,16.003,0,0,17,284,8,92,0
15-08 22:00:55,24.147,4.779,70.430,0,0,4933964,462604,192300,2366248,9432.548,1575.613,0,0,0,0,2497,3917,0.520,0.600,0.740,2,0,19.117,0,0,17,286,8,97,0
15-08 22:00:56,22.637,5.224,70.647,0,0,4946896,448672,192300,2367248,13072.741,1504.490,0,0,0,0,2083,3509,0.520,0.600,0.740,2,0,11.940,0,0,17,286,8,101,0
15-08 22:00:57,22.977,5.994,70.181,0.250,0,4955724,439380,192304,2367708,9848.280,1564.456,0,647.361,0,36.964,2077,3450,0.520,0.600,0.740,3,0,12.987,0,0,17,286,8,105,0
15-08 22:00:58,22.727,4.995,70.428,0,0,4973304,421304,192304,2368204,12817.849,1618.340,7.992,7.992,0.999,0.999,2393,3811,0.520,0.600,0.740,3,0,12.987,0,0,17,286,8,109,0
15-08 22:00:59,25.229,5.246,69.941,0,0.250,4986776,407444,192316,2368580,19126.780,1510.719,0,423.641,0,25.978,2714,4319,0.520,0.600,0.740,4,0,11.990,0,0,17,286,8,113,0
15-08 22:01:00,23.038,5.259,69.866,0.250,0.250,4955620,438220,192320,2368956,9741.229,1642.737,0,200.334,0,18.030,2629,4397,0.560,0.610,0.740,3,0,12.020,0,0,17,286,8,117,0
15-08 22:01:01,24.014,6.504,70.041,0.250,0.250,4951900,441272,192324,2369620,8155.828,1620.960,0,308.182,0,21.012,2460,4767,0.560,0.610,0.740,4,0,16.009,0,0,17,284,8,124,0
15-08 22:01:02,23.246,5.249,71.488,0,0,4953440,439468,192324,2369884,12990.779,1585.729,0,0,0,0,2048,3799,0.560,0.610,0.740,5,0,18.997,0,0,17,286,8,129,0
15-08 22:01:03,24.489,4.748,69.469,0.250,0,4957236,435060,192356,2370464,10015.583,1713.244,0,619.727,0,53.976,2471,5273,0.560,0.610,0.740,5,0,11.995,0,0,17,286,8,133,0
15-08 22:01:04,23.437,5.734,70.559,0,0,4969780,422224,192360,2370752,13064.634,1615.626,0,103.719,0,3.989,1912,4557,0.560,0.610,0.740,4,0,12.965,0,0,17,286,8,137,0
15-08 22:01:05,33.037,7.008,59.817,0,0,5016780,374628,192388,2371320,10520.752,1621.812,20.022,164.183,5.006,12.013,2146,4914,0.670,0.630,0.750,7,0,17.019,0,0,17,286,8,141,0
15-08 22:01:06,46.377,7.057,46.125,0.504,0,4989148,401060,192816,2372100,6715.638,1524.403,451.675,1286.467,18.148,43.353,3415,9405,0.670,0.630,0.750,3,0,17.139,0,0,17,292,8,145,0
15-08 22:01:07,46.495,5.749,45.495,0,0,5013972,375512,192816,2372824,13810.481,1619.822,0,1031.886,0,126.986,3463,5108,0.670,0.630,0.750,5,0,11.999,0,0,17,297,8,150,0
15-08 22:01:08,45.254,7.459,46.994,0,0.249,4987608,401004,192820,2373692,12920.673,1611.230,15.913,171.069,0.995,16.908,3804,6891,0.670,0.630,0.750,6,0,21.881,0,0,17,295,8,157,0
15-08 22:01:09,44.770,7.797,46.530,0,0,4960676,427488,192828,2374132,13757.836,1617.740,0,422.544,0,37.224,3159,5464,0.670,0.630,0.750,4,0,22.133,0,0,17,294,8,161,0
15-08 22:01:10,44.656,7.939,46.145,0.248,0,4984832,402932,192828,2374532,11609.629,1573.884,0,234.197,0,21.832,2902,5225,0.780,0.650,0.760,5,0,23.817,0,0,17,296,8,167,0
15-08 22:01:11,59.407,10.321,30.710,0,0,4986884,400364,192828,2375048,13569.002,1631.180,0,306.098,0,17.117,2572,5095,0.780,0.650,0.760,7,0,31.214,0,0,17,292,8,171,0
15-08 22:01:12,76.504,12.751,10.251,0.500,0,4701540,685176,192828,2375408,11437.618,1566.085,92.005,30197.631,1.000,2421.131,6617,3854,0.780,0.650,0.760,9,0,17.001,0,0,17,283,8,177,0
15-08 22:01:13,87.290,11.755,0.250,0,0.250,4711252,675232,192832,2376024,6483.957,1586.724,272.124,1368.624,10.005,94.043,2494,3217,0.780,0.650,0.760,7,0,11.005,0,0,17,270,8,179,0
15-08 22:01:14,84.199,12.992,1.749,0,0.250,4786920,597308,192832,2378280,5424.713,1619.019,223.864,451.726,7.995,34.979,4419,14576,0.780,0.650,0.760,7,0,23.985,0,0,17,276,8,185,0
15-08 22:01:15,69.741,11.417,17.870,0,0,4915580,466960,192836,2379980,122197.955,58386.777,39.710,262.087,1.986,27.797,7708,12239,0.960,0.690,0.770,5,0,16.877,0,0,17,274,8,202,0
15-08 22:01:16,41.225,7.541,50.023,0,0,4937892,442584,192836,2382076,150785.040,73198.027,152.835,305.670,13.071,24.132,5698,14304,0.960,0.690,0.770,3,0,12.066,0,0,17,279,8,207,0
15-08 22:01:17,32.572,8.018,58.378,0.251,0.501,4969736,410180,192844,2382624,92899.379,39875.727,0,4966.927,0,48.106,4036,8279,0.960,0.690,0.770,2,0,14.031,0,0,17,286,8,211,0
15-08 22:01:18,24.494,5.249,69.983,0,0.250,4978908,400676,192844,2382956,6693.367,1585.613,75.981,187.954,6.998,1.000,1860,4279,0.960,0.690,0.770,2,0,12.997,0,0,17,286,8,215,0
15-08 22:01:19,25.298,5.705,67.214,0.248,0,4959676,419296,192844,2383568,14419.037,1553.613,0,166.671,0,11.905,3914,7245,0.960,0.690,0.770,4,0,11.905,0,0,17,286,8,217,0
15-08 22:01:20,26.947,5.289,64.723,2.267,0,4944176,434116,192848,2384244,10942.938,1523.126,0,17592.513,0,1939.166,5513,7199,0.960,0.700,0.770,2,0,17.125,0,0,17,284,8,225,0
15-08 22:01:21,23.768,6.255,68.302,0.500,0,4953108,424712,192876,2385204,7344.575,1621.231,0,2509.905,0,160.122,3059,6534,0.960,0.700,0.770,4,0,30.023,0,0,17,286,8,231,0
15-08 22:01:22,25.808,8.189,65.759,0,0,4975324,402192,192876,2385008,5807.681,1608.006,0,1349.931,0,7.941,2504,6429,0.960,0.700,0.770,3,0,35.733,0,0,17,286,8,236,0
15-08 22:01:23,23.721,4.245,71.163,0,0,4974368,402560,192876,2385596,15342.160,1691.922,0,0,0,0,2201,4898,0.960,0.700,0.770,2,0,11.985,0,0,17,286,8,239,0
15-08 22:01:24,23.931,5.038,71.038,0,0,4988432,388200,192880,2385888,13614.113,1577.951,0,632.793,0,29.221,1996,4704,0.960,0.700,0.770,2,0,13.099,0,0,17,286,8,243,0
15-08 22:01:25,24.596,4.969,69.812,0,0,4982308,393892,192880,2386320,13246.915,1502.576,0,3.975,0,0.994,1850,4108,0.970,0.700,0.770,2,0,11.925,0,0,17,286,8,247,0
15-08 22:01:26,24.863,4.269,69.817,0.251,0,4951056,424640,192884,2386820,8473.529,1627.400,4.018,317.443,1.005,23.105,2545,4321,0.970,0.700,0.770,2,0,12.055,0,0,17,286,8,251,0
15-08 22:01:27,24.400,5.726,68.220,0,0,4939532,435396,192904,2387568,16015.273,1687.076,0,330.643,0,31.869,3288,5895,0.970,0.700,0.770,2,0,15.935,0,0,17,284,8,258,0
15-08 22:01:28,21.144,7.300,69.976,0,0,4947280,427352,192904,2387864,11136.786,1705.607,0,4.027,0,1.007,2406,4002,0.970,0.700,0.770,2,0,20.137,0,0,17,286,8,263,0
15-08 22:01:29,23.124,5.967,69.621,0.249,0,4970744,403420,192908,2388328,5765.578,1611.219,0,151.176,0,11.935,2630,4405,0.970,0.700,0.770,3,0,11.935,0,0,17,286,8,267,0
15-08 22:01:30,23.428,5.732,70.284,0,0,4967828,405836,192920,2388816,15311.931,1688.809,0,235.277,0,15.951,2360,4052,0.970,0.710,0.770,2,0,12.960,0,0,17,286,8,271,0
15-08 22:01:31,23.447,5.295,70.089,0,0,4993028,380232,192928,2389212,14988.019,1579.279,0,645.427,0,39.331,2043,4488,0.970,0.710,0.770,2,0,12.102,0,0,17,286,8,275,0
15-08 22:01:32,22.808,4.710,71.398,0,0,4991488,381384,192928,2389600,7861.718,1499.359,0,0,0,0,2608,4357,0.970,0.710,0.770,3,0,11.900,0,0,17,286,8,279,0
15-08 22:01:33,23.892,4.275,70.671,0,0.251,4949240,423008,192928,2390224,17078.686,1629.703,0,0,0,0,2841,4550,0.970,0.710,0.770,5,0,14.084,0,0,17,282,8,285,0
15-08 22:01:34,24.539,5.205,68.413,0.248,0.248,4947756,423864,193072,2390708,10249.063,1826.330,158.639,3.966,6.940,0.991,3070,5268,0.970,0.710,0.770,10,0,29.745,0,0,17,286,8,291,0
15-08 22:01:35,20.338,6.528,72.563,0.251,0.251,4940500,430184,193084,2391504,14113.944,1966.491,490.116,200.867,30.130,14.061,2333,4134,1.050,0.730,0.780,0,0,66.286,0,0,17,282,8,293,0
15-08 22:01:36,2.500,1.250,94.987,0,0,4940724,429960,193084,2391504,9542.721,1939.740,0,303.959,0,25.997,1408,2459,1.050,0.730,0.780,2,0,0,0,0,17,282,8,291,0
15-08 22:01:37,2.995,0.998,94.099,0.250,0.250,4940700,429960,193100,2391512,6302.909,1797.123,0,203.674,0,35.942,1582,2887,1.050,0.730,0.780,2,0,0,0,0,17,282,8,291,0
15-08 22:01:38,2.249,0.500,96.208,0.250,0,4940924,429736,193100,2391512,13772.981,1499.345,0,1003.561,0,142.938,1416,2122,1.050,0.730,0.780,1,0,1.000,0,0,17,282,8,281,0
15-08 22:01:39,3.249,0.500,95.213,0,0,4940912,429736,193108,2391516,10878.823,1703.346,0,243.906,0,28.989,1428,2508,1.050,0.730,0.780,1,0,0,0,0,17,282,8,281,0
15-08 22:01:40,1.253,0.752,95.952,0,0,4940904,429736,193112,2391520,7371.539,1763.718,0,148.313,0,13.027,1182,2065,0.970,0.720,0.770,1,0,0,0,0,17,282,8,271,0
15-08 22:01:41,2.251,0.500,96.064,0.250,0,4941144,429496,193112,2391520,16386.881,1458.969,0,352.234,0,25.017,1342,2073,0.970,0.720,0.770,1,0,0,0,0,17,282,8,271,0
15-08 22:01:42,1.752,0.500,96.586,0,0,4941144,429496,193112,2391520,15637.996,1621.451,0,0,0,0,1160,1818,0.970,0.720,0.770,1,0,0,0,0,17,282,8,263,0
15-08 22:01:43,1.748,0.749,93.916,2.498,0,4941592,429048,193112,2391520,18527.381,1638.530,0,18615.302,0,2137.083,4598,1908,0.970,0.720,0.770,1,0,0,0,0,17,282,8,263,0
15-08 22:01:44,1.998,1.498,96.385,0,0,4941592,429048,193112,2391520,10039.992,1584.105,0,0,0,0,1118,1943,0.970,0.720,0.770,1,0,0,0,0,17,282,8,251,0
15-08 22:01:45,1.748,0.999,95.657,0,0,4941584,429048,193116,2391524,6814.410,1708.348,0,59.942,0,6.993,1122,2017,0.890,0.710,0.770,1,0,0,0,0,17,282,8,251,0
15-08 22:01:46,1.754,0.752,96.461,0,0.251,4941584,429048,193120,2391520,14834.383,1623.544,0,68.149,0,7.015,1227,1950,0.890,0.710,0.770,2,0,0,0,0,17,282,8,243,0
15-08 22:01:47,2.752,1.251,94.827,0.500,0,4941556,429048,193140,2391528,9321.560,1621.315,0,232.188,0,37.030,1641,2900,0.890,0.710,0.770,1,0,0,0,0,17,282,8,243,0
15-08 22:01:48,0.999,0.749,96.123,0,0,4941556,429048,193148,2391520,15283.825,1549.954,0,335.557,0,22.970,1311,2168,0.890,0.710,0.770,2,0,0.999,0,0,17,282,8,235,0
15-08 22:01:49,2.248,1.499,94.428,0,0.250,4941540,429048,193152,2391532,11794.060,1758.667,0,227.827,0,18.986,1342,2370,0.890,0.710,0.770,1,0,0,0,0,17,282,8,235,0
15-08 22:01:50,2.750,0.500,95.756,0,0.250,4941508,429048,193152,2391564,14100.874,1620.100,0,140.009,0,13.001,1428,2420,1.060,0.740,0.780,1,0,0,0,0,17,282,8,224,0
15-08 22:01:51,2.248,1.249,95.430,0,0,4941508,429048,193164,2391552,10338.432,1618.815,0,367.731,0,28.979,1444,2420,1.060,0.740,0.780,1,0,0,0,0,17,282,8,224,0
15-08 22:01:52,1.501,0.250,96.301,0,0,4941496,429048,193164,2391564,5250.793,1694.902,0,4.002,0,1.001,1073,1876,1.060,0.740,0.780,1,0,0,0,0,17,282,8,215,0
15-08 22:01:53,1.753,0.751,96.891,0,0,4941496,429048,193164,2391564,6090.862,1622.361,0,0,0,0,1057,1859,1.060,0.740,0.780,1,0,0,0,0,17,282,8,215,0
15-08 22:01:54,2.000,1.000,96.019,0.250,0.250,4941496,429048,193168,2391560,14124.768,1458.286,0,192.038,0,15.003,1172,1994,1.060,0.740,0.780,1,0,0,0,0,17,282,8,207,0
15-08 22:01:55,1.750,0.500,96.238,0,0,4941492,429048,193168,2391564,9727.784,1709.786,0,1815.773,0,5.999,1131,1948,1.050,0.750,0.780,2,0,0,0,0,17,282,8,207,0
15-08 22:01:56,2.496,0.250,96.110,0,0,4941492,429048,193168,2391564,13066.922,1617.638,0,0,0,0,1198,1906,1.050,0.750,0.780,1,0,0,0,0,17,282,8,199,0
15-08 22:01:57,2.998,1.249,94.185,0,0,4941488,429048,193188,2391548,9700.297,1618.881,0,223.845,0,33.977,1692,2835,1.050,0.750,0.780,2,0,0,0,0,17,282,8,199,0
15-08 22:01:58,1.503,0.501,96.170,0,0.250,4941460,429048,193192,2391572,14156.056,1622.872,0,336.596,0,23.041,1337,2183,1.050,0.750,0.780,1,0,1.002,0,0,17,282,8,187,0
15-08 22:01:59,3.002,1.251,95.577,0.250,0,4941460,429048,193192,2391572,10018.075,1533.236,0,120.097,0,19.015,1360,2400,1.050,0.750,0.780,1,0,0,0,0,17,282,8,187,0
15-08 22:02:00,1.499,1.249,95.931,0,0,4941460,429048,193196,2391568,7679.440,1618.828,0,47.965,0,5.996,1104,1922,0.970,0.740,0.780,1,0,0,0,0,17,282,8,179,0
15-08 22:02:01,2.249,0.750,95.690,0.250,0,4941448,429048,193204,2391572,5443.603,1618.990,0,227.858,0,20.987,1213,1980,0.970,0.740,0.780,2,0,0,0,0,17,282,8,179,0
15-08 22:02:02,2.499,0.999,96.446,0,0,4941448,429048,193204,2391572,13503.492,1457.190,0,0,0,0,1130,1831,0.970,0.740,0.780,1,0,0,0,0,17,282,8,171,0
15-08 22:02:03,2.251,1.000,95.773,0,0.250,4941448,429048,193204,2391572,10052.403,1620.387,0,0,0,0,1131,1921,0.970,0.740,0.780,1,0,0,0,0,17,282,8,171,0
15-08 22:02:04,2.505,1.503,96.429,0,0,4941448,429048,193204,2391572,14820.507,1623.012,0,4.007,0,1.002,1180,1994,0.970,0.740,0.780,1,0,0,0,0,17,282,8,159,0
15-08 22:02:05,2.008,0.502,96.121,0.251,0,4941444,429048,193220,2391560,9005.771,1554.000,0,88.341,0,12.047,1311,2301,0.970,0.740,0.780,1,0,0,0,0,17,282,8,159,0
15-08 22:02:06,2.983,0.994,94.964,0.249,0,4941416,429048,193228,2391580,14158.134,1750.128,0,266.497,0,22.871,1498,2446,0.970,0.740,0.780,1,0,0,0,0,17,282,8,151,0
15-08 22:02:07,3.005,0.751,94.916,0,0,4941416,429048,193228,2391580,12024.066,1514.654,0,200.351,0,33.058,1664,2779,0.970,0.740,0.780,1,0,0,0,0,17,282,8,151,0
15-08 22:02:08,2.251,1.750,94.771,0.750,0,4941404,429048,193232,2391588,6873.547,1714.386,0,2280.513,0,151.034,1688,2822,0.970,0.740,0.780,1,0,1.000,0,0,17,282,8,142,0
15-08 22:02:09,1.999,0.500,95.212,0.250,0.500,4941400,429048,193236,2391588,13096.840,1767.304,0,831.672,0,167.934,1687,2425,0.970,0.740,0.780,1,0,0,0,0,17,282,8,142,0
15-08 22:02:10,1.748,0.749,96.389,0,0,4941400,429048,193236,2391588,9750.748,1456.319,0,3.995,0,0.999,1158,1930,0.890,0.730,0.780,1,0,0,0,0,17,282,8,129,0
15-08 22:02:11,1.501,1.001,95.812,0,0,4941396,429048,193248,2391580,5603.637,1769.148,0,228.148,0,18.012,1272,2086,0.890,0.730,0.780,3,0,0,0,0,17,282,8,129,0
15-08 22:02:12,2.252,0.751,96.329,0,0.250,4941380,429048,193248,2391596,14356.844,1621.338,0,88.073,0,10.008,1226,1878,0.890,0.730,0.780,1,0,0,0,0,17,282,8,119,0
15-08 22:02:13,1.748,0.749,96.131,0,0,4941380,429048,193248,2391596,13395.430,1617.999,0,31.960,0,2.996,1210,1808,0.890,0.730,0.780,1,0,0,0,0,17,282,8,119,0
15-08 22:02:14,1.999,0.999,95.936,0,0.250,4941380,429048,193248,2391596,15328.745,1618.917,0,0,0,0,1166,1950,0.890,0.730,0.780,1,0,0,0,0,17,282,8,119,0
15-08 22:02:15,3.000,0.750,95.735,0,0,4941372,429048,193256,2391596,5695.112,1619.747,0,63.990,0,5.999,1153,2037,0.820,0.720,0.770,1,0,0,0,0,17,282,8,111,0
15-08 22:02:16,1.761,0.503,97.123,0.252,0,4941364,429048,193260,2391600,9301.633,1779.408,0,72.465,0,7.045,1155,1936,0.820,0.720,0.770,1,0,0,0,0,17,282,8,111,0
15-08 22:02:17,3.486,2.490,91.878,0.249,0,4941844,428544,193280,2391604,17770.102,1677.214,0,497.985,0,41.831,2359,3490,0.820,0.720,0.770,1,0,0.996,0,0,17,282,9,89,0
15-08 22:02:18,2.250,0.500,95.770,0,0,4941844,428544,193288,2391600,11239.349,1694.354,0,340.071,0,21.004,1256,2049,0.820,0.720,0.770,1,0,1.000,0,0,17,282,9,89,0
15-08 22:02:19,4.743,2.496,90.609,0,0.250,4941748,428544,193304,2391680,7982.539,1691.360,0,275.570,0,48.924,2831,5563,0.820,0.720,0.770,2,0,0,0,0,17,282,9,81,0
15-08 22:02:20,7.997,1.499,88.462,0,0,4941704,428544,193316,2391712,13758.070,1767.238,0,151.935,0,14.994,1922,3210,0.760,0.700,0.770,3,0,0,0,0,17,282,9,83,1
15-08 22:02:21,3.006,0.752,94.943,0.251,0,4941528,428544,193320,2391884,7678.626,1623.303,0,108.220,0,12.024,1455,2412,0.760,0.700,0.770,1,0,0,0,0,17,282,9,69,0
15-08 22:02:22,6.242,2.996,88.640,0,0,4937592,432476,193324,2391884,14843.638,1775.803,0,35.956,0,3.995,2021,4703,0.760,0.700,0.770,1,0,33.958,0,0,17,282,9,70,0
15-08 22:02:23,1.999,1.000,96.708,0,0,4937592,432476,193324,2391884,14112.917,1457.372,0,0,0,0,1192,1877,0.760,0.700,0.770,1,0,0,0,0,17,282,9,61,0
15-08 22:02:24,2.001,0.500,95.777,0,0,4937592,432476,193324,2391884,6578.868,1842.523,0,392.111,0,29.008,1224,2103,0.760,0.700,0.770,1,0,0,0,0,17,282,9,61,0
15-08 22:02:25,2.251,0.750,96.051,0.500,0,4937592,432476,193324,2391884,13885.443,1620.869,0,1248.669,0,252.135,1409,1916,0.700,0.690,0.760,1,0,0,0,0,17,282,9,53,0
15-08 22:02:26,1.501,0.500,96.325,0,0,4937592,432476,193324,2391884,9725.615,1533.200,0,56.044,0,2.002,1103,1834,0.700,0.690,0.760,1,0,0,0,0,17,282,9,53,0
15-08 22:02:27,3.000,1.000,94.737,0.250,0.250,4937592,432476,193348,2391860,13125.136,1619.770,0,235.966,0,32.995,1735,2739,0.700,0.690,0.760,1,0,0,0,0,17,282,9,41,0
15-08 22:02:28,1.249,0.749,96.185,0.250,0,4937560,432476,193356,2391884,12608.489,1660.879,0,319.784,0,19.987,1176,1870,0.700,0.690,0.760,1,0,0.999,0,0,17,282,9,41,0
15-08 22:02:29,2.499,0.750,95.952,0,0.250,4937548,432476,193364,2391888,11178.400,1531.233,0,67.966,0,10.994,1336,2345,0.700,0.690,0.760,1,0,0,0,0,17,282,9,33,0
15-08 22:02:30,2.251,0.750,95.524,0.250,0,4937548,432476,193364,2391888,8351.104,1736.438,0,116.029,0,12.003,1198,2030,0.640,0.680,0.760,2,0,0,0,0,17,282,9,33,0
15-08 22:02:31,1.760,0.503,96.291,0.251,0,4937524,432476,193384,2391892,10337.053,1671.387,0,253.423,0,24.136,1244,1988,0.640,0.680,0.760,1,0,0,0,0,17,282,9,25,0
15-08 22:02:32,2.241,0.747,96.364,0,0,4937524,432476,193388,2391888,6501.934,1599.587,0,31.872,0,2.988,1110,1855,0.640,0.680,0.760,1,0,0,0,0,17,282,9,25,0
15-08 22:02:33,1.751,0.250,96.533,0,0.250,4937520,432476,193388,2391892,14899.036,1694.573,0,0,0,0,1113,1752,0.640,0.680,0.760,2,0,0,0,0,17,282,9,13,0
15-08 22:02:34,2.497,0.749,96.648,0,0.250,4937520,432476,193388,2391892,11110.223,1692.206,0,3.996,0,0.999,1142,1929,0.640,0.680,0.760,1,0,0,0,0,17,282,9,13,0
15-08 22:02:35,2.749,0.500,95.459,0,0,4937520,432476,193396,2391884,13131.327,1457.370,0,83.964,0,12.994,1307,2192,0.590,0.670,0.750,2,0,1.999,0,0,17,282,9,3,0
15-08 22:02:36,1.501,0.751,96.089,0,0,4937504,432476,193400,2391896,14708.664,1695.575,0,252.234,0,23.021,1455,2387,0.590,0.670,0.750,3,0,0,0,0,17,282,9,3,0
15-08 22:02:37,2.251,1.001,95.062,0.250,0,4937496,432476,193424,2391880,14806.624,1621.054,0,204.133,0,30.020,1676,2689,0.590,0.670,0.750,2,0,0,0,0,17,282,9,3,0
15-08 22:02:38,2.250,0,96.755,0,0,4937708,432228,193424,2391916,14870.729,1620.079,0,0,0,0,1267,2013,0.590,0.670,0.750,1,0,1.000,0,0,17,282,9,3,0
15-08 22:02:39,2.748,0.750,95.943,0,0,4937692,432228,193440,2391916,5945.445,1692.988,0,99.940,0,17.989,1331,2438,0.590,0.670,0.750,1,0,0,0,0,17,282,9,3,0
15-08 22:02:40,1.999,0.500,95.222,0,0.250,4937692,432228,193440,2391916,10207.050,3720.925,0,7.998,0,1.000,1166,2008,0.620,0.670,0.760,1,0,0,0,0,17,283,9,3,0
15-08 22:02:41,2.749,1.000,95.465,0.250,0,4937692,432228,193440,2391916,17543.649,1759.363,0,551.800,0,39.986,1290,1937,0.620,0.670,0.760,1,0,0,0,0,17,283,9,3,0
15-08 22:02:42,3.747,0.749,95.173,0,0.250,4937692,432228,193440,2391916,25764.183,8694.974,0,0,0,0,1311,1902,0.620,0.670,0.760,1,0,0,0,0,17,282,9,3,0
15-08 22:02:43,1.750,0.500,96.731,0,0,4937688,432228,193440,2391920,14120.204,1619.679,0,0,0,0,1111,1732,0.620,0.670,0.760,2,0,0,0,0,17,282,9,3,0
15-08 22:02:44,2.004,0.751,96.693,0,0,4937684,432228,193440,2391924,5534.040,1697.386,0,0,0,0,1066,1773,0.620,0.670,0.760,1,0,0,0,0,17,282,9,3,0
15-08 22:02:45,2.498,0.250,95.680,0,0,4937684,432228,193440,2391924,13974.757,1618.813,0,47.965,0,5.996,1212,1867,0.650,0.680,0.760,2,0,0,0,0,17,282,9,3,0
15-08 22:02:46,2.999,0.750,96.229,0,0.250,4937684,432228,193440,2391924,13253.084,1693.627,0,51.989,0,6.998,1217,1873,0.650,0.680,0.760,1,0,0,0,0,17,282,9,3,0
15-08 22:02:47,3.743,1.248,93.337,0.499,0,4937684,432228,193468,2391896,7425.051,1509.368,0,658.851,0,51.909,1911,3104,0.650,0.680,0.760,1,0,1.997,0,0,17,282,9,3,0
15-08 22:02:48,2.999,0.500,95.473,0,0,4937640,432228,193480,2391924,6688.081,1713.508,0,343.901,0,21.994,1332,2150,0.650,0.680,0.760,1,0,1.000,0,0,17,282,9,3,0
15-08 22:02:49,2.753,1.251,94.859,0,0.250,4937632,432228,193484,2391928,15810.229,1715.979,0,368.425,0,50.058,1464,2233,0.650,0.680,0.760,1,0,0,0,0,17,282,9,3,0
15-08 22:02:50,1.754,0.501,95.712,0.251,0,4937588,432228,193492,2391964,10111.387,1771.923,0,128.284,0,15.033,1371,2300,0.600,0.670,0.750,1,0,0,0,0,17,282,9,3,0
15-08 22:02:51,2.497,0.999,95.649,0,0,4937588,432228,193504,2391952,16064.020,1510.404,0,359.620,0,28.969,1485,2335,0.600,0.670,0.750,2,0,0,0,0,17,282,9,3,0
15-08 22:02:52,2.247,0.250,96.119,0,0,4937576,432228,193504,2391964,9399.236,1637.776,0,3.995,0,0.999,1180,1897,0.600,0.670,0.750,1,0,0,0,0,17,282,9,3,0
15-08 22:02:53,1.250,1.250,96.785,0,0,4937576,432228,193504,2391964,15531.591,1620.583,0,0,0,0,1195,1856,0.600,0.670,0.750,1,0,0,0,0,17,282,9,3,0
15-08 22:02:54,2.999,0.750,95.482,0,0,4937576,432228,193504,2391964,11641.811,1585.702,0,191.964,0,14.997,1259,1993,0.600,0.670,0.750,1,0,0,0,0,17,282,9,3,0
15-08 22:02:55,1.750,0.500,96.238,0,0,4937568,432228,193508,2391968,13031.384,1565.806,0,31.996,0,3.000,1187,1918,0.710,0.690,0.760,1,0,0,0,0,17,282,9,3,0
15-08 22:02:56,2.001,0.750,96.282,0.250,0.500,4937568,432228,193508,2391968,17334.842,1512.510,0,976.329,0,200.067,1535,1883,0.710,0.690,0.760,1,0,0,0,0,17,282,9,3,0
15-08 22:02:57,2.253,0.751,94.377,0.250,0,4937560,432228,193512,2391972,7063.479,1642.204,0,268.360,0,35.047,1624,2846,0.710,0.690,0.760,2,0,0,0,0,17,282,9,3,0
15-08 22:02:58,2.248,0.749,95.405,0.500,0.250,4937560,432228,193528,2391956,6797.203,1692.308,0,1902.098,0,101.898,1451,2357,0.710,0.690,0.760,2,0,0.999,0,0,17,282,9,3,0
15-08 22:02:59,2.002,1.001,95.856,0.250,0,4937536,432228,193536,2391972,13113.556,1587.762,0,168.187,0,19.021,1399,2303,0.710,0.690,0.760,1,0,0,0,0,17,282,9,3,0
15-08 22:03:00,2.998,0.500,95.450,0.250,0,4937536,432228,193540,2391968,12679.407,1639.148,0,127.933,0,17.991,1408,2324,0.650,0.680,0.760,2,0,0,0,0,17,282,9,3,0
15-08 22:03:01,1.500,1.000,96.279,0,0,4937524,432228,193544,2391976,13754.126,1694.508,0,320.096,0,26.008,1270,1997,0.650,0.680,0.760,1,0,0,0,0,17,282,9,3,0
15-08 22:03:02,2.746,0.250,96.370,0,0,4937524,432228,193544,2391976,9367.326,1617.811,0,0,0,0,1114,1811,0.650,0.680,0.760,1,0,0,0,0,17,282,9,3,0
15-08 22:03:03,2.250,1.250,96.482,0,0,4937520,432228,193544,2391980,7874.559,3499.360,0,0,0,0,1134,1870,0.650,0.680,0.760,1,0,0,0,0,17,283,9,3,0
15-08 22:03:04,3.252,0.751,94.565,0,0,4937516,432228,193544,2391984,29320.260,8688.003,0,52.036,0,4.003,1427,2017,0.650,0.680,0.760,1,0,0,0,0,17,282,9,3,0
15-08 22:03:05,2.251,0.500,95.523,0.250,0.250,4937500,432228,193548,2391996,10010.453,1768.433,0,100.025,0,15.004,1372,2279,0.600,0.670,0.750,2,0,0,0,0,17,282,9,3,0
15-08 22:03:06,2.000,0.750,95.232,0,0,4937500,432228,193560,2391984,7374.577,1565.698,0,251.951,0,22.996,1449,2510,0.600,0.670,0.750,1,0,0,0,0,17,282,9,3,0
15-08 22:03:07,3.998,0.500,93.443,0.250,0,4937472,432228,193576,2391996,15518.565,1619.016,0,255.844,0,41.974,1866,3054,0.600,0.670,0.750,1,0,0,0,0,17,282,9,3,0
15-08 22:03:08,2.001,0.500,96.785,0,0,4937472,432228,193576,2391996,13203.714,1620.579,0,0,0,0,1192,1930,0.600,0.670,0.750,1,0,1.000,0,0,17,282,9,3,0
15-08 22:03:09,2.500,1.000,95.011,0.250,0.250,4937464,432228,193576,2392004,20228.346,1620.188,0,132.015,0,18.002,1444,2259,0.600,0.670,0.750,1,0,0,0,0,17,282,9,3,0
15-08 22:03:10,1.999,0.500,95.931,0,0,4937464,432228,193576,2392004,9108.451,1510.914,0,75.945,0,9.993,1194,1937,0.550,0.660,0.750,1,0,0,0,0,17,282,9,3,0
15-08 22:03:11,1.749,0.500,96.453,0.250,0,4937464,432228,193580,2392000,23505.553,1693.175,0,659.679,0,46.977,1297,2066,0.550,0.660,0.750,1,0,0,0,0,17,282,9,3,0
15-08 22:03:12,3.006,0.501,96.432,0,0.250,4937460,432228,193580,2392004,14842.007,1623.063,88.166,0,1.002,0,1167,1850,0.550,0.660,0.750,2,0,0,0,0,17,282,9,3,0
15-08 22:03:13,2.000,0.750,96.239,0,0.250,4937372,432228,193580,2392092,10315.783,1693.800,0,0,0,0,1158,1843,0.550,0.660,0.750,2,0,0,0,0,17,282,9,3,0
15-08 22:03:14,1.749,0.750,96.214,0,0,4937372,432228,193580,2392092,13447.038,1713.368,0,0,0,0,1240,1927,0.550,0.660,0.750,1,0,0,0,0,17,282,9,3,0
15-08 22:03:15,2.248,0.749,96.161,0,0,4937368,432228,193580,2392096,9488.214,1510.601,0,47.956,0,5.994,1169,1904,0.510,0.640,0.740,2,0,0,0,0,17,282,9,3,0
15-08 22:03:16,1.751,1.000,96.046,0,0,4937368,432228,193580,2392096,13379.355,1662.790,0,52.025,0,7.003,1219,1917,0.510,0.640,0.740,1,0,0,0,0,17,282,9,3,0
15-08 22:03:17,3.751,0.250,94.283,0.250,0.250,4937368,432228,193588,2392088,6287.213,1566.551,0,280.099,0,44.015,1775,3055,0.510,0.640,0.740,1,0,0,0,0,17,282,9,3,0
15-08 22:03:18,2.002,1.001,95.853,0.250,0,4937344,432228,193600,2392100,7718.320,1513.632,0,420.453,0,31.033,1249,2093,0.510,0.640,0.740,1,0,1.001,0,0,17,282,9,3,0
15-08 22:03:19,2.500,0,95.485,0,0,4937340,432228,193604,2392100,5631.122,1619.747,0,75.988,0,10.998,1375,2358,0.510,0.640,0.740,1,0,0,0,0,17,282,9,3,0
15-08 22:03:20,2.498,1.249,95.425,0,0,4937336,432228,193608,2392100,13726.266,1564.776,0,131.897,0,12.990,1411,2298,0.470,0.630,0.740,2,0,0,0,0,17,282,9,3,0
15-08 22:03:21,5.781,2.011,90.994,0.251,0.251,4937236,432228,193612,2392196,5807.529,1594.657,0,382.074,0,30.164,3167,5817,0.470,0.630,0.740,1,0,0,0,0,17,282,9,3,0
15-08 22:03:22,10.197,3.233,85.558,0,0,4932436,436824,193612,2392140,12845.576,1685.285,0,147.239,0,35.815,2138,9434,0.470,0.630,0.740,2,0,33.825,0,0,17,282,9,3,0
15-08 22:03:23,2.251,0.500,96.780,0,0,4932480,436824,193612,2392356,9087.817,1566.486,0,0,0,0,1114,1846,0.470,0.630,0.740,1,0,0,0,0,17,282,9,3,0
15-08 22:03:24,2.000,0.250,95.987,0,0,4932480,436824,193612,2392356,13247.159,1585.780,0,0,0,0,1158,1840,0.470,0.630,0.740,1,0,0,0,0,17,282,9,3,0
15-08 22:03:25,1.999,0.500,96.453,0,0,4932480,436824,193616,2392352,9749.242,1619.210,0,315.846,0,35.982,1156,1880,0.430,0.620,0.730,1,0,0,0,0,17,282,9,3,0
15-08 22:03:26,2.499,0.750,95.228,0.250,0.250,4932464,436824,193624,2392360,9235.903,1457.669,0,259.941,0,22.995,1488,2448,0.430,0.620,0.730,1,0,0,0,0,17,282,9,3,0
15-08 22:03:27,3.498,1.249,93.685,0.749,0.250,4932452,436824,193636,2392360,6711.329,1618.873,0,1351.060,0,256.821,2086,2943,0.430,0.620,0.730,1,0,0,0,0,17,282,9,3,0
15-08 22:03:28,2.001,0.750,96.031,0,0.250,4932688,436572,193640,2392372,18073.820,1662.535,0,360.116,0,20.006,1338,2022,0.430,0.620,0.730,1,0,1.000,0,0,17,282,9,3,0
15-08 22:03:29,1.752,0.250,96.879,0,0,4932684,436572,193640,2392376,13312.666,1738.307,0,80.106,0,11.015,1349,2231,0.430,0.620,0.730,1,0,0,0,0,17,282,9,3,0
15-08 22:03:30,2.000,0.750,96.254,0,0,4932684,436572,193644,2392372,13607.612,1620.073,0,64.003,0,10.000,1241,1961,0.400,0.610,0.730,2,0,0,0,0,17,282,9,3,0
15-08 22:03:31,1.750,0.750,95.484,0.250,0,4932676,436572,193648,2392376,12629.866,1565.735,0,247.958,0,20.996,1223,1962,0.400,0.610,0.730,2,0,0,0,0,17,282,9,3,0
15-08 22:03:32,3.247,0.250,95.914,0,0,4932672,436572,193648,2392380,15963.617,1510.639,0,79.928,0,8.992,1287,1964,0.400,0.610,0.730,2,0,0,0,0,17,282,9,3,0
15-08 22:03:33,1.750,0.250,96.777,0,0,4932672,436572,193648,2392380,10508.911,1620.449,0,0,0,0,1121,1818,0.400,0.610,0.730,1,0,0,0,0,17,282,9,3,0
15-08 22:03:34,1.501,1.251,95.791,0,0,4932672,436572,193648,2392380,5155.217,1694.729,0,8.003,0,1.000,1087,1867,0.400,0.610,0.730,1,0,0,0,0,17,282,9,3,0
15-08 22:03:35,2.000,0.500,95.267,0,0.250,4932672,436572,193656,2392372,14534.631,1620.293,0,168.030,0,26.005,1397,2246,0.360,0.600,0.720,1,0,2.000,0,0,17,282,9,3,0
15-08 22:03:36,2.498,0.750,95.442,0.250,0,4932644,436572,193668,2392388,6351.164,1619.022,0,251.848,0,22.986,1332,2251,0.360,0.600,0.720,1,0,0,0,0,17,282,9,3,0
15-08 22:03:37,2.249,0.500,94.714,0.500,0,4932644,436572,193688,2392368,5942.760,1619.389,0,231.913,0,38.985,1658,2904,0.360,0.600,0.720,1,0,0,0,0,17,282,9,3,0
15-08 22:03:38,2.002,0.751,96.364,0,0,4932868,436324,193688,2392392,19590.214,1641.946,0,0,0,0,1258,1986,0.360,0.600,0.720,1,0,1.001,0,0,17,282,9,3,0
15-08 22:03:39,3.249,0.500,95.458,0,0,4932860,436324,193696,2392392,11610.891,1511.335,0,155.931,0,25.989,1456,2378,0.360,0.600,0.720,1,0,0,0,0,17,282,9,3,0
15-08 22:03:40,2.746,0.999,95.863,0,0.250,4932860,436324,193696,2392392,18268.930,3676.753,0,3.994,0,0.999,1222,1833,0.420,0.610,0.730,1,0,0,0,0,17,283,9,3,0
15-08 22:03:41,2.504,0.751,96.162,0.250,0,4932852,436324,193704,2392392,13430.617,1622.733,0,572.965,0,39.066,1305,2020,0.420,0.610,0.730,1,0,0,0,0,17,283,9,3,0
15-08 22:03:42,1.248,0.999,96.132,0,0,4932852,436324,193704,2392392,5628.089,1530.121,0,0,0,0,1093,1885,0.420,0.610,0.730,1,0,0,0,0,17,283,9,3,0
15-08 22:03:43,2.753,0.751,95.099,0,0.250,4932852,436324,193704,2392392,29581.943,8691.091,0,0,0,0,1237,1928,0.420,0.610,0.730,2,0,0,0,0,17,282,9,3,0
15-08 22:03:44,1.748,0.499,96.148,0,0,4932844,436324,193704,2392400,10901.401,1618.278,0,0,0,0,1115,1821,0.420,0.610,0.730,1,0,0,0,0,17,282,9,3,0
15-08 22:03:45,2.001,1.000,96.280,0,0,4932840,436324,193708,2392400,6272.932,1532.472,0,48.015,0,6.002,1108,1912,0.380,0.600,0.720,2,0,0,0,0,17,282,9,3,0
15-08 22:03:46,1.502,0.751,96.152,0,0.250,4932840,436324,193708,2392400,14190.478,1696.688,0,52.082,0,7.011,1185,1863,0.380,0.600,0.720,1,0,0,0,0,17,282,9,3,0
15-08 22:03:47,4.742,2.746,91.600,0.250,0,4933092,436072,193728,2392380,8257.491,1842.985,0,595.027,0,54.910,2124,3272,0.380,0.600,0.720,1,0,0.998,0,0,17,282,10,3,0
15-08 22:03:48,1.752,0.501,95.115,0.250,0.250,4933060,436072,193736,2392408,12370.895,1627.960,0,2246.705,0,118.142,1606,2570,0.380,0.600,0.720,1,0,1.001,0,0,17,282,10,3,0
15-08 22:03:49,3.489,1.495,94.697,0.249,0,4933044,436072,193756,2392404,9079.944,1614.833,0,183.413,0,19.936,1460,2396,0.380,0.600,0.720,1,0,0,0,0,17,282,10,3,0
15-08 22:03:50,1.001,0.751,95.584,0,0,4932996,436072,193760,2392448,6931.113,1533.352,0,116.102,0,15.013,1296,2295,0.350,0.590,0.720,1,0,0,0,0,17,282,10,3,0
15-08 22:03:51,3.004,0.751,95.864,0.250,0,4932988,436072,193760,2392456,15476.463,1762.102,0,444.530,0,29.035,1499,2396,0.350,0.590,0.720,1,0,0,0,0,17,282,10,3,0
15-08 22:03:52,1.000,0.500,96.511,0,0.250,4932988,436072,193760,2392456,10190.121,1704.187,0,4.000,0,1.000,1129,1841,0.350,0.590,0.720,1,0,0,0,0,17,282,10,3,0
15-08 22:03:53,2.000,0.750,96.747,0,0,4932988,436072,193760,2392456,14292.514,1619.945,0,0,0,0,1103,1796,0.350,0.590,0.720,2,0,0,0,0,17,282,10,3,0
15-08 22:03:54,2.002,0.501,96.118,0.250,0,4932988,436072,193764,2392452,10295.622,1770.170,0,192.236,0,11.014,1234,2008,0.350,0.590,0.720,1,0,0,0,0,17,282,10,3,0
15-08 22:03:55,2.001,0.250,96.820,0,0,4932980,436072,193764,2392460,15353.023,1533.101,0,32.023,0,4.003,1124,1839,0.320,0.580,0.710,1,0,0,0,0,17,282,10,3,0
15-08 22:03:56,1.748,0.749,96.383,0,0.250,4932980,436072,193764,2392460,9196.826,1618.034,0,0,0,0,1102,1822,0.320,0.580,0.710,1,0,0,0,0,17,282,10,3,0
15-08 22:03:57,3.249,1.000,94.234,0,0,4932972,436072,193764,2392468,5759.044,1619.731,0,219.963,0,32.995,1628,2779,0.320,0.580,0.710,1,0,0,0,0,17,282,10,3,0
15-08 22:03:58,1.999,0.250,95.701,0.750,0,4932972,436072,193764,2392468,5560.159,1619.173,0,1231.371,0,195.900,1531,2188,0.320,0.580,0.710,1,0,0.999,0,0,17,282,10,3,0
15-08 22:03:59,2.251,1.001,95.300,0.250,0.250,4932960,436072,193776,2392468,13297.915,1662.865,0,152.079,0,20.010,1428,2323,0.320,0.580,0.710,2,0,0,0,0,17,282,10,3,0
15-08 22:04:00,0.999,0.500,96.445,0,0,4932960,436072,193776,2392468,9146.741,1619.069,0,59.966,0,5.997,1113,1880,0.300,0.570,0.710,1,0,0,0,0,17,282,10,3,0
15-08 22:04:01,1.748,0.749,95.910,0,0,4932960,436072,193780,2392464,14475.379,1456.629,0,47.955,0,5.994,1288,2010,0.300,0.570,0.710,2,0,0,0,0,17,282,10,3,0
15-08 22:04:02,2.011,0.754,96.531,0,0,4932952,436072,193784,2392468,8969.313,1628.956,0,193.061,0,15.083,1194,1966,0.300,0.570,0.710,1,0,0,0,0,17,282,10,3,0
15-08 22:04:03,1.742,0.498,96.545,0,0,4932948,436072,193784,2392472,16791.827,3738.374,0,0,0,0,1172,1891,0.300,0.570,0.710,1,0,0,0,0,17,283,10,3,0
15-08 22:04:04,3.499,0.500,94.235,0,0.500,4932944,436072,193784,2392476,29211.385,8680.628,0,51.992,0,3.999,1376,2048,0.300,0.570,0.710,1,0,0,0,0,17,282,10,3,0
15-08 22:04:05,2.002,1.001,95.602,0.250,0,4932940,436072,193784,2392480,5058.382,1621.726,0,84.089,0,12.013,1283,2279,0.270,0.560,0.710,1,0,0,0,0,17,282,10,3,0
15-08 22:04:06,2.247,0.250,95.630,0,0,4932920,436072,193804,2392480,6779.505,1617.973,51.935,251.685,4.994,23.970,1399,2431,0.270,0.560,0.710,1,0,0,0,0,17,282,10,3,0
15-08 22:04:07,3.502,0.500,94.805,0.250,0,4932868,436072,193808,2392528,12676.365,1512.879,0,344.200,0,67.039,1732,2820,0.270,0.560,0.710,1,0,0,0,0,17,282,10,3,0
15-08 22:04:08,1.750,0.500,96.026,0,0,4933112,435820,193808,2392536,8980.425,1566.423,0,0,0,0,1165,1978,0.270,0.560,0.710,1,0,1.000,0,0,17,282,10,3,0
15-08 22:04:09,2.250,0.750,95.754,0,0,4933104,435820,193816,2392536,12868.540,1620.068,0,148.006,0,22.001,1340,2207,0.270,0.560,0.710,1,0,0,0,0,17,282,10,3,0
15-08 22:04:10,1.501,0.250,96.290,0,0,4933100,435820,193816,2392540,10362.352,1694.712,0,4.002,0,1.000,1122,1860,0.250,0.550,0.700,1,0,0,0,0,17,282,10,3,0
15-08 22:04:11,2.495,0.748,96.046,0.249,0,4933100,435820,193828,2392528,12932.531,1616.566,0,570.788,0,39.915,1351,2130,0.250,0.550,0.700,1,0,0,0,0,17,282,10,3,0
15-08 22:04:12,2.255,0,96.449,0,0,4933088,435820,193828,2392540,9037.672,1623.354,0,0,0,0,1147,1896,0.250,0.550,0.700,1,0,0,0,0,17,282,10,3,0
15-08 22:04:13,1.500,0.250,96.239,0,0,4933088,435820,193828,2392540,5962.320,1457.834,0,0,0,0,1067,1861,0.250,0.550,0.700,2,0,0,0,0,17,282,10,3,0
15-08 22:04:14,1.751,0.750,96.531,0,0,4933088,435820,193828,2392540,5541.790,1620.523,0,0,0,0,1061,1791,0.250,0.550,0.700,1,0,0,0,0,17,282,10,3,0
15-08 22:04:15,1.256,0.503,96.999,0,0.251,4933088,435820,193836,2392532,13350.716,1628.381,0,48.248,0,6.031,1149,1902,0.230,0.540,0.700,1,0,0,0,0,17,282,10,3,0
15-08 22:04:16,1.987,0,95.889,0,0,4933076,435820,193836,2392544,10630.232,1448.764,0,51.671,0,6.956,1201,1963,0.230,0.540,0.700,1,0,0,0,0,17,282,10,3,0
15-08 22:04:17,3.000,1.250,93.993,0.250,0.250,4933076,435820,193852,2392524,22742.363,1619.883,0,655.953,0,55.996,2105,3132,0.230,0.540,0.700,1,0,3.000,0,0,17,282,10,3,0
15-08 22:04:18,1.750,0.750,96.005,0,0,4933060,435820,193852,2392540,12036.650,1620.087,0,592.032,0,78.004,1373,1954,0.230,0.540,0.700,1,0,1.000,0,0,17,282,10,3,0
15-08 22:04:19,2.500,1.000,94.748,0.250,0,4933048,435820,193860,2392544,13248.669,1605.960,0,131.997,0,17.000,1482,2370,0.230,0.540,0.700,2,0,0,0,0,17,282,9,3,0
15-08 22:04:20,2.001,1.000,95.796,0,0.500,4933048,435820,193864,2392540,12791.101,1694.808,0,128.061,0,13.006,1403,2302,0.210,0.530,0.700,1,0,0,0,0,17,282,9,3,0
15-08 22:04:21,3.000,1.000,95.750,0.250,0,4933024,435820,193868,2392560,6690.973,1457.994,0,443.998,0,34.000,1426,2400,0.210,0.530,0.700,1,0,0,0,0,17,282,9,3,0
15-08 22:04:22,10.011,4.004,84.344,0,0,4936664,432152,193868,2392548,12696.220,1695.899,0,56.063,0,4.004,3241,6931,0.210,0.530,0.700,1,0,34.038,0,0,17,282,9,4,0
15-08 22:04:23,3.997,0.500,93.687,0,0,4936424,432304,193868,2392676,13463.912,1618.907,0,0,0,0,1494,2282,0.210,0.530,0.700,2,0,0,0,0,17,282,9,6,0
15-08 22:04:24,1.746,0.998,95.280,0,0,4936416,432304,193868,2392684,8119.236,1454.638,0,0,0,0,1126,1836,0.210,0.530,0.700,1,0,0,0,0,17,282,9,3,0
15-08 22:04:25,2.003,0.751,96.386,0,0.250,4936416,432304,193868,2392684,15798.339,1622.294,0,0,0,0,1173,1785,0.190,0.520,0.690,2,0,0,0,0,17,282,9,3,0
15-08 22:04:26,2.000,0.750,96.272,0,0,4936416,432304,193868,2392684,10013.293,1620.371,0,208.048,0,15.003,1222,1969,0.190,0.520,0.690,1,0,0,0,0,17,282,9,3,0
15-08 22:04:27,3.250,0.750,94.264,0.250,0,4936400,432304,193884,2392684,14230.135,1736.260,0,212.032,0,39.006,1777,2909,0.190,0.520,0.690,1,0,0,0,0,17,282,9,3,0
15-08 22:04:28,1.500,0.500,96.013,0.250,0,4936400,432304,193888,2392680,11067.483,1694.227,0,324.043,0,20.003,1257,2036,0.190,0.520,0.690,1,0,1.000,0,0,17,282,9,3,0
15-08 22:04:29,3.001,0.500,95.289,0.250,0.250,4936380,432304,193900,2392688,7056.872,1694.690,0,1104.450,0,209.085,1636,2259,0.190,0.520,0.690,1,0,0,0,0,17,282,9,3,0
15-08 22:04:30,2.750,0.750,95.755,0.250,0,4936380,432304,193904,2392684,12815.692,1458.079,0,88.005,0,7.000,1179,1887,0.180,0.510,0.690,1,0,0,0,0,17,282,8,3,0
15-08 22:04:31,2.748,0.500,95.425,0.250,0.250,4936364,432304,193912,2392692,11102.218,1734.628,0,227.820,0,16.987,1263,2036,0.180,0.510,0.690,1,0,0,0,0,17,282,8,3,0
15-08 22:04:32,1.250,1.250,96.247,0,0,4936364,432304,193912,2392692,7000.804,1619.955,0,47.999,0,7.000,1197,1922,0.180,0.510,0.690,1,0,0,0,0,17,282,8,3,0
15-08 22:04:33,1.501,0.751,96.845,0,0,4936364,432304,193912,2392692,16422.143,1621.594,0,56.055,0,6.006,1234,1880,0.180,0.510,0.690,1,0,0,0,0,17,282,8,3,0
15-08 22:04:34,2.000,0.750,96.741,0,0,4936364,432304,193912,2392692,9085.110,1457.857,0,4.000,0,1.000,1168,1869,0.180,0.510,0.690,1,0,0,0,0,17,282,8,3,0
15-08 22:04:35,1.749,0.500,95.696,0.250,0,4936364,432304,193912,2392692,15964.996,1767.003,0,83.953,0,12.993,1416,2299,0.160,0.500,0.680,2,0,1.999,0,0,17,282,8,3,0
15-08 22:04:36,2.499,0.500,95.205,0.250,0.250,4936360,432304,193912,2392696,13763.476,1619.232,0,251.881,0,22.989,1420,2311,0.160,0.500,0.680,1,0,0,0,0,17,282,8,3,0
15-08 22:04:37,3.751,1.000,94.270,0.250,0.250,4936352,432304,193912,2392704,5493.159,1458.308,0,264.056,0,43.009,1618,2828,0.160,0.500,0.680,1,0,0,0,0,17,282,8,3,0
15-08 22:04:38,2.000,1.000,95.493,0.250,0,4936352,432304,193912,2392704,13501.028,1619.883,0,2091.849,0,130.991,1613,2598,0.160,0.500,0.680,1,0,1.000,0,0,17,282,8,3,0
15-08 22:04:39,2.002,1.501,96.325,0.250,0,4936352,432304,193912,2392704,10288.035,1621.266,0,692.541,0,142.111,1599,2339,0.160,0.500,0.680,1,0,0,0,0,17,282,8,3,0
15-08 22:04:40,3.002,0.500,95.063,0,0,4936352,432304,193912,2392704,22612.879,5682.739,0,4.003,0,1.001,1247,1909,0.150,0.500,0.680,1,0,0,0,0,17,283,7,3,0
15-08 22:04:41,2.498,0.750,95.439,0,0,4936352,432304,193912,2392704,20352.056,6510.859,0,399.746,0,30.980,1439,2150,0.150,0.500,0.680,1,0,0,0,0,17,282,7,3,0
15-08 22:04:42,1.500,0.500,96.475,0,0,4936348,432304,193912,2392708,12700.685,1457.620,0,0,0,0,1193,1931,0.150,0.500,0.680,1,0,0,0,0,17,282,7,3,0
15-08 22:04:43,1.751,0.750,96.793,0,0.250,4936348,432304,193912,2392708,16131.146,1694.751,0,0,0,0,1120,1791,0.150,0.500,0.680,3,0,0,0,0,17,282,7,3,0
15-08 22:04:44,2.249,0.500,96.704,0,0.250,4936284,432304,193912,2392772,5772.241,1693.191,0,0,0,0,1082,1855,0.150,0.500,0.680,1,0,0,0,0,17,282,7,3,0
15-08 22:04:45,1.748,0.999,95.375,0,0,4936280,432304,193912,2392776,6968.899,1456.098,0,47.937,0,5.992,1120,1921,0.140,0.490,0.680,1,0,0,0,0,17,282,7,3,0
15-08 22:04:46,2.252,0.751,95.840,0.250,0,4936272,432304,193916,2392780,15543.564,1621.519,0,92.086,0,10.009,1201,1806,0.140,0.490,0.680,1,0,0,0,0,17,282,7,3,0
15-08 22:04:47,3.504,0.751,94.607,0.501,0.250,4936268,432304,193920,2392780,12378.037,1621.839,0,240.272,0,40.045,1753,2900,0.140,0.490,0.680,1,0,0,0,0,17,282,7,3,0
15-08 22:04:48,2.499,0.999,95.196,0,0,4936252,432304,193924,2392792,13182.486,1755.000,0,475.729,0,51.970,1459,2218,0.140,0.490,0.680,1,0,0.999,0,0,17,282,7,3,0
15-08 22:04:49,1.498,1.249,94.388,0.250,0,4936472,432080,193932,2392788,9254.996,1618.076,0,123.853,0,19.976,1391,2329,0.140,0.490,0.680,1,0,0,0,0,17,282,7,3,0
15-08 22:04:50,2.250,0.250,95.241,0,0,4936436,432080,193932,2392824,15666.512,1619.846,0,103.990,0,11.999,1384,2231,0.130,0.480,0.670,1,0,0,0,0,17,282,6,3,0
15-08 22:04:51,2.251,0.750,95.559,0.250,0,4936428,432080,193932,2392832,15130.381,1695.051,0,444.275,0,37.023,1451,2339,0.130,0.480,0.670,1,0,0,0,0,17,282,6,3,0
15-08 22:04:52,2.503,0.751,97.117,0,0,4936428,432080,193932,2392832,10193.242,1533.842,0,124.149,0,2.002,1167,1897,0.130,0.480,0.670,1,0,0,0,0,17,282,6,3,0
15-08 22:04:53,1.999,1.000,96.212,0,0,4936428,432080,193932,2392832,5962.615,1619.352,0,0,0,0,1075,1852,0.130,0.480,0.670,1,0,0,0,0,17,282,6,3,0
15-08 22:04:54,1.500,0.250,96.514,0.250,0.250,4936428,432080,193936,2392828,13997.086,1620.241,0,220.033,0,15.002,1233,1977,0.130,0.480,0.670,3,0,0,0,0,17,282,6,3,0
15-08 22:04:55,1.250,0.750,96.749,0,0,4936424,432080,193936,2392832,9360.925,1619.987,0,0,0,0,1094,1890,0.120,0.470,0.670,1,0,0,0,0,17,282,6,3,0
15-08 22:04:56,1.749,0.250,96.702,0,0,4936424,432080,193936,2392832,12908.597,1619.197,0,0,0,0,1125,1863,0.120,0.470,0.670,1,0,0,0,0,17,282,6,3,0
15-08 22:04:57,3.995,0.749,93.387,0.250,0,4936424,432080,193960,2392808,9072.005,1456.235,0,207.748,0,37.954,1670,2809,0.120,0.470,0.670,1,0,0,0,0,17,282,6,3,0
15-08 22:04:58,1.751,0.500,96.330,0.250,0.250,4936396,432080,193964,2392832,14441.044,1621.352,0,424.354,0,31.026,1321,2168,0.120,0.470,0.670,1,0,1.001,0,0,17,282,6,3,0
15-08 22:04:59,1.752,0.751,95.600,0,0.250,4936392,432080,193964,2392836,8815.194,1695.769,0,172.180,0,28.029,1366,2372,0.120,0.470,0.670,1,0,0,0,0,17,282,6,3,0
15-08 22:05:00,2.000,0.250,95.507,0.250,0,4936392,432080,193972,2392828,5710.440,1458.112,0,120.009,0,18.001,1283,2284,0.110,0.460,0.660,1,0,0,0,0,17,282,5,3,0
15-08 22:05:01,1.749,0.500,96.447,0,0.250,4936380,432080,193972,2392840,13575.479,1619.103,0,79.956,0,6.996,1175,1856,0.110,0.460,0.660,1,0,0,0,0,17,282,5,3,0
15-08 22:05:02,2.500,1.250,96.246,0,0,4936380,432080,193972,2392840,16050.390,1619.938,0,403.985,0,30.999,1314,2068,0.110,0.460,0.660,2,0,0,0,0,17,282,5,3,0
15-08 22:05:03,2.749,0.750,96.454,0,0,4936380,432080,193972,2392840,8072.125,3510.315,0,0,0,0,1119,1930,0.110,0.460,0.660,1,0,0,0,0,17,283,5,3,0
15-08 22:05:04,3.500,1.000,94.240,0,0,4936380,432080,193972,2392840,33247.409,8945.034,0,4.000,0,1.000,1404,2088,0.110,0.460,0.660,1,0,0,0,0,17,282,5,3,0
15-08 22:05:05,2.253,1.001,96.139,0,0.250,4936376,432080,193972,2392844,6784.777,1460.104,0,84.121,0,12.017,1218,2155,0.100,0.450,0.660,1,0,0,0,0,17,282,5,3,0
15-08 22:05:06,1.750,0.250,95.758,0.250,0,4936372,432080,193980,2392840,13970.215,1620.141,0,252.022,0,23.002,1399,2336,0.100,0.450,0.660,1,0,0,0,0,17,282,5,3,0
15-08 22:05:07,3.003,1.001,94.079,0.250,0,4936328,432080,194012,2392852,9994.375,1459.223,0,292.245,0,48.040,1799,3126,0.100,0.450,0.660,1,0,0,0,0,17,282,5,3,0
15-08 22:05:08,1.998,0.999,95.927,0.250,0,4936320,432080,194012,2392860,5791.569,1618.762,0,27.979,0,2.998,1227,2174,0.100,0.450,0.660,1,0,0.999,0,0,17,282,5,3,0
15-08 22:05:09,2.498,0.500,95.438,0,0,4936180,432080,194024,2392988,13459.251,1734.872,0,175.886,0,30.980,1502,2393,0.100,0.450,0.660,3,0,0,0,0,17,282,5,3,0
15-08 22:05:10,2.749,0.750,95.973,0,0,4936176,432080,194028,2392988,9168.405,1693.521,0,963.727,0,188.947,1426,1936,0.090,0.450,0.660,1,0,0,0,0,17,282,5,3,0
15-08 22:05:11,1.998,0.749,95.918,0.250,0.250,4936172,432080,194028,2392992,4854.825,1456.747,0,839.278,0,55.952,1223,2184,0.090,0.450,0.660,2,0,0,0,0,17,282,5,3,0
15-08 22:05:12,2.000,0.500,96.494,0,0,4936172,432080,194028,2392992,12635.179,1693.890,0,0,0,0,1215,1924,0.090,0.450,0.660,1,0,0,0,0,17,282,5,3,0
15-08 22:05:13,2.001,1.000,95.780,0,0,4936164,432080,194028,2393000,9423.997,1620.515,0,0,0,0,1145,1851,0.090,0.450,0.660,1,0,0,0,0,17,282,5,3,0
15-08 22:05:14,1.749,0.750,95.969,0,0.250,4936164,432080,194028,2393000,15691.916,1619.475,0,0,0,0,1157,1802,0.090,0.450,0.660,1,0,0,0,0,17,282,5,3,0
15-08 22:05:15,2.504,0.751,96.150,0,0,4936164,432080,194028,2393000,13126.412,1622.523,0,48.075,0,6.009,1149,1794,0.080,0.440,0.650,1,0,0,0,0,17,282,5,3,0
15-08 22:05:16,1.749,0.250,96.187,0,0.250,4936164,432080,194028,2393000,8829.243,1692.896,0,67.956,0,6.995,1150,1949,0.080,0.440,0.650,1,0,0,0,0,17,282,5,3,0
15-08 22:05:17,5.002,2.751,91.293,0.750,0,4936660,431580,194028,2393008,15135.083,1684.788,0,584.273,0,54.025,2335,3488,0.080,0.440,0.650,1,0,1.000,0,0,17,282,6,3,0
15-08 22:05:18,1.750,0.500,95.762,0,0.250,4936656,431580,194040,2393000,11948.517,1694.215,0,360.046,0,25.003,1304,2106,0.080,0.440,0.650,1,0,1.000,0,0,17,282,6,3,0
15-08 22:05:19,2.248,0.749,95.911,0.250,0,4936644,431580,194040,2393012,12882.020,1618.495,0,263.755,0,46.956,1429,2287,0.080,0.440,0.650,1,0,0,0,0,17,282,6,3,0
15-08 22:05:20,1.750,0.250,95.992,0,0,4936644,431580,194040,2393012,9117.198,1693.851,0,135.988,0,13.999,1292,2202,0.080,0.430,0.650,1,0,0,0,0,17,282,6,3,0
15-08 22:05:21,1.999,1.000,95.221,0.250,0,4936636,431580,194044,2393016,13665.846,1619.508,0,459.860,0,39.988,1375,2282,0.080,0.430,0.650,1,0,0,0,0,17,282,6,3,0
15-08 22:05:22,9.750,3.250,85.503,0.250,0,4941668,426464,194060,2393024,9686.339,1704.060,0,2276.080,0,138.005,3825,9758,0.080,0.430,0.650,1,0,34.001,0,0,17,282,6,4,0
15-08 22:05:23,4.751,0.500,94.021,0,0,4941624,426464,194060,2393128,4973.129,1458.331,0,36.008,0,3.001,1357,2196,0.080,0.430,0.650,1,0,0,0,0,17,282,6,3,0
15-08 22:05:24,2.002,0.501,96.106,0,0,4941756,426240,194060,2393220,5165.698,1769.952,0,0,0,0,1166,1959,0.080,0.430,0.650,1,0,0,0,0,17,282,6,3,0
15-08 22:05:25,2.248,0.749,96.169,0,0.250,4941756,426240,194060,2393220,14170.125,1692.582,0,43.963,0,3.997,1179,1911,0.070,0.420,0.640,1,0,0,0,0,17,282,6,1,0
15-08 22:05:26,2.750,0.750,94.985,0.500,0,4941748,426240,194068,2393220,6455.012,1457.777,0,335.949,0,27.996,1409,2481,0.070,0.420,0.640,1,0,0,0,0,17,282,6,1,0
15-08 22:05:27,2.750,1.000,94.496,0.250,0,4941744,426240,194080,2393212,13108.423,1619.929,0,227.990,0,36.998,1684,2820,0.070,0.420,0.640,1,0,0,0,0,17,282,6,1,0
15-08 22:05:28,2.001,0.750,96.314,0,0,4941968,425992,194084,2393232,9862.509,1663.098,0,328.217,0,19.013,1211,1984,0.070,0.420,0.640,1,0,1.001,0,0,17,282,6,1,0
15-08 22:05:29,2.249,1.249,95.461,0.250,0.250,4941968,425992,194084,2393232,13183.674,1457.411,0,79.968,0,11.995,1335,2346,0.070,0.420,0.640,1,0,0,0,0,17,282,6,1,0
15-08 22:05:30,2.252,0.500,96.082,0,0.250,4941968,425992,194084,2393232,13611.611,1705.455,0,64.055,0,10.009,1225,2051,0.060,0.420,0.640,1,0,0,0,0,17,282,6,1,0
15-08 22:05:31,1.250,0.750,96.258,0,0.250,4942204,425752,194084,2393236,10812.908,1620.136,0,228.019,0,21.002,1252,2061,0.060,0.420,0.640,1,0,0,0,0,17,282,6,1,0
15-08 22:05:32,2.498,0.749,96.429,0,0,4942204,425752,194084,2393236,10860.018,1456.929,0,39.971,0,0.999,1210,1906,0.060,0.420,0.640,1,0,0,0,0,17,282,6,1,0
15-08 22:05:33,1.999,0.250,96.208,0,0,4942204,425752,194084,2393236,18249.970,1767.222,0,83.963,0,5.997,1260,1926,0.060,0.420,0.640,1,0,0,0,0,17,282,6,1,0
15-08 22:05:34,1.752,0.250,96.335,0,0,4942200,425752,194084,2393240,11867.420,1621.424,0,4.004,0,1.001,1176,2042,0.060,0.420,0.640,1,0,0,0,0,17,282,6,1,0
15-08 22:05:35,2.248,0.749,95.934,0.250,0,4942452,425500,194092,2393232,20292.998,1456.995,0,75.948,0,10.992,1415,2315,0.060,0.410,0.640,1,0,1.999,0,0,17,282,6,1,0
15-08 22:05:36,2.250,1.500,95.515,0,0,4942428,425500,194104,2393244,14193.228,1620.254,0,252.040,0,23.004,1416,2311,0.060,0.410,0.640,1,0,0,0,0,17,282,6,1,0
15-08 22:05:37,3.013,0.753,94.903,0,0,4942428,425500,194112,2393236,14942.476,1626.911,0,220.939,0,37.158,1721,2912,0.060,0.410,0.640,1,0,0,0,0,17,282,6,1,0
15-08 22:05:38,1.494,0.249,96.883,0,0,4942420,425500,194112,2393244,10414.560,1613.888,0,0,0,0,1197,2095,0.060,0.410,0.640,1,0,0.996,0,0,17,282,6,1,0
15-08 22:05:39,2.497,1.249,95.645,0.250,0.250,4942404,425500,194120,2393252,6368.021,1618.226,0,115.873,0,16.981,1391,2549,0.060,0.410,0.640,2,0,0,0,0,17,282,6,1,0
15-08 22:05:40,2.751,0.500,95.268,0,0,4942400,425500,194120,2393256,22430.262,5587.062,0,8.002,0,1.000,1254,2032,0.050,0.400,0.630,2,0,0,0,0,17,283,6,1,0
15-08 22:05:41,2.999,0.750,94.216,0.250,0,4942400,425500,194120,2393256,24320.123,6775.527,0,1687.384,0,260.905,1816,2213,0.050,0.400,0.630,1,0,0,0,0,17,282,6,1,0
15-08 22:05:42,2.249,0.250,96.955,0,0,4942396,425500,194120,2393260,5420.507,1457.330,0,0,0,0,1087,1882,0.050,0.400,0.630,1,0,0,0,0,17,282,6,1,0
15-08 22:05:43,1.251,0.500,96.541,0,0,4942396,425500,194120,2393260,13567.753,1620.687,0,0,0,0,1113,1833,0.050,0.400,0.630,1,0,0,0,0,17,282,6,1,0
15-08 22:05:44,3.250,1.000,95.496,0,0,4942396,425500,194120,2393260,10773.515,1619.927,0,0,0,0,1181,2069,0.050,0.400,0.630,2,0,0,0,0,17,282,6,1,0
15-08 22:05:45,2.505,1.002,95.939,0.250,0.250,4942396,425500,194120,2393260,16031.663,1623.206,0,48.095,0,6.012,1201,2043,0.050,0.400,0.630,1,0,0,0,0,17,282,6,1,0
15-08 22:05:46,2.247,1.248,96.134,0,0,4942392,425500,194120,2393264,9308.746,1618.044,0,51.937,0,6.992,1195,1982,0.050,0.400,0.630,1,0,0,0,0,17,282,6,1,0
15-08 22:05:47,3.252,1.251,93.572,0.500,0,4942368,425500,194144,2393260,5402.138,1621.242,0,640.491,0,51.039,1837,3123,0.050,0.400,0.630,1,0,2.002,0,0,17,282,6,1,0
15-08 22:05:48,2.746,0.749,95.370,0.250,0,4942368,425500,194152,2393252,13203.070,1549.895,0,343.533,0,21.970,1371,2230,0.050,0.400,0.630,1,0,0.999,0,0,17,282,6,1,0
15-08 22:05:49,1.250,1.501,95.033,0,0.250,4942576,425276,194156,2393264,9018.129,1694.588,0,244.085,0,45.016,1381,2408,0.050,0.400,0.630,2,0,0,0,0,17,282,6,1,0
15-08 22:05:50,3.000,0.750,95.236,0,0.250,4942524,425276,194156,2393316,5228.252,1693.758,0,87.987,0,12.998,1334,2410,0.050,0.390,0.630,1,0,0,0,0,17,282,6,1,0
15-08 22:05:51,2.251,0.250,96.049,0.250,0,4942520,425276,194160,2393316,16197.180,1532.774,0,644.325,0,86.043,1467,2249,0.050,0.390,0.630,1,0,0,0,0,17,282,6,1,0
15-08 22:05:52,1.751,0.500,96.056,0,0,4942520,425276,194160,2393316,8935.218,1620.947,0,116.068,0,2.001,1099,1829,0.050,0.390,0.630,1,0,0,0,0,17,282,6,1,0
15-08 22:05:53,2.000,0.750,97.018,0,0,4942520,425276,194160,2393316,12802.368,1694.313,0,0,0,0,1045,1730,0.050,0.390,0.630,1,0,0,0,0,17,282,6,1,0
15-08 22:05:54,3.000,0.500,95.748,0,0.250,4942520,425276,194164,2393312,13234.682,1457.965,0,239.994,0,18.000,1183,2024,0.050,0.390,0.630,1,0,0,0,0,17,282,6,1,0
15-08 22:05:55,1.498,0.499,96.388,0,0.250,4942512,425276,194168,2393316,7392.425,1618.123,0,31.963,0,2.997,1053,1814,0.040,0.380,0.620,2,0,0,0,0,17,282,6,1,0
15-08 22:05:56,2.250,0.500,96.241,0,0,4942508,425276,194168,2393320,12818.821,1689.845,0,0,0,0,1139,1829,0.040,0.380,0.620,1,0,0,0,0,17,282,6,1,0
15-08 22:05:57,3.249,0.500,94.466,0.250,0,4942488,425276,194180,2393328,8504.896,1531.441,0,219.920,0,35.987,1624,2864,0.040,0.380,0.620,1,0,0,0,0,17,282,6,1,0
15-08 22:05:58,2.501,0.500,95.052,0.250,0,4942488,425276,194184,2393324,10707.825,1694.922,0,484.263,0,33.018,1302,2315,0.040,0.380,0.620,1,0,1.001,0,0,17,282,6,1,0
15-08 22:05:59,3.003,1.502,95.354,0.501,0,4942480,425276,194184,2393332,9864.753,1533.672,0,160.175,0,25.027,1452,2547,0.040,0.380,0.620,2,0,0,0,0,17,282,6,1,0
15-08 22:06:00,2.499,0.500,95.973,0,0,4942480,425276,194184,2393332,6495.142,1619.537,0,71.979,0,8.997,1141,2007,0.040,0.380,0.620,1,0,0,0,0,17,282,6,1,0
15-08 22:06:01,2.747,0.250,95.898,0,0.250,4942480,425276,194184,2393332,14232.799,1692.193,0,227.757,0,20.978,1281,2040,0.040,0.380,0.620,1,0,0,0,0,17,282,6,1,0
15-08 22:06:02,1.750,0.750,96.002,0,0,4942480,425276,194184,2393332,9998.220,1620.036,0,0,0,0,1121,1906,0.040,0.380,0.620,1,0,0,0,0,17,282,6,1,0
15-08 22:06:03,2.001,0.751,96.565,0,0,4942480,425276,194184,2393332,9761.618,3448.338,0,28.019,0,1.001,1093,1835,0.040,0.380,0.620,2,0,0,0,0,17,283,6,1,0
15-08 22:06:04,3.752,0.500,94.552,0,0,4942472,425276,194184,2393340,30544.708,8686.752,0,4.002,0,1.001,1391,1997,0.040,0.380,0.620,1,0,0,0,0,17,282,6,1,0
15-08 22:06:05,2.999,0.500,95.484,0.250,0.250,4942468,425276,194184,2393344,13420.759,1767.705,0,115.981,0,13.998,1440,2446,0.030,0.370,0.620,1,0,0,0,0,17,282,6,1,0
15-08 22:06:06,1.998,0.500,95.664,0,0,4942464,425276,194192,2393340,15429.083,1618.540,0,247.777,0,23.978,1431,2472,0.030,0.370,0.620,1,0,0,0,0,17,282,6,1,0
15-08 22:06:07,2.764,0.502,94.720,0.251,0,4942444,425276,194204,2393348,12688.021,1628.087,0,184.918,0,31.155,1638,2763,0.030,0.370,0.620,1,0,0,0,0,17,282,6,1,0
15-08 22:06:08,1.992,0.498,96.364,0,0.249,4942440,425276,194204,2393352,14492.898,1452.178,0,27.888,0,2.988,1333,2160,0.030,0.370,0.620,2,0,0.996,0,0,17,282,6,1,0
15-08 22:06:09,3.502,1.751,94.299,0.750,0,4942428,425276,194216,2393352,14505.586,1620.848,0,2273.189,0,155.081,1777,2935,0.030,0.370,0.620,1,0,0,0,0,17,282,6,1,0
15-08 22:06:10,1.249,0,96.701,0,0,4942428,425276,194216,2393352,5174.387,1619.182,0,7.996,0,0.999,1063,1777,0.030,0.360,0.610,1,0,0,0,0,17,282,6,1,0
15-08 22:06:11,2.249,1.000,96.474,0,0.250,4942428,425276,194216,2393352,4856.669,1457.601,0,0,0,0,1041,1836,0.030,0.360,0.610,1,0,0,0,0,17,282,6,1,0
15-08 22:06:12,1.999,0.749,96.181,0.250,0,4942428,425276,194216,2393352,13249.487,1618.838,0,851.389,0,179.871,1526,1988,0.030,0.360,0.610,1,0,0,0,0,17,282,6,1,0
15-08 22:06:13,1.250,0.250,96.258,0,0,4942428,425276,194216,2393352,10845.846,1694.132,0,0,0,0,1104,1824,0.030,0.360,0.610,1,0,0,0,0,17,282,6,1,0
15-08 22:06:14,2.252,0.501,96.348,0,0,4942428,425276,194216,2393352,12264.485,1533.561,0,0,0,0,1193,1871,0.030,0.360,0.610,1,0,0,0,0,17,282,6,1,0
15-08 22:06:15,3.252,1.251,96.053,0,0.250,4942420,425276,194224,2393352,8637.742,1620.890,0,88.048,0,8.004,1145,1879,0.030,0.360,0.610,1,0,0,0,0,17,282,6,1,0
15-08 22:06:16,1.999,0.500,96.183,0,0.250,4942416,425276,194224,2393356,13722.504,1618.880,0,67.953,0,6.995,1191,1872,0.030,0.360,0.610,2,0,0,0,0,17,282,6,1,0
15-08 22:06:17,3.247,0.500,94.664,0.250,0,4942416,425276,194232,2393348,14289.011,1456.676,0,211.807,0,34.968,1675,2788,0.030,0.360,0.610,1,0,0,0,0,17,282,6,1,0
15-08 22:06:18,1.750,0.750,95.993,0.250,0,4942648,425024,194240,2393360,6665.533,1661.884,0,331.977,0,22.998,1196,2032,0.030,0.360,0.610,1,0,1.000,0,0,17,282,6,1,0
15-08 22:06:19,3.249,0.250,95.733,0,0,4942644,425024,194244,2393360,12615.754,1619.712,0,83.985,0,12.998,1263,2080,0.030,0.360,0.610,1,0,0,0,0,17,282,6,1,0
15-08 22:06:20,2.504,1.252,94.905,0.501,0,4942632,425024,194248,2393368,14249.255,1460.383,0,625.020,0,112.183,1555,2360,0.030,0.350,0.610,1,0,2.003,0,0,17,282,6,1,0
15-08 22:06:21,1.499,1.000,95.465,0,0,4942632,425024,194248,2393368,5833.836,1693.372,0,359.866,0,29.989,1314,2308,0.030,0.350,0.610,1,0,0,0,0,17,282,6,1,0
15-08 22:06:22,7.270,2.758,87.742,0,0,4945080,422572,194248,2393328,13790.102,1698.693,0,60.166,0,7.019,2750,5749,0.030,0.350,0.610,1,0,34.094,0,0,17,282,6,1,0
15-08 22:06:23,1.245,0.747,96.610,0,0.249,4945204,422448,194248,2393372,14019.446,1613.491,0,0,0,0,1154,1791,0.030,0.350,0.610,1,0,0,0,0,17,282,6,1,0
15-08 22:06:24,5.255,3.003,91.088,0,0,4945108,422448,194248,2393468,14964.381,1621.558,0,0,0,0,2471,4854,0.030,0.350,0.610,1,0,0,0,0,17,282,6,1,0
15-08 22:06:25,4.249,1.250,92.978,0.250,0,4945084,422448,194248,2393492,15981.149,1619.610,0,323.922,0,38.991,1530,2278,0.020,0.340,0.600,1,0,0,0,0,17,282,6,3,0
15-08 22:06:26,2.252,0.751,96.315,0,0,4945080,422448,194248,2393496,6911.693,1707.159,0,0,0,0,1147,1899,0.020,0.340,0.600,1,0,0,0,0,17,282,6,3,0
15-08 22:06:27,3.251,1.000,94.018,0.250,0.250,4945076,422448,194264,2393484,12963.541,1512.296,0,256.050,0,36.007,1709,2808,0.020,0.340,0.600,4,0,0,0,0,17,282,6,3,0
15-08 22:06:28,1.248,1.248,96.634,0,0.250,4945300,422200,194268,2393504,13542.722,1660.005,0,319.616,0,19.976,1227,1990,0.020,0.340,0.600,1,0,0.999,0,0,17,282,6,3,0
15-08 22:06:29,1.999,0.500,94.947,0,0,4945296,422200,194272,2393504,5419.992,1735.037,0,79.956,0,11.993,1343,2302,0.020,0.340,0.600,1,0,0,0,0,17,282,6,3,0
15-08 22:06:30,2.504,0.751,95.643,0,0.250,4945296,422200,194272,2393504,32847.008,1622.421,0,48.072,0,6.009,1523,2017,0.020,0.340,0.600,1,0,0,0,0,17,282,6,3,0
15-08 22:06:31,2.248,0.250,96.395,0,0,4945292,422200,194272,2393508,26973.707,1618.243,0,51.944,0,6.992,1343,1906,0.020,0.340,0.600,2,0,0,0,0,17,282,5,3,0
15-08 22:06:32,3.248,0.500,95.685,0.250,0,4945292,422200,194272,2393508,31471.536,1618.896,0,239.836,0,20.986,1439,1941,0.020,0.340,0.600,1,0,0,0,0,17,282,5,3,0
15-08 22:06:33,1.258,1.006,97.099,0,0,4945292,422200,194272,2393508,31371.436,1467.046,0,0,0,0,1302,1834,0.020,0.340,0.600,1,0,0,0,0,17,282,5,3,0
15-08 22:06:34,1.990,0,96.495,0,0,4945292,422200,194272,2393508,6511.891,1611.559,0,47.750,0,1.990,1146,1928,0.020,0.340,0.600,1,0,0,0,0,17,282,5,3,0
15-08 22:06:35,17.262,4.753,76.802,0,0,4881748,485740,194272,2393512,29303.868,1621.099,0,216.147,0,23.016,1956,2583,0.100,0.350,0.600,2,0,7.005,0,0,17,282,5,3,0
15-08 22:06:36,23.234,5.246,70.201,0.250,0,4932900,433896,194272,2394204,28191.379,1456.986,0,243.830,0,23.983,1900,4339,0.100,0.350,0.600,2,0,4.997,0,0,17,282,5,3,0
15-08 22:06:37,23.902,5.284,69.441,0.252,0,4952400,413188,194284,2395400,21695.768,1630.353,0,382.428,0,41.262,2983,5713,0.100,0.350,0.600,2,0,17.109,0,0,17,286,5,8,0
15-08 22:06:38,23.739,4.748,70.968,0,0,4951348,413480,194284,2396160,30323.264,1457.340,0,0,0,0,2586,4077,0.100,0.350,0.600,2,0,18.991,0,0,17,286,5,13,0
15-08 22:06:39,23.740,4.998,70.470,0.250,0,4973788,390532,194292,2396676,26169.009,1693.289,0,163.931,0,11.995,2359,3895,0.100,0.350,0.600,2,0,12.995,0,0,17,286,5,17,0
15-08 22:06:40,24.252,4.250,70.006,0,0,4984832,379196,194292,2396968,37888.296,5432.473,0,704.061,0,5.000,2236,4519,0.170,0.360,0.600,3,0,12.001,0,0,17,287,5,21,0
15-08 22:06:41,24.510,5.502,69.527,0.250,0,4995004,368560,194292,2397432,34623.503,6838.667,0,716.279,0,50.020,2367,4835,0.170,0.360,0.600,2,0,12.005,0,0,17,286,5,25,0
15-08 22:06:42,23.667,3.986,71.000,0,0.498,4937972,425084,194292,2397940,22418.044,1688.055,0,0,0,0,2378,5205,0.170,0.360,0.600,3,0,12.954,0,0,17,282,5,31,0
15-08 22:06:43,23.703,4.741,68.613,1.497,0,4948008,414048,194292,2398940,28521.100,1455.097,0,13788.492,0,1725.558,6098,8046,0.170,0.360,0.600,2,0,17.964,0,0,17,286,5,37,0
15-08 22:06:44,23.509,4.752,70.777,0,0,4961452,400308,194292,2399236,24900.462,1620.616,0,0,0,0,2535,3856,0.170,0.360,0.600,2,0,16.006,0,0,17,286,5,41,0
15-08 22:06:45,23.872,4.774,71.364,0,0.251,4971012,389512,194292,2400472,29279.295,1628.303,0,120.615,0,6.031,2539,3888,0.240,0.370,0.610,4,0,13.067,0,0,17,286,5,45,0
15-08 22:06:46,23.742,5.248,70.475,0,0,4983652,376284,194292,2401060,9526.618,1693.399,0,119.957,0,6.998,2556,4086,0.240,0.370,0.610,2,0,11.996,0,0,17,286,5,49,0
15-08 22:06:47,22.868,5.966,69.598,0,0.249,4989412,369968,194300,2401608,33692.493,1449.631,0,258.508,0,34.799,3023,5136,0.240,0.370,0.610,3,0,11.931,0,0,17,286,5,53,0
15-08 22:06:48,24.220,3.995,69.913,0.250,0,4997112,361384,194300,2402492,32436.454,1711.860,0,439.451,0,25.968,2793,4079,0.240,0.370,0.610,2,0,12.984,0,0,17,286,5,57,0
15-08 22:06:49,23.898,6.037,68.674,0,0,4940692,417420,194304,2402872,22965.883,1630.071,0,201.243,0,20.124,3140,5423,0.240,0.370,0.610,2,0,15.093,0,0,17,284,5,63,0
15-08 22:06:50,23.723,4.745,70.419,0,0,4947900,409456,194308,2403624,21120.627,1618.133,0,1630.119,0,16.980,2780,4610,0.300,0.380,0.610,2,0,19.977,0,0,17,286,5,69,0
15-08 22:06:51,23.293,5.510,70.380,0.250,0,4965224,391524,194320,2404220,26814.365,1622.988,0,553.018,0,33.061,2494,4013,0.300,0.380,0.610,2,0,12.022,0,0,17,286,5,73,0
15-08 22:06:52,24.830,4.469,70.518,0,0,4970108,386352,194320,2404604,23988.089,1609.006,0,3.973,0,0.993,2088,4577,0.300,0.380,0.610,2,0,11.919,0,0,17,286,5,77,0
15-08 22:06:53,22.152,5.538,70.988,0,0,4981808,372996,194320,2406260,19936.101,1631.218,0,0,0,0,2012,4450,0.300,0.380,0.610,2,0,13.090,0,0,17,286,5,81,0
15-08 22:06:54,23.580,5.212,70.491,0.248,0,4997668,356464,194320,2406932,25831.394,1521.012,0,984.885,0,113.182,2337,4645,0.300,0.380,0.610,2,0,11.914,0,0,17,286,5,85,0
15-08 22:06:55,23.043,5.761,70.130,0,0,5003184,350656,194320,2407224,29285.236,1697.143,0,0,0,0,2030,4394,0.360,0.390,0.610,4,0,12.022,0,0,17,286,5,89,0
15-08 22:06:56,23.479,5.245,69.938,0,0,4941896,410716,194320,2408452,28965.279,1618.563,0,0,0,0,2470,6723,0.360,0.390,0.610,2,0,14.987,0,0,17,282,5,96,0
15-08 22:06:57,23.390,5.533,69.667,0,0,4956820,395472,194328,2408764,20644.703,1629.766,0,346.074,0,33.199,2551,5649,0.360,0.390,0.610,2,0,20.121,0,0,17,286,5,101,0
15-08 22:06:58,22.891,5.972,70.415,0,0,4964776,386924,194328,2409356,5895.953,1451.097,0,433.936,0,21.896,2109,4991,0.360,0.390,0.610,3,0,12.938,0,0,17,286,5,105,0
15-08 22:06:59,24.734,4.747,69.454,0.250,0,4965356,385980,194328,2409720,31441.092,1618.923,0,211.859,0,17.988,2270,4898,0.360,0.390,0.610,2,0,11.992,0,0,17,286,5,109,0
15-08 22:07:00,23.514,5.503,70.542,0,0,4981784,369136,194336,2410128,16447.770,1620.963,0,196.116,0,18.011,2015,4500,0.410,0.400,0.610,2,0,13.008,0,0,17,286,5,113,0
15-08 22:07:01,22.688,5.984,70.308,0,0,4992948,357376,194336,2410724,27975.487,1454.023,0,119.673,0,5.984,2096,4377,0.410,0.400,0.610,5,0,11.967,0,0,17,286,5,117,0
15-08 22:07:02,23.185,5.040,71.067,0.252,0.504,4969768,380384,194336,2410896,24408.733,1633.028,0,370.960,0,21.169,2162,4600,0.410,0.400,0.610,2,0,12.097,0,0,17,286,5,121,0
15-08 22:07:03,24.600,4.224,69.576,0,0,4943504,404928,194336,2412616,16022.455,3725.320,0,0,0,0,2323,6590,0.410,0.400,0.610,2,0,17.891,0,0,17,286,5,130,0
15-08 22:07:04,23.646,5.031,69.428,0,0.252,4952364,395808,194340,2412872,42002.990,8971.317,0,112.695,0,4.025,2420,5039,0.410,0.400,0.610,3,0,17.105,0,0,17,286,5,133,0
15-08 22:07:05,33.007,12.657,53.605,0.248,0,5002048,345716,194356,2413264,20740.207,1608.153,0,2036.993,0,98.276,3756,6987,0.540,0.430,0.620,4,0,321.631,0,0,17,286,5,137,0
15-08 22:07:06,45.603,6.264,46.104,0,0.251,5056616,290840,194360,2413568,28870.044,1461.292,4.009,344.777,1.002,20.045,2952,6028,0.540,0.430,0.620,3,0,12.027,0,0,17,287,5,144,0
15-08 22:07:07,46.272,9.808,40.991,3.521,0,5011628,326904,194372,2422480,28361.938,1629.592,185.089,28829.692,11.065,3093.207,11498,13504,0.540,0.430,0.620,2,0,36.213,0,0,17,286,5,148,0
15-08 22:07:08,56.250,11.750,31.250,0,0,5014952,323120,194376,2422936,20977.958,1499.997,0,419.999,0,17.000,4058,8582,0.540,0.430,0.620,3,0,189.000,0,0,17,286,5,167,0
15-08 22:07:09,38.822,14.185,47.035,0,0,4996368,340120,194376,2424520,39874.494,2621.999,0,370.305,0,23.891,4412,9545,0.540,0.430,0.620,6,0,314.560,0,0,17,284,5,175,0
15-08 22:07:10,42.653,10.227,45.396,0.499,0,5061076,273700,194408,2426200,9210.962,1690.140,590.651,638.542,59.863,17.959,2857,4178,0.650,0.460,0.630,6,0,24.943,0,0,17,286,5,180,0
15-08 22:07:11,43.017,6.792,46.287,3.270,0,5046968,282604,194632,2431172,29118.799,1630.121,2507.569,6609.036,258.606,181.125,4647,7146,0.650,0.460,0.630,3,0,15.094,0,0,17,286,5,184,0
15-08 22:07:12,46.524,6.503,46.024,0.250,0,5098192,230956,194636,2431592,28662.847,1458.756,0,2353.219,0,256.133,3937,6510,0.650,0.460,0.630,3,0,15.008,0,0,17,287,5,188,0
15-08 22:07:13,46.612,5.702,46.364,0.992,0,5109404,217632,194692,2433648,22819.842,1606.612,602.975,1697.852,48.595,144.793,4997,9906,0.650,0.460,0.630,4,1,11.901,0,0,17,292,5,193,0
15-08 22:07:14,41.818,6.511,51.584,0.250,0,5139424,186256,194732,2434968,25144.986,4377.135,192.313,1097.789,12.020,148.242,5255,8998,0.650,0.460,0.630,2,0,13.021,0,0,17,295,5,199,0
15-08 22:07:15,33.698,5.281,59.097,0.754,0,5144020,180692,194744,2435924,20115.015,6363.334,193.133,905.311,11.065,135.797,4355,7333,0.760,0.480,0.640,2,0,12.071,0,0,17,296,5,204,0
15-08 22:07:16,25.266,6.504,67.794,0,0.250,5094112,229652,194760,2436856,22136.322,1795.161,16.010,348.225,1.001,47.030,4180,6887,0.760,0.480,0.640,4,0,16.010,0,0,17,294,5,211,0
15-08 22:07:17,34.528,5.962,56.884,2.484,0.745,5098260,225096,194812,2437212,51518.786,13032.216,63.591,5039.600,3.974,391.483,5326,8604,0.760,0.480,0.640,4,0,13.911,0,0,17,294,5,216,0
15-08 22:07:18,37.834,6.514,52.868,0.501,0,5100676,221776,194856,2438072,21770.439,1623.613,16.036,1599.559,1.002,233.520,6011,12089,0.760,0.480,0.640,7,0,20.045,0,0,17,297,5,222,0
15-08 22:07:19,44.672,6.525,47.433,0.502,0.251,5102984,218704,194920,2438772,31207.210,4206.202,16.062,3236.467,1.004,299.152,6696,12801,0.760,0.480,0.640,2,0,12.046,0,0,17,297,5,229,0
15-08 22:07:20,24.998,7.500,65.746,0.750,0,5110956,210176,194928,2439320,27183.233,1705.889,0,1503.902,0,113.993,3883,6269,0.860,0.510,0.640,3,0,11.999,0,0,17,298,5,233,0
15-08 22:07:21,29.063,5.216,64.337,0.248,0,5124268,196356,194968,2439788,46539.934,13397.905,0,1661.324,0,154.010,4430,7095,0.860,0.510,0.640,2,0,12.917,0,0,17,296,5,238,0
15-08 22:07:22,44.034,7.549,47.053,1.006,0,5137844,182024,195068,2440444,14628.191,1467.449,0,3188.531,0,344.216,7289,13914,0.860,0.510,0.640,4,0,23.149,0,0,17,299,5,242,0
15-08 22:07:23,38.249,8.693,50.171,1.987,0.248,5132312,186808,195176,2441084,29767.931,4537.267,0,7065.698,0,545.426,6543,17718,0.860,0.510,0.640,3,0,34.772,0,0,17,298,5,248,0
15-08 22:07:24,33.741,6.498,58.235,0.500,0.250,5150668,167828,195196,2441688,31680.731,4184.908,0,8637.746,0,117.969,4621,9883,0.860,0.510,0.640,3,0,11.997,0,0,17,299,5,254,0
15-08 22:07:25,34.991,5.790,58.402,0.755,0.252,5156208,160248,195212,2443728,26334.418,1643.321,0,1006.937,0,122.846,4216,8882,1.030,0.550,0.660,5,0,12.083,0,0,17,298,5,259,0
15-08 22:07:26,29.180,6.484,62.351,0.748,0,5099824,215560,195228,2444784,34072.431,4482.269,0,4948.154,0,179.570,5018,8144,1.030,0.550,0.660,2,0,15.962,0,0,17,295,5,266,0
15-08 22:07:27,39.773,5.966,52.699,0.746,0,5113184,201408,195244,2445560,34753.523,13007.713,147.160,1034.094,7.955,111.364,4547,7820,1.030,0.550,0.660,2,0,18.892,0,0,17,299,5,270,0
15-08 22:07:28,28.042,5.759,65.348,0.501,0,5128908,185016,195260,2446212,32257.418,8445.677,84.126,1005.509,7.011,108.162,3605,6287,1.030,0.550,0.660,4,0,13.020,0,0,17,299,5,274,0
15-08 22:07:29,29.180,6.037,62.385,1.006,0,5137420,175032,195272,2447672,38820.523,10801.646,0,15000.553,0,240.484,3887,7227,1.030,0.550,0.660,3,0,13.081,0,0,17,299,5,278,0
15-08 22:07:30,30.028,5.460,62.786,0.745,0,5145688,166428,195280,2448000,44722.634,8618.336,0,1087.963,0,84.377,3811,7818,1.110,0.570,0.660,5,0,11.912,0,0,17,299,5,282,0
15-08 22:07:31,45.102,7.811,44.346,1.764,0,5148016,163292,195300,2448788,36616.462,1707.310,0,4087.869,0,406.166,7932,15808,1.110,0.570,0.660,5,0,12.094,0,0,17,299,5,286,0
15-08 22:07:32,47.479,7.247,44.980,1.000,0,5154524,155724,195328,2449820,34762.565,1511.329,0,3918.260,0,407.819,8665,16136,1.110,0.570,0.660,3,0,11.995,0,0,17,299,5,291,0
15-08 22:07:33,33.750,6.500,56.750,1.500,0,5159152,150444,195384,2450416,27064.162,1566.009,0,6504.039,0,416.002,6508,11676,1.110,0.570,0.660,3,0,13.000,0,0,17,300,5,295,0
15-08 22:07:34,24.948,6.486,67.857,0,0.249,5097168,211816,195384,2451028,13141.390,1616.604,0,87.815,0,4.990,3014,5058,1.110,0.570,0.660,3,0,14.969,0,0,17,297,5,301,0
15-08 22:07:35,33.330,5.513,59.393,0.752,0,5101080,207112,195388,2451816,25693.023,1772.278,0,713.723,0,87.211,4698,8126,1.500,0.660,0.690,4,0,14.034,0,0,17,299,5,306,0
15-08 22:07:36,47.378,7.194,43.657,0.992,0,5101840,205524,195432,2452600,22585.680,1607.380,0,4961.051,0,543.731,9272,17900,1.500,0.660,0.690,3,0,12.899,0,0,17,303,5,310,0
15-08 22:07:37,45.192,6.991,46.440,0.749,0,5110924,195344,195456,2453672,20471.735,1617.924,223.713,2141.253,13.982,238.694,6707,14271,1.500,0.660,0.690,9,0,19.974,0,0,17,303,5,315,0
15-08 22:07:38,24.965,5.742,67.654,0.250,0,5114632,192644,195200,2453132,29526.132,1617.706,0,1873.344,0,129.816,3154,6587,1.500,0.660,0.690,3,0,12.982,0,0,17,302,5,314,0
15-08 22:07:39,34.116,6.271,58.699,0.753,0,5139624,166672,195288,2454020,13499.805,4402.939,20.068,2231.572,2.007,241.820,4193,7870,1.500,0.660,0.690,4,0,13.044,0,0,17,302,5,321,0
15-08 22:07:40,32.221,4.783,61.169,1.259,0.252,5154920,152536,194900,2453244,42300.675,8386.430,64.441,6097.757,4.028,457.130,4467,8650,1.460,0.670,0.690,2,0,13.090,0,0,17,303,5,315,0
15-08 22:07:41,27.036,6.449,65.482,0.496,0.248,5163088,149256,193716,2450420,41059.344,6481.749,547.670,492.109,10.914,56.553,3054,7339,1.460,0.670,0.690,2,0,11.906,0,0,17,303,5,319,0
15-08 22:07:42,32.635,5.774,61.002,0.251,0,5131484,180056,193720,2451244,33864.164,4201.390,0,5808.039,0,228.948,3565,7654,1.460,0.670,0.690,3,0,12.050,0,0,17,302,5,320,0
15-08 22:07:43,32.140,6.528,59.008,0.502,0,5112984,205488,192888,2445880,33473.110,5373.455,4.018,1373.997,1.004,141.618,4252,10647,1.460,0.670,0.690,2,0,15.066,0,0,17,301,5,330,0
15-08 22:07:44,30.532,6.206,62.553,0.248,0,5124576,192680,192924,2447192,45781.843,11531.595,834.040,1000.848,12.908,107.234,3505,7728,1.460,0.670,0.690,2,0,15.886,0,0,17,302,5,327,0
15-08 22:07:45,28.559,6.012,65.135,0.251,0,5139356,177584,192924,2447508,29149.222,3070.343,0,909.880,0,58.120,2996,6445,1.580,0.710,0.710,4,0,16.033,0,0,17,303,5,333,0
15-08 22:07:46,24.875,7.214,64.426,1.244,0.249,5150908,180216,189596,2437488,37325.031,11380.687,91.539,18498.840,22.885,633.808,4541,6638,1.580,0.710,0.710,3,0,11.940,0,0,17,302,5,328,0
15-08 22:07:47,31.041,6.309,61.072,0.757,0,5147108,183292,189632,2438176,21602.175,1471.774,44.416,1804.892,7.066,209.965,4345,7832,1.580,0.710,0.710,2,0,13.123,0,0,17,302,5,332,0
15-08 22:07:48,31.297,6.210,61.103,0.248,0,5161672,168232,189644,2438660,29667.458,4494.829,0,1526.096,0,195.730,4143,8941,1.580,0.710,0.710,2,0,12.916,0,0,17,302,5,334,0
15-08 22:07:49,32.210,5.993,61.673,0.250,0,5162744,166528,189648,2439288,29484.204,4274.665,0,1314.360,0,155.806,3866,8152,1.580,0.710,0.710,3,0,11.985,0,0,17,303,5,345,0
15-08 22:07:50,30.281,5.506,62.313,1.752,0,5173920,155232,189288,2439768,31152.651,1753.782,0,7123.237,0,484.492,4262,8721,1.620,0.730,0.710,3,0,12.012,0,0,17,302,5,341,0
15-08 22:07:51,25.565,5.013,68.173,0.501,0,5154912,178668,187876,2436756,10236.951,1644.168,44.112,8056.423,11.028,419.062,3140,4787,1.620,0.730,0.710,4,0,16.041,0,0,17,303,5,345,0
15-08 22:07:52,25.102,6.213,67.352,0,0,5129376,203528,187888,2437564,25566.007,1610.488,0,469.229,0,38.771,3393,6124,1.620,0.730,0.710,2,0,16.900,0,0,17,302,5,343,0
15-08 22:07:53,26.006,6.060,67.160,0.505,0,5147104,185268,187892,2438092,29529.273,1472.474,0,476.686,0,45.447,3079,5206,1.620,0.730,0.710,4,0,18.179,0,0,17,302,5,349,0
15-08 22:07:54,26.378,4.977,66.692,0.249,0,5148904,183064,187892,2438496,28880.428,1612.542,0,477.790,0,46.784,2681,5692,1.620,0.730,0.710,7,0,11.945,0,0,17,302,5,347,0
15-08 22:07:55,29.666,6.232,63.072,0.748,0,5153940,177592,187908,2438916,21151.142,6962.297,0,1180.659,0,157.554,3552,7224,1.570,0.740,0.720,5,0,12.963,0,0,17,302,5,354,0
15-08 22:07:56,31.752,6.000,60.754,0.250,0.500,5168136,162888,187952,2439380,37470.735,6254.457,0,1184.086,0,177.013,3640,6545,1.570,0.740,0.720,4,0,12.001,0,0,17,302,5,366,0
15-08 22:07:57,30.288,6.258,63.079,0.250,0,5182840,147656,187972,2439888,23378.199,3608.507,0,740.925,0,81.101,4104,6767,1.570,0.740,0.720,4,0,13.016,0,0,17,305,5,365,0
15-08 22:07:58,28.671,5.533,64.635,0.503,0,5146980,182868,188008,2440500,39046.679,13755.972,0,1541.184,0,210.253,4430,7745,1.570,0.740,0.720,4,0,13.078,0,0,17,305,5,369,0
15-08 22:07:59,29.242,7.248,61.984,0.750,0.250,5132112,218404,182948,2426272,25221.417,1639.572,0,12372.771,0,596.844,5565,9778,1.570,0.740,0.720,2,0,14.996,0,0,17,302,5,368,0
15-08 22:08:00,35.815,5.223,56.956,0.746,0,5139424,210144,182972,2427196,18057.858,4258.037,294.481,1567.913,29.846,182.061,4480,7939,1.570,0.740,0.720,5,0,13.928,0,0,17,304,5,378,0
15-08 22:08:01,27.407,6.789,64.118,0.754,0.251,5150144,198588,183008,2427996,35772.549,4293.671,0,1315.559,0,148.855,3551,6269,1.600,0.760,0.720,4,0,18.104,0,0,17,304,4,376,0
15-08 22:08:02,26.840,4.970,66.602,0,0,5153176,193148,183020,2430392,25483.811,1610.383,51.691,811.156,0.994,55.668,2784,4680,1.600,0.760,0.720,7,0,11.929,0,0,17,305,4,383,0
15-08 22:08:03,26.138,5.780,66.852,0,0,5155776,189856,183044,2431060,22791.086,5850.828,0,985.191,0,105.556,2993,6553,1.600,0.760,0.720,2,0,13.069,0,0,17,305,4,378,0
15-08 22:08:04,33.266,6.003,57.527,2.001,0,5183232,161776,183076,2431652,65582.693,19953.338,0,7579.547,0,534.250,5100,10203,1.600,0.760,0.720,3,0,12.006,0,0,17,304,4,386,0
15-08 22:08:05,39.549,6.218,51.240,0.995,0,5170664,173964,183108,2432000,28601.789,1611.817,15.919,2232.665,0.995,281.570,5677,12966,1.600,0.760,0.720,5,1,11.939,0,0,17,305,4,383,0
15-08 22:08:06,45.719,7.787,43.458,1.507,0,5173268,170288,183180,2433052,28930.461,1465.012,32.154,3673.582,1.005,441.111,7897,16107,1.800,0.810,0.740,7,0,12.058,0,0,17,304,4,389,1
15-08 22:08:07,40.494,6.999,51.492,1.000,0,5152228,190524,183216,2433820,21110.686,1619.746,0,2063.676,0,242.962,6135,13163,1.800,0.810,0.740,3,0,11.998,0,0,17,304,4,390,0
15-08 22:08:08,32.997,7.499,58.495,1.500,0,5138944,202860,183248,2434760,21780.083,1619.857,0,6167.457,0,441.961,5450,9224,1.800,0.810,0.740,4,0,15.999,0,0,17,300,4,402,0
15-08 22:08:09,24.505,5.001,68.263,0.250,0,5128288,212504,183252,2435768,34084.715,4466.880,0,920.181,0,78.015,3106,5631,1.800,0.810,0.740,4,0,19.004,0,0,17,305,4,380,0
15-08 22:08:10,28.802,6.207,63.810,0.993,0,5146644,193256,183280,2436632,17731.828,4336.124,0,1672.477,0,171.816,3613,7666,1.800,0.810,0.740,2,0,12.911,0,0,17,304,4,385,0
15-08 22:08:11,32.653,7.228,58.576,0.499,0,5150796,188164,183296,2437556,36547.163,3820.622,0,1387.867,0,156.534,4352,9223,1.730,0.810,0.740,2,0,11.964,0,0,17,304,4,386,0
15-08 22:08:12,29.301,7.325,62.644,0.253,0,5160108,178220,183308,2438176,32848.552,5791.514,0,1410.494,0,146.505,3803,6237,1.730,0.810,0.740,3,0,13.135,0,0,17,305,4,394,0
15-08 22:08:13,28.527,6.201,64.743,0.496,0,5174544,163340,183320,2438608,34477.182,3343.831,31.752,1206.557,1.984,117.084,4030,7027,1.730,0.810,0.740,4,0,11.907,0,0,17,306,4,389,0
15-08 22:08:14,44.345,7.474,44.096,1.744,0.498,5182472,153304,183360,2440676,32517.384,7039.404,0,4579.997,0,510.217,8773,17339,1.730,0.810,0.740,5,0,12.955,0,0,17,305,4,395,0
15-08 22:08:15,44.775,7.043,44.523,3.773,0.252,5183184,161360,183312,2432180,5840.869,1630.010,269.656,20381.161,26.161,1061.519,7055,12803,1.730,0.810,0.740,4,0,13.080,0,0,17,305,4,392,0
15-08 22:08:16,44.867,8.272,45.368,1.504,0.251,5164308,179260,183384,2433084,21815.896,1536.006,32.084,7900.605,1.003,632.650,8546,17286,1.830,0.850,0.760,6,1,12.031,0,0,17,305,4,403,0
15-08 22:08:17,45.645,8.276,44.140,2.006,0,5177660,164612,183432,2434332,29691.389,1625.166,0,3876.323,0,441.403,8466,17760,1.830,0.850,0.760,3,0,12.038,0,0,17,305,4,403,0
15-08 22:08:18,44.030,8.005,45.781,1.251,0,5176628,164592,183448,2435368,26932.260,1458.989,0,2873.949,0,270.183,6991,16107,1.830,0.850,0.760,3,0,13.009,0,0,17,305,4,410,0
15-08 22:08:19,46.169,7.986,43.923,2.246,0,5173280,167088,183528,2436144,25723.855,1659.088,0,7542.762,0,702.767,8464,18074,1.830,0.850,0.760,4,0,11.979,0,0,17,305,4,405,0
15-08 22:08:20,44.522,8.754,45.272,0.500,0,5148696,190692,183560,2437092,25038.419,1662.825,0,3169.572,0,264.131,8158,18048,1.830,0.850,0.760,2,0,15.007,0,0,17,303,4,414,0
15-08 22:08:21,25.563,5.460,67.010,0.745,0,5138996,199560,183584,2437900,29128.218,1489.122,0,1735.323,0,131.043,3323,6892,2.010,0.900,0.770,4,0,15.884,0,0,17,304,4,407,0
15-08 22:08:22,27.853,4.768,66.496,0.251,0,5157628,180196,183628,2438588,11268.717,1626.020,0,1063.939,0,93.346,3262,7018,2.010,0.900,0.770,5,0,16.059,0,0,17,304,4,411,0
15-08 22:08:23,36.106,7.221,54.781,0.498,0,5152448,188840,183476,2435296,26374.660,4494.051,15.936,1860.569,0.996,190.240,4234,10448,2.010,0.900,0.770,3,0,45.817,0,0,17,304,4,407,0
15-08 22:08:24,33.718,6.291,56.365,0.252,0,5162132,178136,183496,2436296,33223.287,5354.698,374.426,1622.514,3.020,155.004,5531,10690,2.010,0.900,0.770,5,0,13.085,0,0,17,305,4,416,0
15-08 22:08:25,29.526,6.699,63.021,0.496,0,5175336,164528,183504,2436692,49286.619,11923.430,0,1107.587,0,91.306,3589,7225,2.010,0.900,0.770,3,0,11.910,0,0,17,305,4,411,0
15-08 22:08:26,26.750,6.000,65.750,0.250,0,5186348,152972,183504,2437236,36014.748,8879.938,0,787.994,0,49.000,2732,6420,1.930,0.910,0.770,5,0,12.000,0,0,17,305,4,416,0
15-08 22:08:27,28.247,5.801,64.817,0.504,0.252,5141848,196760,183528,2437924,13250.906,1470.866,0,1476.919,0,148.297,3398,8499,1.930,0.910,0.770,3,0,13.115,0,0,17,300,4,414,0
15-08 22:08:28,33.713,6.197,58.006,1.983,0,5140692,196856,183616,2438896,32266.285,4473.909,0,6683.100,0,512.635,5747,10495,1.930,0.910,0.770,3,0,18.840,0,0,17,304,4,424,0
15-08 22:08:29,33.521,5.797,59.984,0,0.252,5155348,181504,183644,2439564,34601.337,4415.648,0,1334.776,0,145.172,4177,7292,1.930,0.910,0.770,4,0,16.130,0,0,17,304,4,419,0
15-08 22:08:30,26.500,5.250,66.251,0.750,0.250,5165792,170980,183636,2439652,10394.125,1620.019,0,3856.046,0,111.001,3137,6704,1.930,0.910,0.770,3,0,13.000,0,0,17,304,4,426,0
15-08 22:08:31,26.690,6.984,62.359,2.744,0,5170744,174964,183596,2430952,5358.878,1616.344,267.395,17596.197,2.993,1088.538,4594,5356,1.850,0.910,0.780,3,0,11.973,0,0,17,304,4,423,0
15-08 22:08:32,26.169,3.988,69.534,0,0,5176600,168208,183608,2431840,16929.383,1614.981,0,466.550,0,29.907,2295,3770,1.850,0.910,0.780,3,0,11.963,0,0,17,304,4,430,0
15-08 22:08:33,34.909,5.525,59.019,0.251,0,5179404,164440,183636,2432776,38850.888,15207.239,0,1446.586,0,209.956,4194,7840,1.850,0.910,0.780,4,0,12.055,0,0,17,304,4,430,0
15-08 22:08:34,41.091,6.973,49.559,0.996,0.249,5169056,174036,183684,2433480,5434.025,1613.771,0,2319.048,0,319.766,6470,13216,1.850,0.910,0.780,4,0,11.954,0,0,17,305,4,435,0
15-08 22:08:35,45.492,8.043,44.236,1.508,0,5151308,190888,183724,2434336,13682.861,1628.673,8.043,4499.962,2.011,458.441,9145,17142,1.850,0.910,0.780,4,0,14.075,0,0,17,301,4,432,0
15-08 22:08:36,35.729,7.692,53.345,1.489,0,5160904,180172,183804,2435376,11086.818,1447.013,0,7209.260,0,535.931,7589,13961,1.860,0.930,0.780,2,0,13.894,0,0,17,302,4,439,0
15-08 22:08:37,32.958,6.991,58.925,1.498,0,5159480,201760,183536,2416700,18751.036,4203.628,31.959,12232.367,1.997,836.930,5115,8035,1.860,0.930,0.780,3,0,20.973,0,0,17,305,4,438,0
15-08 22:08:38,26.923,5.032,65.925,0.503,0,5169864,190608,183540,2417464,15328.732,1805.630,217.400,1457.387,6.039,119.771,2914,6313,1.860,0.930,0.780,2,0,13.084,0,0,17,305,4,443,0
15-08 22:08:39,29.810,6.263,63.128,0.251,0,5172704,187244,183552,2417976,17449.352,8931.094,0,1030.087,0,102.207,3553,7470,1.860,0.930,0.780,2,0,13.026,0,0,17,305,4,452,0
15-08 22:08:40,31.510,5.002,63.020,0.500,0,5185880,173632,183564,2418400,22279.218,5895.910,0,1260.408,0,113.037,4094,6946,1.860,0.930,0.780,2,0,12.004,0,0,17,306,4,450,0
15-08 22:08:41,26.500,6.250,65.501,0.500,0,5193400,165440,183580,2419056,49254.493,17900.179,0,1116.011,0,142.001,3357,6209,1.880,0.940,0.790,4,0,12.000,0,0,17,306,4,455,0
15-08 22:08:42,28.498,5.750,64.495,0.250,0,5186108,171884,183600,2419884,32759.576,11041.183,15.999,1255.907,1.000,147.989,3713,6352,1.880,0.940,0.790,3,1,11.999,0,0,17,304,4,452,0
15-08 22:08:43,44.919,7.445,46.159,1.985,0.248,5193112,164004,183648,2420712,29359.328,11050.448,15.883,3275.824,0.993,423.872,7121,15477,1.880,0.940,0.790,3,0,11.912,0,0,17,305,4,458,0
15-08 22:08:44,47.649,5.768,43.887,1.254,0.251,5163216,192840,183688,2421732,22490.147,1462.562,80.250,4490.004,3.009,419.308,7466,15764,1.880,0.940,0.790,3,0,12.038,0,0,17,302,4,446,0
15-08 22:08:45,31.596,8.526,57.675,2.006,0.251,5157020,198040,183764,2422648,17412.900,1624.937,0,7867.903,0,572.740,7356,13549,1.880,0.940,0.790,2,0,16.049,0,0,17,302,4,454,0
15-08 22:08:46,34.259,6.703,57.347,0.248,0,5157740,196988,183784,2422960,23365.762,9653.148,0,1374.340,0,124.128,3816,6762,2.050,0.990,0.810,5,0,12.909,0,0,17,305,4,448,0
15-08 22:08:47,28.710,7.052,63.717,0.504,0,5151432,202336,183808,2423896,7156.464,2424.776,0,1370.044,0,138.012,4524,7900,2.050,0.990,0.810,4,0,18.133,0,0,17,305,4,453,0
15-08 22:08:48,45.779,8.255,43.027,2.001,0,5161368,191352,183852,2424900,14710.267,1715.081,0,5215.286,0,569.359,8568,17712,2.050,0.990,0.810,5,0,13.008,0,0,17,305,4,449,0
15-08 22:08:49,43.989,8.748,45.988,0.500,0,5173008,178836,183864,2425760,12816.693,1619.582,71.981,1907.508,5.998,184.952,5756,14560,2.050,0.990,0.810,3,0,11.997,0,0,17,305,4,455,0
15-08 22:08:50,29.233,6.193,63.173,0.991,0,5182872,168272,183872,2426452,17337.741,4441.458,0,2394.146,0,244.766,4353,9017,2.050,0.990,0.810,2,0,12.882,0,0,17,304,4,438,0
15-08 22:08:51,37.059,5.509,56.090,1.252,0.250,5182108,168480,183912,2426968,13057.906,4488.186,0,2892.631,0,291.467,4529,10102,2.120,1.030,0.820,3,0,12.019,0,0,17,304,4,443,0
15-08 22:08:52,35.023,5.291,58.456,1.260,0,5182448,167540,183976,2427504,21480.635,4266.294,36.283,9171.575,3.024,467.650,4357,9390,2.120,1.030,0.820,2,0,12.094,0,0,17,305,4,435,0
15-08 22:08:53,26.525,7.189,63.215,1.487,0,5196308,152996,184012,2428152,9999.296,1733.317,0,14041.058,0,1190.912,4510,6715,2.120,1.030,0.820,3,0,11.899,0,0,17,305,4,439,0
15-08 22:08:54,29.960,5.243,63.915,0.250,0,5188572,160088,184056,2428752,10200.362,4402.114,0,1450.061,0,136.817,3390,7631,2.120,1.030,0.820,2,0,11.984,0,0,17,304,4,434,0
15-08 22:08:55,37.521,8.058,54.393,0.252,0,5157972,189904,184076,2429516,27991.490,12776.425,16.117,1124.132,1.007,108.787,3912,9288,2.120,1.030,0.820,3,0,15.109,0,0,17,303,4,440,0
15-08 22:08:56,30.826,5.514,62.153,0.251,0,5146204,200892,184092,2430280,23144.027,6074.969,16.040,1343.310,1.002,152.375,3594,6597,2.030,1.030,0.820,2,0,16.040,0,0,17,305,4,432,0
15-08 22:08:57,28.602,6.467,64.169,0,0,5155644,191096,184108,2430616,32576.838,10738.568,0,1229.653,0,113.415,4026,7043,2.030,1.030,0.820,2,0,15.918,0,0,17,305,4,437,0
15-08 22:08:58,26.873,5.274,66.302,0.753,0,5171208,174872,184132,2431252,33790.151,10730.955,0,9523.446,0,693.162,4205,6293,2.030,1.030,0.820,3,0,13.060,0,0,17,305,4,418,0
15-08 22:08:59,31.033,6.757,60.815,1.251,0,5174644,190888,179924,2417016,33389.894,13028.005,44.047,6402.883,3.003,668.719,5213,7427,2.030,1.030,0.820,2,0,13.014,0,0,17,304,4,422,0
15-08 22:09:00,41.871,7.228,49.099,0.997,0,5181696,183276,179984,2417516,13324.933,1615.023,0,2464.405,0,315.029,5810,13308,2.030,1.030,0.820,5,0,11.963,0,0,17,305,4,415,0
15-08 22:09:01,44.144,8.528,44.395,1.254,0.251,5197648,166444,179988,2418392,14059.015,1462.788,16.053,8981.396,1.003,714.338,7728,18374,2.030,1.040,0.830,3,0,12.039,0,0,17,305,4,419,0
15-08 22:09:02,43.016,7.503,47.268,1.501,0.250,5187688,175160,180012,2419612,5847.216,1620.614,224.085,2404.911,12.005,261.099,6579,15574,2.030,1.040,0.830,4,0,12.005,0,0,17,305,4,410,0
15-08 22:09:03,44.467,7.744,45.966,0.999,0,5192288,169568,180060,2420556,15448.599,3671.291,31.976,2390.236,1.999,321.763,6992,16036,2.030,1.040,0.830,3,0,11.991,0,0,17,306,4,414,0
15-08 22:09:04,45.300,8.712,44.802,0.996,0.249,5189992,170952,180124,2421404,26754.851,8876.800,0,3329.298,0,400.233,8050,17658,2.030,1.040,0.830,5,1,11.947,0,0,17,305,4,397,0
15-08 22:09:05,40.633,6.980,49.108,1.496,0,5196040,164116,180152,2422164,9976.189,4319.525,15.954,7725.688,0.997,593.287,7700,15427,2.030,1.040,0.830,2,0,11.965,0,0,17,305,4,403,0
15-08 22:09:06,29.980,6.496,62.709,0.500,0,5195492,163988,180156,2422836,20375.715,4425.115,0,1307.148,0,151.901,3680,7757,1.950,1.040,0.830,4,1,11.992,0,0,17,304,4,397,0
15-08 22:09:07,27.459,5.794,66.758,0.252,0,5144228,214844,180184,2423216,5821.271,1632.415,0,1233.380,0,113.866,3280,7102,1.950,1.040,0.830,3,0,12.092,0,0,17,301,4,403,0
15-08 22:09:08,28.623,5.973,63.219,0.996,0,5153292,204768,180192,2424220,18168.278,4331.754,35.841,1664.604,1.991,158.297,4639,9155,1.950,1.040,0.830,3,0,22.898,0,0,17,304,4,393,0
15-08 22:09:09,28.174,5.485,64.825,0.499,0.249,5175920,181708,180200,2424644,17662.382,3791.777,19.946,1472.031,1.995,129.650,3848,6301,1.950,1.040,0.830,3,0,12.965,0,0,17,304,4,397,0
15-08 22:09:10,28.287,6.008,64.084,0.501,0,5172396,184660,180208,2425208,10182.420,4426.835,24.032,1505.985,3.004,163.215,3624,7054,1.950,1.040,0.830,3,0,12.016,0,0,17,304,4,385,0
15-08 22:09:11,27.265,6.003,65.785,0.500,0,5177272,179280,180212,2425708,18351.800,3671.961,0,1196.639,0,109.058,3119,5437,1.870,1.040,0.830,2,0,13.007,0,0,17,304,4,389,0
15-08 22:09:12,28.647,5.979,63.522,0.249,0,5183416,172712,180216,2426128,9810.838,4269.697,0,1199.700,0,133.521,3449,5994,1.870,1.040,0.830,6,0,11.957,0,0,17,304,4,373,0
15-08 22:09:13,27.276,4.755,67.064,0.250,0,5201452,153996,180216,2426808,9417.966,3661.486,0,780.743,0,52.050,2544,5367,1.870,1.040,0.830,3,0,12.011,0,0,17,305,4,377,0
15-08 22:09:14,25.980,5.045,67.852,0.504,0,5159632,195264,180216,2427360,15952.450,1884.712,0,3716.958,0,87.778,3196,5438,1.870,1.040,0.830,2,1,12.107,0,0,17,305,4,369,0
15-08 22:09:15,29.211,5.742,63.415,0.999,0,5145544,208488,180240,2428200,13574.905,4279.296,23.968,1402.131,2.996,150.799,4982,8919,1.870,1.040,0.830,2,0,18.975,0,0,17,304,4,377,0
15-08 22:09:16,29.026,6.506,62.556,1.251,0.250,5158716,194996,180252,2428508,19585.627,3835.452,0,6565.909,0,440.396,5016,7950,1.800,1.040,0.830,2,0,16.014,0,0,17,304,4,361,0
15-08 22:09:17,32.746,5.499,59.492,1.500,0.250,5175880,176940,180268,2429384,14494.072,3669.512,0,1611.786,0,175.977,4642,8292,1.800,1.040,0.830,3,0,11.998,0,0,17,304,4,366,0
15-08 22:09:18,26.252,5.501,66.506,0.250,0,5177624,174820,180276,2429752,13962.271,3658.333,0,816.074,0,73.007,2790,5633,1.800,1.040,0.830,2,0,13.001,0,0,17,305,4,354,0
15-08 22:09:19,28.746,6.443,62.448,0.496,0.248,5174632,177356,180288,2430196,33934.124,10986.909,0,5630.246,0,363.785,4248,8019,1.800,1.040,0.830,3,1,11.895,0,0,17,305,4,358,0
15-08 22:09:20,46.157,6.558,43.635,3.027,0,5179200,172080,180312,2430880,13899.636,1634.420,48.427,11013.169,3.027,1672.759,9247,17116,1.800,1.040,0.830,3,0,13.116,0,0,17,305,4,363,0
15-08 22:09:21,44.552,9.209,43.805,2.489,0.249,5181524,189584,180192,2412292,13606.384,1686.487,19.911,16319.298,1.991,954.747,8371,15400,1.900,1.070,0.840,4,0,12.942,0,0,17,305,4,353,0
15-08 22:09:22,33.897,7.228,57.576,0.997,0,5200064,170540,180196,2412792,9667.716,1615.108,15.952,2488.462,0.997,230.302,4200,9429,1.900,1.070,0.840,3,0,12.961,0,0,17,304,4,358,0
15-08 22:09:23,38.927,7.985,52.901,1.248,0,5205504,164516,180236,2413284,14118.683,1616.986,15.970,2315.684,0.998,270.496,5589,11621,1.900,1.070,0.840,2,0,45.914,0,0,17,304,4,354,0
15-08 22:09:24,26.194,6.548,64.477,1.259,0,5213016,156468,180244,2413864,8007.238,1468.867,0,4642.344,0,306.266,3499,5980,1.900,1.070,0.840,6,0,12.089,0,0,17,305,4,360,0
15-08 22:09:25,46.381,6.769,44.877,1.504,0,5207912,160752,180256,2414672,12807.232,1624.596,0,5050.287,0,546.546,8299,17296,1.900,1.070,0.840,5,0,12.034,0,0,17,305,4,347,0
15-08 22:09:26,47.172,9.235,41.432,1.248,0,5197040,170892,180260,2415400,5593.754,1659.257,0,3486.237,0,316.477,8261,18978,1.820,1.070,0.840,4,0,11.980,0,0,17,305,4,352,0
15-08 22:09:27,45.549,8.214,43.558,1.245,0,5192532,174556,180288,2416216,17057.877,1451.607,103.544,2397.442,2.987,271.803,7233,14278,1.820,1.070,0.840,4,0,11.947,0,0,17,305,4,345,0
15-08 22:09:28,45.087,7.515,42.833,3.006,0,5185540,181792,180360,2415900,17420.727,1623.142,16.031,23016.560,1.002,1851.585,10191,16975,1.820,1.070,0.840,5,0,13.025,0,0,17,304,4,355,0
15-08 22:09:29,37.072,5.761,55.607,0.501,0,5166672,200136,180368,2416424,16130.115,1623.131,0,1358.621,0,112.216,5591,9938,1.820,1.070,0.840,5,0,14.027,0,0,17,301,4,350,0
15-08 22:09:30,33.790,6.508,58.570,0.250,0,5167008,198852,180400,2417340,10595.619,1513.803,16.019,1373.636,1.001,166.198,4997,10466,1.820,1.070,0.840,4,0,17.020,0,0,17,305,4,358,0
15-08 22:09:31,45.013,8.753,44.263,1.250,0.250,5173740,191212,180436,2418212,16203.829,1566.467,0,3252.969,0,405.121,7219,17048,1.840,1.090,0.850,6,0,16.005,0,0,17,305,3,349,0
15-08 22:09:32,44.932,7.199,46.173,0.745,0,5172556,191820,180456,2418768,13721.877,1608.614,47.663,2283.835,1.986,260.159,6742,15226,1.840,1.090,0.850,3,0,11.916,0,0,17,305,3,360,0
15-08 22:09:33,46.625,7.813,44.861,1.764,0,5192408,171044,180476,2419672,6096.000,1524.252,0,3423.518,0,443.565,7347,16911,1.840,1.090,0.850,4,0,12.097,0,0,17,305,3,347,0
15-08 22:09:34,43.496,8.999,44.246,2.250,0,5202268,168488,180176,2412700,5747.529,1565.872,19.998,15430.735,3.000,1283.895,8226,14376,1.840,1.090,0.850,5,0,12.999,0,0,17,305,3,355,0
15-08 22:09:35,44.210,7.993,44.960,1.998,0,5194640,176760,180188,2412044,13441.902,1618.543,15.986,8180.637,0.999,583.475,8021,16384,1.840,1.090,0.850,5,0,11.989,0,0,17,305,3,351,0
15-08 22:09:36,29.320,5.715,62.864,0.497,0.497,5202936,167712,180192,2412796,10221.201,4287.657,0,3172.508,0,274.315,3892,7512,1.850,1.100,0.860,4,0,11.927,0,0,17,304,3,357,0
15-08 22:09:37,30.232,5.497,61.214,0.999,0,5208980,161236,180208,2413212,37008.017,12766.417,15.991,1623.036,0.999,177.894,4359,8866,1.850,1.100,0.860,4,0,13.992,0,0,17,304,3,351,0
15-08 22:09:38,32.190,6.790,60.355,0.754,0,5188148,181440,180220,2413828,18431.525,4396.889,0,1376.102,0,153.906,3896,8261,1.850,1.100,0.860,2,0,13.077,0,0,17,304,3,358,0
15-08 22:09:39,31.552,6.956,59.626,0.497,0,5169368,199380,180220,2414668,14298.349,1683.445,15.900,1482.703,0.994,161.984,4882,9090,1.850,1.100,0.860,2,0,15.900,0,0,17,303,3,352,0
15-08 22:09:40,32.985,5.288,60.430,0.504,0,5165808,202532,180236,2415060,30459.690,12436.473,32.229,1961.957,2.014,216.540,3983,7900,1.850,1.100,0.860,3,0,19.136,0,0,17,306,3,357,0
15-08 22:09:41,31.491,5.998,61.483,1.000,0.250,5179924,187740,180240,2415732,26256.753,11340.870,0,1459.597,0,165.954,3605,7855,1.860,1.120,0.860,4,0,11.997,0,0,17,305,3,340,0
15-08 22:09:42,44.254,8.501,43.754,2.500,0,5174092,192992,180268,2416284,6368.599,1532.144,0,8944.841,0,857.081,9314,18405,1.860,1.120,0.860,2,1,12.001,0,0,17,305,3,345,0
15-08 22:09:43,45.771,7.503,43.270,2.001,0,5184664,181640,180280,2417052,13541.175,1620.739,0,7051.215,0,603.275,7814,17709,1.860,1.120,0.860,3,0,12.005,0,0,17,305,3,335,0
15-08 22:09:44,44.702,8.741,45.451,0.999,0,5181812,183792,180296,2417736,5851.727,1660.220,15.983,2181.661,0.999,230.753,6143,12077,1.860,1.120,0.860,7,0,11.987,0,0,17,304,3,342,1
15-08 22:09:45,25.824,5.711,65.802,0.497,0,5196532,168568,180296,2418240,17241.653,4237.162,0,1378.617,0,114.223,3350,5531,1.860,1.120,0.860,5,0,12.912,0,0,17,305,3,333,0
15-08 22:09:46,37.273,6.254,54.533,0.750,0.250,5199504,164876,180312,2418944,31834.515,12669.767,60.037,2345.438,12.007,246.151,4900,9546,1.880,1.130,0.870,4,0,12.007,0,0,17,305,3,337,0
15-08 22:09:47,34.466,6.793,57.862,1.258,0,5205688,158500,180328,2419120,15089.490,1871.721,0,2169.586,0,262.645,5421,9936,1.880,1.130,0.870,6,0,12.076,0,0,17,305,3,333,0
15-08 22:09:48,46.474,7.746,42.976,2.748,0,5203864,159376,180360,2420036,9866.544,1551.142,0,9550.718,0,837.537,8800,17820,1.880,1.130,0.870,4,0,12.993,0,0,17,305,3,342,0
15-08 22:09:49,42.765,8.253,45.766,2.001,0,5206456,155976,180400,2420804,5758.033,1620.572,16.006,14777.216,1.000,1142.403,9039,15053,1.880,1.130,0.870,4,1,12.004,0,0,17,304,3,343,0
15-08 22:09:50,27.467,4.744,64.424,1.998,0,5207292,163204,178564,2414748,17810.894,4380.809,0,6056.823,0,987.829,5011,6059,1.880,1.130,0.870,3,0,11.986,0,0,17,305,3,347,0
15-08 22:09:51,29.340,6.465,63.902,0.746,0.249,5206688,163000,178632,2415804,29362.884,10612.132,51.718,1603.257,5.967,161.121,3677,7095,1.970,1.160,0.880,4,0,11.935,0,0,17,304,3,335,0
15-08 22:09:52,30.445,5.989,60.889,0.499,0,5192216,176776,178644,2416488,30147.132,13092.172,0,1213.791,0,129.764,4179,7342,1.970,1.160,0.880,2,0,11.978,0,0,17,304,3,339,0
15-08 22:09:53,36.784,7.306,53.917,1.008,0.252,5156564,211824,178680,2417056,15092.682,1632.622,0,1632.622,0,207.605,6125,11202,1.970,1.160,0.880,7,0,12.093,0,0,17,301,3,340,0
15-08 22:09:54,43.512,9.448,43.760,1.740,0,5169004,198428,178740,2417952,25422.658,1684.766,3.978,8135.410,0.995,746.906,9655,17361,1.970,1.160,0.880,3,0,12.929,0,0,17,301,3,345,0
15-08 22:09:55,43.011,8.049,45.526,2.012,0,5178808,208716,171188,2407200,24935.383,1541.358,20.122,18351.411,2.012,1140.927,8956,15440,1.970,1.160,0.880,5,0,15.092,0,0,17,303,3,341,0
15-08 22:09:56,28.078,6.212,63.859,1.242,0,5189848,196856,171196,2408012,33435.209,4342.403,0,1769.164,0,171.947,3776,6399,2.050,1.200,0.890,2,0,18.884,0,0,17,304,3,348,0
15-08 22:09:57,33.248,5.250,59.496,0.500,0,5201196,184284,171208,2409224,47394.967,12881.176,0,1691.892,0,175.989,4604,8758,2.050,1.200,0.890,2,0,11.999,0,0,17,304,3,340,0
15-08 22:09:58,38.870,7.022,50.907,1.505,0,5208360,176200,171228,2410124,14303.211,1625.023,36.112,2672.260,2.006,325.005,6519,13990,2.050,1.200,0.890,3,1,13.040,0,0,17,305,3,346,0
15-08 22:09:59,46.417,7.025,45.665,1.505,0.251,5192488,191380,171260,2410784,29685.014,1625.861,0,3223.621,0,371.339,8184,17244,2.050,1.200,0.890,2,1,12.043,0,0,17,305,3,341,0
15-08 22:10:00,44.034,8.256,46.286,1.251,0,5199128,183784,171332,2411668,17419.640,1621.269,0,8074.322,0,619.485,8160,17449,2.050,1.200,0.890,3,0,12.009,0,0,17,305,3,346,0
15-08 22:10:01,45.874,6.981,44.128,1.995,0,5210236,171864,171356,2412456,30254.648,1507.846,0,3817.483,0,445.772,7939,17132,2.040,1.210,0.900,3,0,11.967,0,0,17,305,3,344,0
15-08 22:10:02,43.764,6.465,47.992,1.243,0,5219996,182096,171256,2394516,28725.343,4131.755,83.550,2048.968,1.989,259.602,5961,13138,2.040,1.210,0.900,2,0,12.930,0,0,17,305,3,350,0
15-08 22:10:03,29.732,4.787,63.747,0.504,0,5222748,178700,171308,2395108,23182.896,6513.827,197.541,2116.515,6.047,191.494,3636,7513,2.040,1.210,0.900,3,0,12.094,0,0,17,305,3,354,0
15-08 22:10:04,27.025,5.455,65.456,0.744,0.248,5234672,166080,171320,2395792,47848.380,8610.447,0,1285.319,0,103.143,3122,6355,2.040,1.210,0.900,3,1,11.901,0,0,17,305,3,350,0
15-08 22:10:05,28.694,5.988,64.125,0.749,0,5238104,161692,171336,2396732,28991.582,3824.557,0,5022.227,0,193.623,3872,8087,2.040,1.210,0.900,2,0,11.977,0,0,17,304,3,355,0
15-08 22:10:06,30.025,7.822,62.574,0.505,0.252,5191940,206772,171352,2397800,55203.046,13001.182,0,1384.693,0,143.314,4060,9581,2.120,1.240,0.910,5,0,15.139,0,0,17,302,3,350,0
15-08 22:10:07,41.565,5.759,51.080,0.501,0,5195340,202700,171384,2398440,23719.144,1622.541,16.025,2908.555,1.002,371.582,6451,14816,2.120,1.240,0.910,3,0,13.020,0,0,17,303,3,355,0
15-08 22:10:08,45.708,7.243,43.210,1.998,0.250,5198552,198536,171404,2399372,21332.225,1456.650,0,9215.457,0,749.305,9123,19236,2.120,1.240,0.910,6,0,15.985,0,0,17,305,3,349,0
15-08 22:10:09,45.363,8.474,44.865,0.997,0,5206656,189644,171408,2400156,25218.915,1615.127,19.940,2388.793,1.994,278.161,7683,14682,2.120,1.240,0.910,7,0,15.952,0,0,17,303,3,356,0
15-08 22:10:10,28.802,5.214,62.819,2.483,0,5213948,181772,171416,2400728,27347.451,4587.539,0,14230.408,0,1873.154,7446,6827,2.120,1.240,0.910,5,0,11.918,0,0,17,304,3,351,0
15-08 22:10:11,29.552,6.062,62.640,0.505,0,5208476,186684,171424,2401280,48923.509,13451.338,0,1580.133,0,144.475,4222,6678,2.030,1.230,0.910,2,0,12.124,0,0,17,304,3,355,0
15-08 22:10:12,41.495,7.499,49.494,1.750,0,5206632,188112,171436,2401684,13052.355,1619.796,0,3343.579,0,394.950,6880,13538,2.030,1.230,0.910,4,0,11.998,0,0,17,304,3,351,0
15-08 22:10:13,46.256,9.251,41.756,2.500,0,5205260,188556,171448,2402636,21796.943,1458.197,0,9001.215,0,802.108,8482,17622,2.030,1.230,0.910,3,0,13.002,0,0,17,305,3,355,0
15-08 22:10:14,44.911,7.196,45.656,0.993,0,5218980,174192,171452,2403276,29254.422,1607.877,3.970,3112.532,0.993,273.935,7927,16474,2.030,1.230,0.910,5,0,11.910,0,0,17,305,3,348,0
15-08 22:10:15,30.426,7.981,58.856,1.746,0.249,5228024,164500,171468,2403908,15611.907,4520.969,31.922,3196.201,0.998,328.199,5020,10421,2.030,1.230,0.910,2,0,11.971,0,0,17,304,3,354,0
15-08 22:10:16,28.543,5.258,61.843,2.504,0,5232180,159812,171468,2404440,36253.525,5269.926,0,18928.468,0,1189.789,5218,7810,2.030,1.250,0.920,2,0,12.018,0,0,17,305,3,349,0
15-08 22:10:17,34.038,5.506,59.316,0.751,0,5224400,167116,171476,2404908,56303.722,15858.667,0,1509.682,0,161.180,4023,8051,2.030,1.250,0.920,2,0,12.013,0,0,17,305,3,353,0
15-08 22:10:18,30.211,6.294,60.423,0.755,0,5185072,205388,171476,2405964,39733.939,4834.820,4.028,1478.341,1.007,135.951,4768,10690,2.030,1.250,0.920,4,0,16.113,0,0,17,301,3,351,0
15-08 22:10:19,46.637,6.698,43.660,1.736,0.248,5179260,210412,171488,2406740,26341.902,1607.484,31.753,3893.684,0.992,482.245,8890,16615,2.030,1.250,0.920,3,0,15.876,0,0,17,305,3,356,0
15-08 22:10:20,46.135,7.059,43.362,2.521,0,5186020,203108,171504,2407268,19110.458,1544.891,0,12088.870,0,689.755,8059,15598,2.030,1.250,0.920,3,0,12.101,0,0,17,305,3,350,0
15-08 22:10:21,45.067,7.470,45.565,0.996,0.249,5193916,194300,171536,2408148,19514.848,1770.818,19.919,2808.608,1.992,268.909,6912,14463,2.030,1.260,0.920,3,0,15.935,0,0,17,306,3,354,0
15-08 22:10:22,47.090,7.514,43.584,1.503,0,5185796,201496,171556,2409052,18669.865,1623.118,0,4188.045,0,479.922,7715,17677,2.030,1.260,0.920,3,0,13.025,0,0,17,305,3,349,0
15-08 22:10:23,48.346,9.018,40.330,1.002,0.250,5206232,200092,171444,2391520,25471.459,1697.362,48.095,2284.526,12.024,224.445,7231,15888,2.030,1.260,0.920,3,0,46.091,0,0,17,305,3,356,0
15-08 22:10:24,43.495,7.749,45.245,2.750,0,5197516,207712,171468,2392592,14507.448,1619.827,259.972,8463.094,4.999,743.920,8502,16963,2.030,1.260,0.920,3,0,11.999,0,0,17,305,3,350,0
15-08 22:10:25,46.491,7.249,46.241,0.500,0,5199264,205116,171480,2393428,26735.573,1553.685,0,2631.466,0,196.960,6962,13295,2.030,1.260,0.920,4,0,11.998,0,0,17,306,3,361,0
15-08 22:10:26,46.512,7.002,44.762,1.000,0,5208876,194652,171508,2394252,29657.741,1620.423,8.002,3244.847,2.001,410.107,7978,15074,2.100,1.290,0.930,3,0,12.003,0,0,17,305,3,362,0
15-08 22:10:27,44.089,6.227,46.082,1.744,0,5200624,202168,171512,2394984,10429.028,1634.050,0,2781.871,0,311.865,7647,15182,2.100,1.290,0.930,3,0,11.956,0,0,17,305,3,370,0
15-08 22:10:28,37.375,8.529,52.175,1.003,0.251,5211824,190192,171524,2395748,25690.010,4210.095,0,2432.143,0,232.779,6335,12653,2.100,1.290,0.930,2,0,13.044,0,0,17,305,3,361,0
15-08 22:10:29,34.705,5.701,55.527,1.735,0,5209900,191508,171540,2396340,32299.038,4332.121,0,6691.039,0,499.746,5496,10729,2.100,1.290,0.930,2,0,11.899,0,0,17,305,3,370,0
15-08 22:10:30,27.058,7.516,63.637,0.501,0,5220348,180624,171544,2396772,26655.229,1797.860,0,1579.391,0,141.303,3408,7120,2.100,1.290,0.930,4,0,12.026,0,0,17,305,3,359,0
15-08 22:10:31,27.491,5.248,64.479,1.500,0,5234348,166072,171552,2397316,26957.374,4367.602,0,13771.593,0,1892.394,6053,6727,2.100,1.300,0.940,2,0,12.996,0,0,17,304,3,365,0
15-08 22:10:32,33.241,5.499,59.235,0.500,0,5225400,173728,171560,2398600,37470.220,4186.907,0,1627.575,0,199.948,4479,9131,2.100,1.300,0.940,4,0,11.997,0,0,17,304,3,355,0
15-08 22:10:33,35.996,6.999,57.244,0.500,0,5243100,155216,171560,2399412,72728.582,19229.039,0,1807.816,0,209.979,4765,8775,2.100,1.300,0.940,3,0,11.999,0,0,17,306,3,360,0
15-08 22:10:34,30.965,5.035,62.685,0.503,0,5238144,161200,171552,2398392,31528.873,10816.085,0,1405.759,0,147.021,3695,7963,2.100,1.300,0.940,2,0,12.084,0,0,17,305,3,343,0
15-08 22:10:35,27.759,5.252,65.522,0.500,0,5243084,155448,171552,2399204,41478.895,9471.173,0,4889.638,0,159.053,3849,5918,2.100,1.300,0.940,4,0,12.004,0,0,17,305,3,347,0
15-08 22:10:36,26.751,7.183,62.171,2.229,0,5195720,201988,171556,2400024,44401.753,13351.735,31.705,18848.576,0.991,1281.077,6206,6786,2.010,1.300,0.940,2,0,12.880,0,0,17,300,3,340,0
15-08 22:10:37,45.713,7.829,44.197,2.020,0,5218352,178180,171584,2401172,29033.852,1527.459,0,4246.984,0,509.153,8614,16237,2.010,1.300,0.940,3,0,13.133,0,0,17,305,3,341,0
15-08 22:10:38,46.007,9.201,43.520,1.243,0.249,5177548,218276,171592,2401872,17024.079,1557.772,0,7536.194,0,619.727,8780,16215,2.010,1.300,0.940,5,0,13.926,0,0,17,301,3,336,0
15-08 22:10:39,46.314,7.010,44.812,1.001,0,5186392,208332,171604,2402960,5576.746,1622.253,0,3020.195,0,293.408,7491,16455,2.010,1.300,0.940,4,0,15.021,0,0,17,303,3,343,0
15-08 22:10:40,47.899,7.273,43.636,1.254,0.251,5194972,199000,171608,2403708,40046.585,5883.303,0,3113.687,0,383.192,7218,15886,2.010,1.300,0.940,4,0,15.047,0,0,17,306,3,340,0
15-08 22:10:41,27.497,5.249,65.992,0.500,0.250,5214396,198380,165324,2392024,51387.090,9472.911,0,1927.778,0,146.983,3580,6731,2.010,1.310,0.950,2,0,15.998,0,0,17,304,3,345,0
15-08 22:10:42,27.749,4.750,65.998,0.250,0,5220660,191564,165324,2392576,37185.773,4353.856,0,1755.942,0,176.994,3347,6802,2.010,1.310,0.950,2,0,12.000,0,0,17,304,3,339,0
15-08 22:10:43,32.248,7.249,58.746,0.750,0.250,5235236,176172,165328,2393388,29061.878,3669.732,19.999,2343.829,2.000,232.983,4892,10407,2.010,1.310,0.950,2,0,12.999,0,0,17,304,3,345,0
15-08 22:10:44,30.781,7.447,60.569,0.993,0,5245868,165136,165336,2393784,33025.093,8069.601,0,7311.990,0,501.433,5202,8879,2.010,1.310,0.950,2,0,11.915,0,0,17,305,3,339,0
15-08 22:10:45,31.983,6.247,60.467,0.250,0,5247004,163528,165340,2394252,38992.983,6445.526,0,1255.323,0,101.945,3914,8430,2.010,1.310,0.950,6,1,11.994,0,0,17,305,3,344,0
15-08 22:10:46,45.224,7.537,44.973,1.256,0,5246276,163368,165364,2395116,13223.523,1519.529,0,4204.835,0,438.171,7138,16304,2.170,1.350,0.960,4,0,12.060,0,0,17,305,3,349,0
15-08 22:10:47,46.878,6.267,45.625,1.003,0,5246636,162336,165380,2395772,27173.428,1851.070,0,3625.931,0,397.088,7642,16482,2.170,1.350,0.960,4,0,12.033,0,0,17,305,4,342,0
15-08 22:10:48,39.280,5.469,53.700,0.746,0,5224008,184252,165412,2396452,26548.488,4506.789,0,2490.071,0,262.531,6312,13154,2.170,1.350,0.960,2,0,12.928,0,0,17,304,4,348,0
15-08 22:10:49,30.897,8.038,60.790,0.251,0,5210456,216508,164576,2379836,36946.308,8107.690,16.077,1897.053,4.019,174.834,4832,9474,2.170,1.350,0.960,2,0,15.072,0,0,17,303,4,339,0
15-08 22:10:50,31.769,6.453,59.816,1.737,0,5207480,211204,164580,2388112,39575.641,6475.978,0,15880.690,0,2186.127,7623,9722,2.170,1.350,0.960,4,1,15.885,0,0,17,305,4,345,0
15-08 22:10:51,48.681,8.030,41.906,1.506,0,5213432,204504,164612,2388828,14589.155,1700.312,0,20700.842,0,1126.180,9074,17749,2.150,1.360,0.970,3,0,11.041,0,0,17,303,4,335,0
15-08 22:10:52,40.243,7.999,50.741,0.750,0,5221172,195840,164612,2389752,25027.545,4405.216,0,2927.479,0,265.953,6319,11252,2.150,1.360,0.970,3,0,11.998,0,0,17,302,4,341,0
15-08 22:10:53,29.377,5.022,64.026,1.004,0,5223188,193148,164628,2390412,27635.191,4237.275,0,2076.958,0,205.888,3630,6904,2.150,1.360,0.970,2,0,18.078,0,0,17,304,4,335,0
15-08 22:10:54,27.515,5.949,65.689,0.496,0.248,5237148,178816,164628,2390784,28302.411,4075.214,0,1523.000,0,118.984,2877,5749,2.150,1.360,0.970,6,0,12.890,0,0,17,305,4,339,0
15-08 22:10:55,24.107,5.776,68.804,0.251,0,5222560,214452,164500,2370864,26583.499,1876.293,0,871.854,0,62.275,2422,5074,2.150,1.360,0.970,3,0,12.053,0,0,17,305,4,329,0
15-08 22:10:56,30.884,6.779,61.516,0.753,0.251,5234108,202208,164520,2371540,50737.338,14234.536,16.069,2173.396,1.004,232.003,4714,8122,2.380,1.420,0.990,3,0,13.056,0,0,17,305,4,334,0
15-08 22:10:57,33.976,6.995,56.960,1.249,0,5247468,187644,164536,2372728,38583.606,7769.484,0,6559.343,0,519.631,6434,10415,2.380,1.420,0.990,3,0,11.991,0,0,17,304,4,328,0
15-08 22:10:58,27.014,5.700,65.181,0.248,0,5254384,180044,164536,2373412,18617.543,4138.884,15.862,1312.547,0.991,131.849,3740,6350,2.380,1.420,0.990,2,0,12.888,0,0,17,304,4,333,0
15-08 22:10:59,32.024,6.505,60.546,0.751,0,5242328,191164,164560,2374324,25216.190,4269.249,0,1561.188,0,161.123,4067,7639,2.380,1.420,0.990,2,0,12.009,0,0,17,304,4,328,0
15-08 22:11:00,29.484,5.247,64.464,0.250,0,5224116,208868,164568,2374824,20465.662,3829.878,0,1163.356,0,98.945,3699,8858,2.380,1.420,0.990,5,0,13.992,0,0,17,301,4,334,0
15-08 22:11:01,26.753,5.552,66.377,0.252,0.252,5233904,198408,164572,2375492,62295.254,17952.526,0,928.770,0,60.572,2964,6527,2.430,1.450,1,2,0,16.153,0,0,17,303,3,330,0
15-08 22:11:02,24.807,6.202,69.211,0,0.248,5225548,206504,164584,2375740,35600.953,6032.059,0,773.977,0,57.552,2641,5373,2.430,1.450,1,4,0,16.869,0,0,17,307,3,334,0
15-08 22:11:03,27.002,6.000,65.505,0.750,0,5247368,183924,164588,2376496,36218.499,15816.091,0,1128.078,0,87.006,3421,6929,2.430,1.450,1,3,0,12.001,0,0,17,306,3,328,0
15-08 22:11:04,32.718,6.993,58.693,0.250,0,5230900,199812,164588,2377076,134382.590,30403.721,0,1734.330,0,181.825,4937,8939,2.430,1.450,1,2,0,12.987,0,0,17,304,3,332,0
15-08 22:11:05,40.790,7.257,49.298,1.001,0,5245904,184420,164596,2377456,32637.855,1653.614,16.016,2270.216,1.001,269.263,6811,14289,2.430,1.450,1,4,0,12.012,0,0,17,305,3,323,0
15-08 22:11:06,40.197,6.242,52.931,1.498,0,5249044,180304,164616,2378412,30877.489,4436.180,0,7282.445,0,422.446,6500,13734,2.480,1.480,1.010,2,0,11.984,0,0,17,304,3,328,0
15-08 22:11:07,35.387,6.776,56.971,0.502,0,5244752,184124,164624,2378876,20622.831,2967.487,0,7203.886,0,488.893,5381,10301,2.480,1.480,1.010,5,0,12.047,0,0,17,305,3,324,0
15-08 22:11:08,25.334,6.271,65.970,0.502,0,5199840,228220,164628,2379688,46680.493,12018.032,0,1216.051,0,98.328,3914,9060,2.480,1.480,1.010,2,0,16.053,0,0,17,300,3,331,0
15-08 22:11:09,46.661,6.488,44.665,1.248,0.250,5213272,212604,164640,2381860,21138.836,1616.928,0,2982.334,0,347.340,8393,15669,2.480,1.480,1.010,3,0,12.975,0,0,17,303,3,325,0
15-08 22:11:10,45.171,6.776,45.673,0.753,0,5202924,222100,164648,2382704,10311.048,1517.748,0,2674.127,0,241.916,7201,14074,2.480,1.480,1.010,4,0,15.057,0,0,17,306,3,330,0
15-08 22:11:11,31.014,6.203,61.036,0.992,0,5221772,202668,164648,2383288,32568.577,4331.097,0,2429.543,0,227.273,4571,7998,2.440,1.490,1.020,2,0,15.879,0,0,17,304,3,325,0
15-08 22:11:12,31.471,6.798,60.927,0.504,0,5227128,196800,164656,2383792,25117.071,1631.436,0,19222.751,0,238.673,5149,7719,2.440,1.490,1.020,2,0,12.085,0,0,17,305,3,329,0
15-08 22:11:13,30.794,6.209,59.602,1.242,0.248,5218924,203268,164672,2385512,57255.419,12742.852,0,6973.404,0,535.422,5757,9726,2.440,1.490,1.020,2,0,11.920,0,0,17,304,3,323,0
15-08 22:11:14,32.157,6.030,60.546,0.502,0.251,5234084,187572,164676,2386044,20739.520,4386.472,0,1402.867,0,138.679,3742,6881,2.440,1.490,1.020,2,0,13.064,0,0,17,304,3,330,0
15-08 22:11:15,32.823,6.013,60.885,0.251,0.251,5240720,180384,164680,2386592,11170.721,3666.113,0,1050.324,0,86.191,3143,5681,2.440,1.490,1.020,3,0,12.027,0,0,17,306,3,325,0
15-08 22:11:16,46.736,7.498,43.737,1.250,0,5237112,183316,164700,2387248,49654.451,10840.824,0,3458.987,0,413.879,7773,17041,2.400,1.490,1.020,3,0,11.996,0,0,17,305,3,330,0
15-08 22:11:17,45.460,8.243,44.211,1.748,0.500,5250352,168904,164716,2388404,29123.430,1510.674,0,4747.831,0,556.511,7813,17954,2.400,1.490,1.020,3,0,11.989,0,0,17,305,3,328,0
15-08 22:11:18,44.670,8.438,45.663,0.744,0,5249936,168664,164744,2389032,23413.971,1608.116,3.971,2243.421,0.993,191.584,6644,15576,2.400,1.490,1.020,3,0,12.905,0,0,17,305,3,339,0
15-08 22:11:19,35.305,5.800,56.992,1.765,0,5248416,169496,164764,2389700,32912.330,4481.718,16.139,3534.535,1.009,348.006,5262,11699,2.400,1.490,1.020,2,0,12.105,0,0,17,304,3,338,0
15-08 22:11:20,32.265,5.957,59.567,1.489,0,5250848,166656,164772,2390100,25781.440,1649.996,0,15050.508,0,746.569,5437,10626,2.400,1.490,1.020,2,0,13.899,0,0,17,305,3,344,0
15-08 22:11:21,31.397,7.786,59.277,1.005,0,5216288,200524,164796,2390768,52221.239,12689.348,0,3516.446,0,310.452,4836,8476,2.290,1.490,1.020,4,0,12.056,0,0,17,305,3,339,0
15-08 22:11:22,31.851,5.723,60.467,0.747,0,5229392,186296,164800,2391888,18444.734,4415.349,0,8870.513,0,435.961,4883,8292,2.290,1.490,1.020,3,0,15.926,0,0,17,303,3,349,0
15-08 22:11:23,32.671,7.288,58.807,0.503,0.251,5207920,220516,164748,2379688,25695.129,3743.541,0,1560.144,0,138.724,4447,11917,2.290,1.490,1.020,2,0,53.278,0,0,17,305,3,346,0
15-08 22:11:24,26.059,6.515,65.647,0.251,0.251,5213616,214344,164752,2380228,56264.313,11211.169,4.009,1222.745,1.002,117.263,3360,5314,2.290,1.490,1.020,3,0,12.027,0,0,17,305,3,350,0
15-08 22:11:25,46.235,8.497,43.236,1.999,0,5225104,202064,164764,2381008,26716.451,1693.458,15.995,3079.015,1.000,362.884,7572,14992,2.290,1.490,1.020,3,1,11.996,0,0,17,305,3,335,0
15-08 22:11:26,45.237,7.748,44.487,1.750,0.250,5223972,202372,164780,2381816,14247.954,1511.571,0,8453.599,0,783.777,8833,16544,2.270,1.490,1.030,4,0,11.997,0,0,17,305,3,340,0
15-08 22:11:27,45.035,6.755,46.286,0.500,0,5227932,197684,164780,2382544,13767.725,1567.221,0,3398.648,0,271.211,6877,13136,2.270,1.490,1.030,5,0,12.009,0,0,17,305,3,326,0
15-08 22:11:28,35.905,7.181,53.982,0.743,0,5243056,181880,164792,2383212,31955.388,4220.504,0,2353.419,0,255.548,5768,11094,2.270,1.490,1.030,2,0,13.867,0,0,17,304,3,334,0
15-08 22:11:29,32.841,5.766,60.167,1.003,0,5242760,181920,164792,2383468,28690.674,1624.511,0,1604.456,0,175.487,4275,7659,2.270,1.490,1.030,4,0,12.033,0,0,17,305,3,339,0
15-08 22:11:30,33.843,7.019,57.910,0.251,0,5244416,179268,164796,2384460,51616.203,12953.687,0,1929.315,0,209.577,5686,12516,2.270,1.490,1.030,3,0,12.033,0,0,17,305,3,328,0
15-08 22:11:31,34.879,4.734,59.295,0.498,0.249,5256120,167180,164796,2384844,29962.241,4509.384,15.945,1498.810,0.997,151.475,4076,8617,2.160,1.490,1.030,6,0,11.959,0,0,17,305,3,336,0
15-08 22:11:32,28.229,5.545,64.776,1.008,0,5219368,203208,164796,2385568,37544.902,1820.787,0,1282.414,0,101.827,3395,6898,2.160,1.490,1.030,4,0,14.115,0,0,17,301,3,332,0
15-08 22:11:33,29.545,5.710,63.063,0.248,0,5224668,197040,164796,2386436,54610.874,12817.253,0,1398.318,0,131.092,3570,8527,2.160,1.490,1.030,2,0,20.856,0,0,17,304,3,338,0
15-08 22:11:34,43.218,6.533,46.484,2.261,0,5223204,197852,164816,2387068,13275.911,1628.206,0,7465.627,0,632.186,7501,16357,2.160,1.490,1.030,3,0,8.041,0,0,17,305,3,332,0
15-08 22:11:35,44.728,8.697,44.728,1.491,0,5214420,205952,164824,2387744,25762.237,1610.202,0,3689.549,0,465.169,7616,17657,2.160,1.490,1.030,5,0,8.946,0,0,17,303,3,336,0
15-08 22:11:36,41.220,6.745,49.713,1.249,0,5223924,195744,164868,2388404,34166.819,4304.827,0,3349.531,0,319.764,5822,12424,2.230,1.510,1.040,3,0,17.987,0,0,17,304,3,332,0
15-08 22:11:37,29.963,8.057,59.675,0.755,0,5221776,197368,164872,2388924,28531.113,4217.021,0,16972.830,0,552.936,4725,8928,2.230,1.510,1.040,5,1,15.108,0,0,17,305,3,338,0
15-08 22:11:38,27.272,5.254,64.802,1.501,0.250,5238408,180264,164876,2389392,32199.081,6363.154,0,3931.184,0,330.268,3542,6516,2.230,1.510,1.040,3,0,13.011,0,0,17,305,3,333,0
15-08 22:11:39,27.335,6.958,63.118,0.745,0,5235280,183148,164876,2389640,29244.044,12935.726,0,2115.201,0,193.827,3599,7428,2.230,1.510,1.040,2,0,12.922,0,0,17,304,3,338,0
15-08 22:11:40,28.913,7.040,62.855,1.006,0.251,5238972,179016,164880,2390076,63211.016,17332.896,16.091,6613.352,1.006,421.380,4585,9128,2.230,1.510,1.040,2,0,12.068,0,0,17,305,3,332,0
15-08 22:11:41,41.393,5.949,48.829,1.487,0,5230308,187120,164892,2390624,37310.347,6393.878,0,3010.050,0,318.256,6452,14677,2.130,1.500,1.040,4,0,11.897,0,0,17,305,3,336,0
15-08 22:11:42,37.831,6.305,53.468,1.009,0,5253188,163420,164912,2391424,33163.011,4407.544,0,3026.466,0,293.567,5727,11909,2.130,1.500,1.040,3,0,12.106,0,0,17,304,3,329,0
15-08 22:11:43,30.251,7.250,61.752,0.500,0,5257084,170264,164860,2381128,34028.021,8053.242,0,1580.047,0,146.004,3157,6581,2.130,1.500,1.040,2,0,12.000,0,0,17,305,3,333,0
15-08 22:11:44,31.923,5.736,61.102,0,0.249,5256996,170068,164868,2381404,39564.097,6379.536,0,1105.321,0,86.790,3577,7349,2.130,1.500,1.040,3,0,11.971,0,0,17,305,3,327,0
15-08 22:11:45,45.604,8.018,44.852,1.253,0.251,5225960,200148,164888,2382340,24687.213,1515.451,0,2830.445,0,319.728,6550,14950,2.130,1.500,1.040,3,0,12.027,0,0,17,305,3,332,0
15-08 22:11:46,30.009,6.502,62.018,1.000,0,5198836,224540,164904,2385056,9590.858,4360.299,0,2300.686,0,231.069,4577,10648,2.280,1.540,1.050,5,0,14.004,0,0,17,300,3,326,0
15-08 22:11:47,37.191,6.490,54.414,0.749,0,5216140,206312,164936,2385948,24325.347,4352.085,0,8386.674,0,613.026,5800,11051,2.280,1.540,1.050,6,0,20.967,0,0,17,306,3,335,0
15-08 22:11:48,29.656,6.480,63.549,0.249,0,5218820,203272,164936,2386308,34601.590,6112.672,0,1319.827,0,122.612,4303,6738,2.280,1.540,1.050,4,0,13.956,0,0,17,307,3,330,0
15-08 22:11:49,28.703,6.240,63.397,0.250,0,5242424,178936,164936,2387040,43950.449,10574.784,0,1257.952,0,105.828,4011,6219,2.280,1.540,1.050,3,0,12.979,0,0,17,306,3,334,0
15-08 22:11:50,27.918,6.539,64.136,0.503,0,5242564,178164,164936,2387672,48185.026,10809.060,0,1561.398,0,155.939,4330,6934,2.280,1.540,1.050,2,1,12.073,0,0,17,307,3,329,0
15-08 22:11:51,26.294,6.697,64.742,0.496,0,5250148,170232,164940,2388016,12964.192,4237.721,0,1563.720,0,164.707,4036,6935,2.180,1.540,1.050,2,0,11.906,0,0,17,306,3,335,0
15-08 22:11:52,33.748,5.000,59.246,1.000,0,5249924,169764,164940,2388708,43287.840,9346.318,0,1859.864,0,175.987,4324,7536,2.180,1.540,1.050,2,0,11.999,0,0,17,306,3,330,0
15-08 22:11:53,35.020,5.253,58.784,1.251,0,5263468,154936,164944,2389988,31921.483,4370.531,0,17514.141,0,786.455,5853,7960,2.180,1.540,1.050,2,0,12.007,0,0,17,307,3,336,0
15-08 22:11:54,30.155,5.026,63.828,0.251,0,5207584,210028,164964,2390756,15251.361,5514.333,0,1628.367,0,177.914,4406,7685,2.180,1.540,1.050,2,0,12.062,0,0,17,307,3,331,0
15-08 22:11:55,27.222,6.493,63.935,0.749,0.250,5221192,196356,164988,2390796,32566.782,11030.749,0,1638.329,0,126.871,5105,8799,2.180,1.540,1.050,8,0,16.983,0,0,17,307,3,338,0
15-08 22:11:56,25.929,6.482,66.817,0.249,0.249,5227628,189336,165004,2391380,31925.333,11837.494,0,1184.747,0,110.696,3397,5690,2.160,1.540,1.060,2,0,17.951,0,0,17,306,3,330,0
15-08 22:11:57,29.717,5.244,63.429,0.749,0,5234276,182216,165012,2391844,22927.413,12438.119,0,1526.297,0,156.825,3841,6695,2.160,1.540,1.060,3,0,11.987,0,0,17,307,3,333,0
15-08 22:11:58,44.006,7.251,46.506,2.000,0.250,5236712,178976,165016,2392644,32395.373,9227.246,0,9021.218,0,721.097,7360,17025,2.160,1.540,1.060,3,0,13.002,0,0,17,307,3,327,0
15-08 22:11:59,44.750,7.794,45.253,1.006,0,5235572,178576,165040,2394160,7824.693,1466.187,0,3101.318,0,333.864,6931,15616,2.160,1.540,1.060,4,0,13.073,0,0,17,307,3,331,0
15-08 22:12:00,39.522,7.208,50.956,0.746,0,5230712,182240,165048,2395348,16964.218,4339.984,15.908,3110.074,0.994,306.235,6157,11471,2.160,1.540,1.060,2,0,11.931,0,0,17,306,3,327,0
15-08 22:12:01,30.061,6.263,61.625,0.501,0,5239004,172748,165052,2396544,14327.156,4198.544,0,1823.711,0,166.338,3621,6733,2.070,1.530,1.060,2,0,12.024,0,0,17,307,3,333,0
15-08 22:12:02,26.388,4.775,67.603,0.251,0,5260184,161468,165008,2387124,6494.923,1803.419,0,1399.309,0,105.551,2636,4540,2.070,1.530,1.060,4,0,12.063,0,0,17,307,3,327,0
15-08 22:12:03,30.764,6.503,61.778,1.251,0,5268264,157684,164992,2382940,21036.466,6355.860,152.068,6362.863,4.002,465.209,4633,9054,2.070,1.530,1.060,2,0,12.005,0,0,17,307,3,332,0
15-08 22:12:04,42.242,6.499,49.991,0.250,0.250,5266664,158524,164992,2383700,29535.713,9104.370,0,611.890,0,25.995,3780,6286,2.070,1.530,1.060,5,0,11.998,0,0,17,307,3,327,0
15-08 22:12:05,41.375,7.680,50.046,0,0.248,5239328,185148,164992,2384412,19931.382,8054.015,0,1268.505,0,134.779,3853,7500,2.070,1.530,1.060,2,0,11.892,0,0,17,307,3,338,0
15-08 22:12:06,30.284,4.795,63.343,0.757,0,5232312,191760,164996,2384812,28636.265,10037.027,0,1493.996,0,151.418,4150,7649,1.990,1.520,1.060,2,0,14.132,0,0,17,303,3,336,0
15-08 22:12:07,28.416,5.982,64.060,0.249,0,5221384,201680,164996,2385820,33124.884,11230.735,0,1878.436,0,157.533,4056,7876,1.990,1.520,1.060,3,0,14.956,0,0,17,306,3,343,0
15-08 22:12:08,27.457,5.242,65.647,0.499,0,5235252,191920,164984,2381760,34829.109,10826.937,0,1705.312,0,179.717,3114,5946,1.990,1.520,1.060,5,0,18.970,0,0,17,307,3,337,0
15-08 22:12:09,45.019,8.254,44.769,1.251,0,5231644,194604,165000,2382668,9331.012,1620.697,16.007,3465.490,1.000,391.168,7252,16969,1.990,1.520,1.060,5,0,12.005,0,0,17,307,3,350,0
15-08 22:12:10,31.853,6.221,60.969,0.498,0,5245048,180576,165000,2383292,11158.626,4344.996,0,3026.068,0,284.689,4415,10431,1.990,1.520,1.060,2,0,11.945,0,0,17,306,3,346,0
15-08 22:12:11,39.584,6.051,53.199,0.252,0,5246264,190160,164952,2372716,13565.370,1470.397,0,1085.149,0,69.587,3945,9271,1.910,1.520,1.060,3,0,13.111,0,0,17,310,3,354,0
15-08 22:12:12,43.785,8.210,46.024,0.995,0,5263224,172520,164960,2373488,13737.480,1612.077,111.452,6109.969,6.966,436.853,5949,14926,1.910,1.520,1.060,5,0,13.932,0,0,17,312,3,380,0
15-08 22:12:13,47.216,7.534,44.453,0.251,0,5262124,172856,164960,2374252,5983.326,1627.432,0,18078.565,0,859.927,6265,10667,1.910,1.520,1.060,3,0,13.060,0,0,17,310,3,395,0
15-08 22:12:14,36.491,5.249,56.737,0.750,0,5265324,168908,164964,2374996,38844.949,12717.037,0,1611.624,0,154.964,4718,8284,1.910,1.520,1.060,2,0,11.997,0,0,17,309,3,406,0
15-08 22:12:15,37.723,7.495,52.463,0.999,0,5284856,148816,164968,2375552,8551.988,1618.862,0,2118.511,0,256.819,5222,10890,1.910,1.520,1.060,4,1,11.992,0,0,17,310,3,400,0
15-08 22:12:16,44.122,6.197,48.089,1.239,0.248,5245052,187724,164972,2376444,16900.383,4205.018,0,3212.511,0,311.336,6588,12768,2.070,1.560,1.070,2,0,11.898,0,0,17,310,3,408,0
15-08 22:12:17,29.834,6.769,62.677,0.501,0,5248576,193892,164920,2367192,15076.531,4542.815,0,2515.095,0,222.628,5095,9217,2.070,1.560,1.070,3,0,17.048,0,0,17,309,4,406,0
15-08 22:12:18,25.405,5.534,67.411,1.509,0,5242128,199664,164928,2367920,6944.368,1629.944,0,15027.684,0,832.076,4815,5681,2.070,1.560,1.070,3,1,19.117,0,0,17,310,4,411,0
15-08 22:12:19,25.754,6.001,67.510,0.500,0.250,5260368,180736,164932,2368604,19093.769,4203.610,0,1840.267,0,169.025,3648,6203,2.070,1.560,1.070,2,0,12.002,0,0,17,309,4,397,0
15-08 22:12:20,27.741,5.248,63.730,0.500,0,5259832,180652,164932,2369224,18782.159,4290.666,0,1871.418,0,184.942,3419,6046,2.070,1.560,1.070,3,0,12.996,0,0,17,309,4,401,0
15-08 22:12:21,37.784,6.712,54.687,0.497,0,5266572,173036,164936,2370096,19587.957,3957.364,0,1288.629,0,113.352,3820,8275,1.990,1.550,1.070,2,0,11.932,0,0,17,309,4,396,0
15-08 22:12:22,25.405,7.721,65.007,1.245,0,5280128,163868,164924,2365756,14294.638,3805.793,0,5419.768,0,361.650,3324,6817,1.990,1.550,1.070,4,0,11.955,0,0,17,309,4,401,0
15-08 22:12:23,27.539,6.316,65.184,0,0,5246216,197384,164928,2367696,19133.887,3739.258,0,2174.834,0,64.679,2995,8163,1.990,1.550,1.070,6,0,46.488,0,0,17,306,4,394,0
15-08 22:12:24,26.254,6.751,65.509,0.250,0.250,5249264,193556,164928,2366928,16034.309,1794.258,0,892.128,0,79.011,4246,9720,1.990,1.550,1.070,3,0,17.002,0,0,17,310,4,401,0
15-08 22:12:25,26.985,5.997,64.714,0.750,0.250,5247184,195068,164928,2367496,31715.461,12948.839,0,1383.235,0,127.929,4275,7161,1.990,1.550,1.070,2,0,17.990,0,0,17,309,4,394,0
15-08 22:12:26,45.025,7.504,45.775,1.501,0,5255980,185592,164948,2368156,6111.349,1620.888,0,2613.432,0,317.174,6391,14363,1.990,1.560,1.080,3,0,13.007,0,0,17,310,4,401,0
15-08 22:12:27,38.666,6.196,53.537,0.991,0,5267140,173616,164952,2368968,18078.781,4177.899,0,3347.078,0,314.284,5337,9882,1.990,1.560,1.080,3,0,11.897,0,0,17,309,4,398,0
15-08 22:12:28,27.198,6.238,64.128,0.749,0,5279236,171844,164908,2358840,14741.007,4286.859,111.788,2195.830,6.987,188.642,3628,7833,1.990,1.560,1.080,2,0,13.973,0,0,17,309,4,403,0
15-08 22:12:29,28.093,5.769,64.464,0.251,0,5282832,167568,164912,2359516,16913.033,3844.738,0,1629.398,0,137.455,3217,6921,1.990,1.560,1.080,2,0,12.040,0,0,17,309,4,393,0
15-08 22:12:30,32.217,6.292,61.162,0.503,0,5298256,151664,164912,2359996,14040.563,4033.163,0,1055.106,0,85.576,4000,9148,1.990,1.560,1.080,4,0,12.081,0,0,17,309,4,399,0
15-08 22:12:31,33.787,5.756,58.063,1.001,0.250,5254588,194620,164916,2360700,34634.579,10717.629,0,5525.996,0,397.431,4931,11042,1.910,1.550,1.080,5,0,14.015,0,0,17,307,3,396,0
15-08 22:12:32,46.275,8.414,43.058,0.742,0,5130644,327372,164976,2351908,10873.342,1603.533,130.658,3179.351,7.919,300.910,6166,12810,1.910,1.550,1.080,4,0,13.858,0,0,17,307,3,401,0
15-08 22:12:33,27.514,8.254,63.282,0.250,0,5053024,403948,165116,2352812,10401.180,285590.224,484.241,884.440,18.009,45.022,3242,4598,1.910,1.550,1.080,2,0,33.016,0,0,17,309,3,395,0
15-08 22:12:34,22.938,5.293,69.318,1.008,0,5062664,394032,165116,2353104,9291.094,1524.486,0,16583.821,0,1160.505,2984,3704,1.910,1.550,1.080,2,0,12.099,0,0,17,309,3,399,0
15-08 22:12:35,23.255,5.251,69.765,0.500,0,5077372,378992,165116,2353436,16181.447,1566.334,0,1824.389,0,102.022,2636,4509,1.910,1.550,1.080,2,0,12.003,0,0,17,309,3,394,0
15-08 22:12:36,22.833,6.453,69.989,0,0,5085748,370052,165116,2353996,13993.831,1608.258,0,432.840,0,25.812,2287,3912,1.840,1.540,1.080,2,0,12.906,0,0,17,309,3,398,0
15-08 22:12:37,24.938,4.534,69.273,0.252,0,5095316,360100,165116,2354380,21873.120,1523.501,0,419.164,0,37.281,2551,5509,1.840,1.540,1.080,4,0,14.106,0,0,17,309,3,392,0
15-08 22:12:38,23.579,4.468,70.241,0,0.248,5098536,356460,165120,2354796,14157.472,1554.741,0,1147.688,0,102.259,2695,4150,1.840,1.540,1.080,2,0,12.907,0,0,17,309,3,396,0
15-08 22:12:39,24.696,6.300,69.805,0,0.504,5053388,400876,165120,2355528,14432.740,1632.982,0,2947.432,0,32.256,2585,4715,1.840,1.540,1.080,4,0,14.112,0,0,17,305,3,387,0
15-08 22:12:40,23.316,5.705,70.693,0,0,5064548,389220,165120,2356024,20393.442,5688.217,0,99.219,0,4.961,2374,4246,1.840,1.540,1.080,2,0,20.836,0,0,17,310,3,393,0
15-08 22:12:41,24.156,5.284,69.700,0.252,0,5072128,381052,165120,2356612,20146.063,6436.554,0,104.676,0,3.019,2242,4972,1.770,1.530,1.080,3,0,12.078,0,0,17,309,3,388,0
15-08 22:12:42,23.018,4.754,69.553,0.500,0,5078224,374664,165120,2356904,15227.680,1621.243,0,656.504,0,61.047,2514,5656,1.770,1.530,1.080,4,0,13.010,0,0,17,309,3,392,0
15-08 22:12:43,23.329,5.708,70.482,0,0,5088412,364064,165120,2357316,10263.563,1608.180,0,103.241,0,3.971,1872,4371,1.770,1.530,1.080,2,0,11.912,0,0,17,309,3,387,0
15-08 22:12:44,23.985,3.997,70.705,0,0,5094764,357368,165120,2357660,6308.950,1511.030,0,0,0,0,1894,4484,1.770,1.530,1.080,1,0,11.992,0,0,17,309,3,391,0
15-08 22:12:45,22.958,5.739,70.621,0,0,5103656,347984,165120,2358152,13381.498,1617.039,0,135.751,0,8.984,2035,4719,1.770,1.530,1.080,2,0,11.978,0,0,17,309,3,386,0
15-08 22:12:46,23.997,5.305,69.971,0,0,5045668,405248,165120,2358876,6651.578,1582.314,0,141.458,0,10.104,2568,7016,1.710,1.520,1.080,2,0,15.156,0,0,17,307,3,392,0
15-08 22:12:47,25.056,3.721,69.463,0.248,0,5057128,393104,165120,2359560,14245.936,1607.580,0,377.087,0,32.747,2566,5802,1.710,1.520,1.080,2,0,16.870,0,0,17,309,3,384,0
15-08 22:12:48,23.249,5.750,69.747,0,0,5077152,372860,165120,2359780,9337.655,1619.940,0,823.970,0,38.999,2326,5237,1.710,1.520,1.080,2,0,15.999,0,0,17,309,3,388,0
15-08 22:12:49,22.760,7.003,69.781,0,0.250,5075936,373460,165120,2360396,5051.273,1586.714,0,416.187,0,29.013,2440,5349,1.710,1.520,1.080,2,0,13.006,0,0,17,309,3,381,0
15-08 22:12:50,25.434,4.533,70.257,0,0,5091196,357944,165120,2360652,13694.891,1577.390,0,177.280,0,16.116,2404,5189,1.710,1.520,1.080,2,0,12.087,0,0,17,309,3,385,0
15-08 22:12:51,24.009,4.950,70.295,0.495,0,5097988,350528,165120,2361276,9730.375,1603.908,0,312.861,0,22.772,2062,4716,1.650,1.510,1.080,2,0,11.881,0,0,17,309,3,379,0
15-08 22:12:52,24.299,4.008,70.141,0,0.251,5085520,362604,165120,2361668,6250.576,1515.048,0,661.331,0,47.095,2164,5150,1.650,1.510,1.080,2,0,12.024,0,0,17,309,3,383,0
15-08 22:12:53,22.682,6.805,70.062,0,0,5062112,385292,165120,2362388,13989.264,1578.669,0,233.877,0,12.097,2358,6555,1.650,1.510,1.080,2,0,15.121,0,0,17,307,3,389,0
15-08 22:12:54,23.381,4.975,70.392,0,0.249,5065592,381432,165120,2362768,15969.873,1611.812,0,0,0,0,2001,4554,1.650,1.510,1.080,1,0,15.919,0,0,17,309,3,384,0
15-08 22:12:55,22.612,5.527,71.103,0,0,5070248,376368,165124,2363172,13242.670,1519.535,0,36.179,0,1.005,2343,5189,1.650,1.510,1.080,2,0,16.080,0,0,17,309,3,388,0
15-08 22:12:56,22.099,5.711,70.766,0,0,5085832,360192,165128,2363760,12528.319,1628.860,0,0,0,0,1970,4398,1.600,1.500,1.070,2,0,12.912,0,0,17,309,3,380,0
15-08 22:12:57,24.498,5.250,69.245,0.250,0.250,5096952,348728,165140,2364092,6081.568,1661.882,0,307.978,0,32.998,2564,4561,1.600,1.500,1.070,2,0,11.999,0,0,17,309,3,384,0
15-08 22:12:58,24.233,5.246,70.450,0,0,5105720,339500,165144,2364548,14336.864,1584.879,0,415.706,0,22.984,2606,4217,1.600,1.500,1.070,2,0,12.991,0,0,17,309,3,380,0
15-08 22:12:59,23.709,5.490,69.379,0.499,0,5075304,369008,165144,2365456,9103.070,1637.135,0,399.301,0,29.948,3501,6488,1.600,1.500,1.070,2,0,14.974,0,0,17,307,3,387,0
15-08 22:13:00,23.274,5.506,69.821,0,0,5068236,375604,165148,2365924,14402.662,1621.651,0,17393.707,0,1492.519,5183,4494,1.600,1.500,1.070,3,0,16.016,0,0,17,309,3,383,0
15-08 22:13:01,23.032,5.508,70.597,0,0,5078944,364760,165148,2366060,9638.291,1588.190,0,124.171,0,6.008,2616,4105,1.550,1.490,1.070,3,0,16.022,0,0,17,309,3,387,0
15-08 22:13:02,23.742,4.998,69.475,0.250,0.250,5084560,358584,165148,2366620,12838.455,1619.427,0,3486.766,0,178.937,2881,5027,1.550,1.490,1.070,2,0,11.996,0,0,17,309,3,380,0
15-08 22:13:03,24.175,5.036,70.761,0,0,5102664,340128,165148,2366972,14494.651,2643.083,0,104.756,0,4.029,2229,3776,1.550,1.490,1.070,2,0,13.095,0,0,17,310,3,384,0
15-08 22:13:04,30.495,6.749,61.490,0.250,0,5112044,329876,165168,2367824,241413.340,12913.985,319.950,3855.399,4.999,21.997,2415,4015,1.550,1.490,1.070,2,0,30.995,0,0,17,309,3,377,0
15-08 22:13:05,34.282,8.198,56.392,0.497,0.248,5122008,317504,165180,2370220,344968.177,9237.389,1001.645,8641.172,24.842,615.097,4411,4867,1.550,1.490,1.070,3,0,44.716,0,0,17,309,3,381,0
