"pcp-dstat 5.0.3 CSV Output"
"Author:","PCP team <pcp@groups.io> and Dag Wieers <dag@wieers.com>",,,,"URL:","https://pcp.io/ and http://dag.wieers.com/home-made/dstat/"
"Host:","ubuntu",,,,"User:","ubuntu"
"Cmdline:","dstat -tcmndrylpg --tcp --output /tmp/devstack_logs/dstat-csv.log",,,,"Date:","05 Jun 2023 21:20:47 UTC"
"system","total usage",,,,,"memory usage",,,,"net/total",,"dsk/total",,"io/total",,"system",,"load avg",,,"procs",,,"paging",,"tcp sockets",,,,
"time","total usage:usr","total usage:sys","total usage:idl","total usage:wai","total usage:stl","used","free","buf","cach","net/total:recv","net/total:send","dsk/total:read","dsk/total:writ","read","writ","int","csw","1m","5m","15m","run","blk","new","in","out","lis","act","syn","tim","clo"
05-06 21:20:47,,893564,1383488,203360,5320340,,,,,,,0.690,0.530,0.280,3,0,,,,8,4,0,8,2
05-06 21:20:48,9.730,20.957,68.109,0.499,0.249,900476,1375976,203416,5320440,116115.454,6917.729,0,2550.738,0,26.944,3061,5063,0.690,0.530,0.280,2,0,355.267,0,0,8,4,0,8,2
05-06 21:20:49,13.249,18.998,66.243,0.250,0,900100,1375784,203472,5320932,212144.149,9990.971,0,583.940,0,13.999,2679,3767,0.690,0.530,0.280,2,0,318.967,0,0,8,4,0,8,2
05-06 21:20:50,18.261,17.260,63.788,0.250,0.250,879052,1396240,203532,5321620,223276.519,10081.028,0,604.361,0,13.008,3639,5724,0.720,0.540,0.290,1,0,207.124,0,0,8,4,0,7,2
05-06 21:20:51,23.225,18.980,58.188,0,0,1024644,1250292,203588,5446512,142967.881,8937.428,0,499.465,0,10.988,5276,9317,0.720,0.540,0.290,0,0,162.826,0,0,9,4,0,7,2
05-06 21:20:52,20.276,9.012,69.590,0.751,0.501,1033848,1239784,203612,5447640,125904.676,7554.821,0,10169.220,0,42.055,2021,2447,0.720,0.540,0.290,1,0,105.137,0,0,9,6,0,7,2
05-06 21:20:53,17.481,10.739,69.926,0.749,0.250,1052108,1221160,203684,5447928,157900.625,20034.763,0,675.284,0,28.969,2354,3414,0.720,0.540,0.290,1,0,181.807,0,0,9,6,0,9,2
05-06 21:20:54,25.751,2.750,70.003,1.000,0,1104864,1167036,203856,5449112,56611.151,6040.230,44.002,1308.050,6.000,21.001,1089,1260,0.720,0.540,0.290,1,0,0,0,0,9,6,0,9,2
05-06 21:20:55,22.999,2.500,70.248,3.000,0,1111476,1159616,204004,5449660,72454.826,15605.532,0,2459.926,0,106.997,1927,2799,0.740,0.540,0.290,0,1,1.000,0,0,9,8,0,9,2
05-06 21:20:56,9.995,3.498,63.221,20.990,0.250,1118972,1148884,204328,5452436,71433.141,11534.694,0,12578.214,0,920.577,6130,11192,0.740,0.540,0.290,0,2,8.996,0,0,9,8,0,9,2
05-06 21:20:57,13.753,3.501,61.262,20.004,0.500,1124280,1141324,204716,5454244,62611.834,11976.264,0,8705.645,0,784.148,5982,10245,0.740,0.540,0.290,0,1,9.002,0,0,9,8,0,9,2
05-06 21:20:58,9.754,5.002,60.776,23.010,0,1125236,1138552,205052,5455680,60891.000,11014.703,0,18347.835,0,1293.552,7574,12589,0.740,0.540,0.290,2,2,21.009,0,0,9,8,0,9,2
05-06 21:20:59,12.757,4.252,55.279,25.263,0.250,1126888,1134920,205408,5457256,141106.363,13068.887,0,19002.014,0,1312.692,7617,12913,0.740,0.540,0.290,2,1,16.008,0,0,9,8,0,9,2
05-06 21:21:00,9.261,3.504,65.578,20.274,0,1127636,1131132,205580,5460032,656660.486,23367.667,0,9423.157,0,744.882,6495,10521,1,0.600,0.310,1,1,4.005,0,0,9,8,0,9,2
05-06 21:21:01,20.965,3.744,60.149,13.727,0,1035768,1220324,205784,5462364,942458.669,31420.214,0,15474.004,0,1015.294,6916,10438,1,0.600,0.310,1,0,20.965,0,0,9,6,0,9,2
05-06 21:21:02,26.498,6.750,64.746,0.500,0.500,1091440,1163832,205816,5463152,532594.512,18696.859,0,34037.924,0,143.991,2165,2208,1,0.600,0.310,1,0,68.996,0,0,9,6,0,9,2
05-06 21:21:03,26.492,2.999,69.979,0.250,0,1128188,1126776,205868,5463384,175950.039,8814.347,0,1651.503,0,9.997,1282,1366,1,0.600,0.310,3,0,1.000,0,0,9,6,0,9,2
05-06 21:21:04,27.297,3.506,68.116,1.002,0.501,1065684,1188880,205964,5463652,76730.209,6786.605,0,3942.742,0,212.363,1777,2497,1,0.600,0.310,3,0,11.019,0,0,9,6,0,9,2
05-06 21:21:05,23.718,3.745,71.154,0,0,1118920,1135332,206020,5463908,185798.729,9218.583,0,487.344,0,18.974,1406,1422,1,0.610,0.320,2,0,0.999,0,0,9,6,0,9,2
05-06 21:21:06,29.529,5.255,64.813,0.500,0,1049856,1202988,206156,5465148,217266.880,8392.107,0,620.599,0,9.009,1649,1887,1,0.610,0.320,2,0,62.060,0,0,9,6,0,9,2
05-06 21:21:07,15.993,18.992,63.973,0,0,1039208,1211916,206192,5466540,428981.686,13587.321,0,1627.320,0,9.996,3146,4562,1,0.610,0.320,1,0,367.846,0,0,9,6,0,9,2
05-06 21:21:08,23.753,20.752,54.506,0.250,0.250,1041344,1203380,206460,5471676,484940.374,13624.471,0,1012.109,0,12.001,3507,5482,1,0.610,0.320,2,0,284.031,0,0,9,6,0,9,2
05-06 21:21:09,38.007,17.503,44.008,0,0,1115220,1129220,206512,5472244,109777.211,8758.533,0,936.164,0,10.002,3652,5624,1,0.610,0.320,3,0,184.032,0,0,9,7,0,9,2
05-06 21:21:10,48.752,5.750,44.752,0,0.250,1204240,1038548,206564,5473728,743864.986,23173.996,0,608.026,0,6.000,2301,1948,1.080,0.630,0.320,3,0,2.000,0,0,9,7,0,9,2
05-06 21:21:11,49.510,4.001,45.759,0.500,0.500,1246568,994728,206664,5474892,264163.248,11651.260,0,1332.258,0,12.002,1721,1494,1.080,0.630,0.320,3,0,0,0,0,9,7,0,9,2
05-06 21:21:12,37.929,13.225,48.908,0.250,0,1269348,969536,206784,5476708,92885.097,7440.989,0,870.361,0,13.974,2639,6601,1.080,0.630,0.320,3,0,140.735,0,0,9,6,0,9,2
05-06 21:21:13,26.306,2.505,68.395,1.002,0,1327492,910772,206828,5477128,125366.149,7497.858,0,9724.567,0,308.653,1729,1593,1.080,0.630,0.320,2,0,3.006,0,0,9,6,0,9,2
05-06 21:21:14,30.760,2.001,67.021,0.500,0.250,1360576,877444,206852,5477404,107651.125,7744.455,0,300.095,0,6.002,1315,1277,1.080,0.630,0.320,3,0,0,0,0,9,6,0,9,2
05-06 21:21:15,26.693,3.493,66.858,2.245,0,1377364,860268,206972,5477660,164627.319,69620.544,0,1520.779,0,172.634,2959,5124,1.160,0.650,0.330,2,0,1.996,0,0,9,12,0,9,2
05-06 21:21:16,29.505,6.751,62.010,0.500,0,1297912,939148,207088,5478064,143751.006,7595.268,0,2704.452,0,149.025,1960,2643,1.160,0.650,0.330,1,0,47.008,0,0,9,6,0,11,2
05-06 21:21:17,31.286,4.005,63.323,1.502,0.250,1329292,907252,207132,5478400,165195.967,84180.312,56.065,1425.648,14.016,25.029,1831,2452,1.160,0.650,0.330,3,0,3.003,0,0,9,18,0,11,2
05-06 21:21:18,16.481,1.998,59.681,20.476,0,1338692,896804,207232,5479156,41360.270,16791.622,215.751,18822.279,53.938,469.458,2015,2513,1.160,0.650,0.330,3,0,2.997,0,0,9,29,0,11,2
05-06 21:21:19,42.013,9.753,47.515,0,0.250,1320832,910284,207572,5482320,41765.365,34654.089,0,36.012,0,6.002,2324,3477,1.160,0.650,0.330,2,0,53.017,0,0,9,32,0,9,2
05-06 21:21:20,44.523,6.503,48.775,0,0.250,1342492,884552,207680,5485708,69624.578,60634.984,0,1204.616,0,21.011,1621,1943,1.220,0.680,0.340,3,0,1.001,0,0,9,32,0,9,2
05-06 21:21:21,53.047,15.764,28.776,2.752,0.250,1366720,840052,208200,5503876,18565.616,1567.403,0,2886.583,0,117.105,1964,2903,1.220,0.680,0.340,4,0,159.142,0,0,9,32,0,8,2
05-06 21:21:22,62.138,12.228,24.456,0.998,0,1420900,770200,209304,5516072,390585.384,384207.889,0,3405.856,0,129.766,3207,6910,1.220,0.680,0.340,6,0,1.996,0,0,9,38,0,9,2
05-06 21:21:23,71.363,16.025,11.518,0.501,0,1373584,791376,209944,5539516,325730.586,318119.492,0,3854.124,0,106.169,3909,8097,1.220,0.680,0.340,6,0,341.543,0,0,9,36,0,9,2
05-06 21:21:24,84.518,14.503,0.500,0,0,1527244,630820,210436,5544692,110658.128,103668.667,0,1856.388,0,60.013,2517,3769,1.220,0.680,0.340,7,0,155.032,0,0,9,37,0,9,2
05-06 21:21:25,82.010,15.752,1.250,0,0.250,1506024,651796,210468,5544880,791167.314,781154.082,0,680.084,0,64.008,5101,12656,1.610,0.770,0.370,8,0,181.022,0,0,9,37,0,9,2
05-06 21:21:26,70.119,11.978,18.216,0.250,0,1392928,785452,210508,5525204,265871.618,259610.308,0,1357.466,0,48.909,3464,6192,1.610,0.770,0.370,4,0,117.780,0,0,9,34,0,9,0
05-06 21:21:27,43.751,13.250,41.251,0,0,1307272,870392,210528,5525892,161398.228,156216.124,0,752.015,0,36.001,10635,21287,1.610,0.770,0.370,3,0,129.003,0,0,9,34,0,9,0
05-06 21:21:28,45.752,5.250,49.002,0.250,0.500,1329596,847940,210540,5526008,24978.224,17942.879,0,2704.133,0,55.003,1380,1547,1.610,0.770,0.370,3,0,0,0,0,9,35,0,9,0
05-06 21:21:29,43.559,10.264,44.810,0.501,0,1307992,869492,210576,5526024,201615.980,194154.915,0,716.967,0,30.041,10996,21752,1.610,0.770,0.370,3,0,85.115,0,0,9,34,0,10,0
05-06 21:21:30,43.451,6.992,48.695,0.250,0,1305664,871676,210580,5526164,9285.452,1618.162,0,271.691,0,9.989,1286,1370,1.640,0.790,0.380,2,0,3.995,0,0,9,34,0,10,0
05-06 21:21:31,40.540,10.510,48.297,0.250,0,1257036,920344,210620,5526084,215143.626,206311.979,0,464.455,0,32.031,2532,4758,1.640,0.790,0.380,2,0,91.089,0,0,9,34,0,10,0
05-06 21:21:32,33.265,21.009,44.770,0.250,0.250,1256316,921036,210624,5526108,18527.319,1620.728,0,256.115,0,12.005,2638,4162,1.640,0.790,0.380,4,0,462.208,0,0,9,34,0,10,0
05-06 21:21:33,69.004,25.251,4.750,0,0,1367644,809656,210632,5526148,10828.639,2762.163,0,292.017,0,21.001,2735,9056,1.640,0.790,0.380,5,0,589.035,0,0,9,34,0,11,0
05-06 21:21:34,87.747,11.250,0.500,0,0,1524288,652840,210672,5526276,514895.494,507299.752,0,959.967,0,65.998,3810,8041,1.640,0.790,0.380,4,0,1.000,0,0,9,37,0,10,0
05-06 21:21:35,84.563,11.008,3.252,0,0.500,1344776,831904,210752,5526628,1341160.824,1331717.798,0,912.679,0,110.082,6702,16850,1.750,0.820,0.400,6,0,100.074,0,0,9,35,0,11,0
05-06 21:21:36,81.441,17.487,0.500,0,0,1463660,712912,210780,5526704,335905.461,326954.977,0,487.645,0,37.972,3479,7106,1.750,0.820,0.400,6,0,219.840,0,0,9,35,0,11,0
05-06 21:21:37,85.877,11.983,2.496,0,0.499,1580388,595660,210804,5527160,968890.580,961050.814,0,431.382,0,36.947,6145,13476,1.750,0.820,0.400,8,0,0.999,0,0,9,37,0,11,0
05-06 21:21:38,67.835,12.766,16.270,0,0,1415104,760776,210840,5527264,1284080.521,1274618.646,0,1746.191,0,89.112,7190,17131,1.750,0.820,0.400,3,0,150.188,0,0,9,37,0,13,0
05-06 21:21:39,49.925,9.985,39.191,0.250,0,1280572,895228,210848,5527332,393768.984,384858.403,0,435.344,0,48.926,3834,8509,1.750,0.820,0.400,3,0,153.768,0,0,9,34,0,14,0
05-06 21:21:40,45.745,4.749,49.244,0,0,1350968,824824,210852,5527336,109842.368,101510.326,0,207.976,0,8.999,1709,2494,1.770,0.840,0.410,3,0,0,0,0,9,34,0,15,0
05-06 21:21:41,44.061,11.516,43.560,0.250,0,1296108,879472,210892,5527500,630583.052,622673.176,0,436.600,0,45.062,5178,11074,1.770,0.840,0.410,6,0,214.295,0,0,9,35,0,15,0
05-06 21:21:42,67.732,14.496,17.745,0,0.250,1378220,797308,210892,5527552,54153.487,44439.090,0,271.927,0,13.996,2040,2979,1.770,0.840,0.410,5,0,167.955,0,0,9,34,0,12,0
05-06 21:21:43,57.627,8.482,31.932,1.247,0.249,1415012,759728,210904,5528424,806826.777,797382.008,0,7855.174,0,409.124,5987,11096,1.770,0.840,0.410,3,0,0,0,0,9,36,0,15,0
05-06 21:21:44,74.208,18.051,7.521,0,0,1377820,796684,210912,5528640,259516.945,249238.113,0,517.451,0,42.118,3384,6705,1.770,0.840,0.410,5,0,265.745,0,0,9,34,0,16,0
05-06 21:21:45,79.366,7.737,12.729,0,0.250,1478820,695324,210936,5528972,711130.168,700142.660,0,471.207,0,44.924,4905,9785,1.950,0.900,0.430,4,0,0,0,0,9,38,0,17,0
05-06 21:21:46,68.844,14.019,15.771,0.250,0,1419784,754172,210944,5529148,1065866.645,1055747.873,0,1614.197,0,123.168,5703,14413,1.950,0.900,0.430,6,0,229.312,0,0,9,34,0,18,0
05-06 21:21:47,69.006,12.251,18.252,0,0,1414536,759348,210952,5529188,111435.695,103327.990,0,160.014,0,10.001,1978,3112,1.950,0.900,0.430,6,0,100.009,0,0,9,35,0,18,0
05-06 21:21:48,54.979,13.495,28.989,1.499,0.250,1297992,875652,210960,5529416,1068821.054,1059500.568,0,6061.715,0,123.953,6223,14207,1.950,0.900,0.430,5,0,185.930,0,0,9,35,0,19,0
05-06 21:21:49,70.531,10.755,19.008,0,0,1391312,782312,210960,5529436,40753.850,32192.100,0,208.091,0,13.006,2033,2794,1.950,0.900,0.430,3,0,121.053,0,0,9,34,0,19,0
05-06 21:21:50,61.002,6.250,31.751,0.250,0,1356740,816636,210976,5529648,934361.768,927033.519,0,536.018,0,51.002,6052,13621,2.110,0.950,0.440,5,0,10.000,0,0,9,35,0,20,0
05-06 21:21:51,69.393,13.479,16.225,0,0.250,1345540,827656,210984,5529812,206416.499,188898.530,0,307.525,0,19.969,2970,5469,2.110,0.950,0.440,4,0,281.566,0,0,9,34,0,20,0
05-06 21:21:52,66.821,8.259,24.276,0.250,0,1418904,754228,210996,5529856,608325.608,598975.716,0,472.500,0,41.043,3945,8067,2.110,0.950,0.440,4,0,0,0,0,9,36,0,21,0
05-06 21:21:53,62.288,13.008,23.515,0.500,0.500,1346428,826460,211016,5530028,301257.876,291998.163,0,20256.498,0,132.081,3505,6129,2.110,0.950,0.440,4,1,117.072,0,0,9,34,0,21,0
05-06 21:21:54,64.969,9.246,24.988,0.750,0,1418192,754612,211056,5530072,487763.337,478403.801,0,39365.223,0,165.921,3950,6872,2.110,0.950,0.440,4,1,0,0,0,9,35,0,20,0
05-06 21:21:55,72.018,18.005,7.752,0,0,1349620,822944,211084,5530272,447979.443,435933.419,0,584.147,0,48.012,4588,9473,2.420,1.030,0.470,7,0,379.095,0,0,9,34,0,20,0
05-06 21:21:56,85.765,13.752,0.250,0,0,1515400,657120,211088,5530308,233052.017,224787.563,0,364.064,0,28.005,2889,5033,2.420,1.030,0.470,6,0,147.026,0,0,9,35,0,20,0
05-06 21:21:57,82.745,15.249,2.000,0,0,1389796,782268,211132,5530704,611403.761,604245.162,0,615.966,0,53.997,5393,11130,2.420,1.030,0.470,8,0,211.988,0,0,9,35,0,20,0
05-06 21:21:58,86.215,13.994,0,0,0.250,1500612,671380,211152,5530752,154506.425,147533.249,0,391.841,0,27.989,2813,4752,2.420,1.030,0.470,8,0,214.913,0,0,9,35,0,20,0
05-06 21:21:59,81.863,14.681,2.737,0,0,1457616,713876,211176,5531220,1224266.565,1216262.377,0,6107.150,0,85.596,5622,16632,2.420,1.030,0.470,7,0,184.130,0,0,9,36,0,20,0
05-06 21:22:00,69.109,21.110,8.042,0.251,0.251,1360952,810336,211212,5531380,1102089.641,1095098.370,0,647.358,0,40.209,6200,16590,2.790,1.130,0.510,5,0,483.508,0,0,9,34,0,21,0
05-06 21:22:01,37.227,22.486,38.726,0,0.500,1291260,879960,211224,5531432,541758.611,531228.013,0,399.757,0,19.988,5545,11121,2.790,1.130,0.510,3,0,558.660,0,0,9,34,0,21,0
05-06 21:22:02,12.743,21.739,63.967,0,0,1224752,946308,211228,5531588,8667.467,1619.153,0,159.916,0,8.995,2662,4024,2.790,1.130,0.510,2,0,432.774,0,0,9,34,0,21,0
05-06 21:22:03,50.555,30.533,19.521,0,0,1330412,840596,211228,5531620,8882.655,1621.763,0,196.213,0,22.024,2653,6139,2.790,1.130,0.510,7,0,822.894,0,0,9,34,0,21,0
05-06 21:22:04,84.258,14.751,0.250,0,0,1487492,683484,211228,5531652,216441.345,210054.745,0,348.033,0,25.002,2963,5163,2.790,1.130,0.510,5,0,223.021,0,0,9,37,0,21,0
05-06 21:22:05,84.998,11.500,2.500,0,0.250,1382696,788016,211260,5531872,917060.908,908835.097,0,1367.969,0,122.997,5282,13724,2.970,1.190,0.530,6,0,137.997,0,0,9,34,0,21,0
05-06 21:22:06,86.258,12.501,1.000,0,0,1413996,756472,211276,5532076,286218.049,278116.255,0,328.032,0,31.003,3498,6574,2.970,1.190,0.530,6,0,136.013,0,0,9,34,0,21,0
05-06 21:22:07,79.961,11.920,7.450,0,0.497,1514128,655740,211300,5532652,942748.050,925487.438,0,389.374,0,30.792,5587,12777,2.970,1.190,0.530,6,0,66.551,0,0,9,37,0,23,0
05-06 21:22:08,61.358,8.801,29.422,0.251,0,1541228,628304,211312,5532956,1207076.707,1200153.295,0,438.560,0,42.247,6710,16080,2.970,1.190,0.530,4,0,0,0,0,9,39,0,24,0
05-06 21:22:09,52.979,7.462,40.542,0,0.249,1543376,625784,211324,5533308,1000649.673,994149.958,0,501.432,0,54.720,6677,14001,2.970,1.190,0.530,5,0,1.990,0,0,9,37,0,26,0
05-06 21:22:10,78.957,15.087,4.023,0.251,0,1350472,818604,211360,5533352,737941.516,731089.893,0,792.584,0,89.518,5619,11560,3.210,1.270,0.560,6,0,189.094,0,0,9,34,0,26,0
05-06 21:22:11,89.334,10.510,0.250,0,0,1513992,654912,211384,5533488,364272.323,358127.566,0,2105.973,0,132.124,3596,5837,3.210,1.270,0.560,9,0,8.008,0,0,9,36,0,26,0
05-06 21:22:12,67.838,6.983,24.691,0.499,0.249,1545708,622672,211396,5533988,1258540.605,1250381.090,0,422.990,0,38.907,6010,16149,3.210,1.270,0.560,4,0,0,0,0,9,39,0,29,0
05-06 21:22:13,47.525,6.503,45.524,0,0,1546064,622128,211408,5534164,1182276.700,1175154.883,0,328.176,0,33.018,6522,14700,3.210,1.270,0.560,4,0,0,0,0,9,39,0,35,0
05-06 21:22:14,50.785,7.005,41.028,0.250,0.250,1483952,683784,211428,5534588,1048145.884,1040021.335,0,1849.263,0,82.056,6677,13604,3.210,1.270,0.560,4,0,12.008,0,0,9,38,0,39,0
05-06 21:22:15,73.568,15.514,10.760,0,0.250,1427116,740404,211464,5534760,1101535.428,1081966.229,0,624.581,0,63.059,5829,15812,3.350,1.340,0.590,9,0,191.178,0,0,9,36,0,40,0
05-06 21:22:16,84.750,13.500,0.750,0,0,1460352,706940,211468,5534976,366740,349652,0,236,0,18,2898,6172,3.350,1.340,0.590,7,0,115,0,0,9,35,0,40,0
05-06 21:22:17,84.340,10.480,3.992,0,0,1536296,628136,211512,5537776,1220811.795,1211222.044,0,534.982,0,52.899,5915,14567,3.350,1.340,0.590,6,0,0,0,0,9,38,0,40,0
05-06 21:22:18,81.087,13.014,5.506,0,0,1440660,723428,211540,5538088,1154974.217,1146248.802,0,624.674,0,62.067,6190,15686,3.350,1.340,0.590,6,0,105.113,0,0,9,35,0,40,0
05-06 21:22:19,84.003,12.750,2.500,0.250,0.250,1452392,711584,211552,5538168,583530.840,574691.540,0,9548.325,0,169.006,4728,9091,3.350,1.340,0.590,7,0,140.005,0,0,9,35,0,40,0
05-06 21:22:20,81.258,13.501,4.500,0,0,1482964,680620,211564,5538532,1210215.391,1202064.600,0,700.068,0,74.007,6238,15055,3.330,1.360,0.600,7,0,41.004,0,0,9,36,0,42,0
05-06 21:22:21,84.895,12.235,1.998,0.499,0.250,1479632,683640,211592,5538808,908458.603,891325.865,0,535.336,0,46.942,4842,12881,3.330,1.360,0.600,6,0,119.851,0,0,9,36,0,42,0
05-06 21:22:22,85.057,11.007,3.502,0,0.250,1446452,716368,211608,5539240,1050551.071,1043774.504,0,592.399,0,54.036,5649,12278,3.330,1.360,0.600,5,0,74.050,0,0,9,37,0,43,0
05-06 21:22:23,84.207,12.743,1.999,0,0,1446472,716044,211612,5539528,1194143.822,1187491.255,0,479.752,0,41.978,4617,11814,3.330,1.360,0.600,8,0,111.942,0,0,9,36,0,42,0
05-06 21:22:24,82.857,14.018,2.754,0,0.250,1435876,726376,211628,5539764,946545.937,937203.867,0,472.611,0,39.050,5338,13330,3.330,1.360,0.600,6,0,107.138,0,0,9,36,0,43,0
05-06 21:22:25,86.017,10.752,2.000,0.250,0,1544600,617204,211652,5540180,1228010.006,1220437.544,0,652.126,0,71.014,5245,15839,3.380,1.410,0.620,7,0,2.000,0,0,9,36,0,45,0
05-06 21:22:26,78.966,15.743,3.998,0,0,1393392,768192,211664,5540380,857866.549,849785.991,0,603.743,0,51.978,5011,13145,3.380,1.410,0.620,6,0,249.894,0,0,9,35,0,45,0
05-06 21:22:27,84.142,10.986,4.494,0,0,1457132,704200,211676,5540616,774346.288,766126.825,0,471.396,0,45.941,4873,11291,3.380,1.410,0.620,5,0,31.959,0,0,9,36,0,46,0
05-06 21:22:28,84.365,11.265,3.755,0,0,1381480,779612,211676,5540852,604317.685,596782.414,0,360.491,0,26.035,3811,8665,3.380,1.410,0.620,4,0,73.100,0,0,9,34,0,46,0
05-06 21:22:29,81.124,12.481,5.991,0,0,1413164,747588,211692,5541172,1004967.291,997273.232,0,611.052,0,62.902,5474,14013,3.380,1.410,0.620,4,0,106.834,0,0,9,35,0,48,0
05-06 21:22:30,82.867,14.520,2.253,0,0.501,1379104,781320,211704,5541484,661117.854,650153.416,0,436.615,0,42.059,4136,9632,3.430,1.450,0.640,4,0,119.168,0,0,9,34,0,48,0
05-06 21:22:31,82.255,12.001,5.500,0,0.250,1428792,731368,211712,5541728,928683.293,918654.631,0,408.027,0,37.002,5626,13185,3.430,1.450,0.640,5,0,110.007,0,0,9,35,0,48,0
05-06 21:22:32,84.501,12.500,2.500,0,0,1408856,751064,211716,5541960,518385.629,509890.569,0,312.002,0,26.000,3170,7750,3.430,1.450,0.640,4,0,118.001,0,0,9,35,0,49,0
05-06 21:22:33,82.898,11.486,4.245,0,0.250,1430248,729468,211732,5542132,898648.156,890381.283,0,503.383,0,54.933,4863,16251,3.430,1.450,0.640,4,0,93.885,0,0,9,35,0,49,0
05-06 21:22:34,84.105,12.265,2.002,0.250,0,1420692,738952,211732,5542196,93064.773,85300.113,0,440.548,0,36.045,2269,3995,3.430,1.450,0.640,4,0,199.248,0,0,9,34,0,49,0
05-06 21:22:35,74.000,8.500,16.250,0.250,0,1492492,666760,211736,5542572,965813.068,956446.087,0,551.999,0,56.000,5046,13114,3.480,1.490,0.660,3,0,0,0,0,9,37,0,49,0
05-06 21:22:36,73.745,14.999,11.249,0,0,1344468,814608,211736,5542748,594088.414,584632.076,0,331.977,0,25.998,4678,10016,3.480,1.490,0.660,4,0,231.984,0,0,9,34,0,52,0
05-06 21:22:37,87.348,9.983,3.244,0,0,1488248,670784,211740,5542784,405726.008,387626.592,0,311.457,0,21.962,3470,6268,3.480,1.490,0.660,5,0,0.998,0,0,9,35,0,53,0
05-06 21:22:38,73.433,11.278,13.784,0.501,0.251,1342428,816156,211776,5543180,981505.857,973456.775,0,910.271,0,90.225,6759,14624,3.480,1.490,0.660,4,0,187.468,0,0,9,34,0,55,0
05-06 21:22:39,61.698,13.738,24.479,0,0.500,1387904,770656,211776,5543204,67175.304,59524.761,0,175.852,0,9.992,2093,2952,3.480,1.490,0.660,3,0,182.846,0,0,9,34,0,52,0
05-06 21:22:40,63.988,11.498,24.246,0.500,0.250,1387836,770508,211776,5543412,576532.648,568296.138,0,507.908,0,54.990,4260,9326,3.440,1.520,0.670,3,0,96.982,0,0,9,36,0,53,0
05-06 21:22:41,62.925,11.736,24.221,0.250,0,1401992,756120,211776,5543620,768385.463,759822.610,0,463.451,0,33.960,3843,10630,3.440,1.520,0.670,3,0,102.878,0,0,9,35,0,53,0
05-06 21:22:42,63.325,11.013,25.781,0,0,1356132,801808,211788,5543776,451840.334,444177.238,0,532.632,0,56.067,3718,7414,3.440,1.520,0.670,3,0,127.151,0,0,9,35,0,54,0
05-06 21:22:43,67.767,7.252,25.006,0,0,1396680,761168,211800,5543852,384260.139,375592.903,0,384.099,0,33.009,3137,5707,3.440,1.520,0.670,3,0,6.002,0,0,9,36,0,52,0
05-06 21:22:44,62.242,7.999,30.246,0,0,1426544,730912,211816,5544208,1066966.294,1060055.193,0,611.920,0,61.992,5209,13322,3.440,1.520,0.670,3,0,0,0,0,9,35,0,54,0
05-06 21:22:45,61.007,14.502,23.503,0,0.500,1302044,855200,211820,5544404,620325.680,612775.759,0,752.092,0,90.011,4819,10269,3.400,1.540,0.680,3,0,227.028,0,0,9,34,0,53,0
05-06 21:22:46,46.500,5.500,47.750,0.250,0,1358684,798480,211820,5544484,278602.050,270958.103,0,343.998,0,22.000,2685,4166,3.400,1.540,0.680,3,0,10.000,0,0,9,35,0,53,0
05-06 21:22:47,43.118,8.225,47.604,0.249,0,1313592,843360,211832,5544680,696197.370,687619.695,0,346.935,0,29.908,4635,8796,3.400,1.540,0.680,4,0,64.801,0,0,9,35,0,52,0
05-06 21:22:48,44.822,5.759,48.578,0,0.501,1334984,821964,211836,5544680,11546.532,2761.432,0,272.437,0,22.035,1607,1755,3.400,1.540,0.680,3,0,7.011,0,0,9,34,0,52,0
05-06 21:22:49,46.040,6.005,48.042,0.250,0,1301384,855516,211844,5544720,541798.823,532936.121,0,412.358,0,44.038,2830,6733,3.400,1.540,0.680,2,0,12.010,0,0,9,35,0,52,0
05-06 21:22:50,32.961,19.477,45.446,0.999,0,1287264,869600,211848,5544748,41817.944,31655.109,0,9856.202,0,234.719,3130,4249,3.370,1.570,0.690,2,0,369.558,0,0,9,34,0,52,0
05-06 21:22:51,45.510,5.251,48.511,0.500,0,1352932,803796,211852,5544880,276768.657,260608.940,0,404.093,0,30.007,2033,3889,3.370,1.570,0.690,2,0,1.000,0,0,9,35,0,51,0
05-06 21:22:52,44.000,6.500,49.000,0,0.250,1332916,823752,211856,5544936,482542.483,470229.470,0,1432.001,0,102.000,3269,7850,3.370,1.570,0.690,2,0,32.000,0,0,9,34,0,52,0
05-06 21:22:53,44.805,7.259,48.560,0,0,1343832,812828,211856,5544944,61638.308,54988.075,0,116.144,0,7.009,1506,2003,3.370,1.570,0.690,2,0,47.058,0,0,9,34,0,51,0
05-06 21:22:54,46.984,4.998,47.733,0,0,1301208,855432,211860,5544956,536813.115,513153.396,0,171.940,0,14.995,3747,6731,3.370,1.570,0.690,2,0,11.996,0,0,9,34,0,51,0
05-06 21:22:55,46.467,6.745,46.966,0.250,0.500,1352732,803812,211872,5545036,568559.049,558561.187,0,243.826,0,25.981,4061,7758,3.260,1.580,0.700,2,0,45.967,0,0,9,34,0,50,0
05-06 21:22:56,32.486,17.492,48.728,0,0,1300124,856180,211884,5545264,223288.083,216316.172,0,475.789,0,32.985,3552,6089,3.260,1.580,0.700,1,0,316.860,0,0,9,34,0,50,0
05-06 21:22:57,19.008,7.503,72.279,0.250,0,1275044,881236,211884,5545288,12020.784,1620.645,0,116.046,0,8.003,1551,1907,3.260,1.580,0.700,1,0,101.040,0,0,9,34,0,50,0
05-06 21:22:58,23.501,2.750,73.503,0,0.250,1297892,858252,211888,5545420,111248.005,103083.711,0,124.004,0,10.000,1474,2197,3.260,1.580,0.700,1,0,0,0,0,9,35,0,50,0
05-06 21:22:59,18.000,9.000,71.500,0.750,0,1255984,900108,211912,5545444,120680.397,111382.443,0,1007.995,0,77.000,2355,3864,3.260,1.580,0.700,1,0,97.000,0,0,9,34,0,50,0
05-06 21:23:00,22.751,3.500,73.252,0.250,0.500,1297376,858716,211912,5545444,64333.187,54557.855,0,348.012,0,10.000,1428,1949,3.080,1.570,0.700,1,0,0,0,0,9,34,0,50,0
05-06 21:23:01,22.744,3.999,70.732,0.250,0.250,1246036,909880,211924,5545608,405613.352,396563.687,0,287.926,0,34.991,3530,6433,3.080,1.570,0.700,1,0,30.992,0,0,9,34,0,53,0
05-06 21:23:02,22.999,2.750,73.997,0.500,0,1297400,858504,211936,5545608,10868.522,1619.929,0,1487.935,0,92.996,1374,1563,3.080,1.570,0.700,1,0,1.000,0,0,9,34,0,52,0
05-06 21:23:03,23.536,3.505,70.860,0.501,0,1299452,856424,211940,5545628,510254.895,494631.679,0,172.267,0,15.023,3445,7229,3.080,1.570,0.700,2,0,0,0,0,9,35,0,53,0
05-06 21:23:04,21.503,5.251,73.010,0,0,1266576,889272,211940,5545656,107772.657,99198.491,0,36.005,0,3.000,1864,2763,3.080,1.570,0.700,2,0,58.008,0,0,9,34,0,53,0
05-06 21:23:05,22.694,2.993,73.069,0,0.499,1298796,857048,211940,5545660,61441.870,53228.207,0,47.881,0,3.990,1265,1669,2.910,1.560,0.710,4,0,0,0,0,9,34,0,53,0
05-06 21:23:06,19.792,6.764,72.906,0,0,1257292,898408,211944,5545796,97802.493,89365.421,0,284.610,0,24.052,1845,2772,2.910,1.560,0.710,1,0,93.200,0,0,9,34,0,53,0
05-06 21:23:07,22.465,3.245,73.385,0,0.250,1297168,858528,211948,5545796,15297.967,5377.552,0,103.837,0,9.984,1127,1242,2.910,1.560,0.710,1,0,0,0,0,9,35,0,53,0
05-06 21:23:08,24.029,3.254,71.587,0.501,0.250,1237468,918208,211956,5545808,225044.654,216907.760,0,200.243,0,25.030,2385,4031,2.910,1.560,0.710,1,0,15.018,0,0,9,34,0,50,0
05-06 21:23:09,19.981,5.994,72.930,0,0,1279936,875728,211956,5545820,9860.514,1618.443,0,147.858,0,7.992,1476,1788,2.910,1.560,0.710,1,0,88.914,0,0,9,34,0,50,0
05-06 21:23:10,22.223,3.995,71.914,0.749,0,1299592,856040,211964,5545844,216880.743,209854.175,0,507.391,0,42.948,2193,3610,2.760,1.550,0.710,1,0,0,0,0,9,34,0,48,0
05-06 21:23:11,19.769,7.007,73.572,0.250,0.250,1275232,880388,211972,5545848,10346.119,1513.480,0,760.744,0,44.043,1553,1966,2.760,1.550,0.710,1,0,95.093,0,0,9,34,0,48,0
05-06 21:23:12,22.752,3.500,72.507,0,0.250,1299068,856536,211972,5545864,196193.031,188816.315,0,56.005,0,6.001,1956,3132,2.760,1.550,0.710,1,0,0,0,0,9,35,0,47,0
05-06 21:23:13,22.757,4.001,72.021,0.250,0.250,1250832,904612,211972,5546016,275588.023,267277.580,0,172.051,0,19.006,2479,4436,2.760,1.550,0.710,1,0,31.009,0,0,9,34,0,48,0
05-06 21:23:14,22.017,3.252,73.556,0.250,0,1298364,857080,211972,5546016,16147.369,8152.245,0,160.123,0,15.011,1064,1446,2.760,1.550,0.710,1,0,1.001,0,0,9,35,0,39,0
05-06 21:23:15,24.749,2.750,70.998,0,0,1300160,855252,211972,5546044,425697.229,416998.490,0,455.986,0,61.998,3101,5615,2.620,1.540,0.710,1,0,0,0,0,9,35,0,39,0
05-06 21:23:16,16.244,11.996,69.725,0.250,0,1237176,918084,211972,5546196,179649.763,172022.448,0,159.944,0,12.995,2600,4310,2.620,1.540,0.710,1,0,199.930,0,0,9,34,0,35,0
05-06 21:23:17,35.229,12.992,50.970,0.250,0.250,1323228,831936,212028,5546236,22674.441,13334.026,0,287.828,0,17.989,2087,3050,2.620,1.540,0.710,2,0,208.875,0,0,9,34,0,37,0
05-06 21:23:18,43.068,7.011,48.076,2.254,0.250,1404592,749308,212140,5547332,22571.708,15835.051,12.019,1698.687,3.005,56.089,1833,2415,2.620,1.540,0.710,2,1,4.006,0,0,9,38,0,35,0
05-06 21:23:19,30.212,4.494,42.697,21.224,0,1325488,826072,212340,5549216,23648.510,6297.147,0,10498.908,0,791.014,5353,9459,2.620,1.540,0.710,2,0,32.959,0,0,9,38,0,35,0
05-06 21:23:20,29.699,5.740,45.921,18.219,0,1383100,766992,212428,5550512,15856.631,7193.584,0,7798.540,0,733.734,5408,9566,2.570,1.550,0.720,1,1,27.952,0,0,9,38,0,35,0
05-06 21:23:21,28.293,7.261,42.314,22.284,0.501,1419624,728972,212624,5551780,14161.497,7231.978,0,12807.442,0,1014.540,6682,11063,2.570,1.550,0.720,1,1,28.043,0,0,9,38,0,35,0
05-06 21:23:22,29.047,7.262,39.064,22.787,0.250,1359048,788476,213004,5552456,12365.217,5201.504,0,16647.218,0,1201.965,7502,11936,2.570,1.550,0.720,1,1,26.043,0,0,9,38,0,33,0
05-06 21:23:23,30.730,5.996,42.473,19.487,0.250,1407432,738800,213272,5553448,17792.506,10027.522,0,7942.869,0,727.530,5986,9796,2.570,1.550,0.720,3,1,21.986,0,0,9,38,0,33,0
05-06 21:23:24,36.711,5.244,42.455,14.984,0,1329636,815344,213696,5554260,31177.264,21861.046,0,12255.132,0,937.016,6615,10979,2.570,1.550,0.720,4,0,10.988,0,0,9,40,0,32,0
05-06 21:23:25,36.539,6.507,47.050,9.510,0,1325532,819692,213984,5553704,24471.818,16328.226,0,14883.702,0,1056.114,5609,9675,2.680,1.590,0.740,3,0,10.011,0,0,9,34,0,32,0
05-06 21:23:26,43.716,7.244,48.712,0.250,0,1416960,728248,213996,5553708,12083.587,3005.659,0,3773.061,0,218.830,1761,1521,2.680,1.590,0.740,3,0,0.999,0,0,9,34,0,29,0
05-06 21:23:27,35.516,7.753,47.021,8.504,0,1371696,773292,214208,5553708,187621.116,181134.242,0,7711.416,0,877.389,8024,13659,2.680,1.590,0.740,2,0,3.001,0,0,9,38,0,29,0
05-06 21:23:28,32.546,8.512,46.566,11.016,0,1415144,729160,214560,5554028,209802.290,200512.126,0,7242.262,0,1054.494,9503,16367,2.680,1.590,0.740,4,0,1.001,0,0,9,38,0,28,0
05-06 21:23:29,35.926,6.736,45.656,10.478,0.249,1350460,793144,215000,5554272,209245.164,200518.133,0,6051.540,0,989.962,9703,16524,2.680,1.590,0.740,3,0,3.992,0,0,9,38,0,28,0
05-06 21:23:30,29.744,8.248,61.738,0.500,0.500,1335432,808132,215048,5554256,24232.250,2017.605,0,2155.578,0,137.973,1974,2423,2.550,1.580,0.740,1,0,98.981,0,0,9,34,0,26,0
05-06 21:23:31,23.005,3.501,73.266,0.250,0,1262068,881472,215064,5554264,21606.689,1620.352,0,728.158,0,46.010,1333,1529,2.550,1.580,0.740,2,0,1.000,0,0,9,34,0,26,0
05-06 21:23:32,23.005,3.251,72.515,0.750,0,1315672,827788,215140,5554268,11488.436,1512.321,0,6909.465,0,341.072,1785,2672,2.550,1.580,0.740,1,0,1.000,0,0,9,34,0,24,0
05-06 21:23:33,28.745,6.249,63.740,0,0,1351480,791968,215160,5554260,13008.880,2760.550,0,439.928,0,26.996,1699,4514,2.550,1.580,0.740,1,0,34.994,0,0,9,34,0,25,0
05-06 21:23:34,22.999,2.500,73.998,0,0.250,1299724,843696,215160,5554288,12931.638,1619.955,0,0,0,0,1107,1108,2.550,1.580,0.740,1,0,2.000,0,0,9,34,0,24,0
05-06 21:23:35,21.493,3.999,74.226,0,0.250,1356996,786424,215160,5554288,12277.010,1619.474,0,0,0,0,1044,1083,2.420,1.570,0.740,1,0,1.000,0,0,9,34,0,24,0
05-06 21:23:36,23.289,2.504,73.623,0,0.250,1281020,862312,215168,5554368,10723.898,1568.618,0,4.007,0,1.002,1059,1144,2.420,1.570,0.740,1,0,2.003,0,0,9,34,0,20,0
05-06 21:23:37,20.750,4.500,74.000,0,0,1301108,842184,215168,5554408,9892.990,1619.998,0,0,0,0,1031,1123,2.420,1.570,0.740,1,0,2.000,0,0,9,34,0,20,0
05-06 21:23:38,21.478,3.996,72.926,0.499,0.250,1344420,798840,215192,5554416,10075.743,1618.353,0,459.532,0,33.965,1302,1726,2.420,1.570,0.740,1,0,0.999,0,0,9,34,0,17,0
05-06 21:23:39,22.768,3.503,72.558,0.751,0,1285644,857556,215240,5554428,8836.025,1621.289,0,1977.572,0,100.080,1308,1627,2.420,1.570,0.740,1,0,4.003,0,0,9,34,0,17,0
05-06 21:23:40,22.753,3.000,73.509,0.250,0,1256848,886288,215264,5554468,10024.253,1620.203,0,2452.307,0,120.015,1085,1558,2.310,1.560,0.740,1,0,1.000,0,0,9,34,0,16,0
05-06 21:23:41,22.218,2.996,73.645,0,0.250,1314576,828544,215264,5554484,10711.704,1617.690,0,11.983,0,1.997,1001,1064,2.310,1.560,0.740,1,0,0.999,0,0,9,34,0,16,0
05-06 21:23:42,22.043,3.256,74.396,0,0,1309268,833804,215264,5554500,8604.831,1514.963,0,0,0,0,988,1091,2.310,1.560,0.740,2,0,2.004,0,0,9,34,0,16,0
05-06 21:23:43,21.715,4.243,73.380,0,0.250,1348580,794460,215264,5554532,11425.365,1617.362,0,0,0,0,1107,1178,2.310,1.560,0.740,1,0,0.998,0,0,9,34,0,14,0
05-06 21:23:44,16.504,10.503,72.269,0,0,1253936,889004,215272,5554624,8789.347,1620.433,0,88.024,0,1.000,1953,2860,2.310,1.560,0.740,2,0,219.058,0,0,9,34,0,14,0
05-06 21:23:45,9.002,19.505,69.016,0,0.250,1254016,888832,215272,5554684,12567.928,1620.378,0,940.219,0,11.003,2679,4091,2.120,1.530,0.740,1,0,394.092,0,0,9,34,0,11,0
05-06 21:23:46,10.503,18.506,69.022,1.250,0.500,1255132,887664,215276,5554724,9318.000,1662.535,0,2028.653,0,159.051,2793,4278,2.120,1.530,0.740,1,0,367.118,0,0,9,34,0,11,0
05-06 21:23:47,13.758,14.508,71.039,0,0.250,1264884,877872,215276,5554760,9709.389,1566.870,0,0,0,0,2334,3705,2.120,1.530,0.740,2,0,304.169,0,0,9,34,0,10,0
05-06 21:23:48,21.467,3.744,73.139,0.499,0.250,1326612,816132,215300,5554748,9221.973,1617.540,0,499.241,0,34.947,1241,1606,2.120,1.530,0.740,1,0,0.998,0,0,9,34,0,10,0
05-06 21:23:49,22.000,4.000,73.749,0,0,1351900,790840,215300,5554752,9381.822,1619.969,0,16.000,0,1.000,945,1195,2.120,1.530,0.740,1,0,3.000,0,0,9,34,0,10,0
05-06 21:23:50,21.764,4.003,73.798,0,0,1314828,827912,215300,5554752,17892.559,1621.047,0,0,0,0,1082,1175,2.030,1.520,0.740,1,0,2.001,0,0,9,34,0,10,0
05-06 21:23:51,20.740,4.248,73.713,0.250,0,1352596,790144,215300,5554752,10293.791,1619.181,0,1975.001,0,97.950,1065,1230,2.030,1.520,0.740,2,0,0.999,0,0,9,34,0,9,0
05-06 21:23:52,23.285,3.255,73.862,0,0,1292604,850120,215300,5554768,9011.626,1514.290,0,16.024,0,1.002,988,1098,2.030,1.520,0.740,2,0,2.003,0,0,9,34,0,9,0
05-06 21:23:53,22.998,2.750,73.993,0,0.500,1343804,798932,215300,5554756,9357.074,1619.840,0,0,0,0,991,1069,2.030,1.520,0.740,1,0,1.000,0,0,9,34,0,8,0
05-06 21:23:54,22.503,3.000,74.509,0,0,1275644,867076,215304,5554768,9591.199,1662.208,0,160.020,0,3.000,953,1083,2.030,1.520,0.740,1,0,2.000,0,0,9,34,0,8,0
05-06 21:23:55,22.223,2.747,74.161,0,0.250,1333280,809448,215304,5554756,10712.188,1618.065,0,0,0,0,942,1077,1.950,1.510,0.740,1,0,0.999,0,0,9,34,0,8,0
05-06 21:23:56,22.516,3.502,73.802,0.250,0,1265160,877556,215304,5554768,11676.267,1621.148,0,332.235,0,66.047,1041,1117,1.950,1.510,0.740,1,0,1.001,0,0,9,34,0,8,0
05-06 21:23:57,22.471,2.746,73.904,0,0.250,1324400,818336,215304,5554748,18064.480,1721.758,0,0,0,0,1111,1109,1.950,1.510,0.740,1,0,0.999,0,0,9,34,0,8,0
05-06 21:23:58,23.294,3.006,73.138,0.501,0,1258800,883888,215324,5554776,11702.047,1568.956,0,428.808,0,37.070,1347,1629,1.950,1.510,0.740,1,0,2.004,0,0,9,34,0,8,0
05-06 21:23:59,22.712,2.995,73.626,0,0.499,1314208,828480,215324,5554768,7657.060,1617.267,0,0,0,0,890,1135,1.950,1.510,0.740,1,0,2.995,0,0,9,34,0,8,0
05-06 21:24:00,22.002,4.000,74.005,0,0,1352008,790680,215324,5554768,12450.921,1620.120,0,0,0,0,978,1229,1.870,1.510,0.740,1,0,1.000,0,0,9,34,0,8,0
05-06 21:24:01,22.786,3.005,74.116,0,0,1289804,852872,215324,5554780,9093.286,1622.549,0,24.038,0,3.005,1004,1108,1.870,1.510,0.740,1,0,2.003,0,0,9,34,0,7,0
05-06 21:24:02,22.465,2.746,73.884,0,0,1340924,801768,215324,5554764,8219.088,1509.628,0,0,0,0,955,1113,1.870,1.510,0.740,2,0,0.998,0,0,9,34,0,7,0
05-06 21:24:03,21.751,4.000,74.004,0,0,1277912,864764,215324,5554780,7271.371,1620.083,0,60.003,0,3.000,952,1117,1.870,1.510,0.740,2,0,2.000,0,0,9,34,0,5,0
05-06 21:24:04,21.526,3.755,74.091,0,0.250,1335416,807344,215324,5554696,9098.182,1621.993,0,0,0,0,916,1144,1.870,1.510,0.740,2,0,0,0,0,9,34,0,5,0
05-06 21:24:05,22.245,2.749,74.233,0,0,1265084,877588,215324,5554784,8079.134,1619.626,0,87.980,0,1.000,942,1099,1.800,1.500,0.740,2,0,2.000,0,0,9,34,0,4,0
05-06 21:24:06,22.727,2.997,73.925,0,0.250,1283952,858720,215324,5554784,18338.277,1618.348,0,11.988,0,0.999,1109,1226,1.800,1.500,0.740,1,0,2.997,0,0,9,34,0,4,0
05-06 21:24:07,22.494,3.999,73.979,0,0.500,1334456,808236,215324,5554764,8162.674,1619.538,0,11.997,0,1.000,939,1110,1.800,1.500,0.740,1,0,1.000,0,0,9,34,0,4,0
05-06 21:24:08,22.002,3.750,73.257,0,0,1260072,882596,215328,5554784,8676.868,1714.171,0,416.042,0,32.003,1182,1594,1.800,1.500,0.740,1,0,1.000,0,0,9,34,0,4,0
05-06 21:24:09,22.254,4.251,74.014,0,0,1327276,815408,215328,5554768,10524.979,1566.294,0,0,0,0,1042,1089,1.800,1.500,0.740,1,0,3.001,0,0,9,34,0,4,0
05-06 21:24:10,22.756,3.001,74.019,0,0,1307292,835392,215328,5554768,8573.186,1620.413,0,16.004,0,1.000,1013,1061,1.740,1.490,0.740,1,0,2.001,0,0,9,34,0,4,0
05-06 21:24:11,23.025,2.503,73.581,0,0,1285744,856924,215328,5554784,9774.742,1621.782,0,16.018,0,1.001,982,1090,1.740,1.490,0.740,1,0,2.002,0,0,9,34,0,4,0
05-06 21:24:12,22.216,2.995,74.385,0,0,1335988,806692,215328,5554772,9185.845,1509.674,0,23.963,0,0.998,945,1107,1.740,1.490,0.740,1,0,0.998,0,0,9,34,0,4,0
05-06 21:24:13,21.271,5.255,73.322,0,0.250,1254184,888496,215328,5554772,7934.768,1621.588,0,24.024,0,2.002,1191,1608,1.740,1.490,0.740,4,0,73.072,0,0,9,34,0,3,0
05-06 21:24:14,11.241,16.487,70.195,0.250,0,1266912,875720,215336,5554812,9333.673,1618.729,0,159.874,0,8.993,2358,3527,1.740,1.490,0.740,2,0,315.752,0,0,9,34,0,3,0
05-06 21:24:15,22.499,3.500,73.996,0,0.500,1331548,811068,215336,5554828,8363.540,1619.911,0,0,0,0,979,1065,1.680,1.480,0.740,2,0,0,0,0,9,34,0,3,0
05-06 21:24:16,21.751,3.500,73.505,0.250,0.250,1291088,851308,215344,5555040,8209.517,1620.102,0,328.021,0,48.003,1121,1169,1.680,1.480,0.740,2,0,12.001,0,0,9,34,0,3,0
05-06 21:24:17,21.999,3.750,73.997,0,0,1340456,801932,215348,5555044,9807.627,1619.938,0,155.994,0,11.000,1015,1121,1.680,1.480,0.740,2,0,0,0,0,9,34,0,1,0
05-06 21:24:18,14.503,15.753,67.763,0.750,0.250,1254224,888076,215364,5555116,8386.568,1620.303,0,524.098,0,39.007,2668,4458,1.680,1.480,0.740,2,0,372.070,0,0,9,34,0,1,0
05-06 21:24:19,9.252,20.004,69.765,0,0,1254132,888140,215364,5555144,8334.834,1620.356,0,168.037,0,6.001,2767,4322,1.680,1.480,0.740,1,0,402.088,0,0,9,34,0,1,0
05-06 21:24:20,9.999,19.498,69.244,0,0.250,1253964,888284,215364,5555168,18253.375,1457.870,0,103.991,0,5.000,2687,4162,1.550,1.450,0.740,1,0,379.966,0,0,9,34,0,1,0
05-06 21:24:21,10.252,20.504,69.012,0,0.500,1253688,888532,215364,5555192,9230.588,1620.279,0,968.167,0,11.002,2661,4056,1.550,1.450,0.740,1,0,384.066,0,0,9,34,0,1,0
05-06 21:24:22,9.504,20.509,68.780,0,0,1253580,888616,215364,5555216,9498.170,1620.711,0,1136.499,0,54.024,2731,4133,1.550,1.450,0.740,2,0,392.172,0,0,9,34,0,1,0
05-06 21:24:23,10.248,18.997,69.238,0.250,0.250,1253988,888188,215364,5555236,9526.295,1619.710,0,963.827,0,11.998,2648,4066,1.550,1.450,0.740,2,0,389.930,0,0,9,34,0,1,0
05-06 21:24:24,9.495,18.990,70.463,0,0.500,1254252,887904,215364,5555256,10004.698,1619.142,0,471.750,0,6.996,2630,4118,1.550,1.450,0.740,2,0,367.805,0,0,9,34,0,1,0
05-06 21:24:25,9.256,19.762,70.543,0,0.250,1254252,887872,215364,5555288,9445.752,1620.987,0,96.058,0,6.004,2584,3981,1.500,1.450,0.740,1,0,379.231,0,0,9,34,0,1,0
05-06 21:24:26,10.005,22.011,66.034,0.250,0.250,1255392,886708,215368,5555308,20666.561,13350.822,0,440.225,0,20.010,2849,4709,1.500,1.450,0.740,4,0,461.236,0,0,9,34,0,3,0
05-06 21:24:27,44.007,29.255,26.754,0.500,0,1355652,786396,215408,5555316,21824.557,13344.175,0,892.145,0,82.013,2894,6233,1.500,1.450,0.740,6,0,643.105,0,0,9,34,0,5,0
05-06 21:24:28,74.257,20.502,3.250,1.250,0,1490196,633884,215528,5570276,21566.157,13505.351,3184.318,13989.399,28.003,118.012,2667,5180,1.500,1.450,0.740,4,0,336.034,0,0,9,34,0,8,0
05-06 21:24:29,65.858,11.226,10.477,12.224,0.249,1559104,558788,215900,5575096,41262.204,33651.582,395.150,7595.654,3.991,420.096,4283,7054,1.500,1.450,0.740,3,1,30.933,0,0,9,40,0,9,0
05-06 21:24:30,29.540,7.260,40.555,21.779,0.250,1574164,540800,216168,5577620,19225.974,10989.847,0,14279.291,0,1012.368,5640,11202,1.860,1.520,0.770,6,1,47.064,0,0,9,40,0,9,0
05-06 21:24:31,31.262,5.752,40.016,20.508,0,1545560,567304,216424,5579488,17639.968,9815.877,0,17911.075,0,1234.488,6878,14103,1.860,1.520,0.770,2,2,47.019,0,0,9,40,0,9,0
05-06 21:24:32,29.505,8.251,35.256,25.004,0.250,1568352,542092,216708,5581580,21070.603,13323.278,0,20035.426,0,1362.233,6601,13429,1.860,1.520,0.770,2,1,42.007,0,0,9,40,0,9,0
05-06 21:24:33,29.489,7.747,37.736,23.241,0.250,1595160,513476,216836,5583212,17463.381,8973.599,0,13890.735,0,1003.620,6073,11357,1.860,1.520,0.770,8,4,59.977,0,0,9,40,0,9,0
05-06 21:24:34,46.033,12.509,21.766,19.764,0,1515204,591620,216960,5584832,18935.558,9737.972,0,19409.897,0,1391.997,8044,17014,1.860,1.520,0.770,5,1,86.062,0,0,9,38,0,9,0
05-06 21:24:35,46.491,10.248,24.245,19.246,0.250,1536444,568312,217072,5586724,26723.976,20020.236,0,13105.536,0,956.820,6906,11603,2.030,1.560,0.790,4,1,58.989,0,0,9,39,0,9,0
05-06 21:24:36,29.218,4.994,42.203,23.474,0,1536160,566492,217208,5588648,305046.703,287593.059,0,22467.084,0,1472.367,8612,15937,2.030,1.560,0.790,2,1,20.977,0,0,9,38,0,9,0
05-06 21:24:37,27.028,7.758,36.288,27.028,0.250,1509180,591456,217308,5590484,19105.118,8827.295,0,15496.318,0,1115.174,6769,11830,2.030,1.560,0.790,5,0,86.091,0,0,9,38,0,9,0
05-06 21:24:38,30.506,6.751,42.258,20.754,0,1533488,564948,217352,5592532,118866.298,107891.147,0,13718.689,0,1045.205,6677,12182,2.030,1.560,0.790,2,1,24.005,0,0,9,39,0,9,0
05-06 21:24:39,28.713,5.992,40.947,22.970,0,1533080,562860,217492,5594820,506667.825,499335.365,0,23585.316,0,1486.067,10270,20122,2.030,1.560,0.790,1,1,7.990,0,0,9,41,0,9,0
05-06 21:24:40,29.991,5.998,40.487,20.744,0.250,1475272,618684,217648,5596568,373772.383,366782.564,0,16246.931,0,1133.646,8098,16178,2.110,1.590,0.800,1,2,39.988,0,0,9,40,0,9,0
05-06 21:24:41,31.766,7.504,38.269,21.261,0.250,1528508,563284,217844,5598472,24580.487,16391.327,0,16160.209,0,1223.622,6448,13073,2.110,1.590,0.800,1,1,2.001,0,0,9,42,0,9,0
05-06 21:24:42,32.738,5.748,35.487,26.490,0.250,1536680,553360,217968,5600056,397926.165,388911.492,0,22119.838,0,1773.346,9647,17744,2.110,1.590,0.800,3,1,9.996,0,0,9,45,0,12,0
05-06 21:24:43,32.016,7.754,40.521,19.510,0.250,1543504,543500,218020,5602948,570713.781,561118.926,0,20266.255,0,1311.664,9340,17896,2.110,1.590,0.800,3,1,23.012,0,0,9,47,0,13,0
05-06 21:24:44,40.250,13.750,34.000,12.000,0,1417484,666376,218100,5605928,206593.141,196450.232,0,11539.896,0,857.992,7738,13779,2.110,1.590,0.800,1,1,284.997,0,0,9,40,0,14,0
05-06 21:24:45,44.523,17.759,21.011,16.008,0,1455516,626364,218296,5607668,16460.444,6909.545,256.131,14483.430,2.001,1071.550,9281,16270,2.340,1.640,0.820,12,0,129.066,0,0,9,40,0,14,0
05-06 21:24:46,33.251,13.501,30.001,19.751,0.250,1471388,608016,218676,5609476,350151.056,326977.060,1752.075,21257.914,27.001,1442.062,9643,18739,2.340,1.640,0.820,2,1,113.005,0,0,9,41,0,15,0
05-06 21:24:47,30.215,6.742,43.449,18.478,0.499,1469864,607224,218832,5611504,601367.400,586771.477,0,12177.752,0,902.944,9120,17853,2.340,1.640,0.820,1,1,45.946,0,0,9,41,0,17,0
05-06 21:24:48,24.780,6.007,44.303,23.028,0,1443376,631996,219048,5612980,50898.180,38102.800,0,18089.744,0,1465.762,7896,13621,2.340,1.640,0.820,1,1,35.042,0,0,9,40,0,17,0
05-06 21:24:49,28.265,5.503,42.522,21.511,0,1458288,614516,219216,5615300,135235.540,128658.060,0,14631.740,0,1150.609,7539,13808,2.340,1.640,0.820,2,0,2.001,0,0,9,41,0,17,0
05-06 21:24:50,30.701,6.490,43.430,19.968,0,1457584,613372,219364,5616940,557628.237,536149.624,0,24580.646,0,1727.235,11118,20792,2.310,1.650,0.830,3,1,11.981,0,0,9,41,0,19,0
05-06 21:24:51,31.022,4.003,44.781,18.013,0.250,1457328,612080,219444,5618372,461993.934,454087.407,0,11275.882,0,956.669,8918,16047,2.310,1.650,0.830,2,1,9.006,0,0,9,40,0,19,0
05-06 21:24:52,32.503,7.251,42.004,17.002,0.250,1433140,635360,219500,5619204,13615.334,6119.600,0,18825.845,0,1397.137,7941,14247,2.310,1.650,0.830,3,0,57.006,0,0,9,40,0,19,0
05-06 21:24:53,30.503,5.501,44.504,18.002,0.250,1460712,606632,219528,5620308,152678.810,142408.814,0,13745.333,0,1094.106,6585,12614,2.310,1.650,0.830,6,0,12.001,0,0,9,41,0,19,0
05-06 21:24:54,29.528,7.007,43.791,19.018,0,1430356,634636,219576,5622544,172176.502,162227.169,0,15110.173,0,1129.059,6981,13605,2.310,1.650,0.830,1,2,45.042,0,0,9,40,0,19,0
05-06 21:24:55,34.709,4.994,41.202,17.729,0,1460528,603356,219624,5623568,73713.608,64630.253,0,21458.850,0,1572.157,7129,14202,2.450,1.690,0.850,1,1,5.993,0,0,9,40,0,19,0
05-06 21:24:56,29.237,7.497,43.231,17.492,0,1431564,633116,219720,5622656,103853.512,94128.772,0,19075.645,0,1605.297,9421,16752,2.450,1.690,0.850,3,1,64.972,0,0,9,40,0,19,0
05-06 21:24:57,33.769,5.753,41.774,18.010,0.250,1463204,601616,219816,5622416,74643.397,66544.797,0,16717.496,0,1290.733,7437,12849,2.450,1.690,0.850,2,0,9.005,0,0,9,40,0,19,0
05-06 21:24:58,29.993,6.748,41.490,19.995,0,1408500,655080,219952,5623516,320181.595,314236.069,0,23874.079,0,1630.596,9024,16579,2.450,1.690,0.850,3,1,55.986,0,0,9,40,0,19,0
05-06 21:24:59,30.978,6.245,43.968,19.236,0,1454936,607948,220068,5624064,13865.989,4336.869,0,13294.401,0,1119.192,6397,12016,2.450,1.690,0.850,2,0,17.987,0,0,9,40,0,19,0
05-06 21:25:00,33.293,6.759,41.805,18.524,0.250,1463736,598592,220120,5624552,302897.979,295873.819,0,19513.446,0,1472.921,8653,16771,2.570,1.730,0.860,2,0,12.016,0,0,9,40,0,20,0
05-06 21:25:01,16.731,7.991,54.189,20.227,0.499,1401668,660860,220204,5624260,23100.804,15032.953,0,22302.709,0,1585.202,8736,15311,2.570,1.730,0.860,1,0,65.925,0,0,9,40,0,20,0
05-06 21:25:02,9.755,4.252,65.287,18.260,0,1401604,660388,220376,5624612,14307.041,7232.064,0,11450.435,0,979.551,6818,11642,2.570,1.730,0.860,1,0,9.005,0,0,9,40,0,20,0
05-06 21:25:03,10.498,3.249,58.990,25.246,0,1400772,660324,220516,5625356,34288.102,24861.724,0,18576.805,0,1133.805,6551,11187,2.570,1.730,0.860,0,1,5.999,0,0,9,40,0,20,0
05-06 21:25:04,13.247,3.749,60.238,20.996,0,1400312,660040,220616,5625992,10792.798,4524.077,0,17816.365,0,1263.742,7218,12192,2.570,1.730,0.860,2,1,11.998,0,0,9,40,0,20,0
05-06 21:25:05,14.757,2.501,63.530,17.258,0.750,1399900,659568,220684,5626800,14291.760,5400.554,0,5234.476,0,554.262,5288,9144,2.530,1.730,0.870,0,1,12.006,0,0,9,40,0,20,0
05-06 21:25:06,13.002,3.501,59.509,21.253,0,1400044,658528,220784,5627580,20926.993,5195.743,0,13481.928,0,1086.155,6914,11974,2.530,1.730,0.870,1,1,15.002,0,0,9,40,0,20,0
05-06 21:25:07,10.732,4.243,62.646,20.466,0.250,1400188,657772,220852,5628112,15212.777,8999.080,0,19288.020,0,1374.721,7821,13124,2.530,1.730,0.870,1,0,8.985,0,0,9,40,0,20,0
05-06 21:25:08,8.248,3.999,66.980,19.744,0.500,1400728,656244,220896,5629016,20413.855,11502.538,0,8501.441,0,860.741,6051,11148,2.530,1.730,0.870,0,1,14.995,0,0,9,40,0,20,0
05-06 21:25:09,10.765,3.755,64.088,19.527,0,1400724,655424,220944,5629776,21194.206,11166.387,0,16178.294,0,1262.740,7175,13062,2.530,1.730,0.870,0,1,14.019,0,0,9,40,0,20,0
05-06 21:25:10,9.496,3.998,62.975,22.491,0,1400788,654496,220968,5630584,17197.276,9319.356,0,16133.692,0,1212.526,7408,12509,2.650,1.770,0.890,2,0,2.999,0,0,9,40,0,20,0
05-06 21:25:11,11.009,3.253,64.053,21.518,0,1401108,653188,221016,5631444,22688.718,15127.480,0,11541.522,0,983.812,5817,10969,2.650,1.770,0.890,1,1,18.015,0,0,9,40,0,20,0
05-06 21:25:12,7.233,5.237,61.603,22.197,0.499,1401124,652148,221056,5632396,15239.562,8058.732,0,18906.794,0,1494.427,7134,14065,2.650,1.770,0.890,4,0,14.964,0,0,9,40,0,20,0
05-06 21:25:13,10.008,4.754,60.799,23.019,0,1400968,651424,221084,5633228,25328.491,15284.365,0,22730.389,0,1584.282,7395,14144,2.650,1.770,0.890,0,1,9.007,0,0,9,40,0,20,0
05-06 21:25:14,8.256,3.252,67.046,19.263,0.250,1401188,650384,221096,5634008,16073.139,8295.749,0,9754.760,0,920.638,5763,11323,2.650,1.770,0.890,1,1,3.002,0,0,9,40,0,20,0
05-06 21:25:15,9.504,5.752,59.272,24.759,0.250,1401404,649124,221136,5634988,19285.232,8785.294,0,19871.452,0,1541.578,8308,14555,2.750,1.810,0.900,0,1,18.007,0,0,9,40,0,20,0
05-06 21:25:16,10.260,7.007,58.560,22.022,0,1415060,634740,221184,5635648,17210.555,5621.734,0,17457.807,0,1247.272,7890,13418,2.750,1.810,0.900,3,0,106.108,0,0,9,40,0,20,0
05-06 21:25:17,12.483,11.734,57.673,16.228,0,1417228,631448,221216,5636592,21743.798,13749.534,0,7781.549,0,744.001,6552,12862,2.750,1.810,0.900,0,1,345.536,0,0,9,40,0,20,0
05-06 21:25:18,10.007,4.503,62.042,22.515,0.250,1417564,630692,221240,5636980,18629.743,10478.167,0,15522.617,0,1206.825,6436,12097,2.750,1.810,0.900,0,1,18.012,0,0,9,40,0,20,0
05-06 21:25:19,9.002,4.001,60.015,23.006,0.750,1417220,630220,221260,5637756,20354.027,9033.231,0,20341.024,0,1445.357,7366,14050,2.750,1.810,0.900,6,0,11.003,0,0,9,40,0,20,0
05-06 21:25:20,9.994,4.247,63.459,21.986,0,1404532,642308,221296,5638308,23267.876,7433.168,0,12292.010,0,1032.329,6094,11754,2.850,1.850,0.920,2,1,5.996,0,0,9,40,0,20,0
05-06 21:25:21,9.996,2.999,60.226,21.741,0,1404552,641404,221380,5639088,21145.457,9759.057,0,16925.162,0,1274.485,6424,12436,2.850,1.850,0.920,0,1,8.996,0,0,9,40,0,20,0
05-06 21:25:22,12.249,3.500,62.494,19.498,0,1404656,640868,221440,5639452,19031.173,10914.952,0,18950.181,0,1380.867,7108,13096,2.850,1.850,0.920,2,1,8.999,0,0,9,40,0,20,0
05-06 21:25:23,12.746,3.999,64.729,16.995,0.250,1404436,640712,221476,5639772,15624.984,7092.723,0,10352.677,0,843.729,6124,10424,2.850,1.850,0.920,1,0,8.997,0,0,9,38,0,21,0
05-06 21:25:24,15.759,13.008,69.040,1.001,0,1287004,758136,221484,5639772,9880.741,1965.142,0,3454.007,0,213.124,2588,3724,2.850,1.850,0.920,1,0,241.140,0,0,9,34,0,21,0
05-06 21:25:25,9.753,21.006,68.019,0.250,0.750,1284528,760496,221484,5639884,8628.425,1620.455,0,1576.443,0,95.027,2885,4291,2.710,1.830,0.920,3,0,388.109,0,0,9,34,0,21,0
05-06 21:25:26,32.271,21.764,43.528,2.001,0,1360560,684364,221508,5639976,46044.607,36829.681,0,4586.949,0,273.176,3484,5802,2.710,1.830,0.920,4,0,396.255,0,0,9,34,0,27,0
05-06 21:25:27,65.721,9.746,24.239,0,0,1501652,542304,221540,5640904,9732.650,1619.276,0,419.812,0,22.990,1500,1400,2.710,1.830,0.920,4,0,2.999,0,0,9,34,0,25,0
05-06 21:25:28,66.362,9.979,24.449,0,0,1622060,418576,221720,5643568,8053.314,1616.650,0,3041.698,0,131.727,1610,1353,2.710,1.830,0.920,4,0,0,0,0,9,34,0,25,0
05-06 21:25:29,23.298,4.760,48.349,21.294,0.251,1636260,401312,221800,5646252,37276.342,28161.675,0,11026.582,0,887.818,6129,9389,2.710,1.830,0.920,1,1,35.072,0,0,9,40,0,20,0
05-06 21:25:30,13.499,4.000,55.496,24.998,0,1636112,399516,221836,5648112,15946.756,6902.462,0,13494.947,0,968.924,8562,16181,2.890,1.880,0.940,3,2,38.997,0,0,9,40,0,20,0
05-06 21:25:31,11.491,4.746,54.208,27.229,0.749,1635728,397580,221844,5650352,25074.793,8566.438,0,16707.202,0,1065.184,7192,12543,2.890,1.880,0.940,0,1,26.979,0,0,9,40,0,19,0
05-06 21:25:32,10.754,3.751,54.518,29.510,0,1636136,395216,221872,5652192,18067.981,8714.885,0,16889.590,0,1087.360,7794,13261,2.890,1.880,0.940,3,1,24.008,0,0,9,40,0,19,0
05-06 21:25:33,12.507,3.502,50.778,31.017,0,1637132,392728,221920,5653596,19995.938,8634.723,0,17029.315,0,1211.663,8300,13906,2.890,1.880,0.940,0,3,42.023,0,0,9,40,0,19,0
05-06 21:25:34,17.254,7.002,48.012,27.257,0,1637492,390680,221936,5655244,15467.929,8646.196,0,16724.248,0,1099.279,8352,16267,2.890,1.880,0.940,5,0,61.015,0,0,9,40,0,20,0
05-06 21:25:35,12.245,4.248,54.230,27.740,0.250,1637260,389168,221956,5656908,17790.275,10444.052,0,15794.030,0,1104.582,7949,13409,2.900,1.900,0.950,1,1,32.988,0,0,9,40,0,19,0
05-06 21:25:36,10.001,4.250,53.504,29.502,0.500,1636744,387956,221972,5658560,17259.329,9039.696,0,18521.426,0,1237.095,8095,13724,2.900,1.900,0.950,0,1,33.003,0,0,9,40,0,19,0
05-06 21:25:37,9.988,4.744,53.435,29.215,0.250,1642144,380568,221996,5660468,14691.150,7952.338,0,16380.098,0,1089.676,6994,12609,2.900,1.900,0.950,1,2,26.967,0,0,9,40,0,19,0
05-06 21:25:38,11.983,5.742,53.424,28.210,0,1642820,378552,222020,5661732,14100.063,6972.141,0,18194.273,0,1249.234,7491,12496,2.900,1.900,0.950,0,2,35.949,0,0,9,40,0,19,0
05-06 21:25:39,13.274,4.258,55.352,26.299,0,1642516,377008,222044,5663512,16430.314,8654.968,0,9641.789,0,752.388,5958,10575,2.900,1.900,0.950,0,1,44.081,0,0,9,40,0,19,0
05-06 21:25:40,11.509,5.254,53.791,28.522,0.250,1642956,374976,222100,5664984,15808.077,7678.867,0,17465.344,0,1154.882,7976,13920,2.750,1.890,0.950,4,1,39.030,0,0,9,40,0,19,0
05-06 21:25:41,10.761,4.505,52.555,29.781,0.501,1642224,373732,222112,5666876,17396.127,8601.963,0,17998.755,0,1183.233,7841,13556,2.750,1.890,0.950,0,2,15.016,0,0,9,40,0,19,0
05-06 21:25:42,11.504,4.752,49.517,31.011,0.250,1642644,371748,222124,5668396,14401.069,7925.790,0,18610.551,0,1306.460,10216,17817,2.750,1.890,0.950,2,1,15.005,0,0,9,40,0,19,0
05-06 21:25:43,23.737,6.496,43.226,25.736,0,1529972,482956,222132,5669800,19822.078,11371.734,0,21288.270,0,1427.214,7695,13474,2.750,1.890,0.950,3,1,57.968,0,0,9,38,0,15,0
05-06 21:25:44,30.989,5.248,42.735,20.243,0,1579556,431660,222160,5671412,17074.853,9058.739,0,11127.994,0,903.675,6290,10971,2.750,1.890,0.950,1,1,60.978,0,0,9,38,0,15,0
05-06 21:25:45,32.476,6.245,33.725,26.980,0.250,1621844,386048,222208,5674568,27889.724,19551.786,0,18686.415,0,1183.140,6257,11880,2.930,1.940,0.980,1,1,26.980,0,0,9,42,0,14,0
05-06 21:25:46,32.536,4.004,41.046,20.523,0.250,1643748,362296,222244,5676332,22663.292,13128.652,0,15945.796,0,1098.226,6575,11904,2.930,1.940,0.980,4,0,38.042,0,0,9,44,0,14,0
05-06 21:25:47,14.722,7.236,51.653,25.452,0.250,1530360,474224,222276,5677728,31141.361,7850.218,0,18561.050,0,1250.645,7929,13118,2.930,1.940,0.980,1,0,105.801,0,0,9,42,0,11,0
05-06 21:25:48,8.747,4.748,55.478,27.989,0,1529384,473452,222312,5679380,18708.685,8143.816,0,17537.143,0,1244.513,7664,12808,2.930,1.940,0.980,0,1,29.988,0,0,9,42,0,11,0
05-06 21:25:49,9.761,3.754,58.066,26.530,0.250,1528272,472712,222340,5681140,17984.484,8423.594,0,14124.087,0,1066.214,7092,12784,2.930,1.940,0.980,2,1,29.033,0,0,9,42,0,11,0
05-06 21:25:50,10.005,4.502,55.279,29.015,0.250,1528928,470112,222364,5682936,25381.401,8125.290,0,16324.619,0,1124.594,7552,12943,2.850,1.940,0.980,0,2,12.006,0,0,9,42,0,11,0
05-06 21:25:51,10.490,4.745,55.694,27.722,0.250,1534292,462804,222396,5684792,17473.561,8457.559,0,21007.035,0,1400.602,7811,14417,2.850,1.940,0.980,1,1,23.976,0,0,9,42,0,11,0
05-06 21:25:52,10.253,3.751,59.520,23.258,0,1534412,461260,222412,5686168,14333.816,8122.729,0,13752.621,0,1038.349,7149,13092,2.850,1.940,0.980,0,2,36.012,0,0,9,42,0,9,0
05-06 21:25:53,22.244,4.999,51.236,19.994,0.250,1536856,457464,222424,5687444,166085.496,158089.735,0,22541.688,0,1584.556,8047,13655,2.850,1.940,0.980,0,2,0,0,0,9,42,0,9,0
05-06 21:25:54,11.510,3.753,57.552,27.024,0,1539000,452960,222428,5689792,22957.731,14167.794,0,20290.322,0,1296.170,6973,13447,2.850,1.940,0.980,0,1,1.001,0,0,9,42,0,9,0
05-06 21:25:55,8.245,3.997,56.463,28.481,0.250,1539144,450116,222436,5692356,19740.892,10390.101,0,21325.840,0,1260.163,6555,12911,2.870,1.960,0.990,0,1,0,0,0,9,42,0,9,0
05-06 21:25:56,7.747,3.249,57.477,27.989,0.500,1538896,447864,222440,5694780,18449.749,10526.863,0,17045.301,0,1184.534,6478,12407,2.870,1.960,0.990,0,3,0,0,0,9,42,0,9,0
05-06 21:25:57,9.509,4.004,53.549,31.029,0,1539176,445304,222452,5696964,18867.434,11036.197,0,20434.882,0,1344.242,7128,12827,2.870,1.960,0.990,1,1,0,0,0,9,42,0,9,0
05-06 21:25:58,7.742,2.997,56.192,27.971,0,1539028,442688,222480,5699580,23349.786,11275.308,0,20394.851,0,1314.637,7417,13325,2.870,1.960,0.990,1,1,0,0,0,9,42,0,9,0
05-06 21:25:59,7.756,5.004,61.299,24.770,0.250,1539732,440184,222488,5701292,16936.431,8127.445,0,12774.130,0,874.694,5668,9975,2.870,1.960,0.990,0,2,14.011,0,0,9,42,0,9,0
05-06 21:26:00,13.253,5.251,53.262,25.006,0.250,1539732,438184,222492,5703232,36721.519,13034.024,0,26298.101,0,1784.414,9309,16703,3.040,2.010,1.020,0,1,6.001,0,0,9,42,0,9,0
05-06 21:26:01,29.023,5.504,46.787,19.015,0,1539464,437396,222496,5704248,27380.768,16336.988,0,20584.365,0,1400.113,7478,14083,3.040,2.010,1.020,2,0,0,0,0,9,42,0,9,0
05-06 21:26:02,19.977,14.983,64.426,0.250,0.499,1310472,666364,222500,5704268,19149.132,2413.244,0,1010.846,0,58.933,2264,3211,3.040,2.010,1.020,1,0,248.716,0,0,9,34,0,8,0
05-06 21:26:03,22.492,3.249,73.475,0.250,0,1360588,616244,222500,5704272,10472.439,1619.449,0,827.719,0,51.982,1053,1285,3.040,2.010,1.020,2,0,1.999,0,0,9,34,0,8,0
05-06 21:26:04,22.003,4.001,73.260,0.250,0,1410576,566256,222504,5704268,10741.418,1620.214,0,1760.232,0,111.015,1201,1581,3.040,2.010,1.020,2,0,0,0,0,9,34,0,8,0
05-06 21:26:05,23.006,2.751,73.518,0,0,1309212,667612,222504,5704276,86015.160,78136.222,0,144.035,0,12.003,1332,1785,2.870,1.990,1.020,2,0,27.007,0,0,9,34,0,8,0
05-06 21:26:06,22.494,2.999,73.730,0,0,1366800,610020,222504,5704280,10260.158,1619.551,0,39.989,0,3.999,1008,1152,2.870,1.990,1.020,2,0,1.999,0,0,9,34,0,8,0
05-06 21:26:07,21.757,4.251,74.024,0,0.250,1415540,561280,222504,5704280,12718.083,1620.520,0,0,0,0,977,1080,2.870,1.990,1.020,2,0,0,0,0,9,34,0,8,0
05-06 21:26:08,20.773,8.009,70.078,0.250,0.250,1308528,668288,222512,5704276,18936.114,10111.274,0,368.411,0,31.035,1808,2820,2.870,1.990,1.020,3,0,181.202,0,0,9,34,0,8,0
05-06 21:26:09,18.493,37.736,42.234,0,0.250,1319408,656804,222536,5704824,9850.316,2659.006,511.809,263.901,6.997,20.992,4803,9196,2.870,1.990,1.020,4,0,1045.609,0,0,10,14,0,8,20
05-06 21:26:10,14.748,31.995,50.493,0.250,0,1319652,656160,222536,5705076,8199.827,1619.768,0,311.955,0,25.996,3459,6684,2.720,1.980,1.010,1,0,772.889,0,0,10,14,0,8,20
05-06 21:26:11,22.749,17.749,58.747,0,0.250,1316472,659244,222536,5705100,10711.518,1619.927,0,4.000,0,1.000,3837,8667,2.720,1.980,1.010,2,0,128.994,0,0,10,14,0,8,20
05-06 21:26:12,26.025,23.522,49.547,0,0,1364772,610216,222544,5705660,9895.331,1621.529,0,12.011,0,3.003,3137,5259,2.720,1.980,1.010,2,0,372.351,0,0,12,14,0,8,20
05-06 21:26:13,18.171,15.184,63.971,0.498,0.249,1355552,618900,222544,5706356,9804.195,1612.958,191.165,15.930,1.991,3.983,3997,7420,2.720,1.980,1.010,10,0,186.187,0,0,12,14,0,8,20
05-06 21:26:14,29.370,18.074,51.962,0,0,1400036,574308,222544,5706028,12184.775,1626.645,0,0,0,0,2913,5262,2.720,1.980,1.010,3,0,309.263,0,0,12,14,0,8,20
05-06 21:26:15,16.998,21.998,59.494,0.250,0.250,1410572,563300,222544,5706636,8069.169,1511.844,0,503.948,0,13.999,3516,6387,2.500,1.940,1.010,2,0,309.968,0,0,14,14,0,8,20
05-06 21:26:16,25.470,15.482,57.432,0,0.250,1440756,533084,222544,5706300,8812.584,1564.151,0,0,0,0,3043,8312,2.500,1.940,1.010,2,0,124.852,0,0,14,14,0,8,20
05-06 21:26:17,58.075,16.271,25.282,0,0,1634172,339476,222608,5706252,8404.792,1622.083,0,0,0,0,1980,2476,2.500,1.940,1.010,14,0,24.031,0,0,16,14,0,8,20
05-06 21:26:18,85.010,15.002,0,0,0,1804552,168636,222612,5706428,20975.496,1620.193,0,588.070,0,32.004,2131,2641,2.500,1.940,1.010,14,0,11.001,0,0,16,14,0,8,20
05-06 21:26:19,72.753,23.001,0,4.000,0.250,1996308,129080,218032,5570160,8320.358,1620.070,404.017,4240.182,15.001,335.014,3412,5475,2.500,1.940,1.010,6,1,57.002,0,0,16,14,0,8,20
05-06 21:26:20,14.741,12.992,61.963,9.744,0.250,1967212,209316,217228,5520916,10194.934,1619.037,1663.011,19.988,21.987,4.997,2282,3538,2.300,1.910,1,2,0,178.894,0,0,16,14,0,8,20
05-06 21:26:21,8.998,17.995,67.982,3.999,0.250,1966740,208952,217232,5521728,8479.736,1619.568,679.818,23.994,28.992,5.998,2694,4225,2.300,1.910,1,1,0,284.924,0,0,16,14,0,8,20
05-06 21:26:22,21.511,13.757,58.531,4.502,0,1954284,220224,217232,5522416,10686.707,1620.866,540.289,8.004,24.013,2.001,3936,6457,2.300,1.910,1,1,0,120.064,0,0,16,14,0,8,20
05-06 21:26:23,24.753,12.001,56.006,6.251,0,2013228,156884,217272,5526644,10277.120,1720.188,4264.465,0,125.014,0,2722,4308,2.300,1.910,1,3,0,150.016,0,0,16,14,0,8,20
05-06 21:26:24,14.224,8.734,76.358,0.250,0.250,2039256,130228,217276,5527076,12428.932,4237.136,0,287.466,0,1.996,1894,2993,2.300,1.910,1,2,0,91.830,0,0,17,14,0,8,20
05-06 21:26:25,22.542,5.009,71.632,0.751,0.250,2085300,136244,216368,5478548,8204.120,1622.991,0,1983.656,0,194.358,1745,2025,2.200,1.890,1,2,1,1.002,0,0,17,14,0,8,20
05-06 21:26:26,20.717,1.248,72.137,4.243,0,2099944,121516,216368,5478628,183714.568,178007.528,67.893,1118.244,0.998,128.798,2215,3970,2.200,1.890,1,5,0,0,0,0,17,20,0,3,10
05-06 21:26:27,17.004,11.003,68.767,1.750,0.500,2042404,195024,215872,5463512,133910.674,126388.839,940.229,312.076,15.004,35.009,2735,4979,2.200,1.890,1,2,0,165.040,0,0,17,18,0,7,0
05-06 21:26:28,10.502,18.503,69.012,1.250,0,2042060,195224,215872,5463656,9914.735,1620.284,4.001,648.113,1.000,44.008,3168,5287,2.200,1.890,1,1,0,362.063,0,0,17,18,0,7,0
05-06 21:26:29,11.750,18.000,67.248,0.750,0.500,2041476,195280,215872,5464184,9734.776,1619.963,607.986,23.999,59.999,6.000,3033,4677,2.200,1.890,1,1,0,327.992,0,0,17,18,0,7,0
05-06 21:26:30,16.016,17.517,64.063,0.250,0,2028988,206400,215872,5464508,8307.149,1725.693,0,344.338,0,18.018,3831,7270,2.100,1.880,1,4,0,209.205,0,0,17,18,0,7,0
05-06 21:26:31,36.457,14.983,44.948,3.746,0.499,2109824,121860,215884,5468236,10018.319,1983.687,3312.138,0,65.923,0,3015,5796,2.100,1.880,1,3,0,174.796,0,0,17,19,0,7,0
05-06 21:26:32,36.553,5.508,47.069,10.265,0,2154108,132180,214056,5417856,6952.164,1622.372,36.053,2503.660,9.013,351.514,2323,2215,2.100,1.880,1,3,0,0,0,0,17,19,0,7,0
05-06 21:26:33,46.673,4.992,47.173,0.250,0,2236940,120776,211712,5350508,9821.872,1617.344,7.987,0,0.998,0,1606,1964,2.100,1.880,1,3,0,0,0,0,17,19,0,7,0
05-06 21:26:34,54.517,10.003,30.760,3.251,0,2282092,142376,207820,5289116,56155.801,48919.507,1792.568,8622.733,40.013,704.223,7476,16028,2.100,1.880,1,5,0,36.011,0,0,17,33,0,8,0
05-06 21:26:35,24.995,13.497,53.739,6.249,0,2299096,122632,207832,5291812,20561.908,12695.474,2547.493,211.958,88.982,13.997,2914,4572,2.010,1.870,1,3,0,250.950,0,0,17,34,0,8,0
05-06 21:26:36,13.779,2.255,81.419,1.503,0.251,2314144,126348,207032,5274256,17547.464,2425.039,56.117,2020.198,7.015,261.543,2042,2355,2.010,1.870,1,3,0,3.006,0,0,17,34,0,8,0
05-06 21:26:37,8.977,2.494,83.041,5.237,0.249,2325692,134232,206256,5256228,173710.119,6083.699,3100.203,227.428,45.885,5.985,1578,2107,2.010,1.870,1,1,0,2.992,0,0,17,34,0,9,0
05-06 21:26:38,19.507,9.503,67.274,3.001,0.250,2359680,144128,205072,5214168,8763.085,1566.551,236.083,4945.741,13.005,311.110,2805,4356,2.010,1.870,1,2,0,56.020,0,0,17,34,0,9,0
05-06 21:26:39,19.012,9.756,67.041,3.002,0.250,2378216,144612,205100,5195792,9257.693,1620.997,176.108,2693.657,40.025,74.046,2809,3280,2.010,1.870,1,1,0,76.047,0,0,17,34,0,9,0
05-06 21:26:40,17.237,8.494,70.199,4.996,0,2369996,144920,204964,5204008,8230.000,1618.820,3741.273,0,74.945,0,2180,3242,1.930,1.850,1,1,0,43.968,0,0,17,34,0,9,0
05-06 21:26:41,22.508,4.502,72.274,0.750,0,2383276,131036,204964,5204612,10144.429,1620.548,896.303,0,10.003,0,1533,2000,1.930,1.850,1,1,0,7.002,0,0,17,34,0,9,0
05-06 21:26:42,14.745,6.998,71.976,5.498,0.250,2342096,215472,205000,5161784,11249.299,1619.467,1795.409,11.996,75.975,1.999,2016,2872,1.930,1.850,1,0,1,80.973,0,0,17,34,0,9,0
05-06 21:26:43,16.501,16.501,65.004,1.250,0.250,2321620,233460,205008,5162740,10351.714,1620.112,700.048,0,37.003,0,3503,6919,1.930,1.850,1,1,0,237.016,0,0,17,34,0,9,0
05-06 21:26:44,14.745,8.997,73.974,1.749,0.250,2334388,219096,205012,5164016,13709.147,1619.427,1423.496,0,34.988,0,3319,5673,1.930,1.850,1,0,0,74.973,0,0,17,34,0,9,0
05-06 21:26:45,1.500,0.750,96.265,0,0.250,2334988,218480,205012,5164016,10287.636,1620.258,80.013,252.040,1.000,2.000,1246,1947,1.860,1.840,1,0,0,3.000,0,0,17,34,0,9,0
05-06 21:26:46,1.500,0.750,96.748,0,0.250,2334824,218544,205012,5164100,8966.785,1511.964,0,0,0,0,1303,2028,1.860,1.840,1,0,0,3.000,0,0,17,34,0,9,0
05-06 21:26:47,1.750,0.500,96.246,0,0,2322156,231212,205012,5164100,7971.681,1619.935,0,0,0,0,1278,2019,1.860,1.840,1,0,0,1.000,0,0,17,34,0,9,0
05-06 21:26:48,6.251,5.501,87.514,0,0,2294644,258980,205012,5164108,11737.925,3360.551,0,4.001,0,1.000,2300,3637,1.860,1.840,1,0,0,79.013,0,0,17,34,0,10,0
05-06 21:26:49,25.281,23.529,48.810,1.001,0.250,2300236,252532,205016,5164812,17524.555,1567.929,532.655,4621.685,14.017,227.280,6496,13596,1.860,1.840,1,3,0,260.320,0,0,17,34,0,10,0
05-06 21:26:50,20.341,19.597,55.565,1.488,0,2346940,204632,205024,5166084,16974.160,2088.654,1055.738,23.814,36.713,5.953,4750,8434,1.790,1.820,1,6,0,299.655,0,0,18,35,0,10,0
05-06 21:26:51,20.906,15.868,62.213,0,0.252,2323244,228180,205036,5166028,11665.899,2569.138,52.390,4.030,4.030,1.008,3538,9188,1.790,1.820,1,1,0,142.058,0,0,18,35,0,10,0
05-06 21:26:52,9.490,10.489,78.669,0.250,0.499,2343260,207876,205040,5166052,8523.221,1760.187,7.992,247.745,1.998,10.989,3477,6362,1.790,1.820,1,0,0,156.838,0,0,18,35,0,10,0
05-06 21:26:53,15.744,15.744,67.723,0,0,2321048,230020,205040,5166452,12618.016,1719.321,0,0,0,0,3824,6628,1.790,1.820,1,2,0,182.928,0,0,20,35,0,10,0
05-06 21:26:54,14.768,18.523,65.580,0,0.250,2338576,212384,205040,5166128,34668.191,26545.306,16.019,0,2.002,0,3550,9293,1.790,1.820,1,1,0,275.335,0,0,20,37,0,10,0
05-06 21:26:55,9.498,20.747,68.739,0,0,2337936,212792,205040,5166340,8323.610,1661.722,0,23.996,0,5.999,2962,4906,1.730,1.810,1,1,0,350.941,0,0,20,37,0,10,0
05-06 21:26:56,21.790,17.532,58.357,0,0,2335464,215020,205040,5166616,10307.853,1653.023,0,4.007,0,1.002,4809,8225,1.730,1.810,1,4,0,125.229,0,0,20,37,0,10,0
05-06 21:26:57,35.963,18.981,42.457,0.749,0.499,2371996,177760,205188,5166932,8214.637,1630.340,399.593,203.793,9.990,7.992,3746,6607,1.730,1.810,1,2,0,280.714,0,0,20,37,0,10,0
05-06 21:26:58,34.710,11.487,52.939,0,0.250,2421288,128136,205188,5167116,8933.735,1618.141,0,0,0,0,3288,7475,1.730,1.810,1,3,0,74.914,0,0,20,37,0,10,0
05-06 21:26:59,18.524,4.005,71.344,4.756,0,2443096,121932,205300,5152360,9852.947,1622.131,560.737,48716.013,86.113,507.667,2599,2559,1.730,1.810,1,3,0,5.007,0,0,20,37,0,10,0
05-06 21:27:00,23.251,7.750,65.754,2.250,0.250,2501388,132248,204480,5086444,137400.794,129549.291,164.010,0,17.001,0,2557,4765,1.670,1.790,1,2,0,14.001,0,0,20,45,0,15,0
05-06 21:27:01,21.463,5.491,70.879,0.749,0,2515756,177876,202488,5029952,11762.991,1757.011,95.837,571.029,10.981,6.988,1722,2374,1.670,1.790,1,1,0,4.992,0,0,20,45,0,15,0
05-06 21:27:02,25.160,5.729,62.775,4.982,0.249,2514364,177572,202488,5031724,12380.529,1900.175,1562.388,0,45.835,0,2319,3804,1.670,1.790,1,4,0,50.817,0,0,20,45,0,15,0
05-06 21:27:03,36.446,24.884,37.703,0.503,0,2570316,133968,202156,5018708,11249.477,4977.760,205.103,655.524,17.092,91.492,6880,14121,1.670,1.790,1,14,2,255.373,0,0,20,43,0,15,2
05-06 21:27:04,19.243,18.243,58.479,2.249,0.250,2555192,148828,202156,5019108,34627.430,26673.318,347.874,3994.550,14.995,338.877,5903,10838,1.670,1.790,1,1,0,226.918,0,0,20,43,0,16,2
05-06 21:27:05,28.734,26.735,43.726,0,0.250,2588004,131272,201820,5005528,12174.268,3756.922,3.998,979.458,0.999,157.913,7646,13989,1.610,1.780,1,25,1,296.836,0,0,20,35,0,18,4
05-06 21:27:06,18.507,16.006,62.273,2.501,0.250,2579996,137916,201828,5006372,141544.362,125558.335,920.347,664.250,34.013,69.026,4491,7187,1.610,1.780,1,3,0,187.071,0,0,20,45,0,19,4
05-06 21:27:07,17.468,13.725,66.877,0,0.250,2555088,162792,201828,5006028,9690.218,1617.033,0,0,0,0,3607,7400,1.610,1.780,1,0,0,69.872,0,0,20,45,0,19,4
05-06 21:27:08,22.064,8.525,68.699,0.251,0,2441548,276076,201960,5006152,11108.247,2445.098,232.675,0,8.023,0,1938,3185,1.610,1.780,1,3,0,134.390,0,0,20,37,0,25,0
05-06 21:27:09,30.718,21.977,46.202,0,0,2394372,323036,201960,5006280,9007.614,1618.314,0,263.725,0,2.997,3022,4642,1.610,1.780,1,2,0,366.618,0,0,20,37,0,25,0
05-06 21:27:10,33.761,20.757,44.515,0,0,2424444,292904,201960,5006680,10173.428,1620.546,0,28.009,0,7.002,2994,5628,1.640,1.790,1.010,4,0,338.114,0,0,20,37,0,25,0
05-06 21:27:11,48.177,23.215,28.207,0.749,0.250,2504640,212432,201964,5006580,137864.446,129632.958,7.988,219.666,1.997,1.997,3873,12796,1.640,1.790,1.010,3,0,186.716,0,0,20,45,0,30,0
05-06 21:27:12,46.069,10.015,43.064,0.501,0,2583644,163328,201584,4978552,10140.109,1768.635,32.048,3597.360,3.004,402.600,2541,3140,1.640,1.790,1.010,3,0,75.112,0,0,20,45,0,30,0
05-06 21:27:13,46.491,7.499,45.741,0,0.250,2650476,128148,200476,4948988,8993.210,1951.612,0,0,0,0,2013,3120,1.640,1.790,1.010,2,0,3.999,0,0,20,44,0,31,0
05-06 21:27:14,32.691,6.488,59.893,0.250,0.499,2689080,133656,198244,4907928,11998.499,1816.744,11.979,0,2.995,0,1952,3855,1.640,1.790,1.010,1,0,4.991,0,0,20,44,0,31,0
05-06 21:27:15,20.519,3.003,66.561,10.259,0,2705848,128668,199296,4895272,63119.196,54192.966,1345.240,3335.075,72.066,169.156,2781,4681,1.750,1.810,1.020,0,2,5.005,0,0,20,46,0,31,0
05-06 21:27:16,14.493,2.999,55.973,25.488,0,2705468,127572,199308,4896732,170525.318,151854.262,3.998,3682.236,1.000,311.851,4126,7424,1.750,1.810,1.020,0,2,5.997,0,0,20,48,0,31,0
05-06 21:27:17,16.767,4.505,53.303,24.525,0,2706544,131012,199132,4892668,242327.054,222743.412,0,17990.044,0,736.739,4969,7864,1.750,1.810,1.020,1,2,4.004,0,0,20,48,0,31,0
05-06 21:27:18,26.716,3.246,53.433,14.732,0.250,2696636,134056,199136,4899360,466891.052,452519.089,0,9344.273,0,337.576,5387,11067,1.750,1.810,1.020,0,1,3.995,0,0,20,48,0,32,0
05-06 21:27:19,32.828,11.277,46.110,7.267,0.251,2781864,127024,198848,4822884,305301.924,284126.505,20.048,8792.936,3.007,711.695,6389,13115,1.750,1.810,1.020,5,0,14.033,0,0,21,68,0,39,0
05-06 21:27:20,27.961,22.219,44.189,3.994,0.250,2819024,182928,198424,4732460,151333.857,135207.144,19.972,4809.353,2.996,343.525,4859,10357,1.690,1.790,1.020,2,0,383.470,0,0,21,73,0,40,0
05-06 21:27:21,10.748,21.246,67.488,0,0.250,2818672,182980,198424,4732740,13545.616,1996.649,0,787.861,0,47.992,3121,5263,1.690,1.790,1.020,1,0,328.942,0,0,21,73,0,40,0
05-06 21:27:22,22.265,14.259,59.289,2.752,0,2818708,180916,198424,4733664,7860.141,1621.060,900.589,4114.691,16.010,216.141,5339,9508,1.690,1.790,1.020,1,0,104.068,0,0,21,73,0,40,0
05-06 21:27:23,43.006,14.002,42.506,2.000,0,2914088,125752,198236,4695672,11114.512,1982.270,424.058,2456.334,10.001,334.045,3303,4388,1.690,1.790,1.020,1,1,140.019,0,0,21,74,0,40,0
05-06 21:27:24,42.748,6.250,48.248,2.000,0,2975468,123616,197984,4637812,8254.612,1565.926,67.997,8.000,13.999,2.000,1671,2081,1.690,1.790,1.020,2,0,0,0,0,21,74,0,40,0
05-06 21:27:25,18.478,15.732,62.677,1.498,0.250,2987484,135288,197876,4614760,66731.990,58569.532,175.794,1582.150,9.988,75.911,3565,5914,1.720,1.800,1.020,2,0,247.710,0,0,21,77,0,40,0
05-06 21:27:26,11.753,16.504,69.767,0.250,0.250,2988020,134720,197876,4614792,19948.768,1907.456,0,48.011,0,6.001,3086,4857,1.720,1.800,1.020,1,0,323.077,0,0,21,77,0,39,0
05-06 21:27:27,10.005,19.010,69.285,0,0.500,2987952,134740,197876,4614824,8484.310,1662.845,0,112.057,0,10.005,3099,5197,1.720,1.800,1.020,1,0,351.178,0,0,21,77,0,39,0
05-06 21:27:28,20.012,7.755,70.542,0,0.250,3021620,138172,196972,4579540,11683.010,1566.940,0,0,0,0,2173,3286,1.720,1.800,1.020,1,0,72.043,0,0,21,77,0,34,0
05-06 21:27:29,22.475,3.996,71.420,0.250,0,3042252,129572,196824,4567824,170616.933,163774.555,0,91.898,0,8.990,2008,3698,1.720,1.800,1.020,3,0,1.998,0,0,21,82,0,34,0
05-06 21:27:30,31.229,6.246,61.208,0.500,0,3009716,187224,196692,4543428,305294.400,295857.817,0,499.660,0,60.959,3014,5096,1.580,1.770,1.020,1,0,67.954,0,0,21,85,0,35,0
05-06 21:27:31,23.005,3.751,72.015,0.500,0.250,3056364,140556,196692,4543448,9819.003,1855.378,8.002,40.008,2.000,4.001,1418,1967,1.580,1.770,1.020,1,0,1.000,0,0,21,85,0,35,0
05-06 21:27:32,26.743,4.999,66.232,1.250,0,3073256,123308,196708,4543788,334172.108,325788.363,127.966,1183.682,6.998,115.969,3301,5997,1.580,1.770,1.020,6,0,1.999,0,0,21,90,0,35,0
05-06 21:27:33,27.476,3.497,65.942,1.499,0.250,3028256,192760,196708,4519844,312626.326,301572.109,319.717,1342.812,14.987,134.881,3310,5622,1.580,1.770,1.020,1,0,1.998,0,0,21,90,0,36,0
05-06 21:27:34,24.303,11.275,62.887,0.251,0.501,3065360,155504,196708,4519996,10698.322,2768.034,8.017,525.145,1.002,31.068,2880,9813,1.580,1.770,1.020,1,0,146.319,0,0,21,90,0,37,0
05-06 21:27:35,24.475,3.496,70.179,0.250,0,3091620,129208,196708,4520000,99373.335,91162.652,0,651.340,0,51.947,2037,3304,1.450,1.740,1.010,1,0,1.998,0,0,21,94,0,37,0
05-06 21:27:36,25.265,4.253,70.042,0.500,0.250,3116752,128316,196708,4496068,329174.200,311456.694,112.066,720.427,7.004,64.038,2933,5038,1.450,1.740,1.010,2,0,0,0,0,21,98,0,35,0
05-06 21:27:37,27.472,3.247,65.434,1.998,0,3071336,198072,196708,4472216,459354.755,451132.101,95.903,1202.779,4.995,127.870,3170,5307,1.450,1.740,1.010,2,0,5.994,0,0,21,99,0,36,0
05-06 21:27:38,21.507,6.502,71.524,0,0,3113132,156248,196708,4472228,10414.499,1512.508,0,460.155,0,31.010,1893,2867,1.450,1.740,1.010,2,0,88.030,0,0,21,99,0,35,0
05-06 21:27:39,24.005,3.251,71.016,0.250,0,3133820,135536,196708,4472236,176455.703,167773.749,0,436.098,0,26.006,2298,3714,1.450,1.740,1.010,2,0,2.000,0,0,21,102,0,35,0
05-06 21:27:40,23.037,6.260,70.863,0.250,0.751,3107820,161524,196708,4472248,88387.066,73098.665,0,568.908,0,44.070,2374,3524,1.420,1.720,1.010,3,0,58.093,0,0,21,101,0,36,0
05-06 21:27:41,23.455,3.244,72.362,0.250,0.250,3133588,135756,196708,4472248,89133.290,81200.394,0,319.392,0,13.973,1896,2821,1.420,1.720,1.010,5,0,0,0,0,21,101,0,36,0
05-06 21:27:42,23.060,5.514,70.683,0.251,0,3092332,176864,196712,4472392,168431.079,160725.082,0,364.947,0,20.052,2197,3792,1.420,1.720,1.010,3,0,53.138,0,0,21,101,0,37,0
05-06 21:27:43,23.687,3.740,70.811,0.249,0,3132188,136620,196712,4472436,59784.316,51376.773,3.989,259.307,0.997,18.949,1833,2928,1.420,1.720,1.010,2,0,0,0,0,21,102,0,37,0
05-06 21:27:44,23.281,3.755,68.590,1.001,0,3076796,191728,196712,4472680,305066.943,295734.708,80.105,1570.058,5.007,135.177,3333,5759,1.420,1.720,1.010,1,0,38.050,0,0,21,101,0,38,0
05-06 21:27:45,21.975,5.494,72.168,0,0.499,3124452,144068,196712,4472684,9446.297,1618.167,0,119.864,0,12.985,1747,2572,1.460,1.730,1.010,1,0,45.948,0,0,21,101,0,38,0
05-06 21:27:46,24.993,2.749,71.229,0.250,0.500,3139956,128412,196712,4472832,245048.466,237214.784,0,167.950,0,14.996,2506,4618,1.460,1.730,1.010,2,0,0,0,0,21,101,0,39,0
05-06 21:27:47,22.501,5.750,71.755,0,0,3117484,150872,196712,4472844,11603.766,4453.294,0,236.016,0,23.002,1900,3047,1.460,1.730,1.010,2,0,57.004,0,0,21,101,0,39,0
05-06 21:27:48,24.762,2.751,71.033,0,0,3139808,128412,196712,4472980,143261.046,132958.224,0,68.032,0,4.002,2093,3296,1.460,1.730,1.010,1,0,0,0,0,21,104,0,39,0
05-06 21:27:49,27.996,3.999,61.492,4.249,0,3144172,123900,196712,4473108,460304.002,453684.836,47.994,6139.226,3.000,496.937,5275,9137,1.460,1.730,1.010,1,0,2.000,0,0,21,103,0,39,0
05-06 21:27:50,25.525,7.257,66.564,0.751,0,3118180,149812,196712,4473172,40552.011,24369.443,0,928.894,0,71.068,2338,3537,1.750,1.780,1.040,1,0,54.052,0,0,21,101,0,40,0
05-06 21:27:51,24.008,3.001,71.775,0,0.250,3142768,125096,196712,4473300,89400.380,81708.680,0,324.114,0,16.006,1874,2891,1.750,1.780,1.040,1,0,0,0,0,21,101,0,40,0
05-06 21:27:52,26.202,1.996,69.623,0.499,0.749,3146228,121584,196712,4473336,459481.905,452450.730,0,742.645,0,81.851,2734,4800,1.750,1.780,1.040,2,0,0,0,0,21,103,0,40,0
05-06 21:27:53,29.063,3.257,65.142,0.752,0,3152340,140076,196712,4449544,581436.532,574549.518,32.070,1246.718,2.004,149.326,3304,5386,1.750,1.780,1.040,2,0,1.002,0,0,21,105,0,40,0
05-06 21:27:54,26.213,5.492,65.908,1.498,0,3106644,185536,196712,4449760,343793.346,332955.529,0,4693.425,0,330.537,3382,4708,1.750,1.780,1.040,1,0,70.901,0,0,21,105,0,41,0
05-06 21:27:55,23.481,3.997,71.941,0,0,3152540,139624,196712,4449760,11736.364,1456.804,0,391.678,0,20.983,1500,2030,1.690,1.770,1.040,1,0,0.999,0,0,21,105,0,41,0
05-06 21:27:56,25.762,3.001,69.533,1.251,0.500,3160020,132080,196716,4449804,327296.138,316489.016,16.008,1936.918,1.000,144.068,3277,5495,1.690,1.770,1.040,2,0,0,0,0,21,107,0,41,0
05-06 21:27:57,17.745,8.998,68.732,2.249,0,3118420,172440,196716,4451044,122673.105,112743.687,1207.686,735.809,16.996,71.981,2785,4607,1.690,1.770,1.040,1,0,147.962,0,0,21,105,0,42,0
05-06 21:27:58,24.002,3.250,71.755,0.250,0,3160276,130576,196716,4451048,52470.725,44566.164,0,400.028,0,28.002,1663,2409,1.690,1.770,1.040,1,0,0,0,0,21,106,0,42,0
05-06 21:27:59,24.261,2.501,68.531,2.001,0,3165272,125568,196720,4451056,448009.604,439065.580,4.002,2273.023,1.000,171.077,2939,4808,1.690,1.770,1.040,1,0,2.001,0,0,21,107,0,42,0
05-06 21:28:00,25.991,2.499,67.228,2.499,0.500,3170504,120148,196720,4451244,626570.978,615517.648,0,1231.591,0,148.951,3544,5866,1.870,1.810,1.050,1,0,0,0,0,21,107,0,42,0
05-06 21:28:01,38.808,8.763,50.826,1.252,0.250,3114672,199520,196720,4428180,796435.450,786967.238,452.679,913.371,18.027,87.131,3530,5966,1.870,1.810,1.050,1,1,143.215,0,0,21,105,0,38,0
05-06 21:28:02,36.455,9.988,51.187,1.498,0,3152684,160428,196720,4429108,453807.363,446835.945,826.982,1318.377,13.983,134.834,3927,6842,1.870,1.810,1.050,1,0,147.818,0,0,21,106,0,38,0
05-06 21:28:03,24.972,3.496,71.169,0.250,0.250,3177660,135448,196720,4429112,129962.972,123854.929,0,451.486,0,37.957,2142,3776,1.870,1.810,1.050,2,0,0,0,0,21,109,0,38,0
05-06 21:28:04,16.999,10.999,69.994,0,0,3113808,199276,196720,4429132,132599.464,126059.033,0,1095.905,0,116.990,2914,5026,1.870,1.810,1.050,1,0,178.984,0,0,21,106,0,39,0
05-06 21:28:05,11.274,18.289,68.398,0.251,0,3114276,198760,196720,4429160,10510.693,1515.271,0,416.900,0,23.050,2971,4746,1.720,1.780,1.050,1,0,319.690,0,0,21,106,0,38,0
05-06 21:28:06,19.249,16.499,62.246,0.500,0.500,3117236,194396,196724,4429536,20913.745,1906.886,0,899.946,0,59.996,3969,8512,1.720,1.780,1.050,1,0,161.990,0,0,21,106,0,38,0
05-06 21:28:07,31.739,21.743,45.485,0,0.250,3178388,133200,196724,4429192,19059.634,11493.161,0,179.940,0,12.996,4009,7132,1.720,1.780,1.050,4,0,344.885,0,0,21,108,0,35,0
05-06 21:28:08,31.484,24.238,43.478,0,0,3227448,133760,196724,4382460,9021.381,1849.053,0,123.937,0,12.993,2951,5049,1.720,1.780,1.050,6,0,355.818,0,0,21,108,0,35,0
05-06 21:28:09,45.918,23.208,29.447,0,0,3292784,137696,196744,4314432,152721.628,144236.816,0,463.171,0,30.945,6847,15698,1.720,1.780,1.050,7,0,91.836,0,0,21,120,0,29,0
05-06 21:28:10,51.864,21.798,25.306,0.251,0.251,3387724,120468,196744,4238016,9032.818,1623.562,72.158,7175.744,2.004,547.201,4501,7457,1.900,1.810,1.060,4,0,498.093,0,0,23,120,0,29,0
05-06 21:28:11,56.447,23.375,19.396,0.249,0,3460080,138280,196744,4149056,9825.307,3118.277,19.893,1667.060,1.989,246.677,4019,8189,1.900,1.810,1.060,5,0,319.288,0,0,23,120,0,29,0
05-06 21:28:12,63.154,24.406,11.323,0.252,0,3541980,131248,196740,4076224,16526.838,7835.176,32.206,314.011,1.006,23.148,6195,17397,1.900,1.810,1.060,5,0,290.863,0,0,23,122,0,29,0
05-06 21:28:13,41.945,25.217,29.461,1.248,0.250,3607912,133408,196744,4009244,59582.067,52807.927,107.859,615.195,12.983,31.958,3657,6868,1.900,1.810,1.060,3,0,468.387,0,0,23,136,0,24,0
05-06 21:28:14,31.215,20.227,46.448,0.499,0.250,3644204,128404,196756,3979260,18471.404,10285.532,59.933,315.648,2.997,21.975,3503,5686,1.900,1.810,1.060,5,0,323.639,0,0,24,136,0,24,0
05-06 21:28:15,26.816,17.292,55.386,0.251,0.251,3661400,131452,196756,3958624,9203.558,1515.715,0,340.835,0,21.052,4478,7792,2.070,1.850,1.080,5,0,166.408,0,0,24,136,0,23,0
05-06 21:28:16,30.473,23.230,44.711,0.999,0,3704960,128368,196760,3919204,17791.326,1921.307,227.799,207.817,5.995,12.989,3059,5172,2.070,1.850,1.080,3,0,348.693,0,0,24,136,0,23,0
05-06 21:28:17,40.233,20.241,38.234,0,0.250,3742256,129464,196764,3880784,99621.561,90476.457,59.974,207.911,1.999,12.994,4565,10104,2.070,1.850,1.080,12,0,233.900,0,0,24,136,0,23,0
05-06 21:28:18,40.493,22.496,32.494,4.249,0,3837092,133736,196772,3784984,57910.097,49884.470,203.965,8426.559,3.999,676.884,7350,11411,2.070,1.850,1.080,2,0,264.955,0,0,24,148,0,24,0
05-06 21:28:19,33.043,23.531,42.555,1.001,0,3879788,131348,196772,3745744,21877.441,15451.086,84.109,400.521,4.005,36.047,3550,6220,2.070,1.850,1.080,2,0,436.568,0,0,24,154,0,22,0
05-06 21:28:20,37.893,24.182,37.145,0,0,3966612,135284,196772,3657620,108094.094,98230.009,0,686.058,0,45.870,3791,7207,2.150,1.870,1.090,4,0,483.631,0,0,24,156,0,22,0
05-06 21:28:21,27.533,22.777,48.558,0.250,0,3950824,149920,196780,3659276,40090.507,29475.929,0,528.626,0,31.037,5005,11343,2.150,1.870,1.090,1,0,328.389,0,0,24,162,0,15,0
05-06 21:28:22,26.411,16.943,55.065,0,0,3981104,133840,196780,3643620,10468.825,1704.274,0,223.250,0,15.946,4272,8798,2.150,1.870,1.090,3,0,163.451,0,0,24,162,0,15,0
05-06 21:28:23,44.460,10.299,45.214,0,0.754,4081372,133080,196780,3548588,19166.716,9739.095,0,329.560,0,27.128,2253,3119,2.150,1.870,1.090,2,0,2.010,0,0,24,162,0,15,0
05-06 21:28:24,46.169,7.487,45.670,0,0.250,4144352,140824,196780,3479848,17707.048,7615.688,0,107.812,0,11.979,2111,2738,2.150,1.870,1.090,4,0,0,0,0,24,161,0,16,0
05-06 21:28:25,44.540,10.009,44.289,0.751,0,4204984,154660,196920,3407844,122957.186,115091.201,264.235,276.245,8.007,11.010,3252,7582,2.140,1.870,1.090,3,0,4.004,0,0,24,167,0,16,0
05-06 21:28:26,38.045,23.278,33.790,4.756,0,4134776,216908,196944,3415440,38253.483,28916.382,4645.524,544.648,68.081,31.037,5237,10512,2.140,1.870,1.090,3,0,409.487,0,0,24,169,0,16,0
05-06 21:28:27,46.253,29.252,23.002,0,0,4180720,166776,196968,3419380,54111.950,45765.341,596.044,240.018,7.001,18.001,4328,8570,2.140,1.870,1.090,5,0,485.035,0,0,24,170,0,16,0
05-06 21:28:28,47.435,20.222,30.458,0,0,4158384,186052,196972,3420928,321115.109,313106.105,0,595.183,0,31.956,6320,13030,2.140,1.870,1.090,3,0,161.778,0,0,24,186,0,16,0
05-06 21:28:29,74.855,23.032,2.504,0,0,4247172,134932,196976,3385900,18064.380,8904.511,168.236,2968.170,6.008,164.231,3942,8145,2.140,1.870,1.090,6,0,197.277,0,0,24,186,0,16,0
05-06 21:28:30,74.998,18.249,3.500,3.500,0.250,4351464,140120,196992,3279972,167066.988,155382.339,243.993,20243.393,8.000,871.974,4700,6230,2.280,1.910,1.110,6,0,44.999,0,0,24,190,0,16,0
05-06 21:28:31,74.421,20.478,2.747,1.748,0.499,4368808,132404,197088,3270264,221334.050,196916.859,1298.627,2009.876,32.965,81.913,5781,34967,2.280,1.910,1.110,7,0,27.970,0,0,24,206,0,16,0
05-06 21:28:32,68.917,15.481,13.733,1.248,0,4430224,130492,197088,3211960,600313.021,592242.794,583.294,1765.862,32.960,166.798,6415,14602,2.280,1.910,1.110,5,0,245.702,0,0,24,209,0,20,0
05-06 21:28:33,35.245,21.997,39.994,1.750,0.250,4366140,194256,197088,3212752,327014.313,318143.688,199.969,3315.486,22.996,210.967,6338,12116,2.280,1.910,1.110,3,0,342.947,0,0,24,212,0,20,0
05-06 21:28:34,45.562,17.274,37.301,0,0,4428736,130140,197092,3212424,15712.495,8689.888,144.197,548.751,5.007,38.052,4677,7820,2.280,1.910,1.110,3,1,152.208,0,0,24,212,0,20,0
05-06 21:28:35,55.549,24.521,18.016,1.001,0,4484960,137416,197092,3153508,295789.816,276608.032,392.343,18135.869,8.007,873.765,6810,18212,2.420,1.940,1.120,4,0,463.405,0,0,24,214,0,20,0
05-06 21:28:36,58.750,23.500,16.000,1.250,0,4497144,123440,197092,3154064,16343.984,7623.992,412.000,368.000,6.000,27.000,5022,8148,2.420,1.940,1.120,14,0,153.000,0,0,24,214,0,20,0
05-06 21:28:37,64.172,25.469,7.741,1.248,0,4590224,138968,196944,3051320,273119.253,265410.588,962.834,6340.322,33.959,543.342,7139,14931,2.420,1.940,1.120,3,0,474.425,0,0,24,220,0,21,0
05-06 21:28:38,60.449,21.232,17.985,0,0,4589932,147252,196724,3042640,86508.468,77958.735,0,595.494,0,46.960,5807,11454,2.420,1.940,1.120,10,0,172.853,0,0,24,222,0,21,0
05-06 21:28:39,65.895,18.290,13.530,0.251,0.251,4695984,127232,194812,2963824,242506.514,234836.641,64.141,633.393,6.013,39.086,5553,14946,2.420,1.940,1.120,4,0,185.408,0,0,24,228,0,24,0
05-06 21:28:40,65.836,10.723,22.943,0.499,0.249,4741992,124784,194468,2922896,197693.348,189034.925,3.990,6104.787,0.998,623.446,4165,5062,2.470,1.960,1.140,5,0,11.970,0,0,24,228,0,24,0
05-06 21:28:41,65.018,9.002,22.756,2.501,0.250,4811204,123848,192996,2861952,363809.228,356560.271,668.180,512.138,45.012,31.008,3645,6563,2.470,1.960,1.140,3,0,3.001,0,0,24,233,0,25,0
05-06 21:28:42,67.596,11.516,19.027,2.253,0.250,4757100,207980,192896,2833536,271943.888,265013.054,1426.024,745.057,30.043,73.104,5738,11014,2.470,1.960,1.140,2,0,32.045,0,0,24,240,0,29,0
05-06 21:28:43,47.769,25.260,25.010,0.500,0,4778136,186180,193020,2833752,23125.996,12937.033,672.262,468.182,16.006,33.013,3731,7004,2.470,1.960,1.140,4,0,447.174,0,0,24,242,0,30,0
05-06 21:28:44,56.180,20.974,21.723,0,0,4786336,177512,193020,2834504,303178.150,294058.485,295.633,834.962,6.991,79.901,4891,10591,2.470,1.960,1.140,3,0,310.614,0,0,24,248,0,29,0
05-06 21:28:45,48.812,35.545,13.017,2.753,0,4831604,128328,198180,2834988,20150.591,1622.060,14490.403,6429.165,247.314,585.744,7056,12368,2.910,2.060,1.170,4,1,189.240,0,0,25,248,0,29,0
05-06 21:28:46,69.986,14.247,11.748,2.999,0,4924528,121420,195632,2753948,235901.348,227380.069,3411.311,1265.744,74.985,70.986,5725,10647,2.910,2.060,1.170,4,0,150.970,0,0,25,253,0,28,0
05-06 21:28:47,75.749,15.750,3.750,4.750,0.250,4963756,129584,194396,2710112,91172.088,83852.161,1751.982,611.994,124.999,44.000,3579,5194,2.910,2.060,1.170,5,0,19.000,0,0,25,255,0,28,0
05-06 21:28:48,77.014,12.502,3.501,5.501,0.250,5042780,138468,191972,2628640,100562.504,93940.285,1460.269,984.181,62.011,64.012,4538,6678,2.910,2.060,1.170,6,0,9.002,0,0,25,255,0,27,0
05-06 21:28:49,51.147,12.225,34.930,0.748,0,4995012,185720,191988,2629004,211782.529,202373.432,375.246,746.500,10.978,65.868,4504,9123,2.910,2.060,1.170,2,0,205.587,0,0,25,255,0,29,0
05-06 21:28:50,44.719,7.245,47.217,0.749,0.250,5043476,136888,191992,2629316,95018.202,82594.936,643.548,247.826,21.985,16.988,2379,3491,2.840,2.060,1.180,1,1,4.996,0,0,25,255,1,28,0
05-06 21:28:51,43.764,9.503,43.014,0.750,0.500,4960424,219860,192008,2629408,198268.851,188894.880,340.108,456.145,9.003,42.013,3604,5720,2.840,2.060,1.180,3,0,13.004,0,0,25,256,0,28,0
05-06 21:28:52,44.250,8.000,47.000,0.250,0,5021120,159120,192016,2629440,26224.974,14069.986,272.000,436.000,3.000,40.000,2528,3539,2.840,2.060,1.180,3,0,8.000,0,0,25,260,0,28,0
05-06 21:28:53,45.060,6.759,47.564,0.501,0,5008544,171520,192032,2629584,321278.513,287427.152,580.778,584.784,9.012,61.082,3689,6627,2.840,2.060,1.180,3,0,9.012,0,0,25,261,0,28,1
05-06 21:28:54,26.028,7.508,65.572,0.250,0,4960804,219188,192036,2629652,168227.536,13166.365,256.280,352.384,2.002,32.035,2453,3660,2.840,2.060,1.180,2,0,41.045,0,0,25,261,0,28,0
05-06 21:28:55,20.705,6.236,72.093,0,0.249,4949276,230056,192044,2630300,580251.274,36111.602,542.822,247.463,5.987,18.959,2242,3241,2.690,2.040,1.180,1,0,5.987,0,0,25,263,0,28,0
05-06 21:28:56,23.744,5.998,68.982,0.500,0,4962784,215600,192072,2631204,880813.227,28546.521,255.933,551.855,1.999,58.985,2673,3681,2.690,2.040,1.180,3,0,10.997,0,0,25,271,0,27,0
05-06 21:28:57,21.793,5.010,71.390,0.250,0.250,4979072,197772,192072,2632744,1633001.417,14767.916,513.004,176.345,4.008,8.016,2471,3084,2.690,2.040,1.180,1,0,5.010,0,0,25,271,0,27,0
05-06 21:28:58,24.994,5.249,68.984,0,0.250,4953872,221016,192076,2634680,1979989.542,56018.284,255.942,559.873,2.000,43.990,3104,4081,2.690,2.040,1.180,1,0,5.999,0,0,25,274,0,26,0
05-06 21:28:59,24.700,3.742,69.860,0.249,0.249,4971292,201684,192076,2636560,2044817.142,14003.922,255.488,267.464,1.996,27.944,2865,3585,2.690,2.040,1.180,1,0,7.984,0,0,25,274,0,26,0
05-06 21:29:00,21.757,6.002,71.021,0,0,4955628,215316,192076,2638592,2116951.319,14143.271,512.155,132.040,4.001,12.004,2650,3041,2.640,2.040,1.180,1,0,5.002,0,0,25,274,0,26,0
05-06 21:29:01,4.991,1.497,92.080,0.250,0.250,4955120,213468,192076,2640932,2467401.243,18065.615,0,271.498,0,22.958,2712,3167,2.640,2.040,1.180,3,0,0,0,0,25,274,0,26,0
05-06 21:29:02,3.505,1.252,92.395,0,0,4955088,211012,192084,2643412,2627175.156,14800.177,16.025,236.370,1.002,20.031,2813,3189,2.640,2.040,1.180,0,0,0,0,0,25,274,0,25,0
05-06 21:29:03,5.500,2.250,89.244,0.750,0.750,4955872,208064,192092,2645568,2438140.330,23187.377,0,319.978,0,30.998,2935,3465,2.640,2.040,1.180,1,0,43.997,0,0,25,273,0,25,1
05-06 21:29:04,16.289,12.530,69.165,2.005,0,4975516,186324,192092,2647648,21350.922,10197.321,1904.542,296.708,23.055,35.084,3108,4977,2.640,2.040,1.180,1,0,205.490,0,0,25,273,0,24,0
05-06 21:29:05,24.462,3.245,70.641,0.250,0,5014948,146892,192092,2647648,30767.311,23701.263,0,235.635,0,15.975,1868,2873,2.500,2.020,1.180,3,0,0,0,0,25,274,0,24,0
05-06 21:29:06,25.541,3.506,68.609,0.250,0.250,5015720,145860,192092,2647892,380981.761,374620.647,0,284.452,0,27.043,3699,6679,2.500,2.020,1.180,2,0,1.002,0,0,25,279,0,27,0
05-06 21:29:07,24.700,4.740,68.612,0.499,0.249,5023936,137000,192108,2648500,3351338.863,3341933.739,431.135,315.367,22.954,32.934,3366,7114,2.500,2.020,1.180,1,0,2.994,0,0,25,281,0,28,0
05-06 21:29:08,28.305,3.757,66.629,1.002,0,5033052,127796,192112,2648580,6327988.313,6319691.242,48.093,649.258,9.017,61.118,4105,7815,2.500,2.020,1.180,1,0,0,0,0,25,283,0,29,0
05-06 21:29:09,26.170,3.988,66.049,1.495,0.249,5037164,123488,192124,2648764,474498.524,464308.502,7.976,2468.496,1.994,181.448,4797,8769,2.500,2.020,1.180,1,0,4.985,0,0,25,287,0,29,0
05-06 21:29:10,29.748,8.499,55.746,5.500,0,5040684,128808,191520,2642416,53272267.852,53261615.640,59.996,24002.224,6.000,812.940,5345,8254,2.460,2.020,1.180,5,0,2.000,0,0,25,292,0,35,0
05-06 21:29:11,15.038,13.033,62.908,7.018,0.752,4982468,210508,190824,2623408,3904507.313,3895734.293,176.443,16609.690,6.015,78.196,3563,5676,2.460,2.020,1.180,1,0,201.506,0,0,25,291,0,38,0
05-06 21:29:12,16.008,13.507,69.534,0.500,0,5011816,181008,190828,2623556,10869.337,3608.772,36.018,256.126,3.001,14.007,2983,5228,2.460,2.020,1.180,2,0,287.141,0,0,25,291,0,38,0
05-06 21:29:13,24.704,3.494,69.870,1.248,0,5041772,151024,190836,2623576,15388.470,7968.227,7.985,818.483,0.998,62.883,2124,3399,2.460,2.020,1.180,0,0,0,0,0,25,291,1,38,0
05-06 21:29:14,3.748,0.750,93.438,0.250,0,5042232,150560,190836,2623580,17456.409,8722.208,0,263.825,0,23.984,1893,3298,2.460,2.020,1.180,0,0,0,0,0,25,292,0,38,0
05-06 21:29:15,12.259,10.258,76.557,0,0.250,4981072,211704,190836,2623596,17648.219,2032.522,0,228.171,0,16.012,2524,3927,2.430,2.020,1.190,2,0,150.112,0,0,25,291,0,38,0
05-06 21:29:16,9.509,18.267,68.563,0.250,0.751,4980836,211912,190840,2623620,20280.618,12504.479,4.004,320.294,1.001,27.025,3644,6008,2.430,2.020,1.190,3,0,325.299,0,0,25,291,0,38,0
05-06 21:29:17,6.238,10.979,79.847,1.497,0,4981620,211056,190840,2623692,13286.596,6697.195,27.947,1137.824,1.996,171.672,2812,4388,2.430,2.020,1.190,0,0,190.636,0,0,25,293,0,38,0
05-06 21:29:18,14.513,3.253,79.820,1.251,0,5005356,187240,190856,2623756,24875.791,16653.589,0,520.456,0,52.046,2159,3515,2.430,2.020,1.190,1,0,10.009,0,0,25,293,0,38,0
05-06 21:29:19,25.485,3.498,69.209,0.250,0,5036772,155724,190892,2623820,17276.669,8834.717,31.981,435.739,0.999,52.968,2455,4006,2.430,2.020,1.190,2,0,1.999,0,0,25,293,0,38,0
05-06 21:29:20,28.071,4.010,67.421,0.752,0,5042288,150200,190912,2623804,256052.605,248766.120,0,621.577,0,59.150,3191,5930,2.390,2.020,1.190,2,0,40.102,0,0,25,298,0,38,0
05-06 21:29:21,20.468,16.474,60.903,0.499,0.499,4991964,199044,190936,2625224,45567.775,37567.456,99.842,475.247,7.987,42.932,3534,5854,2.390,2.020,1.190,3,0,209.668,0,0,25,301,0,38,0
05-06 21:29:22,15.790,17.293,65.664,0.251,0.501,5008344,183268,190936,2624620,20374.978,1911.783,88.221,164.411,12.030,10.025,3391,5416,2.390,2.020,1.190,2,0,196.492,0,0,25,301,0,38,0
05-06 21:29:23,16.698,15.701,65.545,0.249,0,4993168,198256,190956,2624756,23676.130,8019.978,3.988,338.942,0.997,24.922,3276,5260,2.390,2.020,1.190,1,0,202.369,0,0,25,301,0,38,0
05-06 21:29:24,26.745,2.999,69.736,0.500,0,5040628,150788,190960,2624760,19446.208,9143.217,0,231.955,0,20.996,2065,3082,2.390,2.020,1.190,1,0,2.000,0,0,25,301,0,38,0
05-06 21:29:25,30.500,6.500,62.000,0.750,0,5073668,128356,190556,2614680,169777.358,160780.286,112.001,552.004,6.000,43.000,3289,5770,2.280,2,1.190,1,0,0,0,0,25,301,0,37,0
05-06 21:29:26,25.490,3.748,68.722,1.499,0,5104008,141512,189684,2575620,48102.663,40527.708,191.923,383.846,6.997,45.982,2439,3865,2.280,2,1.190,1,0,1.999,0,0,25,305,0,37,0
05-06 21:29:27,25.747,3.750,67.492,0.250,0.250,5055780,189708,189684,2575652,9784.787,4056.497,19.998,179.978,4.000,9.999,1867,2740,2.280,2,1.190,3,0,6.999,0,0,25,301,0,37,0
05-06 21:29:28,27.273,3.753,67.806,0,0.250,5070372,175100,189700,2575652,23592.511,16209.405,0,320.265,0,33.027,2155,3348,2.280,2,1.190,1,0,0,0,0,25,301,0,37,0
05-06 21:29:29,24.246,5.499,68.738,0.750,0.250,5098784,146624,189708,2575708,176898.573,171141.564,31.994,383.934,1.000,41.993,2576,5150,2.280,2,1.190,3,0,6.999,0,0,25,304,0,37,0
05-06 21:29:30,26.250,3.000,69.750,0,0.250,4997020,248380,189708,2575716,149292.955,141146.012,0,263.998,0,18.000,2689,4269,2.260,2,1.200,4,0,21.000,0,0,25,301,0,37,0
05-06 21:29:31,25.497,4.000,69.993,0,0,5047556,197816,189732,2575720,19444.939,11253.807,0,335.964,0,33.996,2097,3052,2.260,2,1.200,2,0,1.000,0,0,25,301,0,37,0
05-06 21:29:32,21.741,5.248,71.971,0.750,0,4992760,252516,189744,2575740,12679.852,1966.202,391.841,163.933,4.998,10.996,2203,3378,2.260,2,1.200,1,0,84.966,0,0,25,301,0,37,0
05-06 21:29:33,11.524,17.286,67.390,0.752,0.251,4988548,256364,189900,2575956,21138.863,9459.629,172.358,941.955,9.019,53.110,3650,6106,2.260,2,1.200,1,0,355.738,0,0,25,301,0,32,0
05-06 21:29:34,15.245,3.249,69.476,10.247,0.500,4998436,245484,190068,2576780,19101.525,11459.115,935.683,191.935,43.985,22.992,2344,3759,2.260,2,1.200,1,0,49.983,0,0,25,301,0,32,0
05-06 21:29:35,27.472,10.240,57.442,4.495,0,5008712,234324,190076,2577620,17080.868,7252.726,659.339,567.431,98.901,51.948,3262,7152,2.160,1.990,1.200,2,0,123.876,0,0,25,301,0,34,0
05-06 21:29:36,21.247,2.250,69.739,6.249,0.250,5019116,222956,190084,2578576,26359.809,7391.825,987.843,211.966,97.984,19.997,2282,3308,2.160,1.990,1.200,3,0,1.000,0,0,25,301,0,34,0
05-06 21:29:37,25.023,2.252,70.564,1.501,0.250,5025592,215960,190224,2578956,10084.187,2305.100,496.452,220.201,54.049,14.013,1952,2728,2.160,1.990,1.200,3,0,3.003,0,0,25,301,0,32,0
05-06 21:29:38,25.301,6.012,65.132,3.507,0,5046460,191924,190244,2582104,24510.511,15839.997,3246.558,388.785,74.150,39.079,6238,12934,2.160,1.990,1.200,4,0,6.012,0,0,25,301,0,32,0
05-06 21:29:39,22.189,6.732,69.060,0.748,0,5025676,212480,190260,2582300,15150.367,8372.991,87.759,478.685,5.984,43.879,3273,5754,2.160,1.990,1.200,4,0,9.973,0,0,25,301,0,29,0
05-06 21:29:40,9.252,1.250,88.269,0.250,0,5025812,212320,190276,2582308,13721.991,3209.700,0,236.051,0,15.003,1768,2695,2.140,1.990,1.200,2,0,0,0,0,25,302,0,29,0
05-06 21:29:41,4.497,0.999,91.436,1.499,0.749,5027040,211060,190312,2582300,26266.613,9423.404,3.997,3869.291,0.999,444.689,2697,3079,2.140,1.990,1.200,1,0,0,0,0,25,302,1,27,0
05-06 21:29:42,4,0.500,94.500,0,0.250,5027548,210524,190312,2582328,11784,4553,0,72,0,4,1607,2652,2.140,1.990,1.200,0,0,0,0,0,25,303,0,27,0
05-06 21:29:43,3.000,1.250,93.498,0.250,0,5027700,209968,190316,2582376,43639.084,8897.813,0,271.994,0,23.000,1843,2903,2.140,1.990,1.200,0,0,0,0,0,25,303,0,21,0
05-06 21:29:44,9.240,1.748,86.904,0.499,0,5028596,208236,190404,2583124,116669.730,10670.177,0,439.513,0,23.973,1911,2943,2.140,1.990,1.200,2,0,0,0,0,25,303,0,21,0
05-06 21:29:45,8.762,0.501,88.118,0,0.250,5029132,207668,190432,2583128,75442.017,5611.514,0,328.440,0,18.024,1755,2681,1.970,1.950,1.190,2,0,0,0,0,25,303,0,20,0
05-06 21:29:46,4.751,2.001,91.273,1.000,0.250,5031280,203636,190464,2584980,854469.326,29188.355,64.016,1216.307,1.000,42.011,2546,3389,1.970,1.950,1.190,1,0,0,0,0,25,303,0,20,0
05-06 21:29:47,23.255,4.751,70.264,0.750,0.250,5047104,183340,190840,2589068,11585.294,1855.367,28.006,484.096,2.000,7.001,1832,2632,1.970,1.950,1.190,2,1,2.000,0,0,25,303,0,20,0
05-06 21:29:48,25.499,4.750,67.996,1.250,0,5049404,178648,191068,2591232,26965.517,16378.099,111.994,723.960,12.999,39.998,2533,3905,1.970,1.950,1.190,2,0,2.000,0,0,25,303,0,21,0
05-06 21:29:49,26.505,3.251,68.512,0.500,0.250,5034212,193020,191276,2591840,15265.778,6983.271,56.010,928.169,5.001,52.009,2948,4738,1.970,1.950,1.190,1,0,2.000,0,0,25,303,0,18,0
05-06 21:29:50,25.241,1.999,70.975,1.499,0,5038632,186160,191388,2594168,12758.586,2060.287,151.947,171.941,18.993,11.996,1810,2415,1.890,1.940,1.190,1,0,0,0,0,25,303,0,18,0
05-06 21:29:51,25.272,6.506,65.056,1.001,0.250,5053564,168088,192068,2596604,24494.968,7376.314,0,3186.728,0,219.188,2178,3014,1.890,1.940,1.190,1,0,2.002,0,0,25,303,0,18,0
05-06 21:29:52,24.798,6.262,67.631,0,0.250,5060632,161004,192068,2596604,10051.490,2012.903,0,24.047,0,6.012,8397,17442,1.890,1.940,1.190,1,0,12.023,0,0,25,303,0,18,0
05-06 21:29:53,18.449,10.222,69.307,1.496,0,4989444,239564,192200,2589100,14778.915,7721.534,219.390,817.727,6.981,29.917,2673,4362,1.890,1.940,1.190,1,0,166.537,0,0,25,301,0,18,0
05-06 21:29:54,21.996,9.748,67.987,0.250,0.250,5027780,201212,192204,2589112,20157.150,12770.561,79.985,155.970,4.999,13.997,2474,4188,1.890,1.940,1.190,2,0,136.974,0,0,25,301,0,18,0
05-06 21:29:55,24.997,3.250,70.742,0,0,5051832,176860,192204,2589396,135979.818,126936.895,0,211.975,0,10.999,2287,3772,1.740,1.910,1.180,1,0,0,0,0,25,305,0,19,0
05-06 21:29:56,21.000,8.750,69.251,0.250,0.250,4996040,232452,192212,2589588,210317.734,204078.653,172.002,288.004,4.000,26.000,3145,5837,1.740,1.910,1.180,1,0,113.001,0,0,25,301,0,20,0
05-06 21:29:57,24.560,4.260,69.670,0,0.251,5042272,186216,192212,2589592,19050.426,10671.005,0,120.293,0,8.020,1710,2532,1.740,1.910,1.180,1,0,1.002,0,0,25,301,0,20,0
05-06 21:29:58,30.445,3.244,63.884,0.749,0.250,5052116,176356,192232,2589588,210931.581,202295.239,0,535.030,0,55.899,3173,5183,1.740,1.910,1.180,1,0,0.998,0,0,25,301,0,21,0
05-06 21:29:59,23.738,5.497,68.965,0.500,0,5029600,198800,192256,2589636,15995.986,8427.778,31.984,383.808,0.999,45.977,2618,4325,1.740,1.910,1.180,1,0,73.963,0,0,25,301,0,21,0
05-06 21:30:00,25.025,3.754,70.070,0,0.250,5051052,177316,192260,2589664,98811.911,91197.288,44.044,244.244,6.006,22.022,2214,3507,1.680,1.890,1.180,1,0,0,0,0,25,303,0,21,0
05-06 21:30:01,22.985,5.246,69.953,0.250,0.250,5011972,216212,192264,2589844,186820.830,178546.374,0,263.823,0,27.981,2814,5454,1.680,1.890,1.180,1,0,57.961,0,0,25,301,0,21,0
05-06 21:30:02,24.004,4.001,69.513,1.000,0,5051764,176364,192304,2589860,74879.853,69122.788,0,4480.829,0,259.048,2552,4765,1.680,1.890,1.180,1,0,0,0,0,25,302,0,21,0
05-06 21:30:03,25.236,4.498,69.212,0.500,0.250,4999712,228396,192320,2589864,193491.966,184426.934,0,2218.784,0,126.930,2955,5314,1.680,1.890,1.180,1,0,27.985,0,0,25,301,0,23,0
05-06 21:30:04,23.501,3.250,71.504,0.250,0,5045452,182624,192336,2589880,13643.791,8142.472,0,116.007,0,15.001,1835,2942,1.680,1.890,1.180,1,0,1.000,0,0,25,301,0,23,0
05-06 21:30:05,25.262,5.002,69.533,0.250,0.250,5050328,177584,192356,2590020,280090.203,273177.940,16.008,512.242,1.000,53.025,2998,6101,1.710,1.890,1.190,4,0,0,0,0,25,301,0,26,0
05-06 21:30:06,24.520,5.004,69.556,0,0.250,5028344,199516,192380,2590044,26750.427,9865.903,0,400.321,0,37.030,2335,3657,1.710,1.890,1.190,1,0,49.039,0,0,25,301,0,26,0
05-06 21:30:07,25.407,3.487,68.998,0.747,0.249,5052052,175796,192388,2590048,97930.944,91070.955,3.985,330.794,0.996,15.942,2032,3245,1.710,1.890,1.190,2,0,0,0,0,25,305,0,27,0
05-06 21:30:08,26.320,4.261,67.931,0.501,0,5015964,211824,192416,2590076,179741.550,171892.609,0,433.156,0,44.118,3032,5305,1.710,1.890,1.190,1,0,29.078,0,0,25,301,0,24,0
05-06 21:30:09,24.993,3.499,69.981,0.250,0,5051192,176576,192424,2590088,96413.258,89476.110,15.996,283.924,1.000,29.992,2588,4271,1.710,1.890,1.190,1,0,1.999,0,0,25,301,0,24,0
05-06 21:30:10,25.510,6.753,65.775,0.750,0.250,5001512,226196,192444,2590128,198839.161,189790.741,0,460.174,0,41.016,3418,5862,1.650,1.880,1.190,2,0,89.034,0,0,25,301,0,24,0
05-06 21:30:11,26.011,4.002,69.530,0,0,5049884,177812,192460,2590124,15089.488,8692.738,0,260.112,0,24.010,2046,2988,1.650,1.880,1.190,1,0,1.000,0,0,25,299,0,24,2
05-06 21:30:12,26.723,3.247,68.430,1.249,0.250,5053576,173968,192468,2590268,242695.421,236077.146,0,4047.887,0,418.575,3459,4905,1.650,1.880,1.190,1,0,0,0,0,25,299,0,17,2
05-06 21:30:13,24.022,4.754,69.814,0.250,0.500,5033332,194192,192476,2590280,16301.900,9505.688,0,296.271,0,31.028,2242,3531,1.650,1.880,1.190,1,0,49.045,0,0,25,299,0,17,2
05-06 21:30:14,26.457,2.995,68.638,0.499,0,5053260,174252,192480,2590288,186116.375,179566.026,0,271.558,0,27.955,2576,4527,1.650,1.880,1.190,2,0,0,0,0,25,302,0,18,2
05-06 21:30:15,23.770,4.504,70.060,0.250,0,5021776,205580,192484,2590440,112142.555,105383.735,144.124,196.169,9.008,13.011,2135,3545,1.600,1.860,1.180,1,0,15.013,0,0,25,299,0,19,2
05-06 21:30:16,26.779,5.506,65.571,1.001,0.250,5079324,147592,192492,2590692,99214.549,91260.927,204.221,224.243,12.013,24.026,2693,4609,1.600,1.860,1.180,1,1,55.060,0,0,25,299,0,19,2
05-06 21:30:17,31.511,3.970,61.286,3.226,0.248,5080084,146160,192528,2591212,483157.085,475935.786,456.542,1476.813,26.797,164.752,4409,7714,1.600,1.860,1.180,2,0,17.865,0,0,25,303,0,20,2
05-06 21:30:18,42.783,9.563,45.299,0.503,0,5084588,141292,192536,2591536,29916.569,22894.193,257.702,1063.020,2.013,103.685,2812,4126,1.600,1.860,1.180,2,0,13.086,0,0,25,301,0,21,2
05-06 21:30:19,45.017,6.753,47.768,0.500,0,5091876,151408,191972,2576284,200469.780,193692.184,512.196,560.215,4.002,51.020,3355,5794,1.600,1.860,1.180,3,0,9.003,0,0,25,304,0,21,2
05-06 21:30:20,38.237,4.748,53.981,1.250,0.500,5084188,158864,192016,2576416,607557.785,599787.474,255.911,1947.326,1.999,189.934,3984,6828,1.550,1.850,1.180,1,0,1.999,0,0,25,301,0,22,2
05-06 21:30:21,20.030,19.779,59.088,0.501,0,5029316,212580,192020,2577568,26820.748,9641.288,0,709.051,0,63.094,3982,6532,1.550,1.850,1.180,1,0,415.616,0,0,25,301,0,22,2
05-06 21:30:22,14.246,20.494,64.481,0,0,5007500,234568,192024,2577388,10285.966,1731.489,0,5522.371,0,62.981,3921,6611,1.550,1.850,1.180,1,0,442.869,0,0,25,301,0,22,2
05-06 21:30:23,14.999,22.249,60.748,0.750,0.250,5000400,242436,192080,2576564,15530.441,7395.734,0,3275.882,0,209.992,4506,7894,1.550,1.850,1.180,3,0,499.982,0,0,25,301,0,22,2
05-06 21:30:24,12.256,20.510,65.783,0.750,0,5000364,242408,192080,2576628,20526.304,9767.903,0,360.181,0,37.019,3859,6479,1.550,1.850,1.180,3,0,431.216,0,0,25,301,0,22,2
05-06 21:30:25,11.980,18.469,65.888,0,0.749,5000020,242728,192080,2576652,12679.445,1509.434,0,251.572,0,20.964,3566,5862,1.510,1.830,1.180,1,0,401.318,0,0,25,301,0,22,2
05-06 21:30:26,18.010,19.261,59.533,0,0,5001136,241496,192088,2576712,134601.031,123856.121,0,408.225,0,35.019,4525,8971,1.510,1.830,1.180,2,0,449.247,0,0,25,301,0,24,2
05-06 21:30:27,12.995,17.993,65.975,0.500,0,5000504,241856,192088,2576916,10853.832,4596.235,0,1035.602,0,128.950,3728,6025,1.510,1.830,1.180,2,0,403.845,0,0,25,301,0,24,2
05-06 21:30:28,13.028,19.792,65.388,0.251,0,5000620,241676,192112,2576956,21693.883,15003.733,0,525.111,0,44.093,3928,6682,1.510,1.830,1.180,1,0,423.897,0,0,25,301,0,24,2
05-06 21:30:29,12.967,14.712,67.078,3.990,0.499,5010852,230448,192124,2577940,15526.098,6935.177,865.775,402.964,33.913,33.913,3408,5643,1.510,1.830,1.180,1,0,266.316,0,0,25,301,0,24,2
05-06 21:30:30,21.006,8.253,68.771,1.500,0.250,5028368,301100,192144,2497736,14967.535,8036.435,76.023,2896.878,8.002,58.018,2570,3985,1.470,1.820,1.180,1,0,42.013,0,0,25,301,0,24,2
05-06 21:30:31,17.290,8.018,66.403,6.766,0.251,5029972,285600,192568,2511204,19455.768,10742.719,336.775,970.233,50.115,30.069,8573,18177,1.470,1.820,1.180,1,0,8.018,0,0,25,301,0,24,2
05-06 21:30:32,20.688,3.490,71.037,2.493,0,5051176,249072,192924,2526164,8879.335,1726.814,11772.647,761.713,100.698,10.967,1862,2746,1.470,1.820,1.180,2,0,3.988,0,0,25,301,0,24,2
05-06 21:30:33,17.258,3.502,69.783,8.504,0.250,5046376,227288,192960,2552696,16313.765,8205.906,26956.831,564.269,230.110,40.019,2409,3441,1.470,1.820,1.180,2,0,0,0,0,25,301,0,24,2
05-06 21:30:34,4.499,0.750,93.235,0.500,0,5046488,227004,192976,2552852,17498.270,10839.309,0,239.963,0,24.996,1788,2965,1.470,1.820,1.180,0,0,0,0,0,25,302,0,24,2
05-06 21:30:35,12.000,4.750,81.750,0.250,0.250,5047860,225340,193000,2553104,23804.071,12483.037,112.000,380.001,1.000,20.000,2594,7233,1.350,1.790,1.170,1,1,34.000,0,0,25,302,0,26,2
05-06 21:30:36,8.751,1.250,87.757,0.750,0,5049168,223492,193056,2553588,28745.443,13878.180,80.007,812.069,1.000,55.005,2046,3143,1.350,1.790,1.170,0,0,0,0,0,25,302,0,24,2
05-06 21:30:37,14.268,1.502,81.851,0.250,0.501,5054968,212108,193064,2559176,13869.184,2745.402,0,528.655,0,14.017,1724,2531,1.350,1.790,1.170,2,0,0,0,0,25,302,0,24,2
05-06 21:30:38,10.238,1.249,86.650,0.749,0.250,5054904,211916,193076,2559420,24817.311,17069.268,0,775.104,0,49.942,2074,3260,1.350,1.790,1.170,1,0,0,0,0,25,302,0,24,2
05-06 21:30:39,8.998,1.250,87.983,0.500,0,5054944,211608,193108,2559640,19122.252,13130.426,0,567.889,0,34.993,1957,3195,1.350,1.790,1.170,2,0,2.000,0,0,25,302,0,24,2
05-06 21:30:40,7.500,2.000,89.004,1.000,0,5058308,206576,193128,2561288,10126.456,4236.191,708.032,556.025,6.000,28.001,2126,3392,1.240,1.760,1.170,1,0,0,0,0,25,302,0,24,2
05-06 21:30:41,7.004,1.251,90.051,0.750,0,5059388,205064,193164,2561684,14672.305,8293.694,224.127,576.326,3.002,32.018,1838,3055,1.240,1.760,1.170,0,0,0,0,0,25,302,0,24,2
05-06 21:30:42,5.245,1.249,90.916,1.249,0,5059784,204560,193192,2561764,14328.817,5920.553,0,6569.956,0,470.567,2174,2714,1.240,1.760,1.170,1,0,0,0,0,25,302,0,24,2
05-06 21:30:43,9.754,2.001,85.782,1.250,0.750,5060668,202424,193228,2562172,21127.775,9961.666,204.075,816.300,3.001,42.015,2021,3136,1.240,1.760,1.170,0,0,0,0,0,25,302,0,24,2
05-06 21:30:44,7.250,1.250,90.006,0.500,0.250,5061396,201336,193252,2562384,20409.347,10217.674,64.004,484.032,1.000,24.002,1845,2959,1.240,1.760,1.170,1,0,0,0,0,25,302,0,24,2
05-06 21:30:45,8.755,1.251,88.300,0,0,5064040,197240,193284,2563800,11915.720,5386.038,0,580.327,0,27.015,1804,2891,1.140,1.730,1.160,0,0,0,0,0,25,302,0,24,2
05-06 21:30:46,15.237,0.999,81.432,0.749,0,5067172,193460,193340,2564392,23375.458,13947.340,0,1466.774,0,94.921,2292,3662,1.140,1.730,1.160,0,1,0,0,0,25,302,0,24,2
05-06 21:30:47,7.258,0.501,88.848,0.501,0.250,5067252,192988,193356,2564768,10179.268,4902.427,64.071,973.077,1.001,32.035,1745,2811,1.140,1.730,1.160,1,0,0,0,0,25,302,0,24,2
05-06 21:30:48,6.497,1.499,89.452,0.500,0.250,5067696,192484,193380,2564804,28089.944,21577.434,0,2086.881,0,107.942,2362,3958,1.140,1.730,1.160,0,0,0,0,0,25,302,0,25,2
05-06 21:30:49,11.746,0.500,84.722,1.000,0.250,5069868,189436,193412,2565648,16364.632,9822.778,0,643.789,0,41.986,2165,3569,1.140,1.730,1.160,0,0,1.999,0,0,25,302,0,24,2
05-06 21:30:50,10.499,1.250,87.245,0.250,0,5070760,188388,193432,2565784,12223.254,4547.723,51.997,623.962,1.000,31.998,1953,3248,1.130,1.720,1.160,0,0,0,0,0,25,302,0,24,2
05-06 21:30:51,10.250,2.500,85.502,0.250,0.250,5092060,166968,193448,2565888,23121.462,7772.155,32.001,648.013,1.000,33.001,1928,3168,1.130,1.720,1.160,3,0,0,0,0,25,302,0,24,2
05-06 21:30:52,13.249,1.500,82.245,0,0.250,5069996,188744,193464,2566160,9938.424,4050.765,0,367.979,0,14.999,1745,2760,1.130,1.720,1.160,0,0,0,0,0,25,302,0,24,2
05-06 21:30:53,13.251,0.750,85.253,0.750,0.250,5071260,187452,193476,2566176,18368.735,10413.417,20.001,1000.040,2.000,61.002,2065,3245,1.130,1.720,1.160,1,0,0,0,0,25,302,0,24,2
05-06 21:30:54,14.259,1.001,81.800,0.500,0,5072316,185688,193488,2566876,17844.814,11154.760,416.252,396.240,3.002,22.013,1972,3161,1.130,1.720,1.160,1,0,0,0,0,25,302,0,24,2
05-06 21:30:55,22.241,4.248,70.972,1.000,0.250,5074384,168300,194040,2581644,8406.646,1619.354,0,1927.231,0,82.967,2155,3190,1.120,1.710,1.160,4,0,0,0,0,25,302,0,24,2
05-06 21:30:56,20.773,6.257,70.829,1.752,0,5080564,149804,194780,2593208,15323.009,7508.334,0,2394.658,0,101.112,2413,3605,1.120,1.710,1.160,3,0,0,0,0,25,302,0,24,2
05-06 21:30:57,25.230,4.247,67.198,1.249,0.250,5081084,133484,195700,2608060,15656.897,10246.080,43.966,2753.871,1.998,118.908,2296,3361,1.120,1.710,1.160,1,0,0,0,0,25,302,0,22,2
05-06 21:30:58,24.010,5.252,68.779,1.251,0,5081396,124608,196220,2617860,24222.173,17380.300,0,2569.079,0,112.047,2565,3834,1.120,1.710,1.160,1,0,0,0,0,25,302,0,22,2
05-06 21:30:59,21.986,4.497,69.457,2.748,0.500,5036520,190564,196056,2598036,17620.093,7716.224,6052.254,1027.364,56.965,39.975,2418,3573,1.120,1.710,1.160,1,0,5.996,0,0,25,301,0,21,2
05-06 21:31:00,24.257,7.752,67.769,0.500,0,5063864,161312,196104,2599884,24762.032,1620.460,0,1132.322,0,20.006,8577,17180,1.110,1.690,1.160,2,0,10.003,0,0,25,301,0,21,2
05-06 21:31:01,24.994,5.499,69.232,0.250,0.250,5046436,178580,196112,2600020,20670.688,10351.340,0,1423.634,0,29.992,4170,7826,1.110,1.690,1.160,1,0,7.998,0,0,25,301,0,21,2
05-06 21:31:02,26.495,4.749,66.738,0,0,5067720,157288,196112,2600028,11595.982,1824.683,0,363.937,0,7.999,7020,16321,1.110,1.690,1.160,3,0,6.999,0,0,25,301,0,21,2
05-06 21:31:03,24.496,4.999,69.239,0.500,0.250,5049024,175892,196132,2600100,14909.719,7931.786,0,17033.394,0,104.984,2228,3125,1.110,1.690,1.160,1,0,7.999,0,0,25,301,0,20,2
05-06 21:31:04,24.064,4.512,70.438,0.251,0,5010180,214828,196136,2600004,18664.685,7755.646,0,188.502,0,14.037,2029,3016,1.110,1.690,1.160,1,0,11.029,0,0,25,301,0,20,2
05-06 21:31:05,25.919,5.483,66.045,0,0.249,5031940,193056,196144,2600008,12870.000,3349.589,0,291.095,0,15.950,7652,17394,1.100,1.680,1.160,1,0,47.851,0,0,25,301,0,19,2
05-06 21:31:06,22.764,5.754,70.044,0,0,5058512,166448,196176,2600012,26116.244,9431.867,0,352.219,0,35.022,2176,3317,1.100,1.680,1.160,1,0,9.006,0,0,25,301,0,19,2
05-06 21:31:07,25.562,6.265,67.663,0,0.501,5051516,173316,196188,2600128,13786.252,2073.000,0,300.725,0,14.034,7697,16535,1.100,1.680,1.160,1,0,13.031,0,0,25,301,0,17,2
05-06 21:31:08,26.784,6.008,65.584,0.501,0,5065216,159596,196220,2600116,22747.230,14805.024,0,632.813,0,44.057,8635,18357,1.100,1.680,1.160,3,0,13.017,0,0,25,301,0,17,2
05-06 21:31:09,25.225,4.495,70.429,0.499,0,5034944,189840,196224,2600140,19076.733,9581.323,0,411.584,0,29.970,2183,3378,1.100,1.680,1.160,2,0,4.995,0,0,25,301,0,15,2
05-06 21:31:10,22.442,5.486,71.067,0,0,5044268,180604,196236,2600040,9991.282,1615.841,0,279.281,0,20.946,2173,3136,1.090,1.670,1.160,3,0,9.974,0,0,25,301,0,15,2
05-06 21:31:11,28.564,1.253,69.657,0,0.251,5046616,178116,196244,2600172,15398.740,7336.551,0,324.733,0,25.057,2105,2888,1.090,1.670,1.160,1,0,0,0,0,25,301,0,14,1
05-06 21:31:12,24.473,4.994,69.673,0.250,0,5009800,214928,196244,2600176,18788.108,9812.089,0,187.791,0,8.990,2429,3615,1.090,1.670,1.160,2,0,94.894,0,0,25,301,0,14,1
05-06 21:31:13,22.724,7.991,66.674,0.999,0.499,5017072,194664,196884,2612520,16630.125,8766.051,0,6716.377,0,404.541,8800,18116,1.090,1.670,1.160,2,0,8.990,0,0,25,301,0,12,1
05-06 21:31:14,23.791,4.257,71.123,0.250,0.250,5045508,162540,197140,2616028,17965.098,9980.276,0,873.512,0,24.042,2004,3014,1.090,1.670,1.160,2,0,5.009,0,0,25,301,0,12,1
05-06 21:31:15,15.477,0.999,82.628,0.250,0,5045868,161868,197176,2616304,10026.181,1854.259,0,443.345,0,18.972,1683,2656,1.160,1.680,1.160,2,0,0,0,0,25,302,0,10,1
05-06 21:31:16,4.498,1.249,93.455,0.250,0,5045872,161836,197192,2616316,31261.963,14169.185,0,239.885,0,29.986,1905,3096,1.160,1.680,1.160,0,0,0,0,0,25,302,0,10,1
05-06 21:31:17,7.498,0.750,89.971,0.500,0,5047544,159852,197220,2616600,11880.115,4198.627,0,411.865,0,16.994,1715,2732,1.160,1.680,1.160,0,0,0,0,0,25,302,0,9,1
05-06 21:31:18,30.528,5.255,61.307,0.500,0.250,5079256,127684,197256,2617020,27244.392,18355.107,260.243,1048.978,3.003,53.049,2561,3689,1.160,1.680,1.160,2,0,7.007,0,0,25,302,0,10,1
05-06 21:31:19,29.741,7.498,60.482,0.500,0.750,5058184,162408,196780,2605036,16985.989,10527.894,511.849,587.827,3.999,43.987,2654,3735,1.160,1.680,1.160,1,0,8.997,0,0,25,302,0,8,1
05-06 21:31:20,19.745,3.499,76.480,0,0,5052284,167820,196804,2605484,20561.490,14538.104,255.931,471.874,1.999,19.995,2007,2922,1.150,1.660,1.160,0,0,1.999,0,0,25,302,0,8,1
05-06 21:31:21,8.000,1.250,87.746,0.500,0,5053128,166924,196860,2605476,17425.111,11700.403,0,911.953,0,48.998,1893,3101,1.150,1.660,1.160,0,0,0,0,0,25,302,0,7,1
05-06 21:31:22,12.011,2.752,83.326,0.250,0,5064932,153528,196880,2607044,10293.336,4217.826,0,404.367,0,12.011,1917,3098,1.150,1.660,1.160,2,0,4.004,0,0,25,302,0,7,1
05-06 21:31:23,10.501,3.250,84.758,0.250,0,5059268,159520,196936,2606660,16656.649,11317.120,0,832.082,0,49.005,2137,3611,1.150,1.660,1.160,0,0,0,0,0,25,302,0,7,1
05-06 21:31:24,6.742,0.999,91.396,0.250,0.250,5059608,159112,196980,2606684,40573.908,12355.964,0,423.519,0,20.976,1865,3058,1.150,1.660,1.160,0,0,0,0,0,25,303,0,7,1
05-06 21:31:25,3.251,1.250,94.015,0,0.500,5059588,159088,196980,2606728,15035.421,5237.843,0,176.028,0,11.002,1689,2721,1.060,1.640,1.150,0,0,0,0,0,25,303,0,7,1
05-06 21:31:26,3.750,0.250,94.005,0.250,0.250,5059496,159056,196984,2606848,91532.577,10346.517,0,88.004,0,12.001,1876,2990,1.060,1.640,1.150,0,0,1.000,0,0,25,303,0,7,1
05-06 21:31:27,3.502,1.000,93.293,0,0,5059568,158300,196984,2607532,377061.071,10236.699,0,0,0,0,1738,2567,1.060,1.640,1.150,0,0,0,0,0,25,303,0,5,1
05-06 21:31:28,11.514,4.005,82.103,0.501,0,5061216,155156,197028,2608904,782823.095,133043.571,0,53294.725,0,160.201,3364,5835,1.060,1.640,1.150,1,1,0,0,0,25,303,0,7,1
05-06 21:31:29,8.986,1.498,85.619,1.248,0.250,5060716,155312,197092,2609164,157569.603,14129.354,0,10220.342,0,66.898,2222,3446,1.060,1.640,1.150,0,0,2.995,0,0,25,303,0,7,1
05-06 21:31:30,4.749,1.250,92.983,0,0.500,5061080,152344,197092,2611768,1417985.345,9274.321,0,0,0,0,2025,2588,0.970,1.610,1.150,1,0,1.000,0,0,25,303,0,7,1
05-06 21:31:31,4.500,1.500,91.256,0,0,5061208,149036,197096,2614944,1722451.237,15454.989,0,408.026,0,29.002,2392,3196,0.970,1.610,1.150,0,0,0,0,0,25,303,0,7,1
05-06 21:31:32,4.498,1.499,91.717,0.500,0.250,5066200,143716,197152,2615216,77194.519,5116.179,0,3294.827,0,10.996,1674,2657,0.970,1.610,1.150,0,0,0,0,0,25,303,0,7,1
05-06 21:31:33,10.251,1.500,86.255,0.500,0,5067040,142680,197168,2615396,18832.998,10307.546,0,712.038,0,36.002,1927,3097,0.970,1.610,1.150,1,0,0,0,0,25,303,0,7,1
05-06 21:31:34,6.997,1.000,89.708,0.750,0.250,5067336,142240,197184,2615524,19073.131,11795.515,0,3358.438,0,39.981,1809,2841,0.970,1.610,1.150,1,0,0,0,0,25,303,0,7,1
05-06 21:31:35,16.049,4.764,77.735,0.752,0.502,5091076,159296,197188,2575584,16252.179,7798.599,0,9769.563,0,89.270,2561,6092,1.140,1.630,1.160,0,1,32.097,0,0,25,303,0,8,1
05-06 21:31:36,14.963,2.494,80.802,1.247,0,5069932,180632,197212,2575912,29405.075,12232.080,0,25924.588,0,446.907,2671,3818,1.140,1.630,1.160,2,0,1.995,0,0,25,303,0,7,1
05-06 21:31:37,11.749,1.000,85.495,0,0,5069716,180664,197228,2576080,10273.363,4892.697,0,355.978,0,8.999,1704,2617,1.140,1.630,1.160,0,0,0,0,0,25,303,0,7,1
05-06 21:31:38,7.501,1.000,88.260,0.750,0,5070200,179908,197252,2576328,27027.027,19311.163,0,876.098,0,64.007,2167,3455,1.140,1.630,1.160,1,0,0,0,0,25,303,0,7,1
05-06 21:31:39,12.254,1.000,84.531,0.250,0.250,5073076,176160,197272,2577180,17230.220,11244.059,0,532.192,0,29.010,2036,3267,1.140,1.630,1.160,0,0,2.001,0,0,25,303,0,7,1
05-06 21:31:40,5.748,0.750,91.721,0.250,0.250,5073348,175876,197288,2577176,11883.269,4313.646,0,327.897,0,8.997,1687,2710,1.040,1.610,1.150,1,0,0,0,0,25,303,0,7,1
05-06 21:31:41,9.253,1.751,87.282,0.250,0.500,5074124,174836,197332,2577396,17390.417,9791.613,0,744.275,0,45.017,1982,3153,1.040,1.610,1.150,0,0,0,0,0,25,303,0,7,1
05-06 21:31:42,14.505,1.000,83.276,0.250,0,5078516,170080,197360,2577732,162929.160,11488.607,0,480.151,0,10.003,1961,2821,1.040,1.610,1.150,4,0,0,0,0,25,303,0,7,1
05-06 21:31:43,7.245,0.749,90.188,0.749,0,5079004,168248,197408,2578672,552593.921,13565.694,0,995.317,0,28.980,2178,3204,1.040,1.610,1.150,0,0,0.999,0,0,25,303,0,7,1
05-06 21:31:44,4.756,1.502,92.112,0.501,0,5078636,168124,197480,2579092,237251.260,12418.088,0,684.832,0,23.028,1903,3009,1.040,1.610,1.150,0,1,2.002,0,0,25,303,0,7,1
05-06 21:31:45,5.743,2.247,90.382,0.499,0,5088488,158052,197540,2579312,126570.079,6620.374,0,607.209,0,20.973,1981,3241,0.960,1.580,1.150,1,0,16.978,0,0,25,303,0,7,1
05-06 21:31:46,5.497,0.750,90.456,1.000,0.750,5088652,157328,197624,2579772,223474.168,18062.204,0,767.626,0,30.985,2155,3285,0.960,1.580,1.150,0,0,1.999,0,0,25,303,0,7,1
05-06 21:31:47,4.501,0.500,91.271,0.500,0.250,5088888,156808,197672,2579992,191950.765,8154.859,0,444.101,0,9.002,1798,2662,0.960,1.580,1.150,0,0,1.000,0,0,25,303,0,7,1
05-06 21:31:48,8.006,2.502,87.321,0.751,0,5079932,163488,197720,2582220,1226512.248,34270.725,0,1817.470,0,50.040,2926,3785,0.960,1.580,1.150,1,0,1.001,0,0,25,303,0,7,1
05-06 21:31:49,6.248,1.000,89.976,0.500,0,5079264,162952,197760,2583384,630931.172,26192.033,0,1131.699,0,45.988,2697,3894,0.960,1.580,1.150,0,0,2.999,0,0,25,303,0,7,1
05-06 21:31:50,6.251,1.500,90.763,0.750,0.250,5077876,162288,197808,2585388,1106785.804,23327.452,24.004,764.113,6.001,34.005,2745,3279,0.880,1.550,1.140,0,0,2.000,0,0,25,303,0,7,1
05-06 21:31:51,5.250,2.000,89.757,0.250,0.500,5077224,158192,197808,2590136,2489197.201,42887.174,0,152.011,0,12.001,3626,3932,0.880,1.550,1.140,0,0,0,0,0,25,303,0,7,1
05-06 21:31:52,10.993,3.248,84.944,0,0,5073940,156436,197808,2595176,2682867.405,38459.847,0,3.997,0,0.999,3533,3455,0.880,1.550,1.140,1,0,0,0,0,25,303,0,7,1
05-06 21:31:53,6.512,2.505,88.414,0.250,0,5074044,150360,197808,2601148,3231406.565,53543.162,0,512.950,0,42.078,3970,4137,0.880,1.550,1.140,0,0,0,0,0,25,303,0,7,1
05-06 21:31:54,7.736,2.495,88.589,0.749,0.499,5076240,145920,197856,2603344,1116983.324,27151.638,0,10325.229,0,47.913,2643,3278,0.880,1.550,1.140,0,0,0,0,0,25,303,0,7,1
05-06 21:31:55,9.000,1.250,88.001,0,0.250,5076220,145920,197888,2603332,27050.406,4009.060,0,444.007,0,20.000,1845,2894,0.880,1.550,1.140,1,0,0,0,0,25,303,0,7,1
05-06 21:31:56,9.250,1.000,87.750,0.750,0.250,5076524,145448,197900,2603488,18660.093,11204.056,0,364.002,0,28.000,2054,3157,0.810,1.530,1.130,1,0,0,0,0,25,303,0,7,1
05-06 21:31:57,10.253,1.250,86.772,0,0,5077404,144408,197936,2603612,99189.293,15536.962,0,304.078,0,6.002,1876,2764,0.810,1.530,1.130,1,0,0,0,0,25,303,0,7,1
05-06 21:31:58,13.249,1.250,83.742,0.500,0,5078948,142644,197956,2603808,24084.808,16446.503,0,843.923,0,51.995,2214,3351,0.810,1.530,1.130,1,0,0,0,0,25,303,0,7,1
05-06 21:31:59,22.509,0.500,75.530,0.250,0.250,5079432,141920,197964,2604040,16291.435,9400.713,0,340.134,0,28.011,2160,3358,0.810,1.530,1.130,1,0,2.001,0,0,25,303,0,7,1
05-06 21:32:00,19.249,4.250,70.998,3.250,0,5079160,134856,198336,2611004,10093.697,1619.951,0,1035.969,0,41.999,1941,2814,0.810,1.530,1.130,2,0,0,0,0,25,303,0,7,1
05-06 21:32:01,19.543,7.266,67.398,5.011,0,5080520,133160,200688,2609960,19188.253,10743.658,0,48635.094,0,635.399,3109,4011,0.910,1.540,1.140,1,0,0,0,0,25,303,0,7,1
05-06 21:32:02,23.240,4.998,69.971,0.500,0.750,5090900,151280,200264,2583936,13437.477,4342.215,0,1063.563,0,33.986,2013,2955,0.910,1.540,1.140,1,0,1.000,0,0,25,303,0,7,1
05-06 21:32:03,20.958,4.491,71.108,2.246,0,5089488,142800,201072,2593004,23068.002,8125.797,0,2255.503,0,88.823,2175,3156,0.910,1.540,1.140,0,1,0,0,0,25,303,0,7,1
05-06 21:32:04,20.766,5.254,70.555,1.751,0,5090152,124952,201092,2610672,14966.719,7399.794,0,1461.144,0,58.045,2085,3174,0.910,1.540,1.140,1,1,0,0,0,25,303,0,7,1
05-06 21:32:05,20.508,4.752,71.278,3.251,0.250,5088792,126864,201456,2610412,11165.433,3307.313,12.005,1872.743,1.000,77.031,2097,3198,0.910,1.540,1.140,1,0,0,0,0,25,303,0,8,1
05-06 21:32:06,23.530,5.006,69.838,1.001,0,5090476,134388,202104,2601380,16544.929,9333.807,0,1966.488,0,45.057,2267,3238,0.920,1.530,1.140,1,0,0,0,0,25,303,0,7,1
05-06 21:32:07,19.452,4.489,70.825,3.990,0.499,5090972,161956,202720,2574196,9621.178,2185.588,0,1512.256,0,50.874,1931,2817,0.920,1.530,1.140,1,1,0,0,0,25,303,0,7,1
05-06 21:32:08,17.003,2.500,75.261,4.251,0,5090780,156916,203188,2578960,22032.261,16191.396,0,2084.308,0,97.014,2451,3702,0.920,1.530,1.140,0,0,1.000,0,0,25,304,0,7,1
05-06 21:32:09,4.249,1.000,93.222,0,0,5091228,156468,203188,2578960,21544.472,9278.189,0,83.975,0,11.996,2001,3181,0.920,1.530,1.140,0,0,1.999,0,0,25,304,0,7,1
05-06 21:32:10,15.793,1.755,81.219,0,0.251,5013916,262836,203188,2549924,10253.664,3005.108,0,152.411,0,9.024,1859,2589,0.920,1.530,1.140,1,0,2.005,0,0,25,301,0,7,1
05-06 21:32:11,23.190,3.990,70.317,0.499,0,5058892,216544,203208,2551212,12299.035,6028.332,0,1037.304,0,29.922,2071,3069,0.920,1.520,1.140,1,0,6.982,0,0,25,301,0,7,1
05-06 21:32:12,26.555,5.762,67.138,1.002,0.251,5078544,196244,203224,2551844,16553.016,4096.418,104.214,865.779,4.008,7.014,7655,15994,0.920,1.520,1.140,2,0,9.019,0,0,25,301,0,7,1
05-06 21:32:13,21.456,7.485,69.858,0.249,0.249,5079708,195008,203232,2551908,19076.275,9737.233,0,1944.054,0,31.935,2030,3164,0.920,1.520,1.140,2,0,2.994,0,0,25,301,0,7,1
05-06 21:32:14,26.812,2.005,70.163,0,0,5056320,218316,203232,2551988,20033.578,8844.564,0,745.734,0,16.037,2141,3036,0.920,1.520,1.140,1,0,1.002,0,0,25,301,0,7,1
05-06 21:32:15,27.244,4.749,65.737,0,0.250,5083496,191120,203236,2552004,8426.289,1619.671,0,311.937,0,19.996,6260,14326,0.920,1.520,1.140,1,0,9.998,0,0,25,301,0,7,1
05-06 21:32:16,24.200,4.740,69.357,0.249,0.249,5048432,226152,203240,2552016,39557.551,10773.817,0,243.499,0,16.965,2398,3152,0.850,1.490,1.130,1,0,2.994,0,0,25,301,0,7,1
05-06 21:32:17,24.055,3.258,71.415,0,0,5042376,232252,203240,2551972,10603.452,1875.324,0,12.028,0,1.002,1906,2601,0.850,1.490,1.130,1,0,7.016,0,0,25,301,0,7,1
05-06 21:32:18,41.023,7.754,45.776,3.252,0.250,5066928,204912,203444,2554516,25829.568,17902.097,580.327,2117.194,10.006,57.032,2623,3585,0.850,1.490,1.130,1,1,9.005,0,0,25,301,0,8,1
05-06 21:32:19,42.736,9.247,46.735,1.000,0,5083216,188080,203492,2554988,439737.043,432538.318,611.807,1075.660,18.994,83.973,4256,8054,0.850,1.490,1.130,3,0,6.998,0,0,25,323,0,11,1
05-06 21:32:20,52.717,6.996,35.977,3.498,0,5061996,207984,203560,2556136,748692.575,737004.950,1179.256,2214.603,43.972,238.849,5867,10523,0.850,1.490,1.130,1,0,3.997,0,0,25,325,0,18,1
05-06 21:32:21,16.991,13.743,65.216,2.249,0,5007024,262300,203628,2556724,83387.722,67848.786,383.801,1891.019,16.991,168.912,4375,7533,0.860,1.480,1.130,1,0,256.867,0,0,25,323,0,19,1
05-06 21:32:22,19.263,13.509,63.294,3.753,0.751,5014464,250124,203628,2561464,39024.005,14593.098,4262.950,240.166,66.046,14.010,3195,4734,0.860,1.480,1.130,3,0,187.129,0,0,25,323,0,21,1
05-06 21:32:23,14.983,5.743,64.425,14.483,0.250,4994288,241060,203740,2590592,19048.827,8615.971,29373.809,2928.591,1305.480,186.783,5485,6924,0.860,1.480,1.130,1,0,9.988,0,0,25,323,0,21,1
05-06 21:32:24,10.481,5.241,73.619,7.986,0,4991428,237712,203760,2596780,19370.636,11255.034,6388.667,790.597,996.233,49.911,4397,5700,0.860,1.480,1.130,0,0,4.991,0,0,25,324,0,21,1
05-06 21:32:25,4.252,0.750,90.286,2.251,0,4996440,232712,203792,2596732,16201.448,2842.131,4.002,6798.706,1.000,327.130,2551,4136,0.860,1.480,1.130,0,0,0,0,0,25,324,0,21,1
05-06 21:32:26,4.750,1.500,91.259,1.250,0.250,4996396,232728,203848,2596688,245825.828,20201.040,0,3208.324,0,193.019,2623,4049,0.790,1.460,1.120,0,0,0,0,0,25,324,0,21,1
05-06 21:32:27,5.498,1.000,91.464,0,0.250,4999760,229320,203848,2596732,3019870.211,37334.365,0,0,0,0,2886,2594,0.790,1.460,1.120,0,0,0,0,0,25,324,0,21,1
05-06 21:32:28,13.010,6.755,77.308,2.001,0.250,5039600,187164,203860,2599036,2931611.119,35917.723,2409.793,176.131,25.019,27.020,4460,6439,0.790,1.460,1.120,1,0,1.001,0,0,25,324,0,21,1
05-06 21:32:29,12.745,3.999,82.471,0.500,0.250,5074032,152536,203868,2599208,30001.350,22834.894,63.977,239.915,3.999,28.990,2820,4726,0.790,1.460,1.120,0,0,1.999,0,0,25,324,0,19,1
05-06 21:32:30,26.820,5.514,63.415,2.256,0,5003016,222976,203916,2599700,124243.779,107520.198,356.930,1343.501,14.037,47.123,3612,5962,0.790,1.460,1.120,1,0,16.042,0,0,25,323,0,21,1
05-06 21:32:31,19.459,9.230,67.607,1.996,0,5003240,219700,203944,2602724,21779.914,14497.324,167.645,494.953,4.989,57.878,3940,6552,0.810,1.450,1.120,1,0,51.890,0,0,25,323,0,21,1
05-06 21:32:32,19.752,3.500,69.007,5.501,0,5019420,203336,204212,2602728,11704.241,1907.202,268.028,19306.046,9.001,611.065,3013,2635,0.810,1.450,1.120,1,0,1.000,0,0,25,323,0,21,1
05-06 21:32:33,11.521,5.259,65.368,17.031,0.250,5022684,156180,204284,2646520,15832.514,7980.373,7361.258,1057.905,498.899,59.106,2690,3546,0.810,1.450,1.120,0,1,3.005,0,0,25,323,0,21,1
05-06 21:32:34,2.494,1.247,68.844,24.195,0.249,5022604,142668,204292,2660104,26566.800,7842.230,4114.676,111.747,355.195,16.962,2422,3314,0.810,1.450,1.120,0,1,0,0,0,25,323,0,21,1
05-06 21:32:35,3.504,5.757,68.586,20.025,0.250,5023084,158292,203048,2648368,12266.407,3364.225,23249.201,296.372,1710.148,16.020,3218,3728,0.810,1.450,1.120,0,1,0,0,0,25,323,0,21,1
05-06 21:32:36,10.737,10.737,58.179,19.726,0.250,5023768,125584,202052,2683112,18596.387,9802.081,27754.251,171.791,1640.006,22.972,5205,8767,0.820,1.440,1.120,2,1,33.959,0,0,25,323,0,22,1
05-06 21:32:37,5.257,4.757,66.594,21.781,0,5024624,128360,201256,2683180,10957.505,2081.946,10126.329,37424.956,1221.729,100.142,3366,3472,0.820,1.440,1.120,1,0,0,0,0,25,323,0,21,1
05-06 21:32:38,12.481,9.735,68.148,8.737,0.250,5024776,126764,202020,2684924,23381.857,15199.156,2592.104,3063.396,335.496,43.934,2954,4059,0.820,1.440,1.120,3,0,0,0,0,25,323,0,21,1
05-06 21:32:39,8.240,8.490,59.680,20.476,0.250,5024520,123712,202408,2688044,18543.267,10822.316,3340.085,246147.515,366.570,724.151,4189,4443,0.820,1.440,1.120,0,1,1.998,0,0,25,323,0,21,1
05-06 21:32:40,23.571,5.517,66.451,3.761,0.251,5048040,130080,201816,2659080,13181.915,4146.556,1360.118,597.810,122.371,13.039,7638,16186,0.820,1.440,1.120,2,0,6.018,0,0,25,323,0,21,1
05-06 21:32:41,23.268,6.255,67.552,1.251,0,5048704,129472,201844,2659052,16600.749,7273.586,32.025,788.606,3.002,33.025,4555,9488,1,1.470,1.130,1,0,8.006,0,0,25,323,0,21,1
05-06 21:32:42,25.496,1.750,70.240,0.500,0.250,5038748,139184,201872,2659268,10376.464,3658.459,0,611.909,0,9.999,1876,2747,1,1.470,1.130,1,0,1.000,0,0,25,323,0,21,1
05-06 21:32:43,27.936,6.236,64.603,0.499,0,5053044,124516,201904,2659308,16944.350,8676.210,0,702.398,0,51.882,7459,18143,1,1.470,1.130,2,0,5.986,0,0,25,323,0,21,1
05-06 21:32:44,23.812,6.768,68.930,0.251,0.251,5054648,130936,202096,2651320,18898.344,9274.215,20.052,1744.555,2.005,30.079,2901,5970,1,1.470,1.130,2,0,7.018,0,0,25,323,0,21,1
05-06 21:32:45,24.242,7.248,65.978,0.500,0.250,5058024,125324,202288,2653204,10644.466,1677.443,15.995,1035.656,1.000,12.996,13782,30650,1,1.470,1.130,1,0,3.999,0,0,25,323,0,21,1
05-06 21:32:46,26.956,9.235,60.402,0,0,5072224,144112,201652,2622492,21818.697,12268.150,7.987,155.748,0.998,21.964,23242,51235,1,1.460,1.130,1,0,0.998,0,0,25,323,0,21,1
05-06 21:32:47,22.980,6.494,69.940,0,0.250,5071360,121004,202572,2644392,9585.718,1841.409,3.997,0,0.999,0,2634,6614,1,1.460,1.130,1,0,0,0,0,25,323,0,21,1
05-06 21:32:48,27.499,5.750,59.997,5.000,0.250,5032604,198020,202352,2607844,28549.487,21874.841,0,88395.315,0,573.970,3428,4728,1,1.460,1.130,1,0,0,0,0,25,323,0,22,1
05-06 21:32:49,23.755,4.751,70.515,0.500,0,5039736,156484,202668,2640268,17819.778,8419.785,0,2312.490,0,41.009,2321,3714,1,1.460,1.130,1,0,2.000,0,0,25,323,0,21,1
05-06 21:32:50,24.256,4.001,70.768,0,0.250,5044032,145476,202952,2646216,10526.747,2049.535,0,12.003,0,3.001,1953,2764,1,1.460,1.130,1,0,0,0,0,25,323,0,21,1
05-06 21:32:51,24.766,4.503,69.046,0.750,0,5043124,151732,202924,2641136,22102.654,5839.872,32.021,2129.412,1.001,67.044,2113,3687,1.160,1.490,1.140,1,0,0,0,0,25,323,0,21,1
05-06 21:32:52,26.998,4.500,67.994,0,0,5063880,123560,203444,2647256,14243.804,1966.835,0,4.000,0,1.000,1764,2568,1.160,1.490,1.140,2,0,0,0,0,25,323,0,21,1
05-06 21:32:53,17.733,12.488,67.683,0.500,0,4992768,476804,204892,2366576,16661.588,7604.510,0,6621.478,0,38.962,2093,3356,1.160,1.490,1.140,1,0,1.998,0,0,25,323,0,21,1
05-06 21:32:54,26.765,6.253,64.786,0.250,0.250,5012932,456808,204904,2366496,18560.171,9369.134,0,640.351,0,13.007,10404,22921,1.160,1.490,1.140,3,0,6.003,0,0,25,323,0,21,1
05-06 21:32:55,30.244,7.248,60.987,0,0.500,5015768,453488,204904,2366980,10379.810,1731.635,0,199.958,0,10.998,22224,50165,1.160,1.490,1.140,2,0,4.999,0,0,25,323,0,21,1
05-06 21:32:56,23.494,9.248,64.983,0,0,5029324,411636,205312,2394868,17281.351,7443.998,0,115.969,0,20.994,9104,20124,1.150,1.480,1.140,4,0,3.999,0,0,25,323,0,21,1
05-06 21:32:57,21.409,7.468,69.704,0,0.249,5028944,383376,205652,2423164,17127.346,10341.133,0,195.172,0,1.992,1869,2513,1.150,1.480,1.140,1,0,2.987,0,0,25,323,0,21,1
05-06 21:32:58,24.112,6.279,68.316,1.256,0,5028724,375088,205724,2431572,24007.201,16116.652,0,6039.977,0,147.684,2403,3722,1.150,1.480,1.140,1,0,0,0,0,25,323,0,21,1
05-06 21:32:59,25.992,3.499,69.478,0.250,0,5029776,368120,205836,2437372,16766.702,7473.638,0,987.688,0,27.991,2130,3134,1.150,1.480,1.140,1,0,1.999,0,0,25,323,0,21,1
05-06 21:33:00,23.743,3.249,70.980,0,0,5030948,361112,205960,2443076,9207.450,1731.520,0,0,0,0,1838,2586,1.150,1.480,1.140,1,0,0,0,0,25,323,0,21,1
05-06 21:33:01,24.514,6.003,67.287,0.750,0,4758132,629260,206184,2447512,32246.897,12874.145,112.062,1752.973,1.001,38.021,2347,3976,1.130,1.470,1.140,1,0,17.009,0,0,25,307,0,26,1
05-06 21:33:02,24.808,8.269,64.902,0.251,0.501,4776940,610364,206184,2447652,11288.370,1859.343,88.206,48.112,3.007,4.009,2918,4829,1.130,1.470,1.140,3,0,20.047,0,0,25,307,0,26,1
05-06 21:33:03,68.012,10.252,21.754,0,0.250,4769956,617816,206208,2447596,26121.702,17968.234,0,400.072,0,33.006,3388,5076,1.130,1.470,1.140,3,0,5.001,0,0,25,294,0,27,1
05-06 21:33:04,72.198,12.491,15.239,0,0.250,4786156,600980,206224,2448116,18384.855,10740.321,0,323.769,0,20.985,2919,4280,1.130,1.470,1.140,6,0,3.997,0,0,25,286,0,28,1
05-06 21:33:05,82.768,14.460,0.997,0.499,0,4957428,427080,206252,2450468,193126.824,173020.063,426.806,514.561,21.939,38.891,6715,15659,1.130,1.470,1.140,6,0,8.975,0,0,25,294,0,39,1
05-06 21:33:06,67.855,9.264,22.535,0,0,4945192,438460,206272,2451108,204485.726,138311.553,0,256.396,0,25.039,4872,9330,1.600,1.560,1.170,3,0,8.012,0,0,25,296,0,38,1
05-06 21:33:07,42.951,7.491,46.697,0.499,0,5012620,369508,206284,2452488,147021.689,123960.932,91.895,415.527,13.984,42.951,5396,14270,1.600,1.560,1.170,2,0,2.997,0,0,25,308,0,39,1
05-06 21:33:08,27.583,6.770,65.446,0.502,0,5033776,346952,206312,2453660,61141.302,52616.745,8.024,401.203,1.003,40.120,4512,11733,1.600,1.560,1.170,2,0,0,0,0,25,310,0,42,1
05-06 21:33:09,10.219,1.246,86.739,0,0.249,5035492,345120,206324,2453716,94360.447,70730.455,0,147.557,0,14.955,2479,3971,1.600,1.560,1.170,0,0,3.988,0,0,25,312,0,42,1
05-06 21:33:10,2.500,1.000,94.019,0.250,0.500,5035452,345160,206324,2453716,10779.145,1620.322,0,168.033,0,14.003,1794,2942,1.600,1.560,1.170,0,0,0,0,0,25,312,0,42,1
05-06 21:33:11,2.752,1.001,93.055,0.250,0.250,5015848,364760,206324,2453720,18856.087,1620.953,0,688.405,0,45.026,1895,3091,1.470,1.540,1.160,0,0,0,0,0,25,312,0,42,1
05-06 21:33:12,1.999,0.999,95.190,0,0,5015568,365040,206324,2453720,11595.683,1853.830,0,31.980,0,3.997,1661,2677,1.470,1.540,1.160,1,0,0,0,0,25,312,0,42,1
05-06 21:33:13,3.251,1.500,93.278,0.500,0,5015568,365008,206352,2453724,18412.505,11175.341,0,356.106,0,38.011,1957,3198,1.470,1.540,1.160,0,0,0,0,0,25,312,0,42,1
05-06 21:33:14,2.998,0.750,94.200,0,0.500,5015504,365072,206352,2453724,14304.404,7496.020,0,63.966,0,8.995,1715,2855,1.470,1.540,1.160,0,0,0,0,0,25,312,0,42,1
05-06 21:33:15,2.751,1.250,94.787,0.500,0.250,5015560,365008,206360,2453724,8635.359,1620.630,0,192.075,0,14.005,1706,2857,1.470,1.540,1.160,1,0,0,0,0,25,312,0,42,1
05-06 21:33:16,3.500,0.500,93.490,0.250,0,5015508,365040,206368,2453736,19025.983,12113.716,0,163.983,0,26.997,1906,3152,1.360,1.510,1.160,0,0,0,0,0,25,312,0,42,1
05-06 21:33:17,3.499,1.499,92.464,0.500,0.250,5015452,365072,206388,2453740,22777.026,15095.053,0,303.880,0,41.983,2103,3645,1.360,1.510,1.160,0,0,0,0,0,25,312,0,42,1
05-06 21:33:18,3.750,1.250,93.000,0.250,0.250,5015444,365072,206396,2453740,20772.896,12126.939,0,207.999,0,21.000,2008,3286,1.360,1.510,1.160,0,0,0,0,0,25,312,0,42,1
05-06 21:33:19,2.250,1.000,90.257,3.500,0.250,5016164,364448,206396,2453740,10807.832,3248.250,0,19065.468,0,1064.082,2884,3301,1.360,1.510,1.160,0,0,2.000,0,0,25,312,0,42,1
05-06 21:33:20,4.251,0.500,93.533,0.250,0,5016280,364328,206404,2453732,18532.486,9488.321,0,144.050,0,11.004,1842,3110,1.360,1.510,1.160,0,0,0,0,0,25,312,0,32,1
05-06 21:33:21,4.501,1.500,94.020,0,0.250,5016152,364440,206408,2453744,11260.432,4047.874,0,420.091,0,26.006,1773,2925,1.250,1.480,1.150,0,0,0,0,0,25,312,0,32,1
05-06 21:33:22,3.248,0.999,94.691,0,0.250,5016120,364472,206408,2453744,11713.644,3710.670,0,23.985,0,3.997,1670,2772,1.250,1.480,1.150,2,0,0,0,0,25,312,0,30,1
05-06 21:33:23,7.503,2.751,86.286,0.250,0,5023852,356528,206416,2453932,16656.946,7503.129,0,288.120,0,26.011,2236,3509,1.250,1.480,1.150,0,0,4.002,0,0,25,312,0,30,1
05-06 21:33:24,7.261,3.505,86.885,1.002,0.250,5016488,363948,206432,2453860,16771.146,8943.944,0,50118.134,0,374.584,2340,3356,1.250,1.480,1.150,0,0,0,0,0,25,312,0,28,1
05-06 21:33:25,5.242,0.499,91.618,0.749,0.250,5016748,363760,206436,2453784,45046.862,30354.108,31.954,1030.510,1.997,14.978,2015,3172,1.250,1.480,1.150,2,0,0,0,0,25,312,0,28,1
05-06 21:33:26,8.518,9.019,77.167,4.009,0,5020884,359364,206440,2454040,17588.992,7516.235,244.528,84.182,12.026,13.028,2908,4444,1.150,1.460,1.140,1,0,204.442,0,0,25,312,0,28,1
05-06 21:33:27,10.745,19.241,67.470,0.250,0.250,5020464,359756,206452,2454056,21708.405,14990.374,0,303.866,0,38.983,4186,7746,1.150,1.460,1.140,4,0,477.789,0,0,25,312,0,28,1
05-06 21:33:28,11.486,17.728,68.416,0,0,5020840,359332,206468,2454088,20096.221,10146.489,0,203.749,0,19.975,4056,7201,1.150,1.460,1.140,2,0,482.405,0,0,25,312,0,28,1
05-06 21:33:29,11.004,19.758,66.276,1.501,0.250,5020660,359236,206472,2454360,11204.381,4167.630,100.039,240.094,7.003,23.009,4027,7294,1.150,1.460,1.140,1,0,535.209,0,0,25,312,0,28,1
05-06 21:33:30,18.227,17.977,59.674,2.247,0.499,5037224,342448,206492,2454512,184521.996,161027.046,51.934,71844.111,2.996,345.558,5052,8864,1.150,1.460,1.140,2,0,360.539,0,0,25,312,0,28,1
05-06 21:33:31,27.278,3.504,69.572,0.751,0,5060268,319060,206524,2454824,64558.883,51218.062,124.129,2194.273,2.002,136.141,2314,3677,1.140,1.450,1.140,1,0,0,0,0,25,313,0,28,1
05-06 21:33:32,25.234,2.998,69.955,0.250,0.250,5046692,331956,206524,2455472,117122.987,106803.684,0,123.920,0,11.992,2276,5711,1.140,1.450,1.140,1,0,6.995,0,0,25,316,0,28,1
05-06 21:33:33,25.499,3.500,70.247,0,0,5076812,301832,206524,2455476,99953.902,89767.320,0,95.996,0,12.000,2268,3760,1.140,1.450,1.140,2,0,0,0,0,25,321,0,28,1
05-06 21:33:34,24.744,3.749,69.482,0.500,0,5074084,304500,206548,2455508,62319.046,50635.037,15.996,295.924,1.000,33.991,2230,3669,1.140,1.450,1.140,2,0,5.998,0,0,25,321,0,28,1
05-06 21:33:35,25.065,4.512,68.678,0.501,0.251,5069076,309468,206564,2455524,166033.858,158357.939,0,9524.717,0,70.182,2565,4281,1.140,1.450,1.140,1,0,6.016,0,0,25,320,0,30,1
05-06 21:33:36,28.185,7.732,61.858,0.249,0,5067428,311060,206588,2455552,113022.726,91496.108,0,327.249,0,38.911,3024,8856,1.120,1.440,1.140,2,0,39.908,0,0,25,320,0,30,1
05-06 21:33:37,25.740,3.998,68.474,0.250,0,5064540,313768,206644,2455676,147916.792,140306.683,0,407.845,0,56.978,2719,4757,1.120,1.440,1.140,3,0,5.998,0,0,25,320,0,30,1
05-06 21:33:38,24.773,6.756,67.814,0.500,0.500,4805988,572240,206664,2455720,142532.693,133057.740,0,196.185,0,28.026,2713,4845,1.120,1.440,1.140,4,0,19.018,0,0,25,308,0,35,1
05-06 21:33:39,35.102,9.528,54.910,0,0,4862244,516096,206664,2455560,11768.222,2186.358,0,0,0,0,2270,3785,1.120,1.440,1.140,4,0,31.090,0,0,25,308,0,35,1
05-06 21:33:40,66.815,10.471,21.441,0.249,0.249,4955672,422548,206712,2455732,22557.651,12588.206,0,1424.064,0,105.708,2431,3206,1.120,1.440,1.140,5,0,0,0,0,25,308,0,35,1
05-06 21:33:41,66.641,11.524,22.297,0,0,5022792,354788,206724,2456316,17364.848,8303.620,0,160.340,0,17.036,2557,6914,1.270,1.470,1.150,4,0,4.009,0,0,25,312,0,35,1
05-06 21:33:42,63.297,11.008,25.519,0.250,0,4816952,559884,206736,2457068,73976.447,66541.975,0,192.141,0,20.015,3501,8665,1.270,1.470,1.150,18,0,3.002,0,0,25,288,0,43,1
05-06 21:33:43,50.701,11.489,36.215,0,0,4817628,558824,206748,2457168,16210.357,7737.533,0,99.904,0,11.988,3318,5174,1.270,1.470,1.150,3,0,8.991,0,0,25,284,0,43,1
05-06 21:33:44,68.992,9.999,20.998,0.250,0.250,4955920,420000,206776,2457508,108162.669,97729.859,0,271.969,0,33.996,3535,5362,1.270,1.470,1.150,5,0,3.000,0,0,25,286,0,49,1
05-06 21:33:45,57.197,12.988,27.725,0.749,0,5021440,352232,206800,2459564,247842.481,182852.142,99.908,243.776,5.994,19.982,8319,14513,1.270,1.470,1.150,1,0,1.998,0,0,25,304,0,51,1
05-06 21:33:46,33.683,5.489,60.380,0.749,0.250,5043004,329352,206824,2460800,238716.148,194450.017,0,351.303,0,36.927,6552,11167,1.330,1.480,1.160,0,0,2.994,0,0,25,312,0,53,1
05-06 21:33:47,3.495,0.499,91.867,0.250,0.250,5043308,329036,206832,2460800,24613.409,15330.832,0,215.688,0,19.971,1838,3021,1.330,1.480,1.160,0,0,0,0,0,25,312,0,53,1
05-06 21:33:48,4.506,1.001,91.872,0,0.250,5043272,329036,206864,2460804,24560.715,14949.913,0,280.373,0,32.043,2121,3254,1.330,1.480,1.160,0,0,0,0,0,25,312,0,54,1
05-06 21:33:49,3.000,2.250,92.499,0.500,0.250,5025152,347156,206880,2460788,8883.876,2681.962,0,175.998,0,19.000,1924,3191,1.330,1.480,1.160,0,0,2.000,0,0,25,312,0,53,1
05-06 21:33:50,3.998,1.499,89.446,4.247,0,5025164,347116,206900,2460800,10841.441,2740.342,0,14747.078,0,1114.326,2818,2774,1.330,1.480,1.160,1,0,0,0,0,25,312,0,53,1
05-06 21:33:51,3.002,0.500,94.559,0.250,0,5025000,347276,206912,2460792,16548.293,1621.008,0,700.436,0,47.029,1787,2921,1.230,1.450,1.150,1,0,0,0,0,25,312,0,53,1
05-06 21:33:52,2.250,0.500,94.758,0,0.750,5024980,347276,206916,2460808,9377.797,1855.158,0,28.002,0,4.000,1609,2617,1.230,1.450,1.150,0,0,0,0,0,25,312,0,53,1
05-06 21:33:53,6.249,2.000,89.742,0,0.250,5021232,351000,206936,2460812,19402.331,12191.951,0,347.970,0,31.997,1985,3246,1.230,1.450,1.150,0,0,0,0,0,25,312,0,53,1
05-06 21:33:54,2.750,1.250,94.265,0.250,0,5021296,350936,206944,2460804,15368.382,7339.138,0,84.013,0,12.002,1813,3004,1.230,1.450,1.150,0,0,0,0,0,25,312,0,53,1
05-06 21:33:55,3.499,0.500,94.482,0.250,0,5021488,350716,206964,2460812,14621.193,6248.800,0,83.984,0,11.998,1913,3236,1.230,1.450,1.150,2,0,0,0,0,25,312,0,53,1
05-06 21:33:56,5.255,0.751,91.339,1.001,0,5021456,350716,207016,2460792,31253.284,21887.209,0,372.361,0,56.054,2357,3910,1.130,1.430,1.140,0,0,0,0,0,25,312,0,53,1
05-06 21:33:57,2.747,0.500,94.660,0,0.250,5021448,350684,207028,2460820,11516.014,2439.673,0,115.889,0,8.991,1521,2571,1.130,1.430,1.140,0,0,0,0,0,25,312,0,53,1
05-06 21:33:58,3.000,0.500,93.502,0.750,0.500,5021372,350716,207064,2460828,19456.370,10159.193,0,604.011,0,48.001,1958,3182,1.130,1.430,1.140,0,0,0,0,0,25,312,0,53,1
05-06 21:33:59,4.000,1.250,94.010,0.500,0.250,5021656,350432,207068,2460824,12029.335,4702.522,8.001,72.008,2.000,10.001,1640,2709,1.130,1.430,1.140,1,0,2.000,0,0,25,312,0,53,1
05-06 21:34:00,3.499,1.500,94.470,0,0,5021576,350496,207068,2460840,15389.060,5338.286,0,0,0,0,1693,2672,1.130,1.430,1.140,1,0,0,0,0,25,312,0,53,1
05-06 21:34:01,2.250,0.250,95.515,0,0,5021608,350464,207068,2460840,10204.582,1620.251,0,144.022,0,4.001,1593,2656,1.040,1.410,1.140,1,0,0,0,0,25,312,0,53,1
05-06 21:34:02,2.503,1.251,95.352,0,0.250,5021608,350464,207068,2460840,8453.002,1856.978,0,0,0,0,1544,2486,1.040,1.410,1.140,0,0,0,0,0,25,312,0,53,1
05-06 21:34:03,8.264,7.012,79.388,3.005,0.250,5026888,344456,207104,2461356,33403.889,14254.703,861.493,336.583,30.052,29.050,2691,4513,1.040,1.410,1.140,1,0,74.128,0,0,25,313,0,48,1
05-06 21:34:04,21.706,7.984,68.360,0.499,0.249,4768660,602116,207144,2461704,21614.884,15835.679,0,259.470,0,26.945,2329,3477,1.040,1.410,1.140,2,0,24.949,0,0,25,265,0,58,1
05-06 21:34:05,51.035,13.509,35.024,0.500,0,4499500,871268,207204,2461768,21489.656,15132.320,88.060,1112.759,6.004,84.057,3872,5904,1.040,1.410,1.140,4,0,24.016,0,0,24,246,0,59,1
05-06 21:34:06,44.975,6.496,44.975,2.998,0.250,4576148,794060,207308,2461992,33120.254,17733.963,115.934,3426.061,8.995,230.869,3316,5037,1.110,1.420,1.140,1,1,0.999,0,0,24,246,0,59,1
05-06 21:34:07,42.601,7.768,46.360,3.007,0,4618824,750548,207308,2462672,8979.353,1848.395,433.030,0,45.107,0,2606,4929,1.110,1.420,1.140,4,0,0,0,0,24,246,0,50,1
05-06 21:34:08,47.466,7.744,41.970,1.999,0,4719880,647860,207336,2464120,175066.652,166836.545,959.313,571.591,114.918,22.984,3212,5041,1.110,1.420,1.140,6,0,6.995,0,0,24,256,0,55,1
05-06 21:34:09,47.784,6.004,46.033,0,0,4755708,611904,207340,2464156,789853.325,782645.157,0,44.032,0,4.003,2178,2840,1.110,1.420,1.140,4,0,5.004,0,0,24,256,0,52,1
05-06 21:34:10,46.953,5.245,46.953,0,0.500,4829660,537704,207340,2464344,7852.164,1618.385,0,0,0,0,1983,2844,1.110,1.420,1.140,2,0,0,0,0,24,256,0,52,1
05-06 21:34:11,26.240,3.499,62.477,6.498,0,4775536,590860,207444,2465200,27216.957,19272.888,159.941,3174.828,9.996,309.886,3377,6473,1.350,1.460,1.160,1,0,0,0,0,24,256,0,52,1
05-06 21:34:12,30.758,9.252,48.762,12.253,0,4849036,514224,207572,2468216,275637.736,267576.697,740.187,2940.744,16.004,225.057,6119,13939,1.350,1.460,1.160,6,0,6.002,0,0,25,268,0,58,1
05-06 21:34:13,40.425,8.235,49.409,1.248,0.250,4924372,437112,207668,2469656,593655.924,586874.456,83.845,670.760,7.985,96.821,5597,14320,1.350,1.460,1.160,3,0,0,0,0,25,283,0,59,1
05-06 21:34:14,4.000,0.750,94.249,0,0.250,4924364,437112,207672,2469660,18476.778,10099.879,0,71.999,0,9.000,1772,2975,1.350,1.460,1.160,0,0,0,0,0,25,283,0,59,1
05-06 21:34:15,4.002,1.751,91.035,1.000,0.250,4911976,449384,207788,2469660,21008.172,9711.778,0,3917.524,0,239.093,2626,4306,1.350,1.460,1.160,0,0,0,0,0,25,283,0,59,1
05-06 21:34:16,3.748,0.999,91.704,0.500,0.250,4911720,449588,207840,2469660,27204.262,19644.080,0,483.756,0,60.969,2368,3740,1.240,1.430,1.150,0,0,0,0,0,25,283,0,59,1
05-06 21:34:17,3.252,0.500,93.559,1.501,0,4911676,449620,207844,2469668,9976.275,1512.952,0,2845.790,0,306.193,2334,2722,1.240,1.430,1.150,0,1,2.001,0,0,25,283,0,59,1
05-06 21:34:18,2.748,1.998,90.927,1.749,0,4911616,449652,207880,2469660,21504.689,13540.100,0,5487.582,0,571.540,3093,3401,1.240,1.430,1.150,0,0,0,0,0,25,283,0,60,1
05-06 21:34:19,3.503,0.751,94.830,0,0,4911416,449840,207884,2469668,8487.180,2366.002,0,28.024,0,4.003,1669,2744,1.240,1.430,1.150,0,0,2.002,0,0,25,283,0,59,1
05-06 21:34:20,2.498,0.750,94.692,0,0.750,4911564,449684,207884,2469672,17764.164,1723.948,0,7.995,0,1.999,1637,2709,1.240,1.430,1.150,0,0,0,0,0,25,283,0,59,1
05-06 21:34:21,3.000,0.750,94.257,0.500,0.250,4911624,449620,207884,2469676,9353.739,1620.128,0,2120.167,0,197.016,1828,2787,1.140,1.410,1.150,0,0,0,0,0,25,283,0,59,1
05-06 21:34:22,2.751,1.250,94.274,0.250,0,4913880,447352,207892,2469680,14489.637,6757.696,0,136.034,0,9.002,1675,2780,1.140,1.410,1.150,0,0,0,0,0,25,285,0,59,1
05-06 21:34:23,23.736,3.998,68.961,1.249,0,4929460,431428,207956,2469960,318106.043,310630.319,0,1359.223,0,139.920,3342,5434,1.140,1.410,1.150,1,0,5.997,0,0,25,293,0,59,1
05-06 21:34:24,23.008,2.251,73.775,0.250,0,4939720,421096,207964,2470024,299994.398,292543.880,32.011,140.047,2.001,15.005,2509,3988,1.140,1.410,1.150,1,0,0,0,0,25,293,0,59,1
05-06 21:34:25,6.000,2.250,90.501,0,0.500,4934752,426332,207972,2469748,13038.209,6034.097,0,120.002,0,13.000,1886,3240,1.140,1.410,1.150,0,0,0,0,0,25,293,0,59,1
05-06 21:34:26,3.749,1.500,92.223,0.250,0,4934956,426112,207992,2469744,26601.259,19754.252,0,307.910,0,47.986,2234,3751,1.210,1.420,1.150,0,0,0,0,0,25,292,0,60,1
05-06 21:34:27,2.251,0.500,95.777,0.250,0.250,4934984,426080,207992,2469748,9661.725,1620.457,0,108.030,0,8.002,1585,2663,1.210,1.420,1.150,0,0,0,0,0,25,292,0,60,1
05-06 21:34:28,6.752,2.751,89.032,0.750,0.250,4934692,426364,208000,2469748,18664.738,10108.649,0,624.225,0,47.017,2044,3387,1.210,1.420,1.150,0,0,1.000,0,0,25,292,0,60,1
05-06 21:34:29,3.249,0.500,94.207,0.250,0,4934712,426332,208000,2469760,11835.567,3647.326,7.996,27.987,1.000,3.998,1686,2810,1.210,1.420,1.150,0,0,1.999,0,0,25,292,0,60,1
05-06 21:34:30,14.761,3.503,78.558,0.250,0.250,4935672,425072,208000,2470060,316190.768,301686.136,64.047,40.029,4.003,3.002,3585,7838,1.210,1.420,1.150,4,0,0,0,0,25,292,0,62,1
05-06 21:34:31,3.247,0.999,93.675,0,0.250,4935684,425040,208004,2470076,33593.226,25623.578,0,119.904,0,12.990,1933,3093,1.110,1.400,1.140,0,0,0,0,0,25,292,0,62,1
05-06 21:34:32,4.248,1.000,93.958,0,0,4935648,425072,208004,2470080,22239.970,15787.880,0,0,0,0,1634,2657,1.110,1.400,1.140,2,0,0,0,0,25,292,0,60,1
05-06 21:34:33,3.751,0.500,93.027,0.500,0.500,4935552,425136,208028,2470088,18318.312,9634.794,0,316.092,0,41.012,2199,3785,1.110,1.400,1.140,0,0,0,0,0,25,292,0,60,1
05-06 21:34:34,3.754,1.001,93.109,0.250,0,4935592,425072,208048,2470092,17050.933,8855.352,0,276.323,0,35.041,2019,3375,1.110,1.400,1.140,0,0,0,0,0,25,292,0,60,1
05-06 21:34:35,6.755,12.259,77.557,0.751,0.250,4937520,423108,208084,2470092,14909.959,7725.678,0,3022.221,0,166.122,3359,6154,1.110,1.400,1.140,2,0,276.203,0,0,25,292,0,61,1
05-06 21:34:36,30.283,10.511,58.563,0.250,0,4977264,383300,208128,2470112,28120.257,17284.598,0,512.552,0,62.067,3795,13458,1.100,1.390,1.140,4,0,110.118,0,0,25,292,0,60,1
05-06 21:34:37,24.447,3.492,71.097,0,0.249,5005848,354700,208128,2470128,138725.769,127665.625,0,0,0,0,2258,3728,1.100,1.390,1.140,1,0,0,0,0,25,296,0,60,1
05-06 21:34:38,30.522,3.252,62.294,2.252,0.250,5030068,330216,208232,2470272,336649.348,328432.530,96.068,1336.947,4.003,181.128,3795,6751,1.100,1.390,1.140,3,0,2.001,0,0,25,299,0,58,1
05-06 21:34:39,24.972,3.995,69.921,0.499,0,5005156,354928,208240,2470448,15182.737,7989.915,0,447.491,0,37.957,2165,3197,1.100,1.390,1.140,1,0,7.991,0,0,25,297,0,59,1
05-06 21:34:40,25.747,2.750,70.742,0,0,5031984,328096,208244,2470448,125126.985,117804.863,0,323.961,0,23.997,2091,3171,1.100,1.390,1.140,1,0,0,0,0,25,299,0,54,1
05-06 21:34:41,28.502,3.000,65.006,2.250,0.250,5041912,318016,208316,2470524,512083.039,503029.261,32.003,2032.175,1.000,217.019,3865,6945,1.250,1.420,1.150,2,0,0,0,0,25,297,0,55,1
05-06 21:34:42,23.769,4.253,69.307,2.002,0.250,5021144,338648,208340,2470636,37175.335,28874.562,164.134,612.500,9.007,47.038,2229,3743,1.250,1.420,1.150,1,0,22.018,0,0,25,297,0,49,1
05-06 21:34:43,17.006,12.505,68.526,0.500,0,4980976,378652,208348,2470792,242836.792,230196.014,0,676.256,0,46.017,3751,6716,1.250,1.420,1.150,2,0,274.104,0,0,25,297,0,57,1
05-06 21:34:44,15.480,14.482,67.913,0.499,0.499,4991340,368188,208352,2470884,28405.726,13639.582,0,619.209,0,49.936,3403,5787,1.250,1.420,1.150,1,0,250.680,0,0,25,297,0,57,1
05-06 21:34:45,22.988,4.248,68.465,1.749,0,5032192,327144,208404,2471024,19507.168,9703.110,151.923,3030.473,9.995,175.911,2642,3962,1.250,1.420,1.150,1,0,0.999,0,0,25,295,0,57,3
05-06 21:34:46,26.333,4.514,68.465,1.505,0,5086396,271908,208452,2472008,42475.500,20055.033,36.114,565.778,6.019,53.167,2780,4049,1.230,1.410,1.150,1,0,3.009,0,0,25,295,0,47,3
05-06 21:34:47,23.684,4.238,70.305,0.499,0.499,5045776,309832,208564,2474240,24269.531,1657.392,0,1092.962,0,91.745,2082,2668,1.230,1.410,1.150,3,0,2.992,0,0,25,295,0,47,3
05-06 21:34:48,26.327,3.761,69.203,0.251,0.251,5088248,267304,208576,2474252,34103.127,12162.710,0,629.849,0,39.115,2433,3421,1.230,1.410,1.150,2,0,1.003,0,0,25,295,0,47,3
05-06 21:34:49,25.931,3.491,67.071,1.247,0,5096936,258192,208636,2474612,303637.716,291458.138,71.809,873.674,2.992,75.798,4539,8119,1.230,1.410,1.150,1,0,1.995,0,0,25,299,0,48,3
05-06 21:34:50,28.502,4.000,63.005,2.500,0.250,5118960,235676,208880,2474856,320616.573,309355.605,0,6564.565,0,480.041,4987,8626,1.230,1.410,1.150,1,0,3.000,0,0,25,304,0,48,3
05-06 21:34:51,31.255,2.250,65.010,1.000,0,5132204,222256,209024,2474880,547025.148,540719.189,0,1856.282,0,185.028,4405,7609,1.620,1.490,1.180,1,0,0,0,0,25,304,0,49,3
05-06 21:34:52,27.004,2.750,66.009,2.250,0.250,5137696,216616,209200,2474852,514299.945,506654.905,0,5840.794,0,650.088,4724,7267,1.620,1.490,1.180,3,0,1.000,0,0,25,306,0,51,3
05-06 21:34:53,38.819,4.007,55.849,1.252,0,5141996,211820,209368,2475164,680560.676,671600.763,0,1811.217,0,202.359,4273,7184,1.620,1.490,1.180,2,0,0,0,0,25,306,0,51,3
05-06 21:34:54,32.955,4.244,56.423,2.996,0.250,5142752,210804,209488,2475300,643007.153,634252.051,15.978,2728.292,0.999,269.634,5939,10260,1.620,1.490,1.180,1,0,0,0,0,25,306,0,54,3
05-06 21:34:55,30.051,3.255,61.353,4.007,0.250,5144860,208172,209752,2475540,684359.092,675098.516,0,8834.860,0,701.179,5871,10200,1.620,1.490,1.180,1,0,1.002,0,0,25,308,0,55,3
05-06 21:34:56,33.201,3.495,60.411,1.997,0,5146992,205840,209860,2475632,666470.621,651102.135,0,2935.699,0,287.579,4919,8150,1.650,1.500,1.180,2,0,0,0,0,25,308,0,57,3
05-06 21:34:57,40.249,2.750,54.499,1.000,0.500,5148064,204580,209968,2475716,798837.219,791463.337,0,2383.962,0,245.996,4343,7049,1.650,1.500,1.180,2,0,0,0,0,25,307,0,58,3
05-06 21:34:58,32.496,4.749,60.493,0.750,0,5150872,201328,209984,2476144,635074.156,625574.306,0,783.905,0,67.992,3988,6651,1.650,1.500,1.180,1,0,1.000,0,0,25,309,0,62,3
05-06 21:34:59,28.212,3.995,59.919,6.741,0,5170420,180352,210108,2477428,457645.348,447860.597,1054.572,3019.911,65.911,236.680,4471,7936,1.650,1.500,1.180,1,2,8.988,0,0,25,325,0,64,3
05-06 21:35:00,26.816,5.263,60.398,7.268,0.501,5192056,157268,210304,2478680,348898.849,333255.476,1090.675,2249.518,58.143,242.595,4969,8364,1.650,1.500,1.180,2,0,2.005,0,0,25,333,0,66,3
05-06 21:35:01,46.935,9.737,38.697,2.996,0,5207660,251800,210232,2369456,66249366.625,66241345.702,3.994,19712.777,0.999,327.548,6216,10656,1.750,1.520,1.190,2,3,4.993,0,0,25,337,0,74,2
05-06 21:35:02,40.588,9.270,42.342,6.514,0.251,5246100,228900,210412,2353804,592699.602,585904.898,57.124,19502.203,9.020,404.876,5519,9287,1.750,1.520,1.190,2,0,15.033,0,0,25,340,0,74,2
05-06 21:35:03,53.513,7.502,35.509,2.751,0,5255780,218528,210588,2354284,587680.806,572817.195,360.088,4773.160,16.004,352.086,4854,7841,1.750,1.520,1.190,2,0,4.001,0,0,25,340,0,74,2
05-06 21:35:04,38.628,8.224,52.833,0.498,0.249,5278816,194932,210616,2354724,442440.005,434752.313,51.836,1148.369,3.987,57.817,3492,5436,1.750,1.520,1.190,2,0,17.943,0,0,25,342,0,75,2
05-06 21:35:05,30.514,3.502,64.780,0.500,0,5331676,142008,210640,2354748,120107.490,110426.017,8.004,380.176,2.001,27.012,2692,4083,1.750,1.520,1.190,3,0,3.001,0,0,25,342,0,65,2
05-06 21:35:06,27.264,6.003,63.032,3.502,0.250,5321008,163228,210080,2344936,170464.255,164095.032,1152.583,712.360,48.024,63.032,3197,5065,1.690,1.510,1.190,2,0,11.006,0,0,25,346,0,65,2
05-06 21:35:07,34.531,8.508,55.800,0,0.250,5334828,149104,210132,2345136,249368.679,240919.032,0,696.630,0,48.043,3147,5175,1.690,1.510,1.190,9,0,27.024,0,0,25,347,0,60,2
05-06 21:35:08,41.695,18.117,34.746,4.715,0,5419632,132988,206744,2280844,292072.446,283492.270,10974.644,27542.335,151.888,917.284,7895,9852,1.690,1.510,1.190,15,0,14.891,0,0,26,351,0,60,2
05-06 21:35:09,53.934,10.837,29.739,5.041,0,5427432,134396,206576,2272864,417301.688,409291.293,14413.873,1068.590,524.214,80.648,7144,14194,1.690,1.510,1.190,3,0,6.049,0,0,26,354,0,55,2
05-06 21:35:10,57.871,7.234,25.194,7.483,0.249,5526336,127512,204148,2186368,216131.459,209003.341,5874.911,778.266,209.533,66.851,4305,7191,1.690,1.510,1.190,2,2,3.991,0,0,26,363,0,55,2
05-06 21:35:11,71.651,9.019,14.531,4.760,0,5613336,127092,201816,2104528,274204.200,265920.763,1703.586,1984.177,51.108,195.411,5322,9060,1.880,1.550,1.210,2,0,13.027,0,0,26,368,0,57,2
05-06 21:35:12,47.784,9.006,41.780,0.500,0.250,5657228,376884,201012,1825064,36583.230,30001.511,0,708.508,0,65.047,3265,5850,1.880,1.550,1.210,4,0,3.002,0,0,26,368,0,57,2
05-06 21:35:13,60.536,4.484,30.891,1.744,0.249,5688620,345024,201164,1825380,293116.488,278861.992,183.350,1128.003,8.968,126.552,4462,7663,1.880,1.550,1.210,3,0,0,0,0,26,368,0,50,2
05-06 21:35:14,57.404,14.790,25.819,1.755,0.251,5586544,446244,201452,1825824,528084.683,520119.360,164.440,3152.439,8.021,253.679,5818,10348,1.880,1.550,1.210,3,0,42.113,0,0,25,367,0,50,2
05-06 21:35:15,36.653,7.231,53.359,2.244,0,5598672,433164,201984,1826080,381169.618,374110.220,538.581,3845.866,18.950,259.317,4321,7412,1.880,1.550,1.210,2,0,36.903,0,0,25,368,0,50,2
05-06 21:35:16,25.250,4.500,61.250,8.000,0,5599784,430708,202472,1826932,479175.917,472121.888,656.003,4840.019,32.000,425.002,5437,9837,1.810,1.540,1.210,1,0,0,0,0,25,367,0,51,2
05-06 21:35:17,24.756,3.001,69.516,1.250,0.250,5603548,426760,202636,1826952,518736.422,510347.442,48.011,2380.562,2.000,187.044,3307,5697,1.810,1.540,1.210,1,0,2.000,0,0,25,369,0,52,2
05-06 21:35:18,26.478,3.747,62.697,4.996,0,5598824,430876,202880,1827276,386569.962,377149.931,431.635,1946.353,21.981,194.835,4128,6997,1.810,1.540,1.210,2,0,0,0,0,25,369,0,56,2
05-06 21:35:19,27.545,3.255,62.603,5.509,0.501,5600028,428264,203272,1828260,545380.878,536569.339,865.428,2428.006,76.126,199.329,4028,6991,1.810,1.540,1.210,3,0,2.003,0,0,25,369,0,56,2
05-06 21:35:20,34.947,2.995,60.408,0.749,0,5602960,425112,203428,1828304,430084.551,421217.065,0,1230.125,0,121.814,3136,5139,1.810,1.540,1.210,2,0,0.998,0,0,25,369,0,58,2
05-06 21:35:21,30.847,4.514,60.941,2.006,0.251,5603692,423888,203672,1828548,567936.778,551499.296,16.050,3334.443,1.003,297.933,4829,8710,1.740,1.540,1.200,1,0,0,0,0,25,368,0,61,2
05-06 21:35:22,27.269,5.754,62.043,4.253,0,5603308,423604,204040,1828840,499015.325,491173.945,64.044,6552.495,4.003,516.354,5885,11011,1.740,1.540,1.200,1,0,0,0,0,25,370,0,65,2
05-06 21:35:23,28.708,5.991,62.658,2.247,0.499,5629680,395584,204264,1830244,497582.534,489747.988,31.953,4181.886,0.999,335.509,5898,11325,1.740,1.540,1.200,4,0,1.997,0,0,25,371,0,66,2
05-06 21:35:24,33.263,3.501,57.522,4.002,0,5614404,410460,204556,1830336,717155.408,708954.201,48.019,3897.524,2.001,388.152,5621,9550,1.740,1.540,1.200,2,0,2.001,0,0,25,371,0,67,2
05-06 21:35:25,34.939,4.243,58.897,1.497,0,5612092,413272,204840,1829552,448234.624,440227.564,0,2623.433,0,255.555,4575,7343,1.740,1.540,1.200,3,0,0,0,0,25,371,0,69,2
05-06 21:35:26,30.819,4.761,62.641,2.255,0.501,5612628,412484,204976,1829664,547821.599,540006.014,48.108,1852.167,2.005,207.467,4392,7298,1.760,1.540,1.210,1,0,0,0,0,25,371,0,69,2
05-06 21:35:27,33.719,2.997,61.693,0.749,0,5614220,410468,205068,1829996,713873.525,706744.141,0,1566.546,0,143.866,4062,7108,1.760,1.540,1.210,1,0,0,0,0,25,370,0,72,2
05-06 21:35:28,29.188,4.241,62.367,1.746,0,5626988,397312,205180,1830248,523437.508,517417.349,15.966,3001.598,0.998,231.506,4300,7468,1.760,1.540,1.210,2,1,5.987,0,0,25,384,0,72,2
05-06 21:35:29,33.800,4.507,54.830,5.007,0.501,5641072,382456,205660,1830528,695014.586,688072.402,0,9041.264,0,708.039,7211,13094,1.760,1.540,1.210,0,2,4.006,0,0,25,391,0,72,2
05-06 21:35:30,40.206,6.743,51.195,1.249,0,5644004,379096,205792,1830820,761121.705,753396.072,0,2673.105,0,229.751,5056,8565,1.760,1.540,1.210,1,0,14.984,0,0,25,391,0,73,2
05-06 21:35:31,40.814,3.505,54.835,0.751,0,5651668,371176,205844,1831012,731955.386,721270.740,32.050,1149.791,1.002,96.150,4247,6989,1.780,1.550,1.210,1,0,9.014,0,0,25,390,0,71,2
05-06 21:35:32,45.039,12.511,41.286,0.500,0.500,5664428,357764,205892,1831568,418972.439,410754.231,455.399,700.614,28.025,55.048,4518,7922,1.780,1.550,1.210,14,0,48.042,0,0,25,390,0,71,2
05-06 21:35:33,45.712,17.236,36.220,0.500,0,5684424,336748,205980,1832324,503956.212,495473.262,0,1027.146,0.999,78.934,7621,13627,1.780,1.550,1.210,4,0,19.983,0,0,26,391,0,71,2
05-06 21:35:34,46.809,5.507,43.554,3.504,0.250,5720792,300144,206076,1832464,605396.746,596416.521,19459.324,1309.637,692.866,134.168,8141,14778,1.780,1.550,1.210,4,0,0,0,0,26,392,0,71,2
05-06 21:35:35,43.912,2.994,48.403,2.246,0.250,5771396,249032,206356,1832684,368548.377,360384.672,0,6922.183,0,548.904,5415,9484,1.780,1.550,1.210,1,0,1.996,0,0,26,392,0,73,0
05-06 21:35:36,45.737,5.998,45.737,1.749,0,5799316,220912,206432,1832792,416376.916,400314.510,47.986,2103.398,2.999,199.943,5141,11617,1.720,1.540,1.210,4,0,32.991,0,0,26,393,0,73,0
05-06 21:35:37,53.072,7.260,38.552,0,0,5888116,132044,206444,1832848,38830.732,30207.021,0,504.685,0,23.031,3639,7344,1.720,1.540,1.210,5,0,7.010,0,0,26,394,0,73,0
05-06 21:35:38,47.408,5.489,43.915,1.497,0.250,5845444,188240,206700,1819616,125024.577,114292.387,1815.480,770.506,35.930,61.880,3680,6252,1.720,1.540,1.210,1,0,10.979,0,0,26,398,0,73,0
05-06 21:35:39,38.245,1.750,54.243,5.749,0,5846780,186840,206716,1819664,123545.927,100472.742,0,10982.660,0,931.886,4938,5733,1.720,1.540,1.210,2,2,4.999,0,0,26,403,0,72,0
05-06 21:35:40,32.252,1.750,56.753,6.500,0,5850884,182572,206764,1819744,126933.093,118206.674,60.003,2752.132,4.000,330.016,4020,5945,1.720,1.540,1.210,1,0,4.000,0,0,26,402,0,73,0
05-06 21:35:41,32.314,3.006,57.113,6.763,0.250,5850040,182876,206764,1820184,51536.300,43198.750,268.533,388.772,8.016,20.040,4789,5388,1.660,1.530,1.210,1,0,11.022,0,0,26,403,0,73,0
05-06 21:35:42,34.992,3.999,55.987,2.749,0.250,5854668,176872,206952,1820916,136811.533,61418.874,935.785,547.874,35.992,41.990,4979,6051,1.660,1.530,1.210,4,0,15.996,0,0,26,403,0,73,0
05-06 21:35:43,35.158,9.226,50.368,2.743,0,5866804,158808,207052,1825932,1154827.352,121376.992,1188.885,738.066,46.877,68.820,6323,6689,1.660,1.530,1.210,2,0,28.924,0,0,26,403,0,65,0
05-06 21:35:44,46.653,8.026,42.138,0.752,0,5710708,314720,207156,1826064,610499.438,579840.878,327.073,1637.371,34.112,178.586,7299,9959,1.660,1.530,1.210,3,0,27.089,0,0,25,404,0,65,0
05-06 21:35:45,30.988,7.747,55.729,2.499,0.500,5711896,313180,207228,1826212,1617945.945,512441.247,79.969,1627.378,,136.948,5921,8605,1.660,1.530,1.210,3,1,43.983,0,0,25,402,0,64,0
05-06 21:35:46,18.255,3.751,72.769,3.001,0.500,5711836,313180,207424,1826076,252092.284,231866.126,0,5601.428,0,443.113,5187,8100,1.770,1.560,1.220,3,0,0,0,0,25,403,0,64,0
05-06 21:35:47,18.222,1.997,74.884,1.747,0,5711680,312848,207520,1826448,370639.104,361836.686,0,2076.796,0,186.712,4014,6888,1.770,1.560,1.220,0,0,0,0,0,25,402,0,65,0
05-06 21:35:48,18.233,2.498,75.678,1.249,0,5705760,318576,207572,1826588,335542.570,318407.831,0,1210.851,0,134.872,3876,6289,1.770,1.560,1.220,0,0,0,0,0,25,403,0,66,0
05-06 21:35:49,14.769,2.503,81.606,0.501,0.250,5706200,318116,207588,1826588,326669.036,315177.154,0,616.799,0,43.056,2726,4263,1.770,1.560,1.220,4,0,2.003,0,0,25,404,0,66,0
05-06 21:35:50,29.469,3.496,63.434,1.998,0,5705512,318484,207672,1826800,522798.630,514517.300,0,3204.645,0,259.728,3910,6447,1.770,1.560,1.220,1,0,0.999,0,0,25,404,0,67,0
05-06 21:35:51,30.514,3.752,62.778,3.001,0.750,5705528,318288,207772,1826876,561546.696,544168.876,0,2721.225,0,270.122,4814,8328,1.710,1.550,1.220,1,0,1.000,0,0,25,404,0,72,0
05-06 21:35:52,28.267,4.253,64.038,1.751,0,5705568,317972,207892,1827032,509887.834,503812.249,0,2733.613,0,255.151,5674,10691,1.710,1.550,1.220,3,0,0,0,0,25,405,0,76,0
05-06 21:35:53,30.494,3.749,59.239,5.499,0,5705288,317752,208144,1827276,632435.572,624789.041,31.994,7926.478,1.000,690.867,6408,10812,1.710,1.550,1.220,2,0,0,0,0,25,404,0,77,0
05-06 21:35:54,32.717,3.496,61.438,0.999,0,5704188,318676,208260,1827528,506148.247,496716.839,63.935,3036.911,1.998,253.742,4378,7210,1.710,1.550,1.220,1,1,0,0,0,25,404,0,76,0
05-06 21:35:55,31.110,3.512,61.467,1.756,0.251,5704616,317936,208364,1827720,742957.153,735314.188,32.113,1930.812,1.004,215.761,4597,7959,1.710,1.550,1.220,1,0,0,0,0,25,404,0,76,0
05-06 21:35:56,33.144,4.486,61.055,1.246,0,5705500,316904,208408,1827820,733517.146,718269.846,0,2336.537,0,204.347,4563,7854,1.650,1.540,1.220,2,0,0,0,0,25,403,0,77,0
05-06 21:35:57,44.614,4.461,48.580,2.231,0.744,5706536,315320,208556,1828212,983282.473,974956.427,47.589,4961.126,1.983,437.222,6175,10612,1.650,1.540,1.220,8,0,0,0,0,25,404,0,83,0
05-06 21:35:58,58.171,11.634,27.568,2.023,0,5712964,307636,208780,1829240,1357355.453,1349131.582,16.187,6296.638,1.012,589.804,7839,13575,1.650,1.540,1.220,4,0,16.187,0,0,25,405,0,80,0
05-06 21:35:59,58.496,8.249,30.998,1.750,0,5714708,305196,209004,1829552,1070391.791,1062844.350,0,6663.507,0,522.961,6272,10467,1.650,1.540,1.220,2,0,15.999,0,0,25,404,0,80,0
05-06 21:36:00,61.720,5.997,28.736,1.000,0,5721344,298000,209100,1830016,1044432.228,1021193.615,0,3482.294,0,241.881,5398,8698,1.650,1.540,1.220,2,0,16.992,0,0,25,404,0,75,0
05-06 21:36:01,63.414,21.471,12.982,0.499,0,5747136,271176,209168,1830868,936137.789,922544.262,298.594,1481.986,26.963,114.844,8020,12945,1.840,1.580,1.230,7,0,66.909,0,0,26,405,0,75,2
05-06 21:36:02,59.588,15.773,22.533,1.502,0.250,5773780,244228,209232,1831108,552040.676,543309.728,13082.401,1257.865,501.744,114.169,8634,15464,1.840,1.580,1.230,10,0,36.053,0,0,26,407,0,65,2
05-06 21:36:03,48.481,12.745,36.735,1.499,0,5849700,167472,209280,1831688,268890.981,253425.137,6463.428,935.628,211.916,80.968,6715,12448,1.840,1.580,1.230,7,0,1.000,0,0,27,405,0,65,2
05-06 21:36:04,57.868,6.735,32.925,0.249,0,5906008,129672,208896,1815340,382789.155,368882.792,19390.886,1173.331,690.429,117.732,8651,15964,1.840,1.580,1.230,4,0,0,0,0,27,405,0,65,2
05-06 21:36:05,64.543,8.506,19.263,8.255,0.500,5979652,140044,205996,1737404,510741.111,503372.232,0,13745.099,0,1291.855,6190,8276,1.840,1.580,1.230,5,0,0,0,0,27,405,0,67,2
05-06 21:36:06,52.968,8.245,25.984,11.243,0.250,5885524,233884,206064,1737600,554174.279,536504.951,135.918,1451.124,8.995,137.917,5069,11434,2.090,1.640,1.250,3,1,20.987,0,0,26,406,0,67,2
05-06 21:36:07,38.058,5.759,44.067,11.267,0,5886008,232032,206104,1738880,118179.751,107567.610,1077.639,1177.791,26.040,76.116,3907,7199,2.090,1.640,1.250,5,0,27.041,0,0,26,407,0,68,2
05-06 21:36:08,55.659,5.990,36.939,0.250,0,5888164,229588,206144,1739112,220766.501,212374.281,0,1401.698,0,109.820,4958,7567,2.090,1.640,1.250,15,0,25.957,0,0,26,407,0,69,2
05-06 21:36:09,54.659,14.292,27.831,1.755,0.251,5909392,203988,206180,1743412,388699.561,380972.105,3897.326,1063.089,103.300,92.268,7640,13859,2.090,1.640,1.250,2,0,19.055,0,0,27,407,0,70,2
05-06 21:36:10,63.493,6.999,23.997,2.250,0,5934080,178964,206224,1743700,633380.061,625661.926,10080.871,1515.830,357.960,176.980,7439,14134,2.090,1.640,1.250,6,0,0,0,0,27,407,0,72,2
05-06 21:36:11,53.999,5.250,36.499,3.000,0,5994168,120544,206244,1742000,163651.382,154493.528,9853.842,5908.905,418.993,696.989,10189,12341,2.080,1.640,1.260,5,0,1.000,0,0,27,408,0,72,2
05-06 21:36:12,74.536,7.003,14.757,2.251,0.250,5865156,278880,205660,1714528,614112.774,606959.340,433.208,7372.539,27.013,209.100,6402,9047,2.080,1.640,1.260,3,0,18.009,0,0,26,407,0,73,2
05-06 21:36:13,70.488,14.498,12.248,2.250,0,5897376,245824,205836,1715136,773980.293,767036.439,67.989,8950.523,11.998,549.909,6659,15561,2.080,1.640,1.260,4,0,52.991,0,0,26,407,0,74,2
05-06 21:36:14,64.768,7.502,26.257,0,0.250,5908392,234504,205892,1715384,237412.238,228397.723,4.001,1132.316,1.000,90.025,4202,7726,2.080,1.640,1.260,5,0,31.009,0,0,26,408,0,74,2
05-06 21:36:15,52.166,13.478,31.449,0.499,0,5921336,220328,205940,1716548,334905.792,327210.228,972.429,914.522,52.914,66.892,7161,13097,2.080,1.640,1.260,8,0,9.984,0,0,27,407,0,74,2
05-06 21:36:16,74.068,5.505,16.515,3.753,0.250,5941916,199524,206084,1716628,722649.670,714949.609,19451.837,1585.454,692.635,182.167,9196,17172,2.080,1.650,1.260,5,0,0,0,0,27,408,0,73,2
05-06 21:36:17,61.031,8.004,30.015,0,0,5911808,229160,206172,1716988,473138.408,466662.131,0,1180.597,0,85.043,4587,10892,2.080,1.650,1.260,4,0,41.021,0,0,26,409,0,73,2
05-06 21:36:18,57.953,10.492,29.226,0,0,5926276,214332,206264,1717248,264958.179,257566.144,190.846,1099.113,29.976,84.931,4554,8589,2.080,1.650,1.260,2,0,33.973,0,0,27,408,0,70,2
05-06 21:36:19,50.031,10.757,35.022,1.751,0.250,5947768,192540,206288,1717512,369399.027,362131.522,4751.946,800.496,225.140,74.046,8076,13998,2.080,1.650,1.260,3,0,3.002,0,0,27,408,0,70,2
05-06 21:36:20,58.869,4.989,30.682,2.494,0.249,5995148,145024,206404,1717524,292966.443,277848.066,15737.999,1768.068,597.671,169.623,8817,15274,2.080,1.650,1.260,3,0,0,0,0,27,408,0,66,2
05-06 21:36:21,61.891,8.018,26.811,2.005,0,5871976,314416,205788,1673956,426081.056,409886.262,662.505,10095.938,28.064,259.590,6069,9476,2.070,1.650,1.270,7,0,26.059,0,0,26,410,0,67,3
05-06 21:36:22,55.448,7.743,34.468,2.248,0.250,5891132,294980,206228,1673840,609635.819,599437.324,0,7461.046,0,547.490,7059,14990,2.070,1.650,1.270,4,0,17.983,0,0,26,412,0,61,2
05-06 21:36:23,36.210,2.997,57.936,0.499,0.250,5899532,286236,206356,1674040,218881.136,209235.794,0,1306.556,0,162.820,4521,8102,2.070,1.650,1.270,1,0,0,0,0,26,409,0,63,2
05-06 21:36:24,48.251,10.750,38.751,1.750,0,5760836,423312,206568,1675408,826099.391,818365.275,48.001,1788.027,1.000,177.003,5754,11367,2.070,1.650,1.270,3,0,42.001,0,0,25,409,0,60,2
05-06 21:36:25,30.252,4.750,62.504,2.000,0,5762424,422304,206844,1674548,589105.990,581711.576,76.004,3220.180,8.000,304.017,5237,8803,2.070,1.650,1.270,3,0,0,0,0,25,411,0,60,2
05-06 21:36:26,34.941,4.992,57.653,1.248,0,5757916,426572,206972,1674660,559538.654,552472.504,0,1413.629,0,153.742,3818,6310,2.070,1.660,1.270,2,0,0.998,0,0,25,411,0,60,2
05-06 21:36:27,30.117,3.514,63.999,1.757,0.502,5741204,442980,207140,1674796,462912.191,456241.235,56.219,2003.797,6.023,208.812,4538,7534,2.070,1.660,1.270,1,0,0,0,0,25,410,0,63,2
05-06 21:36:28,30.856,4.977,61.464,2.737,0.249,5739984,443404,207476,1675256,491897.692,483336.519,0,4574.718,0,385.208,6334,10730,2.070,1.660,1.270,1,0,0,0,0,25,410,0,62,2
05-06 21:36:29,29.796,3.505,60.844,3.255,0.250,5739676,443112,207868,1675444,571622.443,562744.692,0,7335.362,0,564.875,6343,10694,2.070,1.660,1.270,1,0,2.003,0,0,25,411,0,63,2
05-06 21:36:30,28.493,2.249,64.984,1.500,0,5739392,443168,208016,1675524,546284.336,538685.251,0,2047.484,0,201.949,4156,7045,2.070,1.660,1.270,2,0,0,0,0,25,411,0,64,2
05-06 21:36:31,29.033,2.753,65.825,1.251,0,5739552,442884,208156,1675504,619356.447,613169.400,0,1437.637,0,154.176,4141,6820,1.980,1.650,1.270,4,0,0,0,0,25,411,0,64,2
05-06 21:36:32,38.807,2.754,55.832,0.751,0.250,5739212,442852,208232,1675800,961667.383,954616.969,0,1418.095,0,136.201,4453,7646,1.980,1.650,1.270,3,0,0,0,0,25,410,0,67,2
05-06 21:36:33,34.513,5.002,55.770,4.252,0.250,5738928,442252,208556,1676324,737386.621,727956.160,76.028,5241.924,7.003,454.167,6907,13061,1.980,1.650,1.270,1,0,0,0,0,25,410,0,68,2
05-06 21:36:34,40.659,7.733,49.140,2.744,0,5740856,439732,208796,1676644,816124.961,809463.848,0,3635.874,0,333.255,5533,9315,1.980,1.650,1.270,2,0,14.967,0,0,25,409,0,70,2
05-06 21:36:35,33.273,3.753,60.542,1.001,0.250,5740616,439700,208900,1676812,643922.306,635540.523,0,2045.411,0,176.122,4148,6811,1.980,1.650,1.270,1,0,0,0,0,25,409,0,71,2
05-06 21:36:36,40.927,4.991,53.156,0.998,0.250,5745944,434212,208996,1677032,554147.051,537179.119,0,1661.057,0,140.751,4360,7086,1.980,1.660,1.270,1,0,16.970,0,0,25,409,0,71,2
05-06 21:36:37,46.309,21.027,31.290,0,0,5766292,411588,209032,1679280,478146.027,469284.684,1857.377,1173.502,50.064,78.100,7202,17376,1.980,1.660,1.270,3,0,91.117,0,0,26,409,0,68,2
05-06 21:36:38,31.557,8.015,51.844,5.760,0,5786388,390964,209232,1679600,327662.034,318985.277,12754.162,7846.249,472.859,532.968,8819,15929,1.980,1.660,1.270,4,0,0,0,0,26,410,0,68,2
05-06 21:36:39,52.489,3.999,41.492,1.500,0,5852632,324640,209300,1679612,689270.078,680045.951,6701.640,1291.738,219.955,104.979,5375,9431,1.980,1.660,1.270,3,0,2.999,0,0,26,411,0,72,2
05-06 21:36:40,61.274,6.753,30.012,0.500,0.500,5863588,312896,209508,1680192,895619.457,886410.791,0,3325.323,0,338.135,6318,11610,1.980,1.660,1.270,3,0,13.005,0,0,26,411,0,73,2
05-06 21:36:41,55.759,5.501,38.256,0.250,0,5891740,284444,209592,1680404,816231.046,807506.624,0,1836.299,0,166.027,5452,9688,2.060,1.680,1.280,2,0,3.000,0,0,26,411,0,73,2
05-06 21:36:42,59.185,4.725,32.825,2.238,0,5899976,274932,209628,1681636,388970.289,381630.345,0,13707.065,0,1344.844,5583,7249,2.060,1.680,1.280,4,0,16.910,0,0,26,412,0,73,2
05-06 21:36:43,58.402,15.290,25.316,0.501,0,5915844,258008,209708,1682236,403852.825,393008.608,95.248,1463.809,21.055,125.326,6201,11649,2.060,1.680,1.280,2,0,32.083,0,0,27,411,0,73,2
05-06 21:36:44,59.741,8.999,28.246,3.749,0,5938320,235276,209776,1682420,473744.781,464708.082,15088.827,1359.804,550.921,144.979,6707,14260,2.060,1.680,1.280,2,0,0,0,0,27,411,0,73,2
05-06 21:36:45,63.988,7.779,26.097,1.506,0.502,5912392,263172,209836,1680944,514739.434,503873.938,4532.894,1589.926,147.550,151.565,6585,9719,2.060,1.680,1.280,3,0,24.090,0,0,26,411,0,73,2
05-06 21:36:46,54.755,4.729,31.858,5.973,0,5921444,253820,210000,1680980,588086.605,580450.707,163.271,3337.097,15.929,325.546,6198,10749,2.140,1.700,1.290,2,4,15.929,0,0,26,412,0,73,2
05-06 21:36:47,33.556,3.480,52.945,8.700,0,5921596,253380,210092,1681176,229294.202,211954.236,497.132,7625.011,83.518,382.792,5163,9036,2.140,1.700,1.290,3,0,0.994,0,0,26,412,0,72,2
05-06 21:36:48,47.285,3.521,44.267,3.270,0,5921876,252672,210136,1681548,448890.771,435235.553,488.944,10154.138,31.188,328.981,6411,9335,2.140,1.700,1.290,1,0,7.042,0,0,26,412,0,75,2
05-06 21:36:49,34.636,2.990,60.052,0.997,0.498,5924928,249436,210160,1681704,149844.662,141120.444,7.974,11596.742,0.997,240.208,6060,7387,2.140,1.700,1.290,5,1,28.905,0,0,26,412,0,74,2
05-06 21:36:50,46.191,3.263,44.684,4.519,0,5922728,251380,210256,1681840,564285.370,554719.884,353.459,10235.251,39.162,306.264,5814,9164,2.140,1.700,1.290,1,0,0,0,0,26,411,0,77,3
05-06 21:36:51,34.726,2.498,60.457,0.500,0,5911948,261960,210276,1682004,199705.208,181611.964,39.972,703.504,7.994,54.961,3808,5519,2.050,1.690,1.290,4,0,0,0,0,26,411,0,73,2
05-06 21:36:52,34.009,1.500,59.516,0.750,0,5911636,262148,210308,1682080,186323.307,171036.180,74.020,1028.278,10.003,114.031,4250,7054,2.050,1.690,1.290,2,0,0,0,0,26,411,0,74,2
05-06 21:36:53,36.988,2.249,55.982,1.500,0,5910912,262612,210400,1682244,220226.188,203631.449,552.825,1263.599,34.989,130.958,4804,7562,2.050,1.690,1.290,2,0,0,0,0,26,411,0,67,2
05-06 21:36:54,43.994,7.749,45.494,0.750,0.500,5755964,417332,210504,1682268,596680.432,590062.292,2.000,2047.734,2.000,187.976,7743,9167,2.050,1.690,1.290,3,0,32.996,0,0,25,412,0,69,2
05-06 21:36:55,48.093,13.025,37.823,1.002,0,5757688,415276,210596,1682428,931790.606,924247.965,92.179,2023.928,1.002,206.401,5315,12156,2.050,1.690,1.290,3,1,44.086,0,0,25,413,0,66,2
05-06 21:36:56,22.200,3.991,67.847,2.993,0.249,5756876,415516,210772,1682812,402877.332,386303.590,0,4861.072,0,434.024,5378,9417,1.960,1.680,1.290,0,0,0,0,0,25,412,0,66,2
05-06 21:36:57,23.807,1.754,71.422,1.253,0.251,5756976,415240,210840,1682920,481698.411,474858.935,48.116,2349.660,6.014,162.391,3084,5138,1.960,1.680,1.290,3,0,0,0,0,25,414,0,58,2
05-06 21:36:58,29.532,3.254,62.569,2.002,0,5748736,423424,210976,1682820,459328.965,452765.779,0,7604.327,0,512.561,4545,7886,1.960,1.680,1.290,2,0,1.001,0,0,25,414,0,62,2
05-06 21:36:59,29.912,4.238,62.068,2.742,0,5747872,423888,211156,1683036,503190.131,493207.450,0,5527.765,0,441.703,5481,9783,1.960,1.680,1.290,4,0,0,0,0,25,413,0,62,2
05-06 21:37:00,26.070,5.013,66.678,1.253,0.501,5747528,423912,211240,1683268,588197.134,579812.781,0,1616.309,0,191.511,4920,9901,1.960,1.680,1.290,2,0,3.008,0,0,25,412,0,64,2
05-06 21:37:01,12.720,2.494,82.303,0.998,0.249,5747780,423556,211272,1683336,210489.667,193846.544,0,1185.160,0,106.744,2996,5237,1.810,1.650,1.280,0,0,0,0,0,25,412,0,64,2
05-06 21:37:02,15.243,2.249,78.716,1.499,0.250,5747844,423116,211340,1683636,319546.678,310459.640,127.944,1395.392,7.997,155.932,3468,6205,1.810,1.650,1.280,0,0,0,0,0,25,412,0,64,2
05-06 21:37:03,12.997,2.499,82.229,1.750,0,5748096,422864,211376,1683600,220728.273,206759.863,15.996,1195.693,1.000,123.968,3369,5778,1.810,1.650,1.280,0,0,0,0,0,25,412,0,65,1
05-06 21:37:04,10.013,2.253,85.860,0.501,0,5748456,422280,211428,1683768,177553.446,170802.798,0,885.134,0,77.099,2724,4654,1.810,1.650,1.280,1,0,0,0,0,25,413,0,65,1
05-06 21:37:05,9.739,2.997,84.903,0.999,0,5748112,422336,211464,1684012,110754.297,97143.867,0,1046.802,0,96.889,3322,5535,1.810,1.650,1.280,3,0,0,0,0,25,413,0,65,1
05-06 21:37:06,29.783,4.255,62.319,2.503,0.751,5747560,422392,211524,1684444,648544.642,642446.904,0,2490.752,0,267.295,5819,10910,1.980,1.690,1.300,5,0,0,0,0,25,413,0,67,1
05-06 21:37:07,28.303,6.011,60.364,5.260,0.250,5747680,421824,211644,1684768,637599.150,627099.336,16.030,8055.200,1.002,609.149,6919,11986,1.980,1.690,1.300,1,0,0,0,0,25,412,0,67,1
05-06 21:37:08,7.472,1.245,86.680,0.498,0,5747560,421888,211652,1684816,107705.674,99467.066,0,681.486,0,58.783,2681,4324,1.980,1.690,1.300,3,0,0,0,0,25,412,0,68,1
05-06 21:37:09,13.017,2.754,81.358,1.502,0,5747348,421856,211700,1685004,211625.827,194922.662,0,1369.818,0,156.207,3646,6117,1.980,1.690,1.300,0,0,0,0,0,25,412,0,65,1
05-06 21:37:10,26.766,3.752,67.541,1.501,0.250,5747764,421352,211748,1685044,489054.279,479243.255,32.020,1568.963,4.002,182.112,4627,7928,1.980,1.690,1.300,1,0,2.001,0,0,25,413,0,67,1
05-06 21:37:11,26.452,4.741,66.628,1.248,0.749,5748212,420556,211792,1685344,507746.854,499911.162,0,1357.521,0,139.745,5192,9679,1.820,1.660,1.290,1,0,0,0,0,25,413,0,67,1
05-06 21:37:12,14.013,2.753,80.076,2.002,0,5748620,419864,211868,1685548,231997.470,219770.903,0,2037.928,0,221.209,4129,6880,1.820,1.660,1.290,1,0,0,0,0,25,412,0,68,1
05-06 21:37:13,16.741,2.748,68.712,9.495,0,5749376,419012,211912,1685596,352952.288,344509.898,0,13644.550,0,1461.202,5424,7052,1.820,1.660,1.290,0,0,0,0,0,25,413,0,69,1
05-06 21:37:14,15.274,1.753,78.371,1.002,0.250,5749752,418540,211996,1685608,295410.933,287585.882,0,1398.153,0,153.236,3652,6011,1.820,1.660,1.290,1,0,0,0,0,25,411,0,68,1
05-06 21:37:15,8.991,2.747,86.166,0.999,0,5749704,418280,212048,1685860,128303.546,120620.998,0,1034.996,0,104.898,3090,5053,1.820,1.660,1.290,3,0,0,0,0,25,412,0,68,1
05-06 21:37:16,28.250,3.750,61.750,4.750,0.500,5752236,415192,212228,1686204,550006.600,540537.676,131.999,5819.953,7.000,428.997,5027,8371,1.760,1.650,1.290,0,0,0,0,0,25,412,0,69,1
05-06 21:37:17,8.246,1.000,87.209,0.750,0,5752144,415184,212260,1686268,109196.459,81182.682,0,827.609,0,92.956,2960,4701,1.760,1.650,1.290,1,0,1.000,0,0,25,412,0,69,1
05-06 21:37:18,15.498,2.750,79.742,1.750,0.250,5752232,414996,212340,1686284,212576.168,184741.895,0,1367.866,0,161.984,3901,6291,1.760,1.650,1.290,0,0,0,0,0,25,411,0,70,1
05-06 21:37:19,12.249,2.000,82.495,1.000,0.250,5752048,414932,212384,1686484,218807.653,196755.998,0,1135.931,0,128.992,3490,5757,1.760,1.650,1.290,0,0,0,0,0,25,411,0,71,1
05-06 21:37:20,22.259,3.501,70.029,1.501,0,5753152,413420,212468,1686808,441908.508,429091.215,8.003,1632.674,2.001,173.071,4110,7602,1.760,1.650,1.290,8,0,2.001,0,0,25,412,0,72,1
05-06 21:37:21,26.767,5.253,66.292,0.750,0.250,5753824,412436,212524,1687060,587344.488,569108.799,0,1220.783,0,113.072,5045,9350,1.700,1.640,1.280,6,0,0,0,0,25,411,0,76,1
05-06 21:37:22,28.246,4.249,64.242,2.000,0.250,5753876,411932,212580,1687448,511704.990,502364.195,0,1667.785,0,186.976,4757,8941,1.700,1.640,1.280,1,0,0,0,0,25,412,0,77,1
05-06 21:37:23,26.047,5.510,66.371,1.503,0,5754224,411420,212636,1687552,476180.219,465755.277,0,1314.388,0,139.253,4921,9739,1.700,1.640,1.280,4,0,0,0,0,25,412,0,80,1
05-06 21:37:24,29.725,5.745,60.698,0.749,0.250,5765016,399920,212684,1688192,565476.214,554432.623,0,1382.822,0,142.878,5292,10046,1.700,1.640,1.280,2,0,4.996,0,0,25,414,0,81,1
05-06 21:37:25,33.762,4.752,60.022,2.501,0.500,5765636,398904,212756,1688492,629652.564,621949.768,116.042,2484.902,4.001,330.120,5916,11474,1.700,1.640,1.280,3,0,0,0,0,25,413,0,88,1
05-06 21:37:26,32.301,6.510,57.090,3.506,0,5758400,405960,212892,1688536,540904.220,530718.228,88.138,7111.165,3.005,561.882,6440,12545,1.640,1.630,1.280,8,0,0,0,0,25,414,0,90,1
05-06 21:37:27,29.140,3.985,63.511,2.242,0,5758456,405740,212976,1688608,631165.400,623700.520,0,2924.982,0,278.949,4215,8220,1.640,1.630,1.280,3,0,0,0,0,25,414,0,91,1
05-06 21:37:28,30.396,3.239,63.284,1.246,0.249,5758592,405456,213088,1688680,545411.783,536867.985,0,1997.174,0,231.210,4108,7312,1.640,1.630,1.280,5,0,0,0,0,25,414,0,86,1
05-06 21:37:29,33.479,2.769,60.917,1.259,0.503,5758524,405204,213232,1688856,625223.656,616974.188,0,1969.481,0,199.365,3877,6758,1.640,1.630,1.280,4,0,0,0,0,25,414,0,86,1
05-06 21:37:30,35.152,3.740,57.589,1.496,0.249,5759084,404196,213416,1689112,721885.165,712074.615,0,2812.132,0,305.146,5834,10831,1.640,1.630,1.280,1,0,1.994,0,0,25,414,0,85,1
05-06 21:37:31,32.486,2.749,59.474,4.498,0,5758884,403944,213760,1689220,617885.984,609763.533,0,7224.843,0,579.747,5291,9709,1.590,1.620,1.280,3,0,0,0,0,25,414,0,86,1
05-06 21:37:32,31.072,2.255,63.397,2.506,0.251,5758856,403724,213932,1689292,631161.187,614165.707,0,3528.196,0,302.703,4505,7977,1.590,1.620,1.280,1,0,0,0,0,25,414,0,86,1
05-06 21:37:33,40.660,2.744,54.130,0.998,0,5759604,402684,214004,1689512,877403.693,866777.156,0,1660.334,0,185.590,4558,7896,1.590,1.620,1.280,1,0,0,0,0,25,413,0,86,2
05-06 21:37:34,34.734,3.748,58.473,1.749,0.250,5761364,400680,214084,1689648,725009.321,718031.551,0,2015.067,0,168.922,4525,9269,1.590,1.620,1.280,2,0,1.000,0,0,25,414,0,82,1
05-06 21:37:35,32.057,4.258,62.361,1.503,0,5765112,396572,214208,1689864,594684.512,585579.259,0,2957.279,0,262.469,4106,7098,1.590,1.620,1.280,1,0,0,0,0,25,414,0,86,1
05-06 21:37:36,30.698,3.244,63.642,0.749,0.499,5766028,395280,214312,1690132,537486.810,528778.605,0,1737.049,0,203.654,3909,6727,1.540,1.600,1.280,1,0,0,0,0,25,414,0,86,1
05-06 21:37:37,32.120,6.524,57.966,1.506,0,5766264,394760,214408,1690300,559593.845,551672.289,0,1493.573,0,167.625,4352,11035,1.540,1.600,1.280,2,0,35.131,0,0,25,414,0,91,1
05-06 21:37:38,27.726,6.244,61.196,3.247,0.250,5766384,394256,214616,1690464,537384.027,528565.805,51.954,7689.218,1.998,578.490,6352,11712,1.540,1.600,1.280,1,0,0,0,0,25,414,0,94,1
05-06 21:37:39,26.443,5.239,66.107,1.746,0,5766320,393972,214708,1690720,507286.739,497460.992,0,2366.880,0,212.540,5084,10085,1.540,1.600,1.280,2,0,0,0,0,25,413,0,95,1
05-06 21:37:40,25.795,4.758,67.117,1.753,0.250,5766900,392980,214784,1691032,542917.133,535730.636,128.223,1366.376,8.014,132.230,5107,9948,1.540,1.600,1.280,2,0,2.003,0,0,25,413,0,90,1
05-06 21:37:41,10.734,2.496,84.622,1.747,0.250,5767344,392256,214852,1691244,147237.965,137645.431,143.783,1182.217,7.988,118.821,3176,5402,1.500,1.590,1.280,1,0,0,0,0,25,412,0,90,1
05-06 21:37:42,18.740,2.998,73.210,2.748,0.250,5769820,389452,214936,1691484,334487.363,325851.130,0,1862.972,0,216.880,4116,7136,1.500,1.590,1.280,1,0,0,0,0,25,412,0,92,1
05-06 21:37:43,13.243,3.498,79.955,1.749,0,5771064,387716,214988,1691752,226533.235,217892.109,79.955,1555.123,4.997,161.909,3411,6000,1.500,1.590,1.280,0,0,0,0,0,25,413,0,93,1
05-06 21:37:44,7.004,1.501,85.046,4.252,0.250,5771368,387212,215024,1691772,104944.090,97456.016,0,11510.262,0,1189.647,3633,4488,1.500,1.590,1.280,1,0,0,0,0,25,413,0,93,1
05-06 21:37:45,22.237,3.498,70.959,1.999,0,5773752,384692,215108,1691816,542184.075,533791.934,0,1870.917,0,206.880,4411,8017,1.500,1.590,1.280,0,0,0,0,0,25,412,0,96,1
05-06 21:37:46,14.798,2.257,80.007,0.752,0.502,5774516,383684,215148,1692012,322591.842,313880.871,4.013,1227.943,1.003,115.370,3370,5856,1.380,1.570,1.270,1,0,0,0,0,25,413,0,100,1
05-06 21:37:47,9.240,1.998,82.914,3.496,0.250,5774808,383180,215276,1692096,125963.124,112238.384,0,6053.710,0,454.528,3874,6933,1.380,1.570,1.270,1,0,0,0,0,25,413,0,100,1
05-06 21:37:48,14.469,3.243,79.579,0.998,0,5777292,380440,215352,1692276,258955.282,247914.974,0,1353.096,0,164.647,3640,6340,1.380,1.570,1.270,0,0,0,0,0,25,412,0,98,1
05-06 21:37:49,16.522,2.503,77.603,2.253,0,5778672,378928,215396,1692360,357139.996,334230.527,16.021,1538.046,1.001,217.289,3714,6224,1.380,1.570,1.270,1,0,0,0,0,25,413,0,100,1
05-06 21:37:50,16.258,2.001,78.039,2.001,0,5779808,377668,215460,1692416,271407.704,262420.210,16.008,1336.668,1.001,147.074,3715,6333,1.380,1.570,1.270,1,0,2.001,0,0,25,412,0,97,1
05-06 21:37:51,4.005,1.001,92.109,0,0.501,5780064,377060,215492,1692732,49024.800,43108.825,0,504.595,0,40.047,2070,3593,1.270,1.540,1.260,1,0,0,0,0,25,413,0,97,1
05-06 21:37:52,17.949,2.493,76.533,1.496,0,5781056,375800,215556,1692932,317815.628,310851.358,0,1423.966,0,193.452,3991,6869,1.270,1.540,1.260,1,0,0,0,0,25,412,0,100,1
05-06 21:37:53,17.740,3.248,76.707,1.249,0.500,5781696,374856,215600,1693188,349644.500,339615.136,0,1443.189,0,163.908,3663,6291,1.270,1.540,1.260,0,1,0,0,0,25,412,0,104,1
05-06 21:37:54,11.267,2.253,84.881,0.751,0,5800664,355884,215640,1693152,195672.096,186882.481,0,1065.651,0,106.164,2762,4879,1.270,1.540,1.260,1,0,0,0,0,25,412,0,101,1
05-06 21:37:55,7.253,2.251,88.033,0.500,0.250,5781104,375360,215652,1693224,96104.520,85541.506,0,752.286,0,60.023,2331,3937,1.270,1.540,1.260,1,0,0,0,0,25,413,0,101,1
05-06 21:37:56,9.740,2.248,85.911,0.749,0.250,5781168,375264,215680,1693224,160379.526,145228.253,0,1054.905,0,101.894,3070,5345,1.250,1.530,1.260,0,0,0,0,0,25,412,0,101,1
05-06 21:37:57,7.502,0.750,88.768,0.500,0.250,5781192,375044,215700,1693400,166663.666,156366.586,0,816.165,0,79.016,2472,4346,1.250,1.530,1.260,0,0,0,0,0,25,412,0,103,1
05-06 21:37:58,10.004,3.251,84.530,2.001,0,5781124,375044,215824,1693340,199841.343,193255.992,0,5437.941,0,374.134,3315,5908,1.250,1.530,1.260,0,0,0,0,0,25,412,0,103,1
05-06 21:37:59,14.992,2.499,78.709,1.249,0.250,5781664,374288,215888,1693492,389429.055,380447.689,0,1343.307,0,185.904,3670,6509,1.250,1.530,1.260,0,0,0,0,0,25,412,0,101,1
05-06 21:38:00,15.263,2.002,80.818,1.251,0.250,5781872,374068,215936,1693456,272452.771,261633.726,0,1036.867,0,92.077,2954,5497,1.250,1.530,1.260,1,0,2.002,0,0,25,412,0,104,1
05-06 21:38:01,7.238,0.749,88.356,1.248,0,5781572,374036,215992,1693728,94164.136,83000.377,0,1094.212,0,140.770,2751,4847,1.150,1.510,1.250,2,0,0,0,0,25,413,0,99,1
05-06 21:38:02,19.507,3.001,75.778,1.501,0.250,5781952,373556,216028,1693788,466714.218,457150.689,0,1512.558,0,202.075,3883,6838,1.150,1.510,1.250,0,0,0,0,0,25,413,0,102,1
05-06 21:38:03,18.002,3.000,75.256,2.500,0,5782556,372548,216112,1694104,367846.267,348647.635,0,1408.120,0,156.013,4015,6754,1.150,1.510,1.250,1,0,0,0,0,25,412,0,102,1
05-06 21:38:04,9.265,1.502,85.386,0.751,0.501,5782824,372264,216160,1694072,144530.370,136375.428,0,989.570,0,115.183,2845,4756,1.150,1.510,1.250,2,0,0,0,0,25,413,0,102,1
05-06 21:38:05,14.221,2.744,81.332,1.497,0.249,5783304,371468,216216,1694324,201041.247,192358.203,0,1345.218,0,132.726,3504,5951,1.150,1.510,1.250,0,0,0,0,0,25,412,0,105,1
05-06 21:38:06,11.254,3.751,81.027,1.751,0,5783180,371500,216264,1694368,301359.161,282856.888,0,1808.613,0,213.072,3798,6506,1.050,1.480,1.250,0,0,0,0,0,25,412,0,106,1
05-06 21:38:07,15.514,3.003,77.068,4.254,0.250,5783948,370452,216316,1694592,280573.588,271633.667,0,5801.140,0,424.376,4362,7282,1.050,1.480,1.250,0,0,0,0,0,25,412,0,102,1
05-06 21:38:08,12.988,0.749,82.423,0.749,0,5785152,369224,216344,1694588,301425.770,294174.535,0,2189.957,0,158.852,3168,5368,1.050,1.480,1.250,1,0,0,0,0,25,412,0,104,1
05-06 21:38:09,9.008,2.002,84.577,1.752,0.250,5785068,369192,216368,1694680,155222.718,140480.258,0,1113.016,0,139.127,3120,5305,1.050,1.480,1.250,3,0,0,0,0,25,413,0,102,1
05-06 21:38:10,29.534,5.757,63.072,1.752,0.250,5785520,368500,216436,1694848,540681.377,530935.266,0,1990.269,0,246.281,5834,10894,1.050,1.480,1.250,1,1,2.002,0,0,25,414,0,103,1
05-06 21:38:11,27.761,5.002,63.524,1.751,0.500,5785692,367924,216500,1695184,501726.656,494709.990,0,2076.789,0,246.094,5590,10191,1.210,1.510,1.260,2,0,0,0,0,25,412,0,105,1
05-06 21:38:12,25.228,4.246,66.443,1.249,0,5786824,366664,216528,1695280,463842.096,457353.676,0,1350.838,0,130.887,4989,9537,1.210,1.510,1.260,1,0,0,0,0,25,413,0,104,1
05-06 21:38:13,16.736,3.247,77.187,0.999,0.250,5786528,366696,216588,1695480,365123.060,358425.525,0,1642.660,0,163.866,4089,7206,1.210,1.510,1.260,1,0,0,0,0,25,412,0,101,1
05-06 21:38:14,15.015,2.503,79.580,1.502,0.250,5787304,365656,216632,1695700,328615.273,321786.430,0,1833.838,0,199.200,3585,6362,1.210,1.510,1.260,0,0,0,0,0,25,413,0,105,1
05-06 21:38:15,9.485,1.997,82.366,3.994,0,5787148,365780,216640,1695716,127126.166,117868.228,0,10914.243,0,1159.114,4025,5212,1.210,1.510,1.260,3,0,0,0,0,25,413,0,102,1
05-06 21:38:16,10.501,3.250,80.006,4.000,0.250,5787092,365772,216692,1695724,193905.379,184975.763,0,5868.405,0,462.032,4593,7898,1.110,1.480,1.250,0,2,0,0,0,25,412,0,102,1
05-06 21:38:17,26.744,3.249,67.235,1.250,0.250,5787660,364704,216736,1696160,577572.512,568855.421,0,2035.554,0,203.955,4588,8644,1.110,1.480,1.250,1,0,0,0,0,25,413,0,107,1
05-06 21:38:18,12.770,1.753,81.628,1.502,0,5787560,364736,216768,1696196,183426.980,169353.886,0,1454.283,0,176.277,3463,5626,1.110,1.480,1.250,0,1,0,0,0,25,413,0,108,1
05-06 21:38:19,27.989,3.499,63.974,1.499,0.500,5787440,364728,216816,1696268,530171.750,514235.221,0,2562.959,0,291.881,5525,9906,1.110,1.480,1.250,1,1,0,0,0,25,414,0,107,1
05-06 21:38:20,29.293,4.256,62.091,2.754,0,5788228,363404,216916,1696700,558160.705,551180.479,0,3284.812,0,318.467,6024,11282,1.110,1.480,1.250,1,0,2.003,0,0,25,413,0,110,1
05-06 21:38:21,25.929,4.737,66.817,0.997,0,5789076,362200,216948,1697020,505450.593,494621.211,0,1252.574,0,114.686,5146,9799,1.020,1.460,1.240,3,0,0,0,0,25,414,0,105,1
05-06 21:38:22,27.563,5.011,64.147,3.508,0.501,5789208,361948,217032,1697048,495945.740,486282.670,0,6811.558,0,521.190,6447,11643,1.020,1.460,1.240,2,0,0,0,0,25,414,0,107,1
05-06 21:38:23,30.190,3.743,61.377,2.745,0.250,5788932,361720,217080,1697504,508199.094,499778.942,0,2307.383,0,269.461,4933,8801,1.020,1.460,1.240,1,0,0,0,0,25,413,0,106,1
05-06 21:38:24,25.267,4.503,66.045,1.751,0.250,5790292,360144,217112,1697684,547937.337,539179.338,0,1617.108,0,176.121,5630,10829,1.020,1.460,1.240,3,0,0,0,0,25,413,0,106,1
05-06 21:38:25,31.480,7.495,59.212,0.999,0,5799560,349568,217120,1698976,482742.080,472959.360,0,1706.904,0,187.879,5347,9892,1.020,1.460,1.240,2,0,3.997,0,0,25,413,0,98,1
05-06 21:38:26,34.489,6.498,55.982,1.999,0,5793524,356096,217180,1698424,648467.139,639397.032,123.960,2547.187,1.999,310.901,6593,11387,1.020,1.450,1.240,3,1,0,0,0,25,414,0,101,1
05-06 21:38:27,27.503,3.500,66.507,1.250,0,5794776,354608,217228,1698604,526724.360,518363.465,72.008,1900.203,1.000,199.021,5337,10488,1.020,1.450,1.240,2,0,0,0,0,25,413,0,97,1
05-06 21:38:28,27.364,4.519,65.022,1.004,0.753,5795576,353568,217248,1698816,514804.367,506009.614,0,1791.487,0,180.755,5327,9775,1.020,1.450,1.240,5,0,0,0,0,25,413,0,97,1
05-06 21:38:29,5.479,2.242,89.664,0.498,0,5795508,353600,217256,1698844,93633.686,85694.474,0,1171.604,0,80.697,2621,4393,1.020,1.450,1.240,2,0,0,0,0,25,412,0,95,1
05-06 21:38:30,10.752,2.000,84.519,0.750,0.250,5795848,353056,217276,1699024,191106.617,171416.226,0,1316.294,0,128.029,3335,5520,1.020,1.450,1.240,0,0,2.000,0,0,25,412,0,95,1
05-06 21:38:31,18.483,3.497,71.186,4.995,0,5795980,352764,217340,1699108,328995.575,316406.917,0,6753.915,0,502.547,4934,8332,1.020,1.440,1.240,1,0,0,0,0,25,412,0,98,1
05-06 21:38:32,12.520,2.754,81.380,2.003,0,5796740,351968,217348,1699136,220677.201,213120.140,0,516.825,0,39.062,2759,4670,1.020,1.440,1.240,1,0,0,0,0,25,413,0,102,1
05-06 21:38:33,18.743,1.749,75.222,2.749,0,5796732,351716,217408,1699336,295594.812,278814.954,0,1379.495,0,179.934,3914,6609,1.020,1.440,1.240,0,0,0,0,0,25,412,0,101,1
05-06 21:38:34,16.984,4.745,76.925,0.250,0.500,5796580,351716,217444,1699444,324890.856,310706.615,0,847.178,0,86.916,3910,8261,1.020,1.440,1.240,2,0,0,0,0,25,412,0,102,1
05-06 21:38:35,16.049,2.006,80.746,0.752,0.502,5797048,351212,217492,1699432,248047.312,239252.567,0,1119.404,0,116.354,3372,5824,1.020,1.440,1.240,1,0,0,0,0,25,413,0,98,1
05-06 21:38:36,10.968,2.742,83.010,1.246,0,5797404,350448,217524,1699800,154641.622,136971.741,0,1128.735,0,130.622,3690,6072,0.940,1.420,1.230,0,0,0,0,0,25,412,0,98,1
05-06 21:38:37,25.037,4.256,68.350,1.252,0,5799760,347816,217580,1700020,329527.098,320193.443,0,1538.250,0,191.280,5040,10434,0.940,1.420,1.230,2,0,34.050,0,0,25,412,0,103,1
05-06 21:38:38,20.467,2.496,74.628,0.749,0,5802192,345328,217624,1700012,331438.424,322428.120,0,1349.798,0,145.762,3669,5995,0.940,1.420,1.230,1,0,0.998,0,0,25,412,0,101,1
05-06 21:38:39,7.252,1.000,89.528,0.500,0.500,5801940,345328,217656,1700224,57610.205,47187.911,0,816.258,0,76.024,2668,4324,0.940,1.420,1.230,1,0,0,0,0,25,413,0,101,1
05-06 21:38:40,12.497,2.499,83.232,0.500,0.500,5801924,345296,217660,1700268,165274.962,153656.425,0,731.845,0,62.987,2630,4096,0.940,1.420,1.230,0,0,2.000,0,0,25,412,0,97,1
05-06 21:38:41,11.249,2.750,82.742,1.250,0,5802136,345044,217668,1700296,275735.702,265271.738,0,807.920,0,67.993,2984,4801,0.860,1.390,1.230,0,0,0,0,0,25,412,0,98,1
05-06 21:38:42,14.048,2.007,82.279,0.753,0,5803104,344036,217696,1700308,316122.552,309165.927,0,891.026,0,88.300,2931,5021,0.860,1.390,1.230,2,0,0,0,0,25,413,0,104,1
05-06 21:38:43,13.473,3.243,77.844,3.243,0.249,5802756,344092,217772,1700524,224308.812,206944.662,0,6818.316,0,533.928,5094,8176,0.860,1.390,1.230,1,0,0,0,0,25,412,0,104,1
05-06 21:38:44,29.227,2.748,64.698,1.998,0.500,5803160,343492,217796,1700688,512699.891,503611.126,0,1790.575,0,208.834,5219,9289,0.860,1.390,1.230,2,0,0,0,0,25,414,0,101,1
05-06 21:38:45,29.096,4.013,63.710,2.007,0.251,5802788,343588,217812,1700940,580143.313,570997.149,0,1846.088,0,229.758,5718,10132,0.860,1.390,1.230,1,0,0,0,0,25,413,0,104,1
05-06 21:38:46,26.667,4.486,62.804,5.234,0,5803068,343012,217872,1701176,507697.430,490566.997,0,13465.892,0,1458.439,7000,10600,0.950,1.400,1.230,4,0,0,0,0,25,413,0,102,1
05-06 21:38:47,18.492,2.749,75.217,1.499,0.250,5803680,342256,217892,1701296,374226.340,365797.049,0,1791.212,0,178.921,4386,7718,0.950,1.400,1.230,0,0,0,0,0,25,412,0,102,1
05-06 21:38:48,16.267,3.003,76.832,1.752,0,5804156,341752,217924,1701292,318774.539,311255.553,4.004,1821.935,1.001,200.213,3840,6501,0.950,1.400,1.230,2,0,0,0,0,25,412,0,101,1
05-06 21:38:49,8.013,1.002,88.645,0.501,0.250,5804096,341688,217928,1701404,89056.251,66712.809,0,845.379,0,71.116,2589,4183,0.950,1.400,1.230,1,0,0,0,0,25,413,0,102,1
05-06 21:38:50,19.682,3.488,73.247,1.744,0.249,5804532,340964,217956,1701660,477140.050,465037.899,0,1423.079,0,156.459,4194,7237,0.950,1.400,1.230,1,0,1.993,0,0,25,412,0,103,1
05-06 21:38:51,13.760,2.502,82.310,0.250,0.250,5805648,339640,217976,1701844,303684.779,295056.506,0,828.602,0,58.042,2799,4510,0.960,1.400,1.230,0,0,0,0,0,25,413,0,107,1
05-06 21:38:52,11.033,2.257,80.740,2.758,0.251,5805816,339388,218052,1701852,186399.539,169908.478,0,5404.077,0,401.194,4287,6844,0.960,1.400,1.230,1,0,0,0,0,25,413,0,103,1
05-06 21:38:53,16.447,2.243,78.498,1.744,0,5806656,338412,218100,1701932,312102.590,295151.089,0,1722.462,0,182.414,3993,6569,0.960,1.400,1.230,1,0,0,0,0,25,413,0,105,1
05-06 21:38:54,24.847,3.514,69.521,1.506,0.251,5806880,337932,218144,1702140,434913.684,424424.862,0,1638.377,0,189.738,4937,9084,0.960,1.400,1.230,1,0,0,0,0,25,414,0,102,1
05-06 21:38:55,33.117,5.976,57.021,2.490,0,5806016,338444,218200,1702436,587393.378,578637.506,0,2733.035,0,307.765,5867,10238,0.960,1.400,1.230,1,0,0,0,0,25,412,0,106,2
05-06 21:38:56,29.269,4.003,62.542,2.502,0.500,5807228,337112,218272,1702476,582720.509,567461.362,0,2209.469,0,205.136,5976,10898,0.960,1.390,1.230,1,0,0,0,0,25,413,0,106,1
05-06 21:38:57,17.255,3.751,76.772,1.500,0.250,5807392,336608,218312,1702760,370671.236,361748.631,0,1492.436,0,145.042,4137,7181,0.960,1.390,1.230,0,0,0,0,0,25,412,0,106,1
05-06 21:38:58,15.771,3.004,78.106,1.502,0,5808100,335884,218364,1702724,268784.353,261275.118,0,1193.627,0,109.149,3700,6172,0.960,1.390,1.230,3,0,0,0,0,25,413,0,104,1
05-06 21:38:59,7.748,1.999,88.475,0.500,0.250,5807796,335916,218380,1702976,105320.510,92004.239,0,851.762,0,72.980,2628,4252,0.960,1.390,1.230,0,0,0,0,0,25,412,0,104,1
05-06 21:39:00,26.520,4.253,64.798,2.752,0,5807788,335624,218432,1703216,589320.454,580225.688,0,2449.823,0,276.205,5930,10880,0.960,1.390,1.230,4,0,2.001,0,0,25,413,0,104,1
05-06 21:39:01,29.484,4.498,62.217,1.999,0.250,5808712,334364,218528,1703452,657030.489,650209.138,0,5908.839,0,466.750,7008,12595,1.120,1.420,1.240,3,0,0,0,0,25,413,0,106,1
05-06 21:39:02,26.801,4.258,66.126,2.004,0.751,5809204,333600,218596,1703652,570787.780,560598.379,0,2624.998,0,242.462,5630,10377,1.120,1.420,1.240,3,0,0,0,0,25,412,0,100,1
05-06 21:39:03,12.949,2.988,81.427,0.996,0,5809076,333536,218628,1703800,180462.466,164296.564,0,1255.024,0,126.498,3558,5820,1.120,1.420,1.240,0,0,0,0,0,25,411,0,101,1
05-06 21:39:04,20.242,3.499,73.721,1.749,0,5809508,332812,218676,1704040,366553.745,355453.174,0,1975.212,0,232.907,4305,7406,1.120,1.420,1.240,1,0,0,0,0,25,411,0,102,1
05-06 21:39:05,17.056,1.756,78.510,2.007,0,5809728,332592,218728,1703988,272450.265,262996.994,0,1456.819,0,175.581,3631,6159,1.120,1.420,1.240,3,0,0,0,0,25,412,0,104,1
05-06 21:39:06,10.218,3.240,83.491,1.495,0.249,5814968,327016,218768,1704280,140531.369,123802.346,0,1447.503,0,162.495,3599,6056,1.110,1.410,1.240,2,0,0,0,0,25,411,0,99,1
05-06 21:39:07,18.511,2.502,72.043,5.503,0.500,5815528,326316,218828,1704352,357976.144,350476.636,0,1969.183,0,213.128,4243,7177,1.110,1.410,1.240,0,0,0,0,0,25,411,0,101,1
05-06 21:39:08,20.041,2.505,75.402,0.501,0,5815592,326032,218832,1704564,506521.680,496017.451,0,1038.098,0,93.188,3339,5443,1.110,1.410,1.240,1,0,0,0,0,25,410,0,100,1
05-06 21:39:09,9.971,1.994,85.249,0.748,0.249,5817828,323724,218848,1704620,83247.253,66520.430,0,1220.412,0,113.666,3009,4876,1.110,1.410,1.240,1,0,0,0,0,25,410,0,101,1
05-06 21:39:10,15.263,2.502,77.067,2.502,0,5818120,323188,218908,1704804,293163.759,275286.224,0,6301.476,0,450.391,4899,8311,1.110,1.410,1.240,0,0,2.002,0,0,25,410,0,98,1
05-06 21:39:11,15.035,3.007,76.177,4.260,0.251,5817900,322928,218936,1705248,295870.532,281813.963,0,1295.001,0,163.379,3769,6576,1.190,1.420,1.240,0,0,0,0,0,25,410,0,98,1
05-06 21:39:12,11.470,2.493,82.534,1.247,0,5818608,322204,218964,1705248,261738.246,253644.452,0,1164.948,0,120.684,3334,5726,1.190,1.420,1.240,0,0,0,0,0,25,411,0,94,1
05-06 21:39:13,18.019,2.252,76.582,0.751,0.501,5820544,319904,218984,1705588,325750.902,312458.706,76.081,1133.210,1.001,120.128,3663,6644,1.190,1.420,1.240,1,0,0,0,0,25,411,0,95,1
05-06 21:39:14,31.038,3.254,61.575,3.004,0,5820796,319432,219044,1705744,592500.666,584251.618,0,2799.410,0,303.370,5807,10348,1.190,1.420,1.240,3,0,0,0,0,25,412,0,95,1
05-06 21:39:15,28.219,3.746,64.678,0.999,0.250,5821412,318416,219108,1706072,538497.806,531145.959,0,1702.112,0,211.765,5929,10834,1.190,1.420,1.240,2,0,0,0,0,25,411,0,97,1
05-06 21:39:16,26.740,4.748,65.476,3.749,0.250,5822184,317376,219132,1706304,505910.813,497523.916,95.964,2107.220,4.998,223.917,5704,10469,1.090,1.390,1.230,4,0,0,0,0,25,411,0,97,1
05-06 21:39:17,18.733,3.747,61.695,13.738,0.250,5822480,316676,219176,1706660,377901.156,371427.943,0,13176.220,0,1479.677,5780,8248,1.090,1.390,1.230,1,2,0,0,0,25,411,0,97,1
05-06 21:39:18,15.761,4.003,45.782,33.273,0.250,5822936,316108,219212,1706732,263306.895,256183.866,4.003,6580.646,1.001,556.393,4656,8016,1.090,1.390,1.230,0,1,2.001,0,0,25,411,0,91,1
05-06 21:39:19,29.327,4.261,64.168,1.504,0,5822796,315880,219288,1707020,607820.313,600004.813,0,3818.015,0,369.970,6343,11438,1.090,1.390,1.230,1,0,0,0,0,25,412,0,94,1
05-06 21:39:20,26.940,4.240,65.603,1.497,0.249,5823772,314620,219344,1707240,534227.727,525732.781,0,1564.491,0,157.646,5461,10167,1.090,1.390,1.230,2,0,1.996,0,0,25,411,0,95,1
05-06 21:39:21,27.561,5.011,64.142,1.503,0,5824704,313416,219372,1707472,651046.323,633832.107,4.009,2104.672,1.002,228.507,5950,10708,1,1.370,1.230,1,0,0,0,0,25,411,0,92,1
05-06 21:39:22,6.990,1.498,88.873,0.499,0.250,5824940,313100,219388,1707536,93766.539,88019.780,0,790.866,0,71.897,2389,3975,1,1.370,1.230,3,0,0,0,0,25,411,0,92,1
05-06 21:39:23,8.238,2.247,80.634,6.241,0.250,5824840,313100,219420,1707600,177432.852,167436.227,0,1509.829,0,167.759,3379,5824,1,1.370,1.230,1,2,0,0,0,25,412,0,90,1
05-06 21:39:24,18.519,3.003,67.569,10.010,0,5825204,312312,219432,1708008,391431.695,382076.189,0,2110.144,0,195.198,4390,7694,1,1.370,1.230,4,1,0,0,0,25,412,0,90,1
05-06 21:39:25,14.489,6.245,72.198,6.495,0.500,5834624,302364,219460,1708508,219177.877,211521.435,0,4220.936,0,281.795,3439,6067,1,1.370,1.230,1,0,3.997,0,0,25,412,0,86,1
05-06 21:39:26,9.505,3.002,83.543,2.501,0,5834688,302200,219464,1708588,107707.577,98553.854,0,1156.597,0,131.068,3508,6231,1,1.370,1.230,2,0,0,0,0,25,413,0,86,1
05-06 21:39:27,14.735,3.496,77.921,1.498,0,5828984,308312,219480,1708164,255180.247,247254.284,0,1362.618,0,169.828,3563,6097,1,1.370,1.230,0,0,0,0,0,25,412,0,81,1
05-06 21:39:28,14.246,3.249,79.478,1.000,0.250,5829548,307556,219492,1708336,236913.375,229113.536,0,1167.677,0,123.966,3497,5677,1,1.370,1.230,0,0,1.000,0,0,25,411,0,81,1
05-06 21:39:29,14.004,2.251,81.021,1.000,0,5829264,307776,219520,1708372,299123.772,291878.889,0,1240.322,0,155.040,3618,6061,1,1.370,1.230,2,0,0,0,0,25,411,0,81,1
05-06 21:39:30,8.016,2.255,86.927,0.501,0,5829180,307808,219532,1708408,163673.075,156427.330,0,741.509,0,65.133,2499,4164,1,1.370,1.230,4,0,2.004,0,0,25,412,0,81,1
05-06 21:39:31,7.484,0.998,89.311,0.499,0.748,5829064,307744,219536,1708580,83822.464,74689.807,0,862.174,0,88.812,2640,4412,0.920,1.340,1.220,0,0,0,0,0,25,411,0,81,1
05-06 21:39:32,14.534,2.255,76.928,6.265,0,5828940,307776,219536,1708668,301075.894,291120.818,0,1158.686,0,124.288,3507,5923,0.920,1.340,1.220,0,0,0,0,0,25,411,0,82,1
05-06 21:39:33,10.231,2.246,82.097,3.743,0,5829132,307524,219544,1708716,237191.925,225933.955,0,982.165,0,97.817,2847,4840,0.920,1.340,1.220,0,1,0,0,0,25,411,0,73,1
05-06 21:39:34,11.763,2.252,60.565,23.525,0.250,5828996,307492,219584,1708844,255268.179,246601.837,0,3820.118,0,243.262,3373,5672,0.920,1.340,1.220,0,3,0,0,0,25,412,0,73,1
05-06 21:39:35,12.493,2.499,69.959,14.242,0,5828820,307524,219608,1708960,186098.202,177671.174,3.998,2850.318,0.999,215.873,3659,6407,0.920,1.340,1.220,1,0,0,0,0,25,411,0,72,1
05-06 21:39:36,24.741,4.498,69.474,1.000,0.500,5828844,307208,219620,1709240,458788.331,436139.756,0,1367.491,0,160.940,5337,9872,1.090,1.370,1.230,0,0,0,0,0,25,411,0,74,1
05-06 21:39:37,17.257,3.752,74.781,1.751,0,5837144,298836,219636,1709292,347321.707,335294.800,0,1236.504,0,142.058,4407,8470,1.090,1.370,1.230,4,0,12.005,0,0,25,412,0,68,1
05-06 21:39:38,35.036,7.258,53.806,1.502,0,5830492,305216,219656,1709540,603967.919,594673.271,0,2506.602,0,303.315,6852,18031,1.090,1.370,1.230,1,0,23.024,0,0,25,411,0,74,1
05-06 21:39:39,26.228,4.496,64.945,3.247,0.250,5831480,303956,219676,1709784,495264.511,483992.059,0,1334.869,0,136.884,5364,9579,1.090,1.370,1.230,1,0,0,0,0,25,411,0,69,1
05-06 21:39:40,22.720,4.244,68.660,2.247,0.250,5831984,303168,219704,1710036,433639.499,426169.292,15.979,1653.832,0.999,179.764,4952,8856,1.090,1.370,1.230,0,0,1.997,0,0,25,410,0,70,1
05-06 21:39:41,7.503,2.001,88.534,0.750,0.250,5832096,303028,219712,1710056,110867.240,102163.924,0,1000.381,0,66.025,2374,3961,1,1.350,1.220,2,0,0,0,0,25,411,0,68,1
05-06 21:39:42,18.251,2.250,74.006,3.250,0.250,5831976,302840,219744,1710324,337460.310,326769.508,0,5416.406,0,478.036,5241,9085,1,1.350,1.220,0,0,0,0,0,25,410,0,70,1
05-06 21:39:43,14.270,2.754,79.863,1.001,0,5831852,302872,219760,1710396,261996.415,254147.348,0,2070.920,0,203.287,3616,6179,1,1.350,1.220,3,0,0,0,0,25,411,0,64,1
05-06 21:39:44,28.549,3.756,63.608,2.254,0,5832084,302336,219784,1710672,524847.866,517751.767,0,2255.846,0,257.439,5817,10378,1,1.350,1.220,2,0,0,0,0,25,412,0,66,1
05-06 21:39:45,28.159,4.485,63.045,2.243,0.249,5832120,302148,219820,1710776,551880.492,542289.643,0,2778.974,0,290.058,5686,10493,1,1.350,1.220,1,0,0,0,0,25,411,0,65,1
05-06 21:39:46,28.573,4.762,64.666,1.504,0.251,5833160,300856,219832,1711016,535639.451,500421.080,16.041,1888.847,1.003,176.453,5513,10088,1.320,1.410,1.240,3,0,0,0,0,25,410,1,65,1
05-06 21:39:47,27.973,3.497,65.686,1.748,0.250,5833428,300320,219840,1711268,546302.623,534776.919,0,1682.351,0,172.831,5010,8955,1.320,1.410,1.240,4,0,0,0,0,25,412,0,64,1
05-06 21:39:48,15.243,1.999,45.980,31.236,0.250,5833484,300160,219856,1711356,308201.241,296760.206,0,7176.885,0,643.721,4638,7158,1.320,1.410,1.240,0,2,0,0,0,25,412,0,67,1
05-06 21:39:49,5.499,2.249,66.983,22.744,0,5833324,300320,219860,1711352,61535.939,54774.704,0,9821.437,0,1077.719,3923,5245,1.320,1.410,1.240,1,0,0,0,0,25,411,0,63,1
05-06 21:39:50,25.024,4.755,66.315,1.752,0.500,5834032,298304,219880,1712632,512093.267,501254.721,0,2530.462,0,219.213,5723,10426,1.320,1.410,1.240,2,0,2.002,0,0,25,411,0,63,1
05-06 21:39:51,27.469,3.746,66.175,2.247,0,5834448,297248,219888,1713248,528333.568,519933.035,0,1278.559,0,135.847,5348,10088,1.460,1.430,1.250,1,0,0,0,0,25,413,0,58,1
05-06 21:39:52,30.500,4.000,63.000,2.250,0,5834472,297060,219932,1713364,585908.899,572576.992,0,2219.984,0,273.998,5538,9796,1.460,1.430,1.250,3,0,0,0,0,25,411,0,62,1
05-06 21:39:53,25.296,5.260,66.621,1.002,0,5835312,295972,219948,1713572,520561.984,513040.272,0,1410.571,0,148.270,5258,9872,1.460,1.430,1.250,2,0,0,0,0,25,411,0,58,1
05-06 21:39:54,27.967,2.747,66.172,2.247,0.250,5836028,294964,219976,1713832,411258.948,404619.763,15.981,1682.020,0.999,187.779,4853,8603,1.460,1.430,1.250,1,0,0,0,0,25,411,0,58,1
05-06 21:39:55,29.516,5.253,62.033,2.501,0.250,5864160,266552,220008,1714072,521533.848,510481.023,0,3633.915,0,348.183,6722,12018,1.460,1.430,1.250,3,1,0,0,0,25,413,0,53,1
05-06 21:39:56,33.502,5.000,56.253,3.250,0,5834844,295540,220072,1714328,617198.563,602569.744,0,6028.338,0,555.031,6957,12097,1.900,1.530,1.280,2,0,0,0,0,25,411,0,58,1
05-06 21:39:57,26.017,4.253,67.295,1.751,0.500,5835224,295004,220104,1714452,511207.931,504409.423,0,1376.913,0,135.090,5576,10336,1.900,1.530,1.280,2,0,0,0,0,25,411,0,57,1
05-06 21:39:58,30.662,5.484,61.324,0.748,0,5836368,293524,220108,1714776,544134.701,536488.668,0,1256.390,0,112.676,5028,9350,1.900,1.530,1.280,2,0,0.997,0,0,25,411,0,57,1
05-06 21:39:59,26.614,4.017,64.777,4.268,0,5837016,291948,220128,1715680,506254.708,500241.029,0,2627.218,0,316.351,5531,9749,1.900,1.530,1.280,1,0,0,0,0,25,409,0,58,1
05-06 21:40:00,7.717,1.743,88.122,0.249,0.249,5837172,291760,220128,1715708,95197.175,87615.655,0,836.417,0,70.697,2592,4473,1.900,1.530,1.280,1,0,1.991,0,0,25,410,0,58,1
05-06 21:40:01,9.507,2.002,84.316,0.751,0.250,5837132,291728,220128,1715780,186227.375,173070.033,0,1136.894,0,131.103,3168,5569,1.750,1.500,1.280,0,0,0,0,0,25,409,0,54,1
05-06 21:40:02,17.499,3.250,78.246,1.500,0.250,5837376,291224,220148,1716016,353517.557,346449.945,0,1275.930,0,151.992,3949,6700,1.750,1.500,1.280,0,0,0,0,0,25,409,0,55,1
05-06 21:40:03,17.997,2.500,74.989,1.750,0,5837256,291256,220160,1716092,387657.014,372932.179,15.998,1455.786,1.000,171.975,3948,6790,1.750,1.500,1.280,1,0,0,0,0,25,410,0,55,1
05-06 21:40:04,17.984,2.747,76.180,2.248,0,5837780,290500,220180,1716296,346553.211,331469.043,0,2905.336,0,314.711,4583,7858,1.750,1.500,1.280,1,1,0,0,0,25,409,0,54,1
05-06 21:40:05,17.014,3.503,74.814,3.003,0.500,5837648,290500,220228,1716376,380213.181,364663.964,0,5244.458,0,408.347,4597,8295,1.750,1.500,1.280,3,0,0,0,0,25,410,0,55,1
05-06 21:40:06,29.709,3.995,63.913,1.748,0.250,5838304,289744,220260,1716440,486370.105,477385.369,0,2480.614,0,290.603,5786,10445,1.930,1.540,1.290,3,0,0,0,0,25,410,0,54,1
05-06 21:40:07,28.603,3.262,62.725,3.262,0,5838284,289460,220292,1716704,536252.072,529480.777,0,2175.807,0,236.850,5109,9046,1.930,1.540,1.290,2,0,0,0,0,25,411,0,57,1
05-06 21:40:08,27.671,4.986,65.562,1.246,0,5838992,288484,220316,1716944,509941.547,500630.196,0,1850.703,0,198.432,5770,10586,1.930,1.540,1.290,2,0,0,0,0,25,410,0,56,1
05-06 21:40:09,25.291,4.507,66.358,1.502,0.250,5839496,287696,220360,1717180,523464.724,517171.472,0,1710.787,0,194.317,5431,9586,1.930,1.540,1.290,4,0,0,0,0,25,409,0,56,1
05-06 21:40:10,10.250,1.000,84.250,1.250,0.500,5839936,287192,220376,1717224,156340.625,149567.598,0,1440.006,0,138.001,3357,5677,1.930,1.540,1.290,2,0,2.000,0,0,25,409,0,58,1
05-06 21:40:11,24.751,4.000,68.252,2.000,0,5841428,285412,220412,1717448,525071.552,517356.382,20.000,2216.049,2.000,212.005,4678,8075,1.850,1.530,1.290,0,1,0,0,0,25,410,0,58,1
05-06 21:40:12,11.525,3.007,82.180,2.505,0.251,5841324,285444,220440,1717488,132846.402,118012.976,0,5688.435,0,381.835,3944,6413,1.850,1.530,1.290,1,0,0,0,0,25,410,0,58,1
05-06 21:40:13,26.912,4.485,64.290,1.994,0,5841172,285364,220476,1717668,521147.061,514415.007,0,2053.306,0,237.227,5688,9992,1.850,1.530,1.290,1,0,0,0,0,25,411,0,59,1
05-06 21:40:14,27.821,4.511,62.659,3.008,0.251,5841692,284640,220532,1717816,524550.736,517277.298,0,2506.354,0,312.793,6105,10869,1.850,1.530,1.290,1,0,0,0,0,25,410,0,61,1
05-06 21:40:15,25.229,4.996,66.196,0.749,0.500,5843216,282844,220556,1718060,584990.063,577566.128,0,1510.766,0,150.877,5700,10677,1.850,1.530,1.290,1,0,0,0,0,25,410,0,61,1
05-06 21:40:16,21.454,3.742,71.845,2.495,0,5843272,282372,220612,1718408,380225.473,363603.344,0,2263.116,0,280.395,5069,8857,2.030,1.580,1.300,0,0,0,0,0,25,409,0,57,1
05-06 21:40:17,14.251,2.250,78.006,3.000,0.250,5843620,281804,220628,1718612,303080.337,289803.315,0,1548.119,0,153.012,3661,6220,2.030,1.580,1.300,1,0,0,0,0,25,410,0,57,1
05-06 21:40:18,11.513,1.251,85.093,0,0,5843980,281396,220632,1718652,161353.682,151803.225,0,989.083,0,63.069,2551,3993,2.030,1.580,1.300,2,0,0,0,0,25,410,0,57,1
05-06 21:40:19,12.503,2.250,81.267,2.751,0.500,5843824,281332,220640,1718860,195907.532,176008.314,128.027,1876.398,1.000,195.041,3832,6453,2.030,1.580,1.300,1,1,0,0,0,25,409,0,57,1
05-06 21:40:20,19.006,4.502,62.271,11.504,0,5844340,280576,220672,1719068,369261.333,359873.198,4.001,18266.101,1.000,1866.623,7849,9949,2.030,1.580,1.300,1,0,2.001,0,0,25,412,0,53,1
05-06 21:40:21,31.049,3.756,61.346,2.003,0.250,5844920,279688,220708,1719336,650127.700,641740.533,0,2519.956,0,302.475,6312,11513,2.660,1.720,1.350,2,0,1.002,0,0,25,410,0,57,1
05-06 21:40:22,27.213,4.494,66.660,1.498,0,5846004,278364,220728,1719556,550346.884,542336.642,0,1541.929,0,167.775,5853,10933,2.660,1.720,1.350,2,0,0,0,0,25,410,0,58,1
05-06 21:40:23,25.032,3.254,67.836,1.502,0,5846700,277388,220744,1719816,505983.117,498184.188,0,1790.279,0,194.247,4580,8542,2.660,1.720,1.350,1,0,0,0,0,25,409,0,59,1
05-06 21:40:24,11.997,2.249,83.478,0.500,0,5847320,276716,220760,1719852,234667.752,224946.289,0,1419.629,0,134.965,3130,5484,2.660,1.720,1.350,2,0,0,0,0,25,410,0,59,1
05-06 21:40:25,7.978,1.745,87.509,0.499,0,5847080,276892,220772,1719904,88186.869,73133.371,0,1069.053,0,107.703,3161,5455,2.660,1.720,1.350,0,0,0,0,0,25,409,0,59,1
05-06 21:40:26,34.337,7.519,56.142,1.754,0.251,5855544,267836,220792,1720472,551489.857,543079.647,0,2510.331,0,278.703,5680,10592,2.610,1.720,1.350,2,0,4.010,0,0,25,410,0,62,1
05-06 21:40:27,31.489,6.248,58.480,4.498,0.250,5849460,273844,220820,1720500,535122.523,528580.754,0,2966.988,0,299.898,6031,10823,2.610,1.720,1.350,6,0,0,0,0,25,410,0,66,1
05-06 21:40:28,26.466,4.245,64.916,2.497,0.250,5849804,272364,220836,1721616,512031.455,505439.972,0,4761.848,0,337.564,5790,11091,2.610,1.720,1.350,1,0,0,0,0,25,411,0,66,1
05-06 21:40:29,28.778,4.004,64.563,2.252,0,5849720,271860,220884,1722148,572634.601,566412.553,0,1749.701,0,195.190,5176,9738,2.610,1.720,1.350,0,1,0,0,0,25,410,0,70,1
05-06 21:40:30,29.260,4.251,61.522,4.001,0,5851500,262028,220940,1729900,517742.728,510295.114,12.004,4513.584,2.001,587.206,6462,10426,2.610,1.720,1.350,0,2,6.002,0,0,25,410,0,72,1
05-06 21:40:31,24.490,4.248,64.974,5.498,0.250,5852420,260676,220956,1730308,579820.912,573148.594,0,4298.272,0,531.786,6093,10916,2.800,1.780,1.370,2,1,0,0,0,25,410,0,72,1
05-06 21:40:32,17.501,3.250,73.754,4.750,0,5852916,259920,221000,1730524,363999.112,356367.669,0,2580.150,0,274.016,4731,8300,2.800,1.780,1.370,0,0,0,0,0,25,409,0,72,1
05-06 21:40:33,11.758,2.502,77.801,6.254,0,5853032,259800,221004,1730524,230798.019,212894.381,0,1388.903,0,129.084,3320,5703,2.800,1.780,1.370,0,0,0,0,0,25,410,0,72,1
05-06 21:40:34,8.492,1.499,87.664,1.249,0,5852692,259936,221012,1730712,115064.237,108295.870,0,911.107,0,86.915,2531,4282,2.800,1.780,1.370,1,1,0,0,0,25,410,0,72,1
05-06 21:40:35,12.494,2.999,81.462,1.749,0.500,5852660,259748,221032,1730908,298066.591,288915.810,0,1359.373,0,140.935,3692,6342,2.800,1.780,1.370,0,0,0,0,0,25,409,0,74,1
05-06 21:40:36,18.741,3.498,74.464,1.999,0,5852796,259432,221052,1731056,334565.071,320678.791,0,2550.765,0,243.882,5128,9549,2.740,1.780,1.380,0,1,0,0,0,25,410,0,71,1
05-06 21:40:37,16.517,2.252,76.329,2.252,0,5852560,259496,221068,1731212,271093.582,259700.790,0,4444.600,0,346.358,4602,8004,2.740,1.780,1.380,5,0,0,0,0,25,410,0,71,1
05-06 21:40:38,36.202,6.741,53.929,2.497,0.499,5853816,257920,221116,1731472,663649.655,655190.838,0,2133.180,0,271.641,6534,14365,2.740,1.780,1.380,3,0,33.955,0,0,25,410,0,70,1
05-06 21:40:39,27.523,4.754,66.056,1.251,0,5853928,257684,221120,1731576,486635.153,476568.607,0,1533.302,0,158.134,5636,10346,2.740,1.780,1.380,3,0,0,0,0,25,410,0,70,1
05-06 21:40:40,26.488,3.998,65.720,1.249,0,5854984,256392,221128,1731800,499963.517,492441.999,0,1203.443,0,110.949,5137,9620,2.740,1.780,1.380,2,0,1.999,0,0,25,410,0,70,1
05-06 21:40:41,21.259,4.252,66.279,6.503,0,5854976,256140,221136,1732052,437217.562,430922.761,16.007,2068.921,1.000,210.093,4908,8537,2.680,1.780,1.380,0,0,0,0,0,25,409,0,72,1
05-06 21:40:42,11.518,1.502,85.129,1.252,0.250,5855416,255668,221140,1732076,196184.200,188544.588,0,845.285,0,73.111,2729,4654,2.680,1.780,1.380,0,1,0,0,0,25,410,0,70,1
05-06 21:40:43,11.240,2.747,79.676,4.496,0.250,5854976,254904,221144,1732572,138295.385,123601.051,0,1254.833,0,126.882,3508,5802,2.680,1.780,1.380,1,2,0,0,0,25,410,0,70,1
05-06 21:40:44,22.753,4.751,61.259,10.752,0.500,5855148,254612,221164,1732668,371647.862,364802.815,0,2180.334,0,249.038,5412,10117,2.680,1.780,1.380,4,2,0,0,0,25,410,0,68,1
05-06 21:40:45,26.807,6.013,56.871,12.527,0,5855180,254304,221192,1732900,460046.980,444033.904,0,7311.559,0,567.207,5941,10806,2.680,1.780,1.380,1,0,0,0,0,25,411,0,71,1
05-06 21:40:46,31.471,3.747,60.444,3.497,0,5855480,253800,221200,1733092,626697.305,619004.421,0,2050.104,0,271.749,5936,10778,2.460,1.750,1.370,2,0,0,0,0,25,409,0,75,1
05-06 21:40:47,26.228,4.996,66.194,0.999,0,5856064,253036,221208,1733256,514082.628,506308.182,0,1478.753,0,146.876,5476,10282,2.460,1.750,1.370,2,0,0,0,0,25,410,0,74,1
05-06 21:40:48,27.975,3.497,65.692,2.248,0.500,5856720,251996,221220,1733624,520944.443,513068.421,0,2269.989,0,276.755,5648,9768,2.460,1.750,1.370,0,0,0,0,0,25,409,0,76,1
05-06 21:40:49,11.486,1.748,85.399,0.749,0,5856860,251776,221224,1733700,238554.506,232749.356,0,1198.586,0,107.873,2831,4953,2.460,1.750,1.370,1,0,0,0,0,25,409,0,72,1
05-06 21:40:50,6.487,1.497,88.573,0.998,0.250,5857044,251524,221232,1733752,64114.834,49182.684,0,938.125,0,83.832,2561,4058,2.460,1.750,1.370,2,0,1.996,0,0,25,410,0,72,1
05-06 21:40:51,15.058,2.510,79.806,1.757,0.251,5856840,251668,221240,1733948,289843.972,274747.106,4.015,3722.267,1.004,209.804,3793,6206,2.350,1.740,1.370,0,0,0,0,0,25,409,0,71,1
05-06 21:40:52,21.276,3.504,73.339,1.001,0,5857220,251148,221248,1734060,442831.812,433345.248,0,1473.797,0,152.186,4266,7277,2.350,1.740,1.370,1,0,0,0,0,25,410,0,72,1
05-06 21:40:53,28.673,4.737,63.580,2.244,0.249,5857192,250920,221264,1734296,584981.100,577129.065,0,2996.001,0,338.097,6016,11197,2.350,1.740,1.370,3,1,0,0,0,25,411,0,67,1
05-06 21:40:54,28.794,5.258,62.595,3.255,0.250,5857488,250384,221280,1734516,574216.364,564055.981,0,6918.475,0,542.822,6604,11985,2.350,1.740,1.370,1,0,0,0,0,25,410,0,70,1
05-06 21:40:55,26.221,3.246,67.175,0.999,0,5858248,249336,221284,1734796,426800.824,416250.546,0,1366.482,0,126.859,4976,8992,2.350,1.740,1.370,3,0,0,0,0,25,410,0,70,1
05-06 21:40:56,34.241,5.998,59.234,1.500,0,5858780,248580,221300,1734996,715510.105,700501.068,0,2223.413,0,267.929,6153,11287,2.320,1.750,1.370,2,0,0,0,0,25,410,0,70,1
05-06 21:40:57,30.231,3.498,61.960,2.998,0.250,5858776,248140,221324,1735412,600532.458,593457.001,0,2622.316,0,314.798,5414,9519,2.320,1.750,1.370,1,0,0,0,0,25,410,0,69,1
05-06 21:40:58,26.076,4.012,65.691,1.504,0,5859688,247132,221328,1735500,502874.370,494729.653,0,1905.549,0,200.584,5335,10600,2.320,1.750,1.370,1,0,0,0,0,25,410,0,69,1
05-06 21:40:59,27.962,4.993,65.911,0.749,0.499,5860412,246116,221328,1735784,556747.164,546815.612,0,1158.431,0,103.859,4611,8243,2.320,1.750,1.370,2,0,0,0,0,25,410,0,72,1
05-06 21:41:00,30.259,4.501,62.268,2.001,0.250,5860496,245800,221332,1736012,589617.579,568121.323,0,2556.744,0,309.090,6253,11159,2.320,1.750,1.370,4,1,2.001,0,0,25,411,0,76,1
05-06 21:41:01,26.750,4.750,64.500,2.500,0,5861188,244848,221336,1736264,531068,515155,0,16736,0,458,6278,10957,2.210,1.730,1.370,1,0,0,0,0,25,410,0,78,1
05-06 21:41:02,24.244,5.499,68.234,0.750,0.250,5861912,243524,221340,1736852,562915.278,552441.729,0,1303.695,0,115.973,5069,9602,2.210,1.730,1.370,2,0,0,0,0,25,410,0,78,1
05-06 21:41:03,29.552,3.757,62.860,1.503,0,5861684,243328,221360,1737256,594644.791,579571.307,0,1951.429,0,253.445,5471,10187,2.210,1.730,1.370,5,2,0,0,0,25,411,0,79,1
05-06 21:41:04,27.994,3.749,61.988,3.249,0,5861940,242824,221372,1737488,497249.550,482881.424,0,2059.588,0,238.952,5429,9640,2.210,1.730,1.370,2,0,0,0,0,25,410,0,82,1
05-06 21:41:05,29.503,4.000,63.757,1.750,0.500,5862404,242224,221404,1737588,560664.991,552380.105,0,2844.304,0,305.033,5639,10122,2.210,1.730,1.370,2,0,0,0,0,25,411,0,84,1
05-06 21:41:06,30.995,2.750,62.990,2.000,0,5862096,242312,221416,1737792,532662.035,516031.563,0,2047.689,0,250.962,4734,7709,2.120,1.720,1.370,1,1,0,0,0,25,411,0,85,1
05-06 21:41:07,27.498,4.500,61.246,5.000,0,5862272,241980,221456,1737888,549613.374,540052.977,0,7543.525,0,596.962,5639,9470,2.120,1.720,1.370,2,0,0,0,0,25,411,0,83,1
05-06 21:41:08,36.250,3.000,57.750,0.500,0.250,5862172,241980,221460,1737976,721632.330,713427.281,0,1428.009,0,156.001,4024,6999,2.120,1.720,1.370,3,0,0,0,0,25,411,0,83,1
05-06 21:41:09,34.440,2.995,59.147,1.997,0.250,5863088,240964,221460,1738072,689510.321,680923.236,0,2527.610,0,276.520,5723,10278,2.120,1.720,1.370,3,1,0,0,0,25,411,0,82,1
05-06 21:41:10,29.206,2.496,65.402,1.747,0.250,5863772,240152,221460,1738200,637044.248,629226.015,0,2496.243,0,249.624,4451,7497,2.120,1.720,1.370,11,0,1.997,0,0,25,411,0,83,1
05-06 21:41:11,29.594,2.759,62.198,4.013,0,5863748,239916,221468,1738436,619466.097,611389.332,0,2728.705,0,276.883,4714,7883,2.030,1.710,1.370,1,1,0,0,0,25,411,0,83,1
05-06 21:41:12,39.672,6.737,51.149,3.743,0.250,5864704,238720,221476,1738668,881526.341,871299.569,0,2970.125,0,253.499,5088,8623,2.030,1.710,1.370,4,0,0,0,0,25,413,0,87,1
05-06 21:41:13,31.067,5.011,62.134,2.004,0,5865584,237744,221500,1738740,683086.784,674782.856,0,5724.359,0,366.792,4937,8563,2.030,1.710,1.370,4,0,0,0,0,25,415,0,93,0
05-06 21:41:14,26.997,4.499,62.243,4.249,0,5865996,236956,221512,1739100,542186.938,533996.920,79.990,2855.657,3.000,344.959,5699,9870,2.030,1.710,1.370,2,0,0,0,0,25,414,0,95,0
05-06 21:41:15,43.486,7.498,46.485,1.500,0,5867704,234776,221536,1739540,793955.789,784425.924,0,1759.421,0,177.941,4886,8188,2.030,1.710,1.370,1,1,14.995,0,0,25,413,0,92,0
05-06 21:41:16,41.756,3.000,52.257,1.750,0.500,5867728,234524,221564,1739736,662357.756,651072.244,0,2988.400,0,241.032,4805,7891,2.100,1.730,1.380,1,1,0,0,0,25,414,0,92,0
05-06 21:41:17,39.001,5.000,53.502,2.000,0.250,5875912,226040,221568,1739988,471729.152,463940.918,0,2320.070,0,145.004,3720,5801,2.100,1.730,1.380,1,0,17.001,0,0,25,414,0,90,0
05-06 21:41:18,41.349,14.696,38.111,3.238,0,5895152,205224,221588,1741412,526556.436,519131.574,939.566,1331.135,40.851,98.639,6240,9987,2.100,1.730,1.380,2,0,56.792,0,0,26,415,0,91,0
05-06 21:41:19,30.878,10.293,53.221,5.021,0.251,5900284,199788,221592,1741704,423770.189,412312.571,1238.146,859.572,75.313,77.321,5928,9749,2.100,1.730,1.380,10,0,0,0,0,26,415,0,90,0
05-06 21:41:20,38.980,6.247,47.726,5.747,0,5944744,155048,221624,1741944,321864.171,313198.582,18191.740,6312.787,616.686,466.762,8010,16310,2.100,1.730,1.380,1,0,1.999,0,0,26,415,0,92,0
05-06 21:41:21,42.908,2.994,52.138,0.748,0,5987288,139664,221432,1717116,491501.814,474931.523,95.794,1161.497,1.996,109.763,4412,6892,2.180,1.750,1.380,1,0,0,0,0,26,417,0,89,0
05-06 21:41:22,44.094,5.011,46.599,4.009,0,6001500,126620,221440,1716052,459524.788,376549.049,308.657,3447.343,14.030,182.388,5299,9016,2.180,1.750,1.380,2,0,0,0,0,26,416,0,91,0
05-06 21:41:23,31.680,5.238,60.366,0.499,0.249,6021824,137652,218280,1688448,137703.884,121505.892,0,1157.427,0,124.723,4399,7280,2.180,1.750,1.380,2,0,0,0,0,26,416,0,88,0
05-06 21:41:24,43.583,7.264,44.836,1.002,0,5881384,277924,218308,1688596,756859.629,750483.425,204.391,3057.853,6.012,298.571,6055,11584,2.180,1.750,1.380,2,0,42.081,0,0,25,415,0,88,0
05-06 21:41:25,25.737,2.998,68.215,2.749,0,5880832,277956,218328,1689096,502195.365,494016.593,31.983,2418.750,0.999,241.875,4777,8653,2.180,1.750,1.380,0,2,0,0,0,25,415,0,88,0
05-06 21:41:26,21.694,5.735,68.574,2.992,0.249,5890280,268260,218348,1689308,312136.434,303952.450,0,3219.732,0,292.250,4545,7862,2,1.720,1.380,1,2,3.990,0,0,25,415,0,91,0
05-06 21:41:27,10.782,3.009,77.479,6.018,0.501,5883268,274996,218368,1689560,118814.979,111856.424,0,5383.904,0,324.960,3891,6244,2,1.720,1.380,1,0,0,0,0,25,416,0,84,0
05-06 21:41:28,17.462,3.492,73.591,2.994,0,5876620,281800,218384,1689388,280957.446,267605.367,0,1452.853,0,166.639,3991,6750,2,1.720,1.380,0,0,0.998,0,0,25,415,0,84,0
05-06 21:41:29,17.267,2.753,72.321,6.006,0,5876664,281548,218404,1689576,357674.806,350453.744,0,836.818,0,107.105,3710,6714,2,1.720,1.380,0,3,0,0,0,25,415,0,86,0
05-06 21:41:30,11.767,2.253,81.621,2.003,0.250,5876448,281556,218408,1689780,278525.775,268908.522,0,1329.971,0,109.162,3070,5335,2,1.720,1.380,1,0,2.003,0,0,25,416,0,82,0
05-06 21:41:31,7.751,1.500,85.757,2.750,0,5876456,281524,218420,1689792,95994.352,82202.152,0,964.084,0,96.008,2872,4698,1.840,1.690,1.370,1,0,0,0,0,25,416,0,82,0
05-06 21:41:32,16.970,3.244,75.366,3.244,0,5876112,281620,218424,1690036,329177.381,321996.135,0,8369.136,0,349.380,3932,6474,1.840,1.690,1.370,0,0,0,0,0,25,415,0,81,0
05-06 21:41:33,12.274,2.755,82.160,1.503,0.250,5876108,281596,218424,1690064,304071.243,293708.024,0,1182.307,0,117.229,3209,5253,1.840,1.690,1.370,3,0,0,0,0,25,415,0,81,0
05-06 21:41:34,16.489,3.498,76.697,2.248,0.250,5876112,281344,218428,1690304,322841.853,307520.349,0,1439.014,0,161.889,4035,6962,1.840,1.690,1.370,2,1,0,0,0,25,415,0,81,0
05-06 21:41:35,10.738,2.747,83.903,1.748,0.250,5876056,281344,218440,1690348,135925.734,125650.622,0,1574.179,0,166.807,3470,5683,1.840,1.690,1.370,3,1,0,0,0,25,416,0,82,0
05-06 21:41:36,16.229,3.246,76.151,1.997,0,5875840,281344,218468,1690536,339241.950,314240.602,0,6391.653,0,506.339,4825,8612,1.690,1.660,1.360,1,0,0.999,0,0,25,417,0,80,0
05-06 21:41:37,21.508,4.502,71.278,1.501,0,5875476,281312,218480,1690920,504250.666,495066.066,32.013,1584.621,1.000,185.073,5173,9722,1.690,1.660,1.360,0,0,0,0,0,25,417,0,81,0
05-06 21:41:38,19.761,5.503,72.539,0.750,0.250,5877460,279316,218480,1690932,473328.124,463452.801,0,976.526,0,92.050,3609,12272,1.690,1.660,1.360,1,0,34.018,0,0,25,418,0,86,0
05-06 21:41:39,14.748,2.750,80.740,1.000,0.250,5877176,279516,218492,1691004,280082.950,265823.633,0,1239.854,0,132.984,3458,5867,1.690,1.660,1.360,0,0,0,0,0,25,417,0,86,0
05-06 21:41:40,25.529,3.754,70.079,0.501,0.250,5876996,279612,218508,1691072,542214.365,531993.897,0,1049.177,0,105.118,3178,5296,1.690,1.660,1.360,9,1,2.002,0,0,25,418,0,82,0
05-06 21:41:41,29.745,2.750,63.989,2.500,0.250,5876588,279800,218528,1691272,493901.049,483980.755,0,2827.514,0,228.961,3845,6586,1.640,1.650,1.360,0,1,1.000,0,0,25,418,0,86,0
05-06 21:41:42,30.448,3.244,63.891,0.998,0,5876936,279348,218548,1691340,713583.054,693246.708,0,2256.156,0,232.604,4357,7815,1.640,1.650,1.360,1,1,0.998,0,0,25,418,0,84,0
05-06 21:41:43,27.014,3.502,66.285,1.001,0,5876116,279844,218580,1691404,478425.958,468359.572,0,5683.040,0,387.207,3931,6879,1.640,1.650,1.360,4,1,0,0,0,25,418,0,88,0
05-06 21:41:44,30.513,5.502,62.526,2.251,0.250,5875944,279812,218600,1691584,591145.099,583552.925,32.013,3165.323,1.000,336.141,5556,10850,1.640,1.650,1.360,1,1,0,0,0,25,418,0,93,0
05-06 21:41:45,25.978,4.746,64.944,3.497,0,5876628,278772,218616,1691916,556136.498,547128.281,31.972,3484.989,0.999,291.748,5627,10962,1.640,1.650,1.360,1,0,0,0,0,25,417,0,94,0
05-06 21:41:46,28.749,4.500,62.498,3.500,0.500,5876944,278016,218636,1692332,625693.101,616827.411,31.999,1527.947,1.000,221.992,5437,10787,1.590,1.640,1.360,0,1,0,0,0,25,416,0,90,0
05-06 21:41:47,7.512,1.753,88.387,1.002,0.250,5877228,277636,218656,1692408,104744.039,97587.969,0,3882.005,0,342.530,2740,4434,1.590,1.640,1.360,2,0,0,0,0,25,417,0,90,0
05-06 21:41:48,25.307,5.262,65.148,3.508,0,5915868,238744,218672,1692572,215217.468,206164.964,236.536,2036.613,15.034,207.470,3542,6017,1.590,1.640,1.360,3,0,5.011,0,0,25,414,0,90,0
05-06 21:41:49,23.980,6.495,66.945,1.998,0,5919088,235356,218692,1692700,23378.713,15987.810,3.997,4624.185,0.999,287.763,2717,4621,1.590,1.640,1.360,1,0,5.995,0,0,25,414,0,90,0
05-06 21:41:50,12.971,2.245,81.565,0.499,0.249,5918660,235556,218760,1692856,92483.692,67227.126,67.846,642.539,0.998,37.914,3060,4581,1.590,1.640,1.360,0,0,5.986,0,0,25,416,0,88,0
05-06 21:41:51,7.248,1.999,87.975,0.750,0.250,5918352,235744,218768,1692924,58076.797,38231.333,39.989,467.869,1.999,17.995,2311,3667,1.540,1.630,1.350,0,0,3.999,0,0,25,415,0,88,0
05-06 21:41:52,4.249,2.250,90.483,0.250,0.500,5917940,235972,218768,1693080,29968.336,15632.046,3.999,411.922,1.000,27.995,2361,3811,1.540,1.630,1.350,0,0,8.998,0,0,25,416,0,88,0
05-06 21:41:53,8.259,5.756,79.835,4.255,0,5923564,227684,218768,1695632,1172939.007,63458.520,2534.697,2122.258,81.086,109.116,4403,5795,1.540,1.630,1.350,0,0,41.044,0,0,25,416,0,88,0
05-06 21:41:54,17.513,3.252,77.057,0.500,0,5949144,202084,218768,1695648,40585.114,33117.573,0,484.359,0,50.037,2407,3709,1.540,1.630,1.350,1,0,3.002,0,0,25,416,0,83,0
05-06 21:41:55,15.722,4.741,65.881,10.232,0,5976840,121344,271252,1696044,54423752.246,607515.472,52405.670,1058.095,45.917,111.799,17919,6140,1.540,1.630,1.350,1,0,60.890,0,0,25,422,0,88,0
05-06 21:41:56,31.812,5.761,58.113,3.006,0,6023652,135612,273960,1635268,17603295.998,320102.319,16684.384,973.890,16.031,96.187,7121,5668,1.500,1.620,1.350,2,0,0,0,0,25,422,0,91,0
05-06 21:41:57,22.955,2.994,65.373,5.739,0.250,5975268,178916,294520,1620284,36279810.887,727243.421,34505.026,443.140,29.942,27.946,21828,3291,1.500,1.620,1.350,2,0,0,0,0,25,422,0,93,0
05-06 21:41:58,19.548,4.260,65.912,6.516,0.251,5974456,174508,345260,1576708,54162368.452,972930.572,51325.954,509.250,40.098,35.086,34859,3805,1.500,1.620,1.350,2,0,0,0,0,25,422,0,89,0
05-06 21:41:59,19.004,4.251,65.264,8.502,0,5976548,188352,393804,1514628,53982742.307,943140.832,51218.961,128.027,42.009,10.002,30436,3653,1.500,1.620,1.350,2,0,21.004,0,0,25,424,0,91,0
05-06 21:42:00,17.954,4.239,67.329,7.980,0.499,5978620,190980,426584,1478260,52903511.563,607367.250,49797.266,139.645,39.898,9.975,15620,3630,1.500,1.620,1.350,1,0,1.995,0,0,25,424,0,88,0
05-06 21:42:01,23.255,2.000,67.265,4.501,0,5998656,146660,450904,1478316,24728340.507,619952.770,23061.050,172.038,22.005,14.003,20181,3253,1.460,1.610,1.350,0,1,0,0,0,25,424,0,90,0
05-06 21:42:02,22.271,3.003,67.564,4.755,0,5978884,171084,470356,1455764,31277183.433,751163.610,29480.124,144.138,26.025,10.010,24020,3301,1.460,1.610,1.350,2,1,0,0,0,25,424,0,87,0
05-06 21:42:03,20.008,5.002,62.276,8.503,0,5978012,194860,507980,1396548,52588315.209,878399.144,51229.004,6134.515,42.017,322.132,24978,3954,1.460,1.610,1.350,1,0,0,0,0,25,426,0,87,0
05-06 21:42:04,20.999,3.750,62.499,8.750,0,5978368,192492,546380,1361252,54819064.342,1347967.649,51202.771,279.993,40.999,33.999,52535,3699,1.460,1.610,1.350,1,0,0,0,0,25,424,0,84,0
05-06 21:42:05,22.995,3.749,61.235,9.248,0.250,5980900,184332,581456,1332360,54755275.244,1381744.145,51207.813,707.832,44.989,70.983,50313,4518,1.460,1.610,1.350,1,0,19.995,0,0,25,426,0,88,0
05-06 21:42:06,19.230,3.496,63.434,9.740,0,5979732,176468,631028,1291924,53057908.370,573340.712,51162.433,958.996,43.954,106.888,13250,5424,1.500,1.620,1.350,2,0,0,0,0,25,426,0,87,0
05-06 21:42:07,21.496,3.499,65.239,7.249,0.250,6022824,128184,657936,1271096,42766372.315,557573.558,40965.282,459.925,34.994,28.995,12300,3481,1.500,1.620,1.350,1,0,1.000,0,0,25,426,0,89,0
05-06 21:42:08,26.796,1.753,68.868,1.252,0,5982800,177256,659148,1261156,10596055.467,157600.023,10257.510,416.711,8.014,32.055,4397,3692,1.500,1.620,1.350,1,0,0,0,0,25,428,0,87,0
05-06 21:42:09,19.021,3.754,64.572,8.760,0,5983180,175652,690084,1232104,54219404.953,1051746.007,51269.473,208.233,43.048,16.018,37742,3489,1.500,1.620,1.350,1,0,0,0,0,25,426,0,89,0
05-06 21:42:10,20.926,3.986,62.281,8.719,0.498,5982328,179976,722072,1197012,54737289.166,1450956.339,51032.671,163.426,42.849,14.947,52627,3860,1.500,1.620,1.350,1,0,1.993,0,0,25,426,0,88,0
05-06 21:42:11,21.253,4.001,64.760,6.251,0,6031156,130060,747464,1173372,49463909.834,1017966.821,46099.238,132.021,39.006,9.001,29525,3737,1.460,1.610,1.350,1,1,0,0,0,25,427,0,90,0
05-06 21:42:12,22.544,3.256,68.634,4.008,0.250,6003516,131004,774344,1173180,29192727.010,559969.500,28227.071,388.758,25.049,33.065,17790,3686,1.460,1.610,1.350,2,0,0,0,0,25,426,0,93,0
05-06 21:42:13,22.460,3.743,67.380,4.742,0.250,5988544,174824,776000,1144316,37569048.525,628977.791,35788.261,531.054,30.945,46.916,18715,3990,1.460,1.610,1.350,4,0,0,0,0,25,426,0,89,0
05-06 21:42:14,20.522,4.254,66.070,7.258,0,5981608,198848,798020,1106584,45203568.154,570073.718,43577.844,264.278,37.039,22.023,16241,3619,1.460,1.610,1.350,5,0,0,0,0,25,426,0,91,0
05-06 21:42:15,19.757,3.501,66.273,7.753,0,5984340,182480,827516,1091348,53258521.707,572678.720,51217.773,348.121,40.014,31.011,17436,4407,1.460,1.610,1.350,2,0,0,0,0,25,426,0,83,0
05-06 21:42:16,18.730,3.746,64.680,9.739,0,5983868,184236,851128,1067556,53278813.324,672339.529,51156.649,627.321,42.954,68.925,18697,5351,1.420,1.600,1.350,1,2,0,0,0,25,426,0,86,0
05-06 21:42:17,19.984,2.748,64.947,7.744,0.250,5984304,185932,891080,1026416,54254472.078,1132739.021,51157.999,607.501,39.967,43.964,39249,3638,1.420,1.600,1.350,2,0,0,0,0,25,426,0,87,0
05-06 21:42:18,24.285,3.505,64.845,5.007,0,6019448,131416,923660,1014424,39686091.007,950730.115,37190.261,1638.390,33.048,161.235,31915,4290,1.420,1.600,1.350,2,0,0,0,0,25,426,0,91,0
05-06 21:42:19,26.233,2.998,69.204,2.249,0,5984816,180960,918596,1005444,14464678.383,113515.853,14070.685,19.987,10.993,3.997,4589,3071,1.420,1.600,1.350,1,0,0,0,0,25,426,0,90,0
05-06 21:42:20,26.314,5.263,59.896,7.268,0.752,5938368,207692,937548,1006160,30000582.422,5614953.717,23581.586,4418.791,76.186,386.945,26215,7407,1.420,1.600,1.350,3,0,2.005,0,0,25,426,0,96,0
05-06 21:42:21,20.476,7.991,66.672,2.247,0,5937324,981328,166772,1006408,57365.939,40150.065,167.804,691.192,,68.919,3132,5000,1.390,1.590,1.350,2,0,24.971,0,0,25,426,0,96,0
05-06 21:42:22,14.480,2.746,81.637,0.250,0.250,5936392,981816,166788,1006764,133840.764,115959.512,0,830.850,0,69.903,2953,4483,1.390,1.590,1.350,1,1,4.993,0,0,25,425,0,97,0
05-06 21:42:23,14.506,2.251,77.530,4.002,0,5936432,981516,166808,1006988,234539.829,227160.002,4.002,4629.773,1.000,347.133,3921,6819,1.390,1.590,1.350,0,0,0,0,0,25,425,0,94,0
05-06 21:42:24,10.026,2.005,87.729,0.501,0,5936664,981264,166812,1007004,124076.592,115096.171,16.042,180.471,1.003,26.068,2480,4081,1.390,1.590,1.350,0,1,0,0,0,25,426,0,94,0
05-06 21:42:25,13.453,2.242,80.221,1.246,0.498,5936584,981108,166832,1007220,210136.406,200904.460,0,1395.156,0,169.412,3525,6199,1.390,1.590,1.350,0,0,0,0,0,25,426,0,95,0
05-06 21:42:26,16.266,3.003,78.578,0.751,0.250,5935372,982256,166848,1007252,175964.437,155536.069,0,832.830,0,96.096,3595,5801,1.440,1.590,1.350,0,0,7.007,0,0,25,424,0,96,0
05-06 21:42:27,14.241,5.247,77.200,3.498,0.250,5942068,973892,166848,1008920,53774.262,42351.641,1063.313,483.688,32.979,28.981,2774,3944,1.440,1.590,1.350,2,0,7.995,0,0,25,423,0,93,0
05-06 21:42:28,8.005,2.502,87.553,0.250,0,5943984,970892,166852,1009996,31732.388,24706.095,1484.907,556.340,54.033,43.026,2739,4182,1.440,1.590,1.350,0,0,8.005,0,0,25,424,0,93,0
05-06 21:42:29,9.767,7.764,78.888,2.504,0.250,5966072,943292,166856,1015080,1163568.081,58682.636,4928.620,360.631,113.198,20.035,4068,5312,1.440,1.590,1.350,1,0,44.077,0,0,25,424,0,92,0
05-06 21:42:30,14.711,2.743,80.038,0,0.249,5960380,948980,166856,1015084,28966.442,21103.224,0,315.167,0,16.955,2139,3309,1.440,1.590,1.350,1,0,4.987,0,0,25,424,0,93,0
05-06 21:42:31,22.498,8.499,67.745,0.250,0.250,5966212,942040,166856,1016192,453970.222,445803.794,0,295.979,0,17.999,3313,5346,1.400,1.580,1.350,1,0,1.000,0,0,25,428,0,100,0
05-06 21:42:32,19.773,8.510,69.332,0,0,5993316,914796,166856,1016332,375045.053,366734.280,0,256.301,0,18.021,2237,3514,1.400,1.580,1.350,1,0,0,0,0,25,428,0,103,0
05-06 21:42:33,22.474,8.990,67.922,0.499,0,5991772,916172,166856,1016500,497303.604,489220.907,0,467.462,0,41.952,2694,4453,1.400,1.580,1.350,3,0,0,0,0,25,428,0,106,0
05-06 21:42:34,22.015,9.506,67.796,0.751,0,5978660,929056,166856,1016728,498986.818,490226.923,0,5968.016,0,359.242,3129,3840,1.400,1.580,1.350,1,0,0,0,0,25,428,0,110,0
05-06 21:42:35,22.236,9.744,66.457,0.750,0.500,5937816,969600,166860,1017024,397860.982,387535.652,7.995,507.672,1.999,50.967,2624,4135,1.400,1.580,1.350,1,0,0,0,0,25,428,0,114,0
05-06 21:42:36,22.314,9.527,67.444,0.752,0,5938480,968880,166864,1017060,471818.951,450556.801,0,541.558,0,65.187,3026,5013,1.370,1.570,1.350,1,0,0,0,0,25,428,0,118,0
05-06 21:42:37,19.963,7.486,70.122,0.749,0.499,5942712,964448,166864,1017220,1214637.998,110266.103,0,387.291,,28.947,3769,5138,1.370,1.570,1.350,0,0,34.936,0,0,25,427,0,117,1
05-06 21:42:38,16.479,4.744,75.901,0.749,0,5965820,941068,166872,1017484,120475.382,105157.296,0,615.200,0,72.905,3479,8362,1.370,1.570,1.350,2,0,31.958,0,0,25,427,0,118,0
05-06 21:42:39,23.499,5.500,68.996,0,0,5942444,964056,166876,1017856,366925.351,353549.141,0,655.961,0,65.996,4646,9187,1.370,1.570,1.350,3,0,2.000,0,0,25,427,0,120,0
05-06 21:42:40,13.775,2.004,81.150,1.002,0.250,5940868,965432,166888,1018028,186684.179,172397.763,0,1005.860,0,130.241,3355,5622,1.370,1.570,1.350,5,1,2.004,0,0,25,427,0,121,0
05-06 21:42:41,19.709,4.241,71.103,2.744,0.249,5939996,965204,166900,1019112,207303.504,198163.396,219.546,1656.576,54.887,236.511,4450,8406,1.340,1.560,1.350,1,0,0,0,0,25,430,0,164,0
05-06 21:42:42,15.545,2.758,80.481,1.254,0.501,5940004,965172,166912,1019124,244047.661,226772.063,0,1030.960,0,128.369,3439,5849,1.340,1.560,1.350,1,0,0,0,0,25,429,0,165,0
05-06 21:42:43,17.754,3.251,74.769,1.500,0,5940280,964448,166916,1019568,315203.431,305237.920,0,1376.347,0,176.044,4068,7207,1.340,1.560,1.350,1,0,0,0,0,25,429,0,161,0
05-06 21:42:44,12.258,3.252,80.803,1.001,0,5939728,964996,166924,1019564,264906.189,255983.389,0,1028.669,0,135.088,3198,5673,1.340,1.560,1.350,1,0,7.005,0,0,25,428,0,162,0
05-06 21:42:45,12.235,2.497,82.650,0.499,0,5939588,964872,166928,1019776,98959.753,67016.245,0,603.273,0,55.933,3034,4784,1.340,1.560,1.350,0,0,0,0,0,25,430,0,155,0
05-06 21:42:46,8.245,2.499,87.702,0.750,0.750,5939852,964572,166932,1019792,65021.238,55483.484,0,651.642,0,68.962,2912,4916,1.230,1.540,1.340,0,0,3.998,0,0,25,425,0,157,0
05-06 21:42:47,4.498,2.749,90.206,0.250,0,5940360,963792,166932,1020040,31606.639,15629.404,0,315.846,0,16.992,2009,3647,1.230,1.540,1.340,0,0,7.996,0,0,25,426,0,156,0
05-06 21:42:48,8.759,5.005,83.340,1.001,0.250,5946488,957476,166936,1020192,1175702.055,71047.447,0,432.465,52.056,31.033,3910,5370,1.230,1.540,1.340,0,0,42.045,0,0,25,426,0,158,0
05-06 21:42:49,20.268,3.503,74.565,0,0,5946908,957048,166936,1020200,52991.997,46959.761,0,420.365,0,35.030,2205,3478,1.230,1.540,1.340,1,0,6.005,0,0,25,430,0,155,0
05-06 21:42:50,16.698,3.240,67.789,9.470,0,5998820,852632,219424,1020216,54160295.040,438720.630,52324.799,522.371,42.866,44.860,13983,4013,1.230,1.540,1.340,7,0,19.938,0,0,25,429,0,156,0
05-06 21:42:51,20.509,4.752,62.777,10.504,0,5998000,801832,270672,1020540,54177382.210,915875.331,51469.823,1872.794,102.043,374.159,26385,6808,1.210,1.530,1.340,2,0,0,0,0,25,428,0,158,0
05-06 21:42:52,20.274,3.004,65.329,9.011,0.501,5999756,748724,321872,1020576,53571326.019,764621.133,51273.836,584.705,43.052,42.051,16785,3580,1.210,1.530,1.340,3,0,0,0,0,25,428,0,160,0
05-06 21:42:53,27.025,1.501,65.810,4.004,0.250,6017784,708920,343640,1020536,21968568.208,580541.776,19229.614,768.704,18.017,70.064,14151,4306,1.210,1.530,1.340,0,1,0,0,0,25,428,0,162,0
05-06 21:42:54,22.237,2.998,66.960,5.247,0,5996652,696576,376924,1020640,35034819.039,735139.446,33275.968,2698.376,29.982,192.884,15632,3543,1.210,1.530,1.340,3,2,0,0,0,25,428,0,165,0
05-06 21:42:55,19.451,3.242,65.833,9.227,0,5994340,651264,424292,1020784,52076392.422,904054.127,49793.822,458.837,38.901,40.896,23443,4047,1.210,1.530,1.340,1,1,0,0,0,25,428,0,165,0
05-06 21:42:56,16.294,2.507,65.930,13.788,0.251,5995496,647488,426864,1020816,704739.940,188873.625,12.033,826.256,3.008,88.241,3230,4701,1.200,1.520,1.340,0,2,0,0,0,25,428,0,163,0
05-06 21:42:57,4.993,1.498,68.904,22.718,0,5999728,643236,426864,1020836,25892.905,15609.241,0,367.488,0,18.974,1954,3001,1.200,1.520,1.340,4,1,0,0,0,25,428,0,163,0
05-06 21:42:58,8.751,2.250,65.258,22.253,0.500,5993700,649244,426864,1020840,32868.273,24775.221,0,424.055,0,34.004,2203,3391,1.200,1.520,1.340,0,1,0,0,0,25,428,0,158,0
05-06 21:42:59,4.747,1.249,69.701,22.984,0.250,5993916,649024,426864,1020844,28159.035,16761.116,0,411.708,0,16.988,1996,2969,1.200,1.520,1.340,3,1,0,0,0,25,428,0,158,0
05-06 21:43:00,4.248,1.499,69.220,23.740,0,5993996,648936,426868,1020848,30176.783,20951.823,0,287.874,0,19.991,2054,3244,1.200,1.520,1.340,0,2,1.999,0,0,25,428,0,156,0
05-06 21:43:01,4.250,1.500,68.495,23.998,0,5994020,648904,426868,1020856,25897.006,15743.788,0,219.983,0,15.999,1826,2879,1.180,1.510,1.330,0,1,0,0,0,25,428,0,156,0
05-06 21:43:02,4.751,1.250,69.509,24.253,0.250,5994012,648904,426872,1020860,24826.227,15719.043,0,220.029,0,12.002,1812,2850,1.180,1.510,1.330,0,2,0,0,0,25,428,0,152,0
05-06 21:43:03,5.751,1.000,67.506,23.252,0,5993992,648904,426872,1020880,55904.199,38324.564,0,260.024,0,26.002,2306,3672,1.180,1.510,1.330,0,2,0,0,0,25,428,0,152,0
05-06 21:43:04,5.015,0.752,67.950,24.823,0,5993980,648904,426888,1020876,29583.152,22810.199,0,7072.837,0,413.217,2236,3173,1.180,1.510,1.330,0,1,0,0,0,25,428,0,148,0
05-06 21:43:05,5.732,1.495,68.787,22.181,0.498,5993856,649000,426896,1020896,33824.381,24113.417,11.963,422.693,2.991,46.855,2203,3648,1.180,1.510,1.330,0,2,0,0,0,25,428,0,150,0
05-06 21:43:06,5.499,1.250,67.743,22.748,0.250,5993740,648968,426900,1021040,52192.468,34924.298,0,803.915,0,86.991,2617,4452,1.170,1.500,1.330,1,1,0,0,0,25,427,0,146,0
05-06 21:43:07,4.000,0.750,71.492,22.747,0.250,5993704,649000,426908,1021036,25650.076,15689.211,0,207.976,0,13.998,1878,2924,1.170,1.500,1.330,0,1,0,0,0,25,427,0,146,0
05-06 21:43:08,5.502,1.751,68.020,23.257,0,5993712,648968,426912,1021056,40113.793,32336.507,0,308.091,0,29.009,2187,3418,1.170,1.500,1.330,1,1,0,0,0,25,428,0,142,0
05-06 21:43:09,4.502,2.001,67.529,21.259,0,6040596,556004,472996,1021052,48488334.054,571761.427,46099.546,152.064,36.015,10.004,19204,3213,1.170,1.500,1.330,1,1,1.000,0,0,25,428,0,142,0
05-06 21:43:10,23.500,3,68.250,4.750,0,6017036,551176,501160,1021100,29141727,387870,28172,152,25,15,9826,3235,1.170,1.500,1.330,0,1,2,0,0,25,428,0,140,0
05-06 21:43:11,22.526,1.502,68.580,5.006,0.250,5994248,548300,526764,1021096,29158938.369,433465.820,28200.713,120.139,24.028,9.010,11506,3159,1.150,1.490,1.330,1,0,0,0,0,25,428,0,142,0
05-06 21:43:12,16.478,2.247,66.911,10.486,0,5993784,497368,577968,1021176,54385162.504,887610.254,51132.097,255.660,39.947,21.971,23835,3515,1.150,1.490,1.330,1,0,0,0,0,25,428,0,139,0
05-06 21:43:13,23.506,3.251,62.266,9.252,0.250,6043960,395844,629188,1021188,53041359.423,1176775.547,49944.586,496.125,42.011,53.013,38123,4661,1.150,1.490,1.330,1,1,0,0,0,25,428,0,141,0
05-06 21:43:14,25.757,2.251,66.019,4.001,0.250,6017236,395508,656068,1021316,28275989.553,820419.538,25619.199,472.133,23.006,30.008,27193,3425,1.150,1.490,1.330,0,3,0,0,0,25,428,0,139,0
05-06 21:43:15,24.567,2.256,67.183,4.763,0,5993180,395040,680396,1021432,28140416.934,674550.778,26969.357,661.800,25.068,59.161,17845,4145,1.150,1.490,1.330,1,1,0,0,0,25,428,0,141,0
05-06 21:43:16,19.686,3.738,65.040,9.469,0.249,5995172,341736,731604,1021408,54294082.525,964469.833,51035.055,602.054,39.871,70.771,26219,4896,1.220,1.500,1.330,2,0,0,0,0,25,428,0,136,0
05-06 21:43:17,18.749,4.000,64.245,8.999,0,5996256,289264,782808,1021480,54035501.444,989106.784,51208.313,287.979,42.997,17.999,25852,3601,1.220,1.500,1.330,1,1,0,0,0,25,428,0,138,0
05-06 21:43:18,21.321,4.013,62.457,8.027,0,5995704,238444,834016,1021516,54818266.371,1287253.533,51382.384,461.530,43.143,40.133,42902,4036,1.220,1.500,1.330,1,1,0,0,0,25,428,0,138,0
05-06 21:43:19,22.215,1.498,65.396,5.741,0.250,6033860,161788,872420,1021544,39227955.095,1066112.749,35795.014,279.555,30.951,17.971,37654,3260,1.220,1.500,1.330,0,2,0,0,0,25,428,0,140,0
05-06 21:43:20,21.735,2.248,67.454,6.496,0,6017916,141640,908260,1021692,37348594.350,623230.696,35827.780,199.865,30.979,19.986,15317,3530,1.220,1.500,1.330,1,1,1.999,0,0,25,428,0,138,0
05-06 21:43:21,25.100,3.728,63.868,7.455,0,5996352,177408,908604,1009476,32180142.469,639590.805,30700.534,1264.444,64.614,265.414,15990,6148,1.360,1.530,1.340,4,0,0,0,0,25,426,0,140,2
05-06 21:43:22,16.842,3.268,69.126,7.792,0,5996668,192476,914792,988920,54675094.841,929994.239,51484.022,707.850,41.224,30.164,23864,3233,1.360,1.530,1.340,3,0,0,0,0,25,426,0,133,2
05-06 21:43:23,18.488,4.997,62.960,9.744,0.500,5996232,189792,940420,967384,54651739.190,1234605.322,51179.348,415.735,42.973,35.977,36822,4162,1.360,1.530,1.340,4,1,0,0,0,25,426,0,135,2
05-06 21:43:24,22.029,4.506,62.083,7.760,0,5994280,179036,967228,953288,54726779.617,1150128.671,51280.203,624.831,43.057,51.068,25416,3889,1.360,1.530,1.340,2,1,0,0,0,25,426,0,136,2
05-06 21:43:25,23.466,3.245,63.159,7.739,0.250,6020048,141460,985824,946680,28585283.119,590478.663,25575.299,798.854,22.967,70.898,12726,4177,1.360,1.530,1.340,1,3,0,0,0,25,426,0,138,2
05-06 21:43:26,27.254,4.251,62.008,6.001,0.250,5998664,323468,981044,794840,26049888.635,677380.092,25707.419,620.082,26.003,75.010,13422,4950,1.330,1.520,1.340,2,1,0,0,0,25,426,0,138,2
05-06 21:43:27,17.262,3.753,67.048,8.756,0,5997688,273056,1032244,794892,54700067.949,1033924.324,51236.737,168.121,40.029,9.006,28197,3230,1.330,1.520,1.340,5,0,0,0,0,25,426,0,138,2
05-06 21:43:28,24.757,4.001,62.018,4.501,0,5966572,277844,1055588,797764,29736076.046,5403027.460,23338.628,2956.840,28.008,68.019,11514,4489,1.330,1.520,1.340,1,1,3.001,0,0,25,430,0,142,2
05-06 21:43:29,25.487,8.496,63.217,0.999,0,5958004,1194660,149064,798172,49678.118,43100.545,355.815,347.819,,28.985,3161,5101,1.330,1.520,1.340,1,1,24.987,0,0,25,426,0,146,2
05-06 21:43:30,15.241,3.498,80.955,0.250,0,5958364,1194480,149080,797884,152887.383,119257.216,0,487.727,0,38.978,3329,4792,1.330,1.520,1.340,0,1,7.996,0,0,25,425,0,146,2
05-06 21:43:31,10.754,1.501,87.030,0,0.500,5958236,1194544,149108,797920,137941.728,121928.187,0,344.119,0,31.011,2631,4069,1.310,1.510,1.340,0,1,0,0,0,25,425,0,146,2
05-06 21:43:32,19.249,6.500,72.495,1.750,0.250,5953800,1198188,149156,798644,198562.498,187577.245,131.991,1159.921,32.998,156.989,3766,6308,1.310,1.510,1.340,1,1,19.999,0,0,25,427,0,166,2
05-06 21:43:33,20.480,4.995,71.680,1.748,0.250,5968780,1182848,149204,798956,277070.471,266323.003,87.914,1310.715,21.978,185.818,4327,7426,1.310,1.510,1.340,3,1,0,0,0,25,430,0,186,2
05-06 21:43:34,15.765,3.754,79.827,1.001,0,5968852,1182580,149232,799108,227867.436,200919.485,0,888.856,0,122.118,3923,6472,1.310,1.510,1.340,1,1,0,0,0,25,430,0,178,2
05-06 21:43:35,31.029,4.254,62.057,2.753,0,5968892,1182232,149292,799356,499615.645,492228.819,8.007,7522.951,2.002,600.555,6070,9577,1.310,1.510,1.340,1,1,0,0,0,25,433,0,183,2
05-06 21:43:36,28.255,5.751,62.511,2.250,0,5968080,1182520,149464,799708,589123.918,577500.908,16.003,3568.617,1.000,365.063,6270,11595,1.280,1.500,1.340,1,1,0,0,0,25,432,0,187,2
05-06 21:43:37,27.670,3.241,66.559,1.246,0.249,5967544,1182752,149536,799940,475448.087,467083.136,0,1232.457,0,130.624,5294,9755,1.280,1.500,1.340,2,0,0,0,0,25,433,0,179,2
05-06 21:43:38,20.530,2.504,71.354,3.755,0.250,5967508,1182500,149688,800072,347196.866,339683.919,16.023,9549.914,1.001,636.928,5551,9382,1.280,1.500,1.340,3,0,0,0,0,25,431,0,181,2
05-06 21:43:39,22.553,6.515,68.160,1.754,0.501,5967576,1182200,149760,800216,348169.108,338968.542,0,4233.924,0,291.684,4809,9804,1.280,1.500,1.340,4,0,34.080,0,0,25,431,0,182,2
05-06 21:43:40,11.485,1.498,84.890,0.499,0,5967188,1182516,149768,800280,164445.372,154960.636,0,1118.554,0,114.851,2851,4520,1.280,1.500,1.340,1,1,1.997,0,0,25,432,0,182,2
05-06 21:43:41,16.983,2.997,75.923,0.749,0,5967320,1181980,149812,800604,313952.652,305593.129,0,1306.675,0,144.853,4812,8858,1.260,1.490,1.340,0,1,0,0,0,25,431,0,171,2
05-06 21:43:42,22.068,4.012,71.219,2.508,0,5967488,1181412,149908,800904,402900.740,393430.553,0,1629.021,0,196.606,4146,7211,1.260,1.490,1.340,3,0,0,0,0,25,431,0,174,2
05-06 21:43:43,15.237,2.498,79.929,0.749,0,5968300,1180212,149940,800956,315552.367,307287.665,0,1182.955,0,124.890,3508,6159,1.260,1.490,1.340,1,1,0,0,0,25,433,0,133,2
05-06 21:43:44,13.754,2.251,80.022,2.001,1.000,5968204,1180180,150008,801016,198126.079,176170.976,0,1496.416,0,210.058,3835,6652,1.260,1.490,1.340,3,1,0,0,0,25,432,0,133,2
05-06 21:43:45,12.689,1.742,81.112,1.493,0,5967948,1180180,150068,801208,212823.999,196416.558,0,1321.672,0,162.223,3802,6427,1.260,1.490,1.340,2,0,0,0,0,25,431,0,132,2
05-06 21:43:46,16.544,3.008,78.710,2.005,0,5968084,1179928,150136,801252,268591.259,253749.736,0,1427.802,0,188.502,4101,7035,1.160,1.470,1.330,2,0,0,0,0,25,431,0,132,2
05-06 21:43:47,21.317,4.263,70.472,3.009,0,5967720,1179960,150248,801468,395190.269,384606.974,0,7118.394,0,512.613,5168,9823,1.160,1.470,1.330,1,0,0,0,0,25,433,0,132,2
05-06 21:43:48,30.189,3.493,60.877,2.495,0.249,5968088,1179424,150324,801556,528370.521,520026.426,0,1668.619,0,229.535,5421,9793,1.160,1.470,1.330,2,0,0,0,0,25,432,0,137,2
05-06 21:43:49,25.217,5.493,65.914,2.247,0.499,5969084,1178164,150360,801784,476691.255,467826.761,0,990.714,0,113.852,5074,9398,1.160,1.470,1.330,1,0,0,0,0,25,434,0,136,2
05-06 21:43:50,25.793,4.507,64.106,4.758,0,5969540,1177440,150388,802020,555178.931,547242.781,0,1386.297,0,178.295,4938,9537,1.160,1.470,1.330,5,0,2.003,0,0,25,432,0,139,2
05-06 21:43:51,29.709,5.243,59.168,5.742,0.250,5969988,1176384,150504,802488,607017.530,589681.419,263.637,3071.767,65.909,570.214,7012,13522,1.230,1.480,1.330,0,1,0,0,0,25,432,0,140,2
05-06 21:43:52,26.294,3.506,66.612,2.003,0,5971196,1174668,150536,802932,639115.074,631647.536,0,1177.978,0,121.204,4630,9109,1.230,1.480,1.330,1,0,0,0,0,25,432,0,154,2
05-06 21:43:53,25.462,7.489,62.657,4.244,0,5988716,1129896,150596,829632,33142905.357,33133934.643,10620.271,17410.215,90.865,213.684,4818,8947,1.230,1.480,1.330,2,0,23.965,0,0,25,433,0,163,2
05-06 21:43:54,23.742,5.498,68.228,1.749,0,6001140,1116996,150620,829996,89803.904,81325.650,227.926,967.686,3.999,68.978,2546,3973,1.230,1.480,1.330,3,0,6.998,0,0,25,433,0,165,2
05-06 21:43:55,23.476,5.744,67.929,0.250,0.250,6022888,1095136,150652,830024,73259.590,64833.379,0,2409.487,0,127.867,2900,4500,1.230,1.480,1.330,3,0,7.992,0,0,25,433,0,160,2
05-06 21:43:56,26.339,7.024,64.720,1.756,0.251,6017372,1100300,150728,830260,111901.570,91135.130,68.231,5526.747,1.003,384.304,4531,6899,1.210,1.470,1.330,0,0,9.031,0,0,25,434,0,160,2
05-06 21:43:57,11.475,1.746,84.566,0,0.249,6018064,1099564,150736,830292,88622.714,65874.328,0,287.373,0,18.959,2593,3871,1.210,1.470,1.330,1,0,3.991,0,0,25,433,0,157,2
05-06 21:43:58,8.767,2.505,87.172,0.751,0,6017700,1099908,150744,830304,58115.604,49228.078,0,541.067,0,50.099,2641,4481,1.210,1.470,1.330,4,0,9.018,0,0,25,433,1,157,2
05-06 21:43:59,4.478,1.493,91.047,0,0,6021496,1095952,150748,830460,43518.625,36399.024,0,242.793,0,14.926,1942,2921,1.210,1.470,1.330,2,0,0,0,0,25,434,0,158,2
05-06 21:44:00,10.778,6.767,79.453,1.003,0.251,6020636,1096688,150752,830572,1173687.640,74425.529,80.205,276.708,62.159,17.044,3737,5492,1.210,1.470,1.330,2,0,48.123,0,0,25,434,0,158,2
05-06 21:44:01,24.270,6.505,69.056,0.250,0.250,6025120,1092080,150756,830660,98332.436,75883.072,96.079,540.442,3.002,38.031,2427,3560,1.190,1.460,1.330,1,0,9.007,0,0,25,434,0,160,2
05-06 21:44:02,25.489,5.248,67.720,0,0.250,6043128,1074008,150756,830684,47948.950,40774.100,0,299.868,0,26.988,2372,3501,1.190,1.460,1.330,1,0,6.997,0,0,25,434,0,160,2
05-06 21:44:03,25.012,6.753,62.031,5.253,0,6058776,1057420,151812,830676,2613258.016,13873041.648,2125.060,1062678.276,105.052,251.125,9428,6831,1.190,1.460,1.330,2,1,37.018,0,0,25,434,0,160,2
05-06 21:44:04,24.539,10.517,56.589,7.261,0.250,6021404,1095052,150776,831308,2611795.354,4062561.409,452.712,300.473,,,7757,7570,1.190,1.460,1.330,3,0,64.101,0,0,25,434,0,161,2
05-06 21:44:05,14.468,1.247,79.826,0.998,0,6022648,1109740,150792,815536,176680.191,160611.189,0,826.201,0,92.798,3220,5339,1.190,1.460,1.330,1,0,0,0,0,25,434,0,163,2
05-06 21:44:06,20.981,3.996,72.184,3.996,0,6022632,1109636,150824,815672,380465.776,360935.549,19.982,9183.643,1.998,571.480,5083,7473,1.170,1.450,1.330,1,0,0,0,0,25,433,0,164,2
05-06 21:44:07,20.476,3.746,73.414,1.498,0.499,6016440,1115796,150836,815692,380188.898,371161.514,0,934.901,0,121.857,3819,6912,1.170,1.450,1.330,3,0,0,0,0,25,435,0,163,2
05-06 21:44:08,26.626,3.768,65.309,0.754,0,6015940,1115992,150860,815964,459992.062,452959.764,0,1531.250,0,170.809,5080,9481,1.170,1.450,1.330,1,0,0,0,0,25,435,0,164,2
05-06 21:44:09,16.967,3.244,75.354,2.495,0.250,6015632,1116056,150956,816112,331832.241,322276.750,15.969,1712.683,0.998,189.633,3792,7001,1.170,1.450,1.330,0,0,0,0,0,25,433,0,165,2
05-06 21:44:10,12.484,2.497,80.898,2.497,0.250,6015900,1115520,151060,816276,240811.541,230614.348,0,2313.095,0,209.737,3388,6123,1.170,1.450,1.330,0,0,1.997,0,0,25,433,0,165,2
05-06 21:44:11,13.266,2.253,79.596,3.254,0,6015972,1115300,151168,816312,220082.640,213639.863,0,6411.739,0,448.541,3956,7298,1.080,1.430,1.320,1,0,0,0,0,25,434,0,163,2
05-06 21:44:12,13.972,2.245,81.086,1.247,0.499,6015708,1115252,151200,816576,278494.327,268628.296,0,1337.293,0,159.677,3666,6598,1.080,1.430,1.320,0,0,0,0,0,25,433,0,163,2
05-06 21:44:13,13.754,2.501,81.025,1.000,0,6015540,1115284,151280,816628,228760.458,215639.417,0,1136.350,0,138.043,3425,5910,1.080,1.430,1.320,1,0,0,0,0,25,430,0,159,2
05-06 21:44:14,16.289,2.506,79.190,1.253,0.251,6015516,1115284,151312,816620,288919.407,275550.321,0,906.175,0,96.231,3363,6454,1.080,1.430,1.320,4,0,0,0,0,25,431,0,159,2
05-06 21:44:15,29.963,3.745,62.673,1.998,0.250,6015812,1114276,151376,817264,553118.005,543644.686,0,1741.852,0,198.755,5390,10331,1.080,1.430,1.320,3,0,0,0,0,25,428,0,158,2
05-06 21:44:16,29.339,5.266,62.940,1.755,0,6020196,1109676,151480,817372,619347.190,613086.294,0,3683.116,0,452.365,5958,11036,1.070,1.420,1.320,1,0,0,0,0,25,427,0,161,2
05-06 21:44:17,26.646,4.483,65.993,0.996,0.498,6022880,1106684,151536,817620,458155.151,450536.764,0,1498.177,0,144.439,5145,9364,1.070,1.420,1.320,1,0,0,0,0,25,427,0,159,2
05-06 21:44:18,31.025,4.003,59.298,4.504,0,6024460,1104824,151604,817828,523220.809,516128.064,0,10168.236,0,841.682,5955,10658,1.070,1.420,1.320,1,0,2.002,0,0,25,426,0,162,2
05-06 21:44:19,7.014,0.751,90.931,0.250,0.250,6024380,1104856,151608,817872,96758.840,89100.577,0,192.383,0,13.026,2068,3344,1.070,1.420,1.320,1,0,0,0,0,25,427,0,162,2
05-06 21:44:20,12.719,2.494,82.300,0.998,0.249,6024536,1104604,151652,817920,193110.356,179069.503,0,790.079,0,98.760,3233,5717,1.070,1.420,1.320,0,0,1.995,0,0,25,426,0,156,2
05-06 21:44:21,23.747,3.250,68.491,2.000,0,6024164,1104604,151716,818228,455723.110,439637.330,19.997,2263.688,4.999,231.968,5083,9018,1.150,1.430,1.320,2,0,0,0,0,25,428,0,157,2
05-06 21:44:22,27.520,5.504,63.045,2.001,0.250,6024352,1104100,151784,818464,566537.474,559038.066,0,2169.564,0,261.188,5839,10277,1.150,1.430,1.320,3,0,0,0,0,25,427,0,156,1
05-06 21:44:23,29.338,3.009,64.694,1.755,0.251,6025804,1102524,151844,818528,476999.614,470333.649,0,1929.780,0,215.646,4483,8365,1.150,1.430,1.320,1,0,0,0,0,25,426,0,157,1
05-06 21:44:24,8.212,0.995,88.089,0.747,0.498,6025736,1102336,151860,818764,120136.085,112641.079,0,1712.007,0,130.391,2557,4391,1.150,1.430,1.320,8,0,0,0,0,25,427,0,155,1
05-06 21:44:25,11.526,2.004,83.186,2.004,0,6025588,1102336,151920,818852,185646.549,178346.247,0,1611.599,0,202.452,3364,6260,1.150,1.430,1.320,2,0,0,0,0,25,426,0,155,1
05-06 21:44:26,13.236,2.747,80.666,0.999,0,6025588,1102036,151956,819096,241913.716,234702.267,0,2908.954,0,232.756,3568,6265,1.140,1.420,1.320,0,0,0,0,0,25,426,0,151,1
05-06 21:44:27,15.537,2.005,79.940,1.504,0.501,6025488,1101784,151996,819408,284301.785,274099.535,116.276,1603.812,3.007,203.484,3644,6593,1.140,1.420,1.320,0,0,0,0,0,25,427,0,151,1
05-06 21:44:28,22.203,4.740,69.353,2.994,0.249,6026404,1100728,152052,819492,332480.140,316371.242,0,5396.575,0,415.121,4410,7584,1.140,1.420,1.320,1,1,0.998,0,0,25,427,0,147,1
05-06 21:44:29,11.249,2.250,84.491,0.750,0,6026580,1100304,152076,819712,181559.573,173906.392,0,1407.849,0,126.986,2864,5007,1.140,1.420,1.320,1,0,0,0,0,25,424,0,148,3
05-06 21:44:30,13.748,3.249,80.987,1.000,0.250,6038956,1086932,152116,820664,241022.954,234302.043,0,1019.835,0,111.982,3292,5558,1.140,1.420,1.320,0,0,4.999,0,0,25,424,0,141,3
05-06 21:44:31,24.027,3.754,68.829,1.502,0.250,6034828,1090820,152164,820852,438485.751,431060.271,0,1265.445,0,156.178,4279,6977,1.040,1.400,1.310,1,0,1.001,0,0,25,424,0,142,3
05-06 21:44:32,12.532,2.506,82.211,1.003,0,6035280,1091184,152196,820004,220516.846,203098.150,0,1279.283,0,120.309,3173,5174,1.040,1.400,1.310,0,0,0,0,0,25,425,0,142,3
05-06 21:44:33,9.969,1.745,87.229,0.249,0.498,6035472,1090964,152212,820016,85673.071,65721.002,0,542.317,0,44.861,2630,3891,1.040,1.400,1.310,0,0,0,0,0,25,424,0,142,3
05-06 21:44:34,6.495,1.499,89.686,0.250,0.250,6029708,1096712,152216,820028,14988.238,3441.529,0,399.713,0,25.981,1998,2872,1.040,1.400,1.310,2,0,0,0,0,25,425,0,91,3
05-06 21:44:35,10.758,3.002,82.310,2.001,0,6029980,1096264,152224,820192,141214.804,122297.032,16.012,1044.761,1.001,122.089,3352,5228,1.040,1.400,1.310,0,0,0,0,0,25,425,0,93,3
05-06 21:44:36,10.018,2.254,81.399,4.258,0.250,6029604,1096516,152272,820264,145964.531,111742.041,0,9433.225,0,723.321,4674,6781,1.040,1.390,1.310,0,0,0,0,0,25,424,0,86,3
05-06 21:44:37,13.977,2.496,80.366,1.248,0.250,6029612,1096248,152296,820476,290538.220,271588.903,0,918.464,0,110.815,3690,5882,1.040,1.390,1.310,1,0,0,0,0,25,424,0,86,3
05-06 21:44:38,20.513,3.002,74.049,0.750,0,6029308,1096248,152312,820756,407490.314,394514.802,0,972.638,0,113.074,4015,6829,1.040,1.390,1.310,2,0,0,0,0,25,426,0,82,3
05-06 21:44:39,32.705,6.741,57.171,1.248,0.250,6029752,1095744,152332,820792,547361.284,535204.024,0,1809.508,0,181.750,6163,13224,1.040,1.390,1.310,1,0,33.953,0,0,25,426,0,84,3
05-06 21:44:40,15.266,3.003,73.074,7.007,0.250,6030012,1095208,152360,821036,297675.438,286573.158,0,5257.341,0,389.396,4606,7701,1.040,1.390,1.310,2,0,2.002,0,0,25,424,0,82,3
05-06 21:44:41,17.730,2.747,76.164,1.998,0,6029960,1095208,152376,821072,412252.803,401536.869,15.982,1634.160,0.999,136.846,3753,6188,1.040,1.390,1.310,2,1,0,0,0,25,425,0,82,3
05-06 21:44:42,14.763,3.003,78.321,1.752,0.250,6029644,1095240,152392,821324,286898.364,261440.172,0,1501.368,0,154.140,3896,6539,1.040,1.390,1.310,0,0,0,0,0,25,424,0,77,3
05-06 21:44:43,32.728,5.996,59.461,0.999,0.250,6029528,1094988,152416,821668,649471.648,635916.567,0,1283.156,0,122.919,5900,11109,1.040,1.390,1.310,2,0,0,0,0,25,426,0,80,3
05-06 21:44:44,27.547,4.257,65.110,1.252,0,6030004,1094264,152436,821892,470089.331,461837.352,0,1775.007,0,163.277,4993,9141,1.040,1.390,1.310,2,0,0,0,0,25,425,0,79,3
05-06 21:44:45,27.275,5.005,65.560,1.752,0.500,6030364,1093760,152460,822008,583019.880,570848.756,0,2630.404,0,227.208,5875,11068,1.040,1.390,1.310,2,0,0,0,0,25,424,0,79,3
05-06 21:44:46,20.447,2.743,71.565,2.743,0,6030356,1093508,152496,822228,400423.108,376919.793,0,1723.550,0,237.387,4798,8304,1.030,1.380,1.310,0,0,0,0,0,25,424,0,79,3
05-06 21:44:47,17.013,3.002,77.057,3.002,0.250,6030632,1093004,152540,822408,310169.076,299416.065,0,4907.656,0,373.278,4376,7289,1.030,1.380,1.310,2,0,0,0,0,25,425,0,79,3
05-06 21:44:48,20.736,4.247,70.202,3.248,0.250,6030400,1092972,152588,822620,421219.622,404558.069,39.973,3553.559,7.995,343.764,4990,9102,1.030,1.380,1.310,1,0,0,0,0,25,424,0,75,3
05-06 21:44:49,15.997,2.250,78.235,0.500,0,6030500,1092720,152596,822764,349030.637,340743.237,0,903.826,0,95.981,3383,6018,1.030,1.380,1.310,0,0,0,0,0,25,425,0,76,3
05-06 21:44:50,9.785,1.756,86.808,1.254,0.502,6030372,1092720,152608,822876,133833.977,122931.283,0,634.251,0,71.253,2615,4543,1.030,1.380,1.310,1,0,2.007,0,0,25,425,0,72,3
05-06 21:44:51,15.195,3.238,76.724,2.740,0,6030584,1092468,152624,822900,272402.534,256437.057,27.899,1598.242,6.975,176.365,4136,6830,1.350,1.440,1.330,2,0,0,0,0,25,424,0,73,3
05-06 21:44:52,22.265,3.753,72.799,1.751,0.250,6030508,1092248,152636,823184,417498.141,409703.911,0,1689.133,0,218.146,4836,8677,1.350,1.440,1.330,1,0,0,0,0,25,427,0,66,3
05-06 21:44:53,31.184,3.992,61.620,1.996,0.249,6030468,1092028,152708,823364,632433.991,622928.980,0,2486.770,0,335.295,6168,10865,1.350,1.440,1.330,4,0,0,0,0,25,426,0,71,3
05-06 21:44:54,26.106,4.016,64.762,1.506,0,6030784,1091492,152732,823552,457801.010,446974.139,0,2686.887,0,245.997,5311,9053,1.350,1.440,1.330,3,0,0,0,0,25,425,0,51,3
05-06 21:44:55,26.949,4.990,64.876,1.996,0.499,6032028,1089980,152776,823772,559046.222,550774.022,0,5014.422,0,382.270,6340,11671,1.350,1.440,1.330,3,0,0,0,0,25,425,0,53,3
05-06 21:44:56,28.508,4.001,63.768,1.751,0,6032492,1089036,152828,824192,579295.679,560798.388,0,1796.514,0,222.064,5610,9823,1.320,1.430,1.320,0,0,1.000,0,0,25,427,0,54,3
05-06 21:44:57,10.751,1.250,84.760,1.250,0.250,6032672,1088688,152868,824316,144316.029,136028.051,0,2792.329,0,160.019,3129,5187,1.320,1.430,1.320,1,0,0,0,0,25,428,0,54,3
05-06 21:44:58,32.075,6.515,56.632,3.258,0.251,6078140,1042976,152928,824496,572316.359,560638.090,4.009,2986.975,1.002,362.847,5597,9919,1.320,1.430,1.320,2,0,2.005,0,0,25,427,0,55,3
05-06 21:44:59,10.750,2.250,85.750,0.500,0,6035560,1085396,152944,824624,193116.386,178205.356,0,1140.002,0,74.000,2816,4666,1.320,1.430,1.320,0,1,0,0,0,25,427,0,55,3
05-06 21:45:00,14.459,2.244,79.771,1.745,0,6036996,1083884,152944,824692,220370.638,209754.055,0,1523.635,0,170.511,3694,6273,1.320,1.430,1.320,1,0,1.994,0,0,25,424,0,57,3
05-06 21:45:01,16.014,2.252,78.069,1.752,0.500,6039988,1080576,152960,824960,348752.297,339959.524,0,1493.320,0,152.134,3840,6218,1.220,1.410,1.320,0,0,0,0,0,25,425,0,57,3
05-06 21:45:02,19.260,4.002,73.038,1.501,0,6035300,1085228,152988,824960,324512.422,311944.899,0,1324.688,0,147.076,4243,7584,1.220,1.410,1.320,3,0,0,0,0,25,425,0,57,3
05-06 21:45:03,33.303,3.255,59.094,3.506,0.501,6035100,1084900,153068,825400,594098.458,578984.533,0,2143.393,0,261.414,5826,10403,1.220,1.410,1.320,1,0,0,0,0,25,426,0,58,3
05-06 21:45:04,28.244,4.749,61.987,3.249,0,6035220,1084616,153136,825496,534820.944,526727.700,0,8058.251,0,629.863,6593,11747,1.220,1.410,1.320,2,0,0,0,0,25,425,0,61,3
05-06 21:45:05,27.409,3.987,64.784,1.744,0,6035648,1083924,153160,825728,556169.842,549150.231,0,1682.394,0,170.432,5607,10577,1.220,1.410,1.320,3,0,0,0,0,25,425,0,62,3
05-06 21:45:06,29.611,5.270,63.488,1.757,0.251,6036432,1082820,153192,826004,565628.237,550033.727,0,1883.065,0,245.923,5818,10411,1.280,1.420,1.320,4,0,0,0,0,25,425,0,63,3
05-06 21:45:07,9.967,1.246,84.718,3.488,0.249,6036280,1082852,153208,826104,110435.024,101863.508,0,9512.390,0,489.374,3380,5026,1.280,1.420,1.320,0,0,0,0,0,25,424,0,60,3
05-06 21:45:08,24.793,4.257,64.361,2.755,0.250,6036468,1082348,153272,826356,652916.976,645041.406,0,2376.094,0,309.533,5619,9590,1.280,1.420,1.320,0,0,0,0,0,25,425,0,61,3
05-06 21:45:09,8.749,2.250,86.491,1.000,0.250,6036388,1082380,153292,826380,105836.570,90719.202,0,1219.868,0,110.988,2968,4776,1.280,1.420,1.320,3,0,0,0,0,25,425,0,59,3
05-06 21:45:10,19.726,1.998,75.160,1.748,0,6036660,1081844,153320,826616,326467.545,318361.240,0,1638.041,0,180.784,3921,6654,1.280,1.420,1.320,0,0,1.998,0,0,25,424,0,61,3
05-06 21:45:11,16.735,3.747,74.434,2.748,0,6036440,1081812,153364,826824,354254.485,343289.189,0,5219.381,0,379.664,4865,7749,1.260,1.410,1.320,1,0,0,0,0,25,425,0,60,3
05-06 21:45:12,12.271,2.755,83.894,1.002,0.501,6036388,1081812,153368,826872,215065.978,200784.542,0,1270.173,0,99.170,3315,5643,1.260,1.410,1.320,4,0,0,0,0,25,425,0,60,3
05-06 21:45:13,28.498,4.750,63.495,1.750,0.250,6036504,1081560,153408,826964,552485.459,543973.114,0,2111.837,0,261.980,5594,10640,1.260,1.410,1.320,1,0,0,0,0,25,426,0,64,3
05-06 21:45:14,29.970,4.496,62.937,2.498,0.250,6036448,1081372,153444,827172,545818.636,538263.199,0,2285.712,0,259.740,5386,9588,1.260,1.410,1.320,6,0,0,0,0,25,425,0,68,3
05-06 21:45:15,27.446,4.242,63.875,1.497,0,6036672,1080836,153472,827444,561967.667,555126.063,0,2367.365,0,264.482,5940,11206,1.260,1.410,1.320,6,0,0,0,0,25,426,0,67,3
05-06 21:45:16,29.816,3.508,62.138,2.506,0.251,6036812,1080584,153508,827520,641070.022,633726.676,0,2385.310,0,312.696,5210,8945,1.320,1.420,1.320,1,0,0,0,0,25,426,0,68,3
05-06 21:45:17,28.795,2.504,64.602,2.504,0.250,6036504,1080584,153576,827752,532631.296,526057.963,0,6958.939,0,548.863,5114,8719,1.320,1.420,1.320,1,0,0,0,0,25,426,0,65,3
05-06 21:45:18,33.264,3.501,60.525,1.751,0,6036476,1080552,153604,827784,520847.631,513259.489,8.003,2412.999,2.001,205.085,3984,6547,1.320,1.420,1.320,2,0,0,0,0,25,426,0,67,3
05-06 21:45:19,42.496,4.000,50.246,2.000,0.500,6037156,1079544,153644,828064,827232.340,817738.128,0,1751.855,0,219.982,5171,8905,1.320,1.420,1.320,4,0,0,0,0,25,425,0,66,3
05-06 21:45:20,12.019,1.753,84.634,0.751,0,6038376,1078284,153660,828088,139975.161,133616.113,0,2387.773,0,179.283,2981,5062,1.320,1.420,1.320,1,0,2.003,0,0,25,427,0,72,3
05-06 21:45:21,29.386,4.483,59.270,7.222,0.249,6038544,1077752,153676,828416,554408.006,536709.640,27.892,1848.830,3.985,214.169,4336,8094,1.450,1.450,1.330,1,1,0,0,0,25,428,0,74,3
05-06 21:45:22,38.854,8.021,48.881,2.256,0,6041252,1074560,153708,828864,861211.602,853818.819,0,5398.446,0,450.205,5788,10280,1.450,1.450,1.330,3,0,15.040,0,0,25,429,0,74,3
05-06 21:45:23,33.980,5.247,57.717,2.748,0,6040944,1074744,153748,828928,770683.628,761618.831,0,3529.974,0,296.830,4810,8372,1.450,1.450,1.330,1,0,0,0,0,25,429,0,70,3
05-06 21:45:24,38.190,4.992,53.916,2.246,0,6046924,1068244,153812,829384,526183.471,516122.236,159.750,6945.117,6.989,415.349,4325,7332,1.450,1.450,1.330,3,0,12.980,0,0,25,430,0,70,3
05-06 21:45:25,35.461,17.231,40.206,5.744,0.499,6060524,1043596,153824,840472,389189.006,380527.464,10859.142,1250.634,150.835,100.890,5316,8739,1.450,1.450,1.330,1,0,56.938,0,0,25,430,0,70,3
05-06 21:45:26,22.481,12.490,61.199,0.749,0,6065976,1037368,153828,841200,139933.435,132524.607,359.700,839.301,4.996,69.942,6137,9714,1.500,1.460,1.340,7,0,0.999,0,0,26,430,0,71,3
05-06 21:45:27,51.204,6.275,33.885,7.279,0.251,6085248,1017596,153848,841676,844976.160,837257.447,19697.376,1698.759,697.776,212.847,10413,17985,1.500,1.460,1.340,2,1,0,0,0,26,431,0,74,3
05-06 21:45:28,54.324,17.524,25.785,0.751,0,6053236,1049612,153880,841584,1115856.986,1108146.539,0,4598.231,0,315.427,6824,12240,1.500,1.460,1.340,3,0,66.090,0,0,25,430,0,74,3
05-06 21:45:29,25.394,4.481,65.975,3.237,0.249,6051928,1050360,153916,842216,531493.797,522874.704,239.004,2374.109,11.950,239.004,5147,8856,1.500,1.460,1.340,0,0,0.996,0,0,25,430,0,73,2
05-06 21:45:30,21.546,3.006,71.903,2.004,0,6053108,1049060,153952,842296,477713.530,467548.879,0,5648.030,0,370.790,3861,6337,1.500,1.460,1.340,6,0,2.004,0,0,25,431,0,77,2
05-06 21:45:31,32.534,5.005,56.810,3.003,0.250,6056764,1045092,153988,842568,727022.373,710899.444,0,3043.195,0,324.341,5888,10103,1.460,1.450,1.330,4,0,4.004,0,0,25,430,0,77,2
05-06 21:45:32,35.994,5.249,56.240,1.250,0,6055472,1045392,154032,843500,625750.616,617219.135,0,2835.495,0,226.960,4305,7412,1.460,1.450,1.330,2,0,12.998,0,0,25,430,0,77,2
05-06 21:45:33,43.696,5.493,46.193,0.999,0.250,6084296,1016220,154072,843812,850686.746,839468.701,0,2552.824,0,276.656,5072,8021,1.460,1.450,1.330,4,0,9.988,0,0,25,430,0,77,2
05-06 21:45:34,42.794,15.766,39.540,0.250,0,6074684,1025696,154084,843888,469585.386,461382.995,95.097,1177.204,21.022,75.077,4780,8101,1.460,1.450,1.330,4,0,56.057,0,0,26,430,0,77,2
05-06 21:45:35,31.979,12.492,52.216,1.249,0.500,6084396,1015460,154100,844348,433768.484,426142.434,3464.751,1299.157,147.904,121.921,7890,12007,1.460,1.450,1.330,1,0,5.996,0,0,26,430,0,78,2
05-06 21:45:36,39.316,7.012,46.328,4.758,0,6156288,943528,154128,844360,363967.738,356021.404,15993.838,1169.963,544.914,118.198,8168,13706,1.580,1.470,1.340,3,0,0,0,0,26,431,0,80,2
05-06 21:45:37,51.723,15.492,31.234,0.750,0.250,6060312,1039496,154152,844340,890418.530,882437.720,0,2374.753,0,232.878,6142,10789,1.580,1.470,1.340,4,0,62.967,0,0,25,430,0,81,2
05-06 21:45:38,38.104,8.218,48.563,3.985,0,6058992,1040260,154216,844804,759780.404,752634.872,15.939,14807.082,0.996,937.397,7087,11169,1.580,1.470,1.340,1,0,14.943,0,0,25,430,0,83,2
05-06 21:45:39,16.014,4.754,74.813,1.001,0,6058828,1040340,154224,844880,285588.036,270369.192,0,1997.686,0,138.117,3794,9396,1.580,1.470,1.340,1,0,34.029,0,0,25,431,0,82,2
05-06 21:45:40,26.815,4.762,67.413,0.752,0.251,6058868,1040032,154240,845128,545813.506,536376.641,16.039,1042.526,1.002,86.209,4407,7924,1.580,1.470,1.340,3,0,2.005,0,0,25,434,0,84,2
05-06 21:45:41,14.710,5.236,78.534,0.748,0.249,6050008,1048812,154256,845192,151754.675,127713.787,0,901.521,0,84.767,3664,5603,1.530,1.470,1.340,1,0,7.978,0,0,25,432,0,88,2
05-06 21:45:42,8.751,2.500,88.007,0.250,0.250,6049960,1048696,154260,845344,56389.286,45153.432,0,624.047,0,47.004,2610,4040,1.530,1.470,1.340,1,0,4.000,0,0,25,431,0,90,2
05-06 21:45:43,8.001,3.250,86.763,0.500,0.250,6048180,1049840,154260,845424,62126.443,53174.082,0,800.122,0,54.008,2905,4588,1.530,1.470,1.340,2,0,8.001,0,0,25,432,0,88,2
05-06 21:45:44,8.498,4.999,83.976,1.000,0,6053372,1044588,154260,845448,1212107.701,61354.269,0,451.869,51.985,27.992,4105,5319,1.530,1.470,1.340,0,0,42.988,0,0,25,432,0,90,2
05-06 21:45:45,22.322,6.521,70.227,0.502,0.251,6082944,1014852,154272,845560,217145.248,190544.220,16.052,1051.400,1.003,109.354,4315,8553,1.530,1.470,1.340,2,0,6.019,0,0,25,432,0,92,2
05-06 21:45:46,28.913,5.733,61.315,1.246,0.249,6068732,1015304,167856,845732,25203429.440,11156598.915,13527.135,861.398,105.681,95.711,14426,10646,1.570,1.480,1.340,1,0,0.997,0,0,25,437,0,92,2
05-06 21:45:47,39.110,9.276,50.140,0,0.251,6059896,965844,194488,877236,162248401.524,134577922.182,26574.408,469.314,208.584,29.081,29856,11221,1.570,1.480,1.340,3,0,0,0,0,25,439,0,98,2
05-06 21:45:48,58.721,20.490,17.991,0.250,0,6053544,812512,272188,958976,423040836.154,341963555.712,77658.258,651.683,606.705,51.975,84900,22851,1.570,1.480,1.340,3,0,0,0,0,25,439,0,100,2
05-06 21:45:49,52.249,24.500,20.750,0.750,0,6044964,480976,343228,1222464,369636228.275,295677971.441,71166.577,367.993,555.989,18.000,70214,20982,1.570,1.480,1.340,2,0,0,0,0,25,439,0,101,2
05-06 21:45:50,48.745,16.248,30.497,2.750,0.250,6050464,547280,403268,1090268,302816612.422,240400598.943,59910.309,200432.959,470.955,351.967,58361,15775,1.570,1.480,1.340,4,0,2.000,0,0,25,439,0,101,2
05-06 21:45:51,57.792,19.765,20.765,0,0,6046452,410160,471756,1162652,363551253.620,292050159.817,68694.422,616.452,545.400,70.051,72047,20868,1.690,1.500,1.350,4,1,0,0,0,25,439,0,102,2
05-06 21:45:52,54.002,24.001,20.501,1.250,0.250,6048412,134884,519232,1385236,341851048.297,273403398.153,65686.956,5004.225,518.023,136.006,71178,20065,1.690,1.500,1.350,3,1,2.000,0,0,25,439,0,102,2
05-06 21:45:53,53.996,16.749,22.998,3.250,0,6056284,226820,571216,1235868,356060345.957,281055785.262,72071.171,203518.364,565.962,869.942,75076,18059,1.690,1.500,1.350,3,0,0,0,0,25,439,0,106,2
05-06 21:45:54,54.520,22.008,19.257,3.751,0,6049292,127292,590968,1323008,344392811.948,278687168.565,63135.297,71558.405,495.183,263.097,60184,22411,1.690,1.500,1.350,8,0,0,0,0,25,439,0,100,2
05-06 21:45:55,54.978,17.993,24.490,0.750,0,6057396,139932,611516,1286208,352814444.037,278372954.191,71523.462,35917.669,558.777,101.959,68472,22052,1.690,1.500,1.350,4,0,0,0,0,25,439,0,101,2
05-06 21:45:56,52.193,20.228,24.224,2.497,0.250,6049068,238908,622108,1187140,310028709.735,251152604.813,56650.308,94964.584,444.516,256.720,59860,25940,1.950,1.560,1.370,4,0,0,0,0,25,439,0,99,2
05-06 21:45:57,55.833,23.535,18.277,1.252,0.250,6046460,127548,641612,1282356,370848043.344,296886211.023,71017.461,4274.347,554.824,398.592,70918,21985,1.950,1.560,1.370,2,0,0,0,0,25,439,0,100,2
05-06 21:45:58,51.232,18.993,24.241,1.250,0.250,6045568,128040,661560,1266064,345833450.292,276437651.196,66672.265,111040.470,522.814,219.922,68006,22035,1.950,1.560,1.370,3,0,0,0,0,25,439,0,100,2
05-06 21:45:59,49.750,21.000,24.750,3.000,0,6050688,214776,674436,1163432,339656424.626,269719494.878,67080.268,89880.360,526.002,140.001,67681,22973,1.950,1.560,1.370,4,0,0,0,0,25,439,0,104,2
05-06 21:46:00,52.658,21.213,22.211,1.747,0,6046256,121736,672948,1267288,349835310.207,281528227.602,65808.835,102476.666,515.099,275.518,60223,25477,1.950,1.560,1.370,3,0,1.997,0,0,25,439,0,101,2
05-06 21:46:01,54.790,18.013,26.519,0,0,6046072,128208,679744,1260708,348127801.912,278395883.808,67120.797,244.178,524.381,15.011,61831,23036,2.120,1.600,1.390,3,0,0,0,0,25,439,0,102,2
05-06 21:46:02,52.696,18.731,24.725,2.997,0,6052072,237132,670556,1156880,323620193.023,256671719.518,64334.443,98235.898,506.484,156.840,61534,18857,2.120,1.600,1.390,3,0,0,0,0,25,439,0,105,2
05-06 21:46:03,17.491,7.496,62.217,10.994,0,6059288,788592,106252,1163224,10694794.590,10678099.539,1039.443,48953.761,106.943,122.934,3974,6576,2.120,1.600,1.390,1,1,1.999,0,0,25,434,0,114,2
05-06 21:46:04,17.278,6.761,67.609,7.763,0.751,6054260,790528,106732,1165392,44239.447,36033.194,2427.921,300.485,,18.029,3129,4551,2.120,1.600,1.390,2,0,20.032,0,0,25,434,0,109,2
05-06 21:46:05,17.210,4.240,75.074,0.499,0.249,6049060,795268,106772,1165620,124490.195,101726.553,11.972,933.811,2.993,91.785,3839,6004,2.120,1.600,1.390,1,0,5.986,0,0,25,433,0,112,2
05-06 21:46:06,9.758,2.252,85.568,0.751,0,6049256,794984,106820,1165656,125907.222,117403.453,12.010,684.545,3.002,80.064,3002,4825,2.030,1.590,1.390,2,0,0,0,0,25,437,0,111,2
05-06 21:46:07,19.019,4.004,72.822,2.502,0,6049108,794448,106904,1166208,313687.178,300357.955,40.040,1529.517,10.010,209.208,4658,7943,2.030,1.590,1.390,3,0,0,0,0,25,434,0,131,2
05-06 21:46:08,19.210,2.245,77.590,0.249,0,6047852,795676,106916,1166224,360023.711,346278.014,0,626.710,0,56.883,3106,4970,2.030,1.590,1.390,2,0,0,0,0,25,435,0,130,2
05-06 21:46:09,30.110,3.262,64.234,1.505,0,6047084,796244,107040,1166296,573583.122,564505.105,0,1698.176,0,186.679,4095,6896,2.030,1.590,1.390,1,0,1.004,0,0,25,435,0,135,2
05-06 21:46:10,30.248,3.500,63.746,2.500,0.500,6047136,796016,107164,1166340,514991.615,507590.052,0,3219.810,0,291.983,4839,8262,2.030,1.590,1.390,3,0,2.000,0,0,25,434,0,136,2
05-06 21:46:11,25.518,5.004,63.795,3.502,0.250,6046844,795772,107340,1166692,488056.568,480812.454,64.045,5619.968,4.003,428.302,6120,11460,1.940,1.580,1.380,1,0,0,0,0,25,435,0,137,2
05-06 21:46:12,30.635,2.989,64.507,0.996,0.249,6046448,795772,107488,1166936,645346.045,638466.979,0,2466.701,0,285.922,4391,8241,1.940,1.580,1.380,2,0,0,0,0,25,435,0,138,2
05-06 21:46:13,29.238,2.499,64.724,2.499,0,6046172,795740,107592,1167140,522652.030,514058.433,0,3598.575,0,297.882,4153,7400,1.940,1.580,1.380,1,0,0,0,0,25,435,0,140,2
05-06 21:46:14,29.801,1.753,64.862,1.252,0,6045992,795740,107684,1167224,585427.863,576736.871,0,2175.753,0,208.359,3903,6963,1.940,1.580,1.380,3,1,0,0,0,25,435,0,133,2
05-06 21:46:15,32.944,3.993,60.896,0.749,0.499,6046240,795204,107764,1167428,726388.960,718341.664,0,1517.416,0,137.765,4263,7396,1.940,1.580,1.380,3,0,0,0,0,25,437,0,143,2
05-06 21:46:16,29.512,7.503,57.274,5.252,0.250,6049876,766600,107888,1191936,33273924.774,33265650.307,8039.368,18991.958,64.027,367.154,5743,10861,2.190,1.640,1.400,1,0,2.001,0,0,25,433,0,152,2
05-06 21:46:17,24.760,5.502,66.527,2.251,0,6058380,757984,107984,1191936,84800.090,75073.179,152.061,4285.723,2.001,266.107,2991,4835,2.190,1.640,1.400,2,0,6.002,0,0,25,433,0,155,2
05-06 21:46:18,22.731,6.245,69.443,0.749,0,6048768,767032,108012,1192456,93928.354,76213.810,79.935,1474.797,3.997,112.908,3091,4855,2.190,1.640,1.400,4,0,10.991,0,0,25,434,0,154,2
05-06 21:46:19,14.248,1.750,83.987,0.250,0.250,6048720,767032,108036,1192480,97904.629,73555.452,0,563.911,0,38.994,2819,4218,2.190,1.640,1.400,0,0,0,0,0,25,434,0,155,2
05-06 21:46:20,6.250,1.750,90.243,0,0,6049308,766244,108068,1192644,51839.905,40812.776,0,479.962,0,26.998,2271,3556,2.190,1.640,1.400,0,0,6.000,0,0,25,433,0,154,2
05-06 21:46:21,7.019,3.008,88.991,0.501,0.501,6048984,766520,108076,1192660,45330.756,37864.537,4.011,509.379,1.003,32.087,2334,3869,2.090,1.630,1.400,0,0,8.022,0,0,25,434,0,154,2
05-06 21:46:22,11.470,12.966,68.572,5.735,0.249,6054728,746120,110380,1204376,1190325.866,88520.643,6391.440,1041.302,171.555,184.522,6509,8799,2.090,1.630,1.400,0,0,43.886,0,0,25,434,0,146,2
05-06 21:46:23,19.772,5.756,72.580,1.502,0,6054084,746700,110412,1204408,111510.215,84648.775,44.048,652.715,4.004,59.065,2653,4130,2.090,1.630,1.400,1,0,7.008,0,0,25,434,0,148,2
05-06 21:46:24,24.050,7.265,69.645,0,0.251,6070472,730228,110424,1204444,45434.868,38512.414,0,284.594,0,20.042,2160,3312,2.090,1.630,1.400,1,1,9.019,0,0,25,434,0,149,2
05-06 21:46:25,25.150,5.976,62.501,4.233,0,6090316,709256,111488,1204472,2461338.335,7284144.389,2115.582,1050822.776,104.584,194.227,7089,6216,2.090,1.630,1.400,0,1,26.893,0,0,25,434,0,149,2
05-06 21:46:26,28.873,8.536,56.490,5.272,0,6084248,716284,110488,1204484,2761747.234,10674599.421,2308.824,11938.800,114.487,233.996,10174,9160,2.010,1.610,1.400,1,0,43.184,0,0,25,434,0,148,2
05-06 21:46:27,13.209,5.234,79.503,0.249,0.498,6055796,744680,110488,1204504,77083.655,59582.995,0,307.047,,,3101,4939,2.010,1.610,1.400,0,0,21.932,0,0,25,434,0,149,2
05-06 21:46:28,11.031,2.758,83.985,1.003,0,6056672,759896,110528,1188724,134430.001,125134.000,0,942.637,0,115.323,3081,5325,2.010,1.610,1.400,1,0,0,0,0,25,434,0,149,2
05-06 21:46:29,17.698,3.988,75.778,0.997,0.249,6055688,760540,110580,1188972,261432.265,241782.818,0,1009.045,0,130.617,3690,6100,2.010,1.610,1.400,0,0,6.980,0,0,25,432,0,147,2
05-06 21:46:30,10.253,3.001,86.776,0.250,0.250,6050952,765076,110584,1189132,73449.402,51083.580,0,452.138,0,28.009,2432,3714,2.010,1.610,1.400,2,0,6.002,0,0,25,431,0,147,2
05-06 21:46:31,4.746,1.749,88.178,2.748,0,6049372,766632,110600,1189140,23269.012,15716.176,0,8876.757,0,643.475,3209,3530,1.930,1.600,1.400,1,0,7.993,0,0,25,432,0,143,2
05-06 21:46:32,10.003,6.752,78.023,3.001,0.250,6054672,760912,110672,1189416,2478349.635,94633.822,228.067,484.142,121.036,31.009,5502,6545,1.930,1.600,1.400,0,0,73.021,0,0,25,432,0,143,2
05-06 21:46:33,11.299,3.013,83.866,0.251,0.251,6072296,743156,110696,1189504,32028.741,24083.074,0,502.191,0,39.171,2161,3546,1.930,1.600,1.400,1,0,3.013,0,0,25,432,0,142,2
05-06 21:46:34,17.207,4.988,64.838,8.229,0.249,6100012,666360,159372,1189884,49584306.481,789461.977,45976.920,1276.804,38.903,80.798,24101,5322,1.930,1.600,1.400,1,1,0.998,0,0,25,436,0,147,2
05-06 21:46:35,29.972,2.498,63.442,2.248,0,6130940,628228,163228,1193228,5297265.516,65509.731,8935.779,623.426,29.972,61.943,3664,4167,1.930,1.600,1.400,2,0,3.996,0,0,25,436,0,150,2
05-06 21:46:36,23.504,8.001,55.259,9.252,0,6127064,565112,214456,1208596,84988494.032,32246921.224,51220.759,17006.908,43.007,262.045,20934,5655,1.930,1.610,1.400,1,0,1.000,0,0,25,436,0,153,2
05-06 21:46:37,22.986,2.498,67.209,7.745,0,6154280,494896,257988,1207936,44001749.924,494427.927,42230.029,443.727,36.977,27.983,11882,3837,1.930,1.610,1.400,1,0,0,0,0,25,436,0,149,2
05-06 21:46:38,26.244,2.749,64.735,4.999,0,6129036,493144,284888,1208016,28010381.591,491159.051,25602.060,571.867,21.995,57.987,12437,4414,1.930,1.610,1.400,0,1,0,0,0,25,436,0,151,2
05-06 21:46:39,29.046,5.509,58.594,5.759,0,6124412,465492,316900,1208144,34530841.346,294318.910,34619.391,292.468,28.045,17.027,8896,5881,1.930,1.610,1.400,1,0,32.051,0,0,25,436,0,149,2
05-06 21:46:40,23.220,4.994,61.420,7.990,0.499,6102996,435560,368112,1208180,53917093.447,996971.924,51141.720,363.529,41.946,27.964,30397,4408,1.930,1.610,1.400,1,0,3.995,0,0,25,436,0,152,2
05-06 21:46:41,20.063,3.260,67.462,8.025,0,6103264,383864,419328,1208232,53569540.064,702752.752,51373.467,505.589,43.136,31.098,15527,3509,1.860,1.600,1.400,2,0,0,0,0,25,436,0,145,2
05-06 21:46:42,22.699,3.991,62.609,7.733,0.499,6103016,332736,470544,1208308,53984376.107,1078122.459,51097.185,403.094,42.904,39.910,30880,3998,1.860,1.600,1.400,1,0,0,0,0,25,436,0,147,2
05-06 21:46:43,23.480,3.747,62.446,8.243,0,6145504,245188,515388,1208380,45506243.100,1211341.190,42215.484,3341.110,35.969,221.808,45431,5272,1.860,1.600,1.400,0,1,0,0,0,25,436,0,146,2
05-06 21:46:44,26.183,1.995,65.332,3.990,0,6122372,239948,543556,1208536,31034540.094,862595.679,28099.671,390.994,24.936,23.938,28349,3801,1.860,1.600,1.400,1,1,0,0,0,25,436,0,148,2
05-06 21:46:45,29.164,3.771,60.843,5.783,0,6102276,230256,573024,1208720,32790376.562,688316.351,32193.442,699.945,28.159,66.374,16757,7907,1.860,1.600,1.400,2,0,0,0,0,25,436,0,146,2
05-06 21:46:46,19.943,2.991,66.558,8.226,0,6102260,178940,624256,1208708,53089226.759,638762.448,51064.780,646.137,42.876,72.790,16763,5349,1.790,1.590,1.390,2,0,0,0,0,25,436,0,148,2
05-06 21:46:47,18.740,3.748,64.215,8.745,0,6102936,209100,637132,1167012,54124476.036,1021764.117,51176.058,247.865,40.978,17.990,38017,3456,1.790,1.590,1.390,1,0,0,0,0,25,436,0,145,2
05-06 21:46:48,20.070,3.512,65.731,7.526,0,6103952,176548,678940,1156736,53645486.722,739487.382,51392.233,618.168,43.151,64.225,19062,4874,1.790,1.590,1.390,1,0,0,0,0,25,436,0,150,2
05-06 21:46:49,21.752,4.000,63.755,8.001,0.250,6104260,207336,689004,1117384,54775071.030,1365584.957,51219.637,392.028,44.003,27.002,49799,3541,1.790,1.590,1.390,4,0,0,0,0,25,436,0,144,2
05-06 21:46:50,24.683,1.995,66.070,3.740,0.249,6127372,158464,714620,1117480,25335066.619,742762.685,22985.479,335.089,19.946,28.921,20785,3465,1.790,1.590,1.390,0,1,1.995,0,0,25,436,0,146,2
05-06 21:46:51,23.485,2.498,66.956,4.747,0.250,6106072,192240,722268,1098772,30666276.258,508002.718,29432.575,283.813,25.983,22.985,13790,3510,1.720,1.580,1.390,0,1,0,0,0,25,436,0,145,2
05-06 21:46:52,23.304,4.009,63.145,7.768,0.251,6106036,186100,747388,1080596,51747986.361,670059.818,50219.706,1868.305,85.196,318.734,17794,6511,1.720,1.580,1.390,1,0,0,0,0,25,436,0,147,2
05-06 21:46:53,18.760,4.252,64.533,7.754,0,6102840,178768,775564,1063928,53948669.822,900495.253,51226.125,96.049,40.020,12.006,31392,3715,1.720,1.580,1.390,5,0,0,0,0,25,437,0,142,2
05-06 21:46:54,19.939,3.738,62.557,9.720,0,6104460,170836,802120,1044240,53899539.419,1015845.197,51054.751,5586.793,42.868,548.311,29820,3692,1.720,1.580,1.390,2,0,0,0,0,25,436,0,144,2
05-06 21:46:55,26.678,4.488,60.836,5.485,0,6143852,125408,824676,1028012,44232462.422,1239568.208,40865.500,554.501,35.903,54.852,27372,4226,1.720,1.580,1.390,1,0,0,0,0,25,436,0,144,2
05-06 21:46:56,28.755,3.223,64.946,2.479,0.248,6109000,157768,834428,1020916,18114956.878,432581.808,16511.225,666.319,15.865,81.307,10822,5150,1.670,1.570,1.390,1,1,0,0,0,25,436,0,146,2
05-06 21:46:57,23.519,3.540,62.211,6.069,0.253,6103520,177172,845876,996052,47608752.212,1270897.546,45317.847,202.312,35.405,14.162,36691,3305,1.670,1.570,1.390,4,0,0,0,0,25,436,0,142,2
05-06 21:46:58,22.772,4.755,62.060,8.258,0.250,6104104,177880,867160,973756,54112836.677,1032126.227,51257.823,468.455,42.041,44.043,33802,4298,1.670,1.570,1.390,4,0,0,0,0,25,436,0,144,2
05-06 21:46:59,25.022,3.003,64.807,4.254,0,6055476,203044,888956,975292,29975415.218,5606341.218,23368.705,3170.809,32.028,70.062,22389,4405,1.670,1.570,1.390,1,0,0,0,0,25,438,0,145,2
05-06 21:47:00,20.267,9.258,67.307,3.253,0.250,6058076,996904,93832,976080,42721.142,33798.594,612.518,424.359,,43.036,3149,5354,1.670,1.570,1.390,3,0,27.023,0,0,25,436,0,147,2
05-06 21:47:01,12.211,2.741,81.987,0.748,0,6057632,995928,93840,977408,131251.420,112924.287,398.719,402.707,22.926,35.885,2863,4396,1.530,1.540,1.380,0,0,4.984,0,0,25,435,0,146,2
05-06 21:47:02,19.047,3.007,74.937,2.506,0.251,6057788,995188,93912,977920,336404.985,325293.306,144.360,1082.697,8.020,132.330,3859,6599,1.530,1.540,1.380,3,0,0,0,0,25,436,0,147,2
05-06 21:47:03,15.481,3.745,78.404,1.748,0.499,6057448,995508,93948,977888,158203.884,138150.489,123.848,563.309,6.991,63.922,3168,5370,1.530,1.540,1.380,3,0,6.991,0,0,25,434,0,138,2
05-06 21:47:04,11.736,1.998,84.147,0.250,0,6055072,997468,93948,978236,79501.372,60563.628,0,279.657,0,17.978,2624,4136,1.530,1.540,1.380,0,0,3.995,0,0,25,433,0,138,2
05-06 21:47:05,6.013,3.507,88.184,1.002,0,6053624,998780,93980,978340,41529.506,34150.135,8.017,657.369,2.004,73.152,2481,4697,1.530,1.540,1.380,0,0,8.017,0,0,25,436,0,138,2
05-06 21:47:06,6.463,2.486,87.501,1.243,0.249,6059756,992452,94008,978508,41936.709,34918.754,31.818,620.460,0.994,64.631,2689,4469,1.410,1.520,1.370,15,0,7.955,0,0,25,436,0,138,2
05-06 21:47:07,7.278,5.270,81.561,3.764,0.251,6063608,984776,94076,982208,1175930.768,58028.916,3521.406,4232.112,111.424,255.974,4759,6168,1.410,1.520,1.370,0,0,35.134,0,0,25,434,0,116,4
05-06 21:47:08,29.110,6.776,62.487,0,0.502,6056676,990936,94092,982924,92944.259,85296.273,48.183,277.050,2.008,32.122,2704,5601,1.410,1.520,1.370,1,0,4.015,0,0,25,436,0,119,4
05-06 21:47:09,16.950,8.225,66.302,6.481,0,6109736,902264,128920,982880,32325113.487,64211464.049,0,31857.098,0,21.935,6697,5483,1.410,1.520,1.370,2,0,0,0,0,25,436,0,117,4
05-06 21:47:10,20.253,9.251,68.509,1.750,0,6106064,900492,134040,983016,533877.472,8788240.048,0,8273.092,0,14.002,3399,3788,1.410,1.520,1.370,1,0,2.000,0,0,25,436,0,120,4
05-06 21:47:11,23.020,7.506,68.809,0,0,6103768,902312,134040,983492,379911.864,370111.406,60.052,0,4.003,0,2316,3743,1.380,1.510,1.370,1,0,0,0,0,25,436,0,123,4
05-06 21:47:12,21.728,8.491,68.431,0.499,0,6082572,923448,134052,983540,491081.463,483299.284,15.984,187.811,0.999,24.975,2658,4530,1.380,1.510,1.370,5,0,0,0,0,25,436,0,122,4
05-06 21:47:13,20.257,8.753,69.273,0,0,6052676,953296,134056,983584,367618.476,359378.798,0,308.100,0,26.008,2637,4086,1.380,1.510,1.370,2,0,0,0,0,25,437,0,125,4
05-06 21:47:14,21.497,8.999,69.492,0.250,0.250,6079620,926188,134060,983744,491860.469,484194.381,0,223.973,0,14.998,2374,3657,1.380,1.510,1.370,1,0,0,0,0,25,436,0,126,4
05-06 21:47:15,23.067,10.781,62.682,2.758,0.251,6077872,968068,94268,984264,2711141.176,359092.290,2550.388,1203.487,128.372,189.549,6373,7662,1.380,1.510,1.370,8,0,26.076,0,0,25,438,0,128,4
05-06 21:47:16,22.685,8.227,66.809,0.499,0.249,6056080,989784,94280,984504,165192.376,81332.795,0,749.859,,60.826,4444,7276,1.350,1.500,1.370,0,0,39.886,0,0,25,438,0,118,4
05-06 21:47:17,9.988,1.249,85.898,0.499,0.250,6056156,989564,94304,984624,106599.786,92035.031,83.901,487.423,9.988,44.947,2719,4099,1.350,1.500,1.370,0,0,0,0,0,25,437,0,118,4
05-06 21:47:18,16.755,2.751,76.271,1.750,0,6055680,989564,94360,985044,298065.458,276520.426,116.032,1052.295,8.002,122.034,3937,6222,1.350,1.500,1.370,2,0,0,0,0,25,437,0,108,4
05-06 21:47:19,20.029,3.505,74.356,1.502,0,6053488,990804,94464,985892,240827.939,232323.829,160.228,1418.019,40.057,188.268,3978,7025,1.350,1.500,1.370,1,0,0,0,0,25,436,0,151,4
05-06 21:47:20,14.260,2.752,79.554,1.751,0.500,6053244,990872,94580,985952,255564.551,244453.962,48.033,1180.806,12.008,155.106,3790,6784,1.350,1.500,1.370,1,1,2.001,0,0,25,437,0,157,4
05-06 21:47:21,13.227,2.246,77.865,4.243,0.250,6052988,990588,94668,986404,207546.077,184132.793,79.861,1189.931,7.986,151.736,3807,6196,1.320,1.490,1.370,3,0,0,0,0,25,437,0,157,4
05-06 21:47:22,15.492,3.748,75.962,4.498,0,6052732,990304,94848,986760,175902.104,169439.297,299.852,2682.675,74.963,526.740,5236,9547,1.320,1.490,1.370,1,0,0,0,0,25,437,0,158,4
05-06 21:47:23,16.746,2.999,73.731,2.999,0.250,6051928,990256,94924,987516,319069.680,298231.056,35.991,975.748,1.999,119.969,3743,5858,1.320,1.490,1.370,1,0,6.998,0,0,25,436,0,160,4
05-06 21:47:24,9.251,3.500,84.508,2.250,0,6053568,988240,95136,987676,61633.609,46576.238,0,5008.456,0,320.029,3246,5081,1.320,1.490,1.370,0,0,4.000,0,0,25,435,0,158,4
05-06 21:47:25,6.498,2.499,86.719,2.249,0.500,6053616,988128,95164,987708,39585.066,31592.879,15.994,10012.476,1.000,596.790,3721,4478,1.320,1.490,1.370,0,0,7.997,0,0,25,438,0,158,4
05-06 21:47:26,10.013,5.257,82.353,1.752,0,6057120,984564,95200,987736,1191447.117,81867.252,16.020,544.680,53.066,62.078,4832,6563,1.290,1.480,1.360,0,0,42.053,0,0,25,438,0,157,4
05-06 21:47:27,9.277,2.507,86.754,0,0,6072636,968932,95200,987788,31543.296,22044.502,40.117,208.610,6.018,13.038,1936,3002,1.290,1.480,1.360,1,0,3.009,0,0,25,438,0,157,4
05-06 21:47:28,17.938,5.730,64.029,6.228,0,6107056,881684,147720,988060,56024524.342,1393963.040,52339.325,526.184,44.845,52.818,56436,4589,1.290,1.480,1.360,2,0,0.997,0,0,25,440,0,159,4
05-06 21:47:29,28.083,1.003,66.949,2.758,0.251,6119532,853704,163100,988152,15489951.626,504765.668,12850.204,320.954,13.039,24.072,12600,3471,1.290,1.480,1.360,0,1,0,0,0,25,440,0,162,4
05-06 21:47:30,20.446,3.989,66.823,6.732,0,6105540,831504,198960,988404,38440486.069,569350.804,38314.237,1767.306,33.910,175.534,16374,3694,1.290,1.480,1.360,1,0,1.995,0,0,25,440,0,163,4
05-06 21:47:31,15.979,3.246,66.910,9.238,0.250,6105836,779824,250192,988444,53342014.674,636337.399,51147.309,247.667,40.945,19.973,23047,3516,1.270,1.480,1.360,5,0,0,0,0,25,440,0,163,4
05-06 21:47:32,19.012,4.003,66.042,8.756,0.250,6105256,729124,301404,988476,54432529.494,1071136.816,51244.284,296.187,43.027,24.015,34033,3550,1.270,1.480,1.360,1,0,0,0,0,25,440,0,166,4
05-06 21:47:33,19.512,3.752,65.791,7.505,0,6148692,640552,346232,988688,45096388.857,716189.754,42278.255,432.268,36.022,40.025,17508,4076,1.270,1.480,1.360,0,1,0,0,0,25,440,0,168,4
05-06 21:47:34,26.463,1.748,67.157,2.746,0,6114744,656560,364164,988680,18714877.605,507849.581,17899.102,371.483,14.979,30.957,10051,3307,1.270,1.480,1.360,0,1,0,0,0,25,440,0,166,4
05-06 21:47:35,20.527,3.505,65.335,7.510,0.250,6105908,625428,403916,988760,43591664.898,536301.482,42327.364,744.974,41.054,87.114,12524,4332,1.270,1.480,1.360,5,0,0,0,0,25,440,0,173,4
05-06 21:47:36,20.742,4.248,61.975,7.997,0,6104292,575684,455168,988756,54524391.341,1204182.144,51227.714,543.785,42.983,62.975,44223,4807,1.250,1.470,1.360,3,0,0,0,0,25,440,0,167,4
05-06 21:47:37,20.499,3.500,63.747,8.000,0,6105692,522764,506396,988904,54418457.425,1199842.607,51213.849,295.988,43.998,21.999,42001,3432,1.250,1.470,1.360,2,0,0,0,0,25,440,0,169,4
05-06 21:47:38,25.602,4.267,58.986,8.032,0,6116468,459452,557616,990092,54894578.737,1340307.870,51417.464,361.444,43.173,31.124,47267,4341,1.250,1.470,1.360,2,0,3.012,0,0,25,440,0,169,4
05-06 21:47:39,24.146,3.983,61.235,7.966,0,6162808,364336,606268,990152,50302909.311,1361685.985,45897.402,342.518,39.828,19.914,46783,4300,1.250,1.470,1.360,0,1,0,0,0,25,440,0,171,4
05-06 21:47:40,32.257,7.001,55.012,5.501,0.500,6144364,350356,639564,989232,35567147.101,639843.367,34579.262,304.064,30.006,20.004,20055,11779,1.250,1.470,1.360,1,0,37.008,0,0,25,440,0,169,4
05-06 21:47:41,22.018,2.502,68.555,5.504,0,6127776,330884,675420,989324,37999458.562,760626.347,35885.031,276.223,32.026,29.023,24224,3981,1.150,1.440,1.350,1,0,0,0,0,25,440,0,172,4
05-06 21:47:42,20.735,2.248,66.453,6.995,0,6116236,301392,716404,989260,42501697.788,649187.480,39667.677,371.735,34.975,31.977,18806,3999,1.150,1.440,1.350,0,1,0,0,0,25,440,0,170,4
05-06 21:47:43,19.258,2.751,66.527,8.754,0,6113884,257368,762532,989396,49376738.709,601585.447,48671.858,428.175,41.017,41.017,17247,4284,1.150,1.440,1.350,3,0,0,0,0,25,440,0,172,4
05-06 21:47:44,26.813,4.511,57.135,9.021,0.251,6108100,211652,813736,989564,54676421.384,1209128.170,51321.272,168.398,40.095,11.026,41582,3512,1.150,1.440,1.350,4,0,0,0,0,25,440,0,168,4
05-06 21:47:45,20.460,3.743,63.375,8.483,0,6109648,200724,841472,971928,53773932.483,950745.278,51115.048,1081.863,43.913,71.858,23788,4467,1.150,1.440,1.350,2,0,0,0,0,25,440,0,170,4
05-06 21:47:46,22.298,4.259,60.631,10.272,0,6107880,176928,877252,961760,54563382.159,1258448.282,51323.063,4962.739,43.093,590.277,44816,5269,1.130,1.430,1.350,1,0,0,0,0,25,440,0,170,4
05-06 21:47:47,23.715,5.492,62.159,6.241,0.250,6142948,127308,900820,952860,38459682.026,615854.389,35807.578,1362.006,32.952,203.702,15920,6325,1.130,1.430,1.350,3,1,0,0,0,25,441,0,174,4
05-06 21:47:48,25.999,3.500,63.498,4.750,0,6120956,152080,910996,940116,32188623.775,792342.853,30766.985,463.985,28.999,41.999,23786,3971,1.130,1.430,1.350,0,1,0,0,0,25,440,0,172,4
05-06 21:47:49,23.221,2.996,66.918,5.244,0.250,6106744,187648,911024,919000,37051841.132,606614.651,35811.880,1773.815,31.961,234.711,18614,3431,1.130,1.430,1.350,2,0,0,0,0,25,440,0,174,4
05-06 21:47:50,19.997,4.999,63.740,7.999,0.250,6106828,186592,931052,900204,54081978.621,1009813.518,51204.268,135.979,41.994,8.999,34257,3528,1.130,1.430,1.350,2,0,2.000,0,0,25,440,0,170,4
05-06 21:47:51,18.253,5.001,62.760,9.252,0,6108096,201908,939808,875104,54886074.316,1225802.032,51228.401,428.070,45.007,37.006,28347,3798,1.120,1.430,1.350,4,0,0,0,0,25,440,0,172,4
05-06 21:47:52,24.828,2.006,61.444,7.524,0.251,6079740,206452,963224,875432,25156261.536,752583.142,23453.927,926.922,40.126,149.471,24625,4860,1.120,1.430,1.350,2,1,0,0,0,25,440,0,174,4
05-06 21:47:53,19.260,7.754,59.530,13.757,0,6069332,1084160,95108,878340,4895797.315,4888972.931,516.256,4430.197,87.043,401.199,4239,7962,1.120,1.430,1.350,0,1,3.001,0,0,25,440,0,175,4
05-06 21:47:54,15.958,4.738,66.077,11.221,0,6059484,1093208,95220,878964,57975.813,49414.287,450.817,3155.716,,191.497,3114,5188,1.120,1.430,1.350,1,0,24.935,0,0,25,439,0,176,4
05-06 21:47:55,12.225,1.996,82.081,1.996,0.499,6059244,1092860,95272,879500,120924.533,97530.794,0,510.946,0,56.883,3082,4834,1.120,1.430,1.350,0,0,0,0,0,25,439,0,176,4
05-06 21:47:56,20.033,2.754,70.114,5.509,0,6059040,1092324,95408,880104,392694.091,377205.846,64.104,1001.633,3.005,134.219,3779,6664,1.110,1.420,1.350,0,0,0,0,0,25,441,0,177,4
05-06 21:47:57,9.740,3.996,80.666,3.996,0.250,6057160,1093976,95480,880260,128491.626,116409.167,39.959,747.224,2.997,83.913,2987,5034,1.110,1.420,1.350,0,0,6.993,0,0,25,435,0,175,4
05-06 21:47:58,13.286,1.504,82.476,1.504,0,6056712,1094340,95528,880296,85263.280,62577.211,0,481.317,0,47.129,2941,4472,1.110,1.420,1.350,1,0,0,0,0,25,435,0,175,5
05-06 21:47:59,5.486,1.496,90.273,0.249,0.249,6056228,1094592,95528,880532,43568.425,35830.885,211.468,267.328,7.980,16.957,2144,3515,1.110,1.420,1.350,0,0,3.990,0,0,25,435,0,173,4
05-06 21:48:00,6.267,2.256,90.238,0.251,0,6056368,1094072,95540,880900,30965.687,21852.647,0,260.688,0,16.042,2248,3841,1.110,1.420,1.350,0,0,10.026,0,0,25,434,0,173,6
05-06 21:48:01,6.232,5.484,80.518,5.235,0,6062028,1086760,95560,882200,1134409.631,43528.551,1252.391,311.103,89.741,17.948,3613,5143,1.020,1.400,1.340,0,1,43.874,0,0,25,434,0,164,6
05-06 21:48:02,21.030,5.007,72.855,1.502,0.250,6075880,1072200,95584,882884,213614.819,206807.009,136.196,1153.662,10.014,55.079,2888,5146,1.020,1.400,1.340,1,0,4.006,0,0,25,438,0,169,6
05-06 21:48:03,24.066,7.521,66.433,0.501,0,6104040,1043956,95612,882940,405910.908,390407.133,16.044,320.885,1.003,26.072,2589,3897,1.020,1.400,1.340,1,0,0,0,0,25,438,0,171,6
05-06 21:48:04,22.117,7.704,69.582,0.249,0.249,6089948,1057840,95620,883140,481126.796,473524.433,55.666,226.639,3.976,11.928,2285,3574,1.020,1.400,1.340,3,0,0,0,0,25,439,0,173,6
05-06 21:48:05,23.131,8.297,65.872,1.760,0,6055964,1091708,95684,883192,462333.107,453275.915,4.023,587.320,1.006,70.398,2750,4493,1.020,1.400,1.340,5,0,0,0,0,25,438,0,177,6
05-06 21:48:06,22.960,8.485,66.883,1.497,0,6056688,1090636,95748,883476,460288.178,451672.187,0,594.964,0,71.875,3058,5197,1.020,1.390,1.340,3,0,0,0,0,25,439,0,180,7
05-06 21:48:07,20.732,9.492,68.941,0.250,0.250,6064768,1082512,95764,883504,606846.966,586470.327,0,203.826,0,12.989,2328,3695,1.020,1.390,1.340,2,0,0,0,0,25,438,0,182,6
05-06 21:48:08,24.770,7.006,65.554,2.002,0.250,6059284,1087624,95804,883836,1251140.191,147240.473,1108.915,460.380,57.047,49.040,3755,4859,1.020,1.390,1.340,1,0,19.016,0,0,25,438,0,183,6
05-06 21:48:09,12.018,2.504,81.874,1.002,0,6059380,1087672,95860,883760,163020.650,143773.529,40.061,440.667,,40.061,3226,5126,1.020,1.390,1.340,1,0,15.023,0,0,25,437,0,179,5
05-06 21:48:10,17.245,2.749,75.228,3.749,0.250,6063308,1083304,95960,884084,297763.267,277282.370,79.976,931.722,7.998,111.967,3627,6265,1.020,1.390,1.340,2,0,1.999,0,0,25,437,0,179,5
05-06 21:48:11,15.227,3.744,74.636,5.492,0,6063124,1083028,96052,884448,186927.748,178627.415,103.842,894.635,25.960,120.816,3702,6288,1.100,1.400,1.340,1,0,0,0,0,25,437,0,197,5
05-06 21:48:12,17.963,4.241,69.857,5.489,0.249,6056832,1088624,96192,885004,141036.452,131081.889,115.762,1297.337,28.941,184.621,4026,7154,1.100,1.400,1.340,1,0,0,0,0,25,439,0,223,5
05-06 21:48:13,9.500,2.250,83.496,2.250,0,6056320,1088896,96348,885088,175184.766,167244.140,91.996,5103.760,7.000,356.983,3715,6341,1.100,1.400,1.340,2,0,0,0,0,25,439,0,216,5
05-06 21:48:14,15.780,2.755,77.650,3.507,0,6056296,1088644,96404,885308,311110.822,297595.765,0,521.004,0,57.110,3210,5290,1.100,1.400,1.340,1,0,0,0,0,25,441,0,217,5
05-06 21:48:15,29.450,3.744,60.398,4.492,0.250,6055832,1088836,96560,885420,561916.171,553862.741,79.865,1170.029,3.993,147.751,4040,6665,1.100,1.400,1.340,2,0,0.998,0,0,25,439,0,212,7
05-06 21:48:16,32.049,3.756,57.588,5.759,0,6055380,1088896,96728,885644,618476.361,611079.006,48.074,2259.468,2.003,257.395,5575,9531,1.170,1.410,1.340,3,0,0,0,0,25,439,0,219,7
05-06 21:48:17,25.266,4.503,64.291,3.502,0.250,6055180,1088612,96880,885976,519644.651,512125.809,16.010,2609.681,1.001,228.147,5340,9771,1.170,1.410,1.340,3,0,0,0,0,25,439,0,219,7
05-06 21:48:18,19.436,3.239,68.026,7.974,0.249,6055292,1088108,97056,886192,336796.592,329062.070,0,2579.503,0,255.160,4528,7760,1.170,1.410,1.340,0,0,0,0,0,25,437,0,223,7
05-06 21:48:19,14.055,4.016,71.781,9.286,0,6054956,1088296,97152,886244,267867.630,257881.575,0,11846.331,0,775.031,4179,5937,1.170,1.410,1.340,0,1,7.027,0,0,25,431,0,208,7
05-06 21:48:20,10.987,2.747,83.401,0.749,0,6054900,1088180,97188,886380,92521.177,68419.786,0,659.218,0,48.942,2969,4453,1.170,1.410,1.340,2,0,3.995,0,0,25,429,0,208,7
05-06 21:48:21,4.244,1.498,90.112,1.248,0.250,6054648,1088232,97196,886536,35003.550,15707.015,3.994,758.841,0.998,44.931,2248,3397,1.080,1.390,1.340,0,0,1.997,0,0,25,427,0,173,7
05-06 21:48:22,4.754,2.252,92.336,0.250,0.250,6056328,1086524,97212,886548,24501.811,17007.834,0,324.302,0,19.018,2156,3600,1.080,1.390,1.340,0,0,8.007,0,0,25,427,0,173,7
05-06 21:48:23,9.987,7.490,71.656,9.238,0,6062720,1079728,97292,886840,1180155.897,74679.543,327.573,2065.305,124.837,409.466,6226,9222,1.080,1.390,1.340,0,1,43.943,0,0,25,427,0,169,7
05-06 21:48:24,21.587,6.526,65.765,5.773,0,6066400,1069412,103768,886996,5019387.033,241851.452,3984.036,4478.024,32.129,381.536,8285,7184,1.080,1.390,1.340,0,1,4.016,0,0,25,431,0,175,7
05-06 21:48:25,20.680,3.239,63.035,11.461,0,6111740,977692,149856,887252,50324087.482,658832.675,48474.943,1375.317,37.871,173.410,19548,4679,1.080,1.390,1.340,2,0,0,0,0,25,431,0,175,7
05-06 21:48:26,25.038,4.006,58.588,11.017,0,6111156,926968,201108,887292,54890489.735,1426075.113,51288.933,1001.502,43.065,106.159,50271,5873,1.070,1.380,1.340,4,0,0,0,0,25,431,0,178,7
05-06 21:48:27,20.553,3.008,64.667,9.274,0.501,6146060,854752,238264,887384,37968572.950,626704.270,36000.846,701.810,35.090,59.153,14898,4211,1.070,1.380,1.340,3,0,0,0,0,25,431,0,180,7
05-06 21:48:28,25.736,2.499,63.215,6.746,0,6122412,847500,268992,887492,31694513.018,866601.369,29435.810,635.650,25.986,52.971,26332,3993,1.070,1.380,1.340,0,1,0,0,0,25,431,0,182,7
05-06 21:48:29,21.108,1.987,68.043,6.705,0,6108380,826840,303552,887524,38452529.360,658497.870,36884.249,433.091,31.786,24.833,21461,3447,1.070,1.380,1.340,2,0,0,0,0,25,431,0,177,7
05-06 21:48:30,21.019,2.752,64.057,8.007,0,6107732,776096,354756,887584,54544595.324,1192201.636,51245.762,268.240,40.036,13.012,40959,3563,1.070,1.380,1.340,3,0,2.002,0,0,25,431,0,178,7
05-06 21:48:31,21.322,3.512,60.957,9.281,0.251,6109548,722960,405964,887616,55055220.086,1453922.891,51390.110,421.428,44.150,29.099,43761,3722,1.070,1.370,1.330,1,0,0,0,0,25,431,0,177,7
05-06 21:48:32,17.800,3.259,66.185,9.276,0,6109276,671836,457172,887644,54023309.243,889407.451,51355.745,1427.997,43.121,51.143,25785,3528,1.070,1.370,1.330,1,0,0,0,0,25,431,0,179,7
05-06 21:48:33,19.978,1.998,68.923,5.244,0,6142532,602608,493032,887672,37626659.648,883795.684,34529.465,395.559,28.968,33.962,21527,3682,1.070,1.370,1.330,0,1,0,0,0,25,431,0,176,7
05-06 21:48:34,24.997,1.750,68.742,3.750,0,6112552,610672,514816,887740,22545314.108,663450.049,20485.562,355.958,17.998,26.997,17683,3339,1.070,1.370,1.330,0,1,0,0,0,25,431,0,178,7
05-06 21:48:35,20.209,3.243,62.623,8.483,0,6107696,570496,559644,887832,48384759.937,738179.496,47280.022,542.898,40.917,58.880,18000,4236,1.070,1.370,1.330,3,2,0,0,0,25,431,0,185,7
05-06 21:48:36,24.331,5.017,61.204,8.779,0,6107632,519176,610872,887892,54753211.428,1098848.672,51402.915,726.415,45.150,99.330,27787,5033,1.060,1.370,1.330,2,0,0,0,0,25,431,0,175,7
05-06 21:48:37,21.006,4.251,61.517,8.502,0.500,6108528,466832,662072,888024,54716064.930,1284592.255,51306.468,348.098,46.013,32.009,36376,4037,1.060,1.370,1.330,1,0,0,0,0,25,431,0,177,7
05-06 21:48:38,20.179,2.491,63.525,8.719,0,6117196,406804,713276,888068,54113170.715,1338923.229,49771.957,346.773,42.848,33.880,32828,3988,1.060,1.370,1.330,1,0,0,0,0,25,431,0,177,7
05-06 21:48:39,21.961,1.747,67.881,5.241,0,6134172,362888,740164,888040,28184271.051,755134.474,25567.053,263.537,22.960,19.965,19417,3401,1.060,1.370,1.330,0,1,0,0,0,25,431,0,179,7
05-06 21:48:40,30.289,5.257,57.824,5.257,0,6112744,355996,768324,888120,30050553.557,644605.161,29485.653,328.419,25.032,24.031,14889,7287,1.060,1.370,1.330,1,0,36.046,0,0,25,431,0,178,7
05-06 21:48:41,20.524,2.503,67.579,7.759,0,6108144,313116,815688,888124,50658058.270,696878.651,48704.936,308.360,40.047,18.021,17596,3501,1.300,1.410,1.350,0,1,0,0,0,25,433,0,178,7
05-06 21:48:42,21.565,5.015,59.931,8.526,0.251,6121004,247720,866896,889372,54818869.079,1271891.472,51359.362,312.947,41.124,28.085,47799,3924,1.300,1.410,1.350,5,0,3.009,0,0,25,431,0,174,7
05-06 21:48:43,22.138,4.229,64.674,7.960,0,6121496,195848,918100,889436,52820392.044,553380.516,50955.237,441.774,42.784,40.794,14143,4707,1.300,1.410,1.350,1,0,0,0,0,25,431,0,176,7
05-06 21:48:44,25.526,4.254,61.813,7.007,0.250,6181656,134628,936720,872452,46803525.203,1176051.925,43576.535,764.782,37.038,38.039,38874,3995,1.300,1.410,1.350,2,0,0,0,0,25,431,0,174,7
05-06 21:48:45,27.767,4.253,61.537,4.753,0,6142632,162112,955800,865008,33424459.100,838718.070,30746.479,828.498,26.016,58.035,28181,4268,1.300,1.410,1.350,0,1,1.001,0,0,25,431,0,176,7
05-06 21:48:46,23.483,3.248,64.204,6.495,0,6132344,175236,968480,849624,41362781.337,688163.340,39663.720,603.570,33.976,72.948,18819,4747,1.510,1.450,1.360,0,1,0,0,0,25,431,0,177,7
05-06 21:48:47,19.991,3.998,64.972,6.997,0.250,6118552,194672,977868,834908,41437866.280,776083.508,39754.866,351.848,36.984,29.987,18363,3904,1.510,1.450,1.360,1,0,0,0,0,25,431,0,179,7
05-06 21:48:48,30.009,5.502,56.518,6.752,0,6118784,186148,1000828,820444,54405908.861,1215264.808,51224.136,488.154,42.013,51.016,34276,7206,1.510,1.450,1.360,1,0,0,0,0,25,431,0,178,7
05-06 21:48:49,26.006,4.001,63.764,4.001,0,6081228,200228,1024128,820508,25174203.196,843097.697,23329.249,408.092,26.006,30.007,20160,3845,1.510,1.450,1.360,2,0,0,0,0,25,431,0,180,7
05-06 21:48:50,24.486,7.246,60.716,7.246,0.250,6092068,1117792,97468,820904,4792915.175,4785937.089,331.814,8887.014,19.989,638.642,3732,4066,1.510,1.450,1.360,3,0,5.997,0,0,25,431,0,177,7
05-06 21:48:51,14.502,5.251,76.513,1.500,0.500,6064316,1145288,97468,821140,82533.031,65956.213,112.019,400.068,,27.005,3321,5177,1.390,1.430,1.350,2,0,26.004,0,0,25,431,0,178,7
05-06 21:48:52,14.023,2.254,81.132,0.501,0,6064196,1144704,97500,821796,230883.493,213468.245,20.032,677.098,5.008,82.133,3112,5439,1.390,1.430,1.350,2,0,0,0,0,25,430,0,183,8
05-06 21:48:53,19.475,4.994,69.662,2.996,0,6063172,1144452,97632,822940,241851.574,233247.475,219.722,4338.503,47.939,415.474,4835,9233,1.390,1.430,1.350,2,0,0,0,0,25,431,0,225,9
05-06 21:48:54,16.722,4.243,73.375,4.492,0,6062712,1144352,97760,823356,200577.620,182555.204,291.505,2699.419,72.876,556.056,5263,10031,1.390,1.430,1.350,0,0,0,0,0,25,430,0,217,9
05-06 21:48:55,27.584,3.009,65.449,1.505,0.251,6062264,1144500,97808,823592,412143.504,403393.914,0,1123.414,0,163.497,4376,7915,1.390,1.430,1.350,1,0,0,0,0,25,432,0,218,9
05-06 21:48:56,29.208,4.493,61.910,2.247,0.250,6061956,1144468,97864,823876,659495.434,645582.677,15.977,1629.629,0.999,198.711,6074,11441,1.440,1.440,1.360,1,0,0,0,0,25,434,0,227,9
05-06 21:48:57,26.243,6.748,61.234,4.749,0.250,6064220,1121904,97896,843840,33216009.541,33208636.503,3627.035,17731.283,33.991,230.939,4297,8031,1.440,1.440,1.360,1,0,1.999,0,0,25,430,0,240,9
05-06 21:48:58,23.791,5.259,65.112,3.756,0.250,6067828,1117860,97904,844196,98294.164,89126.387,308.531,1855.193,7.012,143.247,2981,4840,1.440,1.440,1.360,1,0,6.010,0,0,25,430,0,240,9
05-06 21:48:59,22.254,5.001,73.012,0.250,0,6063032,1122592,97920,844244,81726.913,71988.374,0,692.109,0,60.009,2807,4543,1.440,1.440,1.360,2,0,11.002,0,0,25,430,0,240,9
05-06 21:49:00,12.212,1.745,83.488,0.249,0,6062804,1122796,97924,844264,101645.629,77076.825,0,295.073,0,20.934,2893,4299,1.440,1.440,1.360,1,0,4.984,0,0,25,430,0,240,8
05-06 21:49:01,5.254,1.501,92.066,0.250,0.250,6063356,1122196,97924,844312,42037.931,35254.101,32.023,216.154,6.004,13.009,1887,3103,1.320,1.420,1.350,1,0,1.001,0,0,25,430,0,240,8
05-06 21:49:02,5.750,2.250,90.497,0.500,0,6061664,1123732,97924,844468,43524.477,35507.757,0,407.986,0,21.999,2154,3586,1.320,1.420,1.350,0,0,8.000,0,0,25,431,0,240,8
05-06 21:49:03,10.003,6.002,79.771,2.001,0,6067556,1116632,97932,845208,1218725.306,100156.241,712.187,264.069,61.016,23.006,3975,5610,1.320,1.420,1.350,0,0,44.012,0,0,25,431,0,240,8
05-06 21:49:04,21.054,5.765,72.184,0.251,0.251,6072784,1111364,97936,845244,96508.421,71961.999,20.051,168.428,2.005,9.023,2152,3304,1.320,1.420,1.350,1,0,9.023,0,0,25,431,0,231,8
05-06 21:49:05,25.998,5.500,65.245,2.500,0.250,6097988,1086148,97976,845216,77445.424,58668.776,23.998,1411.898,6.000,109.992,2864,4586,1.320,1.420,1.350,3,0,11.999,0,0,25,431,0,234,8
05-06 21:49:06,25.008,6.502,59.768,7.002,0.250,6104984,1077872,99048,845408,2626174.862,14018438.679,2112.651,1063159.453,102.031,343.106,10578,8473,1.540,1.460,1.360,0,1,17.005,0,0,25,431,0,225,8
05-06 21:49:07,26.409,8.720,59.046,3.488,0,6068880,1114932,98044,845448,2568013.808,3900261.894,0,3659.346,,14.948,7270,7636,1.540,1.460,1.360,4,0,59.793,0,0,25,431,0,225,8
05-06 21:49:08,15.530,3.507,78.151,1.503,0,6069792,1130112,98072,829636,124349.243,105472.773,0,1082.091,0,87.168,3751,5900,1.540,1.460,1.360,1,0,6.012,0,0,25,430,0,219,8
05-06 21:49:09,5.756,1.251,91.845,0.250,0.250,6069676,1130300,98088,829548,76261.702,66942.084,0,688.711,0,52.054,2340,3796,1.540,1.460,1.360,1,0,0,0,0,25,431,0,219,8
05-06 21:49:10,16.985,1.998,73.684,5.745,0,6069992,1129756,98112,829752,393381.710,378194.273,0,935.165,0,100.910,3705,6452,1.540,1.460,1.360,0,1,1.998,0,0,25,430,0,220,8
05-06 21:49:11,13.990,2.748,77.195,4.747,0,6064564,1135112,98136,829800,245249.628,235916.264,0,787.440,0,89.936,3488,5812,1.420,1.430,1.360,0,0,0,0,0,25,431,0,220,8
05-06 21:49:12,6.004,0.751,91.316,0.250,0.250,6064248,1135396,98156,829812,63083.736,40095.069,0,340.247,0,25.018,2083,3316,1.420,1.430,1.360,0,0,0,0,0,25,431,0,170,8
05-06 21:49:13,6.246,0.999,90.443,0.250,0.500,6064100,1135396,98160,829956,73519.903,50525.321,0,355.777,0,28.982,2254,3640,1.420,1.430,1.360,1,0,0,0,0,25,431,0,170,8
05-06 21:49:14,4.747,1.249,92.437,0.500,0.250,6064128,1135364,98160,829960,48564.074,39902.946,0,255.827,0,17.988,1900,3050,1.420,1.430,1.360,1,0,0,0,0,25,430,0,169,8
05-06 21:49:15,6.502,1.250,88.027,0.750,0,6067380,1132088,98168,829976,64661.592,57688.480,0,492.149,0,49.015,2549,4081,1.420,1.430,1.360,0,0,0,0,0,25,431,0,169,8
05-06 21:49:16,10.756,2.001,83.044,2.001,0,6067264,1132152,98192,830004,120958.229,94273.059,0,928.493,0,123.065,3424,5481,1.300,1.410,1.350,1,0,0,0,0,25,431,0,160,7
05-06 21:49:17,10.245,2.998,84.456,0.250,0,6061220,1138176,98192,830024,124189.049,111714.573,0,311.837,0,29.984,2574,4038,1.300,1.410,1.350,3,0,0,0,0,25,431,0,160,7
05-06 21:49:18,13.765,2.753,74.834,6.758,0,6061316,1138016,98208,830072,197603.711,179339.219,12.013,8853.934,2.002,823.924,5367,7057,1.300,1.410,1.350,2,1,2.002,0,0,25,430,0,164,7
05-06 21:49:19,18.217,1.996,76.610,1.996,0,6061208,1137732,98276,830396,304555.491,296127.863,63.883,1125.946,2.995,161.705,4018,6888,1.300,1.410,1.350,3,0,0,0,0,25,430,0,160,7
05-06 21:49:20,16.767,2.252,77.580,1.502,0.250,6061208,1137512,98320,830572,423655.212,409085.176,0,1177.215,0,127.131,3531,5992,1.300,1.410,1.350,1,0,2.002,0,0,25,431,0,162,7
05-06 21:49:21,10.999,3.000,81.494,3.250,0,6061104,1137448,98412,830648,159763.379,148283.286,0,8515.327,0,710.944,4185,6135,1.200,1.390,1.340,2,0,0,0,0,25,431,0,159,7
05-06 21:49:22,10.246,1.749,83.714,1.499,0.750,6061000,1137448,98468,830696,159472.267,146188.993,0,1111.521,0,144.938,3537,6001,1.200,1.390,1.340,0,0,0,0,0,25,430,0,159,7
05-06 21:49:23,14.748,1.750,78.988,1.750,0,6061348,1136976,98488,830796,255401.434,240182.732,47.993,991.850,6.999,140.979,3847,6293,1.200,1.390,1.340,0,0,0,0,0,25,430,0,159,7
05-06 21:49:24,23.279,4.005,70.587,1.502,0,6061020,1136944,98508,831136,434811.819,427921.343,48.059,1213.493,12.015,158.195,4444,8152,1.200,1.390,1.340,2,0,0,0,0,25,432,0,160,7
05-06 21:49:25,27.971,3.996,64.932,1.998,0,6060872,1136788,98544,831404,576289.896,569041.506,0,1586.334,0,217.771,5429,10718,1.200,1.390,1.340,2,0,0,0,0,25,429,0,156,7
05-06 21:49:26,13.997,2.749,81.480,1.500,0,6061052,1136472,98604,831480,205351.716,196058.946,0,2235.463,0,198.952,3926,6739,1.100,1.360,1.330,0,0,0,0,0,25,428,0,158,7
05-06 21:49:27,15.753,2.500,78.015,2.250,0.250,6060952,1136284,98652,831716,287452.466,274351.029,40.007,2140.398,2.000,190.035,3817,6433,1.100,1.360,1.330,1,0,0,0,0,25,428,0,156,7
05-06 21:49:28,22.752,4.500,69.005,1.750,0,6061848,1135244,98700,831808,329220.058,321638.550,20.001,1564.105,2.000,194.013,4278,7684,1.100,1.360,1.330,2,0,1.000,0,0,25,430,0,157,7
05-06 21:49:29,28.508,3.501,65.018,2.001,0,6061804,1134928,98788,832080,462164.330,455531.460,16.005,6193.747,1.000,461.130,6107,10672,1.100,1.360,1.330,1,0,0,0,0,25,429,0,155,7
05-06 21:49:30,29.509,3.251,62.770,3.001,0.500,6062072,1134448,98860,832220,666690.341,660247.337,80.025,2396.745,2.001,287.089,5273,9298,1.100,1.360,1.330,1,0,2.001,0,0,25,430,0,156,7
05-06 21:49:31,28.836,2.508,66.199,1.505,0.251,6061744,1134440,98956,832444,525861.057,519349.529,0,2306.918,0,220.662,3977,6748,1.090,1.360,1.330,2,0,0,0,0,25,430,0,154,7
05-06 21:49:32,31.166,3.241,63.828,1.745,0,6061632,1134440,99020,832492,683930.806,674479.278,0,2010.581,0,197.468,4227,7163,1.090,1.360,1.330,1,0,0,0,0,25,430,0,154,7
05-06 21:49:33,29.743,2.999,63.984,2.000,0,6062544,1133440,99056,832540,661188.364,650049.138,15.996,1367.659,1.000,147.963,4286,7683,1.090,1.360,1.330,1,0,0,0,0,25,429,0,153,7
05-06 21:49:34,28.000,3.250,62.250,3.750,0,6062180,1133400,99152,832848,574312.723,566519.700,16.000,2656.008,1.000,324.001,5472,9957,1.090,1.360,1.330,3,0,0,0,0,25,430,0,154,7
05-06 21:49:35,28.320,2.757,60.900,6.015,0,6062216,1132968,99232,833164,520549.511,511245.642,16.039,7650.806,1.002,584.437,5356,8937,1.090,1.360,1.330,2,0,0,0,0,25,432,0,153,7
05-06 21:49:36,31.454,2.247,62.659,2.496,0,6062068,1132904,99320,833288,662214.154,654673.141,0,2344.584,0,260.620,4644,7878,1.170,1.370,1.340,2,0,0,0,0,25,430,0,157,7
05-06 21:49:37,46.033,3.502,47.534,1.501,0.751,6062608,1132212,99360,833400,939072.620,930779.715,0,1272.906,0,167.119,4998,8654,1.170,1.370,1.340,2,0,0,0,0,25,427,0,151,7
05-06 21:49:38,12.470,1.247,82.550,1.247,0,6062876,1131708,99412,833584,149312.767,132482.597,0,2214.627,0,186.547,3332,5551,1.170,1.370,1.340,0,0,0,0,0,25,428,0,151,7
05-06 21:49:39,26.289,4.256,63.345,5.258,0.250,6064100,1129912,99480,834072,402542.411,394764.752,404.607,2247.369,25.038,281.422,5250,8894,1.170,1.370,1.340,1,0,0,0,0,25,438,0,154,7
05-06 21:49:40,36.241,5.499,55.486,1.000,0,6066572,1127244,99500,834248,687447.576,680498.390,0,2139.442,0,143.962,4543,10056,1.170,1.370,1.340,1,1,35.991,0,0,25,434,0,159,7
05-06 21:49:41,29.309,6.012,56.614,7.766,0,6066780,1126636,99596,834552,724140.626,713177.634,0,4408.844,0,439.882,6374,11158,1.230,1.380,1.340,3,0,1.002,0,0,25,434,0,155,7
05-06 21:49:42,36.164,6.485,55.120,1.746,0,6066920,1125944,99752,834944,636920.409,628428.510,0,7147.083,0,514.782,5481,9235,1.230,1.380,1.340,2,0,13.967,0,0,25,435,0,155,7
05-06 21:49:43,38.968,4.247,53.206,3.997,0,6067520,1123856,99800,836384,846793.935,836451.437,911.251,2781.713,50.958,197.837,4834,8094,1.230,1.380,1.340,1,1,3.997,0,0,25,434,0,151,7
05-06 21:49:44,33.697,4.243,57.909,3.245,0,6075028,1113072,99840,839624,210336.403,203331.380,3290.843,519.186,91.856,42.933,2684,3738,1.230,1.380,1.340,1,0,12.980,0,0,25,434,0,151,7
05-06 21:49:45,35.289,15.517,37.542,10.011,0.501,6093168,1077908,99880,856508,505902.528,492054.212,16545.299,1049.160,255.282,81.090,5953,10063,1.230,1.380,1.340,5,0,55.061,0,0,26,435,0,149,7
05-06 21:49:46,31.770,11.257,53.034,3.502,0.250,6101604,1068856,99924,857080,462459.512,443030.096,3189.038,1100.703,135.086,119.076,7501,11755,1.450,1.420,1.360,2,0,0,0,0,26,435,0,149,7
05-06 21:49:47,38.101,4.512,50.634,5.765,0.251,6151908,1017420,99936,858200,344951.396,336013.756,16563.811,657.740,566.498,67.178,7680,12880,1.450,1.420,1.360,3,0,8.021,0,0,26,436,0,144,7
05-06 21:49:48,41.957,13.986,40.459,0.749,0,6097840,1070764,100012,858812,658349.434,647166.773,479.514,1542.436,5.994,150.847,5839,10044,1.450,1.420,1.360,2,0,47.951,0,0,25,435,0,148,7
05-06 21:49:49,36.468,6.494,52.704,1.499,0,6092168,1077140,100128,857952,820269.522,812011.806,0,1882.340,0,209.815,5280,9652,1.450,1.420,1.360,1,0,10.990,0,0,25,436,0,139,7
05-06 21:49:50,25.721,6.493,63.429,1.998,0,6087456,1081424,100232,858272,487743.678,470913.461,0,5669.673,0,404.549,5745,10723,1.450,1.420,1.360,0,0,2.997,0,0,25,433,0,141,9
05-06 21:49:51,19.001,3.500,73.255,2.500,0,6086860,1081392,100400,858736,301889.717,293824.217,332.021,1532.095,28.002,173.011,3838,6644,1.420,1.420,1.350,0,0,0,0,0,25,435,0,137,9
05-06 21:49:52,10.258,2.252,81.816,3.753,0.751,6080472,1087684,100472,858760,133783.562,120790.115,0,13346.731,0,980.789,3998,5374,1.420,1.420,1.350,1,0,0,0,0,25,436,0,137,9
05-06 21:49:53,30.339,2.507,65.192,0.501,0,6079724,1088252,100520,858892,647062.953,640903.821,0,1179.472,0,114.337,3353,5645,1.420,1.420,1.350,1,0,1.003,0,0,25,436,0,90,8
05-06 21:49:54,32.501,4.000,58.752,4.000,0.250,6079504,1088204,100640,859024,633969.117,627634.946,60.002,4356.118,15.000,422.011,5564,9674,1.420,1.420,1.350,1,0,0,0,0,25,436,0,93,8
05-06 21:49:55,31.679,4.989,60.365,1.497,0,6072380,1095032,100736,859208,531356.949,522919.797,0,2761.830,0,239.465,4127,6770,1.420,1.420,1.350,1,0,1.996,0,0,25,437,0,94,8
05-06 21:49:56,32.841,2.507,61.922,1.755,0,6072136,1095096,100864,859260,426766.142,413509.421,0,2250.233,0,240.667,4434,7171,1.380,1.410,1.350,1,0,0,0,0,25,437,0,96,8
05-06 21:49:57,28.876,3.983,63.229,2.489,0.249,6071752,1095032,101004,859568,497602.763,488773.560,0,6237.298,0,468.992,6145,10954,1.380,1.410,1.350,1,0,0,0,0,25,437,0,75,8
05-06 21:49:58,31.627,7.279,58.234,2.510,0.251,6142908,1023612,101132,859704,521947.096,514869.687,12.048,3144.623,3.012,278.116,5870,10334,1.380,1.410,1.350,8,0,4.016,0,0,25,436,0,79,8
05-06 21:49:59,40.370,8.971,47.347,1.744,0.249,6080480,1077400,101192,868220,30939935.827,30933253.391,3.987,1626.750,0.997,193.376,4993,9363,1.380,1.410,1.350,2,0,0.997,0,0,25,436,0,95,8
05-06 21:50:00,24.986,6.746,67.464,0.500,0,6077632,1071952,101220,876232,2522878.123,2515324.210,0,17350.613,0,124.932,2928,4858,1.380,1.410,1.350,1,0,9.995,0,0,25,435,0,99,8
05-06 21:50:01,19.253,5.501,71.760,0.750,0.250,6074148,1075376,101244,876268,81775.285,70792.769,0,876.121,0,67.009,2840,4381,1.350,1.400,1.350,1,0,11.002,0,0,25,436,0,99,8
05-06 21:50:02,11.514,2.253,84.102,0,0,6074316,1075184,101252,876284,91265.340,68865.258,0,716.867,0,33.040,2728,3970,1.350,1.400,1.350,1,0,4.005,0,0,25,435,0,99,8
05-06 21:50:03,8.744,1.999,87.936,0.500,0,6075600,1073856,101272,876308,102685.450,88568.699,0,575.582,0,44.967,2362,3811,1.350,1.400,1.350,1,0,0.999,0,0,25,435,0,99,8
05-06 21:50:04,5.497,1.999,90.203,0,0.500,6074140,1075148,101272,876472,45898.087,38628.874,3.998,355.815,0.999,20.989,2233,3790,1.350,1.400,1.350,0,0,6.996,0,0,25,436,0,99,8
05-06 21:50:05,9.260,6.507,80.589,1.001,0.501,6079552,1069812,101312,876504,1199884.672,94889.232,8.009,788.875,53.059,68.075,4343,6025,1.350,1.400,1.350,2,0,42.047,0,0,25,438,0,100,8
05-06 21:50:06,23.488,6.247,67.216,2.499,0,6085304,1063984,101340,876536,115326.875,92884.186,15.992,819.587,0.999,81.959,3140,5094,1.320,1.390,1.350,3,0,8.995,0,0,25,437,0,100,8
05-06 21:50:07,24.836,5.519,68.486,0.502,0,6103628,1045588,101372,876544,21150.010,14170.918,0,1248.309,0,72.249,2379,3646,1.320,1.390,1.350,1,0,7.024,0,0,25,435,0,102,8
05-06 21:50:08,22.499,7.750,62.247,7.500,0,6109708,1039308,101400,876700,2757811.141,17818289.359,2163.900,1066154.957,114.995,334.985,11322,8193,1.320,1.390,1.350,5,0,28.999,0,0,25,435,0,101,8
05-06 21:50:09,25.658,7.971,63.024,1.495,0,6079856,1068936,101456,876868,2447457.104,106566.492,0,2000.837,,,5907,7114,1.320,1.390,1.350,1,0,65.765,0,0,25,434,0,102,8
05-06 21:50:10,13.751,2.500,83.505,0.500,0.250,6079516,1085196,101524,861008,114941.356,97887.265,0,744.048,0,97.006,2850,4826,1.320,1.390,1.350,2,0,3.000,0,0,25,434,0,102,8
05-06 21:50:11,13.250,2.750,82.000,1.500,0.500,6079480,1085212,101580,861140,209043.836,201412.806,0,3696.015,0,254.001,3423,5872,1.300,1.390,1.350,0,0,0,0,0,25,434,0,102,8
05-06 21:50:12,14.015,2.002,81.585,1.001,0,6079348,1085244,101632,861188,272591.130,260953.958,0,1705.784,0,133.139,3237,5703,1.300,1.390,1.350,3,0,0,0,0,25,435,0,100,8
05-06 21:50:13,12.485,1.998,82.150,0.749,0.250,6077032,1087536,101664,861180,184912.776,176176.417,0,1062.706,0,127.844,3221,5667,1.300,1.390,1.350,6,1,0,0,0,25,435,0,100,8
05-06 21:50:14,11.003,2.251,85.772,0.750,0,6076232,1088024,101684,861472,155963.615,150036.109,0,860.218,0,91.023,2864,4937,1.300,1.390,1.350,2,0,0,0,0,25,434,0,101,8
05-06 21:50:15,12.505,2.251,82.032,1.000,0.250,6076048,1088088,101752,861524,253826.754,246445.853,0,1304.513,0,177.070,3515,6211,1.300,1.390,1.350,0,0,0,0,0,25,434,0,101,8
05-06 21:50:16,12.248,1.750,82.487,1.750,0.500,6076056,1087992,101768,861596,203820.815,197531.778,0,1235.811,0,151.977,3348,5982,1.190,1.360,1.340,0,0,0,0,0,25,434,0,101,8
05-06 21:50:17,9.991,1.748,84.673,0.749,0,6076244,1087804,101772,861592,207968.748,201611.534,0,1226.884,0,123.887,2839,4940,1.190,1.360,1.340,1,0,0,0,0,25,434,0,102,8
05-06 21:50:18,10.756,1.751,83.293,1.001,0.250,6076044,1087740,101784,861808,201093.367,183499.236,16.008,1092.567,4.002,113.059,2927,4817,1.190,1.360,1.340,0,0,0,0,0,25,435,0,106,8
05-06 21:50:19,10.989,2.497,85.164,0.749,0,6075936,1087772,101804,861864,148877.782,134904.881,0,879.113,0,90.908,2904,5053,1.190,1.360,1.340,1,0,0,0,0,25,435,0,106,8
05-06 21:50:20,29.773,4.504,63.300,1.751,0,6079452,1083984,101840,862096,537377.842,529943.005,0,2237.757,0,258.203,5297,10509,1.190,1.360,1.340,1,0,2.002,0,0,25,435,0,103,8
05-06 21:50:21,26.285,4.256,63.584,3.254,0.250,6079624,1083456,101908,862384,529964.203,522134.829,0,7341.728,0,558.740,5984,10981,1.260,1.370,1.340,1,0,0,0,0,25,434,0,105,8
05-06 21:50:22,9.989,2.247,83.156,0.499,0.499,6094412,1068620,101928,862412,170804.308,163560.522,0,1114.736,0,81.907,2802,4592,1.260,1.370,1.340,3,0,0,0,0,25,435,0,103,8
05-06 21:50:23,19.748,3.000,71.743,5.250,0,6073292,1089448,101952,862680,291856.441,284439.116,0,10451.049,0,961.912,4455,6727,1.260,1.370,1.340,0,0,0,0,0,25,434,0,104,8
05-06 21:50:24,15.258,2.001,79.291,1.751,0,6073228,1089416,101976,862752,232133.174,222086.929,40.021,1288.673,10.005,176.092,3617,6461,1.260,1.370,1.340,2,0,0,0,0,25,435,0,104,8
05-06 21:50:25,13.990,2.498,79.940,1.249,0,6073360,1089228,102008,862776,229539.075,214394.419,23.982,1450.913,5.996,183.862,4046,6805,1.260,1.370,1.340,2,0,0,0,0,25,435,0,104,8
05-06 21:50:26,13.536,3.259,80.714,2.005,0.501,6073440,1088944,102048,862936,204646.495,191631.056,0,1491.948,0,168.446,3940,6412,1.400,1.400,1.350,3,0,0,0,0,25,434,0,99,8
05-06 21:50:27,10.474,1.247,85.037,0.748,0.249,6073376,1088912,102084,862996,159246.044,151551.273,0,1240.899,0,127.681,3171,5155,1.400,1.400,1.350,1,0,0,0,0,25,434,0,100,8
05-06 21:50:28,19.988,3.498,70.708,3.998,0.250,6073028,1088912,102156,863272,455718.025,437227.101,0,6600.047,0,490.706,5329,8544,1.400,1.400,1.350,1,0,0,0,0,25,434,0,101,8
05-06 21:50:29,18.773,3.254,76.092,1.752,0,6073596,1088156,102176,863440,421508.496,412834.052,0,1141.374,0,133.160,3862,6514,1.400,1.400,1.350,1,1,0,0,0,25,434,0,102,8
05-06 21:50:30,9.759,1.501,86.828,0.751,0,6073720,1087936,102176,863536,106627.858,100284.155,0,928.835,0,97.087,2948,4793,1.400,1.400,1.350,2,0,2.002,0,0,25,435,0,100,8
05-06 21:50:31,11.980,2.246,82.858,0.998,0.499,6073584,1087872,102200,863712,193858.502,178079.484,0,1181.979,0,144.752,3589,6125,1.290,1.380,1.340,0,0,0,0,0,25,434,0,100,8
05-06 21:50:32,13.248,1.500,81.737,1.500,0.250,6073408,1087968,102224,863768,228610.337,206724.751,0,1135.823,0,140.978,3621,5971,1.290,1.380,1.340,0,0,0,0,0,25,434,0,97,8
05-06 21:50:33,11.503,1.750,85.023,0.250,0,6073440,1087904,102224,863800,208526.677,193638.702,0,788.210,0,78.021,3056,4989,1.290,1.380,1.340,1,0,0,0,0,25,434,0,97,8
05-06 21:50:34,21.768,2.752,71.308,2.252,0.250,6073492,1087652,102240,863984,510140.295,497162.679,0,1333.090,0,179.147,4166,7325,1.290,1.380,1.340,2,0,0,0,0,25,437,0,109,8
05-06 21:50:35,25.527,6.257,66.321,0.501,0,6105376,1039328,102252,880060,33029933.940,33022500.008,0,16817.945,0,113.121,3726,6700,1.290,1.380,1.340,2,0,6.006,0,0,25,436,0,120,7
05-06 21:50:36,24.970,6.492,65.920,0.749,0,6075000,1069396,102272,880348,123760.878,113580.227,0,858.958,0,86.895,3268,5155,1.420,1.410,1.350,0,0,5.993,0,0,25,435,0,119,7
05-06 21:50:37,12.993,2.998,82.203,0.500,0.500,6074880,1069452,102276,880392,79129.659,55168.389,0,839.519,0,58.966,3105,4679,1.420,1.410,1.350,2,0,6.996,0,0,25,436,0,119,7
05-06 21:50:38,7.999,1.500,88.242,0.250,0.250,6075604,1068696,102284,880416,60459.377,49276.417,0,559.948,0,43.996,2430,3830,1.420,1.410,1.350,2,0,4.000,0,0,25,434,0,116,7
05-06 21:50:39,5.250,2.500,90.493,0,0,6076248,1067900,102284,880568,44575.701,37010.261,0,427.968,0,27.998,2257,3689,1.420,1.410,1.350,0,0,7.999,0,0,25,435,0,116,7
05-06 21:50:40,14.524,7.513,75.126,0.751,0.250,6109372,1034744,102288,880596,1154686.719,62987.756,0,484.814,52.087,29.049,4207,7732,1.420,1.410,1.350,1,0,78.131,0,0,25,435,0,106,7
05-06 21:50:41,16.732,5.244,74.918,2.248,0,6101144,1042888,102316,880636,101993.705,78196.905,15.982,4754.765,0.999,300.669,3364,5790,1.390,1.400,1.350,2,0,6.992,0,0,25,435,0,110,7
05-06 21:50:42,23.802,6.013,68.148,0,0,6111516,1032484,102316,880652,49648.034,43327.280,0,192.419,0,16.035,2366,3621,1.390,1.400,1.350,2,0,8.017,0,0,25,435,0,109,7
05-06 21:50:43,25.941,6.735,65.600,0.499,0.249,6098624,1044788,102320,880872,1153268.322,66590.641,1053.589,542.758,50.884,44.897,3285,4321,1.390,1.400,1.350,1,0,12.970,0,0,25,435,0,109,7
05-06 21:50:44,23.242,9.997,57.980,7.997,0.250,6088172,1055160,102320,880956,4006059.921,17815216.381,3361.847,1065470.544,166.943,292.900,11752,8735,1.390,1.400,1.350,1,0,56.980,0,0,25,435,0,109,7
05-06 21:50:45,23.266,5.754,68.546,0.751,0.250,6081976,1061364,102320,880924,77106.584,64879.404,32.021,568.380,,,3700,6032,1.390,1.400,1.350,1,0,25.017,0,0,25,435,0,110,7
05-06 21:50:46,12.491,2.248,82.444,0.999,0,6081616,1077972,102328,865016,120042.771,106218.241,0,975.332,0,130.910,3417,5826,1.360,1.390,1.350,0,0,0,0,0,25,434,0,110,7
05-06 21:50:47,13.006,1.751,81.536,1.751,0.250,6081720,1077688,102340,865184,280254.433,271738.652,0,820.364,0,99.044,3029,5073,1.360,1.390,1.350,2,0,0,0,0,25,435,0,110,7
05-06 21:50:48,14.750,2.250,80.749,0.500,0.500,6078116,1081200,102352,865264,199525.207,191514.319,0,1011.986,0,116.998,3330,5503,1.360,1.390,1.350,0,0,0,0,0,25,434,0,115,7
05-06 21:50:49,15.243,2.499,79.963,1.000,0,6077880,1081444,102384,865300,249210.114,234718.795,0,1131.478,0,129.940,3457,5619,1.360,1.390,1.350,0,0,0,0,0,25,435,0,111,7
05-06 21:50:50,17.024,3.755,76.359,1.753,0.250,6077832,1081192,102396,865588,333715.547,318910.361,0,1297.857,0,151.216,4584,8863,1.360,1.390,1.350,0,0,2.003,0,0,25,434,0,111,7
05-06 21:50:51,16.467,2.745,78.094,0.998,0,6077780,1081224,102428,865580,314683.633,308887.226,0,1261.477,0,142.715,3823,7170,1.250,1.370,1.340,12,0,0,0,0,25,436,0,109,6
05-06 21:50:52,27.548,3.756,65.113,1.252,0,6077584,1081004,102464,865956,608442.606,591160.708,0,1710.960,0,189.328,5164,10063,1.250,1.370,1.340,1,0,0,0,0,25,435,0,111,6
05-06 21:50:53,32.972,5.995,60.698,1.249,0,6089104,1068136,102472,867296,599955.238,593294.953,0,1990.292,0,217.813,5786,10310,1.250,1.370,1.340,5,0,2.997,0,0,25,435,0,111,6
05-06 21:50:54,28.039,4.757,61.585,6.259,0.250,6090084,1067852,102500,866572,545632.336,537061.534,0,14640.159,0,1110.529,7403,10221,1.250,1.370,1.340,3,1,0,0,0,25,434,0,114,6
05-06 21:50:55,18.976,3.995,75.156,1.748,0.250,6085708,1072080,102532,866688,199476.657,193107.650,63.920,1805.734,15.980,225.717,4007,6715,1.250,1.370,1.340,0,1,0.999,0,0,25,435,0,109,6
05-06 21:50:56,14.496,1.750,79.728,1.000,0.250,6085852,1071696,102556,866904,228813.703,212860.186,0,1631.542,0,170.952,4125,7039,1.150,1.350,1.330,0,0,0,0,0,25,434,0,111,6
05-06 21:50:57,17.744,1.749,77.973,1.749,0.250,6086444,1070876,102576,867108,345044.579,338604.827,0,1779.379,0,176.938,3849,6461,1.150,1.350,1.330,0,0,0,0,0,25,434,0,107,6
05-06 21:50:58,19.767,1.751,76.064,0.250,0,6087640,1069584,102584,867196,399507.788,391558.126,0,448.376,0,33.028,2880,4490,1.150,1.350,1.330,1,0,0,0,0,25,435,0,109,6
05-06 21:50:59,28.722,3.497,67.185,0.500,0,6093668,1062796,102584,867956,550725.695,543591.629,0,1442.598,0,167.837,3242,4686,1.150,1.350,1.330,2,0,0,0,0,25,435,0,96,6
05-06 21:51:00,24.513,4.252,68.786,1.251,0.250,6120704,1035328,102604,868352,376508.797,349465.518,4.002,1108.585,1.001,113.060,3902,6114,1.150,1.350,1.330,1,0,2.001,0,0,25,433,0,97,8
05-06 21:51:01,13.771,1.753,81.623,1.252,0.250,6090188,1065828,102624,868348,242800.415,229196.941,0,1065.604,0,128.193,3677,5972,1.140,1.340,1.330,0,0,0,0,0,25,433,0,82,8
05-06 21:51:02,11.996,2.249,83.475,0.500,0.250,6090108,1065828,102628,868424,218685.301,200267.918,0,747.772,0,70.978,2967,4837,1.140,1.340,1.330,0,0,0,0,0,25,433,0,82,8
05-06 21:51:03,13.484,2.996,81.902,0.749,0.250,6090460,1065292,102632,868604,161709.272,139052.415,0,1190.574,0,144.826,3689,6020,1.140,1.340,1.330,1,0,0,0,0,25,433,0,82,8
05-06 21:51:04,27.798,4.758,64.613,2.003,0,6090820,1064820,102632,868716,578595.492,570535.443,0,1827.185,0,200.349,5092,9874,1.140,1.340,1.330,2,0,0,0,0,25,433,0,84,8
05-06 21:51:05,26.710,4.244,65.401,2.746,0.250,6091224,1064032,102672,869060,515766.740,503429.332,35.946,6725.864,2.995,494.255,5600,10356,1.140,1.340,1.330,0,0,0,0,0,25,433,0,85,8
05-06 21:51:06,12.504,3.001,81.276,1.250,0,6091836,1063340,102716,869096,181253.820,173052.204,0,1832.585,0,181.058,3313,5860,1.050,1.320,1.330,1,0,0,0,0,25,433,0,93,8
05-06 21:51:07,29.263,4.002,63.027,3.001,0.500,6091856,1062948,102764,869416,539602.187,530756.348,32.014,2204.957,1.000,285.124,4890,8866,1.050,1.320,1.330,1,0,0,0,0,25,432,0,86,9
05-06 21:51:08,42.219,7.744,47.465,2.498,0.250,6093068,1061152,102828,869928,802183.812,785931.628,0,5523.984,0,470.658,5748,9833,1.050,1.320,1.330,5,0,14.989,0,0,25,432,0,86,8
05-06 21:51:09,37.000,3.250,57.249,2.000,0,6093212,1060932,102852,869980,759322.407,749691.503,0,3879.961,0,326.997,4983,8166,1.050,1.320,1.330,2,0,0,0,0,25,432,0,86,8
05-06 21:51:10,30.779,3.754,64.560,1.251,0.250,6097904,1055928,102856,870272,404585.287,395854.124,0,1717.606,0,107.100,3376,5568,1.050,1.320,1.330,1,0,11.010,0,0,25,432,0,86,8
05-06 21:51:11,39.249,16.499,41.499,0.250,0,6117772,1035356,102876,870908,363812.358,357809.550,206.993,1259.960,24.999,99.997,5212,8725,1.360,1.380,1.350,4,0,59.998,0,0,26,434,0,85,8
05-06 21:51:12,31.576,10.275,55.133,2.255,0.501,6132948,1019784,102896,871288,391277.370,373140.642,5228.606,1066.572,204.493,104.251,7557,11620,1.360,1.380,1.350,1,0,4.010,0,0,26,433,0,85,8
05-06 21:51:13,46.637,8.978,36.412,6.484,0,6108940,1043608,102936,871456,651975.826,638239.015,8209.167,1787.681,293.291,175.576,6817,14354,1.360,1.380,1.350,1,0,43.894,0,0,25,433,0,85,8
05-06 21:51:14,29.711,2.996,62.668,2.497,0,6108228,1044184,102968,871516,657545.301,650262.855,0,3906.874,0,322.577,5000,8651,1.360,1.380,1.350,4,0,0,0,0,25,433,0,85,8
05-06 21:51:15,10.271,2.756,83.167,2.756,0.251,6108036,1044184,103000,871676,108114.418,101409.935,0,7763.613,0,526.058,3843,6721,1.360,1.380,1.350,2,0,0,0,0,25,437,0,84,8
05-06 21:51:16,27.704,4.243,65.142,0.749,0,6107908,1044184,103028,871776,537709.167,528568.277,0,2324.158,0,166.724,4824,9281,1.330,1.370,1.340,3,0,0,0,0,25,437,0,85,8
05-06 21:51:17,27.774,4.254,64.805,3.003,0.250,6098844,1052776,103036,872240,573256.708,565607.160,12.010,1629.395,3.003,115.099,5153,9625,1.330,1.370,1.340,1,1,0,0,0,25,438,0,92,8
05-06 21:51:18,27.760,4.502,63.773,2.251,0.250,6098672,1052588,103048,872584,590716.839,582539.879,64.023,984.356,4.001,107.039,5119,9727,1.330,1.370,1.340,1,0,2.001,0,0,25,441,0,113,8
05-06 21:51:19,27.723,3.497,65.686,2.248,0.250,6098560,1052556,103060,872712,607067.895,599793.002,0,787.231,0,68.933,5486,10274,1.330,1.370,1.340,2,0,0,0,0,25,439,0,111,8
05-06 21:51:20,28.527,3.503,62.809,3.754,0.250,6099108,1051428,103088,873260,610323.314,603176.589,24.023,1040.980,6.006,115.108,5120,9035,1.330,1.370,1.340,4,0,2.002,0,0,25,438,0,131,8
05-06 21:51:21,26.479,2.498,68.445,2.998,0,6098988,1051200,103120,873576,616492.874,604278.743,0,1195.034,0,118.904,4268,7242,1.310,1.370,1.340,0,0,0.999,0,0,25,438,0,128,8
05-06 21:51:22,11.744,2.249,81.960,2.499,0,6098956,1051168,103132,873628,238928.447,222013.769,3.998,911.552,1.000,84.958,3599,6312,1.310,1.370,1.340,2,0,0,0,0,25,440,0,128,8
05-06 21:51:23,28.795,3.756,65.101,2.253,0,6098644,1051168,103168,873904,551751.560,545465.836,0,1794.777,0,211.327,5665,10081,1.310,1.370,1.340,1,0,0,0,0,25,440,0,129,8
05-06 21:51:24,25.962,5.242,56.668,12.232,0,6098508,1050948,103272,874156,516886.548,510906.208,0,18736.869,0,1324.083,7163,11095,1.310,1.370,1.340,2,0,0,0,0,25,439,0,130,8
05-06 21:51:25,31.464,4.994,59.183,2.747,0,6102732,1046452,103388,874312,628322.482,621783.897,63.928,4003.460,15.982,421.522,5208,9407,1.310,1.370,1.340,1,1,0,0,0,25,439,0,132,8
05-06 21:51:26,30.059,4.008,61.370,3.256,0,6104692,1044404,103452,874336,622960.002,615668.711,0,1775.480,0,204.401,4332,7212,1.360,1.380,1.350,6,0,0,0,0,25,439,0,132,8
05-06 21:51:27,31.482,2.499,62.465,0.750,0.500,6106768,1042104,103460,874552,653766.276,647391.871,0,1287.274,0,116.934,3773,6234,1.360,1.380,1.350,1,0,0,0,0,25,439,0,133,8
05-06 21:51:28,21.740,3.998,71.716,1.499,0,6101724,1046868,103532,874760,366054.124,358119.893,0,2282.916,0,242.885,4126,7117,1.360,1.380,1.350,2,0,0,0,0,25,437,0,133,8
05-06 21:51:29,13.741,2.498,75.451,6.246,0.250,6101652,1046836,103600,874796,240197.631,231783.109,0,2294.506,0,217.858,3778,6333,1.360,1.380,1.350,2,0,0,0,0,25,437,0,133,8
05-06 21:51:30,12.019,3.756,77.622,6.009,0.250,6101796,1046648,103632,874808,286601.391,278451.612,0,2339.669,0,199.313,3660,6022,1.360,1.380,1.350,2,0,2.003,0,0,25,437,1,131,8
05-06 21:51:31,12.989,3.247,80.932,0.749,0,6101560,1046584,103640,875100,147044.923,123462.662,0,1003.160,0,77.935,3042,4645,1.330,1.370,1.340,0,0,6.994,0,0,25,436,0,132,8
05-06 21:51:32,7.246,0.999,89.454,0.250,0,6101720,1046396,103640,875128,52829.951,40960.028,0,499.744,0,27.986,2272,3376,1.330,1.370,1.340,1,0,3.998,0,0,25,435,0,132,8
05-06 21:51:33,5.756,1.752,90.847,0.250,0,6103240,1044844,103648,875152,30929.032,22028.526,0,604.646,0,39.042,2344,3883,1.330,1.370,1.340,2,0,8.009,0,0,25,435,0,133,8
05-06 21:51:34,6.997,4.998,84.964,1.000,0.500,6107848,1040176,103652,875192,1121074.301,31587.512,0,471.799,51.978,28.988,3780,5683,1.330,1.370,1.340,2,0,41.982,0,0,25,436,0,133,8
05-06 21:51:35,16.211,2.743,76.316,2.743,0,6134132,1013740,103672,875324,37977.664,31198.966,0,1759.768,0,238.427,2991,4372,1.330,1.370,1.340,3,0,2.993,0,0,25,437,0,133,8
05-06 21:51:36,19.301,5.515,60.159,10.528,0.251,6156584,938524,156216,875540,55146288.494,851044.459,52651.104,5265.913,49.130,392.036,26853,8153,1.310,1.360,1.340,1,0,1.003,0,0,25,439,0,112,8
05-06 21:51:37,21.963,1.997,68.633,5.241,0.250,6194080,861316,195908,875560,39694862.649,543682.109,37068.872,698.810,31.946,42.927,14763,3792,1.310,1.360,1.340,0,1,0,0,0,25,439,0,115,8
05-06 21:51:38,26.614,2.009,64.023,5.021,0,6172996,850056,227920,875764,33868472.905,905184.517,32149.148,662.828,28.120,50.214,25025,3878,1.310,1.360,1.340,5,1,0,0,0,25,439,0,118,8
05-06 21:51:39,24.994,2.499,63.984,5.998,0,6155240,837068,258652,875760,35026936.104,851417.037,33283.479,607.844,28.993,42.989,23951,4115,1.310,1.360,1.340,1,0,0,0,0,25,439,0,120,8
05-06 21:51:40,19.449,2.743,67.075,7.979,0,6155348,785624,309860,875776,53244012.615,637202.177,51066.818,386.991,39.896,21.943,22251,3453,1.310,1.360,1.340,1,0,1.995,0,0,25,439,0,120,8
05-06 21:51:41,26.994,6.499,54.238,7.748,0,6153556,736072,361060,875804,54925125.398,1450038.442,51200.787,463.898,42.991,27.994,54648,8422,1.280,1.360,1.340,1,0,33.993,0,0,25,439,0,123,8
05-06 21:51:42,22.045,3.758,62.127,8.768,0,6153300,684968,412268,875828,55068042.010,1478511.599,51308.824,509.040,41.084,39.080,53884,3891,1.280,1.360,1.340,1,0,0,0,0,25,439,0,121,8
05-06 21:51:43,21.779,3.505,61.832,7.760,0,6153364,633380,463472,876020,55006659.811,1460629.413,51279.843,608.805,43.057,54.072,52160,4294,1.280,1.360,1.340,1,0,0,0,0,25,439,0,123,8
05-06 21:51:44,24.221,2.247,69.169,2.996,0.499,6176996,585412,487792,876004,24342430.617,590517.371,21742.387,383.548,18.978,23.972,18924,3353,1.280,1.360,1.340,0,1,0,0,0,25,439,0,125,8
05-06 21:51:45,24.700,2.245,66.614,4.740,0,6153600,581828,514672,876024,30012532.421,685628.632,29388.019,618.737,24.949,59.878,22751,4460,1.280,1.360,1.340,2,0,0,0,0,25,439,0,127,8
05-06 21:51:46,19.254,3.501,65.014,8.502,0.250,6155080,528928,565900,876072,53157347.931,530437.757,51211.369,652.145,40.009,84.019,16486,4999,1.260,1.350,1.340,1,0,0,0,0,25,439,0,126,8
05-06 21:51:47,20.497,2.750,66.241,7.249,0,6154960,477676,617104,876128,54131255.018,1054401.547,51208.984,387.947,43.994,26.996,35152,3530,1.260,1.350,1.340,3,0,0,0,0,25,439,0,128,8
05-06 21:51:48,19.232,2.997,66.437,9.741,0.250,6155240,426012,668308,876160,53194622.719,633050.336,51171.285,599.429,44.957,54.948,16781,4097,1.260,1.350,1.340,2,0,0,0,0,25,441,0,132,8
05-06 21:51:49,18.318,3.262,62.233,9.787,0,6152484,377288,719508,876328,55162407.241,1480851.905,51404.200,497.862,43.161,37.139,52409,4181,1.260,1.350,1.340,1,0,0,0,0,25,439,0,136,8
05-06 21:51:50,25.617,2.487,64.913,4.228,0,6182772,313568,752788,876412,34134324.126,981380.597,30573.385,374.059,26.861,25.866,31438,3590,1.260,1.350,1.340,3,1,1.990,0,0,25,439,0,134,8
05-06 21:51:51,23.220,3.246,66.165,5.743,0,6171692,288752,788644,876388,37993389.461,658233.461,37088.527,239.693,32.958,20.973,19082,3631,1.240,1.350,1.340,1,0,0,0,0,25,439,0,136,8
05-06 21:51:52,26.425,3.775,61.911,6.543,0,6153076,273816,821928,876552,35970151.958,545428.921,34806.944,499.313,31.207,49.327,11505,7199,1.240,1.350,1.340,2,0,0,0,0,25,439,0,137,8
05-06 21:51:53,20.672,3.487,62.264,8.717,0,6153412,222124,873136,876588,53769143.331,942249.470,51007.040,322.779,39.849,26.898,28657,3695,1.240,1.350,1.340,1,0,0,0,0,25,439,0,137,8
05-06 21:51:54,21.335,4.267,63.000,9.036,0,6157560,169180,923160,875564,54446560.184,1144109.547,51420.293,1044.148,44.176,50.199,32597,3599,1.240,1.350,1.340,2,0,2.008,0,0,25,439,0,134,8
05-06 21:51:55,21.417,4.732,52.797,18.927,0.498,6199176,142740,930380,853780,46135083.523,770567.005,43464.531,8176.496,61.762,876.622,24384,6117,1.240,1.350,1.340,0,2,0,0,0,25,439,0,136,8
05-06 21:51:56,13.257,2.501,51.278,31.517,0.250,6198948,142756,930424,853932,85833.122,68693.713,136.075,1676.921,34.019,291.160,4330,6965,1.220,1.340,1.330,0,1,0,0,0,25,439,0,133,8
05-06 21:51:57,3.501,1.250,68.020,25.507,0,6200044,141652,930432,853932,23908.981,15727.592,0,252.074,0,17.005,1917,3064,1.220,1.340,1.330,1,1,0,0,0,25,439,0,133,8
05-06 21:51:58,7.493,3.247,65.690,22.979,0,6211136,130064,930436,854424,32188.547,24599.491,0,303.722,0,27.974,2398,3631,1.220,1.340,1.330,0,1,2.997,0,0,25,439,0,130,8
05-06 21:51:59,10.266,2.253,66.602,22.284,0,6210400,130788,930452,854420,23754.249,17237.304,0,336.514,0,25.038,2473,3939,1.220,1.340,1.330,1,1,0,0,0,25,439,0,130,8
05-06 21:52:00,10.489,1.998,66.933,22.977,0.250,6211520,130024,930456,854060,28124.650,19697.145,0,259.738,0,17.982,2167,3357,1.220,1.340,1.330,1,1,1.998,0,0,25,439,0,127,6
05-06 21:52:01,8.999,3.000,64.246,23.749,0.500,6207912,173408,905060,839956,25117.493,17602.944,0,279.983,0,14.999,2041,3042,1.280,1.350,1.340,0,1,1.000,0,0,25,439,0,127,6
05-06 21:52:02,4.999,1.750,70.986,21.746,0.250,6207912,173408,905072,839944,24600.178,16805.706,0,67.987,0,5.999,1871,2897,1.280,1.350,1.340,0,1,0,0,0,25,439,0,127,6
05-06 21:52:03,6.500,1.500,66.999,22.750,0,6207876,173376,905072,839980,54474.128,38620.382,0,103.998,0,13.000,2171,3343,1.280,1.350,1.340,0,1,0,0,0,25,439,0,127,6
05-06 21:52:04,3.753,1.251,69.555,23.018,0,6207908,173344,905072,839980,31911.146,16269.821,0,184.145,0,11.009,1915,3025,1.280,1.350,1.340,0,1,0,0,0,25,439,0,125,6
05-06 21:52:05,6.748,1.500,67.732,22.744,0.250,6208008,173076,905092,840112,36160.309,29315.144,0,431.884,0,48.987,2379,3875,1.280,1.350,1.340,0,1,0,0,0,25,439,0,125,6
05-06 21:52:06,8.264,3.506,64.110,23.040,0,6208128,172888,905128,840144,45351.049,37461.471,20.034,3618.227,5.009,293.505,3369,5448,1.260,1.350,1.340,1,1,0,0,0,25,439,0,123,6
05-06 21:52:07,5.741,2.246,67.141,22.963,0.499,6201372,179604,905128,840152,18460.113,11202.863,0,255.586,0,16.973,1893,2945,1.260,1.350,1.340,0,1,0,0,0,25,438,0,123,6
05-06 21:52:08,5.497,1.499,68.711,23.737,0,6201328,179636,905132,840160,33561.038,25971.326,0,339.808,0,34.980,2168,3537,1.260,1.350,1.340,1,1,0,0,0,25,439,0,123,6
05-06 21:52:09,20.690,1.745,67.055,7.478,0.249,6158660,212000,915388,840160,11806215.108,415444.641,10222.243,1399.925,10.968,55.837,12183,3885,1.260,1.350,1.340,1,1,0,0,0,25,439,0,121,6
05-06 21:52:10,21.067,2.759,65.459,8.276,0,6157432,172192,958336,838404,50523301.472,823376.511,48824.042,361.154,42.135,24.077,25258,3279,1.260,1.350,1.340,4,0,2.006,0,0,25,439,0,123,6
05-06 21:52:11,9.498,2.499,67.735,19.995,0.250,6172480,139108,976256,838472,16901568.246,332730.803,15356.529,175.960,11.997,10.998,11956,3239,1.240,1.340,1.330,1,1,0,0,0,25,439,0,123,6
05-06 21:52:12,3.250,1.250,69.495,22.998,0,6172408,139172,976268,838468,26988.976,17419.694,0,147.989,0,17.999,2015,3196,1.240,1.340,1.330,2,1,0,0,0,25,439,0,123,6
05-06 21:52:13,4.752,1.501,70.279,22.509,0,6172392,139172,976268,838484,33554.657,22657.221,0,304.124,0,25.010,2246,3518,1.240,1.340,1.330,1,1,0,0,0,25,439,0,123,6
05-06 21:52:14,6.499,0.500,69.986,22.246,0,6172664,138888,976272,838492,25330.984,18259.385,0,175.965,0,10.998,1998,3188,1.240,1.340,1.330,0,1,0,0,0,25,439,0,123,6
05-06 21:52:15,5.507,1.001,68.832,23.278,0.250,6172932,138604,976280,838500,46641.784,30244.172,0,380.455,0,38.046,2371,3770,1.240,1.340,1.330,1,1,0,0,0,25,439,0,123,6
05-06 21:52:16,6.993,0.749,66.685,23.727,0.250,6172880,138636,976284,838516,66093.361,39194.668,0,539.472,0,66.935,2755,4382,1.220,1.330,1.330,1,1,0,0,0,25,439,0,123,6
05-06 21:52:17,3.499,1.250,70.729,23.743,0.250,6172720,138668,976284,838644,36179.182,15676.313,0,247.926,0,16.995,2044,3109,1.220,1.330,1.330,1,1,0,0,0,25,439,0,122,6
05-06 21:52:18,5.250,1.750,67.747,23.249,0,6172988,138384,976288,838656,39704.372,29255.801,0,323.987,0,30.999,2125,3433,1.220,1.330,1.330,2,1,0,0,0,25,441,0,124,6
05-06 21:52:19,4.004,1.752,69.071,23.024,0.250,6172936,138416,976300,838664,28747.725,21271.995,0,316.327,0,26.027,2066,3318,1.220,1.330,1.330,2,1,0,0,0,25,439,0,96,6
05-06 21:52:20,3.747,0.999,70.439,22.980,0,6172984,138352,976304,838676,24841.462,16049.085,0,199.827,0,13.988,1835,2951,1.220,1.330,1.330,0,1,1.998,0,0,25,437,0,96,8
05-06 21:52:21,4.753,1.001,69.296,23.265,0,6172916,138416,976304,838680,25396.914,15981.644,0,152.101,0,11.007,1793,2841,1.200,1.330,1.330,0,1,0,0,0,25,436,0,75,8
05-06 21:52:22,5.248,1.000,68.727,23.492,0.250,6172940,138384,976304,838688,26685.980,18129.872,3.999,263.911,1.000,21.993,1834,3055,1.200,1.330,1.330,0,1,0,0,0,25,436,0,75,8
05-06 21:52:23,5.497,1.249,69.715,21.989,0.500,6172932,138384,976308,838692,39906.727,30782.363,0,167.915,0,24.987,2031,3317,1.200,1.330,1.330,0,1,0,0,0,25,437,0,73,8
05-06 21:52:24,15.506,3.251,64.024,13.755,0.250,6157768,201992,955152,811936,38315689.174,888301.895,35857.195,432.159,29.011,31.011,30635,3188,1.200,1.330,1.330,1,0,0,0,0,25,437,0,73,8
05-06 21:52:25,18.258,4.502,65.779,8.754,0,6157980,177360,989284,802096,53210501.041,610495.839,51230.644,444.196,42.019,43.019,15867,4278,1.200,1.330,1.330,1,0,0,0,0,25,437,0,74,8
05-06 21:52:26,31.257,4.501,56.512,6.751,0,6130468,182804,1011956,801556,24960735.401,702204.783,23457.137,5129.123,58.013,815.179,23833,7441,1.180,1.320,1.330,1,0,0,0,0,25,437,0,77,8
05-06 21:52:27,14.491,5.747,68.209,10.494,0,6116456,1104796,103536,804168,4876403.787,4867482.113,111.933,2802.327,16.990,55.967,2673,4354,1.180,1.320,1.330,1,0,1.999,0,0,25,437,0,81,8
05-06 21:52:28,20.057,5.014,70.702,1.504,0,6110224,1110116,103544,805020,81001.665,65999.759,834.386,256.734,,24.069,3075,4806,1.180,1.320,1.330,0,0,28.080,0,0,25,437,0,82,8
05-06 21:52:29,18.268,2.252,77.825,1.251,0.250,6110036,1110116,103548,805204,265533.036,248912.948,8.008,816.791,2.002,90.087,3518,5779,1.180,1.320,1.330,1,0,0,0,0,25,438,0,83,8
05-06 21:52:30,18.648,5.222,70.118,2.984,0.497,6109712,1109548,103552,806084,213103.162,205773.125,230.742,1662.934,57.685,237.704,4968,8715,1.180,1.320,1.330,1,0,1.989,0,0,25,439,0,128,8
05-06 21:52:31,10.770,3.006,82.657,1.753,0.250,6112652,1106520,103576,806148,148812.744,138944.995,0,4604.749,0,329.626,3712,6127,1.170,1.320,1.330,0,0,0,0,0,25,438,0,127,8
05-06 21:52:32,28.295,6.009,66.355,0.751,0,6111988,1093596,103592,819508,33364781.531,33356023.737,0,1017.603,0,127.200,4583,8042,1.170,1.320,1.330,1,0,0,0,0,25,438,0,150,9
05-06 21:52:33,24.447,6.735,66.606,0.499,0,6115524,1086772,103600,822620,131158.566,121574.278,0,16420.515,0,87.810,2956,4523,1.170,1.320,1.330,2,0,7.983,0,0,25,438,0,156,8
05-06 21:52:34,23.800,6.013,67.892,0.251,0.501,6104676,1097592,103608,822640,87241.334,73731.098,0,416.871,0,42.088,2815,4082,1.170,1.320,1.330,1,0,11.023,0,0,25,439,0,156,8
05-06 21:52:35,12.239,2.997,83.927,0.250,0,6104812,1097412,103608,822684,113992.485,91369.235,0,507.557,0,49.956,2975,4542,1.170,1.320,1.330,0,0,3.997,0,0,25,438,0,155,8
05-06 21:52:36,9.733,3.743,84.601,0.998,0,6104432,1097712,103628,822740,77313.542,66779.135,15.972,1509.336,3.993,202.642,3390,5027,1.800,1.440,1.370,0,0,7.986,0,0,25,439,0,161,8
05-06 21:52:37,4.508,1.753,92.166,0.501,0.501,6106512,1095496,103636,822868,46188.046,35581.976,4.007,557.001,1.002,28.050,2009,3153,1.800,1.440,1.370,4,0,7.013,0,0,25,439,0,151,8
05-06 21:52:38,8.736,5.491,81.619,1.997,0,6111700,1089368,103648,823696,1241533.614,84768.692,642.966,411.339,73.881,28.953,3846,5260,1.800,1.440,1.370,0,0,34.944,0,0,25,439,0,151,8
05-06 21:52:39,23.829,6.271,68.978,0.251,0,6125756,1075272,103648,823704,97060.689,72752.374,16.053,361.193,1.003,22.073,2431,3508,1.800,1.440,1.370,2,0,10.033,0,0,25,437,0,153,8
05-06 21:52:40,24.150,6.722,67.220,1.245,0,6120524,1080332,103648,823876,1160735.181,52843.120,1051.624,346.558,50.789,27.884,3080,3832,1.800,1.440,1.370,2,0,16.930,0,0,25,438,0,153,8
05-06 21:52:41,29.375,9.792,51.971,7.030,0.251,6118440,1082740,103652,823668,4000604.574,17883388.468,3377.381,1070445.959,167.714,299.274,12451,12025,1.800,1.440,1.370,1,0,85.363,0,0,25,437,0,149,8
05-06 21:52:42,21.206,6.736,69.854,0.249,0.249,6111088,1089828,103656,823900,72135.731,55919.736,0,435.088,,,3330,5101,1.810,1.450,1.370,2,0,24.948,0,0,25,437,0,150,8
05-06 21:52:43,11.990,2.748,82.931,0.749,0.500,6112128,1104760,103680,808072,108490.302,92513.659,0,815.318,0,109.908,3273,5121,1.810,1.450,1.370,1,0,0,0,0,25,436,0,146,8
05-06 21:52:44,26.983,3.748,65.460,3.498,0,6112400,1104412,103704,808260,487876.492,479183.864,0,1798.888,0,254.843,4667,8192,1.810,1.450,1.370,1,0,0,0,0,25,439,0,156,8
05-06 21:52:45,30.551,2.254,65.359,0.751,0,6109232,1107504,103716,808308,458156.663,448086.857,0,993.658,0,91.152,3441,5739,1.810,1.450,1.370,1,0,0,0,0,25,439,0,153,8
05-06 21:52:46,34.543,6.008,53.817,5.507,0.250,6111528,1104852,103760,808600,777557.057,767565.527,16.020,4413.535,1.001,458.575,6448,10710,1.810,1.450,1.370,3,0,1.001,0,0,25,439,0,154,8
05-06 21:52:47,36.523,6.504,54.534,1.251,0.250,6108244,1107728,103800,808964,680630.797,672276.534,0,8181.154,0,587.370,5898,9625,2.150,1.530,1.400,3,0,14.009,0,0,25,438,0,152,8
05-06 21:52:48,42.777,3.731,50.985,1.244,0,6114100,1101496,103816,809280,764962.664,756801.121,0,2582.565,0,174.094,4556,7131,2.150,1.530,1.400,2,0,8.953,0,0,25,440,0,154,8
05-06 21:52:49,41.311,13.770,40.810,3.255,0,6114260,1099664,103816,810884,421854.548,414522.763,1301.915,981.444,30.044,84.124,4494,7452,2.150,1.530,1.400,2,1,52.077,0,0,25,439,0,149,8
05-06 21:52:50,20.294,15.283,61.883,0.251,0.501,6133324,1076900,103816,814512,163181.023,156772.277,2905.232,216.464,49.105,11.024,5802,9185,2.150,1.530,1.400,4,0,15.032,0,0,26,439,0,149,8
05-06 21:52:51,57.780,8.004,27.514,4.502,0,6121728,1088264,103824,814720,1052542.585,1042377.248,16044.423,1208.635,581.305,150.079,9213,17115,2.150,1.530,1.400,3,0,18.009,0,0,25,440,0,149,8
05-06 21:52:52,43.415,8.234,46.159,1.497,0,6122984,1086820,103836,814828,796839.024,778162.797,0,1513.021,0,147.709,5525,10639,2.780,1.670,1.440,2,0,19.961,0,0,25,439,0,146,8
05-06 21:52:53,19.994,1.999,74.229,1.500,0.250,6122744,1086852,103856,815016,331764.779,324784.761,0,1899.461,0,203.942,3840,6949,2.780,1.670,1.440,0,0,0,0,0,25,439,0,146,8
05-06 21:52:54,20.509,3.001,71.280,3.501,0.250,6122612,1086852,103860,815144,372963.136,359964.625,12.005,2292.972,1.000,221.094,4476,7562,2.780,1.670,1.440,0,0,0,0,0,25,440,0,146,8
05-06 21:52:55,14.518,2.503,76.844,3.755,0.250,6114044,1095384,103872,815164,243261.752,231609.490,0,3512.299,0,293.359,4411,7279,2.780,1.670,1.440,0,0,0,0,0,25,438,0,148,8
05-06 21:52:56,11.510,1.752,82.072,1.501,0,6113280,1095760,103888,815536,134726.425,120111.578,40.035,2458.161,10.009,235.207,3838,6361,2.780,1.670,1.440,4,0,0,0,0,25,438,0,144,8
05-06 21:52:57,13.211,3.739,75.779,6.232,0.249,6112764,1095792,103924,815984,211602.122,202110.836,327.045,13915.367,81.761,1332.110,6192,10214,2.800,1.690,1.450,1,0,0,0,0,25,437,0,145,8
05-06 21:52:58,12.004,1.751,81.028,2.001,0,6112860,1095476,103940,816184,244833.468,236240.503,0,1128.389,0,135.047,3419,5811,2.800,1.690,1.450,0,0,0,0,0,25,437,0,145,8
05-06 21:52:59,17.986,2.748,76.439,1.998,0.250,6112724,1095540,103952,816244,260936.338,250736.417,15.987,1706.648,0.999,207.835,4130,6785,2.800,1.690,1.450,3,0,0.999,0,0,25,439,0,147,8
05-06 21:53:00,30.527,4.754,62.305,2.752,0.250,6112920,1095248,103960,816332,653364.574,643635.974,0,1777.571,0,176.156,4594,7856,2.800,1.690,1.450,1,0,2.002,0,0,25,437,0,154,8
05-06 21:53:01,36.635,7.779,49.181,4.517,0,6113588,1093988,103984,816900,814620.432,805032.128,0,8760.255,0,672.476,6658,11362,2.800,1.690,1.450,1,0,15.055,0,0,25,437,0,154,8
05-06 21:53:02,34.065,4.476,56.693,2.487,0.249,6113256,1094092,103996,817116,826551.266,819420.919,0,3306.078,0,247.657,5026,8309,2.810,1.710,1.460,3,0,0,0,0,25,438,0,154,8
05-06 21:53:03,40.343,5.262,53.123,1.754,0,6117912,1089080,104020,817440,514421.800,497693.174,0,8531.700,0,505.166,5028,7891,2.810,1.710,1.460,1,0,13.030,0,0,25,437,0,154,8
05-06 21:53:04,43.759,20.004,35.508,0.250,0.250,6147508,1057660,104028,819112,510673.263,504977.055,95.020,1852.393,21.004,120.025,6826,10247,2.810,1.710,1.460,1,0,64.014,0,0,26,437,0,155,8
05-06 21:53:05,34.081,11.026,49.868,3.759,0.251,6164620,1040184,104040,819460,443903.940,434001.451,7075.784,3179.542,262.623,214.509,7938,13067,2.810,1.710,1.460,1,0,0,0,0,26,437,0,155,8
05-06 21:53:06,40.686,6.989,44.680,4.243,0,6193168,1012792,104048,818288,571562.789,564253.301,12356.538,1309.937,429.324,149.764,7457,13233,2.810,1.710,1.460,1,0,12.980,0,0,26,437,0,156,8
05-06 21:53:07,50.870,16.288,29.820,1.002,0,6137140,1068964,104080,818264,986635.594,974561.219,0,1860.372,0,178.419,6216,10826,3.070,1.790,1.480,6,0,56.132,0,0,25,438,0,156,8
05-06 21:53:08,17.925,4.730,74.191,1.743,0.249,6136680,1068832,104092,818836,389535.752,374462.487,3.983,3573.129,0.996,298.757,4727,7942,3.070,1.790,1.480,0,0,0.996,0,0,25,437,0,157,8
05-06 21:53:09,14.266,2.503,78.588,1.502,0.250,6136428,1068832,104112,819068,281251.314,271799.785,0,2086.324,0,206.230,4017,6679,3.070,1.790,1.480,0,0,1.001,0,0,25,437,0,160,8
05-06 21:53:10,18.763,2.001,75.051,2.752,0.250,6136104,1068816,104132,819372,298226.285,289317.182,0,2205.511,0,213.146,4110,6808,3.070,1.790,1.480,1,1,2.001,0,0,25,437,0,161,8
05-06 21:53:11,11.496,2.999,76.971,6.997,0,6125692,1079188,104144,819400,193952.044,184691.479,0,1251.536,0,129.952,3443,5874,3.070,1.790,1.480,2,1,0,0,0,25,436,0,162,8
05-06 21:53:12,6.770,2.006,85.498,4.764,0.501,6125352,1079480,104148,819444,68007.562,58857.982,0,3542.290,0,350.017,3174,4715,2.980,1.790,1.490,4,0,0,0,0,25,437,0,160,8
05-06 21:53:13,22.917,2.989,67.256,3.986,0,6118564,1086040,104164,819656,418474.681,408027.636,0,1339.135,0,136.504,4209,7242,2.980,1.790,1.490,0,0,0,0,0,25,437,0,161,8
05-06 21:53:14,5.501,1.250,90.512,1.250,0,6118496,1086040,104184,819700,50927.977,39604.426,0,5124.702,0,325.045,2409,4539,2.980,1.790,1.490,0,0,0,0,0,25,437,0,161,8
05-06 21:53:15,8.245,0.500,89.945,0.250,0,6118524,1086008,104184,819704,64634.444,54508.641,0,991.393,0,66.959,2366,3967,2.980,1.790,1.490,0,0,0,0,0,25,437,0,161,8
05-06 21:53:16,22.007,2.751,73.524,1.000,0.250,6118504,1086008,104188,819720,266459.932,252307.261,0,1192.393,0,127.042,3699,6279,2.980,1.790,1.490,1,0,0,0,0,25,437,0,161,8
05-06 21:53:17,8.494,1.499,87.692,0.750,0.250,6118312,1086008,104196,819908,74237.632,59469.453,0,1383.080,0,120.920,3006,5289,2.900,1.790,1.490,4,0,0,0,0,25,437,0,161,8
05-06 21:53:18,13.018,2.253,81.114,1.502,0,6118188,1086072,104208,819956,243908.447,235035.991,0,1598.244,0,164.231,3388,5950,2.900,1.790,1.490,7,0,0,0,0,25,438,0,163,8
05-06 21:53:19,13.984,1.998,82.406,0.499,0.499,6118160,1086040,104216,820004,219333.863,212015.243,0,1442.349,0,132.848,3073,5356,2.900,1.790,1.490,1,0,0,0,0,25,437,0,168,8
05-06 21:53:20,17.503,3.001,75.264,2.250,0,6118060,1085820,104236,820304,332892.251,318051.476,0,1328.248,0,170.032,4048,7077,2.900,1.790,1.490,0,0,2.000,0,0,25,436,0,165,7
05-06 21:53:21,10.999,1.750,84.245,1.250,0,6118068,1085756,104248,820348,218242.905,209820.411,0,1115.933,0,105.994,2837,4913,2.900,1.790,1.490,1,0,0,0,0,25,436,0,165,7
05-06 21:53:22,8.751,2.000,87.264,0.500,0,6117888,1085764,104252,820516,143126.186,125941.403,0,1124.182,0,100.016,2549,4289,2.670,1.760,1.480,3,0,0,0,0,25,437,0,165,7
05-06 21:53:23,18.502,1.750,76.007,1.500,0.250,6117784,1085764,104268,820600,374422.196,364330.247,0,1292.121,0,182.017,3797,6841,2.670,1.760,1.480,2,0,0,0,0,25,436,0,166,7
05-06 21:53:24,15.503,2.000,77.264,3.001,0.500,6117568,1085796,104284,820768,255110.195,239178.248,0,6325.170,0,468.087,4281,7330,2.670,1.760,1.480,1,0,0,0,0,25,436,0,166,7
05-06 21:53:25,10.748,2.249,82.981,1.500,0.250,6117584,1085764,104288,820780,235622.336,226976.341,0,971.775,0,121.972,3364,5786,2.670,1.760,1.480,2,0,0,0,0,25,436,0,166,7
05-06 21:53:26,10.748,1.500,83.988,1.500,0,6117484,1085796,104296,820840,200019.597,190696.968,0,951.860,0,115.983,3197,5387,2.670,1.760,1.480,5,0,0,0,0,25,437,0,161,7
05-06 21:53:27,15.286,3.759,75.927,4.761,0,6117164,1085764,104320,821168,195882.799,180738.482,104.243,1752.086,26.061,259.605,4487,7570,2.540,1.750,1.480,5,0,0,0,0,25,435,0,161,9
05-06 21:53:28,10.977,1.247,81.582,3.493,0,6116880,1085796,104340,821400,148728.215,132007.592,0,10047.343,0,826.301,4118,5606,2.540,1.750,1.480,0,0,0,0,0,25,434,0,154,9
05-06 21:53:29,27.750,3.000,66.251,1.000,0,6116636,1085972,104352,821456,662876.955,655289.863,0,1064.013,0,110.001,3423,5651,2.540,1.750,1.480,1,0,1.000,0,0,25,436,0,156,9
05-06 21:53:30,30.114,2.760,64.495,2.259,0,6116752,1085788,104360,821516,491668.340,464775.146,0,2039.751,0,194.740,4012,6487,2.540,1.750,1.480,2,0,2.008,0,0,25,437,0,108,9
05-06 21:53:31,26.918,3.988,64.055,2.492,0.498,6116476,1085796,104392,821752,569591.606,558611.119,0,3684.754,0,342.953,5929,11177,2.540,1.750,1.480,1,0,0,0,0,25,434,0,111,10
05-06 21:53:32,21.269,3.003,69.814,4.004,0.250,6116288,1085576,104428,822120,438990.799,426740.614,16.015,3082.815,1.001,286.261,4882,8601,2.570,1.770,1.490,0,0,0,0,0,25,434,0,89,9
05-06 21:53:33,13.975,2.745,77.614,4.492,0.250,6116524,1085260,104508,822120,248396.313,239325.224,0,7442.945,0,534.063,4689,7597,2.570,1.770,1.490,0,0,0,0,0,25,434,0,89,9
05-06 21:53:34,8.275,2.257,87.511,1.003,0,6116520,1085040,104516,822332,169623.308,158323.646,0,1588.733,0,116.347,2659,4385,2.570,1.770,1.490,2,0,0,0,0,25,434,0,89,9
05-06 21:53:35,5.480,0.747,89.916,0.747,0,6116472,1085040,104532,822364,80224.804,70157.226,0,777.111,0,81.696,2687,4484,2.570,1.770,1.490,2,0,0,0,0,25,435,0,83,9
05-06 21:53:36,12.756,2.001,80.290,1.251,0.250,6116392,1085040,104556,822420,251634.062,241248.901,0,1264.629,0,155.077,3824,6467,2.570,1.770,1.490,0,0,0,0,0,25,434,0,89,9
05-06 21:53:37,25.012,4.002,69.534,0.750,0.250,6121468,1079528,104560,822852,432968.289,424063.943,0,616.301,0,53.026,3767,6178,2.450,1.760,1.480,1,1,0,0,0,25,434,0,84,9
05-06 21:53:38,10.537,1.254,84.800,1.004,0.251,6121468,1079496,104572,822872,136017.550,118475.574,0,863.049,0,92.326,3113,4695,2.450,1.760,1.480,4,0,0,0,0,25,436,0,84,9
05-06 21:53:39,7.471,1.245,88.653,0.249,0,6121400,1079528,104576,822904,71574.074,62246.554,0,768.992,0,84.669,2750,4496,2.450,1.760,1.480,0,0,0,0,0,25,433,0,79,9
05-06 21:53:40,12.513,2.753,80.333,2.002,0,6117068,1083804,104600,822932,166872.879,156775.479,0,1081.114,0,113.117,3378,5404,2.450,1.760,1.480,0,0,2.002,0,0,25,433,0,79,9
05-06 21:53:41,18.993,6.498,72.223,1.000,0.500,6117568,1083244,104604,822988,247174.557,230404.829,0,1175.560,0,139.948,4395,9585,2.450,1.760,1.480,2,0,33.987,0,0,25,433,0,79,9
05-06 21:53:42,22.511,3.252,72.536,2.001,0,6117640,1083000,104616,823148,430108.334,422341.481,0,1160.576,0,127.063,4201,7534,2.250,1.730,1.480,3,0,0,0,0,25,435,0,80,9
05-06 21:53:43,26.766,4.002,64.538,2.001,0.250,6117348,1082936,104644,823476,497863.241,487084.893,0,2673.575,0,211.124,5413,9896,2.250,1.730,1.480,1,0,0,0,0,25,435,0,80,9
05-06 21:53:44,29.988,2.999,63.225,2.999,0,6117780,1082180,104676,823768,411092.496,403165.572,0,6389.521,0,469.818,5039,8613,2.250,1.730,1.480,1,0,0,0,0,25,433,0,82,9
05-06 21:53:45,8.263,1.252,88.388,0.751,0.250,6117696,1082244,104692,823772,123572.650,115729.422,0,857.337,0,86.134,2714,4545,2.250,1.730,1.480,1,0,0,0,0,25,434,0,72,9
05-06 21:53:46,10.987,2.497,84.147,0.999,0,6117656,1082212,104716,823820,179320.512,169459.581,0,1250.469,0,148.818,3837,6386,2.250,1.730,1.480,0,0,0,0,0,25,433,0,72,9
05-06 21:53:47,9.238,1.997,83.892,1.248,0,6117836,1081960,104720,823888,185771.355,177919.484,0,978.737,0,92.880,3143,5300,2.070,1.700,1.470,0,0,0,0,0,25,433,0,70,9
05-06 21:53:48,13.751,2.000,82.254,1.750,0.500,6117932,1081676,104724,824072,226731.203,213144.592,0,2484.112,0,242.011,3458,5662,2.070,1.700,1.470,1,0,0,0,0,25,434,0,70,9
05-06 21:53:49,18.279,2.504,74.869,2.003,0,6118388,1081140,104744,824132,319185.505,309606.274,16.025,1274.026,1.002,137.218,3897,7111,2.070,1.700,1.470,3,0,0,0,0,25,435,0,69,9
05-06 21:53:50,26.468,4.245,65.171,1.248,0,6118004,1081204,104772,824416,493717.109,486627.694,0,1685.958,0,164.800,4865,9446,2.070,1.700,1.470,4,0,1.998,0,0,25,434,0,71,9
05-06 21:53:51,28.987,4.498,62.972,2.249,0.500,6118164,1080920,104800,824512,561277.986,552166.077,0,2694.790,0,324.854,4975,9302,2.070,1.700,1.470,1,0,0,0,0,25,435,0,72,9
05-06 21:53:52,35.082,4.511,56.132,2.255,0,6119128,1079596,104844,824828,772895.895,756458.382,0,4514.578,0,390.916,5742,10872,2.220,1.740,1.480,2,0,0,0,0,25,435,0,75,9
05-06 21:53:53,29.769,3.002,63.791,3.002,0,6119536,1079124,104880,824856,511084.627,502119.863,64.041,4851.119,3.002,388.250,4505,7945,2.220,1.740,1.480,1,1,0,0,0,25,435,0,74,9
05-06 21:53:54,34.438,2.995,59.893,1.248,0,6119216,1079108,104908,825148,879897.503,872458.789,0,3226.238,0,253.547,4980,9186,2.220,1.740,1.480,1,0,0,0,0,25,434,0,75,9
05-06 21:53:55,30.962,3.246,61.923,2.497,0.499,6119016,1079108,104960,825296,648925.928,640283.609,0,2972.326,0,359.556,5407,9803,2.220,1.740,1.480,2,0,0,0,0,25,435,0,73,9
05-06 21:53:56,32.766,3.502,61.780,2.251,0.250,6118924,1079108,104972,825372,700238.114,684312.470,0,2933.408,0,310.149,4466,7973,2.220,1.740,1.480,1,0,0,0,0,25,435,0,75,9
05-06 21:53:57,32.743,3.749,59.737,2.000,0,6119436,1078540,104984,825416,747931.959,739714.783,63.986,2527.439,15.996,299.933,4529,8445,2.210,1.740,1.480,1,0,0,0,0,25,435,0,72,9
05-06 21:53:58,32.499,3.000,62.248,2.250,0.250,6119720,1078100,104988,825568,450411.289,442412.497,0,10615.724,0,849.978,4346,6460,2.210,1.740,1.480,1,0,0,0,0,25,435,0,73,9
05-06 21:53:59,26.499,3.500,65.748,1.500,0,6119416,1077976,105008,825976,581656.714,571509.998,0,3063.914,0,322.991,4732,8467,2.210,1.740,1.480,1,0,1.000,0,0,25,435,0,79,9
05-06 21:54:00,31.589,3.510,60.670,4.262,0,6119536,1077536,105036,826268,694817.046,686765.437,0,7870.099,0,618.737,6040,11159,2.210,1.740,1.480,2,0,0,0,0,25,434,0,80,9
05-06 21:54:01,41.100,6.725,49.818,1.495,0.249,6121048,1075732,105052,826540,773823.639,765658.409,0,3786.196,0,304.888,4883,8759,2.210,1.740,1.480,1,0,16.938,0,0,25,434,0,71,9
05-06 21:54:02,34.529,4.754,58.800,0.751,0,6121072,1075488,105052,826756,668357.093,660282.278,0,1665.406,0,137.116,4041,6892,2.190,1.750,1.490,2,0,0,0,0,25,434,0,71,9
05-06 21:54:03,39.219,8.993,49.711,0.250,0.500,6127584,1068840,105052,826892,482591.236,470386.865,0,1370.918,0,81.935,3743,5720,2.190,1.750,1.490,2,1,31.975,0,0,25,435,0,71,9
05-06 21:54:04,38.048,19.525,41.553,0.250,0,6141540,1054140,105060,827576,375445.816,368474.963,95.121,1109.409,21.027,84.107,6862,10704,2.190,1.750,1.490,2,0,38.048,0,0,26,435,0,71,9
05-06 21:54:05,36.357,6.519,54.911,1.003,0.251,6164080,1031412,105060,827744,420560.242,414847.503,19248.398,1335.914,685.007,129.379,10097,16304,2.190,1.750,1.490,2,1,0,0,0,26,436,0,70,9
05-06 21:54:06,51.871,8.479,35.661,1.496,0,6139580,1055884,105080,827732,776797.658,769352.160,241.400,2246.418,8.978,209.479,5827,9695,2.190,1.750,1.490,3,0,40.898,0,0,25,435,0,76,9
05-06 21:54:07,25.975,2.248,68.184,1.998,0,6139332,1055868,105088,827972,530868.465,522108.988,0,2217.842,0,221.784,4834,8232,2.090,1.740,1.480,0,0,0,0,0,25,435,0,69,9
05-06 21:54:08,16.051,2.257,77.996,2.006,0,6139304,1055616,105224,828116,227552.335,209073.162,212.669,3719.710,8.025,277.875,3961,6424,2.090,1.740,1.480,2,0,0,0,0,25,436,0,71,9
05-06 21:54:09,29.001,4.500,62.002,3.250,0.250,6125824,1068760,105256,828420,572950.907,561548.531,0,6204.205,0,520.017,5936,9825,2.090,1.740,1.480,1,0,0,0,0,25,436,0,73,9
05-06 21:54:10,35.490,4.249,54.984,3.749,0.500,6135568,1058264,105288,829120,775421.128,766603.685,0,6890.002,0,566.836,6890,11231,2.090,1.740,1.480,3,0,1.999,0,0,25,435,0,74,9
05-06 21:54:11,40.138,7.728,50.110,1.745,0.249,6137428,1055964,105300,829528,807962.896,800070.004,0,2828.079,0,268.249,5545,9178,2.090,1.740,1.480,2,0,17.950,0,0,25,435,0,71,9
05-06 21:54:12,39.029,4.253,53.289,0.751,0,6141912,1051696,105300,829304,693344.608,684300.961,0,2149.580,0,158.116,4695,7486,2.010,1.720,1.480,3,0,6.004,0,0,25,435,0,71,9
05-06 21:54:13,45.617,12.031,42.359,1.003,0,6166700,1026676,105304,829536,467267.476,452464.476,4.010,2125.456,1.003,196.504,5011,7936,2.010,1.720,1.480,5,0,40.103,0,0,25,435,0,69,10
05-06 21:54:14,36.486,16.244,45.233,0.250,0,6168108,1024708,105304,830044,448709.798,431092.598,159.938,1699.344,25.990,95.963,7243,10993,2.010,1.720,1.480,4,0,26.990,0,0,26,435,0,69,9
05-06 21:54:15,37.443,4.743,51.921,4.244,0,6220320,972264,105304,830284,358241.339,349670.299,19340.757,1533.681,685.963,148.775,8220,14741,2.010,1.720,1.480,2,1,0,0,0,26,436,0,69,9
05-06 21:54:16,53.581,15.273,28.293,0.751,0,6147608,1044936,105312,830268,1177921.729,1171755.381,0,2912.415,0,266.404,7446,12928,2.010,1.720,1.480,5,0,69.105,0,0,25,435,0,69,9
05-06 21:54:17,22.919,4.484,69.504,1.495,0.747,6146728,1045332,105320,830712,521750.048,513521.162,0,2590.834,0,257.090,5036,8681,2.570,1.840,1.520,1,0,1.993,0,0,25,435,0,69,9
05-06 21:54:18,21.786,4.007,65.357,7.512,0,6146676,1045176,105324,830916,355432.620,348299.908,0,12308.210,0,1189.954,7662,9342,2.570,1.840,1.520,1,0,2.003,0,0,25,437,0,72,9
05-06 21:54:19,31.947,4.243,62.146,1.747,0.250,6159584,1032040,105340,831128,629962.592,623364.604,31.947,6409.303,0.998,451.247,5181,8598,2.570,1.840,1.520,4,0,0,0,0,25,437,0,82,9
05-06 21:54:20,36.065,6.261,51.843,4.258,0,6129948,1061328,105372,831440,851404.528,844748.547,0,6800.240,0,584.051,6846,11867,2.570,1.840,1.520,3,0,7.013,0,0,25,435,0,76,9
05-06 21:54:21,35.793,5.757,56.318,0.501,0,6128092,1062896,105380,831720,877580.239,869862.925,0,2491.007,0,229.277,4806,8166,2.570,1.840,1.520,1,0,10.012,0,0,25,435,0,76,9
05-06 21:54:22,39.962,4.746,54.199,0.500,0,6134356,1056208,105384,832144,589939.507,573286.244,0,1226.841,0,83.921,3836,5878,2.440,1.830,1.520,1,0,12.988,0,0,25,435,0,74,9
05-06 21:54:23,43.527,15.259,39.024,1.001,0,6151236,1038636,105444,832660,460242.970,453917.067,211.130,1729.067,25.015,139.086,6278,9417,2.440,1.830,1.520,1,0,59.036,0,0,26,435,0,74,9
05-06 21:54:24,31.958,11.735,54.429,0.999,0.250,6167224,1022372,105464,832900,475926.488,467037.115,6545.439,2740.416,245.679,124.837,7114,11793,2.440,1.830,1.520,1,0,0,0,0,26,435,0,73,9
05-06 21:54:25,33.782,3.253,56.053,4.254,0,6215916,973268,105472,833304,236057.199,226408.994,12892.299,1065.016,446.426,89.085,5831,10696,2.440,1.830,1.520,4,1,0,0,0,26,436,0,73,9
05-06 21:54:26,39.934,8.486,49.668,0.749,0.749,6142660,1046640,105476,833152,701032.389,693473.914,0,2320.156,0,225.626,5493,9661,2.440,1.830,1.520,1,0,41.931,0,0,25,434,0,75,9
05-06 21:54:27,29.759,3.751,62.769,2.501,0,6142504,1046528,105484,833396,479651.692,472070.342,12.004,3777.171,3.001,309.096,4878,8523,2.330,1.820,1.520,1,0,0,0,0,25,434,0,76,9
05-06 21:54:28,24.272,4.504,67.562,1.752,0,6141528,1047316,105488,833580,321721.088,313947.006,28.026,2690.451,7.006,227.207,3898,6651,2.330,1.820,1.520,2,0,1.001,0,0,25,436,0,79,8
05-06 21:54:29,28.050,2.004,63.113,5.510,0,6132056,1056748,105504,833604,373995.582,367676.302,0,9492.945,0,830.482,4658,5821,2.330,1.820,1.520,1,0,1.002,0,0,25,436,0,81,8
05-06 21:54:30,30.737,2.749,63.724,1.999,0.250,6131816,1056908,105512,833656,562394.543,555217.471,0,1823.256,0,185.924,3718,6509,2.330,1.820,1.520,2,0,0,0,0,25,438,0,81,8
05-06 21:54:31,33.449,4.244,59.159,1.997,0.250,6131212,1057312,105536,833832,731722.465,725130.550,0,6278.394,0,434.335,5050,9024,2.330,1.820,1.520,3,0,2.995,0,0,25,436,0,84,8
05-06 21:54:32,29.509,3.501,64.519,1.500,0,6131068,1057364,105536,833904,568716.203,561008.937,0,2528.743,0,244.072,4431,7724,2.220,1.800,1.510,1,0,0,0,0,25,435,0,83,8
05-06 21:54:33,29.049,4.257,63.106,2.254,0.250,6131008,1057208,105536,834116,527859.693,515528.025,0,4130.923,0,358.601,5438,10284,2.220,1.800,1.510,1,0,0,0,0,25,435,0,87,8
05-06 21:54:34,27.445,4.491,64.869,1.247,0.249,6131064,1056924,105556,834324,542852.153,533986.018,0,2227.512,0,240.515,5379,10636,2.220,1.800,1.510,1,0,0,0,0,25,436,0,87,8
05-06 21:54:35,29.958,2.746,63.412,3.245,0,6131020,1056892,105556,834400,465320.808,458920.723,0,2089.090,0,227.683,4220,7346,2.220,1.800,1.510,2,0,0,0,0,25,436,0,88,8
05-06 21:54:36,33.025,2.752,61.797,1.501,0,6130904,1056892,105576,834496,679131.894,668439.693,0,2477.901,0,268.206,4397,7576,2.220,1.800,1.510,1,0,0,0,0,25,436,0,90,8
05-06 21:54:37,32.070,1.754,61.885,2.004,0.501,6130752,1056892,105576,834648,624837.144,614319.130,0,2228.877,0,209.458,4054,7252,2.200,1.810,1.520,3,0,0,0,0,25,436,0,90,8
05-06 21:54:38,36.686,3.993,54.655,2.745,0,6130880,1056608,105584,834796,839275.625,821327.961,3.993,6943.876,0.998,549.041,6468,11947,2.200,1.810,1.520,2,0,0,0,0,25,436,0,92,8
05-06 21:54:39,30.054,3.005,65.116,2.004,0.250,6130860,1056388,105596,835020,670031.346,664302.108,0,2035.638,0,235.421,4709,8118,2.200,1.810,1.520,2,0,0,0,0,25,436,0,93,8
05-06 21:54:40,28.664,1.994,64.806,2.742,0,6130820,1056340,105604,835080,552172.452,543950.045,0,2133.618,0,226.323,4342,7223,2.200,1.810,1.520,3,0,0,0,0,25,436,0,95,8
05-06 21:54:41,34.803,5.258,57.588,0.751,0,6153800,1033172,105604,835264,592591.220,584489.776,0,2055.157,0,213.328,4497,8996,2.200,1.810,1.520,4,0,34.052,0,0,25,436,0,95,8
05-06 21:54:42,32.688,5.240,59.388,2.745,0.250,6131560,1055332,105616,835332,687047.290,677001.207,0,2068.106,0,222.581,5089,9070,2.180,1.810,1.520,1,0,1.996,0,0,25,436,0,98,8
05-06 21:54:43,30.550,3.506,62.352,1.753,0.250,6131512,1055080,105632,835612,622325.369,612082.591,0,5845.575,0,460.755,5470,9014,2.180,1.810,1.520,3,0,0,0,0,25,438,0,103,8
05-06 21:54:44,29.998,4.000,59.996,4.750,0,6135268,1051080,105656,835828,636685.252,627730.825,47.997,3007.808,2.000,292.981,5729,10115,2.180,1.810,1.520,3,0,0,0,0,25,435,0,99,8
05-06 21:54:45,38.980,7.746,45.227,4.248,0.500,6136952,1049032,105676,836172,815259.218,802713.616,0,3794.065,0,322.835,5874,9678,2.180,1.810,1.520,1,0,14.992,0,0,25,434,0,99,8
05-06 21:54:46,39.531,5.004,54.293,2.002,0,6136816,1048772,105692,836552,893281.439,870505.606,0,3478.724,0,305.239,5677,9455,2.180,1.810,1.520,4,0,3.002,0,0,25,434,0,99,8
05-06 21:54:47,39.186,5.491,55.159,0,0,6136036,1049376,105696,836696,330394.501,322148.066,0,1038.292,0,62.897,2798,4082,2.250,1.830,1.530,2,0,13.977,0,0,25,434,0,99,8
05-06 21:54:48,41.490,18.995,37.991,0.250,0,6153020,1031768,105704,837252,456152.067,446589.372,94.977,1219.706,20.995,91.978,6283,10006,2.250,1.830,1.530,1,0,54.987,0,0,26,434,0,99,8
05-06 21:54:49,39.875,9.279,47.148,3.511,0.251,6169196,1015384,105704,837460,579574.968,570421.271,11176.037,1316.126,400.255,121.381,8060,12995,2.250,1.830,1.530,4,0,0,0,0,26,435,0,104,8
05-06 21:54:50,49.449,18.731,29.719,1.249,0.499,6142788,1041716,105720,837524,800950.812,791088.060,851.116,2709.185,43.954,227.763,6783,12006,2.250,1.830,1.530,3,0,66.930,0,0,25,434,0,97,8
05-06 21:54:51,32.721,3.747,59.448,1.998,0.250,6142524,1041688,105736,837772,767489.981,759556.907,39.965,2062.200,6.994,202.823,4651,7907,2.250,1.830,1.530,3,0,2.997,0,0,25,435,0,98,8
05-06 21:54:52,24.767,3.502,67.547,3.252,0,6142520,1041500,105764,837936,501332.418,485950.820,8.006,3842.648,1.001,300.207,4346,7469,2.230,1.830,1.530,1,0,0,0,0,25,436,0,98,8
05-06 21:54:53,35.439,5.740,54.406,3.993,0,6143064,1040632,105780,838224,687761.611,679820.310,0,7419.202,0,514.113,5546,11615,2.230,1.830,1.530,3,0,0.998,0,0,25,436,0,101,8
05-06 21:54:54,31.756,3.001,62.512,1.500,0,6134376,1049256,105796,838268,570169.183,560557.309,0,2268.442,0,224.044,4225,7291,2.230,1.830,1.530,1,0,0,0,0,25,436,0,100,8
05-06 21:54:55,28.840,3.009,63.197,2.006,0.251,6133272,1050288,105804,838332,596820.273,587937.541,0,4819.045,0,457.428,4272,7401,2.230,1.830,1.530,4,0,1.003,0,0,25,436,0,103,8
05-06 21:54:56,31.404,3.988,61.063,1.994,0.249,6133092,1050224,105828,838552,593690.557,576592.016,0,2396.647,0,299.082,5515,10005,2.230,1.830,1.530,2,0,0,0,0,25,436,0,102,8
05-06 21:54:57,29.289,4.005,63.835,3.004,0.250,6133028,1050224,105828,838616,568018.897,559022.941,0,3716.940,0,302.402,5504,10047,2.130,1.820,1.530,1,0,0,0,0,25,435,0,107,8
05-06 21:54:58,32.257,4.751,57.513,4.001,0,6132636,1050256,105840,838964,574308.071,564886.970,84.019,3756.838,21.005,404.090,6272,11728,2.130,1.820,1.530,2,0,0,0,0,25,436,0,107,8
05-06 21:54:59,46.532,11.508,41.279,1.001,0.250,6131572,1051124,105852,839148,614371.217,605326.913,4.003,2345.635,1.001,246.172,4656,7579,2.130,1.820,1.530,3,0,7.005,0,0,25,436,0,110,8
05-06 21:55:00,28.499,2.000,62.247,4.000,0,6132004,1050620,105872,839200,415506.809,406915.247,0,18075.078,0,1322.933,5503,7807,2.130,1.820,1.530,2,0,0,0,0,25,436,0,111,8
05-06 21:55:01,42.072,4.758,52.590,1.503,0,6131448,1051092,105876,839276,876079.468,867048.051,0,1811.092,0,179.306,4744,8054,2.130,1.820,1.530,2,0,2.003,0,0,25,435,0,106,8
05-06 21:55:02,35.445,3.994,55.913,2.995,0.499,6131212,1051084,105904,839492,749330.037,740828.198,0,2420.253,0,303.530,6345,10944,2.360,1.870,1.550,1,0,0,0,0,25,436,0,108,8
05-06 21:55:03,30.432,2.494,62.860,2.245,0.249,6130900,1051124,105916,839752,613592.462,599725.413,0,2358.735,0,267.403,4963,8248,2.360,1.870,1.550,2,0,0,0,0,25,436,0,110,8
05-06 21:55:04,29.476,2.498,64.947,2.248,0,6130776,1051188,105928,839800,546849.599,537940.806,0,1942.429,0,174.859,4007,6735,2.360,1.870,1.550,1,0,0,0,0,25,436,0,111,8
05-06 21:55:05,41.334,4.259,50.854,3.006,0,6131252,1050620,105932,839888,952674.646,944085.157,0,2637.370,0,228.465,5402,9332,2.360,1.870,1.550,1,0,0,0,0,25,435,0,112,8
05-06 21:55:06,29.958,6.241,59.667,3.994,0.250,6130984,1050652,105948,840104,612065.333,595158.968,0,7525.479,0,614.141,6110,10591,2.360,1.870,1.550,1,0,0,0,0,25,435,0,123,8
05-06 21:55:07,31.607,3.512,61.206,3.261,0,6131100,1050164,105952,840456,748581.216,740566.189,0,2540.567,0,318.073,5201,10221,2.410,1.890,1.550,3,0,0,0,0,25,434,0,118,8
05-06 21:55:08,38.139,7.229,51.849,1.994,0.249,6131984,1048840,105956,840892,779397.629,773091.941,0,4443.097,0,362.946,5225,9033,2.410,1.890,1.550,2,0,14.957,0,0,25,434,0,118,8
05-06 21:55:09,42.040,10.009,37.035,9.008,0.250,6152320,1023280,106564,844852,832638.513,821970.474,4372.114,1985.869,168.158,158.149,5477,9627,2.410,1.890,1.550,3,0,218.205,0,0,25,434,0,115,8
05-06 21:55:10,42.540,20.269,33.782,2.753,0.250,6184000,990852,106576,845544,378590.496,371846.164,555.522,1429.342,47.044,95.089,5416,9370,2.410,1.890,1.550,8,0,241.227,0,0,26,435,0,115,8
05-06 21:55:11,29.016,14.008,53.529,0.250,0,6181352,992996,106576,846000,382298.206,375279.401,263.143,1624.881,18.010,125.068,7084,10785,2.410,1.890,1.550,3,0,10.005,0,0,26,435,0,109,8
05-06 21:55:12,37.021,5.003,51.279,5.253,0.250,6221380,952792,106580,846172,298945.203,292122.341,19182.857,1048.594,674.382,96.054,7337,13685,2.540,1.930,1.570,3,0,0,0,0,26,436,0,109,8
05-06 21:55:13,48.446,8.740,38.208,1.748,0,6155204,1019108,106600,846140,956064.812,945442.613,0,2341.399,0,259.711,6265,12066,2.540,1.930,1.570,3,0,29.967,0,0,25,435,0,109,8
05-06 21:55:14,32.423,3.990,58.610,3.741,0,6154984,1019036,106616,846412,666559.256,660929.666,0,6460.611,0,510.783,5203,9477,2.540,1.930,1.570,1,0,0,0,0,25,435,0,109,8
05-06 21:55:15,19.533,2.755,74.627,1.503,0.250,6155088,1018784,106616,846560,392886.479,384938.936,0,3029.162,0,213.364,3887,6701,2.540,1.930,1.570,2,0,0,0,0,25,437,0,111,8
05-06 21:55:16,29.205,4.243,63.401,1.248,0,6137016,1036812,106624,846596,567200.868,558555.329,0,1521.631,0,171.733,3829,6488,2.540,1.930,1.570,1,0,0.998,0,0,25,437,0,115,8
05-06 21:55:17,31.782,5.255,60.560,1.251,0.250,6147812,1025520,106636,847100,472115.283,458622.871,0,3455.435,0,301.299,4585,7599,2.420,1.910,1.560,1,0,3.003,0,0,25,437,0,117,8
05-06 21:55:18,31.820,3.758,62.888,0.752,0.251,6147432,1026144,106636,846852,745340.239,738256.641,0,1487.275,0,144.318,4019,6438,2.420,1.910,1.560,1,0,1.002,0,0,25,437,0,120,8
05-06 21:55:19,28.995,4.499,61.739,1.250,0.250,6147208,1026284,106640,846932,617276.742,609282.157,3.999,3139.444,1.000,304.946,5035,9900,2.420,1.910,1.560,1,0,0,0,0,25,437,0,115,8
05-06 21:55:20,30.428,5.487,59.609,2.744,0,6142068,1031104,106656,847236,496935.251,489081.832,0,8100.833,0,580.626,5975,11514,2.420,1.910,1.560,2,0,0.998,0,0,25,436,0,123,8
05-06 21:55:21,28.808,3.507,63.127,1.754,0,6142628,1030308,106676,847448,636727.733,628190.548,0,2356.744,0,285.575,5444,10174,2.420,1.910,1.560,1,0,2.004,0,0,25,437,0,123,8
05-06 21:55:22,31.909,2.244,63.320,1.994,0,6142780,1030040,106680,847556,713808.216,699051.199,0,2600.601,0,281.200,4697,7825,2.300,1.890,1.560,1,0,0,0,0,25,437,0,125,8
05-06 21:55:23,30.641,3.238,62.527,1.744,0,6142828,1029820,106684,847720,524265.092,515160.513,0,1845.428,0,186.336,4130,6830,2.300,1.890,1.560,4,0,0,0,0,25,437,0,125,8
05-06 21:55:24,35.989,2.013,60.654,0.755,0.503,6143012,1029568,106692,847780,614626.107,606214.143,0,1389.243,0,133.891,3862,6179,2.300,1.890,1.560,1,0,0,0,0,25,436,0,126,8
05-06 21:55:25,26.949,3.493,65.876,1.747,0.499,6142744,1029600,106700,848004,378914.609,370649.214,0,1912.389,0,219.585,5021,9054,2.300,1.890,1.560,1,1,0,0,0,25,437,0,127,8
05-06 21:55:26,32.568,4.760,57.370,4.509,0,6136944,1035308,106716,848080,570999.676,563698.439,0,8493.726,0,753.573,5936,9855,2.300,1.890,1.560,1,0,0,0,0,25,437,0,128,8
05-06 21:55:27,28.390,2.739,64.750,1.743,0,6136852,1035340,106720,848136,669941.366,659590.301,0,1864.806,0,229.116,4572,7908,2.280,1.900,1.560,1,0,0,0,0,25,437,0,127,8
05-06 21:55:28,44.667,4.768,47.678,1.506,0,6136764,1035104,106720,848432,958387.369,950396.483,76.285,2212.274,19.071,301.126,5514,9681,2.280,1.900,1.560,2,0,0,0,0,25,436,0,128,8
05-06 21:55:29,30.135,1.494,65.999,0.747,0,6136612,1035104,106724,848580,565456.177,558982.834,0,1239.280,0,119.545,3346,5524,2.280,1.900,1.560,2,0,0,0,0,25,437,0,124,8
05-06 21:55:30,28.526,3.003,65.561,1.501,0.250,6137596,1034048,106724,848632,586011.647,577308.588,0,1833.698,0,178.165,3880,6579,2.280,1.900,1.560,2,0,1.001,0,0,25,437,0,128,8
05-06 21:55:31,29.820,4.009,60.140,4.009,0.501,6136708,1034244,106724,849324,627296.228,617833.169,0,13387.206,0,1099.563,4964,7518,2.280,1.900,1.560,1,0,3.007,0,0,25,437,0,127,8
05-06 21:55:32,27.425,3.241,66.816,1.247,0.249,6136928,1033968,106724,849352,398259.980,389881.994,0,1332.340,0,126.652,3224,5274,2.180,1.880,1.560,1,0,0,0,0,25,436,0,130,8
05-06 21:55:33,31.776,5.004,61.050,2.502,0,6136532,1034000,106724,849716,529136.659,519309.679,0,2049.664,0,259.210,5457,10205,2.180,1.880,1.560,1,0,0,0,0,25,435,0,125,8
05-06 21:55:34,26.534,4.506,63.330,3.504,0,6136828,1033528,106756,849856,471045.873,462010.443,28.035,7581.591,4.005,529.670,6334,11534,2.180,1.880,1.560,2,1,0,0,0,25,435,0,127,8
05-06 21:55:35,28.747,3.000,62.494,2.500,0,6136580,1033520,106760,850104,588000.612,569998.430,0,2367.761,0,277.972,5453,9713,2.180,1.880,1.560,1,0,0,0,0,25,436,0,126,8
05-06 21:55:36,33.514,3.251,61.775,2.501,0.250,6136480,1033488,106764,850228,667991.541,658151.526,0,3129.277,0,283.116,4929,8161,2.180,1.880,1.560,1,0,0,0,0,25,436,0,133,8
05-06 21:55:37,29.981,2.748,64.458,1.749,0.250,6136480,1033268,106768,850444,717684.658,709109.206,0,2638.293,0,236.847,4332,7224,2.080,1.870,1.560,1,0,0,0,0,25,436,0,126,8
05-06 21:55:38,32.479,3.748,61.210,1.249,0,6136528,1033048,106772,850612,672241.371,664539.385,0,1990.704,0,198.871,4896,8468,2.080,1.870,1.560,1,0,0,0,0,25,435,0,127,8
05-06 21:55:39,32.198,3.245,61.401,2.246,0.250,6136492,1032772,106776,850916,558347.735,549900.310,0,2563.880,0,308.504,5456,9679,2.080,1.870,1.560,3,0,0,0,0,25,436,0,124,8
05-06 21:55:40,30.072,3.258,62.900,3.007,0.251,6136456,1032764,106788,850944,463800.381,456228.367,0,7517.885,0,523.245,4902,7760,2.080,1.870,1.560,1,0,0,0,0,25,436,0,125,8
05-06 21:55:41,29.523,2.252,65.300,1.501,0,6136584,1032544,106804,851016,452747.805,445677.389,0,1493.144,0,178.136,4133,6786,2.080,1.870,1.560,4,0,2.002,0,0,25,436,0,124,8
05-06 21:55:42,36.790,4.755,55.811,1.001,0.250,6138376,1030716,106808,851048,754254.875,743400.076,0,1473.602,0,158.172,4365,11299,2.240,1.900,1.570,1,0,34.037,0,0,25,436,0,125,8
05-06 21:55:43,31.446,3.244,61.645,1.248,0,6139008,1029468,106828,851308,720279.043,712215.823,0,1337.714,0,132.773,3997,6631,2.240,1.900,1.570,1,0,0,0,0,25,436,0,126,8
05-06 21:55:44,27.979,2.748,66.449,0.749,0.500,6139280,1029168,106828,851316,357462.826,348852.430,0,1223.062,0,124.904,3502,5630,2.240,1.900,1.570,2,1,0.999,0,0,25,436,0,121,8
05-06 21:55:45,30.280,2.002,64.063,1.501,0,6139448,1028916,106836,851388,686646.347,676686.536,0,1921.893,0,214.211,4472,7311,2.240,1.900,1.570,2,0,0,0,0,25,436,0,122,8
05-06 21:55:46,28.466,3.246,65.171,1.248,0.250,6140160,1028160,106844,851424,379072.460,369606.884,0,2369.140,0,192.767,3985,6342,2.240,1.900,1.570,1,0,0.999,0,0,25,436,0,125,8
05-06 21:55:47,28.475,5.495,64.194,1.998,0.250,6139936,1028160,106852,851636,554879.030,544956.613,0,1998.271,0,237.794,4996,9209,2.300,1.920,1.580,2,0,0,0,0,25,436,0,128,8
05-06 21:55:48,28.761,3.751,61.523,3.001,0,6139832,1028160,106892,851700,428503.832,421397.181,0,7730.884,0,560.209,5768,9705,2.300,1.920,1.580,1,1,0,0,0,25,435,0,133,8
05-06 21:55:49,30.073,4.010,63.404,2.255,0,6140052,1027656,106912,851956,565306.695,553604.258,0,2931.123,0,285.694,6009,10869,2.300,1.920,1.580,7,0,0,0,0,25,436,0,138,8
05-06 21:55:50,27.960,2.496,62.660,2.496,0.499,6143604,1023876,106916,852176,736585.790,729027.658,0,1941.209,0,220.683,4534,7727,2.300,1.920,1.580,3,0,0,0,0,25,436,0,134,8
05-06 21:55:51,28.951,1.997,63.892,2.496,0,6143540,1023844,106932,852256,647965.754,640017.251,0,2515.728,0,252.571,4788,8105,2.300,1.920,1.580,3,0,1.997,0,0,25,436,0,136,8
05-06 21:55:52,34.538,2.252,62.819,1.001,0.250,6143484,1023876,106932,852280,558454.859,542311.085,0,1701.874,0,148.163,3661,5966,2.350,1.940,1.580,3,0,0,0,0,25,436,0,135,8
05-06 21:55:53,33.011,4.251,57.769,2.251,0,6138200,1028876,106948,852528,554765.956,546177.062,0,6302.124,0,476.160,5553,10028,2.350,1.940,1.580,3,0,0,0,0,25,436,0,136,8
05-06 21:55:54,30.046,3.505,64.099,2.003,0,6138000,1028844,106956,852744,739201.370,731518.539,0,2031.128,0,241.372,4642,8061,2.350,1.940,1.580,2,0,0,0,0,25,436,0,131,8
05-06 21:55:55,34.511,6.002,56.767,2.501,0.500,6137844,1028836,106960,852900,833611.919,823836.918,0,2640.811,0,290.089,5897,11010,2.350,1.940,1.580,1,0,0,0,0,25,436,0,133,8
05-06 21:55:56,31.924,2.245,62.351,0.998,0.249,6137712,1028900,106960,852968,538266.082,524404.198,0,1911.434,0,183.561,4037,6610,2.350,1.940,1.580,2,0,0,0,0,25,436,0,128,8
05-06 21:55:57,36.469,3.497,57.951,2.248,0.250,6138200,1028144,106960,853228,721829.167,714186.656,0,2294.052,0,243.793,4946,8944,2.490,1.970,1.600,1,0,0,0,0,25,434,0,133,8
05-06 21:55:58,14.259,4.002,76.297,3.252,0,6138708,1027576,106968,853276,112990.150,105632.647,76.047,4734.898,19.012,390.239,4582,7421,2.490,1.970,1.600,1,0,0,0,0,25,435,0,127,8
05-06 21:55:59,29.247,4.000,63.743,1.750,0,6138876,1026916,106968,853756,671800.774,663590.669,0,2011.781,0,241.974,4480,7982,2.490,1.970,1.600,1,0,1.000,0,0,25,434,0,128,8
05-06 21:56:00,40.222,5.496,51.714,3.248,0,6140480,1025152,106972,853908,925290.326,894363.572,0,7362.942,0,582.600,6702,11930,2.490,1.970,1.600,2,0,6.995,0,0,25,436,0,124,8
05-06 21:56:01,39.028,3.252,54.289,2.001,0.751,6140844,1024584,106984,854104,791829.991,766198.767,0,8213.840,0,538.383,5588,8889,2.490,1.970,1.600,3,4,2.001,0,0,25,437,0,124,8
05-06 21:56:02,26.008,3.251,65.270,2.251,0,6140992,1024212,106988,854320,574369.629,564577.584,0,7874.449,0,827.257,5313,7565,2.690,2.020,1.620,0,0,4.001,0,0,25,434,0,120,8
05-06 21:56:03,9.242,2.498,85.928,0.500,0,6141124,1024024,106988,854376,128744.756,111249.329,0,867.278,0,65.945,2692,4407,2.690,2.020,1.620,0,0,7.993,0,0,25,435,0,120,8
05-06 21:56:04,13.253,5.001,79.768,0.750,0,6145760,1018172,108032,854548,1283099.848,180061.974,0,720.160,51.011,45.010,3890,5383,2.690,2.020,1.620,1,0,34.008,0,0,25,435,0,118,8
05-06 21:56:05,10.997,2.749,82.227,2.499,0.500,6146836,1017668,107292,854696,196186.871,181803.913,451.873,911.744,20.994,70.980,2881,4527,2.690,2.020,1.620,0,1,10.997,0,0,25,435,0,118,8
05-06 21:56:06,31.756,1.750,62.012,2.751,0,6145472,1017168,107660,856188,1301819.648,168660.214,2874.549,904.173,102.019,84.016,3999,5028,2.690,2.020,1.620,1,0,2.000,0,0,25,435,0,114,8
05-06 21:56:07,27.065,2.483,62.324,7.449,0.248,6148640,1013488,108184,856176,1557498.937,17918283.613,1037.905,18105.233,48.667,67.538,6356,3869,2.550,2.010,1.610,1,0,5.959,0,0,25,435,0,114,8
05-06 21:56:08,28.197,1.007,69.233,0.252,0,6148644,1013452,108184,856204,18162.813,11469.077,0,563.937,0,42.295,2243,3163,2.550,2.010,1.610,1,0,0,0,0,25,435,0,112,8
05-06 21:56:09,31.104,0.251,66.974,0.251,0.251,6148600,1013484,108184,856216,115635.611,107636.799,0,565.897,0,45.151,2268,3150,2.550,2.010,1.610,2,0,0,0,0,25,435,0,112,8
05-06 21:56:10,34.250,1.500,64.000,0.250,0,6144128,1017784,108188,856384,155814.688,149404.701,0,831.998,0,87.000,2742,3913,2.550,2.010,1.610,2,0,0,0,0,25,435,0,112,8
05-06 21:56:11,26.954,5.241,61.895,3.993,0,6143392,1017056,108040,857976,284024.431,308170.575,1939.718,816.618,66.887,56.904,3646,5303,2.550,2.010,1.610,2,0,22.961,0,0,25,435,0,112,8
05-06 21:56:12,46.192,12.484,38.451,0.499,0.250,6158744,1001300,108040,858320,467564.998,456046.557,4.994,1178.510,1.997,108.862,4470,7399,2.590,2.020,1.620,1,0,52.933,0,0,25,436,0,113,8
05-06 21:56:13,31.999,1.500,65.499,0.250,0.250,6158708,1001332,108040,858324,117268.889,109854.023,0,531.990,0,40.999,2590,3840,2.590,2.020,1.620,4,0,0,0,0,25,436,0,113,8
05-06 21:56:14,25.240,10.496,63.474,0,0,6168032,991652,108040,858656,288745.347,147232.518,128.948,419.830,2.999,27.989,4839,7766,2.590,2.020,1.620,1,0,2.999,0,0,26,436,0,113,8
05-06 21:56:15,16.242,4.748,76.210,0.750,0.500,6170416,989144,108040,858772,365791.057,356202.063,0.999,943.507,0.999,120.937,4196,6733,2.590,2.020,1.620,1,0,0,0,0,26,437,0,113,8
05-06 21:56:16,41.073,5.510,52.593,1.503,0,6161728,997660,108040,858936,798146.517,791296.386,0,1658.938,0,189.335,5328,8969,2.590,2.020,1.620,2,0,24.043,0,0,25,436,0,109,8
05-06 21:56:17,45.016,16.235,35.669,0.492,0,6155340,1003888,108044,859192,823670.003,724253.394,0,1928.566,,129.883,6080,10723,2.700,2.060,1.630,2,0,69.861,0,0,25,435,0,110,8
05-06 21:56:18,28.010,4.838,63.659,1.782,0.509,6155140,1003856,108052,859416,478603.011,463740.468,0,7178.673,0,502.140,5158,8288,2.700,2.060,1.630,0,0,0,0,0,25,437,0,105,8
05-06 21:56:19,20.199,1.746,74.560,1.746,0,6155200,1003636,108052,859576,349969.927,337747.083,103.736,1312.654,1.995,137.649,4021,6543,2.700,2.060,1.630,0,0,0,0,0,25,435,0,110,8
05-06 21:56:20,14.739,2.748,79.689,1.499,0.250,6143596,1015044,108052,859768,217827.362,201048.198,0,1438.899,0,151.884,3981,6512,2.700,2.060,1.630,0,0,0,0,0,25,435,0,93,8
05-06 21:56:21,20.014,2.252,73.552,1.501,0.250,6143144,1015324,108052,859924,405732.476,397681.752,0,2001.423,0,216.154,4394,7272,2.700,2.060,1.630,0,0,2.001,0,0,25,436,0,94,8
05-06 21:56:22,14.740,2.498,82.944,0.999,0.250,6142716,1015072,108052,860600,187843.581,170026.572,0,1490.997,0,117.921,3044,4876,2.480,2.020,1.630,1,0,0,0,0,25,437,0,91,8
05-06 21:56:23,30.543,5.257,61.836,2.003,0,6154516,1001920,108052,861940,615951.020,606402.719,0,1922.678,0,206.287,4784,8076,2.480,2.020,1.630,0,1,3.004,0,0,25,435,0,92,8
05-06 21:56:24,41.049,7.215,49.258,2.488,0.249,6153612,1002660,108064,862088,925814.952,908632.250,0,5003.453,0,447.803,6144,11397,2.480,2.020,1.630,11,0,6.966,0,0,25,437,0,92,8
05-06 21:56:25,45.317,5.035,48.841,1.511,0,6154264,1002660,108072,861428,926263.434,910170.915,0,8096.612,0,587.105,5799,10665,2.480,2.020,1.630,2,0,0,0,0,25,436,0,91,8
05-06 21:56:26,35.875,4.484,57.549,0.997,0.498,6149944,1006784,108072,861620,528746.972,519995.575,0,1399.107,0,133.533,4158,7183,2.480,2.020,1.630,2,0,4.983,0,0,25,436,0,91,8
05-06 21:56:27,8.504,2.501,87.042,0,0,6150168,1006524,108072,861656,103960.421,97701.385,0,1264.613,0,45.022,2652,4221,2.370,2.010,1.620,0,0,8.004,0,0,25,436,0,89,8
05-06 21:56:28,15.522,7.511,74.355,1.752,0,6155180,1001312,108072,861840,1303296.345,196967.527,32.045,1714.416,60.085,114.161,4739,6784,2.370,2.010,1.620,1,0,42.059,0,0,25,436,0,89,8
05-06 21:56:29,18.994,4.998,72.728,2.249,0.250,6157176,998068,109236,861924,2504622.585,241168.203,2326.288,711.782,132.959,69.979,5010,5433,2.370,2.010,1.620,1,0,11.996,0,0,25,436,0,86,8
05-06 21:56:30,22.027,4.005,63.079,9.512,0.250,6156856,998780,108708,862056,764911.315,33913370.146,104.130,33445.640,14.017,92.115,8897,4254,2.370,2.010,1.620,1,0,0,0,0,25,436,0,86,8
05-06 21:56:31,54.331,7.228,35.888,0,0,6198328,957292,108708,862056,113707.030,106600.154,0,462.560,0,32.898,3223,5374,2.370,2.010,1.620,1,0,448.603,0,0,25,436,0,81,8
05-06 21:56:32,60.218,7.778,31.614,0.251,0.502,6269384,886220,108708,862068,71044.251,64598.913,0,5102.476,0,457.657,3741,4474,2.500,2.040,1.640,4,1,240.872,0,0,25,437,0,81,8
05-06 21:56:33,37.510,15.254,43.762,0.500,0,6826936,328656,108708,862080,91356.758,83839.721,0,6549.775,0,651.176,3859,3947,2.500,2.040,1.640,8,0,88.024,0,0,25,436,0,77,8
05-06 21:56:34,89.750,1.750,8.000,0,0,6828036,327528,108708,862104,155971.532,148551.554,0,587.998,0,67.000,3296,4544,2.500,2.040,1.640,5,0,56.000,0,0,25,435,0,78,8
05-06 21:56:35,54.504,10.251,34.252,0.250,0,6894240,261172,108708,862256,118224.394,112178.965,0,540.038,0,53.004,2919,4112,2.500,2.040,1.640,6,0,24.002,0,0,25,436,0,71,8
05-06 21:56:36,73.011,4.251,20.753,0.500,0,6339280,816120,108708,862268,47680.961,37745.511,0,704.103,0,83.012,3362,4813,2.500,2.040,1.640,2,0,40.006,0,0,25,435,0,77,8
05-06 21:56:37,62.608,9.478,28.685,0,0.249,7007644,147744,108708,862280,113045.161,104594.362,0,375.148,0,26.939,2634,3428,2.460,2.040,1.640,2,0,23.946,0,0,25,435,0,69,8
05-06 21:56:38,86.220,1.250,11.246,0,0.250,7007884,147492,108712,862288,128803.563,111839.415,0,275.905,0,26.991,2951,4057,2.460,2.040,1.640,1,0,39.986,0,0,25,435,0,69,8
05-06 21:56:39,50.037,10.508,39.279,0.500,0.250,6909300,246076,108712,862288,106328.790,98758.180,0,184.136,0,11.008,2419,2989,2.460,2.040,1.640,3,0,20.015,0,0,25,436,0,68,8
05-06 21:56:40,82.307,0.748,16.461,0,0,6909508,245856,108712,862300,53522.223,43814.037,0,0,0,0,2560,3198,2.460,2.040,1.640,1,0,43.897,0,0,25,435,0,68,8
05-06 21:56:41,53.228,13.809,32.640,0,0,6958924,196432,108712,862308,114781.528,106386.504,0,0,0,0,2536,3174,2.460,2.040,1.640,4,0,30.129,0,0,25,435,0,66,8
05-06 21:56:42,79.449,5.479,14.694,0,0,6942988,212356,108716,862312,129348.510,120846.749,0,79.698,0,8.966,3238,10380,2.580,2.070,1.650,2,0,69.736,0,0,25,435,0,67,8
05-06 21:56:43,60.476,9.536,29.360,0.251,0.251,6955924,199404,108716,862328,52282.537,43303.957,4.015,658.463,2.008,44.165,2814,3590,2.580,2.070,1.650,5,0,28.105,0,0,25,436,0,64,8
05-06 21:56:44,76.189,1.494,21.164,0,0,6956368,198880,108716,862388,76059.449,68506.289,0,298.780,0,23.902,2763,3764,2.580,2.070,1.650,2,0,35.854,0,0,25,435,0,64,8
05-06 21:56:45,51.050,13.764,34.284,1.501,0.250,6956328,199276,108276,862472,338536.443,339567.455,230.226,753.740,35.034,67.066,3403,4698,2.580,2.070,1.650,3,0,28.028,0,0,25,435,0,59,8
05-06 21:56:46,88.417,1.503,9.768,0,0,6956976,198488,108276,862612,134393.407,127285.952,0,605.146,0,70.133,3264,4787,2.580,2.070,1.650,1,0,44.083,0,0,25,435,0,59,8
05-06 21:56:47,22.959,8.984,61.391,3.494,0.499,6149032,1005036,108428,863844,2605934.466,201022.186,3603.604,3354.047,155.724,215.617,6140,7143,2.530,2.070,1.650,4,0,57.897,0,0,25,436,0,54,8
05-06 21:56:48,36.025,9.257,51.787,0.500,0,6156948,997080,108436,863876,246620.361,239477.310,0,1196.846,0,88.062,3638,6900,2.530,2.070,1.650,7,0,37.026,0,0,25,436,0,54,8
05-06 21:56:49,34.574,16.786,46.349,0.251,0,6178396,974832,108436,864596,413604.769,398658.724,9.019,821.762,3.006,55.118,6839,10942,2.530,2.070,1.650,3,0,24.052,0,0,26,435,0,47,8
05-06 21:56:50,32.249,6.000,58.748,1.250,0,6157924,995176,108436,864720,778787.300,771916.527,0,1267.958,1.000,148.995,4815,8365,2.530,2.070,1.650,4,0,15.000,0,0,25,436,0,47,8
05-06 21:56:51,46.748,19.749,30.749,1.000,0,6156336,996324,108368,865132,5405087.227,1029586.994,0,1787.939,,129.996,9913,13088,2.530,2.070,1.650,1,0,93.997,0,0,25,434,0,45,8
05-06 21:56:52,32.503,3.250,62.507,0.750,1.000,6155836,996444,108368,865468,523163.979,507170.267,0,1324.142,0,139.015,3901,6488,2.490,2.070,1.650,0,0,0,0,0,25,436,0,45,8
05-06 21:56:53,20.976,2.997,74.413,0.999,0,6156276,995908,108368,865560,331673.269,311765.481,0,1626.104,0,139.837,3958,6320,2.490,2.070,1.650,5,0,0,0,0,25,435,0,44,8
05-06 21:56:54,17.738,3.248,76.197,2.498,0,6156032,995940,108372,865764,301501.251,284970.805,0,2514.243,0,230.839,4338,7198,2.490,2.070,1.650,2,0,0,0,0,25,434,0,45,8
05-06 21:56:55,23.227,5.994,66.184,2.997,0,6147768,1003932,108376,866024,519763.395,511814.280,0,5154.886,0,398.605,5929,11201,2.490,2.070,1.650,1,0,0,0,0,25,435,0,56,8
05-06 21:56:56,29.569,7.016,60.642,1.253,0,6169024,966168,108376,882180,33258591.431,33244663.715,0,17805.826,0,221.520,4792,9387,2.490,2.070,1.650,1,0,3.007,0,0,25,434,0,68,8
05-06 21:56:57,28.172,5.485,66.316,0.499,0.249,6151056,984044,108376,882216,95919.112,87430.642,0,666.153,0,41.884,2682,3947,2.770,2.130,1.680,0,0,8.975,0,0,25,435,0,67,8
05-06 21:56:58,15.999,2.750,79.744,0.500,0.750,6150772,984296,108376,882244,112698.998,91923.473,0,1395.901,0,65.995,3264,4919,2.770,2.130,1.680,1,0,7.000,0,0,25,435,0,67,8
05-06 21:56:59,16.006,3.001,79.781,0.750,0,6143164,991684,108376,882460,73013.475,60659.657,68.027,1292.504,17.007,136.053,3138,5257,2.770,2.130,1.680,1,0,5.002,0,0,25,434,0,65,8
05-06 21:57:00,5.999,2.250,89.731,0,0,6142924,991896,108376,882484,46470.288,38962.857,0,531.889,0,29.994,2337,3914,2.770,2.130,1.680,0,0,7.998,0,0,25,435,0,65,8
05-06 21:57:01,9.246,5.248,82.212,1.000,0.250,6149132,985636,108376,882520,1186725.293,80886.873,0,499.771,51.976,36.983,4398,5867,2.770,2.130,1.680,0,0,44.979,0,0,25,435,0,63,8
05-06 21:57:02,14.255,3.751,80.277,0.500,0.250,6168264,966500,108376,882524,101152.583,74447.717,16.005,520.173,1.000,32.011,2262,3457,2.630,2.110,1.670,1,0,5.002,0,0,25,435,0,65,8
05-06 21:57:03,28.040,6.259,66.346,0.250,0,6179604,954868,108380,882808,75328.548,60463.127,0,5255.573,0,646.932,3208,3844,2.630,2.110,1.670,3,2,6.009,0,0,25,435,0,65,8
05-06 21:57:04,24.213,6.240,66.897,1.498,0.250,6170340,964132,108380,882808,1158469.165,69186.107,1042.390,4860.491,47.926,446.310,3977,4277,2.630,2.110,1.670,1,0,14.977,0,0,25,435,0,65,8
05-06 21:57:05,25.072,9.026,56.914,8.775,0.251,6170768,963592,108380,882844,4043682.631,17892392.521,3368.688,1069375.524,166.479,353.015,12600,9915,2.630,2.110,1.670,3,0,56.162,0,0,25,435,0,64,8
05-06 21:57:06,21.939,5.983,69.807,0.499,0,6149520,984648,108380,882996,132925.726,116139.108,0,765.884,,,3947,6287,2.630,2.110,1.670,1,0,24.931,0,0,25,435,0,71,8
05-06 21:57:07,16.030,2.254,79.401,1.753,0.250,6150428,999956,108384,867112,258842.542,248900.662,0,1310.489,0,176.335,3685,6529,2.500,2.100,1.670,1,1,0,0,0,25,435,0,71,8
05-06 21:57:08,8.478,1.995,86.031,1.496,0.249,6150316,1000020,108388,867156,105371.357,86610.011,0,1049.335,0,109.721,2928,4812,2.500,2.100,1.670,1,0,0,0,0,25,434,0,64,8
05-06 21:57:09,28.028,1.502,67.568,0.751,0.250,6146476,1003684,108388,867332,482634.600,474144.092,0,812.814,0,66.066,2922,4810,2.500,2.100,1.670,3,0,0,0,0,25,436,0,65,8
05-06 21:57:10,32.111,4.265,58.703,3.261,0,6145956,1004068,108388,867460,757143.904,749293.813,0,2600.976,0,307.060,5193,9960,2.500,2.100,1.670,2,0,0,0,0,25,435,0,65,8
05-06 21:57:11,44.791,4.728,47.031,3.235,0.249,6145668,1003896,108392,867912,1120267.433,1110410.377,0,8524.268,0,674.855,6567,12751,2.500,2.100,1.670,2,0,1.991,0,0,25,434,0,67,8
05-06 21:57:12,30.824,2.506,63.903,0.752,0,6145656,1003864,108400,867948,777489.530,767657.914,0,2137.133,0,165.397,3881,6837,2.460,2.090,1.670,2,0,0,0,0,25,434,0,67,8
05-06 21:57:13,8.239,1.498,88.628,0.499,0.250,6145624,1003864,108400,867976,119449.920,109693.404,0,575.205,0,42.941,2322,3879,2.460,2.090,1.670,0,0,0,0,0,25,434,0,67,8
05-06 21:57:14,19.741,4.498,73.717,0.500,0,6144740,1004572,108404,868132,395303.114,376130.741,83.962,1547.304,1.999,90.959,3426,5860,2.460,2.090,1.670,1,0,6.997,0,0,25,436,0,66,8
05-06 21:57:15,18.247,1.750,77.237,1.000,0.250,6144576,1004572,108404,868292,330049.532,310507.698,0,1183.808,0,145.976,3606,6076,2.460,2.090,1.670,2,1,0,0,0,25,434,0,66,8
05-06 21:57:16,12.761,3.003,81.572,0.751,0.250,6145004,1004100,108404,868336,218456.241,199996.997,0,1489.311,0,147.129,3609,6193,2.460,2.090,1.670,0,0,4.004,0,0,25,434,0,66,8
05-06 21:57:17,4.995,2.747,90.651,0.250,0.250,6144596,1004344,108404,868496,53858.133,36767.813,0,503.450,0,32.964,2363,4201,2.260,2.060,1.660,1,0,7.991,0,0,25,436,0,66,8
05-06 21:57:18,13.505,7.753,75.526,2.001,0.250,6150764,998060,108404,868544,2554167.959,164091.432,0,768.269,113.040,64.022,5875,7238,2.260,2.060,1.660,0,0,72.025,0,0,25,435,0,64,8
05-06 21:57:19,24.750,3.500,69.000,0.500,0,6154768,993780,108408,868780,195705.979,186274.931,0,972.005,0,73.000,2902,4969,2.260,2.060,1.660,1,0,13.000,0,0,25,435,0,69,8
05-06 21:57:20,44.286,18.765,35.278,0.500,0,6166700,981276,108408,869296,519237.987,500776.125,9.007,1625.308,3.002,151.122,6264,11066,2.260,2.060,1.660,2,0,55.044,0,0,26,436,0,64,8
05-06 21:57:21,34.543,10.263,53.316,0.250,0,6185400,962360,108408,869508,9642261.193,661357.777,8697.742,1001.237,278.344,94.116,11386,11886,2.260,2.060,1.660,4,0,2.002,0,0,26,437,0,64,8
05-06 21:57:22,37.322,3.006,56.860,0.501,0.250,6238716,908964,108408,869588,13823492.752,574626.200,12845.908,649.259,408.793,49.095,12246,9245,2.080,2.020,1.650,2,0,0,0,0,26,438,0,63,8
05-06 21:57:23,45.940,13.233,37.202,2.497,0.499,6158480,988948,108408,869824,3127087.168,735295.322,0,5397.000,,386.499,8866,13076,2.080,2.020,1.650,1,0,85.889,0,0,25,437,0,64,8
05-06 21:57:24,25.951,3.743,67.122,0.749,0,6157228,990152,108408,869928,527956.299,516833.466,0,1313.500,0,130.751,4010,6668,2.080,2.020,1.650,2,0,5.989,0,0,25,438,0,65,8
05-06 21:57:25,24.238,3.248,68.717,2.249,0.250,6157080,990152,108416,870064,495755.525,476722.603,0,2622.749,0,278.867,4757,8296,2.080,2.020,1.650,1,0,0,0,0,25,437,0,66,8
05-06 21:57:26,14.015,2.252,81.087,1.251,0,6157420,989776,108424,870088,258108.467,242355.532,0,2686.888,0,217.234,3830,6601,2.080,2.020,1.650,2,0,0,0,0,25,437,0,66,8
05-06 21:57:27,8.727,1.995,87.271,1.247,0,6147804,999136,108424,870344,94589.325,81646.352,0,1240.738,0,121.680,2892,4755,1.910,1.990,1.640,0,0,0,0,0,25,436,0,66,8
05-06 21:57:28,14.259,1.751,80.552,1.251,0.750,6147484,999440,108428,870392,218694.495,203720.807,0,1124.728,0,129.084,3746,6129,1.910,1.990,1.640,0,0,0,0,0,25,436,0,66,8
05-06 21:57:29,28.074,8.773,62.666,2.005,0,6166628,972148,108432,878484,29741985.034,29731986.568,104.276,2137.658,26.069,292.775,5142,9399,1.910,1.990,1.640,1,0,3.008,0,0,25,437,0,81,8
05-06 21:57:30,24.711,7.738,65.146,0.499,0,6164364,965512,108436,887044,3805525.797,3793954.231,0,16781.267,0,86.862,3357,5636,1.910,1.990,1.640,1,0,7.987,0,0,25,436,0,84,8
05-06 21:57:31,25.514,4.753,68.288,0.500,0.250,6158320,971608,108440,886980,88519.660,73461.212,0,672.377,0,61.034,3218,5018,1.910,1.990,1.640,2,0,13.007,0,0,25,437,0,84,8
05-06 21:57:32,16.487,3.247,77.439,0.500,0,6153748,976160,108440,887000,92893.357,67810.972,0,499.609,0,41.967,3003,4354,1.760,1.960,1.630,0,0,4.996,0,0,25,436,0,84,8
05-06 21:57:33,6.251,1.250,90.511,0,0,6153748,976136,108440,887020,61113.150,42363.957,0,488.057,0,36.004,2248,3695,1.760,1.960,1.630,1,0,0,0,0,25,436,0,84,8
05-06 21:57:34,6.999,2.500,87.242,2.000,0.250,6154168,974844,108440,887888,46533.765,37963.545,0,7799.290,0,803.927,3063,3944,1.760,1.960,1.630,0,1,7.999,0,0,25,437,0,83,8
05-06 21:57:35,10.746,6.248,78.720,2.749,0.750,6160252,968584,108444,888048,1207886.756,107407.541,0,5249.974,51.980,347.866,4610,6176,1.760,1.960,1.630,0,0,43.983,0,0,25,437,0,83,8
05-06 21:57:36,25.709,5.491,65.894,1.498,0,6188908,939904,108444,888072,97582.283,73839.414,15.974,766.769,0.998,92.851,2963,4738,1.760,1.960,1.630,3,0,6.989,0,0,25,438,0,84,8
05-06 21:57:37,26.365,5.273,66.792,1.255,0,6174972,953684,108448,888208,41796.945,34942.945,0,4001.515,0,257.125,2745,4330,1.780,1.960,1.640,1,0,9.040,0,0,25,437,0,84,8
05-06 21:57:38,29.484,7.246,61.216,0.500,0,6183516,945076,108448,888224,1209093.326,105967.870,1055.411,471.737,50.972,33.981,3622,4261,1.780,1.960,1.640,1,0,9.994,0,0,25,437,0,83,8
05-06 21:57:39,23.460,9.733,58.400,7.487,0,6177232,951256,108448,888240,3988720.311,17790817.121,3337.287,1064210.072,161.723,303.480,11761,8593,1.780,1.960,1.640,1,0,52.909,0,0,25,437,0,83,8
05-06 21:57:40,16.248,5.249,76.989,0.250,0.250,6153504,974816,108448,888396,74647.176,56576.796,0,299.957,,,2979,4702,1.780,1.960,1.640,0,0,22.997,0,0,25,437,0,84,8
05-06 21:57:41,8.998,1.500,86.729,0.750,0.250,6153844,990692,108456,872508,91080.050,78999.961,15.996,903.782,1.000,90.978,2722,4863,1.780,1.960,1.640,1,0,2.000,0,0,25,436,0,84,8
05-06 21:57:42,29.247,6.249,62.244,2.000,0.500,6153400,990888,108468,872744,398869.512,390428.348,0,1847.817,0,243.976,4802,12162,1.640,1.930,1.630,1,1,33.997,0,0,25,437,0,88,8
05-06 21:57:43,30.804,2.504,63.863,1.002,0,6151000,992980,108472,873040,668538.645,658576.021,0,1290.283,0,154.273,4142,7400,1.640,1.930,1.630,3,0,0,0,0,25,435,0,90,8
05-06 21:57:44,39.036,5.255,50.797,4.254,0,6150384,993472,108476,873156,938186.317,927419.444,0,6009.511,0,518.475,6468,10782,1.640,1.930,1.630,1,0,7.006,0,0,25,437,0,90,8
05-06 21:57:45,42.211,3.497,52.202,0.999,0,6150372,993228,108480,873408,888667.646,865040.218,0,2625.603,0,253.768,5416,8667,1.640,1.930,1.630,3,0,0,0,0,25,437,0,90,8
05-06 21:57:46,35.269,4.002,60.033,1.251,0,6149480,993576,108480,873944,623263.055,617111.709,0,2561.393,0,230.125,4664,7813,1.640,1.930,1.630,1,0,4.002,0,0,25,435,0,91,8
05-06 21:57:47,8.987,1.997,88.118,0,0.749,6149712,993144,108484,874140,127357.855,104439.072,0,774.843,0,45.931,2345,3897,1.510,1.890,1.620,0,0,7.988,0,0,25,436,0,91,8
05-06 21:57:48,12.005,6.003,78.283,1.501,0,6159336,983344,108508,874288,2513311.591,183692.151,0,780.328,107.045,64.027,4867,6031,1.510,1.890,1.620,2,0,45.019,0,0,25,436,0,91,8
05-06 21:57:49,15.489,4.247,77.443,0.749,0.250,6157160,985600,108492,874204,284559.710,216890.718,47.965,771.430,5.996,53.960,3403,5775,1.510,1.890,1.620,1,0,30.977,0,0,25,436,0,96,8
05-06 21:57:50,32.091,6.268,60.923,0.251,0,6161788,980716,108492,874416,225805.643,216949.438,0,954.717,0,71.203,2939,4586,1.510,1.890,1.620,3,0,25.071,0,0,25,436,0,97,8
05-06 21:57:51,36.261,17.505,44.513,0.250,0,6174024,967800,108492,875092,357055.331,341358.701,9.003,840.248,3.001,66.019,6672,11385,1.510,1.890,1.620,0,0,39.012,0,0,26,436,0,93,8
05-06 21:57:52,39.743,5.999,50.992,0.250,0,6194948,946788,108496,875172,19376760.211,930461.404,17851.072,1007.835,569.907,99.984,16727,12086,1.710,1.930,1.630,3,0,0,0,0,26,437,0,93,8
05-06 21:57:53,41.727,13.742,41.727,1.999,0.500,6161948,979628,108496,875364,6832840.108,757447.102,0,1699.054,,166.907,11453,14051,1.710,1.930,1.630,2,0,91.949,0,0,25,435,0,93,8
05-06 21:57:54,27.174,2.742,67.061,0.499,0.249,6161820,979684,108496,875436,518030.815,504787.044,0,1228.547,0,133.624,4041,6521,1.710,1.930,1.630,0,0,0,0,0,25,437,0,93,8
05-06 21:57:55,32.518,6.254,58.533,2.752,0,6161160,979496,108496,876280,703536.609,684028.528,0,2933.666,0,298.169,6746,12098,1.710,1.930,1.630,1,0,0,0,0,25,436,0,92,8
05-06 21:57:56,18.254,2.751,73.267,2.751,0,6153788,986916,108500,876224,315760.994,293556.931,16.004,4092.933,1.000,320.073,4611,7881,1.710,1.930,1.630,1,0,0,0,0,25,437,0,94,8
05-06 21:57:57,30.165,4.238,64.069,1.994,0.249,6152108,988176,108504,876636,518783.512,511037.364,0,6082.840,0,430.785,4154,6609,1.970,1.980,1.650,3,0,0.997,0,0,25,437,0,77,8
05-06 21:57:58,31.596,2.508,63.443,1.755,0.251,6152072,988176,108504,876672,586690.365,577348.986,0,1893.753,0,201.612,4201,6917,1.970,1.980,1.650,2,0,0,0,0,25,437,0,80,8
05-06 21:57:59,31.514,4.502,62.529,1.501,0.250,6151244,988712,108504,876964,634024.383,625675.559,100.046,2365.083,25.011,285.131,4558,7629,1.970,1.980,1.650,2,0,2.001,0,0,25,437,0,80,8
05-06 21:58:00,30.773,2.252,65.048,1.751,0.250,6151728,988176,108504,877012,496635.000,485068.406,0,1533.139,0,173.129,3847,6345,1.970,1.980,1.650,3,0,0,0,0,25,438,0,82,8
05-06 21:58:01,26.945,4.491,64.617,1.996,0,6151604,988208,108504,877100,535382.183,526193.095,0,3133.551,0,290.402,5396,10125,1.970,1.980,1.650,1,0,1.996,0,0,25,437,0,86,8
05-06 21:58:02,25.994,3.249,67.235,2.749,0.250,5996776,1140824,108508,879308,103792.647,86411.557,1943.563,1475.668,18.996,132.970,3026,5235,1.890,1.960,1.650,2,0,0,0,0,25,435,0,88,8
05-06 21:58:03,24.003,4.000,70.008,4.751,0,5926780,1208016,108828,881792,48000.760,333597.032,1784.214,820.098,45.005,50.006,2843,3946,1.890,1.960,1.650,0,0,0,0,0,25,435,0,86,8
05-06 21:58:04,6.748,2.499,91.969,0.250,0.250,5926644,1208016,108832,881920,10222.555,1843.379,0,543.817,0,32.989,2158,3404,1.890,1.960,1.650,0,0,0,0,0,25,435,0,86,8
05-06 21:58:05,8.996,1.999,87.213,3.249,0.250,5932348,1202312,108832,881920,25389.311,14650.832,0,11135.312,0,1001.578,3451,3817,1.890,1.960,1.650,1,1,0,0,0,25,435,0,86,8
05-06 21:58:06,9.260,2.753,85.089,1.001,0,5920548,1214104,108836,881924,43947.145,36092.898,0,2374.493,0,317.333,2932,4442,1.890,1.960,1.650,0,0,0,0,0,25,435,0,92,8
05-06 21:58:07,2.498,0.749,93.925,0,0.500,5920580,1214072,108836,881924,10374.731,1730.621,0,423.662,0,25.979,2008,3378,1.740,1.930,1.640,1,0,0,0,0,25,435,0,85,8
05-06 21:58:08,6.505,1.001,90.826,0.500,0.250,5920576,1214072,108836,881928,48018.191,39476.041,0,464.389,0,35.029,2280,3735,1.740,1.930,1.640,0,0,0,0,0,25,435,0,85,8
05-06 21:58:09,4.250,1.500,92.259,0.500,0,5920544,1214104,108836,881928,10531.064,2418.244,0,1508.152,0,101.010,2275,3747,1.740,1.930,1.640,0,0,0,0,0,25,435,0,85,8
05-06 21:58:10,3.998,0.750,93.207,0.250,0.250,5920540,1214104,108836,881932,9590.531,2261.946,0,115.946,0,12.994,1961,3317,1.740,1.930,1.640,5,0,0,0,0,25,435,0,85,8
05-06 21:58:11,4.504,1.501,91.341,1.001,0,5920560,1214072,108836,881944,19980.841,9919.850,0,300.298,0,41.041,2344,3888,1.740,1.930,1.640,1,0,2.002,0,0,25,435,0,81,8
05-06 21:58:12,5.001,1.000,92.273,0,0.250,5920460,1214168,108836,881948,16752.138,10340.554,0,504.125,0,51.013,2063,3362,1.600,1.900,1.630,0,0,0,0,0,25,435,0,81,8
05-06 21:58:13,3.746,0.999,92.647,0.250,0.499,5920556,1214072,108836,881948,16627.444,9694.181,0,299.666,0,32.963,2193,3677,1.600,1.900,1.630,0,0,0,0,0,25,435,0,81,8
05-06 21:58:14,3.500,0.750,94.237,0,0.250,5920488,1214136,108836,881952,11394.485,3789.496,0,251.966,0,14.998,1864,2942,1.600,1.900,1.630,0,0,0,0,0,25,435,0,81,8
05-06 21:58:15,5.001,1.250,91.266,1.000,0.250,5920476,1214136,108836,881964,23937.141,16658.882,4.001,692.120,1.000,53.009,2401,3973,1.600,1.900,1.630,0,0,0,0,0,25,435,0,81,8
05-06 21:58:16,5.999,1.250,89.979,1.000,0,5920464,1214144,108836,881968,33804.022,26825.669,0,627.852,0,80.981,2633,4386,1.600,1.900,1.630,1,0,0,0,0,25,435,0,81,8
05-06 21:58:17,2.750,1.250,94.495,0.250,0,5920748,1213860,108836,881968,10021.419,1565.909,0,251.985,0,16.999,1781,2954,1.470,1.870,1.620,0,0,0,0,0,25,435,0,81,8
05-06 21:58:18,4.250,1.250,91.508,0.500,0.250,5920740,1213860,108836,881976,19731.776,12478.123,0,376.034,0,34.003,2090,3297,1.470,1.870,1.620,0,0,0,0,0,25,435,0,81,8
05-06 21:58:19,4.750,1.250,92.747,0.250,0.750,5920988,1213608,108836,881976,16263.496,9741.698,0,279.991,0,19.999,1819,2910,1.470,1.870,1.620,0,0,0,0,0,25,435,0,81,8
05-06 21:58:20,2.500,0.750,94.743,0,0,5921020,1213576,108836,881976,8748.388,1731.879,0,0,0,0,1696,2885,1.470,1.870,1.620,0,0,0,0,0,25,435,0,81,8
05-06 21:58:21,2.750,1.500,93.512,0.250,0,5920704,1213892,108836,881976,8664.092,1732.218,0,156.020,0,17.002,1922,3271,1.470,1.870,1.620,0,0,2.000,0,0,25,435,0,81,8
05-06 21:58:22,5.006,0.501,92.604,0,0,5920732,1213860,108836,881980,24473.459,4716.292,0,500.562,0,35.039,1874,3032,1.350,1.830,1.610,0,0,0,0,0,25,435,0,81,8
05-06 21:58:23,4.497,0.749,92.429,0.250,0,5920700,1213892,108836,881980,17025.856,8130.723,0,107.917,0,15.988,1992,3294,1.350,1.830,1.610,0,0,0,0,0,25,435,0,80,8
05-06 21:58:24,3.249,1.000,94.463,0,0.250,5920764,1213828,108836,881980,9091.400,1619.359,0,175.930,0,10.996,1785,3040,1.350,1.830,1.610,0,0,0,0,0,25,435,0,80,8
05-06 21:58:25,3.754,1.752,92.100,0.250,0.751,5920724,1213860,108836,881988,24767.997,14665.986,0,368.402,0,48.052,2196,3703,1.350,1.830,1.610,0,0,0,0,0,25,435,0,78,8
05-06 21:58:26,5.498,1.499,90.964,0.750,0,5920676,1213892,108836,882004,34791.292,26889.406,0,571.775,0,81.968,2513,4220,1.350,1.830,1.610,0,0,0,0,0,25,435,0,78,8
05-06 21:58:27,3.748,0.750,93.939,0,0,5920708,1213860,108836,882004,11132.719,3316.831,0,215.859,0,15.990,1800,3088,1.250,1.800,1.600,0,0,0,0,0,25,435,0,78,8
05-06 21:58:28,5.248,1.749,92.720,0.500,0,5920708,1213860,108836,882004,20760.191,12418.927,0,315.896,0,32.989,2142,3475,1.250,1.800,1.600,0,0,0,0,0,25,435,0,78,8
05-06 21:58:29,4.755,2.002,89.596,1.502,0.250,5920604,1213892,108836,882076,19111.488,10388.136,76.082,1361.459,19.020,150.161,2646,4504,1.250,1.800,1.600,2,0,0,0,0,25,435,0,59,8
05-06 21:58:30,3.998,1.249,92.209,0,0.750,5920616,1213844,108836,882096,29396.007,10443.384,15.993,135.940,3.998,27.988,2201,3499,1.250,1.800,1.600,0,0,0,0,0,25,435,0,59,8
05-06 21:58:31,3.748,1.000,92.962,0.500,0,5920612,1213844,108836,882100,15694.502,3433.578,0,839.652,0,16.993,2037,3324,1.250,1.800,1.600,1,0,1.999,0,0,25,435,0,53,8
05-06 21:58:32,3.501,0.750,94.776,0,0,5920612,1213844,108836,882100,10469.921,1732.483,0,316.088,0,18.005,1755,2928,1.140,1.770,1.590,0,0,0,0,0,25,435,0,53,8
05-06 21:58:33,3.749,0.750,92.476,0,0.250,5920576,1213876,108836,882104,25918.339,14744.211,0,99.974,0,11.997,2006,3186,1.140,1.770,1.590,1,0,0,0,0,25,435,0,53,8
05-06 21:58:34,2.001,1.001,95.058,0.250,0,5920640,1213812,108836,882104,8483.209,544.334,0,176.108,0,11.007,1606,2797,1.140,1.770,1.590,0,0,0,0,0,25,435,0,53,8
05-06 21:58:35,5.248,0,93.220,0.250,0.500,5920608,1213844,108836,882104,20429.463,10804.543,0,323.896,0,34.989,1991,3501,1.140,1.770,1.590,1,0,0,0,0,25,435,0,53,8
05-06 21:58:36,8.997,3.749,82.226,1.999,0.250,5932048,1201936,108836,882572,39140.688,30020.324,0,2995.134,0,419.879,3274,4631,1.140,1.770,1.590,0,0,2.999,0,0,25,435,0,59,8
05-06 21:58:37,7.509,3.254,84.849,2.503,0,5939792,1193644,109076,882880,113106.656,1873.180,1053.226,480.559,31.036,35.041,2471,3824,1.050,1.740,1.580,1,0,3.003,0,0,25,435,0,59,8
05-06 21:58:38,11.991,2.998,81.691,1.499,0,5932116,1201044,109108,883124,140930.825,14556.447,215.844,171.875,12.991,11.991,2523,3743,1.050,1.740,1.580,0,0,12.991,0,0,25,435,0,51,8
05-06 21:58:39,14.539,5.515,76.205,1.755,0,5937384,1195104,109128,883776,237536.686,7670.657,541.458,316.853,17.046,15.041,2265,3273,1.050,1.740,1.580,1,0,17.046,0,0,25,435,0,51,8
05-06 21:58:40,10.221,2.244,81.765,4.238,0.249,5938532,1187712,109160,889988,121314.977,3404.206,5867.120,3.989,73.788,0.997,2073,3154,1.050,1.740,1.580,0,1,13.960,0,0,25,435,0,51,8
05-06 21:58:41,15.258,4.502,68.537,11.006,0.500,5939100,1164528,109160,912604,8804.719,2954.584,13599.289,520.279,295.158,78.042,2614,3694,1.050,1.740,1.580,1,0,9.005,0,0,25,435,0,51,8
05-06 21:58:42,21.777,6.258,63.328,6.508,0.250,5968528,1115664,109160,932040,19232.541,13040.962,5735.020,428.525,111.136,30.037,2809,6034,1.050,1.730,1.580,3,0,39.048,0,0,25,435,0,50,8
05-06 21:58:43,24.949,3.992,66.864,4.990,0,5939728,1123164,109160,953340,18737.850,9128.415,6107.565,363.260,309.370,31.935,2988,4618,1.050,1.730,1.580,1,0,5.988,0,0,25,435,0,51,8
