"pcp-dstat 5.3.6 CSV Output"
"Author:","PCP team <pcp@groups.io> and Dag Wieers <dag@wieers.com>",,,,"URL:","https://pcp.io/ and http://dag.wieers.com/home-made/dstat/"
"Host:","ubuntu",,,,"User:","ubuntu"
"Cmdline:","dstat -tcmndrylpg --tcp --output /tmp/devstack_logs/dstat-csv.log",,,,"Date:","19 Dec 2023 07:00:46 UTC"
"system","total usage",,,,,"memory usage",,,,"net/total",,"dsk/total",,"io/total",,"system",,"load avg",,,"procs",,,"paging",,"tcp sockets",,,,
"time","total usage:usr","total usage:sys","total usage:idl","total usage:wai","total usage:stl","used","free","buf","cach","net/total:recv","net/total:send","dsk/total:read","dsk/total:writ","read","writ","int","csw","1m","5m","15m","run","blk","new","in","out","lis","act","syn","tim","clo"
19-12 07:00:46,,1061956,1522252,160596,5064052,,,,,,,0.910,0.590,0.390,4,0,,,,9,6,0,11,1
19-12 07:00:47,26.713,20.721,51.428,0.250,0,1079740,1503884,160604,5064584,110063.352,5905.756,0,1545.842,0,68.904,3668,6266,0.910,0.590,0.390,1,0,539.247,0,0,9,7,0,11,2
19-12 07:00:48,17.507,16.256,64.775,0,0.250,1083480,1499864,160624,5064836,936656.359,16376.370,0,1020.397,0,89.035,4697,6661,0.910,0.590,0.390,1,0,286.111,0,0,9,7,1,11,2
19-12 07:00:49,40.272,16.259,42.774,0,0,1125624,1457372,160672,5065072,354509.753,8748.856,0,760.422,0,15.008,4985,7196,1.070,0.630,0.400,3,0,202.112,0,0,9,8,0,11,2
19-12 07:00:50,26.202,8.485,64.882,0.250,0,1262224,1320328,160692,5190284,56775.895,7666.078,0,455.173,0,11.978,2409,3486,1.070,0.630,0.400,1,0,83.848,0,0,10,11,0,11,2
19-12 07:00:51,20.768,10.759,67.057,0,0.250,1214380,1367644,160712,5190776,408136.140,10445.910,80.068,612.522,1.001,23.020,2150,2628,1.070,0.630,0.400,2,0,162.138,0,0,10,9,0,11,2
19-12 07:00:52,30.527,6.005,62.304,0.751,0,1267380,1311216,160740,5194164,1522108.278,34044.687,268.234,13399.685,16.014,137.120,3069,3223,1.070,0.630,0.400,2,0,52.045,0,0,10,10,0,14,2
19-12 07:00:53,27.720,2.497,67.177,1.748,0,1252936,1322820,160932,5196352,447301.914,16173.533,115.875,7020.418,7.991,356.615,3006,4029,1.070,0.630,0.400,1,1,3.996,0,0,10,10,0,14,2
19-12 07:00:54,16.489,5.247,62.709,13.241,0,1258872,1307284,161944,5204704,308519.537,8596.387,0,32690.653,0,3007.036,12953,25621,1.070,0.640,0.410,3,0,50.967,0,0,10,10,0,14,2
19-12 07:00:55,34.562,8.766,49.840,6.512,0,1188356,1375092,162312,5206944,687394.685,18505.347,0,30927.732,0,2131.842,8649,15744,1.070,0.640,0.410,2,0,93.168,0,0,10,6,0,14,2
19-12 07:00:56,49.201,3.497,47.453,0,0.250,1264196,1298864,162356,5207160,60790.513,4920.104,0,963.042,0,40.959,1438,1395,1.070,0.640,0.410,2,0,1.998,0,0,10,6,0,14,2
19-12 07:00:57,31.750,3.250,63.749,0.250,0.250,1216452,1346328,162424,5207320,79814.122,7119.922,0,971.989,0,43.000,1397,1499,1.070,0.640,0.410,1,0,12.000,0,0,10,7,0,14,2
19-12 07:00:58,31.766,1.501,65.284,1.001,0,1265676,1296948,162536,5207364,103743.635,7174.709,0,5927.064,0,309.160,1951,2792,1.070,0.640,0.410,2,0,1.001,0,0,10,8,0,14,2
19-12 07:00:59,13.744,17.742,67.721,0,0,1191616,1370716,162600,5207536,56141.196,7257.923,0,471.800,0,21.991,2811,4253,1.060,0.650,0.410,1,0,347.853,0,0,10,8,0,13,2
19-12 07:01:00,16.265,19.017,63.558,0.500,0,1198956,1361992,162632,5208940,309601.285,9629.811,0,728.667,0,25.023,3778,6530,1.060,0.650,0.410,14,0,400.366,0,0,10,8,0,13,2
19-12 07:01:01,36.186,13.476,48.414,0,0.250,1203492,1356176,162712,5210352,663720.242,13414.136,99.822,3521.735,0.998,113.798,4053,8558,1.060,0.650,0.410,2,0,169.698,0,0,10,7,0,13,2
19-12 07:01:02,56.271,5.002,39.015,0.250,0,1301784,1256384,162784,5211748,293044.892,8915.343,588.221,10487.933,9.003,40.015,1596,1363,1.060,0.650,0.410,2,0,0,0,0,10,7,0,13,2
19-12 07:01:03,48.033,5.754,44.531,0,0,1335820,1218888,162896,5214812,663165.574,18487.812,0,624.433,0,65.045,3775,7883,1.060,0.650,0.410,1,0,30.021,0,0,10,6,0,12,2
19-12 07:01:04,5.492,5.243,87.876,0,0,1337996,1214836,162940,5216436,779773.959,22826.769,0,1457.941,0,6.990,2144,2482,0.980,0.640,0.410,1,0,89.873,0,0,10,6,0,12,2
19-12 07:01:05,23.248,4.250,72.245,0.250,0,1382176,1169400,163000,5217544,587513.049,16012.911,0,2011.863,0,35.998,2105,2373,0.980,0.640,0.410,1,0,23.998,0,0,10,6,0,12,2
19-12 07:01:06,27.241,1.999,69.228,0,0,1427020,1123856,163044,5218148,247118.405,9020.168,0,923.710,0,11.996,1247,1425,0.980,0.640,0.410,2,0,0,0,0,10,6,0,12,2
19-12 07:01:07,23.278,5.256,68.832,1.251,0,1356708,1193984,163152,5218208,55436.024,5874.997,0,4489.347,0,269.321,3342,5800,0.980,0.640,0.410,1,0,43.051,0,0,10,6,0,14,2
19-12 07:01:08,25.743,2.249,70.231,0.500,0,1399416,1150764,163204,5218580,57253.656,4730.732,79.979,1403.624,12.997,14.996,1535,2227,0.980,0.640,0.410,2,0,1.999,0,0,10,18,0,15,2
19-12 07:01:09,23.767,4.753,71.052,0.250,0,1392716,1156488,163260,5219352,271760.570,9618.993,204.148,1541.120,51.037,15.011,1850,2452,0.980,0.640,0.410,1,0,46.033,0,0,10,32,0,15,2
19-12 07:01:10,21.751,10.000,66.253,0.250,0,1371652,1177420,163324,5219408,61465.704,6004.264,0,444.020,0,15.001,1998,3018,0.980,0.640,0.410,2,0,156.007,0,0,10,32,0,15,2
19-12 07:01:11,47.245,6.216,45.505,0.249,0.249,1483200,1065532,163392,5219600,161632.990,6734.666,0,1806.255,0,101.453,2287,3451,0.980,0.640,0.410,5,0,0,0,0,10,34,0,15,2
19-12 07:01:12,55.080,16.599,27.917,0.252,0.503,1473432,1074708,163456,5220096,141718.175,7179.017,0,13919.405,0,65.392,5032,12624,0.980,0.640,0.410,6,0,419.514,0,0,10,32,0,15,2
19-12 07:01:13,81.996,15.749,2.000,0,0,1653644,893284,163508,5220992,302948.247,10471.455,0,25198.690,0,509.973,3814,8257,0.980,0.640,0.410,6,0,161.992,0,0,10,36,0,15,2
19-12 07:01:14,83.693,12.492,3.498,0,0.250,1492928,1052320,163624,5222388,65928.169,4682.816,0,2945.997,0,51.965,4396,11332,1.460,0.750,0.450,2,0,200.863,0,0,10,33,0,15,2
19-12 07:01:15,27.772,9.007,62.050,0.500,0,1395864,1148944,163680,5222732,69275.767,5462.397,0,1012.815,0,47.038,2935,6409,1.460,0.750,0.450,2,0,112.090,0,0,10,32,0,15,2
19-12 07:01:16,31.192,3.244,64.379,0.250,0,1447928,1096360,163724,5223156,208263.131,8850.432,0,4279.988,0,92.826,1896,3334,1.460,0.750,0.450,1,0,0.998,0,0,10,33,0,15,2
19-12 07:01:17,23.793,6.762,69.626,0.250,0,1431116,1112816,163772,5223408,145426.950,7045.788,0,677.229,0,27.049,2006,3029,1.460,0.750,0.450,1,0,69.125,0,0,10,32,0,15,2
19-12 07:01:18,24.499,7.250,66.997,0,0,1388620,1155204,163820,5223460,37202.065,4372.773,0,3859.799,0,57.997,2669,4900,1.460,0.750,0.450,1,0,110.994,0,0,10,32,0,15,2
19-12 07:01:19,23.255,26.255,50.760,0.250,0,1430480,1113148,163852,5223604,162691.050,7572.492,0,904.178,0,37.007,3775,6052,1.500,0.770,0.450,6,0,793.156,0,0,10,32,0,15,2
19-12 07:01:20,85.750,11.500,2.250,0,0,1643648,899260,163888,5224192,100465.201,5402.011,0,540.001,0,18.000,2767,4579,1.500,0.770,0.450,8,0,135.000,0,0,10,33,0,15,2
19-12 07:01:21,75.390,9.736,15.477,0,0,1658464,883104,163944,5225444,429511.772,12202.209,0,1929.187,0,110.838,8721,20201,1.500,0.770,0.450,6,0,31.953,0,0,10,34,0,15,2
19-12 07:01:22,83.121,13.269,2.253,0,0,1586260,952936,163952,5227796,1197036.901,27598.045,0,532.773,0,41.060,4962,10906,1.500,0.770,0.450,7,0,281.408,0,0,10,33,0,15,2
19-12 07:01:23,86.249,10.500,3.250,0,0.500,1735132,799256,163960,5232504,2516887.247,56729.149,0,3543.947,0,22.000,7891,14044,1.500,0.770,0.450,7,0,0,0,0,10,35,0,15,2
19-12 07:01:24,64.111,9.479,25.445,0,0,1639464,890200,163980,5236936,1998065.185,42982.030,0,4526.210,0,25.944,11041,21613,1.620,0.810,0.470,3,0,100.782,0,0,10,36,0,15,2
19-12 07:01:25,60.748,12.000,27.249,0.250,0.250,1482844,1044096,164040,5239504,1298818.047,30003.800,0,3095.876,0,44.998,5775,12225,1.620,0.810,0.470,3,0,201.992,0,0,10,32,0,19,2
19-12 07:01:26,45.073,6.260,47.828,0,0.250,1460804,1065424,164092,5240144,244092.895,7870.798,0,841.368,0,31.050,4235,11039,1.620,0.810,0.470,3,0,24.039,0,0,10,33,0,23,2
19-12 07:01:27,57.421,19.723,23.717,0.250,0,1554136,970680,164156,5241480,252104.860,9452.022,0,902.761,0,27.962,2764,4260,1.620,0.810,0.470,3,0,357.509,0,0,10,32,0,23,2
19-12 07:01:28,60.365,7.013,31.309,0,0,1463392,1059292,164204,5243500,577398.056,15372.207,0,2472.698,0,57.109,6476,17205,1.620,0.810,0.470,5,0,125.238,0,0,10,32,0,24,2
19-12 07:01:29,85.993,10.749,3.000,0,0,1630880,891260,164248,5243904,207808.921,7526.345,0,683.940,0,21.998,2711,4194,1.890,0.880,0.490,4,0,136.988,0,0,10,33,0,24,2
19-12 07:01:30,64.006,12.251,22.752,0.250,0,1623304,897072,164284,5245548,727126.533,18513.592,0,1188.102,0,41.004,9633,21828,1.890,0.880,0.490,6,0,195.017,0,0,10,34,0,25,2
19-12 07:01:31,76.244,11.999,11.499,0,0,1576716,940896,164336,5248140,1135848.676,26705.970,0,2211.832,0,92.993,5371,8298,1.890,0.880,0.490,5,0,130.990,0,0,10,34,0,26,2
19-12 07:01:32,70.258,20.002,7.001,0.750,0,1561608,943504,164392,5260432,12291.327,1620.175,11777.272,1056.114,133.014,65.007,7802,16005,1.890,0.880,0.490,7,0,320.035,0,0,10,33,0,26,2
19-12 07:01:33,79.227,12.496,8.498,0.250,0,1604100,898696,164396,5262488,11425.664,1457.574,1163.660,2507.268,13.996,37.989,4244,7610,1.890,0.880,0.490,4,0,95.972,0,0,10,35,0,26,2
19-12 07:01:34,78.521,16.004,4.501,0.250,0.250,1500764,981660,165164,5279508,11035.002,1620.441,0,2276.619,0,95.026,5204,11674,2.140,0.940,0.520,7,0,255.069,0,0,10,32,0,26,2
19-12 07:01:35,78.466,10.495,9.996,1.249,0,1606404,849372,166160,5302360,10185.579,1619.297,0,3834.336,0,164.928,5481,10648,2.140,0.940,0.520,4,1,36.984,0,0,10,35,0,27,2
19-12 07:01:36,84.039,11.755,3.001,0.750,0.250,1563136,859560,167248,5331264,10683.915,1620.746,0,8555.936,0,256.118,3441,6300,2.140,0.940,0.520,6,0,112.052,0,0,10,32,0,27,2
19-12 07:01:37,62.999,11.250,24.500,0.500,0.250,1504912,914656,167528,5333520,12107.770,2745.948,0,2035.961,0,67.999,7068,13870,2.140,0.940,0.520,4,0,164.997,0,0,10,34,0,27,2
19-12 07:01:38,83.001,15.750,1.000,0,0.250,1629412,805920,167532,5317748,11371.125,3131.034,0,2240.025,0,36.000,2567,7128,2.140,0.940,0.520,7,0,308.003,0,0,10,30,0,27,0
19-12 07:01:39,82.749,15.750,1.750,0,0,1560724,874100,167536,5318356,9262.852,1619.974,383.994,931.985,3.000,48.999,5484,10558,2.610,1.060,0.560,10,0,188.997,0,0,10,31,0,27,0
19-12 07:01:40,84.503,14.500,0.750,0,0,1629328,804860,167544,5318984,10398.354,1512.051,0,420.014,0,11.000,3406,6468,2.610,1.060,0.560,10,0,231.008,0,0,10,31,0,27,0
19-12 07:01:41,81.461,15.992,1.499,0,0,1614308,819540,167552,5319316,9803.353,1565.258,0,819.612,0,34.983,11962,25288,2.610,1.060,0.560,9,0,241.885,0,0,10,33,0,27,0
19-12 07:01:42,86.028,11.254,2.501,0,0,1606304,827216,167552,5319644,11423.667,1620.520,0,1644.528,0,13.004,5385,13588,2.610,1.060,0.560,7,0,220.071,0,0,10,31,0,24,0
19-12 07:01:43,71.490,19.997,7.749,0,0,1514012,919156,167552,5319996,9214.655,1619.764,0,6079.112,0,210.969,14535,32309,2.610,1.060,0.560,7,0,466.932,0,0,10,32,0,24,0
19-12 07:01:44,40.261,24.256,33.759,0,0,1338664,1094596,167552,5320044,12297.234,1620.426,0,368.097,0,15.004,3705,6707,2.480,1.060,0.560,5,0,745.196,0,0,10,30,0,24,0
19-12 07:01:45,64.502,23.251,12.500,0,0.250,1459604,973552,167560,5320096,10518.337,1620.052,0,320.010,0,21.001,2875,5599,2.480,1.060,0.560,6,0,707.023,0,0,10,30,0,24,0
19-12 07:01:46,79.246,13.249,6.750,0,0.500,1472620,960332,167572,5320288,13465.286,1661.912,0,783.958,0,63.997,5031,12040,2.480,1.060,0.560,7,0,387.979,0,0,10,31,0,24,0
19-12 07:01:47,78.694,13.740,6.995,0,0,1515840,916828,167584,5320560,11401.859,1618.844,0,2050.536,0,137.902,3857,9125,2.480,1.060,0.560,4,0,133.904,0,0,10,31,0,24,0
19-12 07:01:48,71.045,9.756,17.761,0,0,1542044,890260,167584,5320924,10776.822,1607.017,0,1216.770,0,13.008,5559,17644,2.480,1.060,0.560,3,0,67.042,0,0,10,33,0,28,0
19-12 07:01:49,56.256,7.501,35.754,0,0.250,1492492,939268,167588,5321464,10834.073,1566.155,0,312.031,0,22.002,5279,23477,2.440,1.080,0.570,3,0,30.003,0,0,10,33,0,31,0
19-12 07:01:50,81.750,10.750,7.250,0.250,0,1456592,974920,167596,5321700,12309.025,1620.003,0,428.001,0,46.000,4461,14356,2.440,1.080,0.570,6,0,90.000,0,0,10,30,0,32,0
19-12 07:01:51,71.247,9.250,18.999,0,0,1552940,878212,167596,5322060,11850.514,1619.934,0,147.994,0,10.000,6184,17394,2.440,1.080,0.570,4,0,0,0,0,10,34,0,37,0
19-12 07:01:52,50.720,6.746,42.225,0,0,1496228,934496,167600,5322484,11237.460,1619.058,0,143.916,0,5.997,9272,21566,2.440,1.080,0.570,7,0,0.999,0,0,10,33,0,39,0
19-12 07:01:53,73.292,12.507,13.007,0,0,1472112,957480,167600,5323612,12397.066,1620.924,0,308.176,0,10.006,6475,15933,2.440,1.080,0.570,9,0,211.120,0,0,10,32,0,39,0
19-12 07:01:54,80.929,8.715,9.462,0,0,1527788,901456,167604,5323944,11870.920,1613.600,0,143.431,0,6.972,7613,15906,2.570,1.120,0.590,7,0,54.783,0,0,10,32,0,39,0
19-12 07:01:55,82.323,11.294,5.522,0,0.502,1493316,935604,167604,5324264,10951.921,1517.949,0,192.755,0,17.067,4912,11473,2.570,1.120,0.590,5,0,100.393,0,0,10,30,0,40,0
19-12 07:01:56,78.726,12.496,8.248,0,0,1456444,972208,167624,5324512,11669.511,1619.516,0,367.890,0,43.987,4211,9772,2.570,1.120,0.590,6,0,157.953,0,0,10,31,0,40,0
19-12 07:01:57,81.446,10.710,7.970,0,0,1534916,892024,167628,5326216,9368.001,1560.171,0,263.017,0,22.914,5524,14034,2.570,1.120,0.590,5,0,59.777,0,0,10,32,0,41,0
19-12 07:01:58,72.801,13.054,13.807,0,0.502,1438652,987936,167628,5326568,10272.477,1626.727,0,148.615,0,8.033,6135,16978,2.570,1.120,0.590,5,0,149.619,0,0,10,31,0,42,0
19-12 07:01:59,82.747,11.750,4.250,0,0,1540032,886532,167628,5326592,11348.557,1619.937,0,279.989,0,12.000,4655,9556,2.680,1.170,0.600,4,0,42.998,0,0,10,31,0,42,0
19-12 07:02:00,77.249,13.500,8.500,0,0,1489760,936572,167640,5326812,12088.782,1619.971,0,435.992,0,49.999,5673,14473,2.680,1.170,0.600,5,0,168.997,0,0,10,30,0,42,0
19-12 07:02:01,68.715,9.245,21.489,0,0,1475784,950176,167640,5327180,13524.116,1619.176,0,387.803,0,30.984,4301,9583,2.680,1.170,0.600,3,0,125.936,0,0,10,31,0,43,0
19-12 07:02:02,62.884,11.479,26.201,0.250,0,1470932,954972,167640,5327236,9271.829,1509.205,0,223.586,0,13.974,4106,8434,2.680,1.170,0.600,4,0,137.745,0,0,10,31,0,43,0
19-12 07:02:03,62.892,10.524,25.307,0.251,0,1393548,1032176,167644,5327412,9183.801,1623.678,0,332.754,0,34.077,4895,9755,2.680,1.170,0.600,4,0,108.245,0,0,10,30,0,43,0
19-12 07:02:04,67.254,6.750,25.752,0,0,1503960,921576,167644,5327600,9959.627,1620.102,0,624.039,0,24.002,4236,8957,2.710,1.200,0.620,5,0,0,0,0,10,31,0,44,0
19-12 07:02:05,63.721,9.746,25.988,0,0,1440620,984736,167644,5327780,14509.485,1565.297,0,303.864,0,24.989,4213,9508,2.710,1.200,0.620,4,0,116.947,0,0,10,31,0,44,0
19-12 07:02:06,63.877,7.985,26.199,0,0,1470624,954668,167648,5327840,10921.910,1616.878,0,2391.382,0,22.956,4874,11501,2.710,1.200,0.620,8,0,33.934,0,0,10,31,0,44,0
19-12 07:02:07,64.875,9.769,25.048,0,0.250,1411340,1013772,167656,5328012,10396.962,1623.116,0,8544.405,0,247.475,3542,6096,2.710,1.200,0.620,3,0,104.200,0,0,10,30,0,44,0
19-12 07:02:08,64.269,10.003,25.257,0,0,1443868,980972,167672,5328252,9909.904,1620.475,0,452.132,0,38.011,5281,10839,2.710,1.200,0.620,3,0,130.038,0,0,10,32,0,47,0
19-12 07:02:09,57.262,16.504,25.756,0,0.500,1439092,985572,167672,5328428,23419.059,1512.327,0,70003.121,0,167.036,4791,8636,2.810,1.250,0.640,3,0,328.071,0,0,10,34,0,44,0
19-12 07:02:10,58.187,9.240,30.967,0.250,0,1450512,973692,167680,5328880,10950.185,1618.254,0,1398.491,0,21.976,5516,12325,2.810,1.250,0.640,3,0,85.907,0,0,10,36,0,44,0
19-12 07:02:11,34.705,16.978,49.186,0,0,1381020,1043096,167688,5328960,10926.850,1617.905,0,339.560,0,23.969,3783,6505,2.810,1.250,0.640,2,0,322.582,0,0,10,34,0,45,0
19-12 07:02:12,24.002,2.500,71.757,0.250,0,1388044,1036040,167688,5328992,11618.080,1662.155,0,208.019,0,11.001,4040,9190,2.810,1.250,0.640,1,0,0,0,0,10,35,0,45,0
19-12 07:02:13,13.771,17.026,68.606,0,0.250,1327740,1096176,167688,5329160,9956.343,1568.417,0,256.395,0,22.034,2512,4172,2.810,1.250,0.640,2,0,309.477,0,0,10,34,0,45,0
19-12 07:02:14,28.211,14.979,55.923,0.250,0,1396976,1026784,167700,5329304,9625.736,1617.771,0,2700.279,0,93.871,2579,3699,2.750,1.260,0.640,2,0,285.606,0,0,10,34,0,47,0
19-12 07:02:15,41.266,8.253,47.018,4.002,0,1502796,917724,167876,5332312,9925.782,1620.617,368.140,8135.099,23.009,663.253,5166,8041,2.750,1.260,0.640,2,0,40.015,0,0,10,38,0,47,0
19-12 07:02:16,38.770,7.254,44.023,10.255,0,1463200,952588,168276,5336312,9738.996,1662.853,0,30595.696,0,2707.389,12785,22451,2.750,1.260,0.640,2,2,85.044,0,0,10,38,0,47,0
19-12 07:02:17,44.026,7.004,41.024,9.005,0,1441064,973580,168572,5337104,11258.598,1512.887,0,29409.234,0,2649.553,9559,20474,2.750,1.260,0.640,2,0,31.018,0,0,10,34,0,47,0
19-12 07:02:18,47.511,4.501,46.511,2.251,0,1477756,936828,168612,5337124,13599.277,1620.391,0,11274.717,0,614.148,2030,4025,2.750,1.260,0.640,2,0,2.000,0,0,10,36,0,47,0
19-12 07:02:19,38.938,6.739,45.428,8.986,0.250,1427720,986232,168960,5337396,12001.989,1617.438,0,15990.671,0,2232.464,13547,26429,2.770,1.290,0.660,2,0,2.995,0,0,10,36,0,47,0
19-12 07:02:20,30.803,7.513,58.100,2.504,0,1423636,989968,169068,5337628,10085.327,1622.788,0,4820.281,0,522.898,3901,7006,2.770,1.290,0.660,1,0,100.172,0,0,10,34,0,47,0
19-12 07:02:21,22.450,3.742,72.839,0,0,1373640,1039932,169088,5337640,10953.836,1616.434,0,1037.711,0,68.848,1151,1577,2.770,1.290,0.660,1,0,0.998,0,0,10,34,0,47,0
19-12 07:02:22,23.253,3.000,72.008,1.000,0,1437604,975924,169136,5337636,9996.130,1566.177,0,6548.740,0,337.038,1557,2643,2.770,1.290,0.660,2,0,2.000,0,0,10,34,0,47,0
19-12 07:02:23,22.550,3.007,74.165,0,0,1407272,1006224,169136,5337664,10989.385,1623.603,0,64.142,0,9.020,1020,1223,2.770,1.290,0.660,2,0,1.002,0,0,10,34,0,47,0
19-12 07:02:24,22.502,2.750,74.008,0,0,1343996,1069496,169140,5337664,10492.165,1512.168,0,144.016,0,1.000,925,1051,2.630,1.290,0.660,1,0,3.000,0,0,10,34,0,47,0
19-12 07:02:25,23.730,2.498,73.189,0,0,1422380,991100,169140,5337676,10064.677,1618.661,0,0,0,0,987,1180,2.630,1.290,0.660,2,0,3.997,0,0,10,34,0,43,0
19-12 07:02:26,21.488,3.998,74.207,0,0,1367252,1046180,169140,5337724,10351.069,1619.072,0,0,0,0,898,1140,2.630,1.290,0.660,2,0,0.999,0,0,10,34,0,43,0
19-12 07:02:27,22.484,3.248,73.948,0,0,1434760,978672,169140,5337724,10265.742,1618.855,0,3.997,0,0.999,819,1113,2.630,1.290,0.660,2,0,1.999,0,0,10,34,0,37,0
19-12 07:02:28,23.049,2.756,73.658,0.501,0.501,1374412,1038920,169148,5337812,10510.535,1623.481,0,2870.154,0,227.488,1222,1162,2.630,1.290,0.660,2,0,1.002,0,0,10,34,0,37,0
19-12 07:02:29,22.944,2.743,73.570,0,0,1392832,1020468,169148,5337844,13577.775,1562.177,0,0,0,0,919,1086,2.500,1.280,0.660,2,0,0.998,0,0,10,34,0,35,0
19-12 07:02:30,22.758,3.001,73.527,0.250,0,1338148,1075144,169156,5337844,12552.657,1512.561,0,412.153,0,32.012,1157,1632,2.500,1.280,0.660,2,0,3.001,0,0,10,34,0,35,0
19-12 07:02:31,22.754,2.500,74.015,0,0,1330128,1083092,169160,5337876,12159.395,1620.319,0,0,0,0,868,1100,2.500,1.280,0.660,2,0,1.000,0,0,10,34,0,32,0
19-12 07:02:32,22.740,3.498,73.467,0,0,1408472,1004728,169160,5337896,11130.003,1619.273,0,0,0,0,984,1141,2.500,1.280,0.660,2,0,1.999,0,0,10,34,0,32,0
19-12 07:02:33,15.779,10.519,73.134,0,0,1334604,1078584,169160,5337908,15521.358,1622.965,0,4.007,0,1.002,1658,2161,2.500,1.280,0.660,1,0,131.240,0,0,10,34,0,32,0
19-12 07:02:34,9.255,20.510,69.034,0,0.250,1343080,1069960,169160,5338052,14008.850,1620.793,0,992.485,0,11.005,3035,4542,2.300,1.260,0.660,2,0,455.223,0,0,10,34,0,32,0
19-12 07:02:35,10.978,17.964,69.862,0,0,1341188,1071804,169160,5338092,10044.113,1455.119,0,431.146,0,7.984,3076,4788,2.300,1.260,0.660,2,0,440.129,0,0,10,34,0,31,0
19-12 07:02:36,12.491,15.489,70.951,0,0.250,1366324,1046600,169160,5338128,9521.373,1618.873,0,0,0,0,2295,3219,2.300,1.260,0.660,1,0,262.817,0,0,10,34,0,31,0
19-12 07:02:37,22.993,2.499,73.729,0,0,1438028,974912,169160,5338112,10207.060,1619.534,0,347.900,0,1.000,960,1105,2.300,1.260,0.660,1,0,1.999,0,0,10,34,0,31,0
19-12 07:02:38,26.545,5.259,67.614,0,0,1388656,1024268,169160,5338128,8964.131,1664.810,0,16.027,0,1.002,1762,2849,2.300,1.260,0.660,1,0,35.059,0,0,10,34,0,32,0
19-12 07:02:39,22.959,2.496,73.868,0,0,1328452,1084492,169160,5338108,9773.476,1617.101,0,23.957,0,1.996,969,1114,2.190,1.260,0.660,1,0,2.995,0,0,10,34,0,32,0
19-12 07:02:40,22.000,3.250,72.749,0.250,0,1409540,1003384,169164,5338124,9082.882,1619.979,0,535.993,0,39.999,1188,1617,2.190,1.260,0.660,1,0,2.000,0,0,10,34,0,31,0
19-12 07:02:41,23.318,2.507,74.218,0,0.251,1364660,1048252,169164,5338136,10646.257,1624.770,0,12.035,0,1.003,966,1076,2.190,1.260,0.660,1,0,1.003,0,0,10,34,0,31,0
19-12 07:02:42,22.232,3.247,74.190,0,0,1431956,980968,169164,5338124,9487.277,1618.682,0,0,0,0,908,1075,2.190,1.260,0.660,1,0,1.998,0,0,10,34,0,31,0
19-12 07:02:43,22.717,2.996,73.392,0,0,1392588,1020324,169164,5338136,8884.921,1455.857,0,11.982,0,0.999,882,1024,2.190,1.260,0.660,2,0,0.999,0,0,10,34,0,31,0
19-12 07:02:44,22.504,2.750,73.763,0,0,1336884,1076028,169164,5338136,14339.495,1620.282,0,20.003,0,1.000,982,1072,2.100,1.250,0.660,2,0,3.001,0,0,10,34,0,30,0
19-12 07:02:45,21.749,3.500,72.997,0.250,0,1412236,1000684,169164,5338128,12277.533,1619.938,0,2267.914,0,259.990,1416,1230,2.100,1.250,0.660,2,0,4.000,0,0,10,34,0,30,0
19-12 07:02:46,23.001,3.000,74.003,0,0.250,1363044,1049864,169164,5338140,11563.463,1662.066,0,12.000,0,1.000,901,1067,2.100,1.250,0.660,2,0,1.000,0,0,10,34,0,30,0
19-12 07:02:47,21.757,3.751,73.523,0,0,1429092,983840,169164,5338116,12190.779,1620.502,0,8.002,0,1.000,852,1124,2.100,1.250,0.660,2,0,2.001,0,0,10,34,0,30,0
19-12 07:02:48,22.000,3.250,73.750,0,0,1380672,1032236,169164,5338140,12614.063,1714.009,0,24.000,0,1.000,931,1058,2.100,1.250,0.660,2,0,1.000,0,0,10,34,0,30,0
19-12 07:02:49,23.492,1.999,73.724,0,0.250,1440988,972008,169164,5338052,11200.013,1619.423,0,87.969,0,1.000,918,1030,2.010,1.250,0.660,2,0,1.999,0,0,10,34,0,30,0
19-12 07:02:50,23.751,3.250,72.755,0.250,0,1337096,1075800,169164,5338152,10110.637,1512.095,0,1968.124,0,37.002,1235,1638,2.010,1.250,0.660,2,0,3.000,0,0,10,34,0,22,0
19-12 07:02:51,23.001,2.250,74.002,0,0,1414732,998184,169164,5338132,10943.328,1566.047,0,4.000,0,1.000,934,1177,2.010,1.250,0.660,2,0,2.000,0,0,10,34,0,22,0
19-12 07:02:52,22.548,3.257,73.155,0,0,1369056,1043808,169164,5338184,9219.527,1623.438,0,20.042,0,1.002,961,1146,2.010,1.250,0.660,1,0,1.002,0,0,10,34,0,14,0
19-12 07:02:53,23.189,2.992,73.308,0,0,1368708,1044152,169164,5338184,13092.684,1615.765,0,71.812,0,3.990,1060,1287,2.010,1.250,0.660,1,0,0.997,0,0,10,34,0,14,0
19-12 07:02:54,22.498,3.750,72.494,0.250,0.250,1434984,977876,169176,5338172,9603.155,1619.857,0,4031.645,0,199.982,1243,1920,1.930,1.240,0.660,1,0,2.000,0,0,10,34,0,12,0
19-12 07:02:55,12.501,16.251,70.253,0,0,1345904,1066888,169176,5338216,10608.446,1620.068,0,156.007,0,9.000,2758,4131,1.930,1.240,0.660,1,0,390.016,0,0,10,34,0,12,0
19-12 07:02:56,23.269,2.502,73.809,0,0,1421312,991288,169180,5338404,13024.485,1621.305,0,0,0,0,946,1043,1.930,1.240,0.660,1,0,0,0,0,10,34,0,11,0
19-12 07:02:57,22.497,3.500,73.241,0,0,1396496,1016044,169184,5338460,11374.669,1511.823,0,4.000,0,1.000,1020,1171,1.930,1.240,0.660,1,0,8.999,0,0,10,34,0,11,0
19-12 07:02:58,19.530,8.263,70.609,0.250,0,1343944,1068596,169184,5338460,12903.000,1568.431,0,536.832,0,101.157,1889,2346,1.930,1.240,0.660,2,0,164.255,0,0,10,34,0,9,0
19-12 07:02:59,9.506,20.012,69.541,0,0,1343596,1068864,169188,5338536,10780.317,1620.950,0,312.183,0,9.005,2974,4374,1.770,1.220,0.660,1,0,421.247,0,0,10,34,0,9,0
19-12 07:03:00,9.251,20.252,68.755,0.250,0,1342792,1069612,169204,5338576,10002.760,1620.123,0,720.055,0,43.003,3422,5381,1.770,1.220,0.660,1,0,480.036,0,0,10,34,0,9,0
19-12 07:03:01,11.235,17.976,69.157,0,0,1344640,1067724,169208,5338604,12575.024,1617.816,0,982.673,0,16.977,3009,4534,1.770,1.220,0.660,2,0,445.399,0,0,10,34,0,9,0
19-12 07:03:02,9.508,19.266,68.807,0,0,1343780,1068552,169208,5338628,8968.408,1621.339,0,1056.873,0,12.010,3003,4548,1.770,1.220,0.660,1,0,452.374,0,0,10,34,0,8,0
19-12 07:03:03,10.755,21.009,68.529,0,0.500,1344032,1068276,169208,5338652,9908.181,1620.684,0,1148.485,0,14.006,3175,4873,1.770,1.220,0.660,1,0,498.210,0,0,10,34,0,8,0
19-12 07:03:04,9.246,18.742,71.469,0,0,1343060,1069220,169208,5338676,9432.934,1619.302,0,183.921,0,4.998,2751,3973,1.870,1.250,0.670,2,0,355.847,0,0,10,34,0,8,0
19-12 07:03:05,9.253,19.506,69.520,0,0.250,1341620,1070620,169208,5338712,10196.906,1458.416,0,408.116,0,11.003,3136,4784,1.870,1.250,0.670,2,0,461.131,0,0,10,34,0,8,0
19-12 07:03:06,28.256,27.506,43.009,0,0,1408008,1004180,169244,5338728,11800.443,1620.335,0,1056.219,0,65.013,4611,7910,1.870,1.250,0.670,6,0,813.168,0,0,10,34,0,13,0
19-12 07:03:07,64.696,9.492,23.481,0.999,0,1593244,816916,169480,5340364,17335.611,1618.657,11.990,2589.850,0.999,178.852,2455,3555,1.870,1.250,0.670,6,0,47.960,0,0,10,36,0,13,0
19-12 07:03:08,46.028,9.005,33.770,13.508,0,1552100,845276,170564,5350940,11381.840,1620.974,400.241,44586.797,4.002,3621.176,17373,29536,1.870,1.250,0.670,10,0,125.075,0,0,10,38,0,12,0
19-12 07:03:09,37.751,10.000,31.501,18.750,0,1612004,775008,171200,5360312,21923.548,1620.041,0,72813.820,0,5380.135,23715,37503,2.120,1.310,0.700,3,1,117.003,0,0,10,39,0,12,0
19-12 07:03:10,40.258,10.502,35.007,14.253,0.250,1575640,802888,171620,5367976,8935.796,1620.326,0,78599.799,0,5810.168,22950,43092,2.120,1.310,0.700,3,0,112.023,0,0,10,38,0,13,0
19-12 07:03:11,45.741,14.747,32.244,7.749,0,1543364,827076,171832,5375948,9858.147,1619.695,363.932,53058.025,5.999,4086.232,17190,31418,2.120,1.310,0.700,6,1,279.947,0,0,10,36,0,13,0
19-12 07:03:12,41.999,14.749,31.749,10.250,0,1545940,817656,172216,5381648,9519.676,1553.947,699.976,43099.535,12.000,3303.888,19727,37521,2.120,1.310,0.700,4,0,108.996,0,0,10,37,0,12,0
19-12 07:03:13,39.963,13.737,34.218,10.740,0,1515468,844180,172752,5384932,10444.297,1618.496,911.154,46241.042,10.990,3814.456,16521,31799,2.120,1.310,0.700,3,1,192.821,0,0,10,36,0,12,0
19-12 07:03:14,38.041,5.756,43.798,11.763,0,1546540,807204,173024,5390400,12072.098,1567.701,0,33444.287,0,3238.514,13805,28300,2.190,1.340,0.710,6,0,18.020,0,0,10,36,0,11,1
19-12 07:03:15,39.193,6.241,41.439,12.232,0.250,1547460,806728,173224,5389716,12161.245,1617.638,0,41375.592,0,3466.938,16308,36184,2.190,1.340,0.710,2,1,16.975,0,0,10,37,0,14,0
19-12 07:03:16,37.466,8.742,42.211,11.489,0.250,1529404,823784,173408,5390508,11664.281,1660.474,0,34808.011,0,3187.071,13048,27043,2.190,1.340,0.710,2,0,106.902,0,0,10,36,0,14,0
19-12 07:03:17,39.586,7.015,41.591,11.275,0.251,1542848,808160,173540,5392556,10432.796,1623.547,0,39450.199,0,3214.023,15690,31143,2.190,1.340,0.710,3,0,18.039,0,0,10,37,0,15,0
19-12 07:03:18,40.424,8.484,41.422,10.231,0,1489192,859196,173628,5395008,10308.682,1616.970,0,29069.524,0,2862.635,17276,31107,2.190,1.340,0.710,4,1,68.871,0,0,10,38,0,16,0
19-12 07:03:19,35.059,8.264,41.069,13.523,0,1537168,808080,173700,5397988,9761.331,1514.534,0,41232.983,0,3452.776,16906,27495,2.260,1.370,0.720,2,1,33.055,0,0,10,38,0,16,0
19-12 07:03:20,37.221,6.745,44.465,11.491,0,1537228,804580,174008,5401068,10389.854,1618.731,0,40580.185,0,3605.174,20125,36055,2.260,1.370,0.720,4,0,32.974,0,0,10,39,0,16,0
19-12 07:03:21,34.779,9.758,41.035,14.012,0,1498784,839472,174232,5404244,9457.020,1621.375,0,38492.642,0,3448.925,19112,32955,2.260,1.370,0.720,7,0,139.118,0,0,10,38,0,16,0
19-12 07:03:22,37.260,7.752,39.761,15.004,0,1541156,794616,174380,5406512,9357.508,1566.420,0,41587.145,0,3609.967,16450,29653,2.260,1.370,0.720,3,1,30.008,0,0,10,39,0,16,0
19-12 07:03:23,36.753,9.501,39.754,12.751,0,1532388,808872,174480,5400916,10243.922,1620.146,0,45172.065,0,3868.348,13874,32792,2.260,1.370,0.720,3,0,37.003,0,0,10,38,0,16,0
19-12 07:03:24,42.252,9.000,42.752,6.000,0.250,1387512,953176,174512,5401452,9992.440,1620.071,0,24193.064,0,1841.081,8738,15407,2.320,1.400,0.730,2,0,118.005,0,0,10,34,0,17,0
19-12 07:03:25,25.190,9.477,64.096,0.499,0,1433004,907608,174512,5401500,11041.489,1616.120,0,973.662,0,55.866,2649,4443,2.320,1.400,0.730,1,0,170.590,0,0,10,35,0,17,0
19-12 07:03:26,22.751,4.750,72.002,0,0,1406520,933936,174512,5401656,11312.271,1512.036,0,832.020,0,42.001,2539,4537,2.320,1.400,0.730,2,0,43.001,0,0,10,34,0,18,0
19-12 07:03:27,23.039,3.506,72.373,0,0.250,1432468,907980,174516,5401660,10105.219,1622.765,0,576.983,0,42.072,2655,5266,2.320,1.400,0.730,1,0,0,0,0,10,34,0,18,0
19-12 07:03:28,9.503,22.258,69.025,0,0,1369860,970524,174516,5401724,9104.287,1620.585,0,512.185,0,25.009,2950,4251,2.320,1.400,0.730,1,0,417.151,0,0,10,34,0,18,0
19-12 07:03:29,32.756,21.504,44.509,0.250,0,1443252,897008,174536,5401828,11317.241,1620.321,0,988.196,0,78.015,3293,5052,2.370,1.430,0.750,3,0,380.075,0,0,10,34,0,24,0
19-12 07:03:30,67.256,8.501,24.752,0,0,1627704,710836,174612,5403432,9501.855,1566.141,0,600.054,0,21.002,1447,1377,2.370,1.430,0.750,4,0,3.000,0,0,10,34,0,24,0
19-12 07:03:31,61.732,6.248,28.242,3.749,0,1746444,585728,174816,5409056,11267.721,1619.529,0,20078.157,0,1381.598,7571,11795,2.370,1.430,0.750,2,1,50.985,0,0,10,40,0,24,0
19-12 07:03:32,25.741,7.497,44.984,18.493,0,1744428,574908,174960,5421360,9912.441,1619.419,0,92554.773,0,6928.513,25326,47579,2.370,1.430,0.750,3,1,212.924,0,0,10,40,0,24,0
19-12 07:03:33,31.766,7.254,42.771,17.759,0,1745180,563076,175216,5431792,14335.053,1512.744,0,89191.882,0,6997.443,25236,48709,2.370,1.430,0.750,3,0,183.090,0,0,10,40,0,24,0
19-12 07:03:34,42.252,11.001,31.751,15.001,0.500,1665904,633376,175344,5440404,14476.680,1620.076,0,63430.981,0,5283.248,20973,37555,2.500,1.470,0.760,3,0,244.011,0,0,10,38,0,24,0
19-12 07:03:35,47.724,8.246,32.233,12.493,0,1730372,560548,175436,5448336,10421.352,1619.122,0,74611.561,0,5253.153,20666,35737,2.500,1.470,0.760,2,1,85.953,0,0,10,38,0,24,0
19-12 07:03:36,34.023,10.007,39.027,16.761,0,1628380,650276,175472,5460084,9472.441,1621.102,0,74758.836,0,5592.803,21422,39238,2.500,1.470,0.760,4,0,75.051,0,0,10,38,0,24,0
19-12 07:03:37,31.243,5.499,43.490,17.996,0,1627788,644480,175560,5466164,11383.393,1619.629,0,74638.908,0,5739.686,22957,40250,2.500,1.470,0.760,3,0,29.993,0,0,10,36,0,24,0
19-12 07:03:38,23.675,13.707,61.306,0.997,0,1388988,883036,175564,5466392,9466.040,1656.756,0,5729.865,0,373.817,3633,10830,2.500,1.470,0.760,1,0,282.107,0,0,10,34,0,25,0
19-12 07:03:39,22.531,3.755,73.602,0.250,0,1448208,823816,175564,5466400,10271.195,1568.167,0,720.996,0,39.054,1081,1291,2.380,1.460,0.770,1,0,1.001,0,0,10,34,0,24,0
19-12 07:03:40,24.759,1.751,72.026,1.000,0,1490764,781256,175564,5466404,9832.500,1620.577,0,5962.123,0,444.158,1788,2762,2.380,1.460,0.770,1,0,0,0,0,10,40,0,24,0
19-12 07:03:41,21.493,3.999,73.227,0,0.250,1425704,846312,175564,5466408,11086.541,1511.528,0,3250.986,0,18.994,1133,1401,2.380,1.460,0.770,1,0,27.991,0,0,10,34,0,24,0
19-12 07:03:42,23.231,2.748,73.691,0,0,1485664,786336,175564,5466408,10504.628,1618.710,0,191.847,0,3.997,915,1200,2.380,1.460,0.770,2,0,0,0,0,10,36,0,24,0
19-12 07:03:43,17.046,18.550,63.171,0.251,0,1377948,894036,175568,5466416,9865.756,1624.405,0,601.632,0,54.147,3028,4873,2.380,1.460,0.770,3,0,463.256,0,0,10,34,0,24,0
19-12 07:03:44,11.226,30.185,54.383,0,0.249,1382680,889224,175568,5466480,12700.605,1616.513,0,175.621,0,20.955,4436,7204,2.270,1.450,0.770,1,0,905.048,0,0,10,34,0,24,0
19-12 07:03:45,8.500,20.750,69.501,0.250,0,1383620,888264,175568,5466500,14672.147,1662.017,0,252.003,0,18.000,2943,4054,2.270,1.450,0.770,1,0,405.004,0,0,10,34,0,24,0
19-12 07:03:46,9.501,17.751,70.755,0,0,1381896,889916,175568,5466572,11752.846,1620.117,0,28.002,0,3.000,2731,4126,2.270,1.450,0.770,1,0,347.025,0,0,10,34,0,24,0
19-12 07:03:47,10.005,20.011,69.037,0,0,1380196,891552,175568,5466616,10662.790,1566.851,0,36.020,0,9.005,2656,4012,2.270,1.450,0.770,1,0,328.178,0,0,10,34,0,24,0
19-12 07:03:48,25.289,15.273,58.339,0,0,1421348,850236,175572,5466972,11672.871,1608.463,0,4.006,0,1.002,4877,8069,2.270,1.450,0.770,3,0,203.311,0,0,10,34,0,24,0
19-12 07:03:49,45.919,6.738,47.666,0,0,1514256,757288,175576,5467164,10831.849,1617.141,0,0,0,0,1296,1424,2.250,1.460,0.770,3,0,38.931,0,0,10,35,0,24,0
19-12 07:03:50,48.723,3.748,47.474,0,0.250,1583072,686568,175624,5468848,12018.306,1619.098,83.953,479.733,0.999,35.980,1293,3566,2.250,1.460,0.770,5,0,0,0,0,10,35,0,24,0
19-12 07:03:51,32.059,11.020,55.351,0,0.250,1628236,639732,175628,5470284,12193.277,1622.965,0,1294.365,0,95.174,2491,8653,2.250,1.460,0.770,1,0,154.282,0,0,10,50,0,24,0
19-12 07:03:52,12.975,7.486,78.599,0.250,0,1642828,624900,175628,5470472,11510.922,1690.757,0,167.678,0,14.971,1555,2258,2.250,1.460,0.770,0,0,107.793,0,0,10,50,1,24,0
19-12 07:03:53,0,0.749,98.181,0,0,1642804,624900,175632,5470492,31694.655,2215.438,0,487.656,0,38.973,869,1402,2.250,1.460,0.770,2,0,0,0,0,10,51,0,24,0
19-12 07:03:54,2.752,0.751,95.583,0,0,1658388,609304,175632,5470504,164960.010,3897.402,0,244.213,0,7.006,781,1011,2.070,1.440,0.770,1,0,0,0,0,10,50,0,24,1
19-12 07:03:55,17.750,9.250,70.750,1.750,0,1654380,611240,175744,5472180,13385.094,1686.012,4.000,8084.057,1.000,433.003,3114,4601,2.070,1.440,0.770,1,0,74.001,0,0,10,50,0,25,0
19-12 07:03:56,14.278,11.022,72.394,0.751,0.250,1681924,538060,175744,5516000,9954.740,1623.219,64.127,5911.723,4.008,274.544,2299,2218,2.070,1.440,0.770,1,0,50.099,0,0,10,50,0,25,0
19-12 07:03:57,17.715,8.982,73.355,0,0,1681876,537996,175744,5516072,9219.800,1616.808,0,7.984,0,1.996,1447,1587,2.070,1.440,0.770,1,0,53.894,0,0,10,50,0,25,0
19-12 07:03:58,18.493,7.747,73.222,0,0,1632044,632332,175744,5472040,10084.208,1619.391,0,3.998,0,1.000,1457,1860,2.070,1.440,0.770,1,0,84.968,0,0,10,50,0,25,0
19-12 07:03:59,15.022,14.772,69.854,0,0,1634828,629476,175752,5472504,10846.128,1622.413,100.149,16.024,3.004,2.003,3020,4852,1.980,1.430,0.770,1,0,239.356,0,0,10,50,0,25,0
19-12 07:04:00,9.746,6.997,81.713,0,0,1638724,625576,175752,5472140,10955.103,1619.276,0,3.998,0,1.000,2925,5467,1.980,1.430,0.770,0,0,60.973,0,0,10,50,0,25,0
19-12 07:04:01,0.750,1.499,97.948,0,0,1639596,624692,175752,5472152,9650.904,1457.231,0,2714.567,0,10.994,687,1005,1.980,1.430,0.770,0,0,2.998,0,0,10,50,0,25,0
19-12 07:04:02,0.750,0,98.438,0,0,1639596,624692,175752,5472152,9164.254,1618.985,0,0,0,0,702,1033,1.980,1.430,0.770,0,0,2.998,0,0,10,50,0,25,0
19-12 07:04:03,1.001,0,97.553,0.250,0,1639844,624440,175752,5472152,11165.051,1620.879,0,504.273,0,35.019,959,1550,1.980,1.430,0.770,0,0,1.001,0,0,10,50,0,25,0
19-12 07:04:04,2.749,2.999,93.457,0,0,1573568,690716,175752,5472152,11175.837,1619.252,0,0,0,0,1219,1719,1.900,1.420,0.770,0,0,46.978,0,0,10,50,0,25,0
19-12 07:04:05,18.003,13.502,66.260,0,0,1568360,695724,175752,5472312,10027.464,1620.237,0,0,0,0,4416,7795,1.900,1.420,0.770,0,0,235.034,0,0,10,50,0,25,0
19-12 07:04:06,11.523,15.782,72.147,0,0,1624144,639868,175752,5472312,10763.905,1861.789,0,8.016,0,2.004,3007,4901,1.900,1.420,0.770,1,0,325.663,0,0,11,50,0,25,0
19-12 07:04:07,16.744,13.495,68.474,0,0,1625428,638488,175752,5472312,9855.275,1619.388,0,119.955,0,1.000,4263,8060,1.900,1.420,0.770,0,0,186.929,0,0,11,50,0,25,0
19-12 07:04:08,3.749,5.998,87.975,0,0,1624380,639496,175752,5472460,9695.276,1457.590,0,259.927,0,10.997,1550,2322,1.900,1.420,0.770,1,0,130.963,0,0,11,50,0,19,0
19-12 07:04:09,17.765,15.013,66.557,0,0,1625376,638424,175752,5472484,10848.232,1621.380,0,624.531,0,7.006,4812,8667,1.830,1.420,0.770,1,0,184.157,0,0,13,50,0,19,0
19-12 07:04:10,9.499,16.498,73.241,0,0,1626612,637176,175752,5472508,26671.746,1619.802,0,27.997,0,6.999,2801,4057,1.830,1.420,0.770,1,0,326.960,0,0,13,52,0,18,0
19-12 07:04:11,11.504,17.756,69.525,0,0.500,1626728,636900,175752,5473012,12090.413,1704.622,0,40.015,0,10.004,3064,4837,1.830,1.420,0.770,3,0,293.107,0,0,13,52,0,18,0
19-12 07:04:12,23.750,17.000,57.501,0,0,1655492,608176,175756,5472668,12003.192,1662.027,0,24.000,0,2.000,3349,8754,1.830,1.420,0.770,3,0,281.004,0,0,13,52,0,16,0
19-12 07:04:13,35.407,14.462,49.122,0,0.249,1724804,538624,175768,5472900,9168.044,1615.778,0,275.281,0,10.971,3443,11744,1.830,1.420,0.770,1,0,156.591,0,0,13,52,0,16,0
19-12 07:04:14,25.804,5.261,69.395,0,0,1791632,470916,175820,5473692,9770.450,1623.398,32.067,0,2.004,0,1867,3096,1.760,1.410,0.780,1,0,10.021,0,0,13,60,0,20,0
19-12 07:04:15,23.460,3.494,72.375,0,0,1832808,429568,175824,5473860,8660.061,1455.489,0,3.993,0,0.998,1163,1385,1.760,1.410,0.780,1,0,7.986,0,0,13,60,0,20,0
19-12 07:04:16,7.747,1.250,90.214,0,0,1846268,415708,175824,5474240,11154.560,1661.339,0,0,0,0,1396,2810,1.760,1.410,0.780,0,0,2.999,0,0,13,60,0,16,0
19-12 07:04:17,0.751,0.751,97.441,0,0,1846516,415460,175824,5474232,8962.540,1713.353,0,753.475,0,4.008,794,1211,1.760,1.410,0.780,2,0,6.012,0,0,13,60,0,16,0
19-12 07:04:18,16.232,13.485,68.176,0,0,1860608,401284,175824,5474284,11266.821,1618.251,0,423.542,0,8.990,4787,8111,1.760,1.410,0.780,0,0,211.771,0,0,13,58,0,15,2
19-12 07:04:19,13.519,13.018,71.600,0,0.250,1862272,399624,175824,5474292,9813.651,1622.257,0,76.106,0,2.003,4150,6560,1.700,1.400,0.780,1,0,269.375,0,0,13,58,0,16,2
19-12 07:04:20,19.960,15.718,62.624,0,0,1865788,396048,175824,5474620,10113.581,1616.736,0,75.847,0,6.986,5213,14413,1.700,1.400,0.780,1,0,191.613,0,0,11,50,0,17,4
19-12 07:04:21,19.297,17.041,63.152,0,0,1872468,389040,175824,5474892,10266.753,1623.915,0,8.019,0,2.005,4587,8007,1.700,1.400,0.780,1,0,304.735,0,0,13,60,0,17,4
19-12 07:04:22,30.222,15.486,53.201,0,0,1679212,582188,175824,5474636,10653.125,1552.561,79.926,1578.537,2.997,197.817,3367,5678,1.700,1.400,0.780,3,0,342.682,0,0,13,52,0,23,0
19-12 07:04:23,31.470,21.729,46.206,0,0,1736124,525236,175824,5474680,14620.169,1564.520,0,195.815,0,8.991,3135,4960,1.700,1.400,0.780,3,0,473.552,0,0,13,52,0,23,0
19-12 07:04:24,40.321,18.783,38.568,0,0,1810472,450368,175824,5475092,12426.983,1622.871,0,657.163,0,5.009,3446,9852,1.730,1.410,0.780,5,0,204.362,0,0,13,60,0,27,0
19-12 07:04:25,46.157,9.481,43.413,0,0,1937732,322536,175828,5475632,10634.635,1616.752,0,407.182,0,2.994,2012,3570,1.730,1.410,0.780,2,0,103.791,0,0,13,60,0,27,0
19-12 07:04:26,24.501,2.750,72.253,0,0,1977276,281248,175960,5477044,10467.398,1620.062,0,40.002,0,8.000,1110,2206,1.730,1.410,0.780,2,0,4.000,0,0,13,60,0,25,0
19-12 07:04:27,24.285,5.258,58.585,9.263,0,2031096,213768,176208,5490264,10508.174,1712.473,148.214,71314.979,37.054,1933.792,9835,17878,1.730,1.410,0.780,3,1,5.007,0,0,13,62,0,25,0
19-12 07:04:28,30.765,9.004,49.775,7.754,0.250,2107192,128144,176340,5499164,10892.414,1620.806,0,22042.955,0,2150.069,13459,26221,1.730,1.410,0.780,8,0,11.005,0,0,14,70,0,31,0
19-12 07:04:29,22.226,17.481,56.939,1.998,0.499,2144792,122828,174984,5469408,11008.199,1510.381,455.512,14568.383,14.984,808.134,5462,9750,1.670,1.400,0.790,2,0,278.701,0,0,14,87,0,36,0
19-12 07:04:30,9.751,20.253,69.260,0,0,2147100,127300,174688,5462928,10591.504,1620.230,496.070,740.105,29.004,43.006,3059,4507,1.670,1.400,0.790,1,0,356.051,0,0,14,87,0,30,0
19-12 07:04:31,16.723,16.473,64.645,0,0.250,2143928,132580,174612,5461332,11665.961,1563.448,407.335,591.035,14.976,28.953,4761,8199,1.670,1.400,0.790,1,0,229.625,0,0,14,87,0,30,0
19-12 07:04:32,42.008,13.002,44.258,0.750,0,2235032,131112,173508,5373484,11159.998,1620.290,2316.415,5088.911,95.017,476.085,3430,3934,1.670,1.400,0.790,4,0,126.023,0,0,14,88,0,30,0
19-12 07:04:33,30.527,11.260,55.549,0.250,0,2296820,125420,172704,5318776,12523.020,1621.427,2746.417,500.440,55.048,30.026,2358,3947,1.670,1.400,0.790,1,0,124.109,0,0,14,91,0,31,0
19-12 07:04:34,9.512,17.773,72.094,0.250,0,2301724,128772,172664,5310804,12395.176,1622.117,0,752.983,0,46.060,3168,4921,1.690,1.410,0.790,1,0,414.541,0,0,14,91,0,31,0
19-12 07:04:35,8.501,19.253,71.512,0,0,2312640,133644,172608,5295244,12035.094,1620.282,0,48.008,0,6.001,2863,4262,1.690,1.410,0.790,3,0,339.059,0,0,14,91,0,31,0
19-12 07:04:36,17.698,8.725,71.791,0.997,0,2357412,127640,171540,5258332,9808.428,1507.608,793.688,2014.133,24.927,203.407,1976,2272,1.690,1.410,0.790,2,0,116.660,0,0,14,91,0,31,0
19-12 07:04:37,20.299,6.516,71.170,0.251,0,2329320,184964,170572,5230780,9560.870,1756.201,2626.282,0,93.223,0,2129,3460,1.690,1.410,0.790,2,0,63.151,0,0,14,93,0,33,0
19-12 07:04:38,28.203,5.740,64.892,0,0,2379264,150884,170068,5215696,9772.767,1563.403,139.768,754.746,8.985,129.784,2289,4521,1.690,1.410,0.790,1,0,34.942,0,0,14,95,0,33,0
19-12 07:04:39,33.747,4.000,60.495,1.250,0,2427136,118416,169596,5201096,10001.190,1619.869,295.976,3047.753,52.996,423.966,4417,7313,2.360,1.560,0.840,2,0,8.999,0,0,14,112,0,35,0
19-12 07:04:40,19.231,7.492,72.427,0.250,0,2408244,137296,169616,5201088,11362.581,1618.374,19.980,779.217,4.995,49.950,1656,2384,2.360,1.560,0.840,2,0,110.889,0,0,14,112,0,35,0
19-12 07:04:41,24.286,2.754,70.856,0.501,0.250,2419980,129332,169276,5197660,10541.697,1622.416,108.161,849.265,17.025,86.128,2401,4241,2.360,1.560,0.840,2,0,0,0,0,14,114,0,35,0
19-12 07:04:42,20.724,7.241,70.162,0.999,0,2396700,152336,169276,5197932,10821.365,1617.961,0,3355.772,0,229.711,2400,3844,2.360,1.560,0.840,1,0,89.887,0,0,14,112,0,36,0
19-12 07:04:43,23.318,3.761,72.462,0.251,0,2380400,184108,168704,5183204,11008.155,1516.429,160.469,148.434,12.035,18.053,1701,2390,2.360,1.560,0.840,2,0,27.079,0,0,14,118,0,37,0
19-12 07:04:44,19.750,5.750,73.502,0,0.250,2440324,124488,168708,5183056,10496.241,1620.037,4.000,116.003,1.000,9.000,1300,1679,2.250,1.550,0.840,2,0,30.001,0,0,14,118,0,37,0
19-12 07:04:45,21.452,4.739,73.085,0,0,2431632,133128,168708,5183108,12563.707,1616.360,35.919,3.991,5.987,0.998,1324,1834,2.250,1.550,0.840,2,0,52.881,0,0,14,118,0,38,0
19-12 07:04:46,23.042,4.759,71.632,0.250,0,2405664,175452,168232,5167620,13625.043,1610.961,36.066,400.737,8.015,60.110,2101,3288,2.250,1.550,0.840,2,0,41.075,0,0,14,118,0,39,0
19-12 07:04:47,21.709,5.739,71.615,0,0.250,2464488,132740,167792,5152264,13916.725,1616.947,27.947,1014.085,5.989,61.883,1501,1954,2.250,1.550,0.840,1,0,40.923,0,0,14,118,0,39,0
19-12 07:04:48,22.971,4.245,72.158,0,0,2431964,165216,167792,5152312,13832.308,1711.811,0,0,0,0,1460,1839,2.250,1.550,0.840,1,0,54.930,0,0,14,118,0,40,0
19-12 07:04:49,25.584,4.515,68.976,0.752,0,2476076,120904,167792,5152512,12287.339,1625.336,24.079,1115.663,5.016,157.517,3040,5458,2.150,1.540,0.840,2,0,4.013,0,0,14,128,0,40,0
19-12 07:04:50,22.682,5.982,69.792,0.499,0,2452408,144400,167792,5152684,10930.449,1507.511,63.810,4031.993,1.994,298.112,3040,4950,2.150,1.540,0.840,1,0,52.843,0,0,14,126,0,42,0
19-12 07:04:51,24.795,3.506,70.877,0.250,0,2478540,133372,167356,5138188,12376.215,1622.913,52.094,581.043,11.020,61.110,2305,3518,2.150,1.540,0.840,1,0,0,0,0,14,128,0,42,0
19-12 07:04:52,27.968,6.243,64.676,0.749,0,2430252,181088,167360,5138920,10167.419,1618.157,759.135,1198.635,132.849,135.845,3198,5546,2.150,1.540,0.840,1,0,69.920,0,0,14,128,0,43,0
19-12 07:04:53,22.792,3.507,71.884,1.002,0.250,2485012,126180,167360,5139068,11237.914,1623.020,40.075,4444.271,10.019,290.541,1981,3143,2.150,1.540,0.840,1,0,0,0,0,14,130,0,44,0
19-12 07:04:54,20.942,8.227,69.558,0.499,0.249,2453116,156720,167360,5140424,10437.214,1561.693,1156.810,1448.006,17.950,115.681,2702,4369,2.060,1.530,0.850,1,0,146.596,0,0,14,128,0,45,0
19-12 07:04:55,23.811,2.506,72.935,0,0,2490156,119676,167360,5140428,10535.782,1624.129,0,421.070,0,18.046,1319,1869,2.060,1.530,0.850,2,0,0,0,0,14,130,0,44,0
19-12 07:04:56,31.669,3.242,63.339,0.499,0,2496112,128092,166968,5126892,10341.680,1615.888,1105.187,1121.147,33.914,119.695,3065,5434,2.060,1.530,0.850,2,0,4.987,0,0,14,128,0,45,0
19-12 07:04:57,32.367,11.793,54.196,0.753,0,2488492,132568,166968,5129988,13001.012,1932.990,2990.815,1533.545,93.338,156.566,4207,8316,2.060,1.530,0.850,2,0,287.038,0,0,14,128,0,45,0
19-12 07:04:58,19.743,7.997,70.725,0,0.250,2457440,186496,166448,5108096,12064.669,1869.329,47.983,623.776,3.999,38.986,1899,2849,2.060,1.530,0.850,2,0,98.964,0,0,14,128,0,46,0
19-12 07:04:59,9.496,18.993,70.223,0.500,0.250,2458648,185296,166456,5108212,13195.972,1709.349,63.976,519.802,15.994,36.986,3137,4869,1.970,1.520,0.850,1,0,361.862,0,0,14,128,0,46,0
19-12 07:05:00,15.707,16.206,66.569,0,0,2467480,175456,166456,5109584,10713.858,1615.606,853.678,19.946,41.886,4.986,4152,8118,1.970,1.520,0.850,1,0,237.354,0,0,14,128,0,46,0
19-12 07:05:01,28.734,20.238,50.721,0.250,0,2499948,142960,166464,5109244,11112.677,1619.079,31.982,2846.380,3.998,175.900,3771,6346,1.970,1.520,0.850,3,0,378.784,0,0,14,128,0,46,0
19-12 07:05:02,34.375,20.575,42.906,0.502,0,2537028,132948,164936,5084552,9517.510,1768.412,578.096,5608.336,82.298,481.747,4186,7181,1.970,1.520,0.850,2,0,402.459,0,0,14,131,0,46,0
19-12 07:05:03,49.469,20.487,27.732,1.249,0,2660336,128436,163548,4969896,10576.316,1618.977,2562.381,4657.057,251.841,361.771,7947,14077,1.970,1.520,0.850,3,0,396.749,0,0,16,140,0,46,0
19-12 07:05:04,52.930,24.717,20.473,0,0,2760152,131040,163456,4870188,9489.521,1510.014,1430.119,1310.277,84.888,211.722,4343,8172,2.140,1.560,0.860,4,0,487.359,0,0,16,140,0,46,0
19-12 07:05:05,53.803,21.021,23.523,0.751,0,2850308,127204,163432,4784948,10840.646,1621.592,504.495,6118.008,50.049,445.437,6196,15498,2.140,1.560,0.860,4,0,392.385,0,0,16,156,0,46,0
19-12 07:05:06,31.276,26.522,42.035,0,0.250,2896444,137048,163464,4730284,9563.033,1621.362,560.471,616.518,30.025,25.021,3734,6337,2.140,1.560,0.860,1,0,512.430,0,0,17,156,0,46,0
19-12 07:05:07,15.723,16.722,65.140,0,0,2915264,124304,163468,4724560,10623.068,1707.118,3.993,335.434,0.998,34.941,4987,8998,2.140,1.560,0.860,2,0,268.547,0,0,17,156,0,46,0
19-12 07:05:08,30.565,16.034,51.359,0.501,0,2950844,134348,163472,4679732,12515.583,1623.448,1346.861,757.609,85.181,90.192,3831,7315,2.140,1.560,0.860,4,0,352.749,0,0,17,156,0,46,0
19-12 07:05:09,35.985,18.742,44.481,0,0.250,3011232,132568,163476,4622640,10246.727,1619.325,427.822,335.860,21.991,22.990,4547,9895,2.120,1.570,0.870,2,0,332.861,0,0,17,162,0,46,0
19-12 07:05:10,33.003,21.752,43.754,0,0,3099124,122676,163488,4546116,21105.773,1636.137,392.033,400.034,16.001,27.002,6129,13577,2.120,1.570,0.870,2,0,416.035,0,0,17,168,0,46,0
19-12 07:05:11,31.493,25.244,41.991,0,0.250,3187684,123744,163488,4458568,14515.777,1511.664,51.988,543.879,3.999,38.991,4569,8339,2.120,1.570,0.870,4,0,647.856,0,0,17,172,0,46,0
19-12 07:05:12,14.755,21.508,62.272,0.250,0,3208756,126016,163492,4435672,10913.874,1620.575,4.001,476.169,1.000,33.012,5484,10320,2.120,1.570,0.870,4,0,415.147,0,0,17,174,0,46,0
19-12 07:05:13,19.495,15.996,62.983,0.500,0,3222504,124224,163492,4424160,10211.314,1619.574,563.852,407.893,43.988,21.994,5188,7809,2.120,1.570,0.870,4,1,202.947,0,0,17,180,0,46,0
19-12 07:05:14,42.747,8.999,46.497,0.250,0,3336464,125412,163492,4311520,15261.054,1619.900,351.978,391.976,20.999,25.998,2080,2621,2.110,1.580,0.880,2,0,67.996,0,0,17,180,0,46,0
19-12 07:05:15,47.003,7.250,44.252,0,0,3439912,130020,163620,4205296,11595.626,1662.090,564.030,204.011,21.001,23.001,2331,2525,2.110,1.580,0.880,3,0,5.000,0,0,17,184,0,42,0
19-12 07:05:16,45.767,20.257,32.012,1.250,0,3397808,177196,163656,4200424,10256.774,1620.596,1624.598,10415.833,42.015,835.307,8650,13880,2.110,1.580,0.880,4,0,454.167,0,0,17,186,0,42,0
19-12 07:05:17,47.492,26.496,24.996,0,0.500,3388148,189952,163660,4197260,12026.076,1709.726,0,987.842,0,53.991,5451,11555,2.110,1.580,0.880,5,0,566.909,0,0,17,196,0,42,0
19-12 07:05:18,57.729,18.743,22.992,0,0,3493104,126772,163664,4156856,10828.134,1457.480,0,375.866,0,22.992,4751,10022,2.110,1.580,0.880,9,0,193.931,0,0,17,202,0,43,0
19-12 07:05:19,79.779,17.006,2.501,0,0,3584996,125584,163664,4068104,11190.062,1620.588,80.029,836.304,3.001,58.021,3020,6036,2.350,1.630,0.900,5,0,113.041,0,0,17,215,0,42,0
19-12 07:05:20,73.256,17.252,7.251,0.250,0.250,3606404,167388,163740,4006504,11566.018,1620.143,80.007,2260.199,10.001,121.011,12514,39377,2.350,1.630,0.900,7,0,37.003,0,0,17,227,0,42,0
19-12 07:05:21,46.462,18.735,32.474,0.999,0,3618068,178924,163744,3983736,10060.790,1618.679,483.605,21330.594,29.976,378.691,6474,12420,2.350,1.630,0.900,2,0,379.690,0,0,17,229,0,47,0
19-12 07:05:22,36.248,17.749,43.997,0,0.250,3673768,137916,163744,3969792,13532.134,1619.896,111.993,591.962,6.000,46.997,4803,9879,2.350,1.630,0.900,2,0,277.982,0,0,17,229,0,47,0
19-12 07:05:23,53.544,20.767,25.771,0,0,3714032,138984,163748,3928968,12556.208,1621.318,28.023,412.335,2.002,27.022,4158,7696,2.350,1.630,0.900,3,0,522.425,0,0,17,230,0,41,0
19-12 07:05:24,57.850,18.870,20.359,0.993,0,3750804,121212,163844,3910492,11092.308,1608.876,166.846,14432.216,25.821,795.500,7773,10950,2.400,1.660,0.910,6,0,208.558,0,0,17,231,0,46,0
19-12 07:05:25,54.882,24.672,21.147,0,0,3804320,133992,163844,3845292,11569.547,1468.222,205.430,487.393,9.063,37.259,5682,10088,2.400,1.660,0.910,3,0,540.765,0,0,17,237,0,42,0
19-12 07:05:26,55.988,17.496,24.245,0,0,3827468,161420,163856,3795144,13784.940,1689.625,107.976,6474.563,12.997,544.879,8602,15994,2.400,1.660,0.910,3,0,224.950,0,0,17,245,0,44,0
19-12 07:05:27,61.506,14.251,22.502,0.500,0.500,3995492,123748,163856,3666336,14383.338,1620.151,64.006,5524.514,4.000,471.044,3065,3938,2.400,1.660,0.910,3,0,93.009,0,0,17,246,0,44,0
19-12 07:05:28,68.750,8.500,21.750,0.250,0,4052956,131260,163872,3602800,8580,1710,792,888,24,76,3866,6820,2.400,1.660,0.910,4,0,12,0,0,17,257,0,51,0
19-12 07:05:29,53.996,19.748,26.248,0.250,0,3988692,219356,163876,3579564,9718.232,1619.872,531.958,543.957,6.000,52.996,4812,8877,2.450,1.680,0.920,3,0,421.967,0,0,17,257,0,52,0
19-12 07:05:30,47.722,21.737,29.982,0.250,0,4004040,203028,164012,3580764,11235.371,1619.045,1363.196,1298.234,30.982,71.958,5300,9551,2.450,1.680,0.920,2,0,441.739,0,0,17,257,0,41,0
19-12 07:05:31,64.504,18.751,15.251,0.500,0.500,4092352,120592,164092,3574964,13377.896,1662.111,3304.221,2332.156,47.003,157.011,5578,10050,2.450,1.680,0.920,5,0,204.014,0,0,18,257,0,41,0
19-12 07:05:32,63.026,12.505,24.260,0,0,4118720,139748,164096,3530640,9486.871,1458.595,776.317,244.100,8.003,13.005,2228,3018,2.450,1.680,0.920,3,0,49.020,0,0,18,260,0,41,0
19-12 07:05:33,54.984,13.746,30.991,0,0,4185536,130416,164148,3474128,10136.000,1619.521,547.838,1095.676,5.998,40.988,4059,8962,2.450,1.680,0.920,2,0,210.938,0,0,18,257,0,43,0
19-12 07:05:34,19.922,4.981,73.214,0.249,0,4197208,120012,164148,3472988,14996.334,2545.044,1255.090,286.878,15.938,13.945,1756,2509,2.330,1.670,0.920,1,0,14.942,0,0,18,258,0,42,0
19-12 07:05:35,19.769,6.256,73.069,0,0,4181188,136208,164148,3472912,11788.057,2414.265,512.481,140.131,4.004,16.015,1859,2603,2.330,1.670,0.920,1,0,9.008,0,0,18,261,0,42,0
19-12 07:05:36,20.057,6.268,72.204,0.251,0,4198152,129220,164148,3463104,14569.231,2672.563,545.544,116.329,6.017,11.031,1907,2869,2.330,1.670,0.920,1,0,10.028,0,0,18,265,0,42,0
19-12 07:05:37,19.431,5.979,71.246,0.996,0,4205960,140236,164148,3444712,21092.699,2962.424,765.268,8589.336,5.979,765.268,3295,3003,2.330,1.670,0.920,2,0,8.968,0,0,18,269,0,42,0
19-12 07:05:38,24.594,9.536,64.998,0.502,0,4203928,141988,164148,3448236,36682.945,3022.531,799.048,401.532,33.126,36.138,3050,6051,2.330,1.670,0.920,2,0,45.172,0,0,18,275,0,41,0
19-12 07:05:39,17.451,4.737,75.039,0.249,0,4188816,156116,164148,3445976,988562.197,9602.968,510.563,271.236,3.989,26.924,2020,2646,2.220,1.660,0.920,3,0,4.986,0,0,18,277,0,41,0
19-12 07:05:40,4.499,0.750,93.727,0,0.250,4189824,152308,164148,3448776,2999924.019,25847.564,0,147.963,0,8.998,2052,2031,2.220,1.660,0.920,1,0,0,0,0,18,277,0,38,0
19-12 07:05:41,4.497,1.499,92.692,0.250,0,4194044,144636,164148,3452228,3547742.018,25298.113,0,263.834,0,23.985,2423,2467,2.220,1.660,0.920,0,0,0.999,0,0,18,279,0,38,0
19-12 07:05:42,3.256,2.004,93.163,0,0,4184496,155476,164148,3451020,3213178.062,26085.650,0,244.428,0,17.030,2276,2375,2.220,1.660,0.920,2,0,0,0,0,18,279,0,37,0
19-12 07:05:43,4.747,1.249,93.447,0,0,4185940,150968,164148,3454084,3208489.620,20946.207,0,3.998,0,0.999,2049,2037,2.220,1.660,0.920,3,0,0,0,0,18,279,0,37,0
19-12 07:05:44,4.256,2.754,91.119,0,0,4191484,142828,164152,3456676,2665077.251,14154.542,4.005,4.005,1.001,1.001,1946,2243,2.050,1.630,0.920,1,0,34.045,0,0,18,278,0,36,1
19-12 07:05:45,14.489,13.490,71.446,0.250,0,4211784,128936,164152,3450376,11727.146,1726.696,2094.419,0,24.981,0,2517,3752,2.050,1.630,0.920,3,0,217.836,0,0,18,278,0,36,0
19-12 07:05:46,25.217,3.246,70.407,0,0,4243128,131460,164152,3416840,10388.308,1510.010,51.932,0,5.992,0,2169,4365,2.050,1.630,0.920,2,0,1.997,0,0,18,284,0,36,0
19-12 07:05:47,27.067,4.010,67.918,0,0.251,4262096,122700,164160,3407044,9907.561,1624.026,469.163,705.750,25.062,80.199,3985,8976,2.050,1.630,0.920,1,0,6.015,0,0,18,292,0,37,0
19-12 07:05:48,19.007,12.005,68.026,0.250,0,4208924,171188,164160,3412036,12640.816,1660.633,232.088,348.133,8.003,29.011,3253,5645,2.050,1.630,0.920,3,0,186.071,0,0,18,288,0,36,0
19-12 07:05:49,18.203,10.723,69.572,0.249,0,4245068,134948,164160,3412132,10915.014,1615.857,175.550,331.151,11.969,23.939,2774,4670,2.040,1.630,0.920,1,0,280.281,0,0,18,292,0,36,0
19-12 07:05:50,15.537,12.280,71.672,0,0,4211252,176776,164156,3404252,13094.466,1623.902,4.010,204.491,1.002,12.029,2382,3499,2.040,1.630,0.920,1,0,160.385,0,0,18,292,0,34,0
19-12 07:05:51,8.487,18.472,70.641,0.250,0.250,4212684,175304,164156,3404292,11841.787,1617.512,31.951,886.636,1.997,60.906,3245,5122,2.040,1.630,0.920,1,0,305.530,0,0,18,292,0,34,0
19-12 07:05:52,4.993,9.736,84.125,0.250,0,4212312,175536,164156,3404432,12044.139,1617.601,31.953,147.781,2.996,9.985,2248,3750,2.040,1.630,0.920,1,0,194.711,0,0,18,292,0,34,0
19-12 07:05:53,13.259,1.751,82.805,0,0,4249848,137988,164164,3404436,9566.381,1513.009,32.021,15966.650,3.002,18.012,1354,2005,2.040,1.630,0.920,1,0,9.006,0,0,18,292,0,34,0
19-12 07:05:54,20.535,7.012,71.373,0,0.250,4221668,183224,164164,3387688,12288.160,1622.794,0,116.200,0,12.021,2142,3357,1.960,1.620,0.920,3,0,82.141,0,0,18,296,0,31,0
19-12 07:05:55,11.762,17.268,70.324,0,0,4223076,181684,164168,3387816,9534.974,1567.640,36.038,4.004,4.004,1.001,2860,4403,1.960,1.620,0.920,3,0,203.213,0,0,18,296,0,31,0
19-12 07:05:56,12.506,16.508,70.032,0,0,4225244,179464,164168,3387868,10118.695,1620.752,0,0,0,0,3058,4981,1.960,1.620,0.920,4,0,238.110,0,0,18,296,0,31,0
19-12 07:05:57,22.689,4.987,70.062,0.249,0,4286196,118316,164168,3388064,9568.309,1615.662,15.957,426.854,3.989,45.877,2177,3439,1.960,1.620,0.920,2,0,21.941,0,0,18,298,0,31,0
19-12 07:05:58,24.641,3.733,69.194,0.249,0,4332176,124452,164168,3336752,11383.684,1612.871,103.542,406.205,7.965,48.784,1920,2878,1.960,1.620,0.920,5,0,2.987,0,0,18,304,0,29,0
19-12 07:05:59,24.648,3.773,71.679,0,0,4257688,198728,164168,3336964,9963.642,1629.756,209.253,217.301,11.066,16.096,1661,2390,1.960,1.630,0.930,2,0,5.030,0,0,18,300,0,29,0
19-12 07:06:00,24.934,3.491,71.063,0.499,0,4310552,145836,164168,3336992,12420.260,1577.841,0,2285.974,0,138.635,1761,2431,1.960,1.630,0.930,6,0,0.997,0,0,18,302,0,29,0
19-12 07:06:01,24.236,4.248,70.209,0.250,0.250,4246972,209368,164168,3337040,11263.467,1619.061,31.981,715.585,1.999,41.976,2140,3372,1.960,1.630,0.930,1,0,19.988,0,0,18,300,0,30,0
19-12 07:06:02,24.556,2.255,72.916,0,0.251,4275952,180388,164168,3337040,11852.965,1623.694,0,128.292,0,10.023,1378,2007,1.960,1.630,0.930,2,0,0,0,0,18,300,0,30,0
19-12 07:06:03,10.262,17.520,70.833,0,0,4219252,235824,164176,3338296,9229.780,1567.831,1497.749,216.253,20.023,3.004,2965,4522,1.960,1.630,0.930,2,0,296.346,0,0,18,300,0,30,0
19-12 07:06:04,13.478,13.978,70.387,0.250,0,4226428,228404,164176,3338540,9812.222,1617.399,127.795,0,31.949,0,2607,3894,1.880,1.620,0.930,3,0,251.595,0,0,18,300,0,30,0
19-12 07:06:05,22.486,5.247,71.455,0.250,0,4258992,188740,164188,3345628,11487.751,1618.978,7231.437,139.912,103.934,5.996,1882,2420,1.880,1.620,0.930,1,0,34.978,0,0,18,300,0,30,0
19-12 07:06:06,22.726,6.244,68.429,0,0,4285148,162356,164204,3345840,11319.217,1618.315,211.780,3.996,10.989,0.999,9480,18799,1.880,1.620,0.930,3,0,14.984,0,0,18,300,0,30,0
19-12 07:06:07,12.021,3.005,84.650,0.250,0,4255692,191264,164204,3346388,11974.230,2404.263,280.497,556.988,7.012,36.064,1792,2908,1.880,1.620,0.930,3,0,0,0,0,18,301,0,30,0
19-12 07:06:08,3.249,0.750,93.729,0.500,0,4256140,190816,164220,3346372,22959.972,2887.368,0,3643.202,0,400.912,1931,2064,1.880,1.620,0.930,1,0,0,0,0,18,302,0,30,0
19-12 07:06:09,3.746,0.749,94.156,0,0,4256616,190312,164220,3346400,14289.696,3202.794,0,99.900,0,7.992,1153,1714,1.730,1.590,0.920,2,0,0,0,0,18,302,0,30,0
19-12 07:06:10,6.993,1.499,89.916,0.250,0,4258972,187820,164264,3346460,36502.833,4130.134,0,511.521,0,25.976,1360,2078,1.730,1.590,0.920,0,0,0,0,0,18,302,0,30,0
19-12 07:06:11,10.266,0.501,87.891,0,0,4258900,187820,164304,3346492,63372.459,3237.183,0,504.808,0,28.045,1573,2326,1.730,1.590,0.920,2,0,1.002,0,0,18,302,0,30,0
19-12 07:06:12,5.503,1.001,92.550,0.250,0,4258788,187568,164332,3346828,142017.832,3411.846,72.039,400.217,3.002,12.006,1297,2099,1.730,1.590,0.920,1,0,0,0,0,18,302,0,30,0
19-12 07:06:13,26.200,1.248,71.862,0.499,0,4263708,180820,164476,3348284,10462.943,1616.900,0,17226.976,0,151.709,1458,1923,1.730,1.590,0.920,1,0,0.998,0,0,18,302,0,30,0
19-12 07:06:14,25.040,5.759,68.860,0,0,4283868,160660,164476,3348284,9697.438,1514.411,0,24.038,0,6.010,7053,14753,1.730,1.590,0.920,2,0,12.019,0,0,18,302,0,30,0
19-12 07:06:15,19.049,8.271,71.433,0,0.251,4214404,230240,164480,3348132,10029.636,2015.151,4.010,308.789,1.003,11.028,2059,3114,1.670,1.580,0.920,3,0,103.264,0,0,18,300,0,30,0
19-12 07:06:16,23.669,7.225,67.769,0,0.249,4268116,176320,164480,3348340,9099.969,1614.495,0,0,0,0,3020,5438,1.670,1.580,0.920,1,0,163.443,0,0,18,300,0,30,0
19-12 07:06:17,21.247,8.249,69.490,0.250,0,4243708,200660,164480,3348408,9332.721,1619.778,27.996,387.947,3.000,28.996,2641,4459,1.670,1.580,0.920,1,0,111.985,0,0,18,300,0,34,0
19-12 07:06:18,22.805,3.759,71.421,0,0,4228304,215920,164480,3348552,13717.937,1569.769,0,400.963,0,12.029,1785,2658,1.670,1.580,0.920,1,0,32.077,0,0,18,300,0,34,0
19-12 07:06:19,22.950,4.241,71.594,0,0,4283964,160256,164480,3348556,9935.311,1616.471,0,107.765,0,8.980,1702,2460,1.670,1.580,0.920,1,0,37.917,0,0,18,300,0,33,0
19-12 07:06:20,23.478,5.495,70.934,0.250,0,4266668,177524,164480,3348584,10092.574,1510.589,0,191.821,0,16.984,2048,3099,1.620,1.570,0.930,1,0,55.948,0,0,18,300,0,34,0
19-12 07:06:21,23.603,3.013,71.813,0,0,4260820,183360,164480,3348596,10450.491,1627.083,0,132.577,0,8.035,1831,2792,1.620,1.570,0.930,1,0,28.122,0,0,18,300,0,31,0
19-12 07:06:22,23.734,4.247,71.202,0,0,4235976,208200,164484,3348596,10640.892,1618.919,15.989,403.730,2.998,44.970,2089,3371,1.620,1.570,0.930,1,0,36.975,0,0,18,300,0,31,0
19-12 07:06:23,23.705,3.244,72.114,0,0,4294188,149948,164484,3348636,22179.281,1616.959,0,119.775,0,8.983,1669,2243,1.620,1.570,0.930,3,0,9.981,0,0,18,300,0,31,0
19-12 07:06:24,23.227,4.496,70.181,0.500,0,4271996,172124,164484,3348652,13096.153,1618.412,0,1826.208,0,275.730,2232,2481,1.620,1.570,0.930,2,0,27.973,0,0,18,300,0,34,0
19-12 07:06:25,22.257,5.752,70.773,0.250,0,4239236,204860,164484,3348676,10219.342,1620.530,0,296.097,0,33.011,2324,3503,1.570,1.560,0.930,1,0,88.029,0,0,18,300,0,30,0
19-12 07:06:26,24.556,4.009,71.162,0,0,4225896,218060,164484,3348816,10925.911,1569.579,0,184.420,0,13.030,1851,2752,1.570,1.560,0.930,1,0,10.023,0,0,18,300,0,32,0
19-12 07:06:27,22.994,4.249,70.730,0,0,4274700,169212,164484,3348860,10150.158,1511.577,15.996,363.898,1.000,39.989,2064,3280,1.570,1.560,0.930,1,0,38.989,0,0,18,301,0,30,0
19-12 07:06:28,24.690,3.491,70.577,0.499,0.249,4254680,188908,164484,3349184,13048.032,1616.041,307.247,251.384,23.941,18.954,1921,2783,1.570,1.560,0.930,2,0,13.966,0,0,18,300,0,31,0
19-12 07:06:29,31.040,5.257,62.081,1.252,0.250,4284108,158336,164492,3350320,10742.955,1664.162,913.186,1205.566,58.075,169.220,3709,6997,1.570,1.560,0.930,3,0,2.003,0,0,18,304,0,24,0
19-12 07:06:30,41.853,7.017,50.625,0,0,4303244,138876,164492,3350644,10961.030,1624.005,769.899,785.938,6.015,50.124,1966,2707,1.600,1.570,0.930,3,0,12.030,0,0,18,304,0,24,0
19-12 07:06:31,30.961,9.238,57.927,0.749,0.250,4228832,213136,164500,3350788,10047.290,1617.953,295.626,1134.565,4.994,133.831,3481,6457,1.600,1.570,0.930,1,0,123.843,0,0,18,304,0,26,0
19-12 07:06:32,9.986,21.220,66.907,0,0,4229748,212208,164504,3350796,10678.115,1617.745,0,1090.480,0,76.893,3846,6089,1.600,1.570,0.930,2,0,520.275,0,0,18,304,0,26,0
19-12 07:06:33,8.760,21.524,67.326,0,0,4229060,212876,164504,3350816,12319.872,1621.826,0,620.699,0,38.043,3937,6311,1.600,1.570,0.930,1,0,569.641,0,0,18,304,0,26,0
19-12 07:06:34,9.511,21.525,67.327,0.501,0,4236180,205716,164508,3350852,12918.727,1459.664,0,3023.447,0,195.223,4308,6937,1.600,1.570,0.930,1,0,512.584,0,0,18,304,0,26,0
19-12 07:06:35,10.251,21.501,68.004,0,0,4236808,205060,164508,3350880,10361.622,1620.097,0,256.015,0,27.002,4403,7449,1.720,1.590,0.940,1,0,697.042,0,0,18,304,0,24,0
19-12 07:06:36,10.216,19.933,68.020,0,0,4229104,212604,164508,3351040,9939.464,1614.552,0,43.852,0,10.963,3942,6540,1.720,1.590,0.940,1,0,579.046,0,0,18,304,0,24,0
19-12 07:06:37,10.534,22.321,67.214,0.251,0.251,4229984,211616,164508,3351148,8295.388,1625.170,80.255,417.328,5.016,35.112,4015,6663,1.720,1.590,0.940,2,0,529.685,0,0,18,304,0,24,0
19-12 07:06:38,13.000,14.500,70.501,0,0,4236680,233656,164508,3323904,9378.113,1620.019,48.001,248.003,4.000,10.000,2865,4540,1.720,1.590,0.940,1,0,280.003,0,0,18,304,0,24,0
19-12 07:06:39,24.719,10.237,62.421,1.248,0,4260552,263620,164920,3276948,9816.602,1617.957,203.743,5409.168,5.992,352.555,10124,19044,1.720,1.590,0.940,2,0,42.946,0,0,18,304,0,24,0
19-12 07:06:40,20.712,1.996,76.110,0,0,4268012,253820,165016,3278872,9369.816,1690.899,0,646.814,0,3.993,1333,1953,1.660,1.580,0.940,1,0,3.993,0,0,18,304,1,24,0
19-12 07:06:41,4.251,1.000,93.027,0.500,0,4268004,253820,165016,3278880,13432.949,3422.006,4.001,244.072,1.000,35.010,1656,2721,1.660,1.580,0.940,1,0,0,0,0,18,305,0,24,0
19-12 07:06:42,5.749,1.250,91.979,0.250,0,4269992,251804,165032,3278892,13741.894,4109.071,0,743.832,0,43.990,1306,2035,1.660,1.580,0.940,2,0,0,0,0,18,305,0,24,0
19-12 07:06:43,9.777,0.752,87.994,0.251,0,4276476,245252,165040,3278920,11986.202,4196.625,0,2398.644,0,128.356,1295,1774,1.660,1.580,0.940,0,1,0,0,0,18,305,0,24,0
19-12 07:06:44,5.989,0.998,91.836,0.250,0,4276420,245252,165052,3278964,14609.950,4275.377,0,2711.166,0,64.884,1347,1962,1.660,1.580,0.940,1,0,0,0,0,18,305,0,24,0
19-12 07:06:45,5.759,1.002,92.151,0.250,0,4276412,245252,165068,3278956,14656.080,5020.248,0,288.474,0,9.015,1214,1816,1.610,1.570,0.940,2,0,0,0,0,18,305,0,24,0
19-12 07:06:46,6.229,0.498,92.944,0,0,4277124,244504,165080,3278980,14204.183,4131.383,0,326.922,0,8.970,1241,1860,1.610,1.570,0.940,0,0,1.993,0,0,18,305,0,24,0
19-12 07:06:47,5.757,0.751,91.856,0.501,0,4276956,244504,165092,3279100,15067.448,4085.731,0,520.603,0,40.046,1576,2388,1.610,1.570,0.940,1,0,0,0,0,18,305,0,22,0
19-12 07:06:48,4.749,0.500,93.730,0,0,4276924,244504,165104,3279120,18130.156,3942.164,0,303.936,0,11.997,1340,2016,1.610,1.570,0.940,1,0,0,0,0,18,305,0,22,0
19-12 07:06:49,6.243,1.249,90.149,0.499,0.250,4277952,243020,165116,3279564,15441.659,4138.353,203.771,3751.787,2.997,173.805,1706,2718,1.610,1.570,0.940,1,0,0,0,0,18,305,0,21,0
19-12 07:06:50,5.250,0.500,93.247,0.250,0,4279572,241256,165128,3279696,14166.490,4092.853,63.998,315.989,1.000,9.000,1320,2107,1.480,1.550,0.940,1,0,0,0,0,18,305,0,21,0
19-12 07:06:51,12.022,0.751,85.656,0.250,0,4290768,229412,165140,3280296,13280.197,3346.097,0,569.037,0,15.027,1442,2289,1.480,1.550,0.940,1,0,0,0,0,18,305,0,21,0
19-12 07:06:52,11.250,1.500,86.747,0.250,0,4291712,227144,165152,3281608,13362.586,4202.870,0,763.976,0,31.999,1315,1910,1.480,1.550,0.940,0,0,0,0,0,18,305,0,21,0
19-12 07:06:53,5.506,0.501,92.845,0.250,0,4291656,227144,165164,3281652,16360.655,4220.296,0,308.314,0,9.009,1209,1786,1.480,1.550,0.940,1,0,0,0,0,18,305,0,21,0
19-12 07:06:54,5.728,0.249,91.901,0,0,4292664,225884,165176,3281892,16321.094,4983.099,3.985,314.806,0.996,11.955,1289,2082,1.480,1.550,0.940,2,0,0,0,0,18,305,0,21,0
19-12 07:06:55,7.014,0.752,91.938,0,0,4292896,225544,165188,3281984,16631.962,3979.125,0,456.933,0,13.027,1195,1839,1.520,1.560,0.940,3,0,0,0,0,18,305,0,21,0
19-12 07:06:56,5.261,0.752,93.189,0.501,0,4292516,225544,165200,3282320,15341.143,4815.776,52.106,312.635,1.002,12.024,1319,2141,1.520,1.560,0.940,1,0,2.004,0,0,18,305,0,21,0
19-12 07:06:57,10.971,0.249,86.520,0,0,4292244,225544,165216,3282576,15579.512,4191.837,31.915,682.183,0.997,31.915,1465,2229,1.520,1.560,0.940,3,0,0,0,0,18,305,0,21,0
19-12 07:06:58,7.006,1.001,90.324,0.250,0,4292308,225320,165224,3282696,13640.103,4201.420,0,456.371,0,22.018,1316,2103,1.520,1.560,0.940,1,0,0,0,0,18,305,0,21,0
19-12 07:06:59,8.749,1.000,88.244,0.500,0.250,4293868,223556,165244,3282880,14928.000,4276.713,75.995,651.956,2.000,25.998,1500,2443,1.520,1.560,0.940,2,0,0,0,0,18,305,0,21,0
19-12 07:07:00,22.250,4.250,71.749,0.750,0,4288268,200008,165528,3310536,9805.814,1619.969,1511.971,1571.970,13.000,63.999,1695,2377,1.640,1.580,0.960,3,0,0,0,0,18,305,0,21,0
19-12 07:07:01,21.003,4.251,71.760,1.250,0.250,4315040,146820,166144,3334236,9508.379,1458.211,16.002,3392.492,1.000,150.022,2218,3388,1.640,1.580,0.960,1,0,0,0,0,18,305,0,21,0
19-12 07:07:02,21.483,3.997,71.943,1.249,0,4312712,133632,166880,3346836,11282.031,1618.713,91.927,3089.544,16.986,131.895,1928,2905,1.640,1.580,0.960,1,0,0,0,0,18,305,0,20,0
19-12 07:07:03,22.584,4.517,72.770,0.251,0,4251468,205408,167116,3335420,11459.446,1800.670,108.402,1071.971,9.033,38.141,1613,2265,1.640,1.580,0.960,1,0,7.026,0,0,18,304,0,20,0
19-12 07:07:04,21.963,6.489,69.385,0,0,4277072,177968,167212,3337084,10470.577,1617.309,0,83.860,0,1.997,10034,20174,1.640,1.580,0.960,1,0,12.978,0,0,18,304,0,20,0
19-12 07:07:05,25.464,4.494,68.902,0,0,4285236,169652,167216,3337228,10567.930,1617.693,0,0,0,0,7125,15258,1.670,1.590,0.960,2,0,5.991,0,0,18,304,0,20,0
19-12 07:07:06,22.965,3.994,71.641,0,0,4256716,198088,167216,3337308,10207.515,1617.546,0,115.824,0,7.988,1580,2291,1.670,1.590,0.960,1,0,10.983,0,0,18,304,0,20,0
19-12 07:07:07,24.866,5.023,69.574,0.502,0,4236416,218484,167216,3337216,10159.240,1627.568,0,1912.895,0,41.192,6889,13163,1.670,1.590,0.960,2,0,54.252,0,0,18,304,0,20,0
19-12 07:07:08,23.897,6.721,67.211,0,0,4276664,178220,167216,3337232,11066.470,1521.465,0,290.751,0,19.914,11705,23228,1.670,1.590,0.960,2,0,11.949,0,0,18,304,0,20,0
19-12 07:07:09,24.061,7.268,67.171,0,0,4271488,183276,167216,3337340,9702.635,1624.124,0,12608.012,0,75.191,10002,20050,1.670,1.590,0.960,1,0,18.046,0,0,18,304,0,20,0
19-12 07:07:10,23.194,3.491,72.074,0.249,0.249,4243516,211356,167216,3337232,10367.744,1616.063,0,710.270,0,125.694,1677,2174,1.610,1.580,0.960,2,0,8.978,0,0,18,304,0,20,0
19-12 07:07:11,23.993,3.249,71.730,0,0,4255436,199472,167216,3337256,28583.854,1619.538,0,635.819,0,15.995,1927,2707,1.610,1.580,0.960,1,0,4.999,0,0,18,304,0,20,0
19-12 07:07:12,22.337,4.769,71.279,0.251,0.251,4228260,226648,167216,3337256,10445.843,1626.359,0,397.554,0,23.090,2163,3064,1.610,1.580,0.960,1,0,95.373,0,0,18,304,0,20,0
19-12 07:07:13,22.186,5.734,71.046,0,0,4252844,184604,167764,3352372,9754.025,1615.367,3.989,15.954,0.997,3.989,7338,14592,1.610,1.580,0.960,1,0,6.980,0,0,18,304,0,20,0
19-12 07:07:14,9.259,2.502,86.083,0.250,0,4262256,173852,167852,3353348,10938.578,2513.430,0,8207.937,0,200.194,1641,2085,1.610,1.580,0.960,1,0,4.004,0,0,18,305,0,20,0
19-12 07:07:15,4.001,1.250,93.523,0.250,0,4262328,173852,167852,3353348,16853.112,2707.661,0,1420.347,0,28.007,1393,2235,1.480,1.550,0.960,2,0,0,0,0,18,305,0,20,0
19-12 07:07:16,14.257,1.251,84.289,0,0,4262368,173604,167868,3353500,11998.507,2509.152,0,128.059,0,4.002,1337,2044,1.480,1.550,0.960,2,0,2.001,0,0,18,306,0,20,0
19-12 07:07:17,8.232,1.497,88.561,0.249,0,4262248,173604,167872,3353616,15917.999,3524.472,0,494.943,0,35.923,2624,4609,1.480,1.550,0.960,3,0,0,0,0,18,306,0,22,0
19-12 07:07:18,6.760,0.751,91.130,0,0,4263196,172596,167892,3353656,14741.109,5016.183,0,380.545,0,18.026,1429,2097,1.480,1.550,0.960,1,0,0,0,0,18,306,0,18,0
19-12 07:07:19,10.743,0.750,87.692,0.750,0,4268472,167304,167904,3353660,13599.997,4147.255,0,587.611,0,19.987,1410,2162,1.480,1.550,0.960,2,0,0,0,0,18,306,0,18,0
19-12 07:07:20,7.242,1.249,90.646,0,0,4268388,167304,167924,3353708,15309.379,5204.010,0,387.554,0,11.986,1448,2145,1.360,1.520,0.950,2,0,0,0,0,18,305,0,17,1
19-12 07:07:21,5.506,1.001,91.608,0.501,0,4269640,166044,167936,3353704,16176.992,4052.758,0,1125.321,0,142.167,1539,2310,1.360,1.520,0.950,3,0,0,0,0,18,305,0,17,1
19-12 07:07:22,4.755,1.251,92.838,0,0,4270208,165288,167948,3353844,13287.663,4948.716,0,764.729,0,39.037,1346,2065,1.360,1.520,0.950,2,0,0,0,0,18,305,0,13,1
19-12 07:07:23,4.495,1.249,93.893,0.250,0,4270640,164784,167948,3353916,34962.213,4436.951,0,415.527,0,11.986,1211,1870,1.360,1.520,0.950,1,0,0,0,0,18,305,0,13,1
19-12 07:07:24,4.506,1.001,93.629,0,0,4270624,164784,167948,3353932,13798.027,2721.753,0,0,0,0,1121,1828,1.360,1.520,0.950,2,0,0,0,0,18,306,0,10,1
19-12 07:07:25,3.239,1.246,94.685,0.249,0,4270548,164784,167968,3353956,39473.789,4367.482,0,330.900,0,18.937,1208,1912,1.250,1.500,0.950,0,0,0.997,0,0,18,306,0,10,1
19-12 07:07:26,5.994,1.249,91.414,0,0,4271104,164028,167976,3354148,126865.619,4759.521,0,415.609,0,17.983,1715,2710,1.250,1.500,0.950,0,0,1.998,0,0,18,306,0,9,1
19-12 07:07:27,4.263,1.003,93.535,0.502,0,4271260,163804,167980,3354176,31549.099,5218.897,0,798.432,0,49.150,1563,2487,1.250,1.500,0.950,0,0,0,0,0,18,306,0,9,1
19-12 07:07:28,6.744,1.249,89.171,0.250,0,4273676,161072,167980,3354468,14537.062,4862.672,0,699.378,0,31.972,1466,2274,1.250,1.500,0.950,0,0,0,0,0,18,306,0,6,1
19-12 07:07:29,13.496,1.500,84.477,0,0.500,4284000,150740,167980,3354476,11788.841,3340.105,0,587.842,0,16.995,1546,2420,1.250,1.500,0.950,1,0,0,0,0,18,306,0,6,1
19-12 07:07:30,9.780,1.505,88.024,0.251,0,4287336,145516,167984,3356328,13794.930,4214.114,0,513.598,0,13.041,1270,1820,1.230,1.490,0.950,0,0,0,0,0,18,306,0,5,1
19-12 07:07:31,6.735,0.499,90.301,0.499,0,4287748,145012,167996,3356400,15031.840,4307.498,19.956,522.847,1.996,26.941,1484,2376,1.230,1.490,0.950,1,0,0,0,0,18,306,0,5,1
19-12 07:07:32,4.995,0.749,92.910,0,0,4288248,144256,168008,3356644,14654.814,5006.154,0,675.346,0,35.965,1223,1877,1.230,1.490,0.950,0,0,0,0,0,18,306,0,3,1
19-12 07:07:33,7.015,0.501,90.189,0.251,0,4290940,141484,168020,3356708,16146.876,5069.636,0,440.925,0,12.025,1239,1875,1.230,1.490,0.950,1,0,0,0,0,18,306,0,3,1
19-12 07:07:34,3.998,1.000,93.708,0,0.250,4291332,140728,168020,3357072,14260.611,3977.218,0,267.880,0,8.996,1185,1947,1.230,1.490,0.950,1,0,0,0,0,18,306,0,3,1
19-12 07:07:35,9.011,3.754,86.601,0.250,0,4299956,131908,168036,3357176,15326.963,4207.932,4.005,73169.755,1.001,189.222,1903,2493,1.220,1.480,0.950,3,0,0,0,0,18,306,0,3,1
19-12 07:07:36,9.254,0.250,87.792,0,0,4303472,128136,168056,3357412,174418.849,7254.446,0,328.156,0,9.004,1544,2216,1.220,1.480,0.950,0,0,2.001,0,0,18,306,0,3,1
19-12 07:07:37,4.741,0.998,92.816,0.749,0,4303856,127632,168104,3357444,23364.738,4171.740,0,1181.660,0,149.704,1562,2341,1.220,1.480,0.950,0,0,0,0,0,18,306,0,3,1
19-12 07:07:38,3.756,1.753,93.652,0.501,0,4304780,126664,168148,3357440,24887.367,5066.217,0,621.007,0,33.054,1518,2306,1.220,1.480,0.950,1,0,0,0,0,18,306,0,3,1
19-12 07:07:39,7.492,3.246,86.655,0.250,0,4299036,148816,168172,3340952,28325.983,5140.371,0,467.488,0,23.974,2062,3325,1.220,1.480,0.950,0,0,33.963,0,0,18,306,0,4,1
19-12 07:07:40,3.497,1.249,93.658,0,0,4299208,148324,168216,3341216,165900.086,8076.069,0,767.247,0,32.968,1439,2137,1.120,1.460,0.940,0,0,0.999,0,0,18,306,0,4,1
19-12 07:07:41,4.249,0.750,93.477,0.250,0,4299224,148100,168280,3341324,47099.649,5493.676,31.992,703.830,1.000,24.994,1496,2456,1.120,1.460,0.940,2,0,0,0,0,18,306,0,3,1
19-12 07:07:42,3.997,0.999,93.941,0.250,0,4299880,146112,168316,3342612,692245.808,16922.288,0,1131.284,0,29.981,1643,2251,1.120,1.460,0.940,0,0,1.999,0,0,18,306,0,3,1
19-12 07:07:43,5.006,1.001,92.108,0.250,0,4300084,142876,168352,3345572,1689983.971,34404.287,0,300.352,0,7.008,2179,2628,1.120,1.460,0.940,1,0,1.001,0,0,18,306,0,3,1
19-12 07:07:44,5.240,1.248,90.571,0,0.250,4298844,138604,168352,3351048,2768672.946,25461.815,0,0,0,0,2227,2502,1.120,1.460,0.940,2,0,0,0,0,18,306,0,3,1
19-12 07:07:45,5.492,3.245,89.624,0.499,0,4298592,134012,168352,3355892,2547036.960,18160.503,0,19340.845,0,252.645,2302,2193,1.110,1.450,0.940,3,0,0,0,0,18,306,0,3,1
19-12 07:07:46,6.034,1.760,91.513,0,0,4302336,125096,168352,3361048,2699618.059,17956.665,0,0,0,0,2030,2310,1.110,1.450,0.940,0,0,2.011,0,0,18,306,0,3,1
19-12 07:07:47,4.991,2.246,90.090,0.749,0,4307728,142176,168384,3338804,637309.775,6993.586,0,12697.462,0,169.699,1954,2799,1.110,1.450,0.940,2,0,0,0,0,18,306,0,3,1
19-12 07:07:48,5.496,0.750,92.191,0.250,0,4308276,141448,168432,3338900,26907.779,4267.269,0,719.539,0,71.954,1417,1993,1.110,1.450,0.940,1,0,0,0,0,18,306,0,3,1
19-12 07:07:49,6.499,1.500,90.988,0.250,0,4308144,141448,168444,3339020,15198.979,4001.468,0,391.948,0,18.997,1330,2133,1.110,1.450,0.940,1,0,0,0,0,18,306,0,3,1
19-12 07:07:50,7.498,0.500,90.477,0,0,4308072,141448,168480,3339056,72935.110,5110.676,0,519.865,0,9.997,1387,2053,1.020,1.430,0.940,1,0,0,0,0,18,306,0,3,1
19-12 07:07:51,6.747,0.750,91.213,0.250,0,4308604,140720,168488,3339204,14350.174,4143.318,15.994,391.841,1.000,16.993,1356,2252,1.020,1.430,0.940,3,0,0,0,0,18,306,0,3,1
19-12 07:07:52,12.493,1.749,84.203,0.250,0,4306916,132416,168500,3349164,658315.660,11201.749,0,499.721,0,26.985,1642,2013,1.020,1.430,0.940,2,0,0.999,0,0,18,306,0,3,1
19-12 07:07:53,4.262,0.752,93.005,0,0,4307028,128916,168512,3352524,1787763.259,25521.956,0,1331.650,0,41.113,2049,2444,1.020,1.430,0.940,3,0,1.003,0,0,18,306,0,3,1
19-12 07:07:54,4.743,1.747,91.862,0,0,4311132,120992,168524,3356316,1948294.455,21108.380,0,3239.148,0,4.993,1991,2536,1.020,1.430,0.940,1,0,0,0,0,18,306,0,3,1
19-12 07:07:55,3.503,2.001,92.319,0,0,4307836,118484,168552,3362060,1727704.868,25694.168,0,2065.541,0,9.007,2301,2569,0.940,1.400,0.930,1,0,2.001,0,0,18,306,0,3,1
19-12 07:07:56,3.502,1.000,94.296,0.250,0,4303832,129232,168596,3355268,332361.195,6946.369,0,700.340,0,15.007,1574,2314,0.940,1.400,0.930,0,0,5.002,0,0,18,306,0,3,1
19-12 07:07:57,6.741,1.498,90.376,0.499,0,4304136,128224,168648,3355920,214422.598,4919.246,0,838.848,0,39.945,1536,2398,0.940,1.400,0.930,4,0,1.997,0,0,18,306,0,3,1
19-12 07:07:58,24.541,2.755,71.119,0.751,0,4304324,129932,169344,3351364,13115.904,1622.710,0,1895.165,0,85.142,1796,2676,0.940,1.400,0.930,1,0,0,0,0,18,306,0,3,1
19-12 07:07:59,23.496,3.749,71.236,0.750,0,4305888,128312,170052,3348932,10420.010,1619.691,0,2427.536,0,132.975,1947,2852,0.940,1.400,0.930,5,0,0,0,0,18,306,0,3,1
19-12 07:08:00,20.540,6.187,70.283,0.990,0,4323512,125852,170932,3330888,15954.140,1603.630,0,3769.521,0,107.899,1829,2418,0.940,1.390,0.930,5,0,0,0,0,18,306,0,3,1
19-12 07:08:01,22.444,4.539,71.366,1.261,0,4323752,130652,171720,3323152,9692.677,1634.107,0,17547.487,0,304.630,1932,2714,0.940,1.390,0.930,2,0,0,0,0,18,306,0,3,1
19-12 07:08:02,20.771,5.005,71.821,1.501,0,4324400,123216,174812,3323224,13054.964,1621.610,0,5305.268,0,119.118,1820,2665,0.940,1.390,0.930,3,0,0,0,0,18,306,0,3,1
19-12 07:08:03,15.017,4.004,81.091,0.250,0.250,4332376,119620,175804,3316292,9775.949,1752.963,0,1417.588,0,14.016,1364,2014,0.940,1.390,0.930,1,0,1.001,0,0,18,307,0,3,1
19-12 07:08:04,2.750,0.250,95.001,0,0,4332600,119396,175804,3316292,17508.210,3202.038,0,0,0,0,1164,1888,0.940,1.390,0.930,0,0,0,0,0,18,307,0,3,1
19-12 07:08:05,22.253,3.000,72.761,0,0,4264940,219132,175832,3284220,11911.763,2274.337,0,452.067,0,7.001,1550,2055,0.950,1.390,0.930,1,0,7.001,0,0,18,304,0,3,0
19-12 07:08:06,24.994,6.998,66.233,0,0.500,4280156,202252,175900,3285720,10961.183,1619.584,0,82550.784,0,299.923,9957,19591,0.950,1.390,0.930,2,0,13.996,0,0,18,304,0,3,0
19-12 07:08:07,24.707,2.496,71.375,0.250,0,4270156,212108,175900,3285864,10024.447,1617.168,0,3182.428,0,28.949,1634,2377,0.950,1.390,0.930,3,0,0.998,0,0,18,304,0,3,0
19-12 07:08:08,22.998,6.249,68.993,0,0,4283208,199032,175900,3285880,11250.852,1619.835,0,679.931,0,17.998,8119,15933,0.950,1.390,0.930,2,0,11.999,0,0,18,304,0,3,0
19-12 07:08:09,22.282,4.757,71.104,0,0,4260928,220664,176156,3286268,9788.261,1622.364,424.619,492.718,9.013,8.012,1564,2278,0.950,1.390,0.930,3,0,7.010,0,0,18,304,0,3,0
19-12 07:08:10,23.282,4.005,70.596,0.501,0,4278928,199076,176264,3288992,10602.377,1514.053,524.712,1650.238,14.019,45.061,3364,5958,0.950,1.380,0.930,1,0,0,0,0,18,305,0,7,0
19-12 07:08:11,24.771,6.255,65.054,1.751,0,4225200,251892,176264,3289904,11832.857,1567.306,756.630,3042.534,44.037,303.253,5495,10358,0.950,1.380,0.930,1,0,76.063,0,0,18,306,0,11,0
19-12 07:08:12,11.242,16.738,70.201,0.500,0,4230192,245840,176264,3290964,23863.343,1618.870,891.378,2434.301,11.992,289.798,3786,5092,0.950,1.380,0.930,0,1,353.753,0,0,18,308,0,12,0
19-12 07:08:13,7.481,3.491,86.778,0.499,0,4216280,259064,176280,3291628,10817.308,2464.690,658.315,929.620,58.849,12.967,1494,2182,0.950,1.380,0.930,1,0,22.941,0,0,18,307,0,13,0
19-12 07:08:14,3.246,1.249,94.888,0.250,0,4216280,259064,176280,3291628,27997.879,3220.191,0,1889.764,0,119.858,1682,2648,0.950,1.380,0.930,0,0,0,0,0,18,307,0,13,0
19-12 07:08:15,7.031,3.013,88.890,0.251,0,4217084,257056,176312,3292800,99623.650,4024.640,1048.596,618.712,30.132,13.057,1512,2151,0.870,1.360,0.930,1,0,16.070,0,0,18,306,0,13,1
19-12 07:08:16,19.434,7.225,70.011,1.744,0.249,4235920,224352,176312,3306588,10740.354,1722.124,11815.685,199.320,243.170,6.976,3553,5644,0.870,1.360,0.930,4,0,58.799,0,0,18,306,0,13,0
19-12 07:08:17,24.028,5.757,67.329,1.001,0.250,4286932,170500,176348,3309348,8809.325,1587.861,2510.943,568.666,144.169,32.038,2923,4979,0.870,1.360,0.930,1,0,9.011,0,0,18,308,1,13,0
19-12 07:08:18,4.758,0.501,93.652,0.250,0,4288184,169240,176348,3309356,17169.781,2634.262,0,168.272,0,5.008,1200,1816,0.870,1.360,0.930,2,0,0,0,0,18,309,0,13,0
19-12 07:08:19,3.252,0.751,94.322,0,0,4289400,167980,176368,3309380,27371.912,2680.048,0,104.080,0,3.002,1204,1831,0.870,1.360,0.930,2,0,0,0,0,18,310,0,13,0
19-12 07:08:20,3.744,0.749,94.104,0,0,4289400,167980,176368,3309380,21276.957,3193.041,0,0,0,0,1240,1919,0.890,1.350,0.930,2,0,0,0,0,18,310,0,13,0
19-12 07:08:21,12.985,2.247,83.152,0.250,0,4247264,209344,176456,3310064,113655.001,3020.439,71.915,811.044,9.988,69.918,1950,3145,0.890,1.350,0.930,2,0,0,0,0,18,308,0,13,0
19-12 07:08:22,25.749,4.250,68.248,0,0,4256624,199648,176464,3310272,11029.647,1619.948,223.993,363.988,10.000,17.999,11419,23073,0.890,1.350,0.930,1,0,5.000,0,0,18,308,0,13,0
19-12 07:08:23,25.486,1.249,71.461,0,0,4257928,198164,176468,3310408,11161.906,1619.116,23.987,0,1.999,0,1507,1979,0.890,1.350,0.930,1,0,6.996,0,0,18,308,0,13,0
19-12 07:08:24,9.494,1.749,88.441,0.250,0,4229040,226840,176468,3310616,11734.150,2398.395,0,471.684,0,6.995,1289,1883,0.890,1.350,0.930,2,0,0,0,0,18,309,0,13,0
19-12 07:08:25,5.269,0.502,93.082,0,0,4234672,221072,176488,3310732,23359.276,3403.132,0,168.601,0,6.021,1188,1841,0.810,1.330,0.920,1,0,0,0,0,18,309,1,13,0
19-12 07:08:26,3.993,0.998,94.084,0,0,4235176,220568,176488,3310732,16058.705,3319.152,0,0,0,0,1295,2196,0.810,1.330,0.920,1,0,1.996,0,0,18,310,0,13,0
19-12 07:08:27,3.493,0.998,93.053,0.249,0.249,4235648,220092,176544,3310680,36382.977,4076.370,0,1464.899,0,208.558,1810,2407,0.810,1.330,0.920,0,0,0,0,0,18,310,0,13,0
19-12 07:08:28,3.008,1.755,94.261,0.251,0,4236156,219112,176564,3311092,187908.944,4549.589,0,264.733,0,15.042,1352,2122,0.810,1.330,0.920,3,0,1.003,0,0,18,310,0,13,0
19-12 07:08:29,8.759,1.752,88.843,0,0,4248988,205564,176620,3311752,356022.331,11214.697,0,1081.128,0,31.032,1981,2734,0.810,1.330,0.920,2,0,3.003,0,0,18,310,0,13,0
19-12 07:08:30,24.451,5.988,67.366,0.250,0,4267280,185952,176644,3312996,221349.408,5066.892,1784.440,363.275,18.962,7.984,1741,2164,0.830,1.320,0.920,1,0,6.986,0,0,18,310,0,13,0
19-12 07:08:31,14.760,5.754,78.554,0.500,0,4250852,199024,176644,3316300,1827543.660,45961.806,256.177,20582.243,2.001,310.215,3441,3878,0.830,1.320,0.920,2,0,4.003,0,0,18,310,0,13,0
19-12 07:08:32,5.744,1.998,88.405,0.250,0.250,4255104,189252,176644,3322136,3091261.077,65701.502,0,755.190,0,20.977,4140,3645,0.830,1.320,0.920,2,0,0,0,0,18,310,0,13,0
19-12 07:08:33,7.000,2.750,89.746,0,0,4253924,176356,176660,3336180,3209189.377,29734.632,0,7839.639,0,27.999,2331,2551,0.830,1.320,0.920,0,1,0,0,0,18,310,0,13,0
19-12 07:08:34,4.751,0.750,93.264,0,0,4258376,179388,176720,3328604,150056.259,7157.109,0,432.067,0,10.002,1303,1878,0.830,1.320,0.920,2,0,1.000,0,0,18,310,0,13,0
19-12 07:08:35,4.250,1.000,92.759,0.250,0,4257704,179452,176788,3329104,225001.825,7666.744,0,648.063,0,15.001,1430,2160,0.760,1.300,0.920,2,0,2.000,0,0,18,310,0,13,0
19-12 07:08:36,5.002,2.001,90.289,0.250,0,4258224,178704,176848,3329444,229102.827,9443.032,0,51862.145,0,147.063,2032,2960,0.760,1.300,0.920,1,0,3.001,0,0,18,310,0,13,0
19-12 07:08:37,6.499,1.500,90.481,0.750,0,4257792,178704,176908,3329712,155279.547,6933.551,0,4187.125,0,167.965,1914,3033,0.760,1.300,0.920,2,0,1.000,0,0,18,310,0,13,0
19-12 07:08:38,5.236,0.997,93.001,0.249,0,4257344,178464,176956,3330352,359212.466,11418.467,0,789.888,0,21.941,1549,2237,0.760,1.300,0.920,1,0,1.995,0,0,18,310,0,13,0
19-12 07:08:39,10.016,2.003,86.887,0.250,0,4246020,189308,177012,3330696,183106.943,8804.894,0,516.816,0,12.019,2393,4464,0.760,1.300,0.920,0,0,35.055,0,0,18,310,0,14,0
19-12 07:08:40,3.491,1.496,94.013,0,0,4245824,189308,177060,3330812,94612.954,6062.746,0,371.066,0,8.977,1279,1924,0.700,1.280,0.910,0,0,0.997,0,0,18,310,0,13,0
19-12 07:08:41,3.259,1.253,93.500,0.251,0,4245576,189308,177116,3330964,101204.024,6168.519,0,505.353,0,21.056,1476,2502,0.700,1.280,0.910,0,0,0,0,0,18,310,0,13,0
19-12 07:08:42,4.244,0.749,93.372,0.250,0,4245968,188580,177196,3331184,128511.169,7481.705,0,3131.691,0,37.948,1314,1976,0.700,1.280,0.910,0,0,0.999,0,0,18,310,0,13,0
19-12 07:08:43,5.251,1.000,92.769,0.250,0,4246504,187824,177252,3331348,162002.697,7545.569,0,1112.231,0,126.026,1472,1910,0.700,1.280,0.910,2,0,1.000,0,0,18,310,0,13,0
19-12 07:08:44,3.507,0.501,93.693,0,0,4246412,187348,177304,3331812,217206.577,8767.025,0,476.981,0,9.019,1477,2139,0.700,1.280,0.910,2,0,2.004,0,0,18,310,0,13,0
19-12 07:08:45,3.744,0.749,94.088,0.250,0,4246712,186844,177360,3331960,93902.206,6137.425,0,375.353,0,8.985,1186,1790,0.640,1.260,0.910,1,0,0.998,0,0,18,310,0,13,0
19-12 07:08:46,2.506,1.253,94.746,0,0,4247532,185336,177372,3332600,301685.270,9711.181,0,437.133,0,9.023,1422,2357,0.640,1.260,0.910,0,0,3.008,0,0,18,310,0,13,0
19-12 07:08:47,3.501,0.750,94.028,0.250,0.500,4248024,184832,177428,3332556,153877.856,6388.904,0,1044.311,0,47.014,1589,2402,0.640,1.260,0.910,3,0,0,0,0,18,310,0,13,0
19-12 07:08:48,6.978,0.498,90.471,0,0,4250188,181864,177444,3333340,318554.216,11048.947,0,542.329,0,10.966,1549,2115,0.640,1.260,0.910,0,0,0.997,0,0,18,310,0,13,0
19-12 07:08:49,4.009,0.501,94.969,0,0,4250260,181640,177468,3333432,121320.766,5442.551,0,296.684,0,6.014,1275,1924,0.640,1.260,0.910,1,0,1.002,0,0,18,310,0,13,0
19-12 07:08:50,4.241,0.998,93.052,0,0.249,4250304,180940,177504,3334020,342537.423,10745.145,0,415.117,0,5.987,1573,2183,0.590,1.240,0.900,0,0,1.996,0,0,18,310,0,13,0
19-12 07:08:51,4.258,1.503,93.182,0.250,0,4250520,179972,177540,3334720,366526.360,11377.174,32.062,741.445,1.002,17.033,1670,2647,0.590,1.240,0.900,1,0,1.002,0,0,18,310,0,13,0
19-12 07:08:52,4.251,1.750,92.525,0,0,4250668,178780,177592,3335684,429382.216,12971.450,4.001,1608.428,1.000,29.008,1730,2288,0.590,1.240,0.900,0,0,1.000,0,0,18,310,0,13,0
19-12 07:08:53,3.986,0.747,93.680,0.498,0,4250716,178780,177652,3335572,79347.789,5387.585,0,410.597,0,14.949,1272,1880,0.590,1.240,0.900,2,0,0.997,0,0,18,310,0,13,0
19-12 07:08:54,3.760,1.504,93.498,0,0,4251184,177044,177688,3336768,527708.594,14932.661,0,685.822,0,6.016,1653,2300,0.590,1.240,0.900,1,0,1.003,0,0,18,310,0,13,0
19-12 07:08:55,19.525,1.502,78.349,0,0,4274944,152628,177744,3337280,91681.794,3406.302,0,180.228,0,3.004,1358,1906,0.550,1.220,0.900,4,0,2.003,0,0,18,310,0,13,0
19-12 07:08:56,18.483,1.249,78.929,0.250,0,4266696,160476,177756,3337660,351306.068,7099.575,0,479.566,0,3.996,1568,2276,0.550,1.220,0.900,1,0,1.998,0,0,18,310,0,13,0
19-12 07:08:57,10.744,0.750,86.449,0,0,4268016,157620,177760,3339192,859015.886,21670.106,0,483.712,0,27.983,2290,2720,0.550,1.220,0.900,3,0,0.999,0,0,18,310,0,13,0
19-12 07:08:58,5.993,2.747,88.640,0,0,4276336,144780,177776,3343680,2292254.021,52405.912,0,3563.574,0,90.887,3577,3549,0.550,1.220,0.900,1,0,0,0,0,18,310,0,13,0
19-12 07:08:59,4.512,1.003,93.496,0.501,0,4276908,144052,177840,3343720,113283.616,6014.855,0,577.522,0,24.063,1483,2271,0.550,1.220,0.900,1,0,1.003,0,0,18,310,0,13,0
19-12 07:09:00,3.744,0.250,93.360,0.499,0,4277488,143364,177884,3343784,67258.046,5601.592,0,455.317,0,11.982,1210,1866,0.500,1.200,0.890,1,0,0,0,0,18,310,0,13,0
19-12 07:09:01,4.494,1.748,92.376,0.250,0,4277144,143140,177928,3344236,213248.754,9299.474,0,643.134,0,15.978,1506,2249,0.500,1.200,0.890,4,0,1.997,0,0,18,310,0,13,0
19-12 07:09:02,5.749,0.750,90.734,0,0,4276740,142244,177964,3345496,681950.613,18526.702,0,12149.837,0,151.973,2009,2289,0.500,1.200,0.890,2,0,1.000,0,0,18,310,0,13,0
19-12 07:09:03,4.501,1.000,93.771,0,0,4276596,141572,178000,3346280,449006.577,13116.938,0,524.117,0,7.002,1675,2130,0.500,1.200,0.890,2,0,2.000,0,0,18,310,0,13,0
19-12 07:09:04,4.751,1.000,93.017,0.500,0,4276404,141068,178064,3346876,337533.756,11616.091,0,804.145,0,12.002,1475,2087,0.500,1.200,0.890,3,0,1.000,0,0,18,310,0,13,0
19-12 07:09:05,6.010,1.252,91.148,0,0,4276820,138072,178068,3349452,1383539.635,32759.267,0,4.007,0,1.002,2200,2843,0.460,1.180,0.890,3,0,1.002,0,0,18,310,0,13,0
19-12 07:09:06,6.236,2.245,89.305,0,0,4276488,132668,178068,3355172,3022488.929,65958.079,0,0,0,0,3629,3922,0.460,1.180,0.890,3,0,1.996,0,0,18,310,0,13,0
19-12 07:09:07,6.275,1.506,89.106,0,0,4276320,126520,178068,3361472,3340177.690,36680.612,0,911.644,0,36.144,2783,3087,0.460,1.180,0.890,4,0,0,0,0,18,310,0,13,0
19-12 07:09:08,7.741,1.249,88.645,0.499,0,4264688,133144,178068,3366464,3321346.169,24427.127,3.995,247.707,0.999,24.970,2429,2763,0.460,1.180,0.890,3,0,0,0,0,18,310,0,13,0
19-12 07:09:09,6.742,2.996,88.390,0.250,0.250,4270808,142212,178080,3351232,2233894.100,14413.013,0,12947.841,0,35.955,1831,2178,0.460,1.180,0.890,2,0,0,0,0,18,310,0,13,0
19-12 07:09:10,4.501,1.250,93.269,0,0.250,4271396,141244,178156,3351536,174219.670,7126.418,0,632.126,0,18.004,1347,2002,0.420,1.160,0.880,0,0,2.000,0,0,18,310,0,13,0
19-12 07:09:11,5.493,0.999,90.887,0.250,0,4274560,135056,178176,3354508,1763603.604,21243.615,0,155.806,0,3.995,2072,2559,0.420,1.160,0.880,1,0,0.999,0,0,18,310,0,9,0
19-12 07:09:12,14.498,1.000,83.237,0.250,0.250,4277792,130920,178216,3355332,402464.216,8185.723,0,2851.555,0,10.998,1533,1920,0.420,1.160,0.880,1,0,0,0,0,18,310,0,9,0
19-12 07:09:13,4.760,0.752,93.440,0,0,4278672,128988,178288,3356256,579618.205,12902.204,0,969.970,0,12.024,1493,1993,0.420,1.160,0.880,2,0,2.004,0,0,18,310,0,3,0
19-12 07:09:14,17.005,1.000,81.523,0,0,4284500,122044,178296,3357360,679444.680,13776.968,0,0,0,0,1757,2141,0.420,1.160,0.880,0,0,1.000,0,0,18,310,0,3,0
19-12 07:09:15,7.240,2.247,89.631,0.250,0,4282916,132860,178296,3348144,3281397.711,32968.383,0,155.794,0,13.982,2565,2941,0.470,1.150,0.880,2,0,0,0,0,18,310,0,3,0
19-12 07:09:16,6.991,2.247,88.880,0,0,4287652,121628,178296,3354624,3423316.639,22973.101,0,0,0,0,2198,2435,0.470,1.150,0.880,5,0,1.997,0,0,18,310,0,3,0
19-12 07:09:17,9.021,2.757,86.957,0,0,4287980,133628,178296,3342420,3294185.456,18030.932,0,1122.673,0,40.095,3145,4783,0.470,1.150,0.880,2,0,0,0,0,18,310,0,2,0
19-12 07:09:18,7.244,2.248,88.926,0.250,0,4296340,122492,178332,3345124,1397978.474,9348.260,0,11830.205,0,46.961,1721,2206,0.470,1.150,0.880,2,0,0,0,0,18,310,0,2,0
19-12 07:09:19,8.996,1.249,88.957,0.250,0,4296292,122016,178380,3345568,253184.218,7137.567,0,523.748,0,8.996,1493,2046,0.470,1.150,0.880,0,0,1.000,0,0,18,310,0,2,0
19-12 07:09:20,4.995,1.249,91.654,0,0,4296640,121260,178452,3345900,174677.113,6595.095,0,543.431,0,11.987,1465,2126,0.430,1.130,0.880,1,0,0.999,0,0,18,310,0,2,0
19-12 07:09:21,6.264,1.002,92.703,0.251,0,4296972,120756,178524,3345968,54896.278,4450.752,0,420.922,0,12.026,1347,2015,0.430,1.130,0.880,1,0,0,0,0,18,310,0,2,0
19-12 07:09:22,4.004,0.501,94.103,0,0,4297464,120252,178580,3345924,66235.263,5413.907,0,1785.948,0,19.021,1246,1928,0.430,1.130,0.880,1,0,0,0,0,18,310,0,2,0
19-12 07:09:23,4.989,0.998,92.541,0.249,0,4297960,119272,178648,3346276,141288.395,6501.339,0,614.614,0,15.964,1311,1957,0.430,1.130,0.880,0,0,0.998,0,0,18,310,0,2,0
19-12 07:09:24,5.500,0.750,91.996,0,0,4298032,119048,178704,3346372,72640.167,4873.810,0,331.987,0,9.000,1271,1903,0.430,1.130,0.880,1,0,0,0,0,18,310,0,2,0
19-12 07:09:25,4.512,0.752,93.245,0.251,0,4297928,118572,178760,3346860,333258.136,9760.602,0,489.283,0,21.055,1572,2125,0.480,1.130,0.880,2,0,1.003,0,0,18,310,0,2,0
19-12 07:09:26,6.241,2.746,89.377,0.250,0,4295692,132892,178788,3334928,1809158.171,30432.034,0,1014.601,0,17.975,2730,3431,0.480,1.130,0.880,2,0,2.996,0,0,18,310,0,2,0
19-12 07:09:27,5.492,1.498,90.374,0.749,0,4299516,127052,178840,3336844,969565.426,13342.401,0,2935.907,0,49.930,1992,2818,0.480,1.130,0.880,1,0,0,0,0,18,310,0,2,0
19-12 07:09:28,4.756,0.501,91.374,0.250,0,4299532,126296,178916,3337520,291119.758,8680.771,0,4806.518,0,29.039,1553,2198,0.480,1.130,0.880,2,0,1.001,0,0,18,310,0,2,0
19-12 07:09:29,16.254,3.251,79.518,0.500,0,4311460,130112,178972,3321828,59976.315,4508.001,8.002,1996.443,1.000,253.056,2773,4025,0.480,1.130,0.880,3,0,2.000,0,0,18,310,0,2,0
19-12 07:09:30,26.801,6.512,64.624,0,0.250,4339876,130732,179068,3293108,333375.414,10466.042,957.834,749.435,16.031,17.033,2188,2649,0.520,1.130,0.880,2,0,11.021,0,0,18,310,0,2,0
19-12 07:09:31,32.452,2.746,63.906,0,0,4310932,175200,179076,3277888,9761.572,2282.626,511.244,3.994,3.994,0.999,1639,2364,0.520,1.130,0.880,1,0,2.996,0,0,18,310,0,2,0
19-12 07:09:32,3.499,0.500,94.213,0.250,0,4311056,174752,179136,3278120,126149.802,7251.172,0,1003.609,0,41.984,1364,2064,0.520,1.130,0.880,2,0,1.000,0,0,18,310,0,2,0
19-12 07:09:33,3.249,0.750,94.709,0.250,0.250,4311184,174500,179188,3278156,39108.988,4556.018,0,2838.765,0,104.954,1318,1867,0.520,1.130,0.880,1,0,0,0,0,18,310,0,2,0
19-12 07:09:34,5.243,1.248,92.132,0,0,4310620,174500,179260,3278688,258629.919,9837.369,0,679.128,0,13.982,1416,2048,0.520,1.130,0.880,0,0,0.999,0,0,18,310,0,2,0
19-12 07:09:35,6.754,1.251,90.548,0.250,0,4310240,174260,179296,3279256,386685.717,11712.231,0,284.151,0,7.004,1511,2156,0.480,1.110,0.880,1,0,1.001,0,0,18,310,0,2,0
19-12 07:09:36,6.495,0.999,90.175,0,0.250,4310212,173032,179344,3280432,623653.873,17610.313,0,1230.973,0,14.988,1900,2657,0.480,1.110,0.880,2,0,2.998,0,0,18,310,0,2,0
19-12 07:09:37,5.008,1.252,92.899,0.501,0,4310212,172780,179404,3280592,104974.694,6148.881,0,733.178,0,38.061,1577,2496,0.480,1.110,0.880,3,0,1.002,0,0,18,310,0,2,0
19-12 07:09:38,6.993,0.749,90.162,0.250,0,4310756,172024,179480,3280728,134855.516,7594.595,0,13946.402,0,53.947,1529,2359,0.480,1.110,0.880,2,0,0.999,0,0,18,310,0,2,0
19-12 07:09:39,9.006,3.252,85.057,0.500,0,4292376,189692,179528,3281344,193250.057,7723.198,0,892.601,0,60.040,2551,4931,0.480,1.110,0.880,1,0,35.024,0,0,18,310,0,2,0
19-12 07:09:40,6.762,1.252,91.663,0,0,4292592,189216,179572,3281560,213917.415,8576.292,0,785.400,0,30.054,1429,2036,0.440,1.090,0.870,1,0,1.002,0,0,18,310,0,2,0
19-12 07:09:41,8.742,0.749,89.172,0.250,0,4293712,187956,179616,3281652,98661.868,5829.910,0,295.742,0,7.993,1321,2009,0.440,1.090,0.870,1,0,0.999,0,0,18,310,0,2,0
19-12 07:09:42,6.746,0.250,91.201,0,0,4293552,187956,179664,3281728,46735.090,4684.503,0,451.759,0,14.992,1286,1993,0.440,1.090,0.870,3,0,0,0,0,18,310,0,2,0
19-12 07:09:43,5.752,1.000,92.782,0.250,0,4294196,187212,179728,3281748,81324.976,6137.111,0,4025.385,0,93.032,1474,2168,0.440,1.090,0.870,1,0,0,0,0,18,310,0,2,0
19-12 07:09:44,4.500,1.250,92.493,0.500,0.250,4295052,185056,179744,3282992,639186.700,16740.761,0,123.991,0,3.000,1853,2264,0.440,1.090,0.870,1,0,1.000,0,0,18,310,0,2,0
19-12 07:09:45,3.499,2.000,92.479,0,0,4297984,179960,179780,3285100,1109817.522,27959.513,0,1799.582,0,9.998,2421,2719,0.400,1.070,0.870,2,0,0,0,0,18,310,0,2,0
19-12 07:09:46,4.491,0.998,93.314,0,0,4298168,179712,179816,3285128,47854.482,4072.871,0,215.570,0,5.988,1320,2190,0.400,1.070,0.870,3,0,1.996,0,0,18,310,0,2,0
19-12 07:09:47,6.513,1.002,91.184,0.251,0,4298004,179488,179868,3285396,130635.754,6921.975,0,869.756,0,46.093,1657,2502,0.400,1.070,0.870,0,0,1.002,0,0,18,310,0,2,0
19-12 07:09:48,6.243,0.999,91.149,0.250,0,4297972,179488,179932,3285364,55863.991,5503.891,0,12090.579,0,44.950,1378,2020,0.400,1.070,0.870,1,0,0,0,0,18,310,0,2,0
19-12 07:09:49,3.998,1.000,93.958,0,0,4297728,179264,179968,3285764,166768.788,6647.042,0,463.794,0,14.993,1390,2011,0.400,1.070,0.870,0,0,1.000,0,0,18,310,0,2,0
19-12 07:09:50,14.268,0.501,84.108,0.501,0,4299548,177024,180000,3286152,249843.049,7999.247,0,1209.549,0,159.204,1832,2170,0.450,1.070,0.870,1,0,0,0,0,18,310,0,2,0
19-12 07:09:51,3.503,1.001,93.839,0,0,4300476,175568,180028,3286616,326440.466,10140.613,0,484.459,0,6.006,1535,2244,0.450,1.070,0.870,0,0,1.001,0,0,18,310,0,2,0
19-12 07:09:52,9.737,0.999,88.130,0,0,4300928,174588,180060,3287112,257033.150,8562.312,0,431.411,0,5.992,1459,2054,0.450,1.070,0.870,1,0,0.999,0,0,18,310,0,2,0
19-12 07:09:53,6.252,0.750,92.282,0.250,0,4300872,174336,180104,3287340,130417.124,6676.310,0,924.320,0,12.004,1354,1966,0.450,1.070,0.870,1,0,2.001,0,0,18,310,0,2,0
19-12 07:09:54,12.742,0.500,84.700,0,0,4300724,174336,180148,3287444,63625.397,4342.434,0,327.806,0,8.995,1399,1979,0.450,1.070,0.870,1,0,0,0,0,18,310,0,2,0
19-12 07:09:55,5.511,0.751,92.180,0,0,4301288,173328,180188,3287816,218302.563,8793.182,0,388.760,0,6.012,1339,1971,0.410,1.050,0.860,1,0,1.002,0,0,18,310,0,2,0
19-12 07:09:56,5.991,1.248,92.868,0.250,0,4301612,172824,180240,3287944,169271.619,7389.463,0,443.368,0,8.987,1490,2384,0.410,1.050,0.860,1,0,3.994,0,0,18,310,0,2,0
19-12 07:09:57,11.472,1.247,86.043,0.249,0,4306612,167084,180256,3288656,434144.147,10422.891,0,686.347,0,29.928,1842,2526,0.410,1.050,0.860,0,0,0.998,0,0,18,310,0,2,0
19-12 07:09:58,4.261,1.755,91.485,0.251,0,4307684,163752,180268,3290904,1106494.264,26855.912,0,4419.340,0,21.054,2508,2881,0.410,1.050,0.860,2,0,0,0,0,18,310,0,2,0
19-12 07:09:59,5.750,1.000,92.002,0.250,0,4307788,163528,180340,3290916,86135.895,5512.121,0,644.014,0,27.001,1581,2326,0.410,1.050,0.860,2,0,0,0,0,18,310,0,2,0
19-12 07:10:00,13.259,1.751,84.057,0.250,0,4331196,139840,180412,3291084,38822.360,3674.495,0,416.283,0,14.010,1371,1923,0.380,1.040,0.860,4,0,1.001,0,0,18,310,0,2,0
19-12 07:10:01,26.711,0.499,71.894,0,0.250,4316780,154232,180416,3291100,9748.660,1617.620,0,3.994,0,0.999,1386,2075,0.380,1.040,0.860,1,0,0,0,0,18,310,0,2,0
19-12 07:10:02,24.812,6.015,68.671,0,0,4350668,120240,180448,3291132,12991.388,1624.049,32.080,0,2.005,0,12461,25558,0.380,1.040,0.860,1,0,6.015,0,0,18,310,0,2,0
19-12 07:10:03,21.945,1.995,71.322,2.494,0,4343880,127148,180832,3290236,10732.234,1508.238,6842.934,2725.203,332.172,99.751,2531,3253,0.380,1.040,0.860,3,0,0,0,0,18,310,0,2,0
19-12 07:10:04,15.783,5.762,70.650,6.514,0,4344824,132052,181520,3282716,11535.478,1623.445,20675.874,16.034,1028.182,4.009,4087,6015,0.380,1.040,0.860,2,0,4.009,0,0,18,310,0,2,0
19-12 07:10:05,23.737,6.996,65.963,1.249,0,4349760,123040,181760,3286288,9635.643,1619.100,1559.133,231.871,207.884,5.997,20114,41050,0.430,1.030,0.860,2,0,6.996,0,0,18,310,0,2,0
19-12 07:10:06,23.971,9.239,64.921,0.250,0.250,4347100,137564,183136,3271284,11820.614,1564.096,79.903,1925.656,10.987,4.994,19787,42409,0.430,1.030,0.860,2,0,2.996,0,0,18,310,0,2,0
19-12 07:10:07,24.576,4.012,70.467,0.251,0,4320800,191056,183156,3246052,14356.246,1625.008,144.445,2636.125,6.019,42.130,2879,4769,0.430,1.030,0.860,1,0,1.003,0,0,18,310,0,2,0
19-12 07:10:08,25.971,0.999,71.921,0.250,0,4329128,182012,183156,3246768,10868.067,1618.223,0,1118.772,0,95.895,1545,2184,0.430,1.030,0.860,3,0,1.998,0,0,18,310,0,2,0
19-12 07:10:09,25.026,2.503,72.074,0,0.501,4326840,184504,183172,3246544,9793.048,1513.553,0,1265.298,0,10.010,1372,1972,0.430,1.030,0.860,1,0,2.002,0,0,18,310,0,2,0
19-12 07:10:10,24.983,1.499,71.950,0,0,4320820,190328,183176,3246736,10647.653,1660.854,0,3.997,0,0.999,1309,1819,0.480,1.030,0.860,4,0,0.999,0,0,18,310,0,2,0
19-12 07:10:11,26.452,0.998,72.119,0,0,4325660,185540,183176,3246684,10567.756,1617.055,0,11.978,0,2.995,1358,1821,0.480,1.030,0.860,5,0,0,0,0,18,310,0,2,0
19-12 07:10:12,26.257,1.000,72.020,0,0,4311236,199404,183176,3247244,14107.006,1620.460,0,8.002,0,2.001,1415,1889,0.480,1.030,0.860,3,0,0,0,0,18,310,0,2,0
19-12 07:10:13,21.221,3.495,72.401,1.498,0,4313548,159824,183584,3282336,22861.634,1617.780,3.995,4286.119,0.999,206.716,2346,3142,0.480,1.030,0.860,2,0,0,0,0,18,310,0,2,0
19-12 07:10:14,23.795,3.006,71.384,0.501,0,4313032,138708,184576,3300208,12313.186,1568.954,4.008,2380.482,1.002,82.155,1844,2778,0.480,1.030,0.860,4,0,0,0,0,18,310,0,2,0
19-12 07:10:15,24.796,2.755,71.131,0.501,0,4313820,131044,185072,3305664,11086.355,1665.057,0,1446.656,0,26.048,1503,2255,0.520,1.030,0.860,5,0,0,0,0,18,310,0,2,0
19-12 07:10:16,24.183,3.740,70.802,0.748,0,4304476,134252,185680,3310196,13431.526,1507.793,31.911,2062.246,1.994,84.764,2108,3068,0.520,1.030,0.860,2,0,1.994,0,0,18,310,0,2,0
19-12 07:10:17,22.746,5.499,70.486,0.750,0,4302324,130620,190144,3307160,8647.331,1619.687,0,1919.630,0,72.986,1884,2880,0.520,1.030,0.860,2,0,0,0,0,18,310,0,2,0
19-12 07:10:18,26.749,5.500,66.497,1.000,0,4301144,131108,191268,3304620,15513.286,1619.925,0,6471.702,0,90.996,2695,4630,0.520,1.030,0.860,3,0,0,0,0,18,310,0,3,0
19-12 07:10:19,21.024,6.508,70.332,0.501,0,4301276,136424,192124,3297680,11119.921,1621.885,0,3716.318,0,60.070,1772,2474,0.520,1.030,0.860,1,0,0,0,0,18,310,0,3,0
19-12 07:10:20,22.984,4.247,71.201,0.250,0,4302748,118624,193260,3310344,12090.682,1618.886,0,2306.413,0,52.964,1720,2513,0.560,1.030,0.860,2,0,0,0,0,18,310,0,3,0
19-12 07:10:21,22.503,4.001,71.760,1.500,0,4296424,122776,195104,3307984,11163.485,1620.215,132.018,3656.486,3.000,195.026,1957,2693,0.560,1.030,0.860,2,0,0,0,0,18,310,0,3,0
19-12 07:10:22,22.259,9.254,67.777,0.250,0.250,4303916,124736,196960,3293444,17010.651,1566.613,0,131091.257,0,629.246,3334,4067,0.560,1.030,0.860,1,0,0,0,0,18,310,0,3,0
19-12 07:10:23,23.983,3.747,72.197,0,0.250,4315124,128376,197324,3277468,11069.930,1618.820,0,115.915,0,3.997,1394,2093,0.560,1.030,0.860,3,0,0,0,0,18,310,0,3,0
19-12 07:10:24,26.244,2.000,71.234,0.250,0,4327728,124172,197564,3268668,12673.136,1511.658,0,3819.137,0,12.997,1545,2205,0.560,1.030,0.860,4,0,0,0,0,18,310,0,3,0
19-12 07:10:25,25.041,2.755,72.869,0,0,4336396,176096,197856,3207248,12548.529,1754.871,0,1502.458,0,11.018,1451,2101,0.590,1.030,0.860,2,0,0,0,0,18,308,0,3,2
19-12 07:10:26,25.276,5.255,67.070,0,0,4240220,272228,197856,3207248,12441.013,1837.922,28.029,0,5.005,0,9326,21538,0.590,1.030,0.860,1,0,9.009,0,0,18,308,0,3,0
19-12 07:10:27,26.956,5.491,65.891,1.747,0,4249796,262820,197860,3207248,14397.273,1617.335,0,200265.962,0,641.942,3168,3563,0.590,1.030,0.860,1,0,0,0,0,18,308,0,3,0
19-12 07:10:28,29.498,8.250,58.497,0.250,0,4257492,255068,197860,3207264,13842.253,1619.913,0,3287.822,0,37.998,34021,70567,0.590,1.030,0.860,2,0,5.000,0,0,18,308,0,3,0
19-12 07:10:29,27.549,4.508,67.620,0,0,4278404,234152,197860,3207268,10695.005,1622.884,0,88.157,0,9.016,2840,4688,0.590,1.030,0.860,2,0,9.016,0,0,18,308,0,3,0
19-12 07:10:30,40.001,26.751,26.001,5.750,0,4233840,121572,197956,3364628,15656.423,2041.055,19392.524,281463.600,255.007,824.022,3961,11750,0.710,1.050,0.870,4,0,25.001,0,0,18,308,0,3,0
19-12 07:10:31,67.520,15.004,15.505,1.250,0.250,3994984,629124,197592,3099164,9519.818,1512.448,6429.903,43360.835,75.022,220.065,2695,2765,0.710,1.050,0.870,3,0,17.005,0,0,18,284,0,8,0
19-12 07:10:32,72.750,13.250,13.750,0,0,3927964,695604,197592,3099608,11026.978,1619.997,783.998,80.000,44.000,7.000,2049,2534,0.710,1.050,0.870,5,0,8.000,0,0,18,276,0,8,0
19-12 07:10:33,86.761,11.752,1.250,0,0,3987292,635408,197592,3100428,11235.449,1620.209,620.080,252.033,44.006,22.003,2760,4232,0.710,1.050,0.870,6,0,4.001,0,0,18,265,0,11,0
19-12 07:10:34,83.997,14.749,0.750,0.750,0.500,4151260,467360,197592,3104508,11113.600,1619.942,1167.958,803.971,114.996,26.999,9605,19977,0.710,1.050,0.870,4,0,6.000,0,0,18,273,0,18,0
19-12 07:10:35,21.672,6.477,69.500,1.495,0,4215468,400916,197596,3106740,107152.003,49741.280,418.496,8836.251,23.914,879.839,6221,8443,0.730,1.050,0.870,0,0,2.989,0,0,18,275,0,23,0
19-12 07:10:36,13.491,3.498,80.446,0.250,0,4240228,376224,197604,3106768,111539.715,47174.582,3.997,37155.255,0.999,234.844,3613,5637,0.730,1.050,0.870,4,0,3.997,0,0,18,284,0,23,0
19-12 07:10:37,5.006,1.001,91.603,0.501,0,4241604,375216,197604,3106828,31186.961,11454.841,0,1753.966,0,99.111,2037,3171,0.730,1.050,0.870,2,0,0,0,0,18,285,0,23,0
19-12 07:10:38,2.751,0.750,95.549,0,0,4241604,375216,197604,3106828,11641.914,1458.741,0,556.283,0,23.012,1350,2155,0.730,1.050,0.870,1,0,0,0,0,18,285,0,23,0
19-12 07:10:39,6.255,2.502,89.819,0.250,0,4254232,362616,197604,3106836,11309.697,1621.247,0,100.077,0,10.008,1824,3336,0.730,1.050,0.870,1,0,34.026,0,0,18,285,0,24,0
19-12 07:10:40,1.501,0.250,97.335,0,0,4254232,362616,197604,3106836,10714.364,1621.417,0,204.178,0,2.002,1070,1652,0.670,1.030,0.860,1,0,0,0,0,18,285,0,24,0
19-12 07:10:41,1.247,0.249,96.484,0.249,0,4254456,362392,197604,3106836,9566.606,1615.543,0,1416.093,0,125.653,1234,1782,0.670,1.030,0.860,2,0,0,0,0,18,285,0,23,0
19-12 07:10:42,1.499,0.250,96.670,0,0,4254456,362392,197604,3106836,11036.828,1618.655,0,3.997,0,0.999,1056,1704,0.670,1.030,0.860,1,0,0,0,0,18,285,0,23,0
19-12 07:10:43,2.003,0.501,96.906,0,0,4254456,362392,197604,3106836,9092.639,1622.612,0,0,0,0,1014,1665,0.670,1.030,0.860,0,0,0,0,0,18,285,0,23,0
19-12 07:10:44,3.251,0.500,96.271,0,0,4254456,362392,197604,3106836,11177.493,1620.361,0,0,0,0,1105,1769,0.670,1.030,0.860,1,0,0,0,0,18,285,0,23,0
19-12 07:10:45,1.000,0.750,97.001,0,0,4254456,362392,197604,3106836,12532.150,1512.018,0,56.001,0,2.000,1094,1618,0.620,1.010,0.860,1,0,0,0,0,18,285,0,23,0
19-12 07:10:46,2.249,0.250,95.941,0,0.250,4254708,362140,197604,3106836,11410.040,1565.045,0,0,0,0,1216,1869,0.620,1.010,0.860,0,0,1.999,0,0,18,285,0,23,0
19-12 07:10:47,3.246,0.999,94.643,0.499,0,4254960,361888,197604,3106836,12295.082,1618.168,0,583.340,0,65.925,1688,2742,0.620,1.010,0.860,1,0,0,0,0,18,285,0,23,0
19-12 07:10:48,1.753,0.250,96.190,0,0,4254960,361888,197604,3106836,14155.986,1717.395,0,4.008,0,1.002,1140,1767,0.620,1.010,0.860,1,0,0,0,0,18,285,0,23,0
19-12 07:10:49,1.749,0.250,96.463,0,0,4254960,361888,197604,3106836,10447.998,1619.380,0,0,0,0,1099,1774,0.620,1.010,0.860,0,0,0,0,0,18,285,0,23,0
19-12 07:10:50,1.999,1.250,96.223,0,0,4254960,361888,197604,3106836,10148.179,1619.550,0,0,0,0,1110,1780,0.570,0.990,0.850,2,0,0,0,0,18,285,0,23,0
19-12 07:10:51,2.251,0.750,96.060,0,0,4254960,361888,197604,3106836,10436.481,1621.007,0,0,0,0,1174,1868,0.570,0.990,0.850,2,0,0,0,0,18,285,0,23,0
19-12 07:10:52,1.249,1.000,96.202,0,0,4255144,361664,197604,3106876,9918.081,1511.250,0,0,0,0,1114,1787,0.570,0.990,0.850,2,0,0,0,0,18,285,0,23,0
19-12 07:10:53,8.513,13.771,75.365,0,0.250,4267444,349340,197604,3106900,9461.429,1568.392,16.024,28.043,3.005,2.003,3243,5253,0.570,0.990,0.850,1,0,432.660,0,0,18,285,0,23,0
19-12 07:10:54,10.012,19.023,71.335,0,0,4270864,345888,197604,3106932,10769.859,1621.937,0,8.010,0,2.002,3770,6252,0.570,0.990,0.850,1,0,503.601,0,0,18,285,0,23,0
19-12 07:10:55,8.741,20.478,69.677,0,0,4270916,345676,197604,3107092,10534.917,1618.298,7.992,0,0.999,0,3809,6309,0.600,0.990,0.860,2,0,535.437,0,0,18,285,0,23,0
19-12 07:10:56,11.975,17.464,69.356,0.249,0.249,4284328,331644,197604,3107712,11549.976,1616.637,554.846,0,11.975,0,4163,6797,0.600,0.990,0.860,1,0,597.757,0,0,18,285,0,23,0
19-12 07:10:57,13.526,7.765,77.900,0.751,0,4283740,325656,197612,3114280,11308.803,2013.883,2220.281,717.383,57.110,68.131,3305,5317,0.600,0.990,0.860,2,0,41.079,0,0,18,286,0,23,0
19-12 07:10:58,2.248,0.500,95.425,0,0,4284168,325208,197612,3114300,32215.582,1882.515,0,91.927,0,8.993,1242,1962,0.600,0.990,0.860,2,0,0,0,0,18,286,0,23,0
19-12 07:10:59,2.496,0.749,94.850,0,0,4285452,323332,197612,3114892,650964.825,8494.570,0,235.627,0,16.973,1543,2235,0.600,0.990,0.860,1,0,0,0,0,18,286,0,23,0
19-12 07:11:00,3.250,1.750,93.259,0.500,0,4287488,320056,197612,3116132,1430489.897,25792.450,0,3432.326,0,98.009,2295,2664,0.550,0.980,0.850,3,0,0,0,0,18,286,0,23,0
19-12 07:11:01,4.259,2.004,92.437,0.251,0,4289280,316360,197616,3118032,1808487.954,24065.637,0,2513.079,0,130.263,2528,2545,0.550,0.980,0.850,1,0,0,0,0,18,286,0,23,0
19-12 07:11:02,14.487,8.243,73.187,2.248,0,4317728,266252,197884,3139428,230888.282,3135.288,5135.558,18627.887,213.815,329.715,6180,10111,0.550,0.980,0.850,1,0,52.954,0,0,18,285,0,24,0
19-12 07:11:03,10.750,12.751,69.253,5.500,0,4300640,274684,198592,3146608,9702.446,1620.075,148.007,17688.814,8.000,1854.085,8880,13172,0.550,0.980,0.850,1,0,145.007,0,0,18,285,0,24,0
19-12 07:11:04,23.308,7.769,67.667,0.501,0,4304344,270124,198616,3147376,11562.560,1624.011,0,1351.338,0,75.186,2457,3202,0.550,0.980,0.850,1,0,58.144,0,0,18,285,0,24,0
19-12 07:11:05,22.981,7.744,67.695,0.749,0,4311632,261960,198688,3148084,10137.788,1618.689,0,1518.770,0,89.927,2551,3262,0.590,0.980,0.850,1,0,65.947,0,0,18,285,0,24,0
19-12 07:11:06,22.725,7.742,68.176,0.499,0.250,4309828,261472,198920,3149792,11816.120,1510.354,0,1410.463,0,61.932,2515,3423,0.590,0.980,0.850,1,0,49.946,0,0,18,285,0,24,0
19-12 07:11:07,19.229,7.742,69.925,2.248,0,4326672,197328,199116,3195664,9543.807,1618.272,735.215,5414.218,86.907,180.807,3190,4710,0.590,0.980,0.850,4,1,36.961,0,0,18,285,0,24,0
19-12 07:11:08,19.302,8.022,71.443,1.003,0.251,4329856,189828,199116,3197576,9444.491,1624.384,1917.174,192.520,475.283,19.051,2322,3253,0.590,0.980,0.850,2,0,25.068,0,0,18,285,0,24,0
19-12 07:11:09,15.968,11.727,71.109,0,0,4317024,202444,199120,3197596,9637.859,1562.896,7.984,267.469,1.996,19.960,2335,2938,0.590,0.980,0.850,1,0,82.835,0,0,18,285,0,24,0
19-12 07:11:10,24.046,2.755,73.140,0,0,4350588,168828,199132,3197620,10258.625,1665.185,16.031,0,4.008,0,1399,1966,0.700,1,0.860,1,0,9.017,0,0,18,285,0,24,0
19-12 07:11:11,4.745,2.747,90.647,0,0,4285356,283084,199140,3149652,11462.921,1618.154,63.927,3.995,3.995,0.999,1721,2659,0.700,1,0.860,1,0,20.976,0,0,18,285,0,24,0
19-12 07:11:12,1.999,0.250,96.465,0.250,0,4285356,283084,199140,3149652,10504.134,1619.404,0,2870.943,0,207.923,1194,1654,0.700,1,0.860,3,0,0,0,0,18,285,0,24,0
19-12 07:11:13,0.998,0.499,96.843,0,0,4285432,283008,199140,3149652,22848.962,1509.553,0,0,0,0,1127,1686,0.700,1,0.860,0,0,0,0,0,18,285,0,24,0
19-12 07:11:14,2.499,0.750,96.223,0,0,4285308,283132,199140,3149652,10838.987,1619.550,0,203.943,0,8.997,1233,1994,0.700,1,0.860,1,0,0,0,0,18,285,0,24,0
19-12 07:11:15,2.250,1.000,95.479,0.250,0,4285304,283132,199140,3149656,10953.623,1619.649,0,315.931,0,28.994,1327,2227,1.050,1.060,0.880,2,0,0,0,0,18,285,0,24,0
19-12 07:11:16,2.252,0.751,96.096,0,0,4285304,283132,199140,3149656,11980.909,1567.558,0,32.032,0,4.004,1242,1913,1.050,1.060,0.880,0,0,2.002,0,0,18,285,0,24,0
19-12 07:11:17,3.247,0.500,94.417,0.250,0,4285296,283132,199140,3149664,9973.224,1660.539,0,651.427,0,71.937,1765,2888,1.050,1.060,0.880,0,0,0,0,0,18,285,0,24,0
19-12 07:11:18,3.258,0.752,95.236,0.251,0,4285296,283132,199140,3149664,10646.414,1624.029,0,92.229,0,11.027,1107,1841,1.050,1.060,0.880,2,0,0,0,0,18,285,0,24,0
19-12 07:11:19,13.982,2.247,81.395,0.250,0,4285052,283132,199140,3149908,9718.463,1617.913,95.876,215.722,5.992,18.976,2953,5640,1.050,1.060,0.880,2,0,0,0,0,18,285,0,26,0
19-12 07:11:20,2.506,1.504,95.997,0,0,4285292,282892,199140,3149908,10258.405,1515.902,0,0,0,0,1215,1916,0.960,1.040,0.880,1,0,0,0,0,18,285,0,24,0
19-12 07:11:21,1.993,0.249,95.899,0,0,4285540,282640,199140,3149908,9813.045,1614.086,0,0,0,0,1246,1915,0.960,1.040,0.880,3,0,0,0,0,18,285,0,24,0
19-12 07:11:22,1.499,0.750,96.703,0,0,4285536,282640,199140,3149912,9212.486,1619.207,0,35.982,0,1.000,1050,1773,0.960,1.040,0.880,3,0,0,0,0,18,285,0,24,0
19-12 07:11:23,1.751,0.250,96.299,0,0,4285536,282640,199140,3149912,10009.085,1620.823,0,208.106,0,15.008,1080,1650,0.960,1.040,0.880,3,0,0,0,0,18,285,0,24,0
19-12 07:11:24,2.254,1.002,96.150,0,0,4285536,282640,199140,3149912,11476.961,1568.455,0,120.188,0,3.005,1167,1800,0.960,1.040,0.880,2,0,0,0,0,18,285,0,24,0
19-12 07:11:25,1.750,0.500,96.268,0.500,0.250,4285536,282640,199140,3149912,10852.062,1620.308,0,84.016,0,9.002,1162,1818,0.890,1.030,0.870,3,0,0,0,0,18,285,0,24,0
19-12 07:11:26,2.000,1.000,94.768,0.250,0.250,4285536,282640,199140,3149912,9904.862,1512.284,0,84.016,0,12.002,1528,2380,0.890,1.030,0.870,2,0,2.000,0,0,18,285,0,24,0
19-12 07:11:27,2.993,0.748,94.287,0.249,0,4285516,282640,199144,3149928,11910.036,1616.341,0,937.877,0,74.831,1738,2809,0.890,1.030,0.870,2,0,0,0,0,18,285,0,24,0
19-12 07:11:28,1.504,0.752,95.745,0,0,4285516,282640,199144,3149928,11838.318,1624.159,0,128.329,0,13.033,1268,2074,0.890,1.030,0.870,2,0,0,0,0,18,285,0,24,0
19-12 07:11:29,3.502,0,95.294,0.250,0,4285516,282640,199144,3149928,10479.873,1620.754,0,104.048,0,12.006,1456,2215,0.890,1.030,0.870,1,0,0,0,0,18,285,0,24,0
19-12 07:11:30,1.996,0.499,96.577,0,0,4285516,282640,199144,3149928,10371.373,1617.096,0,35.935,0,3.993,1099,1799,0.810,1.010,0.870,1,0,0,0,0,18,285,0,24,0
19-12 07:11:31,1.747,1.498,95.842,0,0,4285516,282640,199144,3149928,11956.296,1617.335,0,191.684,0,14.975,1211,1869,0.810,1.010,0.870,1,0,0,0,0,18,285,0,24,0
19-12 07:11:32,1.001,0.751,96.579,0.250,0,4285740,282416,199144,3149928,11915.783,1609.321,0,1273.045,0,230.189,1236,1727,0.810,1.010,0.870,1,0,0,0,0,18,285,0,19,0
19-12 07:11:33,1.752,1.001,96.883,0,0,4285740,282416,199144,3149928,10349.209,1514.079,0,0,0,0,1022,1662,0.810,1.010,0.870,1,0,0,0,0,18,285,0,19,0
19-12 07:11:34,2.000,1.000,96.488,0,0,4285740,282416,199144,3149928,10378.734,1619.802,0,0,0,0,1118,1732,0.810,1.010,0.870,3,0,0,0,0,18,285,0,16,0
19-12 07:11:35,1.996,0.748,96.297,0,0,4285736,282416,199144,3149932,12225.229,1616.592,0,0,0,0,1121,1778,0.750,0.990,0.860,0,0,0,0,0,18,285,0,16,0
19-12 07:11:36,2.254,0.751,95.936,0,0,4285736,282416,199144,3149932,9856.111,1623.147,0,4.008,0,1.002,1328,2069,0.750,0.990,0.860,2,0,2.004,0,0,18,285,0,4,0
19-12 07:11:37,2.503,1.251,93.604,0.501,0,4286148,281968,199148,3149936,9221.217,1621.797,4.004,4993.533,1.001,83.092,1777,2894,0.750,0.990,0.860,2,0,0,0,0,18,285,0,4,0
19-12 07:11:38,2.248,1.249,95.656,0,0,4286148,281968,199148,3149936,9606.518,1618.403,0,335.669,0,14.985,1166,1886,0.750,0.990,0.860,3,0,0,0,0,18,285,0,4,0
19-12 07:11:39,6.006,2.002,91.086,0.250,0,4298468,269648,199148,3152420,9795.266,1567.483,0,88.083,0,10.009,1588,2871,0.750,0.990,0.860,1,0,32.030,0,0,18,285,0,4,0
19-12 07:11:40,2.245,1.497,95.286,0,0,4263420,304696,199148,3149936,10570.312,1508.619,0,0,0,0,1284,2128,0.690,0.980,0.860,0,0,1.996,0,0,18,285,0,4,0
19-12 07:11:41,19.073,2.008,77.045,0.753,0.251,4304080,261520,199320,3151160,10946.971,1626.235,1497.742,0,114.439,0,1612,2217,0.690,0.980,0.860,1,0,5.019,0,0,18,285,0,4,0
19-12 07:11:42,25.925,3.490,70.295,0.249,0,4290808,273996,199320,3151932,10669.940,1615.298,11.965,43840.381,2.991,55.837,2510,5063,0.690,0.980,0.860,3,0,4.985,0,0,18,291,0,4,0
19-12 07:11:43,24.765,3.002,71.292,0,0,4313692,250940,199320,3152104,10167.029,1620.961,16.009,288.171,1.001,12.007,1790,2718,0.690,0.980,0.860,1,0,1.001,0,0,18,295,0,4,0
19-12 07:11:44,23.712,4.493,71.885,0,0.250,4299436,265196,199320,3152104,11259.973,1617.411,0,223.642,0,20.966,2046,3153,0.690,0.980,0.860,1,0,4.992,0,0,18,295,0,4,0
19-12 07:11:45,23.769,3.753,71.056,0.250,0,4260348,304248,199320,3152136,10857.512,1663.304,0,196.154,0,26.020,2149,3313,0.710,0.980,0.860,1,0,10.008,0,0,18,295,0,4,0
19-12 07:11:46,23.016,4.003,70.298,0,0.250,4274024,290552,199320,3152156,10946.422,1621.099,0,100.068,0,12.008,2097,3183,0.710,0.980,0.860,1,0,7.005,0,0,18,295,0,5,0
19-12 07:11:47,24.547,12.774,61.368,0.501,0,4279000,210660,199372,3226904,11002.091,1460.800,12.023,1458.797,3.006,178.342,3473,5537,0.710,0.980,0.860,4,0,23.044,0,0,18,295,0,5,0
19-12 07:11:48,49.394,19.458,26.693,3.243,0,4063564,561516,198264,3096924,11750.748,1710.325,6557.907,289633.577,60.869,817.244,3722,6280,0.710,0.980,0.860,1,0,10.976,0,0,18,287,0,7,0
19-12 07:11:49,44.116,6.517,48.628,0,0,4005896,619176,198264,3096588,11257.540,1624.262,76.200,84.221,5.013,10.026,1788,2494,0.710,0.980,0.860,4,0,5.013,0,0,18,281,0,7,0
19-12 07:11:50,86.752,12.250,0.750,0,0,4073964,550964,198264,3096968,15493.356,1620.037,132.003,1316.030,3.000,92.002,2532,3029,1.060,1.040,0.880,5,0,2.000,0,0,18,277,0,7,0
19-12 07:11:51,80.456,13.992,5.247,0.750,0,4048432,573836,198264,3099664,11204.893,1619.118,683.627,403.780,92.949,36.980,5601,14269,1.060,1.040,0.880,5,0,7.996,0,0,18,273,0,9,0
19-12 07:11:52,53.818,7.973,36.377,0.498,0,4136536,482760,198324,3102756,12196.775,1614.543,705.615,350.814,122.586,28.902,5809,18500,1.060,1.040,0.880,1,0,4.983,0,0,18,277,0,20,0
19-12 07:11:53,23.791,6.511,67.866,0.751,0,4220016,398396,198324,3103640,39367.318,18026.826,4.007,4619.900,1.002,535.916,3769,8448,1.060,1.040,0.880,0,0,3.005,0,0,18,279,0,25,0
19-12 07:11:54,11.505,2.501,85.535,0,0,4224636,393636,198324,3103780,144787.218,62967.754,0,1356.555,0,13.005,2321,3167,1.060,1.040,0.880,4,0,0,0,0,18,280,0,25,0
19-12 07:11:55,9.980,2.245,86.575,0.249,0,4246708,371488,198324,3103856,69233.732,27041.214,0,47.903,0,3.992,2557,4494,0.970,1.030,0.870,4,0,1.996,0,0,18,287,0,25,0
19-12 07:11:56,2.004,1.002,95.458,0,0,4247460,370736,198324,3103856,15271.353,1623.546,0,477.042,0,14.031,1422,2416,0.970,1.030,0.870,0,0,2.004,0,0,18,287,0,25,0
19-12 07:11:57,3.001,1.251,95.040,0.250,0,4247448,370736,198324,3103868,10066.198,1620.676,0,248.103,0,36.015,1449,2341,0.970,1.030,0.870,2,0,0,0,0,18,287,0,25,0
19-12 07:11:58,1.499,0.999,94.409,0.999,0.250,4247448,370736,198324,3103868,10051.311,1618.440,0,7041.212,0,562.458,2086,2009,0.970,1.030,0.870,2,0,0,0,0,18,287,0,25,0
19-12 07:11:59,1.997,1.498,95.101,0.250,0,4247448,370736,198324,3103868,10547.462,1617.464,0,842.679,0,56.911,1443,2207,0.970,1.030,0.870,1,0,0,0,0,18,287,0,25,0
19-12 07:12:00,1.252,0.501,96.412,0,0,4247692,370484,198324,3103872,10796.159,1622.729,0,4.007,0,1.002,1084,1694,0.890,1.010,0.870,2,0,0,0,0,18,287,0,25,0
19-12 07:12:01,2.247,0.499,96.860,0,0,4247692,370484,198324,3103872,9584.180,1455.901,0,0,0,0,1078,1909,0.890,1.010,0.870,0,0,0,0,0,18,287,0,25,0
19-12 07:12:02,1.499,0.999,95.667,0,0,4247692,370484,198324,3103872,10801.635,1618.597,0,35.969,0,2.997,1121,1827,0.890,1.010,0.870,2,0,0,0,0,18,287,0,25,0
19-12 07:12:03,2.505,1.002,96.194,0.501,0,4247692,370484,198324,3103872,9175.535,1623.279,0,2260.566,0,115.233,1317,2195,0.890,1.010,0.870,2,0,0,0,0,18,287,0,24,0
19-12 07:12:04,1.499,1.249,95.929,0,0,4247692,370484,198324,3103872,10636.140,1618.804,0,31.976,0,2.998,1201,1868,0.890,1.010,0.870,0,0,0,0,0,18,287,0,24,0
19-12 07:12:05,3.998,0.750,93.956,0.250,0,4248192,369980,198324,3103876,12457.182,1619.244,0,291.864,0,43.979,1665,2824,0.820,0.990,0.860,2,0,0,0,0,18,287,0,24,0
19-12 07:12:06,2.500,1.500,96.019,0,0,4248696,369476,198324,3103876,13045.570,1620.319,0,172.034,0,11.002,1221,2014,0.820,0.990,0.860,0,0,2.000,0,0,18,287,0,24,0
19-12 07:12:07,1.999,0.500,95.462,0,0,4248692,369476,198324,3103880,11107.612,1619.360,0,123.951,0,18.992,1323,2146,0.820,0.990,0.860,2,0,0,0,0,18,287,0,24,0
19-12 07:12:08,2.497,1.248,95.866,0,0.250,4248688,369476,198324,3103884,11138.484,1509.897,0,67.905,0,8.987,1153,1847,0.820,0.990,0.860,1,0,0,0,0,18,287,0,24,0
19-12 07:12:09,1.504,0.752,96.250,0.251,0,4248688,369476,198324,3103884,10613.595,1570.082,0,304.792,0,23.060,1180,1831,0.820,0.990,0.860,1,0,0,0,0,18,287,0,24,0
19-12 07:12:10,2.248,0.749,96.911,0,0,4248688,369476,198324,3103884,11159.800,1660.482,0,0,0,0,1108,1774,0.840,0.990,0.870,0,0,0,0,0,18,287,0,24,0
19-12 07:12:11,2.251,0.500,96.048,0,0.250,4248688,369476,198324,3103884,10809.437,1620.815,0,0,0,0,1170,1975,0.840,0.990,0.870,1,0,0,0,0,18,287,0,24,0
19-12 07:12:12,22.485,9.244,67.456,0.500,0,4050396,566380,198480,3104912,24381.177,2398.443,803.479,27.982,45.970,2.998,2618,4293,0.840,0.990,0.870,2,0,96.937,0,0,18,279,0,28,0
19-12 07:12:13,39.528,7.755,50.536,0.500,0,4054072,561540,198484,3106072,10638.521,1941.373,772.546,0,150.106,0,1964,2956,0.840,0.990,0.870,2,0,0,0,0,18,257,0,30,0
19-12 07:12:14,47.250,10.000,42.000,0.250,0.250,4110768,504356,198484,3106560,24186.855,1691.990,28.000,443.997,5.000,34.000,2490,4574,0.840,0.990,0.870,4,0,5.000,0,0,18,250,0,41,0
19-12 07:12:15,33.463,9.489,55.188,0,0,3956852,657112,198484,3107720,8836.139,1618.194,1146.720,367.590,28.968,43.951,2202,3304,0.930,1.010,0.870,1,0,0,0,0,18,242,0,45,0
19-12 07:12:16,21.494,6.248,71.231,0,0,3957488,656284,198484,3107912,9828.337,1607.564,0,479.870,0,32.991,1506,2112,0.930,1.010,0.870,5,0,1.999,0,0,18,242,0,45,0
19-12 07:12:17,21.269,6.756,72.066,0,0,3957484,656284,198488,3107912,10071.185,1845.683,0,100.091,0,17.016,1438,1826,0.930,1.010,0.870,1,0,0,0,0,18,242,0,45,0
19-12 07:12:18,22.233,5.995,70.445,0,0,3957708,656060,198488,3107912,13613.422,1618.742,0,3.997,0,0.999,1345,1537,0.930,1.010,0.870,2,0,0,0,0,18,242,0,45,0
19-12 07:12:19,25.526,4.755,67.069,0.250,0,3957796,655836,198488,3108048,10356.605,1621.661,0,848.869,0,114.117,2677,4641,0.930,1.010,0.870,1,0,0,0,0,18,242,0,43,0
19-12 07:12:20,22.251,5.250,71.752,0,0,3957796,655836,198488,3108048,9631.318,1620.053,0,32.001,0,4.000,1384,1605,0.940,1.010,0.870,2,0,0,0,0,18,242,0,43,0
19-12 07:12:21,23.313,4.512,71.442,0,0,3957796,655836,198488,3108048,10662.683,1516.078,0,0,0,0,1389,1942,0.940,1.010,0.870,1,0,0,0,0,18,242,0,43,0
19-12 07:12:22,22.161,4.980,71.464,0,0,3957792,655836,198488,3108052,12786.904,1703.194,0,39.841,0,1.992,1362,1624,0.940,1.010,0.870,1,0,0,0,0,18,242,0,43,0
19-12 07:12:23,23.493,3.999,71.977,0,0,3957792,655836,198488,3108052,10699.630,1619.490,0,0,0,0,1275,1489,0.940,1.010,0.870,2,0,0,0,0,18,242,0,43,0
19-12 07:12:24,22.769,5.004,71.060,0.250,0,3957656,655836,198488,3108188,11474.616,1567.313,0,504.423,0,19.016,1419,1677,0.940,1.010,0.870,2,0,0,0,0,18,242,0,43,0
19-12 07:12:25,23.287,5.258,70.862,0,0,3957656,655836,198488,3108188,9861.542,1762.778,0,232.366,0,38.060,1740,2550,0.940,1.010,0.870,2,0,0,0,0,18,242,0,43,0
19-12 07:12:26,21.192,5.734,71.553,0,0,3957656,655836,198488,3108188,11886.206,1615.543,0,402.888,0,26.926,1495,2057,0.940,1.010,0.870,2,0,1.994,0,0,18,242,0,43,0
19-12 07:12:27,22.527,5.507,71.585,0,0,3957656,655836,198488,3108188,10099.058,1621.937,0,68.081,0,13.016,1440,1832,0.940,1.010,0.870,1,0,0,0,0,18,242,0,43,0
19-12 07:12:28,20.715,6.489,70.880,0,0,3957656,655836,198488,3108188,11646.260,1617.259,0,99.831,0,13.976,1392,1665,0.940,1.010,0.870,1,0,0,0,0,18,242,0,43,0
19-12 07:12:29,22.517,5.254,71.054,0.500,0.250,3957652,655836,198488,3108192,10350.836,1513.145,0,4199.179,0,452.342,1785,1917,0.940,1.010,0.870,3,0,0,0,0,18,242,0,43,0
19-12 07:12:30,23.531,4.256,71.845,0,0.501,3957652,655836,198488,3108192,10857.332,1622.141,0,4.005,0,1.001,1286,1517,0.950,1.010,0.870,2,0,0,0,0,18,242,0,43,0
19-12 07:12:31,21.018,6.005,72.062,0,0,3957652,655836,198488,3108192,11848.249,1567.356,0,4.003,0,1.001,1276,1723,0.950,1.010,0.870,2,1,0,0,0,18,242,0,43,0
19-12 07:12:32,22.228,5.744,71.679,0.250,0,3957648,655836,198488,3108196,10826.347,1708.319,0,27.972,0,1.998,1268,1496,0.950,1.010,0.870,1,0,0,0,0,18,242,0,43,0
19-12 07:12:33,21.950,5.238,72.335,0,0,3957644,655836,198488,3108200,11563.635,1658.219,0,0,0,0,1238,1445,0.950,1.010,0.870,1,0,0,0,0,18,242,0,43,0
19-12 07:12:34,23.084,5.018,72.263,0,0,3957644,655836,198488,3108200,12498.507,1625.920,0,0,0,0,1240,1446,0.950,1.010,0.870,2,0,0,0,0,18,242,0,43,0
19-12 07:12:35,21.260,7.003,70.532,0.250,0,3957668,655836,198488,3108176,9979.491,1512.681,0,416.187,0,48.022,1896,2766,0.950,1.010,0.880,3,0,0,0,0,18,242,0,43,0
19-12 07:12:36,21.731,5.995,71.188,0.250,0,3958416,655088,198488,3108176,9799.435,1618.585,0,351.693,0,24.978,1413,1951,0.950,1.010,0.880,3,0,1.998,0,0,18,242,0,43,0
19-12 07:12:37,21.730,5.745,71.186,0,0,3958412,655088,198488,3108180,10000.979,1618.540,0,159.856,0,23.978,1490,1953,0.950,1.010,0.880,6,0,0,0,0,18,242,0,43,0
19-12 07:12:38,22.274,5.256,72.328,0,0,3958412,655088,198488,3108180,9814.580,1621.748,0,48.052,0,6.006,1231,1523,0.950,1.010,0.880,5,0,0,0,0,18,242,0,43,0
19-12 07:12:39,21.501,6.500,71.753,0.250,0,3958412,655088,198488,3108180,9627.337,1566.055,0,192.007,0,15.001,1301,1501,0.950,1.010,0.880,10,0,0,0,0,18,242,0,43,0
19-12 07:12:40,25.733,8.245,65.208,0,0,3940816,672684,198488,3108180,10520.246,1618.961,0,15.990,0,2.998,1950,4270,1.120,1.040,0.890,8,0,33.978,0,0,18,242,0,43,0
19-12 07:12:41,23.736,4.747,71.706,0,0.250,3940816,672684,198488,3108180,10002.908,1800.903,0,0,0,0,1273,1681,1.120,1.040,0.890,3,0,0,0,0,18,242,0,43,0
19-12 07:12:42,21.779,5.758,71.844,0,0,3940816,672684,198488,3108180,10269.494,1604.108,0,124.163,0,2.003,1272,1526,1.120,1.040,0.890,3,0,0,0,0,18,242,0,43,0
19-12 07:12:43,22.018,5.505,72.560,0,0,3940816,672684,198488,3108180,9294.631,1621.331,0,0,0,0,1242,1511,1.120,1.040,0.890,2,0,0,0,0,18,242,0,43,0
19-12 07:12:44,20.992,5.748,72.223,0.250,0,3940812,672684,198488,3108184,10513.079,1619.396,0,795.703,0,134.950,1391,1501,1.120,1.040,0.890,3,0,0,0,0,18,242,0,43,0
19-12 07:12:45,21.503,6.751,70.508,0.250,0,3940812,672684,198488,3108184,10042.195,1620.193,0,300.036,0,44.005,1733,2414,1.110,1.040,0.890,2,0,0,0,0,18,242,0,43,0
19-12 07:12:46,22.000,5.250,72.501,0,0,3940812,672684,198488,3108184,13128.131,1566.016,0,408.004,0,29.000,1453,1969,1.110,1.040,0.890,2,0,2.000,0,0,18,242,0,43,0
19-12 07:12:47,21.961,4.742,71.871,0.250,0,3940800,672684,198488,3108196,11521.365,1617.104,0,151.728,0,20.962,1577,2040,1.110,1.040,0.890,2,0,0,0,0,18,242,0,43,0
19-12 07:12:48,21.518,5.505,72.310,0,0,3940800,672684,198488,3108196,13794.408,1757.453,0,4.003,0,1.001,1325,1489,1.110,1.040,0.890,2,0,0,0,0,18,242,0,42,0
19-12 07:12:49,22.783,4.507,72.355,0,0.250,3940800,672684,198488,3108196,11157.267,1514.208,0,268.391,0,19.028,1339,1571,1.110,1.040,0.890,2,0,0,0,0,18,242,0,42,0
19-12 07:12:50,21.743,5.748,71.978,0,0,3940800,672684,198488,3108196,13120.038,1619.511,0,0,0,0,1421,1623,1.100,1.040,0.890,6,0,0,0,0,18,242,0,40,0
19-12 07:12:51,21.718,4.743,71.645,0,0,3940800,672684,198488,3108196,12083.286,1617.629,0,0,0,0,1353,1783,1.100,1.040,0.890,2,0,0,0,0,18,242,0,40,0
19-12 07:12:52,22.990,4.998,71.970,0,0.250,3940764,672684,198488,3108232,10495.602,1619.322,0,3.998,0,1.000,1333,1590,1.100,1.040,0.890,5,0,0,0,0,18,242,0,30,0
19-12 07:12:53,23.563,4.512,72.192,0,0,3940764,672684,198488,3108232,12980.489,1570.172,0,0,0,0,1341,1640,1.100,1.040,0.890,2,0,0,0,0,18,242,0,30,0
19-12 07:12:54,21.227,5.994,72.173,0,0,3940764,672684,198488,3108232,10854.451,1618.278,0,3.996,0,0.999,1283,1495,1.100,1.040,0.890,4,0,0,0,0,18,242,0,22,0
19-12 07:12:55,21.723,6.492,70.662,0.499,0,3940764,672684,198488,3108232,9561.096,1617.986,0,423.473,0,70.912,1761,2545,1.170,1.050,0.900,5,0,0,0,0,18,242,0,22,0
19-12 07:12:56,21.553,5.764,71.425,0,0,3941016,672432,198488,3108232,12172.775,1515.707,0,409.000,0,29.071,1456,2061,1.170,1.050,0.900,2,0,2.005,0,0,18,242,0,22,0
19-12 07:12:57,23.249,5.000,69.996,0.750,0.250,3941008,672432,198488,3108240,12682.277,1661.905,0,2247.872,0,153.991,1802,2628,1.170,1.050,0.900,2,0,0,0,0,18,242,0,22,0
19-12 07:12:58,22.234,5.746,72.449,0.250,0,3941008,672432,198488,3108240,11035.220,1618.859,0,95.932,0,12.991,1298,1716,1.170,1.050,0.900,2,0,0,0,0,18,242,0,22,0
19-12 07:12:59,20.961,6.987,70.868,0,0,3941004,672432,198488,3108244,23796.643,8242.636,0,199.628,0,13.974,1549,1907,1.170,1.050,0.900,2,0,0,0,0,18,243,0,22,0
19-12 07:13:00,23.496,4.499,71.237,0,0,3941224,672208,198488,3108248,11651.891,1859.663,0,707.872,0,136.975,1515,1711,1.320,1.090,0.910,3,0,0,0,0,18,242,0,22,0
19-12 07:13:01,22.776,4.255,72.331,0,0,3941224,672208,198488,3108248,9161.288,1567.761,0,0,0,0,1268,1722,1.320,1.090,0.910,2,0,0,0,0,18,242,0,22,0
19-12 07:13:02,22.023,5.005,72.325,0,0,3941220,672208,198488,3108252,9999.399,1621.687,0,0,0,0,1281,1541,1.320,1.090,0.910,2,0,0,0,0,18,242,0,22,0
19-12 07:13:03,22.745,3.999,72.485,0,0,3941220,672208,198488,3108252,8585.257,1511.693,0,0,0,0,1246,1508,1.320,1.090,0.910,2,0,0,0,0,18,242,0,22,0
19-12 07:13:04,22.242,4.748,72.474,0,0,3941220,672208,198488,3108252,9246.736,1619.428,0,0,0,0,1258,1517,1.320,1.090,0.910,2,0,0,0,0,18,242,0,22,0
19-12 07:13:05,23.480,4.996,70.439,0.250,0,3941220,672208,198488,3108252,8998.163,1618.590,0,207.819,0,34.970,1758,2814,1.290,1.090,0.910,2,0,0,0,0,18,242,0,22,0
19-12 07:13:06,21.487,4.997,71.958,0,0,3941220,672208,198488,3108252,10345.968,1619.056,0,335.804,0,23.986,1432,1911,1.290,1.090,0.910,2,0,1.999,0,0,18,242,0,22,0
19-12 07:13:07,22.558,4.762,72.436,0,0.251,3941220,672208,198488,3108252,14088.207,1624.174,0,84.216,0,12.031,1424,1931,1.290,1.090,0.910,2,0,0,0,0,18,242,0,22,0
19-12 07:13:08,22.193,5.735,71.317,0,0,3941216,672208,198488,3108256,13122.263,1615.846,0,155.600,0,19.949,1523,2173,1.290,1.090,0.910,3,0,0,0,0,18,242,0,22,0
19-12 07:13:09,22.041,5.761,71.883,0.501,0,3941216,672208,198488,3108256,9799.128,1568.902,0,304.563,0,24.044,1343,1633,1.290,1.090,0.910,3,0,0,0,0,18,242,0,22,0
19-12 07:13:10,22.253,5.001,72.010,0,0,3941216,672208,198488,3108256,9511.284,1554.210,0,0,0,0,1294,1627,1.270,1.080,0.910,4,0,0,0,0,18,242,0,22,0
19-12 07:13:11,23.983,3.747,71.948,0,0,3941216,672208,198488,3108256,9664.013,1618.830,0,0,0,0,1282,1701,1.270,1.080,0.910,5,0,0,0,0,18,242,0,22,0
19-12 07:13:12,21.999,5.250,71.496,0,0.250,3941216,672208,198488,3108256,9841.508,1619.919,0,4.000,0,1.000,1341,1703,1.270,1.080,0.910,4,0,0,0,0,18,242,0,18,0
19-12 07:13:13,37.223,7.495,54.711,0,0,3684792,928320,198488,3108548,9436.197,1618.833,143.896,671.516,15.988,45.967,1939,3557,1.270,1.080,0.910,2,0,7.994,0,0,17,209,0,24,0
19-12 07:13:14,23.738,2.499,71.465,0.250,0.250,3733500,879180,198488,3108980,27754.456,1759.142,275.865,47.977,37.981,3.998,1602,3033,1.270,1.080,0.910,3,0,0,0,0,17,209,0,11,0
19-12 07:13:15,26.549,2.755,69.377,0.751,0,3765744,846000,198496,3109908,10578.358,1665.047,665.217,725.327,84.154,59.108,2284,4059,1.250,1.080,0.910,3,0,0,0,0,17,211,0,11,0
19-12 07:13:16,27.250,2.250,69.501,0,0,3826220,785524,198496,3109908,28110.281,8474.085,0,0,0,0,1597,2235,1.250,1.080,0.910,2,0,2.000,0,0,17,211,0,7,0
19-12 07:13:17,38.563,7.512,51.083,1.753,0,3845528,761396,198496,3114748,8721.163,1460.372,769.249,5276.569,26.042,572.930,8480,21468,1.250,1.080,0.910,6,0,6.010,0,0,18,231,0,17,0
19-12 07:13:18,23.937,3.491,70.314,0.499,0,3899464,706712,198496,3115496,10895.182,1615.726,386.976,1001.351,68.818,100.734,3812,7627,1.250,1.080,0.910,2,0,0,0,0,18,236,0,18,0
19-12 07:13:19,2.248,0.500,95.183,0.250,0,3899464,706712,198496,3115496,10061.876,1618.854,0,91.935,0,5.996,1179,1901,1.250,1.080,0.910,1,0,0,0,0,18,236,0,18,0
19-12 07:13:20,8.504,1.751,88.797,0,0,3900028,706024,198496,3115620,12618.663,1620.856,0,88.046,0,6.003,2356,4288,1.150,1.060,0.900,1,0,0,0,0,18,236,0,20,0
19-12 07:13:21,2.250,0.750,96.735,0,0,3900028,706024,198496,3115620,10202.470,1619.757,0,0,0,0,1162,1925,1.150,1.060,0.900,1,0,0,0,0,18,236,0,20,0
19-12 07:13:22,2.250,1.500,95.735,0,0.250,3900028,706024,198496,3115620,9039.554,1619.741,0,47.992,0,3.000,1155,1870,1.150,1.060,0.900,1,0,0,0,0,18,236,0,20,0
19-12 07:13:23,2.746,0.499,94.122,0.499,0,3900496,705520,198496,3115656,9809.649,1509.945,0,3459.292,0,199.728,1743,2842,1.150,1.060,0.900,2,0,0,0,0,18,236,0,20,0
19-12 07:13:24,1.503,0.251,96.713,0,0,3900496,705520,198496,3115656,9420.716,1569.451,0,4.009,0,1.002,1089,1746,1.150,1.060,0.900,2,0,0,0,0,18,236,0,20,0
19-12 07:13:25,3.751,0.750,94.288,0.250,0,3900964,705044,198496,3115664,9951.971,1620.647,0,628.251,0,112.045,1768,2808,1.050,1.050,0.900,1,0,0,0,0,18,236,0,20,0
19-12 07:13:26,3.997,0.999,94.676,0.500,0,3901460,704544,198496,3115668,9225.813,1618.739,0,1650.714,0,95.925,1598,2521,1.050,1.050,0.900,3,0,1.998,0,0,18,236,0,20,0
19-12 07:13:27,3.246,1.248,94.876,0,0,3904732,701268,198500,3115668,10126.815,1617.894,0,147.808,0,20.973,1509,2454,1.050,1.050,0.900,0,0,0,0,0,18,238,0,20,0
19-12 07:13:28,22.529,2.253,73.096,0.501,0.250,3921176,684636,198500,3115856,8442.034,1622.120,164.215,484.633,12.016,63.082,2639,4535,1.050,1.050,0.900,4,0,2.003,0,0,18,248,0,20,0
19-12 07:13:29,1.249,0.500,96.709,0,0,3921164,684636,198500,3115868,11198.230,1619.310,0,0,0,0,1044,1751,1.050,1.050,0.900,1,0,0,0,0,18,248,0,20,0
19-12 07:13:30,2.003,0.751,96.122,0.250,0,3921036,684636,198500,3115996,8922.340,1459.855,0,176.224,0,16.020,1158,1911,1.050,1.050,0.900,0,0,0,0,0,18,248,0,20,0
19-12 07:13:31,2.250,0.750,95.501,0.750,0,3921036,684636,198500,3115996,11848.154,1620.021,0,7256.094,0,699.009,2337,1994,1.050,1.050,0.900,0,0,0,0,0,18,248,0,20,0
19-12 07:13:32,1.247,0.249,97.025,0,0,3921036,684636,198500,3115996,9646.658,1616.257,0,0,0,0,1015,1609,1.050,1.050,0.900,1,0,0,0,0,18,248,0,20,0
19-12 07:13:33,2.250,1.250,95.740,0,0,3921288,684384,198500,3115996,11125.821,1661.824,0,127.986,0,20.998,1261,1966,1.050,1.050,0.900,0,0,2.000,0,0,18,252,0,20,0
19-12 07:13:34,0.751,0.250,96.827,0,0,3921288,684384,198500,3115996,9404.486,1621.291,0,0,0,0,1049,1703,1.050,1.050,0.900,2,0,0,0,0,18,252,0,20,0
19-12 07:13:35,2.748,0.749,94.432,0.250,0,3921536,684132,198500,3116000,11083.975,1618.828,0,219.841,0,34.975,1604,2622,0.970,1.030,0.900,1,0,0,0,0,18,252,0,20,0
19-12 07:13:36,2.256,0.752,96.235,0,0,3922032,683632,198504,3116000,10821.404,1623.962,0,425.037,0,32.078,1333,2034,0.970,1.030,0.900,0,0,2.005,0,0,18,252,0,20,0
19-12 07:13:37,2.996,0.250,94.878,0.499,0,3922024,683632,198504,3116008,10844.109,1617.927,0,1486.096,0,101.870,1564,2551,0.970,1.030,0.900,1,0,0,0,0,18,252,0,20,0
19-12 07:13:38,2.746,0.998,94.603,0.250,0,3922020,683632,198504,3116012,8345.065,1455.744,0,423.344,0,40.937,1645,2805,0.970,1.030,0.900,1,0,1.997,0,0,18,256,0,20,0
19-12 07:13:39,2.005,0.251,96.968,0,0,3922016,683632,198504,3116016,9868.154,1623.645,0,216.486,0,12.027,1075,1676,0.970,1.030,0.900,1,0,0,0,0,18,256,0,20,0
19-12 07:13:40,6.499,2.750,89.740,0.250,0,3928572,677076,198504,3116016,9121.033,1619.828,0,1203.872,0,65.993,1836,4853,1.130,1.060,0.910,2,0,33.996,0,0,18,256,0,21,0
19-12 07:13:41,1.997,0.749,96.352,0,0,3928572,677076,198504,3116016,13047.012,1617.522,0,0,0,0,1110,1697,1.130,1.060,0.910,0,0,0,0,0,18,256,0,20,0
19-12 07:13:42,1.250,0.250,96.993,0,0,3928508,677076,198504,3116080,10657.201,1619.879,63.995,4.000,1.000,1.000,1073,1741,1.130,1.060,0.910,1,0,0,0,0,18,256,0,20,0
19-12 07:13:43,8.012,14.271,76.864,0,0,3938532,667048,198504,3116084,10421.507,1622.414,0,0,0,0,2819,4523,1.130,1.060,0.910,1,0,311.463,0,0,18,256,0,20,0
19-12 07:13:44,21.541,6.012,72.139,0,0.250,3997988,607576,198504,3116100,10962.102,1665.206,0,0,0,0,1683,2473,1.130,1.060,0.910,1,0,40.077,0,0,18,256,0,20,0
19-12 07:13:45,25.720,2.747,69.668,0.499,0,4026856,578624,198504,3116184,9888.302,1456.277,47.943,1206.573,1.998,100.881,2914,4879,1.120,1.060,0.910,3,0,0.999,0,0,18,262,0,20,0
19-12 07:13:46,26.240,4.998,67.225,0.500,0,4005016,600416,198504,3116232,11705.692,1619.404,15.994,723.734,2.999,83.969,2818,4821,1.120,1.060,0.910,2,0,23.991,0,0,18,261,0,22,0
19-12 07:13:47,20.280,7.511,69.603,0.501,0,3977664,627664,198504,3116336,11912.631,1622.401,36.053,749.109,2.003,56.083,3192,5390,1.120,1.060,0.910,1,0,128.190,0,0,18,263,0,30,0
19-12 07:13:48,11.195,17.165,70.154,0,0.249,3985100,620160,198508,3116400,23528.791,2648.917,0,346.290,0,21.892,3462,5504,1.120,1.060,0.910,3,0,383.108,0,0,18,263,0,30,0
19-12 07:13:49,22.866,4.020,73.121,0.251,0,4048048,556936,198508,3116668,11514.436,1628.263,48.245,373.898,3.015,16.082,1471,2020,1.120,1.060,0.910,1,0,2.010,0,0,18,263,0,30,0
19-12 07:13:50,23.499,3.250,71.247,0.250,0,4087048,514880,198708,3119524,12526.511,1619.937,15.999,2763.892,3.000,117.995,1867,2767,1.110,1.060,0.910,1,0,0,0,0,18,263,0,30,0
19-12 07:13:51,24.503,2.750,72.260,0,0,4080612,521116,198708,3119596,11640.560,1620.217,0,352.047,0,14.002,1506,2071,1.110,1.060,0.910,1,0,3.000,0,0,18,263,0,30,0
19-12 07:13:52,28.673,2.992,67.817,0.499,0.249,4084236,516832,198708,3120260,11293.553,1454.080,39.892,1759.257,3.989,132.642,4115,8996,1.110,1.060,0.910,1,0,0,0,0,18,267,0,33,0
19-12 07:13:53,30.547,2.504,64.600,1.252,0,4105196,494656,198708,3121476,16893.066,4375.752,909.403,1490.300,66.102,212.328,4329,8397,1.110,1.060,0.910,1,0,4.006,0,0,18,274,0,36,0
19-12 07:13:54,10.746,1.499,86.217,0.500,0,4107316,492136,198708,3121876,19577.521,4287.362,159.939,1619.381,8.997,191.927,3123,5134,1.110,1.060,0.910,1,0,1.999,0,0,18,273,0,38,0
19-12 07:13:55,9.494,1.749,87.190,0.999,0,4109656,489616,198708,3122056,15668.283,3829.381,15.989,1019.303,0.999,129.911,2882,4930,1.180,1.070,0.920,2,0,0,0,0,18,273,0,38,0
19-12 07:13:56,10.728,1.497,83.825,2.495,0.249,4111276,487880,198708,3122172,29892.525,10663.713,63.867,10406.251,3.992,976.958,4027,6094,1.180,1.070,0.920,3,0,2.994,0,0,18,273,0,39,0
19-12 07:13:57,13.811,3.515,80.354,0.753,0,4112752,486368,198708,3122208,10517.339,1627.169,8.035,1976.709,1.004,160.708,3351,6538,1.180,1.070,0.920,3,0,0,0,0,18,277,0,40,0
19-12 07:13:58,26.654,4.235,67.507,0.747,0,4127788,470996,198708,3122544,11894.240,1614.197,15.943,1745.724,0.996,185.334,5357,9785,1.180,1.070,0.920,3,0,2.989,0,0,18,284,0,43,0
19-12 07:13:59,12.525,2.255,81.666,1.002,0,4129072,469484,198708,3122772,28996.007,10915.212,16.033,2404.894,1.002,225.459,3513,5931,1.180,1.070,0.920,0,0,0,0,0,18,283,0,44,0
19-12 07:14:00,11.989,1.499,85.173,0.749,0.250,4129188,469232,198708,3122972,31570.397,10916.110,0,1095.008,0,120.890,2846,4510,1.160,1.070,0.920,1,0,0,0,0,18,282,0,44,0
19-12 07:14:01,14.752,2.500,81.012,0.500,0,4134224,464192,198712,3122972,9654.410,1566.229,12.002,1420.207,2.000,158.023,3627,6519,1.160,1.070,0.920,1,0,0,0,0,18,284,0,45,0
19-12 07:14:02,26.224,4.995,65.935,1.748,0,4135592,462456,198712,3123340,10577.528,1618.398,0,5650.406,0,685.322,6076,10818,1.160,1.070,0.920,2,0,0,0,0,18,283,0,48,0
19-12 07:14:03,6.247,1.499,90.700,0.500,0,4135916,461952,198712,3123520,14617.975,4357.608,0,1335.267,0,118.935,2371,3974,1.160,1.070,0.920,1,0,0,0,0,18,282,0,49,0
19-12 07:14:04,10.748,3.249,81.733,2.250,0,4136704,460944,198712,3123736,15945.588,4358.067,0,7054.490,0,506.892,4290,7038,1.160,1.070,0.920,2,0,0,0,0,18,282,0,50,0
19-12 07:14:05,12.525,2.004,82.918,1.002,0,4137496,459936,198712,3123952,14524.499,4368.873,0,1266.572,0,170.346,3464,5949,1.230,1.090,0.920,1,0,1.002,0,0,18,284,0,52,0
19-12 07:14:06,13.278,1.253,84.681,0,0,4139252,458176,198712,3123956,11007.534,1515.240,148.317,380.814,8.017,21.045,1978,3050,1.230,1.090,0.920,1,0,2.004,0,0,18,286,0,53,0
19-12 07:14:07,16.183,1.992,79.422,0.747,0,4140376,456664,198712,3124344,30488.898,10641.985,0,1366.349,0,156.353,3498,5840,1.230,1.090,0.920,6,1,0,0,0,18,284,0,56,0
19-12 07:14:08,9.000,1.500,85.995,0.750,0,4140336,456664,198716,3124380,29859.388,10631.426,0,1167.937,0,140.992,2884,4608,1.230,1.090,0.920,1,0,0,0,0,18,284,0,56,0
19-12 07:14:09,8.515,2.254,88.905,0.501,0,4140520,456440,198716,3124420,29117.781,10464.250,0,957.670,0,112.196,2486,4015,1.230,1.090,0.920,2,0,0,0,0,18,285,0,58,0
19-12 07:14:10,11.022,2.756,83.920,1.002,0,4140848,455936,198716,3124596,13444.198,1905.856,0,1106.238,0,128.259,3190,5867,1.130,1.070,0.920,2,0,0,0,0,18,286,0,60,0
19-12 07:14:11,27.673,2.244,67.811,0.748,0,4142304,454172,198716,3124904,12629.826,1615.501,0,1946.579,0,174.514,5312,10193,1.130,1.070,0.920,1,0,0.997,0,0,18,286,0,65,0
19-12 07:14:12,25.735,5.247,66.710,0.999,0.250,4143028,453164,198720,3125184,10818.563,1688.995,0,2010.804,0,227.864,6099,11815,1.130,1.070,0.920,1,0,0,0,0,18,287,0,69,0
19-12 07:14:13,24.833,5.017,66.973,1.756,0.251,4143976,451904,198720,3125496,11458.133,1517.049,0,6601.971,0,466.553,6952,12918,1.130,1.070,0.920,2,0,2.007,0,0,18,289,0,72,0
19-12 07:14:14,29.188,3.493,64.863,1.497,0.249,4145004,450644,198720,3125728,9857.201,1616.589,0,3185.279,0,325.314,5681,10636,1.130,1.070,0.920,1,0,0,0,0,18,289,0,71,0
19-12 07:14:15,26.295,3.756,67.365,1.252,0,4145980,449384,198720,3126012,22681.650,1664.837,32.055,1322.253,2.003,151.258,5852,11660,1.040,1.050,0.910,1,0,0,0,0,18,289,0,71,0
19-12 07:14:16,10.734,2.496,85.126,0.499,0,4147268,447620,198724,3126484,26652.061,8407.716,239.650,1433.905,13.980,141.793,3072,5234,1.040,1.050,0.910,1,0,1.997,0,0,18,288,0,71,0
19-12 07:14:17,14.241,1.999,81.701,0.750,0,4149172,445604,198724,3126596,12906.295,4386.381,0,1627.029,0,193.884,3596,6086,1.040,1.050,0.910,1,0,0,0,0,18,288,0,75,0
19-12 07:14:18,8.727,1.745,86.775,0.748,0,4150936,443840,198724,3126596,16510.156,4257.951,63.834,1528.035,3.990,168.563,2946,4786,1.040,1.050,0.910,1,0,0,0,0,18,288,0,65,0
19-12 07:14:19,8.540,1.507,88.412,0.754,0,4150904,443588,198724,3126876,9407.878,1519.085,0,1153.379,0,97.455,2249,3883,1.040,1.050,0.910,3,0,0,0,0,18,289,0,65,0
19-12 07:14:20,11.721,3.741,82.044,0.748,0,4159804,434516,198724,3127048,15120.956,4173.499,0,1372.547,0,133.664,3683,7133,0.960,1.030,0.910,1,0,1.995,0,0,18,292,0,66,0
19-12 07:14:21,14.984,3.247,80.663,0.499,0,4160864,433256,198724,3127248,30012.676,10434.762,0,1498.386,0,177.809,3409,5854,0.960,1.030,0.910,1,0,0,0,0,18,292,0,70,1
19-12 07:14:22,8.771,2.506,83.699,2.506,0,4163096,430960,198724,3127312,15507.816,4222.023,0,15917.789,0,1096.603,4549,6413,0.960,1.030,0.910,1,0,0,0,0,18,292,0,72,0
19-12 07:14:23,9.240,1.748,87.909,0.499,0,4164848,429196,198724,3127324,17367.112,3774.113,0,1918.024,0,61.936,2009,3429,0.960,1.030,0.910,2,0,0,0,0,18,292,0,74,0
19-12 07:14:24,8.778,1.254,88.035,0.502,0.251,4165212,428692,198724,3127464,27398.580,8501.485,16.052,1043.373,1.003,136.441,2510,4446,0.960,1.030,0.910,1,0,0,0,0,18,293,0,75,0
19-12 07:14:25,8.476,1.994,86.258,0.997,0,4165584,427936,198724,3127848,10537.495,1615.477,0,1675.309,0,185.481,3349,5903,0.960,1.030,0.910,1,0,0,0,0,18,292,0,75,0
19-12 07:14:26,11.736,2.747,82.899,0.999,0,4168136,425164,198724,3128068,18574.358,4274.789,0,1574.081,0,177.783,3011,5523,0.960,1.030,0.910,1,0,1.998,0,0,18,292,0,79,0
19-12 07:14:27,12.769,3.255,82.622,0.501,0,4168716,424408,198724,3128244,15125.264,4395.470,0,1938.854,0,230.339,3095,5579,0.960,1.030,0.910,1,1,0,0,0,18,292,0,84,0
19-12 07:14:28,6.750,0.750,90.253,0.500,0,4169208,423652,198724,3128508,11636.419,1620.058,0,1000.036,0,89.003,1989,3432,0.960,1.030,0.910,1,0,0,0,0,18,292,0,85,0
19-12 07:14:29,6.747,1.000,91.207,0.500,0,4169460,423400,198724,3128508,10973.864,1619.242,0,967.547,0,84.960,1689,3063,0.960,1.030,0.910,3,0,0,0,0,18,292,0,85,0
19-12 07:14:30,2.250,0.500,95.487,0.250,0,4169432,423400,198724,3128536,10951.489,1619.776,0,555.923,0,39.994,1350,2286,1.050,1.050,0.910,3,0,0,0,0,18,293,0,85,0
19-12 07:14:31,5.000,1.250,92.248,0.250,0,4169604,423148,198724,3128616,10959.748,1565.964,0,727.983,0,66.998,1671,2960,1.050,1.050,0.910,0,0,0,0,0,18,292,0,87,0
19-12 07:14:32,5.494,0.999,90.406,0.749,0,4170048,422672,198724,3128648,11189.419,1660.282,0,3832.034,0,474.509,2129,3149,1.050,1.050,0.910,2,0,0,0,0,18,292,0,87,0
19-12 07:14:33,11.278,1.754,84.711,1.002,0,4170912,421664,198732,3128784,19761.166,6867.085,0,1251.113,0,170.424,3132,5202,1.050,1.050,0.910,0,0,0,0,0,18,292,0,90,0
19-12 07:14:34,11.741,2.748,81.935,2.248,0,4171604,420432,198732,3129324,19580.531,6039.229,0,6986.481,0,516.592,4097,7150,1.050,1.050,0.910,2,0,0.999,0,0,18,294,0,94,0
19-12 07:14:35,10.755,1.251,85.791,0.750,0.250,4172116,419676,198732,3129568,13788.536,3659.735,0,756.359,0,86.041,2636,4488,1.040,1.050,0.910,0,0,0,0,0,18,295,0,97,0
19-12 07:14:36,8.996,2.249,87.962,0.500,0,4172556,419172,198732,3129632,31590.416,10855.332,0,1259.458,0,185.920,3072,5051,1.040,1.050,0.910,1,0,1.999,0,0,18,295,0,97,0
19-12 07:14:37,11.006,1.501,84.545,0.750,0,4172624,418668,198732,3130068,9252.969,1620.870,0,1232.662,0,150.081,3134,5380,1.040,1.050,0.910,0,0,0,0,0,18,294,0,97,0
19-12 07:14:38,11.211,2.491,84.708,0.997,0.249,4173640,417408,198732,3130312,14450.262,4371.952,15.945,1443.033,0.997,179.383,3168,5455,1.040,1.050,0.910,2,0,0,0,0,18,294,0,101,0
19-12 07:14:39,8.271,1.253,87.728,1.003,0,4173592,417408,198732,3130360,13691.516,4226.965,0,1407.651,0,152.395,2652,4628,1.040,1.050,0.910,2,0,0,0,0,18,294,0,102,0
19-12 07:14:40,11.527,5.513,82.945,0.251,0,4179188,411600,198732,3130572,12617.639,2962.960,0,821.931,0,61.144,2745,5030,1.040,1.050,0.910,1,0,34.080,0,0,18,296,0,103,0
19-12 07:14:41,4.742,1.248,91.096,0.499,0,4179400,411348,198736,3130608,13119.880,2383.981,0,1058.216,0,108.817,2104,3585,1.040,1.050,0.910,1,0,0,0,0,18,294,0,104,0
19-12 07:14:42,14.244,1.749,82.718,0.750,0,4179576,411096,198736,3130684,29672.428,10681.834,0,1003.609,0,143.944,3257,5299,1.040,1.050,0.910,1,0,0,0,0,18,294,0,107,0
19-12 07:14:43,17.784,2.505,76.648,0.751,0,4179796,410592,198748,3130956,9054.475,1665.214,16.031,1627.140,1.002,201.389,4302,8381,1.040,1.050,0.910,1,0,0,0,0,18,296,0,109,0
19-12 07:14:44,26.955,4.992,65.141,2.496,0.499,4180064,410088,198764,3131176,11165.276,1617.288,31.946,8114.392,0.998,636.932,7197,12991,1.040,1.050,0.910,4,0,0,0,0,18,295,0,112,0
19-12 07:14:45,22.712,5.241,69.385,1.248,0,4180324,409332,198764,3131672,9890.582,1617.315,0,3330.471,0,289.519,5496,11473,1.200,1.080,0.930,2,0,0,0,0,18,294,0,112,0
19-12 07:14:46,6.523,1.004,90.825,0.251,0,4180560,409080,198764,3131688,12647.303,1625.824,0,1196.285,0,88.316,1906,3240,1.200,1.080,0.930,2,0,2.007,0,0,18,295,0,112,0
19-12 07:14:47,9.242,1.748,87.425,0.999,0,4180340,409080,198764,3131908,16267.961,4225.354,0,1674.555,0,181.843,3071,5193,1.200,1.080,0.930,0,0,0,0,0,18,294,0,113,0
19-12 07:14:48,8.723,0.748,85.985,1.994,0,4180984,408380,198768,3131960,17804.110,4373.516,0,6723.272,0,710.809,3411,4904,1.200,1.080,0.930,1,0,0,0,0,18,294,0,114,0
19-12 07:14:49,14.762,2.502,81.067,0.751,0,4181496,407624,198768,3132204,14729.137,3835.160,0,1897.564,0,216.178,3871,6499,1.200,1.080,0.930,2,0,0,0,0,18,294,0,108,0
19-12 07:14:50,7.273,1.003,90.039,0.502,0,4181496,407624,198768,3132204,10650.241,1625.225,0,1119.600,0,71.229,1782,2843,1.100,1.060,0.920,3,0,0,0,0,18,295,0,110,0
19-12 07:14:51,7.982,1.746,88.800,0.748,0,4181672,407376,198772,3132272,30510.139,10661.936,0,1329.000,0,141.680,2478,4143,1.100,1.060,0.920,2,0,0,0,0,18,294,0,111,0
19-12 07:14:52,26.024,5.255,64.310,2.502,0,4182036,406620,198776,3132660,12144.367,1621.518,32.030,7527.045,2.002,613.574,6609,12821,1.100,1.060,0.920,2,0,0,0,0,18,296,0,114,0
19-12 07:14:53,26.758,2.501,68.020,1.000,0,4182284,406116,198776,3132916,9994.959,1620.480,0,2024.599,0,169.050,5393,11141,1.100,1.060,0.920,2,0,0,0,0,18,295,0,113,0
19-12 07:14:54,23.987,3.498,68.214,0.999,0.250,4182192,405864,198776,3133260,10384.475,1457.225,31.983,3290.250,0.999,248.868,6238,11959,1.100,1.060,0.920,2,0,0,0,0,18,296,0,113,0
19-12 07:14:55,29.528,4.755,62.810,1.251,0,4182504,405108,198776,3133704,11433.897,1621.545,0,2330.221,0,293.279,6079,11955,1.090,1.060,0.920,4,0,0,0,0,18,295,0,112,0
19-12 07:14:56,26.449,3.493,67.868,0.998,0,4184332,403092,198776,3133892,11377.915,1616.862,0,1880.350,0,190.630,5246,10752,1.090,1.060,0.920,2,0,1.996,0,0,18,295,0,112,0
19-12 07:14:57,29.074,5.263,63.162,1.754,0,4184168,402840,198776,3134308,11788.178,1624.158,0,7695.701,0,656.681,6269,12922,1.090,1.060,0.920,1,0,0,0,0,18,295,0,116,0
19-12 07:14:58,24.988,3.998,67.968,1.499,0,4185944,400824,198776,3134548,12185.236,1619.234,0,2126.994,0,204.903,5615,11595,1.090,1.060,0.920,1,0,0,0,0,18,296,0,116,0
19-12 07:14:59,9.737,1.498,86.886,0.499,0,4185864,400824,198776,3134628,27778.499,8247.163,0,1769.675,0,163.785,3012,5156,1.090,1.060,0.920,1,0,0,0,0,18,295,0,111,0
19-12 07:15:00,7.000,1.250,90.248,0.250,0.250,4185940,400572,198776,3134804,11578.722,1859.955,0,927.978,0,87.998,2231,3791,1,1.040,0.910,2,0,0,0,0,18,294,0,112,0
19-12 07:15:01,13.245,1.249,83.216,0.750,0,4187100,399312,198776,3134904,13465.479,4379.205,0,1507.382,0,181.925,3157,5708,1,1.040,0.910,1,0,0,0,0,18,294,0,116,0
19-12 07:15:02,12.274,2.254,84.166,0.501,0,4189116,397296,198776,3134904,9502.711,2907.725,0,1070.107,0,82.162,2489,4545,1,1.040,0.910,0,0,0,0,0,18,295,0,120,0
19-12 07:15:03,5.489,0.998,89.568,1.497,0,4188876,397296,198776,3135144,28850.434,9223.277,0,7792.182,0,851.272,3757,4258,1,1.040,0.910,4,0,0,0,0,18,295,0,115,0
19-12 07:15:04,7.490,1.248,89.134,0.250,0,4189064,397072,198776,3135180,24953.511,8462.981,0,763.007,0,70.908,2262,3562,1,1.040,0.910,1,0,0,0,0,18,294,0,115,0
19-12 07:15:05,13.259,2.502,81.557,0.751,0.250,4189816,396064,198776,3135436,10275.162,1621.130,0,1420.990,0,179.125,3914,6699,1,1.040,0.920,1,0,0,0,0,18,294,0,114,0
19-12 07:15:06,11.749,1.000,82.493,2.000,0,4190516,395308,198776,3135492,16174.658,4206.651,0,5963.505,0,443.963,3716,6470,1,1.040,0.920,1,0,2.000,0,0,18,295,0,117,0
19-12 07:15:07,10.765,1.502,86.373,1.001,0,4190344,395308,198776,3135664,11951.984,1796.553,0,1426.026,0,179.255,2995,5244,1,1.040,0.920,3,0,0,0,0,18,293,0,115,0
19-12 07:15:08,6.496,1.249,90.440,0.750,0,4190636,394804,198780,3135872,14071.628,4377.085,0,907.396,0,96.935,2375,4060,1,1.040,0.920,2,0,0,0,0,18,294,0,116,0
19-12 07:15:09,5.993,0.749,90.396,0.250,0,4190604,394804,198780,3135904,9711.802,1498.272,0,1602.153,0,85.901,1948,3283,1,1.040,0.920,1,0,0,0,0,18,294,0,116,0
19-12 07:15:10,8.005,1.001,90.302,0.250,0.250,4191072,394300,198780,3135940,10174.861,1620.934,0,668.385,0,62.036,2016,3360,1.080,1.060,0.920,0,0,0,0,0,18,294,0,117,0
19-12 07:15:11,15.286,1.504,81.443,0.251,0,4191628,393544,198780,3136140,22937.293,6058.340,0,809.917,0,83.197,2645,4334,1.080,1.060,0.920,3,0,0,0,0,18,294,0,119,0
19-12 07:15:12,11.230,1.248,83.604,1.248,0,4191772,393292,198780,3136248,28439.430,8459.256,0,1637.146,0,221.614,3334,6144,1.080,1.060,0.920,3,0,0,0,0,18,295,0,119,0
19-12 07:15:13,29.988,4.248,64.223,1.499,0,4191944,392788,198780,3136580,10244.769,1619.331,0,3134.705,0,352.854,6160,11463,1.080,1.060,0.920,2,0,0,0,0,18,295,0,115,0
19-12 07:15:14,24.517,6.004,66.795,2.001,0,4192940,391528,198780,3136844,13809.390,1621.102,0,6092.143,0,443.301,6478,12783,1.080,1.060,0.920,1,0,0,0,0,18,296,0,115,0
19-12 07:15:15,9.497,2.249,85.977,1.000,0,4193132,391276,198780,3136904,24970.308,1619.566,0,1779.523,0,195.947,3563,6151,1,1.040,0.920,1,0,0,0,0,18,294,0,108,0
19-12 07:15:16,14.977,2.746,80.625,0.998,0,4194020,390016,198780,3137276,30420.757,11057.827,7.988,1709.345,1.997,183.715,3315,5861,1,1.040,0.920,3,0,1.997,0,0,18,294,0,111,0
19-12 07:15:17,16.792,2.256,78.698,0.501,0,4195008,389008,198780,3137296,20759.313,6225.689,0,1579.982,0,165.417,3623,6139,1,1.040,0.920,2,0,0,0,0,18,295,0,111,0
19-12 07:15:18,4.002,1.001,93.303,0.500,0,4194800,389008,198780,3137504,17760.999,4358.454,0,1232.694,0,106.060,1898,3108,1,1.040,0.920,2,0,0,0,0,18,295,0,111,0
19-12 07:15:19,12.955,1.993,82.962,0.747,0,4195260,388504,198780,3137548,28385.615,10517.546,0,1351.316,0,165.427,3184,5230,1,1.040,0.920,2,0,0,0,0,18,295,0,114,0
19-12 07:15:20,11.273,1.503,86.176,0.501,0,4196588,386992,198780,3137732,22850.684,8367.094,0,957.957,0,68.139,2103,3486,1,1.040,0.920,0,0,0,0,0,18,296,0,117,0
19-12 07:15:21,7.243,1.249,89.669,0.250,0,4196552,386992,198780,3137768,25512.834,8064.677,0,1150.955,0,132.879,2380,3847,1,1.040,0.920,2,0,0,0,0,18,295,0,111,0
19-12 07:15:22,15.285,4.009,78.180,1.002,0.251,4196944,386236,198784,3138128,20215.556,4592.577,0,1270.927,0,135.312,4413,8704,1,1.040,0.920,2,0,0,0,0,18,297,0,113,0
19-12 07:15:23,28.957,3.495,63.405,1.747,0.250,4197428,385480,198784,3138400,10517.319,1509.749,0,6262.662,0,475.291,6285,12051,1,1.040,0.920,1,0,0,0,0,18,295,0,113,0
19-12 07:15:24,25.981,3.997,66.201,2.248,0,4198636,383996,198788,3138672,10684.115,1564.845,0,10672.124,0,1004.259,6983,12718,1,1.040,0.920,5,1,0,0,0,18,295,0,113,0
19-12 07:15:25,6.500,1.000,89.744,1.000,0,4198584,383996,198788,3138724,13779.146,1619.900,0,2339.855,0,180.989,2755,4570,0.920,1.020,0.910,2,0,0,0,0,18,294,0,112,0
19-12 07:15:26,13.236,2.497,81.661,0.749,0,4199892,382484,198792,3138924,26847.736,8464.773,0,1266.619,0,146.840,3429,5842,0.920,1.020,0.910,1,0,1.998,0,0,18,294,0,114,0
19-12 07:15:27,19.077,3.263,75.807,1.004,0,4200048,382232,198792,3139020,10545.752,1626.594,16.065,1694.871,1.004,207.843,4072,8089,0.920,1.020,0.910,1,0,0,0,0,18,296,0,114,0
19-12 07:15:28,27.949,3.743,64.881,1.497,0,4200244,381476,198792,3139580,14689.163,1617.046,0,3046.434,0,314.426,5465,10815,0.920,1.020,0.910,3,0,0,0,0,18,295,0,109,0
19-12 07:15:29,25.257,2.751,68.018,1.250,0,4206248,375176,198792,3139876,13177.439,4258.111,0,2404.628,0,281.073,5451,10469,0.920,1.020,0.910,1,0,0,0,0,18,295,0,111,0
19-12 07:15:30,7.512,1.502,87.139,2.254,0.250,4206972,374420,198792,3139908,9944.812,1730.752,0,7083.262,0,476.758,3362,5345,1,1.040,0.920,1,0,0,0,0,18,295,0,110,0
19-12 07:15:31,9.701,1.244,85.814,1.244,0,4207524,373664,198792,3140112,16185.712,4410.577,0,1420.777,0,171.130,3014,5174,1,1.040,0.920,2,0,0,0,0,18,294,0,111,0
19-12 07:15:32,13.786,2.005,82.468,1.003,0,4208304,372656,198792,3140340,15022.630,4365.516,0,1471.883,0,189.500,3451,5876,1,1.040,0.920,0,0,0,0,0,18,294,0,110,0
19-12 07:15:33,15.242,2.999,79.960,1.000,0,4208524,372404,198792,3140372,13046.516,4230.897,0,1375.316,0,163.919,3081,5401,1,1.040,0.920,1,0,0,0,0,18,295,0,112,0
19-12 07:15:34,5.489,0.998,90.064,1.247,0.249,4208764,371956,198792,3140580,10881.562,1790.308,0,5680.287,0,612.737,2777,3220,1,1.040,0.920,1,0,0,0,0,18,295,0,109,0
19-12 07:15:35,13.786,3.008,80.959,0.752,0,4209408,371200,198792,3140692,29831.143,10713.706,0,1403.630,0,159.412,3552,5753,1,1.040,0.920,2,0,0,0,0,18,294,0,109,0
19-12 07:15:36,11.258,1.751,85.307,0.751,0,4209992,370444,198792,3140864,29077.598,10693.207,0,1272.858,0,137.092,2925,5123,1,1.040,0.920,0,0,2.001,0,0,18,294,0,102,0
19-12 07:15:37,10.965,2.990,84.730,0.748,0,4212212,368204,198792,3140884,23468.347,8039.427,0,1343.726,0,147.531,3061,5338,1,1.040,0.920,1,0,0,0,0,18,295,0,102,0
19-12 07:15:38,11.047,1.506,85.110,1.255,0,4212620,367700,198792,3140980,21437.746,6396.075,0,1446.121,0,160.680,3080,5355,1,1.040,0.920,3,0,0,0,0,18,294,0,102,0
19-12 07:15:39,8.968,1.993,87.689,0.747,0,4212448,367700,198792,3141152,28784.900,8414.155,0,1363.165,0,118.579,2518,4560,1,1.040,0.920,3,0,0,0,0,18,295,0,103,0
19-12 07:15:40,32.569,5.762,60.127,1.503,0,4218060,361948,198792,3141284,10779.724,1623.422,0,4240.940,0,356.752,6237,21090,1.080,1.050,0.920,5,0,34.072,0,0,18,295,0,103,0
19-12 07:15:41,24.213,4.493,67.897,1.498,0,4219532,359960,198792,3141804,10729.659,1617.536,47.927,6909.477,1.997,453.310,6550,12790,1.080,1.050,0.920,1,0,0,0,0,18,295,0,103,0
19-12 07:15:42,26.838,3.010,68.474,1.254,0,4219836,359204,198792,3142256,11115.314,1625.310,48.157,2347.670,3.010,257.842,5750,11250,1.080,1.050,0.920,1,0,0,0,0,18,295,0,97,0
19-12 07:15:43,25.946,3.493,65.864,1.497,0.249,4219612,359204,198792,3142480,9930.503,1616.663,0,2898.018,0,292.396,5535,10594,1.080,1.050,0.920,4,0,0,0,0,18,294,0,100,0
19-12 07:15:44,25.261,5.252,68.281,0.750,0,4220356,358196,198792,3142744,10186.564,1620.726,0,1756.787,0,176.079,5256,9983,1.080,1.050,0.920,2,0,0,0,0,18,295,0,97,0
19-12 07:15:45,20.251,2.500,73.004,1.750,0,4221236,356684,198792,3143376,15297.811,4258.226,0,2168.115,0,251.013,4954,9323,1,1.040,0.920,1,0,0,0,0,18,294,0,98,0
19-12 07:15:46,10.219,1.745,84.990,1.994,0.249,4221480,356436,198792,3143380,15207.495,4271.936,0,6348.586,0,447.631,3802,6355,1,1.040,0.920,2,0,1.994,0,0,18,294,0,98,0
19-12 07:15:47,8.795,1.508,88.202,0.503,0,4221476,356184,198792,3143636,9621.261,1628.337,0,916.693,0,83.427,2347,4070,1,1.040,0.920,2,0,0,0,0,18,295,0,98,0
19-12 07:15:48,6.229,1.993,90.451,0.498,0,4221144,356184,198792,3143968,15542.694,4310.770,0,1092.394,0,115.618,2285,4031,1,1.040,0.920,1,0,0,0,0,18,294,0,95,0
19-12 07:15:49,8.000,0.750,88.496,0.750,0,4221232,355932,198792,3144132,16252.220,3831.816,0,1007.952,0,105.995,2285,4204,1,1.040,0.920,2,0,0,0,0,18,294,0,95,0
19-12 07:15:50,9.498,1.500,85.985,0.750,0,4221156,355932,198792,3144208,17414.900,4283.238,0,1187.789,0,140.975,3056,5219,1.080,1.050,0.920,1,0,0,0,0,18,294,0,94,0
19-12 07:15:51,6.252,2.501,88.784,0.500,0,4221144,355932,198792,3144220,18330.020,3833.468,0,1008.386,0,93.036,2380,3907,1.080,1.050,0.920,1,0,0,0,0,18,294,0,94,0
19-12 07:15:52,9.241,1.998,87.418,0.749,0,4220996,355932,198792,3144368,16042.017,4172.103,0,1234.847,0,126.881,2550,4327,1.080,1.050,0.920,1,0,0,0,0,18,294,0,91,0
19-12 07:15:53,7.256,1.751,90.573,0.250,0,4220988,355932,198792,3144376,13277.742,3660.962,0,840.680,0,69.056,2103,3482,1.080,1.050,0.920,3,0,0,0,0,18,295,0,91,0
19-12 07:15:54,3.254,1.251,93.603,0.250,0.250,4221000,355680,198792,3144616,12837.095,1795.972,0,1373.508,0,91.100,1899,3232,1.080,1.050,0.920,3,0,0,0,0,18,295,0,86,0
19-12 07:15:55,8.487,1.997,85.116,1.997,0,4221044,355428,198792,3144820,14731.753,4278.249,0,8290.917,0,952.497,4440,5499,1.070,1.050,0.920,0,0,0,0,0,18,294,0,87,0
19-12 07:15:56,8.489,2.497,86.883,1.748,0,4221488,354924,198792,3144880,13638.588,3772.907,0,5708.294,0,394.467,3246,5340,1.070,1.050,0.920,1,0,1.997,0,0,18,294,0,83,0
19-12 07:15:57,13.038,2.758,82.741,1.003,0,4221372,354924,198792,3144996,15877.282,3843.203,0,1472.292,0,186.544,3508,5989,1.070,1.050,0.920,1,0,0,0,0,18,294,0,85,0
19-12 07:15:58,9.730,1.996,87.568,0.748,0,4221352,354924,198792,3145016,29310.006,8275.778,0,1053.807,0,127.734,2837,4686,1.070,1.050,0.920,2,0,0,0,0,18,294,0,80,0
19-12 07:15:59,10.791,2.509,85.070,0.502,0,4221780,354448,198796,3145060,26640.194,9859.080,0,1084.077,0,129.487,3329,5814,1.070,1.050,0.920,2,0,0,0,0,18,297,0,80,0
19-12 07:16:00,29.505,3.751,63.010,1.750,0,4221764,353944,198796,3145580,16297.624,2581.416,0,2860.461,0,336.054,6164,11559,1.060,1.050,0.920,2,0,0,0,0,18,295,0,83,0
19-12 07:16:01,24.234,3.248,69.705,0.500,0,4223028,352180,198796,3146080,11026.866,1618.953,0,1602.963,0,149.903,5959,11459,1.060,1.050,0.920,2,0,0,0,0,18,296,0,83,0
19-12 07:16:02,8.480,2.245,87.548,0.748,0,4223056,351928,198796,3146304,10700.314,1616.271,15.963,1979.433,0.998,196.547,2710,4686,1.060,1.050,0.920,1,0,0,0,0,18,294,0,78,0
19-12 07:16:03,14.994,2.249,81.465,1.000,0,4223136,351676,198800,3146472,9811.801,1619.307,0,2007.141,0,254.891,4043,7025,1.060,1.050,0.920,0,0,0,0,0,18,294,0,81,0
19-12 07:16:04,11.025,1.754,84.445,2.255,0,4223448,351172,198804,3146660,9963.025,1569.627,0,5797.398,0,406.940,3590,6099,1.060,1.050,0.920,1,0,0,0,0,18,295,0,81,0
19-12 07:16:05,28.962,4.494,64.166,1.248,0.250,4223196,351172,198804,3146912,11240.253,1617.877,0,3659.199,0,382.498,6331,11936,1.140,1.070,0.930,2,0,0,0,0,18,295,0,85,0
19-12 07:16:06,24.212,3.994,67.893,0.749,0.250,4224884,349156,198804,3147240,10022.235,1509.625,0,2296.388,0,214.662,6212,11758,1.140,1.070,0.930,2,0,1.997,0,0,18,295,0,82,0
19-12 07:16:07,28.065,3.508,66.403,1.253,0,4225560,348400,198808,3147316,10293.768,1623.749,0,2072.786,0,215.498,5370,10500,1.140,1.070,0.930,2,0,0,0,0,18,295,0,84,0
19-12 07:16:08,28.254,3.500,67.009,0.750,0,4226268,347392,198808,3147616,10010.371,1620.222,0,2020.277,0,215.029,5986,11170,1.140,1.070,0.930,1,1,0,0,0,18,295,0,81,0
19-12 07:16:09,26.248,2.750,67.744,0.750,0.250,4226372,346888,198808,3148016,10102.050,1661.844,0,1763.834,0,198.981,5359,10575,1.140,1.070,0.930,1,0,0,0,0,18,296,0,82,0
19-12 07:16:10,27.772,4.754,65.302,2.252,0,4226348,346636,198808,3148288,10556.435,1621.295,32.026,6445.150,1.001,512.409,6675,12899,1.130,1.060,0.930,2,0,0,0,0,18,294,0,85,1
19-12 07:16:11,25.731,4.746,67.699,0.999,0,4227544,345124,198808,3148604,10659.930,1564.815,0,3805.120,0,229.826,5974,11294,1.130,1.060,0.930,4,0,0,0,0,18,295,0,83,0
19-12 07:16:12,25.533,4.256,66.336,1.502,0,4227772,344620,198808,3148880,11781.316,1622.109,0,2667.468,0,314.409,6166,11935,1.130,1.060,0.930,1,0,0,0,0,18,296,0,85,0
19-12 07:16:13,28.679,2.743,66.834,1.247,0,4228492,343612,198808,3149168,9933.286,1508.247,0,2162.619,0,229.429,5964,11765,1.130,1.060,0.930,3,0,0,0,0,18,295,0,81,0
19-12 07:16:14,25.829,3.511,68.458,1.254,0,4229724,342100,198808,3149448,11435.811,1624.946,0,1853.642,0,194.592,5415,10838,1.130,1.060,0.930,2,0,0,0,0,18,295,0,81,0
19-12 07:16:15,15.195,2.242,78.464,1.744,0,4229736,341848,198808,3149688,13736.860,4355.104,0,7412.943,0,575.898,5177,9003,1.040,1.050,0.930,2,0,0,0,0,18,294,0,79,0
19-12 07:16:16,11.022,2.255,83.670,1.754,0,4230348,341176,198808,3149748,57479.684,17707.947,0,9302.885,0,1026.083,4657,5256,1.040,1.050,0.930,0,0,2.004,0,0,18,294,0,79,0
19-12 07:16:17,13.017,2.253,83.606,1.001,0,4230780,340672,198808,3149820,13821.526,4376.549,0,1353.717,0,163.207,3396,5894,1.040,1.050,0.930,4,0,0,0,0,18,294,0,77,0
19-12 07:16:18,10.495,1.499,85.707,0.500,0,4230560,340672,198812,3150032,11100.405,1619.184,15.992,1211.389,0.999,130.934,2851,4847,1.040,1.050,0.930,4,0,0,0,0,18,295,0,77,0
19-12 07:16:19,15.718,1.746,79.338,0.998,0.249,4234984,335884,198812,3150396,29452.769,10664.192,0,2143.616,0,272.443,4387,7230,1.040,1.050,0.930,3,0,0,0,0,18,294,0,71,0
19-12 07:16:20,15.743,2.499,77.965,1.249,0,4234932,335884,198812,3150448,10068.439,1499.321,0,1675.241,0,240.891,4679,8228,1.030,1.050,0.930,3,0,0,0,0,18,295,0,71,0
19-12 07:16:21,29.331,4.262,62.923,2.507,0,4234820,335688,198812,3150756,10798.653,1624.461,0,5631.464,0,738.027,6609,10898,1.030,1.050,0.930,2,0,0,0,0,18,296,0,71,0
19-12 07:16:22,27.212,4.494,64.411,1.997,0,4235228,334932,198812,3151104,9866.335,1617.759,31.956,7637.422,0.999,560.224,6983,13285,1.030,1.050,0.930,2,0,0,0,0,18,295,0,74,0
19-12 07:16:23,24.705,3.993,69.873,0.998,0.250,4236112,333672,198812,3151480,14857.064,4366.084,0,2423.606,0,226.589,5983,11839,1.030,1.050,0.930,0,0,0,0,0,18,294,0,77,0
19-12 07:16:24,13.042,2.257,82.519,1.003,0,4237812,331908,198812,3151544,12483.672,1625.295,32.105,1480.825,7.023,123.402,3152,5326,1.030,1.050,0.930,5,0,0,0,0,18,295,0,77,0
19-12 07:16:25,10.230,1.996,85.834,0.499,0,4237848,331656,198816,3151756,31203.652,10665.373,0,1880.363,0,156.697,3324,5374,0.950,1.030,0.920,2,0,0,0,0,18,294,0,74,0
19-12 07:16:26,23.299,3.507,70.397,1.253,0,4237860,331404,198816,3151992,12928.033,1623.395,0,2244.694,0,270.566,5346,10029,0.950,1.030,0.920,2,0,2.004,0,0,18,295,0,76,0
19-12 07:16:27,27.174,3.241,65.817,1.247,0.249,4238420,330648,198816,3152188,9977.243,1507.805,0,2337.497,0,243.323,6101,11353,0.950,1.030,0.920,2,0,0,0,0,18,295,0,76,0
19-12 07:16:28,21.705,4.241,71.852,1.247,0,4238980,329640,198816,3152636,14085.913,4149.431,0,2323.203,0,245.493,5668,10430,0.950,1.030,0.920,0,0,0,0,0,18,295,0,79,0
19-12 07:16:29,10.011,2.753,82.842,2.252,0,4239668,328884,198816,3152704,12450.808,1795.992,0,7428.238,0,521.578,4049,6533,0.950,1.030,0.920,1,0,0,0,0,18,294,0,75,0
19-12 07:16:30,4.252,0.750,93.298,0.250,0,4239644,328884,198816,3152728,25839.256,8520.371,0,992.509,0,105.054,1807,2857,0.870,1.010,0.920,3,0,0,0,0,18,295,0,75,0
19-12 07:16:31,11.771,2.004,84.404,0.501,0,4240184,328156,198816,3152916,31307.041,10705.505,0,1073.957,0,125.228,3246,5158,0.870,1.010,0.920,2,0,0,0,0,18,294,0,72,0
19-12 07:16:32,22.769,4.003,71.310,1.251,0,4240368,327904,198816,3152984,11311.468,1621.357,0,1573.317,0,202.169,5042,9009,0.870,1.010,0.920,4,0,0,0,0,18,296,0,74,0
19-12 07:16:33,28.263,4.002,66.781,1.501,0,4240660,327148,198816,3153448,14635.806,1620.754,0,2301.070,0,247.115,6149,11333,0.870,1.010,0.920,2,0,0,0,0,18,295,0,77,0
19-12 07:16:34,25.243,3.749,67.980,1.000,0.500,4241688,325888,198816,3153680,11650.575,1619.524,0,2155.366,0,224.934,5434,10738,0.870,1.010,0.920,1,0,0,0,0,18,294,0,81,0
19-12 07:16:35,5.753,1.000,90.291,0.500,0,4241616,325888,198816,3153752,14058.312,4207.889,0,1576.708,0,144.065,2546,4132,0.800,0.990,0.910,2,0,0,0,0,18,295,0,79,0
19-12 07:16:36,9.729,1.746,85.819,0.748,0,4242064,325384,198816,3153808,29727.305,10663.511,0,1692.431,0,160.661,3215,5157,0.800,0.990,0.910,2,0,1.996,0,0,18,294,0,79,0
19-12 07:16:37,23.774,4.004,69.319,1.501,0,4242292,324880,198816,3154084,9152.070,1621.607,0,2602.579,0,315.312,5519,10947,0.800,0.990,0.910,1,0,0,0,0,18,296,0,81,0
19-12 07:16:38,25.277,4.505,65.821,1.752,0,4243040,323872,198816,3154340,10150.973,1621.753,0,7007.575,0,489.529,6692,12367,0.800,0.990,0.910,2,0,0,0,0,18,295,0,83,0
19-12 07:16:39,26.993,2.749,67.983,0.750,0,4243280,323368,198816,3154604,9484.581,1759.551,0,1495.619,0,165.958,5147,9803,0.800,0.990,0.910,1,0,0,0,0,18,296,0,85,0
19-12 07:16:40,33.008,4.251,60.265,1.000,0,4245284,321156,198816,3154732,10727.607,1620.394,0,2408.585,0,246.060,6642,13564,0.820,0.990,0.910,2,0,34.008,0,0,18,295,0,89,0
19-12 07:16:41,23.459,3.494,68.380,2.246,0.250,4245976,320172,198816,3155104,13443.434,4200.636,0,9938.578,0,1130.019,6991,10054,0.820,0.990,0.910,0,0,0,0,0,18,295,0,84,0
19-12 07:16:42,8.250,1.250,87.749,0.750,0.250,4245748,320172,198816,3155332,15045.910,4192.975,0,3519.979,0,191.999,2955,5179,0.820,0.990,0.910,0,0,0,0,0,18,295,0,84,0
19-12 07:16:43,4.757,1.001,92.878,0.501,0,4245944,319948,198816,3155360,10039.845,1742.403,0,1225.690,0,94.130,1983,3259,0.820,0.990,0.910,1,0,0,0,0,18,295,0,82,0
19-12 07:16:44,11.237,1.748,84.650,0.499,0,4245872,319948,198816,3155432,15004.310,3827.487,0,1402.347,0,148.825,2771,4935,0.820,0.990,0.910,2,0,0,0,0,18,294,0,84,0
19-12 07:16:45,11.479,1.497,85.347,0.998,0,4245688,319948,198816,3155616,32793.071,10666.832,0,1453.388,0,160.711,3246,5397,0.840,0.990,0.910,2,0,0,0,0,18,294,0,81,0
19-12 07:16:46,16.308,3.011,77.527,2.509,0,4246168,319448,198820,3155632,12130.330,1625.807,0,8349.826,0,872.115,5590,9657,0.840,0.990,0.910,1,0,2.007,0,0,18,296,0,81,0
19-12 07:16:47,29.743,3.499,65.236,1.500,0,4245828,319448,198824,3155968,12280.274,1619.640,0,2583.426,0,309.931,5603,12017,0.840,0.990,0.910,1,0,0,0,0,18,295,0,84,0
19-12 07:16:48,24.754,5.001,68.261,0.500,0.250,4246096,318944,198824,3156204,14658.272,1714.266,0,1500.233,0,149.023,5060,11663,0.840,0.990,0.910,1,0,2.000,0,0,18,296,0,84,0
19-12 07:16:49,12.212,1.745,83.739,1.246,0,4246320,318440,198824,3156480,16928.218,4291.619,15.950,2033.659,0.997,207.353,3483,6198,0.840,0.990,0.910,2,0,0,0,0,18,294,0,84,0
19-12 07:16:50,9.757,1.751,86.059,0.751,0,4246284,318440,198824,3156532,32432.411,10693.389,0,1657.145,0,151.104,3126,5130,0.770,0.980,0.910,0,0,0,0,0,18,294,0,84,0
19-12 07:16:51,15.228,3.245,80.383,0.999,0.250,4246748,317936,198824,3156572,10578.650,1563.731,15.977,2037.044,0.999,225.673,3790,7259,0.770,0.980,0.910,4,0,0,0,0,18,295,0,84,0
19-12 07:16:52,27.787,3.755,64.086,1.502,0,4246460,317684,198824,3157112,9716.029,1622.175,32.043,2743.679,1.001,332.446,6073,11339,0.770,0.980,0.910,2,0,0,0,0,18,295,0,89,0
19-12 07:16:53,26.750,4.750,65.249,2.250,0,4246424,317432,198824,3157400,9609.865,1619.977,0,7407.896,0,539.992,6336,12640,0.770,0.980,0.910,1,0,0,0,0,18,295,0,91,0
19-12 07:16:54,21.510,3.752,73.035,1.000,0,4246628,316928,198824,3157700,16239.860,4400.130,0,1796.870,0,213.103,4977,8930,0.770,0.980,0.910,2,0,0,0,0,18,294,0,92,0
19-12 07:16:55,9.509,2.002,85.327,1.001,0,4246576,316928,198824,3157752,9504.630,3066.785,0,1865.694,0,201.183,3102,5337,0.790,0.980,0.910,0,0,0,0,0,18,295,0,92,0
19-12 07:16:56,4.493,1.248,92.102,0.250,0,4247036,316428,198824,3157792,27061.458,6910.880,0,1637.365,0,60.902,1851,2837,0.790,0.980,0.910,2,0,1.997,0,0,18,294,0,91,0
19-12 07:16:57,10.735,1.498,85.135,0.749,0,4247104,316176,198824,3157976,29164.599,10671.583,0,1577.868,0,171.768,3051,5130,0.790,0.980,0.910,2,0,0,0,0,18,294,0,91,0
19-12 07:16:58,23.026,3.504,71.830,1.502,0,4246772,316176,198824,3158308,10748.985,1621.808,0,2078.317,0,257.287,5123,9621,0.790,0.980,0.910,4,0,0,0,0,18,296,0,90,0
19-12 07:16:59,29.259,4.501,64.020,1.000,0,4247000,315672,198824,3158584,24969.616,8260.519,0,3389.034,0,362.110,5964,11093,0.790,0.980,0.910,2,0,0,0,0,18,296,0,94,0
19-12 07:17:00,26.573,3.510,67.436,2.006,0.501,4247212,315168,198828,3158872,12943.647,1810.987,0,6104.813,0,440.212,6033,11708,0.720,0.960,0.900,2,0,0,0,0,18,295,0,95,0
19-12 07:17:01,29.001,3.750,65.001,1.500,0,4247436,314664,198832,3159148,9902.208,1620.034,0,2976.062,0,359.008,6246,11756,0.720,0.960,0.900,3,0,0,0,0,18,296,0,97,0
19-12 07:17:02,26.990,3.249,64.477,3.249,0,4249292,312480,198832,3159476,11474.938,1619.427,63.977,9964.473,4.998,1133.599,7453,11234,0.720,0.960,0.900,2,0,2.999,0,0,18,295,0,94,0
19-12 07:17:03,26.741,3.999,66.729,0.750,0,4249992,311472,198832,3159784,9343.029,1511.519,0,1643.477,0,177.943,5906,10931,0.720,0.960,0.900,4,0,0,0,0,18,295,0,95,0
19-12 07:17:04,29.922,3.740,64.832,1.496,0,4250304,310968,198836,3159972,10859.851,1615.812,0,2601.258,0,300.222,5632,10844,0.720,0.960,0.900,2,0,0,0,0,18,295,0,96,0
19-12 07:17:05,26.555,4.509,67.138,0.501,0.251,4251456,309456,198836,3160332,9850.223,1693.477,0,2076.263,0,198.407,5731,10949,0.910,1,0.910,2,0,0,0,0,18,295,0,96,0
19-12 07:17:06,28.010,3.751,65.022,1.501,0.250,4251316,309204,198840,3160720,10346.570,1620.559,0,2704.933,0,327.113,6273,11567,0.910,1,0.910,1,0,2.001,0,0,18,296,0,94,0
19-12 07:17:07,26.015,3.002,66.788,1.751,0,4252268,307944,198844,3161024,9419.416,1620.932,0,5847.362,0,434.250,6825,12908,0.910,1,0.910,1,0,0,0,0,18,295,0,96,0
19-12 07:17:08,15.927,2.489,78.143,0.995,0,4253412,306684,198844,3161140,14064.794,4296.387,0,2170.094,0,241.896,4304,8138,0.910,1,0.910,1,0,0,0,0,18,294,0,93,0
19-12 07:17:09,12.274,2.004,84.414,0.751,0,4254028,305928,198848,3161276,14021.187,4419.570,0,1366.650,0,144.280,3127,5374,0.910,1,0.910,1,1,0,0,0,18,294,0,95,0
19-12 07:17:10,11.744,0.999,84.956,0.500,0,4254404,305424,198848,3161404,9749.950,1511.217,0,1271.341,0,137.929,2774,4814,0.830,0.980,0.910,1,0,0,0,0,18,294,0,94,0
19-12 07:17:11,6.007,1.502,90.349,1.001,0,4254452,305200,198848,3161580,15386.802,4373.776,0,864.945,0,77.084,2155,3656,0.830,0.980,0.910,2,0,0,0,0,18,295,0,94,0
19-12 07:17:12,11.254,1.751,85.032,1.000,0,4254732,304696,198848,3161804,14978.602,4297.607,0,1712.641,0,192.072,3186,5541,0.830,0.980,0.910,1,0,0,0,0,18,294,0,95,0
19-12 07:17:13,17.277,2.254,79.124,1.002,0,4255396,303940,198848,3161896,48902.337,19782.881,0,3741.841,0,226.353,3687,6151,0.830,0.980,0.910,0,0,0,0,0,18,294,0,96,0
19-12 07:17:14,9.505,1.000,86.791,1.000,0,4255388,303940,198848,3161904,26252.549,9873.720,0,1532.733,0,155.074,2997,4856,0.830,0.980,0.910,3,0,0,0,0,18,295,0,91,0
19-12 07:17:15,9.984,1.747,86.114,0.749,0,4255212,303940,198848,3162080,21436.024,6704.374,0,1625.424,0,187.702,3354,5461,0.770,0.960,0.900,1,0,0,0,0,18,295,0,91,0
19-12 07:17:16,11.244,2.249,82.956,1.749,0,4255680,303464,198848,3162088,51008.170,13332.987,0,6776.436,0,451.762,4295,6874,0.770,0.960,0.900,1,0,1.999,0,0,18,295,0,89,0
19-12 07:17:17,28.235,4.248,64.465,1.749,0,4256000,302960,198848,3162264,11414.745,1511.172,0,2474.644,0,332.818,6149,12297,0.770,0.960,0.900,4,0,0,0,0,18,295,0,94,0
19-12 07:17:18,28.440,4.491,66.360,0.998,0,4256804,301700,198848,3162720,11233.309,1616.591,0,1788.229,0,206.564,5330,10606,0.770,0.960,0.900,1,0,0,0,0,18,295,0,95,0
19-12 07:17:19,25.840,3.261,68.738,1.003,0,4257272,300944,198848,3163008,11080.394,1667.779,0,2039.065,0,208.723,5603,11180,0.770,0.960,0.900,1,0,0,0,0,18,296,0,95,0
19-12 07:17:20,27.965,3.995,65.418,0.749,0,4258284,299684,198848,3163256,9495.131,1617.978,0,2209.238,0,265.668,5438,10626,0.790,0.960,0.900,2,0,0,0,0,18,294,0,97,0
19-12 07:17:21,4.755,1.501,93.341,0.250,0.250,4258704,299180,198848,3163340,14025.647,4374.256,0,1481.441,0,101.098,1974,3227,0.790,0.960,0.900,3,0,0,0,0,18,295,0,97,0
19-12 07:17:22,7.740,2.497,84.391,3.495,0,4259256,298508,198848,3163460,14157.694,4282.463,0,14964.651,0,1450.125,4548,6097,0.790,0.960,0.900,1,0,0,0,0,18,294,0,90,0
19-12 07:17:23,16.985,2.498,78.183,1.499,0.250,4259644,297752,198848,3163828,14365.703,3828.723,0,1758.495,0,201.827,4206,7203,0.790,0.960,0.900,1,0,0,0,0,18,294,0,90,0
19-12 07:17:24,9.536,1.255,88.087,0.502,0,4259624,297752,198848,3163848,15222.225,5133.636,0,1088.162,0,110.422,2350,3915,0.790,0.960,0.900,1,0,0,0,0,18,295,0,83,0
19-12 07:17:25,11.741,2.748,82.440,0.749,0,4259564,297500,198848,3164160,25023.858,7024.907,0,1267.081,0,132.904,4340,7848,0.720,0.950,0.900,1,0,0,0,0,18,295,0,85,0
19-12 07:17:26,28.014,4.752,65.533,1.001,0,4260788,295988,198848,3164448,9955.037,1620.820,0,3065.551,0,250.127,6142,11896,0.720,0.950,0.900,2,0,2.001,0,0,18,295,0,86,0
19-12 07:17:27,27.680,3.242,66.333,1.247,0.249,4261276,295260,198848,3164688,9597.804,1615.926,0,6300.117,0,816.940,6363,12243,0.720,0.950,0.900,2,0,0,0,0,18,295,0,88,0
19-12 07:17:28,21.971,3.745,72.155,1.248,0,4263680,292740,198848,3164804,11949.299,4185.500,0,2053.302,0,208.726,5246,10169,0.720,0.950,0.900,1,0,0,0,0,18,295,0,83,0
19-12 07:17:29,9.515,2.003,85.381,1.753,0,4263424,292740,198848,3165056,14963.925,3837.880,0,5147.887,0,370.568,3202,5405,0.720,0.950,0.900,5,0,0,0,0,18,294,0,83,1
19-12 07:17:30,6.249,1.750,89.990,0.750,0,4263592,292516,198848,3165112,25724.119,8689.027,31.996,2091.766,1.000,156.982,2619,4301,0.660,0.930,0.890,4,0,0,0,0,18,295,0,83,0
19-12 07:17:31,30.283,3.254,63.320,1.001,0,4263336,292516,198848,3165368,11975.149,1459.603,0,2518.766,0,344.378,5689,11557,0.660,0.930,0.890,1,0,0,0,0,18,295,0,87,0
19-12 07:17:32,23.712,3.494,70.886,1.498,0.250,4264440,291032,198848,3165748,12867.258,4184.255,0,5559.039,0,704.864,5564,10797,0.660,0.930,0.890,1,0,0,0,0,18,295,0,87,0
19-12 07:17:33,8.748,2.000,86.734,1.000,0,4264372,291032,198848,3165816,16268.088,3303.409,0,1779.681,0,184.967,2890,4744,0.660,0.930,0.890,2,0,0,0,0,18,295,0,87,0
19-12 07:17:34,3.499,1.499,93.966,0.750,0,4264332,291032,198848,3165856,16646.941,2773.990,0,1215.558,0,87.968,1927,3041,0.660,0.930,0.890,1,0,0,0,0,18,295,0,82,0
19-12 07:17:35,8.236,2.246,86.605,0.998,0,4264792,290528,198848,3165900,14943.984,4276.841,0,1796.992,0,207.652,3114,5159,0.610,0.920,0.890,2,0,0,0,0,18,294,0,80,0
19-12 07:17:36,11.299,2.762,82.857,1.255,0,4265084,290024,198848,3166112,32650.561,12530.946,0,1956.422,0,231.999,4007,6702,0.610,0.920,0.890,0,0,2.009,0,0,18,295,0,80,0
19-12 07:17:37,15.207,1.994,80.522,0.499,0,4265572,289268,198848,3166380,24116.846,6979.277,0,1962.454,0,199.436,3807,6407,0.610,0.920,0.890,0,0,0,0,0,18,294,0,82,0
19-12 07:17:38,7.007,1.001,89.093,0.751,0,4265788,289016,198848,3166416,12488.976,3952.106,0,1409.464,0,136.141,2283,3899,0.610,0.920,0.890,1,0,0,0,0,18,295,0,82,0
19-12 07:17:39,9.517,2.004,85.405,1.503,0,4266148,288512,198848,3166560,12388.423,1797.253,0,6014.887,0,429.778,3355,5700,0.610,0.920,0.890,6,0,0,0,0,18,295,0,79,0
19-12 07:17:40,7.999,2.000,88.988,0.750,0,4277400,276920,198848,3167416,15900.933,4252.447,0,1031.866,0,100.987,2512,4498,0.560,0.900,0.880,2,0,31.996,0,0,18,294,0,79,0
19-12 07:17:41,12.247,3.999,82.727,0.500,0,4271292,282992,198848,3166936,49524.430,19713.598,0,1131.690,0,106.971,3176,6139,0.560,0.900,0.880,2,0,1.999,0,0,18,295,0,74,0
19-12 07:17:42,3.743,1.248,93.824,0.499,0,4271284,282992,198848,3166944,13760.241,3606.249,0,802.498,0,72.864,1539,2289,0.560,0.900,0.880,1,0,0,0,0,18,296,0,74,0
19-12 07:17:43,5.997,1.000,90.962,0.500,0,4271248,282992,198848,3166980,37186.419,15647.444,0,751.685,0,66.972,2070,3164,0.560,0.900,0.880,1,0,0,0,0,18,295,0,73,0
19-12 07:17:44,12.496,1.499,83.220,0.750,0,4271296,282740,198848,3167184,47334.959,17707.625,0,2723.020,0,175.937,3359,5686,0.560,0.900,0.880,1,0,0,0,0,18,294,0,73,0
19-12 07:17:45,18.546,2.256,77.191,0.752,0.251,4271460,282488,198848,3167272,11580.616,1461.612,0,1427.527,0,167.414,3753,7056,0.600,0.900,0.890,2,0,0,0,0,18,296,0,72,0
19-12 07:17:46,23.961,2.746,69.886,1.248,0,4272324,281232,198848,3167664,16214.635,4183.198,0,2943.214,0,314.489,6002,11129,0.600,0.900,0.890,2,0,1.997,0,0,18,295,0,75,0
19-12 07:17:47,8.773,1.504,87.734,0.752,0.251,4272236,281232,198848,3167752,11184.819,1798.796,0,1692.512,0,161.430,2600,4519,0.600,0.900,0.890,1,0,0,0,0,18,295,0,73,0
19-12 07:17:48,13.722,2.994,80.084,1.247,0,4272480,280728,198848,3168012,31034.541,10757.656,0,2259.307,0,245.490,3886,6545,0.600,0.900,0.890,1,0,0,0,0,18,294,0,74,0
19-12 07:17:49,18.537,2.255,75.653,1.503,0,4272428,280728,198848,3168064,11847.897,1623.274,0,5887.876,0,437.883,4834,8669,0.600,0.900,0.890,1,0,0,0,0,18,295,0,73,0
19-12 07:17:50,24.964,3.495,69.150,0.749,0,4273376,279468,198848,3168376,10987.058,1617.653,0,1521.792,0,141.794,5967,11071,0.630,0.900,0.890,1,0,0,0,0,18,295,0,75,0
19-12 07:17:51,18.463,2.745,75.351,0.749,0,4274152,278460,198848,3168608,16482.398,4357.381,0,1784.470,0,212.580,4704,8798,0.630,0.900,0.890,1,0,0,0,0,18,294,0,77,0
19-12 07:17:52,12.022,2.254,84.406,1.002,0.250,4274776,277732,198848,3168712,11222.683,1460.692,0,1614.976,0,168.310,2761,4947,0.630,0.900,0.890,2,0,0,0,0,18,295,0,78,0
19-12 07:17:53,13.001,2.750,80.504,1.750,0,4274540,277732,198848,3168948,30780.570,10686.545,0,9044.461,0,1060.054,5478,6987,0.630,0.900,0.890,1,0,0,0,0,18,294,0,70,0
19-12 07:17:54,10.494,3.498,83.956,0.999,0,4274312,277732,198848,3169176,14450.385,4363.700,0,1699.105,0,169.910,3302,5650,0.630,0.900,0.890,1,0,0,0,0,18,294,0,71,0
19-12 07:17:55,12.503,2.751,82.520,0.500,0,4274500,277480,198848,3169240,14576.528,5277.277,0,1764.427,0,195.047,3320,5593,0.580,0.890,0.880,1,0,0,0,0,18,295,0,70,0
19-12 07:17:56,7.232,1.995,89.029,0.748,0,4274700,277228,198848,3169292,25245.341,7012.595,0,1033.435,0,79.802,2345,3886,0.580,0.890,0.880,1,0,1.995,0,0,18,295,0,70,0
19-12 07:17:57,30.142,3.014,64.051,2.009,0,4274424,277228,198848,3169568,9912.539,1627.642,0,7881.001,0,598.811,6939,13217,0.580,0.890,0.880,2,0,0,0,0,18,296,0,74,0
19-12 07:17:58,28.217,3.995,66.172,1.498,0,4274928,276472,198848,3169820,9976.258,1618.096,0,1793.889,0,212.750,5793,10679,0.580,0.890,0.880,1,0,0,0,0,18,295,0,78,0
19-12 07:17:59,27.235,2.249,68.463,0.500,0,4276212,274960,198848,3170048,26293.670,8145.561,0,1411.231,0,131.928,5389,10644,0.580,0.890,0.880,1,0,0,0,0,18,296,0,74,0
19-12 07:18:00,12.462,2.742,81.504,1.246,0,4276376,274456,198848,3170388,15992.638,4542.264,15.952,2097.657,0.997,242.267,3691,6578,0.610,0.890,0.880,1,0,0,0,0,18,294,0,76,0
19-12 07:18:01,17.502,3.250,77.511,1.250,0.250,4276456,274204,198848,3170560,11327.563,1620.224,0,1976.273,0,262.036,4434,7695,0.610,0.890,0.880,2,0,0,0,0,18,295,0,74,0
19-12 07:18:02,7.513,1.252,89.652,0.501,0,4276600,273952,198848,3170668,33473.906,10704.197,0,1498.548,0,155.264,2571,4014,0.610,0.890,0.880,1,0,0,0,0,18,294,0,74,0
19-12 07:18:03,12.242,1.999,82.449,1.249,0,4276592,273700,198848,3170928,15356.540,4367.310,0,6476.011,0,753.536,4117,5564,0.610,0.890,0.880,1,0,0,0,0,18,294,0,70,0
19-12 07:18:04,13.270,3.505,82.875,0.751,0,4276512,273700,198848,3171008,28180.440,10461.755,0,1642.474,0,170.256,3176,5472,0.610,0.890,0.880,1,0,0,0,0,18,295,0,71,0
19-12 07:18:05,11.751,2.250,82.506,1.500,0,4276916,273224,198848,3171080,11804.862,1860.136,0,5604.409,0,424.031,4188,7936,0.560,0.880,0.880,2,0,0,0,0,18,295,0,67,0
19-12 07:18:06,27.776,3.503,64.560,1.752,0,4276908,272720,198848,3171592,12525.737,1513.418,0,2226.086,0,301.282,5840,11479,0.560,0.880,0.880,1,0,2.002,0,0,18,296,0,71,0
19-12 07:18:07,27.479,3.997,66.450,0.749,0,4277608,271460,198848,3172152,10384.118,1618.771,0,1930.535,0,210.840,6228,13336,0.560,0.880,0.880,1,0,0,0,0,18,295,0,67,0
19-12 07:18:08,21.953,4.241,70.100,1.247,0,4278364,269444,198848,3173412,13090.079,4132.186,0,2047.632,0,227.515,5498,10545,0.560,0.880,0.880,1,0,0,0,0,18,295,0,69,0
19-12 07:18:09,8.534,1.506,88.606,0.251,0,4278264,269444,198848,3173512,11093.607,1843.412,0,1309.265,0,100.404,2411,4135,0.560,0.880,0.880,2,0,0,0,0,18,295,0,66,0
19-12 07:18:10,15.724,3.744,77.620,1.248,0,4278292,269192,198848,3173736,29666.457,10668.184,0,2751.405,0,347.420,4701,8067,0.600,0.880,0.880,1,0,0,0,0,18,294,0,66,0
19-12 07:18:11,11.007,1.001,85.554,0.500,0.250,4278468,268940,198848,3173812,15254.626,4372.759,0,1617.020,0,155.098,2775,4864,0.600,0.880,0.880,1,0,0,0,0,18,294,0,65,0
19-12 07:18:12,9.511,2.753,85.599,1.001,0,4278240,268940,198848,3174040,10188.788,3067.549,0,1561.807,0,144.167,2737,4710,0.600,0.880,0.880,1,0,0,0,0,18,296,0,67,0
19-12 07:18:13,5.228,1.245,91.369,0.747,0,4278200,268940,198848,3174080,29124.435,9203.584,0,1274.679,0,119.501,2286,3573,0.600,0.880,0.880,2,0,0,0,0,18,294,0,64,0
19-12 07:18:14,27.229,4.496,66.697,1.749,0.250,4278184,268688,198848,3174348,8668.169,1510.809,0,9252.709,0,617.513,7129,13285,0.600,0.880,0.880,2,0,0,0,0,18,296,0,66,0
19-12 07:18:15,26.576,4.262,64.936,1.504,0,4278188,268436,198848,3174596,9529.292,1624.653,0,2491.135,0,326.936,5773,11860,0.630,0.880,0.880,1,0,0,0,0,18,295,0,70,0
19-12 07:18:16,17.964,2.745,76.099,0.749,0,4279156,267176,198848,3174888,25578.380,10725.774,0,1796.445,0,186.631,4504,8365,0.630,0.880,0.880,2,0,1.996,0,0,18,296,0,71,0
19-12 07:18:17,14.508,2.501,81.547,1.251,0,4279364,266924,198848,3174932,28671.572,4604.661,16.009,2457.420,1.001,258.149,3819,6213,0.630,0.880,0.880,2,0,0,0,0,18,295,0,73,0
19-12 07:18:18,14.772,1.753,82.872,0.751,0.250,4279868,265916,198848,3175436,25884.257,8516.588,0,1442.131,0,141.209,3065,4893,0.630,0.880,0.880,1,0,0,0,0,18,295,0,69,1
19-12 07:18:19,5.485,1.745,90.749,0.249,0,4279976,265664,198848,3175580,26223.544,8624.171,0,1344.286,0,111.691,2189,3496,0.630,0.880,0.880,4,0,0,0,0,18,295,0,70,0
19-12 07:18:20,7.013,1.503,90.166,0.501,0,4280028,265440,198848,3175752,16375.196,5830.752,0,1671.081,0,173.320,2576,4313,0.580,0.870,0.870,1,0,0,0,0,18,295,0,67,0
19-12 07:18:21,25.989,3.748,67.473,1.249,0.250,4280360,264936,198848,3175920,22760.782,6417.401,0,2359.045,0,257.896,5624,11331,0.580,0.870,0.870,3,0,0,0,0,18,295,0,72,0
19-12 07:18:22,15.270,2.003,79.606,1.502,0,4280336,264684,198848,3176196,14486.281,4374.823,0,6973.281,0,487.649,4581,8628,0.580,0.870,0.870,1,0,0,0,0,18,294,0,73,0
19-12 07:18:23,9.250,1.500,86.497,0.750,0,4280564,264432,198848,3176220,39056.477,10445.593,0,1251.951,0,125.995,2794,4338,0.580,0.870,0.870,1,0,0,0,0,18,295,0,74,0
19-12 07:18:24,11.512,2.753,82.839,1.502,0,4280364,264432,198848,3176420,12720.662,1807.942,0,9193.874,0,1103.185,5170,6473,0.580,0.870,0.870,2,0,0,0,0,18,296,0,74,0
19-12 07:18:25,28.528,4.004,65.063,1.251,0,4281116,263424,198848,3176676,10825.555,1621.581,16.016,2758.690,1.001,298.291,6201,12418,0.690,0.890,0.880,8,0,0,0,0,18,294,0,79,0
19-12 07:18:26,7.212,1.989,87.782,0.995,0,4281232,262920,198848,3177064,16402.542,4336.876,0,2128.650,0,175.067,3481,6392,0.690,0.890,0.880,4,0,1.989,0,0,18,295,0,79,0
19-12 07:18:27,15.794,2.507,79.970,0.752,0,4281244,262668,198848,3177304,15106.619,4307.868,0,2326.409,0,227.627,3666,6386,0.690,0.890,0.880,1,0,0,0,0,18,294,0,81,0
19-12 07:18:28,10.273,1.002,84.938,0.752,0,4281448,262416,198852,3177348,30488.440,10601.450,0,2309.108,0,193.428,3035,4984,0.690,0.890,0.880,0,0,0,0,0,18,294,0,78,0
19-12 07:18:29,7.990,1.498,89.141,0.749,0,4281420,262416,198852,3177376,28946.454,10433.188,0,1358.332,0,143.823,2703,4560,0.690,0.890,0.880,0,0,0,0,0,18,295,0,78,0
19-12 07:18:30,10.233,2.745,84.360,1.747,0.250,4281144,262416,198852,3177652,14454.947,4460.578,0,6101.847,0,427.289,3635,6291,0.640,0.870,0.880,1,0,0,0,0,18,295,0,78,0
19-12 07:18:31,7.517,1.253,89.450,0.251,0,4281132,262416,198852,3177664,13083.189,1798.011,0,1082.415,0,102.228,2321,3930,0.640,0.870,0.880,1,0,0,0,0,18,295,0,78,0
19-12 07:18:32,9.239,1.498,86.892,1.248,0,4281744,261660,198852,3177808,25717.059,8880.970,0,1250.447,0,143.821,2802,4768,0.640,0.870,0.880,1,0,0,0,0,18,294,0,76,0
19-12 07:18:33,15.229,2.497,79.892,0.499,0,4281872,261436,198852,3177904,16390.840,4290.200,0,1765.613,0,219.703,3572,6072,0.640,0.870,0.880,0,0,0,0,0,18,294,0,78,0
19-12 07:18:34,10.015,1.252,88.133,0.501,0,4281840,261436,198852,3177936,28915.778,8065.211,0,1153.747,0,134.203,2628,4266,0.640,0.870,0.880,1,0,0,0,0,18,295,0,77,0
19-12 07:18:35,9.000,2.500,85.998,1.250,0,4281860,261184,198852,3178168,24520.362,8344.783,0,1639.957,0,201.995,3196,5339,0.590,0.860,0.870,1,0,0,0,0,18,295,0,77,0
19-12 07:18:36,8.989,2.247,87.889,0.250,0.250,4281796,261184,198852,3178232,26089.944,8513.214,0,1026.699,0,96.877,2389,3766,0.590,0.860,0.870,1,0,1.997,0,0,18,295,0,76,0
19-12 07:18:37,5.996,1.499,90.183,0.749,0,4281872,260932,198852,3178408,37900.688,15168.669,0,1155.137,0,114.914,2401,3769,0.590,0.860,0.870,4,0,0,0,0,18,296,0,76,1
19-12 07:18:38,28.067,4.511,65.407,0.501,0,4282304,260176,198852,3178732,11361.301,1864.480,0,2630.321,0,264.636,6065,11420,0.590,0.860,0.870,1,0,0,0,0,18,295,0,77,0
19-12 07:18:39,26.243,4.249,66.481,1.500,0.250,4282800,259420,198852,3178992,9397.350,1565.559,0,2395.325,0,269.924,5626,10994,0.590,0.860,0.870,2,0,0,0,0,18,295,0,80,0
19-12 07:18:40,14.704,2.741,78.752,1.246,0,4283672,258160,198852,3179380,14425.588,4351.302,0,6858.410,0,474.506,4509,8406,0.620,0.860,0.870,2,0,0,0,0,18,294,0,80,0
19-12 07:18:41,16.581,4.773,77.883,1.005,0,4288216,253080,198852,3179916,16113.196,4385.555,0,1366.717,0,138.682,3370,6970,0.620,0.860,0.870,1,0,34.168,0,0,18,294,0,82,0
19-12 07:18:42,9.239,0.999,87.147,0.499,0,4288560,252604,198852,3180048,12156.619,1510.213,0,1142.648,0,100.881,2228,3851,0.620,0.860,0.870,4,0,0,0,0,18,295,0,81,0
19-12 07:18:43,8.479,1.995,88.776,0.499,0,4288496,252352,198852,3180364,17991.643,4352.029,0,1500.218,0,164.585,2679,4652,0.620,0.860,0.870,0,0,0,0,0,18,294,0,83,0
19-12 07:18:44,25.581,1.756,71.979,0,0.251,4289740,250840,198852,3180632,11741.373,1625.173,0,593.890,0,39.125,2437,3834,0.620,0.860,0.870,2,0,0,0,0,18,295,0,85,0
19-12 07:18:45,23.885,1.990,72.402,0.498,0,4291996,247816,198852,3181400,35223.540,8145.811,0,2726.881,0,159.234,3472,5638,0.650,0.860,0.870,3,0,0,0,0,18,295,0,87,0
19-12 07:18:46,8.515,2.004,87.153,0.751,0,4292220,247564,198852,3181428,23197.782,8335.654,0,1238.177,0,130.229,2784,4497,0.650,0.860,0.870,1,0,2.004,0,0,18,295,0,84,0
19-12 07:18:47,9.266,1.503,86.646,0.501,0,4292044,247564,198852,3181604,26095.867,8484.262,0,1117.879,0,113.190,2616,4211,0.650,0.860,0.870,1,0,0,0,0,18,295,0,84,0
19-12 07:18:48,6.513,1.002,90.928,0.250,0,4291972,247564,198852,3181676,32979.475,8759.124,0,1050.053,0,121.237,2464,3821,0.650,0.860,0.870,1,0,0,0,0,18,295,0,82,0
19-12 07:18:49,26.999,3.250,67.247,1.250,0,4292128,246808,198852,3182276,12977.507,1511.943,0,2371.910,0,278.989,6013,10880,0.650,0.860,0.870,1,0,0,0,0,18,294,0,84,0
19-12 07:18:50,13.977,2.746,79.372,2.246,0,4293700,244932,198852,3182580,16509.304,4357.953,0,10610.842,0,1205.051,4695,6891,0.600,0.850,0.870,1,0,0,0,0,18,294,0,82,0
19-12 07:18:51,17.532,2.254,77.894,1.503,0,4294428,244176,198852,3182608,10865.100,1623.003,0,5534.238,0,349.647,3964,7018,0.600,0.850,0.870,1,0,1.002,0,0,18,299,0,85,0
19-12 07:18:52,26.498,2.500,69.245,0.500,0.250,4295964,242412,198852,3182836,10613.278,1619.890,111.992,999.932,6.000,80.994,4131,9034,0.600,0.850,0.870,1,0,2.000,0,0,18,298,0,97,0
19-12 07:18:53,23.691,4.239,69.328,0.499,0,4296344,241656,198852,3183212,11094.519,1615.997,0,1747.671,0,136.661,4702,10209,0.600,0.850,0.870,2,0,0,0,0,18,301,0,101,0
19-12 07:18:54,26.694,3.493,68.357,0.249,0,4298828,238884,198852,3183500,10365.305,1616.616,0,1105.686,0,108.772,4114,8535,0.600,0.850,0.870,1,0,0,0,0,18,298,0,116,0
19-12 07:18:55,14.014,2.002,80.329,2.252,0,4299492,237960,198852,3183760,30745.099,10642.419,0,6033.907,0,799.783,4141,6238,0.550,0.830,0.860,1,0,0,0,0,18,297,0,119,0
19-12 07:18:56,20.283,3.005,74.622,0.501,0,4300016,237204,198852,3183992,10497.184,1514.479,0,1570.571,0,160.262,4159,7640,0.550,0.830,0.860,3,0,2.003,0,0,18,298,0,122,0
19-12 07:18:57,21.792,3.507,72.639,1.002,0.250,4300608,236196,198852,3184408,13571.922,4381.368,0,2981.695,0,290.555,5345,9560,0.550,0.830,0.860,1,0,0,0,0,18,297,0,125,0
19-12 07:18:58,9.219,0.997,86.959,1.495,0,4300568,236196,198852,3184448,15410.498,4277.704,0,2587.353,0,219.267,2855,4776,0.550,0.830,0.860,1,0,0,0,0,18,297,0,118,0
19-12 07:18:59,4.513,1.254,92.008,0.251,0,4300524,236196,198852,3184492,11158.333,1624.562,0,1387.897,0,104.293,2085,3397,0.550,0.830,0.860,1,0,0,0,0,18,298,0,118,0
19-12 07:19:00,6.241,1.747,89.866,1.747,0,4300352,236196,198852,3184664,16205.756,4284.590,0,5304.065,0,382.428,2950,4875,0.510,0.820,0.860,1,0,0,0,0,18,297,0,119,0
19-12 07:19:01,7.229,1.496,88.994,0.499,0,4300300,236196,198852,3184716,15558.301,4279.704,0,1268.356,0,126.636,2599,4322,0.510,0.820,0.860,1,0,0,0,0,18,297,0,117,0
19-12 07:19:02,17.999,2.000,78.498,0.750,0,4302508,233676,198852,3185028,13067.634,3669.897,0,1027.971,0,95.997,3067,5683,0.510,0.820,0.860,1,0,0,0,0,18,297,0,119,0
19-12 07:19:03,5.512,1.253,90.949,0.251,0,4302380,233676,198852,3185156,14288.248,3840.399,0,942.060,0,93.204,2114,3556,0.510,0.820,0.860,1,0,0,0,0,18,297,0,119,0
19-12 07:19:04,6.497,1.749,90.706,0.750,0,4302576,233424,198852,3185212,13856.210,3830.123,0,1175.424,0,142.930,2051,3416,0.510,0.820,0.860,1,0,0,0,0,18,297,0,120,0
19-12 07:19:05,5.501,1.000,91.017,0.250,0.250,4302560,233424,198852,3185228,9516.818,1620.309,0,852.163,0,87.017,2246,3741,0.550,0.820,0.860,0,0,0,0,0,18,298,0,118,0
19-12 07:19:06,8.758,2.252,86.833,1.001,0,4303012,232920,198852,3185280,33216.788,10696.236,0,2246.150,0,168.161,3169,5147,0.550,0.820,0.860,1,0,2.002,0,0,18,297,0,118,0
19-12 07:19:07,27.462,3.495,66.408,1.248,0,4302992,232668,198852,3185552,9667.649,1617.766,0,2061.154,0,229.683,5620,11031,0.550,0.820,0.860,3,0,0,0,0,18,298,0,115,0
19-12 07:19:08,15.489,2.248,79.195,1.249,0,4303960,231408,198852,3185844,15382.248,4373.943,15.989,3117.821,0.999,295.793,4097,7066,0.550,0.820,0.860,1,0,0,0,0,18,297,0,116,0
19-12 07:19:09,7.261,2.003,88.638,0.751,0,4304152,231156,198856,3185900,14433.545,4181.532,0,1654.584,0,160.250,2596,4293,0.550,0.820,0.860,3,0,0,0,0,18,297,0,113,0
19-12 07:19:10,8.247,1.250,89.465,0.500,0,4304368,230904,198856,3185936,16595.478,3830.495,0,1415.444,0,118.953,2380,3918,0.500,0.810,0.850,2,0,0,0,0,18,297,0,114,0
19-12 07:19:11,6.490,1.248,90.116,0.499,0,4304408,230652,198856,3186148,14423.567,3826.314,0,930.617,0,72.892,1910,3230,0.500,0.810,0.850,3,0,0,0,0,18,297,0,117,0
19-12 07:19:12,8.532,1.506,89.335,0.502,0,4304468,230400,198856,3186340,25828.832,8505.889,0,1128.230,0,126.474,2582,4210,0.500,0.810,0.850,1,0,0,0,0,18,298,0,117,0
19-12 07:19:13,26.953,3.993,67.383,1.248,0,4194456,340328,198856,3186424,10192.316,1617.194,0,6173.289,0,433.248,4668,8147,0.500,0.810,0.850,1,0,0,0,0,18,297,0,117,0
19-12 07:19:14,6.501,1.750,89.759,0.500,0,4140472,394272,198864,3186472,13466.320,288574.280,12.001,772.076,3.000,38.004,1505,2200,0.500,0.810,0.850,0,0,14.001,0,0,18,297,0,117,0
19-12 07:19:15,4.000,1.000,91.990,1.500,0,4140692,394048,198864,3186476,9533.999,1619.830,0,6911.274,0,829.913,3272,3474,0.460,0.790,0.850,1,0,0,0,0,18,297,0,113,0
19-12 07:19:16,3.247,0.500,94.656,0,0,4140688,394048,198864,3186480,14490.567,3442.571,0,503.499,0,26.973,1357,2065,0.460,0.790,0.850,3,0,1.998,0,0,18,298,0,113,0
19-12 07:19:17,5.503,1.251,91.305,0.250,0,4140676,394048,198864,3186492,36225.699,6489.887,0,852.511,0,84.050,2236,3327,0.460,0.790,0.850,1,0,0,0,0,18,297,0,110,0
19-12 07:19:18,3.247,0.999,95.410,0.250,0.250,4140676,394048,198864,3186492,11029.632,1618.479,0,547.485,0,39.962,1393,2074,0.460,0.790,0.850,5,0,0,0,0,18,297,0,110,0
19-12 07:19:19,1.753,0.751,96.675,0.250,0,4140676,394048,198864,3186492,9578.298,1622.931,0,380.688,0,27.049,1142,1713,0.460,0.790,0.850,1,0,0,0,0,18,297,0,106,0
19-12 07:19:20,1.750,1.000,96.259,0.250,0.250,4140676,394048,198864,3186492,10274.925,1620.146,0,280.025,0,18.002,1195,1834,0.420,0.780,0.850,2,0,0,0,0,18,297,0,106,0
19-12 07:19:21,1.499,0.750,96.455,0.250,0,4140676,394048,198864,3186492,9998.351,1619.247,0,31.985,0,3.998,1137,1889,0.420,0.780,0.850,1,0,0,0,0,18,297,0,104,0
19-12 07:19:22,1.000,0.750,96.497,0,0,4140676,394048,198864,3186492,11339.648,1619.950,0,59.998,0,4.000,1152,1762,0.420,0.780,0.850,1,0,0,0,0,18,297,0,104,0
19-12 07:19:23,3.247,0.749,94.909,0.250,0,4140664,394048,198864,3186504,9899.496,1456.602,0,539.482,0,55.946,1618,2797,0.420,0.780,0.850,0,0,0,0,0,18,297,0,97,0
19-12 07:19:24,2.247,0.499,96.387,0,0,4140664,394048,198864,3186504,10885.221,1618.100,0,31.962,0,3.995,1106,1771,0.420,0.780,0.850,2,0,0,0,0,18,297,0,97,0
19-12 07:19:25,4.009,1.002,93.952,0.251,0,4140660,394048,198864,3186508,10049.617,1623.492,0,272.586,0,46.099,1689,2735,0.470,0.780,0.850,1,0,0,0,0,18,297,0,93,0
19-12 07:19:26,6.488,1.747,89.329,0,0,4140528,394048,198864,3186640,11210.487,1616.897,0,411.211,0,30.941,2588,4810,0.470,0.780,0.850,1,0,1.996,0,0,18,297,0,95,0
19-12 07:19:27,3.255,1.252,94.649,0.501,0,4140524,394048,198864,3186644,10153.952,1622.549,0,436.686,0,50.079,1522,2493,0.470,0.780,0.850,1,0,0,0,0,18,297,0,90,0
19-12 07:19:28,3.253,1.001,95.602,0,0,4140396,394048,198864,3186772,9579.183,1621.724,0,0,0,0,1248,1983,0.470,0.780,0.850,1,0,0,0,0,18,297,0,90,0
19-12 07:19:29,1.998,0.749,96.142,0,0,4140392,394048,198864,3186776,11439.131,1618.180,0,35.960,0,4.994,1097,1762,0.470,0.780,0.850,1,0,0,0,0,18,297,0,89,0
19-12 07:19:30,2.498,0.500,95.920,0,0,4140392,394048,198864,3186776,10546.247,1456.791,0,87.927,0,8.993,1152,1845,0.510,0.790,0.850,2,0,0,0,0,18,297,0,89,0
19-12 07:19:31,0.750,0.500,97.258,0,0,4140388,394048,198864,3186780,11523.003,1620.141,0,4.000,0,1.000,1068,1798,0.510,0.790,0.850,2,0,0,0,0,18,297,0,88,0
19-12 07:19:32,1.751,0.500,96.549,0,0,4140388,394048,198864,3186780,12951.631,1620.830,0,0,0,0,1090,1709,0.510,0.790,0.850,2,0,0,0,0,18,297,0,88,0
19-12 07:19:33,2.251,0.500,95.801,0,0,4140380,394048,198864,3186788,11093.869,1620.857,0,464.246,0,40.021,1352,2394,0.510,0.790,0.850,1,0,0,0,0,18,297,0,83,0
19-12 07:19:34,1.500,0.500,96.504,0.250,0,4140376,394048,198864,3186792,12787.524,1620.066,0,440.018,0,54.002,1090,1687,0.510,0.790,0.850,1,0,0,0,0,18,297,0,83,0
19-12 07:19:35,3.253,1.251,94.827,0,0,4140624,393796,198864,3186796,10628.577,1663.342,0,212.171,0,36.029,1587,2543,0.470,0.770,0.840,0,0,0,0,0,18,297,0,83,0
19-12 07:19:36,3.247,1.499,94.668,0.749,0,4140624,393796,198864,3186796,10260.135,1456.741,0,1834.415,0,254.780,1646,2250,0.470,0.770,0.840,3,0,1.998,0,0,18,297,0,83,0
19-12 07:19:37,2.248,0.749,95.415,0.250,0.250,4140620,393796,198864,3186800,9978.080,1618.553,0,283.746,0,27.975,1376,2307,0.470,0.770,0.840,1,0,0,0,0,18,297,0,83,0
19-12 07:19:38,2.003,0.751,96.409,0,0,4140620,393796,198864,3186800,9760.075,1622.673,0,32.053,0,4.007,1133,1930,0.470,0.770,0.840,0,0,0,0,0,18,297,0,83,0
19-12 07:19:39,1.000,0.500,96.723,0,0,4140620,393796,198864,3186800,11968.613,1619.542,0,0,0,0,1081,1759,0.470,0.770,0.840,0,0,0,0,0,18,297,0,77,0
19-12 07:19:40,1.748,0.499,96.145,0,0,4140620,393796,198864,3186800,9535.616,1618.238,0,0,0,0,1060,1751,0.430,0.760,0.840,1,0,0,0,0,18,297,0,77,0
19-12 07:19:41,4.488,3.989,90.252,0,0.249,4135584,398832,198864,3186800,11974.119,1615.564,0,3.989,0,0.997,1809,3174,0.430,0.760,0.840,4,0,33.907,0,0,18,297,0,75,0
19-12 07:19:42,1.753,0.501,96.649,0,0,4135584,398832,198864,3186800,10295.845,1622.497,0,0,0,0,1022,1720,0.430,0.760,0.840,0,0,0,0,0,18,297,0,75,0
19-12 07:19:43,2.256,0.251,95.997,0.251,0,4135576,398832,198864,3186808,10831.827,1461.755,0,485.247,0,37.095,1393,2444,0.430,0.760,0.840,1,0,0,0,0,18,297,0,75,0
19-12 07:19:44,1.498,1.248,96.631,0,0,4135576,398832,198864,3186808,10310.308,809.004,0,31.961,0,3.995,1052,1747,0.430,0.760,0.840,1,0,0,0,0,18,297,0,73,0
19-12 07:19:45,9.247,3.249,85.970,0.500,0,4137588,396760,198900,3186832,231308.811,5432.093,19.993,519.818,4.998,40.986,2021,2892,0.400,0.750,0.830,3,0,18.993,0,0,18,297,0,73,0
19-12 07:19:46,11.759,5.004,81.816,0,0,4153520,380480,198912,3187168,351362.495,9241.430,236.190,484.389,9.007,25.020,1942,2578,0.400,0.750,0.830,1,0,35.028,0,0,18,297,0,69,0
19-12 07:19:47,21.009,7.253,70.780,0.250,0,4155248,356396,198944,3209320,8826.787,540.232,252.108,564.242,40.017,45.019,2077,3150,0.400,0.750,0.830,2,0,27.012,0,0,18,297,0,69,0
