"pcp-dstat 5.0.3 CSV Output"
"Author:","PCP team <pcp@groups.io> and Dag Wieers <dag@wieers.com>",,,,"URL:","https://pcp.io/ and http://dag.wieers.com/home-made/dstat/"
"Host:","ubuntu",,,,"User:","ubuntu"
"Cmdline:","dstat -tcmndrylpg --tcp --output /tmp/devstack_logs/dstat-csv.log",,,,"Date:","29 Mar 2023 05:00:26 UTC"
"system","total usage",,,,,"memory usage",,,,"net/total",,"dsk/total",,"io/total",,"system",,"load avg",,,"procs",,,"paging",,"tcp sockets",,,,
"time","total usage:usr","total usage:sys","total usage:idl","total usage:wai","total usage:stl","used","free","buf","cach","net/total:recv","net/total:send","dsk/total:read","dsk/total:writ","read","writ","int","csw","1m","5m","15m","run","blk","new","in","out","lis","act","syn","tim","clo"
29-03 05:00:26,,970644,1513264,177224,5147208,,,,,,,0.890,0.830,0.580,2,0,,,,8,6,0,8,2
29-03 05:00:27,14.201,16.942,67.269,0.249,0.249,970660,1507732,177260,5152228,2475884.241,46755.582,0,346.810,0,12.956,4314,5066,0.890,0.830,0.580,4,0,383.684,0,0,8,6,0,8,2
29-03 05:00:28,37.834,19.293,41.843,0.501,0,936464,1540516,177320,5153552,462593.495,13604.188,0,3832.504,0,24.053,3583,5568,0.980,0.850,0.590,3,0,286.636,0,0,8,4,0,8,2
29-03 05:00:29,40.455,19.978,38.956,0.250,0.499,952624,1523836,177384,5154160,203738.202,9353.496,0,1090.775,0,12.985,5153,8789,0.980,0.850,0.590,2,0,243.726,0,0,8,4,1,8,2
29-03 05:00:30,10.760,7.757,78.571,0.751,0,1096556,1378900,177476,5279464,237664.661,10942.838,0,10873.776,0,42.038,2586,4298,0.980,0.850,0.590,3,0,64.058,0,0,9,7,0,7,2
29-03 05:00:31,28.508,8.502,61.017,0.750,0.250,1103660,1371420,177548,5279744,183063.441,11119.124,0,836.235,0,19.005,1816,2027,0.980,0.850,0.590,1,0,87.024,0,0,9,7,1,7,2
29-03 05:00:32,19.478,11.237,68.174,0.499,0,1128264,1345928,177616,5280548,75948.393,18791.067,0,895.003,0,25.971,2193,3218,0.980,0.850,0.590,1,0,177.802,0,0,9,8,0,9,2
29-03 05:00:33,24.493,3.999,69.980,1.500,0,1158352,1314368,177784,5281792,192067.837,9868.217,195.945,1535.567,13.996,20.994,1571,1577,1.140,0.890,0.600,1,0,1.000,0,0,9,8,0,9,2
29-03 05:00:34,24.017,3.252,69.299,2.252,0,1182520,1289084,177880,5282636,336842.474,20743.624,12.008,1849.304,1.001,73.052,1963,2491,1.140,0.890,0.600,0,1,2.001,0,0,9,10,0,9,2
29-03 05:00:35,8.500,5.000,65.503,21.251,0.750,1192924,1275200,178448,5285464,571048.410,21043.010,0,10592.508,0,817.039,5632,10125,1.140,0.890,0.600,1,0,9.000,0,0,9,10,0,9,2
29-03 05:00:36,20.013,5.003,56.036,17.761,0,1179872,1283924,178980,5289176,563187.566,19283.380,0,8913.723,0,659.423,5545,9463,1.140,0.890,0.600,1,1,16.010,0,0,9,8,0,9,2
29-03 05:00:37,33.747,5.000,42.496,18.998,0,1194064,1266980,179328,5291524,197475.845,14987.546,0,7207.301,0,653.937,4675,9237,1.140,0.890,0.600,4,1,19.998,0,0,9,8,0,9,2
29-03 05:00:38,23.470,5.243,52.184,17.977,0.250,1202428,1256324,179712,5293304,67526.511,12441.249,0,7302.755,0,653.173,4320,9139,1.210,0.910,0.610,3,0,16.979,0,0,9,9,0,9,2
29-03 05:00:39,8.495,3.748,65.712,21.238,0,1205288,1251408,180080,5294912,97063.412,12216.878,0,5968.520,0,606.646,4692,9308,1.210,0.910,0.610,6,1,12.992,0,0,9,9,0,9,2
29-03 05:00:40,30.509,6.002,61.269,1.500,0.250,1146784,1309716,180164,5295012,104137.387,11289.511,0,38055.835,0,540.168,2486,2935,1.210,0.910,0.610,2,0,77.024,0,0,9,8,0,9,2
29-03 05:00:41,28.005,3.251,67.763,1.000,0,1194456,1261812,180228,5295180,106293.621,9671.876,0,1724.335,0,28.005,1282,1392,1.210,0.910,0.610,1,0,0,0,0,9,8,0,9,2
29-03 05:00:42,26.996,1.500,67.489,1.750,0.250,1206092,1248708,180372,5296456,731269.341,20334.645,0,8174.651,0,402.934,2867,3484,1.210,0.910,0.610,1,0,3.000,0,0,9,8,0,9,2
29-03 05:00:43,24.249,5.250,66.747,2.250,0.250,1175260,1277184,180472,5298656,1249531.769,32665.661,0,8179.665,0,398.984,3461,3792,1.200,0.910,0.610,1,0,12.000,0,0,9,8,0,9,2
29-03 05:00:44,33.259,2.501,62.267,1.750,0.250,1206764,1243636,180628,5300528,1014075.899,19663.447,0,8142.255,0,417.116,2818,3188,1.200,0.910,0.610,2,0,1.000,0,0,9,8,0,9,2
29-03 05:00:45,37.290,17.018,43.296,2.002,0,1100124,1348888,180828,5301556,459217.526,11933.721,0,14075.004,0,444.474,4056,9426,1.200,0.910,0.610,3,0,318.339,0,0,9,6,0,10,2
29-03 05:00:46,35.882,21.679,40.617,1.246,0,1117252,1331192,180932,5301968,103625.900,7132.591,0,2483.848,0,106.650,2976,5169,1.200,0.910,0.610,3,0,398.691,0,0,9,6,0,9,2
29-03 05:00:47,45.138,19.309,32.600,1.505,0.251,1178448,1266788,181096,5305228,75791.467,5393.472,196.600,1115.406,3.009,15.046,4318,10671,1.200,0.910,0.610,2,0,219.671,0,0,9,8,0,9,2
29-03 05:00:48,54.713,3.498,40.722,0.500,0,1282364,1161212,181200,5306372,299601.469,12789.354,147.900,1482.997,4.997,12.991,1808,1635,1.500,0.980,0.630,3,0,0.999,0,0,9,8,0,9,2
29-03 05:00:49,51.488,3.749,42.490,1.750,0,1323020,1119884,181264,5306788,81023.959,7552.225,351.917,931.781,3.999,8.998,1455,1351,1.500,0.980,0.630,3,0,0,0,0,9,9,0,9,2
29-03 05:00:50,48.807,12.765,38.545,0.501,0,1378580,1054328,181660,5314952,934072.062,24772.910,0,1730.019,0,9.011,4030,8390,1.500,0.980,0.630,2,0,146.171,0,0,9,8,0,10,2
29-03 05:00:51,28.494,4.749,65.486,0,0.250,1409216,1022600,181688,5315944,530021.395,17317.190,0,4295.055,0,16.996,1570,1538,1.500,0.980,0.630,1,0,1.000,0,0,9,8,0,10,2
29-03 05:00:52,26.478,2.248,69.943,0.250,0,1437304,992564,181724,5317788,1024046.474,21652.418,0,971.211,0,5.995,1834,1516,1.500,0.980,0.630,2,0,2.998,0,0,9,8,0,10,2
29-03 05:00:53,31.284,3.254,63.820,2.753,0.250,1398712,1029352,181844,5319436,704342.368,71394.391,0,2654.915,0,163.179,3160,4554,1.540,1,0.640,3,0,1.001,0,0,9,12,0,10,4
29-03 05:00:54,27.009,5.752,64.521,2.001,0,1307664,1120292,181908,5319412,61524.626,8421.687,0,2652.846,0,154.049,2130,2830,1.540,1,0.640,1,0,44.014,0,0,9,6,0,12,2
29-03 05:00:55,24.214,3.744,70.145,0.999,0.250,1334584,1093044,181948,5319696,24785.896,4586.135,63.904,810.786,5.991,8.987,1077,1232,1.540,1,0.640,1,0,0,0,0,9,6,0,12,2
29-03 05:00:56,26.782,3.004,63.577,5.507,0,1354192,1072252,182020,5320584,332742.617,117969.097,216.262,10620.883,54.066,216.262,2451,2845,1.540,1,0.640,3,0,5.006,0,0,9,31,0,12,2
29-03 05:00:57,24.468,5.243,68.661,0.250,0,1335648,1090500,182084,5320816,162891.707,24800.982,0,563.273,0,14.981,1614,2042,1.540,1,0.640,3,0,47.938,0,0,9,32,0,13,2
29-03 05:00:58,32.267,4.752,62.032,0,0.250,1358096,1067772,182108,5320992,90014.898,63135.894,0,780.407,0,11.006,1507,1878,1.660,1.030,0.660,3,0,1.001,0,0,9,32,0,11,2
29-03 05:00:59,38.980,10.744,50.224,0,0.250,1370528,1055164,182128,5321112,46178.941,5011.389,0,299.844,0,8.995,1879,2439,1.660,1.030,0.660,3,0,158.917,0,0,9,32,0,11,2
29-03 05:01:00,50.772,5.502,42.268,0.250,0.250,1428796,996332,182152,5321648,534092.592,270302.690,0,916.392,0,15.006,2875,4744,1.660,1.030,0.660,6,0,2.001,0,0,9,38,0,10,2
29-03 05:01:01,63.368,18.034,16.781,0.250,0,1378144,1043512,182400,5324388,449897.509,440236.481,28.052,4524.443,2.004,74.138,5184,10462,1.660,1.030,0.660,5,0,330.617,0,0,9,36,0,11,2
29-03 05:01:02,83.229,16.496,0,0,0.250,1493344,926996,182568,5325028,20417.896,12404.899,0,1371.657,0,43.989,2616,3756,1.660,1.030,0.660,7,0,140.965,0,0,9,37,0,11,2
29-03 05:01:03,84.782,15.211,0.748,0,0,1602988,802232,182780,5338752,620528.104,612346.108,0,3503.008,0,116.700,4964,9405,2.170,1.140,0.690,10,0,127.672,0,0,9,37,0,11,2
29-03 05:01:04,84.394,14.024,0.751,0.250,0,1500816,895312,183188,5346724,349257.086,342817.132,0,3477.916,0,143.244,4573,7488,2.170,1.140,0.690,5,0,151.257,0,0,9,36,0,11,2
29-03 05:01:05,57.010,10.502,28.505,2.750,0,1392900,989908,183984,5357168,345478.804,336338.196,0,3736.658,0,145.026,4126,7343,2.170,1.140,0.690,3,0,100.018,0,0,9,36,0,12,2
29-03 05:01:06,36.956,8.490,48.941,5.743,0,1371416,997512,184732,5368556,10228.695,1618.053,0,4866.146,0,104.874,1908,2377,2.170,1.140,0.690,3,0,61.926,0,0,9,36,0,12,2
29-03 05:01:07,42.292,6.006,48.548,2.502,0.500,1390544,957512,185496,5386888,215711.064,206984.363,0,2562.555,0,95.095,2618,4064,2.170,1.140,0.690,5,0,0,0,0,9,36,0,12,2
29-03 05:01:08,22.010,6.753,69.531,0.750,0.250,1363760,983500,185568,5387336,10001.481,2679.200,0,3325.490,0,163.073,1995,2745,2.070,1.140,0.700,2,0,71.032,0,0,9,37,0,12,2
29-03 05:01:09,26.994,4.249,67.984,0.250,0,1388264,979508,185576,5367724,35659.442,22939.495,0,415.900,0,5.999,1274,1501,2.070,1.140,0.700,3,0,0,0,0,9,35,0,12,3
29-03 05:01:10,39.230,11.994,47.475,0.500,0.250,1296248,1071660,185576,5367632,196167.993,186254.148,0,943.509,0,28.985,2731,4754,2.070,1.140,0.700,4,0,145.924,0,0,9,34,0,12,0
29-03 05:01:11,35.021,26.766,36.021,0.500,0,1320496,1047376,185580,5367664,12137.124,1620.951,0,9421.530,0,477.280,10547,18970,2.070,1.140,0.700,5,0,609.358,0,0,9,34,0,12,0
29-03 05:01:12,84.509,15.502,0.250,0,0,1455256,912456,185592,5367820,9975.077,1620.175,0,1720.186,0,19.002,2009,3013,2.070,1.140,0.700,7,0,261.028,0,0,9,34,0,12,0
29-03 05:01:13,85.506,13.001,1.000,0,0,1571520,796136,185608,5367860,431773.815,423043.151,0,1692.129,0,53.004,3614,35148,2.390,1.220,0.730,8,0,65.005,0,0,9,36,0,12,0
29-03 05:01:14,84.748,13.000,1.750,0.250,0,1444332,922860,185636,5368288,947916.302,940445.489,0,1467.963,0,75.998,6496,14668,2.390,1.220,0.730,7,0,34.999,0,0,9,35,0,12,0
29-03 05:01:15,85.502,12.750,1.250,0,0.250,1383024,984028,185656,5368408,530703.083,520148.883,0,964.018,0,56.001,5017,9584,2.390,1.220,0.730,7,0,108.002,0,0,9,34,0,13,0
29-03 05:01:16,84.274,15.254,0,0,0,1515356,851624,185660,5368432,276251.903,258398.868,0,7061.991,0,68.019,3188,5492,2.390,1.220,0.730,8,0,137.039,0,0,9,35,0,13,0
29-03 05:01:17,83.473,13.746,2.749,0,0.250,1551148,815348,185672,5368892,1215932.390,1207176.253,0,731.761,0,38.987,6810,15311,2.390,1.220,0.730,6,0,71.976,0,0,9,38,0,13,0
29-03 05:01:18,79.996,12.499,7.000,0,0,1409024,957288,185716,5369020,1091821.684,1079462.265,0,1411.934,0,47.998,5215,13982,2.680,1.300,0.750,5,0,175.992,0,0,9,37,1,14,0
29-03 05:01:19,41.993,9.498,46.992,0.750,0.500,1340536,1025692,185748,5369064,363190.984,354641.420,0,495.917,0,40.993,4162,7261,2.680,1.300,0.750,3,0,111.981,0,0,9,36,0,14,0
29-03 05:01:20,43.757,7.251,48.758,0,0,1403960,962240,185756,5369080,117126.975,78610.735,0,196.032,0,10.002,1701,2151,2.680,1.300,0.750,3,0,1.000,0,0,9,37,0,14,0
29-03 05:01:21,44.455,10.489,43.706,0.749,0,1350292,1015488,185804,5369444,746308.467,678644.605,0,4819.147,0,161.837,4717,10516,2.680,1.300,0.750,5,0,186.812,0,0,9,37,0,11,0
29-03 05:01:22,67.070,14.265,18.019,0.501,0,1426692,938684,185828,5369824,229877.072,37137.623,0,772.804,0,19.020,2232,3176,2.680,1.300,0.750,4,0,198.206,0,0,9,36,0,11,0
29-03 05:01:23,68.478,7.997,23.493,0.250,0,1477928,886008,185856,5371232,1022386.859,799808.861,0,1387.557,0,33.989,4524,9188,2.780,1.350,0.770,4,0,1.000,0,0,9,39,0,13,0
29-03 05:01:24,69.765,17.754,12.003,0.500,0,1427756,934036,185896,5373332,1358672.473,283239.180,0,1452.314,0,117.025,4693,7733,2.780,1.350,0.770,5,0,266.057,0,0,9,36,0,15,0
29-03 05:01:25,86.013,11.002,2.250,0,0.250,1542720,814704,185912,5377680,2438309.746,272747.912,0,464.070,0,12.002,4417,5248,2.780,1.350,0.770,4,0,0,0,0,9,39,0,16,0
29-03 05:01:26,61.984,11.747,24.744,0.750,0.250,1483660,871388,185988,5379952,2477809.114,1450778.953,0,6686.308,0,84.979,8250,18515,2.780,1.350,0.770,7,0,184.953,0,0,9,38,0,20,0
29-03 05:01:27,77.009,11.001,12.001,0,0.250,1426912,927776,186004,5380296,99878.185,91062.110,0,704.086,0,25.003,2335,3679,2.780,1.350,0.770,4,0,144.018,0,0,9,36,0,20,0
29-03 05:01:28,65.964,8.495,23.987,0,0,1479340,874816,186048,5380784,747872.897,617711.054,0,1439.224,0,45.975,4735,8602,2.800,1.380,0.780,5,0,0.999,0,0,9,38,0,20,0
29-03 05:01:29,70.532,18.258,9.254,0.250,0,1464592,888392,186076,5381924,1234588.800,611955.992,0,2112.953,0,87.039,5542,10709,2.800,1.380,0.780,5,0,256.116,0,0,9,36,0,20,0
29-03 05:01:30,72.756,10.251,15.751,0,0.250,1484196,867344,186096,5383348,797113.363,272928.380,0,1468.120,0,16.001,3280,5019,2.800,1.380,0.780,5,0,51.004,0,0,9,38,0,20,0
29-03 05:01:31,57.996,12.499,28.248,0.750,0,1380264,970620,186140,5383952,1220484.330,869111.115,0,1579.902,0,60.996,6780,13813,2.800,1.380,0.780,5,0,239.985,0,0,9,36,0,21,0
29-03 05:01:32,75.513,11.502,13.002,0.250,0,1458664,892024,186152,5384120,13789.317,3410.573,0,920.155,0,18.003,1795,1920,2.800,1.380,0.780,5,0,55.009,0,0,9,36,0,21,0
29-03 05:01:33,66.797,6.254,24.767,0.500,0.250,1429612,920588,186208,5384532,963271.290,872997.098,0,1136.796,0,67.047,6114,11782,2.820,1.400,0.800,5,0,20.014,0,0,9,37,0,19,1
29-03 05:01:34,85.190,11.242,4.247,0.250,0.250,1425012,924400,186276,5385244,29016.601,17650.592,0,1351.050,0,69.951,2336,2983,2.820,1.400,0.800,5,0,97.931,0,0,9,36,0,19,0
29-03 05:01:35,75.746,14.749,8.500,0.750,0.250,1498808,849928,186396,5385640,539491.407,530192.900,0,4099.783,0,99.995,3763,7127,2.820,1.400,0.800,7,1,0,0,0,9,38,0,20,0
29-03 05:01:36,74.994,19.749,3.500,0.250,0,1405768,948808,186476,5379316,361077.280,351737.971,0,2951.782,0,104.992,4021,8533,2.820,1.400,0.800,6,0,338.975,0,0,9,34,0,22,2
29-03 05:01:37,85.246,13.999,0,0,0,1488208,866652,186476,5379220,177389.308,164697.930,0,30362.512,0,118.994,2621,4321,2.820,1.400,0.800,7,0,199.990,0,0,9,35,0,22,0
29-03 05:01:38,82.514,17.253,1.000,0,0.250,1453400,901160,186516,5379452,490273.346,480345.659,0,1744.297,0,54.009,4293,8724,3.230,1.510,0.840,8,0,221.038,0,0,9,34,0,22,0
29-03 05:01:39,86.249,13.250,0,0,0,1456028,898304,186540,5379648,250805.241,240017.360,0,1055.988,0,35.000,3428,6017,3.230,1.510,0.840,7,0,201.998,0,0,9,34,0,23,0
29-03 05:01:40,83.878,14.229,2.247,0,0,1510768,843128,186572,5380116,1018738.679,1009173.625,0,1366.008,0,51.924,5841,13942,3.230,1.510,0.840,8,0,176.742,0,0,9,36,0,23,0
29-03 05:01:41,74.590,18.522,6.007,0,0,1443152,910760,186580,5380088,884109.773,872176.333,0,1069.294,0,34.041,5604,13206,3.230,1.510,0.840,5,0,361.437,0,0,9,37,0,24,0
29-03 05:01:42,54.500,22.250,21.750,0.500,0,1312416,1041028,186596,5380596,1039417.803,1030611.847,0,7731.961,0,289.999,6383,15737,3.230,1.510,0.840,2,0,607.997,0,0,9,34,0,24,0
29-03 05:01:43,14.236,20.979,62.188,0,0.500,1243624,1109852,186600,5380552,9857.212,1670.341,0,163.837,0,7.992,2788,4239,2.970,1.490,0.830,2,0,474.529,0,0,9,34,0,24,0
29-03 05:01:44,34.482,30.484,34.482,0,0.250,1320860,1032592,186608,5380568,19242.821,1619.143,0,215.886,0,19.989,2798,5636,2.970,1.490,0.830,6,0,732.612,0,0,9,34,0,24,0
29-03 05:01:45,78.140,21.288,0.250,0,0,1462084,891324,186608,5380612,69797.798,53602.842,0,472.845,0,17.030,2517,11274,2.970,1.490,0.830,7,0,381.682,0,0,9,34,0,24,0
29-03 05:01:46,83.248,13.750,3.250,0.250,0.250,1433104,919944,186644,5380916,866935.794,856161.021,0,1395.971,0,70.999,5793,12152,2.970,1.490,0.830,7,0,122.997,0,0,9,34,0,24,0
29-03 05:01:47,83.748,14.000,1.250,0.500,0,1440332,912492,186656,5381124,440119.557,414450.224,0,7727.799,0,164.996,4715,8454,2.970,1.490,0.830,6,0,191.995,0,0,9,35,0,24,0
29-03 05:01:48,85.325,12.225,2.495,0,0,1495056,857440,186660,5381444,623056.734,609770.970,0,1508.907,0,48.900,4213,10230,3.380,1.600,0.870,8,0,68.859,0,0,9,36,0,24,0
29-03 05:01:49,75.516,10.002,13.753,0,0,1564612,787612,186684,5381680,1331637.302,1319392.669,0,1080.232,0,53.011,7503,17533,3.380,1.600,0.870,6,0,1.000,0,0,9,38,0,27,0
29-03 05:01:50,64.330,10.763,23.279,0.751,0.250,1544432,807212,186712,5382216,1193628.229,1184830.223,0,752.942,0,62.078,7915,17678,3.380,1.600,0.870,3,0,32.040,0,0,9,38,0,28,0
29-03 05:01:51,76.982,14.747,7.248,0,0.500,1351556,999756,186764,5382492,909219.424,895830.584,0,1323.688,0,94.978,6268,14659,3.380,1.600,0.870,6,0,123.971,0,0,9,34,0,27,0
29-03 05:01:52,86.364,13.268,0.250,0,0,1510968,840352,186784,5382460,512341.291,503712.901,0,837.105,0,33.044,3778,8733,3.380,1.600,0.870,7,0,42.056,0,0,9,35,0,27,0
29-03 05:01:53,76.961,9.495,13.243,0,0.250,1572092,778720,186800,5382936,1023926.773,1014822.426,0,1135.420,0,38.980,6051,13776,3.270,1.600,0.880,4,0,0,0,0,9,38,0,27,0
29-03 05:01:54,65.242,10.249,23.747,0.250,0,1543220,807180,186828,5383312,1268997.989,1259121.165,0,555.934,0,46.994,7215,17216,3.270,1.600,0.880,4,0,71.991,0,0,9,38,0,32,0
29-03 05:01:55,62.004,9.501,27.752,0,0.250,1570904,779192,186860,5383572,1210345.093,1192027.866,0,916.061,0,45.003,7042,16052,3.270,1.600,0.880,3,0,0,0,0,9,39,0,38,0
29-03 05:01:56,66.488,10.498,20.996,0,0,1473360,876328,186896,5383932,1147410.761,1135493.882,0,527.906,0,52.991,6425,16392,3.270,1.600,0.880,5,0,130.977,0,0,9,37,0,37,0
29-03 05:01:57,83.748,14.000,1.500,0,0,1489708,857472,186940,5386392,693659.514,684286.683,0,983.982,0,34.999,4865,10394,3.270,1.600,0.880,6,0,114.998,0,0,9,35,0,37,0
29-03 05:01:58,87.498,11.250,0.750,0,0,1534636,812172,186956,5386740,660384.151,649960.401,0,1115.973,0,41.999,4263,9214,3.480,1.680,0.900,6,0,31.999,0,0,9,36,0,36,0
29-03 05:01:59,82.773,13.004,3.751,0.250,0.250,1413340,933000,186968,5387188,1160945.260,1151086.549,0,1008.277,0,54.015,5161,15850,3.480,1.680,0.900,6,0,115.032,0,0,9,35,0,36,0
29-03 05:02:00,86.250,11.500,1.500,0,0,1472300,874052,186988,5387148,717388.130,706189.175,0,763.997,0,28.000,5185,10026,3.480,1.680,0.900,8,0,84.000,0,0,9,35,0,37,0
29-03 05:02:01,85.570,10.229,4.241,0,0.499,1490512,855452,187004,5387504,944326.802,933699.099,0,1233.412,0,54.885,5280,11284,3.480,1.680,0.900,8,0,35.925,0,0,9,36,0,39,0
29-03 05:02:02,79.995,15.749,3.500,0.250,0.250,1471128,874636,187032,5387676,790707.139,783357.565,0,1223.929,0,52.997,5732,12001,3.480,1.680,0.900,7,0,171.990,0,0,9,36,0,38,0
29-03 05:02:03,87.307,11.007,1.001,0,0,1513008,832252,187044,5388164,864322.946,852667.381,0,1332.865,0,46.030,3974,9342,3.610,1.730,0.930,7,0,32.021,0,0,9,36,0,38,0
29-03 05:02:04,86.123,10.515,3.004,0,0,1400672,944404,187056,5388320,1074629.197,1066439.543,0,1169.664,0,51.073,6124,13108,3.610,1.730,0.930,6,0,83.118,0,0,9,35,0,38,0
29-03 05:02:05,83.999,13.250,2.500,0,0,1484500,860392,187068,5388492,554123.242,540147.438,0,971.986,0,25.000,4544,8322,3.610,1.730,0.930,6,0,74.999,0,0,9,35,0,38,0
29-03 05:02:06,82.232,11.248,6.499,0,0,1572848,771592,187088,5388912,1008559.126,999593.089,0,1567.657,0,33.993,5595,12133,3.610,1.730,0.930,6,0,0,0,0,9,37,0,38,0
29-03 05:02:07,70.814,12.511,14.513,0.250,0,1420948,923360,187128,5388984,1091136.387,1082042.166,0,29762.906,0,163.147,6341,14928,3.610,1.730,0.930,7,0,175.158,0,0,9,36,0,39,0
29-03 05:02:08,83.695,13.991,1.249,0,0.250,1426280,917804,187136,5389196,432011.872,422984.830,0,595.607,0,45.970,3704,7733,3.640,1.770,0.940,5,0,146.903,0,0,9,34,0,39,0
29-03 05:02:09,76.651,10.986,11.735,0,0,1510348,833356,187152,5389548,803515.073,793360.152,0,1034.667,0,27.964,5652,11039,3.640,1.770,0.940,4,0,0,0,0,9,38,0,42,0
29-03 05:02:10,67.826,9.761,20.273,0.250,0.751,1363884,979776,187176,5389568,1068890.433,1051320.684,0,520.585,0,51.057,5973,14492,3.640,1.770,0.940,5,0,115.129,0,0,9,34,0,43,0
29-03 05:02:11,88.240,11.499,0.250,0,0,1479676,863700,187184,5389836,18216.941,11078.748,0,179.980,0,7.999,1769,1860,3.640,1.770,0.940,5,0,33.996,0,0,9,35,0,43,0
29-03 05:02:12,78.317,12.010,9.008,0.500,0,1407936,935128,187204,5390120,920996.610,913371.106,0,2185.865,0,176.150,5406,12586,3.640,1.770,0.940,6,0,92.079,0,0,9,35,0,43,0
29-03 05:02:13,82.772,14.211,2.493,0,0,1469216,873488,187224,5390448,658739.126,650959.512,0,869.609,0,28.920,3701,8642,3.750,1.820,0.960,6,0,102.718,0,0,9,35,0,43,0
29-03 05:02:14,82.913,10.270,5.761,0,0,1488704,853736,187224,5390708,920599.820,911455.834,0,925.821,0,29.057,5334,11866,3.750,1.820,0.960,6,0,53.104,0,0,9,36,0,44,0
29-03 05:02:15,83.027,13.004,4.001,0,0,1431656,910624,187232,5390856,394354.348,386970.926,0,304.100,0,20.007,3721,7022,3.750,1.820,0.960,5,0,126.041,0,0,9,34,0,45,0
29-03 05:02:16,83.753,11.750,3.250,0,0.250,1486428,855656,187236,5391040,544649.339,535014.050,0,824.025,0,23.001,4006,7671,3.750,1.820,0.960,5,0,36.001,0,0,9,36,0,44,0
29-03 05:02:17,79.509,15.002,5.501,0.250,0,1401312,940692,187268,5391084,691697.703,683258.792,0,1212.131,0,87.009,4953,11832,3.750,1.820,0.960,6,0,196.021,0,0,9,34,0,45,0
29-03 05:02:18,84.229,14.246,1.250,0,0.250,1489268,852552,187268,5391268,143249.615,134822.755,0,11169.163,0,208.947,2928,3553,3.770,1.860,0.980,5,0,62.984,0,0,9,35,0,44,0
29-03 05:02:19,78.842,13.224,7.236,0,0,1414720,926772,187280,5391572,1201333.729,1192082.259,0,1149.697,0,59.880,5654,17020,3.770,1.860,0.980,5,0,141.716,0,0,9,36,0,45,0
29-03 05:02:20,84.165,13.777,1.252,0,0.250,1448620,892740,187280,5391728,228983.808,222436.976,0,192.377,0,12.024,1943,4172,3.770,1.860,0.980,5,0,91.179,0,0,9,34,0,45,0
29-03 05:02:21,78.872,12.230,7.987,0,0,1453912,887188,187288,5391952,799836.265,786078.553,0,1178.091,0,39.935,3909,12142,3.770,1.860,0.980,5,0,85.861,0,0,9,37,0,45,0
29-03 05:02:22,53.493,15.498,29.496,0.500,0.500,1304480,1036404,187316,5392132,583097.279,572117.630,0,599.926,0,67.992,5342,11331,3.770,1.860,0.980,4,0,281.965,0,0,9,34,0,46,0
29-03 05:02:23,63.860,11.269,25.043,0,0,1429132,911712,187320,5392164,57833.051,47165.596,0,232.402,0,9.016,1561,1763,3.710,1.880,0.990,4,0,2.003,0,0,9,35,0,46,0
29-03 05:02:24,57.478,7.247,33.487,0.750,0,1451896,888700,187340,5392388,936243.483,927614.796,0,795.694,0,65.975,6127,13467,3.710,1.880,0.990,5,0,0,0,0,9,36,0,46,0
29-03 05:02:25,61.031,13.507,25.263,0.250,0,1356640,983616,187348,5392712,472563.645,457181.877,0,596.301,0,50.025,4075,8877,3.710,1.880,0.990,4,0,232.117,0,0,9,34,0,47,0
29-03 05:02:26,64.746,8.249,25.498,0.250,0,1448744,891464,187348,5392760,285790.566,274410.340,0,1063.928,0,25.998,2588,4554,3.710,1.880,0.990,3,0,0,0,0,9,37,0,42,0
29-03 05:02:27,59.229,9.247,29.240,0,0,1371572,968412,187372,5392952,725024.242,715799.470,0,611.786,0,61.978,5179,10865,3.710,1.880,0.990,4,0,100.965,0,0,9,35,0,45,0
29-03 05:02:28,67.524,9.253,24.259,0,0.500,1441180,898600,187388,5393136,693533.898,685654.093,0,896.319,0,33.012,3365,7474,3.730,1.910,1.010,4,0,0,0,0,9,36,0,45,0
29-03 05:02:29,51.973,13.743,33.233,0.500,0,1322864,1016632,187408,5393400,784011.098,772569.037,0,671.651,0,61.968,5055,11216,3.730,1.910,1.010,3,0,208.892,0,0,9,34,0,46,0
29-03 05:02:30,43.445,7.241,49.188,0,0.250,1349152,990328,187408,5393416,10752.345,1617.945,0,227.711,0,13.982,1383,1566,3.730,1.910,1.010,3,0,27.964,0,0,9,34,0,46,0
29-03 05:02:31,46.069,5.008,48.573,0.250,0.250,1383376,956056,187424,5393444,362061.454,354652.333,0,765.148,0,27.041,2864,5427,3.730,1.910,1.010,3,0,0,0,0,9,36,0,46,0
29-03 05:02:32,44.474,9.245,46.472,0.999,0,1291832,1047360,187476,5393624,593228.809,585580.336,0,1307.226,0,91.946,4697,8486,3.730,1.910,1.010,2,0,41.975,0,0,9,34,0,48,0
29-03 05:02:33,44.463,6.245,48.960,0,0,1370800,968388,187476,5393628,60847.740,54116.300,0,459.620,0,10.991,1463,1988,3.590,1.920,1.010,3,0,31.974,0,0,9,34,0,48,0
29-03 05:02:34,42.266,10.254,46.768,0.750,0,1322184,1016932,187516,5393656,526810.769,518994.775,0,912.349,0,56.021,4064,8245,3.590,1.920,1.010,3,0,150.057,0,0,9,34,0,48,0
29-03 05:02:35,38.746,12.749,47.995,0,0,1332732,1006344,187524,5393688,10524.842,1619.822,0,379.958,0,20.998,1936,2749,3.590,1.920,1.010,2,0,230.975,0,0,9,34,0,48,0
29-03 05:02:36,44.742,6.749,48.741,0,0.500,1385392,953536,187528,5393832,246488.386,239220.701,0,663.880,0,23.996,2086,3322,3.590,1.920,1.010,2,0,0,0,0,9,35,0,45,0
29-03 05:02:37,42.999,8.500,46.749,0.250,0,1309448,1029416,187540,5393880,494533.120,486170.304,0,1759.961,0,111.998,3787,7576,3.590,1.920,1.010,2,0,78.998,0,0,9,34,0,45,0
29-03 05:02:38,44.245,5.999,49.245,0.250,0,1382044,956804,187544,5393888,99069.003,89672.046,0,211.976,0,9.999,1699,2196,3.590,1.920,1.010,2,1,0,0,0,9,35,0,45,0
29-03 05:02:39,46.791,5.755,46.791,0,0,1320040,1018752,187568,5393920,787437.858,779578.012,0,580.506,0,37.032,4965,10121,3.380,1.900,1.010,3,0,30.026,0,0,9,35,0,46,0
29-03 05:02:40,40.034,12.010,47.040,0.250,0.250,1296964,1041764,187568,5393984,261079.657,252421.306,0,264.224,0,25.021,3088,5402,3.380,1.900,1.010,3,0,181.154,0,0,9,34,0,47,0
29-03 05:02:41,27.703,10.233,61.146,0.499,0,1320556,1017860,187580,5394272,97477.289,88763.103,0,227.613,0,7.986,1985,3107,3.380,1.900,1.010,1,0,163.722,0,0,9,35,0,46,0
29-03 05:02:42,19.280,7.512,72.111,0.250,0.250,1275920,1062464,187604,5394280,134993.946,126211.482,0,428.657,0,25.038,2375,3933,3.380,1.900,1.010,1,0,103.158,0,0,9,34,0,46,0
29-03 05:02:43,21.725,3.995,73.167,0,0,1311852,1026524,187608,5394284,10433.169,1618.165,0,811.080,0,86.901,1219,1214,3.380,1.900,1.010,2,0,0,0,0,9,34,0,46,0
29-03 05:02:44,23.973,2.247,72.168,0.499,0.499,1255588,1082768,187632,5394280,229594.181,210482.891,0,575.346,0,34.960,2520,4108,3.190,1.890,1.010,1,0,7.991,0,0,9,34,0,47,0
29-03 05:02:45,21.304,7.018,71.681,0,0,1304964,1033232,187636,5394436,10261.932,2190.535,0,192.486,0,10.025,1511,2015,3.190,1.890,1.010,8,0,119.301,0,0,9,34,0,47,0
29-03 05:02:46,27.450,4.741,66.878,0.499,0,1317424,1020744,187648,5394448,131428.355,122669.392,0,519.050,0,17.967,1931,6068,3.190,1.890,1.010,2,0,1.996,0,0,9,35,0,48,0
29-03 05:02:47,23.510,3.251,72.031,0.250,0,1254840,1083160,187656,5394608,334267.064,327102.018,0,724.308,0,57.024,2933,5943,3.190,1.890,1.010,1,0,25.011,0,0,9,34,0,48,0
29-03 05:02:48,21.498,4.500,72.742,0.500,0,1300640,1037360,187656,5394608,10153.873,1511.832,0,5959.339,0,213.976,1497,1271,3.190,1.890,1.010,1,0,6.999,0,0,9,34,0,48,0
29-03 05:02:49,22.745,2.749,73.235,0,0.250,1317568,1020396,187668,5394628,251873.122,242771.960,0,639.871,0,14.997,1673,4074,3.020,1.870,1.010,1,0,0,0,0,9,35,0,48,0
29-03 05:02:50,22.505,4.751,72.015,0.250,0.750,1254984,1082928,187688,5394656,358859.078,351152.444,0,156.033,0,15.003,2528,5838,3.020,1.870,1.010,1,0,56.012,0,0,9,34,0,49,0
29-03 05:02:51,21.248,4.250,73.745,0,0,1307612,1030296,187688,5394660,11849.135,1619.882,0,0,0,0,1131,1259,3.020,1.870,1.010,1,0,2.000,0,0,9,34,0,45,0
29-03 05:02:52,22.496,3.999,73.236,0,0,1256992,1080900,187704,5394660,143636.991,138148.061,0,423.917,0,17.996,1944,3430,3.020,1.870,1.010,2,0,29.994,0,0,9,34,0,45,0
29-03 05:02:53,20.500,5.750,73.002,0.250,0,1298096,1039652,187712,5394796,9267.204,1620.036,0,296.007,0,17.000,1344,1622,3.020,1.870,1.010,2,0,65.001,0,0,9,34,0,45,0
29-03 05:02:54,23.498,3.250,73.243,0.250,0.250,1318600,1019144,187716,5394796,72049.155,54915.783,0,383.964,0,12.999,1271,2048,2.940,1.870,1.020,2,0,0,0,0,9,34,0,45,0
29-03 05:02:55,18.999,7.500,71.995,0.750,0,1269048,1068632,187744,5394832,175005.975,164571.632,0,595.962,0,50.997,2546,4324,2.940,1.870,1.020,1,0,99.994,0,0,9,34,0,38,0
29-03 05:02:56,22.249,4.000,73.498,0,0,1311888,1025792,187744,5394832,10100.717,1619.955,0,175.995,0,8.000,1101,1216,2.940,1.870,1.020,1,0,1.000,0,0,9,34,0,38,0
29-03 05:02:57,19.757,7.003,72.027,0.250,0.250,1259664,1077992,187748,5394848,220011.404,214076.208,0,392.145,0,18.007,2486,4486,2.940,1.870,1.020,1,0,94.035,0,0,9,34,0,33,0
29-03 05:02:58,22.037,3.756,73.874,0,0,1307088,1030564,187748,5394852,11639.496,1514.537,0,188.315,0,10.017,978,1250,2.940,1.870,1.020,2,0,1.002,0,0,9,34,0,33,0
29-03 05:02:59,24.722,2.747,72.168,0.499,0.250,1318956,1018656,187760,5394876,279229.912,270604.676,0,515.417,0,20.976,2413,4554,2.780,1.860,1.020,4,0,0,0,0,9,35,0,33,0
29-03 05:03:00,22.244,4.749,72.230,0.250,0.250,1287504,1049952,187776,5395016,184432.359,175200.944,0,723.797,0,47.987,2350,4088,2.780,1.860,1.020,2,0,31.991,0,0,9,34,0,33,0
29-03 05:03:01,24.491,2.999,73.222,0,0,1318244,1019208,187780,5395016,62052.985,54777.801,0,431.833,0,13.995,1260,1826,2.780,1.860,1.020,2,0,0,0,0,9,34,0,32,0
29-03 05:03:02,24.765,2.752,71.044,0.500,0.250,1319340,1018048,187812,5395048,432247.129,422818.302,0,280.173,0,27.017,3178,6821,2.780,1.860,1.020,2,0,2.001,0,0,9,35,0,32,0
29-03 05:03:03,16.006,13.505,70.026,0,0,1255496,1081876,187812,5395064,141527.931,122223.712,0,124.046,0,13.005,2667,4271,2.780,1.860,1.020,3,0,220.082,0,0,9,34,0,30,0
29-03 05:03:04,39.458,10.739,49.697,0,0,1346260,990880,187868,5395240,26970.331,13325.835,0,295.686,0,17.981,1922,2864,2.640,1.840,1.020,3,0,188.799,0,0,9,34,0,32,0
29-03 05:03:05,37.788,6.757,48.549,6.757,0.501,1428208,906932,188072,5397024,27112.384,16309.473,368.372,3479.514,24.024,168.170,2513,3864,2.640,1.840,1.020,3,1,10.010,0,0,9,38,0,32,0
29-03 05:03:06,27.773,7.256,51.042,13.761,0,1367332,965472,188524,5398700,14317.784,7154.888,0,5764.744,0,593.488,4486,8813,2.640,1.840,1.020,2,1,35.029,0,0,9,38,0,32,0
29-03 05:03:07,28.486,4.498,63.969,2.999,0.250,1422608,907996,188856,5400508,19723.316,8425.863,0,6596.761,0,631.690,4352,8733,2.640,1.840,1.020,1,1,27.986,0,0,9,38,0,30,0
29-03 05:03:08,29.953,5.242,57.161,7.488,0,1361596,967568,189048,5401724,17390.974,7640.127,0,5319.733,0,572.111,4198,8345,2.640,1.840,1.020,3,1,36.943,0,0,9,38,0,30,0
29-03 05:03:09,31.518,4.252,43.525,20.512,0,1422188,905496,189240,5402964,16745.545,8860.050,0,4854.767,0,527.301,4213,8451,2.750,1.880,1.030,1,2,25.014,0,0,9,38,0,28,0
29-03 05:03:10,34.548,6.509,46.815,11.516,0,1350380,976244,189404,5403824,29990.927,23267.528,0,4702.574,0,553.774,5343,9462,2.750,1.880,1.030,4,1,15.021,0,0,9,40,0,28,0
29-03 05:03:11,36.688,5.990,46.921,11.730,0,1344016,983176,189528,5403120,31521.886,15922.171,0,3793.608,0,474.201,4264,7281,2.750,1.880,1.030,2,0,9.983,0,0,9,34,0,26,0
29-03 05:03:12,45.499,6.000,48.249,0,0.250,1441516,885512,189532,5403272,7579.803,1607.958,0,459.988,0,22.999,1231,1444,2.750,1.880,1.030,2,0,3.000,0,0,9,34,0,26,0
29-03 05:03:13,37.044,6.257,44.303,11.263,0,1408388,918096,189848,5403484,221417.594,213883.591,0,5566.652,0,876.047,8568,15290,2.750,1.880,1.030,2,1,3.004,0,0,9,38,0,26,0
29-03 05:03:14,34.764,7.503,45.518,12.005,0,1447488,878468,190352,5403500,219415.766,212825.130,0,8179.272,0,1231.493,10045,16775,2.690,1.880,1.040,2,2,1.000,0,0,9,38,0,26,0
29-03 05:03:15,36.250,8.500,46.500,7.250,0.250,1323140,1002272,190584,5403796,164955.330,156457.313,0,4144.008,0,700.001,7877,13173,2.690,1.880,1.040,2,0,43.000,0,0,9,34,0,24,0
29-03 05:03:16,24.463,5.741,69.895,0.250,0.250,1375692,949692,190588,5403816,8887.677,1617.575,0,431.353,0,25.961,1279,1651,2.690,1.880,1.040,1,0,57.913,0,0,9,34,0,24,0
29-03 05:03:17,23.254,3.000,73.262,0.250,0.250,1320216,1005140,190592,5403828,8409.379,1512.248,0,612.100,0,21.003,1063,1240,2.690,1.880,1.040,2,0,2.000,0,0,9,34,0,23,0
29-03 05:03:18,22.996,3.749,71.987,1.250,0,1371332,953944,190672,5403828,8328.543,1619.717,0,7094.758,0,423.926,2134,2993,2.690,1.880,1.040,2,0,1.000,0,0,9,34,0,23,0
29-03 05:03:19,22.494,3.249,71.481,1.250,0,1313248,1011904,190776,5403844,10635.171,1619.569,0,8973.613,0,572.848,2336,2905,2.550,1.870,1.040,2,0,1.999,0,0,9,34,0,23,0
29-03 05:03:20,23.007,3.751,70.770,1.751,0,1364452,960600,190880,5403836,8956.588,1620.468,0,7298.109,0,400.116,2113,3131,2.550,1.870,1.040,2,0,1.000,0,0,9,34,0,22,0
29-03 05:03:21,22.500,4.250,70.750,2.250,0.500,1295112,1029764,190964,5403924,10344.938,1661.990,0,7023.958,0,410.998,2066,2914,2.550,1.870,1.040,2,0,2.000,0,0,9,34,0,22,0
29-03 05:03:22,22.998,3.250,72.995,0,0,1323896,1000908,190964,5403964,8393.396,1619.883,0,495.964,0,22.998,1056,1302,2.550,1.870,1.040,1,0,4.000,0,0,9,34,0,22,0
29-03 05:03:23,22.252,3.250,74.006,0,0,1376216,948588,190964,5403964,10754.871,1566.127,0,0,0,0,960,1183,2.550,1.870,1.040,1,0,1.000,0,0,9,34,0,22,0
29-03 05:03:24,23.525,3.754,73.328,0,0,1323972,1000812,190972,5403976,10303.984,1621.729,0,0,0,0,1011,1116,2.430,1.850,1.040,1,0,2.002,0,0,9,34,0,21,0
29-03 05:03:25,23.217,2.746,73.147,0.250,0.250,1294704,1029984,190984,5404040,17399.467,1617.719,0,487.313,0,12.982,1193,1539,2.430,1.850,1.040,1,0,1.997,0,0,9,34,0,21,0
29-03 05:03:26,23.505,3.251,73.267,0.500,0,1279552,1045128,190992,5404040,11377.651,1620.378,0,324.076,0,18.004,1006,1213,2.430,1.850,1.040,1,0,1.000,0,0,9,34,0,16,0
29-03 05:03:27,22.743,3.499,73.476,0.250,0.250,1345364,979300,190992,5404056,10121.690,1511.506,0,119.961,0,3.999,1002,1172,2.430,1.850,1.040,1,0,1.000,0,0,9,34,0,16,0
29-03 05:03:28,20.757,5.752,73.774,0,0,1277312,1047352,190992,5404056,8364.727,1620.528,0,0,0,0,1066,1287,2.430,1.850,1.040,1,0,19.006,0,0,9,34,0,13,0
29-03 05:03:29,10.260,17.517,69.315,0,0.500,1277072,1047448,191000,5404192,9026.503,1621.527,0,552.520,0,9.008,2745,4545,2.550,1.890,1.050,1,0,429.404,0,0,9,34,0,13,0
29-03 05:03:30,10.992,18.737,70.201,0,0.250,1277116,1047376,191004,5404216,12168.494,1618.868,0,539.623,0,8.994,2655,4250,2.550,1.890,1.050,1,0,395.723,0,0,9,34,0,12,0
29-03 05:03:31,8.999,20.247,69.739,0,0,1277240,1047204,191004,5404256,9382.461,1619.734,0,87.986,0,1.000,2653,4263,2.550,1.890,1.050,1,0,391.936,0,0,9,34,0,12,0
29-03 05:03:32,19.782,6.511,72.868,0,0.250,1333788,990640,191004,5404268,12602.391,1622.625,0,488.791,0,2.003,1299,1595,2.550,1.890,1.050,1,0,52.084,0,0,9,34,0,10,0
29-03 05:03:33,23.463,3.245,73.883,0,0,1367084,957344,191004,5404268,11065.417,1617.430,0,0,0,0,1038,1197,2.550,1.890,1.050,2,0,0.998,0,0,9,34,0,10,0
29-03 05:03:34,21.252,4.000,73.506,0.250,0,1302776,1021636,191004,5404284,10995.847,1620.125,0,788.061,0,90.007,1177,1245,2.510,1.890,1.060,1,0,2.000,0,0,9,34,0,9,0
29-03 05:03:35,22.494,3.749,73.480,0,0.250,1358704,965724,191024,5404248,8710.613,1565.571,0,467.872,0,8.998,1220,1614,2.510,1.890,1.060,1,0,1.000,0,0,9,34,0,9,0
29-03 05:03:36,23.242,3.499,72.975,0.750,0,1299220,1025164,191036,5404284,9957.525,1615.436,0,579.798,0,22.992,1129,1334,2.510,1.890,1.060,1,0,1.999,0,0,9,34,0,9,0
29-03 05:03:37,22.756,3.001,73.769,0,0,1356400,967992,191036,5404276,10370.613,1620.408,0,0,0,0,954,1259,2.510,1.890,1.060,1,0,0,0,0,9,34,0,9,0
29-03 05:03:38,22.029,4.756,73.095,0.250,0.501,1284560,1039812,191036,5404296,9885.901,1622.117,0,364.476,0,5.007,1155,1434,2.510,1.890,1.060,1,0,2.003,0,0,9,34,0,9,0
29-03 05:03:39,22.468,3.495,71.898,0.749,0,1348616,975740,191064,5404284,21384.527,1617.695,0,6087.326,0,231.670,1765,2347,2.390,1.880,1.060,1,0,1.997,0,0,9,34,0,9,0
29-03 05:03:40,22.231,3.997,73.187,0,0.250,1281508,1042836,191064,5404296,9881.532,1712.532,0,11.990,0,0.999,1068,1204,2.390,1.880,1.060,1,0,1.998,0,0,9,34,0,7,0
29-03 05:03:41,22.780,3.755,73.347,0,0,1346572,977788,191064,5404276,12963.124,1622.143,0,0,0,0,1088,1237,2.390,1.880,1.060,1,0,1.001,0,0,9,34,0,7,0
29-03 05:03:42,22.006,4.501,73.770,0,0.250,1281724,1042584,191064,5404328,9054.445,1620.438,0,20.005,0,1.000,1063,1283,2.390,1.880,1.060,1,0,4.001,0,0,9,34,0,6,0
29-03 05:03:43,23.001,3.250,73.753,0,0,1345808,978512,191064,5404316,10809.400,1620.060,0,0,0,0,1006,1160,2.390,1.880,1.060,1,0,1.000,0,0,9,34,0,6,0
29-03 05:03:44,21.011,4.502,73.787,0,0,1377496,946824,191064,5404316,9734.867,1620.810,0,488.244,0,3.002,1054,1228,2.280,1.860,1.060,1,0,1.001,0,0,9,34,0,5,0
29-03 05:03:45,23.243,3.249,72.977,0.500,0,1333856,990452,191064,5404328,23362.547,1565.501,0,999.681,0,141.955,1479,1523,2.280,1.860,1.060,1,0,1.999,0,0,9,34,0,5,0
29-03 05:03:46,27.483,6.246,65.460,0.250,0.250,1379564,944744,191076,5404312,15280.770,2651.399,0,551.667,0,21.987,1788,5622,2.280,1.860,1.060,2,0,34.979,0,0,9,34,0,5,0
29-03 05:03:47,22.005,3.501,73.766,0,0,1319408,1004972,191076,5404240,10830.415,1620.361,0,0,0,0,1015,1158,2.280,1.860,1.060,2,0,2.000,0,0,9,34,0,5,0
29-03 05:03:48,22.245,3.749,73.733,0,0.250,1380828,943548,191076,5404244,9371.826,1619.624,0,0,0,0,994,1182,2.280,1.860,1.060,2,0,1.000,0,0,9,34,0,4,0
29-03 05:03:49,22.748,2.500,73.995,0,0.250,1314216,1010072,191076,5404332,11084.191,1619.882,0,99.993,0,2.000,1076,1267,2.170,1.850,1.060,2,0,2.000,0,0,9,34,0,4,0
29-03 05:03:50,22.250,3.500,73.249,0.250,0,1338488,985820,191076,5404312,17464.860,1619.987,0,263.998,0,53.000,1135,1222,2.170,1.850,1.060,2,0,2.000,0,0,9,34,0,3,0
29-03 05:03:51,22.538,3.756,74.123,0,0.250,1378272,946036,191076,5404312,9090.126,1622.700,0,376.627,0,3.005,1014,1213,2.170,1.850,1.060,2,0,1.002,0,0,9,34,0,3,0
29-03 05:03:52,23.227,1.998,73.676,0,0,1321000,1003288,191076,5404332,10497.419,1618.369,0,0,0,0,1020,1226,2.170,1.850,1.060,2,0,3.996,0,0,9,34,0,3,0
29-03 05:03:53,23.241,2.999,73.723,0,0.250,1306464,1017824,191076,5404332,11004.939,1619.402,0,15.994,0,1.000,1031,1158,2.170,1.850,1.060,2,0,1.999,0,0,9,34,0,3,0
29-03 05:03:54,22.750,3.000,73.748,0,0,1289508,1034780,191076,5404332,9760.795,1619.966,0,16.000,0,1.000,1013,1140,2.080,1.830,1.060,2,0,1.000,0,0,9,34,0,3,0
29-03 05:03:55,22.751,3.750,73.253,0.500,0.250,1354856,969440,191080,5404320,10281.422,1458.060,0,264.011,0,10.000,1224,1595,2.080,1.830,1.060,2,0,1.000,0,0,9,34,0,3,0
29-03 05:03:56,22.498,2.750,72.744,0.750,0,1278344,1045944,191080,5404328,9135.242,1619.866,0,655.946,0,29.998,1091,1302,2.080,1.830,1.060,2,0,3.000,0,0,9,34,0,3,0
29-03 05:03:57,9.000,20.249,69.498,0,0,1280224,1044036,191080,5404356,8253.769,1619.955,0,95.997,0,8.000,2633,4051,2.080,1.830,1.060,2,0,385.989,0,0,9,34,0,3,0
29-03 05:03:58,22.277,3.504,73.840,0,0.250,1334588,989640,191084,5404384,10115.341,1621.979,0,0,0,0,860,1117,2.080,1.830,1.060,2,0,1.001,0,0,9,34,0,3,0
29-03 05:03:59,22.498,3.500,73.743,0,0,1285544,1038440,191084,5404628,11650.963,1619.856,0,0,0,0,958,1218,1.990,1.820,1.060,1,0,8.999,0,0,9,34,0,3,0
29-03 05:04:00,22.999,2.750,72.997,0.250,0.250,1343008,980976,191084,5404628,10940.617,1619.943,0,683.976,0,40.999,1156,1272,1.990,1.820,1.060,1,0,3.000,0,0,9,34,0,3,0
29-03 05:04:01,20.496,8.998,70.487,0,0.250,1278148,1045836,191084,5404628,13714.531,1619.708,0,0,0,0,1594,2350,1.990,1.820,1.060,1,0,156.972,0,0,9,34,0,3,0
29-03 05:04:02,9.500,20.249,69.747,0,0.250,1278420,1045556,191084,5404632,10093.505,1619.921,0,95.995,0,6.000,2763,4387,1.990,1.820,1.060,1,0,396.981,0,0,9,34,0,3,0
29-03 05:04:03,8.745,20.739,69.214,0,0.250,1277700,1046172,191084,5404736,8051.757,1619.147,0,211.888,0,4.997,2724,4366,1.990,1.820,1.060,1,0,396.791,0,0,9,34,0,3,0
29-03 05:04:04,10.001,20.002,69.256,0,0,1277900,1045948,191084,5404760,9560.774,1620.131,0,452.037,0,8.001,2685,4299,1.990,1.820,1.060,1,0,398.032,0,0,9,34,0,3,0
29-03 05:04:05,10.011,19.521,68.324,0.501,0.501,1278276,1045552,191084,5404780,17499.074,1459.591,0,1405.532,0,22.024,2950,4753,1.990,1.820,1.060,1,0,416.454,0,0,9,34,0,1,0
29-03 05:04:06,8.492,20.981,68.936,0.500,0.250,1278184,1045616,191088,5404804,12442.491,1618.503,0,1366.736,0,32.970,2731,4180,1.990,1.820,1.060,2,0,390.639,0,0,9,34,0,1,0
29-03 05:04:07,10.507,17.761,69.544,0,0.250,1277812,1045968,191088,5404824,11268.200,1725.102,0,792.506,0,9.006,2647,4152,1.990,1.820,1.060,1,0,385.246,0,0,9,34,0,1,0
29-03 05:04:08,9.242,18.984,70.690,0,0,1278476,1045276,191088,5404852,10304.200,1618.618,0,79.932,0,4.996,2625,4092,1.990,1.820,1.060,1,0,353.698,0,0,9,34,0,1,0
29-03 05:04:09,10.748,17.997,69.737,0,0.250,1278176,1045556,191088,5404872,9389.272,1619.702,0,271.950,0,7.999,2715,4303,1.910,1.810,1.060,2,0,388.928,0,0,9,34,0,1,0
29-03 05:04:10,24.010,23.760,50.021,0.250,0.250,1321412,1002256,191096,5404896,20931.917,13347.686,0,364.155,0,24.010,3187,5554,1.910,1.810,1.060,3,0,544.232,0,0,9,34,0,3,0
29-03 05:04:11,69.229,25.242,4.499,0.250,0.250,1423180,900416,191152,5404912,32801.160,25058.482,0,1391.583,0,51.984,2623,5460,1.910,1.810,1.060,4,0,555.833,0,0,9,34,0,7,0
29-03 05:04:12,69.844,16.522,5.758,6.258,0.250,1575364,728292,191392,5421496,19038.702,10097.632,3196.315,18512.993,29.039,395.534,3951,6667,1.910,1.810,1.060,3,1,138.187,0,0,9,36,0,7,0
29-03 05:04:13,49.917,9.235,23.461,16.972,0,1576360,721344,191760,5426260,38954.530,32061.937,395.346,11544.893,3.993,682.870,5961,10239,1.910,1.810,1.060,1,1,46.922,0,0,9,40,0,8,0
29-03 05:04:14,32.808,6.762,45.580,13.023,0,1601208,693684,191848,5428864,20051.170,12053.141,0,8659.188,0,652.144,6356,10730,2,1.830,1.070,1,1,59.104,0,0,9,40,0,8,0
29-03 05:04:15,33.489,5.998,48.735,11.746,0.250,1584172,708468,191992,5430956,22923.756,15708.036,0,8205.407,0,603.809,5719,9913,2,1.830,1.070,2,2,30.990,0,0,9,40,0,8,0
29-03 05:04:16,50.505,9.751,24.502,15.252,0,1564416,725808,192140,5433168,20650.044,9230.914,0,8256.817,0,653.065,5217,9783,2,1.830,1.070,3,1,85.008,0,0,9,38,0,8,0
29-03 05:04:17,47.973,9.994,26.485,14.992,0.250,1588092,699692,192296,5435400,83075.063,61559.219,0,8882.981,0,630.644,5661,9783,2,1.830,1.070,2,1,24.986,0,0,9,38,0,9,0
29-03 05:04:18,46.202,10.489,23.226,18.231,0,1544532,740764,192516,5437552,259386.572,247126.213,0,7616.148,0,626.354,6581,12213,2,1.830,1.070,1,2,101.895,0,0,9,38,0,10,0
29-03 05:04:19,31.540,8.010,40.552,20.026,0,1556312,726124,192856,5439980,22235.484,10213.083,0,9484.149,0,740.949,5840,10508,2.160,1.860,1.090,3,1,57.073,0,0,9,38,0,10,0
29-03 05:04:20,30.223,4.246,44.959,17.734,0,1568644,711208,192992,5442332,366666.067,350014.187,0,9095.741,0,818.257,7055,12848,2.160,1.860,1.090,2,1,20.981,0,0,9,39,0,10,0
29-03 05:04:21,30.527,6.506,42.538,20.018,0.250,1570572,706924,193120,5444528,629325.876,617914.652,0,7394.626,0,652.585,8275,16457,2.160,1.860,1.090,0,1,21.019,0,0,9,39,0,11,0
29-03 05:04:22,31.726,8.244,38.721,19.485,0,1548064,726012,193216,5447740,32993.420,22232.437,0,8625.574,0,635.527,5528,10013,2.160,1.860,1.090,2,1,36.972,0,0,9,40,0,11,0
29-03 05:04:23,35.301,5.508,39.307,18.527,0.501,1579716,692368,193344,5449504,182852.868,173529.312,0,8268.022,0,657.957,6141,11044,2.160,1.860,1.090,1,1,18.026,0,0,9,45,0,11,0
29-03 05:04:24,40.958,11.988,35.463,10.989,0,1492404,777640,193444,5451372,585736.106,576648.475,0,7775.983,0,702.276,8747,16511,2.470,1.930,1.120,3,1,221.771,0,0,9,41,0,11,0
29-03 05:04:25,40.255,18.502,28.253,11.251,0.250,1433700,833412,193532,5454052,418523.804,408379.597,256.030,10013.192,2.000,694.083,10227,19312,2.470,1.930,1.120,4,1,167.020,0,0,9,40,0,12,0
29-03 05:04:26,34.264,13.506,28.012,22.259,0,1507732,757396,193652,5455940,14738.146,7188.998,836.349,9981.162,20.008,878.366,6982,12068,2.470,1.930,1.120,2,1,116.048,0,0,9,40,0,12,0
29-03 05:04:27,29.242,9.747,39.989,20.244,0,1504656,758120,193792,5458032,159916.183,152109.322,511.860,10849.027,3.999,1009.723,6974,12573,2.470,1.930,1.120,1,1,97.973,0,0,9,41,0,13,0
29-03 05:04:28,28.716,5.743,46.695,17.230,0.250,1505160,755348,194044,5460020,556716.188,545745.112,0,9624.662,0,853.994,8204,16803,2.470,1.930,1.120,1,1,5.993,0,0,9,41,0,15,0
29-03 05:04:29,27.793,7.261,48.575,15.774,0.250,1457956,800204,194272,5461988,262074.429,252494.609,0,9242.298,0,769.190,6944,12329,2.670,1.980,1.140,2,1,35.054,0,0,9,40,0,15,0
29-03 05:04:30,28.003,4.250,44.754,20.502,0,1492884,762876,194532,5464064,17689.610,8798.801,0,10264.934,0,836.076,5801,10359,2.670,1.980,1.140,1,1,3.000,0,0,9,40,0,15,0
29-03 05:04:31,30.004,5.251,45.006,18.252,0.250,1500760,753472,194760,5465304,405461.521,396017.274,0,9605.268,0,964.127,7903,14440,2.670,1.980,1.140,2,0,15.002,0,0,9,41,0,17,0
29-03 05:04:32,34.478,4.997,41.974,16.989,0.250,1501176,750936,194952,5467160,573721.981,560382.399,0,7211.450,0,652.588,7872,15058,2.670,1.980,1.140,1,1,4.997,0,0,9,41,0,18,0
29-03 05:04:33,30.713,6.991,44.446,16.230,0,1471408,778452,195088,5469204,170832.097,161415.557,0,7470.908,0,660.197,6442,11427,2.670,1.980,1.140,1,1,62.923,0,0,9,40,0,18,0
29-03 05:04:34,29.241,3.999,46.986,17.995,0.250,1504244,744116,195164,5470584,72443.702,62125.735,0,8405.529,0,771.773,6062,10350,2.700,2,1.150,2,1,14.996,0,0,9,40,0,18,0
29-03 05:04:35,30.774,7.506,45.785,15.012,0,1462852,783900,195236,5472100,250929.219,242115.397,0,7778.020,0,815.631,7033,12904,2.700,2,1.150,3,0,42.033,0,0,9,40,0,18,0
29-03 05:04:36,30.744,5.249,44.491,17.746,0,1498696,748212,195292,5471864,23621.040,14776.897,0,8210.276,0,841.823,5684,10476,2.700,2,1.150,2,0,2.999,0,0,9,40,0,18,0
29-03 05:04:37,33.796,7.010,45.062,14.270,0.250,1458148,789532,195436,5470928,152406.559,144493.679,0,7898.861,0,858.180,6731,12650,2.700,2,1.150,3,0,67.092,0,0,9,40,0,19,0
29-03 05:04:38,31.734,6.247,45.728,15.492,0,1500052,746440,195616,5471916,12792.732,4031.025,0,9475.357,0,824.596,5921,10479,2.700,2,1.150,2,1,18.991,0,0,9,40,0,19,0
29-03 05:04:39,30.972,4.996,45.959,15.986,0,1512040,733492,195744,5472708,388464.490,370275.714,0,9015.958,0,867.226,7998,14708,2.640,2,1.150,2,1,14.987,0,0,9,40,0,21,0
29-03 05:04:40,31.503,7.001,43.255,17.252,0.500,1487056,758716,195924,5472236,15135.680,8318.923,0,7968.885,0,832.092,5377,11305,2.640,2,1.150,1,1,54.006,0,0,9,40,0,21,0
29-03 05:04:41,31.008,6.502,45.011,17.504,0,1512804,732232,196028,5472848,77840.227,69214.096,0,8390.072,0,846.209,5338,10906,2.640,2,1.150,4,2,6.001,0,0,9,40,0,21,0
29-03 05:04:42,31.500,8.000,45.750,13.000,0.250,1450996,792748,196100,5474040,269913.699,261210.612,0,7740.077,0,797.008,7345,13526,2.640,2,1.150,1,1,75.001,0,0,9,40,0,21,0
29-03 05:04:43,14.501,2.000,65.254,15.501,0.250,1450596,792232,196164,5474872,13217.767,5410.314,0,6196.359,0,617.036,4931,9269,2.640,2,1.150,0,1,17.001,0,0,9,40,0,21,0
29-03 05:04:44,14.742,1.999,67.464,15.742,0,1449936,792004,196240,5475668,13568.700,5659.955,0,6212.658,0,622.665,4929,9443,2.590,2,1.160,0,1,11.994,0,0,9,40,0,21,0
29-03 05:04:45,11.242,2.998,66.703,16.738,0.500,1449768,791280,196264,5476508,15177.270,6088.695,0,6443.444,0,679.520,5931,10183,2.590,2,1.160,0,1,14.989,0,0,9,40,0,21,0
29-03 05:04:46,16.273,6.008,57.331,18.276,0,1451760,788348,196308,5477372,26252.912,16581.313,0,11704.456,0,895.259,7142,14675,2.590,2,1.160,0,2,49.069,0,0,9,40,0,22,0
29-03 05:04:47,9.997,2.999,66.233,19.245,0,1451424,787592,196384,5478368,20588.565,11477.970,0,7805.939,0,771.796,5764,10396,2.590,2,1.160,1,1,11.997,0,0,9,40,0,22,0
29-03 05:04:48,8.243,3.247,65.948,20.734,0.250,1451244,786584,196480,5479444,26027.386,8824.011,0,8537.239,0,793.372,5624,10757,2.590,2,1.160,0,2,8.993,0,0,9,40,0,21,0
29-03 05:04:49,8.502,4.001,66.768,19.005,0,1451488,784348,196540,5481344,25510.786,15357.085,0,8982.389,0,728.194,5286,10016,2.540,2,1.160,1,1,18.005,0,0,9,40,0,21,0
29-03 05:04:50,7.494,3.247,65.944,19.983,0.250,1451696,783056,196596,5482352,26301.828,9057.365,0,8612.739,0,828.302,5715,10715,2.540,2,1.160,0,1,14.987,0,0,9,40,0,21,0
29-03 05:04:51,9.256,3.502,66.039,20.512,0.500,1451916,781860,196700,5483168,25656.291,15438.201,0,10894.493,0,906.540,6073,10062,2.540,2,1.160,0,1,9.005,0,0,9,40,0,21,0
29-03 05:04:52,9.264,3.004,65.097,20.531,0,1452696,780048,196848,5484004,16436.589,9007.475,0,8320.447,0,799.196,6309,10874,2.540,2,1.160,0,1,11.016,0,0,9,40,0,21,0
29-03 05:04:53,9.484,3.993,66.387,20.216,0.250,1453752,777812,196932,5485068,15443.746,9270.241,0,8337.826,0,788.659,6002,10411,2.540,2,1.160,2,1,23.959,0,0,9,40,0,21,0
29-03 05:04:54,9.269,2.756,64.385,22.547,0,1453564,776756,197024,5486184,22220.463,13265.739,0,7259.179,0,678.419,5735,9859,2.420,1.980,1.160,0,1,27.057,0,0,9,40,0,21,0
29-03 05:04:55,9.483,2.246,67.131,18.218,0,1454300,775308,197108,5486796,13714.780,7592.591,0,6756.069,0,748.678,5904,10732,2.420,1.980,1.160,6,0,23.958,0,0,9,40,0,21,0
29-03 05:04:56,10.256,3.502,65.538,20.012,0.500,1454348,774552,197232,5487356,22048.877,12114.075,0,7552.411,0,744.435,5914,10147,2.420,1.980,1.160,1,1,18.011,0,0,9,40,0,21,0
29-03 05:04:57,8.752,2.500,66.762,18.503,0.250,1454416,773480,197296,5488272,17671.057,10209.766,0,8097.401,0,792.137,5830,10428,2.420,1.980,1.160,0,1,6.001,0,0,9,40,0,21,0
29-03 05:04:58,10.746,3.499,65.728,17.744,0,1456868,770488,197324,5488772,17040.377,10339.588,0,8873.072,0,882.709,5807,11288,2.420,1.980,1.160,1,1,11.996,0,0,9,40,0,21,0
29-03 05:04:59,12.261,2.752,66.560,16.765,0,1457276,769480,197364,5489308,18340.525,10804.735,0,8615.763,0,835.753,5385,10698,2.470,2,1.170,0,1,12.011,0,0,9,40,0,21,0
29-03 05:05:00,16.742,6.996,70.215,4.748,0.250,1341444,885452,197368,5489160,14584.693,5734.127,0,4533.729,0,349.825,3324,5597,2.470,2,1.170,2,0,104.947,0,0,9,34,0,22,0
29-03 05:05:01,10.751,19.752,67.008,1.000,0.250,1338332,888468,197368,5489236,7899.932,1620.191,0,3328.393,0,183.022,3080,4532,2.470,2,1.170,2,0,365.043,0,0,9,34,0,22,0
29-03 05:05:02,12.491,20.486,63.955,0.999,0.500,1343248,883408,197384,5489360,19477.230,13338.570,0,3309.660,0,180.872,3435,5528,2.470,2,1.170,3,0,435.692,0,0,9,34,0,24,0
29-03 05:05:03,59.834,13.519,25.035,1.001,0,1489240,736808,197432,5489920,32597.702,25107.200,0,7494.507,0,435.611,3247,4468,2.470,2,1.170,3,0,127.178,0,0,9,34,0,28,0
29-03 05:05:04,65.728,9.747,24.742,0.250,0,1617160,606772,197552,5491628,8867.047,1619.461,0,2367.212,0,93.969,1732,1836,2.510,2.020,1.180,3,0,0,0,0,9,34,0,28,0
29-03 05:05:05,48.489,5.999,37.242,7.498,0,1689104,531096,197720,5494760,38382.671,29753.543,0,7254.426,0,406.912,3355,5573,2.510,2.020,1.180,1,0,14.997,0,0,9,40,0,28,0
29-03 05:05:06,16.497,3.749,49.992,27.746,0.250,1688024,529640,197776,5497172,17981.231,8054.760,0,12730.040,0,827.873,6425,11590,2.510,2.020,1.180,1,2,50.992,0,0,9,40,0,28,0
29-03 05:05:07,15.009,3.752,55.034,25.516,0.250,1687528,527404,197844,5499752,27144.667,10288.317,0,8068.954,0,548.337,5823,10414,2.510,2.020,1.180,1,2,33.020,0,0,9,40,0,28,0
29-03 05:05:08,10.967,3.988,57.326,25.672,0,1688848,523624,197936,5502056,18419.043,10899.886,0,8737.456,0,678.937,5900,10733,2.510,2.020,1.180,1,1,35.891,0,0,9,40,0,28,0
29-03 05:05:09,14.030,3.006,59.376,22.297,0.501,1689928,520284,198004,5504192,15775.491,9145.416,0,6878.603,0,554.177,5892,10032,2.630,2.050,1.200,5,0,45.096,0,0,9,40,0,28,0
29-03 05:05:10,10.743,2.998,57.213,24.484,0,1691232,516940,198040,5506144,18875.806,11040.868,0,8526.492,0,624.597,5698,10011,2.630,2.050,1.200,2,1,35.977,0,0,9,40,0,26,0
29-03 05:05:11,11.760,3.753,55.549,27.024,0.250,1692388,513632,198068,5508184,18943.633,10293.037,0,8035.055,0,640.562,5647,9844,2.630,2.050,1.200,0,2,39.034,0,0,9,40,0,26,0
29-03 05:05:12,11.491,4.497,54.958,27.729,0.250,1700740,503300,198108,5510064,16070.610,9550.636,0,8793.220,0,668.485,5976,10145,2.630,2.050,1.200,1,1,37.971,0,0,9,40,0,22,0
29-03 05:05:13,13.998,3.749,55.991,24.496,0,1701056,500888,198132,5512000,16258.334,8709.572,0,7834.715,0,651.893,5949,10685,2.630,2.050,1.200,0,1,50.992,0,0,9,40,0,22,0
29-03 05:05:14,12.250,3.750,56.751,25.000,0,1702068,497864,198164,5513928,18321.165,9540.086,0,8988.081,0,713.006,5810,10597,2.660,2.070,1.210,1,1,45.000,0,0,9,40,0,21,0
29-03 05:05:15,12.508,3.753,55.788,25.267,0.250,1703364,494084,198188,5516324,18277.355,10977.421,0,10158.867,0,720.487,5699,10812,2.660,2.070,1.210,3,1,30.020,0,0,9,40,0,21,0
29-03 05:05:16,13.763,4.254,54.049,28.526,0.500,1703752,491832,198208,5518108,17884.310,9676.825,0,8535.785,0,682.623,5520,10477,2.660,2.070,1.210,0,2,18.016,0,0,9,40,0,21,0
29-03 05:05:17,19.499,2.750,51.998,23.749,0.250,1705832,486760,198240,5520988,17382.183,10524.505,0,11195.474,0,833.961,5704,10357,2.660,2.070,1.210,3,1,20.999,0,0,9,40,0,21,0
29-03 05:05:18,30.219,11.488,40.958,19.730,0,1623928,566676,198280,5522880,28585.871,20076.542,0,8942.887,0,720.266,6621,11481,2.660,2.070,1.210,3,2,99.898,0,0,9,42,0,19,0
29-03 05:05:19,32.283,6.256,53.304,8.759,0,1671668,517016,198316,5524700,19815.231,9132.324,0,8688.871,0,674.689,5715,9784,2.770,2.100,1.220,5,0,46.047,0,0,9,42,0,19,0
29-03 05:05:20,33.018,5.753,38.771,22.512,0,1711260,475152,198368,5526856,33643.066,15816.493,0,9685.201,0,738.397,5879,10024,2.770,2.100,1.220,4,1,36.019,0,0,9,44,0,19,0
29-03 05:05:21,16.983,5.744,49.450,25.224,0.250,1598356,586040,198440,5528736,17924.806,9957.893,0,9658.197,0,774.214,6357,10761,2.770,2.100,1.220,1,0,110.887,0,0,9,42,0,19,0
29-03 05:05:22,10.493,2.998,58.961,26.982,0,1597544,584828,198472,5530628,16370.147,8430.411,0,9853.467,0,812.461,6243,10297,2.770,2.100,1.220,0,1,34.977,0,0,9,42,0,18,0
29-03 05:05:23,8.749,2.500,58.490,26.746,0.500,1601340,578620,198512,5532892,17727.040,10262.286,0,10398.263,0,774.871,5467,10286,2.770,2.100,1.220,0,1,11.998,0,0,9,42,0,18,0
29-03 05:05:24,10.264,4.006,58.081,26.286,0.250,1605912,572084,198568,5534724,17021.626,8789.199,0,9024.526,0,761.056,5690,10682,2.790,2.110,1.230,0,1,39.054,0,0,9,42,0,18,0
29-03 05:05:25,20.716,4.493,55.908,17.970,0,1609448,567248,198616,5535916,155614.924,148822.146,0,8737.566,0,746.766,5445,10263,2.790,2.110,1.230,1,1,17.970,0,0,9,42,0,18,0
29-03 05:05:26,11.515,4.255,60.076,24.030,0,1611648,562208,198636,5538672,33662.415,24893.366,0,12203.376,0,857.080,5629,10601,2.790,2.110,1.230,0,1,0,0,0,9,42,0,17,0
29-03 05:05:27,7.991,2.497,63.926,22.474,0.499,1613708,557420,198644,5541312,19067.824,12358.627,0,12477.489,0,855.006,5489,10563,2.790,2.110,1.230,1,1,0,0,0,9,42,0,17,0
29-03 05:05:28,8.752,4.751,57.266,28.008,0,1614944,553040,198660,5544288,17923.018,11915.336,0,12699.556,0,907.254,6101,10808,2.790,2.110,1.230,2,0,0,0,0,9,42,0,17,0
29-03 05:05:29,8.765,4.007,65.110,21.536,0,1617280,548236,198704,5546620,22217.503,12881.744,0,12228.642,0,803.356,5474,9793,2.880,2.150,1.250,0,1,0,0,0,9,42,0,14,0
29-03 05:05:30,9.230,2.245,60.119,26.193,0.499,1618904,543416,198748,5549640,18569.463,11112.741,0,12492.728,0,846.153,6242,10609,2.880,2.150,1.250,1,1,0,0,0,9,42,0,14,0
29-03 05:05:31,10.000,4.000,60.249,23.500,0,1620756,539920,198780,5551204,22252.577,12426.764,0,10171.807,0,842.984,6280,10795,2.880,2.150,1.250,2,1,15.000,0,0,9,42,0,14,0
29-03 05:05:32,16.283,3.507,55.361,23.046,0.251,1620624,538660,198832,5552516,18562.087,8521.025,0,8068.120,0,741.481,6505,12103,2.880,2.150,1.250,2,0,5.010,0,0,9,42,0,14,0
29-03 05:05:33,33.956,12.484,52.932,1.248,0.250,1379456,779764,198836,5552568,26084.377,3861.023,0,4070.753,0,265.658,3114,4252,2.880,2.150,1.250,1,0,214.723,0,0,9,34,0,11,0
29-03 05:05:34,22.242,4.248,72.224,0.750,0,1430436,728692,198860,5552636,23248.770,1565.446,0,3518.754,0,209.926,2039,2392,2.730,2.130,1.240,2,0,35.987,0,0,9,34,0,11,0
29-03 05:05:35,22.249,3.750,71.747,1.750,0.250,1479292,679804,198880,5552640,10252.580,1619.934,0,7639.687,0,432.982,2468,3166,2.730,2.130,1.240,1,0,0,0,0,9,34,0,11,0
29-03 05:05:36,24.000,2.750,70.251,2.250,0,1503672,655392,198904,5552648,86875.129,77155.003,0,7264.094,0,421.005,2775,3734,2.730,2.130,1.240,1,0,0,0,0,9,36,0,11,0
29-03 05:05:37,19.746,6.499,70.734,1.750,0,1434092,724952,198924,5552648,9755.824,1818.594,0,9893.794,0,442.901,2611,3416,2.730,2.130,1.240,1,0,28.994,0,0,9,34,0,11,0
29-03 05:05:38,23.507,2.751,72.773,1.250,0.500,1481464,677568,198928,5552656,13056.113,1566.493,0,2440.769,0,128.040,1443,1763,2.730,2.130,1.240,1,0,0,0,0,9,34,0,11,0
29-03 05:05:39,23.515,3.502,70.546,1.751,0,1385080,773944,198940,5552652,19795.887,9906.449,0,7180.675,0,406.264,2624,3707,2.590,2.110,1.240,1,0,42.027,0,0,9,34,0,9,0
29-03 05:05:40,18.257,36.514,42.267,2.001,0.500,1398884,760100,198972,5552660,10787.261,2755.088,8.003,7867.108,1.000,411.162,5709,10619,2.590,2.110,1.240,2,0,994.393,0,0,9,14,0,9,20
29-03 05:05:41,17.004,34.258,45.261,0.750,0,1401988,756260,198976,5553284,9800.431,1620.402,504.125,3048.756,6.001,148.037,4367,8566,2.590,2.110,1.240,1,0,917.227,0,0,10,14,0,8,20
29-03 05:05:42,21.982,18.235,58.203,1.998,0,1377984,780000,198976,5553496,9267.595,1618.707,0,7889.696,0,403.677,5414,9148,2.590,2.110,1.240,4,0,135.891,0,0,10,14,0,8,20
29-03 05:05:43,30.530,25.024,42.542,2.002,0,1434380,722968,198988,5554024,11808.549,1621.586,28.027,8200.020,1.001,427.418,4638,7696,2.590,2.110,1.240,4,0,402.394,0,0,12,14,0,8,20
29-03 05:05:44,17.499,19.749,59.998,2.000,0,1437000,720032,198988,5554296,11317.627,1619.947,0,8079.733,0,450.985,5402,10286,2.460,2.090,1.240,6,0,215.993,0,0,12,14,0,8,20
29-03 05:05:45,27.751,20.251,50.252,0.500,0,1472960,684072,198988,5554128,19625.589,1620.049,0,1404.042,0,53.002,3227,4982,2.460,2.090,1.240,2,0,333.010,0,0,12,14,0,8,20
29-03 05:05:46,28.497,21.248,46.495,2.500,0.250,1485620,670672,198988,5554724,11257.750,2706.700,0,7439.174,0,347.961,5658,16730,2.460,2.090,1.240,3,0,302.966,0,0,14,14,0,9,20
29-03 05:05:47,32.256,14.503,52.510,0.250,0.250,1545844,610416,198988,5554544,8318.614,1620.314,0,2788.541,0,156.030,3035,5893,2.460,2.090,1.240,3,0,121.023,0,0,14,14,0,8,20
29-03 05:05:48,71.563,15.514,13.011,0,0.500,1743984,411788,199040,5554640,12874.317,1513.330,0,0,0,0,1930,2277,2.460,2.090,1.240,16,0,28.025,0,0,16,14,0,8,20
29-03 05:05:49,84.205,15.742,0,0,0,1972220,183336,199044,5554776,12963.117,1619.140,0,539.713,0,11.994,2189,2682,3.310,2.270,1.310,15,0,10.994,0,0,16,14,0,8,20
29-03 05:05:50,44.673,16.971,30.447,7.237,0,2030384,230700,194808,5462976,9819.033,1617.205,1525.364,5374.712,29.948,406.298,3491,4620,3.310,2.270,1.310,2,1,96.833,0,0,16,14,0,8,20
29-03 05:05:51,10.249,17.998,69.494,1.750,0,2029788,230644,194944,5463476,12752.929,1619.864,811.932,11.999,22.998,3.000,2840,4360,3.310,2.270,1.310,1,0,304.974,0,0,16,14,0,8,20
29-03 05:05:52,17.022,18.524,63.332,0,0.250,2020480,239252,194944,5464068,10471.613,1622.109,72.094,16.021,2.003,4.005,4536,8159,3.310,2.270,1.310,1,0,215.280,0,0,16,14,0,8,20
29-03 05:05:53,24.458,13.976,57.651,3.244,0.499,2059612,198616,194956,5465144,10779.578,1717.066,1341.707,3.993,34.940,0.998,2753,3918,3.310,2.270,1.310,2,0,148.746,0,0,16,14,0,8,20
29-03 05:05:54,23.498,3.750,70.743,0.750,0,2087652,170032,194960,5465516,11706.864,1719.833,19.998,0,3.000,0,1770,2685,3.120,2.250,1.300,2,0,21.998,0,0,17,14,0,8,20
29-03 05:05:55,4.502,4.001,91.282,0.250,0.250,2092800,164684,194960,5465656,21223.428,4245.486,0,696.244,0,3.001,1520,2570,3.120,2.250,1.300,2,0,59.021,0,0,17,14,0,9,20
29-03 05:05:56,21.500,4.750,72.500,0,0,2138744,138168,194628,5446732,10833.011,1620.002,128.000,0,3.000,0,1610,2291,3.120,2.250,1.300,1,0,33.000,0,0,17,14,0,9,20
29-03 05:05:57,23.501,3.000,71.754,0.250,0,2156268,121004,194628,5446840,96478.017,89204.639,68.004,0,1.000,0,1831,2848,3.120,2.250,1.300,1,0,0,0,0,17,14,0,9,10
29-03 05:05:58,20.498,6.499,69.993,2.750,0,2105620,192056,194628,5427944,227278.954,216983.953,359.965,647.937,5.999,36.996,2796,5105,3.120,2.250,1.300,0,1,64.994,0,0,17,18,0,14,0
29-03 05:05:59,10.010,18.269,68.319,1.752,0,2105180,192136,194628,5428268,11870.060,1621.648,188.191,188.191,5.005,15.015,3117,5028,2.870,2.210,1.300,1,0,360.366,0,0,17,18,0,14,0
29-03 05:06:00,10.491,19.233,68.938,0.500,0.999,2105096,192116,194628,5428320,9624.328,1618.542,0,467.579,0,27.975,3052,5223,2.870,2.210,1.300,2,0,363.672,0,0,17,18,0,14,0
29-03 05:06:01,13.259,20.013,62.290,2.251,0,2096508,200572,194628,5428768,10443.705,1621.041,76.049,24.015,3.002,6.004,3902,6454,2.870,2.210,1.300,1,0,267.172,0,0,17,18,0,13,0
29-03 05:06:02,23.015,13.008,62.290,1.751,0,2120628,173944,194636,5429996,8980.829,1621.052,1088.707,8.005,18.012,1.001,3730,6508,2.870,2.210,1.300,3,0,77.050,0,0,17,18,0,13,0
29-03 05:06:03,45.224,11.493,41.726,0.250,0,2190736,132228,194488,5403520,8378.233,1984.871,231.868,19.989,10.994,0.999,2272,3494,2.870,2.210,1.300,4,0,105.940,0,0,17,19,0,7,0
29-03 05:06:04,44.210,7.743,45.959,1.748,0,2281636,132464,193368,5315376,9542.421,1618.545,151.863,4040.368,9.991,394.645,2096,2202,2.800,2.210,1.300,3,0,0,0,0,17,19,0,7,0
29-03 05:06:05,45.080,4.258,45.581,3.256,0,2321660,126256,192408,5283128,9702.241,1622.884,921.638,1490.649,68.121,98.174,2670,3486,2.800,2.210,1.300,5,0,0,0,0,17,19,0,7,0
29-03 05:06:06,42.707,6.493,43.956,5.744,0.250,2362544,120908,191352,5249424,66405.395,57492.335,4111.876,5534.449,59.940,324.674,5453,9179,2.800,2.210,1.300,2,0,13.986,0,0,17,34,0,7,0
29-03 05:06:07,10.006,15.009,66.790,7.254,0.500,2364924,131068,191076,5237648,10638.298,1512.896,3742.215,508.301,68.040,21.012,2796,4363,2.800,2.210,1.300,1,1,239.142,0,0,17,34,0,7,0
29-03 05:06:08,14.480,1.498,81.137,1.498,0,2379924,131124,190816,5223240,12399.764,3111.675,1086.490,275.617,28.960,15.978,1452,2060,2.800,2.210,1.300,1,0,2.996,0,0,17,34,0,7,0
29-03 05:06:09,2.750,3.000,92.002,0.750,0.250,2411932,132352,190152,5191472,37888.909,3383.081,944.023,900.022,45.001,169.004,1666,2316,2.580,2.170,1.290,0,0,0,0,0,17,35,0,7,0
29-03 05:06:10,8.000,3.000,84.497,3.500,0,2405616,151488,189660,5179492,143951.962,4919.828,2979.896,591.979,41.999,23.999,1620,2244,2.580,2.170,1.290,0,1,3.000,0,0,17,34,0,8,0
29-03 05:06:11,13.267,8.261,71.594,5.758,0,2413452,142120,190188,5180664,8479.133,1622.130,805.057,4293.638,41.054,265.348,2460,3858,2.580,2.170,1.290,2,0,44.058,0,0,17,34,0,8,0
29-03 05:06:12,15.224,8.236,68.634,7.238,0.499,2442608,134348,189020,5161636,10050.954,1617.257,1621.250,11356.739,92.843,262.555,2511,3109,2.580,2.170,1.290,2,0,24.958,0,0,17,34,0,8,0
29-03 05:06:13,11.756,10.005,69.036,8.004,0,2407880,200260,189184,5130336,9565.041,1662.876,6303.322,0,143.075,0,2677,4149,2.580,2.170,1.290,0,1,118.062,0,0,17,34,0,8,0
29-03 05:06:14,12.512,15.515,66.314,3.253,0,2406136,200392,189200,5132272,9773.412,1621.562,1693.631,8.008,34.033,1.001,3503,5711,2.450,2.150,1.290,11,4,236.227,0,0,17,34,0,8,0
29-03 05:06:15,17.732,13.486,64.184,2.747,0.499,2400528,202796,189204,5133528,11718.894,1618.328,1334.621,0,38.960,0,3247,5353,2.450,2.150,1.290,0,0,78.918,0,0,17,34,0,8,0
29-03 05:06:16,1.250,1.250,95.501,1.000,0.250,2401204,201960,189208,5133664,9899.148,1620.024,44.001,792.012,4.000,14.000,1279,1976,2.450,2.150,1.290,1,0,3.000,0,0,17,34,0,8,0
29-03 05:06:17,1.750,0.500,96.744,0,0,2401188,201936,189208,5133704,9713.407,1619.901,0,0,0,0,1192,1890,2.450,2.150,1.290,0,0,1.000,0,0,17,34,0,8,0
29-03 05:06:18,1.750,1.000,95.481,1.000,0,2400972,200928,189208,5134928,7761.463,1457.711,1223.758,0,49.990,0,1258,1951,2.450,2.150,1.290,0,0,2.999,0,0,17,34,0,8,0
29-03 05:06:19,2.500,1.250,96.262,0,0.250,2387552,214348,189208,5134928,17445.198,1620.204,0,0,0,0,1170,1884,2.250,2.110,1.280,0,0,1.000,0,0,17,34,0,8,0
29-03 05:06:20,24.786,22.783,50.573,0.501,0.250,2385240,215880,189208,5136032,9880.237,1622.338,600.866,8.012,15.022,2.003,6035,13172,2.250,2.110,1.280,1,0,246.355,0,0,17,34,0,8,0
29-03 05:06:21,19.000,21.250,58.250,0,0,2409256,191476,189208,5135692,11227.955,1619.994,40.000,411.998,6.000,3.000,4819,8834,2.250,2.110,1.280,1,0,268.999,0,0,18,34,0,8,0
29-03 05:06:22,15.491,18.739,62.964,1.749,0.250,2387216,212340,189216,5137116,9509.523,1856.930,987.431,3.998,28.983,0.999,3768,6588,2.250,2.110,1.280,1,0,222.872,0,0,18,34,0,8,0
29-03 05:06:23,21.503,16.753,61.010,0,0,2408340,190804,189216,5136856,11146.806,3460.561,76.012,568.092,3.000,12.002,5700,10049,2.250,2.110,1.280,0,0,190.031,0,0,18,34,0,9,0
29-03 05:06:24,5.750,7.250,85.998,0,0.250,2410672,188424,189216,5136904,10561.768,1719.962,0,0,0,0,2038,3436,2.070,2.080,1.280,1,0,126.997,0,0,20,34,0,9,0
29-03 05:06:25,21.988,14.492,61.965,0,0.250,2385736,213288,189216,5136920,8867.017,1661.066,0,0,0,0,4644,7992,2.070,2.080,1.280,0,0,117.934,0,0,20,34,0,9,0
29-03 05:06:26,11.007,20.263,66.544,0,0.250,2406720,192124,189216,5136972,34928.227,26530.643,0,8.005,0,2.001,3425,6081,2.070,2.080,1.280,3,0,404.269,0,0,20,36,0,9,0
29-03 05:06:27,15.998,18.998,64.492,0,0,2386924,211804,189216,5137092,9827.772,1619.798,15.998,19.998,2.000,4.999,3498,7314,2.070,2.080,1.280,2,0,216.973,0,0,20,36,0,9,0
29-03 05:06:28,26.768,20.514,50.283,0.500,0.250,2435528,162944,189224,5137224,8652.737,1513.003,4.003,508.337,1.001,7.005,4032,8291,2.070,2.080,1.280,1,1,303.201,0,0,20,36,0,9,0
29-03 05:06:29,42.510,17.504,38.509,2.000,0,2480164,134596,188716,5122544,10975.700,1566.385,148.036,36264.921,6.001,82.020,4887,7313,2.550,2.180,1.310,1,1,128.031,0,0,20,36,0,9,0
29-03 05:06:30,23.240,6.497,66.722,2.749,0,2511096,134204,187388,5094808,25348.252,16813.871,383.837,2626.886,22.990,290.877,2528,3743,2.550,2.180,1.310,1,0,4.998,0,0,20,36,0,10,0
29-03 05:06:31,23.715,7.489,66.903,0.999,0,2581788,129228,186992,5030676,125545.206,114173.763,75.890,0,8.987,0,2269,3135,2.550,2.180,1.310,2,0,9.985,0,0,20,44,0,14,0
29-03 05:06:32,21.529,7.009,71.346,0,0.250,2601620,152652,186992,4988352,11443.391,1712.303,20.027,0,2.003,0,1652,2284,2.550,2.180,1.310,1,0,8.011,0,0,20,44,0,14,0
29-03 05:06:33,19.698,3.241,76.048,0,0.499,2631500,122132,186996,4988952,13908.005,4341.452,11.968,1017.294,2.992,3.989,2131,3601,2.550,2.180,1.310,3,0,0.997,0,0,20,44,0,14,0
29-03 05:06:34,15.022,15.272,62.090,3.004,0,2617788,150156,186996,4975660,31428.414,2113.053,1197.731,4686.772,40.058,437.632,5244,10270,2.500,2.170,1.320,1,0,202.292,0,0,20,42,0,14,2
29-03 05:06:35,24.049,19.290,54.862,0.752,0.251,2590356,175156,186996,4976476,38850.605,26737.786,973.996,0,31.064,0,5840,10853,2.500,2.170,1.320,9,0,201.413,0,0,19,42,0,15,2
29-03 05:06:36,20.711,17.467,60.136,0,0,2619884,145452,186996,4977016,9291.384,1616.934,0,0,0,0,4409,10167,2.500,2.170,1.320,1,0,174.669,0,0,20,42,0,15,2
29-03 05:06:37,31.493,23.245,44.241,0,0.250,2617652,162696,186988,4962124,36772.241,28274.034,3.999,1439.696,1.000,207.956,7007,12378,2.500,2.170,1.320,4,0,241.949,0,0,19,36,0,17,4
29-03 05:06:38,21.286,18.030,57.596,1.002,0.250,2620140,159148,186988,4962732,109699.198,101050.755,893.492,452.756,34.057,3.005,4660,8359,2.500,2.170,1.320,1,0,234.391,0,0,20,44,0,18,4
29-03 05:06:39,21.740,13.244,65.220,0,0.250,2491484,287780,186992,4962704,12667.097,2450.858,3.998,3.998,1.000,1.000,3027,5769,2.620,2.200,1.330,3,0,71.966,0,0,20,36,0,24,0
29-03 05:06:40,37.738,19.994,40.238,0.750,0,2445992,333096,186996,4962856,8856.272,1763.457,127.961,263.919,7.998,2.999,3172,5158,2.620,2.200,1.330,3,0,398.877,0,0,20,36,0,24,0
29-03 05:06:41,32.000,22.500,45.000,0,0.250,2480752,298120,186996,4962888,9080.946,1619.990,0,28.000,0,7.000,3046,4875,2.620,2.200,1.330,2,0,355.998,0,0,20,36,0,24,0
29-03 05:06:42,45.220,17.488,36.475,0,0,2532204,245932,187000,4963464,136954.693,129652.614,0,3.997,0,0.999,4123,9638,2.620,2.200,1.330,3,0,124.916,0,0,20,44,0,29,0
29-03 05:06:43,43.782,20.515,35.276,0.751,0,2638624,154296,187004,4949048,11643.453,1811.315,548.398,4823.502,10.007,451.328,4191,5390,2.620,2.200,1.330,2,0,186.135,0,0,20,44,0,29,0
29-03 05:06:44,44.430,5.741,48.174,0,0,2698740,129704,187004,4915532,9456.059,1817.129,0,0,0,0,1804,2357,2.570,2.200,1.330,2,0,5.991,0,0,20,44,0,29,0
29-03 05:06:45,39.015,7.253,53.520,0,0,2740964,129128,187076,4874516,18866.131,1820.688,0,0,0,0,2941,5131,2.570,2.200,1.330,1,0,4.002,0,0,20,44,0,29,0
29-03 05:06:46,24.034,5.758,64.091,4.006,0.501,2785520,131628,187340,4827964,38937.408,28348.340,136.194,6533.297,34.048,260.371,3098,7194,2.570,2.200,1.330,4,0,38.054,0,0,20,46,0,28,0
29-03 05:06:47,20.005,4.501,52.513,23.256,0,2764304,150400,187368,4830340,262124.958,238875.286,4.001,6501.586,1.000,536.131,5382,10712,2.570,2.200,1.330,0,1,7.002,0,0,20,48,0,29,0
29-03 05:06:48,25.465,4.244,50.182,18.475,0.499,2766200,134508,187396,4844028,459602.022,448160.605,0,16110.058,0,383.478,4989,10936,2.570,2.200,1.330,2,1,4.993,0,0,20,48,0,29,0
29-03 05:06:49,20.250,5.750,58.251,14.750,0,2767688,129228,187448,4847564,268438.637,258538.429,0,5420.114,0,253.005,4697,8510,2.770,2.250,1.350,3,0,4.000,0,0,20,48,0,30,0
29-03 05:06:50,46.798,23.023,27.528,2.002,0,2883056,190724,187500,4674664,324162.673,314124.465,12.012,10927.113,3.003,987.004,8240,14771,2.770,2.250,1.350,1,0,127.129,0,0,21,73,0,37,0
29-03 05:06:51,11.491,17.737,68.699,0.500,0.250,2882960,190708,187500,4674816,10999.827,1564.837,7.994,675.498,0.999,19.985,2958,5114,2.770,2.250,1.350,1,0,331.754,0,0,21,73,0,37,0
29-03 05:06:52,11.508,21.014,66.794,0,0.500,2873112,200508,187504,4675200,12820.462,3034.002,0,500.330,0,28.018,3306,5728,2.770,2.250,1.350,2,0,303.200,0,0,21,73,0,37,0
29-03 05:06:53,21.253,17.503,55.509,3.251,0,2903716,167332,187516,4676120,10117.568,3737.579,888.138,7569.173,55.009,365.057,5536,9435,2.770,2.250,1.350,3,0,112.017,0,0,21,73,0,38,0
29-03 05:06:54,48.511,9.002,41.009,1.500,0,3004748,133548,187516,4611504,11975.647,1982.438,308.068,664.147,14.003,94.021,2183,2852,2.790,2.260,1.360,2,1,94.021,0,0,21,74,0,38,0
29-03 05:06:55,37.185,10.731,48.416,2.745,0.250,3048984,120324,187536,4580880,62124.028,46495.191,91.840,3070.663,2.995,305.469,3072,4716,2.790,2.260,1.360,1,0,53.906,0,0,21,77,0,39,0
29-03 05:06:56,9.507,18.515,70.556,0.500,0,3050748,131452,187540,4568232,10172.016,1621.278,48.038,672.530,1.001,40.032,3099,5126,2.790,2.260,1.360,3,0,348.274,0,0,21,77,0,39,0
29-03 05:06:57,10.746,17.244,70.726,0,0.500,3050424,131748,187540,4568260,8911.006,1565.474,0,51.983,0,5.998,3228,5425,2.790,2.260,1.360,2,0,347.883,0,0,21,77,0,38,0
29-03 05:06:58,15.248,13.498,69.489,1.000,0,3056452,125636,187540,4568344,8444.683,1894.704,43.993,123.981,3.000,9.998,2864,4611,2.790,2.260,1.360,1,0,243.962,0,0,21,77,0,38,0
29-03 05:06:59,22.008,5.252,70.274,1.250,0.250,3095828,136628,187540,4519108,12337.207,2848.971,16.005,2452.836,1.000,297.101,2056,2176,2.720,2.260,1.370,1,0,0,0,0,21,77,0,33,0
29-03 05:07:00,34.241,3.999,59.985,1.250,0.250,3111136,121300,187540,4519236,411043.595,404133.350,3.999,651.834,1.000,56.986,2992,5638,2.720,2.260,1.370,1,0,3.999,0,0,21,90,0,34,0
29-03 05:07:01,21.999,5.750,71.745,0,0,3082412,175040,187540,4494736,60735.991,52916.508,43.997,79.995,2.000,6.000,1768,2796,2.720,2.260,1.370,1,0,64.996,0,0,21,87,0,35,0
29-03 05:07:02,23.989,3.498,72.217,0,0,3116464,140988,187540,4494736,10983.947,3829.239,0,319.853,0,3.998,1287,1969,2.720,2.260,1.370,2,0,1.999,0,0,21,88,0,35,0
29-03 05:07:03,25.529,2.753,70.581,0.501,0.501,3128688,128748,187552,4494736,265534.506,256751.467,0,420.481,0,52.060,2807,5176,2.720,2.260,1.370,3,0,0,0,0,21,89,0,35,0
29-03 05:07:04,29.476,5.246,62.948,2.248,0,3152424,129512,187552,4470884,354396.851,348392.834,0,1486.766,0,186.845,3929,7301,2.590,2.240,1.360,1,0,4.996,0,0,21,90,0,36,0
29-03 05:07:05,19.994,8.747,69.979,0.250,0.250,3127272,154640,187552,4470908,16808.974,11127.673,7.998,755.774,1.000,47.986,2179,3361,2.590,2.240,1.360,1,0,114.966,0,0,21,94,0,36,0
29-03 05:07:06,24.225,2.997,72.177,0.499,0.250,3158072,123832,187552,4470916,90325.410,83894.931,0,819.169,0,36.963,1747,3017,2.590,2.240,1.360,1,0,0,0,0,21,99,0,36,0
29-03 05:07:07,24.815,3.760,68.679,1.253,0,3178368,128164,187552,4446788,304617.310,298104.369,0,5209.550,0,479.247,3539,5598,2.590,2.240,1.360,1,0,0,0,0,21,98,0,36,0
29-03 05:07:08,28.732,2.748,66.707,0.999,0.250,3195664,135020,187556,4422976,450793.492,434198.113,0,883.435,0,100.935,2734,4834,2.590,2.240,1.360,2,0,1.999,0,0,21,101,0,36,0
29-03 05:07:09,21.465,6.240,70.636,0.250,0,3157992,172640,187556,4423028,20130.529,12872.237,0,599.034,0,48.921,2057,3366,2.460,2.210,1.360,1,0,91.852,0,0,21,99,0,37,0
29-03 05:07:10,25.014,3.002,71.039,0.250,0.500,3191992,138620,187556,4423048,49944.469,38815.348,0,740.407,0,24.013,1627,2326,2.460,2.210,1.360,2,0,0,0,0,21,100,0,37,0
29-03 05:07:11,23.757,6.002,70.022,0.500,0,3147796,182744,187560,4423116,211096.651,200563.375,0,728.226,0,56.017,2912,4862,2.460,2.210,1.360,1,0,56.017,0,0,21,99,0,37,0
29-03 05:07:12,24.257,3.501,72.271,0,0.250,3182824,147716,187560,4423116,9781.798,1620.463,0,316.090,0,14.004,1347,1983,2.460,2.210,1.360,1,0,3.001,0,0,21,99,0,37,0
29-03 05:07:13,25.271,2.502,70.808,0.250,0,3194568,135832,187560,4423256,240904.505,233837.682,0,248.205,0,6.005,2447,4352,2.460,2.210,1.360,1,0,0,0,0,21,101,0,37,0
29-03 05:07:14,22.263,6.004,71.043,0.750,0.250,3168068,162292,187564,4423288,9681.838,1881.134,0,152.092,0,12.007,1758,2572,2.340,2.190,1.360,1,0,53.032,0,0,21,99,0,38,0
29-03 05:07:15,23.208,3.244,71.869,0,0,3194808,135548,187564,4423292,90534.684,81868.508,0,371.322,0,22.958,1579,2894,2.340,2.190,1.360,1,0,0,0,0,21,99,0,38,0
29-03 05:07:16,22.999,6.250,69.246,0.750,0.500,3145508,184800,187568,4423320,282822.445,275882.826,0,651.964,0,67.996,2974,5261,2.340,2.190,1.360,1,0,82.995,0,0,21,99,0,39,0
29-03 05:07:17,24.496,3.499,71.989,0.250,0,3194680,135628,187568,4423320,8651.676,1619.752,0,575.912,0,35.994,1707,2495,2.340,2.190,1.360,1,0,1.000,0,0,21,99,0,39,0
29-03 05:07:18,24.803,5.011,70.150,0,0,3137800,192460,187568,4423364,249300.750,239412.540,0,641.376,0,36.077,2714,5077,2.340,2.190,1.360,1,0,45.097,0,0,21,99,0,41,0
29-03 05:07:19,22.449,3.742,72.088,0.249,0,3188112,142148,187568,4423364,13099.513,4548.761,0,371.165,0,31.928,1688,2435,2.230,2.170,1.360,3,0,11.973,0,0,21,99,0,41,0
29-03 05:07:20,25.544,3.756,69.119,1.002,0.250,3201728,128508,187568,4423388,269241.018,251728.967,0,725.245,0,59.101,2841,5185,2.230,2.170,1.360,5,0,0,0,0,21,101,0,42,0
29-03 05:07:21,33.205,6.741,54.427,4.993,0.250,3210308,192448,187588,4352764,360131.983,351056.180,7.989,5520.580,1.997,672.097,4696,7854,2.230,2.170,1.360,1,0,2.996,0,0,21,99,0,43,0
29-03 05:07:22,23.002,5.000,71.005,0,0,3190148,212600,187588,4352772,11179.783,1620.113,0,508.036,0,31.002,1810,2703,2.230,2.170,1.360,1,0,56.004,0,0,21,99,0,43,0
29-03 05:07:23,23.498,4.000,71.243,0.250,0.250,3209008,193724,187588,4352788,91917.176,82892.042,0,603.942,0,29.997,1876,2905,2.230,2.170,1.360,1,0,0,0,0,21,99,0,43,0
29-03 05:07:24,26.001,2.250,70.003,0.750,0.250,3212572,190132,187588,4352816,386867.409,379128.061,0,2416.109,0,164.007,2988,5069,2.130,2.150,1.360,1,0,0,0,0,21,101,0,43,0
29-03 05:07:25,29.274,2.752,66.054,1.251,0,3218640,183864,187588,4353008,586699.440,577708.031,0,1172.967,0,158.130,3446,6365,2.130,2.150,1.360,2,0,1.001,0,0,21,103,0,43,0
29-03 05:07:26,26.722,5.494,67.180,0.749,0,3163952,238508,187588,4353052,378655.441,370170.283,0,775.192,0,84.912,2668,4784,2.130,2.150,1.360,1,0,69.927,0,0,21,101,0,44,0
29-03 05:07:27,22.750,3.500,72.750,0,0,3213876,188580,187588,4353056,10958.011,1620.002,0,364.000,0,22.000,1494,2154,2.130,2.150,1.360,1,0,1.000,0,0,21,101,0,44,0
29-03 05:07:28,24.756,3.501,70.518,0.500,0.250,3226280,176152,187588,4353064,266559.973,259902.275,0,788.201,0,44.011,2728,4709,2.130,2.150,1.360,1,1,0,0,0,21,103,0,45,0
29-03 05:07:29,19.524,9.762,67.833,2.503,0,3178896,222116,187588,4354480,167579.620,157914.761,1193.464,3304.054,16.020,250.307,3415,6224,2.200,2.170,1.370,1,0,148.182,0,0,21,101,0,46,0
29-03 05:07:30,22.487,5.247,71.460,0,0.250,3212172,188824,187588,4354496,11095.786,1619.093,0,291.837,0,14.992,1489,2126,2.200,2.170,1.370,1,0,0,0,0,21,101,0,46,0
29-03 05:07:31,23.726,3.996,70.927,0,0.250,3223968,177012,187592,4354508,292463.517,283579.614,0,539.448,0,33.965,2779,5164,2.200,2.170,1.370,1,0,0,0,0,21,103,0,41,0
29-03 05:07:32,30.017,4.002,64.537,1.751,0.250,3228784,172184,187592,4354520,667794.979,658727.792,0,952.545,0,124.071,3082,5834,2.200,2.170,1.370,1,0,3.002,0,0,21,103,0,41,0
29-03 05:07:33,34.769,5.003,58.782,0.750,0,3169928,230656,187592,4354812,747293.264,738813.609,76.042,868.477,5.003,69.038,2890,4955,2.200,2.170,1.370,3,1,70.038,0,0,21,101,0,42,0
29-03 05:07:34,41.528,13.259,42.529,1.251,0,3200784,199408,187600,4355132,605267.134,596513.260,76.051,2097.407,4.003,170.114,4303,7953,2.350,2.200,1.380,2,0,221.148,0,0,21,101,0,42,0
29-03 05:07:35,23.964,4.493,69.645,0.749,0.250,3241288,158896,187600,4355140,94003.243,86635.354,0,1226.151,0,83.874,2193,3417,2.350,2.200,1.380,1,0,0.998,0,0,21,104,0,42,0
29-03 05:07:36,22.747,5.499,70.241,0,0,3178576,221576,187600,4355152,184214.157,176910.063,0,1131.860,0,46.994,2467,4647,2.350,2.200,1.380,2,0,90.989,0,0,21,103,0,42,0
29-03 05:07:37,9.511,19.022,69.832,0.751,0,3179296,220828,187600,4355180,15548.347,1712.020,8.009,824.973,1.001,39.046,3009,4854,2.350,2.200,1.380,2,0,310.366,0,0,21,103,0,42,0
29-03 05:07:38,14.237,17.984,62.693,3.747,0.500,3181452,218472,187600,4355892,13587.567,2017.154,319.707,843.228,16.984,36.966,3661,6148,2.350,2.200,1.380,1,0,223.795,0,0,21,103,0,40,0
29-03 05:07:39,27.053,18.286,53.354,0.751,0,3210700,187892,187600,4355552,9412.279,1623.152,0,4645.021,0,205.399,5208,8576,2.640,2.260,1.400,3,0,194.377,0,0,21,103,0,40,0
29-03 05:07:40,31.715,21.476,44.451,0,0.250,3254104,144196,187600,4355712,20409.631,1688.150,0,539.409,0,15.982,3020,5041,2.640,2.260,1.400,2,0,368.596,0,0,21,103,0,33,0
29-03 05:07:41,36.022,21.763,40.275,0.250,0,3286116,122676,187612,4344848,97203.071,87087.820,4.002,612.378,1.001,11.007,4618,9498,2.640,2.260,1.400,1,0,223.138,0,0,21,106,0,33,0
29-03 05:07:42,53.217,25.734,20.237,0.999,0.250,3420744,133068,187624,4204808,69890.738,60384.622,75.953,7899.110,2.998,581.640,6321,13321,2.640,2.260,1.400,3,0,350.783,0,0,23,115,0,33,0
29-03 05:07:43,52.023,25.511,21.759,0.250,0.250,3492740,131884,187628,4134408,10731.647,2032.880,0,2833.227,0,256.111,3730,6026,2.640,2.260,1.400,3,0,471.204,0,0,23,115,0,33,0
29-03 05:07:44,62.486,20.745,16.996,0.250,0,3562468,126856,187624,4070296,8837.056,1709.624,0,2123.533,0,252.944,5362,10879,2.670,2.280,1.410,6,0,116.974,0,0,23,115,0,28,0
29-03 05:07:45,60.745,26.638,10.705,0.249,0,3650728,133004,187628,3978868,70852.914,59875.940,35.850,6703.891,4.979,506.875,7256,14293,2.670,2.280,1.410,7,0,459.075,0,0,23,133,0,28,0
29-03 05:07:46,32.622,24.592,41.655,1.004,0,3691080,123008,187632,3949120,17296.429,7171.715,20.075,1682.266,2.007,166.621,3974,6061,2.670,2.280,1.410,2,0,397.481,0,0,23,133,0,28,0
29-03 05:07:47,31.510,21.007,45.014,0.750,0.250,3694104,169500,187644,3899728,22124.124,10838.490,168.054,1872.603,8.003,239.077,5408,15741,2.670,2.280,1.410,1,0,239.077,0,0,24,133,0,29,0
29-03 05:07:48,30.267,21.262,47.027,0,0,3747436,136348,187648,3879628,8612.892,1690.960,0,1945.105,0,227.129,4029,6673,2.670,2.280,1.410,2,0,355.202,0,0,24,133,0,28,0
29-03 05:07:49,34.000,22.500,42.750,0,0.250,3784760,140592,187648,3840456,9061.036,1662.007,0,28.000,0,7.000,3622,7098,2.700,2.290,1.420,2,0,294.001,0,0,24,133,0,28,0
29-03 05:07:50,44.221,22.485,30.980,0.250,0.250,3878420,124376,187660,3764212,153727.386,143733.992,179.881,1447.044,4.997,36.976,6949,13909,2.700,2.290,1.420,2,0,176.883,0,0,24,145,0,23,0
29-03 05:07:51,35.502,23.251,38.502,2.500,0,3925624,135012,187660,3707864,12461.710,2911.166,52.003,5740.327,3.000,540.031,4148,6627,2.700,2.290,1.420,2,0,504.029,0,0,24,145,0,23,0
29-03 05:07:52,33.512,22.258,42.515,0.500,0.250,3964264,134864,187660,3670656,43808.377,35019.292,20.007,1460.513,1.000,142.050,3764,6150,2.700,2.290,1.420,2,0,409.144,0,0,24,152,0,20,0
29-03 05:07:53,32.490,23.493,42.987,0.250,0,4014388,132668,187668,3623992,114303.709,106142.157,0,771.768,0,44.987,4941,10483,2.700,2.290,1.420,2,0,396.881,0,0,24,159,0,21,0
29-03 05:07:54,21.761,15.508,61.530,0,0,4004484,140856,187668,3624212,11596.740,1458.722,4.002,276.137,1.000,9.004,3964,11095,4.160,2.600,1.530,1,0,95.047,0,0,24,159,0,20,0
29-03 05:07:55,42.481,13.994,41.731,1.249,0.250,4100828,139252,187668,3533720,28590.020,9937.488,0,6397.096,0,581.736,3600,4944,4.160,2.600,1.530,3,0,128.941,0,0,24,159,0,20,0
29-03 05:07:56,44.042,8.258,46.545,0.751,0,4198820,127224,186588,3451200,9879.504,1908.836,8.008,812.782,2.002,99.095,2019,2402,4.160,2.600,1.530,4,0,1.001,0,0,24,159,0,19,0
29-03 05:07:57,47.218,5.746,43.470,3.248,0.250,4255980,167740,186088,3357620,38461.654,28622.394,431.704,343.765,12.991,11.992,2228,3120,4.160,2.600,1.530,5,0,3.997,0,0,24,162,0,19,0
29-03 05:07:58,43.249,20.750,31.249,4.250,0.250,4196212,220808,186244,3364032,142956.570,134580.712,4679.920,595.990,76.999,29.999,6070,13762,4.160,2.600,1.530,5,0,433.993,0,0,24,165,0,19,0
29-03 05:07:59,46.513,29.008,23.507,0.250,0,4227720,185600,186256,3367444,16006.530,3834.085,520.147,828.234,6.002,30.008,4368,8713,4.150,2.620,1.540,7,0,488.138,0,0,24,166,0,19,0
29-03 05:08:00,48.205,18.483,31.221,0.500,0.250,4244956,166120,186260,3368932,340038.364,331987.931,135.872,1174.896,1.998,38.963,6810,14155,4.150,2.620,1.540,6,0,127.880,0,0,24,183,0,18,0
29-03 05:08:01,77.576,17.767,1.501,2.252,0,4295220,147828,185752,3339456,42150.223,31907.205,268.262,11094.851,5.005,578.566,4372,6260,4.150,2.620,1.540,8,0,157.154,0,0,24,182,0,18,0
29-03 05:08:02,77.338,19.459,0.998,0.998,0,4412176,147116,184516,3228172,91439.069,83527.675,139.707,4530.491,5.987,204.571,3625,6129,4.150,2.620,1.540,6,0,38.918,0,0,24,182,0,18,0
29-03 05:08:03,72.388,18.285,6.262,2.505,0,4412208,186996,184044,3189856,294119.592,274231.686,557.062,2087.980,16.031,118.225,6780,14026,4.150,2.620,1.540,6,0,59.113,0,0,24,200,0,24,0
29-03 05:08:04,56.712,25.233,14.740,1.499,0.250,4459004,132224,184052,3197620,107173.051,93667.992,1027.320,751.503,9.993,35.976,8499,32432,4.060,2.630,1.550,4,0,348.769,0,0,24,199,0,25,0
29-03 05:08:05,53.950,19.143,24.364,0.994,0,4468824,138908,183956,3180528,576369.200,568376.710,103.424,2251.462,15.911,156.131,6719,13055,4.060,2.630,1.550,4,0,243.643,0,0,24,205,0,25,0
29-03 05:08:06,47.800,24.655,27.170,0.755,0,4473188,158020,183664,3159044,257012.210,245622.809,32.202,1477.261,1.006,75.473,6326,11632,4.060,2.630,1.550,4,0,306.924,0,0,24,206,0,25,0
29-03 05:08:07,54.750,24.500,19.500,1.000,0.250,4543264,142668,182740,3108680,32892.296,23084.208,928.008,1124.010,26.000,52.000,4368,9187,4.060,2.630,1.550,4,0,367.003,0,0,24,206,0,25,0
29-03 05:08:08,59.367,24.984,14.842,0.742,0.247,4608360,121336,181904,3067424,317824.265,307586.360,522.433,2192.635,13.852,63.325,5773,13345,4.060,2.630,1.550,6,0,220.649,0,0,24,210,0,27,0
29-03 05:08:09,57.590,23.996,16.166,1.263,0.253,4632548,143252,181020,3024196,34180.383,24925.511,198.030,20320.303,11.114,881.031,7543,12508,4.050,2.650,1.560,3,0,404.143,0,0,24,212,0,27,0
29-03 05:08:10,62.687,21.229,14.985,0.250,0,4693420,143284,179904,2966684,103656.033,95055.659,79.920,6405.575,6.993,501.497,4992,8277,4.050,2.650,1.560,5,0,133.866,0,0,24,214,0,26,0
29-03 05:08:11,67.325,14.516,16.518,0.250,0,4741976,158836,178580,2906836,271229.234,260761.531,196.219,1077.204,6.007,81.091,5264,12061,4.050,2.650,1.560,3,0,144.161,0,0,24,220,0,28,0
29-03 05:08:12,62.510,10.502,23.004,3.000,0.250,4847084,137148,176464,2831480,101401.427,90886.724,292.047,5588.905,11.002,505.082,3495,3781,4.050,2.650,1.560,4,1,3.000,0,0,24,221,0,27,0
29-03 05:08:13,59.480,10.247,23.492,6.498,0,4823600,186536,175740,2807632,555863.118,545740.540,367.876,1235.582,32.989,71.976,5678,10617,4.050,2.650,1.560,4,0,17.994,0,0,24,229,0,31,0
29-03 05:08:14,64.274,13.755,20.258,1.000,0,4837840,198560,175112,2783452,89255.739,69691.343,384.145,796.301,15.006,52.020,3933,7766,3.970,2.660,1.570,3,0,125.047,0,0,24,234,0,30,0
29-03 05:08:15,48.487,25.743,24.494,0.250,0,4838300,197560,175148,2783972,196571.908,186671.532,511.864,1439.619,3.999,60.984,4250,8994,3.970,2.660,1.570,3,1,485.871,0,0,24,238,0,30,0
29-03 05:08:16,50.269,24.509,20.508,3.251,0,4825648,200560,175184,2792480,97080.599,86941.777,8559.227,2111.796,105.040,72.027,6728,13128,3.970,2.660,1.570,3,0,286.108,0,0,24,236,0,29,0
29-03 05:08:17,66.485,19.246,12.497,1.750,0.250,4935936,128292,174328,2758052,33934.568,24951.536,3331.270,7714.311,50.989,651.857,6239,9200,3.970,2.660,1.570,5,0,150.967,0,0,25,243,0,29,0
29-03 05:08:18,80.987,12.748,4.999,1.250,0.250,4931620,195788,172872,2698164,284690.304,277328.459,923.855,3923.384,20.997,189.970,4192,7892,3.970,2.660,1.570,6,0,55.991,0,0,25,245,0,30,0
29-03 05:08:19,75.744,11.499,4.250,8.749,0.250,5055084,128560,171416,2646088,14517.781,6476.456,2031.829,503.958,121.990,19.998,3092,4675,3.970,2.680,1.580,6,0,9.999,0,0,25,247,0,28,0
29-03 05:08:20,70.774,16.506,10.253,1.501,0,5027624,203448,170216,2601752,285991.807,277047.811,1100.369,1404.470,75.025,71.024,5755,15335,3.970,2.680,1.580,3,0,198.066,0,0,25,244,0,29,0
29-03 05:08:21,48.459,11.241,39.717,0.500,0.250,5066856,187636,169732,2579288,36412.304,21964.484,767.353,591.501,21.981,39.966,2915,4085,3.970,2.680,1.580,2,0,20.982,0,0,25,247,0,28,0
29-03 05:08:22,42.952,9.240,47.447,0.250,0,5098588,155912,169736,2579424,207139.868,198241.753,511.432,691.232,3.996,19.978,3015,5193,3.970,2.680,1.580,2,0,6.992,0,0,25,250,0,28,0
29-03 05:08:23,45.222,7.995,46.721,0.250,0,5043204,211184,169740,2579532,95619.429,83904.727,315.803,647.597,9.994,46.971,2757,4130,3.970,2.680,1.580,2,0,13.991,0,0,25,250,0,28,0
29-03 05:08:24,44.021,7.504,48.023,0.250,0,5061444,192900,169740,2579572,122596.214,108162.242,512.247,712.344,4.002,41.020,2610,4132,3.810,2.670,1.590,3,0,6.003,0,0,25,252,0,29,0
29-03 05:08:25,47.030,8.505,45.029,0.250,0,5045268,208700,169748,2579928,274669.063,210279.789,344.221,744.477,6.004,65.042,3484,5736,3.810,2.670,1.590,3,0,14.009,0,0,25,253,0,30,0
29-03 05:08:26,40.973,9.494,48.468,0.250,0.500,5061588,192128,169748,2580164,314791.978,9884.437,511.660,263.825,3.997,12.991,2486,3045,3.810,2.670,1.590,3,0,7.995,0,0,25,253,0,30,0
29-03 05:08:27,46.464,8.244,44.965,0.250,0,5088084,164660,169748,2581136,1028059.310,235261.143,259.799,803.379,2.998,31.975,3356,6155,3.810,2.670,1.590,2,0,4.996,0,0,25,258,0,29,0
29-03 05:08:28,32.085,7.019,59.156,0.501,0.251,5007140,244204,169792,2582488,1480509.949,105338.621,513.358,1219.225,4.011,101.268,3988,5276,3.810,2.670,1.590,1,0,45.119,0,0,25,260,0,29,0
29-03 05:08:29,21.449,7.482,71.083,0,0.249,5024140,225596,169792,2584076,1713949.649,10935.247,255.399,223.474,1.995,9.977,2591,2949,3.590,2.640,1.580,2,0,5.986,0,0,25,260,0,28,0
29-03 05:08:30,10.506,1.751,85.050,0.500,0,5006804,241180,169800,2585816,1772947.174,15169.874,256.150,312.183,2.001,27.016,2567,3273,3.590,2.640,1.580,0,0,1.001,0,0,25,260,0,28,0
29-03 05:08:31,6.495,1.749,90.937,0.500,0,5007028,238784,169816,2587972,2323856.567,27305.078,0,367.745,0,44.969,3098,3658,3.590,2.640,1.580,0,0,0,0,0,25,260,0,27,0
29-03 05:08:32,3.751,1.250,93.284,0.250,0.250,5006072,237840,169824,2589864,1941041.598,11194.063,0,172.062,0,9.003,2482,2771,3.590,2.640,1.580,0,0,2.001,0,0,25,260,0,27,0
29-03 05:08:33,3.999,1.250,93.222,0,0,5005884,236108,169824,2591784,2031188.706,16121.196,0,163.951,0,9.997,2654,2906,3.590,2.640,1.580,0,0,0,0,0,25,260,0,27,0
29-03 05:08:34,5.751,1.000,92.259,0.500,0.500,5005720,234188,169836,2593856,2129377.808,15300.515,0,516.051,0,40.004,2924,3401,3.300,2.600,1.570,1,0,0,0,0,25,260,0,27,0
29-03 05:08:35,3.999,1.500,92.981,0.250,0,5006140,231632,169844,2595984,2240379.761,25562.657,0,155.967,0,23.995,2715,3281,3.300,2.600,1.570,2,0,0,0,0,25,260,0,26,0
29-03 05:08:36,11.010,14.514,70.817,3.754,0.250,5015324,220232,169852,2598192,253316.130,4611.353,1937.829,260.246,23.022,16.015,3021,4844,3.300,2.600,1.570,1,0,248.234,0,0,25,259,0,26,0
29-03 05:08:37,25.242,3.249,70.228,0.500,0,5056544,179000,169860,2598196,17560.556,9283.122,0,231.928,0,18.994,1950,3120,3.300,2.600,1.570,1,0,1.000,0,0,25,259,0,25,0
29-03 05:08:38,26.232,3.498,68.454,0.500,0.250,5069600,165928,169884,2598188,184919.104,176828.525,0,659.558,0,49.967,2880,5005,3.300,2.600,1.570,1,0,0,0,0,25,264,0,26,0
29-03 05:08:39,26.999,3.750,68.247,0.250,0,5070572,164792,169888,2598332,410247.359,401087.753,0,323.986,0,21.999,3632,6722,3.110,2.570,1.570,1,0,0,0,0,25,265,0,26,0
29-03 05:08:40,27.486,3.748,65.966,1.249,0,5088048,147216,169892,2598412,10683769.910,10666807.595,35.982,467.761,4.997,60.969,3671,7016,3.110,2.570,1.570,1,0,4.997,0,0,25,274,0,27,0
29-03 05:08:41,27.537,4.756,65.588,0.751,0.250,5095924,138620,169948,2598696,562702.021,555298.099,4.005,797.068,1.001,88.118,4319,8319,3.110,2.570,1.570,1,0,3.004,0,0,25,277,0,27,0
29-03 05:08:42,26.746,3.749,67.991,0.750,0.750,5105680,128568,169964,2598956,440507.972,431815.137,31.996,511.931,5.999,38.995,3901,7893,3.110,2.570,1.570,1,0,3.000,0,0,25,282,0,30,0
29-03 05:08:43,24.492,9.747,56.231,9.497,0,5035332,234348,168472,2568904,55527620.775,55518431.844,187.937,40514.468,5.998,918.693,5258,7891,3.110,2.570,1.570,1,0,76.974,0,0,25,277,0,36,0
29-03 05:08:44,11.746,17.494,67.477,1.499,0,5041360,228024,168604,2569068,10747.303,1619.443,167.942,279.904,5.998,16.994,3573,6001,2.940,2.540,1.570,1,0,408.859,0,0,25,277,0,36,0
29-03 05:08:45,24.009,4.502,71.028,0.250,0,5084916,184428,168608,2569104,17121.729,7745.044,0,432.170,0,28.011,2125,3225,2.940,2.540,1.570,1,0,1.000,0,0,25,277,0,36,0
29-03 05:08:46,13.245,2.249,82.220,1.000,0.250,5096492,172632,168628,2569288,15108.410,5011.146,0,1411.478,0,92.966,2300,3682,2.940,2.540,1.570,0,0,19.993,0,0,25,279,2,37,0
29-03 05:08:47,14.009,5.253,77.551,0.750,0,5035640,233360,168728,2569292,19070.434,9790.383,96.063,156.102,7.005,13.008,3135,6523,2.940,2.540,1.570,1,0,56.037,0,0,25,279,0,37,0
29-03 05:08:48,12.006,18.258,68.531,0.500,0.750,5034920,234004,168752,2569344,22905.514,14801.794,4.002,416.191,1.000,35.016,3781,6371,2.940,2.540,1.570,1,0,346.159,0,0,25,279,0,37,0
29-03 05:08:49,12.986,15.234,71.425,0,0,5035692,233040,168756,2569532,17018.165,8180.427,27.971,251.736,1.998,18.980,3275,5419,2.710,2.500,1.560,0,0,294.691,0,0,25,279,0,37,0
29-03 05:08:50,8.999,3.000,85.990,1.250,0,5043076,225624,168784,2569536,22618.331,14932.238,0,623.926,0,67.992,2363,3850,2.710,2.500,1.560,1,0,29.996,0,0,25,283,0,37,0
29-03 05:08:51,29.515,5.503,63.533,1.001,0.250,5082652,185880,168812,2569660,26599.965,17909.402,0,548.288,0,58.030,2466,4020,2.710,2.500,1.560,1,0,1.001,0,0,25,283,0,37,0
29-03 05:08:52,26.053,3.257,69.893,0.251,0,5097248,171216,168828,2569704,139820.352,132360.073,0,533.092,0,26.053,2363,4333,2.710,2.500,1.560,1,0,2.004,0,0,25,285,0,37,0
29-03 05:08:53,19.483,9.242,67.692,1.748,0.250,5037536,230772,168840,2569816,147770.474,139909.258,99.914,619.465,9.991,45.960,3299,5602,2.710,2.500,1.560,1,0,135.883,0,0,25,287,0,37,0
29-03 05:08:54,13.242,16.740,68.461,0,0.250,5037392,230552,168848,2570168,9966.309,1619.076,47.973,291.833,5.997,9.994,3188,5072,2.570,2.480,1.560,1,0,203.884,0,0,25,287,0,37,0
29-03 05:08:55,13.749,16.749,68.245,0.500,0.250,5036520,231196,168856,2570388,17007.639,8828.294,7.999,583.953,2.000,25.998,3201,5187,2.570,2.480,1.560,3,0,184.985,0,0,25,287,0,37,0
29-03 05:08:56,20.986,7.995,69.704,0.250,0,5076456,190988,168864,2570652,19763.995,3552.662,3.997,695.542,0.999,39.974,2482,3616,2.570,2.480,1.560,2,0,81.946,0,0,25,287,0,37,0
29-03 05:08:57,26.052,3.507,69.389,0.251,0,5121232,146204,168868,2570656,16515.129,10367.798,0,553.110,0,23.046,2030,3172,2.570,2.480,1.560,4,0,0,0,0,25,287,0,37,0
29-03 05:08:58,31.710,5.493,62.172,0.499,0.250,5156056,137180,168088,2548328,203362.983,196356.769,15.980,539.324,0.999,58.926,3715,6972,2.570,2.480,1.560,1,0,1.997,0,0,25,291,0,37,0
29-03 05:08:59,26.242,2.749,70.728,0.500,0,5068060,225072,168108,2548412,22403.033,11861.311,0,291.909,0,25.992,2144,3140,2.450,2.450,1.550,1,0,5.998,0,0,25,287,0,37,0
29-03 05:09:00,23.768,4.253,69.304,1.251,0.250,5114000,179080,168108,2548460,19369.030,8448.556,20.016,2121.646,4.003,199.155,2596,3420,2.450,2.450,1.550,1,0,2.002,0,0,25,287,0,37,0
29-03 05:09:01,29.960,5.243,65.413,0.499,0,5146852,146052,168136,2548604,72887.986,66636.307,3.995,958.724,0.999,80.892,2686,4247,2.450,2.450,1.550,1,0,5.992,0,0,25,290,0,38,0
29-03 05:09:02,26.297,3.256,69.874,0,0.501,5041012,251832,168140,2548640,171220.890,161302.344,0,232.411,0,18.032,2436,4548,2.450,2.450,1.550,3,0,18.032,0,0,25,287,0,38,0
29-03 05:09:03,23.706,4.492,69.372,1.248,0,5090740,202000,168228,2548656,15814.711,5218.336,87.837,247.542,6.987,12.976,1930,2740,2.450,2.450,1.550,1,0,5.989,0,0,25,287,0,38,0
29-03 05:09:04,25.805,3.006,70.902,0,0,5104012,188708,168228,2548676,11260.198,1627.497,0,376.810,0,8.017,1856,2563,2.330,2.430,1.550,3,0,0,0,0,25,287,0,31,0
29-03 05:09:05,16.972,11.232,70.385,0,0.250,5040368,252232,168256,2548768,15731.374,9053.252,387.369,587.044,3.993,29.951,2768,4566,2.330,2.430,1.550,1,0,167.727,0,0,25,287,0,31,0
29-03 05:09:06,11.743,17.739,67.459,1.749,0,5041060,251156,168400,2548992,13709.596,4507.237,211.870,335.794,19.988,16.990,3797,6352,2.330,2.430,1.550,0,1,321.803,0,0,25,287,0,30,0
29-03 05:09:07,17.254,6.501,69.765,5.751,0.500,5047724,243208,168432,2550244,14985.267,7911.725,1168.255,288.063,101.022,21.005,2618,4380,2.330,2.430,1.550,1,0,90.020,0,0,25,287,0,30,0
29-03 05:09:08,29.739,2.999,64.977,1.999,0,5068504,221852,168584,2550652,28926.673,18418.425,607.783,955.659,57.979,87.969,2604,3768,2.330,2.430,1.550,2,0,0,0,0,25,287,0,29,0
29-03 05:09:09,19.745,4.749,69.731,3.999,0.250,5075844,213380,168676,2551660,11867.796,1843.502,1131.694,767.793,130.965,27.992,2245,3085,2.220,2.400,1.540,1,0,3.999,0,0,25,287,0,29,0
29-03 05:09:10,26.012,1.751,69.782,0.750,0.250,5089724,199064,168712,2552060,19499.931,8814.037,148.068,936.429,15.007,52.024,2222,3112,2.220,2.400,1.540,2,0,2.001,0,0,25,287,0,27,0
29-03 05:09:11,25.750,5.500,63.000,5.500,0,5097912,187572,168752,2555324,36058.108,26490.079,3156.009,4032.012,61.000,222.001,9430,18971,2.220,2.400,1.540,3,0,5.000,0,0,25,287,0,27,0
29-03 05:09:12,24.031,3.254,71.593,0.501,0,5078524,206804,168760,2555472,21041.291,2675.470,28.036,352.457,2.003,19.025,2038,2736,2.220,2.400,1.540,3,0,9.012,0,0,25,287,1,25,0
29-03 05:09:13,4.493,1.248,92.864,0,0.250,5078796,206488,168772,2555504,13715.879,4015.110,0,535.215,0,9.985,1767,2609,2.220,2.400,1.540,0,0,0,0,0,25,288,0,25,0
29-03 05:09:14,4.251,1.000,91.761,2.250,0,5079532,205700,168804,2555524,20679.482,2928.351,8.001,3992.479,2.000,483.058,2200,2703,2.040,2.360,1.540,1,0,0,0,0,25,289,0,21,0
29-03 05:09:15,3.500,1.250,93.754,0,0,5079976,205228,168808,2555548,22360.850,8589.326,0,84.003,0,12.000,1820,2832,2.040,2.360,1.540,0,0,0,0,0,25,289,0,21,0
29-03 05:09:16,4.000,0.750,93.505,0,0.250,5080156,204976,168816,2555612,71779.661,6004.306,0,268.014,0,19.001,2175,3271,2.040,2.360,1.540,0,0,0,0,0,25,289,0,22,0
29-03 05:09:17,13.250,1.500,84.248,0,0.500,5081108,203212,168892,2556348,99466.210,10849.805,0,451.992,0,22.000,2186,3083,2.040,2.360,1.540,1,0,0,0,0,25,289,0,22,0
29-03 05:09:18,5.750,1.250,91.500,1.000,0,5081032,202868,168928,2556732,408431.958,28563.857,0,679.997,0,50.000,2411,3637,2.040,2.360,1.540,0,0,0,0,0,25,289,0,21,0
29-03 05:09:19,17.507,3.501,77.281,0.500,0,5096568,181624,169316,2562052,502689.092,4669.896,28.011,1032.419,2.001,13.005,2007,2792,1.880,2.320,1.530,1,0,2.001,0,0,25,289,0,21,0
29-03 05:09:20,24.237,5.997,68.214,1.249,0,5094544,183520,169340,2562156,18423.236,7652.944,43.977,1031.453,3.998,39.979,2268,3275,1.880,2.320,1.530,1,0,1.999,0,0,25,289,0,21,0
29-03 05:09:21,29.063,6.264,62.385,2.255,0.251,5105616,168664,169636,2565644,27332.065,14573.493,84.182,1595.448,11.024,76.165,3061,4702,1.880,2.320,1.530,2,0,4.009,0,0,25,289,0,21,0
29-03 05:09:22,27.682,2.743,68.083,0.249,0.249,5090404,183484,169752,2565920,9375.022,1902.337,3.990,478.826,0.998,8.978,2596,3938,1.880,2.320,1.530,1,0,1.995,0,0,25,289,0,20,0
29-03 05:09:23,26.010,4.252,66.526,2.251,0.250,5088960,183116,169792,2567692,10580.126,3257.270,48.019,480.187,12.005,32.012,2111,3067,1.880,2.320,1.530,1,0,0,0,0,25,289,0,21,0
29-03 05:09:24,21.756,5.501,71.019,0,0,5105316,164100,170444,2569700,19150.075,1732.459,0,1988.527,0,95.025,1970,2617,1.810,2.300,1.530,1,0,2.001,0,0,25,289,0,20,0
29-03 05:09:25,26.303,5.762,66.384,0,0.251,5113124,156288,170448,2569700,15088.388,7514.133,0,308.622,0,17.034,8324,17608,1.810,2.300,1.530,1,0,12.024,0,0,25,289,0,20,0
29-03 05:09:26,20.464,9.983,69.628,0.749,0,5041604,235276,170572,2562108,18549.483,10341.871,275.517,307.461,6.988,12.977,2834,4473,1.810,2.300,1.530,1,0,109.808,0,0,25,287,0,17,0
29-03 05:09:27,18.247,12.248,68.989,0,0,5067852,208872,170588,2562284,19669.853,9472.484,0,491.921,0,16.997,2869,4715,1.810,2.300,1.530,1,0,193.969,0,0,25,287,0,17,0
29-03 05:09:28,27.248,3.000,68.746,0.500,0.250,5094076,182412,170600,2562508,25276.534,15073.126,0,407.976,0,39.998,2310,3377,1.810,2.300,1.530,1,0,0,0,0,25,287,0,17,0
29-03 05:09:29,26.986,1.749,69.965,0.500,0.250,5105192,171260,170604,2562536,279443.999,271749.853,0,519.740,0,15.992,2749,5486,1.830,2.300,1.530,2,0,0,0,0,25,289,0,19,0
29-03 05:09:30,22.778,8.260,67.834,0.250,0,5067544,208708,170624,2562716,68509.472,59986.964,156.193,332.410,3.004,32.040,2671,4457,1.830,2.300,1.530,1,0,114.141,0,0,25,285,0,20,0
29-03 05:09:31,24.724,4.995,68.427,0.749,0.250,5101504,174732,170660,2562696,29111.850,16058.817,0,907.029,0,55.940,2522,3917,1.830,2.300,1.530,1,0,0,0,0,25,285,0,20,0
29-03 05:09:32,26.762,3.251,70.030,0,0,5105236,170952,170668,2562736,195236.342,181382.357,0,172.074,0,12.005,2610,4452,1.830,2.300,1.530,2,0,2.001,0,0,25,285,0,20,0
29-03 05:09:33,22.514,6.504,70.043,0,0,5085860,190308,170668,2562756,14745.112,4971.072,0,172.106,0,9.006,2109,3233,1.830,2.300,1.530,1,0,72.045,0,0,25,285,0,20,0
29-03 05:09:34,25.492,3.499,70.728,0.250,0.250,5104536,171596,170668,2562792,87351.484,79725.886,0,243.923,0,9.997,2096,3450,2,2.320,1.540,1,0,0,0,0,25,285,0,20,0
29-03 05:09:35,25.982,5.996,68.203,0.250,0.250,5052748,223160,170700,2562968,208070.639,189492.440,0,775.466,0,51.964,3337,5368,2,2.320,1.540,1,0,56.961,0,0,25,285,0,20,0
29-03 05:09:36,24.502,3.500,70.255,0.250,0,5091736,184140,170700,2563000,12029.938,3245.253,0,180.014,0,14.001,2099,2676,2,2.320,1.540,1,0,1.000,0,0,25,285,0,20,0
29-03 05:09:37,25.260,3.751,69.027,0.250,0.500,5104820,171036,170724,2562996,245656.297,237059.927,0,500.196,0,29.011,2995,5295,2,2.320,1.540,1,0,0,0,0,25,288,0,21,0
29-03 05:09:38,24.989,5.498,68.969,0.500,0,5078480,197336,170728,2563032,35000.285,23964.240,0,339.847,0,33.985,2302,3531,2,2.320,1.540,1,0,28.987,0,0,25,285,0,21,0
29-03 05:09:39,25.037,4.256,69.853,0,0,5105944,169848,170728,2563052,93841.854,85572.706,0,324.477,0,12.018,2221,3385,1.920,2.300,1.540,2,0,0,0,0,25,287,0,22,0
29-03 05:09:40,24.716,4.244,67.908,0.749,0,5065080,210668,170744,2563080,201509.946,192546.137,0,639.131,0,54.925,3222,5460,1.920,2.300,1.540,2,0,48.933,0,0,25,285,0,22,0
29-03 05:09:41,24.259,6.002,69.026,0,0.250,5098096,177520,170764,2563080,25456.444,16615.164,0,608.226,0,45.017,2542,3966,1.920,2.300,1.540,1,0,0,0,0,25,285,0,22,0
29-03 05:09:42,26.994,3.749,68.734,0.500,0,5105984,169508,170772,2563160,253148.282,243373.511,0,447.898,0,16.996,2814,5022,1.920,2.300,1.540,1,0,2.000,0,0,25,285,0,21,0
29-03 05:09:43,27.772,4.754,66.303,0.250,0.500,5079900,195580,170776,2563168,17433.825,6390.067,0,208.165,0,10.008,2169,3124,1.920,2.300,1.540,1,0,29.023,0,0,25,285,0,21,0
29-03 05:09:44,24.229,3.497,70.688,0,0,5105772,169680,170784,2563188,144542.947,137316.299,0,451.603,0,12.989,2295,4037,1.850,2.280,1.540,2,0,0,0,0,25,287,0,21,0
29-03 05:09:45,23.296,7.014,67.633,1.503,0.250,5052832,222536,170828,2563228,156562.742,148466.776,0,4340.560,0,483.954,3601,5150,1.850,2.280,1.540,2,0,89.176,0,0,25,285,0,15,0
29-03 05:09:46,24.468,3.995,70.407,0,0,5090984,184216,170836,2563388,11746.436,3590.243,0,195.741,0,11.984,2014,2690,1.850,2.280,1.540,1,0,0.999,0,0,25,285,0,16,0
29-03 05:09:47,29.234,6.996,61.716,0.250,0.250,5106832,168332,170852,2563404,243108.103,234823.734,0,579.676,0,27.984,3245,8494,1.850,2.280,1.540,1,0,33.981,0,0,25,287,0,17,0
29-03 05:09:48,23.006,8.002,68.518,0.500,0.250,5078992,196064,170892,2563472,40481.525,33152.620,0,840.218,0,74.019,2591,4003,1.850,2.280,1.540,1,0,49.013,0,0,25,285,0,18,0
29-03 05:09:49,24.789,3.005,71.363,0,0,5106288,168752,170892,2563488,91721.921,84456.441,0,188.298,0,8.013,1968,3128,1.780,2.260,1.530,1,0,0,0,0,25,288,0,18,0
29-03 05:09:50,26.691,4.241,67.850,0.998,0,5068408,206524,170916,2563572,216978.393,198059.299,63.859,474.948,9.978,38.914,3067,5073,1.780,2.260,1.530,1,0,14.967,0,0,25,285,0,19,0
29-03 05:09:51,25.299,5.010,68.884,0.501,0,5101896,172988,170956,2563580,26254.143,17776.629,0,609.187,0,57.111,2446,3631,1.780,2.260,1.530,5,0,0,0,0,25,285,0,19,0
29-03 05:09:52,30.190,3.743,64.123,0.499,0.250,5107968,166816,171000,2563632,303633.324,295288.805,0,790.439,0,71.858,3526,6126,1.780,2.260,1.530,1,0,1.996,0,0,25,287,0,19,0
29-03 05:09:53,30.029,3.503,62.561,2.252,0.250,5064244,210112,171064,2563964,264825.470,258168.973,0,1033.008,0,141.138,3547,6029,1.780,2.260,1.530,2,0,6.006,0,0,25,289,0,20,0
29-03 05:09:54,25.745,3.249,70.487,0,0.250,5105816,168464,171072,2564032,9374.331,1619.712,0,351.937,0,18.997,1752,2576,1.720,2.240,1.530,1,0,0,0,0,25,289,0,20,0
29-03 05:09:55,26.506,3.251,68.265,1.000,0.250,5111088,162824,171104,2564364,435075.717,426742.883,0,6217.368,0,125.028,3520,6500,1.720,2.240,1.530,2,0,0,0,0,25,291,0,20,0
29-03 05:09:56,23.233,8.494,65.951,1.249,0,5050964,222644,171160,2564612,350423.584,342584.432,0,783.416,0,102.923,3960,6649,1.720,2.240,1.530,2,0,135.899,0,0,25,289,0,21,0
29-03 05:09:57,11.503,21.006,65.269,0.500,0,5051272,222252,171184,2564672,19518.641,10501.035,0,636.184,0,51.015,3945,6886,1.720,2.240,1.530,1,0,464.134,0,0,25,289,0,21,0
29-03 05:09:58,17.008,21.760,59.528,0.500,0.500,5051092,222240,171220,2564812,118755.934,110732.155,0,668.315,0,47.022,4763,10145,1.720,2.240,1.530,1,0,469.221,0,0,25,289,0,23,0
29-03 05:09:59,14.497,19.746,64.986,0,0.250,5050668,222548,171220,2564928,28561.031,19938.833,0,311.935,0,23.995,3663,6144,1.580,2.200,1.520,1,0,442.907,0,0,25,289,0,23,0
29-03 05:10:00,14.005,19.257,63.774,1.250,0.250,5050600,222508,171256,2565000,15008.658,7366.777,0,1088.410,0,105.040,4035,6709,1.580,2.200,1.520,2,0,457.172,0,0,25,289,0,23,0
29-03 05:10:01,13.503,19.004,65.265,1.250,0,5050652,222340,171272,2565100,22997.312,14863.433,0,700.162,0,51.012,3845,6751,1.580,2.200,1.520,4,0,424.098,0,0,25,289,0,23,0
29-03 05:10:02,10.722,21.194,66.573,0.249,0,5051608,221172,171288,2565296,9667.324,1615.709,0,618.358,0,39.894,3598,5928,1.580,2.200,1.520,1,0,387.970,0,0,25,289,0,23,0
29-03 05:10:03,11.771,20.285,65.615,0,0.751,5050444,222276,171300,2565344,22060.518,14595.484,0,1025.791,0,63.110,3788,6534,1.580,2.200,1.520,2,0,406.710,0,0,25,289,0,22,0
29-03 05:10:04,12.495,17.993,66.475,1.999,0.250,5050036,221388,171432,2566508,9224.550,1619.394,835.687,6661.509,18.993,361.865,4438,7512,1.530,2.180,1.520,1,0,396.852,0,0,25,289,0,22,0
29-03 05:10:05,18.001,10.500,69.252,1.000,0,5069864,290344,171476,2484848,31426.974,8980.278,164.005,1932.060,19.001,26.001,2532,3940,1.530,2.180,1.520,2,0,63.002,0,0,25,289,0,22,0
29-03 05:10:06,20.512,5.003,64.038,7.254,0,5072328,274936,171592,2497692,18139.902,6710.033,444.267,1204.724,62.037,40.024,10051,20028,1.530,2.180,1.520,1,0,8.005,0,0,25,289,0,22,0
29-03 05:10:07,25.284,4.506,70.095,0,0,5099388,244364,171724,2501072,15227.603,7864.641,0,1317.783,0,22.030,1966,3083,1.530,2.180,1.520,1,0,1.001,0,0,25,289,0,22,0
29-03 05:10:08,17.212,3.492,66.104,13.969,0,5101500,219836,171816,2523396,21687.028,14062.893,21791.797,921.961,181.598,39.912,2619,3584,1.530,2.180,1.520,1,0,3.991,0,0,25,289,0,22,0
29-03 05:10:09,21.007,5.252,74.525,0,0.500,5104428,216844,171816,2523460,17897.103,2261.771,256.087,360.123,2.001,15.005,1906,2838,1.410,2.140,1.510,1,0,6.002,0,0,25,290,0,22,0
29-03 05:10:10,24.044,5.760,67.372,1.252,0.501,5118876,202372,171832,2523468,20008.335,8068.653,260.473,420.764,3.005,24.044,2166,3211,1.410,2.140,1.510,2,0,5.009,0,0,25,290,0,22,0
29-03 05:10:11,27.713,5.992,64.165,1.248,0,5130588,190184,171900,2523880,28035.741,20553.684,723.039,1102.535,9.987,69.907,2582,3797,1.410,2.140,1.510,2,0,4.993,0,0,25,290,0,22,0
29-03 05:10:12,16.490,1.999,80.452,0.500,0,5110772,209368,171936,2524460,22803.295,13379.959,0,543.673,0,13.992,1818,2750,1.410,2.140,1.510,2,0,1.999,0,0,25,290,0,22,0
29-03 05:10:13,8.501,2.000,88.007,1.000,0,5105704,208936,171968,2529928,13336.987,7179.531,0,556.041,0,27.002,1826,2880,1.410,2.140,1.510,1,0,0,0,0,25,290,0,22,0
29-03 05:10:14,8.253,0.750,89.786,0.750,0,5105700,208716,171976,2530144,13583.488,4966.006,0,284.115,0,9.004,1684,2703,1.380,2.120,1.510,1,0,0,0,0,25,290,0,22,0
29-03 05:10:15,7.746,1.749,85.958,2.999,0.500,5109648,203812,172008,2531068,20019.271,12154.093,707.656,6968.613,5.997,594.711,2508,3277,1.380,2.120,1.510,4,0,0,0,0,25,290,0,22,0
29-03 05:10:16,7.499,1.000,88.994,1.250,0.500,5110412,202268,172036,2531896,14061.058,6885.539,51.997,583.961,1.000,29.998,2141,3103,1.380,2.120,1.510,1,0,0,0,0,25,290,0,23,0
29-03 05:10:17,6.751,1.750,89.761,1.250,0,5110500,201828,172072,2532216,18930.309,11606.416,0,548.067,0,35.004,1960,3115,1.380,2.120,1.510,0,0,0,0,0,25,290,0,22,0
29-03 05:10:18,7.750,1.250,88.000,0.750,0,5111076,201072,172132,2532336,26729.893,19065.924,36.000,643.997,2.000,48.000,2223,3545,1.380,2.120,1.510,0,0,0,0,0,25,290,0,22,0
29-03 05:10:19,9.499,0.500,87.991,0.500,0,5110856,201136,172156,2532468,14802.564,4141.598,0,483.953,0,17.998,1718,2651,1.270,2.090,1.500,0,0,0,0,0,25,290,0,22,0
29-03 05:10:20,11.248,2.250,84.236,1.250,0,5111148,200032,172204,2533232,30131.847,14043.599,0,647.889,0,52.991,2175,3456,1.270,2.090,1.500,0,0,0,0,0,25,290,0,22,0
29-03 05:10:21,15.752,0.750,81.508,1.000,0.500,5115200,194488,172268,2534660,26963.750,17712.807,0,1284.131,0,85.009,2414,3672,1.270,2.090,1.500,0,0,0,0,0,25,290,0,22,0
29-03 05:10:22,12.251,5.000,82.255,0.250,0,5125908,183384,172288,2535036,11212.628,4137.232,0,492.028,0,20.001,2091,3367,1.270,2.090,1.500,0,0,6.000,0,0,25,290,0,22,0
29-03 05:10:23,11.506,2.751,83.540,0.250,0.500,5148892,160264,172304,2535156,15367.422,5884.842,0,496.240,0,23.011,2138,3206,1.270,2.090,1.500,1,0,0,0,0,25,290,0,22,0
29-03 05:10:24,9.746,0.500,88.466,0.500,0,5121032,187928,172312,2535352,10372.007,4122.413,0,319.877,0,8.997,1736,2654,1.160,2.050,1.490,0,0,0,0,0,25,290,0,22,0
29-03 05:10:25,8.497,0.750,88.719,0.500,0.250,5122116,186228,172336,2535944,17766.853,10008.537,43.985,559.806,1.000,25.991,1985,3142,1.160,2.050,1.490,1,0,0,0,0,25,290,0,22,0
29-03 05:10:26,8.003,1.500,88.029,1.000,0,5122828,185220,172340,2536236,15494.082,6099.000,100.033,496.163,1.000,24.008,2188,3497,1.160,2.050,1.490,0,0,0,0,0,25,290,0,22,0
29-03 05:10:27,11.987,1.498,85.409,0.499,0.250,5124276,183708,172352,2536288,17069.855,9451.953,0,387.588,0,18.980,1976,3051,1.160,2.050,1.490,1,0,0,0,0,25,290,0,22,0
29-03 05:10:28,14.793,1.254,81.736,1.755,0.251,5124876,182920,172376,2536452,23316.221,18095.168,0,681.966,0,53.153,2332,3780,1.160,2.050,1.490,0,0,0,0,0,25,290,0,22,0
29-03 05:10:29,6.239,1.497,89.837,0.998,0.250,5125296,181944,172380,2537004,10685.563,4352.084,231.579,431.216,2.995,16.969,1766,2779,1.070,2.020,1.480,1,0,0,0,0,25,290,0,22,0
29-03 05:10:30,22.262,1.251,74.041,0.250,0.250,5128732,177880,172416,2537600,16421.114,8073.481,0,464.258,0,34.019,2040,3234,1.070,2.020,1.480,1,0,0,0,0,25,290,0,20,0
29-03 05:10:31,18.239,4.747,68.210,7.246,0,5128228,160712,172724,2555000,23912.939,15829.692,0,2862.317,0,141.917,2603,4028,1.070,2.020,1.480,1,0,0,0,0,25,290,0,20,0
29-03 05:10:32,19.027,5.258,70.602,4.757,0,5134288,148292,172896,2561188,10078.513,1622.336,0,1317.898,0,66.095,2056,3288,1.070,2.020,1.480,1,0,2.003,0,0,25,290,0,19,0
29-03 05:10:33,20.722,4.494,70.404,4.494,0.250,5134560,139012,173416,2569676,24181.017,4988.196,127.826,2292.873,0.999,82.887,2342,3278,1.070,2.020,1.480,0,1,0,0,0,25,290,0,19,0
29-03 05:10:34,20.516,3.503,70.805,4.503,0,5134644,128520,173800,2579700,25401.686,1733.343,44.034,1485.151,2.002,59.046,2190,3020,1.060,2,1.480,1,1,0,0,0,25,290,0,19,0
29-03 05:10:35,21.233,4.496,70.445,2.498,0.749,5138660,120332,173868,2585412,19072.105,8030.728,0,1111.132,0,41.967,2153,3283,1.060,2,1.480,2,0,0,0,0,25,290,0,19,0
29-03 05:10:36,13.489,4.996,69.943,10.741,0,5139252,140928,173592,2567728,10764.184,1796.529,22833.300,1382.867,200.836,44.963,2726,3657,1.060,2,1.480,2,0,1.998,0,0,25,289,0,19,1
29-03 05:10:37,23.267,5.504,70.050,0,0,5104324,175912,173608,2567688,16970.117,9252.606,0,408.292,0,20.014,2057,3055,1.060,2,1.480,4,0,7.005,0,0,25,289,0,19,0
29-03 05:10:38,25.256,5.751,66.767,0.500,0.250,5127636,150204,173628,2570056,22040.466,12111.004,0,1392.345,0,40.010,6207,12427,1.060,2,1.480,1,0,6.001,0,0,25,289,0,17,0
29-03 05:10:39,24.767,5.254,69.299,0,0,5104540,173160,173632,2570192,13426.398,1845.292,0,408.286,0,10.007,4269,8903,1.060,1.980,1.480,2,0,8.006,0,0,25,289,0,17,0
29-03 05:10:40,25.754,4.001,67.759,0.750,0,5130356,147312,173652,2570200,21175.922,13942.924,0,1472.203,0,27.004,4813,9155,1.060,1.980,1.480,2,0,6.001,0,0,25,289,0,16,0
29-03 05:10:41,24.739,7.497,65.722,1.499,0,5106388,170940,173668,2570312,25828.945,16747.832,0,18040.279,0,338.855,6825,12293,1.060,1.980,1.480,1,0,7.997,0,0,25,289,0,16,0
29-03 05:10:42,24.241,3.998,70.473,0.500,0.250,5100716,176680,173676,2570236,10267.037,1789.309,0,215.917,0,8.997,1933,2987,1.060,1.980,1.480,2,0,4.998,0,0,25,289,0,15,0
29-03 05:10:43,22.536,6.260,70.362,0,0.501,5090960,186420,173696,2570232,11201.777,4291.811,0,368.585,0,13.021,2312,3610,1.060,1.980,1.480,1,0,52.083,0,0,25,289,0,15,0
29-03 05:10:44,26.956,5.491,65.642,0,0,5101756,175612,173696,2570244,9915.748,1617.349,0,0,0,0,7367,16068,1.130,1.990,1.480,2,0,7.987,0,0,25,289,0,13,0
29-03 05:10:45,25.273,6.506,69.813,0,0.250,5104780,172584,173704,2570240,16224.667,7730.989,0,224.203,0,12.011,2030,2868,1.130,1.990,1.480,3,0,10.009,0,0,25,289,0,13,0
29-03 05:10:46,10.497,1.500,86.479,1.250,0,5106052,171292,173716,2570248,11612.120,3664.091,0,6098.488,0,448.889,2422,2715,1.130,1.990,1.480,1,0,0,0,0,25,290,0,13,0
29-03 05:10:47,9.250,4.250,85.248,0.250,0,5125116,152192,173740,2570240,20648.525,9733.776,0,167.996,0,16.000,2395,6094,1.130,1.990,1.480,2,0,31.999,0,0,25,290,0,13,0
29-03 05:10:48,10.742,2.748,85.188,1.249,0.250,5105136,171384,173788,2570980,31052.425,23697.772,0,967.297,0,61.955,2471,4323,1.130,1.990,1.480,0,1,1.999,0,0,25,292,0,11,0
29-03 05:10:49,15.251,1.500,80.754,0.500,0.500,5109604,162980,173812,2574892,18207.838,3284.151,28.001,340.016,1.000,17.001,1805,2676,1.120,1.970,1.480,2,0,0,0,0,25,292,0,11,0
29-03 05:10:50,11.748,1.250,84.985,1.000,0,5109372,162444,173828,2575644,20791.299,13951.517,311.944,615.890,2.999,39.993,2245,3465,1.120,1.970,1.480,0,0,0,0,0,25,292,0,9,0
29-03 05:10:51,11.256,2.001,84.047,1.001,0,5112652,158224,173896,2576516,25053.980,16371.135,60.033,2249.255,1.001,124.069,2498,3937,1.120,1.970,1.480,1,0,0,0,0,25,292,0,9,0
29-03 05:10:52,13.489,2.248,82.932,0.749,0.250,5114052,156404,173912,2576920,10260.638,4711.160,63.948,363.704,0.999,12.989,1834,2811,1.120,1.970,1.480,0,0,1.998,0,0,25,292,0,9,0
29-03 05:10:53,11.254,1.501,86.031,0.500,0,5115224,154640,173936,2577488,12558.521,5565.003,76.027,436.157,2.001,10.004,1809,2760,1.120,1.970,1.480,1,0,0,0,0,25,292,0,10,0
29-03 05:10:54,14.995,1.250,82.721,0.750,0.500,5117068,152624,173956,2577640,10173.399,3675.699,0,511.819,0,20.993,1775,2761,1.110,1.950,1.470,2,0,0,0,0,25,292,0,8,0
29-03 05:10:55,21.005,1.000,75.517,1.000,0.250,5119060,150608,173984,2577636,18069.120,10971.502,48.011,364.083,2.000,26.006,2137,3208,1.110,1.950,1.470,3,0,0,0,0,25,292,0,8,0
29-03 05:10:56,24.536,4.757,70.103,0.751,0,5121864,147144,174116,2578224,11600.984,3612.288,0,1742.551,0,51.075,2347,3028,1.110,1.950,1.470,3,0,0,0,0,25,292,0,7,0
29-03 05:10:57,20.245,4.499,69.484,4.499,0,5123380,133456,174156,2590356,21091.044,14906.497,0,2243.473,0,71.983,2283,3594,1.110,1.950,1.470,3,0,0,0,0,25,292,0,7,0
29-03 05:10:58,26.261,8.504,62.526,1.751,0.250,5054192,220784,174184,2572224,114111.356,106856.345,0,1948.809,0,67.028,3936,6753,1.110,1.950,1.470,4,0,51.021,0,0,25,291,0,5,0
29-03 05:10:59,23.727,5.994,69.184,0,0,5087068,185904,174188,2574260,24410.834,17461.429,0,227.784,0,6.993,5510,10223,1.260,1.970,1.480,1,0,51.951,0,0,25,291,0,5,0
29-03 05:11:00,23.782,7.761,66.340,0.751,0,5091588,168724,174272,2586812,23623.151,8401.434,0,1550.110,0,36.049,6009,11855,1.260,1.970,1.480,1,0,2.003,0,0,25,291,0,5,0
29-03 05:11:01,26.455,3.744,68.883,0.250,0.499,5102084,156580,174324,2588400,20653.991,14340.693,0,10182.740,0,64.890,2270,3278,1.260,1.970,1.480,1,0,3.993,0,0,25,291,0,5,0
29-03 05:11:02,7.498,1.500,89.480,0.250,0.250,5102556,155660,174328,2588844,9593.841,1856.582,0,435.902,0,7.998,1660,2532,1.260,1.970,1.480,1,0,2.000,0,0,25,292,0,5,0
29-03 05:11:03,3.500,1.500,93.753,0,0,5102380,155836,174328,2588844,16449.559,5776.196,0,120.004,0,8.000,1725,2746,1.260,1.970,1.480,0,0,0,0,0,25,292,0,5,0
29-03 05:11:04,7.250,1.250,90.000,1.250,0.250,5103688,154324,174340,2589036,12123.964,4429.987,0,627.998,0,31.000,1768,2714,1.240,1.950,1.480,1,0,0,0,0,25,292,0,5,0
29-03 05:11:05,8.748,0.750,89.231,0.500,0,5105208,152308,174356,2589516,16263.601,9974.915,0,351.926,0,17.996,1829,3130,1.240,1.950,1.480,0,0,0,0,0,25,292,0,5,0
29-03 05:11:06,15.514,2.502,80.073,0.250,0.250,5109996,142048,174368,2594976,9305.431,3362.046,0,24998.649,0,117.106,2084,2798,1.240,1.950,1.480,0,0,0,0,0,25,292,0,5,0
29-03 05:11:07,8.494,1.499,87.688,0.749,0.250,5109696,142228,174388,2595076,20006.815,11362.944,0,1119.206,0,27.980,1940,3085,1.240,1.950,1.480,1,0,0,0,0,25,292,0,5,0
29-03 05:11:08,8.501,1.250,87.764,1.250,0,5109252,142164,174420,2595548,32329.270,17494.852,0,756.123,0,56.009,2270,3433,1.240,1.950,1.480,0,0,0,0,0,25,292,0,5,0
29-03 05:11:09,17.025,5.007,76.360,1.001,0,5118820,155596,174192,2573640,14687.179,4447.413,296.427,540.780,4.006,18.026,2027,3004,1.140,1.920,1.470,2,0,6.009,0,0,25,292,0,5,0
29-03 05:11:10,25.205,5.740,67.131,0.749,0.250,5138332,135748,174212,2573936,16063.471,8963.082,255.546,566.993,1.996,20.963,2167,3150,1.140,1.920,1.470,2,0,4.991,0,0,25,292,0,5,0
29-03 05:11:11,22.004,6.251,69.764,1.500,0,5116100,157876,174244,2573992,47743.405,37110.311,512.101,1020.201,4.001,63.012,2551,3901,1.140,1.920,1.470,0,0,5.001,0,0,25,292,0,5,0
29-03 05:11:12,4.998,1.000,92.460,0.250,0.500,5116112,157820,174264,2574012,30574.822,3338.561,0,2658.854,0,20.991,1759,2745,1.140,1.920,1.470,0,0,1.999,0,0,25,293,0,5,0
29-03 05:11:13,3.756,0.751,93.393,0,0,5116032,157876,174264,2574036,31469.116,3366.147,0,0,0,0,1617,2588,1.140,1.920,1.470,0,0,1.002,0,0,25,293,0,5,0
29-03 05:11:14,3.495,1.498,93.869,0,0.499,5116132,157464,174264,2574348,153149.510,6468.982,0,439.387,0,14.979,1796,2727,1.050,1.890,1.460,1,0,0,0,0,25,293,0,5,0
29-03 05:11:15,4.250,1.750,93.257,0.250,0,5115696,156996,174264,2575252,526395.112,12913.033,0,88.007,0,12.001,1995,3071,1.050,1.890,1.460,0,0,0,0,0,25,293,0,5,0
29-03 05:11:16,6.507,0.751,91.348,0.501,0,5116416,155356,174296,2576140,461140.265,9320.010,0,1457.565,0,24.026,2129,2606,1.050,1.890,1.460,0,0,0,0,0,25,293,0,6,0
29-03 05:11:17,9.241,0.749,86.918,2.248,0.250,5116540,154632,174344,2576772,392712.708,23776.460,0,5502.783,0,461.562,2505,3168,1.050,1.890,1.460,0,0,1.998,0,0,25,293,0,5,0
29-03 05:11:18,5.502,3.001,88.033,0.500,0,5122892,144732,174360,2580320,1921705.875,40743.156,0,436.162,0,41.015,3227,3837,1.050,1.890,1.460,0,0,16.006,0,0,25,293,0,5,0
29-03 05:11:19,4.749,1.000,91.738,0.500,0,5128832,136668,174396,2582408,1108609.338,12759.277,3.999,3199.568,1.000,7.999,2222,2677,0.970,1.860,1.450,1,0,0,0,0,25,293,0,5,0
29-03 05:11:20,9.498,1.500,86.986,0.750,0.250,5128596,136684,174436,2582572,26074.750,10552.280,0,411.933,0,33.994,2116,3305,0.970,1.860,1.450,1,0,0,0,0,25,293,0,5,0
29-03 05:11:21,11.000,2.000,85.499,1.000,0,5122720,142392,174460,2582716,27847.638,18462.760,0,1291.983,0,81.999,2404,3712,0.970,1.860,1.450,1,0,0,0,0,25,293,0,5,0
29-03 05:11:22,9.993,4.247,84.439,0,0.749,5130220,158084,173984,2560984,10420.528,4214.978,0,375.731,0,12.991,2001,2860,0.970,1.860,1.450,0,0,5.996,0,0,25,293,0,5,0
29-03 05:11:23,16.254,1.750,80.769,0.250,0,5131616,155184,173996,2562476,13203.156,5388.288,0,572.137,0,15.004,1986,3225,0.970,1.860,1.450,2,0,0,0,0,25,293,0,5,0
29-03 05:11:24,12.008,2.001,83.804,0.500,0,5127696,159316,174020,2562228,10451.783,4214.735,0,536.348,0,25.016,1838,2851,1.050,1.860,1.460,2,0,0,0,0,25,293,0,5,0
29-03 05:11:25,8.493,0.999,88.176,0.250,0,5128092,158592,174032,2562544,17354.405,10095.510,0,419.647,0,20.982,1986,3168,1.050,1.860,1.460,1,0,0,0,0,25,293,0,5,0
29-03 05:11:26,9.014,1.002,89.139,0.501,0.250,5129092,157016,174056,2563096,12297.171,6553.216,0,552.862,0,24.037,2091,2890,1.050,1.860,1.460,2,0,0,0,0,25,293,0,5,0
29-03 05:11:27,9.491,1.499,87.415,0.250,0,5129972,155672,174088,2563508,15952.494,10719.581,0,10126.157,0,48.952,1919,2989,1.050,1.860,1.460,1,0,0,0,0,25,293,0,5,0
29-03 05:11:28,9.749,1.500,86.493,0.750,0.250,5129712,155768,174124,2563636,21970.176,15926.678,0,667.945,0,46.996,2144,3464,1.050,1.860,1.460,0,0,0,0,0,25,293,0,5,0
29-03 05:11:29,11.998,0.500,84.989,0.750,0.500,5129632,155800,174136,2563672,20827.230,5813.227,0,399.947,0,8.999,1778,2724,1.050,1.850,1.450,0,0,0,0,0,25,293,0,5,0
29-03 05:11:30,12.000,2.000,84.997,0.500,0,5129564,154712,174172,2564776,673393.084,24038.111,0,439.984,0,23.999,2440,3216,1.050,1.850,1.450,2,0,1.000,0,0,25,293,0,5,0
29-03 05:11:31,7.252,1.000,89.019,1.000,0,5129764,154256,174240,2564948,54851.464,19353.045,0,1424.298,0,69.014,2294,3598,1.050,1.850,1.450,2,0,0,0,0,25,293,0,5,0
29-03 05:11:32,4.497,2.249,90.690,0.500,0.250,5130088,153680,174292,2565144,140714.706,7089.300,0,36619.721,0,157.895,2075,2708,1.050,1.850,1.450,3,0,3.997,0,0,25,293,0,5,0
29-03 05:11:33,5.260,0.751,92.172,0.250,0.250,5130608,152932,174360,2565300,89979.542,10007.634,0,496.925,0,12.022,1805,2654,1.050,1.850,1.450,0,0,0,0,0,25,293,0,5,0
29-03 05:11:34,5.992,1.498,90.880,0.999,0.250,5129532,152680,174396,2566592,681727.165,22985.728,0,571.248,0,20.972,2443,3060,0.960,1.810,1.450,0,0,1.997,0,0,25,293,0,5,0
29-03 05:11:35,6.251,1.000,89.509,1.000,0.250,5130192,150568,174468,2567972,739693.668,28609.004,0,1644.173,0,35.004,2663,3750,0.960,1.810,1.450,0,0,1.000,0,0,25,293,0,5,0
29-03 05:11:36,6.001,1.000,92.261,0.250,0,5129776,150728,174524,2568172,127301.767,7218.837,0,392.045,0,9.001,2050,2825,0.960,1.810,1.450,0,0,1.000,0,0,25,293,0,5,0
29-03 05:11:37,7.498,1.250,88.232,0.250,0,5129084,147180,174532,2572404,2284061.199,58745.840,0,6542.646,0,28.994,4097,4413,0.960,1.810,1.450,1,0,1.000,0,0,25,293,0,5,0
29-03 05:11:38,8.501,1.750,86.760,0.500,0.250,5129152,141072,174532,2578428,3221885.295,69761.953,0,480.055,0,41.005,4364,4806,0.960,1.810,1.450,0,0,0,0,0,25,293,0,5,0
29-03 05:11:39,8.251,2.250,87.761,0,0.750,5129204,134172,174532,2585276,3739086.690,59423.131,0,0,0,0,4270,4031,0.880,1.780,1.440,1,0,0,0,0,25,293,0,5,0
29-03 05:11:40,9.761,3.754,85.345,1.251,0,5133820,139012,174308,2576472,1304388.872,27791.849,0,10187.308,0,33.037,2899,3609,0.880,1.780,1.440,0,0,0,0,0,25,293,0,5,0
29-03 05:11:41,7.243,1.498,87.911,0.999,0,5134480,136812,174372,2577916,784224.444,32451.996,0,1682.289,0,70.928,2888,4032,0.880,1.780,1.440,0,0,1.998,0,0,25,293,0,5,0
29-03 05:11:42,5.759,1.002,91.393,0.501,0,5134128,136472,174448,2578388,165259.135,7695.020,0,2311.611,0,89.139,1874,2702,0.880,1.780,1.440,4,0,3.005,0,0,25,293,0,5,0
29-03 05:11:43,11.982,1.248,85.872,0,0,5134568,136064,174456,2578348,11042.558,5180.287,0,211.685,0,5.991,1799,2731,0.880,1.780,1.440,3,0,0,0,0,25,293,0,5,0
29-03 05:11:44,7.753,1.250,89.784,0,0.500,5135728,134868,174488,2578352,60217.063,7972.053,0,544.208,0,24.009,1855,2808,0.810,1.750,1.430,0,0,0,0,0,25,293,0,5,0
29-03 05:11:45,11.742,1.499,85.690,0.500,0.500,5136916,133324,174520,2578676,54039.389,11099.275,0,467.674,0,21.985,2027,2936,0.810,1.750,1.430,0,0,0,0,0,25,293,0,5,0
29-03 05:11:46,16.999,1.250,79.997,0,0,5137064,133104,174536,2578732,15441.413,4512.829,0,499.981,0,21.999,1959,2810,0.810,1.750,1.430,1,0,0,0,0,25,293,0,6,0
29-03 05:11:47,23.041,3.256,68.373,4.007,0,5138300,126080,174928,2584128,31151.855,7814.011,0,9232.554,0,451.810,2697,3307,0.810,1.750,1.430,0,1,0,0,0,25,293,0,5,0
29-03 05:11:48,26.467,9.738,60.174,2.996,0,5138568,166788,177324,2543644,31230.649,18768.352,0,5269.361,0,165.791,3259,7527,0.810,1.750,1.430,1,0,34.956,0,0,25,293,0,6,0
29-03 05:11:49,21.507,5.502,70.773,0.750,0.250,5147632,150660,177736,2550296,11886.875,1620.528,0,1336.436,0,54.018,1818,2821,0.830,1.740,1.430,1,0,0,0,0,25,293,0,5,0
29-03 05:11:50,28.031,4.255,65.323,1.502,0.250,5150980,137468,178516,2559360,91342.390,83437.616,0,2010.231,0,82.091,2360,3686,0.830,1.740,1.430,1,1,0,0,0,25,293,0,5,0
29-03 05:11:51,31.218,5.245,60.188,3.247,0.250,5151448,126276,178556,2570924,202417.296,191120.000,0,3392.485,0,182.811,3453,5457,0.830,1.740,1.430,2,0,0,0,0,25,293,0,5,0
29-03 05:11:52,24.499,5.500,66.498,2.250,0,5153164,152828,178384,2544564,9374.756,1906.950,0,1343.965,0,52.999,2072,2886,0.830,1.740,1.430,1,0,2.000,0,0,25,293,0,5,0
29-03 05:11:53,23.239,4.498,70.217,0.250,0.250,5149748,134624,179680,2564596,10840.959,3597.327,763.645,2170.990,10.995,31.985,1955,2703,0.830,1.740,1.430,4,0,0,0,0,25,293,0,6,0
29-03 05:11:54,21.994,4.249,70.232,1.999,0.250,5151212,120820,180176,2576368,16219.848,8354.861,0,2219.432,0,90.977,2006,3084,0.840,1.730,1.430,2,0,0,0,0,25,293,0,5,0
29-03 05:11:55,14.250,3.250,82.247,0.750,0,5153168,126240,180332,2568844,25320.114,8247.711,79.997,1487.948,6.000,47.998,2082,3228,0.840,1.730,1.430,0,0,1.000,0,0,25,294,0,5,0
29-03 05:11:56,4.000,1.500,94.250,0,0,5153088,126240,180332,2568924,14214.071,5256.026,0,0,0,0,1806,2704,0.840,1.730,1.430,0,0,0,0,0,25,294,0,5,0
29-03 05:11:57,21.243,3.499,73.228,0.500,0.250,5096400,211920,180352,2539944,19352.078,10241.866,15.995,423.870,1.000,24.992,2123,3246,0.840,1.730,1.430,1,0,2.999,0,0,25,291,0,5,0
29-03 05:11:58,23.512,6.253,69.285,0.250,0.250,5123664,182972,180368,2541604,25171.812,16957.631,0,1324.674,0,49.025,2271,3476,0.840,1.730,1.430,2,0,6.003,0,0,25,291,0,5,0
29-03 05:11:59,28.301,8.265,61.860,1.002,0.250,5144348,161352,180384,2542484,107842.607,97487.112,104.186,0,4.007,0,8426,18877,0.860,1.720,1.420,2,0,12.021,0,0,25,291,0,8,0
29-03 05:12:00,24.738,5.747,69.215,0.500,0.250,5105648,199848,180420,2542624,17041.411,8655.638,0,2954.511,0,32.983,2135,3040,0.860,1.720,1.420,1,0,0,0,0,25,291,0,8,0
29-03 05:12:01,27.470,2.997,66.678,1.249,0,5123052,182324,180464,2542652,41574.891,33511.640,0,843.085,0,70.923,2586,3901,0.860,1.720,1.420,1,0,1.998,0,0,25,293,0,8,0
29-03 05:12:02,26.287,6.259,66.595,0,0,5148624,156736,180464,2542668,12962.420,1622.305,0,24.034,0,6.009,7537,16856,0.860,1.720,1.420,6,0,12.017,0,0,25,293,0,8,0
29-03 05:12:03,24.445,4.989,70.093,0,0,5111568,193776,180464,2542684,13564.669,4786.298,0,79.822,0,0.998,1834,2559,0.860,1.720,1.420,1,0,2.993,0,0,25,293,0,8,0
29-03 05:12:04,24.819,3.259,71.447,0.501,0.251,5101184,204196,180476,2542636,11199.945,2966.196,0,786.172,0,22.061,1965,2668,0.870,1.700,1.420,2,0,3.008,0,0,25,293,0,8,0
29-03 05:12:05,22.695,6.734,69.829,0.499,0.249,5113496,190680,180528,2543652,17732.679,7481.722,75.815,674.353,0.998,12.968,2076,2920,0.870,1.700,1.420,2,0,5.985,0,0,25,293,0,8,0
29-03 05:12:06,24.504,4.751,69.262,1.250,0,5125444,176324,180684,2545508,235926.051,225062.161,488.085,1480.258,11.002,39.007,3319,5546,0.870,1.700,1.420,1,0,0,0,0,25,314,0,8,0
29-03 05:12:07,27.305,3.507,65.130,2.255,0.501,5127320,173836,180776,2545964,529801.013,522097.629,212.424,1038.073,22.044,149.298,4839,9359,0.870,1.700,1.420,1,0,0,0,0,25,317,0,13,0
29-03 05:12:08,23.959,9.733,63.143,1.997,0,5062108,238704,180828,2546244,237439.353,230450.235,167.715,946.391,7.986,135.769,4515,8402,0.870,1.700,1.420,2,0,180.693,0,0,25,315,0,16,0
29-03 05:12:09,24.515,16.260,55.533,3.002,0,5057008,239404,180836,2550592,32918.587,15665.321,4402.620,452.269,49.029,22.013,3317,5356,1.440,1.810,1.460,2,0,265.158,0,0,25,315,0,18,0
29-03 05:12:10,30.265,9.255,46.273,12.756,0.250,5067504,217932,180856,2561444,13739.801,7435.681,10945.418,500.248,1573.779,25.012,5361,6463,1.440,1.810,1.460,2,1,16.008,0,0,25,315,0,18,0
29-03 05:12:11,22.959,5.740,67.878,2.496,0.250,5046620,236084,181036,2563904,44970.413,36926.827,2583.371,4987.063,61.889,258.537,3343,5077,1.440,1.810,1.460,1,0,9.982,0,0,25,316,0,18,0
29-03 05:12:12,2.500,1.750,93.501,1.000,0.250,5049824,232728,181036,2564036,14480.101,3169.022,4.000,0,1.000,0,1650,2605,1.440,1.810,1.460,1,0,1.000,0,0,25,316,0,18,0
29-03 05:12:13,2.250,1.250,94.734,0,0.250,5049304,233248,181036,2564036,221172.507,6683.897,0,39.993,0,2.000,1726,2591,1.440,1.810,1.460,0,0,1.000,0,0,25,316,0,18,0
29-03 05:12:14,4.003,1.001,93.069,0,0,5051280,231260,181048,2564036,1694933.335,38726.774,0,360.268,0,17.013,2636,2826,1.320,1.780,1.450,1,0,0,0,0,25,316,0,18,0
29-03 05:12:15,14.003,6.251,78.016,2.000,0,5114440,165776,181048,2566344,4244467.138,52852.623,2448.492,196.039,28.006,26.005,5178,8588,1.320,1.780,1.450,1,0,1.000,0,0,25,316,0,18,0
29-03 05:12:16,8.503,3.001,86.283,0.500,0,5044160,235568,181096,2566784,16984.539,5437.093,236.091,700.270,7.003,18.007,1971,2756,1.320,1.780,1.450,1,0,13.005,0,0,25,315,0,18,1
29-03 05:12:17,22.479,5.245,70.183,1.249,0.250,5053560,226000,181136,2566844,16347.405,8595.800,159.848,383.634,15.985,15.985,2888,4741,1.320,1.780,1.450,1,0,36.965,0,0,25,315,0,18,0
29-03 05:12:18,26.494,4.499,64.486,3.499,0.500,5078200,200612,181200,2566896,31741.080,25090.530,15.997,36404.064,2.000,853.814,3321,4392,1.320,1.780,1.450,1,0,1.000,0,0,25,315,0,18,0
29-03 05:12:19,18.753,5.751,70.261,4.251,0.250,5078084,190308,181916,2575148,20276.264,1620.261,1236.199,932.150,283.046,10.002,2359,3236,1.300,1.770,1.450,2,0,3.000,0,0,25,315,0,18,0
29-03 05:12:20,13.016,9.512,68.083,10.513,0,5076836,137296,183116,2626544,13690.757,7668.386,23460.716,2238.740,1049.284,30.037,4224,5468,1.300,1.770,1.450,2,0,0,0,0,25,315,0,18,0
29-03 05:12:21,7.504,13.007,66.284,11.006,0,5078664,145024,182036,2620580,26672.870,16567.615,46324.089,14627.606,3482.811,130.068,6759,5761,1.300,1.770,1.450,2,0,0,0,0,25,315,0,18,0
29-03 05:12:22,13.449,10.709,64.503,10.709,0,5096468,119988,180324,2633780,10866.436,1613.827,29096.705,105078.076,2066.097,411.426,4363,3632,1.300,1.770,1.450,3,0,3.985,0,0,25,315,0,18,0
29-03 05:12:23,30.819,8.770,57.880,0.501,0.251,5105664,144196,179632,2602816,12070.146,3371.583,48.108,8.018,3.007,2.005,12078,26318,1.300,1.770,1.450,1,0,13.029,0,0,25,315,0,19,0
29-03 05:12:24,29.490,4.498,65.478,0.250,0,5080328,170268,179664,2602032,9586.760,1619.453,11.996,3646.767,1.000,30.990,2264,3290,1.270,1.750,1.440,1,0,2.999,0,0,25,315,0,18,0
29-03 05:12:25,26.773,5.755,64.805,1.001,0.500,5102568,147948,179740,2602032,16086.754,7456.375,0,7090.062,0,332.284,8024,16569,1.270,1.750,1.440,2,0,6.005,0,0,25,315,0,18,0
29-03 05:12:26,25.228,6.744,66.192,0.999,0,5104740,120632,180736,2626180,15264.613,3819.650,19.982,5311.342,1.998,199.825,7091,14860,1.270,1.750,1.440,1,0,0.999,0,0,25,315,0,18,0
29-03 05:12:27,25.982,10.742,55.710,5.746,0.250,5107052,135460,180592,2609632,17490.547,8176.179,19.986,222697.439,1.999,712.493,8578,18822,1.270,1.750,1.440,1,0,8.994,0,0,25,315,0,18,0
29-03 05:12:28,29.274,8.757,56.797,1.501,0,5123900,150808,179936,2578656,22423.724,14443.060,0,1609.344,0,58.048,22803,49860,1.270,1.750,1.440,1,0,3.003,0,0,25,315,0,18,0
29-03 05:12:29,19.266,7.506,68.308,5.004,0,5120672,122112,181272,2609352,21184.838,3270.754,12.010,220.185,2.002,8.007,3873,6663,1.250,1.740,1.440,1,0,0,0,0,25,315,0,18,0
29-03 05:12:30,25.992,3.499,67.229,0.250,0.250,5122572,140324,181028,2589560,16104.879,7319.672,0,1987.368,0,20.993,3274,5381,1.250,1.740,1.440,1,0,0,0,0,25,315,0,18,0
29-03 05:12:31,25.752,4.750,68.005,1.000,0.250,5085148,163164,181148,2604068,34160.494,24040.755,0,1764.129,0,79.006,2407,3691,1.250,1.740,1.440,2,0,0,0,0,25,315,0,18,0
29-03 05:12:32,25.992,5.248,66.979,0,0.250,5092120,160236,181316,2599908,9752.918,1731.453,0,3.999,0,1.000,1831,2627,1.250,1.740,1.440,1,0,1.000,0,0,25,315,0,18,0
29-03 05:12:33,23.994,4.999,70.232,0,0,5096660,156440,181368,2599112,13834.472,4914.747,0,0,0,0,1796,2649,1.250,1.740,1.440,1,0,1.999,0,0,25,315,0,18,0
29-03 05:12:34,23.999,4.000,70.998,0.250,0,5094252,152472,181632,2605240,9499.706,1619.950,0,2743.915,0,18.999,1954,2753,1.230,1.730,1.440,1,0,0,0,0,25,315,0,18,0
29-03 05:12:35,20.511,8.505,69.537,0.500,0,5089612,121768,183720,2636332,20057.711,7931.235,8.004,3461.849,2.001,19.010,2102,3101,1.230,1.730,1.440,1,0,0,0,0,25,315,0,18,0
29-03 05:12:36,18.537,9.269,70.391,0.501,0,5057808,464972,183624,2331544,10789.655,1735.483,0,3454.934,0,22.044,2299,3381,1.230,1.730,1.440,1,0,3.006,0,0,25,315,0,18,0
29-03 05:12:37,30.427,7.482,60.605,0,0,5066664,456112,183628,2331544,20051.896,9888.278,0,191.540,0,22.945,15145,34704,1.230,1.730,1.440,2,0,6.983,0,0,25,315,0,18,0
29-03 05:12:38,31.248,9.250,55.997,0.250,0.250,5077224,445056,183648,2332020,22649.845,12267.374,0,403.979,0,42.998,26573,57828,1.230,1.730,1.440,1,0,3.000,0,0,25,315,0,18,0
29-03 05:12:39,20.505,8.252,71.017,0,0.250,5082440,411868,183648,2359996,11334.720,1732.416,0,24.006,0,6.001,2151,3035,1.290,1.730,1.440,4,0,7.002,0,0,25,315,0,18,0
29-03 05:12:40,20.732,8.992,68.690,0.500,0.250,5107316,354708,183716,2392212,16054.872,8336.664,3.996,2657.661,0.999,25.977,2142,3069,1.290,1.730,1.440,1,0,0,0,0,25,315,0,18,0
29-03 05:12:41,25.998,5.750,66.245,1.000,0,5083824,372792,183764,2396756,37233.208,28520.861,0,2623.803,0,95.993,2661,4104,1.290,1.730,1.440,1,0,0,0,0,25,315,0,18,0
29-03 05:12:42,26.530,3.254,70.330,0,0.250,5083356,367596,183892,2402288,9367.707,1846.110,0,0,0,0,1854,2526,1.290,1.730,1.440,2,0,0,0,0,25,315,0,18,0
29-03 05:12:43,24.486,3.998,70.210,0,0,5085280,360272,183892,2407684,9358.609,2427.602,0,0,0,0,1916,2687,1.290,1.730,1.440,1,0,1.999,0,0,25,315,0,18,0
29-03 05:12:44,22.993,5.748,69.980,0.750,0,5044120,396596,184012,2412388,18068.778,4047.830,147.957,2451.292,2.999,20.994,2087,2921,1.270,1.720,1.440,1,0,16.995,0,0,25,315,0,19,0
29-03 05:12:45,66.979,8.278,23.330,1.003,0.251,4740072,700316,184036,2412880,22986.545,13382.729,297.015,280.960,3.010,24.082,3591,5573,1.270,1.720,1.440,6,0,18.062,0,0,25,289,0,24,0
29-03 05:12:46,84.454,14.742,0.250,0.250,0,4645400,794972,184048,2413276,22776.541,6451.471,75.958,683.626,1.999,21.988,5069,8113,1.270,1.720,1.440,6,0,9.995,0,0,25,272,0,26,0
29-03 05:12:47,88.759,10.751,0.250,0,0,4845056,595024,184056,2413764,17672.767,8010.801,0,548.055,0,14.001,3236,4633,1.270,1.720,1.440,5,0,3.000,0,0,25,272,0,25,0
29-03 05:12:48,81.766,17.753,0,0,0,4969188,468684,184060,2415616,95837.880,87860.308,160.032,884.174,7.001,51.010,5291,22228,1.270,1.720,1.440,5,0,39.008,0,0,25,282,0,28,0
29-03 05:12:49,56.688,9.989,31.965,0.999,0.250,5060292,373500,184084,2419160,274163.791,244293.499,455.501,827.094,24.973,42.953,7279,22671,1.410,1.740,1.450,1,0,2.997,0,0,25,292,0,41,0
29-03 05:12:50,21.261,4.002,73.538,0.250,0.500,5080864,352736,184092,2419336,221427.478,165964.804,0,256.132,0,24.012,3524,5564,1.410,1.740,1.450,1,0,2.001,0,0,25,301,0,41,0
29-03 05:12:51,7.733,1.497,88.308,0.748,0,5082768,350752,184148,2419360,55462.259,34126.706,0,367.201,0,50.889,2643,4371,1.410,1.740,1.450,0,0,0,0,0,25,300,0,41,0
29-03 05:12:52,3.000,1.250,94.996,0,0.250,5082816,350688,184152,2419372,8442.629,1619.929,0,43.998,0,4.000,1653,2707,1.410,1.740,1.450,0,0,0,0,0,25,300,0,41,0
29-03 05:12:53,7.499,3.250,87.988,0,0,5073496,360180,184152,2419376,11274.433,3937.453,0,23.997,0,4.999,1839,2965,1.410,1.740,1.450,0,0,2.000,0,0,25,300,0,41,0
29-03 05:12:54,3.008,1.504,93.748,1.003,0.251,5073244,360292,184212,2419440,10745.422,1624.296,0,2927.744,0,160.424,2244,3509,1.290,1.710,1.440,1,0,0,0,0,25,300,0,41,0
29-03 05:12:55,4.987,0.499,93.757,0.499,0.249,5073264,360260,184236,2419428,19469.593,9285.959,0,227.411,0,27.928,2014,3304,1.290,1.710,1.440,0,0,0,0,0,25,300,0,41,0
29-03 05:12:56,2.500,1.000,94.263,0,0,5073196,360292,184240,2419460,10168.444,1917.272,0,200.028,0,15.002,1850,2688,1.290,1.710,1.440,1,0,0,0,0,25,300,0,41,0
29-03 05:12:57,3.750,0.500,93.494,0,0.250,5073196,360292,184252,2419448,28579.285,21160.730,0,79.995,0,11.999,1806,3046,1.290,1.710,1.440,1,0,0,0,0,25,300,0,41,0
29-03 05:12:58,4.750,2.000,82.257,8.251,0.250,5073216,360336,184276,2419464,50005.000,42281.383,0,19957.597,0,1184.095,3474,4106,1.290,1.710,1.440,0,0,0,0,0,25,300,0,41,0
29-03 05:12:59,3.750,1.250,94.495,0,0,5073260,360292,184276,2419464,12121.333,1671.908,0,23.999,0,3.000,1788,2964,1.190,1.680,1.430,0,0,0,0,0,25,300,0,38,0
29-03 05:13:00,3.998,1.249,93.206,0.250,0.250,5073100,360388,184280,2419520,14038.318,5941.172,0,103.951,0,11.994,1675,2792,1.190,1.680,1.430,1,0,0,0,0,25,300,0,38,0
29-03 05:13:01,9.752,3.251,85.015,0.500,0.250,5072976,360340,184332,2419624,152096.682,116778.254,0,596.108,0,68.012,3596,6476,1.190,1.680,1.430,0,0,0,0,0,25,300,0,40,0
29-03 05:13:02,3.750,0.750,94.009,0,0,5073000,360308,184332,2419632,29024.844,15796.548,0,0,0,0,1788,2815,1.190,1.680,1.430,0,0,0,0,0,25,300,0,40,0
29-03 05:13:03,3.250,2.000,93.506,0,0.250,5073472,359836,184332,2419632,27114.735,6876.440,0,0,0,0,1789,2874,1.190,1.680,1.430,1,0,2.000,0,0,25,300,0,40,0
29-03 05:13:04,2.751,1.500,94.273,0,0,5073544,359764,184332,2419632,18309.486,5237.283,0,0,0,0,1762,2834,1.100,1.660,1.420,0,0,0,0,0,25,300,0,40,0
29-03 05:13:05,3.498,0.750,94.193,0,0,5073492,359796,184352,2419632,16447.115,7387.560,0,339.796,0,28.983,1873,3147,1.100,1.660,1.420,0,0,0,0,0,25,300,0,40,0
29-03 05:13:06,5.509,4.758,88.389,1.002,0.250,5075896,357132,184360,2419884,10867.137,1916.022,248.392,224.354,12.019,15.024,2309,3446,1.100,1.660,1.420,2,0,89.141,0,0,25,300,0,40,0
29-03 05:13:07,12.242,18.489,67.958,0.250,0.500,5076684,356304,184372,2419912,18689.487,8435.804,0,159.902,0,15.990,4015,7092,1.100,1.660,1.420,2,0,493.696,0,0,25,300,0,35,0
29-03 05:13:08,11.507,17.761,67.793,0.250,0,5076012,356916,184396,2419948,29845.892,19181.142,0,324.205,0,33.021,4113,7425,1.100,1.660,1.420,1,0,457.289,0,0,25,300,0,35,0
29-03 05:13:09,10.512,19.271,64.572,3.254,0.250,5077964,354596,184400,2420292,9263.310,1621.805,464.517,57319.797,15.017,367.409,4291,7105,1.090,1.640,1.420,1,0,489.545,0,0,25,300,0,32,0
29-03 05:13:10,11.479,18.216,68.623,0.250,0.250,5077632,354724,184400,2420496,11430.773,1728.790,31.941,3.993,3.993,0.998,3889,6823,1.090,1.640,1.420,2,0,472.123,0,0,25,300,0,32,0
29-03 05:13:11,21.737,6.496,68.460,0.999,0,5114736,317172,184468,2420868,29323.758,20373.021,155.908,723.575,3.998,67.960,2892,4694,1.090,1.640,1.420,1,0,56.967,0,0,25,300,0,30,0
29-03 05:13:12,26.500,4.500,68.251,0,0.250,5095404,335848,184488,2421480,165231.983,157069.885,0,432.005,0,12.000,2922,6145,1.090,1.640,1.420,1,0,6.000,0,0,25,304,0,30,0
29-03 05:13:13,25.777,3.003,70.573,0,0.250,5121420,309792,184492,2421516,98468.620,81129.726,0,136.140,0,8.008,2040,3356,1.090,1.640,1.420,1,0,3.003,0,0,25,307,0,31,0
29-03 05:13:14,23.480,5.745,68.691,0.999,0.250,5123760,307292,184508,2421660,55387.035,46522.711,0,71717.892,0,333.711,2387,3325,1.160,1.650,1.430,1,0,5.995,0,0,25,308,0,31,0
29-03 05:13:15,25.274,4.254,68.815,0.500,0,5105360,325600,184528,2421696,163962.453,154432.475,0,1725.626,0,34.032,2599,4242,1.160,1.650,1.430,1,0,6.006,0,0,25,308,0,31,0
29-03 05:13:16,25.509,4.001,69.775,0.500,0,5096744,334188,184540,2421708,93815.055,86013.223,0,608.221,0,24.009,2624,3771,1.160,1.650,1.430,1,0,5.002,0,0,25,308,0,32,0
29-03 05:13:17,26.486,2.749,69.214,0.750,0.250,5089800,341056,184580,2421740,140206.074,132730.909,0,671.655,0,44.977,2517,4321,1.160,1.650,1.430,1,0,5.997,0,0,25,308,0,32,0
29-03 05:13:18,26.020,4.503,67.050,0.500,0,5125504,305220,184612,2421884,150781.538,143960.402,0,788.594,0,61.046,2694,4530,1.160,1.650,1.430,1,0,1.001,0,0,25,308,0,31,0
29-03 05:13:19,48.746,6.000,44.747,0,0.250,4861812,568888,184616,2421888,16755.727,8369.364,0,2327.823,0,20.998,2523,3624,1.310,1.670,1.430,2,0,18.999,0,0,25,294,0,35,0
29-03 05:13:20,75.098,15.771,8.511,0,0.501,4860336,570348,184620,2421896,14455.952,5588.326,0,164.215,0,19.025,4293,7901,1.310,1.670,1.430,5,0,29.038,0,0,25,288,0,36,0
29-03 05:13:21,85.993,13.499,0.250,0,0,4883884,546736,184672,2421948,29314.772,21343.378,0,1923.854,0,120.991,4767,8719,1.310,1.670,1.430,6,1,2.000,0,0,25,279,0,37,0
29-03 05:13:22,86.277,13.504,0,0,0,4910916,518072,184692,2423492,52155.481,44338.011,4.001,640.202,1.000,18.006,4390,13073,1.310,1.670,1.430,6,0,15.005,0,0,25,278,0,40,0
29-03 05:13:23,74.480,12.996,12.247,0.250,0,5020456,405508,184704,2426344,148472.467,139521.911,0,627.829,0,19.995,5279,14716,1.310,1.670,1.430,2,0,7.998,0,0,25,288,0,48,0
29-03 05:13:24,36.714,8.742,54.447,0.250,0.250,5079684,344520,184712,2427932,190382.710,150472.343,0,263.745,0,30.970,6369,12193,1.280,1.660,1.430,0,0,2.997,0,0,25,296,0,52,0
29-03 05:13:25,22.213,5.491,70.883,0.250,0,5095268,329880,184724,2426972,226147.214,167233.069,0,287.527,0,25.957,3379,4994,1.280,1.660,1.430,1,0,1.997,0,0,25,306,0,52,0
29-03 05:13:26,6.246,0.999,91.694,0.250,0.250,5095616,329408,184740,2427064,31284.822,15379.572,0,243.851,0,20.987,2016,2828,1.280,1.660,1.430,0,0,0,0,0,25,304,0,52,0
29-03 05:13:27,4.004,1.502,92.098,0.250,0.501,5080340,344680,184756,2427052,17236.253,7810.271,0,412.437,0,41.043,2093,3495,1.280,1.660,1.430,0,0,0,0,0,25,304,0,52,0
29-03 05:13:28,4.247,0.999,92.691,0.500,0,5079996,344988,184776,2427068,19577.529,10140.540,0,475.697,0,41.973,2100,3379,1.280,1.660,1.430,0,0,0,0,0,25,304,0,52,0
29-03 05:13:29,4.000,0.750,90.999,3.500,0,5080016,344956,184788,2427068,11741.824,1619.976,0,15223.772,0,1151.983,2893,2810,1.180,1.630,1.420,0,0,0,0,0,25,304,0,52,0
29-03 05:13:30,3.502,1.751,93.042,0.250,0.250,5079940,345020,184800,2427068,12736.795,2899.319,0,304.138,0,19.009,1806,2847,1.180,1.630,1.420,0,0,0,0,0,25,304,0,52,0
29-03 05:13:31,4.748,1.499,91.961,0.750,0.500,5079916,344988,184860,2427064,19894.465,11480.075,0,1831.214,0,115.950,2242,3653,1.180,1.630,1.420,1,0,0,0,0,25,304,0,52,0
29-03 05:13:32,2.999,1.999,95.474,0,0,5079940,344956,184860,2427072,11249.906,1619.555,0,0,0,0,1692,2798,1.180,1.630,1.420,0,0,0,0,0,25,304,0,52,0
29-03 05:13:33,4.001,1.250,92.767,0.250,0.250,5079888,344988,184880,2427072,16518.089,6322.182,0,296.055,0,29.005,1970,3237,1.180,1.630,1.420,3,0,2.000,0,0,25,304,0,52,0
29-03 05:13:34,2.999,0.750,94.977,0,0,5079852,345020,184884,2427072,10287.531,1767.576,0,31.992,0,3.999,1694,2741,1.090,1.610,1.420,0,0,0,0,0,25,304,0,52,0
29-03 05:13:35,3.001,1.500,93.016,0.750,0.250,5079912,344948,184920,2427048,17827.102,9451.645,0,172.030,0,24.004,1853,3127,1.090,1.610,1.420,2,0,0,0,0,25,304,0,52,0
29-03 05:13:36,3.500,1.750,93.008,0.250,0,5079844,344948,184948,2427088,20983.742,10564.877,0,392.033,0,39.003,2153,3251,1.090,1.610,1.420,0,0,0,0,0,25,304,0,52,0
29-03 05:13:37,4.500,1.250,93.991,0,0.250,5079844,344948,184960,2427076,18499.187,11616.862,0,79.992,0,11.999,1924,3155,1.090,1.610,1.420,0,0,0,0,0,25,304,0,52,0
29-03 05:13:38,4.250,0.500,93.258,0.500,0.250,5079796,344948,184980,2427104,19960.697,9597.816,0,172.015,0,20.002,1980,3090,1.090,1.610,1.420,0,0,0,0,0,25,304,0,52,0
29-03 05:13:39,4.250,1.000,93.502,0,0.250,5079752,344980,184992,2427104,18901.321,5332.091,0,104.002,0,7.000,2006,3193,1,1.580,1.410,0,0,1.000,0,0,25,304,0,52,0
29-03 05:13:40,3.500,1.000,94.257,0,0.250,5079784,344948,184992,2427104,18966.309,1844.127,0,64.004,0,2.000,1703,2691,1,1.580,1.410,0,0,0,0,0,25,304,0,52,0
29-03 05:13:41,4.000,1.250,92.739,1.000,0,5079740,344916,185016,2427156,22959.360,10710.768,0,555.936,0,41.995,2089,3273,1,1.580,1.410,1,0,0,0,0,25,304,0,52,0
29-03 05:13:42,16.261,11.007,70.047,1.001,0.250,4856724,566948,185144,2427728,33124.260,10867.303,644.433,20.013,29.020,2.001,2694,4619,1,1.580,1.410,1,0,98.066,0,0,25,260,0,61,0
29-03 05:13:43,49.095,8.767,41.831,0.250,0,4662488,761216,185180,2427736,18157.261,8917.317,0,412.802,0,25.049,2827,4363,1,1.580,1.410,2,0,5.010,0,0,25,250,0,66,0
29-03 05:13:44,44.876,10.471,42.632,0.997,0.249,4567620,855972,185200,2427768,15993.713,8658.026,67.812,319.116,1.994,26.925,3379,5504,1.080,1.590,1.410,6,0,21.939,0,0,24,235,0,68,0
29-03 05:13:45,42.762,7.502,46.763,2.001,0,4645792,777588,185240,2427856,16011.531,7752.194,84.024,1248.353,6.002,39.011,2361,3561,1.080,1.590,1.410,2,0,1.000,0,0,24,235,0,68,0
29-03 05:13:46,49.592,8.766,40.575,0,0.250,4725864,696788,185280,2428336,172629.400,163680.792,36.067,144.268,6.011,22.041,3401,5967,1.080,1.590,1.410,4,0,5.009,0,0,24,243,0,66,0
29-03 05:13:47,45.226,6.996,45.725,2.499,0,4759692,661852,185288,2429348,16720.038,7569.943,827.556,559.700,107.942,17.990,2791,4776,1.080,1.590,1.410,2,0,4.997,0,0,24,243,0,66,0
29-03 05:13:48,47.632,8.479,43.392,1.247,0.249,4839448,581012,185320,2430232,301035.732,292991.674,395.021,881.814,40.899,27.931,2857,5425,1.080,1.590,1.410,13,0,31.921,0,0,24,245,0,65,0
29-03 05:13:49,42.310,7.010,49.821,0,0,4875372,544748,185320,2430556,510354.213,501961.287,0,276.393,0,8.011,2945,7729,1.310,1.630,1.430,1,0,2.003,0,0,24,245,0,66,0
29-03 05:13:50,25.752,1.750,69.505,0.500,0.250,4923000,497120,185320,2430556,9580.728,1895.144,0,1280.097,0,192.015,1967,2668,1.310,1.630,1.430,1,0,0,0,0,24,245,0,50,0
29-03 05:13:51,20.207,3.742,58.375,15.467,0.249,4831976,586036,185560,2432424,128240.411,119019.228,0,3552.366,0,248.466,4468,7879,1.310,1.630,1.430,2,1,0,0,0,24,245,0,50,0
29-03 05:13:52,50.874,15.788,31.827,2.005,0,4969596,445448,185692,2435044,614655.999,605095.778,737.792,1459.545,23.056,113.275,7069,14297,1.310,1.630,1.430,3,0,7.017,0,0,25,270,0,57,0
29-03 05:13:53,13.743,3.248,82.209,0.250,0.250,4973680,441196,185712,2435172,137670.752,128868.179,0,207.895,0,16.991,2263,3671,1.310,1.630,1.430,0,0,1.999,0,0,25,270,0,58,0
29-03 05:13:54,4.000,1.250,94.247,0,0,4973804,441068,185712,2435176,16150.564,5399.854,0,0,0,0,1767,2753,1.370,1.630,1.430,0,0,0,0,0,25,270,0,57,0
29-03 05:13:55,4.251,2.250,89.767,1.500,0.250,4973420,440940,185800,2435600,25888.997,8667.673,0,4272.825,0,241.047,2575,3975,1.370,1.630,1.430,0,0,0,0,0,25,270,0,57,0
29-03 05:13:56,2.749,1.750,92.975,0.500,0.500,4973244,441076,185828,2435612,19628.681,11018.014,0,443.880,0,45.988,2174,3302,1.370,1.630,1.430,0,0,0,0,0,25,270,0,57,0
29-03 05:13:57,5.001,1.000,93.510,0.250,0,4973216,441076,185856,2435612,21080.361,10067.128,0,488.055,0,47.005,2087,3254,1.370,1.630,1.430,3,0,0,0,0,25,270,0,57,0
29-03 05:13:58,3.750,1.750,93.253,0.250,0,4973148,441140,185884,2435588,20923.586,9019.253,0,436.012,0,37.001,2020,3206,1.370,1.630,1.430,0,0,0,0,0,25,270,0,57,0
29-03 05:13:59,3.250,0.750,94.487,0.250,0.250,4973164,441076,185900,2435620,14644.979,1619.776,0,307.958,0,15.998,1710,2725,1.260,1.610,1.420,0,0,0,0,0,25,270,0,57,0
29-03 05:14:00,3.500,1.500,91.755,3.000,0,4973188,441044,185908,2435620,12391.669,1620.087,0,9840.531,0,967.052,2849,2970,1.260,1.610,1.420,1,2,2.000,0,0,25,270,0,57,0
29-03 05:14:01,5.995,1.748,88.423,0.749,0,4973448,440720,185952,2435640,22143.801,10198.158,0,2134.150,0,133.884,2353,3808,1.260,1.610,1.420,1,0,0.999,0,0,25,270,0,57,0
29-03 05:14:02,22.021,4.504,71.068,1.001,0.250,4980640,433160,186028,2435924,361199.501,352614.336,20.019,600.571,2.002,83.079,4111,7793,1.260,1.610,1.420,1,0,0,0,0,25,282,0,59,0
29-03 05:14:03,28.312,2.255,67.647,1.253,0.752,4996188,417536,186104,2435924,449641.971,441861.048,0,360.785,0,52.113,2675,4345,1.260,1.610,1.420,1,0,2.004,0,0,25,288,0,57,0
29-03 05:14:04,9.238,1.748,88.633,0,0,4998404,415300,186104,2435944,113399.859,99388.410,0,0,0,0,1874,2924,1.160,1.580,1.410,0,0,0,0,0,25,288,0,57,0
29-03 05:14:05,3.247,0.749,94.157,0,0,4998684,415016,186120,2435932,30552.814,9128.981,0,99.901,0,16.983,1881,2989,1.160,1.580,1.410,0,0,0,0,0,25,288,0,57,0
29-03 05:14:06,4.006,1.001,94.136,0.250,0,4998652,415016,186136,2435948,22791.047,10579.340,0,152.221,0,26.038,2234,3356,1.160,1.580,1.410,1,0,0,0,0,25,288,0,57,0
29-03 05:14:07,3.747,0.749,93.419,0.250,0,4998576,415080,186144,2435952,22094.822,11098.367,0,79.931,0,11.990,1969,3146,1.160,1.580,1.410,0,0,0,0,0,25,288,0,57,0
29-03 05:14:08,3.998,0.750,93.946,0,0.250,4998664,414984,186152,2435952,19086.045,9637.468,0,79.954,0,11.993,1988,3170,1.160,1.580,1.410,0,0,0,0,0,25,288,0,57,0
29-03 05:14:09,2.750,0.750,94.492,0,0.250,4998600,415048,186152,2435952,13027.893,5175.560,0,0,0,0,1729,2809,1.060,1.550,1.410,0,0,0,0,0,25,288,0,57,0
29-03 05:14:10,3.249,1.250,94.468,0,0.500,4998628,415016,186152,2435952,9728.721,1623.453,0,3.999,0,1.000,1730,2756,1.060,1.550,1.410,0,0,0,0,0,25,288,0,57,0
29-03 05:14:11,3.753,1.501,92.812,0.751,0,4998496,415048,186200,2436004,19464.021,10417.970,0,1264.846,0,84.056,2223,3546,1.060,1.550,1.410,0,0,0,0,0,25,288,0,57,0
29-03 05:14:12,2.751,1.250,94.018,0.500,0,4998468,415048,186220,2436012,13199.508,4254.808,0,172.033,0,28.005,1998,3282,1.060,1.550,1.410,0,0,0,0,0,25,288,0,57,0
29-03 05:14:13,4.252,1.001,93.052,0.250,0.250,4999248,414260,186228,2436012,16414.192,6362.563,0,476.267,0,38.021,2125,3477,1.060,1.550,1.410,0,0,2.001,0,0,25,288,0,57,0
29-03 05:14:14,5.244,5.494,88.656,0.250,0.250,5001588,411912,186232,2436016,12575.645,3652.121,0,83.911,0,8.990,2204,3615,0.980,1.530,1.400,1,0,104.889,0,0,25,288,0,57,0
29-03 05:14:15,15.495,11.996,69.726,0.750,0,5027124,386264,186260,2436068,18205.792,9082.903,23.992,211.928,1.999,21.993,3027,5155,0.980,1.530,1.400,1,0,246.916,0,0,25,288,0,56,0
29-03 05:14:16,22.006,3.751,68.519,4.251,0.250,5044184,368908,186288,2436336,21125.958,12653.568,404.114,660.186,70.020,51.014,2574,3589,0.980,1.530,1.400,1,0,0,0,0,25,288,0,57,0
29-03 05:14:17,29.524,3.002,64.553,1.251,0.250,5071232,341588,186368,2436520,375980.304,346417.062,0,760.624,0,110.090,3530,6156,0.980,1.530,1.400,2,0,1.001,0,0,25,295,0,56,0
29-03 05:14:18,26.512,3.252,68.282,1.000,0,5058912,353660,186424,2436708,123903.491,110064.070,0,504.234,0,69.032,2724,4457,0.980,1.530,1.400,1,0,6.003,0,0,25,293,0,57,0
29-03 05:14:19,24.738,3.998,70.217,0.250,0.250,5091464,321068,186460,2436708,151830.399,141364.266,0,583.729,0,40.981,2435,3767,0.980,1.520,1.400,1,0,0,0,0,25,297,0,57,0
29-03 05:14:20,27.732,3.498,65.957,0.999,0,5108244,304120,186572,2436760,363805.163,354136.457,0,1331.133,0,150.902,3570,6057,0.980,1.520,1.400,1,0,0.999,0,0,25,300,0,57,0
29-03 05:14:21,27.491,4.249,66.479,1.500,0,5094932,317312,186596,2436856,141845.468,131504.787,95.969,1247.600,3.999,84.973,2737,4223,0.980,1.520,1.400,1,0,21.993,0,0,25,298,0,53,0
29-03 05:14:22,20.763,9.506,68.044,0.500,0.500,5064288,347632,186640,2437120,263450.662,253820.460,68.044,820.528,5.003,49.032,3388,5799,0.980,1.520,1.400,2,0,166.107,0,0,25,298,0,61,0
29-03 05:14:23,16.506,19.757,63.272,0.750,0.250,5110732,300524,186656,2437748,29121.989,11434.922,0,732.251,0,54.019,3945,6907,0.980,1.520,1.400,2,0,351.120,0,0,25,298,0,54,0
29-03 05:14:24,23.506,5.251,68.519,0.750,0.250,5123884,287192,186668,2437916,15387.201,5609.531,152.042,684.187,10.003,36.010,2281,3598,0.980,1.510,1.390,1,0,2.001,0,0,25,298,0,54,0
29-03 05:14:25,28.486,5.497,63.219,1.499,0,5162852,248176,186740,2437888,20375.934,8279.910,23.988,4149.950,3.998,218.892,2876,4400,0.980,1.510,1.390,1,0,2.999,0,0,25,298,0,47,0
29-03 05:14:26,24.541,3.756,68.614,1.252,0,5176692,231512,186884,2440556,19794.780,11030.266,16.027,1306.163,3.005,132.219,2561,3534,0.980,1.510,1.390,3,0,0,0,0,25,298,0,47,0
29-03 05:14:27,25.192,3.741,69.591,0.249,0,5150664,257488,186896,2440596,16361.548,7836.063,0,530.785,0,16.961,2186,3313,0.980,1.510,1.390,1,0,3.991,0,0,25,298,0,47,0
29-03 05:14:28,27.823,4.512,67.177,1.003,0,5177056,230856,186908,2440820,259370.886,247922.789,36.095,685.803,2.005,66.174,3196,6896,0.980,1.510,1.390,5,0,0,0,0,25,299,0,49,0
29-03 05:14:29,28.176,3.241,62.834,3.989,0.249,5181252,226288,187028,2441068,545412.293,537715.582,0,1918.942,0,328.135,5217,9546,1.060,1.520,1.400,2,0,0,0,0,25,302,0,50,0
29-03 05:14:30,29.503,2.750,64.506,1.750,0.500,5186604,220808,187116,2441108,445747.683,437438.869,0,1292.127,0,146.014,3828,6391,1.060,1.520,1.400,2,1,0,0,0,25,302,0,50,0
29-03 05:14:31,30.521,4.253,63.043,3.753,0.250,5193292,214036,187136,2441168,531186.207,517744.066,0,6712.565,0,741.504,4780,6832,1.060,1.520,1.400,1,0,0,0,0,25,302,0,52,0
29-03 05:14:32,30.796,2.504,63.595,1.252,0,5196552,210540,187196,2441344,558444.641,548506.824,0,1434.138,0,139.208,3653,5877,1.060,1.520,1.400,5,0,0,0,0,25,302,0,52,0
29-03 05:14:33,30.186,3.243,60.122,2.994,0,5200168,206264,187428,2441768,677544.121,666650.368,0,2442.787,0,298.363,5914,10547,1.060,1.520,1.400,0,1,1.996,0,0,25,304,0,53,0
29-03 05:14:34,28.996,2.500,64.242,2.750,0.250,5200792,205532,187548,2441756,618420.934,604047.702,0,2139.737,0,249.969,4606,7881,1.060,1.510,1.390,1,0,0,0,0,25,304,0,54,0
29-03 05:14:35,30.574,3.007,64.406,2.005,0,5205928,200208,187680,2441812,565300.288,554327.690,0,1976.792,0,228.554,4074,7143,1.060,1.510,1.390,1,0,0,0,0,25,304,0,56,0
29-03 05:14:36,31.243,3.999,62.736,1.250,0.500,5208396,197436,187792,2442000,646115.686,636373.907,0,1503.657,0,158.964,3921,6236,1.060,1.510,1.390,1,0,0,0,0,25,304,0,56,0
29-03 05:14:37,28.682,2.743,65.095,0.998,0.249,5211944,193656,187860,2442156,562779.334,550980.463,0,1336.813,0,115.724,3851,6822,1.060,1.510,1.390,3,0,0,0,0,25,305,0,61,0
29-03 05:14:38,33.799,5.007,58.586,2.253,0,5237312,168088,187972,2442240,622591.852,609942.346,0,1662.432,0,164.240,4680,8368,1.060,1.510,1.390,1,0,8.012,0,0,25,325,0,62,0
29-03 05:14:39,32.783,4.755,57.307,3.504,0,5258940,145768,188132,2442752,541164.247,521331.374,0,2250.255,0,276.277,5211,9475,1.370,1.570,1.410,2,1,2.002,0,0,25,335,0,63,0
29-03 05:14:40,43.980,11.245,37.233,6.747,0.250,5284108,126060,187028,2439592,66226399.535,66214585.934,20.990,31381.659,6.997,335.847,6438,11827,1.370,1.570,1.410,3,2,19.991,0,0,25,340,0,68,0
29-03 05:14:41,47.389,8.231,40.905,2.494,0,5324848,124380,186752,2402320,605108.676,590446.897,91.786,5339.538,1.995,222.481,5002,8229,1.370,1.570,1.410,5,1,7.981,0,0,25,339,0,69,0
29-03 05:14:42,50.035,10.257,37.026,2.752,0,5329492,271920,186356,2252956,607779.368,586621.769,300.207,1396.964,10.007,91.063,4195,6586,1.370,1.570,1.410,3,0,14.010,0,0,25,340,0,69,0
29-03 05:14:43,32.830,5.513,61.650,0.501,0.752,5358384,242836,186392,2253020,255262.799,242830.564,8.020,821.999,2.005,54.132,3342,5102,1.370,1.570,1.410,2,0,8.020,0,0,25,342,0,71,0
29-03 05:14:44,30.742,5.999,62.235,0.750,0,5424156,177032,186424,2253024,122930.390,108714.930,7.998,803.800,2.000,44.989,2641,3869,1.340,1.560,1.410,1,0,2.999,0,0,25,342,0,57,0
29-03 05:14:45,21.753,5.251,68.508,4.250,0.250,5385516,213928,186452,2254728,66939.698,50493.807,1420.163,1080.124,54.006,62.007,2801,3996,1.340,1.560,1.410,2,0,9.001,0,0,25,343,0,57,0
29-03 05:14:46,37.265,6.753,54.772,0,0,5398984,200208,186516,2254764,246141.703,233118.481,0,1412.566,0,97.039,3565,5275,1.340,1.560,1.410,3,0,26.010,0,0,25,342,0,56,0
29-03 05:14:47,48.163,14.224,32.940,4.991,0,5466900,120512,186584,2266336,391029.410,377765.378,11298.583,1237.763,155.719,101.816,6249,8741,1.340,1.560,1.410,2,0,15.971,0,0,26,343,0,56,0
29-03 05:14:48,51.476,13.744,29.736,4.748,0,5491108,131940,185948,2231528,435689.533,424450.781,12814.016,28706.594,467.782,1008.529,9495,14799,1.340,1.560,1.410,3,0,6.997,0,0,26,351,0,50,0
29-03 05:14:49,60.918,12.733,22.969,1.498,0,5591176,133552,183860,2135268,181935.660,166496.395,7136.416,1286.273,232.688,96.870,5640,12678,1.400,1.570,1.410,7,0,41.944,0,0,26,360,0,51,0
29-03 05:14:50,70.971,9.279,16.552,3.260,0.251,5681704,132320,181836,2050940,188076.482,171920.188,533.661,987.073,43.134,117.365,4748,7803,1.400,1.570,1.410,5,0,9.028,0,0,26,365,0,52,0
29-03 05:14:51,58.259,8.501,31.755,0.500,0,5727868,144684,180564,1995616,141936.142,126955.805,0,1240.193,0,116.018,4378,8193,1.400,1.570,1.410,2,0,4.001,0,0,26,366,0,52,0
29-03 05:14:52,61.128,6.986,30.190,0.749,0.250,5764072,373784,180472,1743136,307579.686,288107.514,119.761,1748.513,7.984,143.713,4683,8106,1.400,1.570,1.410,2,0,0,0,0,26,367,0,51,0
29-03 05:14:53,52.353,12.775,33.566,1.252,0.250,5654200,482808,180708,1743572,320589.883,301693.638,184.363,1547.049,8.016,136.269,5041,8878,1.400,1.570,1.410,5,0,41.081,0,0,25,367,0,52,0
29-03 05:14:54,40.895,7.481,47.379,2.494,0.249,5661436,474804,180940,1743884,590402.569,576880.187,359.081,1815.353,19.949,142.635,4836,8519,1.530,1.590,1.420,2,0,51.867,0,0,25,366,0,45,0
29-03 05:14:55,17.241,2.749,76.212,1.749,0,5660948,474772,181072,1744272,390883.513,367811.933,0,1531.242,0,196.903,4456,7725,1.530,1.590,1.420,1,0,0,0,0,25,366,0,45,0
29-03 05:14:56,23.287,2.254,72.116,1.002,0,5664720,470236,181136,1744972,418203.307,404305.933,344.555,833.342,7.011,70.113,3265,4939,1.530,1.590,1.420,1,0,1.002,0,0,25,368,0,46,0
29-03 05:14:57,30.290,3.755,63.835,1.752,0.250,5661532,473012,181304,1745176,486911.157,472164.618,0,1285.704,0,161.214,4021,6742,1.530,1.590,1.420,1,0,1.001,0,0,25,368,0,50,0
29-03 05:14:58,31.423,2.245,62.597,2.743,0.249,5661620,472560,181560,1745276,507355.574,494014.088,131.679,1508.324,32.920,132.677,3840,6651,1.530,1.590,1.420,1,0,0,0,0,25,369,0,51,0
29-03 05:14:59,30.502,3.000,62.754,2.000,0.250,5662804,470968,181720,1745480,595281.670,573048.113,0,1404.098,0,159.011,3959,6696,1.800,1.650,1.440,1,0,2.000,0,0,25,371,0,54,0
29-03 05:15:00,30.043,3.505,62.839,2.754,0.250,5664104,469548,181904,1745416,436916.236,423151.760,0,1614.284,0,193.273,4461,8033,1.800,1.650,1.440,2,0,0,0,0,25,372,0,56,0
29-03 05:15:01,28.951,3.993,63.144,2.496,0,5664360,468704,182028,1745864,490050.245,475721.361,0,1836.908,0,231.610,5307,9388,1.800,1.650,1.440,3,0,0.998,0,0,25,374,0,60,0
29-03 05:15:02,27.786,5.007,65.836,2.503,0,5664344,468304,182212,1746088,488806.448,471780.314,0,1465.906,0,176.229,5492,10051,1.800,1.650,1.440,4,0,0,0,0,25,375,0,58,0
29-03 05:15:03,33.046,5.007,58.080,2.253,0.250,5665304,466704,182460,1746436,518748.836,505185.145,0,1762.429,0,229.316,5536,11445,1.800,1.650,1.440,1,0,2.003,0,0,25,375,0,59,0
29-03 05:15:04,29.993,2.749,64.986,1.500,0.250,5665140,466704,182584,1746476,483975.977,469854.042,0,1207.738,0,145.968,3936,6686,1.740,1.640,1.440,1,0,0,0,0,25,375,0,60,0
29-03 05:15:05,26.686,2.993,65.593,1.995,0.249,5665864,465728,182732,1746580,530705.491,515913.902,0,1352.761,0,177.575,3962,6766,1.740,1.640,1.440,1,1,0,0,0,25,375,0,61,0
29-03 05:15:06,34.494,2.250,62.239,1.000,0.250,5668248,462924,182844,1746888,757408.454,740932.337,0,1191.791,0,143.975,4229,6852,1.740,1.640,1.440,1,0,0,0,0,25,375,0,61,0
29-03 05:15:07,29.490,4.499,63.729,1.250,0,5678584,452276,182932,1747076,627728.105,613138.890,0,1075.647,0,109.964,4456,7772,1.740,1.640,1.440,3,0,4.998,0,0,25,386,0,65,0
29-03 05:15:08,31.847,5.015,59.180,5.015,0,5693684,436472,183324,1747380,596475.901,568951.336,4.012,2591.869,1.003,379.151,6544,11357,1.740,1.640,1.440,3,0,3.009,0,0,25,394,0,65,0
29-03 05:15:09,39.172,6.986,50.400,2.745,0.250,5697696,431556,183540,1748032,629674.615,616586.542,0,2043.951,0,198.607,5106,8344,2,1.690,1.460,2,0,14.970,0,0,25,395,0,65,0
29-03 05:15:10,35.499,4.500,57.998,1.500,0.250,5698096,430824,183676,1748224,774126.228,756683.786,0,1307.958,0,125.996,4542,7631,2,1.690,1.460,3,0,3.000,0,0,25,394,0,65,0
29-03 05:15:11,35.123,6.227,57.043,0.498,0,5703680,425008,183720,1748376,342243.682,326091.267,27.899,825.008,4.982,54.801,3159,4524,2,1.690,1.460,10,0,24.910,0,0,25,394,0,65,0
29-03 05:15:12,41.605,18.797,37.595,0.752,0.501,5723292,404232,183808,1749256,392918.548,378788.927,496.251,1495.771,35.088,100.253,6836,11288,2,1.690,1.460,1,0,43.109,0,0,26,394,0,66,0
29-03 05:15:13,40.880,7.775,45.144,4.264,0,5745536,381576,183976,1749496,537686.844,521951.807,14886.339,1544.913,544.732,177.565,9610,16661,2,1.690,1.460,2,1,2.006,0,0,26,395,0,66,0
29-03 05:15:14,35.421,3.742,57.621,1.996,0.249,5813092,313472,184152,1749864,228160.518,214713.545,4585.760,1205.309,148.668,145.675,4520,8550,2,1.700,1.460,1,0,1.996,0,0,26,395,0,68,0
29-03 05:15:15,48.795,5.505,44.541,1.752,0,5842584,283652,184376,1749928,407451.337,389836.938,0,1365.271,0,161.150,4451,7583,2,1.700,1.460,2,0,3.003,0,0,26,396,0,68,0
29-03 05:15:16,49.888,7.483,41.906,0.249,0,5945600,180536,184440,1749964,63337.996,49403.238,0,702.425,0,59.866,3699,6222,2,1.700,1.460,2,0,2.993,0,0,26,396,0,68,0
29-03 05:15:17,43.327,10.268,43.577,3.256,0,5894136,230424,184968,1751000,152207.560,136364.502,1354.399,1017.803,28.050,69.122,3894,6204,2,1.700,1.460,1,0,10.018,0,0,26,399,0,68,0
29-03 05:15:18,38.067,3.506,54.345,4.257,0.250,5894572,229884,185068,1751000,142455.294,112349.398,0,10682.770,0,1041.830,6740,6283,2,1.700,1.460,1,2,3.005,0,0,26,404,0,67,0
29-03 05:15:19,36.207,2.247,56.932,2.747,0,5896252,227992,185120,1751156,142426.089,118205.154,67.918,4406.712,1.998,371.554,5784,6327,1.920,1.680,1.460,2,0,3.995,0,0,26,403,0,67,0
29-03 05:15:20,29.200,3.244,62.893,2.995,0.250,5899660,224028,185124,1751624,19887.172,6727.556,303.484,103.823,7.986,9.983,3264,5070,1.920,1.680,1.460,4,0,9.983,0,0,26,405,0,67,0
29-03 05:15:21,34.249,6.250,54.498,3.500,0.250,5907184,214976,185280,1752492,3370400.814,126812.801,1047.957,799.967,175.993,54.998,7170,8292,1.920,1.680,1.460,1,0,46.998,0,0,26,404,0,67,0
29-03 05:15:22,38.826,3.256,54.607,0.751,0,5915312,206408,185360,1752664,227464.513,204917.253,8.016,1142.242,3.006,98.193,5752,6862,1.920,1.680,1.460,3,0,5.010,0,0,26,404,0,58,0
29-03 05:15:23,41.898,7.232,46.138,1.247,0.249,5765340,356052,185528,1752836,652132.318,627187.933,318.227,1580.160,29.927,165.598,6701,11859,1.920,1.680,1.460,4,0,42.896,0,0,25,404,0,60,0
29-03 05:15:24,34.594,10.529,51.891,3.259,0,5772592,347972,185624,1753424,1627236.848,551270.764,68.186,1832.997,,155.424,5688,9049,1.850,1.670,1.460,2,0,34.093,0,0,25,405,0,58,0
29-03 05:15:25,22.489,2.999,72.464,0.750,0,5790776,330044,185660,1753132,324662.993,301087.757,7.996,815.593,1.000,75.962,3689,5816,1.850,1.670,1.460,6,0,0,0,0,25,404,0,58,0
29-03 05:15:26,13.508,2.251,81.050,2.001,0,5767240,353428,185728,1753216,202024.649,188351.213,0,972.600,0,110.068,3608,5829,1.850,1.670,1.460,1,0,0,0,0,25,405,0,58,0
29-03 05:15:27,16.456,2.743,77.544,1.745,0.748,5759636,360680,185856,1753428,281047.974,259144.195,0,1005.328,0,131.650,3877,6406,1.850,1.670,1.460,0,0,0,0,0,25,404,0,58,0
29-03 05:15:28,21.516,1.751,73.303,0.751,0,5758972,361012,185920,1753688,481963.460,470741.346,0,648.469,0,67.048,3140,5223,1.850,1.670,1.460,1,0,0,0,0,25,406,0,58,0
29-03 05:15:29,27.245,2.999,66.988,1.000,0.250,5758816,361008,186016,1753752,390594.349,376648.943,0,779.855,0,88.983,3224,5225,1.780,1.660,1.450,1,0,1.000,0,0,25,406,0,59,0
29-03 05:15:30,28.239,2.999,63.724,1.749,0,5758956,360724,186200,1753708,487179.641,474699.645,0,1483.405,0,205.917,4578,7793,1.780,1.660,1.450,4,0,0,0,0,25,406,0,62,0
29-03 05:15:31,27.815,3.508,64.651,2.506,0,5758432,360432,186412,1754304,546247.581,532328.051,24.056,1491.486,3.007,189.443,5873,10592,1.780,1.660,1.450,1,0,0,0,0,25,406,0,61,0
29-03 05:15:32,29.679,2.743,61.353,3.492,0,5758380,359968,186684,1754544,508305.068,493311.053,0,2075.020,0,297.287,5407,9125,1.780,1.660,1.450,1,0,0,0,0,25,406,0,62,0
29-03 05:15:33,29.336,3.260,63.938,2.257,0.501,5758680,359464,186804,1754628,639945.640,617282.898,0,1600.714,0,204.603,4593,7530,1.780,1.660,1.450,1,1,2.006,0,0,25,406,0,62,0
29-03 05:15:34,34.257,2.751,61.263,1.750,0.250,5758480,359212,186988,1754892,687902.460,671080.927,0,1340.281,0,176.037,4355,7516,1.800,1.670,1.460,4,0,0,0,0,25,406,0,62,0
29-03 05:15:35,37.245,4.499,57.242,0.750,0.250,5759360,358172,187076,1754964,894493.982,873372.981,0,1083.846,0,110.984,4484,7573,1.800,1.670,1.460,4,0,0,0,0,25,406,0,63,0
29-03 05:15:36,50.263,5.251,39.260,5.251,0,5763184,353524,187400,1755452,1098176.937,1088170.395,0,2776.705,0,412.105,7510,13504,1.800,1.670,1.460,5,0,0,0,0,25,404,0,67,0
29-03 05:15:37,60.992,11.249,22.747,2.500,0,5768040,347728,187652,1756116,1331361.592,1322651.733,0,3387.556,0,383.950,6752,11915,1.800,1.670,1.460,4,0,26.996,0,0,25,406,0,66,0
29-03 05:15:38,60.752,5.250,30.001,1.250,0,5772316,342808,187912,1756452,1193119.725,1180510.220,0,1744.070,0,210.008,5476,9715,1.800,1.670,1.460,4,0,10.000,0,0,25,407,0,66,0
29-03 05:15:39,63.263,9.427,25.801,0.248,0,5782172,332204,188068,1757020,799231.317,781667.505,51.603,1552.054,1.985,129.007,5147,9384,1.890,1.690,1.470,11,0,43.664,0,0,25,406,0,60,0
29-03 05:15:40,62.696,15.611,20.899,0,0.252,5816888,296428,188140,1757780,663877.514,655169.635,215.532,1152.187,27.193,59.422,6771,12481,1.890,1.690,1.470,4,2,44.315,0,0,26,405,0,60,2
29-03 05:15:41,62.994,14.999,20.498,1.250,0,5866712,245800,188268,1758372,572891.857,562873.838,19409.098,1515.851,706.931,145.986,10408,19347,1.890,1.690,1.470,5,0,27.997,0,0,27,405,0,53,2
29-03 05:15:42,57.088,8.975,30.912,2.493,0.499,5927764,184348,188312,1758728,541374.204,532332.836,8545.773,1076.947,309.124,107.695,6963,13833,1.890,1.690,1.470,3,2,0,0,0,27,406,0,53,2
29-03 05:15:43,68.817,9.724,16.955,2.992,0.249,5927704,184136,188408,1758868,718954.581,708812.559,10339.497,1428.201,363.034,134.642,7591,14207,1.890,1.690,1.470,12,0,35.904,0,0,26,405,0,54,2
29-03 05:15:44,65.928,13.337,17.866,1.258,0,5947452,163592,188540,1759452,654161.508,645581.826,68.444,2117.744,5.033,150.980,5486,10815,1.980,1.710,1.470,2,0,42.274,0,0,26,405,0,54,2
29-03 05:15:45,64.381,10.231,24.205,0.250,0,5958496,152696,188564,1759236,343257.004,334584.023,189.650,1117.935,41.923,88.836,4964,8708,1.980,1.710,1.470,3,0,31.941,0,0,27,405,0,53,2
29-03 05:15:46,46.061,13.017,37.049,1.001,0,5969968,142124,188672,1758356,280527.541,272628.050,0,1337.777,1.001,139.185,6457,11751,1.980,1.710,1.470,5,0,1.001,0,0,27,408,0,54,2
29-03 05:15:47,55.990,5.999,32.494,3.999,0,6000028,128212,188412,1743180,171908.744,164334.077,19430.580,6426.869,690.878,413.927,9830,15830,1.980,1.710,1.470,2,1,0,0,0,27,408,0,53,2
29-03 05:15:48,66.635,4.991,23.709,3.494,0,6067088,122224,186964,1686604,489277.995,479023.684,23.959,10733.485,5.990,1186.953,7347,8167,1.980,1.710,1.470,2,0,0,0,0,27,409,0,55,2
29-03 05:15:49,62.322,7.008,26.280,2.002,0,6081172,152416,180652,1650752,292873.512,272828.480,559.643,1322.520,79.091,114.131,6702,14585,3.020,1.930,1.550,7,0,35.040,0,0,27,409,0,55,2
29-03 05:15:50,65.295,10.140,21.765,2.473,0.495,5944932,287536,180704,1651848,561167.826,552522.208,1182.231,1108.032,52.434,88.049,6801,10014,3.020,1.930,1.550,3,0,39.573,0,0,26,408,0,57,2
29-03 05:15:51,49.814,6.069,41.216,1.011,0.253,5949244,282292,180724,1652632,217326.616,206243.230,8.092,1076.175,2.023,54.618,3828,6714,3.020,1.930,1.550,2,0,16.183,0,0,26,408,0,55,2
29-03 05:15:52,59.261,7.751,27.255,5.251,0.250,5949204,278696,180764,1656232,407246.897,396734.015,3192.571,1252.224,54.010,94.017,4657,8061,3.020,1.930,1.550,2,1,30.005,0,0,26,408,0,55,2
29-03 05:15:53,45.156,13.222,40.915,0.499,0,5971352,253712,180808,1658968,123474.063,114963.841,2979.775,590.766,66.860,43.908,6133,11218,3.020,1.930,1.550,2,0,6.985,0,0,27,408,0,55,2
29-03 05:15:54,63.623,6.513,23.045,4.258,0,5995748,229056,180860,1659144,390749.491,382041.633,18434.690,873.691,664.286,81.157,8023,15444,3.100,1.970,1.560,5,0,0,0,0,27,409,0,55,2
29-03 05:15:55,71.110,6.737,19.711,0.998,0,5972088,252284,180940,1659492,701101.325,688132.937,1694.653,1237.556,94.813,109.783,5468,9786,3.100,1.970,1.560,2,0,16.966,0,0,26,408,0,55,2
29-03 05:15:56,69.532,11.505,17.258,0.750,0,5971372,252800,181024,1659564,617591.092,607490.446,196.090,1992.917,66.030,158.073,6170,10668,3.100,1.970,1.560,2,0,49.023,0,0,26,408,0,56,2
29-03 05:15:57,56.724,14.993,24.489,2.249,0,5991220,232304,181128,1660024,366477.954,355599.002,641.702,18324.497,42.980,335.844,6786,11706,3.100,1.970,1.560,2,0,46.978,0,0,27,408,0,52,2
29-03 05:15:58,54.127,9.522,32.827,2.005,0,6006924,216460,181196,1660096,414696.611,405260.388,9313.934,10384.455,353.833,260.614,7346,14573,3.100,1.970,1.560,5,0,1.002,0,0,27,409,0,53,2
29-03 05:15:59,55.661,3.744,37.191,0.499,0.499,6071368,152676,181212,1659464,147635.227,114067.834,10517.204,1047.327,381.391,108.826,6957,11405,3.170,2,1.570,2,0,0,0,0,27,408,0,49,2
29-03 05:16:00,69.361,12.520,17.528,0,0,5935420,289424,181288,1658596,839793.471,829260.671,4.006,2011.208,4.006,211.337,5915,11429,3.170,2,1.570,4,0,46.073,0,0,26,408,0,49,2
29-03 05:16:01,53.996,4.500,39.497,1.250,0.250,5957320,267216,181440,1658724,669557.105,661377.751,0,1827.856,0,233.982,5349,9985,3.170,2,1.570,1,0,0,0,0,26,408,0,43,2
29-03 05:16:02,39.246,6.749,52.745,0.500,0.250,5807332,417088,181556,1658716,489835.016,481439.856,0,1487.851,0,148.985,4864,9505,3.170,2,1.570,2,0,16.998,0,0,25,408,0,44,2
29-03 05:16:03,49.508,12.252,36.256,1.000,0,5807644,416340,181640,1658984,732273.896,721363.139,8.001,1584.255,1.000,121.019,5157,11498,3.170,2,1.570,4,0,53.009,0,0,25,409,0,42,2
29-03 05:16:04,30.431,4.739,61.610,2.993,0,5807828,415696,181824,1659244,741649.456,732340.587,0,1855.787,0,246.441,5475,11041,3.160,2.020,1.580,8,0,0,0,0,25,408,0,42,2
29-03 05:16:05,26.494,2.999,69.483,0.750,0.250,5808048,415224,181884,1659432,530791.610,522177.677,0,891.786,0,86.979,3110,5194,3.160,2.020,1.580,3,0,0,0,0,25,410,0,40,2
29-03 05:16:06,28.957,3.744,64.405,1.498,0.250,5808960,414136,181988,1659480,487484.011,479489.835,0,1162.281,0,142.789,3873,6520,3.160,2.020,1.580,3,1,0.999,0,0,25,410,0,45,2
29-03 05:16:07,32.619,5.520,59.216,2.007,0.251,5809560,413144,182088,1659748,607872.165,598056.298,4.015,2091.643,1.004,235.862,5507,10574,3.160,2.020,1.580,2,0,0,0,0,25,409,0,49,2
29-03 05:16:08,30.000,2.750,64.499,2.250,0.250,5809400,412844,182224,1660052,534594.723,525496.796,0,1683.987,0,214.998,5044,9640,3.160,2.020,1.580,1,0,0,0,0,25,410,0,45,2
29-03 05:16:09,29.237,3.249,63.472,2.249,0,5794916,427068,182432,1660104,578335.906,568606.264,0,1443.353,0,188.915,4022,7411,2.990,2,1.580,2,0,0,0,0,25,410,0,46,2
29-03 05:16:10,29.736,1.999,65.220,1.000,0,5795044,426620,182556,1660280,499531.216,490061.572,0,1367.371,0,172.920,4053,6932,2.990,2,1.580,2,0,0,0,0,25,410,0,48,2
29-03 05:16:11,40.280,4.003,54.291,1.251,0.250,5795120,426336,182696,1660344,879942.317,872910.064,0,1349.008,0,169.126,4454,7554,2.990,2,1.580,3,0,0,0,0,25,410,0,48,2
29-03 05:16:12,29.757,3.501,66.765,1.250,0.250,5795536,425612,182748,1660596,586679.763,567173.316,0,776.177,0,65.015,3572,6413,2.990,2,1.580,2,0,0,0,0,25,410,0,52,2
29-03 05:16:13,31.460,5.243,58.925,3.995,0.250,5796256,424588,182932,1660696,701622.238,692226.181,0,2229.167,0,323.589,6294,11010,2.990,2,1.580,2,0,1.997,0,0,25,409,0,53,2
29-03 05:16:14,39.031,7.256,50.541,2.252,0,5798308,421736,183108,1661212,679181.420,654141.238,0,1721.387,0,177.143,5004,8273,2.750,1.970,1.570,5,0,15.012,0,0,25,409,0,51,2
29-03 05:16:15,37.454,3.995,55.432,1.248,0,5802588,417112,183200,1661468,757461.412,748148.755,0,1106.652,0,132.838,4586,7674,2.750,1.970,1.570,2,0,5.993,0,0,25,409,0,51,2
29-03 05:16:16,39.520,8.754,50.275,1.251,0.250,5805472,413944,183228,1661660,330476.247,321774.922,120.060,1164.579,11.005,82.041,3820,5442,2.750,1.970,1.570,5,0,30.015,0,0,25,409,0,51,2
29-03 05:16:17,37.697,17.725,42.690,1.248,0.250,5819976,397776,183308,1663204,337405.969,328434.520,1005.593,1110.446,37.947,85.880,6820,10795,2.750,1.970,1.570,2,0,35.950,0,0,26,409,0,51,2
29-03 05:16:18,38.566,8.765,43.574,8.515,0,5839040,378488,183368,1663364,569412.988,561507.493,15147.857,12501.340,552.944,1254.141,10138,14718,2.750,1.970,1.570,2,1,0,0,0,26,410,0,53,2
29-03 05:16:19,51.693,3.746,37.209,6.493,0,5904192,312920,183520,1663620,488730.907,480480.990,4307.258,1374.487,139.846,152.832,5330,9268,2.850,2,1.580,1,1,0,0,0,26,409,0,54,2
29-03 05:16:20,57.882,8.018,31.823,2.255,0.251,5929944,286716,183704,1664048,753482.200,744207.025,0,2040.659,0,216.494,5584,10092,2.850,2,1.580,3,0,13.030,0,0,26,409,0,54,2
29-03 05:16:21,56.579,5.234,34.895,0.997,0.249,5952328,264236,183776,1664064,778714.283,768528.045,0,1272.158,0,136.588,5358,9144,2.850,2,1.580,3,0,1.994,0,0,26,409,0,54,2
29-03 05:16:22,61.920,4.262,32.840,0.752,0.251,5953456,261368,183828,1665680,525106.619,518175.537,0,1054.904,0,73.202,4563,7745,2.850,2,1.580,3,0,13.036,0,0,26,410,0,54,2
29-03 05:16:23,58.271,13.005,26.760,1.250,0.250,5969616,244728,183876,1666044,318874.476,309250.021,167.060,1456.523,30.011,130.047,5807,10032,2.850,2,1.580,7,0,38.014,0,0,27,409,0,55,2
29-03 05:16:24,55.807,11.710,29.149,0.997,0,5985552,227784,183944,1666980,362099.670,354751.045,4114.792,4843.276,168.418,303.950,7797,14792,2.780,2,1.580,3,2,3.986,0,0,27,409,0,52,2
29-03 05:16:25,67.766,12.047,16.314,1.757,0,5976548,236744,184048,1666860,843329.913,828056.952,14104.374,1778.984,481.892,188.741,7961,17557,2.780,2,1.580,5,0,44.173,0,0,26,409,0,52,2
29-03 05:16:26,61.526,7.722,28.148,0.498,0.249,5971100,242580,184148,1666340,867707.017,856497.774,15.942,1777.537,3.986,248.098,7031,11288,2.780,2,1.580,3,0,8.967,0,0,26,409,0,52,2
29-03 05:16:27,35.840,2.757,58.897,0.501,0,5980880,232564,184172,1666548,256451.154,248346.861,0,485.215,0,45.113,3094,5671,2.780,2,1.580,3,1,0,0,0,26,410,0,52,2
29-03 05:16:28,38.173,2.495,55.637,1.497,0,5978928,234264,184256,1666712,225659.813,217211.929,503.979,1697.561,87.822,213.567,7000,9649,2.780,2,1.580,1,0,0.998,0,0,26,409,0,54,2
29-03 05:16:29,47.113,2.757,47.113,2.005,0.251,5977016,235996,184336,1666808,517766.981,509742.795,330.791,6533.622,23.055,189.453,6584,8074,2.800,2.020,1.590,8,0,8.019,0,0,26,409,0,56,2
29-03 05:16:30,33.245,3.249,56.991,3.000,0.250,5978340,234356,184388,1667060,156972.884,148119.301,398.936,21426.572,24.996,387.938,5639,9294,2.800,2.020,1.590,1,0,23.996,0,0,26,409,0,54,2
29-03 05:16:31,41.403,2.744,50.631,1.995,0,5978572,233740,184460,1667344,364361.209,346489.136,234.450,994.667,26.937,115.729,4548,7790,2.800,2.020,1.590,3,0,0,0,0,26,409,0,56,2
29-03 05:16:32,34.682,2.994,59.633,1.248,0.499,5967312,244948,184520,1667336,200832.164,182263.670,7.984,782.462,7.984,102.798,3928,7418,2.800,2.020,1.590,3,0,0,0,0,26,409,0,53,2
29-03 05:16:33,39.178,5.776,51.986,1.005,0,5815688,396384,184588,1667452,355916.079,345562.124,582.642,1032.683,28.128,122.556,4963,8593,2.800,2.020,1.590,5,1,31.141,0,0,25,410,0,53,2
29-03 05:16:34,38.000,5.750,54.500,1.750,0,5818872,393152,184664,1667416,591055.227,583323.250,0,1515.995,0,149.000,4571,7893,2.730,2.020,1.590,2,0,25.000,0,0,25,409,0,50,2
29-03 05:16:35,16.710,2.993,76.069,2.245,0.249,5818612,393120,184732,1667636,377920.549,368807.239,0,1257.008,0,181.568,4562,7733,2.730,2.020,1.590,1,0,0,0,0,25,409,0,50,2
29-03 05:16:36,25.248,2.250,69.496,0.500,0.250,5818312,393184,184792,1667812,568638.607,559380.200,4.000,687.956,1.000,89.994,3816,5986,2.730,2.020,1.590,1,0,0,0,0,25,411,0,44,2
29-03 05:16:37,29.561,4.760,63.882,1.253,0.251,5808148,403196,184888,1667868,505990.400,488779.774,0,970.008,0,138.286,3909,6716,2.730,2.020,1.590,3,0,1.002,0,0,25,411,0,48,2
29-03 05:16:38,28.675,4.488,62.585,2.493,0,5807804,403152,185032,1668104,484294.337,474268.725,0,1412.283,0,200.472,5367,9584,2.730,2.020,1.590,1,0,0,0,0,25,410,0,50,2
29-03 05:16:39,30.559,5.260,61.368,1.753,0.250,5807660,402932,185188,1668308,661417.536,645442.704,0,1394.692,0,182.352,5472,10242,2.600,2,1.590,1,0,0,0,0,25,409,0,52,2
29-03 05:16:40,10.732,1.997,86.354,0.749,0.250,5807764,402672,185228,1668420,111806.711,101555.067,0,491.168,0,48.917,2680,4336,2.600,2,1.590,1,0,0,0,0,25,410,0,52,1
29-03 05:16:41,25.751,3.750,68.253,1.750,0,5807720,401888,185388,1668728,432649.008,423438.667,0,1372.051,0,209.008,4435,7978,2.600,2,1.590,0,0,0,0,0,25,409,0,52,1
29-03 05:16:42,9.997,1.749,86.473,0.750,0.250,5808172,401416,185416,1668720,176664.234,166053.523,11.996,543.831,1.000,54.983,2766,4572,2.600,2,1.590,0,0,0,0,0,25,410,0,52,1
29-03 05:16:43,11.286,3.010,82.265,1.003,0,5808380,400620,185468,1669244,183273.407,168281.192,0,754.426,0,85.274,3376,5900,2.600,2,1.590,2,0,2.006,0,0,25,411,0,52,1
29-03 05:16:44,28.475,3.747,63.445,2.748,0.250,5808380,400148,185612,1669568,442336.168,433764.625,51.955,1298.870,1.998,168.853,4854,9003,2.470,1.980,1.590,1,0,0,0,0,25,410,0,53,1
29-03 05:16:45,29.206,3.495,65.650,0.749,0.250,5808404,399856,185764,1669684,502120.271,492236.324,0,1254.090,0,169.741,5274,9538,2.470,1.980,1.590,1,0,0,0,0,25,411,0,53,1
29-03 05:16:46,14.245,2.499,79.225,2.249,0,5808616,399320,185872,1669896,274500.983,267159.310,0,1207.617,0,168.946,4002,6670,2.470,1.980,1.590,0,0,1.000,0,0,25,411,0,54,1
29-03 05:16:47,14.766,3.003,78.836,1.752,0.250,5808564,399068,185980,1670088,304063.341,266735.542,0,1193.304,0,146.160,3833,6346,2.470,1.980,1.590,1,0,0,0,0,25,412,0,54,1
29-03 05:16:48,20.042,3.006,76.161,0.752,0.501,5808724,398808,186056,1670108,286787.556,274692.976,0,893.891,0,100.212,3784,7006,2.470,1.980,1.590,1,0,0,0,0,25,413,0,52,1
29-03 05:16:49,29.492,4.499,56.985,8.748,0,5827444,379504,186164,1670576,429818.098,409182.567,7.998,13752.356,1.000,1389.632,7308,11047,2.510,2,1.600,3,0,31.992,0,0,25,412,0,54,1
29-03 05:16:50,28.658,4.486,62.299,2.243,0.249,5808712,397804,186248,1670904,541166.983,532702.232,0,1379.559,0,178.426,5141,10456,2.510,2,1.600,0,0,1.994,0,0,25,412,0,56,1
29-03 05:16:51,10.510,2.753,86.083,0.500,0,5808660,397792,186288,1670928,134346.779,123021.839,0,692.669,0,70.068,2857,4627,2.510,2,1.600,3,0,0,0,0,25,412,0,54,1
29-03 05:16:52,14.734,1.998,79.911,2.497,0.250,5808328,397760,186316,1671264,265550.770,255417.997,0,1238.628,0,152.831,3628,6289,2.510,2,1.600,1,0,0,0,0,25,411,0,55,1
29-03 05:16:53,17.508,2.251,74.034,2.251,0,5808776,397004,186384,1671500,366955.598,356403.807,0,1348.612,0,172.078,4175,7191,2.510,2,1.600,0,0,2.001,0,0,25,411,0,57,1
29-03 05:16:54,12.767,3.004,80.359,1.752,0.250,5826804,378820,186404,1671636,203190.510,190572.463,4.005,584.790,1.001,50.068,3035,4845,2.470,2,1.600,2,0,0,0,0,25,413,0,57,1
29-03 05:16:55,24.711,2.746,70.139,1.747,0.499,5809288,395956,186488,1671896,433143.633,415613.331,0,2284.391,0,268.576,3958,6219,2.470,2,1.600,2,0,0,0,0,25,411,0,59,1
29-03 05:16:56,14.248,3.249,80.737,2.000,0,5809436,395704,186556,1671932,206144.605,196144.225,0,1103.821,0,149.976,3976,6347,2.470,2,1.600,0,0,1.000,0,0,25,411,0,60,2
29-03 05:16:57,11.747,2.499,82.480,1.500,0,5809012,395736,186624,1672244,217106.809,202654.350,0,999.755,0,117.971,3477,5789,2.470,2,1.600,1,1,0,0,0,25,411,0,59,1
29-03 05:16:58,11.747,2.000,83.732,1.500,0.250,5809436,395232,186716,1672232,157850.431,139983.344,0,931.796,0,109.976,3445,5582,2.470,2,1.600,1,0,0,0,0,25,412,0,59,1
29-03 05:16:59,28.520,4.753,63.043,2.001,0.250,5809552,394696,186836,1672520,529196.971,510943.485,0,1200.821,0,152.104,5153,9147,2.590,2.030,1.610,1,0,0,0,0,25,412,0,60,1
29-03 05:17:00,28.266,3.502,65.287,1.001,0.500,5809172,394728,186892,1672800,515791.359,508169.083,0,1188.667,0,119.067,5436,10394,2.590,2.030,1.610,1,0,0,0,0,25,412,0,61,1
29-03 05:17:01,29.725,4.746,61.698,3.247,0,5809444,393884,186960,1673276,552519.463,543822.838,59.949,1598.644,6.994,191.837,5402,9543,2.590,2.030,1.610,2,0,2.997,0,0,25,412,0,63,1
29-03 05:17:02,25.990,3.998,66.473,1.499,0,5810160,392932,187004,1673468,553063.222,540854.117,0,1111.554,0,119.952,5459,10334,2.590,2.030,1.610,2,0,0,0,0,25,412,0,63,1
29-03 05:17:03,29.283,5.006,63.823,2.253,0.250,5810384,392380,187092,1673688,639272.131,622082.552,0,1629.856,0,206.235,5732,10422,2.590,2.030,1.610,3,0,2.002,0,0,25,412,0,64,1
29-03 05:17:04,27.291,4.507,63.094,2.504,0,5810920,391364,187220,1674036,524736.957,515092.548,0,1766.639,0,231.346,5756,10486,2.620,2.050,1.620,4,0,0,0,0,25,412,0,66,1
29-03 05:17:05,33.465,6.244,55.442,2.497,0.250,5810756,391112,187404,1674264,703033.845,694342.883,0,1925.997,0,261.728,6543,12373,2.620,2.050,1.620,3,0,0,0,0,25,413,0,66,1
29-03 05:17:06,30.009,3.501,63.769,3.251,0.250,5811164,390356,187488,1674520,556777.147,548248.571,0,2016.609,0,295.089,6148,10726,2.620,2.050,1.620,1,0,0,0,0,25,413,0,68,1
29-03 05:17:07,31.799,3.505,61.845,3.505,0.250,5811828,389560,187660,1674480,540193.979,531964.289,0,1710.638,0,244.377,5116,8702,2.620,2.050,1.620,5,0,0,0,0,25,413,0,64,1
29-03 05:17:08,29.468,3.996,62.932,2.497,0,5811624,389276,187820,1674808,561721.026,553189.215,0,1254.649,0,168.818,4590,7577,2.620,2.050,1.620,2,0,0,0,0,25,413,0,67,1
29-03 05:17:09,29.248,3.750,62.995,2.250,0.250,5811684,389040,188040,1674760,463656.053,455382.748,0,1487.875,0,208.982,5155,9306,2.660,2.070,1.630,1,0,0,0,0,25,412,0,67,1
29-03 05:17:10,27.206,5.491,64.146,1.997,0,5811616,388064,188140,1675700,545757.601,535396.335,35.942,1222.026,0.998,142.769,5237,10409,2.660,2.070,1.630,2,0,0,0,0,25,412,0,70,1
29-03 05:17:11,27.229,3.997,66.198,1.249,0.250,5813016,386488,188192,1675820,472418.262,461744.683,0,939.259,0,100.920,5202,9813,2.660,2.070,1.630,1,0,0,0,0,25,412,0,69,1
29-03 05:17:12,14.497,2.999,80.235,1.000,0.250,5814176,385064,188240,1676032,285660.296,276596.000,0,935.824,0,121.977,3674,6520,2.660,2.070,1.630,1,0,0,0,0,25,411,0,68,1
29-03 05:17:13,20.068,1.756,74.752,2.258,0.251,5817456,381756,188344,1675956,326104.996,319024.154,0,1111.743,0,145.490,3908,6709,2.660,2.070,1.630,0,0,2.007,0,0,25,412,0,67,1
29-03 05:17:14,7.736,1.996,86.841,1.497,0,5817692,381140,188380,1676276,109622.610,93057.890,0,622.861,0,68.874,2729,4628,2.600,2.060,1.630,1,0,0,0,0,25,412,0,68,1
29-03 05:17:15,12.744,2.499,81.960,1.999,0.250,5818492,380196,188496,1676304,201118.061,194244.374,0,1087.476,0,144.930,3528,5977,2.600,2.060,1.630,1,0,0,0,0,25,411,0,68,1
29-03 05:17:16,21.003,3.501,70.511,2.750,0,5821756,376636,188584,1676508,572726.491,565745.388,0,1308.207,0,171.027,4631,7848,2.600,2.060,1.630,0,0,0,0,0,25,411,0,72,1
29-03 05:17:17,10.271,1.754,88.930,0.501,0.501,5822432,375912,188584,1676556,100816.052,86341.756,0,344.698,0,29.059,2529,4068,2.600,2.060,1.630,1,0,0,0,0,25,412,0,72,1
29-03 05:17:18,18.696,1.994,75.282,2.244,0,5823392,374620,188660,1676812,345016.178,329628.725,0,1120.755,0,154.553,4136,6866,2.600,2.060,1.630,0,0,0,0,0,25,411,0,75,1
29-03 05:17:19,13.512,3.003,81.321,1.251,0.500,5823836,374116,188700,1676828,246412.597,235122.673,0,972.855,0,108.095,3481,5748,2.390,2.030,1.620,0,0,0,0,0,25,411,0,73,1
29-03 05:17:20,12.494,2.249,78.715,4.998,0,5826872,370996,188736,1676876,245812.105,234724.017,0,13058.215,0,1354.400,4257,4918,2.390,2.030,1.620,2,0,0,0,0,25,412,0,75,1
29-03 05:17:21,11.526,2.255,83.686,2.004,0,5826852,370872,188788,1676964,161244.964,144211.149,0,934.074,0,116.258,3245,5174,2.390,2.030,1.620,1,0,0,0,0,25,412,0,74,1
29-03 05:17:22,14.475,3.244,79.116,1.997,0.250,5827452,369832,188856,1677336,266646.967,259904.422,0,1142.060,0,155.735,3947,6825,2.390,2.030,1.620,0,0,0,0,0,25,411,0,74,1
29-03 05:17:23,16.245,3.249,77.478,1.500,0,5828356,368776,188972,1677352,325832.789,316443.447,0,1063.699,0,155.956,3974,6736,2.390,2.030,1.620,0,0,1.999,0,0,25,412,0,77,1
29-03 05:17:24,10.997,2.249,85.476,1.250,0.250,5828652,368240,188996,1677568,136605.614,127126.278,0,519.854,0,56.984,2780,4625,2.200,2,1.610,1,0,0,0,0,25,412,0,78,1
29-03 05:17:25,18.749,5.250,71.745,2.500,0.250,5839456,356900,189088,1677992,245311.338,229071.507,0,1195.914,0,162.988,4170,7021,2.200,2,1.610,0,0,4.000,0,0,25,411,0,81,1
29-03 05:17:26,14.243,3.248,80.459,0.500,0.500,5860256,336252,189108,1677800,197421.500,188407.043,0,955.518,0,132.933,3221,4968,2.200,2,1.610,2,0,0,0,0,25,411,0,83,1
29-03 05:17:27,10.501,3.000,85.259,0.750,0,5832800,363696,189140,1677780,199321.527,192611.802,0,628.068,0,68.007,2522,4180,2.200,2,1.610,0,0,0,0,0,25,411,0,83,1
29-03 05:17:28,8.011,1.752,87.621,0.751,0,5832548,363728,189164,1677972,173644.498,162883.594,0,584.810,0,61.085,2514,4254,2.200,2,1.610,0,0,0,0,0,25,411,0,83,1
29-03 05:17:29,7.983,1.247,87.817,0.249,0,5832820,363412,189196,1677980,195856.618,185528.102,0,578.796,0,60.873,2478,4006,2.030,1.960,1.600,0,0,0,0,0,25,411,0,79,1
29-03 05:17:30,4.755,1.251,90.842,0.501,0.250,5833552,362624,189196,1678036,69713.829,60572.542,0,332.338,0,21.021,2214,3526,2.030,1.960,1.600,2,0,0,0,0,25,412,0,82,1
29-03 05:17:31,15.001,1.750,76.254,4.250,0.250,5833464,362624,189280,1678040,346524.287,331174.565,0,1436.067,0,198.009,4048,6745,2.030,1.960,1.600,2,0,0,0,0,25,411,0,78,1
29-03 05:17:32,21.035,3.756,72.369,2.504,0.501,5860828,334864,189384,1678328,352065.740,340191.254,0,1278.097,0,191.314,4184,7122,2.030,1.960,1.600,2,0,1.002,0,0,25,411,0,80,1
29-03 05:17:33,11.489,2.248,84.166,0.999,0,5836308,359348,189412,1678336,220238.761,209579.421,0,511.489,0,52.947,2764,4640,2.030,1.960,1.600,6,0,1.998,0,0,25,411,0,83,1
29-03 05:17:34,15.266,2.503,78.834,2.503,0,5836164,359348,189472,1678416,299496.065,280097.464,0,1245.323,0,186.198,4155,6857,2.100,1.980,1.610,0,0,0,0,0,25,411,0,83,1
29-03 05:17:35,14.976,2.246,78.125,1.498,0,5836360,358844,189508,1678684,322616.877,312271.492,0,1006.384,0,133.785,3852,6590,2.100,1.980,1.610,0,0,0,0,0,25,411,0,84,1
29-03 05:17:36,17.516,2.502,77.319,1.752,0.500,5837148,357900,189576,1678772,328567.053,320993.252,0,1373.233,0,162.146,3766,6551,2.100,1.980,1.610,1,0,0,0,0,25,412,0,89,1
29-03 05:17:37,9.246,2.249,86.217,1.000,0.250,5836980,357868,189612,1678932,133511.865,123382.744,0,831.681,0,106.959,2976,5027,2.100,1.980,1.610,1,1,0,0,0,25,412,0,90,1
29-03 05:17:38,10.492,0.749,85.438,2.248,0,5837208,357584,189636,1678964,182349.979,170075.865,0,831.398,0,113.918,3105,5262,2.100,1.980,1.610,0,0,0,0,0,25,411,0,87,1
29-03 05:17:39,16.758,2.751,78.036,1.251,0.250,5837772,356764,189672,1679180,311709.074,293728.822,0,960.441,0,110.051,3683,6046,2.020,1.960,1.610,0,0,0,0,0,25,411,0,88,1
29-03 05:17:40,14.011,2.002,82.818,1.001,0,5838172,356356,189688,1679172,296154.959,284206.196,0,568.464,0,49.040,2745,4440,2.020,1.960,1.610,2,0,0,0,0,25,411,0,85,1
29-03 05:17:41,15.998,2.500,77.242,1.750,0,5838104,355252,189796,1679508,248810.626,232939.308,0,1139.879,0,161.983,3831,6525,2.020,1.960,1.610,1,0,0,0,0,25,412,0,85,1
29-03 05:17:42,27.974,5.245,63.941,2.747,0.749,5837912,355284,189920,1679540,523520.837,513498.068,0,1590.535,0,221.796,5300,9930,2.020,1.960,1.610,1,0,0,0,0,25,413,0,87,1
29-03 05:17:43,27.598,4.516,63.727,2.509,0,5838568,354268,189988,1679828,479001.329,467778.420,0,1232.382,0,164.585,4827,8987,2.020,1.960,1.610,1,0,2.007,0,0,25,412,0,89,1
29-03 05:17:44,28.948,2.745,65.881,1.497,0.250,5839352,353228,190044,1680028,562802.328,551004.682,0,1141.933,0,141.743,5679,10364,2.010,1.960,1.610,1,0,0,0,0,25,412,0,90,1
29-03 05:17:45,12.227,1.996,82.593,0.749,0,5839480,352976,190072,1680120,240296.437,227773.231,0,866.354,0,119.772,3714,6351,2.010,1.960,1.610,0,0,0,0,0,25,411,0,90,1
29-03 05:17:46,19.751,3.500,74.254,2.250,0,5841228,350928,190168,1680308,329704.485,320382.019,0,1128.056,0,159.008,4316,7725,2.010,1.960,1.610,1,0,1.000,0,0,25,412,0,92,1
29-03 05:17:47,13.020,2.003,83.375,1.502,0.250,5841496,350612,190208,1680316,184664.181,173735.777,0,1013.521,0,154.232,3570,5935,2.010,1.960,1.610,4,0,0,0,0,25,412,0,93,1
29-03 05:17:48,6.989,1.997,88.355,1.248,0.499,5841340,350676,190220,1680392,133342.718,114720.203,3.993,579.052,0.998,72.881,2773,4571,2.010,1.960,1.610,1,0,0,0,0,25,411,0,92,1
29-03 05:17:49,27.248,4.000,66.245,1.500,0,5842340,349204,190284,1680792,581453.554,570339.365,0,1295.905,0,176.987,4593,8163,2.010,1.970,1.610,0,0,0,0,0,25,412,0,96,1
29-03 05:17:50,18.261,4.253,74.795,0.750,0,5842756,348700,190340,1680824,225809.066,206044.069,0,1048.637,0,144.087,4114,10131,2.010,1.970,1.610,1,0,34.021,0,0,25,412,0,94,1
29-03 05:17:51,29.317,4.761,60.889,4.761,0,5842648,348408,190448,1681112,569239.142,558023.526,0,11257.713,0,1281.928,7627,10932,2.010,1.970,1.610,1,1,0,0,0,25,413,0,97,1
29-03 05:17:52,26.463,4.993,63.163,1.748,0.250,5843176,347684,190544,1681208,505356.586,494839.143,0,1469.966,0,226.686,5530,10331,2.010,1.970,1.610,1,0,0,0,0,25,412,0,97,1
29-03 05:17:53,28.533,4.255,65.327,1.502,0.250,5844184,346384,190604,1681436,567482.089,556094.743,0,1121.314,0,140.164,5624,10958,2.010,1.970,1.610,1,0,2.002,0,0,25,412,0,98,1
29-03 05:17:54,26.776,4.004,67.065,1.752,0.500,5844540,345660,190744,1681660,352672.271,342125.124,0,1233.186,0,172.166,5039,9400,2.090,1.980,1.620,2,0,0,0,0,25,414,0,96,1
29-03 05:17:55,32.887,6.478,58.549,0.997,0,5844484,345392,190816,1681896,514959.599,503379.388,0,1395.206,0,212.271,5047,8496,2.090,1.980,1.620,1,0,0,0,0,25,413,0,99,1
29-03 05:17:56,27.532,4.755,65.075,1.001,0,5844996,344636,190892,1682064,521188.367,508598.889,0,1129.299,0,154.177,6002,10377,2.090,1.980,1.620,1,0,0,0,0,25,412,0,97,1
29-03 05:17:57,26.699,3.992,66.873,1.497,0.250,5845712,343628,190984,1682260,494462.532,482795.723,0,1141.828,0,141.730,4994,9056,2.090,1.980,1.620,3,0,0,0,0,25,412,0,97,1
29-03 05:17:58,28.528,3.754,65.314,1.752,0.500,5845320,343564,191072,1682624,506180.551,496678.248,36.035,1505.474,1.001,225.220,5354,9863,2.090,1.980,1.620,5,0,0,0,0,25,413,0,97,1
29-03 05:17:59,29.748,4.750,63.245,1.750,0,5845404,343124,191148,1682904,544062.195,527446.442,99.993,1355.898,1.000,180.986,5520,10206,2.080,1.980,1.620,1,0,0,0,0,25,412,0,100,1
29-03 05:18:00,26.940,3.492,66.103,0.748,0,5846532,341548,191236,1683256,551353.342,541658.892,0,882.039,0,113.747,4636,9316,2.080,1.980,1.620,1,0,0,0,0,25,412,0,98,1
29-03 05:18:01,15.043,2.758,80.980,0.752,0.251,5846376,341612,191264,1683316,260821.254,248470.152,0,970.759,0,125.356,3653,6410,2.080,1.980,1.620,0,0,0,0,0,25,411,0,98,1
29-03 05:18:02,10.993,1.499,85.699,0.999,0,5846192,341580,191304,1683488,184648.688,170304.180,3.998,687.593,0.999,81.951,2773,4918,2.080,1.980,1.620,0,0,0,0,0,25,411,0,96,1
29-03 05:18:03,16.504,2.501,77.769,0.500,0.250,5846456,341296,191332,1683480,339768.884,313942.660,0,1028.248,0,135.033,3733,6474,2.080,1.980,1.620,0,0,2.000,0,0,25,412,0,100,1
29-03 05:18:04,8.490,1.249,88.400,0.749,0.250,5846140,341352,191356,1683712,90311.857,77393.468,0,507.426,0,57.934,2536,4226,1.920,1.950,1.610,1,0,0,0,0,25,412,0,97,1
29-03 05:18:05,21.281,3.004,74.110,1.001,0.250,5846744,340596,191432,1683784,425728.226,407739.639,0,945.397,0,143.212,3855,6709,1.920,1.950,1.610,5,0,0,0,0,25,412,0,101,1
29-03 05:18:06,17.744,3.999,75.223,1.000,0.250,5846580,340596,191476,1683904,358561.918,337543.484,0,751.729,0,107.961,4424,8754,1.920,1.950,1.610,2,0,0,0,0,25,411,0,99,1
29-03 05:18:07,14.770,2.003,80.360,0.751,0,5847836,339084,191504,1684128,261356.012,251816.982,0,1021.395,0,105.144,3609,5772,1.920,1.950,1.610,7,0,0,0,0,25,412,0,99,1
29-03 05:18:08,9.735,1.248,87.119,0.499,0.250,5848088,338760,191520,1684180,144625.351,133907.407,0,467.300,0,55.916,2897,4958,1.920,1.950,1.610,1,0,0,0,0,25,411,0,94,1
29-03 05:18:09,18.241,2.749,75.215,1.249,0,5848388,338248,191580,1684328,346042.052,336652.447,0,1151.461,0,175.918,4127,6975,1.760,1.920,1.600,1,0,0,0,0,25,411,0,98,1
29-03 05:18:10,15.957,3.241,78.288,1.247,0.249,5849012,337492,191608,1684428,340483.969,333504.869,0,1053.148,0,127.654,3549,6205,1.760,1.920,1.600,1,0,0,0,0,25,411,0,96,1
29-03 05:18:11,10.534,2.508,84.270,1.003,0,5849024,337240,191636,1684640,199565.007,192534.495,0,814.608,0,103.331,3074,5168,1.760,1.920,1.600,0,0,0,0,0,25,411,0,97,1
29-03 05:18:12,6.509,1.001,92.130,0.501,0.250,5848988,337272,191640,1684640,58408.122,47155.300,0,368.518,0,21.030,2042,3253,1.760,1.920,1.600,2,0,0,0,0,25,412,0,97,1
29-03 05:18:13,9.488,2.247,86.637,0.749,0.499,5849460,336484,191668,1684928,214402.776,205464.458,0,551.279,0,59.922,2720,4401,1.760,1.920,1.600,2,0,1.997,0,0,25,411,0,98,1
29-03 05:18:14,25.738,2.749,68.718,1.249,0,5850156,335688,191716,1684976,501263.419,482986.826,0,1347.380,0,198.909,4498,7585,1.780,1.920,1.610,1,0,0,0,0,25,412,0,98,1
29-03 05:18:15,9.752,2.751,85.518,0.500,0.250,5850228,335428,191716,1685164,181726.344,165082.832,0,496.105,0,49.010,2699,4412,1.780,1.920,1.610,1,0,0,0,0,25,412,0,98,1
29-03 05:18:16,31.084,4.262,62.168,3.008,0,5850200,335208,191772,1685352,513073.865,504245.985,0,1536.155,0,232.629,5882,9833,1.780,1.920,1.610,2,0,0,0,0,25,412,0,101,1
29-03 05:18:17,28.429,4.239,63.592,2.494,0.249,5850148,334956,191824,1685596,454934.398,444692.828,0,1460.374,0,201.500,5328,9162,1.780,1.920,1.610,2,0,0,0,0,25,412,0,99,1
29-03 05:18:18,26.742,5.748,67.229,0.750,0,5851260,333696,191868,1685696,492909.719,485795.946,0,1075.663,0,140.956,5293,10035,1.780,1.920,1.610,1,0,0,0,0,25,412,0,103,1
29-03 05:18:19,18.999,2.250,76.746,1.500,0.250,5851304,333412,191908,1685896,348025.947,337689.453,0,875.957,0,124.994,3934,6784,1.640,1.890,1.600,1,0,0,0,0,25,411,0,99,1
29-03 05:18:20,18.303,3.510,77.473,1.254,0.251,5852220,332396,191956,1685948,294379.753,284215.551,0,914.628,0,129.372,3501,6018,1.640,1.890,1.600,2,0,0,0,0,25,411,0,105,1
29-03 05:18:21,8.724,2.742,85.498,0.499,0,5852004,332396,191964,1686152,101357.098,90734.424,0,542.400,0,68.797,2905,4625,1.640,1.890,1.600,2,0,0,0,0,25,412,0,103,1
29-03 05:18:22,22.498,3.250,68.493,4.750,0.250,5852672,331576,191996,1686272,487229.713,472091.151,0,13194.746,0,1456.862,5795,7488,1.640,1.890,1.600,0,0,0,0,0,25,411,0,106,1
29-03 05:18:23,15.490,3.498,79.447,0.999,0,5853120,331064,192016,1686312,313087.857,301001.931,0,527.648,0,49.967,3079,4954,1.640,1.890,1.600,0,0,1.999,0,0,25,412,0,113,1
29-03 05:18:24,11.502,2.250,85.015,1.000,0,5852908,331032,192068,1686500,163541.966,150102.668,0,904.155,0,127.022,3149,5200,1.510,1.850,1.590,1,0,0,0,0,25,412,0,113,1
29-03 05:18:25,21.022,5.756,71.325,1.001,0.501,5863732,319604,192132,1687040,351498.018,327304.688,0,1145.199,0,166.174,3850,6206,1.510,1.850,1.590,0,0,4.004,0,0,25,412,0,107,1
29-03 05:18:26,23.988,5.497,67.965,2.499,0.250,5863724,319164,192192,1687424,430383.201,415859.753,0,1127.414,0,157.918,5385,9427,1.510,1.850,1.590,1,0,0,0,0,25,413,0,109,1
29-03 05:18:27,33.028,5.255,60.302,1.251,0,5858180,324952,192300,1687052,555559.670,547519.772,0,1497.285,0,220.189,5284,9692,1.510,1.850,1.590,1,0,0,0,0,25,412,0,111,1
29-03 05:18:28,26.224,4.745,66.183,1.249,0.250,5858096,324724,192372,1687284,550228.021,541311.981,0,1130.863,0,148.850,5359,10462,1.510,1.850,1.590,2,0,0,0,0,25,412,0,111,1
29-03 05:18:29,16.753,2.250,78.264,0.750,0,5858200,324472,192424,1687376,402572.255,392695.507,0,808.143,0,110.019,4019,7465,1.470,1.840,1.590,1,0,0,0,0,25,411,0,112,1
29-03 05:18:30,16.765,2.752,79.321,1.001,0.250,5858436,323936,192488,1687612,326936.262,316119.559,0,860.772,0,111.100,3609,6069,1.470,1.840,1.590,2,0,0,0,0,25,411,0,116,1
29-03 05:18:31,8.244,1.999,87.937,0.250,0,5858700,323644,192512,1687608,74748.032,58895.477,0,383.723,0,39.971,2453,3847,1.470,1.840,1.590,2,0,0,0,0,25,412,0,114,1
29-03 05:18:32,27.342,3.763,67.477,1.254,0.251,5858616,323488,192552,1687808,368302.548,357082.726,0,874.949,0,122.413,4600,8151,1.470,1.840,1.590,1,0,0,0,0,25,413,0,115,1
29-03 05:18:33,29.676,3.491,63.093,1.746,0.249,5858480,323424,192616,1687940,496703.724,486482.227,3.990,1695.769,0.998,240.400,5229,9278,1.470,1.840,1.590,1,0,1.995,0,0,25,412,0,118,1
29-03 05:18:34,26.217,4.494,66.416,1.498,0,5858520,323172,192652,1688116,444947.252,433916.228,0,994.740,0,114.854,5027,9381,1.510,1.840,1.590,1,0,0,0,0,25,412,0,123,1
29-03 05:18:35,27.364,5.021,66.277,1.255,0.251,5859364,321904,192688,1688504,543808.206,533252.060,72.302,1249.224,1.004,173.727,5089,9172,1.510,1.840,1.590,4,0,0,0,0,25,409,0,125,2
29-03 05:18:36,9.967,1.246,85.469,0.748,0.249,5859308,321904,192736,1688508,126650.447,117903.216,0,733.587,0,100.669,3226,5175,1.510,1.840,1.590,3,0,0,0,0,25,411,0,126,1
29-03 05:18:37,19.720,2.995,73.638,1.498,0.250,5860316,320644,192804,1688688,382633.779,362273.706,0,1238.119,0,174.735,4412,7553,1.510,1.840,1.590,0,0,0,0,0,25,411,0,121,1
29-03 05:18:38,17.781,3.005,75.630,2.504,0.250,5863912,316896,192828,1688816,328298.330,319089.472,0,1202.070,0,153.264,3777,6311,1.510,1.840,1.590,5,0,0,0,0,25,410,0,124,1
29-03 05:18:39,13.013,2.252,83.335,0.250,0,5865508,315100,192836,1689000,154119.585,136367.549,0,436.443,0,51.052,3383,5499,1.390,1.810,1.580,1,0,0,0,0,25,411,0,121,1
29-03 05:18:40,15.474,2.745,78.866,0.998,0,5865720,314628,192880,1689212,286358.332,275569.705,0,1110.109,0,162.723,3822,6449,1.390,1.810,1.580,2,0,0,0,0,25,410,0,124,1
29-03 05:18:41,22.498,2.250,73.493,0.500,0,5866672,313556,192916,1689292,516458.969,505056.030,0,595.945,0,71.993,3676,5983,1.390,1.810,1.580,0,0,0,0,0,25,411,0,124,1
29-03 05:18:42,11.773,1.753,85.168,0.501,0.751,5868952,311036,192936,1689492,142726.170,125507.128,0,641.268,0,83.164,2972,4883,1.390,1.810,1.580,2,0,0,0,0,25,410,0,124,1
29-03 05:18:43,14.965,2.993,79.314,1.247,0.249,5869060,310784,193000,1689568,239235.710,219920.945,0,1109.402,0,154.638,3944,6720,1.390,1.810,1.580,0,0,1.995,0,0,25,409,0,121,1
29-03 05:18:44,18.245,3.499,77.230,1.500,0,5869212,310564,193032,1689604,298068.502,280098.174,0,1039.730,0,136.964,3924,6547,1.280,1.780,1.570,1,0,0,0,0,25,409,0,122,1
29-03 05:18:45,16.011,3.252,78.305,1.001,0,5873288,306280,193064,1689784,284861.548,275570.072,0,1020.711,0,137.096,3553,5985,1.280,1.780,1.570,0,0,0,0,0,25,410,0,122,1
29-03 05:18:46,12.744,3.248,82.462,0.500,0,5873724,305744,193080,1689868,202248.157,187188.145,0,787.635,0,96.955,3405,5649,1.280,1.780,1.570,2,0,0,0,0,25,410,0,123,1
29-03 05:18:47,31.067,4.760,62.384,1.754,0.251,5874044,305232,193140,1690000,517961.581,499916.821,0,1623.487,0,253.545,5401,9999,1.280,1.780,1.570,2,0,0,0,0,25,410,0,120,1
29-03 05:18:48,30.198,3.494,64.888,0.998,0.250,5874532,304444,193196,1690232,547111.139,537293.095,0,1293.766,0,191.669,5447,9842,1.280,1.780,1.570,1,0,0,0,0,25,409,0,123,1
29-03 05:18:49,26.772,4.003,67.305,1.501,0.250,5875252,303468,193232,1690448,505455.484,494694.639,0,976.803,0,126.104,5113,9527,1.250,1.770,1.570,2,0,0,0,0,25,408,0,119,2
29-03 05:18:50,31.516,7.754,58.029,1.251,0.250,5878208,299648,193248,1691288,560394.835,551845.612,0,1492.737,0,192.095,5639,12170,1.250,1.770,1.570,2,0,34.017,0,0,25,409,0,122,1
29-03 05:18:51,28.451,3.993,64.139,1.497,0,5878748,298632,193304,1691704,535846.665,524612.044,0,1401.582,0,198.657,5240,9961,1.250,1.770,1.570,5,0,0,0,0,25,410,0,121,1
29-03 05:18:52,31.063,4.760,61.124,2.004,0.251,5879836,297340,193328,1691872,504939.036,495223.294,0,1571.193,0,244.497,5535,9922,1.250,1.770,1.570,4,0,0,0,0,25,409,0,125,1
29-03 05:18:53,31.456,4.244,57.169,6.740,0.250,5882292,294632,193356,1692092,532749.291,523048.978,0,13309.221,0,1473.920,7254,10238,1.250,1.770,1.570,1,0,1.997,0,0,25,409,0,126,1
29-03 05:18:54,24.012,2.501,68.535,2.501,0,5883376,293340,193372,1692276,487181.899,477251.785,0,1168.602,0,160.082,4827,8629,1.230,1.760,1.560,2,0,0,0,0,25,409,0,127,1
29-03 05:18:55,16.680,4.481,77.425,0.996,0.249,5911944,264424,193440,1692556,204268.256,196392.366,0,1163.110,0,184.226,3624,5982,1.230,1.760,1.560,10,0,0,0,0,25,408,0,125,1
29-03 05:18:56,6.777,1.757,89.601,0.502,0,5882224,294136,193476,1692524,70888.813,62111.415,0,658.581,0,79.311,2744,4308,1.230,1.760,1.560,0,0,0,0,0,25,408,0,125,1
29-03 05:18:57,17.492,3.248,77.213,1.749,0.500,5882300,293884,193564,1692604,399828.282,389540.189,0,1183.436,0,156.925,3901,6940,1.230,1.760,1.560,0,0,0,0,0,25,408,0,125,1
29-03 05:18:58,11.002,2.250,84.016,0.750,0,5881528,293632,193588,1693604,244305.196,227269.045,0,804.149,0,94.017,3164,5494,1.230,1.760,1.560,1,0,0,0,0,25,408,0,125,1
29-03 05:18:59,13.026,2.004,82.416,1.002,0.251,5881728,293112,193632,1693876,296773.702,278919.744,0,893.800,0,115.232,3106,5239,1.300,1.760,1.570,3,0,0,0,0,25,408,0,128,1
29-03 05:19:00,5.499,0.500,91.987,0.250,0,5881568,293112,193644,1694020,57617.991,47724.366,0,639.911,0,92.987,2439,3946,1.300,1.760,1.570,3,1,2.000,0,0,25,409,0,124,1
29-03 05:19:01,14.716,4.240,80.065,0.499,0,5882992,291348,193684,1694320,221904.067,210998.227,0,730.315,0,99.770,3215,5353,1.300,1.760,1.570,0,0,0.998,0,0,25,408,0,126,1
29-03 05:19:02,13.006,2.251,80.538,1.751,0,5882968,291096,193744,1694528,308129.821,297912.019,0,1260.592,0,176.083,3681,6530,1.300,1.760,1.570,1,0,0,0,0,25,408,0,126,1
29-03 05:19:03,11.498,2.750,82.738,1.000,0.250,5883024,290876,193780,1694656,234579.159,225369.448,0,819.885,0,105.985,3260,5647,1.300,1.760,1.570,0,0,2.000,0,0,25,408,0,127,1
29-03 05:19:04,10.003,2.001,85.023,1.250,0.250,5882996,290844,193808,1694688,221184.614,210709.838,0,796.211,0,108.029,2928,5095,1.190,1.730,1.560,3,0,0,0,0,25,409,0,124,1
29-03 05:19:05,6.507,1.752,89.592,0.250,0.501,5882988,290560,193848,1694940,104037.430,94179.345,0,708.725,0,83.085,2661,4572,1.190,1.730,1.560,2,0,0,0,0,25,408,0,124,1
29-03 05:19:06,13.512,1.752,82.571,0.751,0,5882852,290616,193876,1694988,245823.917,234187.933,0,848.728,0,123.106,3488,5668,1.190,1.730,1.560,1,0,0,0,0,25,408,0,120,1
29-03 05:19:07,28.689,4.989,65.859,1.497,0,5883040,290016,193920,1695336,638459.973,627976.386,0,1129.585,0,147.684,5260,11110,1.190,1.730,1.560,1,0,0,0,0,25,408,0,122,1
29-03 05:19:08,12.256,1.501,84.044,0.750,0.250,5883016,290000,193940,1695356,224652.392,211225.316,0,716.378,0,94.050,3110,5166,1.190,1.730,1.560,2,0,0,0,0,25,408,0,122,1
29-03 05:19:09,9.508,2.502,86.327,1.001,0.250,5882936,290000,193960,1695408,143698.748,119362.113,0,740.658,0,99.088,3171,5450,1.100,1.700,1.550,5,0,0,0,0,25,409,0,122,1
29-03 05:19:10,29.550,4.508,63.107,1.753,0,5882912,289772,194012,1695604,549770.662,539478.258,0,1614.731,0,239.405,5149,9711,1.100,1.700,1.550,2,0,0,0,0,25,410,0,120,1
29-03 05:19:11,28.710,5.492,64.910,1.498,0.250,5883172,289204,194056,1695864,545622.042,521965.687,0,1098.484,0,148.795,5107,9442,1.100,1.700,1.550,1,0,0,0,0,25,409,0,123,1
29-03 05:19:12,25.961,4.244,66.650,0.999,0,5883792,287968,194076,1696452,559838.921,547128.948,0,798.804,0,97.854,5041,9564,1.100,1.700,1.550,1,0,0,0,0,25,408,0,117,1
29-03 05:19:13,10.496,2.749,84.468,1.499,0.250,5884140,287196,194128,1696804,134929.996,125319.629,0,975.631,0,166.937,3301,5725,1.100,1.700,1.550,0,0,1.999,0,0,25,407,0,118,1
29-03 05:19:14,22.020,4.504,70.062,3.003,0.250,5884848,286156,194200,1697060,427726.104,418069.500,0,2013.794,0,294.262,4882,8449,1.090,1.690,1.550,0,0,0,0,0,25,407,0,114,1
29-03 05:19:15,6.242,1.748,91.637,0,0.250,5884732,286188,194200,1697144,58843.270,49980.224,0,247.694,0,24.969,2141,3426,1.090,1.690,1.550,2,0,0,0,0,25,407,0,114,1
29-03 05:19:16,29.095,3.762,63.708,2.508,0,5885068,285464,194260,1697464,585093.671,570240.115,0,1444.723,0,214.702,5926,10486,1.090,1.690,1.550,6,0,0,0,0,25,408,0,115,1
29-03 05:19:17,30.170,5.485,62.084,1.745,0,5885280,284928,194308,1697736,619748.132,596329.589,0,1627.659,0,240.359,5976,10435,1.090,1.690,1.550,1,0,0,0,0,25,407,0,118,1
29-03 05:19:18,27.500,4.000,65.999,0.750,0.250,5886488,283416,194376,1697968,598373.024,588565.172,0,967.985,0,120.998,5417,10184,1.090,1.690,1.550,2,0,0,0,0,25,407,0,112,1
29-03 05:19:19,28.593,2.759,66.717,1.505,0,5887404,282188,194384,1698268,478165.864,459031.525,64.209,979.190,1.003,136.445,4342,8144,1.160,1.700,1.550,1,0,0,0,0,25,408,0,113,1
29-03 05:19:20,29.911,4.985,62.564,1.994,0.249,5888092,281368,194420,1698352,558620.573,544344.929,0,1766.758,0,256.240,5842,10358,1.160,1.700,1.550,2,0,0,0,0,25,407,0,113,1
29-03 05:19:21,27.063,3.508,66.155,1.002,0.251,5889296,279856,194448,1698628,524085.408,514474.900,0,990.319,0,124.291,5232,9957,1.160,1.700,1.550,1,1,0,0,0,25,407,0,113,1
29-03 05:19:22,27.917,3.490,65.805,1.246,0.249,5889588,279384,194456,1698796,490370.465,481975.281,0,1124.675,0,160.525,5388,9393,1.160,1.700,1.550,2,0,0,0,0,25,408,0,104,1
29-03 05:19:23,29.999,4.500,62.747,2.250,0,5889296,279352,194492,1699076,461704.838,450408.380,0,1683.919,0,247.988,5453,9358,1.160,1.700,1.550,3,0,2.000,0,0,25,407,0,109,1
29-03 05:19:24,25.803,5.261,62.128,6.513,0.251,5890120,278344,194556,1699192,504040.299,495612.989,0,13086.880,0,1475.030,7036,10587,1.310,1.720,1.560,1,0,0,0,0,25,407,0,104,1
29-03 05:19:25,24.270,3.253,66.556,3.753,0.250,5891396,276864,194592,1699356,423069.648,413304.416,0,1076.908,0,150.127,4895,8501,1.310,1.720,1.560,1,0,0,0,0,25,407,0,104,1
29-03 05:19:26,30.506,7.751,58.011,2.250,0,5900152,267240,194628,1700180,486941.571,475165.381,0,1652.307,0,230.043,6617,11776,1.310,1.720,1.560,1,0,4.001,0,0,25,407,0,101,1
29-03 05:19:27,35.142,5.732,57.074,1.745,0.249,5894120,273548,194660,1699872,527908.929,514083.566,0,1495.388,0,216.333,5276,8983,1.310,1.720,1.560,2,0,0,0,0,25,408,0,104,1
29-03 05:19:28,28.752,4.000,64.503,1.250,0.250,5894836,272604,194684,1700072,450792.343,439348.725,0,1120.060,0,155.008,4975,9554,1.310,1.720,1.560,3,0,0,0,0,25,407,0,101,1
29-03 05:19:29,26.795,3.506,67.865,0.751,0.250,5895560,271564,194704,1700364,512977.523,502593.902,0,949.611,0,115.195,5545,10192,1.360,1.720,1.560,1,0,0,0,0,25,407,0,101,1
29-03 05:19:30,26.219,3.246,67.421,0.999,0.250,5896868,270052,194724,1700544,523380.981,511229.283,0,962.867,0,136.839,5207,8952,1.360,1.720,1.560,1,0,0,0,0,25,407,0,97,1
29-03 05:19:31,15.759,1.751,78.046,2.752,0,5897332,269296,194776,1700776,236602.305,223171.341,0,1376.816,0,196.116,4192,6906,1.360,1.720,1.560,0,0,0,0,0,25,406,0,98,1
29-03 05:19:32,13.488,2.498,81.177,0.749,0.500,5897196,269328,194808,1700848,231473.748,211863.475,0,755.317,0,97.911,3540,5646,1.360,1.720,1.560,1,0,0,0,0,25,407,0,95,1
29-03 05:19:33,18.730,3.496,75.919,1.249,0.250,5897736,268540,194840,1701064,373353.512,361882.785,0,958.974,0,136.854,4218,6988,1.360,1.720,1.560,0,0,1.998,0,0,25,407,0,96,1
29-03 05:19:34,10.289,2.259,87.084,0.753,0,5897644,268572,194860,1701100,119945.230,110759.986,4.015,497.910,1.004,62.239,2668,4382,1.340,1.710,1.560,1,0,0,0,0,25,406,0,86,1
29-03 05:19:35,26.220,3.746,65.924,3.496,0,5897396,268508,194908,1701352,576937.637,564848.600,0,1909.794,0,321.629,5634,9692,1.340,1.710,1.560,2,0,0,0,0,25,407,0,86,1
29-03 05:19:36,12.478,2.496,84.854,0.250,0.250,5897532,268352,194916,1701364,208834.969,190268.976,0,463.201,0,49.914,2801,4487,1.340,1.710,1.560,2,1,0,0,0,25,407,0,81,1
29-03 05:19:37,26.073,5.265,65.184,2.758,0.251,5897524,268036,194988,1701616,438113.604,426636.261,0,1809.098,0,300.848,6304,11474,1.340,1.710,1.560,3,0,0,0,0,25,409,0,82,1
29-03 05:19:38,31.966,3.746,61.435,1.748,0.499,5897360,267784,195056,1701960,582195.695,573056.291,0,1490.435,0,222.766,5467,9550,1.340,1.710,1.560,2,0,0,0,0,25,407,0,82,1
29-03 05:19:39,30.274,3.253,63.050,1.751,0,5898280,266272,195104,1702496,597758.218,580617.591,0,1301.034,0,183.146,6102,10912,1.310,1.700,1.550,1,0,0,0,0,25,407,0,85,1
29-03 05:19:40,26.939,5.488,66.100,1.247,0,5898924,265296,195128,1702800,540205.274,527755.523,0,921.908,0,94.785,5280,9811,1.310,1.700,1.550,1,0,0,0,0,25,407,0,82,1
29-03 05:19:41,18.741,2.999,76.212,1.249,0,5899452,264288,195164,1703240,292269.619,282250.568,0,1215.400,0,174.914,3829,6551,1.310,1.700,1.550,0,0,0,0,0,25,406,0,84,1
29-03 05:19:42,18.509,3.502,76.287,0.750,0.500,5900844,262744,195196,1703360,348607.983,338127.963,20.010,736.353,2.001,86.041,3381,5844,1.310,1.700,1.550,1,0,0,0,0,25,407,0,84,1
29-03 05:19:43,17.281,3.005,77.889,2.004,0.250,5901156,262240,195236,1703508,261434.353,235681.513,0,1077.919,0,142.253,4083,6888,1.310,1.700,1.550,0,0,2.004,0,0,25,406,0,82,1
29-03 05:19:44,19.643,3.730,72.603,1.492,0,5901348,261988,195264,1703540,396404.873,389863.666,0,1245.186,0,189.961,4766,8698,1.360,1.700,1.550,2,1,0,0,0,25,408,0,82,1
29-03 05:19:45,29.617,4.016,61.743,2.761,0.251,5901360,261736,195296,1703744,537521.836,529338.594,0,1907.516,0,257.013,5423,9601,1.360,1.700,1.550,1,0,0,0,0,25,407,0,84,1
29-03 05:19:46,25.470,5.244,65.674,0.999,0.250,5902040,260728,195328,1704028,519428.385,510161.172,0,1074.749,0,139.837,5679,9956,1.360,1.700,1.550,2,0,0,0,0,25,407,0,92,1
29-03 05:19:47,26.001,5.000,67.252,1.250,0.250,5903248,259216,195364,1704292,580698.840,573132.621,0,1244.036,0,185.005,5022,9083,1.360,1.700,1.550,1,0,0,0,0,25,407,0,92,1
29-03 05:19:48,11.768,1.753,83.631,1.753,0,5903188,259216,195388,1704328,169344.871,160391.815,0,805.264,0,108.170,3257,5561,1.360,1.700,1.550,2,0,0,0,0,25,407,0,93,1
29-03 05:19:49,9.242,2.248,85.924,0.500,0.250,5903340,258964,195408,1704404,176928.303,161898.529,0,523.539,0,76.932,2979,4903,1.250,1.680,1.550,0,0,0,0,0,25,406,0,88,1
29-03 05:19:50,23.747,6.249,69.241,1.000,0.250,5905152,256916,195424,1704624,317715.473,299125.020,0,767.895,0,104.986,4460,9354,1.250,1.680,1.550,0,0,33.995,0,0,25,406,0,89,1
29-03 05:19:51,17.250,3.000,75.249,2.000,0.250,5905152,256916,195444,1704604,316072.943,306188.101,0,1067.983,0,149.998,4463,7888,1.250,1.680,1.550,1,0,0,0,0,25,407,0,87,1
29-03 05:19:52,31.134,3.487,61.273,1.744,0,5905076,256632,195468,1704928,530945.661,520179.613,0,1291.208,0,198.264,5140,8633,1.250,1.680,1.550,4,0,0,0,0,25,408,0,90,1
29-03 05:19:53,28.630,3.767,64.795,1.758,0.251,5905244,256192,195488,1705176,535190.723,527059.703,0,1169.324,0,153.700,5638,10462,1.250,1.680,1.550,1,0,2.009,0,0,25,407,0,85,1
29-03 05:19:54,25.994,3.999,66.234,1.500,0.250,5906236,254932,195540,1705388,555107.664,547335.545,0,1103.733,0,161.961,5400,9815,1.230,1.660,1.540,1,1,0,0,0,25,407,0,86,1
29-03 05:19:55,12.001,2.000,74.506,9.751,0,5906036,254900,195548,1705604,198355.868,178294.264,104.008,13381.070,4.000,1528.122,4841,6211,1.230,1.660,1.540,0,0,0,0,0,25,406,0,84,1
29-03 05:19:56,21.775,4.255,72.833,0.751,0,5905372,255348,195560,1705804,296958.721,280596.002,0,844.967,0,120.137,3704,6113,1.230,1.660,1.540,0,0,0,0,0,25,407,0,84,1
29-03 05:19:57,17.745,3.249,75.727,1.000,0.250,5905464,255160,195572,1705880,345632.891,337903.264,47.985,787.758,4.998,104.968,4296,7586,1.230,1.660,1.540,1,0,0,0,0,25,408,0,84,1
29-03 05:19:58,30.970,3.996,60.192,3.247,0,5906112,246512,195624,1713588,519980.179,510793.063,0,3928.201,0,656.365,5679,9440,1.230,1.660,1.540,4,0,3.996,0,0,25,407,0,89,1
29-03 05:19:59,27.490,4.748,66.226,1.499,0.500,5907396,244812,195648,1713956,550815.503,534290.518,0,1099.600,0,133.951,5190,10577,1.130,1.640,1.530,1,0,0,0,0,25,407,0,89,1
29-03 05:20:00,27.827,4.011,67.688,0.501,0,5907704,244244,195660,1714200,559765.027,551970.374,0,874.429,0,108.301,4988,9889,1.130,1.640,1.530,1,0,0,0,0,25,408,0,89,1
29-03 05:20:01,29.466,3.995,61.428,2.247,0.250,5907856,243804,195672,1714468,531665.546,523476.103,0,1686.032,0,248.710,5537,9543,1.130,1.640,1.530,4,0,0,0,0,25,407,0,88,1
29-03 05:20:02,26.978,5.745,66.695,1.249,0,5908856,242544,195724,1714668,560268.856,552700.153,0,1011.159,0,118.901,5766,10730,1.130,1.640,1.530,1,0,0,0,0,25,407,0,90,1
29-03 05:20:03,27.992,2.749,64.732,1.500,0,5909788,241252,195764,1714984,545006.488,537701.519,0,1279.644,0,183.949,4976,8973,1.130,1.640,1.530,2,0,1.999,0,0,25,406,0,90,1
29-03 05:20:04,8.762,1.502,88.375,0.501,0.250,5909740,241232,195776,1715036,99477.562,91896.850,0,476.674,0,60.085,2662,4579,1.120,1.630,1.530,1,0,0,0,0,25,407,0,90,1
29-03 05:20:05,11.223,1.746,84.051,0.998,0.249,5909432,241332,195812,1715208,208829.119,200597.587,3.991,1045.527,0.998,158.625,3205,5743,1.120,1.630,1.530,1,0,0,0,0,25,406,0,88,1
29-03 05:20:06,17.015,2.752,77.567,1.251,0.500,5909652,240984,195844,1715304,379345.617,368590.356,0,1016.876,0,147.127,4321,7620,1.120,1.630,1.530,0,0,0,0,0,25,406,0,88,1
29-03 05:20:07,11.772,1.503,84.405,1.002,0,5909772,240860,195876,1715276,213266.197,204199.523,0,729.341,0,93.171,3087,5112,1.120,1.630,1.530,1,0,0,0,0,25,406,0,86,1
29-03 05:20:08,11.728,0.998,83.595,0.499,0,5909640,240892,195904,1715500,162378.787,147525.340,0,1018.111,0,148.724,3712,6248,1.120,1.630,1.530,3,0,0,0,0,25,407,0,86,1
29-03 05:20:09,33.007,6.251,59.262,2.250,0,5909272,240892,195936,1715784,675097.344,658858.113,0,1776.353,0,269.054,6945,14292,1.190,1.630,1.530,4,0,0,0,0,25,408,0,90,1
29-03 05:20:10,27.993,4.499,64.484,1.000,0.500,5909368,240420,195968,1716120,528846.019,518903.425,0,1235.701,0,145.965,5395,9658,1.190,1.630,1.530,1,0,0,0,0,25,407,0,92,1
29-03 05:20:11,27.254,4.751,65.010,1.000,0,5909756,239664,195972,1716480,548161.061,538777.588,0,944.148,0,104.016,5369,10040,1.190,1.630,1.530,1,0,0,0,0,25,407,0,88,1
29-03 05:20:12,27.509,2.751,66.772,1.751,0.500,5910372,238908,195996,1716588,560164.975,550806.868,0,1380.458,0,188.062,4869,9022,1.190,1.630,1.530,2,0,0,0,0,25,407,0,89,1
29-03 05:20:13,11.519,1.252,84.891,1.252,0,5910872,238356,195996,1716636,145764.114,135743.470,0,689.145,0,81.135,2923,4787,1.190,1.630,1.530,3,0,2.003,0,0,25,407,0,87,1
29-03 05:20:14,9.727,2.494,85.295,0.998,0,5910984,238120,196012,1716748,151341.871,127283.755,0,830.003,0,109.736,3350,5577,1.100,1.600,1.530,1,0,0,0,0,25,406,0,87,1
29-03 05:20:15,26.261,4.002,67.529,2.001,0.250,5910544,238152,196032,1717132,462430.157,446877.392,0,1692.736,0,242.105,5593,10060,1.100,1.600,1.530,2,1,0,0,0,25,407,0,87,1
29-03 05:20:16,29.998,4.250,62.496,2.750,0.250,5910516,237900,196076,1717364,536595.585,526017.283,0,1875.876,0,270.982,5646,9478,1.100,1.600,1.530,2,0,0,0,0,25,408,0,91,1
29-03 05:20:17,28.808,4.259,63.627,1.503,0.251,5910836,237428,196112,1717476,556226.008,544529.604,0,1507.016,0,220.441,5773,10302,1.100,1.600,1.530,3,0,0,0,0,25,407,0,89,1
29-03 05:20:18,27.994,2.999,66.485,1.250,0.250,5911712,236324,196128,1717684,489381.953,476936.828,0,1103.745,0,133.969,5329,9615,1.100,1.600,1.530,1,0,0,0,0,25,407,0,89,1
29-03 05:20:19,24.192,4.240,69.334,1.496,0,5912852,234844,196140,1718008,495779.608,477574.210,0,1085.400,0,153.632,4627,8113,1.010,1.580,1.520,0,0,0,0,0,25,407,0,91,1
29-03 05:20:20,14.248,2.000,81.736,1.250,0.250,5913232,234308,196140,1718164,275398.805,266563.351,3.999,931.837,1.000,132.977,3518,5933,1.010,1.580,1.520,2,1,0,0,0,25,406,0,91,1
29-03 05:20:21,6.773,2.007,89.806,0.251,0,5913100,234372,196140,1718232,77330.853,60272.650,0,509.739,0,48.164,2462,3829,1.010,1.580,1.520,1,0,0,0,0,25,407,0,87,1
29-03 05:20:22,14.203,2.990,79.984,1.246,0.249,5913016,234372,196156,1718292,267512.857,250842.204,0,885.062,0,126.580,3770,6183,1.010,1.580,1.520,0,0,0,0,0,25,406,0,87,1
29-03 05:20:23,23.252,3.250,71.256,1.000,0.250,5913768,233308,196168,1718568,467366.259,456676.361,0,1232.103,0,154.013,4562,7827,1.010,1.580,1.520,3,0,2.000,0,0,25,407,0,89,1
29-03 05:20:24,27.773,4.253,63.552,3.503,0.250,5913976,232868,196200,1718768,574360.678,563645.935,0,1561.274,0,219.179,5286,9594,1.170,1.600,1.530,1,0,0,0,0,25,408,0,84,1
29-03 05:20:25,29.529,4.254,63.563,1.251,0.250,5913976,232608,196212,1719012,508310.786,497533.040,0,1517.513,0,217.217,5549,9735,1.170,1.600,1.530,2,0,0,0,0,25,407,0,88,1
29-03 05:20:26,31.100,6.966,58.468,1.244,0,5923388,222732,196228,1719456,461605.523,451566.899,0,3347.867,0,186.103,5699,10420,1.170,1.600,1.530,2,0,3.981,0,0,25,406,0,87,1
29-03 05:20:27,29.172,4.275,65.636,1.509,0,5924668,220392,196232,1720512,543626.240,535355.568,0,985.801,0,115.681,4825,8509,1.170,1.600,1.530,2,0,0,0,0,25,407,0,87,1
29-03 05:20:28,29.720,6.993,59.441,2.248,0.250,5919512,226480,196308,1719496,560559.683,549996.204,0,1754.253,0,263.737,5937,10913,1.170,1.600,1.530,1,0,0,0,0,25,408,0,84,1
29-03 05:20:29,28.531,3.254,65.823,1.502,0.250,5919556,225756,196360,1720116,583268.345,573425.488,0,1301.435,0,166.183,5217,9672,1.240,1.610,1.530,4,0,0,0,0,25,407,0,86,1
29-03 05:20:30,26.191,4.240,67.098,0.998,0.499,5920104,224716,196392,1720572,568897.740,559901.144,0,838.099,0,97.778,4823,9445,1.240,1.610,1.530,1,0,0,0,0,25,407,0,86,1
29-03 05:20:31,27.033,4.506,64.579,2.002,0,5920040,224464,196404,1720868,577726.715,568224.074,0,12275.037,0,211.259,5297,9516,1.240,1.610,1.530,1,0,0,0,0,25,408,0,87,1
29-03 05:20:32,28.713,5.243,62.919,2.497,0,5919980,224236,196452,1721100,569433.556,549361.268,0,1701.820,0,227.708,5581,10156,1.240,1.610,1.530,3,0,0,0,0,25,407,0,89,1
29-03 05:20:33,27.563,5.262,66.651,0.752,0.251,5921304,222700,196456,1721308,491444.069,472598.271,0,894.030,0,106.241,5146,9262,1.240,1.610,1.530,1,0,2.005,0,0,25,408,0,89,1
29-03 05:20:34,26.512,3.752,65.279,1.751,0,5921080,222684,196492,1721508,611542.806,595830.720,0,1544.697,0,201.091,5407,10553,1.220,1.600,1.530,2,0,0,0,0,25,408,0,88,1
29-03 05:20:35,30.860,3.733,62.218,2.738,0.498,5921172,222464,196504,1721616,516488.855,504112.881,0,1429.529,0,199.099,5252,9297,1.220,1.600,1.530,1,1,0,0,0,25,407,0,93,1
29-03 05:20:36,30.653,4.271,62.813,1.508,0,5921188,221928,196528,1722108,562354.526,552367.792,4.020,1736.649,1.005,246.226,6045,10792,1.220,1.600,1.530,1,0,0,0,0,25,408,0,93,1
29-03 05:20:37,27.145,3.985,64.749,2.490,0.249,5922100,220944,196536,1722168,558365.774,546693.018,0,1414.517,0,215.166,5275,9344,1.220,1.600,1.530,1,0,0,0,0,25,407,0,96,1
29-03 05:20:38,30.499,4.250,61.748,2.500,0,5922092,220628,196576,1722448,570553.178,561563.537,0,2083.917,0,305.988,5766,10029,1.220,1.600,1.530,1,1,0,0,0,25,408,0,94,1
29-03 05:20:39,30.854,4.014,63.464,1.254,0.251,5924264,218204,196580,1722696,652059.396,635130.294,0,610.058,0,61.206,4381,7694,1.200,1.590,1.520,2,0,0,0,0,25,414,0,101,0
29-03 05:20:40,34.926,4.490,56.629,3.243,0.499,5926764,215360,196624,1722988,828575.477,819377.088,0,2458.758,0,337.281,6317,11324,1.200,1.590,1.520,2,0,0.998,0,0,25,410,0,96,0
29-03 05:20:41,38.470,8.993,52.459,1.499,0,5926408,215216,196648,1723432,545177.764,534914.882,0,1862.527,0,174.862,4522,7434,1.200,1.590,1.520,1,0,13.989,0,0,25,410,0,96,0
29-03 05:20:42,34.824,4.760,58.875,0.501,0.251,5926460,214996,196652,1723596,782033.822,764508.581,0,1070.274,0,113.241,4268,7142,1.200,1.590,1.520,9,0,0,0,0,25,411,0,94,0
29-03 05:20:43,37.589,5.477,55.762,0.249,0,5932328,208700,196664,1724008,339658.319,331168.579,0,697.023,0,43.813,3058,4611,1.200,1.590,1.520,1,0,18.919,0,0,25,411,0,94,0
29-03 05:20:44,35.077,14.031,48.356,0.752,0,5946356,194200,196668,1724464,418337.833,408363.951,215.473,1158.542,24.053,95.209,6517,9924,1.180,1.580,1.520,1,0,26.057,0,0,26,411,0,94,0
29-03 05:20:45,36.306,7.512,52.581,3.255,0,5964612,175508,196668,1724872,429444.922,420612.267,12751.714,1077.666,472.731,113.175,7425,14086,1.180,1.580,1.520,2,0,0,0,0,26,412,0,94,0
29-03 05:20:46,37.930,4.741,52.902,2.745,0.250,6031676,140008,196332,1695640,295227.467,287049.662,6690.569,1353.485,219.592,171.681,5611,10254,1.180,1.580,1.520,1,0,0,0,0,26,411,0,88,0
29-03 05:20:47,41.767,4.002,52.271,1.250,0.250,6044428,127132,196340,1695756,500689.274,489863.966,0,1212.483,0,133.053,4444,7566,1.180,1.580,1.520,1,0,0,0,0,26,413,0,89,0
29-03 05:20:48,42.700,6.742,47.694,1.748,0.250,6069932,131040,196144,1667804,489006.884,407684.194,0,10020.256,0,603.293,5583,8365,1.180,1.580,1.520,1,0,0,0,0,26,412,0,83,0
29-03 05:20:49,37.874,4.515,56.435,0.752,0,5934948,266216,196160,1667604,443224.891,433227.118,4.013,1163.815,1.003,126.414,4515,8074,1.250,1.590,1.520,1,1,9.030,0,0,25,411,0,84,0
29-03 05:20:50,37.029,7.256,53.793,1.501,0.250,5959012,241928,196180,1667684,550220.976,541521.051,84.067,1845.469,4.003,200.159,5194,10850,1.250,1.590,1.520,3,0,52.041,0,0,25,412,0,83,0
29-03 05:20:51,13.458,2.742,80.252,1.495,0,5935768,264892,196200,1667944,214384.196,204257.457,0,1272.073,0,140.566,3794,6571,1.250,1.590,1.520,3,0,1.994,0,0,25,412,0,84,0
29-03 05:20:52,21.242,2.999,73.472,1.250,0.250,5935356,264860,196224,1668360,341955.425,335369.901,0,1467.448,0,171.935,4291,7555,1.250,1.590,1.520,0,0,0,0,0,25,411,0,82,0
29-03 05:20:53,13.250,2.750,78.498,2.000,0,5930644,269544,196252,1668360,331329.729,307848.457,0,1311.959,0,142.996,4068,6681,1.250,1.590,1.520,1,0,2.000,0,0,25,412,0,83,0
29-03 05:20:54,14.781,2.255,80.671,1.503,0.251,5930296,269768,196268,1668464,280611.775,269790.877,0,1074.273,0,122.259,3717,6075,1.230,1.580,1.520,2,0,1.002,0,0,25,411,0,77,1
29-03 05:20:55,10.229,1.746,87.071,0.249,0.249,5930364,269484,196280,1668664,127002.391,117178.550,0,598.771,0,76.842,2997,4883,1.230,1.580,1.520,2,0,0,0,0,25,411,0,78,0
29-03 05:20:56,17.250,4.000,75.501,1.500,0.250,5928324,271304,196292,1668852,344076.849,326418.549,0,1236.021,0,157.003,4137,6511,1.230,1.580,1.520,0,0,0,0,0,25,411,0,76,0
29-03 05:20:57,17.245,1.250,79.229,1.500,0,5928276,271240,196300,1668952,351195.528,342739.803,0,879.763,0,109.970,3448,5885,1.230,1.580,1.520,0,0,0,0,0,25,412,0,78,0
29-03 05:20:58,13.514,2.002,81.334,1.502,0.250,5928248,271052,196316,1669148,293026.282,284807.776,0,952.986,0,120.124,3454,5896,1.230,1.580,1.520,0,0,0,0,0,25,412,0,74,0
29-03 05:20:59,11.519,2.003,84.136,0.751,0,5928180,271052,196324,1669208,182503.656,160011.218,0,653.058,0,86.140,3192,5195,1.130,1.550,1.510,1,0,0,0,0,25,412,0,74,0
29-03 05:21:00,15.951,1.495,77.759,1.495,0.249,5927932,271052,196344,1669436,274462.089,266257.466,0,1272.066,0,147.544,3797,6327,1.130,1.550,1.510,1,0,0,0,0,25,411,0,72,0
29-03 05:21:01,15.273,3.005,79.120,1.502,0.250,5927928,270988,196360,1669488,321033.687,313763.666,0,1478.241,0,185.281,3765,6399,1.130,1.550,1.510,2,0,0,0,0,25,411,0,72,0
29-03 05:21:02,16.540,2.005,78.689,1.253,0,5927888,270988,196364,1669524,366300.756,351286.737,0,1022.453,0,127.305,3609,6159,1.130,1.550,1.510,1,0,0,0,0,25,411,0,67,0
29-03 05:21:03,7.996,1.999,87.711,0.500,0.250,5928104,270516,196388,1669756,124562.068,116871.460,0,527.767,0,56.975,2534,4277,1.130,1.550,1.510,3,0,1.999,0,0,25,412,0,67,0
29-03 05:21:04,21.940,3.241,72.552,1.745,0.249,5928000,270516,196412,1669836,610722.673,587063.382,0,1208.694,0,154.577,4454,7528,1.040,1.520,1.500,1,0,0,0,0,25,412,0,67,0
29-03 05:21:05,18.010,1.751,78.542,1.001,0.250,5927968,270516,196428,1669852,240245.252,233855.814,0,724.390,0,84.045,3078,5049,1.040,1.520,1.500,1,0,0,0,0,25,413,0,68,0
29-03 05:21:06,30.565,2.756,62.884,2.255,0,5927880,270296,196480,1670100,614380.945,604925.863,0,1687.584,0,208.443,5068,8731,1.040,1.520,1.500,2,0,0,0,0,25,413,0,70,0
29-03 05:21:07,30.250,5.000,63.499,1.750,0.250,5927720,270232,196520,1670284,583018.170,575211.248,0,2115.979,0,282.997,5824,10615,1.040,1.520,1.500,1,0,0,0,0,25,412,0,75,0
29-03 05:21:08,27.714,4.994,63.917,1.748,0.250,5931508,265980,196536,1670728,548694.441,540134.526,0,1482.081,0,179.767,6045,11129,1.040,1.520,1.500,3,0,0,0,0,25,412,0,76,0
29-03 05:21:09,32.955,4.993,59.169,1.997,0,5932180,264940,196564,1671056,707248.898,695660.727,0,1669.719,0,210.712,6384,12251,1.120,1.530,1.510,1,0,0,0,0,25,411,0,76,0
29-03 05:21:10,8.747,2.249,87.721,0.250,0.250,5932120,264940,196568,1671108,109217.412,95822.899,0,771.741,0,70.976,2828,4535,1.120,1.530,1.510,3,1,0,0,0,25,412,0,76,0
29-03 05:21:11,25.276,6.757,65.818,1.001,0.250,5974180,222544,196576,1671356,196703.785,182912.497,88.091,1277.323,1.001,149.155,3468,5422,1.120,1.530,1.510,1,0,6.006,0,0,25,409,0,71,0
29-03 05:21:12,23.764,5.503,69.540,0.500,0,5970804,225292,197108,1671420,55095.010,41665.207,600.349,664.386,7.004,39.023,2608,3950,1.120,1.530,1.510,2,0,9.005,0,0,25,411,0,71,0
29-03 05:21:13,13.006,2.501,83.038,0.500,0.500,5971432,224560,197112,1671512,110026.722,75901.991,40.018,564.260,2.001,36.017,2979,4368,1.120,1.530,1.510,5,0,4.002,0,0,25,412,0,71,0
29-03 05:21:14,5.990,1.747,90.847,0.250,0,5971432,224452,197120,1671568,41212.598,29075.038,0,315.469,0,20.965,2275,3628,1.030,1.510,1.500,0,0,1.997,0,0,25,412,0,71,0
29-03 05:21:15,7.252,2.251,89.022,0.250,0,5973548,222160,197124,1671720,41166.209,24077.971,0,400.099,0,43.011,2694,4330,1.030,1.510,1.500,0,0,8.002,0,0,25,413,0,71,0
29-03 05:21:16,10.248,5.249,81.237,1.500,0.250,5977488,217748,197128,1671788,1246145.878,67601.981,7.999,391.936,52.991,38.994,4379,5912,1.030,1.510,1.500,0,0,35.994,0,0,25,413,0,72,0
29-03 05:21:17,21.753,5.001,71.261,0.750,0,5977260,217788,197152,1671916,106411.962,93077.962,4.001,604.091,1.000,52.008,2773,4364,1.030,1.510,1.500,1,0,4.001,0,0,25,416,0,67,0
29-03 05:21:18,17.267,5.756,65.065,8.759,0.250,6031792,141692,247692,1644188,55833988.316,1009242.168,52552.132,688.683,46.046,71.071,25930,5452,1.030,1.510,1.500,1,0,60.060,0,0,25,417,0,71,0
29-03 05:21:19,17.508,7.003,61.779,9.755,0.250,6035760,217028,284568,1532200,54287140.956,1012455.854,49955.479,9592.508,42.020,506.238,22645,4277,1.020,1.500,1.500,1,0,20.009,0,0,25,419,0,72,0
29-03 05:21:20,26.009,2.001,63.773,5.752,0.250,6062288,162132,312732,1532340,28412912.300,784041.391,26921.800,448.163,29.011,56.020,14421,3974,1.020,1.500,1.500,0,1,0,0,0,25,419,0,74,0
29-03 05:21:21,23.969,3.246,66.166,5.493,0,6031868,201028,320716,1516640,26627793.308,556950.774,25579.335,415.469,22.971,33.957,12598,3885,1.020,1.500,1.500,1,0,0,0,0,25,419,0,74,0
29-03 05:21:22,17.748,3.250,67.991,6.999,0,6030416,261340,369004,1414392,54330546.046,886108.489,51193.038,247.966,39.995,26.996,22187,3887,1.020,1.500,1.500,1,0,0,0,0,25,419,0,74,0
29-03 05:21:23,12.492,2.748,66.206,16.989,0.250,6032820,254684,372848,1414704,2003458.714,189221.924,1295.144,639.577,4.997,56.962,3653,4082,1.020,1.500,1.500,0,1,1.999,0,0,25,419,0,78,0
29-03 05:21:24,5.000,2.000,68.000,24.000,0.250,6032636,254652,372860,1414908,38083.076,24823.050,0,608.001,0,40.000,2307,3535,1.020,1.490,1.490,0,1,0,0,0,25,419,0,78,0
29-03 05:21:25,7.500,1.250,68.003,23.251,0.250,6032516,254668,372860,1414996,42658.749,29182.196,0,268.011,0,23.001,2230,3449,1.020,1.490,1.490,3,1,0,0,0,25,419,0,73,0
29-03 05:21:26,6.244,1.499,68.440,22.230,0.250,6044824,241816,372868,1415516,41803.088,24445.415,0,339.700,0,32.971,2502,3505,1.020,1.490,1.490,0,1,1.998,0,0,25,419,0,73,0
29-03 05:21:27,9.513,3.505,65.089,20.278,0,6043944,242540,372876,1415664,35134.994,21540.424,0,344.471,0,26.036,2579,3808,1.020,1.490,1.490,0,1,2.003,0,0,25,419,0,70,0
29-03 05:21:28,8.745,2.749,63.716,22.988,0.250,6037096,249888,372888,1415152,36972.183,22632.869,0,407.781,0,30.983,2451,3698,1.020,1.490,1.490,0,1,0,0,0,25,419,0,70,0
29-03 05:21:29,5.004,1.251,69.050,24.017,0.250,6037240,249856,372892,1415036,30508.179,16017.645,0,348.253,0,31.023,2286,3503,1.020,1.480,1.490,1,1,0,0,0,25,419,0,66,0
29-03 05:21:30,3.250,1.000,71.247,21.999,0,6037508,249572,372892,1415048,31787.570,15865.286,0,207.991,0,12.999,2095,3121,1.020,1.480,1.490,0,1,0,0,0,25,419,0,66,0
29-03 05:21:31,5.997,0.750,68.968,22.489,0.250,6037472,249604,372892,1415052,39934.231,24972.263,0,299.859,0,24.988,2291,3466,1.020,1.480,1.490,0,1,0,0,0,25,419,0,66,0
29-03 05:21:32,5.000,1.250,69.244,23.748,0.250,6037432,249636,372892,1415060,35527.945,16855.550,0,215.981,0,15.999,2072,3054,1.020,1.480,1.490,0,1,0,0,0,25,419,0,66,0
29-03 05:21:33,5.246,1.499,68.448,23.482,0,6037616,249416,372896,1415092,33298.793,19726.067,0,267.797,0,24.981,2254,3532,1.020,1.480,1.490,1,1,1.998,0,0,25,418,0,62,0
29-03 05:21:34,4.504,1.251,69.304,23.518,0.250,6037612,249416,372900,1415092,36589.723,20302.938,0,268.211,0,22.017,2229,3416,1.180,1.510,1.500,0,1,0,0,0,25,418,0,62,0
29-03 05:21:35,4.747,0.999,69.208,22.986,0.250,6037648,249352,372900,1415120,38798.178,23388.639,0,311.809,0,27.983,2309,3529,1.180,1.510,1.500,0,1,0,0,0,25,419,0,58,0
29-03 05:21:36,7.757,5.004,64.808,18.517,0,6034464,205040,420260,1415128,53134252.693,846369.887,49964.918,368.331,39.035,40.036,22118,3898,1.180,1.510,1.500,1,0,0,0,0,25,419,0,58,0
29-03 05:21:37,19.524,4.005,65.082,9.011,0.250,6079712,181352,457248,1357692,47617254.420,891603.179,43590.619,480.602,38.048,40.050,19914,4052,1.180,1.510,1.500,0,1,0,0,0,25,419,0,56,0
29-03 05:21:38,26.747,2.500,66.493,3.250,0,6045316,199924,473904,1357832,16766317.770,410755.460,16650.235,719.924,15.998,51.994,8711,3831,1.180,1.510,1.500,1,1,0,0,0,25,420,0,58,0
29-03 05:21:39,24.223,3.246,63.929,7.991,0,6037300,179396,509388,1351020,44377334.649,688822.652,42192.997,291.675,32.963,22.974,17999,3895,1.160,1.500,1.490,1,0,0,0,0,25,419,0,51,0
29-03 05:21:40,18.821,4.517,64.242,9.787,0.251,6038312,181800,532376,1325532,54650334.158,1036038.722,51409.609,485.830,44.166,34.129,22892,4038,1.160,1.500,1.490,1,0,20.076,0,0,25,421,0,53,0
29-03 05:21:41,21.078,4.711,62.241,9.175,0,6088580,123900,569724,1296680,52946015.325,975762.144,49527.116,472.140,41.659,37.692,20610,3961,1.160,1.500,1.490,1,0,0.992,0,0,25,421,0,53,0
29-03 05:21:42,21.870,3.519,66.616,7.039,0.251,6072048,126804,594332,1285824,36553872.870,718250.632,34762.918,353.944,30.166,23.127,15988,3521,1.160,1.500,1.490,1,0,0,0,0,25,421,0,55,0
29-03 05:21:43,23.522,2.502,67.563,4.754,0.250,6047428,206032,606304,1219828,27058567.878,536874.051,24354.820,508.476,22.021,45.042,11506,4032,1.160,1.500,1.490,0,1,2.002,0,0,25,421,0,57,0
29-03 05:21:44,20.635,3.729,65.385,7.707,0,6039396,171656,648548,1219896,46077936.349,825569.797,44551.536,318.225,34.806,26.850,22069,3812,1.150,1.490,1.490,1,0,0,0,0,25,421,0,57,0
29-03 05:21:45,18.824,4.016,63.501,9.789,0.251,6040152,208200,661504,1171180,54721288.088,1044256.814,51415.090,413.634,43.171,36.143,23041,4034,1.150,1.490,1.490,1,0,0,0,0,25,421,0,59,0
29-03 05:21:46,18.495,5.249,62.735,9.248,0,6038900,177816,703840,1160796,54564776.630,1083279.596,51211.453,671.835,45.989,69.983,24006,4327,1.150,1.490,1.490,1,0,0,0,0,25,421,0,63,0
29-03 05:21:47,24.499,3.000,66.248,3.750,0,6060500,132744,726884,1161064,23592942.398,523404.345,20759.419,451.987,32.999,35.999,11476,3896,1.150,1.490,1.490,0,1,0,0,0,25,419,0,62,0
29-03 05:21:48,22.538,3.506,66.361,5.259,0,6040788,175064,734848,1131292,32441158.057,622340.175,32057.632,753.260,26.044,60.101,13384,4225,1.150,1.490,1.490,1,0,0,0,0,25,419,0,64,0
29-03 05:21:49,22.535,4.006,62.098,8.764,0,6040248,174744,768064,1099560,53273915.142,1121089.595,49998.698,4102.457,39.061,417.657,29562,3914,1.140,1.480,1.490,1,0,0,0,0,25,419,0,64,0
29-03 05:21:50,19.984,4.996,58.953,12.240,0,6042796,189992,789168,1062348,54516397.562,1133944.318,51303.522,1374.915,75.940,250.802,29627,5882,1.140,1.480,1.490,1,0,0,0,0,25,419,0,65,0
29-03 05:21:51,25.673,8.225,54.089,9.721,0.249,6040744,181108,817588,1046132,54232637.577,1005410.849,51059.587,861.429,42.872,54.836,22296,7537,1.140,1.480,1.490,1,0,33.899,0,0,25,419,0,68,0
29-03 05:21:52,21.032,4.256,66.601,7.511,0.751,6079600,124336,844028,1038228,40074564.593,783621.268,37188.154,368.557,32.048,34.051,17866,4278,1.140,1.480,1.490,0,1,0,0,0,25,419,0,69,0
29-03 05:21:53,25.026,2.002,66.820,4.004,0,6050304,171832,852484,1012276,21975440.384,465235.240,20513.395,392.409,19.020,32.033,10442,4011,1.140,1.480,1.490,0,1,2.002,0,0,25,419,0,73,0
29-03 05:21:54,19.445,3.490,65.315,8.227,0,6043548,173560,874928,995892,46723114.202,742159.400,44673.797,223.369,34.901,20.941,19164,3854,1.130,1.470,1.490,1,0,0,0,0,25,419,0,70,0
29-03 05:21:55,18.051,4.513,64.681,8.775,0,6042600,185332,892596,968312,54387279.997,992368.640,51355.745,453.269,43.121,40.112,21573,4030,1.130,1.470,1.490,1,0,0,0,0,25,419,0,72,0
29-03 05:21:56,23.483,2.748,67.201,4.996,0,6017352,187256,915908,968352,24859245.751,520722.872,23290.998,343.749,21.984,34.974,11633,4025,1.130,1.470,1.490,1,0,0,0,0,25,419,0,72,0
29-03 05:21:57,26.938,8.979,62.856,1.746,0,6014596,961088,144340,970972,4877280.641,4866894.477,123.716,3017.076,9.977,76.824,2970,4627,1.130,1.470,1.490,1,0,2.993,0,0,25,419,0,78,0
29-03 05:21:58,16.254,5.001,76.018,0.250,0.250,5993608,981720,144348,971240,93922.790,73805.123,4.001,388.090,,28.006,3453,5314,1.130,1.470,1.490,0,0,27.006,0,0,25,419,0,77,0
29-03 05:21:59,16.782,2.505,78.401,0.751,0.501,5993600,981660,144384,971272,274224.059,249937.380,0,701.348,0,100.193,3636,5801,1.280,1.500,1.490,3,0,0,0,0,25,419,0,78,0
29-03 05:22:00,5.739,1.497,91.826,0.499,0.250,5993760,981376,144392,971388,28840.348,17585.675,0,598.865,0,81.845,2343,3575,1.280,1.500,1.490,0,0,0,0,0,25,418,0,78,0
29-03 05:22:01,17.500,4.000,77.001,1.500,0,5993120,981696,144452,971648,319254.554,308026.464,0,1020.008,0,149.001,3831,6502,1.280,1.500,1.490,0,0,0,0,0,25,419,0,79,0
29-03 05:22:02,13.993,2.749,81.458,0.250,0.250,5990260,984368,144456,971832,156716.821,134621.266,0,427.778,0,46.976,3102,4685,1.280,1.500,1.490,1,0,6.996,0,0,25,417,0,79,0
29-03 05:22:03,10.257,2.001,86.313,0.250,0,5990656,983920,144460,971872,73708.660,54867.944,0,232.169,0,21.015,2691,4009,1.280,1.500,1.490,0,0,6.004,0,0,25,418,0,79,0
29-03 05:22:04,6.758,2.002,89.853,0.250,0.250,5990708,983824,144464,971908,38896.692,20256.274,0,348.400,0,31.036,2429,3886,1.260,1.490,1.490,1,0,8.009,0,0,25,419,0,77,0
29-03 05:22:05,7.242,3.996,84.657,1.998,0.499,5997592,971432,144472,977128,1152000.256,57612.799,4886.639,359.606,110.878,22.975,3734,5220,1.260,1.490,1.490,0,0,38.957,0,0,25,419,0,77,0
29-03 05:22:06,9.497,3.249,85.225,0.250,0,6014100,954976,144488,977048,36315.251,24978.606,0,259.923,0,28.991,2627,4235,1.260,1.490,1.490,1,0,2.999,0,0,25,419,0,75,0
29-03 05:22:07,24.743,6.998,67.482,0.500,0,6048948,918380,144500,978784,339720.276,330562.748,111.970,487.868,5.998,34.991,3106,5170,1.260,1.490,1.490,1,0,20.994,0,0,25,423,0,81,0
29-03 05:22:08,20.483,9.742,66.946,0.999,0.250,6040264,926760,144504,979084,512777.650,502905.646,79.935,459.628,6.994,39.968,2682,4094,1.260,1.490,1.490,3,0,0.999,0,0,25,423,0,79,0
29-03 05:22:09,26.359,11.046,63.765,0,0,6001484,965332,144504,979236,593815.930,583279.192,0,184.767,0,11.046,3759,6570,1.230,1.480,1.490,1,0,0,0,0,25,423,0,84,0
29-03 05:22:10,20.725,9.239,68.917,0,0,6039848,926524,144508,979652,373999.453,366055.002,0,287.654,0,16.980,2336,3546,1.230,1.480,1.490,1,0,0,0,0,25,423,0,85,0
29-03 05:22:11,22.950,9.480,66.107,0,0,6022164,943836,144524,980008,501556.140,491176.550,0,343.259,0,33.927,2925,4639,1.230,1.480,1.490,1,0,0,0,0,25,423,0,89,0
29-03 05:22:12,20.763,9.506,68.791,0.250,0.500,6047288,918640,144528,980076,375711.554,368086.956,0,208.125,0,14.008,2341,3659,1.230,1.480,1.490,2,0,0,0,0,25,423,0,91,0
29-03 05:22:13,23.757,8.753,65.519,0.750,0,5998912,966860,144528,980188,1293426.561,144736.697,0,356.105,,30.009,3842,5314,1.230,1.480,1.490,3,0,31.009,0,0,25,423,0,92,0
29-03 05:22:14,14.486,3.497,80.923,0.749,0.250,5999188,966360,144528,980400,166789.050,146179.691,0,547.478,0,55.947,3214,4903,1.220,1.470,1.490,1,0,5.994,0,0,25,422,0,92,0
29-03 05:22:15,9.752,2.001,86.522,0.500,0,5998888,966456,144532,980600,145024.691,135703.333,0,592.150,0,50.013,2612,4157,1.220,1.470,1.490,7,0,0,0,0,25,423,0,92,0
29-03 05:22:16,17.743,2.499,76.718,1.749,0.250,5998968,966236,144568,980708,235608.165,217137.756,3.998,1147.528,1.000,183.924,4383,6858,1.220,1.470,1.490,2,0,0,0,0,25,422,0,97,0
29-03 05:22:17,24.772,6.005,68.060,2.252,0,5998312,965732,144612,981812,288913.955,277246.700,224.197,1597.404,56.049,244.215,5014,8662,1.220,1.470,1.490,0,0,0,0,0,25,424,0,146,0
29-03 05:22:18,14.762,2.002,80.318,1.501,0.250,5998220,965732,144632,981880,222707.410,206308.537,0,912.772,0,134.113,3658,5949,1.220,1.470,1.490,0,0,0,0,0,25,425,0,141,0
29-03 05:22:19,17.716,2.246,75.854,1.996,0.250,5998132,965512,144664,982156,319685.327,302606.273,0,1030.013,0,134.740,3952,6667,1.200,1.460,1.480,0,0,0,0,0,25,425,0,144,0
29-03 05:22:20,8.981,1.497,84.573,2.994,0,5998068,965416,144700,982280,115153.523,104675.495,39.916,9575.919,9.979,521.906,3333,5230,1.200,1.460,1.480,4,0,0,0,0,25,425,0,140,0
29-03 05:22:21,17.545,5.514,75.442,1.504,0.501,5997336,965824,144748,982532,226174.388,201668.044,216.551,1928.907,54.138,387.987,5048,8159,1.200,1.460,1.480,0,0,8.020,0,0,25,423,0,141,0
29-03 05:22:22,8.742,1.748,87.668,0.500,0,5997404,965636,144764,982636,58167.323,45355.366,0,303.715,0,19.981,2491,3808,1.200,1.460,1.480,0,0,3.996,0,0,25,422,0,139,0
29-03 05:22:23,7.244,3.497,88.172,0.250,0.250,5999872,962856,144780,982932,37802.356,27652.389,0,199.822,0,21.980,2562,4447,1.200,1.460,1.480,0,0,9.991,0,0,25,425,0,141,0
29-03 05:22:24,9.277,5.516,83.992,1.755,0.251,6005016,957628,144788,982992,1151020.940,54312.420,0,280.809,52.150,23.066,3641,5278,1.100,1.440,1.470,0,0,38.110,0,0,25,425,0,138,0
29-03 05:22:25,15.033,4.259,79.424,0.251,0,6033964,928636,144792,983028,33087.462,24325.272,0,505.106,0,41.090,2426,3740,1.100,1.440,1.470,2,0,4.009,0,0,25,425,0,138,0
29-03 05:22:26,18.259,3.252,65.534,10.756,0,6053300,856620,197288,983180,55870430.660,942562.592,52506.884,564.289,41.021,65.033,23781,4749,1.100,1.440,1.470,2,0,0,0,0,25,425,0,141,0
29-03 05:22:27,19.207,3.742,63.857,9.978,0,6062424,795652,248488,983724,54434147.904,1093075.951,51101.227,415.068,43.901,44.899,25702,4141,1.100,1.440,1.470,1,0,2.993,0,0,25,425,0,143,0
29-03 05:22:28,26.931,4.987,57.602,6.982,0,6097528,719572,289452,983672,41531205.552,916137.198,38313.228,490.735,32.915,50.869,22457,4671,1.100,1.440,1.470,1,1,0.997,0,0,25,425,0,145,0
29-03 05:22:29,24.304,3.508,65.897,4.761,0.501,6072272,720700,313772,983416,26066001.580,543032.220,24386.528,380.852,22.049,33.074,11942,4091,1.090,1.430,1.470,0,1,0,0,0,25,425,0,147,0
29-03 05:22:30,23.990,3.498,65.472,5.747,0,6054136,701584,350892,983516,41281936.358,731939.606,39678.740,291.873,34.985,21.990,16927,3796,1.090,1.430,1.470,1,0,0,0,0,25,425,0,149,0
29-03 05:22:31,21.485,2.998,62.706,9.244,0.250,6053080,651192,402092,983652,54385144.399,1017863.496,51164.185,175.877,39.972,18.987,22690,3657,1.090,1.430,1.470,5,0,0,0,0,25,425,0,149,0
29-03 05:22:32,20.266,3.002,64.802,10.258,0.250,6053064,599688,453296,983836,54265615.289,965999.698,51253.156,308.248,43.035,28.023,22423,3535,1.090,1.430,1.470,3,0,0,0,0,25,425,0,151,0
29-03 05:22:33,22.473,4.994,60.926,8.989,0,6053240,548116,504500,983900,54436937.810,1170425.422,51149.700,323.606,42.948,31.961,33738,4174,1.090,1.430,1.470,1,0,2.996,0,0,25,425,0,153,0
29-03 05:22:34,17.799,2.758,67.434,8.774,0,6099136,454692,551872,983944,48613951.632,834394.560,44938.502,316.864,39.107,31.085,18619,3849,1.090,1.430,1.470,0,1,0,0,0,25,425,0,155,0
29-03 05:22:35,24.440,1.746,67.334,5.486,0,6076652,448920,580036,983972,29055553.727,597322.017,28098.568,857.880,23.941,114.717,13235,3710,1.090,1.430,1.470,2,0,0,0,0,25,425,0,157,0
29-03 05:22:36,22.736,2.249,66.209,5.996,0,6053876,442108,609476,984056,32083195.003,657375.141,29437.601,359.775,26.983,36.977,14612,4021,1.090,1.430,1.470,0,1,0,0,0,25,425,0,159,0
29-03 05:22:37,18.533,2.755,67.871,8.014,0.250,6050932,396300,658124,984064,53320800.345,832669.985,51291.350,224.400,40.071,21.037,21381,3814,1.090,1.430,1.470,1,0,0,0,0,25,425,0,159,0
29-03 05:22:38,20.789,4.008,65.374,6.512,0,6053380,342380,709340,984236,54350479.509,1021841.411,51309.282,392.745,43.082,37.070,22648,4132,1.090,1.430,1.470,1,0,0,0,0,25,425,0,161,0
29-03 05:22:39,22.181,3.489,62.557,8.723,0.249,6100612,244852,759268,984428,51506252.667,1022691.837,47225.977,913.176,39.877,54.830,27093,4278,1.080,1.420,1.470,0,1,0,0,0,25,425,0,159,0
29-03 05:22:40,23.004,2.750,66.260,5.751,0.250,6075180,244624,784876,984464,27092641.545,567056.028,25620.022,428.067,24.004,33.005,13226,3688,1.080,1.420,1.470,1,1,0,0,0,25,425,0,161,0
29-03 05:22:41,22.503,4.001,65.260,6.501,0,6061320,220448,822004,984700,38729038.898,735941.919,37141.497,436.065,33.005,33.005,16261,4065,1.080,1.420,1.470,0,1,0,0,0,25,425,0,161,0
29-03 05:22:42,21.491,3.998,65.473,6.997,0,6051096,189400,862972,984792,46077667.545,1117696.333,43514.377,303.877,36.985,18.992,32972,3509,1.080,1.420,1.470,2,0,0,0,0,25,425,0,164,0
29-03 05:22:43,22.509,3.752,65.528,6.003,0,6051168,173388,901192,964152,54268704.856,1114563.117,51221.513,228.096,40.017,21.009,32909,4032,1.080,1.420,1.470,1,0,2.001,0,0,25,427,0,160,0
29-03 05:22:44,19.741,4.748,64.972,7.997,0.250,6053640,182348,914924,939796,53299005.531,681531.897,51189.835,343.851,42.981,29.987,15876,3891,1.150,1.430,1.470,2,0,0,0,0,25,427,0,162,0
29-03 05:22:45,20.024,5.006,62.073,7.759,0,6052628,187972,934500,916680,54464505.187,1244861.447,51272.399,372.439,43.051,31.037,34420,3954,1.150,1.430,1.470,1,0,0,0,0,25,427,0,160,0
29-03 05:22:46,24.238,4.498,62.719,6.747,0.250,6085036,141564,958488,907240,34721532.171,730603.735,32012.346,1187.419,31.984,101.950,16530,5134,1.150,1.430,1.470,0,1,0,0,0,25,427,0,164,0
29-03 05:22:47,25.482,2.248,65.955,4.747,0.250,6053476,183128,959852,895976,19171249.009,332766.724,19198.772,343.763,17.988,29.979,8314,3990,1.150,1.430,1.470,1,0,0,0,0,25,427,0,162,0
29-03 05:22:48,19.044,4.260,62.895,8.019,0,6053884,173372,983564,881812,54572595.122,1149899.117,51318.494,228.528,40.093,27.062,43727,4147,1.150,1.430,1.470,3,0,0,0,0,25,427,0,162,0
29-03 05:22:49,21.304,3.716,64.656,10.652,0.248,6055056,168244,1004256,865624,52794398.858,642898.690,50745.798,356.723,42.609,32.700,16671,4237,1.140,1.420,1.470,1,0,0,0,0,25,427,0,160,0
29-03 05:22:50,22.172,2.771,66.515,4.283,0,6026808,175792,1025316,865184,25243888.403,734513.274,23489.977,229.780,22.172,16.125,22175,3311,1.140,1.420,1.470,1,0,0,0,0,25,427,0,162,0
29-03 05:22:51,27.729,12.491,52.960,5.995,0.250,6031824,1055824,139356,867912,4897272.662,4889738.358,351.734,10160.319,63.952,898.321,5936,11377,1.140,1.420,1.470,1,0,37.971,0,0,25,427,0,165,0
29-03 05:22:52,15.251,7.001,77.006,0.500,0.250,6007120,1080172,139356,868204,89691.458,72853.245,4.000,348.025,,23.002,3365,5363,1.140,1.420,1.470,3,0,25.002,0,0,25,427,0,166,0
29-03 05:22:53,8.499,1.750,86.487,0.500,0,6007364,1079856,139384,868248,85966.363,74799.005,0,367.946,0,45.993,2642,4151,1.140,1.420,1.470,0,0,2.000,0,0,25,426,0,166,0
29-03 05:22:54,23.811,5.765,67.923,2.256,0,6020440,1065704,139468,869208,320159.525,310568.154,176.448,1519.862,44.112,212.540,4615,8021,1.130,1.410,1.460,2,0,0,0,0,25,424,0,206,0
29-03 05:22:55,18.702,3.491,75.556,1.746,0.499,6020844,1064908,139564,869484,276865.456,261621.632,43.887,1125.108,10.972,178.541,4156,7091,1.130,1.410,1.460,0,0,0,0,0,25,427,0,210,0
29-03 05:22:56,15.791,2.757,78.201,2.005,0,6020792,1064664,139624,869704,251749.738,234636.844,0,786.016,0,106.273,4160,6905,1.130,1.410,1.460,2,0,0,0,0,25,427,0,211,0
29-03 05:22:57,30.993,3.499,59.736,2.249,0,6020516,1064632,139752,869884,502889.838,494275.811,0,1639.625,0,239.945,5497,9678,1.130,1.410,1.460,1,0,0,0,0,25,426,0,208,2
29-03 05:22:58,30.260,3.751,64.270,1.000,0.500,6023580,1061168,139820,870216,499645.887,490930.116,0,1200.382,0,166.053,5019,9252,1.130,1.410,1.460,1,0,0,0,0,25,425,0,213,2
29-03 05:22:59,28.849,6.715,62.921,0.497,0,6019304,1065328,139860,870292,521436.324,497384.189,0,644.627,0,73.615,4815,9190,1.120,1.410,1.460,1,0,0,0,0,25,426,0,212,2
29-03 05:23:00,23.035,2.754,71.608,1.502,0,6018740,1065380,139928,870720,341315.386,332419.954,0,841.270,0,114.172,3611,6301,1.120,1.410,1.460,0,0,0,0,0,25,425,0,213,2
29-03 05:23:01,11.519,2.003,82.635,1.252,0.250,6018640,1065412,139960,870756,217390.346,208863.447,0,777.267,0,110.180,3058,5351,1.120,1.410,1.460,3,0,0,0,0,25,425,0,211,2
29-03 05:23:02,10.245,1.749,86.206,0.500,0.250,6018504,1065380,140004,870880,167464.756,153735.826,0,583.699,0,79.959,2959,5010,1.120,1.410,1.460,0,0,0,0,0,25,424,0,212,2
29-03 05:23:03,17.507,2.751,77.029,1.250,0,6018484,1065112,140040,871116,362066.413,341386.679,0,972.364,0,137.051,4003,6697,1.120,1.410,1.460,0,0,2.001,0,0,25,424,0,213,2
29-03 05:23:04,19.495,2.499,76.981,1.500,0.250,6018416,1064892,140060,871384,389514.400,378994.009,0,879.782,0,137.966,3634,6294,1.030,1.380,1.450,1,0,0,0,0,25,425,0,214,2
29-03 05:23:05,10.523,1.754,86.690,0.752,0,6018568,1064640,140088,871456,146923.203,135448.038,0,649.424,0,89.196,2864,4691,1.030,1.380,1.450,6,0,0,0,0,25,425,0,214,2
29-03 05:23:06,17.953,2.992,75.053,1.745,0.249,6018712,1063916,140176,871944,331621.168,306413.439,323.150,1276.644,15.958,201.470,4810,7983,1.030,1.380,1.450,0,0,0,0,0,25,424,0,214,2
29-03 05:23:07,14.755,3.001,78.529,1.751,0.250,6018684,1063664,140236,872164,267075.949,247737.929,0,1012.367,0,146.053,4018,6752,1.030,1.380,1.450,2,0,0,0,0,25,424,0,208,2
29-03 05:23:08,14.492,2.499,80.457,0.750,0.250,6018572,1063632,140284,872260,257967.471,240932.619,0,747.599,0,108.941,3365,5738,1.030,1.380,1.450,0,0,0,0,0,25,424,0,208,3
29-03 05:23:09,21.341,5.021,71.806,1.004,0.251,6018708,1063128,140328,872584,380061.583,369651.193,8.034,1012.317,2.009,117.501,5202,9848,1.030,1.380,1.450,4,0,0,0,0,25,427,0,202,2
29-03 05:23:10,31.167,3.740,61.834,1.995,0,6019380,1062088,140400,872880,545020.435,536397.527,0,1691.470,0,203.455,4839,8505,1.030,1.380,1.450,1,0,0,0,0,25,425,0,207,2
29-03 05:23:11,28.484,3.498,65.964,0.750,0,6020056,1061096,140456,873120,532662.699,523843.505,0,1031.438,0,140.923,5550,10652,1.030,1.380,1.450,1,0,0,0,0,25,425,0,199,2
29-03 05:23:12,27.479,3.497,65.201,1.499,0,6020096,1060592,140480,873560,563750.368,553080.424,0,1259.049,0,158.880,5294,9802,1.030,1.380,1.450,1,0,0,0,0,25,425,0,202,2
29-03 05:23:13,28.218,4.745,64.427,1.498,0.250,6021016,1059332,140532,873848,544583.353,535752.385,0,1226.607,0,155.823,4962,9104,1.030,1.380,1.450,2,0,1.998,0,0,25,426,0,200,2
29-03 05:23:14,30.789,4.005,64.081,1.001,0.501,6021768,1058244,140580,874116,603929.159,595924.056,0,1117.410,0,155.196,5440,9843,1.020,1.370,1.450,1,0,0,0,0,25,428,0,206,2
29-03 05:23:15,26.216,6.741,63.667,1.248,0,6032080,1020832,140656,900628,33271952.830,33251020.168,10114.790,17097.670,81.893,203.734,4978,8901,1.020,1.370,1.450,3,0,22.970,0,0,25,426,0,226,2
29-03 05:23:16,26.361,6.276,67.033,1.255,0.251,6044624,1007608,140684,901192,104536.038,96417.787,417.763,871.678,14.059,81.343,3509,5642,1.020,1.370,1.450,1,0,8.034,0,0,25,424,0,229,4
29-03 05:23:17,17.461,5.238,74.584,0.249,0,6046816,1005324,140700,901248,71713.581,64782.987,0,562.749,0,42.905,2705,4315,1.020,1.370,1.450,1,0,5.987,0,0,25,424,0,229,4
29-03 05:23:18,25.224,5.245,67.680,0.749,0,6124616,927344,140708,901404,49543.722,41583.961,99.897,291.698,0.999,21.977,2297,3554,1.020,1.370,1.450,1,0,2.997,0,0,25,424,0,175,4
29-03 05:23:19,16.021,4.005,78.603,0.250,0.250,6068212,983548,140712,901600,92608.224,69734.282,0,380.498,0,26.034,2810,4173,1.020,1.360,1.440,1,0,8.010,0,0,25,425,0,176,4
29-03 05:23:20,9.248,1.500,87.977,0,0,6067368,984240,140736,901688,64354.397,50583.949,0,239.938,0,20.995,2580,3996,1.020,1.360,1.440,0,0,3.999,0,0,25,424,0,172,4
29-03 05:23:21,9.494,4.747,77.453,6.996,0.500,6066564,984516,140900,902048,57986.570,48925.107,259.841,8007.108,64.960,806.507,5071,7712,1.020,1.360,1.440,0,2,7.995,0,0,25,425,0,172,4
29-03 05:23:22,7.748,5.249,81.981,3.249,0.250,6072904,977364,140940,902572,1189567.831,82850.696,487.886,4690.907,57.986,157.963,4151,5574,1.020,1.360,1.440,0,0,34.992,0,0,25,425,0,170,4
29-03 05:23:23,13.506,4.252,80.286,1.000,0,6091436,958708,140972,902628,109619.000,81358.367,100.045,232.104,4.002,19.008,2605,4053,1.020,1.360,1.440,1,0,7.003,0,0,25,425,0,174,4
29-03 05:23:24,26.775,5.755,66.812,0.751,0,6076700,973228,141024,902748,58484.449,45392.260,0,580.540,0,42.039,2788,4336,1.020,1.360,1.440,1,0,10.009,0,0,25,425,0,171,4
29-03 05:23:25,24.263,7.504,64.785,2.251,0,6105092,943736,142092,902744,2381992.950,2804555.092,2125.162,1051803.336,105.057,149.082,5492,5349,1.020,1.360,1.440,0,1,28.015,0,0,25,425,0,171,4
29-03 05:23:26,24.213,8.487,59.659,6.490,0.250,6072224,977044,141064,903320,2821142.222,15082853.896,2750.813,15164.919,123.812,190.710,10354,7656,1.020,1.360,1.440,1,0,31.951,0,0,25,425,0,168,4
29-03 05:23:27,12.515,5.006,79.846,0.250,0.250,6073808,991408,141084,887656,85449.137,63835.049,0,800.967,,,3174,5009,1.020,1.360,1.440,3,0,19.023,0,0,25,425,0,169,4
29-03 05:23:28,7.993,1.249,89.416,0.999,0.250,6073656,991564,141124,887624,63142.772,51884.332,0,787.262,0,121.886,2834,4833,1.020,1.360,1.440,0,0,0,0,0,25,424,0,167,4
29-03 05:23:29,19.969,4.493,72.136,1.248,0.250,6083136,980664,141248,888900,457315.728,435196.565,19.969,1218.082,1.997,140.778,4420,7112,1.020,1.360,1.440,0,0,2.995,0,0,25,424,0,167,4
29-03 05:23:30,20.548,5.012,70.915,1.253,0,6075752,987932,141288,888976,307209.032,294317.110,0,837.945,0,94.219,4126,6943,1.100,1.370,1.440,3,0,1.002,0,0,25,425,0,163,5
29-03 05:23:31,27.216,4.744,63.670,1.997,0.250,6075284,989068,141372,888240,464429.355,453266.431,0,1298.363,0,145.816,5230,9135,1.100,1.370,1.440,1,0,0,0,0,25,424,0,165,5
29-03 05:23:32,19.753,3.000,71.260,2.750,0.250,6075260,988816,141468,888412,405862.444,395490.951,0,1404.202,0,170.024,4567,7597,1.100,1.370,1.440,2,0,0,0,0,25,424,0,162,4
29-03 05:23:33,14.738,3.997,78.438,1.499,0.250,6069616,994368,141520,888452,245300.741,235021.923,0,1219.030,0,165.868,3778,6280,1.100,1.370,1.440,0,0,1.998,0,0,25,424,0,162,4
29-03 05:23:34,6.766,1.253,88.455,0.501,0.251,6069332,994400,141540,888680,107939.989,98972.220,0,505.170,0,59.137,2558,4251,1.100,1.370,1.440,1,0,0,0,0,25,425,0,158,4
29-03 05:23:35,19.718,3.245,74.877,1.498,0,6069088,994336,141592,888936,402361.931,389316.300,0,1301.868,0,159.738,4581,7856,1.170,1.380,1.450,2,0,0,0,0,25,424,0,158,4
29-03 05:23:36,11.008,2.001,85.312,0.500,0,6069052,994368,141612,888920,206513.102,195205.939,0,596.431,0,74.053,3249,5106,1.170,1.380,1.450,1,0,0,0,0,25,424,0,156,4
29-03 05:23:37,14.753,1.750,79.016,1.250,0,6069172,994084,141680,889012,229509.738,205342.711,0,940.196,0,137.029,4028,7031,1.170,1.380,1.450,2,0,0,0,0,25,427,0,156,4
29-03 05:23:38,29.984,3.748,63.717,1.749,0.500,6070036,993108,141708,889092,504693.559,494178.027,0,1259.345,0,173.910,5085,9406,1.170,1.380,1.450,1,0,0,0,0,25,425,0,155,4
29-03 05:23:39,29.758,4.751,62.267,1.500,0,6070220,992384,141792,889544,619074.626,592594.371,108.030,1448.397,3.001,190.052,5578,10389,1.170,1.380,1.450,2,0,1.000,0,0,25,422,0,156,4
29-03 05:23:40,27.235,4.997,65.213,0.999,0.500,6070812,991376,141864,889872,523839.459,511261.603,3.998,1199.319,0.999,133.924,5262,10031,1.400,1.420,1.460,1,0,0,0,0,25,421,0,153,4
29-03 05:23:41,28.247,3.750,65.244,1.500,0,6071764,990232,141896,890032,605122.329,591631.570,0,1239.886,0,171.984,5553,10188,1.400,1.420,1.460,1,0,0,0,0,25,421,0,154,4
29-03 05:23:42,8.005,1.751,88.308,0.500,0,6071452,990336,141912,890220,114005.129,103728.357,0,516.340,0,54.036,2602,4179,1.400,1.420,1.460,1,0,0,0,0,25,420,0,152,4
29-03 05:23:43,13.499,3.500,81.246,1.500,0,6071892,989848,141964,890208,199593.621,183008.484,0,755.961,0,91.995,3503,5753,1.400,1.420,1.460,0,0,2.000,0,0,25,419,0,152,4
29-03 05:23:44,24.739,4.748,68.219,1.499,0.250,6071840,989612,142004,890452,483964.700,474571.917,0,1031.537,0,146.934,4474,8165,1.400,1.420,1.460,2,0,0,0,0,25,421,0,148,4
29-03 05:23:45,30.038,3.755,63.080,2.003,0.751,6075864,985380,142120,890544,493469.707,482151.332,0,1445.836,0,215.273,4776,9138,1.370,1.410,1.460,1,0,0,0,0,25,420,0,153,4
29-03 05:23:46,29.453,3.744,63.899,1.747,0,6076240,984572,142256,890828,557848.599,548878.772,0,1389.804,0,177.719,5559,9808,1.370,1.410,1.460,1,0,0,0,0,25,419,0,154,4
29-03 05:23:47,8.499,1.750,87.735,0.250,0,6076220,984288,142312,891068,104656.790,93628.709,0,475.917,0,60.989,2757,4712,1.370,1.410,1.460,3,0,0,0,0,25,420,0,154,4
29-03 05:23:48,11.263,1.752,83.596,2.002,0,6076236,984068,142380,891200,187274.429,176639.252,0,953.091,0,142.163,3444,6062,1.370,1.410,1.460,1,0,0,0,0,25,417,0,151,4
29-03 05:23:49,9.993,2.998,84.444,1.249,0,6076108,984068,142416,891292,229892.122,211343.457,0,819.455,0,118.921,3256,5531,1.370,1.410,1.460,1,0,0,0,0,25,417,0,152,4
29-03 05:23:50,15.496,3.499,78.977,1.999,0.750,6076308,983532,142488,891552,283073.324,271880.514,103.970,1143.674,3.999,176.950,3929,6603,1.260,1.390,1.450,0,0,0,0,0,25,418,0,148,4
29-03 05:23:51,24.991,4.998,66.226,1.250,0.250,6077908,981540,142560,891868,401203.561,385146.422,91.966,1163.575,2.999,153.944,4811,11464,1.260,1.390,1.450,3,0,33.988,0,0,25,415,0,152,7
29-03 05:23:52,11.266,2.253,82.370,2.754,0,6077816,981200,142596,892260,133225.643,122493.964,40.059,10054.690,10.015,687.004,4070,5936,1.260,1.390,1.450,0,0,0,0,0,25,415,0,142,6
29-03 05:23:53,11.740,2.248,81.181,1.749,0,6077908,980948,142684,892332,253323.422,243433.838,0,851.276,0,122.895,3379,5661,1.260,1.390,1.450,0,0,1.998,0,0,25,415,0,144,6
29-03 05:23:54,19.752,3.250,74.757,1.500,0,6078116,980412,142736,892600,454404.077,442287.902,100.010,1108.107,4.000,141.014,4234,7155,1.260,1.390,1.450,0,0,0,0,0,25,415,0,105,6
29-03 05:23:55,12.258,3.002,82.555,0.250,0.500,6078252,980160,142784,892668,227214.189,209489.473,60.040,688.455,7.005,89.059,3391,5488,1.160,1.370,1.440,1,0,0,0,0,25,416,0,106,6
29-03 05:23:56,7.746,0.750,88.955,0.500,0.250,6078060,980160,142816,892820,81828.513,63459.826,0,379.807,0,47.976,2903,4711,1.160,1.370,1.440,0,0,0,0,0,25,415,0,95,6
29-03 05:23:57,6.749,0.750,91.239,0.250,0.250,6077972,980128,142816,892940,57442.992,42857.771,0,235.971,0,22.997,2187,3390,1.160,1.370,1.440,0,0,0,0,0,25,415,0,95,6
29-03 05:23:58,10.997,2.000,85.229,1.000,0,6078316,979688,142844,893008,134920.214,115542.923,0,571.861,0,85.979,3046,4751,1.160,1.370,1.440,0,0,0,0,0,25,416,0,95,6
29-03 05:23:59,10.252,1.000,87.018,0.750,0,6078188,979624,142860,893184,109429.652,74371.395,0,520.108,0,69.014,2984,4620,1.160,1.370,1.440,1,0,0,0,0,25,416,0,85,5
29-03 05:24:00,15.998,2.500,78.992,0.750,0.250,6082360,975120,142928,893440,290701.058,270760.112,0,751.923,0,104.989,3665,5871,1.060,1.340,1.440,0,0,0,0,0,25,415,0,85,5
29-03 05:24:01,33.117,7.777,55.446,3.011,0,6079288,978016,142976,893568,455151.865,444064.772,4.014,3428.087,1.004,487.720,5156,8134,1.060,1.340,1.440,1,0,4.014,0,0,25,417,0,86,5
29-03 05:24:02,26.975,3.747,65.689,1.748,0.500,6079908,976972,143068,893868,545642.826,536028.709,0,1578.541,0,126.883,4994,9541,1.060,1.340,1.440,1,0,0,0,0,25,418,0,89,5
29-03 05:24:03,14.218,2.494,79.569,1.995,0.249,6079540,977036,143140,894100,268786.972,259539.030,0,1241.174,0,180.589,3970,6799,1.060,1.340,1.440,0,0,1.995,0,0,25,417,0,89,5
29-03 05:24:04,22.773,3.754,70.822,2.002,0.250,6079444,976752,143196,894420,595580.706,585128.075,0,1205.226,0,157.160,4560,7813,1.060,1.340,1.440,0,0,0,0,0,25,418,0,89,5
29-03 05:24:05,8.749,2.000,87.490,0.750,0,6079236,976752,143224,894596,108608.944,93853.582,0,691.923,0,94.989,2918,4793,1.060,1.340,1.430,1,0,0,0,0,25,418,0,86,5
29-03 05:24:06,28.985,3.248,64.466,1.749,0,6079128,976516,143264,894880,519727.222,508143.257,0,1439.250,0,202.894,5572,9673,1.060,1.340,1.430,1,0,0,0,0,25,418,0,88,5
29-03 05:24:07,27.262,4.252,67.029,0.750,0,6080092,975476,143300,894916,495653.105,484421.208,0,784.342,0,107.047,5102,9424,1.060,1.340,1.430,1,0,0,0,0,25,417,0,91,5
29-03 05:24:08,28.003,4.250,66.007,1.000,0.500,6079700,975508,143328,895244,474431.187,461833.802,0,872.096,0,104.011,4879,8896,1.060,1.340,1.430,2,0,0,0,0,25,419,0,92,5
29-03 05:24:09,17.740,1.999,77.706,1.749,0.250,6079960,974972,143344,895500,318376.436,308632.931,0,1087.387,0,164.907,4077,7010,1.060,1.340,1.430,1,0,0,0,0,25,417,0,91,5
29-03 05:24:10,29.300,4.758,61.605,3.256,0.250,6080124,974468,143388,895792,653748.641,642396.286,0,1670.849,0,254.434,5961,11767,1.050,1.330,1.430,1,0,0,0,0,25,418,0,93,5
29-03 05:24:11,21.459,2.745,74.110,1.497,0,6079772,974468,143456,896072,311910.800,294599.502,43.917,1165.798,8.983,135.744,4188,6964,1.050,1.330,1.430,0,0,0,0,0,25,417,0,88,5
29-03 05:24:12,15.498,2.500,79.238,0.750,0,6080268,973776,143512,896208,351465.929,339505.735,0,871.868,0,127.981,3518,6093,1.050,1.330,1.430,0,0,0,0,0,25,418,0,89,5
29-03 05:24:13,9.250,2.500,84.752,1.250,0.250,6080360,973460,143548,896388,174296.357,159534.988,0,664.017,0,77.002,2919,4913,1.050,1.330,1.430,1,0,2.000,0,0,25,418,0,85,5
29-03 05:24:14,14.263,3.003,81.576,1.001,0.250,6080292,973160,143572,896716,244336.500,224952.531,0,884.820,0,138.128,3891,6377,1.050,1.330,1.430,0,0,0,0,0,25,417,0,85,5
29-03 05:24:15,21.236,3.748,72.203,1.749,0,6080204,972940,143596,896992,462247.464,449115.973,0,1067.308,0,153.900,4866,9144,0.970,1.310,1.420,5,0,0,0,0,25,419,0,70,5
29-03 05:24:16,31.496,3.999,59.742,3.999,0.250,6079792,972972,143704,897260,550871.531,535184.680,0,1767.758,0,254.965,5817,10161,0.970,1.310,1.420,2,0,0,0,0,25,418,0,76,5
29-03 05:24:17,28.715,3.745,64.422,1.498,0,6080628,971712,143792,897588,614375.149,585849.778,0,1470.215,0,210.744,5633,10643,0.970,1.310,1.420,2,0,0,0,0,25,418,0,63,4
29-03 05:24:18,27.298,5.009,67.869,0.751,0.501,6081064,970956,143868,897824,535544.416,518808.027,0,873.534,0,106.186,4980,9612,0.970,1.310,1.420,1,0,0,0,0,25,418,0,64,4
29-03 05:24:19,22.735,2.998,71.452,1.499,0,6082884,968940,143892,897988,486426.553,469312.968,0,959.360,0,134.910,4230,7711,0.970,1.310,1.420,0,0,0,0,0,25,418,0,66,4
29-03 05:24:20,13.753,1.500,82.771,0.750,0.250,6082688,968972,143912,898132,271140.599,259126.559,0,600.152,0,72.018,2940,5328,0.970,1.310,1.420,1,0,0,0,0,25,418,0,66,4
29-03 05:24:21,21.532,4.006,68.602,5.759,0,6082672,968688,143988,898352,459909.045,440207.828,0,1958.905,0,310.460,5150,9508,0.970,1.310,1.420,0,0,0,0,0,25,418,0,66,4
29-03 05:24:22,15.187,2.988,78.423,1.494,0.498,6083576,967680,144032,898412,289550.862,276634.710,15.934,1119.333,3.983,139.419,3750,6430,0.970,1.310,1.420,4,1,0,0,0,25,417,0,67,4
29-03 05:24:23,8.524,2.256,83.236,4.011,0,6083872,967072,144056,898696,127039.904,115954.499,8.023,9113.819,2.006,548.554,3618,5320,0.970,1.310,1.420,1,0,2.006,0,0,25,417,0,69,4
29-03 05:24:24,18.752,3.250,74.759,2.000,0,6083448,967080,144076,899084,390689.320,372689.232,0,1108.129,0,148.017,4112,7045,0.970,1.310,1.420,1,0,0,0,0,25,417,0,72,4
29-03 05:24:25,16.761,3.002,77.052,1.001,0.500,6083504,966892,144112,899180,389372.047,379482.392,0,884.595,0,129.087,3965,7767,0.890,1.280,1.410,1,0,0,0,0,25,420,0,70,4
29-03 05:24:26,30.227,4.497,61.704,2.748,0,6083592,966388,144192,899508,563774.169,552228.828,0,1954.534,0,283.787,5544,9466,0.890,1.280,1.410,2,0,0,0,0,25,418,0,75,4
29-03 05:24:27,28.011,3.751,63.525,2.251,0,6083756,965852,144232,899832,527217.033,517276.186,0,1384.536,0,197.076,5356,9836,0.890,1.280,1.410,1,0,0,0,0,25,418,0,78,4
29-03 05:24:28,27.582,4.513,67.200,1.003,0.251,6084988,964308,144268,900104,535114.642,522857.114,0,1283.826,0,165.493,5363,10252,0.890,1.280,1.410,3,0,0,0,0,25,418,0,79,4
29-03 05:24:29,27.897,4.483,65.258,1.245,0.249,6085584,963332,144308,900444,581814.378,571552.398,0,1171.659,0,157.417,4963,9117,0.890,1.280,1.410,0,0,0,0,0,25,418,0,81,4
29-03 05:24:30,8.501,2.000,86.761,1.000,0,6085692,963112,144328,900536,136187.841,125611.455,0,580.076,0,70.009,2890,4838,0.980,1.300,1.420,3,0,0,0,0,25,418,0,81,4
29-03 05:24:31,25.511,3.502,65.528,3.502,0.250,6093088,955472,144392,900704,576996.108,564121.572,0,1716.738,0,281.121,5507,9527,0.980,1.300,1.420,5,0,2.001,0,0,25,417,0,81,4
29-03 05:24:32,11.986,3.496,81.154,0.250,0,6113796,933376,144408,902060,151438.152,127817.048,0,559.339,0,67.920,3256,5245,0.980,1.300,1.420,2,0,0.999,0,0,25,418,0,81,4
29-03 05:24:33,18.264,3.002,76.558,1.751,0,6095900,952188,144464,901084,278968.179,268242.059,0,1541.167,0,155.117,3867,6416,0.980,1.300,1.420,0,0,3.002,0,0,25,417,0,81,4
29-03 05:24:34,18.249,3.000,76.747,1.500,0.250,6095668,952212,144500,901256,364390.602,345506.452,0,991.955,0,138.994,3961,6537,0.980,1.300,1.420,1,0,0,0,0,25,418,0,82,4
29-03 05:24:35,15.046,3.511,79.741,0.752,0.502,6109980,937816,144508,901332,273061.557,263622.987,0,702.125,0,93.282,3604,6165,0.980,1.290,1.410,1,1,0,0,0,25,418,0,83,4
29-03 05:24:36,31.894,4.485,60.300,2.243,0,6088848,958552,144576,901648,527091.745,510874.473,0,1658.505,0,254.158,5882,10641,0.980,1.290,1.410,1,0,0,0,0,25,419,0,86,4
29-03 05:24:37,29.530,5.005,62.814,2.002,0.250,6088924,958300,144652,901740,534733.289,524279.668,0,1589.615,0,231.235,5392,9407,0.980,1.290,1.410,0,1,0,0,0,25,418,0,90,4
29-03 05:24:38,28.957,3.744,64.655,1.747,0,6088608,958236,144728,902032,531998.494,521977.215,0,1717.477,0,222.673,5586,10173,0.980,1.290,1.410,5,0,0,0,0,25,419,0,90,4
29-03 05:24:39,31.388,2.762,63.028,1.758,0.251,6088620,957984,144744,902252,418159.575,400616.314,0,1108.884,0,162.717,4498,7429,0.980,1.290,1.410,1,0,0,0,0,25,418,0,92,4
29-03 05:24:40,21.176,2.491,73.492,1.495,0.249,6088984,957448,144768,902400,381665.446,371081.648,0,1167.895,0,181.363,4173,7158,0.980,1.290,1.410,2,0,0,0,0,25,417,0,90,4
29-03 05:24:41,18.504,2.751,77.767,0.750,0.250,6090024,956204,144772,902600,341687.880,332000.700,0,336.076,0,39.009,2856,4739,0.980,1.290,1.410,1,0,0,0,0,25,420,0,95,4
29-03 05:24:42,30.717,3.996,59.936,3.496,0,6091092,954536,144820,903120,660995.413,650519.643,3.996,2337.494,0.999,303.674,5676,10108,0.980,1.290,1.410,3,1,0,0,0,25,421,0,96,4
29-03 05:24:43,38.746,7.249,49.994,2.750,0.250,6092060,952976,144892,903588,742153.652,723988.741,0,2179.749,0,209.976,5029,8446,0.980,1.290,1.410,1,0,16.998,0,0,25,422,0,96,4
29-03 05:24:44,38.383,6.021,54.940,1.756,0,6097168,947416,144900,904032,791642.040,784362.817,289.001,1380.784,12.042,140.487,4903,8153,0.980,1.290,1.410,2,0,6.021,0,0,25,422,0,96,4
29-03 05:24:45,36.459,6.992,55.188,0.499,0.250,6099536,944656,144924,904392,303410.876,293164.363,63.928,1070.800,11.987,68.923,3169,6018,1.070,1.300,1.410,4,1,24.972,0,0,25,422,0,96,4
29-03 05:24:46,30.983,8.995,51.722,8.246,0,6113412,919260,144936,915856,372370.665,363898.223,11312.914,895.518,155.916,89.952,5769,8377,1.070,1.300,1.410,3,0,11.994,0,0,26,422,0,92,4
29-03 05:24:47,28.275,11.260,57.301,1.501,0.250,6126132,905736,144972,916584,409519.110,399140.832,3654.267,1173.049,151.135,126.113,7008,11378,1.070,1.300,1.410,3,0,0,0,0,26,423,0,92,4
29-03 05:24:48,28.287,2.754,63.834,3.755,0.250,6181772,849904,144984,916760,37427.179,26748.147,15988.008,512.674,544.716,40.053,5105,10677,1.070,1.300,1.410,2,0,0,0,0,26,422,0,87,4
29-03 05:24:49,49.094,4.984,44.110,1.495,0,6107200,923880,145008,917348,805307.564,794504.831,0,1822.220,0,192.390,5145,8862,1.070,1.300,1.410,3,0,10.965,0,0,25,422,0,88,4
29-03 05:24:50,25.490,3.499,68.974,1.499,0.250,6104832,926136,145020,917404,395342.351,384555.407,0,1331.499,0,116.956,3625,6091,1.140,1.310,1.420,3,0,20.992,0,0,25,423,0,86,4
29-03 05:24:51,25.588,6.021,65.977,2.509,0.251,6126240,904440,145028,917684,339304.224,329858.704,0,1786.150,0,211.729,4611,9080,1.140,1.310,1.420,1,0,32.111,0,0,25,422,0,87,4
29-03 05:24:52,28.679,3.741,64.091,1.995,0,6103256,926860,145048,918180,531221.384,522361.410,27.931,1623.963,6.983,178.556,4405,8209,1.140,1.310,1.420,2,0,1.995,0,0,25,423,0,86,3
29-03 05:24:53,38.599,7.770,51.883,1.755,0,6096064,933468,145132,918652,841756.472,832100.667,0,2662.841,0,300.773,5679,10327,1.140,1.310,1.420,3,0,15.039,0,0,25,422,0,89,3
29-03 05:24:54,30.160,2.991,60.070,4.985,0.249,6094228,934956,145188,919080,640992.151,624538.381,0,10731.890,0,614.162,4971,7176,1.140,1.310,1.420,2,0,1.994,0,0,25,423,0,86,3
29-03 05:24:55,41.786,4.254,53.796,0.500,0.250,6100724,928024,145208,919488,601521.512,593081.236,0,796.687,0,62.053,3889,6596,1.130,1.300,1.420,1,0,9.008,0,0,25,422,0,86,3
29-03 05:24:56,38.223,7.495,52.713,0.999,0.250,6123900,904540,145232,919804,372921.701,360067.673,94.934,1039.275,20.985,79.944,4660,7836,1.130,1.300,1.420,5,0,34.976,0,0,26,422,0,83,3
29-03 05:24:57,31.509,11.753,53.766,0.750,0.250,6129052,898752,145288,920336,441864.583,432478.851,845.246,884.257,61.018,104.030,7640,11442,1.130,1.300,1.420,4,0,0,0,0,26,422,0,83,3
29-03 05:24:58,40.755,3.500,48.006,5.501,0,6168028,859516,145352,920528,390160.281,380095.933,18592.491,812.109,631.085,97.013,8043,14366,1.130,1.300,1.420,7,0,0,0,0,26,423,0,83,3
29-03 05:24:59,45.013,6.752,44.763,1.500,0,6110940,916248,145516,920692,736840.631,719382.498,16.005,1936.569,1.000,199.059,5905,9570,1.130,1.300,1.420,1,0,34.010,0,0,25,422,0,83,3
29-03 05:25:00,21.232,2.998,72.690,1.998,0,6110844,916036,145636,920856,481716.102,465364.609,0,1338.894,0,167.861,4450,7210,1.200,1.320,1.420,0,0,0,0,0,25,422,0,83,3
29-03 05:25:01,13.266,3.504,80.345,0.751,0.501,6110380,916288,145668,921036,294228.956,285467.565,0,676.803,0,63.075,3406,5568,1.200,1.320,1.420,1,0,0,0,0,25,423,0,83,3
29-03 05:25:02,26.164,4.984,65.534,0.498,0.498,6099292,927036,145684,921352,658101.922,646496.209,0,909.001,0,93.691,4903,9013,1.200,1.320,1.420,5,0,5.980,0,0,25,423,0,85,3
29-03 05:25:03,15.290,6.266,72.939,4.010,0,6113424,911084,146060,922712,89660.400,63181.767,1307.389,645.674,69.179,64.166,3987,5993,1.200,1.320,1.420,0,1,50.130,0,0,25,424,0,87,3
29-03 05:25:04,10.991,6.495,76.187,3.497,0,6107416,915884,146372,922932,27778.083,14356.156,575.525,1910.424,45.962,209.827,3696,5491,1.200,1.320,1.420,1,0,150.876,0,0,25,426,0,85,3
29-03 05:25:05,7.502,3.251,88.770,0.250,0,6106684,916412,146372,923132,61069.924,49529.293,0,356.081,0,31.007,2565,4197,1.100,1.290,1.410,1,0,8.002,0,0,25,424,0,86,3
29-03 05:25:06,8.007,5.505,83.820,1.501,0.500,6109660,913360,146388,923188,1166025.628,61773.952,0,436.367,52.044,38.032,4100,5466,1.100,1.290,1.410,1,0,34.029,0,0,25,424,0,86,3
29-03 05:25:07,19.983,3.997,75.434,0,0.250,6137512,885428,146392,923248,62194.580,36331.210,15.986,419.633,0.999,27.976,2568,3681,1.100,1.290,1.410,1,0,5.995,0,0,25,424,0,87,3
29-03 05:25:08,32.035,4.505,61.817,1.001,0.250,6120448,890668,158180,923268,21380150.422,9147301.644,11788.696,432.466,92.099,42.045,12669,9808,1.100,1.290,1.410,1,0,1.001,0,0,25,429,0,83,3
29-03 05:25:09,40.575,10.770,45.834,0.250,0,6105668,841584,187880,957316,177884399.179,146935118.553,29754.779,268.494,233.430,18.033,30328,13071,1.100,1.290,1.410,5,0,0,0,0,25,432,0,89,3
29-03 05:25:10,59.169,17.975,21.470,0.749,0,6110712,691724,263536,1026252,372461723.207,293558194.366,75543.976,391.461,590.187,40.944,76081,24660,1.420,1.360,1.430,4,0,0,0,0,25,432,0,87,3
29-03 05:25:11,56.408,21.465,20.217,1.498,0,6102024,334992,346096,1303548,439188857.107,353704548.109,82298.265,287.533,642.955,22.963,53638,19754,1.420,1.360,1.430,3,0,0,0,0,25,432,0,89,3
29-03 05:25:12,53.411,16.550,26.580,3.009,0,6100984,357064,428408,1199748,438010105.488,352527053.119,82701.510,201367.526,650.964,351.059,43941,23225,1.420,1.360,1.430,3,0,0,0,0,25,432,0,91,3
29-03 05:25:13,55.977,20.741,21.491,0.500,0,6099328,196780,509740,1279988,417875887.010,333629277.367,81246.608,375.846,634.739,34.986,60764,25548,1.420,1.360,1.430,4,0,1.999,0,0,25,432,0,93,3
29-03 05:25:14,49.989,24.244,18.996,4.499,0,6104808,266936,541444,1176280,377883765.734,301954484.469,73479.100,209083.911,579.867,1049.759,39538,25537,1.420,1.360,1.430,4,0,2.999,0,0,25,432,0,97,3
29-03 05:25:15,55.979,21.742,16.994,2.499,0.500,6097860,136544,573700,1282892,436396767.419,352069621.753,81761.176,27729.546,638.759,209.921,39837,23093,1.700,1.420,1.450,7,0,0,0,0,25,432,0,98,3
29-03 05:25:16,53.051,20.019,25.775,0.751,0.250,6096816,139660,602232,1257508,395232529.321,316577283.388,76233.871,72538.290,595.577,194.188,37694,30140,1.700,1.420,1.450,4,1,0,0,0,25,432,0,95,3
29-03 05:25:17,50.684,21.722,21.971,5.742,0.250,6093124,185168,639728,1178236,363364462.647,290774159.174,70212.233,102358.218,558.270,239.687,38197,20501,1.700,1.420,1.450,4,0,0,0,0,25,432,0,99,3
29-03 05:25:18,51.067,23.531,24.282,1.001,0,6094980,123228,649784,1229988,384244579.867,307572309.159,74209.660,30484.117,579.763,277.365,36864,24993,1.700,1.420,1.450,3,0,0,0,0,25,432,0,96,3
29-03 05:25:19,47.349,19.189,28.160,3.489,0,6110372,139152,628876,1224832,349567314.728,270835424.313,76555.177,89717.085,598.087,127.592,38070,25994,1.700,1.420,1.450,0,1,0,0,0,25,432,0,97,3
29-03 05:25:20,49.388,18.552,27.076,3.008,0,6096468,170048,695108,1141752,384523480.174,315790277.406,66381.670,81909.100,523.464,134.376,34299,17494,1.810,1.440,1.460,4,0,0,0,0,25,432,0,98,3
29-03 05:25:21,53.012,22.005,21.005,3.751,0,6094828,138284,670464,1208536,375061431.331,300895936.418,71695.558,8105.759,560.122,596.129,42667,26410,1.810,1.440,1.460,3,0,0,0,0,25,432,0,100,3
29-03 05:25:22,52.403,20.961,20.462,4.242,0,6105592,258036,664064,1087212,368496618.256,291431266.158,74717.772,201191.795,608.874,582.922,52256,28064,1.810,1.440,1.460,4,0,0,0,0,25,432,0,103,3
29-03 05:25:23,26.496,11.998,50.993,9.749,0.250,6098192,795140,106640,1115748,122281561.271,101602265.296,20209.292,49137.416,175.976,127.983,12989,13015,1.810,1.440,1.460,0,1,3.999,0,0,25,427,0,113,3
29-03 05:25:24,11.000,3.000,68.500,17.750,0.250,6109344,782492,106892,1116908,66684.133,58624.117,1200.002,328.001,88.000,19.000,2459,3844,1.810,1.440,1.460,0,1,1.000,0,0,25,427,0,116,3
29-03 05:25:25,15.740,4.247,67.958,9.244,0.500,6101976,786620,107500,1119216,60592.978,42689.916,2662.373,363.778,,25.984,2775,4525,1.740,1.430,1.460,1,0,21.987,0,0,25,427,0,111,3
29-03 05:25:26,12.253,5.001,82.272,1.250,0,6099944,788204,107556,1119448,117141.511,95793.769,8.002,520.140,2.001,50.013,3425,5073,1.740,1.430,1.460,0,0,5.001,0,0,25,426,0,112,3
29-03 05:25:27,11.742,2.248,83.940,0.500,0,6099912,787936,107632,1119672,162049.810,154122.494,27.980,543.610,6.995,64.953,2954,5099,1.740,1.430,1.460,2,0,0,0,0,25,429,0,114,3
29-03 05:25:28,16.502,3.250,76.009,2.000,0,6100152,787164,107792,1120008,283637.320,265934.178,24.003,1476.179,6.001,232.028,4695,7827,1.740,1.430,1.460,0,0,0,0,0,25,427,0,126,3
29-03 05:25:29,23.244,3.749,72.981,1.250,0.250,6098344,788848,107912,1119980,394796.932,385487.315,0,831.787,0,119.969,3594,6134,1.740,1.430,1.460,1,0,0,0,0,25,428,0,122,3
29-03 05:25:30,30.248,3.750,61.995,1.750,0.500,6097844,788724,108092,1120420,567462.468,557979.246,43.996,1327.891,3.000,190.984,5439,10380,1.680,1.430,1.450,2,0,0,0,0,25,427,0,127,3
29-03 05:25:31,29.069,2.757,64.152,1.754,0.251,6097820,788188,108248,1120820,660954.836,652098.910,0,1066.520,0,145.343,4805,8600,1.680,1.430,1.450,1,0,0,0,0,25,426,0,139,3
29-03 05:25:32,23.937,6.234,64.081,4.737,0,6120860,740488,108292,1145036,32975022.042,32962155.062,7986.883,16264.995,74.802,72.807,3293,6064,1.680,1.430,1.450,1,0,2.992,0,0,25,426,0,150,3
29-03 05:25:33,21.491,5.248,69.972,1.499,0,6099864,761404,108320,1145088,84507.282,62243.165,7.997,511.796,1.999,33.986,2693,4197,1.680,1.430,1.450,2,0,10.996,0,0,25,428,0,150,3
29-03 05:25:34,13.263,5.005,75.822,3.253,0.250,6110972,748836,108392,1146476,103013.172,75863.298,803.766,612.584,18.017,54.052,3358,5446,1.680,1.430,1.450,1,0,10.010,0,0,25,427,0,150,3
29-03 05:25:35,14.502,2.500,80.009,0.250,0,6104204,755656,108408,1146408,76404.710,58165.631,4.000,296.034,1.000,20.002,2783,4282,1.710,1.440,1.460,0,0,5.001,0,0,25,426,0,149,3
29-03 05:25:36,7.996,2.499,88.452,0.250,0.250,6105456,754372,108412,1146432,78432.725,44721.895,0,311.832,0,31.983,2733,4933,1.710,1.440,1.460,0,0,7.996,0,0,25,427,0,149,3
29-03 05:25:37,7.760,5.257,80.858,4.256,0.250,6111980,741416,109484,1151620,1172482.747,78453.500,5154.866,268.357,148.197,27.036,3730,5329,1.710,1.440,1.460,1,0,28.037,0,0,25,427,0,144,3
29-03 05:25:38,14.984,6.993,74.673,1.748,0.250,6109900,744336,108464,1151720,2298030.942,131115.034,2125.796,303.685,99.896,20.978,3849,4561,1.710,1.440,1.460,1,0,24.974,0,0,25,427,0,146,3
29-03 05:25:39,26.503,6.751,66.007,0.250,0,6131456,722668,108500,1151796,77308.808,60069.067,0,472.048,0,28.003,2549,3814,1.710,1.440,1.460,2,0,6.001,0,0,25,427,0,143,3
29-03 05:25:40,26.321,6.267,65.929,1.253,0.501,6107524,746408,108548,1151940,1193530.241,67991.529,1066.896,581.578,53.144,55.150,3349,4456,1.650,1.430,1.450,1,0,15.041,0,0,25,427,0,143,3
29-03 05:25:41,23.509,9.504,58.272,8.503,0,6107060,746612,108564,1152180,4039391.166,17847404.251,3388.304,1066502.604,168.065,319.123,12351,9239,1.650,1.430,1.450,3,0,43.017,0,0,25,427,0,140,3
29-03 05:25:42,23.176,7.476,69.278,0,0,6107156,746264,108588,1152372,59574.884,47277.334,0,275.117,,,3192,5079,1.650,1.430,1.450,0,0,27.910,0,0,25,427,0,141,3
29-03 05:25:43,12.750,2.000,82.502,2.000,0.250,6107992,761420,108672,1136616,110749.436,92279.030,4.000,1076.024,1.000,121.003,3264,5443,1.650,1.430,1.450,0,0,2.000,0,0,25,426,0,133,3
29-03 05:25:44,14.500,2.500,79.501,1.000,0.250,6107024,762172,108804,1136708,314798.204,300685.105,0,824.006,0,118.001,3283,5653,1.650,1.430,1.450,1,0,7.000,0,0,25,425,0,134,3
29-03 05:25:45,12.254,1.751,84.027,0.500,0.250,6106960,762012,108840,1136896,84894.827,60468.108,0,488.154,0,45.014,2708,4096,1.680,1.440,1.460,0,0,0,0,0,25,425,0,134,3
29-03 05:25:46,7.238,2.745,88.098,0.749,0.250,6102440,766448,108876,1136944,59812.703,46233.155,3.993,774.662,0.998,58.898,2753,4036,1.680,1.440,1.460,2,0,3.993,0,0,25,424,0,136,3
29-03 05:25:47,6.511,3.005,89.647,0,0,6100472,768328,108900,1137008,42633.706,21759.577,0,300.491,0,24.039,2398,3820,1.680,1.440,1.460,0,0,8.013,0,0,25,425,0,134,3
29-03 05:25:48,10.748,6.499,79.487,2.500,0,6106940,761564,108928,1137236,2508939.552,91255.217,0,419.932,112.982,33.994,4855,6616,1.680,1.440,1.460,0,0,53.991,0,0,25,425,0,134,3
29-03 05:25:49,20.006,5.002,74.023,0.250,0.250,6107224,761152,108948,1137296,88405.964,71978.954,0,352.107,0,28.009,2503,4070,1.680,1.440,1.460,2,0,4.001,0,0,25,430,0,134,3
29-03 05:25:50,17.551,4.513,64.436,10.029,0.501,6157756,657620,161476,1137708,56142288.784,1105967.670,52652.376,481.393,46.134,52.151,26118,4572,1.620,1.430,1.450,1,0,0,0,0,25,429,0,138,3
29-03 05:25:51,28.733,4.247,64.961,0.250,0.250,6200560,599048,161504,1153104,31738692.046,31728214.343,11.993,15718.553,2.998,48.971,2382,3870,1.620,1.430,1.450,3,0,0,0,0,25,430,0,140,3
29-03 05:25:52,25.481,5.996,36.723,28.229,0,6191812,554204,212904,1155112,54438252.187,1052902.429,53196.209,8849.381,161.879,698.478,28829,6674,1.620,1.430,1.450,1,1,31.976,0,0,25,429,0,141,3
29-03 05:25:53,22.967,5.991,52.175,17.475,0,6153616,540216,264212,1155900,54349568.369,1098975.969,51941.464,962.619,110.841,152.781,27723,7090,1.620,1.430,1.450,1,0,3.994,0,0,25,429,0,144,3
29-03 05:25:54,19.992,2.749,63.223,9.746,0,6154080,488268,315448,1156096,54774043.902,1322177.685,51190.500,375.842,42.982,32.986,38698,4395,1.620,1.430,1.450,1,0,0,0,0,25,429,0,147,3
29-03 05:25:55,25.230,2.998,66.948,4.996,0,6178028,438620,341084,1156160,25869741.820,612662.799,23030.175,355.725,19.985,29.977,13455,3738,1.570,1.420,1.450,0,1,0.999,0,0,25,429,0,148,3
29-03 05:25:56,20.506,2.251,67.771,6.002,0,6162880,416300,378256,1156296,39555474.197,820796.447,37143.514,348.108,32.010,41.013,17754,4084,1.570,1.420,1.450,0,1,0,0,0,25,429,0,151,3
29-03 05:25:57,21.509,3.751,65.526,7.753,0,6153080,386184,417972,1156412,43932769.242,956135.542,42268.823,1212.483,36.014,163.065,23685,3705,1.570,1.420,1.450,1,0,0,0,0,25,429,0,153,3
29-03 05:25:58,24.053,3.758,60.633,7.767,0.251,6152508,335348,469192,1156488,54776869.791,1265327.537,51312.271,212.465,40.088,22.048,35733,3874,1.570,1.420,1.450,1,0,0,0,0,25,429,0,153,3
29-03 05:25:59,21.203,3.492,63.109,8.730,0.249,6152052,284460,520404,1156524,54691482.844,1275288.455,51097.745,223.500,42.904,15.964,34048,3954,1.570,1.420,1.450,1,0,0,0,0,25,429,0,155,3
29-03 05:26:00,24.706,2.496,66.632,4.742,0.499,6180536,227656,548588,1156640,28849621.621,685552.515,26848.398,303.462,24.956,21.961,15150,3646,1.530,1.420,1.450,1,0,0,0,0,25,429,0,157,3
29-03 05:26:01,26.833,2.759,63.948,5.517,0,6153128,229388,574208,1156696,26135624.028,677607.551,24407.590,325.007,22.068,32.099,11452,3870,1.530,1.420,1.450,0,1,0,0,0,25,429,0,159,3
29-03 05:26:02,19.752,2.750,65.007,9.251,0,6152260,181264,622860,1156920,54129199.437,970254.907,51205.325,272.028,40.004,22.002,23959,3435,1.530,1.420,1.450,4,0,0,0,0,25,429,0,159,3
29-03 05:26:03,17.714,3.992,64.869,9.730,0,6155476,178832,650268,1129900,54366708.149,1099064.592,51108.607,1097.779,42.913,66.865,27806,4381,1.530,1.420,1.450,1,0,2.994,0,0,25,431,0,155,3
29-03 05:26:04,20.527,3.755,65.336,9.513,0,6154152,190660,671320,1099904,54693272.426,1094731.951,51279.638,364.481,43.057,31.041,25246,4110,1.530,1.420,1.450,1,0,0,0,0,25,431,0,157,3
29-03 05:26:05,24.242,2.999,66.227,4.498,0,6181276,137776,696968,1099968,25525698.737,584973.524,23040.143,375.872,19.993,35.988,12525,3772,1.490,1.410,1.450,0,1,0,0,0,25,431,0,159,3
29-03 05:26:06,26.736,2.998,63.716,4.747,0,6154036,179852,700700,1082232,29103326.204,576045.935,28156.795,343.814,24.987,37.979,13206,4776,1.490,1.410,1.450,1,0,0,0,0,25,431,0,158,3
29-03 05:26:07,20.739,4.997,63.466,8.995,0.250,6151508,176524,728440,1061428,54606145.863,1133183.681,51176.211,595.677,40.978,47.974,31473,4006,1.490,1.410,1.450,6,0,0,0,0,25,431,0,158,3
29-03 05:26:08,22.777,3.754,57.068,12.765,0.501,6155220,193856,740700,1029316,54478169.065,1110404.160,51336.988,400.476,51.061,39.046,31713,5157,1.490,1.410,1.450,1,0,0,0,0,25,431,0,158,3
29-03 05:26:09,19.546,3.759,62.648,11.026,0,6156252,169812,775752,1017996,54557891.835,1116360.028,51332.889,256.604,43.102,19.045,27963,3976,1.490,1.410,1.450,3,0,0,0,0,25,431,0,160,3
29-03 05:26:10,21.168,3.237,66.989,7.222,0.249,6194676,120740,799484,1005572,43658017.313,881456.136,40817.221,681.350,35.861,48.810,19923,3838,1.450,1.400,1.440,2,0,0,0,0,25,431,0,155,3
29-03 05:26:11,24.242,2.474,66.048,3.711,0,6167328,142924,813960,996708,26829418.429,630400.000,24076.190,423.500,21.769,35.622,14221,3805,1.450,1.400,1.440,3,1,0,0,0,25,431,0,157,3
29-03 05:26:12,29.415,5.072,60.098,6.847,0,6153080,170940,820104,977572,38881168.284,892413.961,37651.259,4483.259,29.415,572.072,20512,6660,1.450,1.400,1.440,3,0,0,0,0,25,433,0,154,3
29-03 05:26:13,19.466,3.743,63.888,7.736,0,6150712,172256,842664,956696,54475755.147,1146129.957,51130.062,1329.661,44.921,200.647,27033,4326,1.450,1.400,1.440,2,0,1.996,0,0,25,431,0,156,3
29-03 05:26:14,19.488,3.748,65.710,7.495,0,6152712,175104,859660,935780,54724129.936,1234543.521,51176.475,703.567,41.974,53.967,31849,4208,1.450,1.400,1.440,1,0,0,0,0,25,431,0,154,3
29-03 05:26:15,25.286,3.255,66.095,4.506,0.250,6125644,182620,880496,934508,25041544.492,672090.434,23341.425,352.505,22.032,30.043,17185,3688,1.410,1.400,1.440,5,0,0,0,0,25,431,0,156,3
29-03 05:26:16,24.255,9.002,64.764,1.000,0,6105700,995980,86576,937132,4900364.578,4892259.836,136.029,2880.619,,69.015,3487,6105,1.410,1.400,1.440,2,0,25.005,0,0,25,431,0,158,3
29-03 05:26:17,15.470,3.493,79.595,0.998,0.250,6104876,996420,86656,937352,144578.638,124529.793,11.977,790.456,2.994,79.844,3372,5334,1.410,1.400,1.440,0,0,5.988,0,0,25,430,0,161,3
29-03 05:26:18,9.757,2.252,86.563,0.500,0.250,6104644,996372,86744,937528,173629.270,165447.273,0,604.443,0,78.057,2809,4793,1.410,1.400,1.440,3,1,0,0,0,25,431,0,155,3
29-03 05:26:19,12.257,2.251,83.549,0.500,0.250,6104880,995820,86864,937708,175666.468,165215.312,0,600.354,0,86.051,3199,5322,1.410,1.400,1.440,0,0,0,0,0,25,431,0,157,3
29-03 05:26:20,13.016,4.005,80.100,0.250,0,6102640,997876,86912,937844,154492.425,132512.906,76.095,348.436,3.004,34.043,3183,4854,1.460,1.410,1.450,2,0,7.009,0,0,25,427,0,154,3
29-03 05:26:21,9.734,1.747,86.607,0.250,0.250,6100964,999388,86924,937996,69297.244,56491.450,0,227.623,0,21.964,2398,3705,1.460,1.410,1.450,0,0,3.993,0,0,25,426,0,154,3
29-03 05:26:22,11.997,3.499,84.228,0.250,0,6100896,999364,86960,938024,31291.958,21854.383,0,331.915,0,24.994,2619,4391,1.460,1.410,1.450,2,0,7.998,0,0,25,427,0,151,3
29-03 05:26:23,14.995,6.998,72.477,4.249,0.250,6107852,990092,87268,940020,1202196.915,77720.751,1635.490,1999.376,146.954,441.862,5988,9776,1.460,1.410,1.450,0,0,38.988,0,0,25,429,0,154,3
29-03 05:26:24,15.252,4.000,79.258,0.500,0.250,6136688,960324,87300,940920,32804.280,23994.399,0,272.027,0,28.003,2431,3857,1.460,1.410,1.450,1,0,4.000,0,0,25,429,0,139,3
29-03 05:26:25,18.749,8.499,65.745,5.500,0.250,6130716,932876,119064,941672,32493869.935,64458468.449,31.998,32045.725,5.000,30.998,7148,5965,1.820,1.480,1.470,1,0,0,0,0,25,431,0,145,3
29-03 05:26:26,20.756,9.503,67.269,2.001,0.250,6123020,931680,127280,942136,543955.132,8796960.961,140.039,8442.330,7.002,37.010,4039,4723,1.820,1.480,1.470,2,0,0,0,0,25,431,0,144,3
29-03 05:26:27,20.242,8.997,69.224,0,0,6155448,899108,127308,942252,381305.248,372110.714,87.967,211.920,2.999,19.992,2470,3875,1.820,1.480,1.470,1,0,0,0,0,25,431,0,147,3
29-03 05:26:28,22.273,8.008,68.319,0.250,0,6146968,907548,127328,942272,498736.717,489542.375,48.049,192.195,1.001,21.021,2495,3940,1.820,1.480,1.470,1,0,0,0,0,25,429,0,130,5
29-03 05:26:29,21.986,8.994,69.455,0,0.250,6102216,951932,127336,942632,389428.987,379158.580,119.923,107.931,0.999,7.995,2410,3578,1.820,1.480,1.470,1,0,0,0,0,25,431,0,133,5
29-03 05:26:30,22.491,7.747,68.722,0,0.250,6155448,898668,127344,942656,480164.053,470168.112,3.998,115.953,1.000,6.997,2325,3441,1.840,1.490,1.470,1,0,0,0,0,25,429,0,133,5
29-03 05:26:31,24.005,10.502,61.762,3.001,0,6127940,966588,87664,942836,2709702.553,340190.976,2295.438,1212.232,113.022,196.037,5848,7904,1.840,1.490,1.470,1,0,28.005,0,0,25,429,0,135,5
29-03 05:26:32,15.759,6.003,75.793,0.250,0.250,6108424,985884,87684,942996,88162.459,65612.809,0,280.157,,,3222,4929,1.840,1.490,1.470,2,0,25.014,0,0,25,428,0,110,5
29-03 05:26:33,18.541,3.007,77.171,0.752,0.251,6108628,985476,87776,943108,321510.503,301274.721,0,765.694,0,98.217,3864,6237,1.840,1.490,1.470,3,1,2.004,0,0,25,428,0,109,5
29-03 05:26:34,12.962,2.991,82.262,0.997,0,6108136,985288,87848,943712,177863.729,161230.914,23.931,745.839,5.983,108.685,3525,6021,1.840,1.490,1.470,0,1,0,0,0,25,430,0,114,5
29-03 05:26:35,21.000,5.000,69.501,2.750,0.500,6104888,987296,88028,944752,260901.957,247144.696,232.004,1456.028,56.001,228.004,4664,8006,1.690,1.470,1.460,1,0,0,0,0,25,431,0,156,5
29-03 05:26:36,12.755,3.251,82.279,1.501,0,6104448,987384,88144,944988,175361.903,155331.832,0,852.301,0,130.046,4017,6234,1.690,1.470,1.460,0,0,0,0,0,25,430,0,156,5
29-03 05:26:37,21.502,3.000,71.007,1.750,0.250,6113992,976516,88260,946156,333539.020,323421.048,4.000,1116.107,1.000,158.015,4512,7328,1.690,1.470,1.460,1,0,3.000,0,0,25,430,0,158,5
29-03 05:26:38,20.487,5.746,70.454,1.249,0,6111636,979556,88408,945316,312810.048,286571.156,0,991.354,0,133.913,4034,6338,1.690,1.470,1.460,0,0,7.995,0,0,25,429,0,159,5
29-03 05:26:39,14.756,2.751,81.285,0,0.250,6111124,979844,88416,945532,122722.525,85988.803,0,140.060,0,11.005,2949,4082,1.690,1.470,1.460,1,0,4.002,0,0,25,428,0,159,5
29-03 05:26:40,7.242,2.247,90.894,0.499,0.250,6110820,980044,88436,945580,25614.108,15777.588,7.991,295.655,1.998,21.974,2158,3305,1.550,1.440,1.460,0,0,0,0,0,25,428,0,157,5
29-03 05:26:41,8.257,3.253,87.071,0.250,0.250,6112424,978208,88464,945780,34087.850,24785.250,0,224.183,0,21.017,2711,4331,1.550,1.440,1.460,1,0,8.007,0,0,25,429,0,157,5
29-03 05:26:42,11.014,6.258,79.851,1.252,0,6111024,979472,88476,945840,1191176.456,54804.218,8.010,196.248,54.068,8.010,3528,4839,1.550,1.440,1.460,0,0,38.048,0,0,25,429,0,155,5
29-03 05:26:43,19.473,6.241,69.904,4.743,0,6134924,928532,115400,945956,27440146.559,559137.423,25576.934,539.261,22.969,47.934,14276,4716,1.550,1.440,1.460,1,0,5.992,0,0,25,433,0,159,5
29-03 05:26:44,20.841,2.511,67.044,7.784,0.251,6170048,855864,152580,946256,38789417.543,824399.112,36014.102,10879.762,32.141,660.901,20041,4464,1.550,1.440,1.460,0,1,0,0,0,25,433,0,161,5
29-03 05:26:45,20.412,2.240,65.716,8.214,0.249,6158848,827132,192300,946340,44269174.743,812978.616,42057.931,219.052,32.858,29.871,20557,3769,1.510,1.430,1.450,1,0,0,0,0,25,433,0,161,5
29-03 05:26:46,19.415,3.734,62.476,8.712,0.249,6158608,775896,243548,946456,54309446.458,1115615.794,50988.314,370.375,42.812,42.812,25588,4595,1.510,1.430,1.450,3,0,0,0,0,25,435,0,163,5
29-03 05:26:47,25.840,3.261,64.975,4.767,0.251,6178764,730016,269208,946488,26079288.974,645264.778,23152.292,710.464,26.090,87.303,14386,4718,1.510,1.430,1.450,0,1,0,0,0,25,433,0,169,5
29-03 05:26:48,23.539,2.504,69.114,3.756,0,6160480,716160,301248,946564,34469891.140,762976.489,33343.216,380.630,28.046,36.060,16015,3852,1.510,1.430,1.450,2,0,0,0,0,25,433,0,171,5
29-03 05:26:49,17.736,1.998,69.195,6.495,0,6157208,674268,346056,946808,48725927.984,819687.070,46043.211,863.310,35.971,122.902,20834,3284,1.510,1.430,1.450,1,0,0,0,0,25,433,0,169,5
29-03 05:26:50,18.801,4.011,63.923,8.523,0,6155676,624428,397276,946896,54871710.233,1286554.557,51362.834,336.911,46.125,30.081,32470,3655,1.470,1.430,1.450,3,0,0,0,0,25,434,0,172,5
29-03 05:26:51,22.459,4.492,61.637,8.235,0,6154968,573636,448484,947060,54335719.640,1200633.443,51118.606,299.453,42.922,29.945,35282,4065,1.470,1.430,1.450,1,0,0,0,0,25,433,0,169,5
29-03 05:26:52,21.982,2.748,67.695,5.246,0,6183972,515004,477964,947160,28523494.064,335829.322,26874.339,347.720,24.980,31.974,7533,3818,1.470,1.430,1.450,0,1,0,0,0,25,433,0,171,5
29-03 05:26:53,30.778,8.758,53.298,6.756,0,6170940,490204,515312,947532,39532858.375,575040.086,38826.711,2446.187,128.115,561.502,16935,13460,1.470,1.430,1.450,1,0,36.032,0,0,25,431,0,173,5
29-03 05:26:54,22.978,2.498,69.434,3.247,0.250,6157616,467340,551184,947768,39608002.965,1031884.582,37100.606,391.626,32.969,28.972,36292,3975,1.470,1.430,1.450,1,0,0,0,0,25,431,0,175,5
29-03 05:26:55,22.018,3.503,61.049,8.257,0.500,6156168,417332,602412,947868,54884665.810,1345917.501,51241.403,312.252,40.032,24.019,46213,3681,1.670,1.470,1.470,1,0,0,0,0,25,431,0,166,5
29-03 05:26:56,20.766,4.003,66.050,7.756,0.250,6156092,366016,653644,947944,53495469.070,676402.036,51250.797,392.297,43.033,40.030,15572,4136,1.670,1.470,1.470,1,0,0,0,0,25,431,0,168,5
29-03 05:26:57,19.774,3.755,63.578,8.260,0,6155912,314728,704880,948064,54720175.775,1150042.502,51266.699,436.534,41.050,47.058,23759,4456,1.670,1.470,1.470,1,0,0,0,0,25,431,0,165,5
29-03 05:26:58,24.177,2.243,65.552,4.736,0,6183156,258900,733076,948304,28571591.507,749244.285,25538.771,370.878,23.928,35.891,23644,3803,1.670,1.470,1.470,0,1,0,0,0,25,431,0,168,5
29-03 05:26:59,26.264,2.501,65.784,4.502,0,6160176,256200,758692,948320,26808079.009,365483.417,26910.020,304.158,25.013,23.012,7651,3504,1.670,1.470,1.470,2,0,0,0,0,25,431,0,166,5
29-03 05:27:00,18.737,3.747,66.703,8.244,0,6158788,208716,807340,948432,51554286.348,457375.349,49884.482,151.892,38.972,9.993,12865,3169,1.620,1.460,1.460,1,0,0,0,0,25,431,0,166,5
29-03 05:27:01,22.780,4.005,62.832,9.012,0,6156276,189544,840124,937956,54683118.737,1200408.732,51278.714,1129.469,43.056,58.076,29673,4323,1.620,1.460,1.460,1,0,0,0,0,25,431,0,167,5
29-03 05:27:02,17.245,4.999,61.483,12.497,0.500,6159268,201680,851540,912128,54084709.129,947076.289,51198.176,267.928,42.988,20.994,20204,4241,1.620,1.460,1.460,2,0,0,0,0,25,431,0,169,5
29-03 05:27:03,22.992,3.499,62.978,8.497,0,6197620,162228,867272,897600,40089561.385,962524.229,37118.897,295.896,31.989,27.990,27116,4347,1.620,1.460,1.460,0,2,1.999,0,0,25,431,0,167,5
29-03 05:27:04,23.755,2.501,64.515,6.501,0.250,6176896,166344,889264,892416,34662582.744,775864.345,32019.236,328.074,28.006,29.007,17440,3868,1.620,1.460,1.460,0,1,0,0,0,25,431,0,169,5
29-03 05:27:05,23.225,3.996,62.933,7.991,0,6156540,186972,899816,881668,34645749.985,797413.160,33248.524,4686.999,26.971,561.401,18724,4188,1.810,1.500,1.480,1,0,0,0,0,25,431,0,169,5
29-03 05:27:06,20.267,5.004,63.053,8.507,0.250,6158468,179956,921140,865692,54632003.147,1114359.291,51243.147,268.226,40.034,35.029,32956,4222,1.810,1.500,1.480,1,0,0,0,0,25,431,0,169,5
29-03 05:27:07,19.999,3.750,64.997,8.500,0,6158148,170420,945020,851792,54685717.457,1204496.593,51297.640,395.982,45.998,41.998,30334,4463,1.810,1.500,1.480,1,0,0,0,0,25,431,0,167,5
29-03 05:27:08,26.480,2.248,65.201,3.997,0,6137368,173924,963880,850408,25001029.229,658981.423,23286.558,407.695,20.984,42.968,13968,4261,1.810,1.500,1.480,3,0,0,0,0,25,433,0,169,5
29-03 05:27:09,23.067,7.773,66.443,4.262,0.251,6114000,1073408,86440,853660,4871362.178,4862365.033,726.110,2868.335,70.204,52.152,3179,4880,1.810,1.500,1.480,1,0,13.038,0,0,25,431,0,171,5
29-03 05:27:10,18.523,5.507,76.094,0.250,0,6108100,1078684,86460,854228,128761.376,109503.690,268.330,388.478,,22.027,3290,4902,1.740,1.500,1.470,1,0,17.021,0,0,25,430,0,172,5
29-03 05:27:11,15.455,1.994,77.774,1.994,0.249,6108760,1077896,86616,854200,278667.307,269082.124,59.826,897.396,4.986,125.635,3564,6067,1.740,1.500,1.470,3,0,0,0,0,25,431,0,171,5
29-03 05:27:12,13.738,3.747,80.427,0.999,0.500,6108544,1077408,86804,854692,247654.377,239299.955,123.888,703.362,3.996,92.916,3997,7598,1.740,1.500,1.470,3,0,0,0,0,25,431,0,171,5
29-03 05:27:13,15.015,4.004,79.830,0.501,0,6107980,1077768,86836,854832,131605.869,106471.685,0,484.485,0,38.038,3274,4888,1.740,1.500,1.470,0,0,9.009,0,0,25,431,0,168,5
29-03 05:27:14,5.999,2.000,88.986,0.500,0,6105580,1079928,86976,854936,53262.691,43076.280,127.980,379.941,4.999,24.996,2294,3694,1.740,1.500,1.470,1,0,3.999,0,0,25,430,0,168,5
29-03 05:27:15,6.001,2.250,90.264,0.750,0,6105112,1079668,86984,855636,32111.009,23391.649,16.002,572.089,4.001,39.006,2325,3905,1.680,1.490,1.470,0,0,8.001,0,0,25,431,0,163,5
29-03 05:27:16,8.490,4.744,82.904,1.998,0,6112860,1070596,87012,856680,1148678.087,57793.786,659.233,375.563,86.899,27.967,3935,5644,1.680,1.490,1.470,1,0,37.956,0,0,25,429,0,163,7
29-03 05:27:17,19.786,4.759,74.635,0.751,0.751,6112280,1071212,87028,856776,51935.952,42784.397,40.072,869.573,8.014,65.118,2790,4319,1.680,1.490,1.470,1,0,4.007,0,0,25,431,0,157,7
29-03 05:27:18,24.478,7.493,67.188,0.250,0,6156852,1025796,87056,857552,446391.106,439897.054,0,271.751,0,22.979,3467,5822,1.680,1.490,1.470,1,0,0,0,0,25,431,0,164,7
29-03 05:27:19,20.494,9.247,68.980,0,0,6113740,1068720,87056,857740,499670.597,483195.424,0,151.955,0,8.997,2434,3659,1.680,1.490,1.470,2,0,0,0,0,25,431,0,166,7
29-03 05:27:20,20.756,10.003,68.771,0,0.250,6107428,1074860,87060,857908,384078.833,375350.109,0,44.014,0,4.001,2275,3488,1.710,1.500,1.470,1,0,0,0,0,25,431,0,169,7
29-03 05:27:21,21.733,8.993,66.947,0.500,0,6119456,1062752,87080,857968,492106.728,484069.070,0,215.830,0,23.981,2624,4051,1.710,1.500,1.470,1,0,0,0,0,25,431,0,172,7
29-03 05:27:22,21.024,8.510,68.830,0.250,0.250,6158228,1023736,87100,858176,379513.477,372871.786,4.005,296.343,1.001,27.031,2474,3977,1.710,1.500,1.470,1,0,0,0,0,25,431,0,175,7
29-03 05:27:23,24.502,11.001,63.755,1.000,0.500,6112392,1069344,87216,858288,455818.731,447958.149,156.012,1368.101,39.003,275.020,3900,6673,1.710,1.500,1.470,3,0,2.000,0,0,25,431,0,181,7
29-03 05:27:24,23.203,8.982,64.370,2.245,0,6111444,1069340,87240,859192,1201413.756,112450.749,510.972,734.522,,112.773,4443,6555,1.710,1.500,1.470,6,0,35.928,0,0,25,430,0,182,7
29-03 05:27:25,11.772,1.753,83.655,0.501,0,6110668,1069928,87276,859344,136475.343,116821.002,96.178,472.874,7.013,53.098,2911,4379,1.570,1.470,1.460,0,0,0,0,0,25,430,0,175,7
29-03 05:27:26,14.733,2.247,77.658,3.246,0,6110848,1069644,87320,859404,276084.564,265859.690,83.900,795.057,6.992,118.859,3730,6128,1.570,1.470,1.460,0,0,0,0,0,25,431,0,175,7
29-03 05:27:27,15.052,2.759,80.025,1.505,0.251,6110336,1069740,87380,859760,199171.149,186603.917,124.428,927.190,21.072,128.442,3715,6557,1.570,1.470,1.460,3,0,0,0,0,25,432,0,185,7
29-03 05:27:28,21.435,4.486,72.030,1.745,0.249,6108244,1070852,87452,860668,285778.091,276255.146,143.562,1399.729,35.890,226.310,4652,8191,1.570,1.470,1.460,0,0,0,0,0,25,433,0,217,7
29-03 05:27:29,7.753,1.751,86.284,0.500,0.500,6108168,1070852,87480,860716,160812.717,135394.804,0,520.203,0,82.032,3056,4947,1.570,1.470,1.460,2,0,0,0,0,25,433,0,210,6
29-03 05:27:30,32.264,4.002,62.777,1.751,0,6107684,1070852,87568,861080,478562.610,471760.631,16.007,1188.521,4.002,174.076,5212,9191,1.610,1.480,1.470,1,0,0,0,0,25,433,0,214,6
29-03 05:27:31,27.548,3.757,63.862,2.755,0.250,6107396,1070788,87636,861364,575857.174,562444.716,8.014,1242.173,2.004,186.326,5576,9893,1.610,1.480,1.470,4,0,0,0,0,25,430,0,215,8
29-03 05:27:32,8.473,1.744,87.719,0.498,0,6107340,1070756,87656,861432,115293.062,105366.826,0,494.418,0,63.796,2811,4569,1.610,1.480,1.470,3,0,0,0,0,25,430,0,209,8
29-03 05:27:33,19.748,5.749,71.993,1.000,0,6106556,1071088,87732,861792,304898.340,284774.231,0,887.917,0,120.989,3784,5905,1.610,1.480,1.470,0,0,9.999,0,0,25,429,0,210,8
29-03 05:27:34,8.258,1.752,87.580,0.250,0.500,6106644,1070844,87736,861944,64238.714,48860.659,52.048,268.245,5.005,27.025,2588,4029,1.610,1.480,1.470,0,0,4.004,0,0,25,428,0,208,8
29-03 05:27:35,6.995,1.999,88.937,0,0.250,6108812,1068648,87740,861968,36115.358,28138.022,0,235.833,0,18.987,2242,3729,1.480,1.460,1.460,0,0,7.994,0,0,25,427,0,210,8
29-03 05:27:36,8.754,5.003,81.291,3.502,0,6113880,1063208,87744,862340,1152953.477,59156.578,164.082,10709.355,66.033,664.332,4546,5405,1.480,1.460,1.460,0,0,39.020,0,0,25,427,0,161,8
29-03 05:27:37,12.252,2.750,83.012,0.250,0.250,6130292,1046668,87756,862392,34787.009,26895.873,40.006,368.053,4.001,24.003,2298,3614,1.480,1.460,1.460,1,0,3.000,0,0,25,427,0,161,8
29-03 05:27:38,18.488,6.246,62.210,11.243,0.250,6155864,971936,135332,863968,49052329.405,960885.112,44983.121,7779.006,50.967,502.677,23928,7454,1.480,1.460,1.460,0,1,0.999,0,0,25,431,0,164,8
29-03 05:27:39,24.273,2.002,65.811,5.505,0,6188468,905896,168620,864100,35198724.609,792172.889,33327.128,316.295,30.028,21.020,18499,3827,1.480,1.460,1.460,0,1,0,0,0,25,431,0,167,8
29-03 05:27:40,25.228,3.747,63.944,4.996,0,6172772,893904,195540,864832,29557187.804,631259.436,28159.529,863.250,27.976,90.921,14314,4558,1.440,1.450,1.460,4,0,1.998,0,0,25,431,0,168,8
29-03 05:27:41,26.523,6.255,57.550,8.507,0,6171628,846920,242920,864864,51545285.672,1018807.268,48682.110,1389.202,38.033,172.149,24461,4986,1.440,1.450,1.460,1,0,1.001,0,0,25,429,0,168,8
29-03 05:27:42,24.983,4.747,60.959,9.494,0.250,6179636,788080,294128,864376,54435679.738,1098771.835,51185.194,439.701,44.969,35.976,24819,4201,1.440,1.450,1.460,3,0,0,0,0,25,427,0,170,8
29-03 05:27:43,22.943,4.738,59.602,8.728,0.249,6218012,698304,345352,864436,52922510.020,1182809.997,48535.728,506.744,41.896,40.899,32163,4313,1.440,1.450,1.460,1,1,2.993,0,0,25,426,0,173,8
29-03 05:27:44,25.336,3.512,67.227,4.264,0,6190764,700880,369688,864708,25502830.057,566288.356,24414.448,405.369,22.075,30.102,12649,3726,1.440,1.450,1.460,1,1,0,0,0,25,426,0,172,8
29-03 05:27:45,23.513,2.751,66.786,5.503,0,6168736,695900,396572,864768,30873856.252,597772.786,29456.054,388.212,23.013,36.020,14667,3615,1.400,1.440,1.450,5,0,0,0,0,25,426,0,172,8
29-03 05:27:46,20.982,3.247,66.442,6.245,0.500,6168968,644220,447796,864976,54402950.224,1001372.802,51179.320,459.599,45.960,47.958,22975,4741,1.400,1.440,1.450,1,0,0.999,0,0,25,426,0,169,8
29-03 05:27:47,25.752,5.500,57.755,8.251,0,6162892,598980,499008,865064,54588499.668,1135181.950,51236.150,1672.135,48.004,109.009,25039,4508,1.400,1.440,1.450,1,0,0,0,0,25,426,0,176,8
29-03 05:27:48,24.249,3.500,66.998,4.500,0,6185420,549352,525900,865128,26573848.211,574653.186,24335.246,479.985,22.999,43.999,12562,3855,1.400,1.440,1.450,0,1,0,0,0,25,426,0,172,8
29-03 05:27:49,21.990,2.999,64.970,6.497,0,6173596,522696,564300,865144,41313115.401,1046738.267,38394.147,255.881,32.985,16.992,30468,3379,1.400,1.440,1.450,1,1,0,0,0,25,426,0,174,8
29-03 05:27:50,21.518,2.502,65.053,6.755,0,6160692,498168,601424,865336,41586860.705,892800.740,39720.332,180.147,33.027,17.014,22190,3565,1.370,1.430,1.450,1,0,0,0,0,25,426,0,171,8
29-03 05:27:51,20.500,4.000,63.750,9.750,0,6160572,446828,652628,865480,54425817.297,941188.235,51199.795,243.999,40.000,25.000,22586,3957,1.370,1.430,1.450,1,0,0,0,0,25,426,0,171,8
29-03 05:27:52,22.739,4.498,61.220,8.246,0.250,6162380,393624,703828,865564,54610990.448,1252033.260,51199.066,495.759,45.978,41.980,31488,3984,1.370,1.430,1.450,1,0,0,0,0,25,426,0,171,8
29-03 05:27:53,27.786,4.506,61.079,5.257,0,6213440,305336,740948,865608,37504954.391,784572.098,34624.666,508.656,32.041,48.062,19002,7767,1.370,1.430,1.450,2,1,34.044,0,0,25,426,0,177,9
29-03 05:27:54,30.726,5.246,55.706,6.745,0.250,6171860,319252,767960,866116,29204162.915,660590.794,27318.446,2633.922,135.893,633.500,16722,11357,1.370,1.430,1.450,0,1,1.998,0,0,25,426,0,172,8
29-03 05:27:55,25.493,2.749,61.484,6.998,0.500,6162220,290356,806376,866140,42531324.199,1052232.158,40961.145,415.890,34.991,39.989,22520,4048,1.420,1.440,1.450,3,0,0,0,0,25,426,0,174,8
29-03 05:27:56,21.470,3.995,62.414,8.738,0,6160420,240728,857588,866240,54473915.366,1163915.616,51129.697,303.583,39.945,31.956,31047,4097,1.420,1.440,1.450,3,0,0,0,0,25,426,0,169,8
29-03 05:27:57,18.276,2.754,65.595,9.263,0,6159912,189768,908804,866364,53954990.096,918066.852,51281.949,328.474,42.061,33.048,23685,3998,1.420,1.440,1.450,1,0,0,0,0,25,426,0,171,8
29-03 05:27:58,19.493,5.248,63.976,9.746,0,6162132,186216,928140,849388,53532300.114,737590.567,51193.161,371.863,42.984,37.986,18544,4218,1.420,1.440,1.450,3,0,0,0,0,25,426,0,168,8
29-03 05:27:59,22.995,5.249,58.988,10.498,0,6165236,189208,941608,830288,54501912.602,1112569.586,51201.350,255.947,42.991,16.996,26258,4061,1.420,1.440,1.450,1,0,0,0,0,25,426,0,170,8
29-03 05:28:00,22.795,1.753,68.886,4.509,0,6196344,131648,969592,828676,33164858.420,703722.370,30796.978,352.698,28.056,34.067,15510,3780,1.390,1.430,1.450,2,0,0,0,0,25,426,0,170,8
29-03 05:28:01,23.009,4.252,65.025,6.002,0,6179692,148484,982540,815888,40184595.962,885187.486,37146.078,544.206,32.012,44.017,20960,4305,1.390,1.430,1.450,0,1,0,0,0,25,426,0,172,8
29-03 05:28:02,20.261,4.002,64.285,8.505,0.250,6162028,189820,977212,797916,35965522.279,692213.872,34598.787,5723.108,32.017,640.348,16743,3634,1.390,1.430,1.450,1,0,0,0,0,25,426,0,169,8
29-03 05:28:03,21.941,5.735,66.821,4.239,0.249,6114332,930952,284012,798748,29598268.649,5324517.670,23341.329,2852.341,38.896,64.826,13284,4551,1.390,1.430,1.450,1,0,1.995,0,0,25,426,0,175,8
29-03 05:28:04,20.521,8.509,67.569,1.502,0.250,6117712,1124416,87924,799012,73965.149,58379.313,472.480,316.321,,23.023,3265,4975,1.390,1.430,1.450,0,0,30.031,0,0,25,426,0,172,8
29-03 05:28:05,10.740,0.999,85.420,0.500,0.250,6117352,1124604,87944,799160,102722.263,81383.151,0,499.534,0,46.956,2803,4194,1.360,1.430,1.450,0,0,0,0,0,25,425,0,172,8
29-03 05:28:06,20.996,4.749,70.488,2.250,0,6118680,1122272,88032,800072,308607.845,300736.176,175.970,1523.742,43.993,213.964,4486,8144,1.360,1.430,1.450,1,0,19.997,0,0,25,429,0,212,8
29-03 05:28:07,15.255,3.501,78.527,1.250,0.250,6118624,1122020,88116,800292,258497.665,237619.503,40.014,888.305,10.003,122.042,3591,6362,1.360,1.430,1.450,2,0,0,0,0,25,429,0,220,8
29-03 05:28:08,16.740,3.498,76.704,1.249,0,6116356,1123800,88172,800724,244369.867,230446.193,0,907.457,0,133.920,4276,7583,1.360,1.430,1.450,1,0,0,0,0,25,432,0,216,8
29-03 05:28:09,29.513,4.752,64.528,1.751,0.500,6116216,1123800,88272,800764,535820.546,528390.321,0,1216.528,0,159.069,5111,9461,1.360,1.430,1.450,1,0,0,0,0,25,428,0,218,10
29-03 05:28:10,29.781,4.505,64.068,1.251,0.250,6118772,1118544,88348,803372,12050032.835,12043400.831,4.004,1129.192,1.001,169.179,4428,8614,1.490,1.450,1.460,3,0,0,0,0,25,430,0,230,10
29-03 05:28:11,25.230,7.494,65.697,1.499,0,6117800,1102724,88376,819796,21600423.458,21592132.149,2290.152,16486.695,28.977,85.931,3380,5668,1.490,1.450,1.460,1,0,6.994,0,0,25,427,0,235,10
29-03 05:28:12,19.742,3.998,74.219,0,0,6116640,1103860,88384,819812,76436.897,66238.180,35.985,351.852,1.999,29.987,2534,3977,1.490,1.450,1.460,1,0,11.995,0,0,25,428,0,234,10
29-03 05:28:13,13.786,3.258,81.962,0.752,0.501,6119800,1100300,88392,820204,104225.527,79332.153,24.062,244.633,5.013,20.052,3097,4387,1.490,1.450,1.460,2,0,2.005,0,0,25,428,0,234,10
29-03 05:28:14,12.216,3.739,82.019,0.249,0.249,6119328,1100496,88396,820460,153443.749,141967.079,0,251.292,0,18.947,3562,7140,1.490,1.450,1.460,1,0,3.989,0,0,25,427,0,236,10
29-03 05:28:15,7.739,2.746,87.129,0,0.250,6115700,1104088,88408,820484,18714.930,8158.635,0,231.677,0,20.971,2472,3885,1.370,1.430,1.450,2,0,7.989,0,0,25,429,0,235,10
29-03 05:28:16,7.259,5.757,83.358,1.252,0,6120296,1098784,88424,820932,1177325.701,80722.019,372.485,352.459,57.074,34.044,4012,5532,1.370,1.430,1.450,2,0,36.047,0,0,25,428,0,235,10
29-03 05:28:17,22.048,5.011,71.153,0.752,0,6120800,1097944,88452,821220,121474.778,97408.916,72.155,1575.395,9.019,83.179,2728,4172,1.370,1.430,1.450,2,0,8.017,0,0,25,428,0,240,9
29-03 05:28:18,25.014,5.253,68.288,0.250,0,6133068,1085668,88476,821188,54823.482,44174.561,12.007,424.236,2.001,32.018,2536,4064,1.370,1.430,1.450,3,0,8.004,0,0,25,428,0,240,9
29-03 05:28:19,22.218,7.240,63.658,4.244,0.499,6155420,1062132,89552,821232,2520744.524,10506818.647,2120.935,1057547.843,104.848,210.696,7544,6260,1.370,1.430,1.450,3,1,24.964,0,0,25,428,0,230,9
29-03 05:28:20,25.976,9.242,61.944,4.246,0,6120440,1098016,88544,821340,2654253.247,7379411.253,71.935,503.544,,,8148,7656,1.420,1.440,1.450,1,0,49.955,0,0,25,428,0,230,9
29-03 05:28:21,15.284,3.508,77.421,1.002,0.501,6121644,1112956,88600,805464,154802.578,135904.757,4.009,865.916,1.002,109.242,3565,5809,1.420,1.440,1.450,1,1,4.009,0,0,25,427,0,224,9
29-03 05:28:22,19.710,2.495,75.597,1.497,0,6121248,1113020,88692,805704,431216.649,420838.643,3.992,830.320,0.998,115.766,3735,6290,1.420,1.440,1.450,0,0,0,0,0,25,428,0,226,9
29-03 05:28:23,16.238,2.748,78.941,1.249,0,6121268,1112704,88756,805936,278052.129,265160.720,35.973,879.346,5.996,130.903,3522,6184,1.420,1.440,1.450,0,1,1.999,0,0,25,426,0,222,11
29-03 05:28:24,11.499,4.000,79.494,4.000,0,6116888,1116416,88972,806404,70314.586,61791.242,319.975,2315.822,79.994,497.962,4809,8864,1.420,1.440,1.450,1,0,0,0,0,25,426,0,222,11
29-03 05:28:25,5.752,1.250,91.535,0.250,0.750,6116780,1116540,88996,806364,37816.408,14278.440,0,280.107,0,24.009,2005,3178,1.390,1.430,1.450,4,0,0,0,0,25,427,0,215,11
29-03 05:28:26,6.509,1.502,91.120,0.501,0,6116784,1116476,89020,806400,70408.009,47760.091,0,308.407,0,32.042,2534,3761,1.390,1.430,1.450,0,0,0,0,0,25,425,0,215,11
29-03 05:28:27,5.991,0.749,90.364,0.250,0.250,6116704,1116508,89024,806444,54808.677,46320.427,0,291.562,0,30.954,2177,3474,1.390,1.430,1.450,0,0,0,0,0,25,426,0,215,11
29-03 05:28:28,5.501,1.250,91.266,0.250,0,6116648,1116524,89036,806456,54076.409,43443.559,0,304.053,0,34.006,2253,3692,1.390,1.430,1.450,0,0,0,0,0,25,426,0,215,11
29-03 05:28:29,9.000,1.750,85.499,0.750,0,6116536,1116524,89088,806516,126761.113,95054.335,0,611.996,0,77.999,2913,4753,1.390,1.430,1.450,0,0,0,0,0,25,425,0,166,11
29-03 05:28:30,11.756,1.501,85.042,0.250,0.750,6116556,1116460,89116,806532,203843.718,190586.102,0,412.206,0,46.023,2780,4553,1.350,1.420,1.450,1,0,0,0,0,25,426,0,166,11
29-03 05:28:31,21.003,2.500,73.512,1.250,0,6116320,1116240,89240,806864,368947.294,348749.102,0,1240.196,0,189.030,4102,6971,1.350,1.420,1.450,0,0,0,0,0,25,426,0,163,11
29-03 05:28:32,10.984,1.248,84.375,2.247,0,6116420,1116048,89308,806888,191915.157,180167.532,0,4549.272,0,312.538,3057,4676,1.350,1.420,1.450,2,2,0,0,0,25,426,0,163,11
29-03 05:28:33,14.014,3.003,77.326,5.005,0,6115944,1116200,89388,807132,287421.673,266997.658,0,5937.819,0,480.471,4037,6220,1.350,1.420,1.450,0,0,2.002,0,0,25,425,0,162,10
29-03 05:28:34,13.249,2.250,81.493,1.000,0,6115812,1116144,89444,807264,275855.897,258270.497,39.996,771.930,3.000,99.991,3212,5429,1.350,1.420,1.450,2,0,0,0,0,25,426,0,162,10
29-03 05:28:35,15.008,2.501,80.292,1.001,0.250,6115764,1116144,89520,807236,256556.923,239249.888,0,900.470,0,126.066,3511,6146,1.250,1.400,1.440,1,0,0,0,0,25,426,0,160,10
29-03 05:28:36,15.031,3.006,79.913,0.752,0.501,6115328,1116176,89596,807564,272711.513,262687.094,0,677.380,0,96.196,3596,6371,1.250,1.400,1.440,2,0,0,0,0,25,427,0,160,10
29-03 05:28:37,29.907,3.988,63.552,2.243,0.249,6114860,1116208,89736,807860,580173.500,569435.915,23.926,1383.694,3.988,185.423,5598,10488,1.250,1.400,1.440,1,0,0,0,0,25,426,0,162,10
29-03 05:28:38,20.013,3.002,73.299,1.501,0,6114852,1115924,89852,808036,368181.736,359509.996,0,2325.540,0,352.233,4422,7576,1.250,1.400,1.440,0,0,0,0,0,25,425,0,164,10
29-03 05:28:39,15.041,1.755,82.474,0.251,0,6115124,1115420,89868,808220,275321.876,250282.769,0,328.895,0,41.112,3008,4773,1.250,1.400,1.440,1,0,0,0,0,25,425,0,158,10
29-03 05:28:40,13.706,2.492,80.244,0.748,0.249,6114960,1115388,89900,808384,208835.441,184535.884,47.848,829.357,3.987,118.622,3859,6634,1.230,1.390,1.440,1,1,0,0,0,25,426,0,158,10
29-03 05:28:41,30.616,4.517,62.989,2.259,0,6115068,1114916,90020,808628,519090.797,508785.772,12.046,1272.820,3.011,179.680,4985,9243,1.230,1.390,1.440,2,0,0,0,0,25,426,0,156,10
29-03 05:28:42,29.895,3.737,64.274,1.993,0.249,6114924,1114348,90132,809228,424143.257,415475.680,171.398,1351.257,16.941,205.279,4837,8873,1.230,1.390,1.440,4,0,0,0,0,25,427,0,156,10
29-03 05:28:43,27.743,3.749,63.735,2.000,0.500,6116092,1112852,90244,809444,497622.064,486226.764,0,1735.589,0,229.946,5146,9440,1.230,1.390,1.440,3,0,2.000,0,0,25,426,0,153,10
29-03 05:28:44,29.606,4.265,60.467,4.265,0,6116028,1112584,90372,809648,531933.236,513204.945,40.144,1862.693,5.018,286.028,5241,9743,1.230,1.390,1.440,2,0,0,0,0,25,427,0,154,10
29-03 05:28:45,28.670,3.989,63.324,1.745,0,6129064,1097936,90488,811144,516782.961,507650.286,0,1483.885,0,232.356,4899,8899,1.370,1.420,1.450,0,0,2.992,0,0,25,426,0,153,10
29-03 05:28:46,13.005,3.251,78.781,3.001,0.250,6130304,1096676,90648,810996,129674.740,121241.375,104.042,672.268,13.005,92.037,3421,5538,1.370,1.420,1.450,2,0,0,0,0,25,432,0,154,10
29-03 05:28:47,34.233,4.998,58.222,1.000,0.250,6131404,1096204,90684,810332,694605.422,686561.331,3.998,1103.464,1.000,113.945,4644,8454,1.370,1.420,1.450,1,0,0,0,0,25,429,0,153,10
29-03 05:28:48,41.767,7.253,47.520,3.752,0.250,6129836,1096980,90908,810900,822799.639,814283.113,0,2493.032,0,322.133,6088,10396,1.370,1.420,1.450,4,0,11.005,0,0,25,429,0,154,10
29-03 05:28:49,35.984,4.248,58.475,1.499,0,6130772,1095936,90964,810936,695296.327,688003.471,0,1075.536,0,124.946,4164,6993,1.370,1.420,1.450,1,0,4.998,0,0,25,431,0,150,10
29-03 05:28:50,36.747,5.000,54.245,3.750,0.250,6136040,1088288,91020,813264,611328.924,602940.721,1799.829,655.938,79.992,65.994,4136,6632,1.340,1.410,1.440,1,0,5.999,0,0,25,430,0,150,10
29-03 05:28:51,34.030,6.756,55.298,3.503,0,6137664,1085612,91068,814260,252668.074,245751.049,1024.893,996.868,70.061,73.064,3420,5333,1.340,1.410,1.440,3,0,25.022,0,0,25,430,0,148,10
29-03 05:28:52,32.942,8.235,52.907,6.489,0.250,6152100,1059408,91088,825900,288008.090,281053.379,11303.028,614.913,156.723,56.899,5396,7659,1.340,1.410,1.440,3,0,11.979,0,0,26,430,0,148,10
29-03 05:28:53,36.378,10.788,46.915,4.265,0.251,6153520,1057244,91128,826604,429346.588,421857.203,1580.568,750.645,83.293,90.318,6291,10492,1.340,1.410,1.440,2,0,2.007,0,0,26,430,0,145,10
29-03 05:28:54,39.668,8.981,45.655,4.241,0.249,6187872,1022836,91140,826648,225877.981,219095.035,18026.649,1081.759,615.724,69.855,8522,15830,1.340,1.410,1.440,3,0,33.930,0,0,26,432,0,146,10
29-03 05:28:55,44.339,5.511,46.844,1.002,0,6222580,987592,91224,827088,420540.970,392231.955,164.331,1318.656,29.059,202.408,5387,7893,1.630,1.470,1.460,4,0,8.016,0,0,26,432,0,147,10
29-03 05:28:56,35.483,3.748,58.223,0.500,0.250,6238380,971660,91280,827164,173526.963,159439.542,0,591.724,0,67.968,4000,6845,1.630,1.470,1.460,3,0,3.998,0,0,26,430,0,140,10
29-03 05:28:57,31.440,3.992,63.628,0.499,0,6260588,949216,91300,827380,54488.654,48095.896,0,367.297,0,32.937,3278,5696,1.630,1.470,1.460,4,0,7.985,0,0,26,431,0,141,10
29-03 05:28:58,33.002,5.250,58.754,1.250,0.250,6269692,938816,92404,827556,1189959.487,91536.499,0,536.038,51.004,72.005,4777,6945,1.630,1.470,1.460,2,0,30.002,0,0,26,431,0,139,10
29-03 05:28:59,34.579,2.756,61.891,0.251,0,6275168,934332,91368,827572,120261.798,97535.869,4.009,316.724,1.002,19.044,3244,5403,1.630,1.470,1.460,2,0,12.027,0,0,26,431,0,139,10
29-03 05:29:00,43.394,3.242,47.135,3.491,0.499,6270152,938072,92432,827684,429464.242,408389.853,1013.518,977.606,54.866,120.704,4998,7760,1.900,1.530,1.480,2,1,0.998,0,0,26,431,0,136,10
29-03 05:29:01,39.553,7.009,29.289,23.782,0,6356472,847732,95928,827976,137401.431,129714.168,3500.673,8891.871,199.266,750.001,6516,6298,1.900,1.530,1.480,4,3,7.009,0,0,26,431,0,139,10
29-03 05:29:02,49.354,6.514,35.074,9.269,0,6277204,924260,97944,828552,202085.582,195060.823,2597.457,813.710,180.379,65.137,4007,5780,1.900,1.530,1.480,6,1,1.002,0,0,26,427,0,138,10
29-03 05:29:03,33.705,4.244,56.923,2.497,0.250,6280196,921040,98092,828628,181611.732,162465.484,299.597,4054.547,23.968,447.398,6487,7330,1.900,1.530,1.480,3,0,12.983,0,0,26,425,0,138,12
29-03 05:29:04,40.917,2.744,53.891,0.748,0,6278808,922256,98148,828712,1430504.797,349520.871,1380.204,702.577,98.800,79.838,5675,8450,1.900,1.530,1.480,3,0,0.998,0,0,26,425,0,130,12
29-03 05:29:05,36.326,2.505,57.871,0.501,0.251,6280300,920736,98196,828676,57035.261,48460.331,168.352,789.651,40.084,54.113,6613,5538,1.830,1.520,1.480,2,0,3.006,0,0,26,425,0,130,12
29-03 05:29:06,39.960,6.244,50.699,1.498,0.250,6281716,919148,98272,828728,133387.679,115549.642,538.458,11124.797,,152.846,4854,8266,1.830,1.520,1.480,1,1,41.958,0,0,26,428,0,131,12
29-03 05:29:07,42.804,5.475,46.040,4.728,0,6129760,1071020,98400,828676,416864.762,404973.083,206.059,16737.543,16.923,388.227,6141,11771,1.830,1.520,1.480,13,0,38.823,0,0,25,425,0,132,14
29-03 05:29:08,37.978,5.030,54.578,1.509,0.252,6135164,1065096,98532,829008,691226.344,680353.968,12.073,1746.502,2.012,212.276,4680,8645,1.830,1.520,1.480,1,0,20.121,0,0,25,424,0,82,14
29-03 05:29:09,21.947,3.242,73.324,1.995,0,6135056,1064844,98644,829252,394863.696,377528.197,0,1284.924,0,198.525,4352,7756,1.830,1.520,1.480,1,0,0,0,0,25,424,0,82,14
29-03 05:29:10,19.749,3.000,75.996,0.750,0.500,6134956,1064844,98676,829320,377892.483,369644.887,0,579.972,0,65.997,3200,5364,1.680,1.500,1.470,1,0,0,0,0,25,426,0,79,13
29-03 05:29:11,33.218,3.746,58.194,2.498,0,6126724,1072460,98784,829808,550767.857,540103.180,0,1506.542,0,214.792,4960,9064,1.680,1.500,1.470,1,0,0,0,0,25,425,0,82,13
29-03 05:29:12,27.327,4.513,63.931,2.006,0.251,6126508,1072452,98852,829948,586576.184,578853.313,0,1612.567,0,234.665,5582,10354,1.680,1.500,1.470,2,0,0,0,0,25,425,0,64,13
29-03 05:29:13,28.411,4.984,63.301,1.994,0,6127000,1071452,98960,830328,693706.904,682856.052,19.937,1925.939,3.987,274.137,5635,10223,1.680,1.500,1.470,5,0,1.994,0,0,25,424,0,74,13
29-03 05:29:14,34.187,9.732,54.899,0,0,6149404,1032104,99032,846764,33271807.961,33262582.898,0,16900.970,0,120.778,5213,10548,1.680,1.500,1.470,3,0,2.995,0,0,25,425,0,81,13
29-03 05:29:15,25.638,6.284,68.116,0.754,0.754,6128576,1052860,99060,846808,95603.775,85486.404,0,526.831,0,35.189,2533,3866,1.710,1.510,1.470,1,0,9.049,0,0,25,424,0,83,13
29-03 05:29:16,14.230,4.244,80.888,0.250,0,6127896,1053272,99092,847044,127781.278,102186.676,0,435.398,0,45.936,3497,4878,1.710,1.510,1.470,3,0,6.990,0,0,25,427,0,83,13
29-03 05:29:17,12.240,1.749,84.433,0,0,6128604,1052516,99096,847088,101514.702,73627.760,0,351.722,0,26.979,2786,4031,1.710,1.510,1.470,0,0,3.997,0,0,25,426,0,88,13
29-03 05:29:18,6.749,3.250,87.492,0.750,0,6131416,1049500,99108,847252,59657.273,41749.992,7.999,847.919,2.000,44.996,2792,4403,1.710,1.510,1.470,1,0,7.999,0,0,25,427,0,81,13
29-03 05:29:19,8.503,5.502,82.275,0.750,0.500,6138496,1042068,99116,847436,1209952.196,75834.826,0,1084.326,52.016,32.010,3842,5048,1.710,1.510,1.470,0,0,37.011,0,0,25,427,0,81,13
29-03 05:29:20,13.771,5.008,80.121,0.250,0,6173616,1007048,99124,847292,99005.905,71543.602,16.024,332.500,1.002,15.023,2506,3640,1.570,1.480,1.470,2,0,5.008,0,0,25,427,0,84,13
29-03 05:29:21,26.934,5.237,66.337,0,0.249,6160060,1020564,99156,847300,57254.612,46405.214,0,526.709,0,35.912,2740,4049,1.570,1.480,1.470,3,0,7.980,0,0,25,427,0,84,13
29-03 05:29:22,25.765,8.005,65.789,1.001,0,6155340,1025104,99184,847448,1154678.570,66250.220,1056.626,504.299,51.030,37.022,3336,4361,1.570,1.480,1.470,2,0,13.008,0,0,25,427,0,83,13
29-03 05:29:23,23.939,9.476,56.356,8.728,0.249,6156888,1022652,99308,848200,4074105.956,17825423.345,3370.402,1070517.111,170.565,745.099,13800,11327,1.570,1.480,1.470,1,1,47.878,0,0,25,431,0,85,13
29-03 05:29:24,18.046,5.264,73.690,0.501,0.251,6129224,1050064,99332,848380,88379.666,72445.620,4.010,753.942,,,3714,5961,1.570,1.480,1.470,1,0,27.070,0,0,25,427,0,82,12
29-03 05:29:25,19.506,4.251,73.774,2.501,0.250,6130512,1064680,99440,832716,272595.139,259667.911,72.024,1744.570,18.006,253.083,4410,7712,1.610,1.490,1.470,0,0,0,0,0,25,426,0,83,12
29-03 05:29:26,10.496,2.499,87.220,0,0,6130444,1064680,99452,832772,160112.921,149928.425,0,431.851,0,50.982,2800,4374,1.610,1.490,1.470,1,0,0,0,0,25,427,0,83,12
29-03 05:29:27,11.255,3.752,82.536,1.501,0.250,6128404,1066604,99524,832816,171597.675,152062.059,4.002,952.420,1.000,129.057,3431,5803,1.610,1.490,1.470,0,0,0,0,0,25,426,0,83,12
29-03 05:29:28,16.743,1.749,78.719,1.749,0.250,6128204,1066476,99596,833068,317040.184,304927.029,0,1039.584,0,145.942,3702,6470,1.610,1.490,1.470,0,0,0,0,0,25,426,0,84,12
29-03 05:29:29,11.254,2.251,83.781,1.000,0.250,6128048,1066444,99700,833152,240131.089,230656.574,0,992.368,0,150.056,3322,5566,1.610,1.490,1.470,0,0,0,0,0,25,426,0,84,12
29-03 05:29:30,8.749,1.500,86.494,0.750,0,6127936,1066476,99736,833196,180561.638,170843.358,0,599.956,0,65.995,2711,4401,1.480,1.460,1.460,0,0,0,0,0,25,426,0,84,12
29-03 05:29:31,11.502,1.750,84.764,1.250,0.250,6127768,1066412,99760,833400,208559.664,197780.821,0,436.075,0,44.008,2629,4338,1.480,1.460,1.460,3,0,0,0,0,25,426,0,85,12
29-03 05:29:32,6.244,1.748,89.417,0.749,0,6127628,1066444,99820,833448,80881.023,65140.615,0,679.370,0,90.916,2581,4138,1.480,1.460,1.460,2,0,0,0,0,25,427,0,85,12
29-03 05:29:33,12.758,2.001,83.051,1.251,0,6127480,1066444,99896,833516,208414.341,183780.290,0,884.540,0,119.073,3602,6124,1.480,1.460,1.460,0,0,0,0,0,25,426,0,85,12
29-03 05:29:34,24.747,4.499,64.992,4.000,0.250,6127548,1066192,99988,833608,455975.739,447274.774,0,10246.781,0,857.898,6118,8593,1.480,1.460,1.460,2,0,2.000,0,0,25,427,0,86,12
29-03 05:29:35,26.523,5.004,66.058,1.752,0.500,6127540,1065940,100080,833876,586374.769,575416.092,0,1337.181,0,182.161,5386,10198,1.360,1.440,1.450,4,0,0,0,0,25,427,0,88,12
29-03 05:29:36,9.997,2.249,86.476,1.000,0.250,6127280,1065972,100128,834056,135476.931,127784.093,0,715.799,0,99.972,3129,5120,1.360,1.440,1.450,1,0,0,0,0,25,426,0,88,12
29-03 05:29:37,23.736,3.498,70.458,1.499,0,6127208,1065720,100184,834324,454535.733,446377.620,0,1243.255,0,161.903,4274,7530,1.360,1.440,1.450,0,0,0,0,0,25,426,0,89,12
29-03 05:29:38,12.244,2.999,83.709,0.500,0,6127224,1065688,100200,834320,203323.778,195636.529,0,675.670,0,81.960,2981,4937,1.360,1.440,1.450,0,0,0,0,0,25,427,0,89,12
29-03 05:29:39,15.517,2.503,78.834,2.252,0,6126932,1065640,100264,834580,245258.691,221321.150,32.034,772.825,3.003,97.104,3528,5839,1.360,1.440,1.450,1,0,0,0,0,25,426,0,85,12
29-03 05:29:40,8.768,2.004,86.680,1.002,0.251,6126696,1065704,100280,834736,74939.349,59108.532,0,681.413,0,90.187,3024,4956,1.250,1.420,1.440,3,0,0,0,0,25,426,0,85,12
29-03 05:29:41,18.195,3.988,76.021,1.745,0.498,6126680,1065420,100304,835012,314430.564,305329.957,0,1096.699,0,142.571,3841,6336,1.250,1.420,1.440,0,0,0,0,0,25,426,0,86,12
29-03 05:29:42,18.502,3.250,77.259,1.000,0.250,6126996,1064884,100336,835196,428164.667,413504.967,0,736.085,0,90.010,3459,5843,1.250,1.420,1.440,0,0,0,0,0,25,427,0,87,12
29-03 05:29:43,14.262,3.753,82.317,0.751,0,6127068,1064696,100348,835296,230016.924,216051.514,0,588.481,0,72.059,2918,4852,1.250,1.420,1.440,1,0,0,0,0,25,427,0,85,12
29-03 05:29:44,15.988,3.248,78.192,2.248,0,6127388,1064160,100376,835484,260588.425,251438.187,0,1339.010,0,161.880,3728,6585,1.250,1.420,1.440,0,0,1.999,0,0,25,428,0,86,12
29-03 05:29:45,15.498,2.500,79.991,1.000,0,6127272,1064160,100408,835568,272114.795,247605.516,0,963.893,0,135.985,3467,5989,1.230,1.410,1.440,1,0,0,0,0,25,428,0,83,12
29-03 05:29:46,11.259,1.501,83.317,0.751,0,6127256,1064128,100412,835608,203279.030,188979.562,0,784.629,0,115.092,3472,5816,1.230,1.410,1.440,1,0,0,0,0,25,429,0,83,12
29-03 05:29:47,15.473,2.995,79.860,0.998,0.499,6127316,1063940,100416,835724,234891.296,222424.201,0,722.730,0,90.840,3452,5827,1.230,1.410,1.440,0,0,0,0,0,25,429,0,78,12
29-03 05:29:48,12.267,2.504,82.866,0.501,0.250,6127672,1063436,100436,835852,253518.926,238400.761,0,560.785,0,83.116,3086,5299,1.230,1.410,1.440,2,0,0,0,0,25,432,0,86,12
29-03 05:29:49,26.995,6.999,64.989,1.250,0.250,6140072,1034692,100452,851832,33179243.170,33172149.390,39.993,17708.954,2.999,292.950,4574,7725,1.230,1.410,1.440,1,0,2.000,0,0,25,426,0,98,12
29-03 05:29:50,24.995,4.499,68.987,0.250,0,6153976,1020580,100460,852008,84190.004,75307.692,0,215.959,0,11.998,2282,3567,1.210,1.400,1.440,2,0,6.999,0,0,25,426,0,100,12
29-03 05:29:51,19.753,6.001,73.261,0.250,0,6142084,1031796,100480,852632,108170.685,89688.005,0,544.079,0,47.007,3315,5326,1.210,1.400,1.440,1,0,13.002,0,0,25,427,0,100,12
29-03 05:29:52,11.498,2.750,82.485,0.500,0.250,6143004,1031064,100484,852428,81922.418,64270.560,0,303.946,0,23.996,2885,4437,1.210,1.400,1.440,0,0,3.999,0,0,25,426,0,100,12
29-03 05:29:53,9.750,4.500,83.253,0,0.500,6136952,1036952,100484,852584,55785.120,46133.753,0,304.012,0,23.001,2756,4256,1.210,1.400,1.440,0,0,9.000,0,0,25,427,0,102,12
29-03 05:29:54,14.279,8.768,74.151,1.503,0,6145168,1028672,100484,852644,1187705.920,84391.158,16.033,1170.388,54.110,49.100,4652,8406,1.210,1.400,1.440,1,0,74.151,0,0,25,427,0,105,12
29-03 05:29:55,10.992,2.998,83.686,0.999,0.500,6146536,1027160,100508,852892,123504.272,90059.924,67.948,787.396,13.989,98.924,2888,4686,1.110,1.380,1.430,1,0,2.998,0,0,25,427,0,101,12
29-03 05:29:56,25.208,4.992,67.887,0,0,6161300,1012332,100512,852936,54987.665,43961.979,0,411.317,0,35.940,2771,4186,1.110,1.380,1.430,5,0,6.988,0,0,25,427,0,101,12
29-03 05:29:57,25.008,7.002,65.771,0.750,0,6150932,1022600,100528,853000,1161941.497,69806.198,1056.336,516.164,51.016,38.012,3385,4411,1.110,1.380,1.430,1,0,15.005,0,0,25,427,0,100,12
29-03 05:29:58,26.266,10.256,54.784,7.505,0,6144684,1028832,100532,853016,4055745.172,17850924.617,3365.063,1066737.910,167.102,310.190,11809,8495,1.110,1.380,1.430,1,0,40.025,0,0,25,427,0,100,12
29-03 05:29:59,22.059,4.512,71.192,0.251,0.251,6137340,1036108,100536,853052,95068.113,70233.208,0,421.135,,,3308,5109,1.110,1.380,1.430,3,0,24.065,0,0,25,427,0,101,12
29-03 05:30:00,14.418,1.989,79.547,1.243,0.249,6137816,1051560,100568,837420,228596.457,214567.395,0,970.470,0,113.354,3386,5591,1.020,1.350,1.420,1,0,0,0,0,25,427,0,101,12
29-03 05:30:01,19.538,3.507,76.148,1.002,0.250,6137652,1051560,100604,837548,302920.575,290307.067,0,1186.305,0,163.317,3772,6599,1.020,1.350,1.420,0,0,1.002,0,0,25,426,0,101,12
29-03 05:30:02,13.044,2.508,82.780,1.254,0,6133664,1055340,100624,837732,232069.323,220444.986,0,822.784,0,104.353,3149,5445,1.020,1.350,1.420,1,0,0,0,0,25,427,0,101,12
29-03 05:30:03,15.735,5.495,73.680,4.496,0.250,6142592,1044356,100780,839512,227603.005,212009.803,1922.176,911.135,56.946,112.893,3946,6638,1.020,1.350,1.420,1,0,41.960,0,0,25,427,0,95,12
29-03 05:30:04,17.777,9.014,67.603,3.505,0,6143596,1041308,101004,840576,268487.100,257798.854,1081.644,849.291,51.078,74.113,4578,7972,1.020,1.350,1.420,4,0,210.320,0,0,25,428,0,95,12
29-03 05:30:05,31.722,3.747,61.197,2.748,0.250,6143928,1040740,101048,840768,541255.566,532708.011,0,10163.148,0,859.252,6010,10021,1.020,1.350,1.420,3,0,0,0,0,25,427,0,97,11
29-03 05:30:06,28.655,2.741,65.285,1.246,0.249,6143544,1040804,101088,841048,522566.055,514603.324,0,817.304,0,103.658,4668,8066,1.020,1.350,1.420,0,1,0,0,0,25,428,0,98,11
29-03 05:30:07,27.274,5.255,65.057,2.002,0.250,6138652,1045544,101132,841156,472182.271,454631.984,0,1112.969,0,138.120,5204,9500,1.020,1.350,1.420,2,0,0,0,0,25,427,0,98,10
29-03 05:30:08,19.748,3.750,75.244,2.000,0.250,6138468,1045436,101164,841412,325128.364,316735.078,0,1347.885,0,203.983,4283,7390,1.020,1.350,1.420,0,0,0,0,0,25,426,0,100,10
29-03 05:30:09,19.255,7.252,70.269,3.751,0,6145320,1038352,101212,841764,338545.376,330562.268,128.034,1184.313,10.003,114.030,4048,6737,1.020,1.350,1.420,0,0,89.024,0,0,24,427,0,101,10
29-03 05:30:10,13.540,9.779,73.465,1.254,0,6154856,1027980,101228,842156,156201.421,148314.375,336.985,850.485,20.059,67.196,3677,6297,1.020,1.340,1.420,7,0,221.648,0,0,24,427,0,101,10
29-03 05:30:11,13.954,4.735,76.749,2.741,0.498,6154496,1028116,101248,842360,225172.012,214983.359,0,1160.203,0,155.491,4069,6584,1.020,1.340,1.420,0,0,35.883,0,0,24,426,0,99,10
29-03 05:30:12,26.813,3.759,68.913,0.251,0,6157912,1023972,101256,843080,448580.547,440216.792,0,292.691,0,23.054,2712,4119,1.020,1.340,1.420,1,0,36.085,0,0,24,427,0,101,10
29-03 05:30:13,29.744,5.499,63.986,0.500,0,6147160,1034344,101260,843456,548896.889,541066.589,0,511.889,0,40.991,3330,5387,1.020,1.340,1.420,5,0,35.992,0,0,24,427,0,89,10
29-03 05:30:14,25.972,10.738,59.685,2.747,0,6150012,1030784,101456,843960,424588.924,407100.040,395.568,1230.655,19.978,138.848,10381,21465,1.020,1.340,1.420,1,0,87.904,0,0,24,426,0,93,10
29-03 05:30:15,24.481,12.240,58.204,2.498,0.500,6151696,1028056,101640,844468,243631.775,228829.454,343.729,1259.007,14.988,129.898,22070,45385,1.180,1.370,1.430,2,0,36.971,0,0,25,426,0,81,10
29-03 05:30:16,14.786,4.511,78.943,0.752,0.251,6152632,1026748,101720,844708,247730.950,236886.424,24.059,1162.844,1.002,162.397,5140,8629,1.180,1.370,1.430,0,0,36.088,0,0,25,427,0,82,10
29-03 05:30:17,14.972,3.993,76.607,1.747,0.250,6152868,1026432,101760,844748,206436.345,183065.119,0,1038.056,0,111.791,3787,6245,1.180,1.370,1.430,1,0,35.933,0,0,25,427,0,82,10
29-03 05:30:18,29.438,4.491,62.618,2.245,0,6150956,1028000,101808,845044,551179.358,544136.240,0,1409.023,0,164.652,5295,9706,1.180,1.370,1.430,1,1,35.924,0,0,25,427,0,84,10
29-03 05:30:19,21.780,5.007,69.344,2.503,0,6150796,1027848,101868,845296,455779.861,447943.203,4.005,1474.005,1.001,163.222,4436,8160,1.180,1.370,1.430,0,0,36.049,0,0,25,427,0,85,10
29-03 05:30:20,16.293,3.760,78.959,1.253,0,6151832,1026716,101876,845384,200013.837,193247.948,0,1664.401,0,236.626,2973,4417,1.080,1.350,1.420,1,0,36.095,0,0,25,427,0,88,10
29-03 05:30:21,30.427,4.489,60.355,3.492,0.499,6152244,1026104,101928,845532,474043.244,467220.605,0,1811.656,0,260.376,4675,8674,1.080,1.350,1.420,7,0,35.914,0,0,25,426,0,91,10
29-03 05:30:22,40.965,9.492,46.710,2.498,0.250,6152800,1025064,101988,845952,607760.227,599756.007,0,1782.490,0,184.843,4604,8094,1.080,1.350,1.420,3,0,51.956,0,0,25,426,0,88,10
29-03 05:30:23,36.880,6.272,56.700,2.760,0,6156768,1020692,102064,846276,720105.652,708873.069,0,1425.022,0,180.637,4423,7656,1.080,1.350,1.420,4,0,39.138,0,0,25,428,0,88,10
29-03 05:30:24,44.738,5.498,48.487,1.500,0.250,6165344,1011736,102092,846632,707899.036,698919.496,55.985,991.728,1.999,85.976,4248,7238,1.080,1.350,1.420,5,0,51.986,0,0,25,426,0,88,10
29-03 05:30:25,38.241,14.247,44.490,2.000,0,6184828,991828,102172,847148,267834.791,259785.691,226.946,2347.446,47.989,195.954,4886,10003,1.160,1.360,1.420,5,0,92.978,0,0,25,426,0,88,10
29-03 05:30:26,36.252,14.751,46.503,1.500,0,6193520,980432,102204,849836,436331.362,429044.888,2806.182,852.055,85.006,86.006,7174,11469,1.160,1.360,1.420,4,0,47.003,0,0,26,426,0,86,10
29-03 05:30:27,47.251,9.750,40.251,2.750,0,6170516,1003072,102248,850152,663374.901,655134.654,11037.331,1492.045,373.011,160.005,8494,16495,1.160,1.360,1.420,3,0,75.002,0,0,25,426,0,86,10
29-03 05:30:28,30.685,6.486,60.123,1.746,0.249,6170740,1002760,102316,850160,688482.237,668029.454,0,1748.306,0,224.526,5204,9059,1.160,1.360,1.420,1,0,37.920,0,0,25,426,0,86,10
29-03 05:30:29,9.258,2.752,86.072,0.500,0.500,6170668,1002476,102316,850512,89351.340,80090.635,64.053,580.483,3.002,48.040,2766,4270,1.160,1.360,1.420,1,0,36.030,0,0,25,430,0,86,10
29-03 05:30:30,29.572,8.521,58.892,1.002,0,6170680,1002228,102556,850684,524207.057,514645.929,372.902,625.513,37.090,46.112,5058,9376,1.060,1.340,1.420,4,0,156.378,0,0,24,430,0,86,10
29-03 05:30:31,33.208,20.724,41.447,2.996,0,6171696,1000232,102632,851548,563776.695,555293.443,643.185,1550.036,151.808,146.814,6614,13716,1.060,1.340,1.420,2,0,652.174,0,0,24,431,0,93,10
29-03 05:30:32,32.483,20.489,42.977,2.998,0.250,6172148,998836,102656,852296,597958.896,583346.743,63.966,2150.845,3.998,180.903,6818,13677,1.060,1.340,1.420,2,0,642.655,0,0,24,436,0,111,10
29-03 05:30:33,34.253,20.501,43.253,0.500,0,6172580,998040,102668,852640,643337.964,624959.622,0,1720.126,0,145.011,6741,14130,1.060,1.340,1.420,2,0,637.047,0,0,24,434,0,114,10
29-03 05:30:34,31.505,20.253,42.006,4.501,0,6158468,1011616,102716,853120,623678.057,613458.565,68.010,2404.351,9.001,196.029,6652,13254,1.060,1.340,1.420,2,0,626.091,0,0,24,430,0,138,10
29-03 05:30:35,34.033,19.519,41.541,4.254,0.250,6159080,1010380,102780,853648,554328.024,542839.812,0,14578.228,0,929.908,7112,10870,1.220,1.360,1.420,2,0,614.600,0,0,24,430,0,140,10
29-03 05:30:36,18.717,19.216,56.901,2.246,0.499,6158884,1010716,102788,853492,147263.173,131266.072,0,2272.038,0,164.713,5448,9964,1.220,1.360,1.420,2,0,602.948,0,0,24,431,0,136,10
29-03 05:30:37,31.222,18.234,42.711,4.746,0,6159348,1010020,102880,853616,509363.554,497336.403,0,3145.163,0,239.784,7256,13859,1.220,1.360,1.420,2,0,585.472,0,0,24,431,0,140,10
29-03 05:30:38,44.366,14.538,38.350,2.005,0.251,6161920,1006972,102964,854016,592146.911,582309.245,232.607,2763.209,5.013,280.732,13108,26430,1.220,1.360,1.420,9,0,321.840,0,0,24,432,0,139,10
29-03 05:30:39,33.154,10.470,51.600,1.994,0,6162192,1006148,103060,854476,595264.756,571340.257,3.988,2273.396,0.997,268.221,20428,43956,1.220,1.360,1.420,0,0,31.907,0,0,25,429,0,142,12
29-03 05:30:40,13.531,7.768,75.171,1.503,0,6163216,1004956,103108,854592,207121.960,197746.687,0,1511.429,0,141.321,3928,7029,1.120,1.340,1.420,3,1,232.528,0,0,25,428,0,142,12
29-03 05:30:41,8.721,0.997,87.213,0.997,0.498,6162844,1005100,103152,854784,99976.178,89505.616,3.987,1136.263,0.997,112.630,2852,4869,1.120,1.340,1.420,3,0,0,0,0,25,428,0,142,12
29-03 05:30:42,20.282,4.257,74.618,1.002,0,6160652,1007100,103204,854920,374003.177,353534.878,0,1362.149,0,162.256,3746,6568,1.120,1.340,1.420,0,0,7.011,0,0,25,427,0,142,12
29-03 05:30:43,13.003,3.001,84.267,0.500,0.250,6161144,1006528,103236,854952,102229.037,85548.768,0,476.093,0,44.009,2771,4446,1.120,1.340,1.420,0,0,4.001,0,0,25,428,0,142,12
29-03 05:30:44,6.496,2.498,89.193,0.250,0,6159808,1007644,103244,855164,32738.949,23307.014,0,383.753,0,39.974,2432,4143,1.120,1.340,1.420,2,0,9.994,0,0,25,429,0,140,12
29-03 05:30:45,7.247,6.498,85.219,0.750,0,6166124,1001236,103256,855244,1152230.979,58455.488,0,415.847,51.981,27.990,3402,4809,1.110,1.330,1.410,0,0,37.986,0,0,25,429,0,140,12
29-03 05:30:46,8.749,2.750,85.995,0.500,0.250,6174636,992536,103272,855416,34415.832,24479.458,0,583.963,0,35.998,2592,3814,1.110,1.330,1.410,2,0,2.000,0,0,25,429,0,140,12
29-03 05:30:47,21.038,7.013,64.367,6.762,0.501,6200868,926296,142964,855656,40131673.040,775443.634,37215.844,953.739,36.066,109.199,18426,5752,1.110,1.330,1.410,0,1,2.004,0,0,25,431,0,150,12
29-03 05:30:48,25.737,1.499,67.215,2.998,0.250,6217504,892876,159616,855752,17905671.240,465730.888,16635.316,451.764,13.993,48.974,9963,4081,1.110,1.330,1.410,0,1,0,0,0,25,431,0,148,12
29-03 05:30:49,20.969,4.244,64.155,7.239,0,6212856,850136,206984,855756,52571302.900,973075.875,49846.178,263.610,38.942,21.967,23575,3475,1.110,1.330,1.410,2,0,0,0,0,25,431,0,148,12
29-03 05:30:50,18.261,3.502,66.288,8.505,0,6210668,800820,258196,855928,54519227.594,1054032.177,51245.569,328.189,44.025,40.023,22470,3984,1.100,1.330,1.410,2,0,0,0,0,25,431,0,126,12
29-03 05:30:51,19.504,4.751,64.013,8.252,0,6209040,751096,309408,855956,54521465.508,1151034.717,51222.757,1180.248,43.009,61.013,31657,4087,1.100,1.330,1.410,1,0,0,0,0,25,431,0,128,12
29-03 05:30:52,27.722,3.496,64.934,3.746,0,6234400,697444,337580,856012,28953566.270,754022.405,25585.953,379.614,22.977,32.966,15443,3801,1.100,1.330,1.410,2,0,0,0,0,25,431,0,130,12
29-03 05:30:53,24.473,2.747,66.675,3.996,0,6208396,700288,360628,856076,26011938.617,633333.034,25587.317,327.633,22.974,29.966,16323,4008,1.100,1.330,1.410,1,0,0,0,0,25,431,0,132,12
29-03 05:30:54,27.043,7.261,53.334,8.013,0.751,6210360,647016,411828,856088,53996015.721,897767.882,51328.894,416.657,43.068,42.066,25649,10662,1.100,1.330,1.410,1,0,36.057,0,0,25,431,0,133,12
29-03 05:30:55,22.281,5.007,61.084,9.763,0.250,6209792,595884,463072,856388,54609075.916,1115610.427,51446.945,1433.977,84.116,276.381,26280,6699,1.090,1.320,1.410,1,0,0,0,0,25,431,0,135,12
29-03 05:30:56,29.433,4.989,61.112,6.485,0,6260076,506392,501488,857068,38542289.257,899064.518,35771.014,2123.193,30.930,225.489,25351,4659,1.090,1.320,1.410,0,1,2.993,0,0,25,431,0,135,12
29-03 05:30:57,26.781,4.255,63.574,6.758,0,6247944,480556,539896,856592,41825270.440,850924.327,38460.807,504.588,34.040,47.055,18798,4727,1.090,1.320,1.410,0,1,0,0,0,25,431,0,137,12
29-03 05:30:58,28.323,5.514,63.413,5.013,0,6245120,457596,565508,856664,28810568.487,584023.853,28244.390,449.151,25.064,36.093,13302,3931,1.090,1.320,1.410,3,0,0,0,0,25,431,0,139,12
29-03 05:30:59,23.224,4.245,60.184,8.740,0,6219588,431752,616712,856708,54334866.647,969976.026,51143.742,211.767,39.956,13.985,24610,3567,1.090,1.320,1.410,1,0,0.999,0,0,25,431,0,139,12
29-03 05:31:00,19.530,4.507,65.349,8.763,0,6218240,381700,667924,856752,54374678.638,1057096.501,51293.710,416.631,44.067,33.050,25868,3903,1.090,1.320,1.410,1,0,0,0,0,25,431,0,141,12
29-03 05:31:01,21.718,3.495,61.909,8.987,0,6219536,328992,719132,856908,54481786.883,1125250.131,51136.522,491.275,42.937,34.948,23042,4099,1.090,1.320,1.410,1,0,0.999,0,0,25,431,0,144,12
29-03 05:31:02,23.718,2.497,68.408,3.745,0.499,6243200,279616,744732,856924,25759404.841,591679.599,23025.008,391.473,21.970,25.965,13189,3639,1.090,1.320,1.410,1,1,0,0,0,25,431,0,145,12
29-03 05:31:03,23.510,2.251,66.527,4.752,0,6218912,278116,770332,856984,28869523.157,628196.420,28171.409,248.100,22.009,26.011,13689,3710,1.090,1.320,1.410,1,0,0,0,0,25,433,0,145,12
29-03 05:31:04,21.225,4.495,61.427,8.240,0.499,6213008,232660,821540,857020,53909298.934,844895.574,51155.125,403.520,43.948,33.960,23156,3892,1.090,1.320,1.410,1,0,1.998,0,0,25,431,0,147,12
29-03 05:31:05,19.016,3.503,64.806,10.259,0,6211700,182540,872756,857116,54614355.189,1123465.551,51260.238,352.304,44.038,31.027,29107,3854,1.080,1.310,1.400,1,0,0,0,0,25,431,0,150,12
29-03 05:31:06,19.026,4.256,61.335,10.515,0,6256516,132552,900896,835644,43938369.951,850093.129,41024.614,7750.696,34.047,747.031,21539,5205,1.080,1.310,1.400,1,1,4.006,0,0,25,431,0,153,12
29-03 05:31:07,24.542,2.755,66.363,4.758,0,6226696,166388,906676,825940,24390211.261,555808.432,23211.692,1622.775,25.043,195.334,13131,3891,1.080,1.310,1.400,3,0,0,0,0,25,431,0,151,12
29-03 05:31:08,21.920,4.234,65.261,6.725,0,6217400,180044,915880,812376,40206619.154,756256.831,38275.796,482.234,33.876,40.850,20905,4675,1.080,1.310,1.400,5,0,0,0,0,25,431,0,153,12
29-03 05:31:09,20.064,5.016,63.954,8.778,0,6214484,188552,928680,794344,54516565.294,939825.223,51363.696,1215.875,40.128,205.655,23005,4297,1.080,1.310,1.400,3,0,0,0,0,25,431,0,150,12
29-03 05:31:10,20.178,2.740,67.757,5.979,0.249,6215124,203600,933216,774180,54458275.457,1201408.555,51025.228,354.729,41.850,29.893,32031,4448,1.070,1.310,1.400,1,0,0,0,0,25,431,0,152,12
29-03 05:31:11,24.061,5.514,58.900,9.274,0.501,6213912,216448,940436,755616,54753964.872,1197097.189,51355.110,529.351,46.118,46.118,30740,4999,1.070,1.310,1.400,1,0,1.003,0,0,25,431,0,151,12
29-03 05:31:12,24.964,2.746,66.654,4.493,0.250,6187596,221912,961872,754984,24875758.777,577872.818,23278.316,307.555,22.967,19.971,12163,3436,1.070,1.310,1.400,1,0,0,0,0,25,431,0,153,12
29-03 05:31:13,23.001,8.000,67.502,0.750,0,6188468,1081784,102768,755484,4884775.119,4876587.915,268.007,2864.072,12.000,61.002,2793,4470,1.070,1.310,1.400,0,1,3.000,0,0,25,431,0,158,12
29-03 05:31:14,16.995,5.498,75.976,0.500,0,6166440,1103632,102780,755616,96298.570,70226.808,95.970,431.864,,23.992,3284,5302,1.070,1.310,1.400,3,0,26.991,0,0,25,431,0,159,12
29-03 05:31:15,15.995,2.499,77.474,1.250,0,6166216,1103508,102820,755872,303784.447,291610.477,0,795.737,0,90.970,4146,7890,1.070,1.300,1.400,0,0,0,0,0,25,430,0,153,12
29-03 05:31:16,20.062,5.266,72.473,1.755,0,6166544,1102592,102872,756392,266369.216,256015.295,180.557,1316.057,45.139,186.575,4348,8430,1.070,1.300,1.400,1,1,0,0,0,25,432,0,190,12
29-03 05:31:17,17.191,4.734,75.244,1.744,0.747,6165828,1102616,102932,757000,245051.599,237727.538,67.769,1411.195,16.942,208.291,4033,7740,1.070,1.300,1.400,3,0,0,0,0,25,432,0,203,12
29-03 05:31:18,17.006,2.751,80.279,0.750,0.250,6165708,1102648,102980,757040,330106.848,322952.294,0,680.243,0,93.033,3277,5673,1.070,1.300,1.400,4,0,0,0,0,25,433,0,214,12
29-03 05:31:19,26.070,7.019,66.177,0.501,0,6193484,1058192,103004,773312,33169836.161,33160141.178,0,16516.264,0,94.253,3527,7222,1.070,1.300,1.400,2,0,4.011,0,0,25,432,0,223,12
29-03 05:31:20,23.436,5.984,69.560,0.249,0,6164488,1087140,103020,773344,95398.798,87079.576,0,378.962,0,21.940,2463,3765,1.060,1.300,1.400,1,0,7.978,0,0,25,433,0,226,12
29-03 05:31:21,14.281,4.259,80.174,0.251,0,6163320,1088204,103064,773404,108469.052,88461.696,4.009,789.711,1.002,62.135,3090,4888,1.060,1.300,1.400,1,0,7.015,0,0,25,433,0,221,12
29-03 05:31:22,8.978,2.993,86.789,0.249,0.249,6164592,1086892,103064,773444,72458.997,53199.778,0,327.205,0,22.944,2668,4170,1.060,1.300,1.400,3,0,3.990,0,0,25,432,0,222,12
29-03 05:31:23,8.749,3.250,87.993,0.500,0.250,6163680,1087660,103064,773584,50944.179,42046.846,0,267.980,0,23.998,2532,4106,1.060,1.300,1.400,0,0,7.999,0,0,25,433,0,221,12
29-03 05:31:24,10.745,6.247,81.713,1.000,0.500,6171188,1080072,103072,773640,1224933.555,89035.845,0,423.809,51.977,29.986,3872,5464,1.060,1.300,1.400,0,0,38.982,0,0,25,433,0,226,12
29-03 05:31:25,11.771,3.757,82.143,0.501,0,6177868,1073220,103096,773672,107023.542,82593.961,24.042,1706.975,3.005,93.162,2684,4110,1.220,1.320,1.410,2,1,4.007,0,0,25,433,0,224,12
29-03 05:31:26,27.718,7.242,61.428,2.747,0,6199024,1051612,103164,774024,78256.362,57184.037,327.616,2273.338,81.904,502.412,5466,9483,1.220,1.320,1.410,2,0,6.992,0,0,25,433,0,224,12
29-03 05:31:27,26.992,6.998,64.980,1.250,0.250,6195848,1054596,103176,774204,1159203.010,68206.583,1055.669,691.783,50.984,46.985,3422,4616,1.220,1.320,1.410,2,0,14.995,0,0,25,433,0,224,12
29-03 05:31:28,23.238,9.745,58.471,7.496,0,6194456,1055900,103184,774260,4009507.246,17825503.248,3361.319,1065567.216,166.917,308.846,12470,8959,1.220,1.320,1.410,1,0,38.981,0,0,25,433,0,224,12
29-03 05:31:29,21.530,7.010,73.351,0,0,6173856,1076532,103184,774328,71001.627,53123.044,0,312.430,,,3234,4812,1.220,1.320,1.410,0,0,23.032,0,0,25,433,0,225,12
29-03 05:31:30,23.228,2.747,75.179,1.249,0.500,6175140,1091432,103216,758460,208857.882,196091.870,3.996,903.152,0.999,112.894,3355,5265,1.280,1.340,1.410,1,0,0,0,0,25,433,0,229,12
29-03 05:31:31,32.284,5.255,61.314,3.754,0.250,6175048,1091212,103272,758716,575098.978,565294.733,0,1545.615,0,217.227,5089,8893,1.280,1.340,1.410,1,0,0,0,0,25,432,0,230,12
29-03 05:31:32,43.721,8.494,44.471,1.749,0,6165488,1100092,103340,759236,841641.200,833005.882,0,2162.577,0,256.831,5559,9460,1.280,1.340,1.410,1,0,14.990,0,0,25,432,0,232,12
29-03 05:31:33,33.322,3.508,61.634,1.253,0,6165192,1100244,103380,759340,764548.128,755261.939,0,1182.571,0,140.305,4422,7370,1.280,1.340,1.410,1,0,0,0,0,25,432,0,204,12
29-03 05:31:34,41.045,4.255,53.058,0.751,0.250,6171740,1093272,103388,759760,406214.367,396370.648,160.174,804.877,3.003,52.057,3476,5516,1.280,1.340,1.410,1,0,15.016,0,0,25,430,0,204,14
29-03 05:31:35,30.345,6.964,53.725,7.959,0.249,6181268,1072732,103400,770940,319220.591,310727.077,10941.977,971.028,151.226,89.542,4258,6748,1.580,1.400,1.430,2,0,28.852,0,0,25,431,0,177,14
29-03 05:31:36,26.608,11.547,59.240,0.251,0,6197500,1055480,103408,771916,296643.780,288605.160,547.221,465.891,8.033,43.175,5916,9751,1.580,1.400,1.430,4,0,1.004,0,0,26,430,0,177,14
29-03 05:31:37,34.430,5.489,51.644,5.239,0.249,6210472,1042484,103416,771932,248352.120,240510.157,19394.339,542.890,690.588,65.865,8414,13830,1.580,1.400,1.430,3,0,0,0,0,26,430,0,173,14
29-03 05:31:38,42.176,4.492,48.166,3.244,0.250,6274144,978844,103424,771892,488377.758,480328.787,0,12789.708,0,1138.016,5863,6236,1.580,1.400,1.430,4,0,6.988,0,0,26,432,0,173,14
29-03 05:31:39,40.076,4.759,55.355,1.252,0,6284168,968836,103424,771952,186016.199,153278.390,0,1871.533,0,303.573,4391,5781,1.580,1.400,1.430,3,0,0,0,0,26,433,0,169,13
29-03 05:31:40,35.280,6.756,61.051,0.751,0,6303136,950440,103432,771600,155893.483,143862.413,0,1345.126,0,210.176,3884,6500,1.770,1.440,1.440,2,0,4.003,0,0,26,431,0,169,13
29-03 05:31:41,31.499,8.250,63.499,0.750,0,6308408,944820,103432,771944,41392.214,22578.571,0,595.989,0,57.999,3393,7642,1.770,1.440,1.440,2,0,8.000,0,0,26,433,0,169,13
29-03 05:31:42,39.749,12.000,56.249,1.500,0,6314920,938116,103436,772028,2470473.650,109585.589,0,427.991,112.998,32.999,5692,7574,1.770,1.440,1.440,1,0,54.999,0,0,26,432,0,169,13
29-03 05:31:43,42.575,10.769,54.095,1.002,0.250,6317172,935756,103440,772132,91651.398,82477.242,0,2175.832,0,336.593,4667,6522,1.770,1.440,1.440,2,0,5.009,0,0,26,432,0,168,13
29-03 05:31:44,40.642,8.228,60.090,0.499,0.499,6315096,937664,103448,772292,220577.382,204958.989,8.976,817.821,2.992,83.777,5497,6598,1.770,1.440,1.440,3,0,1.995,0,0,26,432,0,168,13
29-03 05:31:45,42.851,9.021,55.631,1.002,0.251,6313224,939464,103456,772420,355741.994,303239.613,56.132,1126.648,14.033,162.382,6025,7325,1.790,1.450,1.450,2,1,0,0,0,26,432,0,168,13
29-03 05:31:46,39.280,9.507,53.291,5.004,0,6322016,930732,103480,772336,253517.941,246787.793,84.064,2157.651,15.011,344.263,6452,7933,1.790,1.450,1.450,0,2,1.001,0,0,26,432,0,168,13
29-03 05:31:47,36.246,7.249,57.994,3.250,0,6321060,931488,103492,772476,1435718.428,221096.890,1583.842,1084.892,121.988,107.989,6425,7955,1.790,1.450,1.450,2,1,0,0,0,26,432,0,175,13
29-03 05:31:48,32.786,9.438,61.101,1.490,0,6319676,932732,103560,772492,110773.098,96551.039,486.819,9106.489,27.818,198.701,6997,7277,1.790,1.450,1.450,2,0,10.929,0,0,26,433,0,165,13
29-03 05:31:49,37.386,8.782,59.717,3.011,0.251,6323340,929060,103564,772496,160053.314,147599.080,207.755,20489.418,17.062,650.362,6121,8626,1.790,1.450,1.450,1,0,8.029,0,0,26,432,0,166,13
29-03 05:31:50,40.494,10.498,61.740,0.750,0,6324260,928068,103584,772548,170321.430,162422.662,177.972,564.912,22.996,75.988,3981,6154,1.810,1.460,1.450,1,0,0,0,0,26,432,0,164,13
29-03 05:31:51,40.497,6.999,60.745,1.000,0,6323968,928296,103600,772596,182190.060,170608.010,8.999,603.950,8.999,81.993,4007,6359,1.810,1.460,1.450,2,0,0,0,0,26,432,0,164,13
29-03 05:31:52,49.409,7.775,49.409,1.003,0.502,6324292,927628,103616,772924,1783237.374,575637.279,1795.788,1512.876,90.291,152.491,6021,8899,1.810,1.460,1.450,3,0,0,0,0,26,432,0,160,13
29-03 05:31:53,39.921,8.733,63.375,0.250,0.250,6326988,924912,103620,772940,92923.754,84305.749,1.996,578.858,1.996,44.911,3352,5211,1.810,1.460,1.450,4,0,0.998,0,0,26,433,0,160,13
29-03 05:31:54,40.075,10.019,52.098,0.250,0,6347676,903972,103632,773112,140040.716,120962.926,2.004,805.511,,43.081,4839,9086,1.810,1.460,1.450,1,0,64.120,0,0,26,433,0,157,13
29-03 05:31:55,32.657,7.229,57.835,0.499,0.249,6179316,1072160,103648,773304,493059.766,481555.530,0,1427.933,0,116.668,4587,8577,2.780,1.670,1.520,1,0,16.952,0,0,25,431,0,158,13
29-03 05:31:56,32.782,7.007,57.056,2.502,0.250,6175104,1075744,103704,773840,630797.289,614581.446,240.235,2674.613,37.036,312.305,5818,10443,2.780,1.670,1.520,1,0,23.022,0,0,25,431,0,155,13
29-03 05:31:57,19.973,3.246,72.901,1.748,0,6175016,1075776,103716,773884,355956.966,344604.372,0,1350.168,0,178.757,4616,7678,2.780,1.670,1.520,0,0,0,0,0,25,432,0,156,13
29-03 05:31:58,12.999,2.750,82.243,1.000,0,6174872,1075540,103724,774240,267800.969,250511.456,0,919.921,0,122.989,3663,5990,2.780,1.670,1.520,2,0,0,0,0,25,431,0,152,13
29-03 05:31:59,9.515,1.753,87.390,0.501,0.250,6170580,1079760,103724,774312,111640.406,94320.573,0,340.547,0,38.061,2551,3863,2.780,1.670,1.520,4,0,0,0,0,25,432,0,154,13
29-03 05:32:00,10.474,1.995,84.536,0.748,0.249,6170500,1079628,103732,774512,174820.704,165011.521,0,726.163,0,100.745,3192,5236,2.560,1.640,1.510,1,0,0,0,0,25,431,0,150,13
29-03 05:32:01,12.259,2.252,82.058,1.501,0.250,6170392,1079660,103736,774584,248305.062,237853.735,0,744.522,0,94.066,3253,5281,2.560,1.640,1.510,0,0,1.001,0,0,25,431,0,150,13
29-03 05:32:02,22.770,4.254,72.563,0.250,0.250,6179752,1069312,103740,775568,402618.265,393507.384,0,372.322,0,29.025,3055,4827,2.560,1.640,1.510,3,0,3.003,0,0,25,433,0,148,13
29-03 05:32:03,35.258,5.001,55.763,2.501,0.250,6183180,1066468,103784,774940,700943.423,692025.318,0,1956.462,0,284.067,5819,9875,2.560,1.640,1.510,4,0,1.000,0,0,25,429,0,150,13
29-03 05:32:04,36.490,5.249,52.735,2.499,0,6182584,1066508,103816,775428,593469.235,583611.005,0,1899.466,0,214.940,4722,8174,2.560,1.640,1.510,1,0,15.996,0,0,25,429,0,147,13
29-03 05:32:05,38.333,5.011,55.369,2.004,0,6177772,1070972,103824,775768,721421.220,710652.034,24.052,1182.546,4.009,130.280,4455,7513,2.440,1.630,1.510,2,0,4.009,0,0,25,429,0,147,13
29-03 05:32:06,38.687,5.990,54.662,0,0.250,6181176,1067376,103832,775904,336848.316,327801.944,0,790.721,0,64.895,3449,5494,2.440,1.630,1.510,13,0,25.958,0,0,25,429,0,145,13
29-03 05:32:07,34.715,11.239,51.448,0.999,0.250,6200452,1047644,103860,776276,391632.318,379148.027,94.903,799.186,20.979,71.927,5760,9270,2.440,1.630,1.510,1,0,14.985,0,0,26,429,0,145,13
29-03 05:32:08,38.362,8.023,51.902,1.254,0.251,6220572,1027100,103884,776676,598694.378,589939.754,15041.025,718.102,549.609,89.261,6655,13433,2.440,1.630,1.510,3,1,0,0,0,26,430,0,140,13
29-03 05:32:09,42.617,3.489,50.093,3.240,0,6275028,973700,103892,775860,309385.931,287305.023,4424.157,10088.433,143.551,974.949,6608,8099,2.440,1.630,1.510,1,0,6.978,0,0,26,431,0,141,13
29-03 05:32:10,33.777,4.003,60.299,0.250,0.250,6293404,955364,103904,775808,159017.645,145209.474,0,572.463,0,52.042,3313,5346,2.400,1.640,1.510,1,0,4.003,0,0,26,429,0,138,13
29-03 05:32:11,34.235,6.497,57.475,0,0,6312100,936808,103908,775664,85559.354,76098.517,0,303.866,0,23.989,3678,7348,2.400,1.640,1.510,2,0,7.996,0,0,26,430,0,138,13
29-03 05:32:12,30.010,4.501,62.270,1.000,0,6323916,924624,103908,775852,1166907.243,72998.286,0,284.091,52.017,19.006,4183,6319,2.400,1.640,1.510,1,0,34.011,0,0,26,430,0,134,13
29-03 05:32:13,37.610,2.006,58.421,0.251,0.251,6325308,923028,103908,775888,123039.398,87560.765,4.012,617.805,1.003,65.190,3799,6611,2.400,1.640,1.510,3,0,5.015,0,0,26,428,0,134,15
29-03 05:32:14,43.350,3.239,50.326,1.744,0.249,6324344,923760,103956,776040,436388.840,419819.105,3.986,1538.682,1.993,199.311,5506,9013,2.400,1.640,1.510,2,0,1.993,0,0,26,428,0,129,15
29-03 05:32:15,35.390,3.765,59.485,1.004,0.502,6327204,920840,104004,776052,243717.904,235462.253,0,927.669,0,128.508,5302,7266,2.290,1.620,1.510,2,0,0,0,0,26,428,0,130,15
29-03 05:32:16,32.172,2.494,63.346,0.249,0,6324564,923212,104004,776316,126437.137,117913.823,0,379.080,0,43.893,4791,5433,2.290,1.620,1.510,5,0,0,0,0,26,428,0,113,16
29-03 05:32:17,44.837,5.761,48.594,1.252,0,6329052,918484,104036,776484,327568.811,306570.052,28.054,937.820,7.014,107.208,6437,9836,2.290,1.620,1.510,2,0,6.012,0,0,26,429,0,119,15
29-03 05:32:18,31.939,3.493,60.634,0.998,0,6330416,917108,104060,776472,1264091.641,189458.891,1514.114,1129.847,104.800,123.764,5144,7848,2.290,1.620,1.510,1,0,0.998,0,0,26,428,0,73,15
29-03 05:32:19,32.196,2.995,59.649,2.995,0,6326048,921340,104108,776552,170070.411,162464.273,520.120,9133.555,58.900,184.688,8398,7685,2.290,1.620,1.510,10,0,9.983,0,0,26,428,0,74,15
29-03 05:32:20,53.028,3.502,39.521,0.250,0.250,6329912,917204,104148,776784,846472.938,839668.345,0,8703.595,0,267.141,5231,9061,2.430,1.660,1.520,1,0,0,0,0,26,428,0,64,15
29-03 05:32:21,39.118,4.012,53.912,1.755,0,6335516,911596,104148,776788,128002.800,116591.406,207.626,11312.095,17.051,193.583,4613,6742,2.430,1.660,1.520,4,0,21.063,0,0,26,428,0,65,15
29-03 05:32:22,38.896,4.488,53.856,0.249,0.499,6336260,910632,104152,776980,150211.035,130351.180,186.501,615.353,,36.901,4071,6555,2.430,1.660,1.520,4,0,24.933,0,0,26,430,0,65,15
29-03 05:32:23,40.508,6.251,51.260,1.000,0,6186152,1060620,104196,777000,654148.326,644416.506,1.000,1328.248,1.000,130.024,5245,8908,2.430,1.660,1.520,2,0,45.008,0,0,25,427,0,65,15
29-03 05:32:24,26.504,4.251,68.760,2.000,0.250,6186284,1060336,104244,777108,489244.365,470792.560,0,1364.207,0,179.027,4755,7920,2.430,1.660,1.520,0,0,2.000,0,0,25,427,0,64,15
29-03 05:32:25,20.499,2.750,73.746,1.250,0,6186708,1059548,104276,777436,356163.836,347564.274,0,995.949,0,134.993,3982,6738,2.470,1.690,1.530,1,0,0,0,0,25,428,0,67,15
29-03 05:32:26,17.043,4.762,76.192,2.256,0,6173524,1072400,104336,777708,271226.678,261609.471,60.151,2073.218,15.038,256.646,4437,7790,2.470,1.690,1.530,0,1,0,0,0,25,427,0,65,15
29-03 05:32:27,6.484,1.496,89.277,0.249,0.249,6173284,1072616,104348,777720,111747.631,102944.638,0,271.322,0,26.933,2294,3881,2.470,1.690,1.530,1,0,0,0,0,25,428,0,66,15
29-03 05:32:28,16.742,2.749,78.960,0.750,0.250,6173252,1072552,104372,777792,331118.447,320837.619,0,879.558,0,116.941,3595,6219,2.470,1.690,1.530,0,0,0,0,0,25,427,0,67,15
29-03 05:32:29,5.245,1.998,92.171,0,0.500,6173148,1072584,104372,777864,49904.982,36857.229,0,147.873,0,8.992,1930,3059,2.470,1.690,1.530,1,0,0,0,0,25,427,0,67,15
29-03 05:32:30,8.765,2.003,88.898,0,0,6173040,1072552,104372,778004,62408.661,46435.129,0,188.313,0,10.017,2275,3429,2.270,1.660,1.520,0,0,0,0,0,25,428,0,67,15
29-03 05:32:31,16.286,3.508,77.169,1.754,0,6172912,1072552,104420,778084,292310.622,277357.800,0,1078.367,0,144.317,3900,6666,2.270,1.660,1.520,0,0,0,0,0,25,428,0,63,15
29-03 05:32:32,13.953,2.741,82.971,0.747,0.249,6172964,1072364,104420,778220,241569.842,233355.459,0,697.654,0,91.692,3248,5486,2.270,1.660,1.520,0,0,0,0,0,25,427,0,63,15
29-03 05:32:33,13.255,4.252,80.533,0.500,0.250,6170912,1074096,104436,778528,182851.421,172352.147,0,512.208,0,57.023,2947,4831,2.270,1.660,1.520,0,0,1.000,0,0,25,428,0,59,15
29-03 05:32:34,10.241,2.997,84.178,1.749,0.250,6171340,1073592,104460,778580,110487.312,93936.496,19.983,931.202,3.997,119.897,3409,5761,2.270,1.660,1.520,2,0,1.998,0,0,25,428,0,59,15
29-03 05:32:35,15.011,2.502,77.809,1.751,0.250,6175908,1068804,104508,778748,296075.945,278510.719,0,1176.886,0,162.122,3977,6752,2.090,1.630,1.510,1,0,0,0,0,25,427,0,62,14
29-03 05:32:36,12.757,2.501,81.293,0.750,0,6175608,1068804,104528,779028,244715.699,234242.148,0,904.479,0,131.069,3695,5894,2.090,1.630,1.510,0,0,0,0,0,25,427,0,62,14
29-03 05:32:37,17.003,1.750,77.513,1.000,0.250,6175792,1068552,104552,779072,369880.770,361394.353,0,932.156,0,136.023,3478,5905,2.090,1.630,1.510,2,0,0,0,0,25,427,0,64,14
29-03 05:32:38,13.509,3.252,81.051,0.500,0.250,6169700,1074388,104584,779296,169120.391,160845.137,0,712.452,0,89.057,3162,5164,2.090,1.630,1.510,1,0,0,0,0,25,428,0,64,14
29-03 05:32:39,15.976,2.995,79.379,1.248,0.250,6169888,1074072,104608,779400,246777.651,225205.462,0,862.688,0,113.827,3494,5871,2.090,1.630,1.510,0,0,0,0,0,25,427,0,64,14
29-03 05:32:40,10.504,3.251,81.529,5.002,0,6169700,1074168,104624,779476,222930.140,215673.564,0,10571.753,0,981.348,3773,4981,2,1.620,1.510,0,0,0,0,0,25,427,0,65,14
29-03 05:32:41,14.754,3.251,78.274,2.251,0,6169724,1073948,104656,779640,218283.140,210268.711,0,992.301,0,117.035,3549,5768,2,1.620,1.510,0,0,0,0,0,25,428,0,65,13
29-03 05:32:42,13.025,2.004,83.408,0.250,0.501,6170196,1073412,104660,779700,218630.304,204224.004,0,653.238,0,67.127,3117,5039,2,1.620,1.510,1,0,0,0,0,25,427,0,65,13
29-03 05:32:43,14.511,3.002,80.561,1.001,0.250,6170356,1073160,104684,779764,172110.944,156941.491,0,796.601,0,106.080,3395,5577,2,1.620,1.510,3,1,0,0,0,25,429,0,65,13
29-03 05:32:44,31.677,3.492,62.855,2.245,0,6170660,1072672,104728,779888,410448.967,401925.571,0,1516.512,0,208.520,4691,8225,2,1.620,1.510,1,0,1.995,0,0,25,429,0,67,13
29-03 05:32:45,27.477,4.496,64.947,1.749,0,6170432,1072608,104756,780152,482807.581,473974.815,0,1602.687,0,192.842,5477,9665,1.920,1.610,1.510,2,0,0,0,0,25,427,0,70,14
29-03 05:32:46,25.763,2.751,68.285,2.001,0.250,6170172,1072672,104804,780300,405965.884,395102.268,0,1508.780,0,183.095,4526,7622,1.920,1.610,1.510,1,0,0,0,0,25,428,0,72,13
29-03 05:32:47,14.794,2.508,80.993,1.003,0,6170012,1072648,104832,780456,208429.873,197195.191,0,1179.536,0,149.448,3387,5649,1.920,1.610,1.510,2,1,0,0,0,25,428,0,72,13
29-03 05:32:48,5.489,1.497,89.825,0.749,0.250,6170468,1072144,104852,780480,83304.889,72642.637,0,890.268,0,96.812,2622,4464,1.920,1.610,1.510,0,0,0,0,0,25,427,0,72,13
29-03 05:32:49,11.482,2.496,85.119,0.998,0.250,6170224,1072080,104884,780756,220780.777,211997.312,0,1098.308,0,128.802,3051,5442,1.920,1.610,1.510,1,0,0,0,0,25,427,0,70,13
29-03 05:32:50,10.497,2.999,84.722,1.000,0.250,6170280,1071924,104904,780836,229595.693,210918.819,0,983.677,0,111.963,3052,5180,1.930,1.620,1.510,2,0,0,0,0,25,427,0,71,13
29-03 05:32:51,19.751,2.250,77.003,0,0,6171548,1070600,104908,780888,283058.756,275047.452,0,256.010,0,24.001,2964,4940,1.930,1.620,1.510,1,0,0,0,0,25,428,0,72,13
29-03 05:32:52,11.246,1.749,84.472,1.000,0,6171348,1070348,104928,781320,179139.347,168533.878,0,739.754,0,99.967,3101,5460,1.930,1.620,1.510,0,0,0,0,0,25,427,0,72,13
29-03 05:32:53,10.507,1.751,85.056,0.750,0.500,6171732,1069884,104960,781368,168977.694,161598.817,4.003,768.508,1.001,92.061,3071,5384,1.930,1.620,1.510,0,0,0,0,0,25,427,0,72,13
29-03 05:32:54,11.765,3.755,82.605,1.252,0.250,6171820,1069600,105052,781472,187071.516,177328.093,0,889.134,0,108.138,3324,5916,1.930,1.620,1.510,1,0,2.003,0,0,25,427,0,77,13
29-03 05:32:55,21.433,5.234,72.773,0.997,0,6173440,1067868,105080,781548,242253.139,222518.632,0,861.316,0,119.627,4132,18949,1.850,1.610,1.510,3,0,33.894,0,0,25,427,0,71,13
29-03 05:32:56,18.570,4.768,75.286,1.757,0.251,6173516,1067584,105100,781736,267767.643,260224.030,76.289,2116.026,19.072,242.921,4652,8735,1.850,1.610,1.510,4,0,0,0,0,25,430,0,71,13
29-03 05:32:57,29.235,5.747,61.967,1.999,0.250,6173332,1067332,105156,782116,584441.999,577017.912,11.994,1667.121,2.998,206.891,5469,10373,1.850,1.610,1.510,1,0,0,0,0,25,428,0,72,13
29-03 05:32:58,23.961,2.995,71.883,0.998,0,6173768,1066576,105176,782412,482542.972,473404.877,0,1229.994,0,172.718,4136,7556,1.850,1.610,1.510,1,0,0,0,0,25,427,0,73,13
29-03 05:32:59,17.522,2.253,80.853,0.501,0.250,6173652,1066576,105184,782520,101984.316,87110.456,0,652.828,0,58.074,2504,3961,1.850,1.610,1.510,1,0,0,0,0,25,428,0,74,13
29-03 05:33:00,8.985,1.498,86.111,1.747,0.250,6173752,1066292,105216,782672,174732.933,164735.129,0,1253.969,0,159.741,3010,5314,1.710,1.580,1.500,0,0,0,0,0,25,427,0,74,13
29-03 05:33:01,9.505,1.501,84.791,0.500,0.250,6173648,1066324,105244,782716,197784.717,188287.072,0,604.296,0,87.043,2905,4910,1.710,1.580,1.500,0,0,1.000,0,0,25,427,0,72,13
29-03 05:33:02,14.252,2.500,82.013,1.250,0,6173432,1066356,105260,782880,244656.411,224629.267,0,712.112,0,106.017,3243,5404,1.710,1.580,1.500,0,0,0,0,0,25,427,0,72,13
29-03 05:33:03,16.804,2.759,78.000,1.254,0,6173720,1066008,105284,782916,343816.588,326752.916,0,814.610,0,115.370,4053,7237,1.710,1.580,1.500,2,0,0,0,0,25,429,0,69,13
29-03 05:33:04,27.936,4.490,66.097,0.998,0.249,6173324,1066040,105336,783228,513151.646,500084.804,0,981.734,0,129.701,5016,9276,1.710,1.580,1.500,2,1,1.995,0,0,25,430,0,74,13
29-03 05:33:05,29.215,3.496,63.923,1.998,0.250,6173584,1065536,105404,783404,537920.571,528362.022,0,2117.463,0,293.648,5109,9316,1.650,1.570,1.500,1,0,0,0,0,25,429,0,75,13
29-03 05:33:06,28.748,2.500,64.997,1.750,0.250,6175236,1063552,105440,783700,521379.367,514120.752,0,1335.929,0,166.991,4144,6523,1.650,1.570,1.500,3,0,0,0,0,25,429,0,76,13
29-03 05:33:07,28.264,3.002,65.283,2.251,0.250,6175748,1062952,105488,783740,642301.859,632368.773,0,1464.750,0,188.096,4164,7260,1.650,1.570,1.500,1,0,0,0,0,25,429,0,76,13
29-03 05:33:08,43.960,5.245,49.455,0.999,0,6188388,1049628,105548,784344,872237.519,864722.373,0,1490.641,0,170.844,5418,9881,1.650,1.570,1.500,1,0,2.997,0,0,25,428,0,77,13
29-03 05:33:09,31.107,4.014,61.461,1.756,0,6189596,1048084,105588,784640,568085.783,551818.809,0,2051.058,0,294.012,5237,9618,1.650,1.570,1.500,1,1,0,0,0,25,429,0,77,13
29-03 05:33:10,30.158,2.742,64.303,0.997,0.249,6189084,1048840,105632,784348,626725.846,619988.455,0,1579.169,0,200.387,4031,7286,1.600,1.560,1.490,2,0,0,0,0,25,429,0,79,13
29-03 05:33:11,30.450,4.493,55.658,8.486,0,6184064,1053668,105656,784516,469184.254,462769.818,0,10610.524,0,875.558,5139,6531,1.600,1.560,1.490,1,1,0.998,0,0,25,429,0,79,13
29-03 05:33:12,34.814,3.506,59.359,1.002,0.501,6184052,1053596,105668,784588,658254.505,651820.654,0,809.491,0,101.186,3648,6297,1.600,1.560,1.490,3,1,0,0,0,25,429,0,79,13
29-03 05:33:13,31.317,3.507,63.886,1.253,0,6185156,1052368,105704,784676,634666.667,625327.822,0,1094.325,0,152.324,4549,7865,1.600,1.560,1.490,2,0,0,0,0,25,428,0,84,13
29-03 05:33:14,34.446,6.989,53.417,2.995,0.250,6187392,1049492,105804,785216,779003.197,771471.961,0,2204.556,0,248.612,5018,9104,1.600,1.560,1.490,1,1,13.978,0,0,25,428,0,84,12
29-03 05:33:15,36.226,2.998,56.962,1.249,0,6186512,1050052,105828,785456,739985.130,731145.981,0,1455.037,0,178.882,4516,7803,1.550,1.550,1.490,3,0,2.998,0,0,25,430,0,84,12
29-03 05:33:16,42.068,4.507,52.084,1.002,0.250,6195108,1041096,105844,785804,521225.780,507792.084,0,857.385,0,80.129,3969,6166,1.550,1.550,1.490,3,0,9.015,0,0,25,428,0,80,12
29-03 05:33:17,44.734,15.494,36.737,1.499,0,6196608,1038400,105856,787004,494882.368,487757.968,763.721,1427.479,22.992,103.962,4230,7052,1.550,1.550,1.490,2,0,51.981,0,0,25,428,0,86,12
29-03 05:33:18,29.000,13.750,56.001,0.750,0.250,6215048,1019456,105864,787356,378165.538,371427.457,540.006,972.012,57.001,69.001,7188,11378,1.550,1.550,1.490,4,0,11.000,0,0,26,428,0,78,12
29-03 05:33:19,51.598,8.266,35.317,3.757,0.250,6258032,976164,105896,787580,769842.391,759398.579,19026.092,1250.372,657.247,148.281,9738,20177,1.550,1.550,1.490,2,1,6.011,0,0,26,429,0,82,12
29-03 05:33:20,47.604,3.739,48.351,0.498,0,6303272,930656,105904,787824,484568.950,467505.421,0,793.560,0,101.687,4251,6503,1.590,1.560,1.490,3,0,0,0,0,26,428,0,83,12
29-03 05:33:21,49.871,5.513,43.857,1.754,0.251,6319272,914388,105932,788064,537305.338,524484.119,0,1054.568,0,130.317,4799,8212,1.590,1.560,1.490,2,0,7.017,0,0,26,430,0,86,12
29-03 05:33:22,36.755,3.751,58.009,0.500,0,6329900,903740,105940,788076,189237.007,166050.575,0,520.077,0,49.007,4009,7308,1.590,1.560,1.490,2,0,0,0,0,26,429,0,78,12
29-03 05:33:23,32.926,1.996,63.358,0.249,0,6329348,904072,105964,788268,114689.865,107763.394,0,403.096,0,37.915,3446,6069,1.590,1.560,1.490,1,0,3.991,0,0,26,428,0,79,12
29-03 05:33:24,32.252,3.250,62.504,0.750,0,6331292,902048,105980,788308,72395.851,60068.025,4.000,764.051,1.000,70.005,3811,6795,1.590,1.560,1.490,1,0,10.001,0,0,26,429,0,79,12
29-03 05:33:25,32.259,5.752,58.017,0.750,0.500,6335548,897736,105980,788352,1175866.122,79975.793,0,384.109,52.015,26.007,6125,7449,1.540,1.550,1.490,1,0,37.011,0,0,26,429,0,80,12
29-03 05:33:26,35.561,7.513,47.832,8.014,0,6341304,887424,106528,792284,4521128.171,176186.632,8442.453,424.727,294.504,41.070,8457,8108,1.540,1.550,1.490,5,0,51.087,0,0,26,429,0,78,12
29-03 05:33:27,43.885,3.740,50.368,1.995,0.249,6343368,885196,106544,792380,267186.376,247369.119,96.747,2110.490,24.935,215.437,5164,8741,1.540,1.550,1.490,2,0,0.997,0,0,26,430,0,79,12
29-03 05:33:28,39.037,2.002,56.053,0.751,0,6350020,878452,106564,792452,375489.209,356714.598,12.011,784.736,3.003,71.067,5712,6850,1.540,1.550,1.490,2,0,0,0,0,26,429,0,78,12
29-03 05:33:29,31.238,2.249,64.224,0.250,0,6347292,881156,106576,792464,69389.244,60412.835,0,695.722,0,68.972,5742,5861,1.540,1.550,1.490,5,0,0,0,0,26,429,0,78,12
29-03 05:33:30,40.495,7.249,49.743,1.000,0.250,6344516,883824,106580,792584,116260.537,99687.742,510.932,788.895,,32.996,5313,8161,1.580,1.560,1.490,1,0,27.996,0,0,26,430,0,80,12
29-03 05:33:31,38.778,3.753,55.540,2.001,0.250,6345584,882688,106612,792616,206205.262,189338.134,486.350,14007.071,21.015,276.199,7520,8150,1.580,1.560,1.490,1,0,9.006,0,0,26,428,0,80,12
29-03 05:33:32,35.003,3.750,55.004,3.250,0.250,6351888,876224,106632,792724,287518.851,274653.874,283.022,14468.100,23.002,309.023,5094,8461,1.580,1.560,1.490,1,0,34.003,0,0,26,429,0,80,12
29-03 05:33:33,38.043,2.253,57.565,0.501,0,6351548,876224,106632,793064,284187.279,268171.229,179.202,841.949,24.027,106.120,3981,6877,1.580,1.560,1.490,6,0,0,0,0,26,429,0,80,12
29-03 05:33:34,38.460,7.992,50.197,1.249,0,6196948,1030976,106632,792948,750797.161,742462.929,0,1514.407,0,136.856,5447,9391,1.580,1.560,1.490,1,1,43.954,0,0,25,428,0,81,12
29-03 05:33:35,16.251,2.500,79.257,0.750,0.250,6196760,1030944,106632,793168,290071.656,282985.054,0,1076.091,0,123.010,3648,6037,1.450,1.530,1.480,1,0,0,0,0,25,428,0,81,12
29-03 05:33:36,22.729,3.247,73.181,0.999,0.250,6196684,1030724,106640,793456,400579.257,383705.085,0,699.344,0,72.932,3740,5858,1.450,1.530,1.480,2,0,0,0,0,25,430,0,81,12
29-03 05:33:37,32.523,5.004,58.292,2.502,0,6188552,1038428,106652,793872,803338.207,796127.008,0,2241.616,0,288.208,5807,10237,1.450,1.530,1.480,2,0,0,0,0,25,429,0,82,12
29-03 05:33:38,39.477,5.747,51.969,1.499,0.250,6186044,1040744,106664,794148,618075.245,610187.938,0,2014.801,0,188.888,4754,8405,1.450,1.530,1.480,1,0,14.991,0,0,25,429,0,80,12
29-03 05:33:39,37.071,3.757,57.360,0.751,0,6186452,1039972,106684,794492,713872.777,698292.817,0,1282.466,0,132.254,4401,7552,1.450,1.530,1.480,4,0,3.006,0,0,25,429,0,81,12
29-03 05:33:40,39.806,6.509,52.074,0.501,0.250,6198212,1028188,106684,794504,384707.130,373916.840,4.006,1069.516,1.001,58.082,3304,4891,1.570,1.550,1.490,3,0,31.044,0,0,25,429,0,80,12
29-03 05:33:41,39.595,19.673,39.844,0.498,0.249,6211712,1014008,106700,795168,366386.893,356738.579,94.630,808.841,20.918,67.735,6664,11171,1.570,1.550,1.490,1,0,37.852,0,0,26,429,0,80,12
29-03 05:33:42,37.309,7.261,42.317,10.767,0.250,6232848,992596,106708,795432,467977.468,461305.941,14168.358,11590.289,521.823,908.434,8850,14030,1.570,1.550,1.490,2,0,0,0,0,26,430,0,81,12
29-03 05:33:43,43.974,3.998,49.720,1.749,0,6304092,921184,106748,795560,433630.954,424750.300,5285.818,1794.919,170.897,223.865,5707,9791,1.570,1.550,1.490,1,0,0,0,0,26,429,0,82,12
29-03 05:33:44,43.018,5.752,50.521,0.750,0,6308796,916428,106768,795592,414791.724,406241.184,0,1044.432,0,133.055,4989,9422,1.570,1.550,1.490,3,0,2.001,0,0,26,430,0,82,12
29-03 05:33:45,39.035,4.504,55.550,0.250,0.250,6325984,899196,106776,795624,165895.472,143340.149,0,748.675,0,62.056,4021,6455,1.530,1.550,1.490,3,0,7.006,0,0,26,432,0,82,12
29-03 05:33:46,34.693,2.496,60.151,0.499,0,6329364,895636,106780,795800,217642.108,206306.800,0,730.795,0,80.867,3948,6597,1.530,1.550,1.490,1,0,3.993,0,0,26,429,0,77,12
29-03 05:33:47,33.006,2.250,62.011,1.000,0,6330112,894848,106784,795836,75265.247,63417.161,0,3388.596,0,306.054,3589,5669,1.530,1.550,1.490,1,0,8.001,0,0,26,430,0,83,12
29-03 05:33:48,34.506,4.001,58.510,0.750,0,6336708,888040,106784,796048,1194875.960,90679.871,0,404.066,52.009,25.004,5946,7251,1.530,1.550,1.490,3,0,37.006,0,0,26,430,0,78,12
29-03 05:33:49,38.760,2.751,56.515,0.500,0.750,6337176,887520,106784,796088,1216179.207,95382.800,1086.282,160.042,62.016,9.002,5018,5501,1.530,1.550,1.490,2,0,4.001,0,0,26,430,0,78,12
29-03 05:33:50,49.363,3.241,40.139,6.731,0,6349556,874708,107308,795940,1512617.026,17933472.414,1058.067,17336.942,52.853,24.931,8434,6183,1.640,1.570,1.500,2,0,5.983,0,0,26,430,0,77,12
29-03 05:33:51,53.375,1.754,42.098,0.752,0,6345116,879212,107308,795876,56684.301,47706.347,502.172,641.497,85.199,36.084,5286,6207,1.640,1.570,1.500,2,0,1.002,0,0,26,430,0,78,12
29-03 05:33:52,52.994,2.250,41.745,1.000,0,6348748,875492,107344,795920,55284.255,48354.101,492.940,8901.914,30.996,141.983,5528,6409,1.640,1.570,1.500,2,0,6.999,0,0,26,430,0,76,12
29-03 05:33:53,52.734,2.499,41.237,1.500,0,6351536,872680,107344,795944,54252.182,45599.864,206.936,17962.432,16.995,290.910,5032,7431,1.640,1.570,1.500,2,0,18.994,0,0,26,430,0,76,12
29-03 05:33:54,43.651,3.763,48.417,2.007,0,6351320,873064,106836,796236,207929.813,229736.198,486.682,721.494,65.225,49.170,3746,5843,1.640,1.570,1.500,2,0,13.045,0,0,26,430,0,81,12
29-03 05:33:55,36.110,3.736,58.773,0.249,0.249,6347856,876516,106836,796248,53084.616,46070.752,3.985,490.104,0.996,32.873,3658,10236,2.550,1.760,1.560,5,0,33.869,0,0,26,430,0,78,12
29-03 05:33:56,33.289,1.502,63.074,0.501,0.250,6348288,875992,106840,796336,222989.350,81670.453,129.153,380.449,3.004,42.050,3125,4491,2.550,1.760,1.560,2,0,0,0,0,26,430,0,78,12
29-03 05:33:57,45.271,4.502,46.522,1.501,0,6347324,876612,106868,796648,582993.675,574921.914,127.059,2313.078,29.014,281.131,5769,10185,2.550,1.760,1.560,2,0,0,0,0,26,430,0,79,12
29-03 05:33:58,31.553,2.504,63.356,0.501,0.250,6348152,875612,106872,796816,129713.492,109530.807,14.023,580.970,5.008,51.085,3284,5419,2.550,1.760,1.560,2,0,0,0,0,26,431,0,79,12
29-03 05:33:59,40.219,5.746,51.710,0.250,0,6351144,872388,106872,797028,104501.057,83561.076,72.944,691.471,,3.997,4528,6363,2.550,1.760,1.560,1,0,29.977,0,0,26,431,0,77,12
29-03 05:34:00,38.686,1.747,59.652,0.499,0.250,6349260,874228,106880,797064,186102.303,167074.661,553.089,610.993,34.942,67.888,5134,6223,2.430,1.750,1.560,1,0,0,0,0,26,429,0,78,12
29-03 05:34:01,45.360,6.516,41.100,4.010,0,6429132,794268,106892,797136,363079.008,336974.522,1.002,6608.071,1.002,810.972,9824,7941,2.430,1.750,1.560,5,0,7.017,0,0,26,429,0,78,12
29-03 05:34:02,61.735,11.247,24.744,1.000,0,6210016,1013252,106916,797260,700229.343,692792.188,112.972,1727.572,4.999,162.960,6033,10680,2.430,1.750,1.560,3,0,30.992,0,0,25,447,0,80,12
29-03 05:34:03,38.528,4.503,53.539,1.501,0.500,6205384,1017540,106928,797572,666479.196,658911.664,96.070,1681.229,6.004,204.149,4825,8273,2.430,1.750,1.560,3,0,19.014,0,0,25,445,0,82,12
29-03 05:34:04,13.212,2.742,81.265,0.997,0,6205468,1017288,106944,797724,267787.629,260391.988,0,801.685,0,103.701,3411,5931,2.430,1.750,1.560,1,0,1.994,0,0,25,443,0,83,12
29-03 05:34:05,30.037,3.254,65.330,0.751,0.250,6205524,1017036,106948,797916,591606.676,585261.872,0,804.990,0,95.117,3949,6969,2.320,1.730,1.550,2,0,0,0,0,25,444,0,79,12
29-03 05:34:06,35.292,6.257,54.565,3.504,0,6196708,1025428,106984,798288,819604.231,810784.780,0,2078.463,0,299.355,6138,10558,2.320,1.730,1.550,4,0,7.008,0,0,25,443,0,81,12
29-03 05:34:07,35.934,4.492,56.646,1.248,0.250,6197316,1024400,107016,798712,735817.624,728360.360,0,1700.867,0,166.693,4649,7693,2.320,1.730,1.550,3,0,7.985,0,0,25,443,0,78,12
29-03 05:34:08,37.417,3.492,56.126,0.748,0,6203916,1017444,107024,799048,587346.203,578441.908,0,1277.174,0,79.823,3967,6551,2.320,1.730,1.550,2,0,8.980,0,0,25,444,0,78,12
29-03 05:34:09,42.151,14.050,41.900,0.753,0,6230720,990316,107036,799312,403705.283,396139.159,388.392,963.454,32.115,71.255,4272,9231,2.320,1.730,1.550,6,0,57.205,0,0,26,443,0,77,12
29-03 05:34:10,23.988,13.493,60.969,0,0.500,6216988,1003472,107040,799884,162940.737,156425.067,0,271.861,0,12.993,5450,8813,2.290,1.740,1.560,4,0,5.997,0,0,26,443,0,77,12
29-03 05:34:11,55.229,3.749,34.737,5.248,0,6245904,974240,107060,800172,783021.235,776548.688,19426.637,1547.414,691.738,209.920,10290,17557,2.290,1.740,1.560,6,0,0,0,0,26,441,0,77,12
29-03 05:34:12,32.293,3.254,62.833,1.001,0,6314700,905192,107072,800416,118702.281,108898.290,0,805.067,0,83.110,3398,5273,2.290,1.740,1.560,3,0,0,0,0,26,443,0,77,12
29-03 05:34:13,43.835,5.728,46.076,1.992,0,6337772,881868,107100,800640,532818.675,511677.441,0,8328.576,0,832.858,5829,8646,2.290,1.740,1.560,2,0,6.974,0,0,26,445,0,74,12
29-03 05:34:14,37.582,3.758,57.125,0.501,0.251,6352412,866060,107116,801772,225893.125,209767.923,0,589.286,0,64.140,4164,6815,2.290,1.740,1.560,1,0,9.020,0,0,26,443,0,74,12
29-03 05:34:15,33.776,5.754,62.298,0,0,6358900,859320,107124,802016,55913.886,46906.978,0,464.356,0,36.028,3702,5883,2.270,1.740,1.560,1,0,8.006,0,0,26,444,0,73,12
29-03 05:34:16,34.180,5.239,59.130,1.247,0,6361156,858060,107136,801008,87604.724,65324.066,0,578.822,2.994,69.858,4454,6948,2.270,1.740,1.560,2,0,18.961,0,0,26,444,0,73,12
29-03 05:34:17,39.313,6.260,54.587,1.252,0.250,6358804,860456,107136,800964,1269538.836,88167.274,1090.735,536.854,61.097,46.073,5586,6845,2.270,1.740,1.560,2,0,21.033,0,0,26,444,0,74,12
29-03 05:34:18,52.221,2.249,40.478,1.749,0.250,6358232,859940,108180,801008,2333271.034,127178.561,2140.831,2046.882,110.939,195.893,6672,6008,2.270,1.740,1.560,2,0,9.995,0,0,26,444,0,75,12
29-03 05:34:19,43.010,3.001,43.260,9.252,0.250,6370000,848644,107656,801056,705633.768,33799486.885,16.004,32927.409,4.001,46.010,9932,5608,2.270,1.740,1.560,4,0,0,0,0,26,444,0,73,12
29-03 05:34:20,68.476,11.746,18.494,0,0,6450996,767452,107656,801252,306711.491,295310.413,339.883,67.977,50.982,3.999,7607,11925,2.490,1.800,1.580,6,0,454.844,0,0,26,445,0,76,12
29-03 05:34:21,70.753,6.000,20.251,0.500,0.250,6470168,748248,107676,801260,127942.246,118683.866,390.016,3732.153,51.002,94.004,5458,7853,2.490,1.800,1.580,7,0,263.011,0,0,26,444,0,70,12
29-03 05:34:22,75.115,11.193,12.188,0.249,0,6935200,283532,107656,800956,309190.635,297302.514,263.650,15098.680,13.929,226.838,4744,6695,2.490,1.800,1.580,8,0,47.755,0,0,26,444,0,70,12
29-03 05:34:23,78.886,6.762,13.022,0.751,0,6630544,588604,107644,800608,88090.780,77988.374,355.613,8766.104,39.067,169.292,4619,7199,2.490,1.800,1.580,5,0,38.066,0,0,26,444,0,68,12
29-03 05:34:24,80.970,5.998,12.745,0,0,6967364,251760,107648,800628,66249.289,53583.014,47.982,447.833,9.996,45.983,3649,5542,2.490,1.800,1.580,7,0,41.984,0,0,26,444,0,73,12
29-03 05:34:25,67.443,8.775,21.812,0.251,0.251,6942796,276316,107652,800636,54806.802,45730.836,587.681,625.790,31.089,38.109,3534,5088,2.690,1.850,1.590,3,0,24.069,0,0,26,444,0,68,12
29-03 05:34:26,88.318,2.002,9.007,0.250,0.250,7010924,208168,107652,800656,59855.148,47614.711,45.035,344.265,15.012,37.029,3887,5790,2.690,1.850,1.590,3,0,44.034,0,0,26,444,0,68,12
29-03 05:34:27,69.957,9.494,19.238,0.750,0.250,7006804,212624,107652,800324,67548.863,58928.113,68.958,1235.248,18.988,150.908,4390,6866,2.690,1.850,1.590,6,0,23.985,0,0,26,444,0,66,12
29-03 05:34:28,89.749,1.003,7.772,0,0,7009740,209616,107660,800388,114320.124,104804.728,1.003,570.583,1.003,46.128,3431,5030,2.690,1.850,1.590,5,0,48.134,0,0,26,460,0,67,12
29-03 05:34:29,61.878,12.725,24.951,0.749,0.250,7014688,204864,107220,800564,360066.788,362316.338,153.696,440.129,33.933,22.955,4252,5331,2.690,1.850,1.590,4,0,31.937,0,0,26,458,0,71,12
29-03 05:34:30,87.894,1.753,9.265,0,0,7009896,209644,107224,800572,111482.054,93407.375,0,216.355,0,14.023,6612,4601,2.790,1.890,1.610,5,0,44.072,0,0,26,458,0,78,14
29-03 05:34:31,61.846,5.736,29.427,1.247,0,6371392,847908,107228,800788,2607782.269,206558.908,2316.246,363.098,121.698,38.903,5968,6765,2.790,1.890,1.610,3,0,48.879,0,0,26,458,0,86,12
29-03 05:34:32,36.521,3.752,56.032,0.750,0,6361916,857296,107228,800844,256137.742,236410.518,9.005,788.449,3.002,80.046,7469,6329,2.790,1.890,1.610,3,0,1.001,0,0,26,459,0,92,12
29-03 05:34:33,42.517,3.001,50.771,1.000,0,6364092,854872,107260,801060,441734.786,420850.286,12.005,992.404,3.001,119.048,4267,7187,2.790,1.890,1.610,2,0,0,0,0,26,458,0,96,12
29-03 05:34:34,35.286,3.754,59.310,0.250,0.250,6363556,855376,107272,801076,91002.732,64476.702,18.018,427.436,6.006,43.044,4019,5599,2.790,1.890,1.610,1,1,8.008,0,0,26,458,0,98,12
29-03 05:34:35,39.446,4.743,53.177,0.250,0,6355648,863152,107196,801256,155835.791,119962.332,38.946,335.537,,,7227,6296,2.810,1.910,1.620,2,0,21.970,0,0,26,459,0,98,12
29-03 05:34:36,41.708,2.997,54.195,0.250,0.749,6354296,864428,107200,801320,379272.659,368701.399,37.961,783.204,5.994,102.895,5357,7485,2.810,1.910,1.620,2,0,0,0,0,26,457,0,100,12
29-03 05:34:37,36.814,1.753,59.854,0.751,0,6353748,864900,107200,801396,199925.671,184707.282,0,773.341,0,99.172,5266,7023,2.810,1.910,1.620,2,0,0,0,0,26,458,0,100,12
29-03 05:34:38,43.166,8.483,45.411,0.998,0,6220988,997576,107220,801400,729441.213,721548.651,0,1493.080,0,152.701,5765,11132,2.810,1.910,1.620,2,0,42.916,0,0,25,457,0,97,12
29-03 05:34:39,21.270,3.754,72.819,1.251,0,6221024,997260,107240,801652,428469.190,417292.672,0,1397.315,0,198.186,4520,7589,2.810,1.910,1.620,0,0,0,0,0,25,457,0,98,12
29-03 05:34:40,17.991,2.998,78.459,0.250,0,6220924,997324,107244,801684,344820.693,337030.744,0,363.811,0,36.981,2714,4486,2.910,1.940,1.630,1,0,0,0,0,25,459,0,97,12
29-03 05:34:41,30.271,3.753,63.544,1.001,0.250,6210700,1007356,107260,801836,489888.963,483579.571,4.003,792.552,1.001,108.075,3555,5711,2.910,1.940,1.630,2,0,1.001,0,0,25,459,0,100,12
29-03 05:34:42,29.714,2.747,65.172,0.499,0.250,6210676,1007332,107284,801860,481996.568,472845.531,0,799.043,0,103.876,3723,6081,2.910,1.940,1.630,3,0,0,0,0,25,459,0,102,12
29-03 05:34:43,29.851,3.512,65.471,1.003,0.502,6209936,1007852,107288,802056,517025.860,509352.007,0,750.529,0,96.325,3314,5402,2.910,1.940,1.630,1,0,1.003,0,0,25,459,0,104,12
29-03 05:34:44,29.168,4.238,59.832,4.487,0,6210280,1007380,107308,802160,559765.738,551558.775,0,9293.912,0,974.265,5829,7865,2.910,1.940,1.630,1,0,1.994,0,0,25,458,0,105,12
29-03 05:34:45,28.552,5.260,64.868,1.503,0,6209816,1007552,107388,802348,544976.132,537977.429,0,1550.815,0,226.411,4983,10014,2.750,1.930,1.630,1,0,0,0,0,25,458,0,109,12
29-03 05:34:46,29.522,3.753,63.798,2.002,0,6209464,1007584,107400,802652,551842.400,535104.680,0,1725.311,0,214.163,5484,10538,2.750,1.930,1.630,4,0,0,0,0,25,459,0,107,12
29-03 05:34:47,31.172,3.741,63.091,1.247,0.249,6212652,1004308,107412,802724,614397.405,606284.800,11.970,1755.586,1.995,232.416,4526,7983,2.750,1.930,1.630,2,0,0,0,0,25,459,0,114,12
29-03 05:34:48,30.484,3.498,62.468,1.749,0,6212436,1004308,107432,802920,493210.531,483562.547,0,1443.250,0,217.887,4215,7392,2.750,1.930,1.630,3,0,0,0,0,25,459,0,110,12
29-03 05:34:49,38.334,3.007,56.624,0.752,0.251,6212608,1004024,107444,803008,815829.482,806908.937,0,1495.276,0,166.365,4386,7522,2.750,1.930,1.630,3,0,0,0,0,25,459,0,110,12
29-03 05:34:50,32.477,4.497,59.458,1.249,0.250,6229436,986920,107468,803260,540096.772,531522.808,0,1670.824,0,220.845,5252,10024,2.610,1.910,1.620,2,0,0,0,0,25,459,0,112,12
29-03 05:34:51,32.689,3.993,61.136,1.248,0.250,6206688,1009608,107504,803280,531313.912,521908.509,0,1237.684,0,187.649,4186,7379,2.610,1.910,1.620,1,0,0,0,0,25,459,0,113,12
29-03 05:34:52,29.743,2.000,65.734,1.000,0,6206588,1009576,107516,803396,474622.667,466974.525,0,1307.682,0,177.957,3763,6544,2.610,1.910,1.620,1,0,0,0,0,25,459,0,114,12
29-03 05:34:53,33.494,2.750,63.489,0.500,0,6206372,1009608,107524,803572,716503.746,709086.074,3.999,1267.773,1.000,156.972,3909,6979,2.610,1.910,1.620,1,0,0,0,0,25,459,0,114,12
29-03 05:34:54,34.261,3.001,60.769,1.000,0.250,6206788,1009072,107540,803676,883257.343,876701.284,0,1864.585,0,223.070,3932,6673,2.610,1.910,1.620,1,0,2.001,0,0,25,459,0,115,12
29-03 05:34:55,34.522,7.755,57.036,0.750,0.250,6207988,1007832,107564,803684,576930.582,569719.074,0,1036.648,0,135.084,4123,9794,2.720,1.940,1.640,2,0,35.022,0,0,25,459,0,120,12
29-03 05:34:56,32.000,2.750,63.749,1.000,0,6207688,1007876,107588,803912,603746.944,588005.180,4.000,1215.982,1.000,143.998,4119,7161,2.720,1.940,1.640,2,0,0,0,0,25,459,0,119,12
29-03 05:34:57,32.262,3.751,62.524,0.750,0.250,6208696,1006836,107608,803924,385195.219,377954.489,64.024,1728.652,16.006,212.080,4079,6962,2.720,1.940,1.640,1,0,1.000,0,0,25,459,0,122,12
29-03 05:34:58,30.993,2.749,63.986,1.250,0,6208664,1006584,107628,804188,474551.870,467278.404,0,1259.734,0,182.961,4335,7822,2.720,1.940,1.640,1,0,0,0,0,25,458,0,122,12
29-03 05:34:59,28.733,3.748,63.213,1.499,0.250,6208988,1006112,107652,804292,542954.087,529250.035,0,1471.147,0,180.895,4992,9945,2.720,1.940,1.640,2,0,0,0,0,25,458,0,126,12
29-03 05:35:00,28.248,2.750,64.996,2.000,0.250,6209296,1005576,107660,804512,435407.440,427896.898,39.998,1299.921,8.000,156.990,4680,9251,2.660,1.950,1.640,0,1,0,0,0,25,459,0,125,12
29-03 05:35:01,31.560,3.006,62.619,1.503,0.250,6209296,1005324,107680,804744,559310.486,553379.187,0,1647.138,0,227.433,4420,7983,2.660,1.950,1.640,5,0,1.002,0,0,25,459,0,126,12
29-03 05:35:02,29.708,1.997,66.406,1.498,0,6209188,1005324,107700,804832,621344.797,614962.828,0,1390.033,0,180.744,3771,6913,2.660,1.950,1.640,1,1,0,0,0,25,459,0,124,12
29-03 05:35:03,31.502,2.750,64.255,0.500,0.250,6209128,1005356,107700,804860,523087.755,516201.231,0,1164.088,0,136.010,3481,6224,2.660,1.950,1.640,3,0,0,0,0,25,459,0,124,12
29-03 05:35:04,31.244,3.999,63.737,1.000,0,6209652,1004568,107712,805108,611402.497,603179.158,0,1135.771,0,119.976,4061,7202,2.660,1.950,1.640,1,0,2.000,0,0,25,458,0,122,12
29-03 05:35:05,30.260,3.751,62.770,2.001,0.250,6209480,1004600,107740,805216,555799.300,548710.039,0,1744.557,0,261.083,5004,9979,2.530,1.930,1.630,2,0,0,0,0,25,459,0,123,12
29-03 05:35:06,29.227,2.748,65.698,0.749,0.250,6209668,1004380,107760,805228,487995.947,478022.796,0,1027.192,0,144.886,3958,6546,2.530,1.930,1.630,2,1,0,0,0,25,459,0,119,12
29-03 05:35:07,30.241,3.749,64.482,1.750,0.250,6209492,1004332,107768,805424,590514.294,582760.496,0,1103.687,0,166.953,3862,6977,2.530,1.930,1.630,2,0,0,0,0,25,459,0,121,12
29-03 05:35:08,32.736,2.749,61.973,1.000,0.250,6209484,1004268,107784,805480,576683.143,568897.530,0,875.619,0,119.948,3649,6253,2.530,1.930,1.630,5,0,0,0,0,25,459,0,120,12
29-03 05:35:09,30.075,3.509,64.911,0.501,0,6210144,1003544,107796,805528,542519.245,535392.521,0,818.034,0,92.229,3319,5640,2.530,1.930,1.630,2,0,0,0,0,25,459,0,121,12
29-03 05:35:10,29.202,3.245,65.143,1.248,0,6210140,1003324,107824,805724,579143.941,562687.880,0,1126.156,0,161.735,3857,6796,2.410,1.910,1.630,4,1,0.998,0,0,25,459,0,125,12
29-03 05:35:11,30.599,3.261,63.706,0.752,0.251,6210232,1003040,107836,805900,494123.017,486245.573,0,698.255,0,88.285,3401,5641,2.410,1.910,1.630,1,0,0,0,0,25,459,0,126,12
29-03 05:35:12,28.014,3.752,66.534,1.001,0,6210304,1002920,107836,805948,570689.622,562636.507,0,808.413,0,107.055,3492,5949,2.410,1.910,1.630,2,0,1.001,0,0,25,459,0,126,12
29-03 05:35:13,31.214,2.497,64.676,0.999,0.499,6210128,1003056,107840,805968,337488.600,331323.622,0,851.031,0,122.860,3714,6433,2.410,1.910,1.630,1,0,0,0,0,25,458,0,129,12
29-03 05:35:14,26.779,4.004,64.070,3.254,0,6210408,1002676,107856,806052,477437.316,469677.828,0,8853.686,0,839.919,5285,8949,2.410,1.910,1.630,5,2,2.002,0,0,25,459,0,130,12
29-03 05:35:15,26.195,5.239,65.364,1.497,0.249,6210612,1002204,107876,806296,510014.600,502669.928,0,2945.852,0,226.527,5380,10129,2.300,1.900,1.630,1,0,0,0,0,25,459,0,131,12
29-03 05:35:16,29.712,3.246,63.918,1.997,0,6210356,1002204,107924,806496,565612.753,558163.318,0,1797.692,0,250.678,4498,8179,2.300,1.900,1.630,4,0,0,0,0,25,459,0,133,12
29-03 05:35:17,30.986,3.998,62.472,1.499,0,6210252,1002204,107940,806580,572276.337,564501.797,0,1107.507,0,157.930,3700,6439,2.300,1.900,1.630,1,0,0,0,0,25,459,0,141,12
29-03 05:35:18,30.026,1.751,65.556,1.251,0.250,6210476,1001952,107944,806600,397990.680,392055.600,0,924.792,0,123.105,3458,5909,2.300,1.900,1.630,1,0,0,0,0,25,459,0,133,12
29-03 05:35:19,33.959,3.246,61.675,0.999,0.499,6210776,1001416,107956,806820,785755.236,775200.008,0,1118.646,0,144.825,4154,7902,2.300,1.900,1.630,1,0,0,0,0,25,458,0,134,12
29-03 05:35:20,28.861,3.012,63.745,1.506,0,6210920,1000976,107992,807080,524372.835,506873.463,0,1991.668,0,225.870,4944,9002,2.270,1.900,1.630,2,0,0,0,0,25,459,0,134,12
29-03 05:35:21,32.240,4.249,60.731,1.749,0.250,6223044,987808,107996,808104,623501.585,616180.832,0,1835.437,0,237.927,4664,8168,2.270,1.900,1.630,3,0,2.999,0,0,25,459,0,133,12
29-03 05:35:22,34.665,5.237,57.110,0.748,0,6223864,987492,108008,807580,752231.290,745495.772,0,1492.348,0,178.563,5735,10556,2.270,1.900,1.630,2,0,0,0,0,25,459,0,134,12
29-03 05:35:23,42.463,3.497,53.704,0.749,0,6224432,986768,108008,807732,833970.118,827422.762,3.997,1350.836,0.999,160.861,4625,7892,2.270,1.900,1.630,2,0,0,0,0,25,459,0,135,12
29-03 05:35:24,23.282,4.757,68.845,1.502,0.250,6219380,991524,108012,808020,347795.218,338104.894,0,1630.242,0,219.302,4714,8315,2.270,1.900,1.630,1,0,3.004,0,0,25,457,0,141,12
29-03 05:35:25,20.041,3.507,75.654,0.501,0,6219816,991052,108016,808048,426539.714,416657.565,0,721.471,0,59.121,3212,5146,2.250,1.900,1.630,3,0,0,0,0,25,459,0,136,12
29-03 05:35:26,32.507,4.001,60.014,3.001,0.750,6220120,990076,108036,808680,692340.161,682920.023,0,2564.582,0,365.083,6425,11216,2.250,1.900,1.630,4,0,0,0,0,25,457,0,137,12
29-03 05:35:27,43.923,5.490,49.414,1.497,0,6221776,987840,108040,809244,794663.108,773969.198,47.916,2495.648,11.979,243.575,5623,9330,2.250,1.900,1.630,3,0,6.988,0,0,25,458,0,137,12
29-03 05:35:28,40.699,3.995,50.687,1.248,0,6222732,986740,108044,809384,957040.742,945810.791,23.970,2057.426,5.993,265.668,5570,9971,2.250,1.900,1.630,1,0,3.995,0,0,25,458,0,137,12
29-03 05:35:29,16.993,2.999,79.217,0.500,0,6221984,987312,108044,809556,291455.172,282014.118,0,503.789,0,32.986,2929,4719,2.250,1.900,1.630,0,0,7.997,0,0,25,459,0,136,12
29-03 05:35:30,11.489,3.497,85.166,0.250,0.250,6217236,991864,108044,809748,112846.733,103733.719,0,275.728,0,19.980,2290,3568,2.150,1.890,1.630,6,0,6.993,0,0,25,459,0,136,12
29-03 05:35:31,11.253,4.751,80.271,1.500,0.500,6221024,988032,108048,809772,1270909.062,138630.876,0,352.094,52.014,28.007,3869,5407,2.150,1.890,1.630,4,0,30.008,0,0,25,460,0,120,12
29-03 05:35:32,26.783,2.002,70.336,0.751,0.250,6221700,987268,108048,809860,1220808.269,96670.324,1087.331,204.250,62.076,9.011,2998,3666,2.150,1.890,1.630,3,0,4.005,0,0,25,459,0,120,12
29-03 05:35:33,28.495,3.999,59.740,7.999,0,6222124,986212,108572,809968,1604252.277,18051315.276,1044.822,17657.998,48.992,47.992,6971,4280,2.150,1.890,1.630,1,0,5.999,0,0,25,459,0,104,12
29-03 05:35:34,32.760,0.750,65.270,0,0,6221676,986520,108572,810108,122227.546,108829.540,0,276.083,0,23.007,2375,3566,2.150,1.890,1.630,2,0,2.001,0,0,25,459,0,104,12
29-03 05:35:35,32.780,1.251,65.810,0.250,0,6221768,986424,108572,810112,125040.537,112450.105,0,696.633,0,104.095,2430,3165,2.220,1.910,1.640,2,0,0,0,0,25,459,0,99,12
29-03 05:35:36,34.964,1.998,62.436,0,0.250,6221908,986268,108572,810128,143514.902,132918.689,0,663.325,0,90.907,3205,4724,2.220,1.910,1.640,1,0,0,0,0,25,459,0,99,12
29-03 05:35:37,30.768,5.003,62.287,1.501,0,6225452,982752,108048,810572,294019.766,320605.478,91.054,914.540,26.015,65.038,3558,5415,2.220,1.910,1.640,1,0,14.008,0,0,25,459,0,97,12
29-03 05:35:38,38.303,12.017,48.567,1.001,0.501,6229500,978088,108048,811316,362048.800,351694.449,444.616,957.327,13.018,67.093,4018,6962,2.220,1.910,1.640,3,1,45.062,0,0,25,460,0,97,12
29-03 05:35:39,39.371,3.987,54.572,0,0.249,6231028,975624,108052,811728,143870.407,122549.000,315.969,366.803,12.958,22.925,2926,4440,2.220,1.910,1.640,2,0,9.967,0,0,25,459,0,96,12
29-03 05:35:40,27.379,6.782,64.553,0,0,6237992,968344,108056,812020,286122.632,144756.778,129.609,192.906,3.014,9.042,3579,5113,2.120,1.890,1.630,2,0,3.014,0,0,26,459,0,97,12
29-03 05:35:41,27.394,7.969,62.009,0.249,0,6244856,961208,108068,812276,424432.203,415958.083,0.996,733.155,0.996,88.656,4923,9038,2.120,1.890,1.630,0,0,0,0,0,26,459,0,94,12
29-03 05:35:42,13.984,1.498,81.659,0.250,0.250,6240088,965904,108072,812344,255159.773,245131.904,0,243.729,0,17.980,2325,3706,2.120,1.890,1.630,1,0,0,0,0,26,460,0,94,12
29-03 05:35:43,38.040,9.760,50.554,1.251,0,6230696,975108,108088,812464,684297.408,581055.662,0,1269.349,,97.103,5844,10847,2.120,1.890,1.630,2,0,60.064,0,0,25,459,0,91,12
29-03 05:35:44,25.580,2.759,67.462,1.756,0.502,6230504,975096,108088,812712,468958.343,453410.429,0,1215.825,0,138.436,4186,7059,2.120,1.890,1.630,2,0,8.025,0,0,25,460,0,92,12
29-03 05:35:45,20.242,2.749,69.972,4.748,0.250,6230696,974812,108104,812788,394501.172,379012.290,0,11359.513,0,994.607,5817,7110,2.110,1.890,1.640,1,0,0,0,0,25,458,0,85,12
29-03 05:35:46,10.489,2.497,85.411,0.499,0.250,6230796,974528,108108,812948,181400.344,155466.315,0,579.397,0,68.928,3190,5107,2.110,1.890,1.640,2,0,0,0,0,25,459,0,85,12
29-03 05:35:47,14.975,2.995,80.613,0.998,0,6218492,986760,108108,813016,146096.490,132571.496,0,738.743,0,99.830,3288,5562,2.110,1.890,1.640,2,0,0,0,0,25,459,0,82,12
29-03 05:35:48,20.026,3.755,72.345,3.254,0,6218456,986476,108112,813328,372203.192,353291.285,0,1481.952,0,207.273,4463,8071,2.110,1.890,1.640,0,0,0,0,0,25,458,0,85,12
29-03 05:35:49,17.014,1.501,80.314,0.500,0,6218392,986540,108116,813324,336955.554,326998.618,0,328.262,0,28.022,2679,4338,2.110,1.890,1.640,1,0,0,0,0,25,459,0,82,12
29-03 05:35:50,28.945,4.492,63.131,2.495,0.749,6218324,986264,108140,813636,698865.939,689897.853,0,1992.243,0,250.528,5199,9551,2.180,1.910,1.640,4,0,0,0,0,25,458,0,83,12
29-03 05:35:51,42.137,5.016,49.410,1.756,0,6218308,986012,108148,813888,875731.874,851223.369,8.026,1906.184,2.007,225.732,5547,9267,2.180,1.910,1.640,2,0,7.023,0,0,25,460,0,80,12
29-03 05:35:52,43.478,3.998,50.224,1.249,0.250,6217784,986384,108168,814020,884184.834,872381.830,0,1963.003,0,229.883,5511,9337,2.180,1.910,1.640,1,0,3.998,0,0,25,458,0,80,12
29-03 05:35:53,20.935,2.243,75.016,0.249,0,6217736,986256,108172,814192,300560.356,292719.763,0,394.771,0,32.898,2917,4619,2.180,1.910,1.640,3,0,0.997,0,0,25,459,0,78,12
29-03 05:35:54,10.010,2.753,84.331,0.250,0,6222304,981656,108172,814220,49777.085,42179.746,0,420.406,0,29.028,2672,4254,2.180,1.910,1.640,0,0,9.009,0,0,25,459,0,83,12
29-03 05:35:55,12.788,7.021,76.224,1.254,0.501,6241668,962184,108172,814380,1262138.113,156005.721,0,393.154,52.153,28.082,4429,6297,2.090,1.900,1.640,5,0,69.203,0,0,25,459,0,73,12
29-03 05:35:56,33.142,5.233,59.058,0.997,0.249,6227172,975596,109216,814416,2501202.100,239889.797,2175.941,1128.340,124.596,45.851,5948,7276,2.090,1.900,1.640,1,0,13.955,0,0,25,459,0,74,12
29-03 05:35:57,32.794,1.752,62.834,2.253,0.250,6222112,981180,108692,814416,289378.768,9036599.043,4.005,8851.861,1.001,55.074,4696,3946,2.090,1.900,1.640,0,1,0,0,0,25,459,0,70,12
29-03 05:35:58,39.324,9.267,44.584,6.262,0,6344516,858636,108696,814536,640470.601,25064376.577,88.165,25924.557,22.041,207.388,9611,7691,2.090,1.900,1.640,3,0,324.608,0,0,25,459,0,70,12
29-03 05:35:59,62.162,5.992,29.958,0,0,6357352,845780,108696,814556,98532.070,79995.207,0,231.673,0,16.976,3061,4635,2.090,1.900,1.640,2,0,243.656,0,0,25,460,0,63,12
29-03 05:36:00,42.557,14.269,43.308,0.501,0,7071120,131860,108696,814704,63025.454,55673.603,0,612.821,0,69.093,2845,3968,2.080,1.900,1.640,4,0,84.113,0,0,25,459,0,63,12
29-03 05:36:01,90.482,1.500,6.999,0,0,7071788,131176,108696,814720,121597.924,112998.626,0,263.948,0,26.995,3179,4468,2.080,1.900,1.640,4,0,44.991,0,0,25,459,0,62,12
29-03 05:36:02,52.215,10.493,36.725,0,0.500,7068600,134356,108696,814728,112271.666,105761.034,0,191.871,0.999,14.990,2654,3668,2.080,1.900,1.640,4,0,23.984,0,0,25,459,0,62,12
29-03 05:36:03,90.337,0.500,8.258,0,0.250,7069128,133820,108696,814732,57045.048,40782.355,0,244.236,0,22.021,2851,3926,2.080,1.900,1.640,5,0,48.046,0,0,25,460,0,62,12
29-03 05:36:04,43.721,12.741,41.972,0.749,0,7071560,131812,108256,814748,253376.238,255888.555,153.897,548.632,33.977,37.975,3023,4032,2.080,1.900,1.640,4,0,25.983,0,0,25,459,0,60,12
29-03 05:36:05,92.025,1.500,5.752,0,0.250,7071596,131772,108256,814752,119187.419,112370.565,0,380.103,0,35.010,2757,3649,2.310,1.950,1.660,5,1,44.012,0,0,25,459,0,60,12
29-03 05:36:06,35.685,6.488,55.149,1.747,0,6228436,974772,108256,814888,2618567.928,235822.266,2317.747,543.004,121.777,49.908,5313,6857,2.310,1.950,1.660,1,0,40.925,0,0,25,459,0,58,12
29-03 05:36:07,34.538,8.009,54.810,0.501,0,6227716,975384,108256,814996,280820.498,270873.607,0,1021.118,0,72.079,3143,7085,2.310,1.950,1.660,5,0,36.039,0,0,25,461,0,58,12
29-03 05:36:08,29.001,17.750,51.001,0.250,0.250,6250244,952312,108260,815480,285835.860,270984.504,9.000,628.015,3.000,53.001,6466,10809,2.310,1.950,1.660,4,0,25.001,0,0,26,459,0,56,12
29-03 05:36:09,15.219,1.746,80.335,0.499,0,6243788,958488,108264,815756,341414.758,334266.420,0,678.608,0.998,83.828,3348,5262,2.310,1.950,1.660,1,0,0,0,0,26,459,0,56,12
29-03 05:36:10,27.340,3.977,67.604,0.497,0.497,6228596,973648,108272,815780,578706.254,571531.256,0,691.949,0,73.569,3594,6274,2.210,1.930,1.660,7,1,7.953,0,0,25,460,0,55,12
29-03 05:36:11,38.222,10.561,45.263,3.269,0,6226460,975628,108208,815992,2710875.161,499337.647,0,3077.904,,322.878,7274,10255,2.210,1.930,1.660,1,0,59.345,0,0,25,458,0,56,12
29-03 05:36:12,23.000,3.000,72.751,0.750,0.250,6226516,974624,108208,816940,424686.946,405469.677,0,684.010,0,81.001,3622,5788,2.210,1.930,1.660,1,0,0,0,0,25,460,0,51,12
29-03 05:36:13,16.517,1.752,77.830,1.001,0,6226476,974436,108236,817136,348541.695,337339.134,0,997.029,0,130.134,3740,6438,2.210,1.930,1.660,0,0,0,0,0,25,458,0,52,12
29-03 05:36:14,14.746,3.999,79.476,1.250,0.500,6218540,982172,108248,817324,243533.670,218018.249,0,783.767,0,104.969,3521,5840,2.210,1.930,1.660,0,0,1.999,0,0,25,459,0,47,12
29-03 05:36:15,15.987,2.498,79.433,0.250,0,6218548,981888,108252,817588,357825.427,347763.878,0,627.473,0,71.940,3258,5555,2.110,1.920,1.650,1,1,0,0,0,25,459,0,59,12
29-03 05:36:16,26.069,8.773,60.912,4.011,0.251,6230880,952836,108264,833916,33251298.459,33242971.275,276.737,26679.073,3.008,1042.778,6420,8281,2.110,1.920,1.650,1,0,3.008,0,0,25,458,0,68,12
29-03 05:36:17,26.492,6.248,66.730,0.250,0,6218848,964836,108268,833924,100160.451,91874.978,0,563.828,0,38.988,2764,4177,2.110,1.920,1.650,1,0,8.997,0,0,25,458,0,77,12
29-03 05:36:18,12.975,2.495,80.596,0.499,0,6217288,966088,108276,834220,115525.001,94366.477,0,530.984,0,49.905,3216,5039,2.110,1.920,1.650,1,0,6.987,0,0,25,459,0,67,12
29-03 05:36:19,9.780,2.257,87.267,0.251,0.251,6217728,965640,108280,834224,69774.650,55625.325,0,272.835,0,17.052,2442,3778,2.110,1.920,1.650,0,0,4.012,0,0,25,458,0,67,12
29-03 05:36:20,5.979,2.242,89.184,0.249,0.249,6217104,966144,108280,834340,45932.079,37092.433,0,294.954,0,20.926,2324,3815,1.940,1.890,1.640,1,0,7.972,0,0,25,459,0,66,12
29-03 05:36:21,8.506,4.753,83.308,0.751,0.250,6223172,959924,108280,834484,1176227.006,79618.574,0,572.400,52.036,31.022,3786,5365,1.940,1.890,1.640,1,0,37.026,0,0,25,459,0,66,12
29-03 05:36:22,12.493,3.498,82.451,0.750,0,6235460,947608,108280,834512,102695.410,78139.897,15.991,687.594,0.999,44.973,2783,4551,1.940,1.890,1.640,2,0,4.997,0,0,25,459,0,65,12
29-03 05:36:23,28.014,8.754,61.031,1.001,0,6251992,930804,108284,834764,203804.921,195255.604,0,812.410,0,78.039,4016,7284,1.940,1.890,1.640,2,0,8.004,0,0,25,459,0,65,12
29-03 05:36:24,27.488,7.497,63.473,0.500,0.500,6240164,942584,108284,834780,1201595.516,97895.003,1055.547,395.830,50.978,24.989,3523,4095,1.940,1.890,1.640,1,0,14.994,0,0,25,459,0,63,12
29-03 05:36:25,23.256,9.502,59.015,7.252,0,6231340,951356,108284,834804,3981785.410,17829868.127,3355.846,1066340.718,165.042,302.076,11802,8481,2.110,1.920,1.650,1,0,48.012,0,0,25,459,0,63,12
29-03 05:36:26,20.754,6.501,70.015,0.500,0.250,6220844,961788,108288,834832,116131.388,91336.181,0,532.112,,,3747,5850,2.110,1.920,1.650,0,0,25.005,0,0,25,459,0,63,12
29-03 05:36:27,19.771,3.003,74.329,1.251,0.250,6234188,964472,108308,819136,308960.807,293194.079,4.004,1966.086,1.001,215.228,3876,6818,2.110,1.920,1.650,1,0,3.003,0,0,25,458,0,65,12
29-03 05:36:28,12.512,3.754,79.076,2.502,0,6233980,964396,108320,819400,92043.177,82182.731,76.073,1077.032,19.018,182.175,4103,6663,2.110,1.920,1.650,1,0,0,0,0,25,459,0,65,12
29-03 05:36:29,30.871,2.988,64.480,0.996,0,6232648,965680,108328,819440,561251.845,554401.493,0,864.385,0,98.588,3720,6258,2.110,1.920,1.650,1,0,0,0,0,25,458,0,66,12
29-03 05:36:30,42.594,6.514,47.355,2.255,0.501,6227104,971020,108340,819628,1183222.387,1174126.212,0,2421.371,0,345.767,6389,11081,2.100,1.920,1.660,2,0,1.002,0,0,25,458,0,68,12
29-03 05:36:31,38.348,2.757,55.642,1.253,0,6226880,970736,108360,820108,785916.730,777005.032,0,1800.586,0,252.643,5219,8680,2.100,1.920,1.660,3,0,0,0,0,25,460,0,68,12
29-03 05:36:32,25.163,2.491,71.503,0.249,0.249,6226880,970672,108368,820160,478928.864,465134.565,0,605.905,0,53.814,3122,4834,2.100,1.920,1.660,0,0,0,0,0,25,458,0,68,12
29-03 05:36:33,9.495,1.249,87.457,0.250,0.250,6226832,970704,108380,820164,128829.358,117366.021,0,619.694,0,47.976,2395,3656,2.100,1.920,1.660,1,0,0,0,0,25,459,0,68,12
29-03 05:36:34,20.524,3.754,73.838,0.751,0,6228120,969224,108384,820352,368237.730,347118.683,0,853.012,0,76.090,3784,5964,2.100,1.920,1.660,0,0,9.011,0,0,25,460,0,68,12
29-03 05:36:35,20.294,3.508,75.415,0.501,0.501,6227752,969588,108392,820348,371623.741,357523.905,0,889.946,0,119.261,3723,6088,2.010,1.910,1.650,1,0,4.009,0,0,25,458,0,68,12
29-03 05:36:36,13.215,3.491,80.289,0.249,0,6219576,977508,108396,820592,124504.301,114702.022,0,614.388,0,58.846,3074,4654,2.010,1.910,1.650,1,0,7.979,0,0,25,459,0,68,12
29-03 05:36:37,8.746,2.749,85.965,0.500,0.250,6223304,973780,108420,820568,149594.265,121991.471,0,283.885,3.998,21.991,2643,4203,2.010,1.910,1.650,0,1,14.994,0,0,25,459,0,68,12
29-03 05:36:38,9.761,3.754,83.094,1.502,0.250,6227048,970064,108400,820644,2499208.107,153889.587,2281.574,404.456,109.123,32.036,4351,5251,2.010,1.910,1.650,6,0,39.044,0,0,25,460,0,68,12
29-03 05:36:39,30.264,4.752,64.030,0.500,0,6229372,967464,108400,820924,122453.696,107178.624,0,632.293,0,37.017,3085,4375,2.010,1.910,1.650,1,0,17.008,0,0,25,459,0,68,12
29-03 05:36:40,41.988,16.995,38.739,0.250,0.250,6244676,951584,108408,821460,462331.924,446858.411,8.997,1315.618,2.999,111.968,6459,10239,2.410,1.990,1.680,4,1,47.986,0,0,26,459,0,68,12
29-03 05:36:41,34.557,9.766,52.586,0.501,0.250,6258348,937660,108416,821700,12273770.710,675173.610,11288.502,885.451,361.593,108.177,12571,13032,2.410,1.990,1.680,2,0,0,0,0,26,459,0,68,12
29-03 05:36:42,40.011,3.751,53.265,0.750,0,6313708,882296,108416,821704,11158216.984,615950.234,10240.847,1536.427,325.090,217.060,10253,7920,2.410,1.990,1.680,2,0,0,0,0,26,460,0,67,12
29-03 05:36:43,50.980,16.244,30.988,0.500,0.250,6237048,958628,108428,822044,3168392.148,780965.957,63.975,1875.256,,185.926,8694,12688,2.410,1.990,1.680,3,0,92.963,0,0,25,459,0,70,12
29-03 05:36:44,41.387,8.726,46.124,2.244,0,6232008,963300,108436,822460,754123.718,746722.966,199.454,1316.398,14.959,154.577,5216,9111,2.410,1.990,1.680,2,0,24.932,0,0,25,459,0,71,12
29-03 05:36:45,20.307,3.761,75.963,0.251,0.251,6232108,963048,108440,822604,321852.832,298503.407,0,693.944,0,88.247,3725,5680,2.220,1.960,1.670,4,0,0,0,0,25,459,0,71,12
29-03 05:36:46,20.247,3.749,72.488,1.500,0,6232556,962324,108448,822864,475595.624,458030.593,0,1063.820,0,132.978,4805,8207,2.220,1.960,1.670,2,0,0,0,0,25,458,0,74,12
29-03 05:36:47,10.499,2.750,80.994,4.250,0.250,6223192,971604,108448,822948,95446.223,74438.715,0,11611.176,0,1010.928,4921,4988,2.220,1.960,1.670,2,0,0,0,0,25,459,0,80,12
29-03 05:36:48,13.235,2.497,82.155,1.498,0.250,6222864,971744,108456,823128,197744.001,176204.836,0,1066.770,0,139.839,3832,6232,2.220,1.960,1.670,1,0,0,0,0,25,458,0,80,12
29-03 05:36:49,25.732,5.496,66.204,0.999,0.250,6225820,957984,108456,833812,33318347.838,33301481.661,0,927.350,0,110.922,4398,7908,2.220,1.960,1.670,1,0,0,0,0,25,458,0,90,13
29-03 05:36:50,24.493,7.498,67.730,0,0,6225940,951984,108456,839432,136181.235,126819.969,0,16423.204,0,70.979,2923,4586,2.200,1.960,1.670,1,0,7.998,0,0,25,458,0,94,12
29-03 05:36:51,19.229,4.745,74.170,0.999,0.250,6220900,957104,108456,839488,89842.970,74763.256,0,583.370,0,50.945,3057,4577,2.200,1.960,1.670,2,0,10.988,0,0,25,458,0,93,12
29-03 05:36:52,13.774,2.254,81.640,0.501,0.250,6220856,957136,108456,839496,101231.207,78614.509,0,580.994,0,44.075,3173,4772,2.200,1.960,1.670,2,0,2.003,0,0,25,458,0,93,12
29-03 05:36:53,5.746,1.499,90.438,0.500,0,6220756,957200,108456,839532,50010.493,42873.417,0,391.730,0,27.981,2474,4097,2.200,1.960,1.670,0,0,1.999,0,0,25,458,0,93,12
29-03 05:36:54,8.245,3.248,86.702,0.250,0.250,6221392,956404,108460,839684,62576.083,52621.637,0,387.784,0,30.983,2855,4563,2.200,1.960,1.670,0,0,9.994,0,0,25,459,0,98,12
29-03 05:36:55,10.282,5.266,82.256,1.755,0.251,6226248,951504,108468,839696,1185720.147,88555.674,0,497.549,52.162,44.137,3766,5276,2.020,1.930,1.660,0,0,37.116,0,0,25,459,0,93,12
29-03 05:36:56,25.690,9.228,62.853,0.249,0.249,6229552,948132,108476,839736,114196.552,82622.498,15.963,427.000,0.998,40.904,3594,12275,2.020,1.930,1.660,1,0,42.900,0,0,25,459,0,97,12
29-03 05:36:57,26.057,4.963,68.492,0,0,6254856,922824,108476,839740,63148.877,44161.630,11.912,353.380,2.978,21.838,2517,3774,2.020,1.930,1.660,6,0,8.934,0,0,25,459,0,96,12
29-03 05:36:58,23.445,10.840,55.209,8.571,0,6231032,946252,108496,840084,5207315.831,18018516.969,4500.421,1076801.605,236.970,519.318,13260,11567,2.020,1.930,1.660,3,0,45.377,0,0,25,459,0,96,12
29-03 05:36:59,25.459,7.238,67.890,0.250,0.250,6226516,950768,108496,840028,140905.578,70505.205,0,379.388,,,3310,4951,2.020,1.930,1.660,1,0,28.953,0,0,25,459,0,97,12
29-03 05:37:00,12.507,1.751,83.295,0.250,0.250,6230564,962848,108496,824240,101012.041,87251.680,0,804.430,0,106.057,2968,4806,1.940,1.910,1.660,3,0,0,0,0,25,458,0,97,12
29-03 05:37:01,29.013,2.751,66.529,1.251,0,6230684,962652,108500,824320,609900.186,603228.230,0,880.390,0,110.049,3587,6184,1.940,1.910,1.660,2,0,1.000,0,0,25,458,0,97,12
29-03 05:37:02,34.832,5.262,56.884,2.005,0.251,6226660,966392,108504,824592,772638.929,762469.040,0,1720.040,0,259.610,5642,9852,1.940,1.910,1.660,3,0,7.016,0,0,25,461,0,98,12
29-03 05:37:03,43.012,4.751,51.014,1.000,0.250,6220408,972492,108520,824724,699713.220,675411.440,0,1844.515,0,162.045,5033,7757,1.940,1.910,1.660,2,0,0,0,0,25,460,0,98,12
29-03 05:37:04,33.889,4.236,59.555,0.748,0,6221332,971316,108524,824972,911264.608,903971.493,0,1235.952,0,148.514,4482,7847,1.940,1.910,1.660,1,0,5.980,0,0,25,458,0,98,12
29-03 05:37:05,8.746,2.749,86.465,0.500,0.250,6219600,972908,108524,825108,119172.497,110911.859,0,295.880,0,21.991,2453,4011,1.780,1.880,1.650,0,1,7.997,0,0,25,459,0,98,12
29-03 05:37:06,14.026,6.011,76.895,1.753,0.250,6226592,965776,108528,825244,2631478.969,180156.776,0,320.605,113.214,36.068,5107,7172,1.780,1.880,1.650,1,0,56.106,0,0,25,459,0,98,12
29-03 05:37:07,13.234,2.247,81.901,0.749,0.250,6230704,961436,108532,825400,186207.944,178087.801,7.990,447.457,1.998,35.956,2884,4723,1.780,1.880,1.650,1,0,5.993,0,0,25,459,0,98,12
29-03 05:37:08,31.842,6.519,60.425,0.251,0,6238808,953284,108532,825432,199494.137,183278.224,0,694.008,0,32.093,2791,4515,1.780,1.880,1.650,3,0,28.081,0,0,25,460,0,98,12
29-03 05:37:09,30.188,18.462,48.151,0,0,6242320,949124,108532,826100,295144.412,279402.871,8.981,690.576,2.994,63.868,6938,11894,1.780,1.880,1.650,1,0,32.932,0,0,26,459,0,98,12
29-03 05:37:10,38.210,6.244,52.196,0.499,0.250,6263276,928044,108540,826212,21071749.596,914955.191,19597.677,787.184,625.352,103.892,16700,13394,1.720,1.860,1.650,2,0,0,0,0,26,459,0,98,12
29-03 05:37:11,45.408,5.770,47.415,1.505,0,6326120,863800,108680,827464,2509622.448,577701.089,3221.197,887.084,85.296,119.415,5354,6868,1.720,1.860,1.650,4,0,0,0,0,26,461,0,99,12
29-03 05:37:12,53.841,3.739,40.131,1.246,0.499,6339100,850424,108704,827836,629806.551,620393.358,135.599,1228.371,1.994,166.508,5737,11689,1.720,1.860,1.650,2,0,19.941,0,0,26,466,0,104,11
29-03 05:37:13,48.643,7.484,42.656,1.247,0,6363240,826980,108708,827276,517676.113,509058.072,0,3332.668,0,346.238,5917,10781,1.720,1.860,1.650,3,0,0,0,0,26,465,0,102,11
29-03 05:37:14,51.880,3.509,42.607,0.251,0,6367484,821704,108708,828284,660296.325,652847.606,8.020,858.157,2.005,71.179,4611,10514,1.720,1.860,1.650,2,0,2.005,0,0,26,464,0,116,11
29-03 05:37:15,53.385,4.261,39.099,3.258,0.501,6367188,821720,108728,828536,717127.899,710000.882,0,1704.308,0,245.621,6676,10967,1.900,1.900,1.660,4,0,0,0,0,26,463,0,115,11
29-03 05:37:16,68.951,4.497,23.233,1.749,0,6371016,817484,108740,828924,1131892.697,1122268.578,0,2266.380,0,315.774,6369,11775,1.900,1.900,1.660,4,0,0,0,0,26,463,0,118,11
29-03 05:37:17,58.207,3.248,36.723,1.249,0,6370312,817956,108748,829144,791381.378,785026.081,7.994,1570.838,1.999,157.883,6919,8554,1.900,1.900,1.660,3,0,0,0,0,26,463,0,92,11
29-03 05:37:18,39.800,2.003,53.817,3.004,0,6374080,814160,108748,829156,358644.741,310439.291,40.050,11830.836,10.013,1031.293,5121,5627,1.900,1.900,1.660,1,0,0,0,0,26,463,0,93,11
29-03 05:37:19,37.743,5.499,53.739,1.000,0.250,6384448,804548,108748,828608,1478683.699,357147.642,1082.787,703.861,29.994,64.987,6304,7420,1.900,1.900,1.660,3,0,10.998,0,0,26,465,0,93,11
29-03 05:37:20,37.244,3.499,57.740,0.750,0,6384400,803544,109792,828616,1501440.749,190642.828,1255.781,496.914,131.977,48.991,6915,7004,1.910,1.900,1.660,6,0,6.999,0,0,26,465,0,93,11
29-03 05:37:21,38.129,8.473,47.599,1.744,0.249,6385264,802224,109796,828968,2872696.914,11506902.653,96.694,11661.093,116.631,276.126,11081,9882,1.910,1.900,1.660,1,0,47.849,0,0,26,463,0,93,11
29-03 05:37:22,46.671,4.767,47.675,0.251,0,6390568,796664,109800,829184,435304.131,5148006.034,147.541,5414.867,23.085,145.534,4889,6807,1.910,1.900,1.660,3,0,11.041,0,0,26,463,0,93,11
29-03 05:37:23,62.129,9.232,26.199,1.996,0,6413856,772140,109804,830340,447059.810,391124.436,1089.883,1273.527,44.913,90.824,4869,7946,1.910,1.900,1.660,4,0,32.936,0,0,27,463,0,91,11
29-03 05:37:24,47.322,12.018,40.061,0.501,0.501,6409852,775452,109804,830964,239934.260,157031.746,72.109,604.916,8.012,42.064,5836,10686,1.910,1.900,1.660,4,0,2.003,0,0,27,463,0,96,11
29-03 05:37:25,72.546,6.004,20.763,0.500,0,6423728,761264,109816,831168,19380345.421,1224067.403,17639.289,1036.663,577.370,124.079,19259,17277,1.920,1.900,1.660,5,0,0,0,0,27,464,0,91,11
29-03 05:37:26,70.484,12.997,12.997,0.500,0,6396976,787648,109824,831488,6388881.724,940978.398,3.999,1487.662,,149.966,10718,13795,1.920,1.900,1.660,4,0,75.983,0,0,26,463,0,92,11
29-03 05:37:27,53.753,3.484,41.310,0.249,0,6396052,788528,109824,831592,579089.243,562077.379,0.995,1043.209,0.995,133.387,5233,8853,1.920,1.900,1.660,2,0,0,0,0,26,467,0,92,11
29-03 05:37:28,51.480,5.776,39.426,2.762,0.251,6396972,787304,109828,831888,671974.052,721291.451,64.287,2449.949,16.072,345.544,7144,12441,1.920,1.900,1.660,1,0,6.027,0,0,26,465,0,97,11
29-03 05:37:29,36.493,2.000,59.489,0.750,0.250,6396312,787840,109828,832008,251557.952,244489.303,0,551.895,0,62.988,4640,6514,1.920,1.900,1.660,2,1,0,0,0,26,465,0,105,11
29-03 05:37:30,30.454,1.997,63.404,0.499,0,6391720,792188,109832,832244,154367.442,145997.106,0,535.190,0,65.900,4969,5723,1.850,1.890,1.660,3,0,0,0,0,26,466,0,112,11
29-03 05:37:31,54.716,17.739,23.985,0.750,0.500,6244468,940064,108788,832692,3370281.463,976722.618,0,2274.572,,,9618,15159,1.850,1.890,1.660,6,0,104.934,0,0,25,464,0,116,11
29-03 05:37:32,36.237,3.999,56.479,1.250,0,6243568,940328,108920,833064,574147.010,556907.286,387.859,935.659,13.995,105.961,4402,7304,1.850,1.890,1.660,0,0,8.997,0,0,25,466,0,115,11
29-03 05:37:33,31.236,5.498,58.974,1.999,0,6255120,927620,108928,834172,542641.354,523178.093,0,1579.291,0,215.903,5196,8642,1.850,1.890,1.660,1,0,3.998,0,0,25,464,0,115,11
29-03 05:37:34,14.779,4.258,79.405,0.250,0,6256544,926336,108928,834016,247533.175,238325.164,0,296.580,0,23.045,3116,5655,1.850,1.890,1.660,1,0,2.004,0,0,25,469,0,119,11
29-03 05:37:35,30.555,3.757,62.614,1.252,0.501,6241212,941276,108932,834340,726180.744,719791.141,8.015,1755.187,2.004,198.360,4749,8135,1.780,1.870,1.660,2,0,0,0,0,25,468,0,124,11
29-03 05:37:36,31.633,4.982,60.278,1.245,0,6233768,948552,108932,834508,443995.321,437073.820,0,832.931,0,117.567,4021,6443,1.780,1.870,1.660,3,0,1.993,0,0,25,468,0,128,11
29-03 05:37:37,30.260,2.251,65.271,1.250,0.250,6233900,948364,108944,834552,477874.920,470745.639,0,1128.361,0,137.044,3739,6089,1.780,1.870,1.660,2,0,0,0,0,25,468,0,129,11
29-03 05:37:38,30.498,3.750,62.996,1.500,0.250,6234504,947624,108964,834644,586076.319,577616.877,35.998,1463.903,5.000,195.987,4441,7324,1.780,1.870,1.660,2,0,1.000,0,0,25,468,0,133,11
29-03 05:37:39,32.057,3.757,61.609,2.004,0,6235276,946400,108968,834912,575319.590,560162.808,0,2640.666,0,201.356,5266,8961,1.780,1.870,1.660,0,1,0,0,0,25,468,0,136,11
29-03 05:37:40,28.706,3.994,64.900,1.498,0.250,6235100,946464,108976,835016,312726.213,302347.269,0,1353.906,0,163.747,4611,7904,1.710,1.860,1.650,2,0,0,0,0,25,466,0,139,11
29-03 05:37:41,27.262,3.501,65.027,3.251,0,6025564,1153412,108976,837604,46679.699,38109.082,2320.979,652.275,23.010,47.020,2733,3850,1.710,1.860,1.650,2,0,1.000,0,0,25,466,0,139,11
29-03 05:37:42,8.988,3.995,84.390,1.748,0.250,6007064,1171784,109000,837772,18389.076,286137.735,235.693,631.179,16.978,32.957,2423,3554,1.710,1.860,1.650,0,0,12.983,0,0,25,466,0,139,11
29-03 05:37:43,4.256,1.753,92.391,0.501,0,6007016,1171824,109000,837780,23012.047,6269.549,0,616.940,0,52.079,2287,3754,1.710,1.860,1.650,1,0,0,0,0,25,466,0,139,11
29-03 05:37:44,4.249,1.500,92.472,0.250,0.750,6007160,1171672,109008,837780,18104.424,6041.139,0,291.910,0,25.992,2185,3470,1.710,1.860,1.650,1,0,1.999,0,0,25,466,0,135,11
29-03 05:37:45,5.258,1.502,92.898,0.250,0,6007032,1171792,109012,837784,18703.795,10765.149,0,356.568,0,38.061,2142,3308,1.580,1.830,1.640,0,0,0,0,0,25,466,0,135,11
29-03 05:37:46,6.733,2.743,88.278,1.995,0,6006940,1171792,109024,837860,50098.801,38187.805,0,7305.597,0,462.834,3890,5927,1.580,1.830,1.640,1,0,0,0,0,25,466,0,134,11
29-03 05:37:47,7.504,2.001,90.050,0.500,0,6006800,1171792,109028,837996,27531.390,18763.489,8.004,496.277,2.001,48.027,2410,3833,1.580,1.830,1.640,0,0,0,0,0,25,466,0,140,11
29-03 05:37:48,4.245,0.749,91.898,0.250,0.250,6006732,1171856,109028,838000,20386.371,9804.117,0,419.534,0,38.957,2356,3740,1.580,1.830,1.640,2,0,0,0,0,25,466,0,131,11
29-03 05:37:49,4.252,2.001,86.285,7.003,0.250,6006788,1171792,109028,838008,18453.566,9204.774,0,13333.467,0,1300.533,3492,3728,1.580,1.830,1.640,0,0,0,0,0,25,466,0,131,11
29-03 05:37:50,5.506,1.502,90.847,1.251,0.501,6006980,1171572,109028,838036,17511.632,8846.413,0,620.660,0,69.073,2271,3716,1.450,1.800,1.630,0,0,0,0,0,25,466,0,110,11
29-03 05:37:51,5.244,0.999,92.638,0.250,0,6006956,1171572,109028,838056,18688.499,9988.973,0,287.654,0,26.968,2031,3305,1.450,1.800,1.630,0,0,0,0,0,25,466,0,110,11
29-03 05:37:52,4.251,1.750,91.762,0.500,0,6006952,1171572,109028,838056,15605.122,7661.042,0,328.045,0,30.004,2076,3413,1.450,1.800,1.630,0,0,0,0,0,25,466,0,108,11
29-03 05:37:53,5.256,1.752,89.847,1.752,0,6007060,1171320,109032,838192,17854.193,8650.299,0,7403.959,0,455.490,3315,5382,1.450,1.800,1.630,0,0,0,0,0,25,466,0,108,11
29-03 05:37:54,5.995,0.999,90.919,0.250,0.250,6007332,1171028,109032,838208,25779.082,17060.833,0,487.567,0,35.968,2061,3465,1.450,1.800,1.630,1,0,1.998,0,0,25,466,0,108,11
29-03 05:37:55,4.754,1.251,93.072,0.250,0.500,6007324,1171036,109032,838208,18906.690,9705.541,0,308.240,0,23.018,1909,3069,1.410,1.780,1.630,0,0,0,0,0,25,466,0,108,11
29-03 05:37:56,9.741,5.994,82.422,1.249,0.250,6005800,1172368,109052,838376,27529.847,11590.989,0,7193.166,0,452.570,4169,8798,1.410,1.780,1.630,0,0,33.968,0,0,25,466,0,105,11
29-03 05:37:57,4.000,1.000,93.245,0.500,0,6005568,1172580,109056,838392,18587.071,8387.581,0,307.985,0,28.999,2100,3382,1.410,1.780,1.630,0,0,0,0,0,25,466,0,105,11
29-03 05:37:58,4.500,2.250,90.506,1.500,0,6005432,1172612,109064,838488,16327.127,8581.592,8.001,6576.454,2.000,413.028,3077,5131,1.410,1.780,1.630,0,1,0,0,0,25,466,0,105,11
29-03 05:37:59,9.002,1.500,86.518,1.500,0,6005396,1172524,109076,838600,47859.050,31531.622,92.019,1176.247,23.005,171.036,2980,4919,1.410,1.780,1.630,1,0,0,0,0,25,466,0,105,11
29-03 05:38:00,2.499,1.749,93.723,0.250,0,6005332,1172588,109076,838600,11003.842,1619.535,0,551.842,0,37.989,1978,3201,1.300,1.750,1.620,0,0,0,0,0,25,466,0,104,11
29-03 05:38:01,4.501,0.500,93.023,0,0.250,6005356,1172556,109076,838608,21835.393,11725.896,0,600.148,0,45.011,2075,3353,1.300,1.750,1.620,1,0,1.000,0,0,25,466,0,104,11
29-03 05:38:02,4.249,1.499,92.968,0.250,0.500,6005352,1172556,109076,838612,22316.345,5578.087,0,491.831,0,32.989,2031,3221,1.300,1.750,1.620,0,0,0,0,0,25,466,0,103,11
29-03 05:38:03,4.501,1.250,92.513,0.500,0,6005384,1172524,109076,838612,19596.822,6148.885,0,2568.370,0,148.021,2193,3825,1.300,1.750,1.620,0,0,0,0,0,25,466,0,103,11
29-03 05:38:04,3.500,1.250,93.237,0.250,0.250,6005600,1172304,109076,838616,24563.561,12550.243,0,243.966,0,21.997,2013,3417,1.300,1.750,1.620,0,0,2.000,0,0,25,466,0,103,11
29-03 05:38:05,3.506,1.002,93.664,0.250,0,6005632,1172272,109076,838616,20314.571,7359.887,0,989.733,0,34.060,1957,3045,1.200,1.720,1.610,0,0,0,0,0,25,466,0,103,11
29-03 05:38:06,4.243,1.248,92.096,0.250,0,6009844,1168052,109080,838620,18666.808,10718.090,0,271.546,0,33.943,2402,3633,1.200,1.720,1.610,1,0,0,0,0,25,466,0,103,11
29-03 05:38:07,9.253,2.751,90.779,0,0.250,6009896,1167988,109080,838632,25191.086,15068.837,0,316.101,0,35.011,2253,3607,1.200,1.720,1.610,1,0,0,0,0,25,466,0,103,11
29-03 05:38:08,9.254,2.751,90.784,0.750,0,6009828,1168052,109084,838632,29067.016,21238.049,0,480.182,0,49.019,2486,3771,1.200,1.720,1.610,0,0,0,0,0,25,466,0,103,11
29-03 05:38:09,10.018,3.006,89.915,0,0.501,6035320,1142536,109084,838656,19681.095,1959.594,0,140.257,0,8.015,2081,2992,1.200,1.720,1.610,2,0,0,0,0,25,466,0,103,11
29-03 05:38:10,3.491,0.997,92.504,0,0,6004540,1173320,109084,838652,10952.833,5126.349,0,462.768,0,30.918,2063,3415,1.180,1.710,1.610,0,0,0,0,0,25,466,0,103,11
29-03 05:38:11,4.753,1.001,90.799,0.250,0.250,6004824,1173036,109092,838644,19180.434,10392.654,0,468.255,0,39.021,2196,3486,1.180,1.710,1.610,1,0,0,0,0,25,466,0,103,11
29-03 05:38:12,4.746,1.249,94.175,0,0.250,6004776,1173068,109092,838656,11580.828,2082.351,0,0,0,0,1771,2869,1.180,1.710,1.610,1,0,0,0,0,25,466,0,103,11
29-03 05:38:13,2.759,1.254,93.799,0.251,0,6004840,1173004,109092,838656,12060.425,4542.472,0,296.946,0,27.086,1896,3142,1.180,1.710,1.610,0,0,0,0,0,25,466,0,97,11
29-03 05:38:14,4.242,1.497,92.830,0.499,0,6004836,1173004,109092,838660,12478.177,6182.692,0,283.482,0,26.951,1916,3236,1.180,1.710,1.610,1,0,1.996,0,0,25,464,0,97,13
29-03 05:38:15,4.252,1.001,92.300,1.251,0.500,6005036,1172540,109104,838912,123773.704,10528.759,268.147,432.236,9.005,30.016,1857,3075,1.090,1.680,1.600,2,0,2.001,0,0,25,464,0,83,13
29-03 05:38:16,11.990,3.997,82.431,1.249,0,6005924,1171528,109108,839032,131383.689,15493.110,199.834,563.531,10.991,49.958,2605,3804,1.090,1.680,1.600,0,0,13.988,0,0,25,464,0,83,13
29-03 05:38:17,13.726,3.244,79.109,2.496,0.499,6011244,1165444,109264,839640,257465.681,26876.053,678.789,263.530,21.961,13.975,2484,3579,1.090,1.680,1.600,1,0,15.972,0,0,25,464,0,84,13
29-03 05:38:18,11.790,3.763,82.276,1.756,0,6014008,1161300,109276,841008,129646.352,9221.967,1055.545,445.496,20.067,25.084,2182,3366,1.090,1.680,1.600,0,1,14.047,0,0,25,464,0,84,13
29-03 05:38:19,13.749,3.750,70.746,10.249,0,6014732,1135580,109276,865984,7370.602,763.959,15627.156,219.988,301.984,8.000,2299,3179,1.090,1.680,1.600,1,0,6.000,0,0,25,464,0,77,13
29-03 05:38:20,16.471,3.993,68.129,11.230,0,6014256,1119988,109280,882048,7847.048,986.246,4028.837,2339.840,101.819,399.290,2764,3558,1.160,1.690,1.600,1,0,7.986,0,0,25,464,0,77,13
29-03 05:38:21,20.242,3.499,70.223,4.748,0.250,6015172,1096120,109284,904996,25231.185,9303.381,6921.308,615.760,408.841,41.984,2678,3430,1.160,1.690,1.600,1,0,3.998,0,0,25,464,0,77,13
